arm,step,rank,seed,unit,ok,delta,t,zbar0,npos0,s_plus,s_minus,pair_mean,db_plus,db_minus,dwmu_plus,dwmu_minus,dyhat_plus,dyhat_minus,npos_A,npos_P,npos_M,dW_other_plus,dv_plus,v_u
LR_a0p1_q0,200000,0,0,42,True,0.05,1,0.07235603160342294,20,0.99576111636509,0.9957611163650811,2.220446049250313e-16,0.049978747639858476,-0.049978747639858476,-0.00019069182160402092,0.00019069182160444455,0.004656927465140482,0.004657969374799134,20,20,18,0.001046094948445497,0.0003249426009405715,0.20616672933101654
LR_a0p1_q0,200000,0,1,63,True,0.05,1,0.016429006160958548,16,0.9998927602029403,0.9998927602029447,-1.1449174941446927e-16,0.04999949043233458,-0.04999949043233458,-4.852422187432497e-06,4.85242218731665e-06,0.011115140173434351,0.010649927665676006,16,18,15,0.00014390215822237374,7.3833438862349e-05,-0.3192389905452728
LR_a0p1_q0,200000,0,2,39,True,0.05,1,0.0017021243259977836,16,0.9965277201033634,1.014004498168889,-0.0004369194516381375,0.04998432027506802,-0.05006323991315076,-0.00015793426989958075,-0.000636984995293552,0.005058620338427035,0.004460303033399247,17,18,14,0.0008691049606155557,0.00047628421288357627,-0.1770859956741333
LR_a0p1_q0,200000,0,3,97,True,0.05,1,-0.01702520317301746,16,0.9980689090550982,0.995375732479683,6.73294143853781e-05,0.049989402540692035,-0.049974622900591514,-8.59570879370377e-05,0.00020583627660742017,0.0033383709949297347,0.0036992831941562014,16,17,10,0.0006036820057554754,0.00021824318063911428,0.14558474719524384
LR_a0p1_q0,200000,0,4,63,True,0.05,1,-0.010941516596184336,15,0.9997094128556216,0.999709412855625,-8.326672684688674e-17,0.049998513183282856,-0.0499985131832828,-1.3042540501671128e-05,1.3042540501545046e-05,0.018647657249968662,0.016485636324665667,15,19,13,0.0003271401621336811,6.550905615082402e-05,-0.5453103184700012
LR_a0p1_q0,200000,0,5,21,True,0.05,1,-0.0018984421767352655,15,0.9999885755062055,0.9999885755062043,2.7755575615628914e-17,0.04999994272136782,-0.04999994272136782,-5.139460574734593e-07,5.139460576058772e-07,0.0036816685960410194,0.0031806138173179482,15,20,12,5.643937420981496e-05,2.2568667295927863e-05,0.1070314273238182
LR_a0p1_q0,200000,0,6,17,True,0.05,1,0.00757580431847843,17,0.9992178593681017,0.9999805947107132,-1.9068383565287728e-05,0.049996266630590286,-0.049999907373290076,-3.537366218511337e-05,8.776377546033619e-07,0.003904269910933853,0.004375462394345394,17,20,13,0.00034613188140711316,8.213062387878788e-05,0.13610783219337463
LR_a0p1_q0,200000,0,7,50,True,0.05,1,0.016041921494569955,17,0.9991981598981798,0.9991981598981754,1.1102230246251565e-16,0.0499963918510262,-0.0499963918510262,-3.648385611726516e-05,3.648385611725428e-05,0.02947113348602688,0.02767876319213634,17,18,15,0.00034793293591089936,0.00015448257770438563,0.8494879603385925
LR_a0p1_q0,200000,0,8,81,True,0.05,1,-0.05688950097787829,15,0.9947560097455335,0.9824311520194429,0.00030812144315226636,0.04997615829533997,-0.04992012355774078,-0.0002383578080634341,0.0007985659567686912,0.0063502585338291945,0.005367515227876049,15,16,11,0.0013037398007461549,0.00047114166778159647,-0.21836531162261963
LR_a0p1_q0,200000,0,9,25,True,0.05,1,-0.01524261618506656,14,0.9814594414670443,0.9814594414670532,-2.220446049250313e-16,0.0499119014639466,-0.0499119014639466,-0.0008389293905940544,0.0008389293905942823,0.009179840903494482,0.009150968620186993,14,18,13,0.0018171137397904999,0.0005423711297794926,-0.4197583496570587
LR_a0p1_q0,200000,0,0,42,True,0.05,2,0.07235603160342294,20,0.9960242316703751,0.9960242701965994,-9.63155610822497e-10,0.04997999787582992,-0.04997999805889375,-0.00017878629231102527,0.0001787845490638363,0.005937590476530608,0.005694120133589769,20,20,18,0.0009207201728850713,0.00023765016713669885,0.20616672933101654
LR_a0p1_q0,200000,0,1,63,True,0.05,2,0.016429006160958548,16,0.9999045855931867,0.9999045854914934,2.5423343985586655e-12,0.049999546622635796,-0.04999954662215256,-4.317342976343031e-06,4.317347578068541e-06,0.011176826421369801,0.010708683206966944,16,18,15,0.0001280338244311726,6.569171698831582e-05,-0.3192389905452728
LR_a0p1_q0,200000,0,2,39,True,0.05,2,0.0017021243259977836,16,0.996771224578214,1.0141489977517708,-0.0004344443293389233,0.04998547732692912,-0.05006392652686251,-0.00014691609801825852,-0.0006435233607260376,0.0049072345007744956,0.00492133284032346,17,18,14,0.0006857161708696078,0.0002565319255087018,-0.1770859956741333
LR_a0p1_q0,200000,0,3,97,True,0.05,2,-0.01702520317301746,16,0.9974910786804297,0.9914906067384022,0.00015001179855068936,0.04998651926075512,-0.04995523675269534,-0.0001119653267336926,0.0003807064157751524,0.0037765761422603205,0.0031158529119866196,16,17,10,0.0007579479302538308,0.0002786626363720178,0.14558474719524384
LR_a0p1_q0,200000,0,4,63,True,0.05,2,-0.010941516596184336,15,0.9720452626251042,0.9720454741632056,-5.2884525370000546e-09,0.04985696693175479,-0.049856968014109604,-0.0012547038004997305,0.0012546943059491607,0.011864002658780362,0.010809323341482628,15,19,13,0.00192365948856583,0.0006368840123819375,-0.5453103184700012
LR_a0p1_q0,200000,0,5,21,True,0.05,2,-0.0018984421767352655,15,0.9988583428417525,0.9988583822133829,-9.842907600088324e-10,0.04999457223358228,-0.04999457242066313,-5.1655091494612836e-05,5.165330999396846e-05,0.0020665267925432827,0.0022656666570544156,15,20,12,0.0004964521945446002,0.00027370683182698574,0.1070314273238182
LR_a0p1_q0,200000,0,6,17,True,0.05,2,0.00757580431847843,17,0.999230832850731,0.9999672677693061,-1.8410872964377822e-05,0.04999632855654221,-0.04999984376018354,-3.478691400568544e-05,1.480371718217518e-06,0.00400872890261227,0.004255509907338841,17,20,13,0.0003360520389545706,8.060536161484082e-05,0.13610783219337463
LR_a0p1_q0,200000,0,7,50,True,0.05,2,0.016041921494569955,17,0.9989095192834407,0.9989095300933222,-2.702470365545384e-10,0.04999505132949006,-0.04999505137969399,-4.957536531829815e-05,4.9574875027650235e-05,0.028743690558299517,0.026983276563753596,17,18,15,0.0004515706179430303,0.00021852241142635383,0.8494879603385925
LR_a0p1_q0,200000,0,8,81,True,0.05,2,-0.05688950097787829,15,0.9947148163519312,0.9943452847892761,9.238289066376693e-06,0.049975941438850965,-0.04998284373630324,-0.00024020062125446235,0.000265579496839369,0.006393114070657502,0.0051469972382238985,15,16,11,0.0013097958734706694,0.00047330744062122783,-0.21836531162261963
LR_a0p1_q0,200000,0,9,25,True,0.05,2,-0.01524261618506656,14,0.9703680591969327,0.9703431418232544,6.229343419567046e-07,0.04985629294274771,-0.04985616801527987,-0.0013378899829011941,0.0013390109241169055,0.009914445202514777,0.01117823709053852,14,18,13,0.0025852349306191283,0.0007401226430968291,-0.4197583496570587
LR_a0p1_q0,200000,0,0,42,True,0.05,5,0.07235603160342294,20,0.9929534389053363,0.9929482323915012,1.3016284587663574e-07,0.04996376648475576,-0.0499637388554189,-0.00031609453948877435,0.00031632723584391404,0.005192217728937391,0.005282911533980679,20,20,18,0.0012291993020005615,0.0003661330799309515,0.20616672933101654
LR_a0p1_q0,200000,0,1,63,True,0.05,5,0.016429006160958548,16,0.9819289108076026,0.981978654757133,-1.2435987382583558e-06,0.04990968759183646,-0.04991021235322529,-0.0008132420514561366,0.0008112796153688203,0.00839607034894258,0.008665881822771096,16,18,15,0.0020214034822387925,0.0007010621161290598,-0.3192389905452728
LR_a0p1_q0,200000,0,2,39,True,0.05,5,0.0017021243259977836,16,0.9935478298271627,1.0105149781057599,-0.0004241787069649283,0.049969424145731356,-0.05004590344538423,-0.0002920326543732767,-0.0004798454599039739,0.005107589150721003,0.005587456823228502,17,18,14,0.001109886536004499,0.0004835099296081397,-0.1770859956741333
LR_a0p1_q0,200000,0,3,97,True,0.05,5,-0.01702520317301746,16,1.0020476041170934,0.9915639164959145,0.00026209219052947264,0.05000665117605663,-0.04995560623147052,9.572902979794827e-05,0.00037741040667458285,0.0044627432766357845,0.00396014152760468,16,17,10,0.0005203216306580767,0.0001878621209090109,0.14558474719524384
LR_a0p1_q0,200000,0,4,63,True,0.05,5,-0.010941516596184336,15,0.9398066691268614,0.959611572252751,-0.000495122578147239,0.049700040338244156,-0.049797453197400754,-0.0027097068819010557,0.0018168745847633632,0.01036587886709344,0.008972387888349788,14,19,13,0.0037137816442352665,0.001086430126677597,-0.5453103184700012
LR_a0p1_q0,200000,0,5,21,True,0.05,5,-0.0018984421767352655,15,0.9950578811120669,0.9959584628425766,-2.2514543262741604e-05,0.04997655247165894,-0.04998083190019045,-0.00022365841605557476,0.00018290875806145472,0.0028945869409458384,0.0019482683303735007,15,20,12,0.0006475604753285788,0.00035556856939160863,0.1070314273238182
LR_a0p1_q0,200000,0,6,17,True,0.05,5,0.00757580431847843,17,0.997563142753819,0.9969382680331629,1.5621868016402196e-05,0.04998802624854304,-0.04998500346152679,-0.00010986911085209595,0.00013809005986871654,0.002924684576284824,0.0028989490425735064,17,19,13,0.0007200418701441411,0.00024699490630006397,0.13610783219337463
LR_a0p1_q0,200000,0,7,50,True,0.05,5,0.016041921494569955,17,0.9989302426739318,0.99893024848903,-1.4537745313125683e-10,0.049995086665810526,-0.04999508669430866,-4.8574532113852166e-05,4.8574269857142884e-05,0.028793427288805448,0.02702703724823303,17,18,15,0.0004377126179232101,0.00021443773104190504,0.8494879603385925
LR_a0p1_q0,200000,0,8,81,True,0.05,5,-0.05688950097787829,15,0.9945956150087711,0.9914240112018047,7.929009517416291e-05,0.04997539964785459,-0.04996828201827469,-0.00024561889741597434,0.0003970814581845195,0.00505458854174443,0.004340161123591029,15,16,11,0.0012039741077310541,0.0003593366347535303,-0.21836531162261963
LR_a0p1_q0,200000,0,9,25,True,0.05,5,-0.01524261618506656,14,0.9737689883108249,0.9737461914129286,5.699224474055298e-07,0.04987299629740756,-0.04987288150468744,-0.0011845468818668858,0.0011855719340408827,0.010076395248586558,0.009449340378513641,14,18,13,0.0017998352033363756,0.0005642641171312175,-0.4197583496570587
LR_a0p1_q0,200000,0,0,42,True,0.05,10,0.07235603160342294,20,0.989938339033736,0.9898628404084814,1.8874656313588867e-06,0.049948429612675885,-0.04994805159427565,-0.00045151266098919344,0.00045490957385163817,0.00425593287106809,0.003921533917323069,20,20,18,0.001408870739556113,0.0005600991060297445,0.20616672933101654
LR_a0p1_q0,200000,0,1,63,True,0.05,10,0.016429006160958548,16,0.9736799161367493,0.9732601222721767,1.0494846614316627e-05,0.04986999502143502,-0.04986847329328585,-0.0011859992145975776,0.0012054671796770553,0.00700819992924147,0.0073434654952422174,16,18,15,0.002485591931838009,0.0008918816396000431,-0.3192389905452728
LR_a0p1_q0,200000,0,2,39,True,0.05,10,0.0017021243259977836,16,0.99152532822598,1.0007382730248864,-0.00023032361997266104,0.04995928399183305,-0.04999688628066076,-0.0003830175805340547,-4.002737058356285e-05,0.005829927311423629,0.004024863541391778,17,18,14,0.0012607681138194667,0.0005888000205305162,-0.1770859956741333
LR_a0p1_q0,200000,0,3,97,True,0.05,10,-0.01702520317301746,16,0.9988983552638159,0.9910943494858487,0.00019510014444917845,0.04999063904691245,-0.04995432902222385,-4.572128372173146e-05,0.0003996115479311075,0.00352540995483676,0.0024300932183713964,16,17,10,0.0010715435437536438,0.0004152819080553584,0.14558474719524384
LR_a0p1_q0,200000,0,4,63,True,0.05,10,-0.010941516596184336,15,0.9599364438202962,0.7077471771957178,0.00630473166561446,0.0498272457707698,-0.04858535956565879,-0.0018304235797550591,0.013198000705872775,0.01186632020015867,0.012503423007421206,14,19,13,0.004176446147315262,0.001282837853678551,-0.5453103184700012
LR_a0p1_q0,200000,0,5,21,True,0.05,10,-0.0018984421767352655,15,0.9945021732990424,0.9953905195867402,-2.2208657192442083e-05,0.04997404750369934,-0.049978232046082316,-0.00024893883874730716,0.0002087060667452176,0.0019483809283887248,0.0018249716097547609,15,20,12,0.0005977044966723797,0.000295207356850813,0.1070314273238182
LR_a0p1_q0,200000,0,6,17,True,0.05,10,0.00757580431847843,17,0.9950369373115553,0.9930762101990226,4.901817781331752e-05,0.04997592752448876,-0.04996709650413955,-0.0002240806589110044,0.000313285994188466,0.0026125756392306465,0.002646791121758889,16,19,13,0.0009474017390063694,0.0003321594974001987,0.13610783219337463
LR_a0p1_q0,200000,0,7,50,True,0.05,10,0.016041921494569955,17,0.8846085640754758,0.8841631152498788,1.1136220639924865e-05,0.04943901574657064,-0.049436804899967726,-0.005208587542796919,0.005228649137473801,0.01895449840331327,0.019538337534670016,17,18,15,0.005017479964955248,0.00213833171014468,0.8494879603385925
LR_a0p1_q0,200000,0,8,81,True,0.05,10,-0.05688950097787829,15,0.9914048157339491,0.9885822901237207,7.056314025571248e-05,0.04996028508189389,-0.04995482410419133,-0.0003900442951964378,0.0005257095980052438,0.004384944029684303,0.004006455185816028,15,16,11,0.001391236901073039,0.00046403961212850264,-0.21836531162261963
LR_a0p1_q0,200000,0,9,25,True,0.05,10,-0.01524261618506656,14,0.9525170206471469,0.9515066391260452,2.5259538027545825e-05,0.04976910290192944,-0.04976455100770594,-0.00214325186957226,0.0021892190514035976,0.007873536587640872,0.008154415549760059,14,18,13,0.0029458938765373416,0.0007963044469805906,-0.4197583496570587
LR_a0p1_q0,200000,0,0,42,True,0.05,20,0.07235603160342294,20,0.9819797238968092,0.9817628352381231,5.4222164671546835e-06,0.04990875690947791,-0.04990765045160648,-0.0008097707146375021,0.0008195086897002535,0.004467242618444607,0.004505607503590218,20,20,18,0.0019769277800209756,0.0009087105067161544,0.20616672933101654
LR_a0p1_q0,200000,0,1,63,True,0.05,20,0.016429006160958548,16,0.9595450933493441,0.9590702112642396,1.1872052127614302e-05,0.049802763596513304,-0.04980112691368768,-0.0018255089290460118,0.0018476163504758587,0.005523817844365147,0.006193098657176188,16,18,15,0.0026770671624262296,0.0010654583317662395,-0.3192389905452728
LR_a0p1_q0,200000,0,2,39,True,0.05,20,0.0017021243259977836,16,0.9984166519424159,0.9925468055090969,0.0001467461608329751,0.04999677093714036,-0.04995574809967401,-7.593834001961094e-05,0.00032840782421914944,0.0033495911528519176,0.0033662764848152765,17,18,14,0.0012816611490552472,0.0006090555239495654,-0.1770859956741333
LR_a0p1_q0,200000,0,3,97,True,0.05,20,-0.01702520317301746,16,0.9972738791533498,0.9876711181156389,0.00024006902594277124,0.049982886412971494,-0.04993798404096858,-0.0001191924553038733,0.0005544281351867534,0.0021708041648606877,0.001671921296461741,16,17,10,0.0010484685143809249,0.0004277916600771298,0.14558474719524384
LR_a0p1_q0,200000,0,4,63,True,0.05,20,-0.010941516596184336,15,0.9126530704173119,0.7111060785857337,0.005038674795789455,0.04960073846694846,-0.04860370934815822,-0.003968084946082931,0.013048405418871445,0.009692856094509318,0.0130658788410869,14,19,13,0.004734504096248511,0.0015663768460076025,-0.5453103184700012
LR_a0p1_q0,200000,0,5,21,True,0.05,20,-0.0018984421767352655,15,0.9896236566458833,0.9940340220764377,-0.00011025913576385993,0.04995106138449418,-0.049971934850951194,-0.00046987855220002634,0.0002702337471291789,0.0028393742563329566,0.0017190597221401938,15,20,12,0.0006277811605172592,0.000339578882327517,0.1070314273238182
LR_a0p1_q0,200000,0,6,17,True,0.05,20,0.00757580431847843,17,0.9946251187879546,0.9925766831806426,5.121089018279845e-05,0.04997343168003479,-0.04996505649078625,-0.00024217574063715308,0.000336222331753962,0.002449719422837065,0.002487273504288604,16,19,13,0.0011341037650212848,0.00046712005231444164,0.13610783219337463
LR_a0p1_q0,200000,0,7,50,True,0.05,20,0.016041921494569955,17,0.8793357457563503,0.8252047389099291,0.0013532751711605312,0.04941325007104421,-0.049153612311735366,-0.005446462783226624,0.007893375366238993,0.018079240689825523,0.016382481434132127,17,18,15,0.0047372010971969735,0.002255374967617253,0.8494879603385925
LR_a0p1_q0,200000,0,8,81,True,0.05,20,-0.05688950097787829,15,0.9885092677324658,0.9861057211504937,6.008866454930428e-05,0.04994584556616241,-0.049942447637887605,-0.0005203821795390386,0.0006371615803631154,0.0043738341004626565,0.0035304912834945405,15,16,11,0.001596461749891627,0.0005414947201578347,-0.21836531162261963
LR_a0p1_q0,200000,0,9,25,True,0.05,20,-0.01524261618506656,14,0.9416688325240405,0.9480094315493333,-0.00015851497563231648,0.04971498164790788,-0.049744070633611116,-0.0026315400217056346,0.00234359905614454,0.007457959304757593,0.007709754221526908,15,18,13,0.0029868638132697256,0.0008284637854888464,-0.4197583496570587
LR_a0p1_q0,200000,0,0,42,True,0.05,50,0.07235603160342294,20,0.9756513623216867,0.9923958129326491,-0.0004186112652740659,0.04987706327294644,-0.04995676538897453,-0.0010944951568621244,0.0003369747423420424,0.0021431215651150134,0.002371567466605219,20,20,18,0.002128491655612494,0.001066627899118158,0.20616672933101654
LR_a0p1_q0,200000,0,1,63,True,0.05,50,0.016429006160958548,16,0.913190350498904,0.9237613068651535,-0.0002642739091562353,0.04958456855878542,-0.04963094685029448,-0.003925051033840003,0.0034428815070370535,0.004908927071227912,0.0067388527156885935,16,18,15,0.003207749253067866,0.0014482652332412221,-0.3192389905452728
LR_a0p1_q0,200000,0,2,39,True,0.05,50,0.0017021243259977836,16,0.9890397295118586,0.9708790798299488,0.0004540162420477445,0.04994885136497304,-0.04984731699496672,-0.0004968648893800303,0.001303363003469539,0.0018449781812598896,0.0019099295817197573,16,18,14,0.0022489902603998494,0.0009851647592797436,-0.1770859956741333
LR_a0p1_q0,200000,0,3,97,True,0.05,50,-0.01702520317301746,16,0.9998327435917986,0.983048683890444,0.00041960149253386647,0.04999295632189668,-0.04991538372435678,-1.3191423067648612e-06,0.0007629495298344783,0.0018857775758507448,0.0015276151943275549,16,17,10,0.0012430266897189477,0.0005562998568337777,0.14558474719524384
LR_a0p1_q0,200000,0,4,63,True,0.05,50,-0.010941516596184336,15,0.8401097172023508,0.614137794095102,0.00564929807768122,0.04924946176478168,-0.04813863195255619,-0.007243975904664111,0.017431742247801,0.015756231582509668,0.014242720077726869,14,19,13,0.004805287204117261,0.0012313626215294609,-0.5453103184700012
LR_a0p1_q0,200000,0,5,21,True,0.05,50,-0.0018984421767352655,15,0.9838050652736857,0.991099948961463,-0.00018237209219443273,0.04992260199038226,-0.049957234336361594,-0.0007323487266981031,0.00040223688828845716,0.002982531425974527,0.0019173523652660962,16,20,12,0.0012639640233652457,0.0005197642407733335,0.1070314273238182
LR_a0p1_q0,200000,0,6,17,True,0.05,50,0.00757580431847843,17,0.9860144617288702,0.9817098100177085,0.00010761629277904194,0.04993171386874237,-0.04991172285372528,-0.0006309907822988096,0.0008262323528398763,0.0032175414643347113,0.002374888223748902,17,19,13,0.0012446423705987386,0.0005640904058394032,0.13610783219337463
LR_a0p1_q0,200000,0,7,50,True,0.05,50,0.016041921494569955,17,0.7654768397470691,0.5742374606092399,0.004780984478445733,0.048807827900800356,-0.04789764170523217,-0.010533985913446734,0.019185768674770263,0.011229371248648127,0.006429860200748595,16,18,15,0.007035264187905673,0.0034871007615215714,0.8494879603385925
LR_a0p1_q0,200000,0,8,81,True,0.05,50,-0.05688950097787829,15,0.9777606655175516,0.9613548247778272,0.00041014601849310994,0.049893164676236654,-0.04983015041204558,-0.0010051314003589906,0.0017624091731542621,0.002679971309081307,0.003195737058564808,15,16,11,0.0020538628542033266,0.0008100568936429691,-0.21836531162261963
LR_a0p1_q0,200000,0,9,25,True,0.05,50,-0.01524261618506656,14,0.8818702400513132,0.8846750540784803,-7.012035067917657e-05,0.04942216011949046,-0.049426569656400215,-0.005328648116924893,0.0051928169524762015,0.004899047490845673,0.006746727167723495,16,18,14,0.00436153072084557,0.0014014921811203332,-0.4197583496570587
LR_a0p1_q0,200000,0,0,42,True,0.05,100,0.07235603160342294,20,0.9703753826070007,0.9857205396362769,-0.00038362892573190477,0.049851855712503466,-0.04992573492042947,-0.0013330865821534479,0.0006397079386157047,0.0019262038251467344,0.005708292418591606,20,20,18,0.0024090421276578224,0.0010080276628766165,0.20616672933101654
LR_a0p1_q0,200000,0,1,63,True,0.05,100,0.016429006160958548,16,0.8603304216100655,0.889243761574511,-0.0007228334991111422,0.049327369774929714,-0.04945973957420048,-0.00631084869442642,0.004997551495474801,0.003983761945810186,0.0036210991805042405,16,18,15,0.004019309837095523,0.001837082199997614,-0.3192389905452728
LR_a0p1_q0,200000,0,2,39,True,0.05,100,0.0017021243259977836,16,0.9946521136101899,0.9644239452767367,0.0007557042083363302,0.04998107677011879,-0.04981501212581546,-0.00024847108960927746,0.0015938148619786554,0.0018074027341864302,0.002161717300299678,16,18,14,0.002172650700800791,0.0010436281755375717,-0.1770859956741333
LR_a0p1_q0,200000,0,3,97,True,0.05,100,-0.01702520317301746,16,0.9829500332281954,0.9765712449431391,0.0001594697071264084,0.049916130431243266,-0.04988497730577873,-0.0007686287698334382,0.0010564150586218541,0.0023734955613558435,0.0014045929707898377,16,17,10,0.0019862317744803767,0.0007232695450174789,0.14558474719524384
LR_a0p1_q0,200000,0,4,63,True,0.05,100,-0.010941516596184336,15,0.5517042398669525,0.5037352088272551,0.0011992257759924352,0.047845701493081094,-0.04761641184453541,-0.02026048949973372,0.022429651403172504,0.003735092689583883,0.0055360178408160555,14,17,13,0.008396032546725095,0.0016578769102203223,-0.5453103184700012
LR_a0p1_q0,200000,0,5,21,True,0.05,100,-0.0018984421767352655,15,0.9615817385147559,0.9869675790896587,-0.0006346460143725682,0.04981334546969378,-0.04993830689678727,-0.0017342585439558376,0.0005899279423044012,0.0012748102463078464,0.0011324986033523343,16,20,12,0.001376710398660844,0.000585487919216074,0.1070314273238182
LR_a0p1_q0,200000,0,6,17,True,0.05,100,0.00757580431847843,17,0.9804396779228042,0.9768283940380718,9.028209711831048e-05,0.049904049057777095,-0.049887372988978745,-0.0008820651616368363,0.0010459532870752018,0.0016804970719216073,0.0017096598465126856,17,19,13,0.0015524646567628565,0.0007021358429393419,0.13610783219337463
LR_a0p1_q0,200000,0,7,50,True,0.05,100,0.016041921494569955,17,0.6107774541309564,0.39426085416002105,0.005412914999273384,0.04805479898817961,-0.04700004266117313,-0.017515926281631664,0.027286999953172224,0.012610286591273868,0.007432956008107094,16,17,15,0.00881470290278281,0.003623042290362732,0.8494879603385925
LR_a0p1_q0,200000,0,8,81,True,0.05,100,-0.05688950097787829,15,0.9989833073901905,0.9566104754266358,0.001059320799088867,0.04999891957631471,-0.04981232453248732,-4.9754206805087146e-05,0.0019818007611555177,0.0028651064055650816,0.0019401565224306209,15,16,11,0.0019800883002910785,0.0009910907806498085,-0.21836531162261963
LR_a0p1_q0,200000,0,9,25,True,0.05,100,-0.01524261618506656,14,0.830871444609993,0.8512949698096408,-0.0005105881299911994,0.049184639327967905,-0.049268146034016594,-0.007641067097468543,0.006703397543534379,0.004821525233349187,0.0047550505141712275,15,18,14,0.004803563236698126,0.001655039300276362,-0.4197583496570587
LR_a0p1_q0,200000,0,0,42,True,0.05,200,0.07235603160342294,20,0.9537913324333058,0.9750183051742581,-0.0005306743185238133,0.049771639782099975,-0.04987328218588985,-0.002082073160434763,0.0011223669271768744,0.001716614138851194,0.001783480060078392,20,20,18,0.002823513720269429,0.0013859289202568389,0.20616672933101654
LR_a0p1_q0,200000,0,1,63,True,0.05,200,0.016429006160958548,16,0.816349800486342,0.8610411900780163,-0.0011172847397918524,0.04911532027581182,-0.0493256883684591,-0.008297830251494913,0.0062736288645583345,0.005107226985215933,0.004458117230514401,16,18,15,0.00497502466068221,0.0017430694977198767,-0.3192389905452728
LR_a0p1_q0,200000,0,2,39,True,0.05,200,0.0017021243259977836,16,0.9891155934548668,0.9535231001682154,0.0008898123321662843,0.0499538107106266,-0.04975567821184124,-0.0004980310378833027,0.0020795232034301918,0.0015467660794930716,0.001651333208553253,17,18,14,0.002312932524886809,0.0011047639159730968,-0.1770859956741333
LR_a0p1_q0,200000,0,3,97,True,0.05,200,-0.01702520317301746,16,0.9754056383647713,0.9526036719461434,0.0005700491604656993,0.04987950998367166,-0.04976204995213512,-0.0011092280654329777,0.0021318663548280216,0.002040023926737516,0.0014999049246994228,16,17,10,0.002158151505430957,0.0009978041939623838,0.14558474719524384
LR_a0p1_q0,200000,0,4,63,True,0.05,200,-0.010941516596184336,15,0.2615631386553674,0.27888452405681274,-0.0004330346350361336,0.04640539512966291,-0.046540819846305814,-0.03332723819689447,0.03259659364346533,0.004100495084847216,0.00466458720099312,14,16,13,0.012456748422328445,0.0013219214163765478,-0.5453103184700012
LR_a0p1_q0,200000,0,5,21,True,0.05,200,-0.0018984421767352655,15,0.9603244644830363,0.9446999678359985,0.0003906124161759464,0.049802469753388354,-0.04972523198735279,-0.0017862465292366597,0.0024902335955529578,0.0011327364702086351,0.0010764124353257586,15,20,12,0.001382015324778837,0.0006285090705102387,0.1070314273238182
LR_a0p1_q0,200000,0,6,17,True,0.05,200,0.00757580431847843,17,0.9649778988600827,0.962077720716365,7.2504453592942e-05,0.04982768547114522,-0.04981895887047108,-0.0015787905281411095,0.0017150728346528802,0.0019322711453338569,0.0012542411357298734,16,19,13,0.0021453911463377496,0.0010355375515647912,0.13610783219337463
LR_a0p1_q0,200000,0,7,50,True,0.05,200,0.016041921494569955,17,0.4928085424663167,0.32023472435630035,0.004314345452750409,0.047493708913356816,-0.04665066217668509,-0.022853281790041154,0.03063892595887002,0.005821665031724416,0.004653090984509817,17,17,15,0.009739219185612021,0.0034257432053682066,0.8494879603385925
LR_a0p1_q0,200000,0,8,81,True,0.05,200,-0.05688950097787829,15,0.9565021189495843,1.0091211042711261,-0.0013154746330385492,0.04978975653759725,-0.050071734534682444,-0.0019646505901180886,-0.00038432067887380933,0.007766503711461147,0.005591337539612604,15,16,11,0.0035530301603190137,0.0013923202016093063,-0.21836531162261963
LR_a0p1_q0,200000,0,9,25,True,0.05,200,-0.01524261618506656,14,0.7504068993970883,0.7834061587949984,-0.000824981484947751,0.048804592720219156,-0.048929825744846576,-0.011284247750364563,0.009759517805096811,0.004185429440734263,0.004640939471751679,14,18,14,0.0057451683713395955,0.0019421511907848472,-0.4197583496570587
LR_a0p1_q0,200000,0,0,42,True,0.05,500,0.07235603160342294,20,0.9086620755225241,0.6818052799679037,0.005671419888865506,0.04956478337250738,-0.04860476064797101,-0.004131679596381419,0.01451449664957569,0.00287850035829688,0.00562419013078452,19,20,18,0.004297870100300601,0.0017728897321649046,0.20616672933101654
LR_a0p1_q0,200000,0,1,63,True,0.05,500,0.016429006160958548,16,0.6944707407221586,0.77670457948348,-0.0020558459690330367,0.04853431432927342,-0.04891540730808967,-0.013810777293165426,0.01008017833391565,0.0032322683669068534,0.0021247658915622704,16,17,15,0.006275762565915408,0.0022709780597505113,-0.3192389905452728
LR_a0p1_q0,200000,0,2,39,True,0.05,500,0.0017021243259977836,16,0.9523002534692288,0.8433428811180588,0.0027239343087792495,0.049777024053224456,-0.04920771967950788,-0.0021620113797628992,0.00704057562360485,0.0010163120297040674,0.001012908448554534,17,18,14,0.0027925555336187897,0.0012691067195691064,-0.1770859956741333
LR_a0p1_q0,200000,0,3,97,True,0.05,500,-0.01702520317301746,16,0.9582201785831701,0.9357559681953032,0.0005616052596966736,0.04979476747463943,-0.04967528378990377,-0.0018837585454808622,0.002887485380138814,0.001847830434158449,0.0022117711509344897,16,17,10,0.0028225601501738044,0.001147360020066992,0.14558474719524384
LR_a0p1_q0,200000,0,4,63,True,0.05,500,-0.010941516596184336,15,0.12244895177425441,0.08580114079645318,0.0009161952744450308,0.04574569630098779,-0.04561413308675477,-0.0396232487122751,0.04132407604693221,0.0061921575288922,0.003917813543799575,14,14,14,0.014662081783335272,0.0015465257926365792,-0.5453103184700012
LR_a0p1_q0,200000,0,5,21,True,0.05,500,-0.0018984421767352655,15,0.9362384528655384,0.8837907329391514,0.0013111929981596757,0.04968107562040687,-0.04942306374255637,-0.002869152977130067,0.005233527095598633,0.000883457277615862,0.0010084122317141372,15,20,12,0.0020337716291870737,0.0008115946371054342,0.1070314273238182
LR_a0p1_q0,200000,0,6,17,True,0.05,500,0.00757580431847843,17,0.9287991647308702,0.9539329555123388,-0.000628344769536715,0.04965253582016982,-0.04978556709920687,-0.0032125775836263954,0.0020889193235899394,0.0007135454389897997,0.0009130103747615157,17,19,13,0.002582125741837107,0.001231482172688087,0.13610783219337463
LR_a0p1_q0,200000,0,7,50,True,0.05,500,0.016041921494569955,17,0.27887906625543174,0.2258604500399797,0.0013254654053863014,0.04646831644731702,-0.04619290474413845,-0.03252436313454522,0.03489988224213954,0.0015924853532235774,0.0015334866999353134,17,17,15,0.012243525109323264,0.00255588637473281,0.8494879603385925
LR_a0p1_q0,200000,0,8,81,True,0.05,500,-0.05688950097787829,15,0.8768192034628375,0.9869998047701075,-0.002754515032681752,0.04938933501114172,-0.049966369228935575,-0.005548374837999999,0.0006163789904301508,0.003041046724550037,0.003017024950397163,15,16,11,0.005934855393008973,0.002089731307554684,-0.21836531162261963
LR_a0p1_q0,200000,0,9,25,True,0.05,500,-0.01524261618506656,14,0.633990743831901,0.6125536649507859,0.0005359269720278774,0.048284545749025555,-0.048105633639476744,-0.016585008557430433,0.017477950391937277,0.0030013472555964174,0.002216275172137517,14,18,14,0.007588277444128338,0.0023748526850783363,-0.4197583496570587
LR_a0p1_q0,200000,0,0,42,True,0.05,1000,0.07235603160342294,20,0.8672015698034965,0.3262328405006677,0.013524218232570717,0.04937433639359819,-0.04702595315759363,-0.0060142579034232636,0.03071431113256052,0.0015180420295781145,0.001313608398255323,19,20,19,0.004589338706009917,0.0018421307323340725,0.20616672933101654
LR_a0p1_q0,200000,0,1,63,True,0.05,1000,0.016429006160958548,16,0.6466320414018781,0.6931208013820023,-0.0011622189995031014,0.04829854388580564,-0.04849912248076599,-0.01596694181571172,0.013843082411665908,0.002099981923542346,0.00175899729362614,16,17,15,0.00746334659547502,0.002143417345654375,-0.3192389905452728
LR_a0p1_q0,200000,0,2,39,True,0.05,1000,0.0017021243259977836,16,0.9583927524183439,0.7250442065247292,0.005833713647340366,0.04982104413427588,-0.048605878132968544,-0.0019014065133586236,0.012353667806731961,0.0007043010519894322,0.0014017359393096894,17,18,14,0.002970987931983817,0.001498100457077144,-0.1770859956741333
LR_a0p1_q0,200000,0,3,97,True,0.05,1000,-0.01702520317301746,16,0.9307363330391083,0.9175437377535922,0.0003298148821379021,0.04966748532626039,-0.049575334388809095,-0.0031306686743051222,0.0036981475011294567,0.0020035337161005175,0.0016845796226967827,16,17,10,0.0033947293946065167,0.001326605446827344,0.14558474719524384
LR_a0p1_q0,200000,0,4,63,True,0.05,1000,-0.010941516596184336,15,0.06765421871466781,0.08584844709892514,-0.0004548557096064332,0.04547952292447166,-0.04561162228126542,-0.04209681198873839,0.04131919992631915,0.001258607380027321,0.0021034472468698506,14,14,14,0.014453317905306559,0.0011544308197838716,-0.5453103184700012
LR_a0p1_q0,200000,0,5,21,True,0.05,1000,-0.0018984421767352655,15,0.9223958251443515,0.8151942101026671,0.0026800403760421088,0.04960141345829047,-0.04908770162323878,-0.0034816222010729063,0.008327991118105461,0.0010458999154625902,0.000935074310274609,16,20,13,0.0025514093649527197,0.0009043652893872408,0.1070314273238182
LR_a0p1_q0,200000,0,6,17,True,0.05,1000,0.00757580431847843,17,0.9071767249976354,0.9428390983199375,-0.0008915593330575539,0.04954536395885181,-0.04973836335518253,-0.00418652770897002,0.002596408439185659,0.0008939644064269898,0.000621840809030986,17,19,13,0.0031522523431223772,0.0015071224384133788,0.13610783219337463
LR_a0p1_q0,200000,0,7,50,True,0.05,1000,0.016041921494569955,17,0.22973918651234368,0.1105445211548146,0.002979866633938226,0.04622122689473664,-0.04565933607846865,-0.03473426756911934,0.04013211002072788,0.0015176103978471489,0.0012213537283126419,17,17,16,0.012689080794935135,0.002391209142471483,0.8494879603385925
LR_a0p1_q0,200000,0,8,81,True,0.05,1000,-0.05688950097787829,15,0.8719128889266206,1.0026253724168028,-0.0032678120872545596,0.04936214060359313,-0.050050301469184155,-0.005766496157262118,-8.096715165599669e-05,0.003367295207737347,0.001657420750679463,15,16,12,0.004897034492557618,0.0019426351050830894,-0.21836531162261963
LR_a0p1_q0,200000,0,9,25,True,0.05,1000,-0.01524261618506656,14,0.5292918878411403,0.48637889681090907,0.0010728247757557808,0.04781335414754724,-0.0475047575723239,-0.021348759755490585,0.023185812731778235,0.0013826688238392565,0.0009558000390322512,16,17,14,0.00922794670228534,0.002604710974948889,-0.4197583496570587
LR_a0p1_q0,200000,0,0,42,True,0.05,2000,0.07235603160342294,20,0.8498187385364037,0.1434489619591095,0.017659244414432354,0.04930027490251112,-0.04620124310830864,-0.006809337975690952,0.039028795010353265,0.001606653980195348,0.0012495331109527166,20,20,20,0.004586124227890583,0.001869296013594727,0.20616672933101654
LR_a0p1_q0,200000,0,1,63,True,0.05,2000,0.016429006160958548,16,0.6014448902559536,0.638228286479372,-0.0009195849055854619,0.0480844597962702,-0.04823581783315595,-0.018012215283472487,0.016324403509187343,0.0008881155016235166,0.0008987279555425741,16,17,15,0.008154568267127068,0.0026907978851957956,-0.3192389905452728
LR_a0p1_q0,200000,0,2,39,True,0.05,2000,0.0017021243259977836,16,0.9700555193495858,0.5270362986011434,0.011075480518711059,0.04989018378300106,-0.04761948872274285,-0.0013874078155215477,0.021267673792685723,0.0005556897883964202,0.0005772347756717411,16,18,15,0.0033583894896673403,0.0016476087096136903,-0.1770859956741333
LR_a0p1_q0,200000,0,3,97,True,0.05,2000,-0.01702520317301746,16,0.8898098428555185,0.8810625711077957,0.00021868179369306795,0.049483692788149874,-0.04939549313253594,-0.0049932006453741575,0.005342364577145938,0.001528777769941487,0.0011004977037621145,16,17,12,0.0036677010785252013,0.0015488965168057038,0.14558474719524384
LR_a0p1_q0,200000,0,4,63,True,0.05,2000,-0.010941516596184336,15,0.07639364259203973,0.1092393506993361,-0.0008211427026824092,0.045491418798496885,-0.04572020404029925,-0.0416717366688949,0.04025823650533236,0.004560073054499078,0.0011267163170762269,15,16,14,0.015039744098787085,0.001099675632355927,-0.5453103184700012
LR_a0p1_q0,200000,0,5,21,True,0.05,2000,-0.0018984421767352655,15,0.8867627321075261,0.7136977803266076,0.004326623794522963,0.049415801897739475,-0.048578091030213766,-0.005077665292362957,0.012893202013883394,0.00038544321524199124,0.00034642629162696253,15,19,13,0.003025794704987004,0.0011897372439987454,0.1070314273238182
LR_a0p1_q0,200000,0,6,17,True,0.05,2000,0.00757580431847843,17,0.8654733580907509,0.9189393057963768,-0.001336648692640649,0.04934492219307515,-0.04964261090731498,-0.006071254288537725,0.003695645617496221,0.0002986590580796955,0.0003177417526096736,17,19,13,0.0037563206604912594,0.0016497200739296837,0.13610783219337463
LR_a0p1_q0,200000,0,7,50,True,0.05,2000,0.016041921494569955,17,0.11214779285663598,0.05457704016108185,0.0014392688173888533,0.045655710067677206,-0.045377849609925,-0.04004832042484538,0.04264899760187101,0.001080719357170416,0.00037853500664684165,16,17,15,0.01415855980054604,0.002066418421692406,0.8494879603385925
LR_a0p1_q0,200000,0,8,81,True,0.05,2000,-0.05688950097787829,15,0.8255827220112546,0.9660827622338488,-0.0035125010055648553,0.04913680607569221,-0.04988332212044985,-0.00785766997512942,0.0015791840087573327,0.0010574786957554304,0.0019054259037459811,15,16,12,0.005147328800655292,0.0021662929641206637,-0.21836531162261963
LR_a0p1_q0,200000,0,9,25,True,0.05,2000,-0.01524261618506656,14,0.4256519387490821,0.40802772473292565,0.0004406053504039109,0.047343507428502185,-0.04714027355233147,-0.026060910491048153,0.026738887315685085,0.00038155612032594785,0.0003012973239230397,16,16,14,0.010505209291363718,0.002754720685315978,-0.4197583496570587
LR_a0p1_q0,200000,1,0,66,True,0.05,1,-0.18607793030379444,12,0.9994568634015505,0.9994568634015433,1.942890293094024e-16,0.04999727689278817,-0.049997276892788156,-2.4433722710762344e-05,2.443372271083277e-05,0.022786138609598702,0.020509712256576527,12,15,10,0.00037445522217666974,0.0001157902483414187,-0.7379847168922424
LR_a0p1_q0,200000,1,1,97,True,0.05,1,-0.04336286315264845,15,0.9992933799836745,0.9992933799836776,-8.326672684688674e-17,0.04999664237790499,-0.049996642377904986,-3.197337872118197e-05,3.1973378721076e-05,0.027503702860900762,0.025880951189979063,15,16,14,0.0003693875753334615,0.00018949978548711254,-0.8194659352302551
LR_a0p1_q0,200000,1,2,0,True,0.05,1,-0.026558093725354198,15,0.9996846037047578,0.9996846037047675,-2.42861286636753e-16,0.0499985757694365,-0.04999857576943649,-1.4345584198440087e-05,1.4345584198119031e-05,0.017550997094874496,0.017003854586671096,15,17,14,0.00026193477472518094,0.00014353421016044158,-0.5337097644805908
LR_a0p1_q0,200000,1,3,66,True,0.05,1,-0.03145470634360581,16,0.9997868634806939,0.99978686348069,9.71445146547012e-17,0.04999883034737623,-0.04999883034737623,-9.48717334164918e-06,9.487173341724176e-06,0.01618944405613323,0.01545944665576368,16,16,14,0.00020055606578454812,7.236047676273452e-05,0.4836636483669281
LR_a0p1_q0,200000,1,4,52,True,0.05,1,0.10419622488851132,18,0.9994793314160207,0.9994793314160338,-3.191891195797325e-16,0.04999733594974956,-0.04999733594974956,-2.3369378948290823e-05,2.3369378948217365e-05,0.02635691419937049,0.025702858618908784,18,20,17,0.0004379014195542265,8.767502190777219e-05,0.7299383878707886
LR_a0p1_q0,200000,1,5,30,True,0.05,1,-0.01815452251760427,14,0.9505798596641518,0.9505798596641463,1.3877787807814457e-16,0.04975222376665159,-0.04975222376665153,-0.0022232307834439084,0.002223230783444012,0.014253371732925795,0.01649005338301467,15,18,14,0.0037120660386267836,0.0014846138395696895,0.7039548754692078
LR_a0p1_q0,200000,1,6,34,True,0.05,1,0.040351264905512926,17,0.9999929547834419,0.9999929547834419,0.0,0.049999966371270195,-0.04999996637127019,-3.186320981323112e-07,3.186320980914453e-07,0.00016531368294401926,0.0001613146174976766,17,18,16,3.914291558775119e-05,9.477362728348752e-06,-0.00820106454193592
LR_a0p1_q0,200000,1,7,16,True,0.05,1,0.046746067819512044,16,0.8957368349552008,0.895736834955207,-1.5265566588595902e-16,0.04953083285419735,-0.04953083285419732,-0.00474399110643727,0.004743991106436967,0.019445987030572497,0.02005207396316695,16,18,16,0.003967501573501861,0.0017638574723048228,-0.9686765670776367
LR_a0p1_q0,200000,1,8,56,True,0.05,1,0.09901250176257316,20,0.9970931602929511,0.9970931602929534,-5.551115123125783e-17,0.04998678410705848,-0.04998678410705848,-0.00013212609241085212,0.00013212609241079661,0.004739442218586771,0.004635537488132241,20,20,17,0.0009706675875779965,0.0003485861876314471,0.1625785529613495
LR_a0p1_q0,200000,1,9,91,True,0.05,1,-0.10521427450542495,13,0.9994936462557478,0.9994936462557465,2.7755575615628914e-17,0.049997593976281,-0.04999759397628101,-2.2911663493477307e-05,2.2911663493804804e-05,0.022788980569779925,0.019754878769439304,13,15,11,0.0003002947354699028,8.910326385063756e-05,0.693689227104187
LR_a0p1_q0,200000,1,0,66,True,0.05,2,-0.18607793030379444,12,0.9460909786893551,0.9460915877534376,-1.522660206254578e-08,0.04974370004881208,-0.049743702942881024,-0.002439151114344543,0.0024391235552092133,0.017348997068379994,0.017122717998164647,12,15,11,0.003992472545814272,0.0011294066419091473,-0.7379847168922424
LR_a0p1_q0,200000,1,1,97,True,0.05,2,-0.04336286315264845,15,0.9993712729206286,0.9993712889330361,-4.0031018777586524e-10,0.04999701249910184,-0.04999701257518742,-2.8448853070380607e-05,2.84481285357159e-05,0.027657641002333082,0.02602906600971254,15,16,14,0.0003286705531921451,0.00016861156287987836,-0.8194659352302551
LR_a0p1_q0,200000,1,2,0,True,0.05,2,-0.026558093725354198,15,0.9996360188367807,0.999636024421139,-1.3960895633990944e-10,0.04999834491038576,-0.04999834493692069,-1.654396854673815e-05,1.654371586372211e-05,0.01736691974679199,0.016831108717611735,15,17,14,0.00028907661598064635,0.0001598103500178552,-0.5337097644805908
LR_a0p1_q0,200000,1,3,66,True,0.05,2,-0.03145470634360581,16,0.9997230010387226,0.9997230004588703,1.449630693262094e-11,0.049998511684139185,-0.04999851168124583,-1.2361632203046816e-05,1.2361658302273024e-05,0.01582695017165983,0.015103770086719568,16,16,14,0.00025183886573080085,9.229642096126758e-05,0.4836636483669281
LR_a0p1_q0,200000,1,4,52,True,0.05,2,0.10419622488851132,18,0.9499108015151575,0.9499115225301311,-1.802537434592022e-08,0.04974371385968868,-0.049743717548830224,-0.002248173783930495,0.0022481414223237558,0.01661877247294883,0.016701065316226327,18,20,17,0.0025750088368980966,0.0008452166638694051,0.7299383878707886
LR_a0p1_q0,200000,1,5,30,True,0.05,2,-0.01815452251760427,14,0.9310086877285456,0.9309177686888787,2.2729759916739756e-06,0.049659228100242064,-0.049658796083359685,-0.003108793713814722,0.0031129076489158996,0.018702492171600898,0.02151377451287164,15,18,14,0.004395071049988565,0.001983623997782977,0.7039548754692078
LR_a0p1_q0,200000,1,6,34,True,0.05,2,0.040351264905512926,17,0.9999931010096114,0.9999931016628211,-1.6330242713635812e-11,0.049999967069247385,-0.04999996707236529,-3.120187667594215e-07,3.1198922431747183e-07,0.00017248263776426263,0.00016662567561288391,17,18,16,3.753749611999638e-05,9.245032922893209e-06,-0.00820106454193592
LR_a0p1_q0,200000,1,7,16,True,0.05,2,0.046746067819512044,16,0.9010735283243562,0.9010771490775366,-9.051882950833479e-08,0.04955561783603181,-0.049555634651744285,-0.004501941419813918,0.004501777197867636,0.024200198958155554,0.023997994108894867,16,18,16,0.003340933796079151,0.0009714543600335466,-0.9686765670776367
LR_a0p1_q0,200000,1,8,56,True,0.05,2,0.09901250176257316,20,0.9973172489823046,0.9973172717029355,-5.680157733056745e-10,0.0499879637886082,-0.049987963908217636,-0.00012210133949317237,0.00012210032307087353,0.005325064212149448,0.004912607328790983,20,20,17,0.0007492590015026312,0.00021519927049899607,0.1625785529613495
LR_a0p1_q0,200000,1,9,91,True,0.05,2,-0.10521427450542495,13,0.9532703395288262,0.9532706292474263,-7.242965005538338e-09,0.04976584560899845,-0.04976584706155172,-0.0021023286325572055,0.0021023155991804062,0.012401745725241543,0.013063313710300704,13,15,11,0.0034302060613546465,0.0008213152841800586,0.693689227104187
LR_a0p1_q0,200000,1,0,66,True,0.05,5,-0.18607793030379444,12,0.9473545895315694,0.9472794907777371,1.8774688458067512e-06,0.04973762730285053,-0.049737237331933914,-0.0023698978262720882,0.0023732627930472747,0.01528673632542235,0.015486741744592724,12,15,11,0.0035549444061804907,0.0009740207545458336,-0.7379847168922424
LR_a0p1_q0,200000,1,1,97,True,0.05,5,-0.04336286315264845,15,0.93762335275131,0.9376276084487348,-1.0639243561844092e-07,0.04970515726882821,-0.04970517889419853,-0.0028239896312626423,0.0028237984717619036,0.016422996488393314,0.0169283758514005,15,16,14,0.0037004098029297413,0.0011866901263035805,-0.8194659352302551
LR_a0p1_q0,200000,1,2,0,True,0.05,5,-0.026558093725354198,15,0.968212821795363,0.9681964578336535,4.090990427391139e-07,0.049840339112339524,-0.049840256664111245,-0.0014296980225714994,0.0014304337724284583,0.012966446075658963,0.012992053837790136,15,16,14,0.0027474012233101104,0.0009733300459079963,-0.5337097644805908
LR_a0p1_q0,200000,1,3,66,True,0.05,5,-0.03145470634360581,16,0.9711355413394848,0.999499603273683,-0.0007091015483549554,0.04986822280177826,-0.04998740441153399,-0.0013114457348038981,1.2424247849937814e-05,0.013202885074908736,0.012191256542677092,16,16,14,0.001706113609638427,0.0005852361685375239,0.4836636483669281
LR_a0p1_q0,200000,1,4,52,True,0.05,5,0.10419622488851132,18,0.9275864684455661,0.9185027273701865,0.00022709352688449203,0.049636858334660985,-0.049593233350890456,-0.003257534912382702,0.0036680969823809396,0.013683899106732192,0.01673306239237973,18,20,18,0.003588139082647113,0.0011159916104949866,0.7299383878707886
LR_a0p1_q0,200000,1,5,30,True,0.05,5,-0.01815452251760427,14,0.937153797471677,0.9370767612282394,1.9259060859422306e-06,0.049687394300514165,-0.04968702614989673,-0.0028297044269304204,0.002833188088484824,0.01855202766558955,0.017951909958113948,15,18,14,0.0035207216939932315,0.0014967762096616208,0.7039548754692078
LR_a0p1_q0,200000,1,6,34,True,0.05,5,0.040351264905512926,17,0.9999876191157983,0.9999875952799,5.958974563791131e-10,0.04999993982281083,-0.04999993970674578,-5.588670209206241e-07,5.599427508574224e-07,0.00014962111225029953,0.0001533675032143356,17,18,16,4.8366585019360806e-05,1.4897056824639171e-05,-0.00820106454193592
LR_a0p1_q0,200000,1,7,16,True,0.05,5,0.046746067819512044,16,0.8607633444977164,0.8616397186973107,-2.1909354989857466e-05,0.04937357007273327,-0.04937757188638017,-0.006335402847847448,0.006295585951514613,0.018069910383354724,0.019052807027201392,16,18,16,0.004706493915468726,0.001746583004878148,-0.9686765670776367
LR_a0p1_q0,200000,1,8,56,True,0.05,5,0.09901250176257316,20,0.994738436787837,0.9947356938536234,6.857335534127262e-08,0.04997564984633343,-0.04997563680226619,-0.00023872800694169967,0.00023885210958485677,0.004117439358260818,0.003994108968019196,20,20,17,0.0010907583096222751,0.0003444958966053336,0.1625785529613495
LR_a0p1_q0,200000,1,9,91,True,0.05,5,-0.10521427450542495,13,0.9348318979689492,0.9347736496292852,1.4562084915958895e-06,0.049672827884502446,-0.04967253538719354,-0.0029312329860550455,0.002933852905729238,0.008887551930576656,0.0091727220009451,14,15,11,0.0037180728442074173,0.0009913265360124194,0.693689227104187
LR_a0p1_q0,200000,1,0,66,True,0.05,10,-0.18607793030379444,12,0.89618886525277,0.9110036863680054,-0.00037037052788088665,0.04948372834034778,-0.04955394511142583,-0.004674285077709037,0.004003760793025774,0.010234654966972881,0.012560990622272079,12,15,11,0.00428794206889189,0.001403097748500348,-0.7379847168922424
LR_a0p1_q0,200000,1,1,97,True,0.05,10,-0.04336286315264845,15,0.8781604774431843,0.8778311039559425,8.234337181042828e-06,0.0494267144788141,-0.04942511588924727,-0.005518690606654756,0.005533560691450242,0.018995365763488294,0.021411851818994253,14,16,14,0.005706981350831624,0.0016540329608748098,-0.8194659352302551
LR_a0p1_q0,200000,1,2,0,True,0.05,10,-0.026558093725354198,15,0.941523212354539,0.9465629268213019,-0.00012599286166907475,0.04970652624066723,-0.04973179329691232,-0.002630365622940237,0.00240364695584725,0.01731985512297617,0.015815517408657588,15,16,14,0.0036508568176248585,0.0017617662801033874,-0.5337097644805908
LR_a0p1_q0,200000,1,3,66,True,0.05,10,-0.03145470634360581,16,0.9373419496042065,0.9603761675410027,-0.0005758554484199055,0.04969865601106313,-0.049792229723331055,-0.0028315585308528813,0.001773421346280911,0.00974418198941634,0.00929829684100123,16,16,14,0.0032935463452447573,0.0010152431373573962,0.4836636483669281
LR_a0p1_q0,200000,1,4,52,True,0.05,10,0.10419622488851132,18,0.9061383042396212,0.8811443146418942,0.0006248497399431729,0.04953033688630949,-0.04941094111991358,-0.004223421674328549,0.005353725387818748,0.017054091739964982,0.015487821635731465,18,20,18,0.008745795559447938,0.00135074643808736,0.7299383878707886
LR_a0p1_q0,200000,1,5,30,True,0.05,10,-0.01815452251760427,14,0.9199602738060197,0.8916777093520656,0.000707064111348854,0.04958353144658956,-0.04943349900817845,-0.003585517756288541,0.0048496135405753284,0.011657301102656574,0.012471088387478476,14,18,14,0.0044843771571032925,0.0023582253897665327,0.7039548754692078
LR_a0p1_q0,200000,1,6,34,True,0.05,10,0.040351264905512926,17,0.9999849484822382,0.9999849260869716,5.598816618657132e-10,0.04999992698473113,-0.04999992687506914,-6.795606192832912e-07,6.805707205154515e-07,0.0001380316798939512,0.00013394435607931416,17,18,16,4.691649299525974e-05,1.2622308001669973e-05,-0.00820106454193592
LR_a0p1_q0,200000,1,7,16,True,0.05,10,0.046746067819512044,16,0.7879675111695313,0.8041231151233535,-0.00040389009884555377,0.0490148823763024,-0.04909470500192617,-0.009616506817825735,0.00888854924575845,0.016406105489498335,0.017649141176390076,16,18,16,0.00578768263134584,0.0022709875471229888,-0.9686765670776367
LR_a0p1_q0,200000,1,8,56,True,0.05,10,0.09901250176257316,20,0.9896215143277748,0.9943148985750772,-0.0001173346061825592,0.04995118834101028,-0.049974727604570834,-0.0004701126246215044,0.0002589826758171317,0.003579597363049873,0.0033078365858557664,20,20,17,0.00140778109209219,0.0004946512887519785,0.1625785529613495
LR_a0p1_q0,200000,1,9,91,True,0.05,10,-0.10521427450542495,13,0.9414049497495358,0.941347167002898,1.444568665950885e-06,0.04970538117641063,-0.049705090443594946,-0.002635133688933827,0.0026377320934501177,0.012393300359655812,0.00972315493519053,13,15,11,0.0031556978257078067,0.0008669693335796991,0.693689227104187
LR_a0p1_q0,200000,1,0,66,True,0.05,20,-0.18607793030379444,12,0.8386926445085713,0.8481680247111884,-0.0002368845050654267,0.04920471853322293,-0.04924670235508141,-0.007270086307794524,0.0068383011195220795,0.012030757179367699,0.01019742001129235,12,15,11,0.005067897807752002,0.0021657117713562405,-0.7379847168922424
LR_a0p1_q0,200000,1,1,97,True,0.05,20,-0.04336286315264845,15,0.8285725770727631,0.8425646423921657,-0.00034980163298506395,0.04921474978299212,-0.049266955835255255,-0.007786120929353842,0.007138723715646968,0.01623071610580144,0.018657491589080828,15,16,14,0.005171407057305773,0.001409463176515849,-0.8194659352302551
LR_a0p1_q0,200000,1,2,0,True,0.05,20,-0.026558093725354198,15,0.9045901396384656,0.90972401273757,-0.00012834682747760867,0.04953473854301664,-0.049560406372832294,-0.004305231561093435,0.004074205735953706,0.011738463583406952,0.013297094453450245,15,16,15,0.0037914130409130433,0.0019975675875406255,-0.5337097644805908
LR_a0p1_q0,200000,1,3,66,True,0.05,20,-0.03145470634360581,16,0.9211530732759521,0.9383892424109741,-0.0004309042283755504,0.04961401375348243,-0.0496799086732331,-0.0035563600896849545,0.002760446552684337,0.010373631623585764,0.009503264557665526,16,16,14,0.003701089876784848,0.0012803231510965132,0.4836636483669281
LR_a0p1_q0,200000,1,4,52,True,0.05,20,0.10419622488851132,18,0.852115968170592,0.832708437604075,0.00048518826416292515,0.049299705177628675,-0.04918260700131949,-0.006693906769099056,0.007547185121115913,0.017724625736695865,0.013981920418822147,18,20,18,0.009897956962448516,0.002270754830173582,0.7299383878707886
LR_a0p1_q0,200000,1,5,30,True,0.05,20,-0.01815452251760427,14,0.8627686817343838,0.8420102899583692,0.0005189597944003643,0.049311649209686836,-0.049197553002680694,-0.006173215122967726,0.007097038504762072,0.010160916308429446,0.011117428382442271,15,18,14,0.00500301887519505,0.0029032234787901815,0.7039548754692078
LR_a0p1_q0,200000,1,6,34,True,0.05,20,0.040351264905512926,17,0.9999870513212757,0.9999775423238496,2.377249356533273e-07,0.04999993576468652,-0.0499998884708507,-5.831986226635093e-07,1.0113546582944581e-06,0.00016340256524152908,0.00015715050449222485,17,18,16,5.641883952416409e-05,2.1597531158580498e-05,-0.00820106454193592
LR_a0p1_q0,200000,1,7,16,True,0.05,20,0.046746067819512044,16,0.761077939770485,0.7751537236560085,-0.0003518945971380874,0.04888563147879356,-0.04895556559879466,-0.0108317344902694,0.010197879415994263,0.014437219069921693,0.015192781809679649,16,18,16,0.0059431147600509885,0.0021140990914339823,-0.9686765670776367
LR_a0p1_q0,200000,1,8,56,True,0.05,20,0.09901250176257316,20,0.9825369925306687,1.0095644253015135,-0.0006756858192711185,0.04991772934431518,-0.05005293095595664,-0.0007908797177818942,-0.00042529030911909777,0.0043098190881345555,0.009351341244182916,20,20,17,0.001928640115421593,0.000814562964504179,0.1625785529613495
LR_a0p1_q0,200000,1,9,91,True,0.05,20,-0.10521427450542495,13,0.8923356885968738,0.9032025616364447,-0.0002716718259892781,0.04947038875107259,-0.049519535989321926,-0.004853604321228972,0.004359407907499681,0.005741062331119629,0.01213774664432161,14,15,11,0.0046773327156303625,0.0013809058785354614,0.693689227104187
LR_a0p1_q0,200000,1,0,66,True,0.05,50,-0.18607793030379444,12,0.7080344110517928,0.7362788710414386,-0.0007061114997411466,0.048555010799146495,-0.048674318902319685,-0.013153290246556783,0.011860375350247613,0.009965094759415467,0.0110242697652912,12,15,11,0.007306356762521578,0.0029208988832078705,-0.7379847168922424
LR_a0p1_q0,200000,1,1,97,True,0.05,50,-0.04336286315264845,15,0.6339751641352342,0.6112297774026851,0.0005686346683137292,0.04829368932573713,-0.04817604789249507,-0.016594931118975247,0.01761455902236096,0.008036115971409163,0.009189945488890112,15,16,14,0.00744272294227773,0.0024197989998296678,-0.8194659352302551
LR_a0p1_q0,200000,1,2,0,True,0.05,50,-0.026558093725354198,15,0.826282777523777,0.7604314350044229,0.0016462835629838524,0.04914276419589609,-0.048839461923334784,-0.007828625319707233,0.010817890173113617,0.006392977967669675,0.006352124817064931,15,16,15,0.005403017374144214,0.002884740384202258,-0.5337097644805908
LR_a0p1_q0,200000,1,3,66,True,0.05,50,-0.03145470634360581,16,0.8321226409034157,0.8924001079830685,-0.0015069366769913176,0.0492018858917304,-0.04946162736435433,-0.007595753846559645,0.004841621965200963,0.0067724322254460075,0.005885844954989939,16,16,14,0.00520886034625666,0.002260475290207517,0.4836636483669281
LR_a0p1_q0,200000,1,4,52,True,0.05,50,0.10419622488851132,18,0.6776047383955841,0.7160882163473833,-0.0009620869487949879,0.04843484228497136,-0.048622106781707856,-0.014554605365191941,0.012817695964339324,0.019314270214020757,0.016362104929299175,18,20,18,0.010278454346192192,0.0021780640822774574,0.7299383878707886
LR_a0p1_q0,200000,1,5,30,True,0.05,50,-0.01815452251760427,14,0.8191432204518023,0.8144472894353999,0.00011739827541006054,0.049073658161149,-0.04904619400525109,-0.008116497138559001,0.008323829533481006,0.012553738025710273,0.0123772004163622,15,18,14,0.004891892595360572,0.0026878939141705646,0.7039548754692078
LR_a0p1_q0,200000,1,6,34,True,0.05,50,0.040351264905512926,17,0.9999730425088849,0.999639054737792,8.349694277320907e-06,0.04999987011693155,-0.04999833794057876,-1.2179914873072082e-06,1.6385203689136057e-05,0.0001026270955565688,9.310267394440915e-05,17,18,16,6.636432333449102e-05,3.885028172215623e-05,-0.00820106454193592
LR_a0p1_q0,200000,1,7,16,True,0.05,50,0.046746067819512044,16,0.5355218625123939,0.6119174337601535,-0.0019098892811939897,0.047750851379704015,-0.04812371613388214,-0.020974758254084416,0.01752784444587454,0.008799509196227961,0.012244805703055592,17,17,16,0.008738804523731113,0.003205307281957256,-0.9686765670776367
LR_a0p1_q0,200000,1,8,56,True,0.05,50,0.09901250176257316,20,0.9738209833502653,0.9210149757678066,0.0013201501895614698,0.04987550862760892,-0.04961505713279357,-0.0011844594600956483,0.0035643083444031995,0.002987696562279053,0.0027993213773783053,20,20,17,0.0021609978515663287,0.0009346603939955682,0.1625785529613495
LR_a0p1_q0,200000,1,9,91,True,0.05,50,-0.10521427450542495,13,0.8390767859180867,0.8883703571797608,-0.0012323392815418444,0.049202981426181555,-0.04944785204699357,-0.007249142130277205,0.005029334188005466,0.007372856798917208,0.006865765206941131,14,15,11,0.005337200247026467,0.0015070898240075977,0.693689227104187
LR_a0p1_q0,200000,1,0,66,True,0.05,100,-0.18607793030379444,12,0.6044560516085418,0.7085293393017034,-0.00260183219232904,0.048060469765851876,-0.048550076348673865,-0.017837667185424753,0.013123609383588503,0.00804893283529728,0.005499944378363739,13,15,11,0.008473150374612376,0.002703342474126048,-0.7379847168922424
LR_a0p1_q0,200000,1,1,97,True,0.05,100,-0.04336286315264845,15,0.4457301947411521,0.5339079558120674,-0.0022044440267728824,0.047423055862565996,-0.04778834438391877,-0.025136546125508228,0.02109294659331557,0.011088662514251241,0.006465724709367397,14,16,14,0.009893494865537034,0.003385872686250645,-0.8194659352302551
LR_a0p1_q0,200000,1,2,0,True,0.05,100,-0.026558093725354198,15,0.7981032387283534,0.743310610246324,0.0013698157120507343,0.04901056894585075,-0.04875627267726641,-0.00910540700943302,0.011590742164950301,0.008030561564282895,0.007867289651130928,15,16,15,0.005716946060705813,0.0026480145909894967,-0.5337097644805908
LR_a0p1_q0,200000,1,3,66,True,0.05,100,-0.03145470634360581,16,0.7587762718684254,0.8363683789097281,-0.0019398026760325676,0.04884007980572229,-0.04919766006256471,-0.010901266212301117,0.007379241117078352,0.005332672650039465,0.0064949703528260575,16,16,14,0.006517067293634575,0.0025987867321400873,0.4836636483669281
LR_a0p1_q0,200000,1,4,52,True,0.05,100,0.10419622488851132,18,0.5015768041847363,0.5700553197389752,-0.0017119628888559724,0.047585837116030844,-0.047922951687582954,-0.022506996906793978,0.01942018570063399,0.005977753898388989,0.006208342932548874,18,19,18,0.01039233161296609,0.0034266146340044853,0.7299383878707886
LR_a0p1_q0,200000,1,5,30,True,0.05,100,-0.01815452251760427,14,0.7220390429073553,0.6507198945088544,0.0017829787099625238,0.0485836844613875,-0.04823223323252768,-0.012481732316019697,0.015696238507084896,0.008398196571613278,0.006017875576700207,15,18,14,0.006818585088499057,0.0034731426737218815,0.7039548754692078
LR_a0p1_q0,200000,1,6,34,True,0.05,100,0.040351264905512926,17,0.9999445860775702,0.9994549118123497,1.2241856630512693e-05,0.04999973086428974,-0.049997492288059026,-2.5015604111851737e-06,2.4746697441682047e-05,8.88541970013669e-05,7.504526398814693e-05,17,18,16,7.311817374901168e-05,4.640071355269802e-05,-0.00820106454193592
LR_a0p1_q0,200000,1,7,16,True,0.05,100,0.046746067819512044,16,0.4239263750611774,0.45221298488641815,-0.0007071652456310182,0.047193279598964785,-0.04733792882279919,-0.025996960845905984,0.02472727957847827,0.005352995494552206,0.004756651967694349,17,17,16,0.00985840017622044,0.002660162824535581,-0.9686765670776367
LR_a0p1_q0,200000,1,8,56,True,0.05,100,0.09901250176257316,20,0.9696885634469382,0.9077463281533116,0.0015485558823406659,0.04985594434068505,-0.04954788333654514,-0.0013715161683382257,0.004160566928879654,0.0036752516073834183,0.0037039514833670127,20,20,17,0.0023052826717534355,0.0010867875474982304,0.1625785529613495
LR_a0p1_q0,200000,1,9,91,True,0.05,100,-0.10521427450542495,13,0.816423668462389,0.7765809759799958,0.0009960673120598396,0.04907310629214551,-0.048885729315819186,-0.008251922869025995,0.010056680516819495,0.0044971590013719405,0.0071727430547247496,14,15,11,0.004848335341330916,0.001362883698156088,0.693689227104187
LR_a0p1_q0,200000,1,0,66,True,0.05,200,-0.18607793030379444,12,0.42108461134889974,0.5354115974443935,-0.0028581746523873575,0.047199873602310316,-0.047676019707990985,-0.026145643034865183,0.020905439835771464,0.004529547817269249,0.004791580381113684,12,14,11,0.010291764972579638,0.0028096680446175657,-0.7379847168922424
LR_a0p1_q0,200000,1,1,97,True,0.05,200,-0.04336286315264845,15,0.356352671373913,0.37419298077780144,-0.00044600773509721053,0.047002591361422805,-0.047048377561852754,-0.029184957792727215,0.02833872852296252,0.003866411484523422,0.007050626949521044,14,16,14,0.010923207136560347,0.0024838198533050585,-0.8194659352302551
LR_a0p1_q0,200000,1,2,0,True,0.05,200,-0.026558093725354198,15,0.7600125940334316,0.6558282585003157,0.002604608388327899,0.048802755202150626,-0.04833252407998226,-0.010802125500479112,0.015541111154966463,0.0041631395826776385,0.0028224825124543973,15,16,15,0.006218813966685467,0.002521965696747584,-0.5337097644805908
LR_a0p1_q0,200000,1,3,66,True,0.05,200,-0.03145470634360581,16,0.7025458831636361,0.7698420141223833,-0.00168240327396868,0.048553653621297196,-0.04887083777742307,-0.013426359463115541,0.010378737071303669,0.0038269961966992216,0.009020150812877515,16,16,14,0.007338842593972068,0.002920900986803456,0.4836636483669281
LR_a0p1_q0,200000,1,4,52,True,0.05,200,0.10419622488851132,18,0.19648385419243297,0.45487259427155785,-0.006459718501978129,0.046192098821704726,-0.04735194476939561,-0.03636790611208292,0.024608315055817703,0.006404059956558676,0.004344985890442348,18,18,18,0.014312557924212885,0.0025835351196234133,0.7299383878707886
LR_a0p1_q0,200000,1,5,30,True,0.05,200,-0.01815452251760427,14,0.6464269351811832,0.5125975861807486,0.0033457337250108674,0.048218425879477875,-0.047562526861180954,-0.01589707912041881,0.021932647552143615,0.0037484268243049438,0.0029334209946928094,14,17,14,0.00822759016312027,0.0037645792650079202,0.7039548754692078
LR_a0p1_q0,200000,1,6,34,True,0.05,200,0.040351264905512926,17,1.0003835921832156,0.9989924299922134,3.477905477505816e-05,0.05000192168946006,-0.049995368214036065,1.7257919700675285e-05,4.5746714425263474e-05,0.00010961470918587521,0.00018380119209572977,17,18,16,9.579410832984481e-05,5.443828316360684e-05,-0.00820106454193592
LR_a0p1_q0,200000,1,7,16,True,0.05,200,0.046746067819512044,16,0.32539676651561045,0.36034396528661194,-0.0008736799692750374,0.04670825979964888,-0.04689219234431308,-0.030438421473868212,0.028874994079982584,0.004021931967628216,0.0030945256717370023,17,17,16,0.010991028297403272,0.002193709873730874,-0.9686765670776367
LR_a0p1_q0,200000,1,8,56,True,0.05,200,0.09901250176257316,20,0.9574286398959642,0.8279462811117888,0.003237058969604384,0.04979478045834501,-0.04914839838033891,-0.0019233484635467857,0.0077510843247494835,0.0027187972549036926,0.002014722282778982,20,20,17,0.0027883077512924933,0.0012411461942717962,0.1625785529613495
LR_a0p1_q0,200000,1,9,91,True,0.05,200,-0.10521427450542495,13,0.7488468997320832,0.7012026193334203,0.00119110700996658,0.04872751611110966,-0.04850657105600892,-0.011285171124505507,0.013446440089337918,0.0033230881303676044,0.003611933491238983,14,15,11,0.005971787403420677,0.0016836429764210802,0.693689227104187
LR_a0p1_q0,200000,1,0,66,True,0.05,500,-0.18607793030379444,12,0.26646375366092045,0.44591082319623165,-0.00448617673838278,0.04644072016424232,-0.047216290109084236,-0.03311753248119645,0.02492074894927268,0.004190322441740219,0.005665904744697775,12,14,11,0.012790311153447526,0.0022380309208079206,-0.7379847168922424
LR_a0p1_q0,200000,1,1,97,True,0.05,500,-0.04336286315264845,15,0.14525340344624646,0.2656579591110501,-0.003010113891620092,0.046044424670427235,-0.04652640561702403,-0.03878175449811487,0.03324350766147157,0.0027419595550747283,0.0037290235543436545,14,14,14,0.013571368569467501,0.001800027511202895,-0.8194659352302551
LR_a0p1_q0,200000,1,2,0,True,0.05,500,-0.026558093725354198,15,0.5699286103237574,0.5390692818587695,0.0007714832116247003,0.047914691685650754,-0.04778084973605423,-0.01941826116946289,0.020827385643115766,0.0027445994650821923,0.0017512252890270771,15,16,15,0.00844700047677692,0.0021856786141692306,-0.5337097644805908
LR_a0p1_q0,200000,1,3,66,True,0.05,500,-0.03145470634360581,16,0.6303418231455804,0.6571610474363837,-0.0006704806072700825,0.04819858068901545,-0.04832642775506074,-0.01668148953173649,0.015468375383241612,0.0025361632128788696,0.00257540114529515,16,16,14,0.007965472511850012,0.002954199504347737,0.4836636483669281
LR_a0p1_q0,200000,1,4,52,True,0.05,500,0.10419622488851132,18,0.1430355879833478,0.0488997531994495,0.0023533958695974577,0.0459149982057639,-0.04548073494820192,-0.038763218806596375,0.0430357472882298,0.006945156877491939,0.00662462552659378,18,18,18,0.015121094547874575,0.002199915654447265,0.7299383878707886
LR_a0p1_q0,200000,1,5,30,True,0.05,500,-0.01815452251760427,14,0.4588784398344267,0.39283633899869275,0.0016510525208933494,0.047352261866201714,-0.046966555421245476,-0.024408339874480448,0.0273247384713107,0.0021810979338077676,0.0015761466516781752,15,16,14,0.010387510660397234,0.003583775392426396,0.7039548754692078
LR_a0p1_q0,200000,1,6,34,True,0.05,500,0.040351264905512926,17,1.0006440457052461,0.9974949609455824,7.872711899159501e-05,0.0500032190364961,-0.04998850650415537,2.8983248766073283e-05,0.00011375845687623558,9.709615300121477e-05,0.00012558572021482856,17,18,16,0.00017932977352549533,0.000130618978597859,-0.00820106454193592
LR_a0p1_q0,200000,1,7,16,True,0.05,500,0.046746067819512044,16,0.1983165040327095,0.09432732669804766,0.002599729433366546,0.046088033436096604,-0.04556885657731438,-0.03617220823446109,0.040852490242411985,0.0015272738006201852,0.0018758076756386298,17,17,16,0.012760180267803727,0.0018206420672389374,-0.9686765670776367
LR_a0p1_q0,200000,1,8,56,True,0.05,500,0.09901250176257316,20,0.8901335593251825,0.5632471990596755,0.008172159006637675,0.04945312120066048,-0.04782446077286878,-0.004946443234401177,0.019662100819885103,0.004006405269570102,0.0022496681702184845,20,20,17,0.005883684164933319,0.0016334491292270242,0.1625785529613495
LR_a0p1_q0,200000,1,9,91,True,0.05,500,-0.10521427450542495,13,0.618785923182959,0.5019234120065336,0.002921562779410636,0.04806719056409679,-0.04758176827263371,-0.017127894404948774,0.02248559767230706,0.0018900596394552818,0.0026381792122911235,13,15,11,0.007868395888943664,0.0021790173543432805,0.693689227104187
LR_a0p1_q0,200000,1,0,66,True,0.05,1000,-0.18607793030379444,12,0.09994128157502113,0.15575563950237736,-0.0013953589481839057,0.04567325057220646,-0.04584584672952008,-0.04067618649345559,0.038058064754401155,0.003622502335134446,0.0017389200622782363,13,13,12,0.014945636581534803,0.002041808769448805,-0.7379847168922424
LR_a0p1_q0,200000,1,1,97,True,0.05,1000,-0.04336286315264845,15,0.13611801215181366,0.16353973050349815,-0.0006855429587921125,0.0459613982221907,-0.046106910840583416,-0.039155497614600035,0.03792992431540841,0.0017247527514114725,0.0017413847026312194,14,14,14,0.013509849748374807,0.0018341279047787017,-0.8194659352302551
LR_a0p1_q0,200000,1,2,0,True,0.05,1000,-0.026558093725354198,15,0.3497363387297017,0.3640995333115056,-0.00035907986454509697,0.04690933386049591,-0.046987337118754004,-0.029422516924010732,0.028782360453178668,0.0013668959912800677,0.0012521384528821086,15,16,15,0.011197175226853784,0.002110574761338382,-0.5337097644805908
LR_a0p1_q0,200000,1,3,66,True,0.05,1000,-0.03145470634360581,16,0.5559101189379528,0.614687360047601,-0.0014694310277412054,0.04783581481676888,-0.04813947269403579,-0.02004030886987132,0.017405104691655765,0.001779768502511877,0.003210662215002066,16,16,16,0.009043769493774676,0.003592314423921605,0.4836636483669281
LR_a0p1_q0,200000,1,4,52,True,0.05,1000,0.10419622488851132,18,0.16792606057346615,0.07623997224032453,0.0022921522083285406,0.04602342259782428,-0.04560323553797855,-0.03762711956915114,0.04179123692596244,0.0013566175909712043,0.0015279397192021287,18,18,18,0.013616623793754777,0.0018114403596246043,0.7299383878707886
LR_a0p1_q0,200000,1,5,30,True,0.05,1000,-0.01815452251760427,14,0.38048689383864326,0.29707464810134365,0.00208530614343249,0.04694547841412318,-0.04652489332872348,-0.027921133722191085,0.031671160923656155,0.0009350851675633959,0.0005913352510529057,14,16,14,0.011159590833957664,0.003569996279320976,0.7039548754692078
LR_a0p1_q0,200000,1,6,34,True,0.05,1000,0.040351264905512926,17,1.0007274969758122,0.994682836696345,0.00015111650698668155,0.0500036343828133,-0.04997562238144995,3.274046597733481e-05,0.00024148054663269907,0.00047805693765939867,0.00027894247516643307,17,18,16,0.0006021998681433508,0.0002713523185804661,-0.00820106454193592
LR_a0p1_q0,200000,1,7,16,True,0.05,1000,0.046746067819512044,16,0.1444367802645541,0.07374192078476949,0.001767371486994615,0.04581187507686246,-0.04544825207446279,-0.03859003606363473,0.04176115603522434,0.0015471115079373611,0.0015522670486659003,17,17,16,0.013383458117183122,0.001590348274464035,-0.9686765670776367
LR_a0p1_q0,200000,1,8,56,True,0.05,1000,0.09901250176257316,20,0.8777556173096662,0.3048240375644673,0.014323289493629973,0.04939464531931312,-0.04652740310663123,-0.00550686445382983,0.03128620122840795,0.0011349850557823807,0.0007409713157048637,20,20,18,0.004583623680536529,0.0014120618242045996,0.1625785529613495
LR_a0p1_q0,200000,1,9,91,True,0.05,1000,-0.10521427450542495,13,0.527924916903544,0.41021522200859584,0.0029427423723737134,0.047606886062879855,-0.04715729018939963,-0.021210640217702567,0.02664652908896986,0.0010777373753137769,0.000925166228183727,13,15,11,0.009224050852341433,0.002443178264037569,0.693689227104187
LR_a0p1_q0,200000,1,0,66,True,0.05,2000,-0.18607793030379444,12,0.08531513870411955,0.0899586584581541,-0.00011608799385087742,0.04550912834709135,-0.04553522033477678,-0.04124337141188532,0.0410372874118691,0.0017011796456422978,0.001451214388674192,12,12,12,0.014689826919810035,0.0021454178933006563,-0.7379847168922424
LR_a0p1_q0,200000,1,1,97,True,0.05,2000,-0.04336286315264845,15,0.1417721399637016,0.1359415709485108,0.00014576422537977002,0.04594235092511398,-0.04596520721028383,-0.038853743926928815,0.03916812866285836,0.0005892856969801822,0.0010508182582708277,15,16,15,0.013466300802848752,0.0016857170923918858,-0.8194659352302551
LR_a0p1_q0,200000,1,2,0,True,0.05,2000,-0.026558093725354198,15,0.20646440680026718,0.22386259840364284,-0.00043495479008439156,0.04627872262716974,-0.046363435066738255,-0.03595550228715641,0.03517030514655613,0.0006743305398611856,0.0004891223963938529,15,16,15,0.012896743184642949,0.0018718585544342534,-0.5337097644805908
LR_a0p1_q0,200000,1,3,66,True,0.05,2000,-0.03145470634360581,16,0.5057471832589963,0.554425718488939,-0.001216963380748566,0.04761456524792944,-0.047850210488274425,-0.022327206084979536,0.02012892456382763,0.0014483126858832128,0.0010989139297701114,16,16,16,0.009795154307440436,0.003648075242700765,0.4836636483669281
LR_a0p1_q0,200000,1,4,52,True,0.05,2000,0.10419622488851132,18,0.06331165895522073,0.08464558296009256,-0.0005333481001217888,0.045458939506822005,-0.04563735290835603,-0.04229335655906105,0.04140507376035139,0.0006219489310685223,0.005791333620801839,18,18,18,0.014724045975107684,0.0011611053300710137,0.7299383878707886
LR_a0p1_q0,200000,1,5,30,True,0.05,2000,-0.01815452251760427,14,0.2639890976750531,0.2779752653440948,-0.0003496541917260426,0.046424779745847716,-0.046421841403913255,-0.03322532486209516,0.03252307813670843,0.0004824432247999635,0.00042718451200228323,14,16,14,0.01237492510040203,0.003271415038110311,0.7039548754692078
LR_a0p1_q0,200000,1,6,34,True,0.05,2000,0.040351264905512926,17,1.0012203690633066,0.9905125977781295,0.0002676942821294298,0.05000604314884198,-0.04995654967745593,5.497530432347648e-05,0.0004309197885494848,0.00025796672755956245,0.00012533795339848532,17,18,16,0.0004325113932156027,0.00035985895858520054,-0.00820106454193592
LR_a0p1_q0,200000,1,7,16,True,0.05,2000,0.046746067819512044,16,0.09550159539364056,0.04529137297472008,0.001255255560473012,0.045534603704409954,-0.045299637100640666,-0.04075952393472783,0.04303506845190476,0.0007372188293056957,0.0005637567294995978,16,17,16,0.014021878874786993,0.0011310330662635077,-0.9686765670776367
LR_a0p1_q0,200000,1,8,56,True,0.05,2000,0.09901250176257316,20,0.7709681437292726,0.11287964805951178,0.01645221239174402,0.048854402102285976,-0.04556763323481372,-0.010305994915822483,0.039923650831838034,0.000863546199990498,0.003622028593678387,19,20,19,0.005499765891595278,0.0013746038956823717,0.1625785529613495
LR_a0p1_q0,200000,1,9,91,True,0.05,2000,-0.10521427450542495,13,0.47559178093727367,0.3495376907196507,0.0031513522554405676,0.04733860461397397,-0.04687599135634887,-0.02355901556711025,0.029399106820366276,0.0002890856830245453,0.0002604433935224065,13,15,11,0.010083162590252952,0.0026792969751848676,0.693689227104187
LR_a0p1_q0,200000,2,0,95,True,0.05,1,-0.19236419828116252,10,0.9999933084535967,0.9999933084536039,-1.6653345369377348e-16,0.04999996645080018,-0.04999996645080021,-3.010281202274722e-07,3.01028120108834e-07,0.0022766165475923334,0.0019672598808127563,10,12,8,4.156316434728376e-05,1.2863685182252553e-05,0.08191361278295517
LR_a0p1_q0,200000,2,1,39,True,0.05,1,-0.07862195989938287,13,0.982122459673383,0.9821224596733852,-5.551115123125783e-17,0.0499150519048166,-0.0499150519048166,-0.0008089289211474159,0.0008089289211473353,0.008808064980197566,0.009223094916542211,13,16,13,0.0018579892586195043,0.0009540163828503337,-0.4121846556663513
LR_a0p1_q0,200000,2,2,36,True,0.05,1,-0.029268634716978492,15,0.9995605204802821,0.999560520480286,-9.71445146547012e-17,0.049998015448584926,-0.0499980154485849,-1.998942457067941e-05,1.998942457070301e-05,0.020349392251741892,0.019195780033793047,15,17,14,0.00030919622747579766,0.00016939898307901635,-0.6300081610679626
LR_a0p1_q0,200000,2,3,48,True,0.05,1,-0.0696506055925802,11,0.968015857672954,0.9680158576729572,-8.326672684688674e-17,0.049824477118643705,-0.0498244771186437,-0.001423684234995964,0.0014236842349958927,0.011658521584119305,0.012636838565156638,11,16,11,0.0024568249947623383,0.0008902281237654657,0.5924911499023438
LR_a0p1_q0,200000,2,4,69,True,0.05,1,0.18448171149796558,20,0.966059748865612,0.9660597488656147,-5.551115123125783e-17,0.0498263414822447,-0.0498263414822447,-0.001523354038964066,0.0015233540389637354,0.0138980707659393,0.013792800508008227,20,22,19,0.0035355191323605357,0.000712687276962781,-0.589336097240448
LR_a0p1_q0,200000,2,5,33,True,0.05,1,0.020226417172763883,16,0.9999230307457654,0.9999230307457654,0.0,0.04999961410162398,-0.04999961410162397,-3.462564335743957e-06,3.4625643358454808e-06,0.009626569030531877,0.009189839208614818,16,18,15,0.00014649484615014216,5.853802880860345e-05,0.27781230211257935
LR_a0p1_q0,200000,2,6,25,True,0.05,1,-0.04797830022442372,14,0.993297317162361,0.9998518121037653,-0.00016386237353510635,0.04996800627655876,-0.04999929265897188,-0.00030314041844068957,6.702053783777967e-06,0.010100352446603521,0.011864651128044024,14,16,14,0.0007355063960838831,0.00017282860677114747,-0.3761225938796997
LR_a0p1_q0,200000,2,7,58,True,0.05,1,-0.058024639038433995,16,0.9904269095156365,0.9904269095156382,-4.163336342344337e-17,0.049956922662599684,-0.049956922662599657,-0.0004355771868178262,0.0004355771868178696,0.006620520386887988,0.0064642926988885616,16,16,13,0.001202202806319975,0.0005337492049768785,-0.2935211658477783
LR_a0p1_q0,200000,2,8,3,True,0.05,1,0.10495489500488592,16,0.9991488260586245,0.9991488260586195,1.249000902703301e-16,0.049996130153425175,-0.04999613015342516,-3.868885049395527e-05,3.8688850494149506e-05,0.029680364334441642,0.0289238393574033,16,17,16,0.0005252537305389306,0.0001894117855588676,-0.8797552585601807
LR_a0p1_q0,200000,2,9,12,True,0.05,1,-0.11489692068897756,15,0.9983558303139173,0.9983558303139178,-1.3877787807814457e-17,0.04999218745529643,-0.04999218745529646,-7.43959396006439e-05,7.439593960072846e-05,0.041080600705330456,0.04108887505928798,15,15,15,0.0005411205459281967,0.00016055847094182787,1.2500035762786865
LR_a0p1_q0,200000,2,0,95,True,0.05,2,-0.19236419828116252,10,0.9999911073729006,0.99999110703958,8.333028711504653e-12,0.04999995599200055,-0.04999995599041668,-4.0062335531245885e-07,4.006384378532765e-07,0.0022281380177702876,0.0019235524349289813,10,12,8,5.008774095494549e-05,1.5929159920180955e-05,0.08191361278295517
LR_a0p1_q0,200000,2,1,39,True,0.05,2,-0.07862195989938287,13,0.9831210215952907,0.9840930371090034,-2.4300387842818294e-05,0.04991979673725097,-0.04992441543002807,-0.0007637456574864432,0.0007197635745780674,0.008785761941183912,0.009094038976873022,13,16,13,0.0017759921801173467,0.0009006940074290725,-0.4121846556663513
LR_a0p1_q0,200000,2,2,36,True,0.05,2,-0.029268634716978492,15,0.999492811797047,0.9994928178743379,-1.519322723186889e-10,0.049997693719557146,-0.04999769374843438,-2.3053129704885735e-05,2.3052854717427523e-05,0.020114500085820608,0.018979557117379104,15,17,14,0.00034123953811242345,0.0001886229205781757,-0.6300081610679626
LR_a0p1_q0,200000,2,3,48,True,0.05,2,-0.0696506055925802,11,0.9565727552838452,0.970223903640377,-0.0003412787089132896,0.04976737789198309,-0.049835494910225375,-0.0019387401277908035,0.0013242997282065171,0.011360316983724101,0.015470417427878814,11,16,11,0.0022773339183607844,0.0008178576365663825,0.5924911499023438
LR_a0p1_q0,200000,2,4,69,True,0.05,2,0.18448171149796558,20,0.9484547574638308,0.9483821554863942,1.8150494359159275e-06,0.04973626387204014,-0.04973589239712852,-0.002313525998848755,0.0023167846228089838,0.013924758241672098,0.014358221725738203,19,22,19,0.0041357644116254135,0.0009598613082948839,-0.589336097240448
LR_a0p1_q0,200000,2,5,33,True,0.05,2,0.020226417172763883,16,0.9923087677967529,0.9923089002316932,-3.310873505912859e-09,0.049963433669532854,-0.04996343429881933,-0.0003479952796947557,0.0003479892872350628,0.00685701676766899,0.007378895285189242,16,18,15,0.0012885490845990588,0.000710206678224168,0.27781230211257935
LR_a0p1_q0,200000,2,6,25,True,0.05,2,-0.04797830022442372,14,0.9933381937879376,0.999750041768882,-0.00016029619952361018,0.04996820139178135,-0.049998806881555946,-0.0003012917023845201,1.1304793111913752e-05,0.010208627937116034,0.011541319498616953,14,16,14,0.0007228187899343756,0.00017049667270354043,-0.3761225938796997
LR_a0p1_q0,200000,2,7,58,True,0.05,2,-0.058024639038433995,16,0.9869767784671007,0.9869696294623709,1.7872511824668091e-07,0.04994089936325505,-0.04994086616143134,-0.000592060439899975,0.0005923846883129384,0.007932237938148238,0.008022138961503717,16,16,13,0.0015603151784985827,0.0007537851649879581,-0.2935211658477783
LR_a0p1_q0,200000,2,8,3,True,0.05,2,0.10495489500488592,16,0.9991422262653626,0.9991422262712946,-1.4829804051430528e-13,0.04999609540979591,-0.049996095409827135,-3.8984096527681496e-05,3.898409626250792e-05,0.029676259693635902,0.02891131335861087,16,17,16,0.000527774119114808,0.00019063914162664717,-0.8797552585601807
LR_a0p1_q0,200000,2,9,12,True,0.05,2,-0.11489692068897756,15,0.848264968628934,0.8482663345955144,-3.414916451005556e-08,0.04923968153128247,-0.04923968837978704,-0.00682643309983574,0.006826371650011317,0.024221611655102285,0.023758272959853853,15,15,15,0.006181105108712659,0.0014818625491755174,1.2500035762786865
LR_a0p1_q0,200000,2,0,95,True,0.05,5,-0.19236419828116252,10,0.9999895494797262,0.999989548549231,2.3262392012668442e-11,0.04999994720190157,-0.049999947197153866,-4.6972791537921333e-07,4.697696922668683e-07,0.002199802712659064,0.0018996875392426333,10,12,8,5.4283239890851096e-05,1.6597593280306834e-05,0.08191361278295517
LR_a0p1_q0,200000,2,1,39,True,0.05,5,-0.07862195989938287,13,0.9889582321546608,0.9851297245014123,9.57126913312123e-05,0.04994775997912354,-0.04992949401485852,-0.0004998483713905007,0.0006730077897880813,0.011414438136209348,0.011888098937262179,13,16,13,0.0015099634672455253,0.000709414564065308,-0.4121846556663513
LR_a0p1_q0,200000,2,2,36,True,0.05,5,-0.029268634716978492,15,0.9557144671061935,0.9556667059246227,1.1940295392698363e-06,0.04977756247891024,-0.04977732181783456,-0.0019918391236006475,0.0019939865216034,0.012688382739774493,0.012621680478122056,15,16,14,0.003242726411025845,0.0011507845675175212,-0.6300081610679626
LR_a0p1_q0,200000,2,3,48,True,0.05,5,-0.0696506055925802,11,0.9448641430774152,0.9445677155856863,7.410687293221696e-06,0.04970416245299725,-0.049700020304039555,-0.0024609552991263447,0.0024716345247553255,0.013113861860693875,0.012469097028498964,11,16,11,0.002821779748134948,0.001087151274357633,0.5924911499023438
LR_a0p1_q0,200000,2,4,69,True,0.05,5,0.18448171149796558,20,0.9261503135777527,0.9326673687195991,-0.00016292637854614656,0.04962759873951611,-0.04965859916928124,-0.0033200830606282842,0.003025230733301366,0.013692231669893386,0.017626612877437126,19,22,18,0.004929588273700097,0.0012297436889547545,-0.589336097240448
LR_a0p1_q0,200000,2,5,33,True,0.05,5,0.020226417172763883,16,0.9857537957038295,0.985749743174393,1.0131323591178187e-07,0.04993213134238394,-0.04993211207406055,-0.0006444415571923473,0.0006446249153410414,0.00673040154680621,0.007220891285391991,16,18,15,0.0018029987819167714,0.0007594599578617132,0.27781230211257935
LR_a0p1_q0,200000,2,6,25,True,0.05,5,-0.04797830022442372,14,0.9764604602546251,0.9766143169437491,-3.8464172281010844e-06,0.04988497201489531,-0.049885456240630344,-0.0010619490021639014,0.0010547403934429273,0.006915210093329952,0.006875301529923066,14,16,14,0.0019917229164374555,0.0006892342417510457,-0.3761225938796997
LR_a0p1_q0,200000,2,7,58,True,0.05,5,-0.058024639038433995,16,0.9872170253988366,0.9872017303860386,3.8237531994889107e-07,0.04994128696380806,-0.04994121514148933,-0.0005804356938661905,0.0005811286221875522,0.007803950112068137,0.007887876892133917,16,16,13,0.0015136466793188408,0.0007410673318710774,-0.2935211658477783
LR_a0p1_q0,200000,2,8,3,True,0.05,5,0.10495489500488592,16,0.9363884418188456,0.9363912004442987,-6.896563632674546e-08,0.04964486067517675,-0.049644874820422846,-0.002825438584234426,0.002825314798207906,0.020509473541615447,0.020129658174655687,16,17,16,0.002682221334690188,0.0015724052655983886,-0.8797552585601807
LR_a0p1_q0,200000,2,9,12,True,0.05,5,-0.11489692068897756,15,0.8033369649323036,0.8029942107418953,8.568854760207523e-06,0.04903453211680783,-0.04903288547383261,-0.008867683870192732,0.008883174936737803,0.023119023735484138,0.023065682715698085,15,15,15,0.005756556784744609,0.0017544453577446092,1.2500035762786865
LR_a0p1_q0,200000,2,0,95,True,0.05,10,-0.19236419828116252,10,0.9999884090259609,0.9999825305550292,1.469617732785533e-07,0.049999941117198965,-0.04999991282982519,-5.206659009532273e-07,7.863020735879412e-07,0.0021694125571025836,0.0019918990029615317,10,12,8,5.6230365457637536e-05,1.768162529385039e-05,0.08191361278295517
LR_a0p1_q0,200000,2,1,39,True,0.05,10,-0.07862195989938287,13,0.9627783054409855,0.9590897510752738,9.221385914279234e-05,0.049831352875019774,-0.04981384543301548,-0.0016924376029704713,0.00185935787925185,0.009572349761684125,0.009450930317410062,13,16,13,0.002646249264842879,0.0008321251697975781,-0.4121846556663513
LR_a0p1_q0,200000,2,2,36,True,0.05,10,-0.029268634716978492,15,0.9573834556123689,0.9577217070830413,-8.456286766808652e-06,0.049785930235107495,-0.04978762491376065,-0.001916757454488992,0.0019015395596086448,0.015642287857252208,0.0171184108090145,15,16,14,0.0029922386498173587,0.0010203618951834185,-0.6300081610679626
LR_a0p1_q0,200000,2,3,48,True,0.05,10,-0.0696506055925802,11,0.9478292161232018,0.9102790727644874,0.0009387535839678607,0.04972598854041334,-0.04953245603125535,-0.0023345277342532757,0.004018502393030829,0.010578359384936498,0.017818689090147413,11,16,11,0.0032938050091501684,0.0013263143337864706,0.5924911499023438
LR_a0p1_q0,200000,2,4,69,True,0.05,10,0.18448171149796558,20,0.6861648688777844,0.9194864951175347,-0.005833040655993743,0.04847317813086421,-0.0495927672624941,-0.014164934686974951,0.0036184425066174775,0.012027638452409674,0.01647615418408618,20,22,19,0.006604733998714605,0.0011992837737486738,-0.589336097240448
LR_a0p1_q0,200000,2,5,33,True,0.05,10,0.020226417172763883,16,0.9492927827137673,0.979392666221158,-0.000752497087684767,0.049747112475500045,-0.04989726192001802,-0.002282473339811653,0.0009276286089602301,0.007977826996902552,0.005284469514375675,16,18,15,0.0025850587836159745,0.0010452759145230801,0.27781230211257935
LR_a0p1_q0,200000,2,6,25,True,0.05,10,-0.04797830022442372,14,0.969653623767458,0.9618558138936517,0.00019494524684515735,0.04985524295174554,-0.049818827933987675,-0.0013725617633726915,0.001726037239304983,0.0057465203364966,0.005952002417114845,14,16,14,0.0020086690957041462,0.0007086142693407225,-0.3761225938796997
LR_a0p1_q0,200000,2,7,58,True,0.05,10,-0.058024639038433995,16,0.9787737923085416,0.9677047124487764,0.00027672699649412824,0.04989926946977957,-0.04984433947789549,-0.000960579854352489,0.0014591038554564078,0.008427172762908275,0.0063779687017907535,16,16,13,0.0018317440075002762,0.0008362910714206072,-0.2935211658477783
LR_a0p1_q0,200000,2,8,3,True,0.05,10,0.10495489500488592,16,0.7647499783794526,0.863897898857916,-0.002478698011961586,0.04881867321679621,-0.04927642484880093,-0.010581174297823626,0.006081529905905044,0.01330258365720219,0.014316708621454692,16,17,16,0.005344217931438754,0.0020977718004916855,-0.8797552585601807
LR_a0p1_q0,200000,2,9,12,True,0.05,10,-0.11489692068897756,15,0.6868757736611836,0.692841323046281,-0.00014913873462743532,0.048471644461952706,-0.04850125486275739,-0.014127855778893424,0.013859188710443292,0.015994659602203386,0.01563132919357472,15,15,15,0.007302026614922753,0.002259171497204066,1.2500035762786865
LR_a0p1_q0,200000,2,0,95,True,0.05,20,-0.19236419828116252,10,1.0033830023059014,0.9989614746979197,0.00011053819019954392,0.05001703425576051,-0.049994911856235974,0.00015211585953461064,4.683812133996287e-05,0.001441465193877013,0.0018396083378446157,10,12,8,0.0005937197362908674,0.0003098493959010032,0.08191361278295517
LR_a0p1_q0,200000,2,1,39,True,0.05,20,-0.07862195989938287,13,0.9285626149260584,0.9266416679885153,4.802367343857694e-05,0.04967812842952779,-0.049668775278010696,-0.0032499976832248093,0.0033366918785849853,0.007455218874155926,0.008809246337908456,13,16,13,0.0034952347789877006,0.0014726711199881351,-0.4121846556663513
LR_a0p1_q0,200000,2,2,36,True,0.05,20,-0.029268634716978492,15,0.9465130819917256,0.9302653558075713,0.00040619315460385663,0.04970383384121613,-0.04962930414356215,-0.00237817974163001,0.0031160363531834707,0.01059819392653687,0.015922852623183457,15,16,14,0.0037509471953818562,0.001393083181510481,-0.6300081610679626
LR_a0p1_q0,200000,2,3,48,True,0.05,20,-0.0696506055925802,11,0.9023966815561968,0.8690426410442603,0.0008338510127984117,0.04950438642207266,-0.04933215275980072,-0.00438455234426274,0.005880020707587717,0.008885113603868459,0.010483938138630218,11,16,11,0.004360694298860939,0.0019684790896115235,0.5924911499023438
LR_a0p1_q0,200000,2,4,69,True,0.05,20,0.18448171149796558,20,0.6776181301236422,0.9780268712957735,-0.007510218529303281,0.04842920005676551,-0.049873194150582445,-0.014548293550583603,0.0009718505857935502,0.009053932327098163,0.01550924780238755,20,22,19,0.006435112736760851,0.0011032767605919102,-0.589336097240448
LR_a0p1_q0,200000,2,5,33,True,0.05,20,0.020226417172763883,16,0.9381850884349252,0.9697493277858799,-0.0007891059837738662,0.04969470705272922,-0.04985193782938155,-0.0027854526309828813,0.0013644714400878949,0.004806321718168031,0.004584451658122727,16,18,15,0.0026962255031295033,0.0011145634666671666,0.27781230211257935
LR_a0p1_q0,200000,2,6,25,True,0.05,20,-0.04797830022442372,14,0.9558521883243437,0.9512154900076286,0.00011591745791787733,0.04978788555561173,-0.04976464361651156,-0.0019952761393946597,0.002203869116130116,0.006000390552108097,0.005770112487708483,14,16,14,0.0021257250515754602,0.0007867893969459871,-0.3761225938796997
LR_a0p1_q0,200000,2,7,58,True,0.05,20,-0.058024639038433995,16,0.9755718180822903,0.9626280795753012,0.0003235934626747289,0.04988308148714893,-0.04981936627000497,-0.0011044905830344454,0.0016879622912399504,0.005985747824376397,0.005896590076906972,16,16,13,0.0021830876139986724,0.0006815698712587893,-0.2935211658477783
LR_a0p1_q0,200000,2,8,3,True,0.05,20,0.10495489500488592,16,0.5749363048937184,0.7584093252912544,-0.0045868255099384,0.0479291774047928,-0.048806329667133,-0.01918236216010679,0.010885863402570577,0.012254224172539657,0.017137967888131503,17,17,16,0.008054626145710286,0.002378715599260247,-0.8797552585601807
LR_a0p1_q0,200000,2,9,12,True,0.05,20,-0.11489692068897756,15,0.5279697725703208,0.5230607438350993,0.0001227257183805397,0.047678756572133635,-0.047658308412025424,-0.021280267943617485,0.021505271220270437,0.012503300026109158,0.011776399153040297,15,15,15,0.009507708907303247,0.00352956984839203,1.2500035762786865
LR_a0p1_q0,200000,2,0,95,True,0.05,50,-0.19236419828116252,10,1.0034620358149542,0.9910371746012919,0.00031062153034155937,0.05001736054927361,-0.04995609784964078,0.0001557412414740777,0.00040423911957624043,0.0009466770982509404,0.0010993152147292437,10,12,8,0.0007197632732657141,0.0003272096020913789,0.08191361278295517
LR_a0p1_q0,200000,2,1,39,True,0.05,50,-0.07862195989938287,13,0.9008162050362828,0.8936343992456236,0.00017954514476647976,0.04955107522539651,-0.049518756287803306,-0.0045102649735823275,0.004837036325522205,0.005455771959865334,0.005192265661646006,13,16,13,0.003971218320458194,0.0018013057165081941,-0.4121846556663513
LR_a0p1_q0,200000,2,2,36,True,0.05,50,-0.029268634716978492,15,0.8685446490222243,0.8450211226986393,0.0005880881580896252,0.04931617515535511,-0.049207227356087624,-0.005888942704243885,0.006956171221155587,0.006517617882784702,0.006520880171814553,15,16,14,0.005014180989329644,0.0018763819916601642,-0.6300081610679626
LR_a0p1_q0,200000,2,3,48,True,0.05,50,-0.0696506055925802,11,0.7559431252349565,0.8017115899383039,-0.0011442116175836847,0.04878478909101584,-0.04899046057865068,-0.010987632829268061,0.008904881081735422,0.0074862029691747664,0.007085866554053864,11,16,11,0.006370192622811895,0.002610113783772113,0.5924911499023438
LR_a0p1_q0,200000,2,4,69,True,0.05,50,0.18448171149796558,20,0.4942784430842073,0.8362776350803836,-0.008549979799904406,0.04755233285723464,-0.04918078204562474,-0.02283841070302418,0.007366900291605704,0.009565142961202474,0.011060238777924902,20,22,19,0.008316246107802312,0.0012623204079151066,-0.589336097240448
LR_a0p1_q0,200000,2,5,33,True,0.05,50,0.020226417172763883,16,0.9004183361333425,0.9528953884245419,-0.0013119263072799842,0.049501258824313145,-0.04976226480075664,-0.004480342017646188,0.002117495379529824,0.00454239524659039,0.004288530047694333,16,18,15,0.0029845656570535273,0.0011918356790986077,0.27781230211257935
LR_a0p1_q0,200000,2,6,25,True,0.05,50,-0.04797830022442372,14,0.927213966845632,0.9129519229805355,0.000356551096627411,0.049646177497840144,-0.04957682749183143,-0.0032854791555583978,0.003929231342804625,0.0037194781517247213,0.0042555397327142435,14,16,14,0.003599760891059815,0.0013828316229769827,-0.3761225938796997
LR_a0p1_q0,200000,2,7,58,True,0.05,50,-0.058024639038433995,16,0.9536882718417905,0.9402368582314452,0.00033628534025863244,0.049774467873371364,-0.04971350006188072,-0.0020900542812815745,0.0027016571503087265,0.0036249728649430345,0.003955113037084253,16,16,14,0.002405870133925487,0.0013408346990925705,-0.2935211658477783
LR_a0p1_q0,200000,2,8,3,True,0.05,50,0.10495489500488592,16,0.5341241373720068,0.6650879708104795,-0.0032740958359618183,0.04772171738660051,-0.048337158524841994,-0.021015510518000102,0.015082759984318024,0.007438327259809473,0.012421600520452623,17,17,16,0.008432646170971945,0.0018242588805115257,-0.8797552585601807
LR_a0p1_q0,200000,2,9,12,True,0.05,50,-0.11489692068897756,15,0.42431212894182835,0.4232150549843622,2.7426848936654147e-05,0.047164027571222955,-0.04716243096791059,-0.02594842112413153,0.02600167821869246,0.007164141576464451,0.006463509142569074,15,15,15,0.010438650313217179,0.003750229104358449,1.2500035762786865
LR_a0p1_q0,200000,2,0,95,True,0.05,100,-0.19236419828116252,10,1.0092132611361126,0.9377408776846224,0.001786809586287269,0.05004575246329718,-0.0497168039317846,0.0004149105935084636,0.00282976004755348,0.005141860111152589,0.005076424609488527,10,12,8,0.003936949510394318,0.0005158869678478624,0.08191361278295517
LR_a0p1_q0,200000,2,1,39,True,0.05,100,-0.07862195989938287,13,0.8661105852047352,0.8306199295687772,0.0008872663908989498,0.04939373259626942,-0.049224803964764585,-0.00608820333603268,0.0076938074863256685,0.004255802363914076,0.003802876171017382,13,16,13,0.004769879640532403,0.0022836674116922815,-0.4121846556663513
LR_a0p1_q0,200000,2,2,36,True,0.05,100,-0.029268634716978492,15,0.7964299808434661,0.7635636224409892,0.0008216589600619217,0.048970310380730186,-0.04882401421258609,-0.009148811338556807,0.010645833090536657,0.005670104593309455,0.005928314771725919,14,16,14,0.005647945134697053,0.0018318129477736876,-0.6300081610679626
LR_a0p1_q0,200000,2,3,48,True,0.05,100,-0.0696506055925802,11,0.6300536984704763,0.6076326257008371,0.0005605268192409862,0.0481680987042521,-0.04804013574721861,-0.0166654137807285,0.017658504462176604,0.007384920262619892,0.006496912856862526,11,16,11,0.007693775540343514,0.0030777371483172514,0.5924911499023438
LR_a0p1_q0,200000,2,4,69,True,0.05,100,0.18448171149796558,20,0.23145948940933747,0.7329436937314404,-0.012537105108052587,0.046291225738562224,-0.04867361985806007,-0.034718251268095475,0.012026435171487888,0.003079331556820075,0.007987891036041826,20,21,19,0.012018283739254646,0.0014025040342653555,-0.589336097240448
LR_a0p1_q0,200000,2,5,33,True,0.05,100,0.020226417172763883,16,0.861426009786422,0.9277355777022311,-0.0016577391978952263,0.04930654041169506,-0.04963586974294998,-0.006235239922374347,0.0032490908578379127,0.0028226054161625907,0.0028771103583212594,16,18,15,0.00353096438195125,0.0015809213658695787,0.27781230211257935
LR_a0p1_q0,200000,2,6,25,True,0.05,100,-0.04797830022442372,14,0.9072026698402508,0.8896743246260175,0.00043820863035583246,0.04954998316304807,-0.04946511926088526,-0.004189849671035617,0.004981403029584311,0.0036670095291663645,0.003947131540628194,14,16,14,0.0037278452503764583,0.001462586864653948,-0.3761225938796997
LR_a0p1_q0,200000,2,7,58,True,0.05,100,-0.058024639038433995,16,0.9232968679965897,0.9448320822975537,-0.0005383803575240986,0.04962370642135136,-0.04975242883738398,-0.003458863021521919,0.002510824722506329,0.005378917874271926,0.0034713457487415313,16,16,13,0.00449316355323293,0.001709659595000166,-0.2935211658477783
LR_a0p1_q0,200000,2,8,3,True,0.05,100,0.10495489500488592,16,0.43294343706403005,0.34756160492043,0.0021345458035900017,0.04722691463419712,-0.04682696268274922,-0.02557974278099561,0.029448882436727802,0.0068122701415103,0.0064028109462857105,17,17,16,0.009975860406651653,0.0022405893276287794,-0.8797552585601807
LR_a0p1_q0,200000,2,9,12,True,0.05,100,-0.11489692068897756,15,0.38200188836447935,0.3990991806451344,-0.000427432307016376,0.04694324360814045,-0.04702552285343717,-0.02784314918991644,0.027070563821180525,0.006319199525829322,0.006334801879672887,15,15,15,0.010546182489930422,0.0031799116674065203,1.2500035762786865
LR_a0p1_q0,200000,2,0,95,True,0.05,200,-0.19236419828116252,10,0.9917138489094207,0.8787069632103445,0.002825172142476906,0.049958196817391526,-0.04944589948538286,-0.00037250437192042817,0.005510551324865691,0.0016422181966847134,0.0009613168212643739,10,12,8,0.002311669617768843,0.0007069828030246652,0.08191361278295517
LR_a0p1_q0,200000,2,1,39,True,0.05,200,-0.07862195989938287,13,0.8129163041285548,0.7681275810482363,0.0011197180770079612,0.049137657383107936,-0.04893287630388507,-0.008491842176680052,0.010526497251473421,0.003548208955772099,0.0046537688261583604,13,16,13,0.005706654604748667,0.0025755000203851303,-0.4121846556663513
LR_a0p1_q0,200000,2,2,36,True,0.05,200,-0.029268634716978492,15,0.716201947038434,0.65826874384873,0.001448330079742599,0.04858387995596958,-0.04832119116923689,-0.012773782604048083,0.01540775397680023,0.0050604118405694065,0.0036624533690372313,14,16,14,0.006533982841840814,0.002034468437722144,-0.6300081610679626
LR_a0p1_q0,200000,2,3,48,True,0.05,200,-0.0696506055925802,11,0.5313425530391486,0.5164756208515122,0.00037167330469090043,0.04771970579495165,-0.0475999718029665,-0.02115257814299416,0.021776190760390838,0.004038374584972252,0.005482157159973209,12,16,11,0.008723485778131888,0.002391584011112206,0.5924911499023438
LR_a0p1_q0,200000,2,4,69,True,0.05,200,0.18448171149796558,20,0.06384861635445827,0.5338487462229807,-0.011750003246713075,0.04549148515890488,-0.04771704842773276,-0.04229905434118188,0.02102461111658363,0.003326389587098291,0.00496845763192602,20,20,19,0.015319305849324187,0.0012440829486436763,-0.589336097240448
LR_a0p1_q0,200000,2,5,33,True,0.05,200,0.020226417172763883,16,0.7844385693470277,0.9055226542926633,-0.0030271021236408895,0.04892091520495389,-0.04952220618014304,-0.009698986737602305,0.004246073465509712,0.0027690703978364766,0.0023505214917609453,16,18,16,0.004893756797791697,0.002204074271550153,0.27781230211257935
LR_a0p1_q0,200000,2,6,25,True,0.05,200,-0.04797830022442372,14,0.8875306274720418,0.8519436977101191,0.000889673244048067,0.04945605783946494,-0.049284772911406816,-0.0050795264658631,0.006687588025900777,0.0029986405347391678,0.0033653079395392746,14,16,14,0.004183473473621888,0.0015947391815626173,-0.3761225938796997
LR_a0p1_q0,200000,2,7,58,True,0.05,200,-0.058024639038433995,16,0.8843051171331301,0.852813171716662,0.0007872986354117012,0.049434119333213816,-0.04930686026623976,-0.0052188634765570705,0.0066662016804067605,0.003003004599369879,0.0021821883945907254,15,16,13,0.003916460898830259,0.001874925199134944,-0.2935211658477783
LR_a0p1_q0,200000,2,8,3,True,0.05,200,0.10495489500488592,16,0.34575436358694867,0.20630180220218397,0.0034863140346191174,0.04677616774731215,-0.04613724800187477,-0.029488449567964873,0.03582215789176561,0.0065526509928619655,0.0060625541688816694,17,17,16,0.011713824861260234,0.0024473159782761895,-0.8797552585601807
LR_a0p1_q0,200000,2,9,12,True,0.05,200,-0.11489692068897756,15,0.2274081712815601,0.2619852049228172,-0.0008644258410314271,0.04616596300740372,-0.04633947462740398,-0.03479555444332569,0.033240214381263136,0.0033856020872528787,0.003223981704634439,15,15,15,0.01248374709212316,0.0027460183703472384,1.2500035762786865
LR_a0p1_q0,200000,2,0,95,True,0.05,500,-0.19236419828116252,10,1.0022416569743646,0.7773830053028169,0.005621466291788696,0.049996008581861096,-0.048983303187294935,0.0001160742668571224,0.010114152922154066,0.003987767387687913,0.0005252374114752815,10,12,8,0.003174244195652993,0.001108368606463668,0.08191361278295517
LR_a0p1_q0,200000,2,1,39,True,0.05,500,-0.07862195989938287,13,0.7809486284816031,0.6950107347456541,0.002148447343398724,0.04899264260865055,-0.048579139854021736,-0.009945211184570282,0.013828603116739002,0.005634426970467245,0.0022930300882870584,13,15,13,0.006481614342254111,0.002413966446347649,-0.4121846556663513
LR_a0p1_q0,200000,2,2,36,True,0.05,500,-0.029268634716978492,15,0.46257236449653294,0.5317772250399211,-0.0017301215135847037,0.047379846117133084,-0.04770719826083597,-0.024251227892306354,0.021118337008839937,0.0020883873286764265,0.0024240095122530264,15,16,14,0.009911136136294664,0.002388448528886236,-0.6300081610679626
LR_a0p1_q0,200000,2,3,48,True,0.05,500,-0.0696506055925802,11,0.27852044467403636,0.24116280617314828,0.0009339409625222089,0.04652706935161166,-0.04627708691969672,-0.03260104711790955,0.034218946611039414,0.0027185647009199034,0.002114885634465051,13,15,11,0.01176213982372686,0.0020233949365640355,0.5924911499023438
LR_a0p1_q0,200000,2,4,69,True,0.05,500,0.18448171149796558,20,0.02247472232879022,0.2157008559988327,-0.004830653341751062,0.04528837576272653,-0.0461895246300702,-0.04416463964628696,0.035404481830128676,0.006145666554304591,0.002644351624077927,20,20,20,0.016017305807981094,0.001972681536677962,-0.589336097240448
LR_a0p1_q0,200000,2,5,33,True,0.05,500,0.020226417172763883,16,0.6500337338586555,0.8506159693500694,-0.00501455588728535,0.048256535515982,-0.04925726849390284,-0.01575484882304975,0.006726470026399156,0.0014507395108381937,0.0021921812759390213,16,18,16,0.006488416983346505,0.0023604951645528256,0.27781230211257935
LR_a0p1_q0,200000,2,6,25,True,0.05,500,-0.04797830022442372,14,0.8212688407400903,0.7755900326308651,0.00114197020273063,0.04913548314189431,-0.04891416524093323,-0.008072041104890043,0.010134663609389563,0.0016767289666895836,0.0016007215823219728,14,16,14,0.0053870088548049295,0.001986945972018492,-0.3761225938796997
LR_a0p1_q0,200000,2,7,58,True,0.05,500,-0.058024639038433995,16,0.8183342705477614,0.6915963449261803,0.0031684481405395287,0.04911385897346193,-0.04852029278358275,-0.008197145446073794,0.01394047553727363,0.001788709257315101,0.0018285682899954782,16,16,14,0.005325959610452231,0.002492933276951079,-0.2935211658477783
LR_a0p1_q0,200000,2,8,3,True,0.05,500,0.10495489500488592,16,0.1747807983064409,0.07842720102186396,0.0024088399321144233,0.045940717291034466,-0.04550968952912035,-0.037201677375712276,0.04158832947802698,0.003333315770316329,0.0012700814489644697,17,17,17,0.01348092093739918,0.001819326626092404,-0.8797552585601807
LR_a0p1_q0,200000,2,9,12,True,0.05,500,-0.11489692068897756,15,0.14637662295861054,0.17549625108005118,-0.0007279907030360161,0.04572909224462052,-0.04588182008753358,-0.038410261096689866,0.03710700753353116,0.0014652333341116136,0.0023656558079164043,15,15,15,0.013311186954183582,0.0022150937787856163,1.2500035762786865
LR_a0p1_q0,200000,2,0,95,True,0.05,1000,-0.19236419828116252,10,1.0126578669204438,0.6003096977425276,0.010308704229447907,0.05003991181460135,-0.04817711316884843,0.0005929815314207784,0.01816162828172204,0.002328504625124688,0.0016457179222517289,10,12,8,0.0030277885644467775,0.0009006715267057689,0.08191361278295517
LR_a0p1_q0,200000,2,1,39,True,0.05,1000,-0.07862195989938287,13,0.6838260210180597,0.6231306785799334,0.001517383560953156,0.048519017199918024,-0.04823060382218289,-0.014327716149015228,0.017074069893186203,0.0010414254065453466,0.0014508166807289352,13,15,13,0.00750140333325249,0.0027162289916225564,-0.4121846556663513
LR_a0p1_q0,200000,2,2,36,True,0.05,1000,-0.029268634716978492,15,0.2974946845573051,0.45623652102633083,-0.003968545911725643,0.04658454472104526,-0.047334833128001075,-0.03170981049318013,0.024523007076684422,0.0015014300117496264,0.001489461944602052,14,16,14,0.011869567484065877,0.002314440443211041,-0.6300081610679626
LR_a0p1_q0,200000,2,3,48,True,0.05,1000,-0.0696506055925802,11,0.1332242444289078,0.07724427399128153,0.0013994992609406565,0.04585231089029834,-0.04551844452613885,-0.03919109866885297,0.04165623082657487,0.0008120846331521069,0.002387217205692112,11,13,12,0.013745813763969413,0.00156459922911338,0.5924911499023438
LR_a0p1_q0,200000,2,4,69,True,0.05,1000,0.18448171149796558,20,0.06912390059476636,0.09262420729192422,-0.0005875076674289603,0.045513964999518486,-0.04560797708915129,-0.04205776996978004,0.04097676672455505,0.0008909150293398902,0.002682596705037266,20,20,20,0.014628194936646412,0.0014439727732331183,-0.589336097240448
LR_a0p1_q0,200000,2,5,33,True,0.05,1000,0.020226417172763883,16,0.45452407068045886,0.8080908943419215,-0.008839170591536567,0.04730008260861291,-0.049052048827931,-0.024573879074589938,0.00864750411083516,0.0006162903849403593,0.0008958937558017426,16,18,16,0.009120116439068343,0.0022798751203844453,0.27781230211257935
LR_a0p1_q0,200000,2,6,25,True,0.05,1000,-0.04797830022442372,14,0.7662434199932511,0.7205606468564657,0.0011420693284196343,0.04886620475707726,-0.048642084867547536,-0.010554033757414701,0.012614052524724481,0.0010519400620249758,0.001084945496995712,14,16,14,0.006532951315146653,0.002313401019220238,-0.3761225938796997
LR_a0p1_q0,200000,2,7,58,True,0.05,1000,-0.058024639038433995,16,0.7741583994943707,0.4719695948095748,0.007554720117119898,0.0488988870345721,-0.047432398050791524,-0.010190967059853664,0.02383391831031266,0.001667759977566817,0.0008291133506185494,16,16,15,0.006044486936220516,0.002283313441749755,-0.2935211658477783
LR_a0p1_q0,200000,2,8,3,True,0.05,1000,0.10495489500488592,16,0.11942130822301528,0.08537939621161339,0.0008510478002850541,0.04564267870165771,-0.04552368125497852,-0.039671613290506856,0.04125471144439792,0.001237651271005648,0.001681098653891993,17,17,17,0.014011430057386608,0.0018182663536694616,-0.8797552585601807
LR_a0p1_q0,200000,2,9,12,True,0.05,1000,-0.11489692068897756,15,0.09918077467175046,0.11569301114736252,-0.0004128059118903016,0.04545129500465475,-0.045539340046198,-0.040492256271067305,0.039754689488829736,0.0004914956240640991,0.000907865525679573,15,15,15,0.014048109876430561,0.001913441441169676,1.2500035762786865
LR_a0p1_q0,200000,2,0,95,True,0.05,2000,-0.19236419828116252,10,0.9993899531946437,0.29679104150147406,0.017564972792329242,0.04994623385812327,-0.046801227990868,2.326380160884156e-05,0.03196167591579413,0.0011168190498961562,0.0013100422393109744,10,12,9,0.0034839373747392165,0.0013030086680791812,0.08191361278295517
LR_a0p1_q0,200000,2,1,39,True,0.05,2000,-0.07862195989938287,13,0.6394824917844188,0.5925479925829835,0.0011733624800358833,0.04830282647848588,-0.04807707103345202,-0.016328701889265038,0.018449671404302825,0.001434968344792646,0.0006722230922198187,13,15,13,0.008258087566233112,0.0028722564078749666,-0.4121846556663513
LR_a0p1_q0,200000,2,2,36,True,0.05,2000,-0.029268634716978492,15,0.256923039830112,0.3663577014162689,-0.0027358665396539222,0.04636397385609717,-0.0468891313354583,-0.03351782186459161,0.02857124626464482,0.0004549897908044214,0.0007883705665591966,14,15,14,0.012124142526276237,0.0019740699643705233,-0.6300081610679626
LR_a0p1_q0,200000,2,3,48,True,0.05,2000,-0.0696506055925802,11,0.07491449472676576,0.08292571579015584,-0.00020028052658475903,0.045583957280646084,-0.04556274154176784,-0.04183823254430791,0.04141645575225991,0.0014531140977844432,0.0008453792722015867,13,12,12,0.014509937175449527,0.0010206426415437513,0.5924911499023438
LR_a0p1_q0,200000,2,4,69,True,0.05,2000,0.18448171149796558,20,0.0757475956614101,0.06109639501250652,0.0003662800162226032,0.045541104461752385,-0.04546179687742431,-0.04175372467868191,0.042406977126798875,0.0005889976517783514,0.0014792001274001874,20,20,20,0.014554060660516361,0.0012264717963118604,-0.589336097240448
LR_a0p1_q0,200000,2,5,33,True,0.05,2000,0.020226417172763883,16,0.29425458080247585,0.7895003004679076,-0.012381142991635796,0.04649900199969328,-0.048964076730524206,-0.03178627295956928,0.009489061707129057,0.000553145708364237,0.0006472303207711079,16,18,16,0.011353856909353076,0.0018495092644571442,0.27781230211257935
LR_a0p1_q0,200000,2,6,25,True,0.05,2000,-0.04797830022442372,14,0.6970764990526718,0.6759741675625369,0.0005275582872533713,0.048537402112680234,-0.04842608959919484,-0.013683577160046586,0.014627381221068027,0.0005398480018391651,0.0004066502215542111,14,15,14,0.0076824015507043234,0.002959086436397914,-0.3761225938796997
LR_a0p1_q0,200000,2,7,58,True,0.05,2000,-0.058024639038433995,16,0.5470343847948528,0.3047832382118981,0.006056278664573866,0.04778129793776695,-0.04659509162388595,-0.020429578698024302,0.03135592971329122,0.0013702001179819454,0.0007926716790759745,16,16,15,0.008472608520484743,0.002091594091659999,-0.2935211658477783
LR_a0p1_q0,200000,2,8,3,True,0.05,2000,0.10495489500488592,16,0.06866132526289953,0.07623311767864627,-0.00018929481039367535,0.04538251750910442,-0.045436068583355,-0.04194945124595943,0.04162441269942269,0.0008720013407751675,0.001997965291592242,17,17,17,0.014692706127725186,0.0017351648795657867,-0.8797552585601807
LR_a0p1_q0,200000,2,9,12,True,0.05,2000,-0.11489692068897756,15,0.08537810404832369,0.0943454836760721,-0.00022418449069371016,0.04535947223446446,-0.04540430972872686,-0.04109056703204818,0.040687035544923186,0.00017050507424647078,0.00030878616623368455,15,15,15,0.014298441056597437,0.0019315925376711832,1.2500035762786865
LR_a0p1_q0,200000,3,0,4,True,0.05,1,0.19701466423060188,22,0.9494241723840641,0.9996198332320289,-0.0012548915211991196,0.04974642953297996,-0.04999809396960078,-0.002275220913776841,1.710230799944714e-05,0.012570275979561259,0.02118856885120137,22,23,17,0.0031767334445084324,0.000951028801363182,0.6174188852310181
LR_a0p1_q0,200000,3,1,59,True,0.05,1,-0.08330131728898184,14,0.9997199335226682,0.9997199335226742,-1.5265566588595902e-16,0.04999866921772576,-0.049998669217725736,-1.2672541592196251e-05,1.2672541592168953e-05,0.016431800614032554,0.015278205226604533,14,14,12,0.00023255189359940127,0.00011930404956398731,-0.5159035325050354
LR_a0p1_q0,200000,3,2,21,True,0.05,1,-0.06901649439003114,16,0.9244753528696431,0.9244753528696387,1.1102230246251565e-16,0.04965895442538046,-0.04965895442538046,-0.003435186781898334,0.003435186781898442,0.02162540352311521,0.021746504421604244,16,16,16,0.004053304382045163,0.00222050834643962,-0.8258880972862244
LR_a0p1_q0,200000,3,3,84,True,0.05,1,-0.12390073964408874,12,0.9857267673252856,0.9857267673252829,6.938893903907228e-17,0.04992167121757657,-0.04992167121757657,-0.0006353328513123879,0.0006353328513123608,0.008837117428056582,0.00887796525231495,13,16,9,0.0016412246830024377,0.000592120075835789,-0.3957999050617218
LR_a0p1_q0,200000,3,4,59,True,0.05,1,0.1897961348981782,20,0.999537705350918,0.999537705350918,0.0,0.04999763462553036,-0.04999763462553036,-2.074935798449658e-05,2.074935798455581e-05,0.026172719785941018,0.025238946597392117,20,21,19,0.00041262458386044214,8.262602860560293e-05,-0.6878044009208679
LR_a0p1_q0,200000,3,5,89,True,0.05,1,0.029958489907697703,18,0.9661318999211779,0.9801464970202811,-0.0003503649274775797,0.04983019655122041,-0.04990046110444735,-0.0015236015551615644,0.0008931362534332816,0.015173176433027059,0.01822506384851838,18,18,16,0.0030729756848618442,0.0012279312894895298,-0.5827580094337463
LR_a0p1_q0,200000,3,6,2,True,0.05,1,-0.06696208821176669,12,0.9995683901124377,0.9995683901124349,6.938893903907228e-17,0.04999793980892254,-0.049997939808922524,-1.9520303300663657e-05,1.9520303300672144e-05,0.02025203535880414,0.018729628458819373,12,15,12,0.00030637384730263157,7.274003317201793e-05,-0.6419020295143127
LR_a0p1_q0,200000,3,7,41,True,0.05,1,-0.09965230262734344,13,0.9814170810181289,0.9814170810181405,-2.914335439641036e-16,0.0499163799117775,-0.049916379911777525,-0.0008455258608707156,0.0008455258608704661,0.0084301270334316,0.008550295804943242,13,14,10,0.001674976129621538,0.0007464366719594289,0.4089500904083252
LR_a0p1_q0,200000,3,8,39,True,0.05,1,-0.1378106016433841,12,0.9445648700961203,0.9445648700961268,-1.6653345369377348e-16,0.049747965207633464,-0.04974796520763345,-0.0025197217028271692,0.0025197217028272664,0.01749845683543758,0.01896147423027846,12,15,11,0.004238893651030265,0.001535558028041948,-0.7099785804748535
LR_a0p1_q0,200000,3,9,33,True,0.05,1,-0.1697914235254473,12,0.9884366934641988,0.9884366934641953,8.326672684688674e-17,0.04994505503294681,-0.04994505503294681,-0.0005232203597368874,0.0005232203597370515,0.006279354270738492,0.006331320645190506,12,14,10,0.0014350324607624327,0.0004262083797741402,0.3314965069293976
LR_a0p1_q0,200000,3,0,4,True,0.05,2,0.19701466423060188,22,0.9384865486519084,0.9622665236462297,-0.0005944993748580318,0.049694457601444406,-0.04982060352963316,-0.002770130168848843,0.0017072773473218114,0.011557367934586034,0.010882427630096862,21,23,17,0.003746243388882006,0.0011466907268203965,0.6174188852310181
LR_a0p1_q0,200000,3,1,59,True,0.05,2,-0.08330131728898184,14,0.9997508071787575,0.9997508109022235,-9.308664949969625e-11,0.04999881591901845,-0.049998815936711086,-1.1275560080451848e-05,1.1275391599816579e-05,0.016508928364085563,0.015348546697378543,14,14,12,0.00020691701788695755,0.00010615284238552944,-0.5159035325050354
LR_a0p1_q0,200000,3,2,21,True,0.05,2,-0.06901649439003114,16,0.9297712176690232,0.9297725028522641,-3.212958102349894e-08,0.04968411860450339,-0.04968412471126449,-0.003195557721052225,0.003195499568651358,0.020380947805709326,0.020407615632309244,16,16,16,0.0031980256886751067,0.0011949199718776834,-0.8258880972862244
LR_a0p1_q0,200000,3,3,84,True,0.05,2,-0.12390073964408874,12,0.9814499560416068,0.981448661705237,3.23584092437601e-08,0.049900330622293265,-0.04990032416376455,-0.0008278328202129793,0.0008278910785025885,0.010484300289442836,0.01100251359074442,13,16,9,0.0020608551749876805,0.0007551511591085559,-0.3957999050617218
LR_a0p1_q0,200000,3,4,59,True,0.05,2,0.1897961348981782,20,0.9555268983679033,0.9555266524649203,6.147574560522173e-09,0.04977244915251709,-0.049772447894331134,-0.001996104234121914,0.001996115271085139,0.01634963516958145,0.015649379370393533,20,21,19,0.002426324172351519,0.0008104240550423138,-0.6878044009208679
LR_a0p1_q0,200000,3,5,89,True,0.05,2,0.029958489907697703,18,0.9680046514181273,0.9801579758666856,-0.00030383311121395806,0.04983909524027447,-0.04990051564808806,-0.0014388626693681026,0.0008926168547539098,0.016455248697878944,0.01826719295100531,18,18,16,0.0027652010631227923,0.00096240517006688,-0.5827580094337463
LR_a0p1_q0,200000,3,6,2,True,0.05,2,-0.06696208821176669,12,0.9577594337073903,0.9577593308107665,2.57241559997734e-09,0.04979837431835832,-0.049798373827204805,-0.0019104026329889684,0.0019104072866667102,0.01323204074000497,0.013004205428538635,12,15,12,0.002952313147083682,0.0009404906314103606,-0.6419020295143127
LR_a0p1_q0,200000,3,7,41,True,0.05,2,-0.09965230262734344,13,0.9823692162097416,0.9823694368024394,-5.514817436047537e-09,0.04992080187342972,-0.049920802897919114,-0.0008023410629424562,0.0008023310577972087,0.008397956594366708,0.0076625075040931585,13,14,10,0.0014104253240889383,0.000413721581866818,0.4089500904083252
LR_a0p1_q0,200000,3,8,39,True,0.05,2,-0.1378106016433841,12,0.944172556862406,0.9441218960091391,1.2665213316720436e-06,0.049745899933009916,-0.04974563323648868,-0.0025372720898896714,0.002539538436031684,0.01757224503541774,0.019117035747181776,12,15,11,0.004256600022216523,0.001541091064866349,-0.7099785804748535
LR_a0p1_q0,200000,3,9,33,True,0.05,2,-0.1697914235254473,12,0.9887303482749928,0.9887304632289023,-2.873847743112279e-09,0.04994652732101457,-0.04994652789735545,-0.0005100099072649549,0.0005100047359102425,0.007026383547499863,0.006629307306101548,12,14,10,0.00134770596518373,0.0003885563329010674,0.3314965069293976
LR_a0p1_q0,200000,3,0,4,True,0.05,5,0.19701466423060188,22,0.9295367399894972,0.9631849126815911,-0.0008412043173023354,0.04964433776915472,-0.04981653667315397,-0.003167500769679848,0.0016572910390745444,0.012634650316328676,0.01078471098577589,20,23,17,0.004081775228985673,0.0011926332556179574,0.6174188852310181
LR_a0p1_q0,200000,3,1,59,True,0.05,5,-0.08330131728898184,14,0.975349242518529,0.9753496959671378,-1.1336215230417501e-08,0.0498761757180928,-0.049876177809874495,-0.0011087135921662473,0.0011086930115176855,0.013960913077410457,0.01311341284858569,14,14,12,0.001639255333757291,0.0004497965066280196,-0.5159035325050354
LR_a0p1_q0,200000,3,2,21,True,0.05,5,-0.06901649439003114,16,0.859751655755393,0.8596463062919657,2.6337365856832218e-06,0.04933539577621254,-0.04933487808395548,-0.006347812988442696,0.006352562769357334,0.022302247297468,0.022176460741246136,16,16,16,0.005173363664890993,0.0022570086368965607,-0.8258880972862244
LR_a0p1_q0,200000,3,3,84,True,0.05,5,-0.12390073964408874,12,0.9828085147649035,0.9828153242128124,-1.7023619772182919e-07,0.0499071148157359,-0.04990714870773716,-0.0007666890774907381,0.0007663824970965633,0.011003147002494688,0.009739120785446328,13,16,9,0.001437736800071877,0.0005331741328255043,-0.3957999050617218
LR_a0p1_q0,200000,3,4,59,True,0.05,5,0.1897961348981782,20,0.9279246516203038,0.935761318562246,-0.0001959166735485407,0.04964020208504487,-0.04967784148176796,-0.0032439695040297387,0.0028897755536557205,0.01703503988400371,0.012925495832806643,20,21,19,0.0037965998249302937,0.0012619843261104536,-0.6878044009208679
LR_a0p1_q0,200000,3,5,89,True,0.05,5,0.029958489907697703,18,0.9309952768795717,0.9409407891303923,-0.00024863780627051163,0.0496710618672901,-0.049722110227940874,-0.003121298023311353,0.002675070771421253,0.01678539649819073,0.014988080679759241,18,18,16,0.0038894567541130536,0.0013480982730188211,-0.5827580094337463
LR_a0p1_q0,200000,3,6,2,True,0.05,5,-0.06696208821176669,12,0.9597194953572998,0.9596902986361435,7.299180289077611e-07,0.04980792150594211,-0.04980776108390046,-0.001821946738076883,0.0018232461520935723,0.015338091431227894,0.01444647092832854,12,15,12,0.0026397804194041616,0.0008750513739455499,-0.6419020295143127
LR_a0p1_q0,200000,3,7,41,True,0.05,5,-0.09965230262734344,13,0.975191767961538,0.9751709923649243,5.193899153405068e-07,0.04988838721746677,-0.04988829373269732,-0.0011287988193897768,0.0011297441144512766,0.007493130831910882,0.00768609346362537,13,14,10,0.0019860279691225557,0.00073741293808226,0.4089500904083252
LR_a0p1_q0,200000,3,8,39,True,0.05,5,-0.1378106016433841,12,0.9459133929578833,0.9428282949667288,7.712744977886321e-05,0.04975516710124911,-0.049739739362009594,-0.002459497453354771,0.002598324613673097,0.013909788008988516,0.012970725258898348,12,15,11,0.003700597878561331,0.0011458032840918036,-0.7099785804748535
LR_a0p1_q0,200000,3,9,33,True,0.05,5,-0.1697914235254473,12,0.9815523739906784,0.9815486463441808,9.319116242578751e-08,0.049912460682917575,-0.04991244303326013,-0.000834841983383693,0.0008350107160511224,0.006513182965107253,0.0069578748704234175,12,14,10,0.0019159070340121292,0.0005644322035734057,0.3314965069293976
LR_a0p1_q0,200000,3,0,4,True,0.05,10,0.19701466423060188,22,0.9541073592997379,0.9403145598067819,0.0003448199873239133,0.04976594203399973,-0.049711135376073134,-0.0020605740690127685,0.0026954073857341047,0.009891291072207365,0.00920668774886416,21,23,17,0.003236752464775425,0.0010181498228718088,0.6174188852310181
LR_a0p1_q0,200000,3,1,59,True,0.05,10,-0.08330131728898184,14,0.9474091763877982,0.9476023099678862,-4.828339502202517e-06,0.049750698753764526,-0.04975168506668823,-0.002380239934374708,0.0023715695682938152,0.014291164431538233,0.013633211585907691,14,14,12,0.0031112547115381382,0.001205649799273407,-0.5159035325050354
LR_a0p1_q0,200000,3,2,21,True,0.05,10,-0.06901649439003114,16,0.8655035813458678,0.8654409909503957,1.5647598868018253e-06,0.04936423402814022,-0.04936393071570344,-0.006089054960846665,0.006091881168183601,0.016179862639690294,0.016446082464933433,16,16,16,0.00459986882412259,0.0017082228658375051,-0.8258880972862244
LR_a0p1_q0,200000,3,3,84,True,0.05,10,-0.12390073964408874,12,0.9602985403722242,0.960152797866905,3.6435626329794912e-06,0.049792979675709614,-0.04979205400145098,-0.0017780526570984547,0.0017844141081055464,0.010508278700617301,0.011378745814679061,13,16,9,0.0028657283725623665,0.0011211134197829245,-0.3957999050617218
LR_a0p1_q0,200000,3,4,59,True,0.05,10,0.1897961348981782,20,0.8941621480004802,0.6096897848610178,0.007111809078486575,0.0494629523091253,-0.04809504041278759,-0.004754844909101099,0.01761055116973685,0.019036761746086716,0.018073826647209114,19,21,19,0.004859516590852351,0.001580692532518012,-0.6878044009208679
LR_a0p1_q0,200000,3,5,89,True,0.05,10,0.029958489907697703,18,0.8875552373017553,0.9041157196236305,-0.00041401205804687813,0.049438749367944373,-0.049525493514888996,-0.005060987502856648,0.004319707533707492,0.010625046200564599,0.010129061485119427,18,18,16,0.004436300691491263,0.0020998325169966623,-0.5827580094337463
LR_a0p1_q0,200000,3,6,2,True,0.05,10,-0.06696208821176669,12,0.8838306518117944,0.9342894789442019,-0.0012614706783101864,0.04944122525786498,-0.049680702258447146,-0.005249692667275235,0.002966228311236913,0.01149964172763224,0.012612189847459734,13,15,12,0.004020485393248877,0.001409362520217356,-0.6419020295143127
LR_a0p1_q0,200000,3,7,41,True,0.05,10,-0.09965230262734344,13,0.9649653689849305,0.9650037634565312,-9.598617900230533e-07,0.04983809501569865,-0.049838298091261835,-0.0015898265664520766,0.0015881099184353173,0.0077759383621265965,0.007975162010554157,13,14,10,0.0023880482592427443,0.001004798749713672,0.4089500904083252
LR_a0p1_q0,200000,3,8,39,True,0.05,10,-0.1378106016433841,12,0.8168348612076356,0.9125242232363678,-0.0023922340507183115,0.04913512271078345,-0.04958673258038624,-0.008293379650401797,0.003960521418567845,0.012496177272540637,0.013139348890013546,12,15,11,0.005433984737320312,0.0016048937662624069,-0.7099785804748535
LR_a0p1_q0,200000,3,9,33,True,0.05,10,-0.1697914235254473,12,0.9754928005577781,0.9825898360393853,-0.00017742588704017237,0.04988401014912319,-0.04991773320256494,-0.0011093701212343261,0.0007882414005956685,0.005288967695339273,0.00677824961280837,12,14,10,0.0018599551889716109,0.0006161999178774211,0.3314965069293976
LR_a0p1_q0,200000,3,0,4,True,0.05,20,0.19701466423060188,22,0.9461676400500801,0.901259556144236,0.0011227020976461166,0.0497292862860738,-0.04951605776931822,-0.002420904283569657,0.004453079962106662,0.0080312345068818,0.008275171040664856,19,23,17,0.0038682557418043876,0.0016482537651642992,0.6174188852310181
LR_a0p1_q0,200000,3,1,59,True,0.05,20,-0.08330131728898184,14,0.8901987162350613,0.8759245021019959,0.000356855353326635,0.04949160074677117,-0.049428657272796744,-0.00498166493501807,0.005632432167696958,0.009627924541018188,0.00893867722739387,13,14,12,0.004356579537899362,0.0015816535697863706,-0.5159035325050354
LR_a0p1_q0,200000,3,2,21,True,0.05,20,-0.06901649439003114,16,0.8550343914219061,0.8553463354011692,-7.798599481578794e-06,0.04931063196184893,-0.049312246726614994,-0.006558912390753463,0.0065449299565566894,0.02086913223836451,0.02076307774017637,16,16,16,0.00442658283033749,0.0016453486038127483,-0.8258880972862244
LR_a0p1_q0,200000,3,3,84,True,0.05,20,-0.12390073964408874,12,0.9465401077239993,0.9589517608127318,-0.0003102913272183122,0.04972427153399689,-0.049786151995492356,-0.002397266147797004,0.001838563954855747,0.006681631747891376,0.0056946983733038034,13,16,9,0.0028782270998902407,0.0014118124999756643,-0.3957999050617218
LR_a0p1_q0,200000,3,4,59,True,0.05,20,0.1897961348981782,20,0.8416437379171643,0.5984647970621992,0.00607947352137414,0.049202371279224014,-0.04804972366569543,-0.007120184383365804,0.01812648381258551,0.01039064546412799,0.012691402270884673,19,21,19,0.005911208133452493,0.0019273378462394482,-0.6878044009208679
LR_a0p1_q0,200000,3,5,89,True,0.05,20,0.029958489907697703,18,0.8297481402864815,0.8442530092463907,-0.0003626217239977303,0.04917154546610386,-0.04924623079035362,-0.007684138451779869,0.007033580328034028,0.008003468120157953,0.008447245415235859,18,18,16,0.005453112445916741,0.002819086228515821,-0.5827580094337463
LR_a0p1_q0,200000,3,6,2,True,0.05,20,-0.06696208821176669,12,0.82712142574727,0.8706411905184219,-0.00108799411927879,0.049148293810629,-0.04935199558879489,-0.0077922225232656015,0.005819936062873674,0.008677010768101142,0.010498014516365282,12,15,12,0.005256230922066091,0.0019773749089251847,-0.6419020295143127
LR_a0p1_q0,200000,3,7,41,True,0.05,20,-0.09965230262734344,13,1.0611670020425183,0.9572278497091946,0.002598478808333096,0.050282814298947126,-0.04979967571112209,0.002775535803178695,0.0019382832256622702,0.00809793840374957,0.005869244817190145,12,15,10,0.003291300312952213,0.0011934785930771503,0.4089500904083252
LR_a0p1_q0,200000,3,8,39,True,0.05,20,-0.1378106016433841,12,0.6531185821413837,0.8774847263465713,-0.005609153605129702,0.048319803856214635,-0.0494099748164345,-0.015663874749145292,0.005535738499106114,0.018123248458215425,0.015365059811082347,12,15,12,0.006404890266352526,0.0015672960709273535,-0.7099785804748535
LR_a0p1_q0,200000,3,9,33,True,0.05,20,-0.1697914235254473,12,0.9693696462421747,0.9686342795407171,1.8384167536439344e-05,0.04985327790746745,-0.0498483864025874,-0.0013847955953586442,0.0014166724255515236,0.005170461578273303,0.005050262751563821,12,14,10,0.0019279466196276134,0.0006208300885729621,0.3314965069293976
LR_a0p1_q0,200000,3,0,4,True,0.05,50,0.19701466423060188,22,0.8468941413489806,0.7827132530372399,0.0016045222077935017,0.04924567219042146,-0.04895321696525992,-0.0069009651229721535,0.009817554313397847,0.007049513153927977,0.006683162621036038,21,23,17,0.0054894474911374065,0.00192728437717119,0.6174188852310181
LR_a0p1_q0,200000,3,1,59,True,0.05,50,-0.08330131728898184,14,0.8044948333179963,0.7864159429669262,0.00045197225877675884,0.049088656847643186,-0.048998390778436623,-0.00886391518174333,0.009677593630090308,0.007864514939813431,0.00659520809051973,13,14,12,0.004988542846347945,0.0018508743071109514,-0.5159035325050354
LR_a0p1_q0,200000,3,2,21,True,0.05,50,-0.06901649439003114,16,0.6328027835500699,0.6252291466557902,0.00018934092235699251,0.048169623215557206,-0.04813833170291104,-0.01652948403805355,0.016876874370121447,0.007104033706299633,0.007238773867828339,16,16,16,0.00870398527369498,0.0025203518803102194,-0.8258880972862244
LR_a0p1_q0,200000,3,3,84,True,0.05,50,-0.12390073964408874,12,0.9093172581818287,0.9208354625719467,-0.00028795510975294925,0.049545722003577874,-0.04959863837892414,-0.004079859094486379,0.003556865250326862,0.004302274722355764,0.005317177039808597,12,15,9,0.003447717805207543,0.0017651920672032556,-0.3957999050617218
LR_a0p1_q0,200000,3,4,59,True,0.05,50,0.1897961348981782,20,0.6177615113787044,0.5464798379670116,0.0017820418352923195,0.04812253332477143,-0.04779018012528444,-0.0172344577558362,0.020466188226933836,0.009638354774981149,0.012917217311798455,20,21,19,0.007402581351064287,0.0021960203555313864,-0.6878044009208679
LR_a0p1_q0,200000,3,5,89,True,0.05,50,0.029958489907697703,18,0.8016599450288089,0.8449276430066704,-0.0010816924494465377,0.04903340502830446,-0.04924929075083348,-0.008950407776863751,0.007002908600500095,0.005936686856774169,0.006290808022141953,18,18,16,0.0054874855325753235,0.0026428355753685766,-0.5827580094337463
LR_a0p1_q0,200000,3,6,2,True,0.05,50,-0.06696208821176669,12,0.7375114149548023,0.7680140065729998,-0.0007625647904549449,0.04869408385623946,-0.048833070842965676,-0.011818513108499504,0.010432370514315482,0.009350230598393109,0.007549941168799635,14,14,12,0.0064171642273753784,0.0025710515932546394,-0.6419020295143127
LR_a0p1_q0,200000,3,7,41,True,0.05,50,-0.09965230262734344,13,1.0299075053548545,0.8326460803948349,0.004931535624000491,0.050123464472007995,-0.04919711970797572,0.0013719107957344012,0.007564815688234009,0.007661525825678196,0.005597163680221735,12,14,11,0.0035791333154755333,0.001992377989599181,0.4089500904083252
LR_a0p1_q0,200000,3,8,39,True,0.05,50,-0.1378106016433841,12,0.5760728832589415,0.7963791283030242,-0.005507656126102073,0.04794141497306766,-0.0490020389305018,-0.019137770810120504,0.009183082515350691,0.00987714058908422,0.011512625309273002,12,15,11,0.007737582546580083,0.0020032452237655697,-0.7099785804748535
LR_a0p1_q0,200000,3,9,33,True,0.05,50,-0.1697914235254473,12,0.9425212076799683,0.9391157467466554,8.513652333283495e-05,0.04972371601723155,-0.04970644563819589,-0.0025976556332332357,0.0027506583008629973,0.0044592548610989215,0.005230235289211049,12,14,10,0.002727111622960994,0.0010623456490425603,0.3314965069293976
LR_a0p1_q0,200000,3,0,4,True,0.05,100,0.19701466423060188,22,0.7028958289414589,0.4535430950942221,0.006233818346180919,0.04860228850801229,-0.04743007906035135,-0.013457497060939365,0.024752924305640363,0.0057391223309805044,0.0063822246981732325,21,23,17,0.0073420133852595834,0.002029687601519699,0.6174188852310181
LR_a0p1_q0,200000,3,1,59,True,0.05,100,-0.08330131728898184,14,0.6727559995539276,0.7171762486970831,-0.0011105062285788891,0.04848227395981588,-0.04866119801042089,-0.01484447398211938,0.012802385575566733,0.005173421088513335,0.008101516861121821,13,14,12,0.006856504189055441,0.0019850491778954137,-0.5159035325050354
LR_a0p1_q0,200000,3,2,21,True,0.05,100,-0.06901649439003114,16,0.5737836336418178,0.57233320407715,3.6260739116694696e-05,0.04787099366887476,-0.04787556575648977,-0.01918181198678398,0.01925890555263199,0.006542545239248753,0.007276148675868117,16,16,16,0.008887198872412783,0.00245861328440534,-0.8258880972862244
LR_a0p1_q0,200000,3,3,84,True,0.05,100,-0.12390073964408874,12,0.8776666887751133,0.8719138042538827,0.00014382211303076708,0.04938747765262644,-0.04935048340367171,-0.00550414321387066,0.0057547931909775855,0.004745247837244232,0.004575682388415429,12,14,9,0.004418863804119776,0.0016439392697362432,-0.3957999050617218
LR_a0p1_q0,200000,3,4,59,True,0.05,100,0.1897961348981782,20,0.3624381939032245,0.4006057256830481,-0.0009541882944955893,0.04690057180904879,-0.04708651775032982,-0.02877866211388759,0.027056231466177333,0.004259986150644163,0.0048479899870359075,20,21,19,0.010913956597650645,0.0020665556587836447,-0.6878044009208679
LR_a0p1_q0,200000,3,5,89,True,0.05,100,0.029958489907697703,18,0.6901354408702245,0.7722496379073374,-0.0020528549259278203,0.04848747404300564,-0.04890337068859474,-0.013980701999494406,0.01029088879322775,0.004275601373898621,0.006149819402785672,16,18,16,0.0068738137980942655,0.0027977050855633526,-0.5827580094337463
LR_a0p1_q0,200000,3,6,2,True,0.05,100,-0.06696208821176669,12,0.6597433587676534,0.6907028995178662,-0.0007739885187553197,0.04831287027910862,-0.048456765370277474,-0.015325702340725864,0.013921620394384132,0.004764870544684988,0.004229815810407058,14,14,12,0.006879724643800942,0.002347236865078442,-0.6419020295143127
LR_a0p1_q0,200000,3,7,41,True,0.05,100,-0.09965230262734344,13,1.0199498698488432,0.7200233530746464,0.007498162919354928,0.05005619068387941,-0.04864376689957087,0.0009413028085627333,0.012642599245838451,0.011392266062413442,0.005047283726378399,12,14,11,0.0046331355774843165,0.0023095312591944472,0.4089500904083252
LR_a0p1_q0,200000,3,8,39,True,0.05,100,-0.1378106016433841,12,0.33369024735516506,0.731177199267512,-0.009937173797808674,0.04678044611268307,-0.048669788028501186,-0.03009593374492487,0.012110928065125644,0.005511848271340539,0.009494470894046996,12,14,11,0.010762302244732663,0.0012796939680738153,-0.7099785804748535
LR_a0p1_q0,200000,3,9,33,True,0.05,100,-0.1697914235254473,12,0.9115015121861288,0.9100231431922862,3.695922484606151e-05,0.049561401381257905,-0.04955326875400715,-0.0039863257719515,0.004052111594392861,0.003436238343844454,0.003693953667866348,12,14,10,0.0031962327094912867,0.0012411366824226595,0.3314965069293976
LR_a0p1_q0,200000,3,0,4,True,0.05,200,0.19701466423060188,22,0.4911582698310818,0.16990989667562573,0.008031209328886402,0.047596983647965135,-0.046128143074864875,-0.023039070156411205,0.037632648241083415,0.0032159690291464495,0.0029238810233047485,20,23,17,0.009469706348946573,0.0019276117501160423,0.6174188852310181
LR_a0p1_q0,200000,3,1,59,True,0.05,200,-0.08330131728898184,14,0.5264683437350517,0.5808537639552569,-0.0013596355055051218,0.0478166969733272,-0.048011241735088805,-0.02149327978657465,0.018968553537326058,0.005793924777178332,0.004903387346811504,13,14,12,0.008550768005325568,0.0020272945712593972,-0.5159035325050354
LR_a0p1_q0,200000,3,2,21,True,0.05,200,-0.06901649439003114,16,0.4885808891748966,0.49297307744733676,-0.00010980470681100363,0.04742908305118104,-0.04745405329528543,-0.023000038592436302,0.022805399422918694,0.007279773562711641,0.007082194514170342,16,16,16,0.009771681066949246,0.0028186627407752753,-0.8258880972862244
LR_a0p1_q0,200000,3,3,84,True,0.05,200,-0.12390073964408874,12,0.8279003518653094,0.7903673110635667,0.0009383260200435672,0.04914773645448747,-0.048955383026868526,-0.007752718861222092,0.009437017473690225,0.004489548229944312,0.006307945634288131,12,14,11,0.0051536841382126405,0.0018243015696074321,-0.3957999050617218
LR_a0p1_q0,200000,3,4,59,True,0.05,200,0.1897961348981782,20,0.12950010705395643,0.26647499293035337,-0.0034243721469099098,0.04579079605441584,-0.046451733499503656,-0.03931579070171818,0.03312798385298608,0.004643532114820192,0.006186280362281381,20,20,19,0.014902989403037173,0.0023312065819728863,-0.6878044009208679
LR_a0p1_q0,200000,3,5,89,True,0.05,200,0.029958489907697703,18,0.5909944214427989,0.6593295996094728,-0.001708379454166846,0.04797680947838591,-0.048335289195994835,-0.018427088406245955,0.015368809215521195,0.0036047296967985374,0.005349338851839064,16,18,16,0.00809393405976751,0.0027384218645630652,-0.5827580094337463
LR_a0p1_q0,200000,3,6,2,True,0.05,200,-0.06696208821176669,12,0.4133609156811724,0.4882546707321722,-0.0018723438762749955,0.0471250165431471,-0.0474653326095234,-0.026456970759088483,0.023052599072914952,0.0032682714633543984,0.004247743454247236,14,14,12,0.009985507194644656,0.0027291190883539772,-0.6419020295143127
LR_a0p1_q0,200000,3,7,41,True,0.05,200,-0.09965230262734344,13,0.9460717352319176,0.6403593656023848,0.007642809240738319,0.049685483565832717,-0.04826256877295196,-0.0023818968042367923,0.016244600492832665,0.004989571903468552,0.0027084794444739986,12,14,11,0.005184762431936891,0.0027083549863241795,0.4089500904083252
LR_a0p1_q0,200000,3,8,39,True,0.05,200,-0.1378106016433841,12,0.26864075029055856,0.5884021440802945,-0.007994034844743397,0.046420064673288505,-0.047962140219680996,-0.032988027158760674,0.01854203301566624,0.0048457588015263465,0.0098528389562684,12,13,12,0.01192198603037971,0.0016725532712088455,-0.7099785804748535
LR_a0p1_q0,200000,3,9,33,True,0.05,200,-0.1697914235254473,12,0.8751747782554253,0.8400223398786877,0.0008788109594184412,0.04937214628697654,-0.04920220029906018,-0.005613407374205305,0.007201083305125819,0.0028233359443809647,0.0032588418326914576,12,14,10,0.004136927615616609,0.0016829472750025738,0.3314965069293976
LR_a0p1_q0,200000,3,0,4,True,0.05,500,0.19701466423060188,22,0.14057070762068358,0.1075789628801882,0.0008247936185123705,0.04601777175027787,-0.04580292905086358,-0.03898923636924356,0.04042398090685406,0.00527325055890606,0.0011891659404319823,17,19,17,0.01392807655402181,0.0017109888734572508,0.6174188852310181
LR_a0p1_q0,200000,3,1,59,True,0.05,500,-0.08330131728898184,14,0.21427472495951033,0.45201037649255205,-0.00594339128832605,0.046457282092112764,-0.04738101044647382,-0.03574354584413704,0.024780491621846305,0.0014851707505744989,0.0030597365049905476,13,13,12,0.01258610845799498,0.001575150585512241,-0.5159035325050354
LR_a0p1_q0,200000,3,2,21,True,0.05,500,-0.06901649439003114,16,0.36683286232467305,0.40041469838417665,-0.00083954590148759,0.04683865007538285,-0.0469981519726729,-0.02849700695914931,0.026977417053464018,0.00262301051399865,0.0023696678460810375,16,16,16,0.011259927956170875,0.0025957393872534586,-0.8258880972862244
LR_a0p1_q0,200000,3,3,84,True,0.05,500,-0.12390073964408874,12,0.7571060450369776,0.6877528472836747,0.0017338299438325738,0.04880691199214163,-0.04843681434423569,-0.010951609740292877,0.014049171980051824,0.002057409104492612,0.0018505154850756876,12,14,11,0.006387015481264021,0.0024773734463941935,-0.3957999050617218
LR_a0p1_q0,200000,3,4,59,True,0.05,500,0.1897961348981782,20,-0.055156326024434765,0.13517498787081195,-0.004758282847381168,0.044902014291274606,-0.04582237580518139,-0.04765983059249635,0.03906362641164077,0.005704507034243732,0.005348161855979475,20,20,20,0.017668711156599636,0.001737539030848651,-0.6878044009208679
LR_a0p1_q0,200000,3,5,89,True,0.05,500,0.029958489907697703,18,0.5035076924235399,0.5440276205384786,-0.001012998202873469,0.0475277317250187,-0.04776313885996236,-0.022352347103841694,0.020561757833038513,0.0021521649487278396,0.001994511955129408,16,18,16,0.009155654603451932,0.0025096581439552276,-0.5827580094337463
LR_a0p1_q0,200000,3,6,2,True,0.05,500,-0.06696208821176669,12,0.2942517198051814,0.2943879963145474,-3.406912734149614e-06,0.04655608554129057,-0.04652680525725674,-0.03184349955103144,0.031807405441529484,0.0009638792171179405,0.001260921101068235,13,14,12,0.011471893523471175,0.0024134901332609022,-0.6419020295143127
LR_a0p1_q0,200000,3,7,41,True,0.05,500,-0.09965230262734344,13,0.4424667664946069,0.43709995280947156,0.00013417034212838408,0.047247814789587395,-0.047267206669810075,-0.025124476464856736,0.025412209029336753,0.001840451948280933,0.0016573607084447888,12,13,11,0.009863679077890822,0.0022103521716095352,0.4089500904083252
LR_a0p1_q0,200000,3,8,39,True,0.05,500,-0.1378106016433841,12,0.09253502653413737,0.4468940157202095,-0.008858974729651803,0.0455806543417454,-0.04727753514878132,-0.040953903015038484,0.024932834362770873,0.00465804335925143,0.0029551877001090026,12,13,12,0.014519446703855732,0.0010992441116146347,-0.7099785804748535
LR_a0p1_q0,200000,3,9,33,True,0.05,500,-0.1697914235254473,12,0.793545458449173,0.7461775822702404,0.0011841969044733003,0.04897888267918718,-0.04874629660274764,-0.00930160975672839,0.01143741748923563,0.00203227142883816,0.0017330217562741433,12,13,10,0.005491847715658123,0.0021012061490234407,0.3314965069293976
LR_a0p1_q0,200000,3,0,4,True,0.05,1000,0.19701466423060188,22,0.047603895193130685,0.03052852752631563,0.0004268841916703625,0.04553902056194578,-0.045387265634194096,-0.04315882580228902,0.043860839257878384,0.003938468356573071,0.0016050180409551784,21,21,19,0.014938937427581945,0.0014171389845884803,0.6174188852310181
LR_a0p1_q0,200000,3,1,59,True,0.05,1000,-0.08330131728898184,14,0.17892516470131348,0.27414629080192654,-0.0023805281525153266,0.04631774235811772,-0.046563712265740576,-0.03737148412305198,0.03285639772564418,0.0016673045853645965,0.0017746513246154826,13,13,12,0.013004054798484531,0.0012395495688158063,-0.5159035325050354
LR_a0p1_q0,200000,3,2,21,True,0.05,1000,-0.06901649439003114,16,0.30688677516221896,0.3101108528826796,-8.060194301151569e-05,0.046547044006751165,-0.0465493950147651,-0.031202705248640373,0.031043852370631193,0.0012285070062056772,0.0014631020444117273,16,16,16,0.012047546758601329,0.002501108229974167,-0.8258880972862244
LR_a0p1_q0,200000,3,3,84,True,0.05,1000,-0.12390073964408874,12,0.689442734781418,0.6064595293452535,0.002074580135904114,0.048475845612884344,-0.04803204570689684,-0.014003708873813567,0.017709069239634122,0.0010810651120358413,0.0016163732831494825,12,14,11,0.0072475025447950436,0.002516698144250608,-0.3957999050617218
LR_a0p1_q0,200000,3,4,59,True,0.05,1000,0.1897961348981782,20,0.009617598228921498,0.11831852220139494,-0.002717523099311836,0.04521580058779427,-0.04571687001854463,-0.044734920676348267,0.03980094390847489,0.001445352634846843,0.0021033922207879933,20,20,20,0.01561405930048481,0.0013116154258473718,-0.6878044009208679
LR_a0p1_q0,200000,3,5,89,True,0.05,1000,0.029958489907697703,18,0.4202301288880905,0.3676004126389343,0.001315742906228906,0.04710251957638911,-0.04683545171247128,-0.026091013131984687,0.028455431080524556,0.0014707466453498126,0.0015638022042026886,18,18,16,0.010270950969542609,0.002129032077672932,-0.5827580094337463
LR_a0p1_q0,200000,3,6,2,True,0.05,1000,-0.06696208821176669,12,0.09567946919101761,0.1868588815525224,-0.0022794853090376266,0.04561785932423516,-0.04602284865651737,-0.04083388586468416,0.036679904578891115,0.0008540547434551895,0.0009205764873618164,13,14,12,0.01416632726339067,0.0016590804824985525,-0.6419020295143127
LR_a0p1_q0,200000,3,7,41,True,0.05,1000,-0.09965230262734344,13,0.07492657435040018,0.1311191715628529,-0.0014048149303113183,0.045481980927955856,-0.04577721593020015,-0.041735652210435764,0.03922125735205753,0.0028990383398924385,0.001171482205851455,12,12,11,0.015107892299651484,0.0014681488736098124,0.4089500904083252
LR_a0p1_q0,200000,3,8,39,True,0.05,1000,-0.1378106016433841,12,0.06470176604795652,0.27121395364203216,-0.005162804689851891,0.04540993417578033,-0.0464380226164864,-0.04217484587338251,0.032877324934384985,0.0022227701835589152,0.004225776277876864,12,12,12,0.014643790276886613,0.0012467848771834113,-0.7099785804748535
LR_a0p1_q0,200000,3,9,33,True,0.05,1000,-0.1697914235254473,12,0.7116150425919832,0.6552525530408071,0.0014090622387794016,0.048585467313897575,-0.048298516030182884,-0.013004715184298455,0.015535888378142513,0.0012291930861714692,0.0010531886981889939,12,13,10,0.006738955554998582,0.0027557684957517843,0.3314965069293976
LR_a0p1_q0,200000,3,0,4,True,0.05,2000,0.19701466423060188,22,0.08193682408283276,0.04758560339529039,0.0008587805171885454,0.04567649143435888,-0.04525532092491402,-0.041579650230217285,0.04287604075514927,0.0017738460877076,0.003023440802123799,21,23,21,0.014631546536851356,0.001366951122463175,0.6174188852310181
LR_a0p1_q0,200000,3,1,59,True,0.05,2000,-0.08330131728898184,14,0.16669585511846163,0.16954007725266562,-7.110555335509972e-05,0.046239017324935024,-0.04607098013739047,-0.037904224569011984,0.03759397627475716,0.0007433095310874551,0.0006135011094494764,13,13,12,0.013208275356247577,0.0013614802683460806,-0.5159035325050354
LR_a0p1_q0,200000,3,2,21,True,0.05,2000,-0.06901649439003114,16,0.2796163642550603,0.27678800173327467,7.070906304464109e-05,0.04640574160669905,-0.04637501398942723,-0.032424923393946065,0.03253561390276342,0.0006779265870584838,0.0005896318671103548,16,16,16,0.012383796788316026,0.002409530663014468,-0.8258880972862244
LR_a0p1_q0,200000,3,3,84,True,0.05,2000,-0.12390073964408874,12,0.6387884644727826,0.4576321278286072,0.004528908416104371,0.04822891125870801,-0.047292464059501604,-0.016289488035068828,0.024410857668071367,0.0023113315755288483,0.0012715733495568121,12,14,11,0.008001479866202438,0.002648987211657682,-0.3957999050617218
LR_a0p1_q0,200000,3,4,59,True,0.05,2000,0.1897961348981782,20,0.0700703515625517,0.06236377336314991,0.00019266445498503093,0.045505546175907935,-0.045453914694727704,-0.04200202859778041,0.042335726026570215,0.0019604174223913765,0.0013499730675177333,20,20,20,0.014893683664019266,0.0011210056485209405,-0.6878044009208679
LR_a0p1_q0,200000,3,5,89,True,0.05,2000,0.029958489907697703,18,0.336915197803328,0.2067680677937611,0.0032536782502391726,0.046666268386753085,-0.04594584033870103,-0.029820508496586635,0.03560743694901294,0.0005811327960960944,0.0005334345468424857,18,18,16,0.011261247332275199,0.0021427056849746525,-0.5827580094337463
LR_a0p1_q0,200000,3,6,2,True,0.05,2000,-0.06696208821176669,12,0.07783414324772558,0.09071957359619992,-0.0003221357587118584,0.04553367013166153,-0.04558229326278769,-0.041641962969275366,0.04104631458297743,0.00033014209589845764,0.0004340728910349806,12,12,12,0.014287068473777411,0.0012550988763688096,-0.6419020295143127
LR_a0p1_q0,200000,3,7,41,True,0.05,2000,-0.09965230262734344,13,0.13636654241848206,0.05507420141308228,0.0020323085251350015,0.04577287046843613,-0.04540820909142501,-0.038954543347511826,0.042654499020771015,0.0007080280263375836,0.0006858315861150224,12,12,12,0.013945666847520997,0.0011849642923847867,0.4089500904083252
LR_a0p1_q0,200000,3,8,39,True,0.05,2000,-0.1378106016433841,12,0.06802641171348656,0.21129802201687808,-0.003581790257584788,0.045418831660719465,-0.04613128855117693,-0.04201751107504531,0.035566387450333,0.0019894688931399824,0.0019097472609416477,12,12,12,0.014660641850625442,0.0013028329756498203,-0.7099785804748535
LR_a0p1_q0,200000,3,9,33,True,0.05,2000,-0.1697914235254473,12,0.6408971835436106,0.5788046259295532,0.0015523139403514352,0.04825236398889815,-0.04792816702123773,-0.01620750481171758,0.018987935724760083,0.0005416502953451158,0.0004234898181171366,12,13,10,0.008004001559248559,0.00315490219209066,0.3314965069293976
LR_a0p1_q0,200000,4,0,63,True,0.05,1,0.21211003827898656,20,0.9985509275505949,0.9985509275505955,-2.7755575615628914e-17,0.04999273483015382,-0.04999273483015382,-6.518845262407845e-05,6.518845262404514e-05,0.045172936902839675,0.04419120688431899,20,20,19,0.0006116322931605905,0.000189129439306009,-1.205418586730957
LR_a0p1_q0,200000,4,1,38,True,0.05,1,-0.11987733011336824,12,0.9994876865857568,0.9994876865857496,1.8041124150158794e-16,0.04999756565792149,-0.04999756565792149,-2.3181328633745282e-05,2.318132863398948e-05,0.022837005597017426,0.01968572694807654,12,16,11,0.0003145264545646819,0.00016136131514342769,-0.6977595686912537
LR_a0p1_q0,200000,4,2,68,True,0.05,1,-0.07044490615533887,13,0.9990609571904686,1.0073071684752206,-0.00020615528211880008,0.04999575957774397,-0.050032996876730476,-4.271171822062175e-05,-0.00033236154703047613,0.002511708730381592,0.002635426582483589,13,15,9,0.00045196786925807595,0.00024807786927753995,-0.09209150075912476
LR_a0p1_q0,200000,4,3,59,True,0.05,1,0.1589432835441263,18,0.9606363253711858,0.9606363253711814,1.1102230246251565e-16,0.04978397965088533,-0.04978397965088533,-0.001752163382326182,0.0017521633823260655,0.01586971610775763,0.015239135571986421,18,19,16,0.002725553327871709,0.0009863507639166773,0.6572980284690857
LR_a0p1_q0,200000,4,4,87,True,0.05,1,-0.2113402467771363,6,1.0001797199861129,0.9999964986671767,4.580532973391671e-06,0.05000091955437443,-0.04999998208509813,8.066444931228105e-06,1.5715173930468605e-07,0.0012393055913558799,0.001156596180554963,6,10,5,0.00018954278510771173,3.795457206591873e-05,-0.05985800176858902
LR_a0p1_q0,200000,4,5,9,True,0.05,1,-0.047934831055738564,16,0.9116208117490633,0.9116208117490587,1.1102230246251565e-16,0.04955689598972413,-0.049556895989724126,-0.0039758554022710935,0.003975855402271194,0.02100348202876022,0.021847047166813738,16,16,14,0.004964079302247859,0.001984828182236515,0.9413862228393555
LR_a0p1_q0,200000,4,6,43,True,0.05,1,-0.11280573012216971,12,0.9960046924736801,0.9960046924736754,1.1102230246251565e-16,0.04998092931335763,-0.04998092931335762,-0.00018069468967374234,0.00018069468967384133,0.004183553211328568,0.003992557108871919,12,13,9,0.0009321399132026682,0.00022170004897886924,0.19529816508293152
LR_a0p1_q0,200000,4,7,17,True,0.05,1,0.18778914952167675,21,0.9904098745820655,0.9904098745820739,-2.220446049250313e-16,0.049956846008192,-0.04995684600819201,-0.00043635227908847156,0.0004363522790884134,0.00610276383001737,0.00622134821067686,21,23,20,0.0012032719669257909,0.0005341536251961643,-0.29378220438957214
LR_a0p1_q0,200000,4,8,16,True,0.05,1,-0.14094334401356973,14,0.9613944030116367,0.9613944030116289,1.942890293094024e-16,0.04982448036762932,-0.04982448036762929,-0.0017547602170476118,0.0017547602170476673,0.015929853725625727,0.016162228114138352,14,16,14,0.00353740774463919,0.0012757933065343403,0.5924856662750244
LR_a0p1_q0,200000,4,9,21,True,0.05,1,0.18985700582364987,16,0.9943586403413573,0.9994399753474137,-0.00012703337515140856,0.0499731941448045,-0.04999733895006675,-0.00025526212773661753,2.534018269607204e-05,0.024871990688566204,0.024748900388370534,16,19,16,0.00033782729473999285,9.673151537602725e-05,0.7295272350311279
LR_a0p1_q0,200000,4,0,63,True,0.05,2,0.21211003827898656,20,0.9980737333931222,0.9980737596628358,-6.567428267878483e-10,0.04999046736304315,-0.049990467487868076,-8.678069338702302e-05,8.67795047261471e-05,0.04432897356632012,0.043348445674820976,20,20,19,0.0007370374388000675,0.0002327399835524015,-1.205418586730957
LR_a0p1_q0,200000,4,1,38,True,0.05,2,-0.11987733011336824,12,0.9995441671689254,0.9995441742929068,-1.7809953511971344e-10,0.04999783403477129,-0.04999783406862207,-2.062567632506654e-05,2.062535397678733e-05,0.02295311516779731,0.019785895823971552,12,16,11,0.00027985213111663315,0.00014357240622646803,-0.6977595686912537
LR_a0p1_q0,200000,4,2,68,True,0.05,2,-0.07044490615533887,13,0.9989147853423243,1.007138115584204,-0.00020558325604699834,0.04999506501798676,-0.05003219359390662,-4.932575087036866e-05,-0.00032471218530338137,0.0028030384361456538,0.003016580355061757,13,15,9,0.0004992685864048522,0.00027617199974317233,-0.09209150075912476
LR_a0p1_q0,200000,4,3,59,True,0.05,2,0.1589432835441263,18,0.9488714900656642,0.9488393635752262,8.031622609483424e-07,0.04972527502910604,-0.049725114723124554,-0.002281700525822685,0.0022831465443633923,0.016764586467469703,0.017205868054176007,18,19,16,0.0034209813740077415,0.0012579298805288218,0.6572980284690857
LR_a0p1_q0,200000,4,4,87,True,0.05,2,-0.2113402467771363,6,1.000185084126474,0.9999946768305251,4.760182398727553e-06,0.050000947000507945,-0.04999997276349791,8.307205815723881e-06,2.389219715614033e-07,0.0012427289609868886,0.0011346230183834564,6,10,5,0.00017654651332170884,3.3354420074074287e-05,-0.05985800176858902
LR_a0p1_q0,200000,4,5,9,True,0.05,2,-0.047934831055738564,16,0.9165091326504315,0.9165095137138315,-9.526585000030341e-09,0.04958012365648534,-0.04958012546717124,-0.0037546670239637296,0.003754649781479554,0.021469967634591906,0.02014384157479934,16,16,14,0.004466789545108914,0.0015550060430850607,0.9413862228393555
LR_a0p1_q0,200000,4,6,43,True,0.05,2,-0.11280573012216971,12,0.9960899039774176,0.9960899127450296,-2.1919030479544688e-10,0.04998133605098056,-0.04998133609283077,-0.00017684085210972265,0.00017684045557910964,0.004252327730874706,0.003957304607390778,12,13,9,0.0008939091478642129,0.00021833628436520135,0.19529816508293152
LR_a0p1_q0,200000,4,7,17,True,0.05,2,0.18778914952167675,21,0.9869507309536191,0.986937864387919,3.2166414251633135e-07,0.04994078085209938,-0.04994072109644638,-0.0005932443044185229,0.0005938278770505141,0.005747799844695836,0.006267519853620735,21,23,20,0.0015617459225893645,0.0007534837903092916,-0.29378220438957214
LR_a0p1_q0,200000,4,8,16,True,0.05,2,-0.14094334401356973,14,0.9643654800349988,0.9643659043652197,-1.0608255524013899e-08,0.04984012116037759,-0.04984012339420085,-0.0016218471586274647,0.001621828175939907,0.01606978435141952,0.015378308637598561,14,16,14,0.002730536158609287,0.0007932460176968148,0.5924856662750244
LR_a0p1_q0,200000,4,9,21,True,0.05,2,0.18985700582364987,16,0.9435544704235332,0.9483172998907086,-0.00011907073667938306,0.049718478845028224,-0.04974102676889369,-0.002540755323851383,0.002325161774358407,0.017801458068335205,0.0188747983738936,16,19,16,0.0036065025319224537,0.0008616871254828445,0.7295272350311279
LR_a0p1_q0,200000,4,0,63,True,0.05,5,0.21211003827898656,20,0.8930277444319412,0.8927078436852465,7.997518667368642e-06,0.04943295269704606,-0.049431255224129056,-0.004781565475449076,0.0047958630398668,0.026918690033400562,0.0263565463120321,20,20,19,0.004873113508804538,0.0014919535392247843,-1.205418586730957
LR_a0p1_q0,200000,4,1,38,True,0.05,5,-0.11987733011336824,12,0.9136531485062929,0.9136172551094998,8.973349198276859e-07,0.04956847491796945,-0.04956829909918467,-0.0038858174926547024,0.003887436343709674,0.018923982903671054,0.021574870455778196,12,16,11,0.00441929340996843,0.0015313874944600878,-0.6977595686912537
LR_a0p1_q0,200000,4,2,68,True,0.05,5,-0.07044490615533887,13,0.9987679105518494,1.006987690925053,-0.0002054945093300925,0.04999431229713646,-0.05003142311733286,-5.591676954402808e-05,-0.00031796142891995436,0.0024016589260071886,0.00221876137583615,13,15,9,0.0004371495420377856,0.00021600198875121007,-0.09209150075912476
LR_a0p1_q0,200000,4,3,59,True,0.05,5,0.1589432835441263,18,0.9342798491559401,0.9681296054314475,-0.0008462439068877003,0.049665737376122995,-0.04981244252600378,-0.002951744918325936,0.0014059622544314672,0.02390078954718339,0.020403215790559162,18,19,16,0.003096428523958196,0.0007918757919107798,0.6572980284690857
LR_a0p1_q0,200000,4,4,87,True,0.05,5,-0.2113402467771363,6,0.9999250883188071,0.9996711442496886,6.348601727962366e-06,0.04999965698419417,-0.04999836814503046,-3.402568253831486e-06,1.4810932545970765e-05,0.0014246769542890743,0.0011867150504747141,7,10,5,0.00026335582244110074,7.301403387620256e-05,-0.05985800176858902
LR_a0p1_q0,200000,4,5,9,True,0.05,5,-0.047934831055738564,16,0.8577506739137527,0.8576304316477397,3.0060566503301023e-06,0.04930088125057529,-0.049300309384111875,-0.006413347554887683,0.006418787801724562,0.021448108295243653,0.022617600754449824,16,16,14,0.006430248190329078,0.002124111608025278,0.9413862228393555
LR_a0p1_q0,200000,4,6,43,True,0.05,5,-0.11280573012216971,12,0.9960560596197193,0.9960465303032462,2.3823291182833994e-07,0.049981187388731176,-0.04998114294688609,-0.0001783844077452562,0.00017881643172394993,0.004736596957417176,0.004209770594799972,12,13,9,0.0008364593685830517,0.00020462500855635308,0.19529816508293152
LR_a0p1_q0,200000,4,7,17,True,0.05,5,0.18778914952167675,21,0.9871886086290482,0.9871647931569422,5.953868026375986e-07,0.049941156488252245,-0.0499410462735497,-0.0005817260568002674,0.0005828066157022047,0.005572531293636799,0.006048346148228978,21,23,20,0.0015155969136946875,0.0007416974005225805,-0.29378220438957214
LR_a0p1_q0,200000,4,8,16,True,0.05,5,-0.14094334401356973,14,0.9189757365643869,0.9189476552065468,7.020339460039882e-07,0.049599987791749844,-0.04959983940291826,-0.0036512009635302056,0.003652456642591192,0.010042519441680359,0.010478789660096115,14,16,14,0.004062680527813122,0.001560057289298375,0.5924856662750244
LR_a0p1_q0,200000,4,9,21,True,0.05,5,0.18985700582364987,16,0.9525465313298764,0.9599830373389939,-0.00018591265022793735,0.049762929336559014,-0.04979887994037169,-0.0021356027700653035,0.0017997280734219781,0.019260282118785513,0.021653215820714243,16,19,16,0.0026455647187679887,0.0005902703490195988,0.7295272350311279
LR_a0p1_q0,200000,4,0,63,True,0.05,10,0.21211003827898656,20,0.6783164609694081,0.6795738111841243,-3.143375536790449e-05,0.04838264561514376,-0.048387894536272416,-0.014466822566673311,0.014409203977066205,0.023630292547677106,0.020577738225099295,20,20,19,0.008361863361590876,0.0033503061612876416,-1.205418586730957
LR_a0p1_q0,200000,4,1,38,True,0.05,10,-0.11987733011336824,12,0.9033452085640353,0.9032031986336203,3.5502482603755325e-06,0.04952472795676424,-0.04952407841196163,-0.004357467528562496,0.004363918480280563,0.01491634171208471,0.013025075118533729,12,16,11,0.004482383769913728,0.001423795097279568,-0.6977595686912537
LR_a0p1_q0,200000,4,2,68,True,0.05,10,-0.07044490615533887,13,0.993144576854293,1.0064485889403125,-0.0003326003021504875,0.04996611876241617,-0.05002872023833932,-0.0003088899197014632,-0.0002937092086763061,0.0019457732554179574,0.0025151395452052672,13,15,9,0.0005885837490994576,0.0003083007007155529,-0.09209150075912476
LR_a0p1_q0,200000,4,3,59,True,0.05,10,0.1589432835441263,18,0.8514207087144771,0.9030335955140825,-0.0012903221699901435,0.04924295320804546,-0.04948168654783672,-0.006671917772321497,0.00433000677213262,0.01794623851877906,0.016315527108887146,18,19,16,0.0054177289763250765,0.0019840743664577758,0.6572980284690857
LR_a0p1_q0,200000,4,4,87,True,0.05,10,-0.2113402467771363,6,0.974305029016248,0.9994104365405043,-0.0006276351881064068,0.04987641866548327,-0.04999698551531129,-0.0011611672146708827,2.6463688286012434e-05,0.0011021804086026256,0.0011612980790273045,7,10,5,0.0005547794613677846,0.00010555754280159009,-0.05985800176858902
LR_a0p1_q0,200000,4,5,9,True,0.05,10,-0.047934831055738564,16,0.8352665351376589,0.8216365073835171,0.00034075069385354484,0.04916340336430576,-0.04910875666911389,-0.007400076607422538,0.00802693129993809,0.01768660382101904,0.01846376213838692,16,16,14,0.006330298488919709,0.0022035523970971777,0.9413862228393555
LR_a0p1_q0,200000,4,6,43,True,0.05,10,-0.11280573012216971,12,0.9927695621591964,0.9927961987055306,-6.659136583542224e-07,0.049965445864707275,-0.04996558205021265,-0.0003269677567474915,0.0003257721149360738,0.00432963171747035,0.003804393293414285,12,13,9,0.0009074775547436114,0.00030095656589006534,0.19529816508293152
LR_a0p1_q0,200000,4,7,17,True,0.05,10,0.18778914952167675,21,0.9793968679592585,0.982602905015949,-8.015092641724952e-05,0.04990237200797437,-0.04991829066214076,-0.0009325286100110855,0.0007881454113433485,0.005233395460232476,0.005860294809899149,21,23,20,0.001720127023085825,0.00079064995165743,-0.29378220438957214
LR_a0p1_q0,200000,4,8,16,True,0.05,10,-0.14094334401356973,14,0.919968234105395,0.9197393182669328,5.7228959615407415e-06,0.04960477244669728,-0.04960358729078021,-0.0036063607414275984,0.0036166213774337054,0.01091357092168237,0.01054114723798979,14,16,14,0.0037488958490668905,0.0014169038049403134,0.5924856662750244
LR_a0p1_q0,200000,4,9,21,True,0.05,10,0.18985700582364987,16,0.8831558214902591,0.8798203633817403,8.338645271296907e-05,0.04940595454669555,-0.0493863509546566,-0.005248163472182429,0.005395332785569576,0.011764709852208538,0.01187397859055799,16,19,16,0.003989972056943692,0.0015407476298181437,0.7295272350311279
LR_a0p1_q0,200000,4,0,63,True,0.05,20,0.21211003827898656,20,0.5856828368315004,0.5829843235692433,6.746283155642518e-05,0.04792049132023589,-0.04790432666340504,-0.018636349478660837,0.01875511048494269,0.012215247523965082,0.011826334378888446,20,20,19,0.009332297688951162,0.003898213608871497,-1.205418586730957
LR_a0p1_q0,200000,4,1,38,True,0.05,20,-0.11987733011336824,12,0.8177819678265454,0.7993518888819984,0.00046075197361367115,0.049122902063166496,-0.04904369504829703,-0.008233803671839407,0.00907610060419699,0.013530061324608073,0.013485921176294765,11,16,11,0.005899175126914787,0.0020040686597079527,-0.6977595686912537
LR_a0p1_q0,200000,4,2,68,True,0.05,20,-0.07044490615533887,13,0.9889866722023206,1.0043033178333496,-0.00038291614077572145,0.04994583161415945,-0.050018608933571074,-0.0004964980040435954,-0.0001965569580965852,0.0014147657589114006,0.0017457928320896564,13,15,9,0.0007873794610239869,0.00036746488709553116,-0.09209150075912476
LR_a0p1_q0,200000,4,3,59,True,0.05,20,0.1589432835441263,18,0.8020816130806607,0.8496076788296497,-0.0011881516437247386,0.0489999251904663,-0.049216075138469546,-0.008895844536433273,0.006735691196986946,0.013090914352065088,0.009854795829431252,18,19,16,0.006138858826631257,0.002234929629095983,0.6572980284690857
LR_a0p1_q0,200000,4,4,87,True,0.05,20,-0.2113402467771363,6,0.9726253878613067,0.9911732012053431,-0.00046369533360091086,0.04986781796550513,-0.04995483663065829,-0.0012365485724397688,0.00039617657039122273,0.0009770243147824663,0.0007993856294064239,6,9,5,0.0006319370719680087,0.00015087064138092138,-0.05985800176858902
LR_a0p1_q0,200000,4,5,9,True,0.05,20,-0.047934831055738564,16,0.8135066532592505,0.8057967949072781,0.00019274645879931163,0.049047722089425205,-0.04901817398633565,-0.008372389426462654,0.008728334240971912,0.016854201552557953,0.018179444350115665,16,16,14,0.005902199921103249,0.002607896820256847,0.9413862228393555
LR_a0p1_q0,200000,4,6,43,True,0.05,20,-0.11280573012216971,12,0.9893075902012463,0.9860542109734116,8.133448069586047e-05,0.049948316269301476,-0.04993310573528637,-0.00048293675923905325,0.0006303951866158807,0.003973643491883454,0.0035702030123803234,12,13,9,0.0008623687840389203,0.00032413750377419603,0.19529816508293152
LR_a0p1_q0,200000,4,7,17,True,0.05,20,0.18778914952167675,21,0.9711806084102559,0.969194494786742,4.96528405878327e-05,0.04986322620396519,-0.049854289956207935,-0.0013041957834522577,0.001394565216870723,0.005647855706721176,0.004533912949822853,21,23,20,0.0027118232337252444,0.0010736710871796292,-0.29378220438957214
LR_a0p1_q0,200000,4,8,16,True,0.05,20,-0.14094334401356973,14,0.7508511439695814,0.8799273775503569,-0.0032269058395194006,0.04882883960476486,-0.049402743850400416,-0.011286282406285741,0.005406374972882473,0.01748543698362921,0.011505795140112147,15,16,14,0.006825898451704607,0.0016502757504118653,0.5924856662750244
LR_a0p1_q0,200000,4,9,21,True,0.05,20,0.18985700582364987,16,0.8491975408178687,0.8400878250465493,0.000227742894282984,0.0492508097540873,-0.049200995310500595,-0.006790932713193969,0.007196604058173024,0.009675156319900687,0.00986290725715248,16,18,16,0.004460449490708691,0.0018184943161177573,0.7295272350311279
LR_a0p1_q0,200000,4,0,63,True,0.05,50,0.21211003827898656,20,0.3989752610788988,0.41097909250222775,-0.0003000957855832098,0.047043990392146365,-0.04707853554494413,-0.02709522733820141,0.02652958091983271,0.01153193127365677,0.010003821726141887,20,20,20,0.0113155057312029,0.0036655834050761224,-1.205418586730957
LR_a0p1_q0,200000,4,1,38,True,0.05,50,-0.11987733011336824,12,0.699503021452183,0.6926492072013607,0.00017134535627055802,0.04859937664642977,-0.048561285767230455,-0.013624225573820746,0.013928825407162415,0.0071357201033744435,0.008260491773675655,11,16,11,0.006652029068062873,0.0021759430143814457,-0.6977595686912537
LR_a0p1_q0,200000,4,2,68,True,0.05,50,-0.07044490615533887,13,0.9827579700537966,0.9931630336398625,-0.00026012658965164637,0.04991523857385104,-0.0499683891646267,-0.0007773400711611521,0.00031023748263370827,0.0019998425868874574,0.001075231466952955,13,15,9,0.001484740791547738,0.0004100808114844021,-0.09209150075912476
LR_a0p1_q0,200000,4,3,59,True,0.05,50,0.1589432835441263,18,0.6636982155079352,0.8337558960383845,-0.004251442013261247,0.04835495053049884,-0.049134212571675634,-0.015170039755102206,0.0074464177697564525,0.007942660030664132,0.006449799588921841,19,19,16,0.007408375686025437,0.002393606709413524,0.6572980284690857
LR_a0p1_q0,200000,4,4,87,True,0.05,50,-0.2113402467771363,6,0.9632408090684141,0.9862199331409471,-0.0005744781018133249,0.0498221561156464,-0.04993214326839436,-0.001660115662225718,0.0006211466113470287,0.0008732937214633427,0.0009272352419313549,7,9,5,0.0008134341632933079,0.0002134327755199607,-0.05985800176858902
LR_a0p1_q0,200000,4,5,9,True,0.05,50,-0.047934831055738564,16,0.6998881367132394,0.6188740681031559,0.0020253517152520883,0.04845855757879332,-0.048046778374655943,-0.013464150743131491,0.01710307496949824,0.009852361773301841,0.00970208475107871,16,16,14,0.007490343957526332,0.0031276674082711376,0.9413862228393555
LR_a0p1_q0,200000,4,6,43,True,0.05,50,-0.11280573012216971,12,0.9770882804288746,0.9700155534833582,0.00017681817363790486,0.0498884517850091,-0.0498553922965684,-0.0010340377635650248,0.0013546146224006344,0.0026222310884445855,0.0027701917192857906,12,13,9,0.001744415640948217,0.000629390244943257,0.19529816508293152
LR_a0p1_q0,200000,4,7,17,True,0.05,50,0.18778914952167675,21,0.964540943130674,0.9595305932639148,0.00012525874666896586,0.04983145935737816,-0.04980591139371611,-0.0016044122008443897,0.0018293817305205385,0.0036940630497668283,0.0038391423334894377,21,23,20,0.0024281235626862504,0.0013663110757331145,-0.29378220438957214
LR_a0p1_q0,200000,4,8,16,True,0.05,50,-0.14094334401356973,14,0.6948927083557477,0.5783133588161055,0.0029144837384910416,0.0485304800458434,-0.047890810955471375,-0.013785844628055932,0.01897514301466635,0.005299926033278664,0.006480201530624961,14,16,14,0.00697632694753669,0.002635063064993681,0.5924856662750244
LR_a0p1_q0,200000,4,9,21,True,0.05,50,0.18985700582364987,16,0.740315270298807,0.7237783986944646,0.00041342179010855906,0.048715393912273586,-0.0486339756138619,-0.011699630397333259,0.01244505567913877,0.007129829142030222,0.007268919995816923,16,18,16,0.006381407331706598,0.0026084165233935994,0.7295272350311279
LR_a0p1_q0,200000,4,0,63,True,0.05,100,0.21211003827898656,20,0.31421499134868136,0.410139624594999,-0.0023981158311579542,0.046626936414715006,-0.047058565880613565,-0.030916186847281115,0.02655158465086338,0.007280305697419419,0.00981751769246707,20,20,20,0.012398622090620886,0.0035481818450512465,-1.205418586730957
LR_a0p1_q0,200000,4,1,38,True,0.05,100,-0.11987733011336824,12,0.4799473528990375,0.6237197415128634,-0.0035943097153456477,0.047582829743711,-0.048226413288629144,-0.023585462098759006,0.017040426212986036,0.005010986169363518,0.007745355013693426,11,16,11,0.009242952857543328,0.0021280839955507293,-0.6977595686912537
LR_a0p1_q0,200000,4,2,68,True,0.05,100,-0.07044490615533887,13,0.9767668821694665,0.9903436328663839,-0.00033941876742293875,0.04988654915852863,-0.049954196339083504,-0.0010482050500551631,0.0004370146957643477,0.0010094890676245595,0.001677250722615965,13,15,10,0.0014701477748336382,0.0004754123890797392,-0.09209150075912476
LR_a0p1_q0,200000,4,3,59,True,0.05,100,0.1589432835441263,18,0.6311619451399003,0.6701278580298531,-0.0009741478222488331,0.04820446789054122,-0.04836981500200995,-0.01664637063354616,0.01486342210051728,0.006478690317445667,0.006183471837177617,18,19,16,0.007342519025202586,0.002253649622804955,0.6572980284690857
LR_a0p1_q0,200000,4,4,87,True,0.05,100,-0.2113402467771363,6,0.9587724483204768,0.9695966080786017,-0.0002706039939531224,0.049801807821560254,-0.04985218049594235,-0.0018631854055363522,0.0013723500920123479,0.0006342597810410067,0.0010176615241061005,7,9,5,0.0008466918512850415,0.00027514154086147417,-0.05985800176858902
LR_a0p1_q0,200000,4,5,9,True,0.05,100,-0.047934831055738564,16,0.5811905240779078,0.47790534593386447,0.0025821294536010897,0.04786884078472829,-0.04735701549901472,-0.01880931458083313,0.02346174820232163,0.006329564645417274,0.005533753188734033,14,16,14,0.008474041352447132,0.002891550357215241,0.9413862228393555
LR_a0p1_q0,200000,4,6,43,True,0.05,100,-0.11280573012216971,12,0.9674654645057398,0.9583039079599476,0.00022903891364481344,0.049840906938374875,-0.04979820505235856,-0.0014676337130878278,0.0018830096543610343,0.002255254234417727,0.00212483000431267,12,13,9,0.0020588899340807827,0.0007503335049055593,0.19529816508293152
LR_a0p1_q0,200000,4,7,17,True,0.05,100,0.18778914952167675,21,0.8921693804037584,0.920346383387946,-0.0007044250746046921,0.04946885187319153,-0.0496124534932814,-0.0048603828530035835,0.0035951343238839173,0.005171226703420817,0.004556439884719934,21,23,20,0.004963670716046861,0.0017064313631851655,-0.29378220438957214
LR_a0p1_q0,200000,4,8,16,True,0.05,100,-0.14094334401356973,14,0.3520278290346113,0.5206524976567761,-0.004215616715554121,0.04694694639830063,-0.04760836287599762,-0.029345554946569985,0.021575737993158747,0.012581151564336502,0.004191838281372672,16,16,14,0.01108940688962136,0.0029468064816428855,0.5924856662750244
LR_a0p1_q0,200000,4,9,21,True,0.05,100,0.18985700582364987,16,0.688487385749611,0.6714821761749157,0.0004251302393673828,0.04846125111827465,-0.04838438982774029,-0.014036881830794093,0.014810281018994429,0.006733154435999833,0.0069168680007775235,16,17,16,0.007040588915147366,0.0025646773677965224,0.7295272350311279
LR_a0p1_q0,200000,4,0,63,True,0.05,200,0.21211003827898656,20,0.26307476790778495,0.24706627313464402,0.0004002123693285231,0.046359162544468216,-0.04623226559818669,-0.03320542414907889,0.033878951941454426,0.003033402762115803,0.004661675837004769,20,20,20,0.012324990261392811,0.0031388299451627463,-1.205418586730957
LR_a0p1_q0,200000,4,1,38,True,0.05,200,-0.11987733011336824,12,0.36317085711033426,0.4131650955597821,-0.001249855961236196,0.04699547643581084,-0.04728293050265406,-0.028836933580294242,0.02662467572466496,0.003529170227881772,0.003512935416867705,11,15,11,0.010612524163118763,0.001896195174919303,-0.6977595686912537
LR_a0p1_q0,200000,4,2,68,True,0.05,200,-0.07044490615533887,13,0.9678760486716484,0.9878585616946667,-0.0004995628255754503,0.04984309877194599,-0.04994511623900803,-0.0014492963383634185,0.0005521881542748222,0.0007919443186045344,0.0007949246164054189,13,15,9,0.0015639877580729507,0.0005655416905058997,-0.09209150075912476
LR_a0p1_q0,200000,4,3,59,True,0.05,200,0.1589432835441263,18,0.5518342831625328,0.5444119839307304,0.00018555748079507328,0.04782881189767897,-0.04775142071940908,-0.020237097739552304,0.020530821522872597,0.0029104476204359396,0.003774754953582904,19,19,16,0.008529481162705776,0.0025801974709278373,0.6572980284690857
LR_a0p1_q0,200000,4,4,87,True,0.05,200,-0.2113402467771363,6,0.941376505730977,0.9436829855636469,-5.766199581674902e-05,0.04972052491580399,-0.049725895955835195,-0.002651699629255196,0.002541746677652848,0.0005678656797344764,0.0033886944800536655,6,9,5,0.001142054106398223,0.00036215329947854265,-0.05985800176858902
LR_a0p1_q0,200000,4,5,9,True,0.05,200,-0.047934831055738564,16,0.43586439368723595,0.3721121338727995,0.0015938064953609082,0.04713669770903709,-0.04684422749391503,-0.025343478024675608,0.028238620800274825,0.003483235149105498,0.004257529904185648,14,16,14,0.010266776654893856,0.0033796624339875706,0.9413862228393555
LR_a0p1_q0,200000,4,6,43,True,0.05,200,-0.11280573012216971,12,0.9449166286703475,0.9326276731733252,0.00030722388742555895,0.04972968899172029,-0.04967173151349635,-0.0024838575582030085,0.0030403478548302423,0.002198489349360889,0.0019523933821790544,12,13,9,0.0027276734898966865,0.0010018421997476314,0.19529816508293152
LR_a0p1_q0,200000,4,7,17,True,0.05,200,0.18778914952167675,21,0.8186014060274505,0.8896118904833183,-0.001775262111396697,0.0491079123476682,-0.04946289790818276,-0.008177842046295493,0.004982303384016992,0.0023359543359638244,0.002410618640348529,21,23,20,0.0044947078498931954,0.001456471052691647,-0.29378220438957214
LR_a0p1_q0,200000,4,8,16,True,0.05,200,-0.14094334401356973,14,0.20254437106452416,0.26616559709013055,-0.0015905306506401595,0.046219595617197407,-0.04632429136887539,-0.03609237706397112,0.03301601151436892,0.0067477163331621185,0.005858428374673247,15,16,14,0.013082478749162949,0.0017470451335927723,0.5924856662750244
LR_a0p1_q0,200000,4,9,21,True,0.05,200,0.18985700582364987,16,0.5739221456417154,0.5466458875892699,0.0006819064513111373,0.04791791861432465,-0.04778936643810194,-0.01922181133223901,0.020457072058638465,0.005345112166844961,0.004556910407192966,16,17,16,0.008329625359569954,0.0026813093083371234,0.7295272350311279
LR_a0p1_q0,200000,4,0,63,True,0.05,500,0.21211003827898656,20,0.20562049142875127,0.18336836591836103,0.000556303137759756,0.046049772830645125,-0.04590585458210642,-0.035768748259207506,0.036737436286188446,0.002603530232524061,0.0017212760910372922,20,20,20,0.01320595587684425,0.0027199240585142666,-1.205418586730957
LR_a0p1_q0,200000,4,1,38,True,0.05,500,-0.11987733011336824,12,0.15582688789279153,0.17565793570872623,-0.0004957761953983675,0.04605092924551277,-0.04622319496882166,-0.03825958485087313,0.03744029818338531,0.001155091469355371,0.0026877174852901267,11,12,11,0.013136850915014694,0.0014613665201810716,-0.6977595686912537
LR_a0p1_q0,200000,4,2,68,True,0.05,500,-0.07044490615533887,13,0.8939486980281665,0.9636259954657691,-0.0017419324359400634,0.049473233858211486,-0.04983258088605144,-0.004775798956803392,0.0016512811127628833,0.0007398366625555299,0.0011310544179266569,13,15,10,0.0023449390326026748,0.0007762783307434809,-0.09209150075912476
LR_a0p1_q0,200000,4,3,59,True,0.05,500,0.1589432835441263,18,0.3638258416157608,0.47194442999999087,-0.0027029647096057374,0.04691760591253169,-0.047420073948456286,-0.02872631383174369,0.023822852448456854,0.0020415023745064863,0.002652964062219313,19,19,16,0.011027897594581114,0.002728352100026165,0.6572980284690857
LR_a0p1_q0,200000,4,4,87,True,0.05,500,-0.2113402467771363,6,0.7172610935432894,0.9281294936967482,-0.005271710003836472,0.04863847331558022,-0.04965418411866865,-0.012775418638415737,0.0032477094338311937,0.0063004777988111,0.007972660732112048,7,9,5,0.007492555447495394,0.0015920489314375215,-0.05985800176858902
LR_a0p1_q0,200000,4,5,9,True,0.05,500,-0.047934831055738564,16,0.304503428027304,0.1884031927490118,0.0029025058819573055,0.04655893835635433,-0.04596781930730888,-0.0313337669549893,0.036547659669858235,0.0019731562936175194,0.0015045217709046897,14,16,14,0.011600272527206933,0.0029315662351026995,0.9413862228393555
LR_a0p1_q0,200000,4,6,43,True,0.05,500,-0.11280573012216971,12,0.923814113144808,0.872241763572914,0.0012893087392973485,0.04962646070740853,-0.04937909380592309,-0.0034357550501680975,0.005767005627277396,0.0014284197725087228,0.0011618465915450911,12,13,9,0.0031214043592989464,0.0009754296465819552,0.19529816508293152
LR_a0p1_q0,200000,4,7,17,True,0.05,500,0.18778914952167675,21,0.712967324634301,0.7994501952479999,-0.0021620717653424715,0.04858813442851205,-0.04901719732813932,-0.012939768196796998,0.009044687565739323,0.0026027279412450637,0.002159466788811579,21,23,20,0.006350115051807496,0.002072352411958974,-0.29378220438957214
LR_a0p1_q0,200000,4,8,16,True,0.05,500,-0.14094334401356973,14,-0.0356213080830442,0.10433172426568216,-0.003498825808718159,0.04501339894047121,-0.04553544898479639,-0.046794464344623365,0.040318862771512295,0.0025234342133419615,0.0016269154734452082,15,14,14,0.01615071987915252,0.0011711275748112634,0.5924856662750244
LR_a0p1_q0,200000,4,9,21,True,0.05,500,0.18985700582364987,16,0.42695419003229373,0.4116412230057309,0.00038282417566407045,0.04717297427328049,-0.047099467483998236,-0.02582526477166588,0.02651740633371171,0.0018103404559219264,0.0015582260311998322,16,16,16,0.01034914641313998,0.0028826095641020393,0.7295272350311279
LR_a0p1_q0,200000,4,0,63,True,0.05,1000,0.21211003827898656,20,0.15817537388229885,0.16902914020675286,-0.0002713441581113363,0.04579858654974672,-0.04577693084102761,-0.03788981785563172,0.03732547383069002,0.0019613437580151857,0.0017655106207262743,20,20,20,0.013771431698491843,0.0025356214247328856,-1.205418586730957
LR_a0p1_q0,200000,4,1,38,True,0.05,1000,-0.11987733011336824,12,0.1142090249276656,0.16159640080322363,-0.0011846843968889437,0.04583051674478955,-0.046141543414098346,-0.040120065498406264,0.0380617233739372,0.000865770874437771,0.0019646198053796197,12,13,12,0.013665575127025764,0.001433989524521758,-0.6977595686912537
LR_a0p1_q0,200000,4,2,68,True,0.05,1000,-0.07044490615533887,13,0.8104453873779673,0.9061965210449288,-0.0023937783416740355,0.049053634358134646,-0.04957348631605332,-0.008531364989236463,0.004263660263806701,0.00109020404688245,0.0011204493246701572,13,15,10,0.003558836918401896,0.0007597573665317489,-0.09209150075912476
LR_a0p1_q0,200000,4,3,59,True,0.05,1000,0.1589432835441263,18,0.3112828577058441,0.31244164558711374,-2.8969697031727693e-05,0.046675208229443974,-0.046673861190537326,-0.031111065344151645,0.03105177891118162,0.0015458739770654218,0.0014087472593375084,19,19,16,0.011691478158497722,0.002494561853061872,0.6572980284690857
LR_a0p1_q0,200000,4,4,87,True,0.05,1000,-0.2113402467771363,6,0.5090402635722585,0.8618007525604326,-0.008819012224704353,0.04764349432750878,-0.04933080753292626,-0.02219148114889582,0.006240769904904634,0.0007211132000914785,0.0011825888488583838,7,9,5,0.00790444283239239,0.0011587029035781493,-0.05985800176858902
LR_a0p1_q0,200000,4,5,9,True,0.05,1000,-0.047934831055738564,16,0.2551836461992013,0.07343055874359503,0.004543827186390154,0.046281461792340134,-0.04539658225369594,-0.03352227948238014,0.04172505431651603,0.0011411516954694114,0.0010204795506828818,16,16,15,0.012482581308685537,0.002977691910161267,0.9413862228393555
LR_a0p1_q0,200000,4,6,43,True,0.05,1000,-0.11280573012216971,12,0.8821932760426884,0.7455635887220224,0.0034157421830166568,0.049425412234264214,-0.04878184048757084,-0.005315748432129721,0.011503661051469816,0.0009376501419021351,0.0009462976308317958,12,13,9,0.0042241580022950725,0.0013125477692992975,0.19529816508293152
LR_a0p1_q0,200000,4,7,17,True,0.05,1000,0.18778914952167675,21,0.5342761293172715,0.717833144683877,-0.004588925384165138,0.047699312822663154,-0.04860691019138809,-0.02098550635679953,0.012715252957194372,0.0010783746963954144,0.0021372528164655532,21,23,21,0.00829001240855178,0.0015741190130265789,-0.29378220438957214
LR_a0p1_q0,200000,4,8,16,True,0.05,1000,-0.14094334401356973,14,0.014667414688960267,0.09464183578495378,-0.0019993605273998516,0.04514577190571267,-0.04543177776393595,-0.04441240117126468,0.04069968597468824,0.0013117780959281944,0.0037991138284396075,14,14,14,0.015348002096543122,0.0010890067839970771,0.5924856662750244
LR_a0p1_q0,200000,4,9,21,True,0.05,1000,0.18985700582364987,16,0.33789781653378426,0.3521152364761959,-0.00035543549856029144,0.04673129954115496,-0.046794642605372805,-0.029836408714465686,0.029188880781563113,0.0010074740447519788,0.0007939648853366942,16,16,16,0.011470630998125288,0.002910670142993415,0.7295272350311279
LR_a0p1_q0,200000,4,0,63,True,0.05,2000,0.21211003827898656,20,0.1580196595959571,0.13342180910827728,0.0006149462621919954,0.04566039414730677,-0.04561066501472108,-0.03775941116750882,0.038939574559307404,0.0020248269875199243,0.0014922334571812398,20,20,20,0.014172938525122903,0.002715824158071588,-1.205418586730957
LR_a0p1_q0,200000,4,1,38,True,0.05,2000,-0.11987733011336824,12,0.09375739601659994,0.1604094093657077,-0.0016663003337276938,0.045587543791804935,-0.04613082178804764,-0.040899673990974994,0.03811035131976229,0.0007143817689468448,0.0007325105581597697,12,13,12,0.013947884556870153,0.0015579915194565694,-0.6977595686912537
LR_a0p1_q0,200000,4,2,68,True,0.05,2000,-0.07044490615533887,13,0.7073388695059244,0.8271299718758132,-0.002994777559247222,0.04853712181014875,-0.04921093317187927,-0.013170178334852458,0.007854434578088786,0.0004302649146831213,0.0006751042286351834,13,15,10,0.005015675246075702,0.0008785622198257204,-0.09209150075912476
LR_a0p1_q0,200000,4,3,59,True,0.05,2000,0.1589432835441263,18,0.2064009432364622,0.14649077418414647,0.0014977542263078791,0.04616907405500683,-0.045885508721724505,-0.03584902689318366,0.03856097001251718,0.00043215444800877,0.0010398025653164192,18,19,18,0.012939788941836936,0.0020079427637305866,0.6572980284690857
LR_a0p1_q0,200000,4,4,87,True,0.05,2000,-0.2113402467771363,6,0.32910882573937483,0.7592784396467828,-0.010754240347685184,0.04677895537194044,-0.04883361181623149,-0.03032351408497177,0.010869689833892273,0.0012215696372169297,0.0006267763470722957,6,7,5,0.011070704783525108,0.0013279047719758125,-0.05985800176858902
LR_a0p1_q0,200000,4,5,9,True,0.05,2000,-0.047934831055738564,16,0.1784130050522871,0.07241969487137623,0.0026498327545227754,0.04587812046900742,-0.04536512279596444,-0.03695747021639279,0.0417441380523956,0.0006446173943136566,0.00018394514352500796,15,16,15,0.013269262666687265,0.002601165945290621,0.9413862228393555
LR_a0p1_q0,200000,4,6,43,True,0.05,2000,-0.11280573012216971,12,0.8454917279694198,0.6436804403250642,0.005045282191108891,0.049249413240817844,-0.04830204249833389,-0.006974826842347152,0.01611802048208054,0.0006260615443923292,0.00037225203174402294,12,13,9,0.005134094998965972,0.0015950143820069173,0.19529816508293152
LR_a0p1_q0,200000,4,7,17,True,0.05,2000,0.18778914952167675,21,0.3005939401135932,0.657286263394094,-0.00891730808201252,0.04653925266489525,-0.048309727348574895,-0.03150955565921558,0.015445414178870139,0.0007705822353726381,0.0012638022572272318,21,23,21,0.01137155039896475,0.00125602874965686,-0.29378220438957214
LR_a0p1_q0,200000,4,8,16,True,0.05,2000,-0.14094334401356973,14,0.08359549659975651,0.07902782161212263,0.000114191874690861,0.045407306506239226,-0.04532354553367374,-0.041227531676251344,0.04137215445306762,0.0009673378806449998,0.0012683935868679495,15,15,15,0.01439637122063993,0.0010447570173883836,0.5924856662750244
LR_a0p1_q0,200000,4,9,21,True,0.05,2000,0.18985700582364987,16,0.2797074363058405,0.3136702896863508,-0.0008490713345127576,0.04643686990894591,-0.04659901388397597,-0.03245149809365387,0.030915499399658364,0.00048018786859428566,0.00027017620326859587,16,16,16,0.012296954988619784,0.0029677840887860785,0.7295272350311279
LR_a0p1_q0,5000000,0,0,23,True,0.05,1,0.004554019077853022,17,0.9998893253988139,0.9998893253988306,-4.163336342344337e-16,0.0499994451141656,-0.04999944511416554,-4.978844224719297e-06,4.97884422436096e-06,0.011941475744871572,0.010587823632684287,17,18,14,0.00010120398437606257,8.536819066022194e-05,-0.3331323564052582
LR_a0p1_q0,5000000,0,1,98,True,0.05,1,-0.005632176332533656,16,0.9975811769667631,0.9975811769667897,-6.661338147750939e-16,0.04998845430150095,-0.04998845430150095,-0.00010939545316219014,0.00010939545316197816,0.05171894757819571,0.05171945159959674,16,16,16,0.0002628181606738074,0.0004462611327739651,1.519585371017456
LR_a0p1_q0,5000000,0,2,6,True,0.05,1,0.21959485879209403,17,0.9798301961291339,0.9798301961291611,-6.938893903907228e-16,0.04990674453185184,-0.04990674453185184,-0.0009152347253941916,0.0009152347253939966,0.009724811466792369,0.009537843089598961,18,18,17,0.0009937223390187604,0.0012552813548094275,-0.43186911940574646
LR_a0p1_q0,5000000,0,3,62,False,0.05,1,-4.996483975770659,0,0.9995855580084623,0.9995855580084623,0.0,0.04999766457795951,-0.04999766457795951,-1.838667753579602e-05,1.8386677536233755e-05,0.0023931449474799177,0.002393296456775422,0,0,0,9.744959834790576e-05,0.00014886089733785274,-0.6834357380867004
LR_a0p1_q0,5000000,0,4,33,True,0.05,1,-0.07638370874140187,15,0.9997828589558244,0.9997828589558377,-3.3306690738754696e-16,0.049998826479999314,-0.0499988264799992,-9.683532207751971e-06,9.683532207268255e-06,0.016502295460858147,0.016008947142954123,15,16,15,0.0001588235762527369,0.00010911057023914536,0.48446258902549744
LR_a0p1_q0,5000000,0,5,39,True,0.05,1,-0.16999655220130827,16,0.8189839904415558,0.8189839904415652,-2.220446049250313e-16,0.049096759444465704,-0.04909675944446573,-0.008147559922387835,0.008147559922387373,0.022130321303834192,0.022112949283708085,16,16,16,0.005144658611712715,0.0035001997538129455,-1.3440539836883545
LR_a0p1_q0,5000000,0,6,45,True,0.05,1,0.1500306841998702,18,0.9314242458447142,0.9314242458447297,-3.885780586188048e-16,0.04967415094107874,-0.04967415094107863,-0.003102938648842899,0.0031029386488425265,0.01410576148550193,0.013650782821741559,18,18,16,0.0026201127762204525,0.002175462938641025,-0.8072782158851624
LR_a0p1_q0,5000000,0,7,62,False,0.05,1,-2.5172803016072933,1,0.9996463668232369,0.9996463668232458,0.0,0.049998496362789746,-0.049998496362789635,-1.6178021627721125e-05,1.6178021628131652e-05,0.00429962470061037,0.004299553218156667,1,1,1,0.0002832869523903906,0.0002226662540031429,-0.5483862161636353
LR_a0p1_q0,5000000,0,8,62,False,0.05,1,-6.348292586105562,0,0.9980129855258824,0.9980129855258468,8.881784197001252e-16,0.04999096607545983,-0.04999096607546005,-9.031679916751687e-05,9.031679916696175e-05,0.0040905428587216415,0.004089902341453434,0,0,0,0.00037104245682728686,0.00033824948370705606,-1.3441669940948486
LR_a0p1_q0,5000000,0,9,99,True,0.05,1,0.04279189958275276,17,0.9337781357313446,0.9337781357313446,0.0,0.04968390507763898,-0.04968390507763898,-0.002994998291071754,0.0029949982910719595,0.016566201129487965,0.016108698339995408,17,18,16,0.0027747008374814906,0.001996607407475171,-0.7951036691665649
LR_a0p1_q0,5000000,0,0,23,True,0.05,2,0.004554019077853022,17,0.9889135564635143,1.0030318221673118,-0.0003529566425949371,0.04994729192937658,-0.05001437720827501,-0.0005016141062005888,-0.0001372139000902587,0.007528201702044441,0.010263527725414494,17,18,14,0.0014113780506074952,0.00105463651791196,-0.3331323564052582
LR_a0p1_q0,5000000,0,1,98,True,0.05,2,-0.005632176332533656,16,0.9963368160329705,0.9963368936072825,-1.9393577993520594e-09,0.04998251462920225,-0.04998251499948564,-0.0001656738275541972,0.00016567031912073234,0.050586287561587194,0.050586241989188485,16,16,16,0.00039802369203735473,0.0006758389663148434,1.519585371017456
LR_a0p1_q0,5000000,0,2,6,True,0.05,2,0.21959485879209403,17,0.970572834323013,0.970464605912032,2.7057102745253747e-06,0.04986239383206581,-0.04986187532518829,-0.001333752115915329,0.0013386450295872357,0.008905883641770954,0.0089236438078328,17,18,17,0.0014666993954466215,0.001814521730805721,-0.43186911940574646
LR_a0p1_q0,5000000,0,3,62,False,0.05,2,-4.996483975770659,0,0.9993204305584413,0.9993203717709953,1.4696857064677715e-09,0.04999633531664058,-0.04999633502189982,-3.031378871848023e-05,3.0316433349646395e-05,0.0014497989713139448,0.0014497580730523907,0,0,0,0.00024178189249048245,0.00029536882066116566,-0.6834357380867004
LR_a0p1_q0,5000000,0,4,33,True,0.05,2,-0.07638370874140187,15,0.7519185939317774,0.9996511217990744,-0.006193313196682426,0.04865926548813915,-0.049998114517924463,-0.011063335791549965,1.5558427970852376e-05,0.008107223192194517,0.015478571862214852,15,16,15,0.004214211639698325,0.0012815710628845747,0.48446258902549744
LR_a0p1_q0,5000000,0,5,39,True,0.05,2,-0.16999655220130827,16,0.8231806139941994,0.823186502934522,-1.4722350805129736e-07,0.049116791067113336,-0.04911681917662297,-0.007957760367403281,0.007957494029896829,0.02472516763068849,0.024796563651437308,16,16,16,0.0049400653830935035,0.003181575364648751,-1.3440539836883545
LR_a0p1_q0,5000000,0,6,45,True,0.05,2,0.1500306841998702,18,0.8992584563477379,0.9339990730682945,-0.0008685154180139154,0.04952130986238901,-0.049686385659282184,-0.004558387045002155,0.0029864320058675606,0.013815484387053474,0.012967854166499851,18,18,16,0.0037927328581897958,0.0028662104150547233,-0.8072782158851624
LR_a0p1_q0,5000000,0,7,62,False,0.05,2,-2.5172803016072933,1,0.9997621582232252,0.9997621731307227,-3.7268765851194985e-10,0.04999901539132379,-0.04999901545814578,-1.0907480162695465e-05,1.0906801609797187e-05,0.004534710634570058,0.004534707971756911,1,1,1,0.0002230688560394879,0.0001731900882353942,-0.5483862161636353
LR_a0p1_q0,5000000,0,8,62,False,0.05,2,-6.348292586105562,0,0.9969123253159218,0.9969125786087929,-6.3323222221356446e-09,0.04998517181361661,-0.04998517314703932,-0.00013955554782032613,0.0001395442166000807,0.002379617543460186,0.0023786926219279765,0,0,0,0.0006024158186226573,0.0005093675882351247,-1.3441669940948486
LR_a0p1_q0,5000000,0,9,99,True,0.05,2,0.04279189958275276,17,0.9359000446038701,0.9359042457207889,-1.0502792296973595e-07,0.04969449305907492,-0.04969451402196756,-0.0028994908288813076,0.0028993017359281582,0.018421314617403352,0.017682085339824953,17,18,16,0.0024344967166140884,0.0016417951335833214,-0.7951036691665649
LR_a0p1_q0,5000000,0,0,23,True,0.05,5,0.004554019077853022,17,0.986355879827906,0.9935647533825054,-0.00018022183886498566,0.049932396633532494,-0.0499645246569117,-0.0006146026421368902,0.00028628698778687954,0.007257467072871832,0.006539053854396024,17,18,14,0.0014976485065939136,0.0012241487664273463,-0.3331323564052582
LR_a0p1_q0,5000000,0,1,98,True,0.05,5,-0.005632176332533656,16,0.995855569325747,0.9958559123264532,-8.575017654277595e-09,0.04998039407290364,-0.04998039572820678,-0.00018761560661628452,0.00018760011188403096,0.05014512668715091,0.05014636488044705,16,16,16,0.0004811960265559573,0.0007242065162021974,1.519585371017456
LR_a0p1_q0,5000000,0,2,6,True,0.05,5,0.21959485879209403,17,0.9617758350121297,0.9615268621468609,6.224321631720375e-06,0.04982049834444405,-0.04981930731312062,-0.0017317065938382162,0.0017429642057772122,0.008563484514391677,0.008385730273827862,17,18,17,0.001623855510476452,0.002015060007805752,-0.43186911940574646
LR_a0p1_q0,5000000,0,3,62,False,0.05,5,-4.996483975770659,0,0.9990833107447905,0.9990832705290131,1.0053939902832099e-09,0.04999525651811057,-0.04999525634748733,-4.109098087088025e-05,4.109282103697208e-05,0.0010462527856210319,0.0010463748746412187,0,0,0,0.0002849842912647518,0.00037296462878066197,-0.6834357380867004
LR_a0p1_q0,5000000,0,4,33,True,0.05,5,-0.07638370874140187,15,0.7492828075773983,0.977708179460659,-0.005710634297081518,0.04864717640758409,-0.049894628138100416,-0.011183036028714295,0.0010092191650671852,0.008548317791133903,0.01089785031583814,16,16,15,0.004261487472440274,0.0011247212202128147,0.48446258902549744
LR_a0p1_q0,5000000,0,5,39,True,0.05,5,-0.16999655220130827,16,0.826965376332216,0.8269772858064695,-2.9773685633616154e-07,0.04913449211533605,-0.04913454843632992,-0.007786223298725059,0.007785684146006489,0.027989424662668207,0.02810517451136906,16,16,16,0.0048163312334685,0.0030214700727274383,-1.3440539836883545
LR_a0p1_q0,5000000,0,6,45,True,0.05,5,0.1500306841998702,18,0.8664405155177812,0.8914805536562032,-0.0006260009534605482,0.049366313505240456,-0.04948508595900314,-0.006044287729351339,0.004911058276192924,0.013122658577535994,0.012771321454544463,18,18,16,0.004320199965757597,0.0032026459378914868,-0.8072782158851624
LR_a0p1_q0,5000000,0,7,62,False,0.05,5,-2.5172803016072933,1,0.9998935210823312,0.9998935369048922,-3.955640259789561e-10,0.04999945074464951,-0.04999945082823465,-4.774690532916468e-06,4.773982989417567e-06,0.005263275543619334,0.005263300351680713,1,1,1,8.032765768729615e-05,5.5708156449880993e-05,-0.5483862161636353
LR_a0p1_q0,5000000,0,8,62,False,0.05,5,-6.348292586105562,0,0.9959096208705809,0.9959106835842135,-2.6567841260316527e-08,0.04998002496461429,-0.04998003033799625,-0.00018454392108615853,0.0001844961587841799,0.0010429769365936138,0.0010426253252907261,0,0,0,0.0007756485297936725,0.0006594557871904264,-1.3441669940948486
LR_a0p1_q0,5000000,0,9,99,True,0.05,5,0.04279189958275276,17,0.8911928680816961,0.8910236027298435,4.231633796314416e-06,0.04948181751854408,-0.04948101276406813,-0.004922174114459207,0.0049298326275758865,0.014243700614183539,0.013932980461229896,17,18,16,0.003941225288482653,0.0022695774979124995,-0.7951036691665649
LR_a0p1_q0,5000000,0,0,23,True,0.05,10,0.004554019077853022,17,0.976912409785542,0.9778648061306805,-2.3809908628463772e-05,0.04988617246156957,-0.049888957098406184,-0.0010405519722922218,0.0009957167918721336,0.007686795046537517,0.008571094652312948,17,18,14,0.0017827626044834156,0.0014957062716791198,-0.3331323564052582
LR_a0p1_q0,5000000,0,1,98,True,0.05,10,-0.005632176332533656,16,0.7039269234266299,0.7019121104180026,5.0370325215681744e-05,0.04856802573339347,-0.048558580589451894,-0.0133716795620619,0.013462975068551635,0.021314549201204132,0.020860831271563556,16,16,16,0.006633505908825649,0.0038495661350492778,1.519585371017456
LR_a0p1_q0,5000000,0,2,6,True,0.05,10,0.21959485879209403,17,0.9483285845941286,0.9479173214459535,1.0281578704390837e-05,0.04975365524099282,-0.04975165750303162,-0.0023372260112859357,0.0023557914307341713,0.008475094738615588,0.008150192499885288,17,18,17,0.0019054139809506674,0.0020529951801423574,-0.43186911940574646
LR_a0p1_q0,5000000,0,3,62,False,0.05,10,-4.996483975770659,0,0.9988692215674,0.9988693123578685,-2.2697621560041625e-09,0.04999410963827583,-0.049994110047684365,-5.064855990569485e-05,5.064442979031072e-05,0.0008708083966855658,0.0008703554042020803,0,0,0,0.00026677608918154776,0.00035085156280687153,-0.6834357380867004
LR_a0p1_q0,5000000,0,4,33,True,0.05,10,-0.07638370874140187,15,0.7505372464243032,0.9795694750640105,-0.005725805715992682,0.048654076081065756,-0.049904226152785225,-0.011127213759850436,0.000925752399584747,0.010944247717995237,0.01493025136771361,16,16,15,0.0040385805464771,0.0004675170323106139,0.48446258902549744
LR_a0p1_q0,5000000,0,5,39,True,0.05,10,-0.16999655220130827,16,0.7029772749444729,0.7015182207613024,3.647635457926235e-05,0.048532562237016574,-0.0485255647948723,-0.013383698489792688,0.013449653756807223,0.01507750897670803,0.014911517925296972,16,16,16,0.007475522800856614,0.0047345920340456735,-1.3440539836883545
LR_a0p1_q0,5000000,0,6,45,True,0.05,10,0.1500306841998702,18,0.8609237110560208,0.8810740018508545,-0.0005037572698708415,0.04933017509499671,-0.04942724029401879,-0.006283989542195888,0.005373540201476056,0.014021675768816574,0.01389636769619819,18,18,16,0.0037473585792787813,0.0022414077756509375,-0.8072782158851624
LR_a0p1_q0,5000000,0,7,62,False,0.05,10,-2.5172803016072933,1,0.9715616894920931,0.9715642368110355,-6.368297356118546e-08,0.04986603752828622,-0.04986605008106326,-0.0012879530536816551,0.0012878382405116327,0.0060896284399742755,0.006088211237501409,1,1,1,0.002302099872135785,0.0016768025784696977,-0.5483862161636353
LR_a0p1_q0,5000000,0,8,62,False,0.05,10,-6.348292586105562,0,0.9957344001163015,0.9957359325984427,-3.83120539737547e-08,0.04997902413945754,-0.049979031863747414,-0.0001923041336424884,0.00019223523382528717,0.0008524599645302269,0.0008523294137587903,0,0,0,0.0007876563580515756,0.0006907170973181159,-1.3441669940948486
LR_a0p1_q0,5000000,0,9,99,True,0.05,10,0.04279189958275276,17,0.8647959940903416,0.864517277167649,6.967923067313642e-06,0.049340798720075685,-0.04933940862916464,-0.006100999015558679,0.0061135447707822525,0.019223783822702144,0.01842084344473315,17,18,16,0.00395535924099938,0.0021723693608855193,-0.7951036691665649
LR_a0p1_q0,5000000,0,0,23,True,0.05,20,0.004554019077853022,17,0.9675014707193541,0.9712356354753832,-9.335411890072642e-05,0.04983951048889079,-0.04985858658385081,-0.0014644369529229807,0.0012968048100818461,0.006804505175502975,0.005574491906085643,17,18,14,0.0018620729821447256,0.0013720696384059716,-0.3331323564052582
LR_a0p1_q0,5000000,0,1,98,True,0.05,20,-0.005632176332533656,16,0.5466221065578719,0.545707671204001,2.2860883846773095e-05,0.04786840879898499,-0.04786379597831081,-0.020537303471091315,0.020578412418110665,0.01769797581277197,0.017309892706750006,16,16,16,0.008805628481337521,0.0035401908830174815,1.519585371017456
LR_a0p1_q0,5000000,0,2,6,True,0.05,20,0.21959485879209403,17,0.9242940719196102,0.9233059358137718,2.470340264595916e-05,0.049638230425900404,-0.0496334166245721,-0.0034235268299197315,0.0034681198338833035,0.006309272152651362,0.005970433787596724,18,18,17,0.002529287057775347,0.0026065579107870584,-0.43186911940574646
LR_a0p1_q0,5000000,0,3,62,False,0.05,20,-4.996483975770659,0,0.9985959938342504,0.9985961835253399,-4.74227768165747e-09,0.04999277031361149,-0.04999277118520398,-6.297062190011935e-05,6.296200893649348e-05,0.0003329183931938124,0.0003328230703750611,0,0,0,0.0003252374783779275,0.00043557759718664696,-0.6834357380867004
LR_a0p1_q0,5000000,0,4,33,True,0.05,20,-0.07638370874140187,15,0.7138414398001669,0.9275897398738464,-0.005343707501841988,0.048478165707208865,-0.049653921520587674,-0.012786093717200528,0.0032744345268952892,0.00503506828596269,0.0064205237898068215,16,16,15,0.0047145186266601136,0.0017478253330983707,0.48446258902549744
LR_a0p1_q0,5000000,0,5,39,True,0.05,20,-0.16999655220130827,16,0.6821229693827119,0.6796335596511272,6.223524328963226e-05,0.048449397850288206,-0.048437667881557456,-0.01434324938115266,0.01445598989900089,0.037031601468399844,0.015433993970365805,16,16,16,0.012714584454556739,0.004855157491743606,-1.3440539836883545
LR_a0p1_q0,5000000,0,6,45,True,0.05,20,0.1500306841998702,18,0.778069910207595,0.7951456835332804,-0.000426894333142136,0.048941574065336724,-0.049024874871075874,-0.01003807855495711,0.009267590694411729,0.008178098520558254,0.008329760012765103,18,18,17,0.00536098250119824,0.003525263877075949,-0.8072782158851624
LR_a0p1_q0,5000000,0,7,62,False,0.05,20,-2.5172803016072933,1,0.9721878260441308,0.9721890745107498,-3.121166569641787e-08,0.049868896626841464,-0.04986890439422431,-0.0012595053246347138,0.001259450668686548,0.006272669746052198,0.006273426555445524,1,1,1,0.0022991873188180833,0.0014737089624035499,-0.5483862161636353
LR_a0p1_q0,5000000,0,8,62,False,0.05,20,-6.348292586105562,0,0.9954993026456727,0.9955008357350081,-3.8327232942947376e-08,0.04997819690673588,-0.04997820446103507,-0.00020323177445121836,0.00020316267428555863,0.0006944250648368344,0.0006943922001503552,0,0,0,0.0007734395700999681,0.0007220597328969063,-1.3441669940948486
LR_a0p1_q0,5000000,0,9,99,True,0.05,20,0.04279189958275276,17,0.7288035016642902,0.726995872554681,4.51907277402297e-05,0.04868146313230759,-0.04867810953792051,-0.012241288049093208,0.012328315910186821,0.014824477281613806,0.014232686726712993,17,18,16,0.006749309533641429,0.0037691080329052664,-0.7951036691665649
LR_a0p1_q0,5000000,0,0,23,True,0.05,50,0.004554019077853022,17,0.9143569357759296,0.9230606609495584,-0.00021759312934072073,0.04959618624776169,-0.049628071435648236,-0.0038783394589657983,0.0034750383881697014,0.0046905887987530506,0.004552017431181252,17,18,14,0.0028851769845117522,0.0023557905651766763,-0.3331323564052582
LR_a0p1_q0,5000000,0,1,98,True,0.05,50,-0.005632176332533656,16,0.4026018609448462,0.402691334413241,-2.2368367098707376e-06,0.04716091048959023,-0.04716357353341749,-0.02703081744234772,0.027029006812755507,0.010671821158770113,0.01061009492813566,16,16,16,0.010430997841334368,0.004388046902288592,1.519585371017456
LR_a0p1_q0,5000000,0,2,6,True,0.05,50,0.21959485879209403,17,0.8780183213905712,0.8339094718714152,0.0011027212379788875,0.0494097064739423,-0.04919836144667436,-0.005508790404414512,0.007502887853102326,0.005253615809493891,0.00427213674291448,18,18,17,0.0031437263496190567,0.003094336198551991,-0.43186911940574646
LR_a0p1_q0,5000000,0,3,62,False,0.05,50,-4.996483975770659,0,0.9984866022357863,0.9984868714170148,-6.7295307104586755e-09,0.049991936052067504,-0.049991936824031774,-6.760594027931403e-05,6.759325318184936e-05,0.00023094604600099492,0.0002309673799127866,0,0,0,0.0003411175615654842,0.0004510370079912252,-0.6834357380867004
LR_a0p1_q0,5000000,0,4,33,True,0.05,50,-0.07638370874140187,15,0.6742552064299145,0.5881447361911563,0.002152761755968957,0.04829038678361497,-0.047835448693079874,-0.014577626462119237,0.01842821188352264,0.004031444852542693,0.005650653497577939,16,16,15,0.005400820176508477,0.0023638836675902676,0.48446258902549744
LR_a0p1_q0,5000000,0,5,39,True,0.05,50,-0.16999655220130827,16,0.4745496944142019,0.6184880999889231,-0.0035984601393680427,0.047446714963191666,-0.04810500339781032,-0.023719230242481446,0.01718059839836427,0.012065154181280471,0.011293804710702413,16,16,16,0.012277067573101829,0.007384857858617757,-1.3440539836883545
LR_a0p1_q0,5000000,0,6,45,True,0.05,50,0.1500306841998702,18,0.7363426931114092,0.7541030673920668,-0.0004440093570164394,0.04871304391350195,-0.048798852133442816,-0.011895909257931539,0.01109369876383946,0.007961515012444622,0.008107468376769757,18,18,17,0.0056221538998457036,0.0027926471392586668,-0.8072782158851624
LR_a0p1_q0,5000000,0,7,62,False,0.05,50,-2.5172803016072933,1,0.9534644345290566,0.9534463928549641,4.510418523118176e-07,0.04977837861620482,-0.04977829647441534,-0.002105156889751681,0.0021059768316671534,0.006420325852826491,0.006417230693006136,1,1,1,0.002625853321221698,0.0013096872805249352,-0.5483862161636353
LR_a0p1_q0,5000000,0,8,62,False,0.05,50,-6.348292586105562,0,0.995000725124644,0.9950025716135258,-4.6162221600809517e-08,0.04997590458932355,-0.04997591369146903,-0.00022586833309198103,0.00022578511079210628,0.0005405127600672289,0.0005406287452017614,0,0,0,0.0007483506788434568,0.0008039659341960733,-1.3441669940948486
LR_a0p1_q0,5000000,0,9,99,True,0.05,50,0.04279189958275276,17,0.6935892814719691,0.6795611031910598,0.00035070445702273245,0.04848941092176284,-0.04842999734828901,-0.013809946848164716,0.014451942188735726,0.007942142027981153,0.007603266871981326,17,18,17,0.006493141401709659,0.0035335589304869774,-0.7951036691665649
LR_a0p1_q0,5000000,0,0,23,True,0.05,100,0.004554019077853022,17,0.8602259382802346,0.8564337594351407,9.480447112734935e-05,0.049351769112201405,-0.04932113558547138,-0.006340472198189484,0.0064994476137151015,0.005347558493262892,0.005083782434214334,18,18,14,0.003372650192396987,0.002337224690137414,-0.3331323564052582
LR_a0p1_q0,5000000,0,1,98,True,0.05,100,-0.005632176332533656,16,0.2971158407807445,0.30026132931748384,-7.863721341848373e-05,0.0466332640872035,-0.04665259818267253,-0.031777472048166056,0.03163953171679858,0.009202558092843113,0.009126795969613575,16,16,16,0.011770520603839317,0.004108814085294375,1.519585371017456
LR_a0p1_q0,5000000,0,2,6,True,0.05,100,0.21959485879209403,17,0.8364348020147805,0.7879181225857934,0.0012129169857246769,0.04921617917275434,-0.04898444048256456,-0.007394439072015344,0.009588534353274754,0.00512533932794546,0.004832424286789397,18,18,17,0.0038505031554967963,0.0031259355597261936,-0.43186911940574646
LR_a0p1_q0,5000000,0,3,62,False,0.05,100,-4.996483975770659,0,0.9983089197880091,0.9983094368226197,-1.2925865711110873e-08,0.049990822169892785,-0.049990823851172206,-7.537618049308932e-05,7.535201004099392e-05,0.000164806932249313,0.00016503896160018717,0,0,0,0.0003665569174628625,0.0004918883827294815,-0.6834357380867004
LR_a0p1_q0,5000000,0,4,33,True,0.05,100,-0.07638370874140187,15,0.4055034646838873,0.543389502988636,-0.0034471509576187165,0.04684911923813406,-0.0476144667124172,-0.026573946003940377,0.020444991562984672,0.0029129980760882693,0.0035939953074058976,16,16,15,0.024967217082972726,0.0026845860121439166,0.48446258902549744
LR_a0p1_q0,5000000,0,5,39,True,0.05,100,-0.16999655220130827,16,0.3681392983261328,0.4381849831527973,-0.0017511421206666267,0.04694585712550245,-0.047222540763681764,-0.02853889220919574,0.02531329160604213,0.008632003988063937,0.008736397861221528,16,16,16,0.012312946569321115,0.0069089442154727015,-1.3440539836883545
LR_a0p1_q0,5000000,0,6,45,True,0.05,100,0.1500306841998702,18,0.6072052443762121,0.6149959558800933,-0.00019476778759702773,0.04807810490568232,-0.048117322376648675,-0.01771784268687191,0.0173675245826442,0.005303772770263259,0.005489649934319039,18,18,18,0.007473350792598618,0.0035618640511264625,-0.8072782158851624
LR_a0p1_q0,5000000,0,7,62,False,0.05,100,-2.5172803016072933,1,0.9439417016119123,0.9439124664899268,7.308780496373402e-07,0.04973421795216859,-0.04973408814271463,-0.002537132871572475,0.002538464818218009,0.002588406715537817,0.0026915735592930538,1,1,1,0.002530648443126684,0.0011430065382698916,-0.5483862161636353
LR_a0p1_q0,5000000,0,8,62,False,0.05,100,-6.348292586105562,0,0.9948198557428967,0.9948216068621285,-4.3777981240111785e-08,0.049975068246769005,-0.04997507700428483,-0.00023407545962320143,0.00023399666117815304,0.0003594874060704744,0.0003594260019683685,0,0,0,0.0007047353662944095,0.0008199026087209544,-1.3441669940948486
LR_a0p1_q0,5000000,0,9,99,True,0.05,100,0.04279189958275276,17,0.6078095223874769,0.5988644997833759,0.0002236255651025254,0.04807357032488213,-0.048038411469954245,-0.01768309420550839,0.0180951864807854,0.006240021379388674,0.0061090075387199025,17,18,17,0.007499520025807729,0.0038087601003262326,-0.7951036691665649
LR_a0p1_q0,5000000,0,0,23,True,0.05,200,0.004554019077853022,17,0.8200970678822683,0.8135375116203736,0.00016398890654736875,0.04915758251176938,-0.04914101348195116,-0.00815272911765628,0.008464137900932759,0.00275538276088296,0.002268017678776738,18,18,14,0.004175514104416827,0.0027636193190197153,-0.3331323564052582
LR_a0p1_q0,5000000,0,1,98,True,0.05,200,-0.005632176332533656,16,0.24579836642564468,0.23521208645992941,0.00026465699914288154,0.0463933229429504,-0.0463386750887646,-0.03410340462166832,0.03457807076576863,0.0031827219446795446,0.0032428781043868076,16,16,16,0.011946919904036813,0.0031125703442604936,1.519585371017456
LR_a0p1_q0,5000000,0,2,6,True,0.05,200,0.21959485879209403,17,0.7584315034667105,0.6653493376354636,0.0023270541457811877,0.048848472865665765,-0.04840531764735401,-0.010926897692330677,0.01513785076558072,0.00451386134035379,0.0036383063700572435,18,18,17,0.004764672269366247,0.003074967918037643,-0.43186911940574646
LR_a0p1_q0,5000000,0,3,62,False,0.05,200,-4.996483975770659,0,0.9981551087686213,0.9981549171579296,4.790266849852287e-09,0.04998972433577023,-0.049989722325290975,-8.196889733945944e-05,8.197646739408839e-05,8.284459825820436e-05,8.295059258780215e-05,0,0,0,0.000380338036247019,0.0005101347159290623,-0.6834357380867004
LR_a0p1_q0,5000000,0,4,33,True,0.05,200,-0.07638370874140187,15,0.38032503887685865,0.5047431341932684,-0.003110452382910245,0.04672382465787972,-0.04741632177409483,-0.027707572714036732,0.022179165064431475,0.002027564149383351,0.0029998005582633582,15,15,15,0.025084546420086607,0.0026093945792350875,0.48446258902549744
LR_a0p1_q0,5000000,0,5,39,True,0.05,200,-0.16999655220130827,16,0.2583505424956539,0.32179272229578393,-0.001586054495003264,0.046287270092396554,-0.04658894642358247,-0.033369742967613816,0.030499310308793024,0.004916822514255118,0.003999062175608577,16,16,16,0.013844908036208959,0.005143183156002323,-1.3440539836883545
LR_a0p1_q0,5000000,0,6,45,True,0.05,200,0.1500306841998702,18,0.49340748495506626,0.49903528945179243,-0.00014069511241815436,0.04750361318821683,-0.04752791755501362,-0.022833238940463803,0.022576153082423927,0.00387298153204249,0.004162917358120008,18,18,18,0.008963516369642122,0.0035054055191609205,-0.8072782158851624
LR_a0p1_q0,5000000,0,7,62,False,0.05,200,-2.5172803016072933,1,0.9210677639352127,0.9155502104040458,0.00013793883827917242,0.04962589155776653,-0.049599374996875056,-0.003572503361005291,0.0038218644766725204,0.0014052217694285538,0.0018599822446287418,1,1,1,0.00352225794566341,0.0012975101235970495,-0.5483862161636353
LR_a0p1_q0,5000000,0,8,62,False,0.05,200,-6.348292586105562,0,0.9942572729243793,0.994415089351719,-3.945410683492412e-06,0.049972026629128585,-0.04997290909004071,-0.00025916298290914336,0.0002521546224550284,0.00031082561437113196,0.00021443510177040375,0,0,0,0.0008551118198827106,0.0008939868784857363,-1.3441669940948486
LR_a0p1_q0,5000000,0,9,99,True,0.05,200,0.04279189958275276,17,0.5611090466794866,0.5295816607492432,0.000788184648256085,0.04782929741292863,-0.04770000389403173,-0.019773845078954383,0.021220920856569576,0.004505078728953682,0.004762935750610962,17,18,17,0.00835671610919778,0.0036682500763069604,-0.7951036691665649
LR_a0p1_q0,5000000,0,0,23,True,0.05,500,0.004554019077853022,17,0.66774555854203,0.6858794026703224,-0.00045334610320731106,0.04848173814523793,-0.04859253068081995,-0.01509446021813651,0.014298560547303949,0.0012636158345118124,0.0013064889843071462,16,18,14,0.006418633233640935,0.002729828946641955,-0.3331323564052582
LR_a0p1_q0,5000000,0,1,98,True,0.05,500,-0.005632176332533656,16,0.15726903511023183,0.16316861694459117,-0.00014748954585898366,0.04593371404358135,-0.04596226344352483,-0.038070262288068854,0.037803832596296175,0.0015364162865422915,0.001264382012659208,16,16,16,0.01308986659976948,0.0028836507271940617,1.519585371017456
LR_a0p1_q0,5000000,0,2,6,True,0.05,500,0.21959485879209403,17,0.5796073805368995,0.4315218247928343,0.003702138893601631,0.04800637815722475,-0.04729737767899339,-0.019026009130379933,0.02572128643935199,0.003135629591614019,0.002589282115084358,17,18,17,0.007807077821090393,0.00282700994845082,-0.43186911940574646
LR_a0p1_q0,5000000,0,3,62,False,0.05,500,-4.996483975770659,0,0.9977031769672173,0.9977035764321229,-9.986623084046187e-09,0.04998717124652949,-0.04998717251492191,-0.00010201239816935031,0.00010199369331650227,3.9150652080238414e-05,3.9122761509726414e-05,0,0,0,0.00039762779897260016,0.0005399536710581291,-0.6834357380867004
LR_a0p1_q0,5000000,0,4,33,True,0.05,500,-0.07638370874140187,15,0.11035909570988434,0.3747370624271662,-0.006609449167932047,0.04523603164713064,-0.04673045767613171,-0.03971807686163681,0.027993604554773115,0.0005459052735882415,0.0025339683201800007,16,16,16,0.027000122105041005,0.0016434404311185208,0.48446258902549744
LR_a0p1_q0,5000000,0,5,39,True,0.05,500,-0.16999655220130827,16,0.1412739048542766,0.19481547249947662,-0.0013385391911300004,0.04577645807146152,-0.046021323190921115,-0.03871276282874786,0.0362805495659471,0.0026239204056884868,0.002779347286642832,16,16,16,0.014596274593793361,0.00414914762697904,-1.3440539836883545
LR_a0p1_q0,5000000,0,6,45,True,0.05,500,0.1500306841998702,18,0.35835240658478096,0.3572896522341451,2.656885876589632e-05,0.0468276898426665,-0.04682064861847357,-0.028910069513427467,0.028956166006766093,0.001848783276936119,0.0017392599035823556,18,18,18,0.010924724777303975,0.003548393350827624,-0.8072782158851624
LR_a0p1_q0,5000000,0,7,62,False,0.05,500,-2.5172803016072933,1,0.898278656232252,0.8953192414248878,7.398537018410423e-05,0.049518082568614785,-0.049503853439395784,-0.00460414975700183,0.0047378913681508945,0.0016164036070884461,0.0017139609635742057,1,1,1,0.004298532155954847,0.0015112191072923946,-0.5483862161636353
LR_a0p1_q0,5000000,0,8,62,False,0.05,500,-6.348292586105562,0,0.9941240027420939,0.9942757789113443,-3.7944042308168946e-06,0.04997085410877933,-0.04997180888485109,-0.00026465397167563275,0.0002580199392836522,0.00013607660585962056,0.00011395134458400382,0,0,0,0.0008085755415644657,0.0008969477136680215,-1.3441669940948486
LR_a0p1_q0,5000000,0,9,99,True,0.05,500,0.04279189958275276,17,0.43403877790561873,0.3755566934480048,0.0014620521114403484,0.04719375278849147,-0.046959290716204416,-0.025491813893210438,0.028181456043804096,0.002942160801044085,0.0017393957561058248,17,18,17,0.010225650726282273,0.0038107877255179343,-0.7951036691665649
LR_a0p1_q0,5000000,0,0,23,True,0.05,1000,0.004554019077853022,17,0.5647412655514084,0.5809474022227673,-0.00040515341678397376,0.04803685303917443,-0.048146890551810456,-0.019799789761604188,0.019099520440671675,0.0004824915710999922,0.0004625740489207954,17,18,14,0.007905200098801751,0.0028524028611948537,-0.3331323564052582
LR_a0p1_q0,5000000,0,1,98,True,0.05,1000,-0.005632176332533656,16,0.12469931482241348,0.1267789361096383,-5.1990532180620774e-05,0.04576578856503241,-0.045779897676720915,-0.03953082282391162,0.03944095087123909,0.0006638790651398005,0.0005972658906009151,16,16,16,0.013515679292995315,0.002727273989456396,1.519585371017456
LR_a0p1_q0,5000000,0,2,6,True,0.05,1000,0.21959485879209403,17,0.35471221101038064,0.20637739475756312,0.003708370406320438,0.04693317271452718,-0.046234099472983015,-0.029197562164008633,0.035915229735105116,0.001194747228814855,0.004047261402359028,18,18,18,0.0105955223077496,0.002909735224747525,-0.43186911940574646
LR_a0p1_q0,5000000,0,3,62,False,0.05,1000,-4.996483975770659,0,0.9972030314435187,0.9972033125638191,-7.028007509291001e-09,0.04998470953939091,-0.04998471007731184,-0.0001245579672149216,0.0001245444491216501,2.8691069321290858e-05,2.8822194478366272e-05,0,0,0,0.0003966239778354449,0.0005414874031342509,-0.6834357380867004
LR_a0p1_q0,5000000,0,4,33,True,0.05,1000,-0.07638370874140187,15,0.09530992132072091,-0.046166597593984005,0.003536912972867623,0.04515418121647363,-0.044408439977215886,-0.040388685150437635,0.046716769856915794,0.0007162546211995554,0.001167029361046235,15,15,15,0.016928955083254274,0.0011466100038577814,0.48446258902549744
LR_a0p1_q0,5000000,0,5,39,True,0.05,1000,-0.16999655220130827,16,0.10385654805781241,0.14226611456565452,-0.0009602391626960527,0.04557079387345597,-0.04578313909751752,-0.040377966470565144,0.038669833369235115,0.001992055437845311,0.00098957129731502,16,16,16,0.014574121778994484,0.003220780523989509,-1.3440539836883545
LR_a0p1_q0,5000000,0,6,45,True,0.05,1000,0.1500306841998702,18,0.29928096878930166,0.30202464376366533,-6.859187435909186e-05,0.04652505157665743,-0.046538663170075156,-0.03156100313719259,0.03143743098189182,0.0008993986614989717,0.0009735733357211535,18,18,18,0.01180953704090763,0.0035252704304978466,-0.8072782158851624
LR_a0p1_q0,5000000,0,7,62,False,0.05,1000,-2.5172803016072933,1,0.8828058604745337,0.8832954253379288,-1.2239121585100321e-05,0.04944415809760483,-0.04944750247054308,-0.005303865073877471,0.005282731203646593,0.0005415537999168569,0.0008410743593899856,1,1,1,0.004779906572280956,0.0018131052908574976,-0.5483862161636353
LR_a0p1_q0,5000000,0,8,62,False,0.05,1000,-6.348292586105562,0,0.9943146218279963,0.9935497339266064,1.9122197534748864e-05,0.04997172360012536,-0.04996728312575849,-0.00025599250872610185,0.00028979642942931474,0.0002410882007597815,0.0003437446659346467,0,0,0,0.000925746219827382,0.0009499117485080659,-1.3441669940948486
LR_a0p1_q0,5000000,0,9,99,True,0.05,1000,0.04279189958275276,17,0.3877584891035579,0.3022703491110623,0.00213720349981239,0.04696179663067879,-0.04661964155277065,-0.027573872175500787,0.03150612409721762,0.0012049228179976102,0.0010979434714848614,18,18,17,0.011263198272736122,0.004308285666201792,-0.7951036691665649
LR_a0p1_q0,5000000,0,0,23,True,0.05,2000,0.004554019077853022,17,0.44723198140663833,0.4197954763727052,0.0006859126258483284,0.04754417699698649,-0.04749221846395962,-0.025182577926654202,0.026502444645324245,0.00021570746766968937,0.00040065241488393676,16,18,14,0.00938102863755169,0.0026372926030682913,-0.3331323564052582
LR_a0p1_q0,5000000,0,1,98,True,0.05,2000,-0.005632176332533656,16,0.11036326217478132,0.10927284784324365,2.7260358288441755e-05,0.04568463835106337,-0.045680004971050014,-0.04016647524232415,0.04021636257888785,0.00046240847595299943,0.0005060991154259866,16,16,16,0.013712082053293093,0.002752757597060744,1.519585371017456
LR_a0p1_q0,5000000,0,2,6,True,0.05,2000,0.21959485879209403,17,0.28078496335354475,0.10289679136948227,0.004447204299601548,0.04659698619827138,-0.04572041841492003,-0.03255773803059377,0.040575578846446955,0.0008963479466650355,0.0011405862595758722,18,18,18,0.011921430424121771,0.002853442445826083,-0.43186911940574646
LR_a0p1_q0,5000000,0,3,62,False,0.05,2000,-4.996483975770659,0,0.9960682352352457,0.9959924791445296,1.8939022679020923e-06,0.04997913965567524,-0.049978780318458954,-0.00017572789391323855,0.00017915636123198834,3.3530986501608686e-05,2.6067276009534262e-05,0,0,0,0.00046623952447609875,0.0005579814589440403,-0.6834357380867004
LR_a0p1_q0,5000000,0,4,33,True,0.05,2000,-0.07638370874140187,15,0.02011692509615637,0.0013511449084102622,0.00046914450469365265,0.04469589551485498,-0.04466196742244466,-0.04369004926004687,0.04459441017702372,0.001419470495444599,0.001417064093253665,15,15,15,0.018116049797037834,0.0009162364462503404,0.48446258902549744
LR_a0p1_q0,5000000,0,5,39,True,0.05,2000,-0.16999655220130827,16,0.12107785661220449,0.08012595054068927,0.0010237976517878944,0.045666127945741014,-0.045493138548239165,-0.03961223511513075,0.04148684102120469,0.0030220746028728576,0.00307982818121531,16,16,16,0.01404585385450557,0.0028903154362692677,-1.3440539836883545
LR_a0p1_q0,5000000,0,6,45,True,0.05,2000,0.1500306841998702,18,0.26800126023356796,0.26929384043659965,-3.2314505075792255e-05,0.04636616348748612,-0.04637428670500354,-0.03296610047580762,0.03290959468317364,0.0004982663637636761,0.0004909558754866023,18,18,18,0.012207117865047851,0.003459278519534852,-0.8072782158851624
LR_a0p1_q0,5000000,0,7,62,False,0.05,2000,-2.5172803016072933,1,0.8797022697687584,0.8755661050585672,0.00010340411775500158,0.0494300077594082,-0.04941058616733529,-0.00544489427096977,0.005632280914407645,0.00015212291182499816,0.000158082170041918,1,1,1,0.004855177293833415,0.0018834457523418035,-0.5483862161636353
LR_a0p1_q0,5000000,0,8,62,False,0.05,2000,-6.348292586105562,0,0.993796527226305,0.9927771868941093,2.54835083044469e-05,0.04996841469106683,-0.04996339570489772,-0.00027858832975242087,0.00032453636019257184,8.520208568377353e-05,0.0006628606498440211,0,0,0,0.0007343183857882211,0.0009373969874521307,-1.3441669940948486
LR_a0p1_q0,5000000,0,9,99,True,0.05,2000,0.04279189958275276,17,0.3733436136782986,0.24642663149208932,0.003172924554655232,0.04688406108777465,-0.04636993203551065,-0.028216880403859772,0.03404860046090611,0.000630864155731022,0.00044748774915307106,18,18,17,0.011753077778433716,0.0047634037727324755,-0.7951036691665649
LR_a0p1_q0,5000000,1,0,63,False,0.05,1,-2.725664144498311,0,0.9989951894318683,0.9989951894318683,0.0,0.04999496221224567,-0.04999496221224567,-4.520274065232851e-05,4.52027406524011e-05,0.002783498827041644,0.0027831667952240395,0,0,0,0.00030494093328692167,0.0002571909886656678,-1.0037716627120972
LR_a0p1_q0,5000000,1,1,62,False,0.05,1,-2.5010083931500375,5,0.9998906503720217,0.9998906503720306,0.0,0.04999947804456206,-0.04999947804456217,-4.9455259606123714e-06,4.94552596074991e-06,0.006169137771037845,0.006155189458432305,5,6,5,5.588071813980476e-05,9.487011285899474e-05,-0.3230960965156555
LR_a0p1_q0,5000000,1,2,62,False,0.05,1,0.4805561062480018,19,0.9989449981200438,0.9989449981200405,1.1102230246251565e-16,0.04999512217893429,-0.0499951221789343,-4.787227293191774e-05,4.787227293229705e-05,0.036460334472479476,0.03517118741454548,19,19,17,0.00022726933024190053,0.00028868467738668205,-0.9877065420150757
LR_a0p1_q0,5000000,1,3,74,False,0.05,1,-3.737698284262552,0,0.9990463862817034,0.9990463862816945,0.0,0.049994626291395894,-0.049994626291395866,-4.2306977310744774e-05,4.230697731073284e-05,0.006987123435566654,0.0035648266611341723,0,1,0,0.0001478204167943363,0.00022557276124274283,1.036697506904602
LR_a0p1_q0,5000000,1,4,63,False,0.05,1,-5.712832273009747,0,0.9993512231590707,0.9993512231590529,8.881784197001252e-16,0.049996493741651604,-0.04999649374165149,-2.8932583698177944e-05,2.893258369828602e-05,0.002565292112889182,0.0025648244098635197,0,0,0,0.00027453118157262424,0.00018850306763415822,0.8374077081680298
LR_a0p1_q0,5000000,1,5,62,False,0.05,1,-4.694631692162222,0,0.9988180190000762,0.9988180190001117,-8.881784197001252e-16,0.04999410210634081,-0.04999410210634081,-5.3201156336477775e-05,5.3201156336177505e-05,0.003114529204218771,0.003105129593505948,0,0,0,0.00041572229441817337,0.0002810181235837643,1.0860841274261475
LR_a0p1_q0,5000000,1,6,62,False,0.05,1,-0.7140654722245217,12,0.9999315351029225,0.999931535102927,-1.1102230246251565e-16,0.04999967467769684,-0.04999967467769684,-3.0979225511474225e-06,3.0979225508057014e-06,0.007412597655793231,0.007412457430779739,12,12,12,8.278824352092652e-05,6.849571723457505e-05,0.2550773620605469
LR_a0p1_q0,5000000,1,7,74,False,0.05,1,-4.363434609814585,0,0.9999877072872643,0.9999877072872643,0.0,0.049999947731769856,-0.04999994773177008,-5.623674061175312e-07,5.623674071683388e-07,0.0001461789261951577,0.000146172621093162,0,0,0,5.2817025264506876e-05,4.1506199616349924e-05,-0.10224307328462601
LR_a0p1_q0,5000000,1,8,74,False,0.05,1,-3.367804705160424,0,0.9996195583400613,0.9996195583400524,0.0,0.04999827032903259,-0.04999827032903259,-1.729241202948124e-05,1.7292412030015453e-05,0.0017939719300133577,0.00179385983765774,0,0,0,0.00016235554488964893,0.00014778972517375604,0.5881617069244385
LR_a0p1_q0,5000000,1,9,74,False,0.05,1,-0.8778596028717841,12,0.9077865567250898,0.9077865567250987,-2.220446049250313e-16,0.0495598402202273,-0.0495598402202273,-0.004170512383972787,0.004170512383972574,0.018882775273766653,0.01906066345545486,12,13,12,0.003274255633083673,0.0023530375220573237,0.9382534623146057
LR_a0p1_q0,5000000,1,0,63,False,0.05,2,-2.725664144498311,0,0.998571345429573,0.9985714544271129,-2.724938497067342e-09,0.04999294824723749,-0.04999294876515745,-6.438097575884111e-05,6.437604380166544e-05,0.001795001781372271,0.0017946970447082703,0,0,0,0.00042209426933618663,0.0003744810724217638,-1.0037716627120972
LR_a0p1_q0,5000000,1,1,62,False,0.05,2,-2.5010083931500375,5,0.9998343794796849,0.9998343895231088,-2.5108581880317615e-10,0.049999209448328086,-0.04999920949626824,-7.49047434399489e-06,7.4900201124798945e-06,0.005978367396915349,0.005967863052383008,5,6,5,8.463525014759432e-05,0.00014368619722287377,-0.3230960965156555
LR_a0p1_q0,5000000,1,2,62,False,0.05,2,0.4805561062480018,19,0.9984636583075768,0.9984637138808805,-1.3893325934155598e-09,0.04999281614855923,-0.04999281641480303,-6.963323318015883e-05,6.963072075919791e-05,0.03561114616412768,0.03433436099724446,19,19,17,0.0003348247193608878,0.0004145094901988725,-0.9877065420150757
LR_a0p1_q0,5000000,1,3,74,False,0.05,2,-3.737698284262552,0,0.9984495659864034,0.9984497702962436,-5.107746225974097e-09,0.04999163403188897,-0.04999163505623086,-6.915573256851716e-05,6.91465414185929e-05,0.006270142783283293,0.0021551819092570563,0,1,0,0.0003620886487749082,0.00044572040885844323,1.036697506904602
LR_a0p1_q0,5000000,1,4,63,False,0.05,2,-5.712832273009747,0,0.9989568977957219,0.9989569649732744,-1.6794388102425728e-09,0.04999436264431567,-0.04999436300737092,-4.6517754530607836e-05,4.6514758707060294e-05,0.0014813017469717945,0.0014809299100275114,0,0,0,0.0003808391729307642,0.0002949265139342971,0.8374077081680298
LR_a0p1_q0,5000000,1,5,62,False,0.05,2,-4.694631692162222,0,0.9979801374595709,0.9979802526641457,-2.88011392512999e-09,0.04999010267045301,-0.04999010322035602,-9.109579747601027e-05,9.109058714783133e-05,0.0017106863926270761,0.0017098492914106103,0,0,0,0.0005586217028213242,0.00039980339834751123,1.0860841274261475
LR_a0p1_q0,5000000,1,6,62,False,0.05,2,-0.7140654722245217,12,0.993447806290273,0.993448018533527,-5.306081352074443e-09,0.04996886616588492,-0.04996886717439397,-0.0002964758513713245,0.0002964662477175122,0.004626730585265935,0.0046669794106159205,12,12,12,0.0010548392885772302,0.0007176088150960097,0.2550773620605469
LR_a0p1_q0,5000000,1,7,74,False,0.05,2,-4.363434609814585,0,0.9999917129462332,0.9999917136030589,-1.6420642623415915e-11,0.049999965686914116,-0.04999996568985865,-3.800396028770275e-07,3.8000970585824715e-07,0.00021367431929624592,0.00021367301479777363,0,0,0,4.162862845433479e-05,3.232873593486216e-05,-0.10224307328462601
LR_a0p1_q0,5000000,1,8,74,False,0.05,2,-3.367804705160424,0,0.9994081683201728,0.9994081806419519,-3.0804425676933533e-10,0.04999715749773792,-0.049997157562604366,-2.67490817301242e-05,2.6748530506387336e-05,0.0010452273184159964,0.0010450509730774366,0,0,0,0.0002639149657013459,0.00022254981368379645,0.5881617069244385
LR_a0p1_q0,5000000,1,9,74,False,0.05,2,-0.8778596028717841,12,0.8580373602570246,0.8579296665587677,2.6923424564229137e-06,0.049311599791301564,-0.04931106241719824,-0.006409731778450804,0.006414579089259541,0.020963534920718646,0.02160248389743479,12,13,12,0.00444039215578043,0.0033209311696350613,0.9382534623146057
LR_a0p1_q0,5000000,1,0,63,False,0.05,5,-2.725664144498311,0,0.9983434110256617,0.9983436521174927,-6.02729555154724e-09,0.04999168762298997,-0.04999168881715227,-7.451707170704589e-05,7.450621127743845e-05,0.0010641682662118229,0.0010641067342450994,0,0,0,0.00047414993303757037,0.0004218229408965171,-1.0037716627120972
LR_a0p1_q0,5000000,1,1,62,False,0.05,5,-2.5010083931500375,5,1.001191722310013,0.9914976976111678,0.00024235061747113207,0.05000826391162333,-0.04995759238463304,5.132220387686749e-05,0.00038270750407521287,0.005481644211807222,0.006262365596552286,5,6,5,0.0010897984255042862,0.0008162470912050908,-0.3230960965156555
LR_a0p1_q0,5000000,1,2,62,False,0.05,5,0.4805561062480018,19,0.8247452119900689,0.8124914415225104,0.00030634426168896223,0.04913515711895451,-0.049076417100554846,-0.007897896519451372,0.008451845024429134,0.021312117296175062,0.019855592612399556,19,19,17,0.005257982743517458,0.004158171544976058,-0.9877065420150757
LR_a0p1_q0,5000000,1,3,74,False,0.05,5,-3.737698284262552,0,0.9979092159184422,0.9979098644232653,-1.621262057938111e-08,0.04998915678573068,-0.04998915977804755,-9.369598980865029e-05,9.366655688443834e-05,0.006534724547332391,0.0015221630989857207,0,1,0,0.0004299641514231768,0.0005720834540714972,1.036697506904602
LR_a0p1_q0,5000000,1,4,63,False,0.05,5,-5.712832273009747,0,0.9984957076823875,0.9984960611884119,-8.837650611326353e-09,0.049992063220819505,-0.04999206500913922,-6.727783670037436e-05,6.726194971799318e-05,0.0005575774821214049,0.0005574150039457899,0,0,0,0.0004754290671667444,0.0004147689086927989,0.8374077081680298
LR_a0p1_q0,5000000,1,5,62,False,0.05,5,-4.694631692162222,0,0.9970234731403238,0.9970239767548605,-1.2590363418496509e-08,0.04998562787760075,-0.04998563025173364,-0.00013445422058364537,0.00013443141399071585,0.0011564074744965444,0.0011564545132443924,0,0,0,0.0006990898992740685,0.0005696378605258207,1.0860841274261475
LR_a0p1_q0,5000000,1,6,62,False,0.05,5,-0.7140654722245217,12,0.9939299126755508,0.9939312839378123,-3.428155659346288e-08,0.04997121889183476,-0.04997122553990618,-0.0002747232580567155,0.00027466134301562317,0.0052809319128168455,0.005391619594783549,12,12,12,0.0008163050127731493,0.0005651751189822441,0.2550773620605469
LR_a0p1_q0,5000000,1,7,74,False,0.05,5,-4.363434609814585,0,0.9999962834279685,0.9999962843511234,-2.3078428057488054e-11,0.04999998082402013,-0.049999980828309365,-1.6665262222933497e-07,1.666107529798044e-07,0.00041569149477567945,0.00041570695630793714,0,0,0,1.5036632215401944e-05,1.0429109403022594e-05,-0.10224307328462601
LR_a0p1_q0,5000000,1,8,74,False,0.05,5,-3.367804705160424,0,0.9992150109842157,0.9992150753491291,-1.6091226129333336e-09,0.04999616623280834,-0.04999616656005068,-3.5415683596523794e-05,3.5412792594782306e-05,0.0004583258089418631,0.0004582695155117874,0,0,0,0.00034011381649726765,0.0002882319804484169,0.5881617069244385
LR_a0p1_q0,5000000,1,9,74,False,0.05,5,-0.8778596028717841,12,0.8148740911456787,0.8144253349268338,1.121890547106652e-05,0.049094992061177956,-0.04909274918798301,-0.008351287503894297,0.008371482441641313,0.01534722961337979,0.01590213745315794,12,13,12,0.005270259270011602,0.003834958333939545,0.9382534623146057
LR_a0p1_q0,5000000,1,0,63,False,0.05,10,-2.725664144498311,0,0.998201685554081,0.99820195442895,-6.7218715038563914e-09,0.049990985964795454,-0.04999098728154766,-8.090168709091039e-05,8.088956010079474e-05,0.0007682497392973358,0.0007682368547899766,0,0,0,0.0005025915489665137,0.00043336488537482195,-1.0037716627120972
LR_a0p1_q0,5000000,1,1,62,False,0.05,10,-2.5010083931500375,5,1.0009116999327716,0.9911066145210068,0.00024512713529389885,0.05000679622028037,-0.049955584329092306,3.878877635826242e-05,0.00040025360304173584,0.004398194643393537,0.004714850966261751,5,6,5,0.0010682796420761593,0.0007248256571239003,-0.3230960965156555
LR_a0p1_q0,5000000,1,2,62,False,0.05,10,0.4805561062480018,19,0.8112231084224009,0.7867178678323794,0.0006126310147505087,0.04906794193818839,-0.04894830275755323,-0.008506786517068158,0.009612409365934431,0.022662995073639905,0.02269366724994188,18,19,17,0.005517158085076245,0.0044823750403805126,-0.9877065420150757
LR_a0p1_q0,5000000,1,3,74,False,0.05,10,-3.737698284262552,0,0.99744434002905,0.9974451598323952,-2.0495083852267726e-08,0.04998664969421135,-0.04998665358365806,-0.00011443269275935694,0.00011439559203810535,0.005093836802352978,0.0013736951009858734,0,1,0,0.00039887915008087556,0.0005297560621074503,1.036697506904602
LR_a0p1_q0,5000000,1,4,63,False,0.05,10,-5.712832273009747,0,0.9983343519867915,0.9983348139453874,-1.1548965339613915e-08,0.04999123789012094,-0.049991240248258295,-7.452029078142918e-05,7.44995509891779e-05,0.00043623957544477326,0.00043631459497166914,0,0,0,0.0004943437133846772,0.00045306196463186147,0.8374077081680298
LR_a0p1_q0,5000000,1,5,62,False,0.05,10,-4.694631692162222,0,0.9971180880523001,0.9971187985712859,-1.7762974202639725e-08,0.04998575007798545,-0.049985753615034545,-0.00012984567536922784,0.0001298136864707284,0.0006323075294211489,0.0006321768932954223,0,0,0,0.0006328774132069827,0.0005390654708346734,1.0860841274261475
LR_a0p1_q0,5000000,1,6,62,False,0.05,10,-0.7140654722245217,12,0.9855990633349543,0.9855182393334871,2.0206000367339882e-06,0.049933280683567394,-0.04993290960769392,-0.000653327516819951,0.0006569976410199169,0.005157940496704296,0.005175983451226187,12,12,12,0.0013628686754513382,0.0011192271434792096,0.2550773620605469
LR_a0p1_q0,5000000,1,7,74,False,0.05,10,-4.363434609814585,0,0.9999826618913588,0.9999826640665788,-5.438050010297957e-11,0.04999991511492219,-0.04999991512559898,-7.820203556518523e-07,7.819222690454998e-07,0.00015826387123267795,0.0001582586221634321,0,0,0,5.918887229051573e-05,4.659573372761733e-05,-0.10224307328462601
LR_a0p1_q0,5000000,1,8,74,False,0.05,10,-3.367804705160424,0,0.9991807404358255,0.9991808181351658,-1.9424835073778013e-09,0.04999597108757481,-0.04999597147762136,-3.693406578260236e-05,3.693057086361037e-05,0.00037410496961820533,0.0003740766512889769,0,0,0,0.00034551634921265747,0.0003019696423083338,0.5881617069244385
LR_a0p1_q0,5000000,1,9,74,False,0.05,10,-0.8778596028717841,12,0.7638047064627562,0.763135780237143,1.6723155640385734e-05,0.0488490655787136,-0.048845747123207495,-0.010658830255575964,0.010688958111350283,0.01086156860293924,0.011118792302252364,12,13,12,0.005811523577972192,0.003686826248573855,0.9382534623146057
LR_a0p1_q0,5000000,1,0,63,False,0.05,20,-2.725664144498311,0,0.9981989355276433,0.9981992484658431,-7.823454772903915e-09,0.04999088426521345,-0.04999088580514496,-8.093748883117202e-05,8.0923381852395e-05,0.0005574639518810752,0.0005574499117203987,0,0,0,0.0005064874522142822,0.0004187882856501112,-1.0037716627120972
LR_a0p1_q0,5000000,1,1,62,False,0.05,20,-2.5010083931500375,5,0.9939551255937129,0.9911162312901922,7.097235758823928e-05,0.04997028554009009,-0.04995551849341229,-0.0002725292604042024,0.00039970692890292463,0.004406788576943158,0.00464908295179243,5,6,5,0.0010586152237759881,0.0006801657767494993,-0.3230960965156555
LR_a0p1_q0,5000000,1,2,62,False,0.05,20,0.4805561062480018,19,0.7396752476487989,0.7154119148270754,0.000606583320543086,0.048706383085915086,-0.04858816104691678,-0.011722620703474684,0.012817565305563045,0.015420044915570858,0.014026964422865875,19,19,17,0.005297933206060915,0.0026354322899669615,-0.9877065420150757
LR_a0p1_q0,5000000,1,3,74,False,0.05,20,-3.737698284262552,0,0.9968397030908793,0.9968407827303238,-2.699098633485164e-08,0.049983691647195155,-0.04998369685853146,-0.00014170649265081602,0.00014165772201515123,0.005110184143648319,0.0005203370438350516,0,1,0,0.0004851337048998713,0.0006578085872477291,1.036697506904602
LR_a0p1_q0,5000000,1,4,63,False,0.05,20,-5.712832273009747,0,0.9982129810064144,0.998213718677512,-1.844177788257184e-08,0.049990729880508344,-0.04999073350417971,-8.00808301879516e-05,8.004757030342311e-05,0.0004768029428244634,0.00047672002989638927,0,0,0,0.0004924857633682836,0.0004842384703224176,0.8374077081680298
LR_a0p1_q0,5000000,1,5,62,False,0.05,20,-4.694631692162222,0,0.996988623003574,0.9969891351233606,-1.2802995108529558e-08,0.04998508315425232,-0.04998508580043337,-0.0001356520040743254,0.00013562904426435982,0.000516815621761302,0.0005166697852536912,0,0,0,0.0006205123527908284,0.000560065197002854,1.0860841274261475
LR_a0p1_q0,5000000,1,6,62,False,0.05,20,-0.7140654722245217,12,0.9781545685435633,0.9779712737311752,4.5823703096470325e-06,0.04989782042759028,-0.04989697527129522,-0.00099009200041242,0.0009984115847372636,0.004823415958940343,0.004823149608864145,12,12,12,0.0016175638310630075,0.0012422187635907974,0.2550773620605469
LR_a0p1_q0,5000000,1,7,74,False,0.05,20,-4.363434609814585,0,0.9999848184130578,0.9999848211683116,-6.888178916142351e-11,0.04999992299307121,-0.04999992300695588,-6.820724195032588e-07,6.819485399131271e-07,8.549555576214718e-05,8.5488260081027e-05,0,0,0,5.154969577310526e-05,3.678066818877466e-05,-0.10224307328462601
LR_a0p1_q0,5000000,1,8,74,False,0.05,20,-3.367804705160424,0,0.9991374661369168,0.9991375716735806,-2.638416596312254e-09,0.049995821038013255,-0.04999582153315574,-3.894773116691685e-05,3.894294947732712e-05,0.0003041835931841158,0.00030413738155294674,0,0,0,0.00033883988997396975,0.0003160321937132125,0.5881617069244385
LR_a0p1_q0,5000000,1,9,74,False,0.05,20,-0.8778596028717841,12,0.5955210421620993,0.6537162007086028,-0.001454878963662587,0.048077029470002364,-0.048324305645248866,-0.018300977361897175,0.01563849560981871,0.00898942714996395,0.009564485045475416,13,13,12,0.007902393099118537,0.004034716253760263,0.9382534623146057
LR_a0p1_q0,5000000,1,0,63,False,0.05,50,-2.725664144498311,0,0.9978836446341788,0.9978839431484321,-7.462856554951713e-09,0.049989661571896854,-0.04998966294535406,-9.547934018746884e-05,9.546578793307163e-05,0.00034938244929833256,0.000349350015708348,0,0,0,0.0005311867244670553,0.00046501673058953083,-1.0037716627120972
LR_a0p1_q0,5000000,1,1,62,False,0.05,50,-2.5010083931500375,5,0.9795366519930937,0.9750921271570423,0.00011111312090106296,0.049898414679878544,-0.04987536009814014,-0.0009215820802240475,0.0011207537402877013,0.004311949033291573,0.004332586511610413,5,6,5,0.0017178907485014513,0.0013032891535371476,-0.3230960965156555
LR_a0p1_q0,5000000,1,2,62,False,0.05,50,0.4805561062480018,19,0.3956246914403183,0.48364562996763283,-0.0022005234631828907,0.047036522270240536,-0.047443833693064236,-0.027255287698224284,0.02326155219468295,0.0050309774931011405,0.006526151270610035,18,19,17,0.009841644932676807,0.0034581961340677246,-0.9877065420150757
LR_a0p1_q0,5000000,1,3,74,False,0.05,50,-3.737698284262552,0,0.020522861372169743,0.9966014041990956,-0.024401963570673146,0.044799532207337234,-0.049981853878389826,-0.04377338913872969,0.00015178366843445458,0.001757666158114172,0.0003716698023630978,0,0,0,0.015493795094115744,0.0006157820573168342,1.036697506904602
LR_a0p1_q0,5000000,1,4,63,False,0.05,50,-5.712832273009747,0,0.9983470752705159,1.0003026958144723,-4.889051359846519e-05,0.049991438236390295,-0.05000174205790886,-7.408447286445747e-05,-1.3392732814780552e-05,0.00042906825488785594,0.004186649184840934,0,0,0,0.00040406430017635284,0.0004445181279693137,0.8374077081680298
LR_a0p1_q0,5000000,1,5,62,False,0.05,50,-4.694631692162222,0,0.9966764115681315,0.996677238627246,-2.0676477419101502e-08,0.04998351337658513,-0.04998351770205067,-0.00014969279817809647,0.000149655770687114,0.00040642495599621644,0.00040631035844550993,0,0,0,0.000638547617078937,0.0006129608867957317,1.0860841274261475
LR_a0p1_q0,5000000,1,6,62,False,0.05,50,-0.7140654722245217,12,0.9666062235735029,0.9650240569296864,3.955416609535689e-05,0.04984295935606131,-0.04983571294369993,-0.0015126481773871123,0.0015845100972147932,0.0032325404159408923,0.0030131870693089584,12,12,12,0.0015760633968110779,0.0013634893958086773,0.2550773620605469
LR_a0p1_q0,5000000,1,7,74,False,0.05,50,-4.363434609814585,0,0.9999815555941893,0.9999815583060112,-6.779554695413026e-11,0.0499999007640215,-0.04999990078058536,-8.229843109174082e-07,8.228652856137583e-07,8.780552386669935e-05,8.779248886759188e-05,0,0,0,5.195275132655239e-05,4.3716398676336694e-05,-0.10224307328462601
LR_a0p1_q0,5000000,1,8,74,False,0.05,50,-3.367804705160424,0,0.9990397902282488,0.9990398947808021,-2.6138140540865606e-09,0.04999537207130189,-0.049995372561836504,-4.3382559889616094e-05,4.3377822796574514e-05,0.000229737068992123,0.00022962709391118782,0,0,0,0.0003276866632664625,0.00035042358576356703,0.5881617069244385
LR_a0p1_q0,5000000,1,9,74,False,0.05,50,-0.8778596028717841,12,0.5378358346718559,0.585805661283656,-0.0011992456652950567,0.04779080819689968,-0.04799099270937063,-0.020899016463307073,0.018700709645188093,0.0052559257918995,0.0059927121353553605,12,13,12,0.008067845402429273,0.003841843926976877,0.9382534623146057
LR_a0p1_q0,5000000,1,0,63,False,0.05,100,-2.725664144498311,0,0.9977134438519286,0.9977137826028049,-8.468771905967287e-09,0.04998910251988817,-0.049989104037519494,-0.00010343032729138378,0.00010341490737943345,0.0001869291241423112,0.00018692536871300504,0,0,0,0.0005162961858478369,0.000487074419592714,-1.0037716627120972
LR_a0p1_q0,5000000,1,1,62,False,0.05,100,-2.5010083931500375,5,0.9532436923945031,0.9443249462860415,0.00022296865271176358,0.04977535648396936,-0.04972877143716975,-0.002113171864244101,0.0025125241228674726,0.0031991292192516275,0.003088870133737058,5,6,5,0.0023220683336019703,0.0019093915178945032,-0.3230960965156555
LR_a0p1_q0,5000000,1,2,62,False,0.05,100,0.4805561062480018,19,0.3483402554155157,0.4461487842094636,-0.0024452132198486964,0.04682350122458187,-0.047275090712325496,-0.02940648845380592,0.02496765150185257,0.003977124451947565,0.005255533695427547,18,19,17,0.010402949884356446,0.002887532669793586,-0.9877065420150757
LR_a0p1_q0,5000000,1,3,74,False,0.05,100,-3.737698284262552,0,0.020984426879602225,0.9962412140786281,-0.024381419679975647,0.04480317722411925,-0.049979510390268767,-0.04375395588013955,0.00016744968633746696,0.005039823725783219,0.00021780356378401725,0,0,0,0.016709222259449118,0.0005382541093301046,1.036697506904602
LR_a0p1_q0,5000000,1,4,63,False,0.05,100,-5.712832273009747,0,0.9981476533370248,0.9972152319215155,2.3310535387288667e-05,0.04999035269248586,-0.049987558479207106,-8.297002563449289e-05,0.00012679688313145404,0.0002349352447849135,0.002396292986924416,0,0,0,0.0004203816127782876,0.0004939913395389696,0.8374077081680298
LR_a0p1_q0,5000000,1,5,62,False,0.05,100,-4.694631692162222,0,0.9965129498681158,0.9965138347409663,-2.2121820819620552e-08,0.04998247363512598,-0.04998247842757575,-0.0001568261417200697,0.00015678669052664244,0.0003758369642026421,0.0003755875274493232,0,0,0,0.000608364421568059,0.0006368736512218523,1.0860841274261475
LR_a0p1_q0,5000000,1,6,62,False,0.05,100,-0.7140654722245217,12,0.9497380499371344,0.9485647211582848,2.9333219471183725e-05,0.04976380436178607,-0.049758356539648774,-0.002276901864928904,0.0023301204817349997,0.0025798556941689418,0.002613740785014635,12,12,12,0.001985125113828831,0.0017666399579406877,0.2550773620605469
LR_a0p1_q0,5000000,1,7,74,False,0.05,100,-4.363434609814585,0,0.9999773090767405,0.9999773127233169,-9.116440935486025e-11,0.04999987551093055,-0.04999987553551577,-1.0100570922395848e-06,1.0098993512346355e-06,4.8604640980193996e-05,4.858199619396252e-05,0,0,0,5.4063133028828574e-05,5.186845444090906e-05,-0.10224307328462601
LR_a0p1_q0,5000000,1,8,74,False,0.05,100,-3.367804705160424,0,0.9990065511856816,0.9990067199591834,-4.219337768063269e-09,0.04999521765778714,-0.049995218454944035,-4.489009850338672e-05,4.488245698508062e-05,0.00015806172152149785,0.00015804132538148265,0,0,0,0.0003085883524354211,0.000358530994441526,0.5881617069244385
LR_a0p1_q0,5000000,1,9,74,False,0.05,100,-0.8778596028717841,12,0.2478065291868381,0.47484734619945623,-0.005676020425315453,0.04653971343062124,-0.04747006637843476,-0.03414938697127977,0.02372769906846166,0.005089191171572971,0.004590218401776224,13,13,12,0.011963173999431892,0.002938163663255963,0.9382534623146057
LR_a0p1_q0,5000000,1,0,63,False,0.05,200,-2.725664144498311,0,0.9976831556825605,0.9976527926033896,7.590769794951768e-07,0.04998859665928851,-0.049988754040567934,-0.00010443887516043127,0.0001061144103981239,0.0005641935655732289,0.00012461675689895115,0,0,0,0.0005503023067364582,0.000502500869184556,-1.0037716627120972
LR_a0p1_q0,5000000,1,1,62,False,0.05,200,-2.5010083931500375,5,0.9148161659256449,0.9063251614331325,0.0002122751123128097,0.049588326147078254,-0.04954411128339303,-0.0038475178507959527,0.004227853211736514,0.002983545089503259,0.0034166557007639024,5,6,5,0.002962135957946165,0.0022181490968176017,-0.3230960965156555
LR_a0p1_q0,5000000,1,2,62,False,0.05,200,0.4805561062480018,19,0.25637810458304267,0.3169214327580483,-0.001513583204375113,0.04638719141011405,-0.04666559934856194,-0.03356828618096195,0.030819527710659256,0.0024623794492150525,0.0033960617617144746,18,19,18,0.011659962427999267,0.002534324518960318,-0.9877065420150757
LR_a0p1_q0,5000000,1,3,74,False,0.05,200,-3.737698284262552,0,0.01932862888260445,0.9960897853356876,-0.02441902891132708,0.0447953288696738,-0.04997789256883689,-0.0438288974255438,0.00017340330205179927,0.00412100618898014,0.0001257937860578789,0,0,0,0.016704122251984133,0.00046091132716618655,1.036697506904602
LR_a0p1_q0,5000000,1,4,63,False,0.05,200,-5.712832273009747,0,0.9979778084138502,0.996808704868215,2.922758864087882e-05,0.04998940721596312,-0.049985809604845666,-9.051679527067909e-05,0.00014537436143435595,0.00014254611223171496,0.002263194107120993,0,0,0,0.0004044108832852616,0.0005346051759799222,0.8374077081680298
LR_a0p1_q0,5000000,1,5,62,False,0.05,200,-4.694631692162222,0,0.9961298569391275,0.9961310831554471,-3.0655407989854666e-08,0.049980634013651715,-0.049980640479516225,-0.00017414116669593028,0.0001740863217432489,0.00022675403958636117,0.00022662926424898738,0,0,0,0.0006076110386439859,0.0007013948664618528,1.0860841274261475
LR_a0p1_q0,5000000,1,6,62,False,0.05,200,-0.7140654722245217,12,0.9234945263219441,0.9217640085419188,4.326294450063273e-05,0.04963479780317426,-0.049626690483797975,-0.0034600714870772296,0.0035384900567016933,0.0031367574943055605,0.0031538438584383832,12,12,12,0.0025486535254660046,0.0019239550698053893,0.2550773620605469
LR_a0p1_q0,5000000,1,7,74,False,0.05,200,-4.363434609814585,0,0.9999740920370215,0.9999740976055627,-1.3921308550379763e-10,0.049999855850374475,-0.04999985588662592,-1.1512485230322313e-06,1.151006348455914e-06,2.6132515209219986e-05,2.5918665391805577e-05,0,0,0,5.126752084918437e-05,5.712214394403352e-05,-0.10224307328462601
LR_a0p1_q0,5000000,1,8,74,False,0.05,200,-3.367804705160424,0,0.9989236586936823,0.9989237957151964,-3.425538075418899e-09,0.04999478204944929,-0.04999478278014258,-4.8599114764933085e-05,4.8592994383007954e-05,9.383727302981472e-05,9.382638312986034e-05,0,0,0,0.0003104006247143521,0.0003819409351311999,0.5881617069244385
LR_a0p1_q0,5000000,1,9,74,False,0.05,200,-0.8778596028717841,12,0.1586888443858081,0.22523175971531417,-0.0016635728832375962,0.04616003849797301,-0.0463752083287165,-0.03822559627868253,0.03511362034295142,0.002214186976969992,0.0036649238254316653,12,12,12,0.013117118210375943,0.0020906806810423017,0.9382534623146057
LR_a0p1_q0,5000000,1,0,63,False,0.05,500,-2.725664144498311,0,0.997378742587065,0.9974627849397777,-2.101058817594037e-06,0.04998745287905973,-0.04998792903713167,-0.00011851574970651459,0.000114789790142518,7.65937058460721e-05,0.00013513815598098852,0,0,0,0.0005186989355370692,0.0005446947281388378,-1.0037716627120972
LR_a0p1_q0,5000000,1,1,62,False,0.05,500,-2.5010083931500375,5,0.8668052768181767,0.8548259073305164,0.00029948423719128314,0.04935594835018964,-0.049293854064432374,-0.006015684509280635,0.006552558697906656,0.002292864554552195,0.0022056936710521465,5,5,5,0.003946895115403777,0.0027097970354863724,-0.3230960965156555
LR_a0p1_q0,5000000,1,2,62,False,0.05,500,0.4805561062480018,19,0.08062569494981187,0.15230728009950179,-0.001792039628742248,0.045556342281094675,-0.04586844828741078,-0.041525057533604096,0.038253084282435595,0.0007728571335345,0.002231953541578511,18,19,18,0.014085679422707898,0.0017498082606210252,-0.9877065420150757
LR_a0p1_q0,5000000,1,3,74,False,0.05,500,-3.737698284262552,0,0.021295357320667563,0.9955655494006876,-0.024356754802000502,0.044805737095071296,-0.049974659207435435,-0.04374096922903768,0.00019638173740127313,0.0030167684899342177,6.620950780270431e-05,0,0,0,0.01571434566712776,0.0015525637480209643,1.036697506904602
LR_a0p1_q0,5000000,1,4,63,False,0.05,500,-5.712832273009747,0,0.9977760401241476,0.9964301869885617,3.3646328389203006e-05,0.04998803098111981,-0.04998251431979439,-9.922897491238078e-05,0.00016100497036607159,8.068612140007617e-05,0.0006979614013815918,0,0,0,0.0004099440429351966,0.0005889750869695651,0.8374077081680298
LR_a0p1_q0,5000000,1,5,62,False,0.05,500,-4.694631692162222,0,0.9952611440887971,0.9958142213353405,-1.3826931163585243e-05,0.04997576302919837,-0.04997877585338806,-0.00021270582475754708,0.00018806478662083048,0.0009924404865492141,0.0001226837193846604,0,0,0,0.0023378678320097692,0.0010073035858633678,1.0860841274261475
LR_a0p1_q0,5000000,1,6,62,False,0.05,500,-0.7140654722245217,12,0.8742928981004505,0.8715130192447984,6.949697139135846e-05,0.04939249500873566,-0.04937926796466974,-0.005677850103713077,0.0058036170024286324,0.0013037431843285416,0.001350233281052936,12,12,12,0.0038022298525296257,0.0023474445698066053,0.2550773620605469
LR_a0p1_q0,5000000,1,7,74,False,0.05,500,-4.363434609814585,0,0.9999700506619114,0.9999700596526573,-2.247686481382516e-10,0.049999831892012514,-0.0499998319520627,-1.3293589161821559e-06,1.328969430430387e-06,1.6112271618054296e-05,1.6116394160198224e-05,0,0,0,5.2875621499786623e-05,6.287175291673223e-05,-0.10224307328462601
LR_a0p1_q0,5000000,1,8,74,False,0.05,500,-3.367804705160424,0,0.9988946079192562,0.998894831958248,-5.600974795072489e-09,0.04999456014271508,-0.04999456133142344,-4.982974675235506e-05,4.9819733510639345e-05,5.063672617990109e-05,5.062586427748309e-05,0,0,0,0.00030919127757420467,0.00038543834285312083,0.5881617069244385
LR_a0p1_q0,5000000,1,9,74,False,0.05,500,-0.8778596028717841,12,0.15753936556790027,0.2271864165879922,-0.0017411762755022986,0.046138597577442986,-0.046385435501509586,-0.03826162929904793,0.03502611467210942,0.0010661283858940222,0.0017762225309233954,12,12,12,0.013045731276433947,0.0016542823580108516,0.9382534623146057
LR_a0p1_q0,5000000,1,0,63,False,0.05,1000,-2.725664144498311,0,0.9972085918883078,0.9973537049729853,-3.627827116936544e-06,0.04998652371944151,-0.04998742403229836,-0.00012609412502613201,0.0001197387836494028,0.0003129706720813026,4.395710533548956e-05,0,0,0,0.0006261057984526422,0.0006067659042935899,-1.0037716627120972
LR_a0p1_q0,5000000,1,1,62,False,0.05,1000,-2.5010083931500375,5,0.8138349377398413,0.7991132773204335,0.0003680415104851953,0.04910048725430699,-0.04902480872358267,-0.008408740367314574,0.009069144857560782,0.0014382172036884668,0.0016697280707933073,5,5,5,0.005092805364294007,0.0030178973160035574,-0.3230960965156555
LR_a0p1_q0,5000000,1,2,62,False,0.05,1000,0.4805561062480018,19,0.04703679666324234,0.09636623951585599,-0.0012332360713153134,0.045401086270029284,-0.04559926396028319,-0.043049246436866584,0.04078095198449039,0.0005286269511645634,0.0029222217007731535,18,18,18,0.01458731020981517,0.0013871024266297741,-0.9877065420150757
LR_a0p1_q0,5000000,1,3,74,False,0.05,1000,-3.737698284262552,0,0.024966676356754647,0.9950264518589513,-0.024251494387554917,0.044827896481071605,-0.04997194147084463,-0.04357956266323321,0.00022061887789681116,0.005027100286496943,3.038350640647481e-05,0,0,0,0.017351068982346785,0.003315772755165424,1.036697506904602
LR_a0p1_q0,5000000,1,4,63,False,0.05,1000,-5.712832273009747,0,0.9976217936499232,0.9981495339176583,-1.3193506693376378e-05,0.04998702887094042,-0.049989263285247554,-0.00010593918844326656,8.178658936541318e-05,5.488553031287246e-05,0.0009195374512210752,0,0,0,0.00041411296210048615,0.0006051969275597036,0.8374077081680298
LR_a0p1_q0,5000000,1,5,62,False,0.05,1000,-4.694631692162222,0,0.9953381243638759,0.9955846496745302,-6.163132766801027e-06,0.04997651592644359,-0.04997754769000595,-0.00020960970824888674,0.00019831520627977247,0.00023002444696487508,5.603585072356374e-05,0,0,0,0.002097612726448127,0.0009526821844876692,1.0860841274261475
LR_a0p1_q0,5000000,1,6,62,False,0.05,1000,-0.7140654722245217,12,0.8348261851119432,0.8311981994242656,9.069964219199367e-05,0.049200853492746055,-0.04918366948358055,-0.007459544237149119,0.007623759512366647,0.0011954755546514882,0.00123531783671124,12,12,12,0.004747237344262922,0.002775293353128023,0.2550773620605469
LR_a0p1_q0,5000000,1,7,74,False,0.05,1000,-4.363434609814585,0,0.9999662695034672,0.9999662779523355,-2.1122215088098528e-10,0.049999812159064794,-0.04999981221406369,-1.4986838910520003e-06,1.4983164465106883e-06,6.183988607883572e-06,6.183512182335296e-06,0,0,0,5.413366799384811e-05,6.582301996106576e-05,-0.10224307328462601
LR_a0p1_q0,5000000,1,8,74,False,0.05,1000,-3.367804705160424,0,0.9988340908507709,0.998834336404375,-6.13884010292054e-09,0.049994169417158285,-0.04999417080504864,-5.246487461925597e-05,5.2453984830433005e-05,4.114755921959079e-05,4.110282848365385e-05,0,0,0,0.0003137867620620414,0.00039747631203889485,0.5881617069244385
LR_a0p1_q0,5000000,1,9,74,False,0.05,1000,-0.8778596028717841,12,0.13383320732757387,0.15702778032435694,-0.0005798643249195212,0.046012577444643654,-0.0460705587188458,-0.03932091707826535,0.0382191697026276,0.0005478970735110402,0.0006569508138971868,12,12,12,0.013380517766953821,0.0015472135029321377,0.9382534623146057
LR_a0p1_q0,5000000,1,0,63,False,0.05,2000,-2.725664144498311,0,0.997140515370134,0.9964817431612705,1.6469305221811226e-05,0.04998620288483574,-0.04998327431732319,-0.000129177116328997,0.00015918715926006535,9.789042848147297e-05,0.0007618416141548696,0,0,0,0.0005667548032735126,0.0005962029201550284,-1.0037716627120972
LR_a0p1_q0,5000000,1,1,62,False,0.05,2000,-2.5010083931500375,5,0.7626033899183948,0.7467983606190565,0.0003951257324832369,0.048852630227857796,-0.04877194539793178,-0.010722460731937613,0.011432027366979482,0.0007229231623663413,0.0005659102874390077,5,5,5,0.0061747506976622055,0.0034936178219631187,-0.3230960965156555
LR_a0p1_q0,5000000,1,2,62,False,0.05,2000,0.4805561062480018,19,0.026548075461518827,0.05504797392940408,-0.0007124974616971591,0.04530260038308198,-0.0454264603201112,-0.043975196610006186,0.04267406162364097,0.0007990400634687874,0.0012848086633678111,18,18,18,0.014987607063248923,0.0013317547070568704,-0.9877065420150757
LR_a0p1_q0,5000000,1,3,74,False,0.05,2000,-3.737698284262552,0,0.02334885694157407,0.9939108167801436,-0.024264048995964238,0.044809739976066354,-0.04996638260990688,-0.043642297128987845,0.0002708417708997769,0.007226185725706586,3.448238295471144e-05,0,0,0,0.02150516194590866,0.004323103055050879,1.036697506904602
LR_a0p1_q0,5000000,1,4,63,False,0.05,2000,-5.712832273009747,0,0.9974104660269667,0.9973055590453761,2.6226745397650575e-06,0.04998573893121405,-0.04998541921899913,-0.00011521562986540606,0.00012014126673101278,2.860655927355366e-05,0.0005963274605618583,0,0,0,0.0004242985418263618,0.0006222125262905,0.8374077081680298
LR_a0p1_q0,5000000,1,5,62,False,0.05,2000,-4.694631692162222,0,0.9951476894149991,0.9954067371786479,-6.476194091220577e-06,0.049975451764648016,-0.04997656878179879,-0.0002180672938982954,0.00020623192286635872,7.118587295536205e-05,4.557237525394383e-05,0,0,0,0.0015520918133124532,0.0009339197701143931,1.0860841274261475
LR_a0p1_q0,5000000,1,6,62,False,0.05,2000,-0.7140654722245217,12,0.7956719535711443,0.7908317619517091,0.00012100479048582358,0.04900616476781661,-0.04898365568061591,-0.009222567089259394,0.009442067583029689,0.0005431015813899049,0.0005499217846112644,12,12,12,0.0056290344856973875,0.003002152255593478,0.2550773620605469
LR_a0p1_q0,5000000,1,7,74,False,0.05,2000,-4.363434609814585,0,0.9999621179905382,0.9999621268207903,-2.2075674621646613e-10,0.04999979076379435,-0.049999790823245904,-1.6848642676374398e-06,1.684482206397638e-06,4.554952656644693e-06,4.559306346209156e-06,0,0,0,5.591858272618943e-05,6.856816855116127e-05,-0.10224307328462601
LR_a0p1_q0,5000000,1,8,74,False,0.05,2000,-3.367804705160424,0,0.9983959780914464,0.9987835981115545,-9.690500502923527e-06,0.04999208496068186,-0.04999382525225926,-7.228605611016082e-05,5.46453466810216e-05,0.0006798461942050916,2.4120586008760603e-05,0,0,0,0.0015392895678764593,0.000864589596381908,0.5881617069244385
LR_a0p1_q0,5000000,1,9,74,False,0.05,2000,-0.8778596028717841,12,0.13436632845651664,0.1163380286013993,0.0004507074963779889,0.04597855324715472,-0.0458866644710777,-0.03926023682432894,0.04006976304100718,0.0003730600633046401,0.0003925244599119753,12,12,12,0.013379771995870727,0.0016659035198398392,0.9382534623146057
LR_a0p1_q0,5000000,2,0,74,False,0.05,1,-2.6191109867733493,5,0.9999216099945407,0.9999216099945762,-8.881784197001252e-16,0.049999606978447464,-0.049999606978447575,-3.5264787199188834e-06,3.526478719378676e-06,0.005879554879443084,0.004885988360250499,5,6,4,8.517339830922125e-05,7.178599906962197e-05,0.28036460280418396
LR_a0p1_q0,5000000,2,1,74,False,0.05,1,-3.907121629928021,0,0.9988017239571789,0.9988017239571878,0.0,0.049994280303387595,-0.049994280303387706,-5.419410552859826e-05,5.41941055285156e-05,0.003199135682869559,0.0031989409532035703,0,0,0,0.0001849829759997888,0.00031410024509960353,-1.0695509910583496
LR_a0p1_q0,5000000,2,2,74,False,0.05,1,-3.743849653248363,0,0.9992981995328876,0.9992981995328876,0.0,0.049996755212320054,-0.049996755212320165,-3.184523567564806e-05,3.1845235675717146e-05,0.002318845303137789,0.002319811030939328,0,0,0,0.00018536214302056152,0.00023523332878075328,0.8055790066719055
LR_a0p1_q0,5000000,2,3,73,False,0.05,1,-4.232349490730039,0,0.9999129317509237,0.9999129317509414,0.0,0.049999509361715155,-0.04999950936171513,-3.862774168613816e-06,3.862774168196159e-06,0.001329031274185004,0.001111619144404523,0,1,0,4.466610504191226e-05,7.554662742219422e-05,-0.31325334310531616
LR_a0p1_q0,5000000,2,4,74,False,0.05,1,-2.2689169263299322,0,0.999694448793802,0.999694448793802,0.0,0.049998348674921735,-0.04999834867492174,-1.3626235231884588e-05,1.362623523157151e-05,0.0017593403172368961,0.0017592563304997834,0,0,0,0.00018840221794177636,0.0001295341493100571,0.5746868848800659
LR_a0p1_q0,5000000,2,5,74,False,0.05,1,-5.14194761771377,0,0.9963012664975679,0.9963012664976034,-8.881784197001252e-16,0.04998154391917242,-0.04998154391917253,-0.00016648059429342374,0.00016648059429315683,0.005498301391736916,0.005519435641798153,0,0,0,0.0007354016303980054,0.0004966784506647525,-1.9212538003921509
LR_a0p1_q0,5000000,2,6,74,False,0.05,1,-4.290275956474451,1,0.9990919144599886,0.9990919144599708,8.881784197001252e-16,0.04999568508108615,-0.049995685081086094,-4.108935808726165e-05,4.108935808680302e-05,0.008310093021865823,0.008309847331079114,1,1,1,0.00030150746463073337,0.00024935943346327856,-0.9289692044258118
LR_a0p1_q0,5000000,2,7,73,False,0.05,1,-5.485308641262478,0,0.9991834652251264,0.9991834652251264,0.0,0.04999652811966826,-0.04999652811966826,-3.735485841179556e-05,3.735485841177233e-05,0.0011894858757385974,0.0011894594680173748,0,0,0,0.00043046457169928836,0.00033825758720394217,-0.8332923054695129
LR_a0p1_q0,5000000,2,8,73,False,0.05,1,-3.338399879333127,0,0.9985083195108313,0.9985083195108313,0.0,0.04999321810225725,-0.049993218102257236,-6.78021267157036e-05,6.780212671552325e-05,0.003550967114845796,0.003550578321036547,0,0,0,0.00032148520877982946,0.0002925127454999993,1.1646370887756348
LR_a0p1_q0,5000000,2,9,51,False,0.05,1,-4.140543181286608,0,0.998838545632843,0.9988385456327897,1.7763568394002505e-15,0.04999445606323438,-0.04999445606323416,-5.252878159301529e-05,5.252878159326065e-05,0.002783977126515826,0.002783722591063042,0,0,0,0.0003674654733524108,0.0002639857410055805,1.0529897212982178
LR_a0p1_q0,5000000,2,0,74,False,0.05,2,-2.6191109867733493,5,0.9998884932739127,0.9998885035373117,-2.565849754887495e-10,0.04999944961886188,-0.0499994496676302,-5.024955166301359e-06,5.024490764833514e-06,0.005770406614934222,0.004784574652587339,5,6,4,0.00011793780871527796,0.00010455116154441148,0.28036460280418396
LR_a0p1_q0,5000000,2,1,74,False,0.05,2,-3.907121629928021,0,0.9981852877435138,0.9981852806286451,1.7787193939966528e-10,0.049991337886117315,-0.04999133785215615,-8.207349894154854e-05,8.207382072366088e-05,0.0021487885916540053,0.0021485069349224547,0,0,0,0.00028015046190197924,0.00047568827408906144,-1.0695509910583496
LR_a0p1_q0,5000000,2,2,74,False,0.05,2,-3.743849653248363,0,0.998977614541019,0.9989776572454456,-1.0676104444939938e-09,0.049995219335357666,-0.049995219539948677,-4.633860830681694e-05,4.633667767638473e-05,0.0015162809074824647,0.0015160640040990372,0,0,0,0.00027318857741153937,0.000338039229463828,0.8055790066719055
LR_a0p1_q0,5000000,2,3,73,False,0.05,2,-4.232349490730039,0,0.9998563332474397,0.9998562996289095,8.404636986369951e-10,0.04999922559554382,-0.049999225426991645,-6.408933172128039e-06,6.4104455460013005e-06,0.000924341376356831,0.0006718209622645225,0,1,0,0.00011218873760494266,0.00014051238487589927,-0.31325334310531616
LR_a0p1_q0,5000000,2,4,74,False,0.05,2,-2.2689169263299322,0,0.9995093949326428,0.9995093864447924,2.1219603851818647e-10,0.049997348567327446,-0.049997348521455626,-2.1878820695739913e-05,2.1879199215629275e-05,0.0010108783864147596,0.0010109046649027541,0,0,0,0.00026129284453208174,0.00020366671611458153,0.5746868848800659
LR_a0p1_q0,5000000,2,5,74,False,0.05,2,-5.14194761771377,0,0.9936758892880349,0.9936765687260163,-1.698594953580823e-08,0.049969012281557146,-0.04996901552469912,-0.00028521781715535417,0.00028518708839789155,0.003030994455043208,0.003042725299431181,0,0,0,0.0009884693782041404,0.0007064013155470966,-1.9212538003921509
LR_a0p1_q0,5000000,2,6,74,False,0.05,2,-4.290275956474451,1,0.9986643491406255,0.9986644392181887,-2.25193907965604e-09,0.049993653433623275,-0.049993653861641785,-6.043597659249206e-05,6.0431900732005676e-05,0.007996140804360632,0.007995553847620466,1,1,1,0.0004368483840338803,0.000329037195077868,-0.9289692044258118
LR_a0p1_q0,5000000,2,7,73,False,0.05,2,-5.485308641262478,0,0.9994508702195226,0.9994509283892761,-1.4542438364628651e-09,0.04999772674773795,-0.0499977270084806,-2.518323676143837e-05,2.518058901760753e-05,0.0017453543071778582,0.0017452468435654603,0,0,0,0.00033898017031948997,0.00026313390378042455,-0.8332923054695129
LR_a0p1_q0,5000000,2,8,73,False,0.05,2,-3.338399879333127,0,0.997679780487255,0.9976798812471976,-2.518998787337523e-09,0.04998885638189471,-0.049988856912330314,-0.00010486735753170629,0.00010486284997079566,0.0020680414655393337,0.0020675817389972295,0,0,0,0.0005224620699309615,0.00044066887081744324,1.1646370887756348
LR_a0p1_q0,5000000,2,9,51,False,0.05,2,-4.140543181286608,0,0.9982109986311194,0.9982110916476827,-2.325413639425733e-09,0.0499913247053847,-0.049991325169522094,-8.077477382942169e-05,8.077058713811584e-05,0.0016054761930945623,0.00160515187979212,0,0,0,0.0004985362849526775,0.00037232957638704423,1.0529897212982178
LR_a0p1_q0,5000000,2,0,74,False,0.05,5,-2.6191109867733493,5,0.9998707318280786,0.9998707483405589,-4.128120068003227e-10,0.04999935138701145,-0.04999935146835799,-5.81479560855126e-06,5.814051329928322e-06,0.00566075086688565,0.00468778259929236,5,6,4,0.00013247235163412892,0.0001178391830829668,0.28036460280418396
LR_a0p1_q0,5000000,2,1,74,False,0.05,5,-3.907121629928021,0,0.9979469575437161,0.9979470098961496,-1.3088108374859075e-09,0.04999028774978276,-0.04999028800374394,-9.293987259696883e-05,9.293750893722958e-05,0.0016882037271040253,0.0016880062445788766,0,0,0,0.000338687014338052,0.0005097334566925829,-1.0695509910583496
LR_a0p1_q0,5000000,2,2,74,False,0.05,5,-3.743849653248363,0,0.9985927751149593,0.9985929193753762,-3.6065106456817375e-09,0.049993300180953715,-0.04999330089052767,-6.366142520607536e-05,6.365492175787837e-05,0.000602865453695876,0.0006026274629327979,0,0,0,0.0003696620473293107,0.0004148190798716364,0.8055790066719055
LR_a0p1_q0,5000000,2,3,73,False,0.05,5,-4.232349490730039,0,0.9998018077406989,0.999801767961408,9.944818302187741e-10,0.04999897854900123,-0.04999897837560899,-8.888161966997018e-06,8.889977537926879e-06,0.0007445260096493926,0.000499031883709872,0,1,0,0.00013155760506554107,0.0001772567700527217,-0.31325334310531616
LR_a0p1_q0,5000000,2,4,74,False,0.05,5,-2.2689169263299322,0,0.9992923928405872,0.9992924264922642,-8.412919250133655e-10,0.049996266990248436,-0.049996267148176315,-3.164734821880466e-05,3.164582356363761e-05,0.0003827792960999274,0.0003827173237523478,0,0,0,0.0003259066056810647,0.00028452771616354266,0.5746868848800659
LR_a0p1_q0,5000000,2,5,74,False,0.05,5,-5.14194761771377,0,0.9906373624301601,0.9906402419967897,-7.198916573969427e-08,0.04995479647783685,-0.0499548100396181,-0.00042292835632912044,0.0004227979397788766,0.002037385353068483,0.002037819623376037,0,0,0,0.0012392476369936494,0.0010049001988976915,-1.9212538003921509
LR_a0p1_q0,5000000,2,6,74,False,0.05,5,-4.290275956474451,1,0.9985134827300968,0.9985135925489885,-2.745472293952389e-09,0.04999285877930587,-0.04999285930844055,-6.718464280112884e-05,6.717968099122194e-05,0.007865618606070686,0.007865512585874484,1,1,1,0.00046275881808862057,0.0003479718883598193,-0.9289692044258118
LR_a0p1_q0,5000000,2,7,73,False,0.05,5,-5.485308641262478,0,0.9997541516231578,0.9997542539152882,-2.55730370213314e-09,0.049998731836933374,-0.049998732337706686,-1.1024255775408274e-05,1.1019641942749233e-05,0.0033909374024248765,0.0033916084493944097,0,0,0,0.0001221004951849394,8.46830827850481e-05,-0.8332923054695129
LR_a0p1_q0,5000000,2,8,73,False,0.05,5,-3.338399879333127,0,0.9969231210966623,0.996923496606259,-9.387739918764737e-09,0.049984973270109215,-0.04998497516370271,-0.00013881721527672278,0.00013880033338948443,0.0009071624491195511,0.0009069891461545376,0,0,0,0.0006731270028855755,0.0005707878840345153,1.1646370887756348
LR_a0p1_q0,5000000,2,9,51,False,0.05,5,-4.140543181286608,0,0.9976394544601597,0.9976398211358273,-9.166892134260252e-09,0.049988544009087255,-0.049988545820343955,-0.00010657128607890385,0.00010655476355310572,0.0007084320993392377,0.0007083370201682913,0,0,0,0.0006322337007965863,0.00046884078462525706,1.0529897212982178
LR_a0p1_q0,5000000,2,0,74,False,0.05,10,-2.6191109867733493,5,0.9998596588438602,0.9998596793972592,-5.138347525246445e-10,0.049999296571981766,-0.04999929667337838,-6.3136297884926226e-06,6.312703515968901e-06,0.005599887268965577,0.004635578138837176,5,6,4,0.0001404197662646145,0.00012105417779184289,0.28036460280418396
LR_a0p1_q0,5000000,2,1,74,False,0.05,10,-3.907121629928021,0,0.9971932372477266,0.9971934826008333,-6.133827668008962e-09,0.04998660446948078,-0.04998660563216495,-0.00012694260709452093,0.0001269315021237684,0.0006627778317444057,0.0006625182213828911,0,0,0,0.0005029222419679146,0.0006402164809430748,-1.0695509910583496
LR_a0p1_q0,5000000,2,2,74,False,0.05,10,-3.743849653248363,0,0.9984804834935623,0.9984806772473132,-4.843843992574648e-09,0.04999274200584469,-0.04999274296143852,-6.871783116654549e-05,6.870909907250005e-05,0.00048310014167081503,0.0004828741370679838,0,0,0,0.00039941528792418327,0.0004461830367791694,0.8055790066719055
LR_a0p1_q0,5000000,2,3,73,False,0.05,10,-4.232349490730039,0,0.9997451101641275,0.9997450784464235,7.929426004693596e-10,0.049998681085946656,-0.04999868092463425,-1.1425577739988083e-05,1.1427002313955418e-05,0.0008374346736120914,0.00040283193568173064,0,1,0,0.00012433479437833422,0.0001637040101397272,-0.31325334310531616
LR_a0p1_q0,5000000,2,4,74,False,0.05,10,-2.2689169263299322,0,0.9992160409929607,0.9992161132439303,-1.8062742412894295e-09,0.04999587623334342,-0.049995876589409544,-3.507418369486917e-05,3.507092721334736e-05,0.0002990593993762546,0.000299060354137641,0,0,0,0.00033896335247961024,0.0003106950739894308,0.5746868848800659
LR_a0p1_q0,5000000,2,5,74,False,0.05,10,-5.14194761771377,0,0.9909475401092749,0.9909507023929898,-7.90570924280587e-08,0.049955245760054945,-0.049955261044526966,-0.00040786875459157177,0.00040772592487733905,0.001115477718065643,0.0011155797849584136,0,0,0,0.0011221305203333268,0.0009548778464233058,-1.9212538003921509
LR_a0p1_q0,5000000,2,6,74,False,0.05,10,-4.290275956474451,1,0.9979324680020873,0.99793283634245,-9.20850862229372e-09,0.049989864181354204,-0.04998986593193022,-9.324078125132714e-05,9.322411480700621e-05,0.00763226033282114,0.007633036639755115,1,1,1,0.0005624314900990838,0.0004493438318904131,-0.9289692044258118
LR_a0p1_q0,5000000,2,7,73,False,0.05,10,-5.485308641262478,0,0.9988483764279366,0.998848527553502,-3.778138690790911e-09,0.04999436242704136,-0.04999436322218764,-5.1943605644831474e-05,5.193684451208885e-05,0.001294043757298782,0.001293999560226062,0,0,0,0.0004827095325728165,0.0003802893721797771,-0.8332923054695129
LR_a0p1_q0,5000000,2,8,73,False,0.05,10,-3.338399879333127,0,0.9967881164724179,0.996788627852272,-1.2784496572493254e-08,0.04998420479596809,-0.04998420736315141,-0.00014479897234705326,0.00014477597053737487,0.0007405861305014241,0.0007404745927992301,0,0,0,0.0006839445612789498,0.0005981260146998009,1.1646370887756348
LR_a0p1_q0,5000000,2,9,51,False,0.05,10,-4.140543181286608,0,0.9972906161333306,0.9972911589272648,-1.3569848356098646e-08,0.04998679129300676,-0.04998679395220895,-0.0001222604863404727,0.00012223600584548318,0.0008090595990585646,0.0008087432340408003,0,0,0,0.0006806319466533976,0.0005280181686617372,1.0529897212982178
LR_a0p1_q0,5000000,2,0,74,False,0.05,20,-2.6191109867733493,5,0.9902822637431363,0.9902587371182037,5.881656233164279e-07,0.04995104350666624,-0.049950924934113794,-0.00043693031950900853,0.00043798807820349614,0.00345275630393794,0.003309314936641718,5,6,4,0.0013342302320322873,0.0007646389306319482,0.28036460280418396
LR_a0p1_q0,5000000,2,1,74,False,0.05,20,-3.907121629928021,0,0.9973329759127036,0.9973330576108808,-2.0424542057639883e-09,0.049987334845372655,-0.04998733516503018,-0.00012068604973793665,0.00012068228448589782,0.0007044049352060737,0.0007041461614122234,0,0,0,0.0004637024310602814,0.0006077572430527098,-1.0695509910583496
LR_a0p1_q0,5000000,2,2,74,False,0.05,20,-3.743849653248363,0,0.9983600977803153,0.9983603490522874,-6.281799080909423e-09,0.049992119757518716,-0.049992121023699765,-7.411486850247124e-05,7.410357108587171e-05,0.0003616500035224148,0.00036151592718205604,0,0,0,0.0004169168593714922,0.00045846269802105613,0.8055790066719055
LR_a0p1_q0,5000000,2,3,73,False,0.05,20,-4.232349490730039,0,0.9996793095868739,0.9996792673920396,1.054870857331025e-09,0.04999835771167924,-0.04999835749211301,-1.4392232335509108e-05,1.439412251074876e-05,0.0006895752898927605,0.00015351507325087367,0,1,0,0.0001526477964004765,0.000204734453217192,-0.31325334310531616
LR_a0p1_q0,5000000,2,4,74,False,0.05,20,-2.2689169263299322,0,0.999155595561465,0.9991557267009643,-3.2784872594504577e-09,0.049995621018914034,-0.049995621655361755,-3.784124084074686e-05,3.783532031392754e-05,0.0003265186965921317,0.0003264902599203796,0,0,0,0.00033817799313171554,0.00033263363230579956,0.5746868848800659
LR_a0p1_q0,5000000,2,5,74,False,0.05,20,-5.14194761771377,0,0.9905758430089406,0.9905795634665715,-9.30114412156513e-08,0.04995331065840147,-0.049953328574489086,-0.0004245185079541926,0.0004243504011595501,0.0009024656761933937,0.0009025823779696135,0,0,0,0.00109933766269628,0.0009963685660367499,-1.9212538003921509
LR_a0p1_q0,5000000,2,6,74,False,0.05,20,-4.290275956474451,1,0.9323315735578497,0.9323480633489467,-4.1224477698165174e-07,0.049616071188272715,-0.049616156080137475,-0.0029994925103801547,0.0029987529126895376,0.006870573858150792,0.00687896326617069,1,1,1,0.0027634714986396686,0.001696192316852264,-0.9289692044258118
LR_a0p1_q0,5000000,2,7,73,False,0.05,20,-5.485308641262478,0,0.9989905759599615,0.9989906579170693,-2.0489281382651825e-09,0.04999488047858347,-0.049994880983778134,-4.535168058538848e-05,4.534808792425435e-05,0.0006973084723730551,0.0006973104952217262,0,0,0,0.00042030563522038144,0.0002993571893099428,-0.8332923054695129
LR_a0p1_q0,5000000,2,8,73,False,0.05,20,-3.338399879333127,0,0.9966189714757423,0.9966196674365513,-1.7399020446617897e-08,0.049983619308023426,-0.04998362258911897,-0.00015267073423595102,0.0001526392172916546,0.0006017666262805787,0.0006016625393757209,0,0,0,0.0006705991998234308,0.0006258212688163315,1.1646370887756348
LR_a0p1_q0,5000000,2,9,51,False,0.05,20,-4.140543181286608,0,0.9974128124733639,0.997413306754229,-1.2357022072251311e-08,0.04998728684702858,-0.049987289313640826,-0.00011664622335997806,0.00011662397592981443,0.0005467900440964533,0.0005466435967926669,0,0,0,0.0006236205758600981,0.0005083805080140977,1.0529897212982178
LR_a0p1_q0,5000000,2,0,74,False,0.05,50,-2.6191109867733493,5,0.9775114259258011,0.9800265772977745,-6.287878429933613e-05,0.04988931454811718,-0.04990314677991403,-0.0010137432518271608,0.0009018179150265731,0.004840824300557436,0.0041918722563469265,5,6,4,0.0018803607218738625,0.0010946787443386246,0.28036460280418396
LR_a0p1_q0,5000000,2,1,74,False,0.05,50,-3.907121629928021,0,0.9970678939431377,0.9970681861983355,-7.3063799455042044e-09,0.049985902212263955,-0.04998590360112276,-0.00013250751510666056,0.000132494291206613,0.0003713846408550524,0.0003712732864591085,0,0,0,0.0004975916430689947,0.0006247107847873336,-1.0695509910583496
LR_a0p1_q0,5000000,2,2,74,False,0.05,50,-3.743849653248363,0,0.9981895914937056,0.9981899918781334,-1.0009610917904865e-08,0.04999135446814307,-0.04999135642115571,-8.187489345718768e-05,8.185682724985543e-05,0.00022378579146845384,0.00022376744857287818,0,0,0,0.0004153742126620749,0.0004908947294276069,0.8055790066719055
LR_a0p1_q0,5000000,2,3,73,False,0.05,50,-4.232349490730039,0,0.7845953919346904,0.999622101407116,-0.005375667736810641,0.048919901825311835,-0.04999802383359905,-0.009690132228575876,1.6918763244457375e-05,0.0002285014785308569,0.00011843145029451178,0,1,0,0.003413213425592582,0.00022152033360143162,-0.31325334310531616
LR_a0p1_q0,5000000,2,4,74,False,0.05,50,-2.2689169263299322,0,0.9992129542297778,1.0005588674783183,-3.364783121373449e-05,0.04999592821384513,-0.050003021709277784,-3.528050235557592e-05,-2.4921664637769816e-05,0.0002901859369589229,0.004082033005600291,0,0,0,0.00027809604036023195,0.00030656754318271695,0.5746868848800659
LR_a0p1_q0,5000000,2,5,74,False,0.05,50,-5.14194761771377,0,0.9895717549900773,0.9895754553565972,-9.250916299663459e-08,0.0499482632826439,-0.049948280982931026,-0.000469675533140203,0.0004695082150999949,0.0007172646014637786,0.0007172777422728282,0,0,0,0.0011319834864874524,0.0010826196451807785,-1.9212538003921509
LR_a0p1_q0,5000000,2,6,74,False,0.05,50,-4.290275956474451,1,0.9350037974423131,0.9352634528518067,-6.4913852373393865e-06,0.04963272085053938,-0.04963400728275719,-0.0028825309784231107,0.0028708346401662486,0.0057902915482616855,0.005838040708368504,1,1,1,0.0018592467171383395,0.000905861529209679,-0.9289692044258118
LR_a0p1_q0,5000000,2,7,73,False,0.05,50,-5.485308641262478,0,0.9987878013163609,0.9987878556128393,-1.3574119606118984e-09,0.049993471257806954,-0.04999347167352064,-5.408119198981616e-05,5.4078892878546604e-05,0.0007137986605391315,0.0007136165782839659,0,0,0,0.00042289210662194225,0.0003549139158512757,-0.8332923054695129
LR_a0p1_q0,5000000,2,8,73,False,0.05,50,-3.338399879333127,0,0.9962367554399609,0.9962375415143132,-1.9651858806923883e-08,0.04998186272999698,-0.04998186630174367,-0.00017002495799870408,0.00016998922602807506,0.00045638130501627597,0.00045624361222345314,0,0,0,0.0006488273827570645,0.0006940179048156615,1.1646370887756348
LR_a0p1_q0,5000000,2,9,51,False,0.05,50,-4.140543181286608,0,0.9972312782251613,0.9972318279678838,-1.3743568061386213e-08,0.04998629369426277,-0.04998629643678698,-0.00012472978300451433,0.00012470503839233387,0.0003904557830218698,0.00039036104187675324,0,0,0,0.0005931137952195207,0.0005403366073880912,1.0529897212982178
LR_a0p1_q0,5000000,2,0,74,False,0.05,100,-2.6191109867733493,5,0.9567861065950911,0.9706252508640567,-0.0003459786067239179,0.049788933768282084,-0.04985949308443827,-0.00194962843852763,0.001328230541234975,0.003970208992458335,0.002423490232121507,5,6,4,0.0025604439386793867,0.0017328871358514354,0.28036460280418396
LR_a0p1_q0,5000000,2,1,74,False,0.05,100,-3.907121629928021,0,0.9969288559178757,0.9969292765479487,-1.0515751824868858e-08,0.04998508490954412,-0.049985086966144676,-0.00013864211365048216,0.00013862313874619774,0.0002132312618723438,0.00021315848219173074,0,0,0,0.00050171679755822,0.0006368866331002548,-1.0695509910583496
LR_a0p1_q0,5000000,2,2,74,False,0.05,100,-3.743849653248363,0,0.9981851095875349,0.9981855117326432,-1.0053627708117574e-08,0.04999131690855996,-0.0499913188881107,-8.20614291837873e-05,8.204330147791621e-05,0.00018541488592513944,0.0001854356878826594,0,0,0,0.0003845290771380219,0.00048268330462932066,0.8055790066719055
LR_a0p1_q0,5000000,2,3,73,False,0.05,100,-4.232349490730039,0,0.45201896953839693,0.999534807337028,-0.013687895944965334,0.04725243042378541,-0.049997550039044464,-0.024651481946864423,2.0809672193303413e-05,0.00026751657872743504,9.641736104585164e-05,0,0,0,0.008666505451712134,0.0001947424754601886,-0.31325334310531616
LR_a0p1_q0,5000000,2,4,74,False,0.05,100,-2.2689169263299322,0,0.9991127544235301,0.9984705643612113,1.6054751557970093e-05,0.049995386575615405,-0.04999346146437915,-3.974885443841534e-05,6.993324631837143e-05,0.00016118284915075972,0.00236869734465066,0,0,0,0.000289330931872168,0.0003402920918311995,0.5746868848800659
LR_a0p1_q0,5000000,2,5,74,False,0.05,100,-5.14194761771377,0,0.9891050372422505,0.9891089642988504,-9.817641455356352e-08,0.04994524346352647,-0.049945262305875704,-0.0004899916014136683,0.0004898140909330788,0.0006660022348938097,0.000666248498373185,0,0,0,0.001074444135355975,0.0011254617381549362,-1.9212538003921509
LR_a0p1_q0,5000000,2,6,74,False,0.05,100,-4.290275956474451,1,0.9353620618279379,0.9353919936097554,-7.482945454384549e-07,0.049635290634992,-0.049635496942617596,-0.002867187543594818,0.0028658972621304003,0.006183644780436446,0.006188002864809105,1,1,1,0.0016410904015691273,0.0007484555389387499,-0.9289692044258118
LR_a0p1_q0,5000000,2,7,73,False,0.05,100,-5.485308641262478,0,0.998535382853003,0.9985355680102792,-4.6289319044490185e-09,0.04999193637024224,-0.04999193760060072,-6.516722759190053e-05,6.515920008597434e-05,0.0003977833002459701,0.00039774211802889875,0,0,0,0.0004386842257082004,0.0004231580157910973,-0.8332923054695129
LR_a0p1_q0,5000000,2,8,73,False,0.05,100,-3.338399879333127,0,0.9961080867019589,0.9961090051448451,-2.2961072154714657e-08,0.049981266734849185,-0.04998127084617014,-0.00017586239975204501,0.00017582058892690288,0.0003124053776830607,0.00031241605125536203,0,0,0,0.0006111124888953874,0.0007105314470103011,1.1646370887756348
LR_a0p1_q0,5000000,2,9,51,False,0.05,100,-4.140543181286608,0,0.9971301043372272,0.9971307890399395,-1.7117567807645173e-08,0.04998574648193399,-0.04998574997925731,-0.00012924126507225076,0.00012921052726030943,0.0003222177425897256,0.00032212847756475947,0,0,0,0.000549706515420557,0.0005603071149093659,1.0529897212982178
LR_a0p1_q0,5000000,2,0,74,False,0.05,200,-2.6191109867733493,5,0.9483712185115767,0.9591889200633208,-0.0002704425387936027,0.04974653589798028,-0.04980514489175053,-0.002327974972402668,0.0018456988885841169,0.002129528370585688,0.0018993088302794094,5,6,4,0.0026266869090265433,0.001569484955345937,0.28036460280418396
LR_a0p1_q0,5000000,2,1,74,False,0.05,200,-3.907121629928021,0,0.9967594664793467,0.9967600448796965,-1.4460008745942332e-08,0.04998414816796526,-0.04998415100759779,-0.00014617484399855507,0.00014614876361221504,0.00015492349395583504,0.000154918171497874,0,0,0,0.0005115480181179849,0.0006727769004640782,-1.0695509910583496
LR_a0p1_q0,5000000,2,2,74,False,0.05,200,-3.743849653248363,0,0.998049474248397,0.9980499573464385,-1.2077451039260723e-08,0.04999065914514056,-0.049990661483520826,-8.818543272062573e-05,8.816361619885354e-05,0.00012123411015986853,0.00012120592367284135,0,0,0,0.0003851516118425578,0.0005132038708059947,0.8055790066719055
LR_a0p1_q0,5000000,2,3,73,False,0.05,200,-4.232349490730039,0,0.4520614528863476,0.9994159229934318,-0.013683861752676663,0.04725263010668751,-0.04999689843326843,-0.024649557462370453,2.6102283597185637e-05,8.887544812235774e-05,4.6156753217037817e-05,0,0,0,0.00866520847128558,0.00019559953874877887,-0.31325334310531616
LR_a0p1_q0,5000000,2,4,74,False,0.05,200,-2.2689169263299322,0,0.9990244522847647,0.9982263114791046,1.9953520141502423e-05,0.04999489899779219,-0.049992451977980565,-4.367638355400231e-05,8.113640402550948e-05,9.872776045418722e-05,0.0022510377468128707,0,0,0,0.0002777892133624136,0.00036778441355625745,0.5746868848800659
LR_a0p1_q0,5000000,2,5,74,False,0.05,200,-5.14194761771377,0,0.9859314592101676,0.9879332649523676,-5.004514355544387e-05,0.049928176438395755,-0.049939639100296085,-0.0006316034778879002,0.0005429758526762344,0.0011698922561987415,0.00040323082588473606,0,0,0,0.003324747529134832,0.0015129372920328198,-1.9212538003921509
LR_a0p1_q0,5000000,2,6,74,False,0.05,200,-4.290275956474451,1,0.804041532023767,0.8027958818933456,3.114125326053596e-05,0.04888907573020501,-0.04888196793844668,-0.008686999129015821,0.008742173843780496,0.005303011694445607,0.005435999101126162,1,1,1,0.005053053749813316,0.002612557074948871,-0.9289692044258118
LR_a0p1_q0,5000000,2,7,73,False,0.05,200,-5.485308641262478,0,0.9983488691170805,0.9978295421713312,1.298317364373247e-05,0.04999076701540006,-0.049988149283580974,-7.332355954704599e-05,9.667217501422331e-05,0.00020584296622420958,0.001313223922444847,0,0,0,0.00041693922553763735,0.0004649451893370232,-0.8332923054695129
LR_a0p1_q0,5000000,2,8,73,False,0.05,200,-3.338399879333127,0,0.9957895752963886,0.995655677179732,3.347452916191429e-06,0.049979587942678816,-0.04997883800918127,-0.00019010917785848672,0.00019605415019521217,0.00018562523850840267,0.0002954058457199751,0,0,0,0.0006148351065255936,0.0007573408770659609,1.1646370887756348
LR_a0p1_q0,5000000,2,9,51,False,0.05,200,-4.140543181286608,0,0.9967383320448597,0.9967392326215574,-2.25144178855885e-08,0.04998379996532787,-0.049983804569418755,-0.0001468833630856517,0.00014684293834078328,0.00021610515913009554,0.00021606381269299513,0,0,0,0.0005636602619899321,0.0006394290064048225,1.0529897212982178
LR_a0p1_q0,5000000,2,0,74,False,0.05,500,-2.6191109867733493,5,0.9245212445641116,0.8911254242978384,0.0008348955066566077,0.04963473889888115,-0.04947304101804695,-0.0034086766706749893,0.004916769803154711,0.0010748692656203755,0.001069614861595587,6,6,4,0.0033155049695103907,0.0016194752906848677,0.28036460280418396
LR_a0p1_q0,5000000,2,1,74,False,0.05,500,-3.907121629928021,0,0.9966229834893703,0.9970746345181336,-1.1291275718861016e-05,0.04998346038392809,-0.04998603296104798,-0.00015231120945915458,0.00013230123514207522,7.39120959405969e-05,0.0007415481561980031,0,0,0,0.0005220768935595445,0.0006971479451360042,-1.0695509910583496
LR_a0p1_q0,5000000,2,2,74,False,0.05,500,-3.743849653248363,0,0.9978522946522883,0.99792713694141,-1.8710572282643056e-06,0.04998957984552799,-0.04998993140300945,-9.696511291343028e-05,9.357455593810325e-05,0.00027721368867329385,7.976694403059855e-05,0,0,0,0.0005087935114645217,0.0005883112165876884,0.8055790066719055
LR_a0p1_q0,5000000,2,3,73,False,0.05,500,-4.232349490730039,0,0.4518591630196056,0.9990210614568973,-0.013679047460931848,0.04725156869447908,-0.049994868436253226,-0.02465861054349915,4.3815363408189446e-05,3.504648095378416e-05,1.6928236247867773e-05,0,0,0,0.008667550515197894,0.00017680399411023465,-0.31325334310531616
LR_a0p1_q0,5000000,2,4,74,False,0.05,500,-2.2689169263299322,0,0.9988929089857734,0.9979660943609314,2.3170365620828193e-05,0.04999407167392331,-0.04999027107027902,-4.9426224634667825e-05,9.196635223270941e-05,5.5338912007512714e-05,0.0007005495166959646,0,0,0,0.0002821289870897334,0.0004046708375647712,0.5746868848800659
LR_a0p1_q0,5000000,2,5,74,False,0.05,500,-5.14194761771377,0,0.9844744847612041,0.985608974329466,-2.8362239206991546e-05,0.04992087648652066,-0.049926522931040274,-0.0006971522484609076,0.0006460742145672554,0.0012074328514938032,0.0007412865397599511,0,0,0,0.003636672768660398,0.0016716695266741255,-1.9212538003921509
LR_a0p1_q0,5000000,2,6,74,False,0.05,500,-4.290275956474451,1,0.6658735636649027,0.660531018618773,0.00013356362615279949,0.04811021211296396,-0.04807983255979292,-0.014816533929718512,0.015053281628855088,0.001726839358901788,0.001775445394599304,1,1,1,0.0073233743960235366,0.0036954168299693077,-0.9289692044258118
LR_a0p1_q0,5000000,2,7,73,False,0.05,500,-5.485308641262478,0,0.9981377705812733,0.997526925289911,1.5271132284055966e-05,0.049989436650813235,-0.04998632333312547,-8.254812174940125e-05,0.0001099770686297004,0.00011975988702221165,0.0016022864282479433,0,0,0,0.0004333156312309054,0.0005154001949250562,-0.8332923054695129
LR_a0p1_q0,5000000,2,8,73,False,0.05,500,-3.338399879333127,0,0.9957031889167212,0.9955753403211087,3.1962148905329e-06,0.04997885088961278,-0.049978042704119124,-0.00019369144377639905,0.0001992756880640353,9.946515169056489e-05,0.0001260096766638027,0,0,0,0.0006113581264163433,0.0007623278756702887,1.1646370887756348
LR_a0p1_q0,5000000,2,9,51,False,0.05,500,-4.140543181286608,0,0.9965222345750924,0.9964831955033127,9.759767944927944e-07,0.049982819486552366,-0.04998259558356799,-0.0001567077577972881,0.00015843580840285573,7.137116046202848e-05,0.00025791172293767716,0,0,0,0.0005593907036350343,0.0006777417389282291,1.0529897212982178
LR_a0p1_q0,5000000,2,0,74,False,0.05,1000,-2.6191109867733493,5,0.9020790047819816,0.8570274709861359,0.0011262883448961425,0.04952587733904684,-0.04930976262346165,-0.004421927099948654,0.006458389074154627,0.0007850813490321744,0.0006237179637618693,6,6,4,0.004053310577317354,0.001890126647652934,0.28036460280418396
LR_a0p1_q0,5000000,2,1,74,False,0.05,1000,-3.907121629928021,0,0.9965530221986096,0.9971339836507287,-1.4524036302976384e-05,0.049983073590255,-0.04998598016612976,-0.00015542248032503471,0.00012928098359319057,4.6796529609118744e-05,0.0007759983767565732,0,0,0,0.0005306940244549446,0.0007082497800776211,-1.0695509910583496
LR_a0p1_q0,5000000,2,2,74,False,0.05,1000,-3.743849653248363,0,0.9976666414989666,0.9977927184188307,-3.151922996824652e-06,0.049988720539749454,-0.04998917088297916,-0.00010538846480107244,9.953496203795958e-05,8.573997799204462e-05,4.243070133599611e-05,0,0,0,0.0004617340636153838,0.0006094791692923021,0.8055790066719055
LR_a0p1_q0,5000000,2,3,73,False,0.05,1000,-4.232349490730039,0,0.4516287000619279,0.9985234447843361,-0.013672368618060204,0.04725046602295027,-0.04999245447648179,-0.024669031019853817,6.628223726522206e-05,1.1200512797595568e-05,1.3044467506263886e-05,0,0,0,0.008670609279721084,0.00017499721852622178,-0.31325334310531616
LR_a0p1_q0,5000000,2,4,74,False,0.05,1000,-2.2689169263299322,0,0.9987803235966464,0.9991369100231839,-8.914660663439378e-06,0.04999340758248115,-0.04999491298263929,-5.439140264934461e-05,3.806748148005418e-05,3.542184659870766e-05,0.0009243602161754768,0,0,0,0.0002835648073562288,0.00041448330302058903,0.5746868848800659
LR_a0p1_q0,5000000,2,5,74,False,0.05,1000,-5.14194761771377,0,0.9848791669659285,0.9855173863896027,-1.5955485592300533e-05,0.049923367192266865,-0.04992653541437442,-0.000679408843970161,0.0006506660948937639,0.0003431028737320661,0.00022469129615057293,0,0,0,0.0032197729605971514,0.0016502004153722894,-1.9212538003921509
LR_a0p1_q0,5000000,2,6,74,False,0.05,1000,-4.290275956474451,1,0.5685713634476741,0.564676728704363,9.736586858277718e-05,0.04756018049402477,-0.047538005031766584,-0.019131612321639617,0.019304168596549126,0.0006334166207945165,0.000662842364973294,1,1,1,0.009215857802481804,0.00467278892160665,-0.9289692044258118
LR_a0p1_q0,5000000,2,7,73,False,0.05,1000,-5.485308641262478,0,0.9979895278123152,0.9978947878768629,2.3684983867511278e-06,0.049988606980711725,-0.04998853436682238,-8.913059009470792e-05,9.37949729799337e-05,0.0001468190462411101,0.0004052814304681107,0,0,0,0.000498595251404466,0.0005459568724701469,-0.8332923054695129
LR_a0p1_q0,5000000,2,8,73,False,0.05,1000,-3.338399879333127,0,0.9951015761347026,0.9957678651496593,-1.6657225373695184e-05,0.049975139555839,-0.049979001649284274,-0.00022006074910386542,0.00019060839180067533,0.00032951445231545667,0.00024577283620895424,0,0,0,0.0011410376956405002,0.0009383815199132227,1.1646370887756348
LR_a0p1_q0,5000000,2,9,51,False,0.05,1000,-4.140543181286608,0,0.9964229293862381,0.9962596508117549,4.0819643620793045e-06,0.049982311357986475,-0.049981446602902935,-0.0001611648886748518,0.00016846406231510181,3.748912540021985e-05,0.0001425654346739677,0,0,0,0.0005636326010737488,0.0006963265528179744,1.0529897212982178
LR_a0p1_q0,5000000,2,0,74,False,0.05,2000,-2.6191109867733493,5,0.8868105517660307,0.7936481698760733,0.002329059547248935,0.04945418780012251,-0.048997641667848424,-0.005113660211820453,0.009315233174045208,0.0003112163627712707,0.00026928577922241686,6,6,4,0.004514098444953673,0.0019757597304192274,0.28036460280418396
LR_a0p1_q0,5000000,2,1,74,False,0.05,2000,-3.907121629928021,0,0.99654650409855,0.9964941181315456,1.3096491748854078e-06,0.04998299871537115,-0.04998269388581478,-0.00015567351044361305,0.00015798797923750532,5.831160741241026e-05,0.00016541592006237614,0,0,0,0.0005336054031745232,0.0007053585268040789,-1.0695509910583496
LR_a0p1_q0,5000000,2,2,74,False,0.05,2000,-3.743849653248363,0,0.9977194686790902,0.9976921262217164,6.83561434122737e-07,0.049988928034802926,-0.049988552819965726,-0.00010295460084920721,0.0001039465088797481,0.0004016320543093121,1.7324909367761145e-05,0,0,0,0.0010058564906346974,0.0006160211448318302,0.8055790066719055
LR_a0p1_q0,5000000,2,3,73,False,0.05,2000,-4.232349490730039,0,0.451086893301369,0.9973596885995484,-0.013656819882454485,0.04724783222452572,-0.049986804222837855,-0.024693487559456564,0.00011881979286029765,9.501059952793787e-06,1.9185546732249057e-05,0,0,0,0.00867780816250181,0.00016509852049059818,-0.31325334310531616
LR_a0p1_q0,5000000,2,4,74,False,0.05,2000,-2.2689169263299322,0,0.9985918307268449,0.998508508778766,2.083048701972956e-06,0.04999236499124862,-0.049992082795019155,-6.277345490651535e-05,6.665735608062139e-05,1.871841565967406e-05,0.0005893644721308137,0,0,0,0.00029151421896436307,0.00042718627905537177,0.5746868848800659
LR_a0p1_q0,5000000,2,5,74,False,0.05,2000,-5.14194761771377,0,0.40564749308904524,0.9853015563368572,-0.014491351581194856,0.04703286789485295,-0.04992524569172052,-0.026750493240400887,0.0006601678748773825,0.00012007939708228585,7.285679929184049e-05,0,0,0,0.009847418252547785,0.0009948908934866744,-1.9212538003921509
LR_a0p1_q0,5000000,2,6,74,False,0.05,2000,-4.290275956474451,1,0.543341889455089,0.5408465405002261,6.238372387201707e-05,0.04741836648944103,-0.047404127566835874,-0.020251272016686063,0.020361800541824474,0.00034075781743296633,0.0003461689676330802,1,1,1,0.009636018730900472,0.004916955777990522,-0.9289692044258118
LR_a0p1_q0,5000000,2,7,73,False,0.05,2000,-5.485308641262478,0,0.9977810624332584,0.9979172887552679,-3.405658049793203e-06,0.04998743945951589,-0.0499883848444862,-9.838633785207298e-05,9.252040672217557e-05,0.0001517457732354425,0.00019535017029652596,0,0,0,0.0007196343804125319,0.0005974134774127692,-0.8332923054695129
LR_a0p1_q0,5000000,2,8,73,False,0.05,2000,-3.338399879333127,0,0.9944887077787801,0.995365548865621,-2.1921027171245555e-05,0.04997214682417258,-0.049976470160235036,-0.0002477114352335687,0.00020819271695407494,0.0006581854936129038,7.078942614757501e-05,0,0,0,0.0016980521973155532,0.0011010375322284042,1.1646370887756348
LR_a0p1_q0,5000000,2,9,51,False,0.05,2000,-4.140543181286608,0,0.9957089351531145,0.9960784703837433,-9.238380766163345e-06,0.049979028854683305,-0.04998048994087001,-0.00019358209702747582,0.00017656642168288763,0.0004034221168348964,5.898052633540537e-05,0,0,0,0.0009147423163169682,0.0008618995744117546,1.0529897212982178
LR_a0p1_q0,5000000,3,0,73,False,0.05,1,-6.108296812257576,0,0.9990644665896298,0.9990644665895942,8.881784197001252e-16,0.04999530954499479,-0.049995309544994815,-4.2086215513672267e-05,4.2086215513779135e-05,0.0026868453096865253,0.0026862155157503925,0,0,0,0.00029424106176389667,0.00024805191464861526,0.968550980091095
LR_a0p1_q0,5000000,3,1,73,False,0.05,1,-4.666396469910985,1,0.9995064653665331,0.9995064653665331,0.0,0.04999764422531183,-0.04999764422531183,-2.2320956984762942e-05,2.232095698451388e-05,0.006150462333657252,0.003437053440219454,1,1,0,0.00011871678887007538,0.0002015445189137747,-0.6864072680473328
LR_a0p1_q0,5000000,3,2,73,False,0.05,1,-0.9686213244676398,7,0.9979919129910586,0.9979919129910542,1.1102230246251565e-16,0.049990715571886564,-0.04999071557188656,-9.111992233360103e-05,9.111992233386742e-05,0.03176973624872744,0.028995374309278416,7,9,6,0.0003135490422955756,0.0003980870185763373,1.3626759052276611
LR_a0p1_q0,5000000,3,3,72,False,0.05,1,-3.578392752804752,0,0.5674635063170275,0.9999015010991652,-0.010810949869553443,0.04756261363159241,-0.049999444948850114,-0.019189438315740916,4.369893891897278e-06,0.0023177456891484414,0.0011664779606067196,0,1,0,0.006791491536745001,0.000525954281649431,-0.3331819772720337
LR_a0p1_q0,5000000,3,4,73,False,0.05,1,-2.9563845760198997,2,0.9983593987844497,0.9983593987844497,0.0,0.04999113351256447,-0.04999113351256443,-7.316357334202542e-05,7.31635733423658e-05,0.01646502371493996,0.016464662700309277,2,2,2,0.0004365615919065437,0.0003001354468548922,1.3316521644592285
LR_a0p1_q0,5000000,3,5,73,False,0.05,1,-2.3684953901033596,0,0.9997404835929213,0.9997404835929125,0.0,0.049998705055181225,-0.049998705055181225,-1.168087553510476e-05,1.1680875535025271e-05,0.0014551131181697674,0.0014548731797405072,0,0,0,0.00019479619873984008,0.00013171348985275725,0.5089095830917358
LR_a0p1_q0,5000000,3,6,73,False,0.05,1,-4.850911730151707,0,0.9970046426504098,0.9970046426503743,8.881784197001252e-16,0.04998576706322044,-0.04998576706322044,-0.00013553493070112753,0.00013553493070142314,0.004356431558906858,0.00435589567674445,0,0,0,0.0005475944142639199,0.00045290300026539697,-1.6871832609176636
LR_a0p1_q0,5000000,3,7,72,False,0.05,1,-2.097157655649624,6,0.999065744407055,0.9990657444070816,-4.440892098500626e-16,0.04999602757443067,-0.04999602757443067,-4.274035407780674e-05,4.274035407673592e-05,0.017608573121651885,0.017608302937321435,6,6,6,0.00046045047390534807,0.00036202803534798053,0.8913389444351196
LR_a0p1_q0,5000000,3,8,72,False,0.05,1,-3.5828329776941863,0,0.9991503829646753,0.9991503829646753,0.0,0.049996137231869575,-0.0499961372318698,-3.861808363662202e-05,3.861808363623177e-05,0.002886151338468543,0.002680306087879508,0,1,0,0.00024262452460867162,0.0002207516965540577,0.878950297832489
LR_a0p1_q0,5000000,3,9,73,False,0.05,1,-3.2109707519988238,0,0.9991483803711709,0.9991483803711709,0.0,0.04999593498849016,-0.04999593498849016,-3.85159699315239e-05,3.851596993152642e-05,0.002384011807273549,0.0023837242685277138,0,0,0,0.00031465765032224086,0.0002260159869196464,0.9016664028167725
LR_a0p1_q0,5000000,3,0,73,False,0.05,2,-6.108296812257576,0,0.9986694859152223,0.9986696712031495,-4.632197736498256e-09,0.04999343272887172,-0.04999343360929809,-5.9958433111181526e-05,5.9950049141203795e-05,0.0017328730899484545,0.001732454095575629,0,0,0,0.00040737043723148534,0.0003612412223503578,0.968550980091095
LR_a0p1_q0,5000000,3,1,73,False,0.05,2,-4.666396469910985,1,0.9992524886811083,0.9992525668131336,-1.953300632351329e-09,0.04999643192569525,-0.04999643229864065,-3.380749163986911e-05,3.380395798323866e-05,0.005835945794523953,0.002975137258099832,1,1,0,0.00017980678898173419,0.00030525333760124266,-0.6864072680473328
LR_a0p1_q0,5000000,3,2,73,False,0.05,2,-0.9686213244676398,7,0.997075104815528,0.997075174643276,-1.7456937007054307e-09,0.04998632327470664,-0.049986323609241476,-0.00013256803393045763,0.0001325648770777367,0.03109995954325773,0.028394571030885208,7,9,6,0.00046204876523657946,0.0005718458197757277,1.3626759052276611
LR_a0p1_q0,5000000,3,3,72,False,0.05,2,-3.578392752804752,0,0.5677097937241538,0.9998388868530395,-0.010803227328222142,0.04756384843516931,-0.049999131021735525,-0.019178358748961642,7.186679083545612e-06,0.0006941786466297397,0.0007050729273417408,0,1,0,0.006788402640905267,0.0004104942437309707,-0.3331819772720337
LR_a0p1_q0,5000000,3,4,73,False,0.05,2,-2.9563845760198997,2,0.9973656454768598,0.9973656752458382,-7.442242377919683e-10,0.049985762858726024,-0.04998576301960983,-0.00011748058488270755,0.00011747925731780719,0.015720344024438428,0.015720488792184018,2,2,2,0.0006054259790501424,0.0004711120517440953,1.3316521644592285
LR_a0p1_q0,5000000,3,5,73,False,0.05,2,-2.3684953901033596,0,0.9995565444385601,0.9995565606782186,-4.059912406262356e-10,0.04999782706369982,-0.049997827141216034,-1.9999841771290343e-05,1.999910730500267e-05,0.0008012643403252945,0.0008011397189905722,0,0,0,0.0002617556924082689,0.00018736869524926925,0.5089095830917358
LR_a0p1_q0,5000000,3,6,73,False,0.05,2,-4.850911730151707,0,0.9955945086130669,0.995594690606314,-4.549830734390525e-09,0.04997906657768181,-0.04997906744245295,-0.0001993411470295137,0.00019933291213765505,0.0027417210109295055,0.002739785524911107,0,0,0,0.000793364039167413,0.0005976072999593256,-1.6871832609176636
LR_a0p1_q0,5000000,3,7,72,False,0.05,2,-2.097157655649624,6,0.999371992058089,0.9993720631600045,-1.7775478866610683e-09,0.04999740031255631,-0.049997400631266675,-2.8800709651720656e-05,2.879747326615362e-05,0.0181556065354382,0.018155760545670648,6,6,6,0.00036245660242455505,0.0002814009779875413,0.8913389444351196
LR_a0p1_q0,5000000,3,8,72,False,0.05,2,-3.5828329776941863,0,0.998678271203044,0.9986783278365507,-1.4158376693274022e-09,0.04999365186977389,-0.04999365216791274,-5.973830962138848e-05,5.9735776084890813e-05,0.0018016076619311687,0.001561114194540796,0,1,0,0.0003943781874375801,0.000332510882991647,0.878950297832489
LR_a0p1_q0,5000000,3,9,73,False,0.05,2,-3.2109707519988238,0,0.9986882267136821,0.9986882924452534,-1.643289060382358e-09,0.04999363889630334,-0.04999363922429336,-5.9227560619840583e-05,5.922460203035735e-05,0.0013747486780378798,0.0013745112306040774,0,0,0,0.00042688887931490235,0.0003188132580199077,0.9016664028167725
LR_a0p1_q0,5000000,3,0,73,False,0.05,5,-6.108296812257576,0,0.9984574212790598,0.998457663079737,-6.045016931466307e-09,0.04999225985877759,-0.049992261040261166,-6.938879482428708e-05,6.937788627392968e-05,0.001027110731926543,0.0010267377351640553,0,0,0,0.0004575852970835125,0.00040704182356688707,0.968550980091095
LR_a0p1_q0,5000000,3,1,73,False,0.05,5,-4.666396469910985,1,0.9991543601815067,0.9991545281228831,-4.198534853117053e-09,0.049995999604545815,-0.04999600039736485,-3.828159547113306e-05,3.827399122041791e-05,0.0057253616867024605,0.002815124316711716,1,1,0,0.0002173915778966977,0.00032717958033069597,-0.6864072680473328
LR_a0p1_q0,5000000,3,2,73,False,0.05,5,-0.9686213244676398,7,0.8348665381005849,1.0605810983387731,-0.005642864005954706,0.0491783941705053,-0.05030147626868918,-0.0074350672654760405,-0.002727578648249405,0.021684371625224477,0.027575522731381683,7,9,6,0.005165886118049682,0.002426000913434584,1.3626759052276611
LR_a0p1_q0,5000000,3,3,72,False,0.05,5,-3.578392752804752,0,0.5677467165145522,0.9997791484653984,-0.010800810798771376,0.047564016640218545,-0.04999886095834179,-0.0191766808144909,9.90353507194101e-06,0.0006936728308653784,0.0005196612585829882,0,1,0,0.006787791446277956,0.00041145568663609973,-0.3331819772720337
LR_a0p1_q0,5000000,3,4,73,False,0.05,5,-2.9563845760198997,2,0.9962053249310809,0.9962057284069648,-1.0086897095362701e-08,0.04997997846702763,-0.049979980498602666,-0.0001697122204735059,0.00016969407825491185,0.015142860673435113,0.0151424538064576,2,2,2,0.000754837035716444,0.0006590330567526398,1.3316521644592285
LR_a0p1_q0,5000000,3,5,73,False,0.05,5,-2.3684953901033596,0,0.9993465967002546,0.9993467072003792,-2.762503115150139e-09,0.04999684503802304,-0.04999684556120898,-2.9515203010086522e-05,2.951020119037801e-05,0.0005417653785214274,0.0005417880195828093,0,0,0,0.0003275205618472081,0.0002673221488186396,0.5089095830917358
LR_a0p1_q0,5000000,3,6,73,False,0.05,5,-4.850911730151707,0,0.9950969171630497,0.995096914070146,7.73221486838338e-11,0.04997644560699244,-0.04997644558109893,-0.00022159974884074717,0.0002215998775908147,0.002268310833664653,0.002272854589514316,0,0,0,0.0008404148104871676,0.0006319827843374755,-1.6871832609176636
LR_a0p1_q0,5000000,3,7,72,False,0.05,5,-2.097157655649624,6,0.9997188187892991,0.9997189084547831,-2.2416370981659384e-09,0.04999854988040102,-0.049998550317360085,-1.2608940936315671e-05,1.2604894620825828e-05,0.0192205014535917,0.01922074022411868,6,6,6,0.00013037515480499875,9.045344552746915e-05,0.8913389444351196
LR_a0p1_q0,5000000,3,8,72,False,0.05,5,-3.5828329776941863,0,0.9982469354976775,0.9982471669521686,-5.786362500259656e-09,0.04999143815020024,-0.04999143934318706,-7.909137531635177e-05,7.908099557824111e-05,0.0009871478382468188,0.0006847115951196266,0,1,0,0.0005082053593450021,0.00043066758403281205,0.878950297832489
LR_a0p1_q0,5000000,3,9,73,False,0.05,5,-3.2109707519988238,0,0.9982692614907762,0.9982694175599782,-3.901730050159813e-09,0.04999160054458822,-0.04999160131298525,-7.81374700492698e-05,7.813043498655506e-05,0.0006066330630134577,0.0006065919677739416,0,0,0,0.000541341150496571,0.0004014450664247277,0.9016664028167725
LR_a0p1_q0,5000000,3,0,73,False,0.05,10,-6.108296812257576,0,0.9983252128041009,0.9983255493607857,-8.413917562677398e-09,0.049991605382889354,-0.04999160700190369,-7.534474268272346e-05,7.532953386526502e-05,0.0007416959654123713,0.000741396734564499,0,0,0,0.0004850770683393509,0.00041819402021707616,0.968550980091095
LR_a0p1_q0,5000000,3,1,73,False,0.05,10,-4.666396469910985,1,0.9988441806763504,0.9988444877126312,-7.675907021109651e-09,0.04999448381108623,-0.049994485274770795,-5.227477726828478e-05,5.226088913978112e-05,0.005444566273372058,0.002454177626640366,1,1,0,0.00032273831776033046,0.00041092160192331736,-0.6864072680473328
LR_a0p1_q0,5000000,3,2,73,False,0.05,10,-0.9686213244676398,7,0.8414748550075135,1.0624433401480182,-0.005524212128512618,0.0492112425519155,-0.05031073303256557,-0.0071374998015398036,-0.0028114339748348946,0.0224424630263837,0.02851809800020057,7,9,6,0.004775694448870024,0.001900892989529197,1.3626759052276611
LR_a0p1_q0,5000000,3,3,72,False,0.05,10,-3.578392752804752,0,0.35336669542779475,0.9997171591366172,-0.01615876159272034,0.0463559705739162,-0.04999853649153065,-0.02868763580252651,1.267853469923962e-05,0.0010118400991044878,0.00042298103671834907,0,0,0,0.010146207587299524,0.00042038977758564075,-0.3331819772720337
LR_a0p1_q0,5000000,3,4,73,False,0.05,10,-2.9563845760198997,2,0.9957928940007843,0.9957934611848618,-1.4179601937058806e-08,0.04997786751962155,-0.049977870307280514,-0.00018822281958242454,0.00018819724803773404,0.014972048971053063,0.01497152368024536,2,2,2,0.0007855834329117865,0.0007201268495334097,1.3316521644592285
LR_a0p1_q0,5000000,3,5,73,False,0.05,10,-2.3684953901033596,0,0.9993668654818411,0.9993669636471303,-2.454132008722354e-09,0.049996869198445926,-0.04999686967244321,-2.852592435339338e-05,2.852149008665785e-05,0.00029602111358101,0.000295980084594752,0,0,0,0.0002964989600768117,0.00025257370575836356,0.5089095830917358
LR_a0p1_q0,5000000,3,6,73,False,0.05,10,-4.850911730151707,0,0.9931805246031367,0.9931818557608807,-3.3278944044923264e-08,0.049966568252839405,-0.049966574826939114,-0.00030754202268263887,0.00030748203889585353,0.0015729111297178623,0.0016020338510212137,0,0,0,0.0010214419286340133,0.0008160690486233872,-1.6871832609176636
LR_a0p1_q0,5000000,3,7,72,False,0.05,10,-2.097157655649624,6,0.9338115148092196,0.933826062421943,-3.636903178616535e-07,0.049667414087877296,-0.049667487210506206,-0.002976838347416951,0.002976184089408486,0.01245462633835548,0.012533826823188704,6,6,6,0.00362078974376351,0.0024734755802202153,0.8913389444351196
LR_a0p1_q0,5000000,3,8,72,False,0.05,10,-3.5828329776941863,0,0.9981699359617746,0.9981702387409452,-7.569479265612244e-09,0.04999099977355148,-0.04999100134236456,-8.250297546410923e-05,8.248940531685175e-05,0.0008890028081130546,0.0005591170917410223,0,1,0,0.000516353993200216,0.0004512626579814705,0.878950297832489
LR_a0p1_q0,5000000,3,9,73,False,0.05,10,-3.2109707519988238,0,0.9980133646166234,0.9980136684600893,-7.596086426531201e-09,0.04999031480258918,-0.04999031629031942,-8.964657175817305e-05,8.963286731509016e-05,0.0006926977662143367,0.0006926153614936792,0,0,0,0.0005828107759432676,0.0004521403384140802,0.9016664028167725
LR_a0p1_q0,5000000,3,0,73,False,0.05,20,-6.108296812257576,0,0.9983223949414466,0.9983228191668836,-1.060563636912093e-08,0.049991509354614855,-0.04999151143939451,-7.538960754108063e-05,7.537048105139518e-05,0.0005381057421653928,0.0005379407245149953,0,0,0,0.0004888870361097511,0.00040409965466095505,0.968550980091095
LR_a0p1_q0,5000000,3,1,73,False,0.05,20,-4.666396469910985,1,0.9989018387483384,0.9989021996704217,-9.023052527368236e-09,0.049994784915668,-0.04999478659740059,-4.969297825091673e-05,4.9676613880547426e-05,0.005504492762303382,0.0025157543659338247,1,1,0,0.0002975507435753203,0.00039001828894212446,-0.6864072680473328
LR_a0p1_q0,5000000,3,2,73,False,0.05,20,-0.9686213244676398,7,-0.2588211261887263,0.9072195536605321,-0.02915101699623146,0.04406131273406298,-0.04950487900172551,-0.05700236904349951,0.004143901318698855,0.018307817795548353,0.022431104727688507,7,6,6,0.02002804949091331,0.003036101504610812,1.3626759052276611
LR_a0p1_q0,5000000,3,3,72,False,0.05,20,-3.578392752804752,0,0.3535147673241923,0.9996461469423235,-0.0161532844904535,0.046356670680194265,-0.049998188500944625,-0.028680932313983706,1.588115382912204e-05,0.00031569372435214795,0.0001594856966832265,0,0,0,0.010143454063753821,0.00038263267306793905,-0.3331819772720337
LR_a0p1_q0,5000000,3,4,73,False,0.05,20,-2.9563845760198997,2,0.861284627740071,0.8613202318437363,-8.901025916330241e-07,0.049242275236474425,-0.049242452384405416,-0.006178043849471174,0.0061764407922184125,0.013941493387558245,0.013948619252430914,2,2,2,0.004405137977363215,0.002122150756599096,1.3316521644592285
LR_a0p1_q0,5000000,3,5,73,False,0.05,20,-2.3684953901033596,0,0.9993377722776486,0.9993378303783018,-1.4525163294365484e-09,0.0499967197435397,-0.04999672004240052,-2.9831129657116044e-05,2.982852348589222e-05,0.00024358530144452342,0.0002436017531671074,0,0,0,0.00029062163702159294,0.0002624333498066741,0.5089095830917358
LR_a0p1_q0,5000000,3,6,73,False,0.05,20,-4.850911730151707,0,0.9929838783038747,0.9929859953928144,-5.2927223492815756e-08,0.04996399686399444,-0.049964007783061204,-0.0003148029488012902,0.00031470801342036434,0.0007055792468764826,0.0007144475799563956,0,0,0,0.0009938291548032068,0.0008294078578365645,-1.6871832609176636
LR_a0p1_q0,5000000,3,7,72,False,0.05,20,-2.097157655649624,6,0.9358853351447927,0.9358275239485447,1.4452799064201827e-06,0.049675462846692386,-0.0496751627430794,-0.0028811960894532538,0.002883786545651828,0.014045377958876696,0.014226218434464415,6,6,6,0.003064626965038661,0.0017403556131597327,0.8913389444351196
LR_a0p1_q0,5000000,3,8,72,False,0.05,20,-3.5828329776941863,0,1.1439946591339822,0.998073020498822,0.003648040965879229,0.05065419577245778,-0.04999066305148281,0.006545537184242551,8.701202654259096e-05,0.0020196839645877066,0.0004546804562438779,0,1,0,0.002364967537798703,0.0006140929007503308,0.878950297832489
LR_a0p1_q0,5000000,3,9,73,False,0.05,20,-3.2109707519988238,0,0.9981027782997831,0.9981031148709008,-8.414278163115796e-09,0.049990677284344295,-0.04999067890525607,-8.553836935512084e-05,8.552316171097518e-05,0.00046812782712360126,0.0004681002036610133,0,0,0,0.000534025684458203,0.0004353565037688095,0.9016664028167725
LR_a0p1_q0,5000000,3,0,73,False,0.05,50,-6.108296812257576,0,0.9980291548340681,0.9980298214611238,-1.6665676838556465e-08,0.049990372712029135,-0.049990375812031695,-8.891497032609127e-05,8.888473897457054e-05,0.00033720215264877355,0.0003371103332554424,0,0,0,0.0005126022213618891,0.0004486888237543827,0.968550980091095
LR_a0p1_q0,5000000,3,1,73,False,0.05,50,-4.666396469910985,1,0.9987924865310838,0.9987929301082765,-1.1089429818866847e-08,0.049994194062310426,-0.04999419611111272,-5.456973575663446e-05,5.454960569815442e-05,0.005399000209336971,0.002397325907117806,1,1,0,0.0003193646466490985,0.00040098264407238904,-0.6864072680473328
LR_a0p1_q0,5000000,3,2,73,False,0.05,50,-0.9686213244676398,7,-0.0018947900461885325,0.6040049869929853,-0.015147494425979291,0.04533834764618218,-0.04801679984851363,-0.0454330871484914,0.01781655049886429,0.003316334747545334,0.010955033457042254,7,7,6,0.015857831657706673,0.0009873322911411065,1.3626759052276611
LR_a0p1_q0,5000000,3,3,72,False,0.05,50,-3.578392752804752,0,0.35355644869554226,0.9995993662673452,-0.016151072939294853,0.04635709016740515,-0.049997906981307905,-0.028679267732627554,1.7938667941208748e-05,0.00018390111566353548,0.00010675355205613289,0,0,0,0.010141566414948415,0.0003579985288001064,-0.3331819772720337
LR_a0p1_q0,5000000,3,4,73,False,0.05,50,-2.9563845760198997,2,0.75045711874691,0.7525452540013688,-5.22033813612488e-05,0.04863576229252296,-0.048646558684029534,-0.01111290635517747,0.01101929598396068,0.010287581653157475,0.011281014399447082,2,2,2,0.007099167676686936,0.0028222211929871937,1.3316521644592285
LR_a0p1_q0,5000000,3,5,73,False,0.05,50,-2.3684953901033596,0,0.9992656456415183,0.9992657849484932,-3.482674593158208e-09,0.04999635682571979,-0.04999635753523046,-3.3074543644089803e-05,3.3068287805763314e-05,0.00019031886619153753,0.00019029924292390286,0,0,0,0.0002993090957660917,0.0002876232855582232,0.5089095830917358
LR_a0p1_q0,5000000,3,6,73,False,0.05,50,-4.850911730151707,0,0.9920451551622733,0.9923370705938517,-7.297885789903091e-06,0.0499587982484786,-0.049960224387852525,-0.00035654049036535544,0.00034337085816001566,0.0006021542592551284,0.00048244383419398135,0,0,0,0.0010287609374155793,0.00095156594153786,-1.6871832609176636
LR_a0p1_q0,5000000,3,7,72,False,0.05,50,-2.097157655649624,6,0.7471911241278573,0.742432124636121,0.00011897498729318556,0.04874323007181766,-0.04872013028759384,-0.011383673865424986,0.011598524055788265,0.007840070100488566,0.00780519025952087,6,6,6,0.006279429320109862,0.003712735551168532,0.8913389444351196
LR_a0p1_q0,5000000,3,8,72,False,0.05,50,-3.5828329776941863,0,1.320860198478524,0.9978532598234224,0.008075173466377539,0.051458534483187934,-0.04998965339857597,0.01458447544073783,9.699040740495765e-05,0.003565795470649936,0.0003447738882921328,0,1,0,0.0052182446185737395,0.0011240835008463023,0.878950297832489
LR_a0p1_q0,5000000,3,9,73,False,0.05,50,-3.2109707519988238,0,0.9979700429786043,0.9979704039972148,-9.025465264045351e-09,0.04998995096674896,-0.04998995267489416,-9.144881781888268e-05,9.143247503325575e-05,0.0003342762063518674,0.0003342490487563107,0,0,0,0.0005078393048453639,0.0004626764954073717,0.9016664028167725
LR_a0p1_q0,5000000,3,0,73,False,0.05,100,-6.108296812257576,0,0.9978695084924283,0.9978703268130218,-2.045801483774312e-08,0.049989846828590034,-0.049989850439643935,-9.637140396861495e-05,9.633409899205795e-05,0.00018028578281578062,0.00018024628268227717,0,0,0,0.0004983930354203448,0.00046999944940339365,0.968550980091095
LR_a0p1_q0,5000000,3,1,73,False,0.05,100,-4.666396469910985,1,0.9987355373257145,0.9987360356379149,-1.2457804565713104e-08,0.04999385894158109,-0.04999386125366423,-5.708207529505236e-05,5.705947176866396e-05,0.005439972581150944,0.0024279540283593886,1,1,0,0.0003218659826258785,0.0004085916355673716,-0.6864072680473328
LR_a0p1_q0,5000000,3,2,73,False,0.05,100,-0.9686213244676398,7,-0.025076890489783565,0.4961328364552897,-0.013030243173626777,0.04521809500293683,-0.04744037923271063,-0.046471939527425864,0.02263373740994627,0.0018120662442711328,0.006926078584342503,7,7,6,0.016091445927389928,0.0009847597130852313,1.3626759052276611
LR_a0p1_q0,5000000,3,3,72,False,0.05,100,-3.578392752804752,0,0.35350072397348775,0.9995152483922265,-0.01615036311046847,0.04635694706769973,-0.04999745819522013,-0.028681910869025214,2.1695775609436368e-05,0.00011228217821852503,8.404946955348447e-05,0,0,0,0.010141548927339676,0.0003253732782377115,-0.3331819772720337
LR_a0p1_q0,5000000,3,4,73,False,0.05,100,-2.9563845760198997,2,0.6505062281205998,0.6514713467582123,-2.4127965940312635e-05,0.04813980206075098,-0.04814496068309054,-0.01561449065472175,0.01557139334517957,0.007720571692008851,0.007085831104985958,2,2,2,0.024369660246952914,0.0024452689714778513,1.3316521644592285
LR_a0p1_q0,5000000,3,5,73,False,0.05,100,-2.3684953901033596,0,0.9992278741884331,0.9992279974525964,-3.081604305066321e-09,0.0499961193201236,-0.04999611994018127,-3.4725610702017375e-05,3.472006755147145e-05,0.00017602892450505804,0.00017597683497965977,0,0,0,0.0002847781116552675,0.00029801605862476776,0.5089095830917358
LR_a0p1_q0,5000000,3,6,73,False,0.05,100,-4.850911730151707,0,0.9922038028298097,0.992167418163401,9.096166602162725e-07,0.04995972683921157,-0.04995951020650313,-0.0003495366977222254,0.00035113929833224615,0.00033744323809355354,0.00036154662178548803,0,0,0,0.0009620066787795505,0.0009290987335532976,-1.6871832609176636
LR_a0p1_q0,5000000,3,7,72,False,0.05,100,-2.097157655649624,6,0.6369055954861036,0.6292052554432015,0.00019250850107255246,0.048189863703981387,-0.04815382853010325,-0.016344583929676852,0.01669356575794267,0.008349813282844717,0.00858230743026954,6,6,6,0.00755969576323491,0.004323048058484311,0.8913389444351196
LR_a0p1_q0,5000000,3,8,72,False,0.05,100,-3.5828329776941863,0,1.7581363248576842,0.9977815085225838,0.01900887040837773,0.05344925966280889,-0.04998932090060948,0.03445755658007614,0.00010024547448047059,0.0071945470268453444,0.00023570530347930173,0,1,0,0.012379004635634917,0.0025813508081402913,0.878950297832489
LR_a0p1_q0,5000000,3,9,73,False,0.05,100,-3.2109707519988238,0,0.9978955053419281,0.9978958552672257,-8.748132440672407e-09,0.04998954802496076,-0.049989549686647955,-9.477275786434956e-05,9.475692328649024e-05,0.00027546322402274213,0.00027541908399522836,0,0,0,0.0004707557528765904,0.00047983588777074495,0.9016664028167725
LR_a0p1_q0,5000000,3,0,73,False,0.05,200,-6.108296812257576,0,0.9978133363650521,0.9978433988815283,-7.515629114607236e-07,0.04998952360683037,-0.049989375203001896,-9.885678857771686e-05,9.72052589247567e-05,0.00012019660662927668,0.0005614154430767531,0,0,0,0.0004940698385886105,0.0004776950262729714,0.968550980091095
LR_a0p1_q0,5000000,3,1,73,False,0.05,200,-4.666396469910985,1,0.9017233806379821,0.951153107421927,-0.0012357431695981802,0.04950869376468414,-0.04975597376890184,-0.004422524732785563,0.0021983183978057036,0.003770443802345802,0.0019486958940845693,1,1,0,0.0034826519318869415,0.0019002647161543093,-0.6864072680473328
LR_a0p1_q0,5000000,3,2,73,False,0.05,200,-0.9686213244676398,7,-0.01794723817136079,0.3388970766843502,-0.008921107871392775,0.04524349819842412,-0.04664980735812146,-0.04614086010699174,0.029704953523903933,0.0015327298529813358,0.004406163073870397,8,7,7,0.01592680553929303,0.0010464053524836417,1.3626759052276611
LR_a0p1_q0,5000000,3,3,72,False,0.05,200,-3.578392752804752,0,0.3535797005354713,0.9994017648538644,-0.016145551607959607,0.046357499235061994,-0.04999684187214533,-0.028678514208288652,2.6753629452469083e-05,7.086952618136382e-05,3.574119498495976e-05,0,0,0,0.010139745842936558,0.00033733287205248147,-0.3331819772720337
LR_a0p1_q0,5000000,3,4,73,False,0.05,200,-2.9563845760198997,2,0.4193777346551464,0.4422702990534333,-0.0005723141099571727,0.046949969287965646,-0.047080546760801395,-0.02598108255520875,0.024967031808129724,0.003329130216310763,0.004565960209313151,2,2,2,0.0257120485081795,0.003340209453135087,1.3316521644592285
LR_a0p1_q0,5000000,3,5,73,False,0.05,200,-2.3684953901033596,0,0.9991388566366055,0.9991390108432352,-3.855165964239404e-09,0.04999569148115912,-0.04999569222302935,-3.8748649328868956e-05,3.874168086697957e-05,0.0001058480479294171,0.00010581718331667314,0,0,0,0.00028440462587545203,0.0003282382855666845,0.5089095830917358
LR_a0p1_q0,5000000,3,6,73,False,0.05,200,-4.850911730151707,0,0.9918758196722699,0.9919677743134159,-2.298866028205282e-06,0.04995849100720373,-0.04995895125326033,-0.00036470002358872215,0.000360562537591083,0.00037438276956862853,0.00034872788012535265,0,0,0,0.000927732483325826,0.0009642612473441504,-1.6871832609176636
LR_a0p1_q0,5000000,3,7,72,False,0.05,200,-2.097157655649624,6,0.5841767511134321,0.5724219276982545,0.000293870585379441,0.04793895594030444,-0.04788405743811827,-0.01873011838463249,0.019262961053205626,0.0042872706020121755,0.0043905870532004974,6,6,6,0.008033125101942724,0.0036320764486109736,0.8913389444351196
LR_a0p1_q0,5000000,3,8,72,False,0.05,200,-3.5828329776941863,0,2.136888320389172,0.9975018176302264,0.02848466256897364,0.05517030197705819,-0.04998781205539271,0.05167411404240023,0.00011272117388113114,0.00835704500622865,0.00027597945158422887,0,1,0,0.01833213692058197,0.0027774961492174764,0.878950297832489
LR_a0p1_q0,5000000,3,9,73,False,0.05,200,-3.2109707519988238,0,0.9976067583316439,0.9976072129505553,-1.1365473007174387e-08,0.04998811337137855,-0.049988115554690814,-0.00010777545479714591,0.00010775490716239891,0.0001849498448198131,0.00018493021961857943,0,0,0,0.0004829918988751334,0.0005478999166873126,0.9016664028167725
LR_a0p1_q0,5000000,3,0,73,False,0.05,500,-6.108296812257576,0,0.997635508079906,0.9975560478959444,1.9865045990385966e-06,0.04998875051730978,-0.04998829845535929,-0.00010697511331326605,0.00011049606056225579,0.00013368762878617543,7.420407616270301e-05,0,0,0,0.000513439388170172,0.0005157354082760224,0.968550980091095
LR_a0p1_q0,5000000,3,1,73,False,0.05,500,-4.666396469910985,1,0.8331309599320669,1.003572823035217,-0.004261046577578753,0.04916767674361938,-0.050018159515999305,-0.007511128747017019,-0.0001604816357607817,0.0015597103297454462,0.0012814213897456058,1,1,0,0.004700003566580293,0.002511089369143339,-0.6864072680473328
LR_a0p1_q0,5000000,3,2,73,False,0.05,500,-0.9686213244676398,7,0.12267980694948166,0.33759906520299143,-0.0053729814563378,0.045732126597520115,-0.04663772136669451,-0.03959813625004637,0.029757768106544756,0.0014443491112152895,0.003996726126181194,7,7,7,0.013533589262136367,0.0019208374854077482,1.3626759052276611
LR_a0p1_q0,5000000,3,3,72,False,0.05,500,-3.578392752804752,0,5.303182335936185e-05,0.9989975843600618,-0.02497361381341756,0.044365374853474845,-0.04999475278701673,-0.044362723262306794,4.487356901363103e-05,4.587126016722447e-05,1.842147604014319e-05,0,0,0,0.01568451859644097,0.0002931189295072971,-0.3331819772720337
LR_a0p1_q0,5000000,3,4,73,False,0.05,500,-2.9563845760198997,2,0.31144985929893565,0.3416584209918039,-0.0007552140423214837,0.046408551142579205,-0.04657601917674006,-0.030836058177632738,0.029493098127149852,0.002519081316407774,0.0019331983905526901,2,2,2,0.026405930802871153,0.0035810240226803527,1.3316521644592285
LR_a0p1_q0,5000000,3,5,73,False,0.05,500,-2.3684953901033596,0,0.9987923688057254,0.9990534206296786,-6.526295598607845e-06,0.04999378485198114,-0.049995205856156244,-5.416641169514588e-05,4.25348246720171e-05,0.0010135746472669273,5.9119980295292126e-05,0,0,0,0.002314311294306725,0.0006833814310446561,0.5089095830917358
LR_a0p1_q0,5000000,3,6,73,False,0.05,500,-4.850911730151707,0,0.9911124587281073,0.9911652026915974,-1.3185990876962705e-06,0.049954366512523496,-0.04995468552165638,-0.00039874357611768406,0.00039642538707616913,0.00011412921533845497,0.0001212530333152398,0,0,0,0.0009421098519789513,0.0010702915238773529,-1.6871832609176636
LR_a0p1_q0,5000000,3,7,72,False,0.05,500,-2.097157655649624,6,0.423471085153162,0.41627669399963985,0.00017985977883805404,0.04711153126349499,-0.047084400856160474,-0.025937977005837047,0.026270566156178517,0.00272778398163501,0.002672860138468324,6,6,6,0.009966240739866522,0.004076902295693721,0.8913389444351196
LR_a0p1_q0,5000000,3,8,72,False,0.05,500,-3.5828329776941863,0,3.118389366521308,0.9974584896136296,0.05302327192269196,0.059636756204219266,-0.049987355718846826,0.0962827121218465,0.00011443123816593743,0.013437084133073398,0.00011192919694392583,0,1,0,0.034588396978430934,0.005801274309038735,0.878950297832489
LR_a0p1_q0,5000000,3,9,73,False,0.05,500,-3.2109707519988238,0,0.9974473562609276,0.9974133973824273,8.489719625082159e-07,0.049987390028449125,-0.04998719508298763,-0.00011502221540279683,0.00011652521386686078,6.117841203908666e-05,0.0002518513581835644,0,0,0,0.00047941859439473966,0.000580881205471932,0.9016664028167725
LR_a0p1_q0,5000000,3,0,73,False,0.05,1000,-6.108296812257576,0,0.997533322758386,0.997395146683715,3.4544018667759246e-06,0.04998827887375104,-0.04998741850293359,-0.00011161273583241497,0.00011766116874698746,4.290914323902931e-05,0.00031288287287020624,0,0,0,0.0005098954799608609,0.0005333867215048836,0.968550980091095
LR_a0p1_q0,5000000,3,1,73,False,0.05,1000,-4.666396469910985,1,0.7751711236288905,1.0220617396076825,-0.006172265399469801,0.04887855886294534,-0.05011041768886604,-0.010120002681500461,-0.000992669291517765,0.0009301200676109765,0.000925569297012849,1,1,0,0.006006256977443233,0.003098279402959121,-0.6864072680473328
LR_a0p1_q0,5000000,3,2,73,False,0.05,1000,-0.9686213244676398,7,0.2391529812246529,0.08559550149925155,0.003838936993135089,0.04611147395615159,-0.04569329335290721,-0.03415382489491901,0.04141351827794523,0.003612753102090756,0.001805520798009057,7,7,7,0.012969870150035968,0.003304095485629586,1.3626759052276611
LR_a0p1_q0,5000000,3,3,72,False,0.05,1000,-3.578392752804752,0,8.275409841829173e-05,0.9984961004737603,-0.02496033365938377,0.044365623311855604,-0.04999231481541301,-0.04436148560693447,6.750979172512515e-05,1.0886245414324473e-05,1.970422815740797e-05,0,0,0,0.015683817806079824,0.0002849002015420611,-0.3331819772720337
LR_a0p1_q0,5000000,3,4,73,False,0.05,1000,-2.9563845760198997,2,0.27242953656209323,0.3284087375198652,-0.0013994800239442995,0.04621755638132344,-0.046525215024033034,-0.03259607955321855,0.03010477814803976,0.0014485891214417292,0.002331575727700396,2,2,2,0.015988010091477805,0.0035284823067892926,1.3316521644592285
LR_a0p1_q0,5000000,3,5,73,False,0.05,1000,-2.3684953901033596,0,0.998862930458797,0.9989782281394,-2.8824420152950836e-06,0.049994333380304457,-0.049994816110805695,-5.118685736447711e-05,4.590470383563615e-05,0.00021870297007752483,2.6678822449934157e-05,0,0,0,0.002077650142503294,0.0006067967981374903,0.5089095830917358
LR_a0p1_q0,5000000,3,6,73,False,0.05,1000,-4.850911730151707,0,0.9908173644635276,0.9907612828154555,1.402041202247517e-06,0.049952748074658215,-0.04995247589280294,-0.0004118798514829537,0.00041441175203012323,5.813338130565802e-05,5.9082723360543076e-05,0,0,0,0.0009551386016825806,0.001107090694205463,-1.6871832609176636
LR_a0p1_q0,5000000,3,7,72,False,0.05,1000,-2.097157655649624,6,0.3359611529221418,0.33450418225311473,3.64242667254544e-05,0.046663337609178776,-0.04666496830861594,-0.029865279963071912,0.02993975919596029,0.001281348835877246,0.0009821759928691771,6,6,6,0.011223565280270425,0.004298827467785878,0.8913389444351196
LR_a0p1_q0,5000000,3,8,72,False,0.05,1000,-3.5828329776941863,0,4.36629161458578,0.9976402148429919,0.0842162849935697,0.06532688726914193,-0.04998833222382859,0.15298769346014646,0.00010632148167955346,0.01779483253430212,0.00024704729875758185,0,1,0,0.05978176951726655,0.01735892502615527,0.878950297832489
LR_a0p1_q0,5000000,3,9,73,False,0.05,1000,-3.2109707519988238,0,0.9973720063078506,0.9972311948103219,3.5202874379969273e-06,0.04998700428765661,-0.04998625816338104,-0.0001184039722643154,0.00012469842286461026,3.205976773321313e-05,0.00014099574342242102,0,0,0,0.0004834819495934679,0.0005972520180007073,0.9016664028167725
LR_a0p1_q0,5000000,3,0,73,False,0.05,2000,-6.108296812257576,0,0.9966954068490175,0.9972963958629144,-1.5024725347423384e-05,0.04998429392195963,-0.04998697644761407,-0.0001495235795080605,0.0001221566544675611,0.0007623791887327151,7.899452465563556e-05,0,0,0,0.0007343872959320212,0.0007151976784256906,0.968550980091095
LR_a0p1_q0,5000000,3,1,73,False,0.05,2000,-4.666396469910985,1,0.7461915768026017,1.0709837737420713,-0.00811980492348674,0.04873411168926983,-0.05035463809802476,-0.011424532849139114,-0.003194550589078108,0.0009617758239920349,0.0009683752944833439,1,1,0,0.00663856681244012,0.003313874507152828,-0.6864072680473328
LR_a0p1_q0,5000000,3,2,73,False,0.05,2000,-0.9686213244676398,7,-0.01678134448284574,0.1208581198155323,-0.0034409866074595064,0.04505337557299986,-0.04574213895546757,-0.04589244279714236,0.03969923296469061,0.0011812777572886297,0.0010992057669258687,7,7,6,0.015525886413167555,0.0017356403736481468,1.3626759052276611
LR_a0p1_q0,5000000,3,3,72,False,0.05,2000,-3.578392752804752,0,0.00011277767200112976,0.9973203768753791,-0.02493018998008445,0.044365777439615534,-0.04998658837904943,-0.04436013855601548,0.0001205695352799341,6.329644985399458e-06,1.37327049615218e-05,0,0,0,0.015683363241510626,0.00028324999118920397,-0.3331819772720337
LR_a0p1_q0,5000000,3,4,73,False,0.05,2000,-2.9563845760198997,2,0.26614566603176293,0.17736139895254688,0.0022196066769804013,0.04617309525527266,-0.04572173344246308,-0.03286581195368461,0.036853663494835695,0.007102371834944035,0.008009865205593901,2,2,2,0.016753813455458975,0.005088658933874717,1.3316521644592285
LR_a0p1_q0,5000000,3,5,73,False,0.05,2000,-2.3684953901033596,0,0.9987711779996822,0.9988902492249885,-2.976780632657494e-06,0.04999385003749712,-0.04999436313693251,-5.529113751257061e-05,4.9850675683246745e-05,5.460468136153434e-05,2.2627356532436375e-05,0,0,0,0.001496241739405391,0.0005485657490509258,0.5089095830917358
LR_a0p1_q0,5000000,3,6,73,False,0.05,2000,-4.850911730151707,0,0.990647571255856,0.9906289539171631,4.6543346776672934e-07,0.04995180669685051,-0.04995174060541352,-0.0004194281340569663,0.00042029290955572144,2.9092216038488516e-05,3.142941485651175e-05,0,0,0,0.0009636312627938761,0.0011294122647846992,-1.6871832609176636
LR_a0p1_q0,5000000,3,7,72,False,0.05,2000,-2.097157655649624,6,0.2906906134671239,0.28440552024949106,0.00015712733044104255,0.046403984116546365,-0.046393343807998866,-0.03186945344318977,0.03217306779552441,0.0005849930683607392,0.00040422304713956465,6,6,6,0.011983947365508148,0.004260159179461404,0.8913389444351196
LR_a0p1_q0,5000000,3,8,72,False,0.05,2000,-3.5828329776941863,0,5.819588071820325,0.9973810144689832,0.12055517643378355,0.07194382192442506,-0.04998673350169369,0.2190355816665913,0.00011768277824413396,0.028649143215427025,4.8716239899158656e-05,0,1,0,0.09532462803483925,0.03512010862257718,0.878950297832489
LR_a0p1_q0,5000000,3,9,73,False,0.05,2000,-3.2109707519988238,0,0.9967649171046222,0.9970849060306097,-7.999723149687554e-06,0.049984206005806074,-0.04998548801004729,-0.00014596015057424764,0.00013124270851768203,0.00040617855247043636,5.888848234803778e-05,0,0,0,0.0008637091218919161,0.0007686758202042963,0.9016664028167725
LR_a0p1_q0,5000000,4,0,72,False,0.05,1,-6.80992122845286,0,0.9955797331415894,0.9955797331415717,0.0,0.049977838244385175,-0.049977838244385175,-0.00019885158730637687,0.00019885158730618472,0.005839497738731841,0.005838288028981184,0,0,0,0.0006395844151299082,0.0005393027203627132,2.1053149700164795
LR_a0p1_q0,5000000,4,1,72,False,0.05,1,-3.2477370620846813,0,0.9991198821947389,0.9991198821947211,4.440892098500626e-16,0.04999579895896322,-0.04999579895896322,-3.980484922650233e-05,3.9804849226391154e-05,0.005371083931327192,0.0027413859807198892,0,1,0,0.00015853447814062735,0.00026918885774221646,0.9166287183761597
LR_a0p1_q0,5000000,4,2,72,False,0.05,1,-3.033879723288358,2,0.9968648187898932,0.9968648187899021,0.0,0.049985504430615724,-0.04998550443061572,-0.0001422634911207273,0.0001422634911207239,0.020887009043885553,0.02088715470940957,2,2,2,0.0003917829564452536,0.0004973434978549273,1.7026784420013428
LR_a0p1_q0,5000000,4,3,71,False,0.05,1,-4.271307052800918,0,0.9998731959749385,0.9998731959749207,0.0,0.049999285446646335,-0.049999285446646335,-5.625647900149226e-06,5.625647900027849e-06,0.0013389069771078872,0.0013391585512676444,0,0,0,5.390321849517402e-05,8.681630204021909e-05,-0.3780352771282196
LR_a0p1_q0,5000000,4,4,72,False,0.05,1,-3.0077068062549372,2,0.9995234244233142,0.9995234244232787,8.881784197001252e-16,0.0499974243884968,-0.04999742438849683,-2.1253167332055707e-05,2.125316733182266e-05,0.00929135159008466,0.008904436895404981,2,3,2,0.00023529348430821796,0.00016163884555666432,0.7177202105522156
LR_a0p1_q0,5000000,4,5,72,False,0.05,1,-1.7400167466562086,2,0.8961947259189396,1.0699879731584572,-0.00434483118098794,0.0494820285031303,-0.050349228645082594,-0.004672292207183236,-0.0031501700128398727,0.01867231414671328,0.009330310627305943,3,3,1,0.0038958997909254232,0.0026323792283608734,1.0178128480911255
LR_a0p1_q0,5000000,4,6,72,False,0.05,1,-3.8807335274340056,0,0.9968068279367159,0.9968068279366982,4.440892098500626e-16,0.04998482711383029,-0.049984827113830343,-0.0001444857169950077,0.0001444857169948839,0.004497495823855562,0.004496919359982476,0,0,0,0.0005653870399103617,0.00046766177096801563,1.7420037984848022
LR_a0p1_q0,5000000,4,7,71,False,0.05,1,-4.4099154689025415,0,0.9977882889363521,0.9977882889363521,0.0,0.04999059587371202,-0.04999059587371202,-0.00010118142689477291,0.00010118142689406614,0.0020664394548937422,0.001957622094636968,0,1,0,0.0007084582569456486,0.0005568386965769256,-1.371431827545166
LR_a0p1_q0,5000000,4,8,71,False,0.05,1,-4.004770039548613,0,0.9988998404431282,0.9988998404431193,0.0,0.04999499814493141,-0.04999499814493141,-5.000612277508328e-05,5.000612277496532e-05,0.0030417807110809983,0.0030411823451765596,0,0,0,0.00027609016066808023,0.000252167597909308,-1.000185489654541
LR_a0p1_q0,5000000,4,9,72,False,0.05,1,-3.7466377073123946,0,0.9998317976787163,0.9998317976787163,0.0,0.04999919712469175,-0.04999919712469175,-7.607240755738204e-06,7.607240755998761e-06,0.0010595911567694066,0.0010594815564105337,0,0,0,0.00013984001322210924,0.00010044872525557396,0.40071818232536316
LR_a0p1_q0,5000000,4,0,72,False,0.05,2,-6.80992122845286,0,0.9937144534113251,0.9937149095945053,-1.1404579502993784e-08,0.04996897505866882,-0.04996897722629845,-0.0002832523881014789,0.0002832317465743972,0.0037661221268536723,0.003765190631183678,0,0,0,0.0008853829086150319,0.0007853332117021926,2.1053149700164795
LR_a0p1_q0,5000000,4,1,72,False,0.05,2,-3.2477370620846813,0,0.9986671095830779,0.9986671543230319,-1.1184990711399223e-09,0.049993637752462766,-0.04999363796601869,-6.0282273308836625e-05,6.0280249867281466e-05,0.004795180687472611,0.0018410903510456145,0,1,0,0.00024009279069793916,0.00040767274905569885,0.9166287183761597
LR_a0p1_q0,5000000,4,2,72,False,0.05,2,-3.033879723288358,2,0.9954334593149383,0.9954335950719084,-3.393924252748093e-09,0.04997864699156462,-0.04997864764195684,-0.00020697402581730046,0.00020696788836185924,0.02004211047066097,0.020041858797209124,2,2,2,0.0005773290780938324,0.0007145016185722366,1.7026784420013428
LR_a0p1_q0,5000000,4,3,71,False,0.05,2,-4.271307052800918,0,0.9997905040697042,0.9997904680147585,9.013731983031903e-10,0.049998870856791555,-0.04999887067602393,-9.345653306521058e-06,9.347275285853192e-06,0.0008077487352175061,0.000807838238488224,0,0,0,0.00013537184015809816,0.00016698774649056598,-0.3780352771282196
LR_a0p1_q0,5000000,4,4,72,False,0.05,2,-3.0077068062549372,2,0.9992341162667895,0.9992341403032157,-6.009104325244152e-10,0.049995860847576346,-0.04999586097747907,-3.4155034236892734e-05,3.415396231895392e-05,0.008858087148690151,0.00855293517488013,2,3,2,0.0003263831215132237,0.0002532699636507638,0.7177202105522156
LR_a0p1_q0,5000000,4,5,72,False,0.05,2,-1.7400167466562086,2,0.8985983882386162,1.0692551749180046,-0.0042664196669846,0.049493501835430914,-0.05034573080029253,-0.00456358242350022,-0.0031170279456074865,0.0153986787988458,0.008814780363879386,3,3,1,0.003740988694066918,0.0023890616534058533,1.0178128480911255
LR_a0p1_q0,5000000,4,6,72,False,0.05,2,-3.8807335274340056,0,0.9953037086240357,0.9953040431609672,-8.363423287249816e-09,0.04997768479334813,-0.04997768638295591,-0.00021249936214667384,0.00021248422490678583,0.002829341746668781,0.002830187994460431,0,0,0,0.0008190984442885152,0.0006170344126250774,1.7420037984848022
LR_a0p1_q0,5000000,4,7,71,False,0.05,2,-4.4099154689025415,0,0.9985126059638816,0.9985127759602719,-4.249909757447767e-09,0.04999384258465145,-0.04999384334665069,-6.821228645759292e-05,6.820454863729205e-05,0.003065681847090563,0.0028720650729356007,0,1,0,0.0005578469367742188,0.00043309495765195055,-1.371431827545166
LR_a0p1_q0,5000000,4,8,71,False,0.05,2,-4.004770039548613,0,0.9982910250011123,0.9982911854119436,-4.010271226206896e-09,0.049991793126658524,-0.04999179397111725,-7.724187660182421e-05,7.723470052090574e-05,0.00176950164617704,0.0017689164880633152,0,0,0,0.00044820073085366947,0.00037923432192857017,-1.000185489654541
LR_a0p1_q0,5000000,4,9,72,False,0.05,2,-3.7466377073123946,0,0.9997409067022023,0.999740916467946,-2.4414381627479997e-10,0.049998743593447026,-0.0499987436421766,-1.1698258337248873e-05,1.1697818779074943e-05,0.0006111227404005485,0.0006109899119869131,0,0,0,0.00018972181991326397,0.0001416825874158973,0.40071818232536316
LR_a0p1_q0,5000000,4,0,72,False,0.05,5,-6.80992122845286,0,0.9927124823461853,0.9927127081960485,-5.646246137303024e-09,0.04996343327722019,-0.04996343436782169,-0.0003278091599101668,0.00032779895802045547,0.0022327842189500432,0.0022314279070623274,0,0,0,0.0009945036604106562,0.0008847236819274787,2.1053149700164795
LR_a0p1_q0,5000000,4,1,72,False,0.05,5,-3.2477370620846813,0,0.9984920077493609,0.9984920782812434,-1.7632970639169798e-09,0.0499928661868867,-0.049992866508166145,-6.826579941808064e-05,6.82625941046452e-05,0.004561775453538838,0.001446927932479795,0,1,0,0.000290256821325192,0.00043682395121543474,0.9166287183761597
LR_a0p1_q0,5000000,4,2,72,False,0.05,5,-3.033879723288358,2,0.7421629873570446,0.7421964816324511,-8.373568851638424e-07,0.04871715655393861,-0.04871732370141045,-0.011609007186086113,0.011607499619788183,0.01988412918829795,0.019903796663783672,2,2,2,0.006455063836509532,0.0030324174748674205,1.7026784420013428
LR_a0p1_q0,5000000,4,3,71,False,0.05,5,-4.271307052800918,0,0.9997134251500306,0.9997133841832806,1.0241691938972508e-09,0.049998521012256214,-0.04999852083255474,-1.2849754754742366e-05,1.285162339114179e-05,0.0005981308179990259,0.0005984143934669138,0,0,0,0.000159037012471288,0.0002113461943645558,-0.3780352771282196
LR_a0p1_q0,5000000,4,4,72,False,0.05,5,-3.0077068062549372,2,0.9988950884535885,0.9988952648325444,-4.409474119171364e-09,0.04999417099439482,-0.04999417187422192,-4.941657171524839e-05,4.9408632594961676e-05,0.008507872919873169,0.008185512052884725,2,3,2,0.00040741867139626134,0.0003555016442570279,0.7177202105522156
LR_a0p1_q0,5000000,4,5,72,False,0.05,5,-1.7400167466562086,2,0.9007186504687104,1.0684033890263844,-0.004192118463941963,0.04950341498492389,-0.05034174622051943,-0.004467482461488396,-0.0030784232307997043,0.013254662521395797,0.008598838063903538,3,3,1,0.0036470732471295475,0.002260440188835182,1.0178128480911255
LR_a0p1_q0,5000000,4,6,72,False,0.05,5,-3.8807335274340056,0,0.9947726231114462,0.9947739896922858,-3.416452099003209e-08,0.04997488763758051,-0.049974894287435345,-0.00023625648200837474,0.00023619480282092246,0.0023472446926448725,0.002341770503972082,0,0,0,0.0008677580842637256,0.0006525630233942529,1.7420037984848022
LR_a0p1_q0,5000000,4,7,71,False,0.05,5,-4.4099154689025415,0,0.9993341446068627,0.9993343097242224,-4.12793355053509e-09,0.04999656550106757,-0.049996566346860005,-2.9858270724364307e-05,2.985086064945395e-05,0.005818964680548872,0.00558250233478471,0,1,0,0.00020082775908746535,0.00013926279689230038,-1.371431827545166
LR_a0p1_q0,5000000,4,8,71,False,0.05,5,-4.004770039548613,0,0.9977361426661346,0.9977365736274635,-1.0774033221139234e-08,0.04998894470751852,-0.04998894688200756,-0.00010213757421324174,0.00010211820063274958,0.0007751325879663212,0.0007747904647683992,0,0,0,0.0005771104515133258,0.0004907745960741146,-1.000185489654541
LR_a0p1_q0,5000000,4,9,72,False,0.05,5,-3.7466377073123946,0,0.9996581103441926,0.9996581531842086,-1.0710006215219892e-09,0.04999834077389376,-0.04999834098324957,-1.5435256684040942e-05,1.543332403986213e-05,0.00026962409320092635,0.0002695821390246354,0,0,0,0.00024062038498187373,0.00017842062144946395,0.40071818232536316
LR_a0p1_q0,5000000,4,0,72,False,0.05,10,-6.80992122845286,0,0.992088437808416,0.992089075452327,-1.5941097331051424e-08,0.04996034383484427,-0.0499603469237877,-0.000355921944424385,0.0003558931511711338,0.0016122626420422977,0.0016100895201682525,0,0,0,0.0010542164921654865,0.0009089366880378024,2.1053149700164795
LR_a0p1_q0,5000000,4,1,72,False,0.05,10,-3.2477370620846813,0,0.9979377401581147,0.997938033118384,-7.324006734421573e-09,0.04999015775593099,-0.049990159129286504,-9.327074802492455e-05,9.325747336789696e-05,0.004093796652395264,0.0005681491797042397,0,1,0,0.0004311309309190699,0.0005487424753696328,0.9166287183761597
LR_a0p1_q0,5000000,4,2,72,False,0.05,10,-3.033879723288358,2,0.752473774420972,0.7525457137081748,-1.7984821800709483e-06,0.04876840903938764,-0.048768767287926396,-0.011144720318338996,0.011141481602517968,0.01255923345313504,0.012574543652739094,2,2,2,0.005967625124946021,0.0023769984394203243,1.7026784420013428
LR_a0p1_q0,5000000,4,3,71,False,0.05,10,-4.271307052800918,0,0.9996352694387411,0.9996352512993667,4.5348436117365054e-10,0.04999810829375129,-0.04999810819234929,-1.6344821813528732e-05,1.6345627380899612e-05,0.0004858271148979186,0.00048555345550470747,0,0,0,0.00015044601224815322,0.00019778111010960116,-0.3780352771282196
LR_a0p1_q0,5000000,4,4,72,False,0.05,10,-3.0077068062549372,2,0.998776744389831,0.9987769656924872,-5.532566405008765e-09,0.049993565457791184,-0.049993566580293636,-5.47282382989195e-05,5.471829566928838e-05,0.008371407117028397,0.008056501984738458,2,3,2,0.0004235342062517521,0.00038815853433706114,0.7177202105522156
LR_a0p1_q0,5000000,4,5,72,False,0.05,10,-1.7400167466562086,2,0.9038439722292635,1.0685641553743874,-0.004118004578628209,0.04951800138632617,-0.05034220802575451,-0.004325802774862818,-0.0030859997429647616,0.01102235172884692,0.008718688478541825,3,3,1,0.0029480338160145095,0.0015593776292727023,1.0178128480911255
LR_a0p1_q0,5000000,4,6,72,False,0.05,10,-3.8807335274340056,0,0.9927303008902388,0.9927316235130945,-3.3065571614088185e-08,0.04996436113363828,-0.04996436758057565,-0.00032784608912616507,0.0003277864049214793,0.0016548599366434439,0.0016239170681610052,0,0,0,0.0010546484323565083,0.0008427004737043631,1.7420037984848022
LR_a0p1_q0,5000000,4,7,71,False,0.05,10,-4.4099154689025415,0,0.9968809750195007,0.9968812382064307,-6.5796736947731915e-09,0.04998473162407269,-0.04998473309816964,-0.0001406828730970693,0.00014067118784869665,0.0021310219930959517,0.0021302355368465887,0,1,0,0.0007943990422598752,0.0006258997171469215,-1.371431827545166
LR_a0p1_q0,5000000,4,8,71,False,0.05,10,-4.004770039548613,0,0.9976388319435436,0.9976393936292638,-1.4042143448023126e-08,0.04998838922894833,-0.04998839205362632,-0.00010644763177145437,0.00010642237216280947,0.0006329629484998411,0.0006326930840685921,0,0,0,0.0005861111538418144,0.0005140423746400018,-1.000185489654541
LR_a0p1_q0,5000000,4,9,72,False,0.05,10,-3.7466377073123946,0,0.9996076114574759,0.9996076754130456,-1.5988894652707586e-09,0.04999808704366282,-0.049998087356122156,-1.7706470789425005e-05,1.7703585468841877e-05,0.00030774842989787673,0.0003076944599722047,0,0,0,0.000259021507930717,0.00020091612005803696,0.40071818232536316
LR_a0p1_q0,5000000,4,0,72,False,0.05,20,-6.80992122845286,0,0.9920753482467148,0.9920764312496289,-2.707507285037991e-08,0.04995989143270363,-0.049959896850541696,-0.00035612402036785463,0.0003560752880607144,0.001169742955176534,0.001169030757414813,0,0,0,0.0010624971969744295,0.0008783208454086999,2.1053149700164795
LR_a0p1_q0,5000000,4,1,72,False,0.05,20,-3.2477370620846813,0,0.9980401158655905,0.9980404208526483,-7.624676445772138e-09,0.049990693158098426,-0.04999069454673716,-8.86873648189839e-05,8.867350410499234e-05,0.004186950058095278,0.0006036306684120744,0,1,0,0.0003975827598006001,0.0005210210007083638,0.9166287183761597
LR_a0p1_q0,5000000,4,2,72,False,0.05,20,-3.033879723288358,2,0.7560585013237109,0.756124978684074,-1.6619340090784362e-06,0.04878742302053478,-0.048787756012561474,-0.010984497954348383,0.010981507078357836,0.012159935204796643,0.01217648112563173,2,2,2,0.005337446872054529,0.00176662167473928,1.7026784420013428
LR_a0p1_q0,5000000,4,3,71,False,0.05,20,-4.271307052800918,0,0.9995450941030981,0.999545061920486,8.045653032695554e-10,0.0499976663056978,-0.04999766612151979,-2.0411600542532246e-05,2.041302549535401e-05,0.00018557483780897336,0.0001854594978674494,0,0,0,0.0001833008072491437,0.0002452762120801581,-0.3780352771282196
LR_a0p1_q0,5000000,4,4,72,False,0.05,20,-3.0077068062549372,2,0.6640813512922783,0.9986865328491934,-0.008365129538922655,0.04841240142530434,-0.049993186837541254,-0.015208333860689819,5.886019508180944e-05,0.005397363542225245,0.008015704567617786,2,3,2,0.005350327020411762,0.0004675632446548126,0.7177202105522156
LR_a0p1_q0,5000000,4,5,72,False,0.05,20,-1.7400167466562086,2,0.9027076897477926,1.0684048424097448,-0.004142428816548804,0.04951273547112495,-0.05034140621427449,-0.004377350983735112,-0.00307883590621294,0.010452350183933779,0.008682814134534289,2,3,1,0.002842331124581191,0.0013840219456472827,1.0178128480911255
LR_a0p1_q0,5000000,4,6,72,False,0.05,20,-3.8807335274340056,0,0.9925208937572894,0.9925221939378304,-3.2504513747255714e-08,0.049961620987111655,-0.04996162768474144,-0.0003355762992472576,0.00033551798785023913,0.0007379282796557003,0.0007283203887453141,0,0,0,0.0010260797092269162,0.0008563827858588021,1.7420037984848022
LR_a0p1_q0,5000000,4,7,71,False,0.05,20,-4.4099154689025415,0,0.9972652277916616,0.9972653158933298,-2.202542148665998e-09,0.04998613044151379,-0.04998613126343454,-0.00012286905192973631,0.00012286546876871422,0.0015197487476890231,0.0011477645570324207,0,1,0,0.0006917421772444686,0.0004926472130582559,-1.371431827545166
LR_a0p1_q0,5000000,4,8,71,False,0.05,20,-4.004770039548613,0,0.997508976673096,0.9975097068497796,-1.82544166449361e-08,0.049987932586686434,-0.049987936148198076,-0.0001124837530315128,0.00011245080570965456,0.0005165741340332039,0.0005164365798367304,0,0,0,0.0005755178180353184,0.0005372404413702818,-1.000185489654541
LR_a0p1_q0,5000000,4,9,72,False,0.05,20,-3.7466377073123946,0,0.9996250934581941,0.999625159735329,-1.656928372284483e-09,0.04999815781600375,-0.0499981581371961,-1.690314309385093e-05,1.690015042917649e-05,0.0002077006344737248,0.00020765746450294116,0,0,0,0.0002374229716376641,0.00019365426137890027,0.40071818232536316
LR_a0p1_q0,5000000,4,0,72,False,0.05,50,-6.80992122845286,0,0.9906878962974197,0.9906909357766303,-7.598698026356487e-08,0.049954511198395335,-0.04995452535558498,-0.00042011638352350153,0.0004199785667540586,0.0007330222852151042,0.000687586068179779,0,0,0,0.0011142905120034177,0.0009753598883001986,2.1053149700164795
LR_a0p1_q0,5000000,4,1,72,False,0.05,50,-3.2477370620846813,0,0.9978453778900587,0.997845762903955,-9.625347630048964e-09,0.049989640457165474,-0.04998964222353236,-9.737156266263404e-05,9.735407833449e-05,0.004147135478202257,0.00031819575249168226,0,1,0,0.00042662749201329844,0.0005354981982586188,0.9166287183761597
LR_a0p1_q0,5000000,4,2,72,False,0.05,50,-3.033879723288358,2,0.6161895711679133,0.6159367653301917,6.320145943039535e-06,0.048091900169798106,-0.04809063577554186,-0.017282421611402417,0.017293797509032368,0.011865538816575857,0.011880976682014082,2,2,2,0.008040581304104516,0.0028144446087033023,1.7026784420013428
LR_a0p1_q0,5000000,4,3,71,False,0.05,50,-4.271307052800918,0,0.9994895045564434,0.9994894859668513,4.6473935810809053e-10,0.04999730812713987,-0.04999730776768341,-2.283289931857499e-05,2.283346934028045e-05,0.00013658877267028568,0.00013659357856856942,0,0,0,0.00018965400165519907,0.00025308660173625,-0.3780352771282196
LR_a0p1_q0,5000000,4,4,72,False,0.05,50,-3.0077068062549372,2,0.6641253814470893,1.0004584491978274,-0.008408326693768675,0.04841192918456194,-0.05000253155764972,-0.015205660112208183,-2.0390902242180042e-05,0.0054641404389109425,0.009898428627762357,2,2,2,0.005315740090094039,0.000364910274473138,0.7177202105522156
LR_a0p1_q0,5000000,4,5,72,False,0.05,50,-1.7400167466562086,2,0.808533105848146,1.0049044702359344,-0.0049092841096947115,0.049032038709278,-0.04999919331102501,-0.008605383416870577,-0.00024603020077142883,0.008598073699866059,0.006694783254912676,3,3,1,0.00534348510076531,0.002443215150734018,1.0178128480911255
LR_a0p1_q0,5000000,4,6,72,False,0.05,50,-3.8807335274340056,0,0.9918293634092379,0.9915307472048429,7.4654051100964125e-06,0.04995758813529244,-0.04995613375489255,-0.00036611996483042273,0.0003795963946501003,0.0004978064411411343,0.000616434442686767,0,0,0,0.0010285874334782783,0.0009508617306190997,1.7420037984848022
LR_a0p1_q0,5000000,4,7,71,False,0.05,50,-4.4099154689025415,0,1.0876610211368565,0.9967142206488333,0.0022736700122010234,0.050413606526582666,-0.049982303342152035,0.003969444530261048,0.00014659230971106473,0.0026452803456670335,0.0011748401697519338,0,1,0,0.0015509505474240325,0.0006209619203366963,-1.371431827545166
LR_a0p1_q0,5000000,4,8,71,False,0.05,50,-4.004770039548613,0,0.9972325227193402,0.9972335154406942,-2.4818033850237953e-08,0.04998666105206212,-0.04998666573645255,-0.00012503491609498334,0.00012498996441844215,0.00040305282179318574,0.0004030747384748477,0,0,0,0.0005569563222224854,0.0005985599177324153,-1.000185489654541
LR_a0p1_q0,5000000,4,9,72,False,0.05,50,-3.7466377073123946,0,0.9995989157243557,0.9995989859865695,-1.756555345622246e-09,0.0499980145086697,-0.04999801484653854,-1.8068722452155368e-05,1.806554720975331e-05,0.00014856430637035257,0.00014853995866198903,0,0,0,0.00022570681137698206,0.00020562000815062072,0.40071818232536316
LR_a0p1_q0,5000000,4,0,72,False,0.05,100,-6.80992122845286,0,0.9846249262639972,0.9907778524765121,-0.00015382315531287105,0.0499276581050202,-0.049953730081080616,-0.0006964117918199959,0.0004148374572547134,0.002590559700859005,0.0015223942398641633,0,0,0,0.0018721328978580452,0.001567988575178249,2.1053149700164795
LR_a0p1_q0,5000000,4,1,72,False,0.05,100,-3.2477370620846813,0,0.8068507690065907,0.9977438364830338,-0.004772326686911299,0.0490355991004047,-0.04998904287380557,-0.008693060650075387,0.0001018510496536863,0.003209564366998009,0.00018202914421825762,0,1,0,0.0035299187940930434,0.001426126669404058,0.9166287183761597
LR_a0p1_q0,5000000,4,2,72,False,0.05,100,-3.033879723288358,2,0.42843440582917225,0.43723258244242835,-0.00021995441533162463,0.04713623803943055,-0.047179793317915185,-0.02571451774797182,0.02531816419579404,0.00905672272114689,0.009536447615011361,2,2,2,0.011843113515810558,0.003565905206463401,1.7026784420013428
LR_a0p1_q0,5000000,4,3,71,False,0.05,100,-4.271307052800918,0,0.999398291988971,0.99939841385984,-3.0467717238025216e-09,0.049996795705686825,-0.04999679587805883,-2.688110623866186e-05,2.6875185067315594e-05,9.30367379505837e-05,9.325398132164326e-05,0,0,0,0.0002025716981369531,0.00027230941540857016,-0.3780352771282196
LR_a0p1_q0,5000000,4,4,72,False,0.05,100,-3.0077068062549372,2,-0.18714047507819132,0.9526350521048421,-0.028494388179575836,0.04439172929118715,-0.049761762413806115,-0.05374875304509611,0.002130009808563591,0.0024687951645768194,0.007400847620545259,2,2,2,0.01907862113765952,0.000867355379870366,0.7177202105522156
LR_a0p1_q0,5000000,4,5,72,False,0.05,100,-1.7400167466562086,2,0.6433527607476952,0.7264469471201718,-0.002077354659312025,0.048209450317675345,-0.04861014066254832,-0.016041812280290415,0.012287793306539717,0.006085288755989306,0.005447863327089083,1,3,1,0.007185118454751365,0.0033591749659781446,1.0178128480911255
LR_a0p1_q0,5000000,4,6,72,False,0.05,100,-3.8807335274340056,0,0.9916492586526271,0.9916907044281587,-1.036144388066873e-06,0.04995683148773167,-0.04995707677396549,-0.00037436855509984167,0.00037254155255685584,0.0003725385863894752,0.0003482808532597713,0,0,0,0.0009981968859329828,0.0009615583725460815,1.7420037984848022
LR_a0p1_q0,5000000,4,7,71,False,0.05,100,-4.4099154689025415,0,1.0411746263800836,0.9960313212919125,0.0011285826272038335,0.05019060687263166,-0.04997815057486543,0.0018681244463730523,0.0001765845102710487,0.00143123840459693,0.0006563610851619381,0,1,0,0.0012584741786738777,0.0009311639075469191,-1.371431827545166
LR_a0p1_q0,5000000,4,8,71,False,0.05,100,-4.004770039548613,0,0.9971330870379003,0.9971340353081537,-2.3706756557828612e-08,0.04998620136734594,-0.049986205858555066,-0.0001295470154516994,0.0001295040931464128,0.0002670816982921369,0.00026704191703803707,0,0,0,0.0005241575131091218,0.0006098337937892394,-1.000185489654541
LR_a0p1_q0,5000000,4,9,72,False,0.05,100,-3.7466377073123946,0,0.9995841686554652,0.9995842600537408,-2.2849566683191824e-09,0.04999793485616394,-0.049997935299063434,-1.87264233910005e-05,1.872229637674596e-05,0.00012239400983469893,0.00012236200957682533,0,0,0,0.0002092337625661007,0.00021327464361001576,0.40071818232536316
LR_a0p1_q0,5000000,4,0,72,False,0.05,200,-6.80992122845286,0,0.987357629975687,0.9900095938987086,-6.629909807553958e-05,0.04993956889696283,-0.04995069051898582,-0.00057168739817794,0.00045021082404872735,0.0007234311222750789,0.0007670107553197165,0,0,0,0.0012738439804238601,0.0012937942300640002,2.1053149700164795
LR_a0p1_q0,5000000,4,1,72,False,0.05,200,-3.2477370620846813,0,0.7837458456126178,0.9976176282712856,-0.005346794566466695,0.048920536688364435,-0.04998834654129042,-0.009733244407733616,0.00010746512772581844,0.0017476765853148626,0.00013180719658854333,0,1,0,0.0037226206352934167,0.0011131578730155136,0.9166287183761597
LR_a0p1_q0,5000000,4,2,72,False,0.05,200,-3.033879723288358,2,0.34807946956736835,0.3073615530436147,0.0010179479130938418,0.04671678029453925,-0.046514123320547315,-0.029312806816170434,0.031146045668366727,0.0034448976279102066,0.0032138381889679963,2,2,2,0.012231163203323235,0.0030295957026058363,1.7026784420013428
LR_a0p1_q0,5000000,4,3,71,False,0.05,200,-4.271307052800918,0,0.9992557704352478,0.9992554959102229,6.86312517927945e-09,0.04999599538678601,-0.049995993553571316,-3.320686502327361e-05,3.3218758060360835e-05,6.377394305663968e-05,6.398427725808933e-05,0,0,0,0.0002185832896550037,0.00030153803595643256,-0.3780352771282196
LR_a0p1_q0,5000000,4,4,72,False,0.05,200,-3.0077068062549372,2,-0.16075405339297966,0.8101581425658999,-0.024272804898971767,0.044525989008002864,-0.04901388896308573,-0.052563691677651805,0.008505981834791024,0.0016871090261747317,0.005544695795238629,2,2,2,0.018629947292278903,0.0011628177904753217,0.7177202105522156
LR_a0p1_q0,5000000,4,5,72,False,0.05,200,-1.7400167466562086,2,0.3315487255959093,0.6395123013279447,-0.007699089393300884,0.04666012357457766,-0.04815470459826199,-0.030082687294782355,0.016179089531864775,0.0028875620680737656,0.002562819406579886,1,3,1,0.010963986995325525,0.002774207788170288,1.0178128480911255
LR_a0p1_q0,5000000,4,6,72,False,0.05,200,-3.8807335274340056,0,0.9914378097396348,0.9913475029246044,2.257670375982457e-06,0.049956243730066296,-0.0499557926894974,-0.00038435324308433417,0.000388417543266732,0.00035945519516026003,0.00038447956566226027,0,0,0,0.0009350070114124273,0.0009855789189327003,1.7420037984848022
LR_a0p1_q0,5000000,4,7,71,False,0.05,200,-4.4099154689025415,0,0.9197970890693519,0.9946727260896537,-0.0018718909255071026,0.04961525331122141,-0.04997066951060847,-0.003625398857753397,0.0002370332061258512,0.0006801900516204317,0.0013359395241598802,0,0,0,0.0015905916331639602,0.0007895653910489437,-1.371431827545166
LR_a0p1_q0,5000000,4,8,71,False,0.05,200,-4.004770039548613,0,0.9968040010204593,0.996920454397241,-2.911334419763989e-06,0.049984407533716635,-0.04998505826363736,-0.00014420748269426887,0.00013903554377488024,0.00028264874869248,0.00015759812647047624,0,0,0,0.000720228967974153,0.0006689976486612832,-1.000185489654541
LR_a0p1_q0,5000000,4,9,72,False,0.05,200,-3.7466377073123946,0,0.9995271399931127,0.9995272640728725,-3.101993772958167e-09,0.049997651563080225,-0.04999765216435387,-2.1294563423658792e-05,2.128896071073324e-05,8.210794006476508e-05,8.20898270204323e-05,0,0,0,0.00021450963236702774,0.00024333307203550084,0.40071818232536316
LR_a0p1_q0,5000000,4,0,72,False,0.05,500,-6.80992122845286,0,0.9881412615102114,0.9884380755768163,-7.4203516646775824e-06,0.0499429228587146,-0.04994459389749517,-0.0005358597832034941,0.0005226901186540124,0.00016388542768575406,0.00017610078246536566,0,0,0,0.0011147732477923967,0.0011901561457680258,2.1053149700164795
LR_a0p1_q0,5000000,4,1,72,False,0.05,500,-3.2477370620846813,0,0.5670080074252315,0.9975178680234897,-0.010762746514956678,0.04783867081984283,-0.04998784366854758,-0.0194882704485817,0.00011195026737239824,0.0005071166953208137,6.326320475663788e-05,0,1,0,0.007047926575856199,0.0009322060505841482,0.9166287183761597
LR_a0p1_q0,5000000,4,2,72,False,0.05,500,-3.033879723288358,2,0.26372781542042034,0.2136511763283977,0.0012519159773005661,0.04627546289332399,-0.0460329446011506,-0.0330890721223039,0.03535038578472989,0.0033653297707014634,0.0011918661607797014,2,2,2,0.013046415769592916,0.0030160782837250384,1.7026784420013428
LR_a0p1_q0,5000000,4,3,71,False,0.05,500,-4.271307052800918,0,0.9988777451936848,0.9988777631811274,-4.496865102510128e-10,0.049994034506937735,-0.04999403434467764,-5.0147247253024146e-05,5.014618562203815e-05,2.2561375460959215e-05,2.2549037334898587e-05,0,0,0,0.00021847513462477572,0.0002964079632034418,-0.3780352771282196
LR_a0p1_q0,5000000,4,4,72,False,0.05,500,-3.0077068062549372,2,-0.11757064231313841,0.6413050363297845,-0.018971891966073073,0.04474519227569548,-0.048143957596369025,-0.05062372439135262,0.016078705779879455,0.0009341242059645445,0.00227186410013344,3,2,2,0.01789379530475034,0.0013838074187332789,0.7177202105522156
LR_a0p1_q0,5000000,4,5,72,False,0.05,500,-1.7400167466562086,2,0.2049338632995923,0.2973202455382751,-0.0023096595559670696,0.04602792909642056,-0.04644121698451409,-0.03578123593144085,0.03157520470760064,0.0015848961317132114,0.0021953687684993315,1,1,1,0.01241221618539038,0.0018045959020740886,1.0178128480911255
LR_a0p1_q0,5000000,4,6,72,False,0.05,500,-3.8807335274340056,0,0.9905808512780911,0.9905322970277997,1.2138562572872047e-06,0.049951689217767825,-0.049951389374488564,-0.0004226466538635496,0.0004247745230982905,0.00012533019614917247,0.00011779159222970618,0,0,0,0.0009639403735980423,0.001097600435631813,1.7420037984848022
LR_a0p1_q0,5000000,4,7,71,False,0.05,500,-4.4099154689025415,0,0.9193807256361985,0.9936567019359543,-0.001856899407494339,0.04961347409895833,-0.04996461866009272,-0.003644437817149235,0.0002817835632938951,0.0002094680791885368,0.0011445777434323618,0,0,0,0.0014500933254982698,0.0007899638396941665,-1.371431827545166
LR_a0p1_q0,5000000,4,8,71,False,0.05,500,-4.004770039548613,0,0.9967300338669371,0.9968416998616547,-2.791649867717183e-06,0.049983741371758206,-0.04998444382893713,-0.00014723967841184966,0.0001423588358539904,0.00011750103090126086,8.369043042685114e-05,0,0,0,0.0006570569528328413,0.0006722606730298336,-1.000185489654541
LR_a0p1_q0,5000000,4,9,72,False,0.05,500,-3.7466377073123946,0,0.9994958300689749,0.9994959766346145,-3.6641409906224e-09,0.04999750949376269,-0.04999751019516646,-2.2717990312611463e-05,2.2711363436275974e-05,2.716633613946254e-05,2.7166574675334575e-05,0,0,0,0.00021270375552817777,0.000257719799654561,0.40071818232536316
LR_a0p1_q0,5000000,4,0,72,False,0.05,1000,-6.80992122845286,0,0.9877784626982589,0.9877261773091384,1.307134727568382e-06,0.04994072240979863,-0.04994033842127332,-0.0005517992748859859,0.0005540295558154873,0.00029850383201978037,0.00036726968922898973,0,0,0,0.0012585954894775383,0.0012579725828788411,2.1053149700164795
LR_a0p1_q0,5000000,4,1,72,False,0.05,1000,-3.2477370620846813,0,0.4685348247316856,0.9974650543722685,-0.013223255741014572,0.047347829230952015,-0.04998755351158707,-0.02392108799436704,0.00011430079297384461,0.00036239731029280315,4.0662195370005924e-05,0,0,0,0.008452099155798223,0.0005473287558599144,0.9166287183761597
LR_a0p1_q0,5000000,4,2,72,False,0.05,1000,-3.033879723288358,2,0.1458565869176187,0.22688701935678068,-0.002025760810978827,0.04569449477948107,-0.0460911459567367,-0.038401665433599824,0.03474679498889796,0.0036328532006186624,0.0032236076164853856,2,2,2,0.015094618485417688,0.0024508552731159865,1.7026784420013428
LR_a0p1_q0,5000000,4,3,71,False,0.05,1000,-4.271307052800918,0,0.9983636394567519,0.9983635771131816,1.5585888135660753e-09,0.04999152110808991,-0.04999152049524458,-7.333913525184722e-05,7.334163958575739e-05,1.8425036718889496e-05,1.8549735003718338e-05,0,0,0,0.0002258542551770899,0.0003076859260481463,-0.3780352771282196
LR_a0p1_q0,5000000,4,4,72,False,0.05,1000,-3.0077068062549372,2,0.1524923972612946,0.21280546461248662,-0.0015078266837798004,0.045993219906006105,-0.04615458997103128,-0.03836860004294186,0.035514316740406796,0.001665708494185132,0.001318113278013673,2,2,2,0.013507535053508015,0.0009013399088069719,0.7177202105522156
LR_a0p1_q0,5000000,4,5,72,False,0.05,1000,-1.7400167466562086,2,0.26403439463691836,0.3220880139218041,-0.0014513404821221432,0.04630449505984843,-0.04657145593916717,-0.033102775328002605,0.030467055243077305,0.0009122559236714518,0.00041593068788483965,1,1,1,0.011612905817203315,0.0013315695453625874,1.0178128480911255
LR_a0p1_q0,5000000,4,6,72,False,0.05,1000,-3.8807335274340056,0,0.9901519195824715,0.9902158337706268,-1.597854703661028e-06,0.04994934220009478,-0.04994965416149699,-0.00044174622097130535,0.00043886247296552627,6.077354311899112e-05,5.9761851488150726e-05,0,0,0,0.0009930087674031886,0.001147774454851723,1.7420037984848022
LR_a0p1_q0,5000000,4,7,71,False,0.05,1000,-4.4099154689025415,0,0.9172146880925425,0.9946667918195295,-0.0019363025931742328,0.049601982348278284,-0.0499705379808717,-0.0037412479436512926,0.0002371983898948337,0.00046522673206078683,0.0004004566539388919,0,0,0,0.002045563756340659,0.0011542622827870846,-1.371431827545166
LR_a0p1_q0,5000000,4,8,71,False,0.05,1000,-4.004770039548613,0,0.9969278876999965,0.9966997439235392,5.703594411876622e-06,0.04998476176364469,-0.04998346532225778,-0.00013836737864492647,0.0001484781260810086,0.00024263835235386393,7.577417493630987e-05,0,0,0,0.0007943589471669893,0.0007312552388544875,-1.000185489654541
LR_a0p1_q0,5000000,4,9,72,False,0.05,1000,-3.7466377073123946,0,0.999480987443393,0.9993895897259009,2.284942937080814e-06,0.0499974338051255,-0.0499970099407101,-2.3384432955858114e-05,2.753045441542507e-05,1.4284394941835506e-05,0.00015701215864075507,0,0,0,0.00021427661659600503,0.00026484762493210625,0.40071818232536316
LR_a0p1_q0,5000000,4,0,72,False,0.05,2000,-6.80992122845286,0,0.987773798415823,0.9875782686933476,4.888243061884623e-06,0.049940302502691214,-0.049939930306250324,-0.0005516125818989893,0.0005610168715842125,0.00011007743542117272,8.92902820017481e-05,0,0,0,0.001139942056475399,0.001245742477554457,2.1053149700164795
LR_a0p1_q0,5000000,4,1,72,False,0.05,2000,-3.2477370620846813,0,0.46849061137977266,0.9974623312520947,-0.013224292996808273,0.04734775162022195,-0.04998751117571271,-0.023923221051233387,0.00011439461310805451,0.00020147604172381304,5.126773624916109e-05,0,0,0,0.008413995185012475,0.00038196662960416586,0.9166287183761597
LR_a0p1_q0,5000000,4,2,72,False,0.05,2000,-3.033879723288358,2,0.183141055407674,0.14303806648336526,0.0010025747231074966,0.045873098829567714,-0.04568728305605954,-0.03671604605918433,0.03853537973189112,0.0026851659566832255,0.00128553960124288,2,2,2,0.014638852076336776,0.003069362145001264,1.7026784420013428
LR_a0p1_q0,5000000,4,3,71,False,0.05,2000,-4.271307052800918,0,0.9971957558706102,0.9971954873912914,6.71198296942066e-09,0.04998584268525075,-0.049985841138281084,-0.0001260548917204844,0.00012606676871556297,1.599202559113834e-05,1.604038668448848e-05,0,0,0,0.00022301689100083332,0.0003035447287690621,-0.3780352771282196
LR_a0p1_q0,5000000,4,4,72,False,0.05,2000,-3.0077068062549372,2,0.0822139394051824,0.13486159627696281,-0.0013161914217945103,0.04563121946978674,-0.04578522208381655,-0.041520522499527854,0.03904214226996856,0.0012178087471427692,0.0054893668497937856,2,2,2,0.014522498473691251,0.0008359862279179748,0.7177202105522156
LR_a0p1_q0,5000000,4,5,72,False,0.05,2000,-1.7400167466562086,2,0.15741833456515142,0.31511188128175327,-0.003942338667914935,0.04577401607995496,-0.04653514014774554,-0.03790309935169754,0.030779546083657766,0.0003640591185969637,0.00013244833773340243,1,1,1,0.013114973288244966,0.0007897245152025069,1.0178128480911255
LR_a0p1_q0,5000000,4,6,72,False,0.05,2000,-3.8807335274340056,0,0.9900046214985014,0.9900323888183582,-6.941829964191015e-07,0.04994852354003154,-0.049948637995885725,-0.00044829246510697657,0.00044701855496739,2.959877855426585e-05,2.9751302966172837e-05,0,0,0,0.0009950906750746799,0.0011685487409645574,1.7420037984848022
LR_a0p1_q0,5000000,4,7,71,False,0.05,2000,-4.4099154689025415,0,0.9182700027077217,0.9945001969909484,-0.001905754857080666,0.049607084814074276,-0.049969083242804024,-0.0036935846786890084,0.00024407339325571104,0.00017901827450014814,0.00021249595502883674,0,0,0,0.0016152109415008289,0.0008922635836082933,-1.371431827545166
LR_a0p1_q0,5000000,4,8,71,False,0.05,2000,-4.004770039548613,0,0.9965943269929323,0.9958920093185775,1.7557941858648007e-05,0.04998268573378284,-0.04997941555200974,-0.00015296938413627043,0.00018481508608129363,5.7408936993002044e-05,0.0006619401203528611,0,0,0,0.0005435867074162827,0.0006920781747344808,-1.000185489654541
LR_a0p1_q0,5000000,4,9,72,False,0.05,2000,-3.7466377073123946,0,0.9994662568626644,0.9996805022767585,-5.356135352130309e-06,0.04999735464061583,-0.04999832966651563,-2.4041797482371476e-05,1.4304552678213306e-05,6.872307306106596e-06,0.00038190192772285603,0,0,0,0.0002158900645586533,0.00027186031236978305,0.40071818232536316
LR_a0p7_q0,200000,0,0,92,True,0.05,1,-0.005295081843467164,16,0.9996160798076026,0.9996160798076048,-5.551115123125783e-17,0.04999807515117252,-0.04999807515117252,-1.7271160792362295e-05,1.727116079234342e-05,0.0005034044835576,0.0005033611697395078,16,16,16,0.00026167343585882573,0.0007057637427598816,0.062045931816101074
LR_a0p7_q0,200000,0,1,43,True,0.05,1,-0.008192308921671207,14,0.999985317952832,0.999985317952837,-1.249000902703301e-16,0.049999930235820084,-0.04999993023582007,-6.64338178492781e-07,6.643381782573124e-07,0.0005392073732990324,0.0005008673092270785,14,22,8,3.358103985414112e-05,0.00021122869974337448,-0.016874589025974274
LR_a0p7_q0,200000,0,2,63,True,0.05,1,-0.00012267076027945578,16,0.9941862424798625,0.9941862424798537,2.185751579730777e-16,0.049973746897873844,-0.049973746897873844,-0.00026443477388088567,0.0002644347738808923,0.0041946493886632465,0.004227436284130205,16,16,16,0.0007808142646969402,0.0008460631752802595,-0.22914232313632965
LR_a0p7_q0,200000,0,3,99,True,0.05,1,0.013951748058811483,16,0.9999629359059853,0.9999629359059861,-2.0816681711721685e-17,0.04999979659931128,-0.04999979659931132,-1.6498040119378147e-06,1.649804012154081e-06,0.0008736253441715625,0.0008189104682014652,16,16,16,5.938442709097894e-05,0.0006848335195300977,0.020169317722320557
LR_a0p7_q0,200000,0,4,83,True,0.05,1,-0.00423825558040386,16,0.9988946245568475,0.9988946245568486,-3.122502256758253e-17,0.04999434424158322,-0.04999434424158322,-4.961301374075632e-05,4.961301374077306e-05,0.002525686242382468,0.0024473682721903017,16,18,14,0.0002961725302561709,0.00031512476074247516,-0.10635561496019363
LR_a0p7_q0,200000,0,5,94,True,0.05,1,0.0017032997857544113,16,0.9963813993600997,0.9963813993600975,5.204170427930421e-17,0.04998185753357935,-0.04998185753357935,-0.00016278756557444775,0.0001627875655743514,0.005036952906750911,0.004758091774934104,17,20,14,0.0005679229524856444,0.0006341034646366404,-0.19048604369163513
LR_a0p7_q0,200000,0,6,90,True,0.05,1,-0.0002498911998210056,16,0.9997972891886819,0.9997972891886847,-6.938893903907228e-17,0.0499990324063076,-0.049999032406307625,-9.167946873396184e-06,9.167946873369373e-06,0.0010662576395309596,0.0009203643332333367,16,20,12,0.0001549250685799722,0.0007046194001262466,0.043990764766931534
LR_a0p7_q0,200000,0,7,2,True,0.05,1,-0.00775214534415436,15,0.9686280865932569,0.9686280865932547,5.377642775528102e-17,0.04985883153398339,-0.04985883153398339,-0.0014274272043206392,0.0014274272043206056,0.021418552605775666,0.02047512494560902,16,18,14,0.0015875210018544547,0.001533646445534056,0.7590769529342651
LR_a0p7_q0,200000,0,8,78,True,0.05,1,-0.014248927144700742,13,0.9999940817577002,0.999994081757691,2.2898349882893854e-16,0.04999997309282084,-0.04999997309282088,-2.690049361266437e-07,2.690049362307039e-07,0.00026757633477722883,0.0002304329932232323,13,22,5,2.7405557645702828e-05,6.238536216979222e-05,0.010479752905666828
LR_a0p7_q0,200000,0,9,77,True,0.05,1,-0.002969188132675986,16,0.9990668651156955,0.9990668651156972,-4.163336342344337e-17,0.049995566054976084,-0.04999556605497611,-4.2222799191357464e-05,4.2222799191199265e-05,0.001785467628346325,0.001739260541203456,16,18,14,0.00034975403504727853,0.0005511378268801253,-0.09416947513818741
LR_a0p7_q0,200000,0,0,92,True,0.05,2,-0.005295081843467164,16,0.999293274011433,0.9992892991286545,9.937206946197819e-08,0.04999654128594286,-0.0499965223986287,-3.187758537121852e-05,3.205744219603968e-05,0.000654532369625479,0.0006540998623994822,16,16,16,0.00020924738913913983,0.0005671818951554352,0.062045931816101074
LR_a0p7_q0,200000,0,1,43,True,0.05,2,-0.008192308921671207,14,1.0000312543684857,1.0000306750577672,1.4482767960594112e-08,0.05000014851031077,-0.05000014575761985,1.414208113482927e-06,-1.387995268551585e-06,0.00048472183481654155,0.0004474796415133401,14,22,8,4.3532895774241136e-05,0.0002695781606113654,-0.016874589025974274
LR_a0p7_q0,200000,0,2,63,True,0.05,2,-0.00012267076027945578,16,0.9927675667376035,0.9927499598502809,4.401721830638028e-07,0.04996700582500885,-0.04996692216296639,-0.00032862748812920487,0.0003294241704519857,0.003812230123577942,0.0038118192566415857,16,16,16,0.0009188760918532047,0.0008616754541218656,-0.22914232313632965
LR_a0p7_q0,200000,0,3,99,True,0.05,2,0.013951748058811483,16,0.9998507423360581,0.9998579384170966,-1.7990202596379623e-07,0.04999923677157736,-0.049999272678855775,-6.699654774578769e-06,6.37575800098341e-06,0.0004137803327892198,0.0004033713581120989,16,16,16,0.00014307825680078475,0.000668818810884743,0.020169317722320557
LR_a0p7_q0,200000,0,4,83,True,0.05,2,-0.00423825558040386,16,0.998667489189359,0.9986489394885957,4.637425190835709e-07,0.0499931820819076,-0.04999308717060231,-5.980762243972706e-05,6.064019617241623e-05,0.001269296312539478,0.0012411030744869849,15,17,14,0.0004690477090678336,0.0008530590237565984,-0.10635561496019363
LR_a0p7_q0,200000,0,5,94,True,0.05,2,0.0017032997857544113,16,0.9929685652856757,0.9929753505373264,-1.6963129127398058e-07,0.049965640886965645,-0.049965673128213164,-0.0003172126226818483,0.0003169056013467426,0.0019178775593792032,0.0017114952859461718,16,20,12,0.0009477288798680299,0.0005893042647942127,-0.19048604369163513
LR_a0p7_q0,200000,0,6,90,True,0.05,2,-0.0002498911998210056,16,0.999756469402609,0.9997617014123424,-1.3080024333783635e-07,0.04999883756239534,-0.04999886253619716,-1.101409226501975e-05,1.0777465579733389e-05,0.0006324213582121775,0.0005264029949444193,16,20,12,0.0002072309420359858,0.0007118288433986015,0.043990764766931534
LR_a0p7_q0,200000,0,7,2,True,0.05,2,-0.00775214534415436,15,0.9350203071772079,0.9349982157009747,5.522869058263713e-07,0.049702748329515045,-0.04970264573099585,-0.0029517329706546403,0.0029527349459469946,0.011312206617557215,0.011024619790454304,14,17,14,0.0028116025390534784,0.002647847171320021,0.7590769529342651
LR_a0p7_q0,200000,0,8,78,True,0.05,2,-0.014248927144700742,13,0.9998175854645891,1.0090493948863177,-0.0002307952355432158,0.04999904395435703,-0.05004764344091406,-8.164681127615217e-06,-0.00040482630340174384,0.00020263180698745705,0.000143606774212129,13,23,5,4.8013275444650374e-05,0.000700989776703436,0.010479752905666828
LR_a0p7_q0,200000,0,9,77,True,0.05,2,-0.002969188132675986,16,0.9988969110701151,0.9988906554848276,1.5638963218878033e-07,0.04999471396161961,-0.0499946825981846,-4.98684081137588e-05,5.0149823943304735e-05,0.0012699190155438635,0.0012364673311570122,16,18,14,0.0004340430591562922,0.0005500903126253516,-0.09416947513818741
LR_a0p7_q0,200000,0,0,92,True,0.05,5,-0.005295081843467164,16,0.9998600057430618,0.9998522398060317,1.9414842575282698e-07,0.049999533453892075,-0.049999493310236065,-6.533166739074718e-06,6.881319934317703e-06,0.0004989337303432777,0.0004964440261590704,16,16,16,0.00028182607588205644,0.0008639956000762139,0.062045931816101074
LR_a0p7_q0,200000,0,1,43,True,0.05,5,-0.008192308921671207,14,1.0005219810880088,1.0019729390102952,-3.6273948057156946e-05,0.05000210476497413,-0.05001032442567864,2.3994289426274953e-05,-8.832252483621165e-05,0.00016431397341294045,0.00019947554458507022,14,21,7,8.493113597661235e-05,0.0009644400681468704,-0.016874589025974274
LR_a0p7_q0,200000,0,2,63,True,0.05,5,-0.00012267076027945578,16,0.9894111733591302,0.9894358520298832,-6.169667688231406e-07,0.049949990036847906,-0.04995010905659293,-0.00047943136889086224,0.0004783164550986029,0.002584049577403209,0.002590356669148434,16,16,16,0.0013785199955277771,0.000809535754935716,-0.22914232313632965
LR_a0p7_q0,200000,0,3,99,True,0.05,5,0.013951748058811483,16,0.9997847569266238,0.9997928499554354,-2.0232572028877627e-07,0.049999263825309836,-0.04999930585896234,-1.0025978978564674e-05,9.663361190472183e-06,0.0005364103244468643,0.0005059710310518406,16,16,16,0.00015316018727048103,0.0008418370713428168,0.020169317722320557
LR_a0p7_q0,200000,0,4,83,True,0.05,5,-0.00423825558040386,16,0.9121080074565252,0.9962982068922235,-0.0021047549858924618,0.04957788620348644,-0.04998122275084514,-0.00397248583065998,0.00016631240623405424,0.0007730631454298761,0.0010982892639222722,16,17,14,0.0015115051905309265,0.0007135968483773315,-0.10635561496019363
LR_a0p7_q0,200000,0,5,94,True,0.05,5,0.0017032997857544113,16,0.9909571181687523,1.0970663992753156,-0.0026527320276640808,0.0499563520500995,-0.050435367508865826,-0.00040849614166190405,-0.004417952454900043,0.0010909838262685742,0.0011910290079667446,17,20,13,0.0011381709582385957,0.0006176640038939179,-0.19048604369163513
LR_a0p7_q0,200000,0,6,90,True,0.05,5,-0.0002498911998210056,16,0.9986866637313929,0.9780311197383984,0.000516388599824863,0.04999367129906657,-0.0498950782526294,-5.9338112496999285e-05,0.0009935222657092289,0.000372850635443051,0.00038052955074319465,16,20,12,0.00030018378023237305,0.00047151589346561187,0.043990764766931534
LR_a0p7_q0,200000,0,7,2,True,0.05,5,-0.00775214534415436,15,0.9261131656764985,0.9260327023715423,2.011582623906265e-06,0.04965295384703793,-0.049652563102097834,-0.0033472955632129256,0.003350927983520915,0.01043224536151588,0.0096906660648612,16,18,14,0.0028837849041931708,0.002587700096339241,0.7590769529342651
LR_a0p7_q0,200000,0,8,78,True,0.05,5,-0.014248927144700742,13,0.9921458912472875,1.007918700365917,-0.0003943202279657401,0.04996051722832309,-0.05004179184668971,-0.0003532226659587568,-0.00035414317160609507,0.00010566255632363437,8.914543373261466e-05,13,22,5,0.00013570319052044565,0.00018863092551630014,0.010479752905666828
LR_a0p7_q0,200000,0,9,77,True,0.05,5,-0.002969188132675986,16,0.9984986597612863,0.9984780535057924,5.151563873470599e-07,0.04999268032954689,-0.04999257832977316,-6.774734148257323e-05,6.867565448354184e-05,0.0010346317469619593,0.0010937950364759321,16,18,14,0.0005935513063864989,0.0005698208113885296,-0.09416947513818741
LR_a0p7_q0,200000,0,0,92,True,0.05,10,-0.005295081843467164,16,0.9987841799539032,0.9987792284199565,1.2378834866877408e-07,0.04999432108085328,-0.04999429262996727,-5.5112083158114926e-05,5.5331208969424666e-05,0.0003645999822652695,0.00037249118903375227,16,16,16,0.0002625973932297874,0.0006723948421072434,0.062045931816101074
LR_a0p7_q0,200000,0,1,43,True,0.05,10,-0.008192308921671207,14,0.9908554595179173,0.9984095015285407,-0.00018885105026558366,0.049957539291201204,-0.049993287412915435,-0.00041476631530519776,7.281233648858227e-05,0.00014194514256565905,0.00014556359995649158,14,21,7,0.0001742156345144456,0.0004782220168385384,-0.016874589025974274
LR_a0p7_q0,200000,0,2,63,True,0.05,10,-0.00012267076027945578,16,0.9890566496036519,0.988206262626592,2.1259674426499925e-05,0.049948212572029395,-0.049943944302125565,-0.0004953800918469353,0.0005336311707962111,0.0022206781008786733,0.0023886327912703074,16,16,16,0.0013361212166425412,0.0007045422782931296,-0.22914232313632965
LR_a0p7_q0,200000,0,3,99,True,0.05,10,0.013951748058811483,16,0.9976040332920577,0.9976048049912092,-1.9292478788124345e-08,0.049988535434195125,-0.049988544283629935,-0.00010833376959218237,0.00010830403406949088,0.0004170181255419967,0.00038862364014134287,16,16,16,0.00022463880495013176,0.0001953488374893543,0.020169317722320557
LR_a0p7_q0,200000,0,4,83,True,0.05,10,-0.00423825558040386,16,0.9110221938900365,0.9950991340422352,-0.002101923503804965,0.049572183285747765,-0.04997501436947477,-0.004021073591245914,0.0002200576673630192,0.0006286614345919432,0.0007827873028899926,16,17,14,0.0015536225784780133,0.0006469908514207314,-0.10635561496019363
LR_a0p7_q0,200000,0,5,94,True,0.05,10,0.0017032997857544113,16,0.9891989583541649,1.0572916132270371,-0.0017023163718218014,0.04994675430558111,-0.050211764890439714,-0.0004868063878728576,-0.0026528157709120306,0.0011869254694452749,0.001204080941048792,17,20,14,0.0011272497646822902,0.0006956256424767164,-0.19048604369163513
LR_a0p7_q0,200000,0,6,90,True,0.05,10,-0.0002498911998210056,16,0.9646362773791878,0.9778125618121372,-0.0003294071108237359,0.04984002273493085,-0.04989433267490091,-0.0016082088659717783,0.0010037045842939173,0.00028210993624917574,0.00023487832853451749,16,20,12,0.0007835830657314106,0.0004656804585189363,0.043990764766931534
LR_a0p7_q0,200000,0,7,2,True,0.05,10,-0.00775214534415436,15,0.8827380066057161,0.9443687590996488,-0.0015407688123483185,0.049439157554029084,-0.04974503470266657,-0.005302257223743279,0.002526596747684067,0.006429138787391252,0.00577892801373475,16,18,14,0.004525490907644216,0.0033146184217959906,0.7590769529342651
LR_a0p7_q0,200000,0,8,78,True,0.05,10,-0.014248927144700742,13,0.9811863886264105,1.006878237842241,-0.0006422962303957655,0.049905765589764006,-0.050036583199419546,-0.0008464461584434544,-0.0003073286926925683,7.126258516329667e-05,7.098886900587128e-05,13,22,5,0.00029579701056040947,0.00011105036496035731,0.010479752905666828
LR_a0p7_q0,200000,0,9,77,True,0.05,10,-0.002969188132675986,16,0.9985307050716588,0.9985101861567613,5.129728724365124e-07,0.04999269568898469,-0.04999259375484233,-6.616043540175399e-05,6.708444700424198e-05,0.0010329111925041737,0.0009611011744875603,16,18,14,0.0004445537314145814,0.0007137580581489502,-0.09416947513818741
LR_a0p7_q0,200000,0,0,92,True,0.05,20,-0.005295081843467164,16,0.9963465067938165,0.9963548111436449,-2.0760874570868726e-07,0.04998237980223935,-0.04998241514592838,-0.0001650544625485485,0.00016467458874620865,0.0005636851119520306,0.0005607523224220415,16,16,16,0.00026927452801490254,0.0005980935062407843,0.062045931816101074
LR_a0p7_q0,200000,0,1,43,True,0.05,20,-0.008192308921671207,14,0.9879883407902452,0.9894939354006491,-3.7639865260098715e-05,0.049947565835837475,-0.04994690908358681,-0.0005481487963251317,0.0004722123135544124,0.00011004377806608647,0.00011789635343157366,14,22,8,0.00020751040190738755,0.0003694079478128124,-0.016874589025974274
LR_a0p7_q0,200000,0,2,63,True,0.05,20,-0.00012267076027945578,16,0.9900576966011256,0.9889686896906627,2.722517276157639e-05,0.04995231221203912,-0.04994669087365251,-0.0004494273819825763,0.0004982563891195149,0.002322033053054704,0.002867387291397877,16,16,16,0.0011291730524462633,0.0005919540519432879,-0.22914232313632965
LR_a0p7_q0,200000,0,3,99,True,0.05,20,0.013951748058811483,16,0.9958232577276088,0.9958155860198731,1.9179269339364424e-07,0.0499797345673573,-0.04997970454602044,-0.00018857168097691213,0.00018892524502676973,0.000293368031851108,0.0002846653623426139,16,16,16,0.0001970168357733386,0.0002669901496879044,0.020169317722320557
LR_a0p7_q0,200000,0,4,83,True,0.05,20,-0.00423825558040386,16,0.8907105613239052,0.9290482440615694,-0.0009584420684416034,0.04947356722460318,-0.04965690363584632,-0.004938039158408058,0.003204491432767613,0.0006742507085013558,0.0020857453338842687,14,16,13,0.0018258440888155824,0.0014652472628718426,-0.10635561496019363
LR_a0p7_q0,200000,0,5,94,True,0.05,20,0.0017032997857544113,16,0.9860198995898664,1.0539514186948824,-0.0016982879776254074,0.04993226796349283,-0.05019654966973695,-0.0006312729839998704,-0.002501021265007439,0.001097609634796732,0.0010544171767886568,16,19,12,0.001039832296133078,0.0006018762722762894,-0.19048604369163513
LR_a0p7_q0,200000,0,6,90,True,0.05,20,-0.0002498911998210056,16,0.9549425373624437,0.9637101005973944,-0.0002191890808737676,0.049810011270315674,-0.04982114241309764,-0.0020628844021936955,0.0016356373832278025,0.0003436301626763371,0.0005980628119108295,17,20,12,0.0009322798296844953,0.0009389393428660238,0.043990764766931534
LR_a0p7_q0,200000,0,7,2,True,0.05,20,-0.00775214534415436,15,0.8891783270153515,0.46412072030236795,0.010626440167824587,0.04946782395115094,-0.04743693893453838,-0.005008907600383547,0.02423090291941995,0.0051890020387466715,0.006997748540264544,15,18,14,0.00412450993074776,0.0032289900517516166,0.7590769529342651
LR_a0p7_q0,200000,0,8,78,True,0.05,20,-0.014248927144700742,13,0.978855056688312,1.0048082826568119,-0.0006488306492124993,0.049894326543987205,-0.050026923811289606,-0.0009515737095716148,-0.00021349032155106967,6.231272351863012e-05,7.633733300287321e-05,13,22,5,0.00033044780512285726,4.389571731385243e-05,0.010479752905666828
LR_a0p7_q0,200000,0,9,77,True,0.05,20,-0.002969188132675986,16,0.9967076848858264,0.9964112785495512,7.410158406877254e-06,0.04998281504840374,-0.0499815098932168,-0.00014743080411246633,0.00016094596573921322,0.0004377597047940498,0.000820801477494254,16,18,14,0.0005108812861126813,0.00074403819983391,-0.09416947513818741
LR_a0p7_q0,200000,0,0,92,True,0.05,50,-0.005295081843467164,16,0.99159048109354,0.9916034814740343,-3.250095123585872e-07,0.049959910358391785,-0.04995997027767285,-0.0003803863037146843,0.0003797962039711465,0.00037344220549489923,0.0003838778450460019,16,16,16,0.00032042634701745347,0.0005373362254674795,0.062045931816101074
LR_a0p7_q0,200000,0,1,43,True,0.05,50,-0.008192308921671207,14,0.9351137201386436,0.9753556135312437,-0.0010060473348150016,0.04971373169202953,-0.049877805802960355,-0.002958045685097402,0.0011100251263982252,6.371474924241005e-05,9.885601219692803e-05,14,21,7,0.0010134971194913909,0.0012609315110276532,-0.016874589025974274
LR_a0p7_q0,200000,0,2,63,True,0.05,50,-0.00012267076027945578,16,0.9752834142457706,0.9826089866772064,-0.00018313931078589758,0.04987487388181708,-0.0499122757742226,-0.0011107031695282894,0.0007818264403624364,0.002848547490051923,0.0016263532426297306,16,16,16,0.0067412267200411,0.0015090598845960163,-0.22914232313632965
LR_a0p7_q0,200000,0,3,99,True,0.05,50,0.013951748058811483,16,0.9886320830284789,0.9886227659345442,2.329273483675509e-07,0.04994578607413913,-0.04994575155516609,-0.000514181922715497,0.0005146132584388928,0.0002219563069693534,0.00021275777697283177,16,16,16,0.0002271534762881442,0.00018344135102313147,0.020169317722320557
LR_a0p7_q0,200000,0,4,83,True,0.05,50,-0.00423825558040386,16,0.8094077236916648,0.8135637597599421,-0.00010390090170693186,0.04908697763951315,-0.04909595286010249,-0.008616591454930045,0.00841776487210544,0.0007039208833376124,0.0011175690922654844,15,16,14,0.003061700012639901,0.001023449912091768,-0.10635561496019363
LR_a0p7_q0,200000,0,5,94,True,0.05,50,0.0017032997857544113,16,0.978875780458282,1.0788797354835478,-0.0025000988756316393,0.04989774198529137,-0.05036558215277376,-0.0009539529623770534,-0.0035784046214035747,0.0009978108372625662,0.0009379145262723188,15,18,11,0.0012864498152490023,0.0007900910825500424,-0.19048604369163513
LR_a0p7_q0,200000,0,6,90,True,0.05,50,-0.0002498911998210056,16,0.9787408836034062,0.9507889452144858,0.0006987984597230101,0.04993619403731253,-0.04976627464884914,-0.0009991498571422525,0.002226827388124899,0.0002880694504406964,0.0004522773652459893,17,20,12,0.0008052141760445923,0.0012120472674714805,0.043990764766931534
LR_a0p7_q0,200000,0,7,2,True,0.05,50,-0.00775214534415436,15,0.8757446245226904,0.47130224840100776,0.01011105940304207,0.049391408508096965,-0.04746460362068389,-0.005604177281962396,0.023899491200633644,0.003712781219866398,0.002622459002854972,14,15,14,0.00480696754724928,0.0029140528258625458,0.7590769529342651
LR_a0p7_q0,200000,0,8,78,True,0.05,50,-0.014248927144700742,13,0.9612699272407754,0.9866305115994284,-0.000634014608966324,0.049802963149777224,-0.049938081412411545,-0.0017394667877384709,0.0006065558324402635,7.062790428327887e-05,8.49981829020147e-05,13,22,5,0.0006225077090556686,5.394020440018078e-05,0.010479752905666828
LR_a0p7_q0,200000,0,9,77,True,0.05,50,-0.002969188132675986,16,0.9143678102056793,0.9427231887931947,-0.0007088844646878853,0.04959170901508454,-0.049701011849124815,-0.003873318504800577,0.002564852409465045,0.0004082505060692538,0.000558482534867896,16,18,14,0.0014250578266970146,0.0008243169165827245,-0.09416947513818741
LR_a0p7_q0,200000,0,0,92,True,0.05,100,-0.005295081843467164,16,0.9844348982531664,0.9848376546771986,-1.0068910600805059e-05,0.04992438818495995,-0.049926289941577745,-0.0007026432723014383,0.0006844072077176733,0.00039212601748710336,0.0005421061219071228,16,16,16,0.0024376041899311163,0.0003212354939640702,0.062045931816101074
LR_a0p7_q0,200000,0,1,43,True,0.05,100,-0.008192308921671207,14,0.9031234722291472,0.9856632059314905,-0.0020634933425585818,0.0495698080491431,-0.04992564220522785,-0.004413634437685833,0.000642481908653132,7.90490755646619e-05,8.746339586959119e-05,14,20,7,0.0014998887140176816,0.002099376849184683,-0.016874589025974274
LR_a0p7_q0,200000,0,2,63,True,0.05,100,-0.00012267076027945578,16,0.9619792222337529,0.9691836657981471,-0.00018011108910985507,0.04981048727769088,-0.04984596048295938,-0.0017115261660033709,0.0013867771930518317,0.0012307372206032498,0.0013047427094726213,16,16,16,0.006753205074057781,0.0014609982911868657,-0.22914232313632965
LR_a0p7_q0,200000,0,3,99,True,0.05,100,0.013951748058811483,16,0.9752801217582208,0.9751693201289319,2.770040732222312e-06,0.049880240438922696,-0.04987966048893058,-0.001116234351011601,0.0011211944824840966,0.002085820746414429,0.0004393793947835656,16,16,16,0.003852434450184909,0.0013066792965875653,0.020169317722320557
LR_a0p7_q0,200000,0,4,83,True,0.05,100,-0.00423825558040386,16,0.7599018136015141,0.6600237072444807,0.0024969526589258342,0.04884613584489807,-0.048355938981689904,-0.010851045164822428,0.015354753619466026,0.0005881551018599463,0.0007190864549982797,16,18,14,0.004377284718776134,0.0003554042573270012,-0.10635561496019363
LR_a0p7_q0,200000,0,5,94,True,0.05,100,0.0017032997857544113,16,0.8000256659717325,0.8426053167709104,-0.0010644912699794493,0.0490364607374639,-0.049261625795593136,-0.009035177438877233,0.0071313599570476775,0.0007709710911711423,0.0038959963114928668,16,19,13,0.0035129359490486127,0.0005879550880065228,-0.19048604369163513
LR_a0p7_q0,200000,0,6,90,True,0.05,100,-0.0002498911998210056,16,0.8955972940352425,0.9587326516524342,-0.0015783839404297922,0.049548383063269114,-0.04980465799570838,-0.004768518361507079,0.001868025413086702,0.0002353314199753395,0.0003469795821327939,16,20,12,0.002434926118387007,0.00037901695280692757,0.043990764766931534
LR_a0p7_q0,200000,0,7,2,True,0.05,100,-0.00775214534415436,15,0.8394813641873874,0.24634960870562486,0.014828293887044066,0.049202909087550865,-0.046299143817999204,-0.00722884087818156,0.0339816633827179,0.0032908586883387434,0.004498786059814904,15,17,14,0.005819793279769087,0.0031688723669706003,0.7590769529342651
LR_a0p7_q0,200000,0,8,78,True,0.05,100,-0.014248927144700742,13,0.9334735823289847,1.0043253578086304,-0.001771294386991147,0.049663694821764776,-0.050033157812965676,-0.0029900157053154874,-0.00018311007746563482,4.598265769844925e-05,5.377166179769738e-05,13,22,5,0.0010286260025801968,4.964482744094169e-05,0.010479752905666828
LR_a0p7_q0,200000,0,9,77,True,0.05,100,-0.002969188132675986,16,0.9043751765287569,0.9330986208836908,-0.0007180861088733476,0.04951455972867867,-0.0496447786578975,-0.0042958009022408955,0.0029898476137128847,0.0008082656148664508,0.0005807940444102068,16,18,14,0.003400398493429679,0.0007505195020512886,-0.09416947513818741
LR_a0p7_q0,200000,0,0,92,True,0.05,200,-0.005295081843467164,16,0.9736690886080118,0.9724959281914786,2.932901041333147e-05,0.049870731931691614,-0.04986518750358593,-0.001187277501290824,0.0012403910940120048,0.0006097588058316454,0.0007139996556378876,16,16,16,0.0023968847524714772,0.0011348132926672703,0.062045931816101074
LR_a0p7_q0,200000,0,1,43,True,0.05,200,-0.008192308921671207,14,0.7969799379578221,0.9298658528608981,-0.0033221478725769006,0.04909126514216462,-0.04964051049958868,-0.009242268244273483,0.0031472178565438718,6.762421754217963e-05,5.995439025518893e-05,14,20,8,0.003125203909792334,0.002882555198224189,-0.016874589025974274
LR_a0p7_q0,200000,0,2,63,True,0.05,200,-0.00012267076027945578,16,0.9506342064656438,0.9485733309568886,5.1521887718878126e-05,0.04975574247947546,-0.0497436937409214,-0.0022240321561927843,0.002315027193077527,0.0007274566559371772,0.001987130085470437,16,16,16,0.0066145067503799605,0.0013117036098048165,-0.22914232313632965
LR_a0p7_q0,200000,0,3,99,True,0.05,200,0.013951748058811483,16,0.954745097191565,0.951963510556792,6.953966586932536e-05,0.049777196841397975,-0.04976266055052078,-0.0020399419818195766,0.0021644850226811996,0.002935545082411545,0.0003615169540851203,16,16,16,0.011302705009882836,0.00250877249705929,0.020169317722320557
LR_a0p7_q0,200000,0,4,83,True,0.05,200,-0.00423825558040386,16,0.3807141870421237,0.49630283669470837,-0.0028897162413146164,0.047024468404689934,-0.0475595943704461,-0.027988759052583558,0.0227444525357108,0.00044365979696820156,0.0010902074325317898,16,16,16,0.010178224401989695,0.00045283020381812794,-0.10635561496019363
LR_a0p7_q0,200000,0,5,94,True,0.05,200,0.0017032997857544113,16,0.6767421646212074,0.8000410285617107,-0.003082471598512583,0.048364265551425784,-0.04903668299929463,-0.014527157320365344,0.009034631571209328,0.0006916681873139542,0.008184361170258897,18,20,15,0.005479329957846067,0.0008392399330859617,-0.19048604369163513
LR_a0p7_q0,200000,0,6,90,True,0.05,200,-0.0002498911998210056,16,0.6978465308522019,0.9996202787430705,-0.0075443436972717146,0.0485996324967371,-0.05001381085390892,-0.013707305954126999,3.2796916755454945e-05,0.000323534090445199,0.0003616637331086002,16,20,12,0.005345824660119238,0.0004819572491517027,0.043990764766931534
LR_a0p7_q0,200000,0,7,2,True,0.05,200,-0.00775214534415436,15,0.004223523765519571,0.13458840776833042,-0.0032591221000702712,0.04512701968394038,-0.04572920968105261,-0.0449158434956643,0.03899978929263598,0.0008119116471585612,0.0007863900641601065,18,18,18,0.0161410644421496,0.0009424739459718516,0.7590769529342651
LR_a0p7_q0,200000,0,8,78,True,0.05,200,-0.014248927144700742,13,0.9010154376532292,0.9950931377078515,-0.002351942501365556,0.049495884558510034,-0.049990817431593365,-0.004445112675848769,0.00023616054620064246,4.2541849175882875e-05,5.970081891807224e-05,13,22,5,0.001529848226219093,0.0004896791913824127,0.010479752905666828
LR_a0p7_q0,200000,0,9,77,True,0.05,200,-0.002969188132675986,16,1.1912939696785048,0.8175628151091471,0.009343278864233945,0.05079952954441737,-0.049039913274394456,0.008765168939507873,0.008161772518937101,0.004900616362574009,0.0008010184219826435,15,18,14,0.008951733051823261,0.0017179576680360466,-0.09416947513818741
LR_a0p7_q0,200000,0,0,92,True,0.05,500,-0.005295081843467164,16,0.9229271995971722,0.9129440046672771,0.00024957987324737696,0.049632608390342836,-0.04958370634192613,-0.003486248410484237,0.003936506108562339,0.000490275532152414,0.008805033466719665,16,16,16,0.003788661236540305,0.0020370766437245056,0.062045931816101074
LR_a0p7_q0,200000,0,1,43,True,0.05,500,-0.008192308921671207,14,0.587881961973367,0.8973781901608308,-0.007737405704686593,0.048049664586710124,-0.04949505488314419,-0.018655566488041737,0.0046261453751026,5.7741444867234625e-05,0.0002421092719179462,15,19,8,0.006183631514249772,0.0026304844857058733,-0.016874589025974274
LR_a0p7_q0,200000,0,2,63,True,0.05,500,-0.00012267076027945578,16,0.916467922256393,0.9012746809945347,0.00037983103154645703,0.04958838791359193,-0.0495152817951191,-0.0037649918007722125,0.004451547745392196,0.0008708140649738317,0.0034882049722152284,16,16,16,0.006597304554671471,0.0012027085005746475,-0.22914232313632965
LR_a0p7_q0,200000,0,3,99,True,0.05,500,0.013951748058811483,16,0.9647947401887924,0.9754944486023903,-0.0002674927103399477,0.04981831687612581,-0.04986837348618037,-0.0015785798666863504,0.0010936510560605852,0.00621976397913906,0.0013601075214324078,16,16,16,0.018039645373264725,0.00761177313006207,0.020169317722320557
LR_a0p7_q0,200000,0,4,83,True,0.05,500,-0.00423825558040386,16,0.24657173835849927,0.12008568564212126,0.0031621513179094507,0.04639001916028215,-0.045747166988122076,-0.03406143224235719,0.039742882706016,0.0005242912362839055,0.0011247242143514547,16,16,16,0.013198527576246337,0.0007397574602758505,-0.10635561496019363
LR_a0p7_q0,200000,0,5,94,True,0.05,500,0.0017032997857544113,16,0.15154816854595243,0.3573141359482329,-0.005144149185057012,0.04589099258769194,-0.047033516870135045,-0.03831358416039408,0.029167810072723472,0.0006858359353046334,0.0021514218540293435,17,17,16,0.013664282416937623,0.0007198283459481438,-0.19048604369163513
LR_a0p7_q0,200000,0,6,90,True,0.05,500,-0.0002498911998210056,16,0.2896916610329797,1.0200396465014716,-0.018258699636712297,0.046669478807189,-0.050169058769848174,-0.03218489575554002,-0.0008329235552253741,0.0007448555942268783,0.00041452346325799005,16,17,12,0.011155273153132951,0.0008156557651052997,0.043990764766931534
LR_a0p7_q0,200000,0,7,2,True,0.05,500,-0.00775214534415436,15,0.08584713112226648,0.12212993512225659,-0.0009070700999997527,0.045468611961871304,-0.045665951752405426,-0.04117625540575791,0.0395594549962926,0.0006883746889137099,0.00137169218426382,16,16,16,0.014609635463614845,0.0012561103141911923,0.7590769529342651
LR_a0p7_q0,200000,0,8,78,True,0.05,500,-0.014248927144700742,13,0.8266044630547648,0.9223683921194215,-0.0023940982266164174,0.04910956183065138,-0.049641839983630476,-0.007779338677913101,0.003523420377659335,5.4734387994218346e-05,7.519677387453802e-05,14,21,7,0.0027218582176712198,0.00030863096240593224,0.010479752905666828
LR_a0p7_q0,200000,0,9,77,True,0.05,500,-0.002969188132675986,16,1.3161950880991038,0.733579709648853,0.01456538446125627,0.051149517651129725,-0.04859939596642386,0.014660236753825506,0.011920410483981157,0.003343764025855458,0.001299830988101007,14,18,14,0.015259270283526605,0.003918683731755968,-0.09416947513818741
LR_a0p7_q0,200000,0,0,92,True,0.05,1000,-0.005295081843467164,16,0.8757252237288615,0.871944867790585,9.450889845691313e-05,0.04941240496507629,-0.04939464184391812,-0.005626143778633215,0.005797398454388908,0.0035071190701520434,0.003458432876006036,16,16,16,0.010592907311413416,0.0046904354542208135,0.062045931816101074
LR_a0p7_q0,200000,0,1,43,True,0.05,1000,-0.008192308921671207,14,0.322966202085922,0.7548954173168543,-0.010798230380773308,0.04685964351928924,-0.04876395010288763,-0.030711333414993176,0.011019179237044933,8.511777041745442e-05,0.00012529952157277544,14,17,8,0.010404659587789683,0.004043654129634275,-0.016874589025974274
LR_a0p7_q0,200000,0,2,63,True,0.05,1000,-0.00012267076027945578,16,0.7992542675025645,0.810557543915684,-0.00028258191032799057,0.04903957592195716,-0.04907049997648504,-0.009076862546828763,0.008542622780700646,0.0022012357257854298,0.0015372178115261436,16,16,16,0.00986105798590785,0.0015162564683902718,-0.22914232313632965
LR_a0p7_q0,200000,0,3,99,True,0.05,1000,0.013951748058811483,16,1.1144350703380783,0.7739178956314702,0.008512929367665206,0.050488094555252855,-0.048782096115593504,0.005233658961651339,0.010086201334020122,0.0018096749031092734,0.002018211166356842,16,16,8,0.018160159305177996,0.012995342390230976,0.020169317722320557
LR_a0p7_q0,200000,0,4,83,True,0.05,1000,-0.00423825558040386,16,0.24913277499109895,0.0413499787165203,0.005194569906864467,0.04641968667166367,-0.045366874117513736,-0.03396304792210879,0.04329937518168766,0.0011774609301897472,0.0007511724081674404,16,16,16,0.015074438694998795,0.001442780464540013,-0.10635561496019363
LR_a0p7_q0,200000,0,5,94,True,0.05,1000,0.0017032997857544113,16,-0.03347670373990433,0.16571818152953777,-0.004979872131736049,0.04491261296244936,-0.046251361690063525,-0.04658644814944457,0.03796545261358637,0.0005637742762626468,0.0010707159045906477,12,13,12,0.016953061085525294,0.0010464570641342376,-0.19048604369163513
LR_a0p7_q0,200000,0,6,90,True,0.05,1000,-0.0002498911998210056,16,0.1341416646304422,0.9030258491174958,-0.01922210461217634,0.04596263580026086,-0.049542140950436964,-0.039255552568738715,0.004390848494562071,0.00016915830421174765,0.0005494718786852838,16,16,12,0.014025441556933435,0.0010100246276648884,0.043990764766931534
LR_a0p7_q0,200000,0,7,2,True,0.05,1000,-0.00775214534415436,15,0.23441711023777345,0.11105397187866697,0.003084078458977662,0.04620554225660001,-0.0454841835740599,-0.03448468674471143,0.03993148498012641,0.0015014611141781723,0.0007905281041084489,15,15,15,0.012683090924078726,0.0008432989145172482,0.7590769529342651
LR_a0p7_q0,200000,0,8,78,True,0.05,1000,-0.014248927144700742,13,0.7604947532969408,0.8272112521493477,-0.001667912471310172,0.048729505106207716,-0.04917040226978285,-0.010704767441360716,0.007809839662315354,0.0006398620040923062,0.0007891616963496166,14,21,8,0.007014455495268726,0.001468595388925152,0.010479752905666828
LR_a0p7_q0,200000,0,9,77,True,0.05,1000,-0.002969188132675986,16,1.1700190768348808,0.18711128654633175,0.02457269475721373,0.05013283127616723,-0.04573563334809115,0.008368122565576775,0.036380069020774536,0.001868457117916055,0.0003653672649276851,14,17,14,0.016797097661912758,0.004446936027709315,-0.09416947513818741
LR_a0p7_q0,200000,0,0,92,True,0.05,2000,-0.005295081843467164,16,0.8986237878339126,1.0177863231466393,-0.00297906338281817,0.0495716603573815,-0.050131703921865806,-0.00464047096568589,-0.0007576122354660867,0.005005713250161313,0.005104708872012228,16,16,15,0.016094963654890996,0.009188405888695978,0.062045931816101074
LR_a0p7_q0,200000,0,1,43,True,0.05,2000,-0.008192308921671207,14,0.03681171774226992,0.500136542390048,-0.011583120616194452,0.045440673206180074,-0.047470394052666814,-0.043600087319066616,0.022463566933164467,1.519350781900762e-05,0.0002765532787277573,14,15,11,0.014536481744176849,0.002895641342140955,-0.016874589025974274
LR_a0p7_q0,200000,0,2,63,True,0.05,2000,-0.00012267076027945578,16,0.2840552243562697,0.7380750368935052,-0.01135049531343088,0.04667310563830738,-0.048713328510117726,-0.032470344420494304,0.011809576665442264,0.0016114014411250453,0.0020508846143885385,16,16,16,0.017479923509211105,0.002042846991288409,-0.22914232313632965
LR_a0p7_q0,200000,0,3,99,True,0.05,2000,0.013951748058811483,16,-0.12135386725177777,0.11813207964846917,-0.005987148672506187,0.04400717432724238,-0.04529448184354559,-0.0500748676898311,0.03938787786112232,0.007584660864802109,0.007526698336125496,6,6,6,0.03612840819309733,0.014775821856296981,0.020169317722320557
LR_a0p7_q0,200000,0,4,83,True,0.05,2000,-0.00423825558040386,16,0.16041653323296454,0.10873951899226082,0.0012919253560175932,0.04600637379853624,-0.045720702610700034,-0.037985547136888204,0.04028372666108682,0.0012139781380316227,0.005382636030511981,17,17,17,0.018724225657116945,0.0011904457337807098,-0.10635561496019363
LR_a0p7_q0,200000,0,5,94,True,0.05,2000,0.0017032997857544113,16,0.13413615169478393,0.40928898649497625,-0.0068788208700048085,0.04579153551337241,-0.047694343928828105,-0.03908472792863347,0.027229894604079145,0.0021930776525307125,0.0008672786066337634,18,18,17,0.01908845737125118,0.002841539031079085,-0.19048604369163513
LR_a0p7_q0,200000,0,6,90,True,0.05,2000,-0.0002498911998210056,16,0.14364490873890023,0.8870190678757822,-0.01858435397842205,0.045992920687865424,-0.04956379530228508,-0.038810675250920315,0.005212841908495932,0.0007439161293025224,0.003643265984303546,16,16,12,0.01351161874951508,0.0008529763879087571,0.043990764766931534
LR_a0p7_q0,200000,0,7,2,True,0.05,2000,-0.00775214534415436,15,0.08719649051757053,0.00226331197396748,0.0021233294635900762,0.045413290707519434,-0.04491944374545374,-0.04105346618164084,0.04480627814675549,0.0005852957320529601,0.0006373657437289552,14,14,14,0.01467375846122414,0.0007648585230847532,0.7590769529342651
LR_a0p7_q0,200000,0,8,78,True,0.05,2000,-0.014248927144700742,13,0.4727877528085078,0.5743487911294833,-0.0025390259580243893,0.0472388587592143,-0.04795239015220017,-0.023599471118788892,0.01923495059572604,0.0013531524877843067,0.0013204895394817152,13,19,9,0.01270998033578825,0.0035534479484821656,0.010479752905666828
LR_a0p7_q0,200000,0,9,77,True,0.05,2000,-0.002969188132675986,16,0.6688748140314984,-0.05305366805879452,0.018048212052257324,0.04712312329026609,-0.044456391110516094,-0.01367938258869111,0.04710907451345579,0.004827806940026472,0.002096239153838678,14,16,14,0.024723344261374326,0.007067563273828197,-0.09416947513818741
LR_a0p7_q0,200000,1,0,30,True,0.05,1,0.007607522186701229,18,0.9999867927448358,0.9999867927448292,1.6653345369377348e-16,0.04999993378319212,-0.04999993378319212,-5.941459504669831e-07,5.941459505530193e-07,0.00010589175164978939,9.231486561407697e-05,17,21,13,4.8533928264985045e-05,0.0006638245069084434,0.011507980525493622
LR_a0p7_q0,200000,1,1,79,True,0.05,1,-0.00921830652917395,15,0.9985223177888409,0.9985223177888422,-3.122502256758253e-17,0.04999297854812066,-0.04999297854812067,-6.686265867862663e-05,6.686265867858224e-05,0.0031021589614622473,0.0029721793429262297,16,18,14,0.0003368925097955303,0.00043649364716090384,0.11850275844335556
LR_a0p7_q0,200000,1,2,2,True,0.05,1,0.00019952347210684673,16,0.9991842476673324,0.9991842476673342,-4.5102810375396984e-17,0.04999631631879639,-0.04999631631879641,-3.710393542982907e-05,3.710393542979785e-05,0.001640577787367601,0.0015862695272497603,16,18,13,0.00029248152864530703,0.00039297402920682287,-0.085833340883255
LR_a0p7_q0,200000,1,3,72,True,0.05,1,-0.017444871750740942,14,0.9996706809934928,0.9996706809934991,-1.5612511283791264e-16,0.04999819276001476,-0.04999819276001474,-1.4658710340101672e-05,1.4658710339961867e-05,0.0010810528596715337,0.0010624781790013098,14,18,11,0.00017701263819800415,0.0007129318351295463,-0.06012054532766342
LR_a0p7_q0,200000,1,4,36,True,0.05,1,0.008676248725689506,16,0.9978162829778865,0.9978162829778909,-1.1102230246251565e-16,0.0499888268044996,-0.049988826804499606,-9.801265560522687e-05,9.801265560524115e-05,0.0038661827247967774,0.0036904450377282356,16,19,14,0.00041628239955138966,0.00036809623250234593,0.14948709309101105
LR_a0p7_q0,200000,1,5,2,True,0.05,1,-0.002278099436808151,16,0.9983800939175724,0.9983800939175741,-4.163336342344337e-17,0.04999187832683688,-0.04999187832683691,-7.287363095816863e-05,7.28736309582632e-05,0.005862300534689918,0.005770528820536673,15,17,15,0.00037998286347882713,0.0004149237963666686,0.1820705533027649
LR_a0p7_q0,200000,1,6,57,True,0.05,1,0.0013838069775553574,16,0.9999806413165677,0.9999806413165679,-3.469446951953614e-18,0.049999907595752506,-0.049999907595752485,-8.755299240499549e-07,8.755299240563419e-07,0.0005801334656097212,0.0005971186504600732,16,20,12,4.787636288599592e-05,0.0004913013851045469,-0.01942061260342598
LR_a0p7_q0,200000,1,7,27,True,0.05,1,-0.010470489509495959,16,0.9980603202670474,0.9980603202670502,-6.938893903907228e-17,0.04999127175926715,-0.04999127175926715,-8.825574591473683e-05,8.825574591473683e-05,0.0027965537922228514,0.002733639831298156,16,17,15,0.00039474259304315995,0.00038123572124092376,0.1321229785680771
LR_a0p7_q0,200000,1,8,37,True,0.05,1,-0.016124219680949344,14,0.9998829433588367,0.9998829433588353,3.469446951953614e-17,0.0499994678041469,-0.04999946780414691,-5.320636205077081e-06,5.320636205108327e-06,0.0011427446048305721,0.0010721430555105903,14,18,11,0.00012188220471433551,0.00011125768802630383,0.04660716652870178
LR_a0p7_q0,200000,1,9,10,True,0.05,1,-0.00418788565155994,16,0.9999973541121538,1.0029607141253456,-7.408400032979726e-05,0.049999987427625465,-0.050014068323759084,-1.19722017927201e-07,-0.00013396738250828712,0.00014430245400764055,0.00011437895286535787,16,24,7,1.8624140387140545e-05,0.0004678759611203174,0.005014454014599323
LR_a0p7_q0,200000,1,0,30,True,0.05,2,0.007607522186701229,18,0.9996143261856477,0.9996141196042646,5.1645345777728835e-09,0.049998163946618185,-0.0499981629650125,-1.7447637335766022e-05,1.745698479920121e-05,0.00022544216289733504,0.00019968916495547307,17,21,13,2.646223707460261e-05,0.0005275218702868005,0.011507980525493622
LR_a0p7_q0,200000,1,1,79,True,0.05,2,-0.00921830652917395,15,0.9980811161016047,0.9980909628694834,-2.4616919696782147e-07,0.04999088210519632,-0.04999092889374551,-8.682630011614053e-05,8.638075027121623e-05,0.0024536574423343004,0.0023300810078461026,16,18,14,0.00045298038922563226,0.0005753770922890967,0.11850275844335556
LR_a0p7_q0,200000,1,2,2,True,0.05,2,0.00019952347210684673,16,0.998741745927077,0.9987399215549445,4.5609303309795957e-08,0.049994213698454706,-0.04999420502964825,-5.712640210086666e-05,5.7208951901036224e-05,0.0014485291327056768,0.0013784184867821785,16,18,14,0.0003528847719297952,0.00032828018583043906,-0.085833340883255
LR_a0p7_q0,200000,1,3,72,True,0.05,2,-0.017444871750740942,14,0.9996004646386881,0.9995955508073978,1.22845782258435e-07,0.049997842391782295,-0.04999781787256033,-1.7819159847741865e-05,1.8040332190558227e-05,0.0008498001326589618,0.0008101608954746691,14,18,11,0.00020930018552017308,0.0007064911186714215,-0.06012054532766342
LR_a0p7_q0,200000,1,4,36,True,0.05,2,0.008676248725689506,16,0.9974608578068143,0.9974756933904464,-3.7088959080333606e-07,0.04998700823786211,-0.049987084145534454,-0.00011396534752114044,0.00011329947601232824,0.0029983207775992147,0.0028084959305112894,18,19,15,0.0005461056344089815,0.0006574136442078164,0.14948709309101105
LR_a0p7_q0,200000,1,5,2,True,0.05,2,-0.002278099436808151,16,0.995060401391834,0.9950511738681,2.3068809335002882e-07,0.049976104257725334,-0.04997606041161734,-0.00022308418813356045,0.0002235017182123845,0.003177999969402995,0.0030355305714609123,16,17,15,0.000810261015142351,0.0005284833470492709,0.1820705533027649
LR_a0p7_q0,200000,1,6,57,True,0.05,2,0.0013838069775553574,16,0.9999729189153076,0.9999692182835964,9.251579278016231e-08,0.0499998707346364,-0.04999985307051734,-1.2247888710704722e-06,1.3921563375178633e-06,0.00024357429954197045,0.00024117060032582214,16,20,12,8.969799797439353e-05,0.0005055482069333091,-0.01942061260342598
LR_a0p7_q0,200000,1,7,27,True,0.05,2,-0.010470489509495959,16,0.9974008057086567,0.9973948777807443,1.4819819781075605e-07,0.04998820880338444,-0.04998818127255676,-0.00011816851795153328,0.00011843738351951754,0.001676524902232955,0.0016479016298479399,16,17,15,0.0005297673273788261,0.000532373333166782,0.1321229785680771
LR_a0p7_q0,200000,1,8,37,True,0.05,2,-0.016124219680949344,14,0.999571226813057,0.9995736383438958,-6.028827096923872e-08,0.0499978268187903,-0.04999783951393544,-1.9265478137364445e-05,1.915759674061768e-05,0.0006998368888980379,0.0006115278168773557,14,18,11,0.000212707112224935,0.0007084498184975173,0.04660716652870178
LR_a0p7_q0,200000,1,9,10,True,0.05,2,-0.00418788565155994,16,1.0000085420189688,1.002970445300892,-7.404758204808404e-05,0.05000004352008881,-0.050014117112653786,3.835808596612728e-07,-0.000134405152390811,6.903771197063959e-05,6.116959749768659e-05,16,24,7,3.409977531246235e-05,0.0004750361812144756,0.005014454014599323
LR_a0p7_q0,200000,1,0,30,True,0.05,5,0.007607522186701229,18,1.0004742192224838,0.995877160534327,0.00011492646720392269,0.05000270027911065,-0.04997830711290732,2.1010682013348246e-05,0.00018444908619102564,0.00011439449563144088,8.878609114845689e-05,17,21,13,4.869352287288957e-05,0.0009520432094082205,0.011507980525493622
LR_a0p7_q0,200000,1,1,79,True,0.05,5,-0.00921830652917395,15,0.9976478275451819,0.9977208049631064,-1.8244354481125602e-06,0.0499882350235128,-0.0499885934135085,-0.00010584364625376919,0.0001025531653528342,0.0013010105575777112,0.0011698990863336296,17,19,15,0.0006883021599203087,0.001146307451205083,0.11850275844335556
LR_a0p7_q0,200000,1,2,2,True,0.05,5,0.00019952347210684673,16,0.9984824183488461,0.9984975461193324,-3.781942621572387e-07,0.04999283887065073,-0.04999291207931442,-6.871795320838672e-05,6.80347733478304e-05,0.0008784986283669437,0.0008261624081744349,16,19,14,0.00042655194715239016,0.00042851030879208403,-0.085833340883255
LR_a0p7_q0,200000,1,3,72,True,0.05,5,-0.017444871750740942,14,0.9853495450802947,0.9993451848067222,-0.00034989099316068764,0.04992384831095285,-0.049997029906406684,-0.0006563710569382671,2.9770666070353028e-05,0.0005510478412840202,0.0005762725367797395,14,18,9,0.0003372443348570048,0.0008269093024387501,-0.06012054532766342
LR_a0p7_q0,200000,1,4,36,True,0.05,5,0.008676248725689506,16,0.9940588978401468,0.9941038719036103,-1.124351586587885e-06,0.049970052439618065,-0.04997027258768457,-0.00026710754761082766,0.0002650789925041383,0.0009606078308490554,0.0010143404916193109,16,19,14,0.0008439824125538465,0.0005552336927255314,0.14948709309101105
LR_a0p7_q0,200000,1,5,2,True,0.05,5,-0.002278099436808151,16,0.9926257599775573,0.9926075130917311,4.5617214565474296e-07,0.0499648972356222,-0.0499648117282554,-0.0003336092367445338,0.0003344360736685619,0.0018170101568405483,0.0018007056397315955,16,17,15,0.001055436608159178,0.0005654096717590639,0.1820705533027649
LR_a0p7_q0,200000,1,6,57,True,0.05,5,0.0013838069775553574,16,1.009097371879733,0.9994677978336061,0.00024073935115316927,0.05004339504870569,-0.04999743013747439,0.0004114735452810123,2.404024579405033e-05,0.00016629886627120104,0.00016274217448773853,16,20,12,0.00018138922693537856,0.0003038073849337357,-0.01942061260342598
LR_a0p7_q0,200000,1,7,27,True,0.05,5,-0.010470489509495959,16,0.99681660610577,0.9968129551972604,9.127271274542159e-08,0.049985226287120835,-0.049985208677766735,-0.00014439598183233913,0.00014456091790373638,0.0011715887532298523,0.001140194593103412,16,17,15,0.0006115098159274428,0.0005287028425018793,0.1321229785680771
LR_a0p7_q0,200000,1,8,37,True,0.05,5,-0.016124219680949344,14,0.9980054669183166,0.9715243166292478,0.0006620287572267208,0.049989827207529286,-0.049857356650834,-8.95538616134675e-05,0.0012811408193716283,0.0004097460869428897,0.0003899091616736103,14,18,11,0.00024811619119811257,0.00019414607272715204,0.04660716652870178
LR_a0p7_q0,200000,1,9,10,True,0.05,5,-0.00418788565155994,16,0.9995661924018858,1.003040577346534,-8.685962361620891e-05,0.04999776943482921,-0.050014421246327864,-1.9459814735044137e-05,-0.00013760762099883998,6.295567359800816e-05,5.457356806055917e-05,16,24,7,3.3545026529785894e-05,0.000516095864639349,0.005014454014599323
LR_a0p7_q0,200000,1,0,30,True,0.05,10,0.007607522186701229,18,0.9993272945173937,0.9947988259246595,0.0001132117148183523,0.049997088231460984,-0.04997303180442374,-3.0723505591167704e-05,0.00023309050819093045,9.956641020001175e-05,7.806123762597586e-05,17,21,13,4.184821335696877e-05,0.0007669523737373662,0.011507980525493622
LR_a0p7_q0,200000,1,1,79,True,0.05,10,-0.00921830652917395,15,0.9923693006316778,0.8810644688227498,0.002782620795223203,0.049962661871108364,-0.04946016496637612,-0.00034419683952438725,0.005406941525238589,0.0010238748394402553,0.0011614886907206213,16,18,15,0.0008516419931189486,0.0007228554674431774,0.11850275844335556
LR_a0p7_q0,200000,1,2,2,True,0.05,10,0.00019952347210684673,16,0.9912437750015493,0.9978545737966344,-0.00016526996987712914,0.04995654670776009,-0.04998968842881118,-0.00039435795768255687,9.695973897945717e-05,0.0008843393087209865,0.0007990363828162114,16,18,14,0.0005442438102173282,0.0003107248325100471,-0.085833340883255
LR_a0p7_q0,200000,1,3,72,True,0.05,10,-0.017444871750740942,14,0.9827809492849987,0.9968260972897525,-0.000351128700118844,0.04991140773456018,-0.04998482561551576,-0.00077236027031019,0.00014352075102796967,0.00045042763293237,0.0005143912419398645,16,18,11,0.00040681768553733053,0.00021248567058959936,-0.06012054532766342
LR_a0p7_q0,200000,1,4,36,True,0.05,10,0.008676248725689506,16,0.9926183884321268,1.045385999773074,-0.001319190283523678,0.04996287354459926,-0.0502163924963499,-0.00033195412299303316,-0.0020529074923038276,0.0007767269914344393,0.0007867175974297872,16,19,14,0.0008657637156130773,0.0004402398218086318,0.14948709309101105
LR_a0p7_q0,200000,1,5,2,True,0.05,10,-0.002278099436808151,16,0.9899239202197735,0.7927393408186301,0.004929614485028586,0.049950504180825944,-0.04896201902003716,-0.00045430816983712543,0.009325051979105582,0.0016148375866829442,0.0018295957762680692,15,17,15,0.0011885358533618353,0.0007087483071623967,0.1820705533027649
LR_a0p7_q0,200000,1,6,57,True,0.05,10,0.0013838069775553574,16,1.0087779596955224,0.9991402136213114,0.00024094365185527503,0.05004206421862511,-0.049996065247589414,0.0003968337661510907,3.905456652386982e-05,0.00015754691063639894,0.0001631079914367428,16,20,12,0.0001803391295756227,0.0004329456110832594,-0.01942061260342598
LR_a0p7_q0,200000,1,7,27,True,0.05,10,-0.010470489509495959,16,0.9962344059923278,0.9962404281067028,-1.5055285937717877e-07,0.049982347752234174,-0.049982379336267424,-0.00017062745261783597,0.00017035793093218387,0.0009151446038619622,0.0009366961138794809,16,17,15,0.000700607054735098,0.0005755834746542446,0.1321229785680771
LR_a0p7_q0,200000,1,8,37,True,0.05,10,-0.016124219680949344,14,0.9546351430021671,0.9707882476993096,-0.0004038276174285621,0.04977295897242148,-0.049853665969284866,-0.0020412018223131528,0.0013142535843194236,0.00032206785581511993,0.00032803426518631263,14,18,11,0.0007540338996948217,0.00017016098119988768,0.04660716652870178
LR_a0p7_q0,200000,1,9,10,True,0.05,10,-0.00418788565155994,16,0.9987752370660455,1.0072874510322576,-0.00021280534915530183,0.04999360874135549,-0.050035369185755046,-5.4846888053119874e-05,-0.00032900336585774744,6.915637957874458e-05,5.6106700667201526e-05,16,24,7,3.714480356035937e-05,0.0007435064845086204,0.005014454014599323
LR_a0p7_q0,200000,1,0,30,True,0.05,20,0.007607522186701229,18,0.997196050891184,0.9934954828719267,9.251420048143541e-05,0.04998671272894913,-0.049968592017440416,-0.00012691018438986613,0.00029381787384410985,6.024335874546193e-05,5.679055928606248e-05,17,21,13,6.54390490339921e-05,0.0005454510874502831,0.011507980525493622
LR_a0p7_q0,200000,1,1,79,True,0.05,20,-0.00921830652917395,15,0.9882621634115379,0.8789320810574777,0.0027332520588515055,0.04994281147466387,-0.04944984321063896,-0.0005297033040869846,0.005503239157765112,0.0008770337281304153,0.0006574250029262046,16,17,14,0.002995653872344648,0.0006679335361447598,0.11850275844335556
LR_a0p7_q0,200000,1,2,2,True,0.05,20,0.00019952347210684673,16,0.9831099838853008,0.997701334658533,-0.0003647837693308044,0.0499200996596509,-0.049988841643491384,-0.0007646004653858935,0.0001037749105645235,0.0006557634350398399,0.0012926778316498801,16,18,13,0.0007118444278323854,0.00042600038411449244,-0.085833340883255
LR_a0p7_q0,200000,1,3,72,True,0.05,20,-0.017444871750740942,14,1.0072193267860856,0.9954376445073723,0.00029454205696783503,0.05002553813375968,-0.04997808851595305,0.000335428205544477,0.00020620629058451062,0.00028898977030228113,0.0003801463441495381,14,18,11,0.0004230265486640832,0.00020600985638600364,-0.06012054532766342
LR_a0p7_q0,200000,1,4,36,True,0.05,20,0.008676248725689506,16,0.9385284152439869,1.0440281216386313,-0.0026374926598661114,0.049694676927836044,-0.05020958728831048,-0.002768256165636634,-0.0019918187936211456,0.0016156851174108117,0.0007905892832667013,18,19,16,0.0017770324369893809,0.0007499017612364057,0.14948709309101105
LR_a0p7_q0,200000,1,5,2,True,0.05,20,-0.002278099436808151,16,0.9859671873207249,0.8262994943395313,0.003991692324529839,0.04993250746777858,-0.04911367690338206,-0.0006341481017421351,0.0077987021864056125,0.0006943559689023231,0.0007144643527070355,15,17,15,0.0009522055830808067,0.0006482565258565083,0.1820705533027649
LR_a0p7_q0,200000,1,6,57,True,0.05,20,0.0013838069775553574,16,1.007864996688257,0.9989012484582421,0.00022409370575037293,0.05003801438385875,-0.049995224238555375,0.0003552354505540439,5.016181564329831e-05,0.0004905789694933459,0.0002394138902743972,16,20,12,0.002743321660836432,0.0008033074533746327,-0.01942061260342598
LR_a0p7_q0,200000,1,7,27,True,0.05,20,-0.010470489509495959,16,0.9955128788771711,0.9955213817627101,-2.1257213847145073e-07,0.04997891440310437,-0.049978955670397535,-0.00020327045924590983,0.00020288658226196834,0.0009607204400156347,0.0009670143675201452,16,17,15,0.0006268675738004246,0.0005804661753808291,0.1321229785680771
LR_a0p7_q0,200000,1,8,37,True,0.05,20,-0.016124219680949344,14,0.9528991170149781,0.9647027511123624,-0.00029509085243460687,0.04976453823447244,-0.049823685414725594,-0.0021195823837235226,0.0015885478591075382,0.0002845355051242228,0.00045635238197592787,14,18,11,0.0007835718364724265,0.0001476123154782836,0.04660716652870178
LR_a0p7_q0,200000,1,9,10,True,0.05,20,-0.00418788565155994,16,0.9950367546729234,1.006150745194986,-0.00027784976305156653,0.04997536311132881,-0.05002903160910323,-0.00022352537768256613,-0.0002785056506458823,0.0005873213228177008,3.391014935976368e-05,16,24,7,0.0018125924904906243,0.000556719601462129,0.005014454014599323
LR_a0p7_q0,200000,1,0,30,True,0.05,50,0.007607522186701229,18,0.9754588706306236,0.9901788723760443,-0.0003680000436355156,0.049879592443847785,-0.0499528183917214,-0.001106648912316596,0.0004438747729191468,7.732093699264536e-05,6.91266314069946e-05,18,21,13,0.0003706822275145212,0.0005392375447980946,0.011507980525493622
LR_a0p7_q0,200000,1,1,79,True,0.05,50,-0.00921830652917395,15,0.8506198693712954,0.775814311009931,0.0018701389590341094,0.04925331539718193,-0.04898303607926273,-0.0067223219286172056,0.010192320528766115,0.0006931998786518155,0.00041555836005063634,16,18,15,0.004796128972816117,0.0006924209308226984,0.11850275844335556
LR_a0p7_q0,200000,1,2,2,True,0.05,50,0.00019952347210684673,16,0.9383182827851291,1.0534207111755414,-0.0028775607097603073,0.049694722742264386,-0.050252063771916405,-0.0027788086030080435,-0.002418971786860644,0.0012500314529202792,0.0005087852731056899,16,18,14,0.004527988214268075,0.0007260748141876517,-0.085833340883255
LR_a0p7_q0,200000,1,3,72,True,0.05,50,-0.017444871750740942,14,0.885889097490148,0.9088029421117574,-0.0005728461155402355,0.04947019116390467,-0.04958484809026277,-0.005175736289397365,0.0041447009846747335,0.0002507013722507122,0.0003004344702652971,14,18,11,0.001829942130947159,0.0008880777127300528,-0.06012054532766342
LR_a0p7_q0,200000,1,4,36,True,0.05,50,0.008676248725689506,16,0.7518113406223565,0.9132977171651752,-0.004037159413570465,0.048804448334218466,-0.049554449535763906,-0.011213881303100595,0.003889563677505206,0.0007748457656174157,0.0020271365708704843,16,19,15,0.004587462163058176,0.00041315217090842,0.14948709309101105
LR_a0p7_q0,200000,1,5,2,True,0.05,50,-0.002278099436808151,16,0.8090231459782954,0.7306657948635953,0.0019589337778675026,0.049061045815099874,-0.048603044223979985,-0.00860988851618507,0.012069754480800197,0.000771876390475843,0.0006019333513712176,16,17,15,0.0029639562509007388,0.00044327671747827475,0.1820705533027649
LR_a0p7_q0,200000,1,6,57,True,0.05,50,0.0013838069775553574,16,0.9938592621245935,0.9912683684349705,6.477234224057729e-05,0.049965727480035006,-0.04995867431389617,-0.0002727643738053507,0.00039525589214764803,0.00041409087884397084,0.00015569506862897175,16,20,12,0.0028996642455213547,0.0014945447640868832,-0.01942061260342598
LR_a0p7_q0,200000,1,7,27,True,0.05,50,-0.010470489509495959,16,0.9826097103952447,0.9939002310608308,-0.00028226301663964934,0.04991450893581273,-0.04997054285947013,-0.0007840234160504505,0.0002755313064285276,0.0010441829081326156,0.001044101163416062,15,16,15,0.0015209922020499316,0.0009288663448265046,0.1321229785680771
LR_a0p7_q0,200000,1,8,37,True,0.05,50,-0.016124219680949344,14,0.8504435769626811,1.0100763561996025,-0.003990819480923037,0.04925138744943579,-0.05003472339995117,-0.006729208601301785,-0.0004690944100290515,0.0002835035795521645,0.0004956391536518032,15,18,11,0.0023650809193138875,0.0004591261415646057,0.04660716652870178
LR_a0p7_q0,200000,1,9,10,True,0.05,50,-0.00418788565155994,16,0.9875035702668328,1.005817055355628,-0.00045783712721988307,0.049939637850621804,-0.05002875141484277,-0.0005644593372801656,-0.00026210135293856253,0.00023486612349833504,5.8115002313602104e-05,16,23,7,0.0018047155465897224,0.0007244960026820026,0.005014454014599323
LR_a0p7_q0,200000,1,0,30,True,0.05,100,0.007607522186701229,18,0.9617177445964479,0.9988556895170408,-0.0009284486230148221,0.04981029611170581,-0.049993824505775664,-0.0017244088818836336,5.1040029923334466e-05,0.00016904634971552526,0.00015290791692451036,17,20,13,0.0005766925362399314,0.0007407205886378677,0.011507980525493622
LR_a0p7_q0,200000,1,1,79,True,0.05,100,-0.00921830652917395,15,0.7245792173808782,0.7953135085538923,-0.0017683572793253527,0.04862932526381712,-0.04908851115602865,-0.012400364394773346,0.00932283572833406,0.0018121688838533562,0.00043597866556147925,16,17,15,0.010054039288686057,0.0013777390678983772,0.11850275844335556
LR_a0p7_q0,200000,1,2,2,True,0.05,100,0.00019952347210684673,16,0.8999945503573655,1.1589022524133763,-0.006472692551400268,0.049520193716006605,-0.05078943816721353,-0.004520466198138368,-0.007155674453455381,0.0007045937040249723,0.0009156655901546667,16,18,13,0.0028805358036492123,0.0004086764774339672,-0.085833340883255
LR_a0p7_q0,200000,1,3,72,True,0.05,100,-0.017444871750740942,14,0.8673995192281458,0.8853470230568358,-0.00044868759571724953,0.04938188116718367,-0.049489865053285884,-0.00601190520577651,0.005222513900443973,0.0002294365406114835,0.0018403087068735913,15,18,13,0.0023687791983976456,0.000838154814963914,-0.06012054532766342
LR_a0p7_q0,200000,1,4,36,True,0.05,100,0.008676248725689506,16,0.3159508314114545,0.949055151228872,-0.015827607995435436,0.04675839857486713,-0.04972327226313886,-0.030960857004294358,0.002270514701695486,0.0008589997125446431,0.0006315699902348109,16,17,14,0.011467967425395431,0.0009006388946488291,0.14948709309101105
LR_a0p7_q0,200000,1,5,2,True,0.05,100,-0.002278099436808151,16,0.5128517058478943,0.5431827671192324,-0.0007582765317834528,0.04765396661424853,-0.047663931300671314,-0.022011381321853825,0.020504792944709686,0.004182996335599713,0.0005621570987958835,15,17,15,0.019293952720009798,0.003230855754161405,0.1820705533027649
LR_a0p7_q0,200000,1,6,57,True,0.05,100,0.0013838069775553574,16,0.9743675036095364,0.9810345639371184,-0.0001666765081895505,0.04986687123491797,-0.049909185180300394,-0.001148496054441239,0.0008574569834444142,0.0002682594165647512,0.00012117774218548556,16,20,12,0.0028845965732454014,0.0009587346688791611,-0.01942061260342598
LR_a0p7_q0,200000,1,7,27,True,0.05,100,-0.010470489509495959,16,0.90552937189289,0.9878475941411449,-0.0020579555562063694,0.04954018605998284,-0.049939935561724325,-0.004263717465338331,0.0005475558546669424,0.0005731352197981892,0.0021262967682349814,15,16,15,0.002175846333969558,0.0009471042791839256,0.1321229785680771
LR_a0p7_q0,200000,1,8,37,True,0.05,100,-0.016124219680949344,14,0.8148515333523967,0.9616935916384944,-0.0036710514571524425,0.049069471902817255,-0.049793364863101514,-0.008326895235197336,0.001708685281176847,0.00019729207674724862,0.0004102584771143143,14,18,11,0.002957811527679292,0.00024553660514111395,0.04660716652870178
LR_a0p7_q0,200000,1,9,10,True,0.05,100,-0.00418788565155994,16,0.9713271588072003,1.007587918086927,-0.0009065189819931693,0.04985800732771545,-0.05003626866306031,-0.001291649387355461,-0.0003431272412859899,0.0001660155244661809,1.6155326441879706e-05,16,23,7,0.0018320510101393008,0.0008327669277394412,0.005014454014599323
LR_a0p7_q0,200000,1,0,30,True,0.05,200,0.007607522186701229,18,0.9344769523186028,0.9768438155541681,-0.0010591715808891296,0.04967442913254535,-0.049886904846099756,-0.0029505815166152366,0.0010447140683911495,5.42312199043357e-05,5.609807955829754e-05,17,20,13,0.000977849457319276,0.0004232850350138601,0.011507980525493622
LR_a0p7_q0,200000,1,1,79,True,0.05,200,-0.00921830652917395,15,0.553803155156687,0.624297807710214,-0.001762366313838179,0.04788103868998201,-0.04833509406772804,-0.02019088093214765,0.01712020368221732,0.0008298341940788879,0.0002369316972612361,15,15,13,0.012343925183899734,0.0010126835839037787,0.11850275844335556
LR_a0p7_q0,200000,1,2,2,True,0.05,200,0.00019952347210684673,16,0.8802645017986721,1.2675686517785183,-0.009682603749496158,0.04941151550397248,-0.05132955794024945,-0.005398290414038905,-0.012048874648676499,0.0003447558120582209,0.0006082986272225123,16,18,12,0.003361635666588264,0.0005173462377164811,-0.085833340883255
LR_a0p7_q0,200000,1,3,72,True,0.05,200,-0.017444871750740942,14,0.5896923119743909,0.861089374649129,-0.006784926566868455,0.048056021467305234,-0.04939483291098075,-0.01857140586858588,0.006340364178524191,0.00020359531590166303,0.002376912697513802,14,16,11,0.00638012942607939,0.001809301291407699,-0.06012054532766342
LR_a0p7_q0,200000,1,4,36,True,0.05,200,0.008676248725689506,16,0.32850497172422943,0.9107292886735949,-0.01455560792373414,0.04681999108616802,-0.04949518756809867,-0.03039474249995671,0.003958723134418727,0.0008471462455294925,0.0008579064754707014,16,17,14,0.01060479668159569,0.0005283633958304518,0.14948709309101105
LR_a0p7_q0,200000,1,5,2,True,0.05,200,-0.002278099436808151,16,0.49008514008813175,0.5364714595998349,-0.0011596579877925783,0.04754239664315682,-0.04763118737605507,-0.02303813963875009,0.020807614396063344,0.00847352353043962,0.00042250320962857987,15,15,14,0.02356920244653946,0.005167109226561924,0.1820705533027649
LR_a0p7_q0,200000,1,6,57,True,0.05,200,0.0013838069775553574,16,0.9336525893641867,0.9492862230355659,-0.00039084084178447887,0.04965664604366957,-0.049751943484232425,-0.002974016575460218,0.0022876323324540508,0.00026827765761611736,7.807638456641634e-05,16,20,12,0.0030478443167022483,0.0010628343423818626,-0.01942061260342598
LR_a0p7_q0,200000,1,7,27,True,0.05,200,-0.010470489509495959,16,0.8344467441325498,0.9284110901784389,-0.002349108651147229,0.049187475643611756,-0.049654393949451224,-0.007465138436984339,0.0032338394405291796,0.0007258646226019051,0.0007222994151017967,16,17,15,0.003876661762794534,0.0008899531198460799,0.1321229785680771
LR_a0p7_q0,200000,1,8,37,True,0.05,200,-0.016124219680949344,14,0.6871851272570468,0.9529892164170742,-0.006645102229000686,0.04842889772247056,-0.04973250543479776,-0.014069641359618242,0.002083044613943952,0.0008455868565986389,0.00028592890444582386,14,18,11,0.007151407290018187,0.0005083942221412749,0.04660716652870178
LR_a0p7_q0,200000,1,9,10,True,0.05,200,-0.00418788565155994,16,0.9501487804750166,1.0120413730743227,-0.0015473148149826518,0.049755124232746126,-0.05006064223766005,-0.002247685208995334,-0.0005414264160561274,0.00019247870851948545,3.643122473545859e-05,16,23,7,0.0020884248334068793,0.0008469470814197673,0.005014454014599323
LR_a0p7_q0,200000,1,0,30,True,0.05,500,0.007607522186701229,18,0.7837096502518001,0.8938470874932916,-0.0027534359310372875,0.04897007899608406,-0.04949663250806037,-0.009784596483494029,0.00480427813339594,5.652893164895412e-05,0.0008436716134648262,17,19,13,0.0032707162187472546,0.0008864311366679554,0.011507980525493622
LR_a0p7_q0,200000,1,1,79,True,0.05,500,-0.00921830652917395,15,0.3628459705582668,0.25943383000102543,0.0025853035139310337,0.04701973466130101,-0.046618575838747275,-0.028877436133387592,0.03364688433869604,0.0041243488001403246,0.00014135468360556232,15,16,15,0.02041323217592594,0.0019413903002904556,0.11850275844335556
LR_a0p7_q0,200000,1,2,2,True,0.05,500,0.00019952347210684673,16,0.4633622026954379,1.2068980224645516,-0.018588395494227843,0.04730695352060209,-0.05115713053393799,-0.024138843385830198,-0.009187770589289523,0.00020211754503279958,0.0008484380063247039,16,17,13,0.008799534492156369,0.00029590271467610374,-0.085833340883255
LR_a0p7_q0,200000,1,3,72,True,0.05,500,-0.017444871750740942,14,0.19819302635104938,0.3073449284329774,-0.0027287975520482004,0.04611403597500687,-0.04679894348773821,-0.03620438465745438,0.03143169706608931,0.0009362919354863752,0.008605361145139734,14,16,14,0.015326605745699542,0.0017006565293761705,-0.06012054532766342
LR_a0p7_q0,200000,1,4,36,True,0.05,500,0.008676248725689506,16,0.14585945386130228,0.9349507275990072,-0.019727281843442624,0.04591665676497131,-0.04956250785649877,-0.03862368407190613,0.002814971476548321,0.0011009597123988646,0.0010818623133456095,16,16,13,0.014466307961025313,0.0008360166024769789,0.14948709309101105
LR_a0p7_q0,200000,1,5,2,True,0.05,500,-0.002278099436808151,16,-0.05743107195300412,0.21116012661759664,-0.006714779964265019,0.044865386946571884,-0.04600454104032037,-0.04773694054422207,0.03544653470944058,0.0021466340542299245,0.000569363179648751,16,16,16,0.022925058273752755,0.003170014567700875,0.1820705533027649
LR_a0p7_q0,200000,1,6,57,True,0.05,500,0.0013838069775553574,16,0.8232370756760401,0.874452926474725,-0.0012803962699671212,0.04909770347368829,-0.04939058888986016,-0.00793584968988628,0.005667942566123835,0.00042050443364851904,8.875185083578879e-05,16,18,12,0.00393100151637594,0.0019867106718808804,-0.01942061260342598
LR_a0p7_q0,200000,1,7,27,True,0.05,500,-0.010470489509495959,16,0.5109691824104097,0.8708828567744823,-0.008997841859101817,0.047633686052787304,-0.04937640097863337,-0.022085226932266867,0.005832258139909191,0.0006516982072925191,0.0009168108603225192,15,16,15,0.007966164157867911,0.00145539985883095,0.1321229785680771
LR_a0p7_q0,200000,1,8,37,True,0.05,500,-0.016124219680949344,14,0.40765414856172505,0.9345806054578099,-0.01317316142240212,0.04701726565129539,-0.049605442811075824,-0.026634558223209218,0.0028764125381852794,0.0016629334040322821,0.0007679364630819017,16,18,12,0.014949060702737653,0.001405592234041728,0.04660716652870178
LR_a0p7_q0,200000,1,9,10,True,0.05,500,-0.00418788565155994,16,0.895826905710946,0.9751883088290749,-0.0019840350779532223,0.049490592436334205,-0.049880098839477874,-0.004699247150786897,0.001120683398024146,0.00122189508411236,2.5098983780080846e-05,16,22,7,0.004947855375892298,0.0009431798806448545,0.005014454014599323
LR_a0p7_q0,200000,1,0,30,True,0.05,1000,0.007607522186701229,18,0.5826867010061337,0.833213355408072,-0.006263166360048457,0.04801600546125259,-0.04919913854141093,-0.018881670410945635,0.007538470771007435,0.005633328102887076,0.005759763405775359,17,19,13,0.014540570942000782,0.0024801947483303723,0.011507980525493622
LR_a0p7_q0,200000,1,1,79,True,0.05,1000,-0.00921830652917395,15,0.19877564730344388,0.14221580234008074,0.0014139961240840788,0.046263975148939804,-0.04611248102351638,-0.03632519278376768,0.03900169090651232,0.0007366037679684775,0.0003890560310860029,16,16,16,0.017131000902650132,0.0018571283372227536,0.11850275844335556
LR_a0p7_q0,200000,1,2,2,True,0.05,1000,0.00019952347210684673,16,0.350724204355109,1.327923842344193,-0.0244299909497271,0.046775948489542335,-0.05187413247816097,-0.0292397382717869,-0.014522059639048675,0.0003388682701107721,0.001955222976279422,16,17,12,0.010556383336509325,0.00028800269028469793,-0.085833340883255
LR_a0p7_q0,200000,1,3,72,True,0.05,1000,-0.017444871750740942,14,0.12800799459084597,0.024305686391918324,0.002592557704973193,0.04576534993797497,-0.04545599077628085,-0.03936495020843256,0.04424070645668503,0.0016122780595909502,0.0014083858692121782,14,15,15,0.019194401549091623,0.0020309932637939017,-0.06012054532766342
LR_a0p7_q0,200000,1,4,36,True,0.05,1000,0.008676248725689506,16,0.18800564031022565,0.7839894649612547,-0.014899595616275726,0.046126968741646165,-0.048831346982778814,-0.036726686726134786,0.009631873734715957,0.0010835501668419087,0.0015767434528874788,16,16,13,0.017383285463856188,0.0011140062680561583,0.14948709309101105
LR_a0p7_q0,200000,1,5,2,True,0.05,1000,-0.002278099436808151,16,-0.18631286851278128,0.07661203346607859,-0.006573122549471497,0.044212398696678146,-0.045386687007688,-0.05352804212231724,0.041556085334383965,0.0011751187449235377,0.0007852263318537436,17,16,16,0.022167607072579164,0.0021585253958583493,0.1820705533027649
LR_a0p7_q0,200000,1,6,57,True,0.05,1000,0.0013838069775553574,16,0.6644211395100809,0.8531823200861995,-0.004719029514402968,0.0482885725356006,-0.04926586275535148,-0.015067515560096617,0.006606746751041477,0.000456634432052861,0.00015874844342646282,16,18,12,0.00667220982234552,0.0009948979813937287,-0.01942061260342598
LR_a0p7_q0,200000,1,7,27,True,0.05,1000,-0.010470489509495959,16,0.27504121737748105,0.5840600925809726,-0.007725471880087292,0.046498492055052354,-0.0479981320501985,-0.03274643118617822,0.018795127421149846,0.0008099346288702846,0.0005579871613141955,15,15,15,0.012409398389200839,0.001587069783543106,0.1321229785680771
LR_a0p7_q0,200000,1,8,37,True,0.05,1000,-0.016124219680949344,14,0.35590443971024993,1.0362220364690529,-0.017007939918970077,0.04669087399265532,-0.05001511749090862,-0.028895652007142766,-0.0017959843325439625,0.001461532580069335,0.0013511976037014933,14,18,11,0.01594784358721507,0.0008494488268740749,0.04660716652870178
LR_a0p7_q0,200000,1,9,10,True,0.05,1000,-0.00418788565155994,16,0.8078930595427327,0.9197939532578658,-0.0027975223428783266,0.04906557338725841,-0.04961147837792465,-0.008670920410121765,0.0036217807150313226,0.0003864889078510904,3.221687974405833e-05,16,20,7,0.004485742539129956,0.0004155519892889771,0.005014454014599323
LR_a0p7_q0,200000,1,0,30,True,0.05,2000,0.007607522186701229,18,0.32511394787352493,0.8263917670767875,-0.012531945480081566,0.046796858772436306,-0.04917095967256564,-0.030541161378760142,0.007851371318726433,0.002619898998907428,0.004558370110194095,17,19,13,0.018061635725356927,0.0019643043071092135,0.011507980525493622
LR_a0p7_q0,200000,1,1,79,True,0.05,2000,-0.00921830652917395,15,0.2538719534173625,0.12297152183683213,0.0032725107895132596,0.046627828159968895,-0.04611752777442191,-0.033934230489100776,0.039968951682580287,0.0009530070535953087,0.0032322924281632565,15,15,14,0.019210168180253225,0.0020674168046871323,0.11850275844335556
LR_a0p7_q0,200000,1,2,2,True,0.05,2000,0.00019952347210684673,16,0.19376394709333278,1.2973239513781192,-0.027589000107119663,0.04599078313476254,-0.05203997813304375,-0.03630258578009586,-0.012826219435862218,0.0014027829491166741,0.001151798024231771,16,17,12,0.016808531793864347,0.0014258613731831732,-0.085833340883255
LR_a0p7_q0,200000,1,3,72,True,0.05,2000,-0.017444871750740942,14,0.06674134980740154,0.10402511875644366,-0.0009320942237260529,0.045440022187320045,-0.045747897528606765,-0.04210295469695,0.04054664159078447,0.007095629825842665,0.0019675802180907196,16,16,16,0.031175706767145855,0.00514703925052594,-0.06012054532766342
LR_a0p7_q0,200000,1,4,36,True,0.05,2000,0.008676248725689506,16,0.02398608165080654,0.4235678423415846,-0.009989544017269453,0.04532682912793285,-0.04704477217217746,-0.04412752504539243,0.025866380055098354,0.000587357524054902,0.00167354982487827,17,17,16,0.019924435872691427,0.0014290749854318544,0.14948709309101105
LR_a0p7_q0,200000,1,5,2,True,0.05,2000,-0.002278099436808151,16,-0.037141346936503394,0.03251580630410977,-0.0017414288310153292,0.044934805132888,-0.04518170638032515,-0.046791872479713045,0.043555916065119556,0.002221565543204914,0.002451523468891847,15,15,15,0.02199200310781643,0.0026798646294827998,0.1820705533027649
LR_a0p7_q0,200000,1,6,57,True,0.05,2000,0.0013838069775553574,16,0.4282787739259586,0.8217502867919108,-0.009836787821648804,0.04709013649935162,-0.04907649782126863,-0.025676197803053614,0.00798898348167302,0.001573164928625788,0.000595098691625528,16,16,12,0.012992976362129456,0.0011405385104556712,-0.01942061260342598
LR_a0p7_q0,200000,1,7,27,True,0.05,2000,-0.010470489509495959,16,0.10555119898244557,0.2030107800097871,-0.0024364895256835384,0.0456863835874215,-0.046168509393146206,-0.040408823638299216,0.03601797039265682,0.0003521710347655479,0.0003654959628371553,15,15,15,0.01505116493115701,0.0017018547374039968,0.1321229785680771
LR_a0p7_q0,200000,1,8,37,True,0.05,2000,-0.016124219680949344,14,0.2401915893896736,0.9879747709875445,-0.018694579539946774,0.046048405230944375,-0.04965088218818405,-0.03403882576146065,0.00025214363880688546,0.002125489181240957,0.0016578388812865115,15,17,11,0.02110643041274618,0.0010325582839625068,0.04660716652870178
LR_a0p7_q0,200000,1,9,10,True,0.05,2000,-0.00418788565155994,16,0.6801306996948006,0.8712045372708738,-0.004776845939401827,0.04843190783693764,-0.049383952980257745,-0.014425372852197737,0.005823726116713975,0.0029703165862784288,2.9068758318901962e-05,16,19,8,0.011806478160079435,0.0019098612326943984,0.005014454014599323
LR_a0p7_q0,200000,2,0,96,True,0.05,1,0.013908708152762461,16,0.9997779449156626,0.9997779449156619,2.0816681711721685e-17,0.04999888668927245,-0.04999888668927244,-9.98944348942358e-06,9.989443489404114e-06,0.0007870600624699198,0.0006684560218509763,18,22,12,0.00019900753500085898,0.0006685484788019748,-0.047187089920043945
LR_a0p7_q0,200000,2,1,24,True,0.05,1,0.009264070668542883,19,0.9991805657851915,0.9991805657851893,5.551115123125783e-17,0.04999610632254747,-0.04999610632254747,-3.7078033288076166e-05,3.707803328803517e-05,0.004192096678290051,0.0036664398648806433,17,22,10,0.0002508752853935469,0.00033443386135990417,-0.1260657012462616
LR_a0p7_q0,200000,2,2,83,True,0.05,1,-0.0037477763402478936,16,0.9978749878614585,0.9978749878614607,-5.551115123125783e-17,0.0499904041129168,-0.049990404112916775,-9.665471984384285e-05,9.66547198438432e-05,0.0054744688188203385,0.005206894546050683,16,19,14,0.0004720630296395504,0.0005140371706402912,0.1979062557220459
LR_a0p7_q0,200000,2,3,2,True,0.05,1,0.02571697448498513,18,0.9998876656343247,0.9998876656343203,1.1102230246251565e-16,0.04999938353039646,-0.04999938353039646,-5.000248680494452e-06,5.000248680500689e-06,0.00089758587060354,0.0007831611040688938,18,20,14,0.00010338372955594743,0.0006934766692769078,0.03511323407292366
LR_a0p7_q0,200000,2,4,17,True,0.05,1,-0.008745645423330312,16,0.9985163660185226,0.9985163660185222,6.938893903907228e-18,0.049992408845854014,-0.049992408845854,-6.659054492790031e-05,6.659054492786783e-05,0.0031714334385503293,0.0030071039429487322,16,18,14,0.0003431257061142591,0.0003056067291739971,0.12321650981903076
LR_a0p7_q0,200000,2,5,89,True,0.05,1,0.007175313811362868,16,0.9980403834353985,0.9980403834353979,1.3877787807814457e-17,0.04999017513087003,-0.04999017513087001,-8.815595910015966e-05,8.815595910021636e-05,0.006244812131251348,0.006065060633288442,16,18,14,0.0004179310557895535,0.0004764900711275532,-0.20025360584259033
LR_a0p7_q0,200000,2,6,16,True,0.05,1,-0.002132777026816246,15,0.9999909313622429,0.9999909313622429,0.0,0.04999995671293192,-0.04999995671293192,-4.1014481992373427e-07,4.1014481955908833e-07,0.0003337718530015924,0.00029191368561497265,15,21,11,3.276832696318071e-05,0.0004927063666470132,0.01329217478632927
LR_a0p7_q0,200000,2,7,12,True,0.05,1,-0.021662947808019944,15,0.9874277112884368,0.9874277112884398,-7.632783294297951e-17,0.04994342676238079,-0.04994342676238079,-0.000572041197958871,0.0005720411979587995,0.007186232151141235,0.006963257651774412,15,17,14,0.0010049770599225498,0.000969945649894065,0.3363725244998932
LR_a0p7_q0,200000,2,8,83,True,0.05,1,-0.017226272520772287,14,0.9996744717785239,0.9996744717785261,-5.551115123125783e-17,0.049998519991964446,-0.049998519991964446,-1.4796403038406874e-05,1.4796403038129138e-05,0.0019255794514318266,0.0018347170015269383,14,18,14,0.0002032528271402532,0.00017128243285891546,-0.07772289961576462
LR_a0p7_q0,200000,2,9,69,True,0.05,1,0.007567282602954053,17,1.0059301146451243,0.9999947909478524,0.00014838309243180026,0.05002817792236061,-0.04999997524832556,0.00026832780989570053,2.3570093312185492e-07,0.0002796441287144887,0.00023790464797844772,17,23,13,9.739866457669632e-05,0.00033567980445438345,0.010051230899989605
LR_a0p7_q0,200000,2,0,96,True,0.05,2,0.013908708152762461,16,0.9993716131035529,0.999377754180461,-1.5352692270265145e-07,0.04999695593633774,-0.04999698511668224,-2.837528116008189e-05,2.8097407659253182e-05,0.0006034261582281162,0.0005613080620135304,18,22,12,0.00022457542611611914,0.0005382164666191337,-0.047187089920043945
LR_a0p7_q0,200000,2,1,24,True,0.05,2,0.009264070668542883,19,0.9989920517934708,0.998987993197519,1.0146489879542253e-07,0.049995210567078924,-0.049995191281987775,-4.560797740541222e-05,4.57916221115355e-05,0.0037849463789308676,0.0032730752843846437,17,22,10,0.00032305009698095193,0.0004292907341334327,-0.1260657012462616
LR_a0p7_q0,200000,2,2,83,True,0.05,2,-0.0037477763402478936,16,0.9972691854709909,0.997272024598575,-7.09781896035544e-08,0.049987525542476596,-0.049987539033061745,-0.00012406626892699825,0.0001239378031329676,0.004946363034743557,0.004710754441963562,16,18,13,0.0005692219495356361,0.0005286503954217522,0.1979062557220459
LR_a0p7_q0,200000,2,3,2,True,0.05,2,0.02571697448498513,18,0.9997752077045097,0.9997827514080354,-1.885925881434103e-07,0.04999882238354958,-0.04999886002540774,-1.00619983243155e-05,9.72245500611885e-06,0.0004940246211323491,0.000434023172866658,18,20,14,0.00016673418795845463,0.0006832393849913039,0.03511323407292366
LR_a0p7_q0,200000,2,4,17,True,0.05,2,-0.008745645423330312,16,0.9977426339680151,0.997760756278592,-4.5305776442267076e-07,0.04998844997234719,-0.049988542696870045,-0.0001013182739464535,0.00010050488294047313,0.0019652379085710768,0.0017657674981559272,16,18,14,0.0005593656943766181,0.0007863620215877439,0.12321650981903076
LR_a0p7_q0,200000,2,5,89,True,0.05,2,0.007175313811362868,16,0.996340090180154,0.996344259349321,-1.042292291746072e-07,0.04998209590572792,-0.04998211571622602,-0.00016509139672017247,0.00016490274875999468,0.00448323385594217,0.004337647475211558,16,18,14,0.0006714555123124942,0.0004163626476640013,-0.20025360584259033
LR_a0p7_q0,200000,2,6,16,True,0.05,2,-0.002132777026816246,15,1.000007203200093,1.0001285217940903,-3.032964849929154e-06,0.05000003438282809,-0.05000061346938767,3.257771763921086e-07,-5.812620316758712e-06,0.00025698329175282363,0.0002549314268883261,15,21,11,5.213716186684409e-05,0.0005036323420461295,0.01329217478632927
LR_a0p7_q0,200000,2,7,12,True,0.05,2,-0.021662947808019944,15,0.9870728628899175,0.9870636843934796,2.294624109472343e-07,0.049941778754803295,-0.049941736127496084,-0.0005881356103073704,0.0005885519078221472,0.00682810244917251,0.0066525187410934146,15,17,14,0.0010487292221650537,0.0010182983416129727,0.3363725244998932
LR_a0p7_q0,200000,2,8,83,True,0.05,2,-0.017226272520772287,14,0.9322772466320467,0.999379811733036,-0.0016775641275247333,0.04964371733217671,-0.04999696879801474,-0.0030298550005745644,2.797821136293226e-05,0.0007713238889856766,0.0011946266248348525,14,18,13,0.001121548043216151,0.0006775243706970105,-0.07772289961576462
LR_a0p7_q0,200000,2,9,69,True,0.05,2,0.007567282602954053,17,1.0059321052619197,0.9999977205541088,0.00014835961769527062,0.05002818790265462,-0.04999998993640209,0.00026841736044128914,1.0390869675822717e-07,0.00011182495680287034,0.00010293827279333697,17,23,13,0.00010714918706696314,0.00034302326522561976,0.010051230899989605
LR_a0p7_q0,200000,2,0,96,True,0.05,5,0.013908708152762461,16,1.0001253320942816,1.0001413415368732,-4.00236064790338e-07,0.05000092381186863,-0.05000100665974955,5.342792845489327e-06,-6.060417094211922e-06,0.000467911222920583,0.0005928512631163651,19,23,12,0.0002958680661558876,0.0009549712610171172,-0.047187089920043945
LR_a0p7_q0,200000,2,1,24,True,0.05,5,0.009264070668542883,19,1.0219754702885513,0.8728996055909213,0.0037268966174407517,0.0501171276397778,-0.04939580130814676,0.000981645874650008,0.005750821028600748,0.0018485453775409103,0.0016533064560288887,10,22,10,0.0007327939961073783,0.0010577829165372052,-0.1260657012462616
LR_a0p7_q0,200000,2,2,83,True,0.05,5,-0.0037477763402478936,16,0.9937262627314852,0.9936996458017844,6.654232425212792e-07,0.04996956374292261,-0.049969434228896104,-0.0002832506063483501,0.0002844519388066969,0.0023736226925619086,0.0019506180956290876,14,18,13,0.002160562696977911,0.0007034631362273747,0.1979062557220459
LR_a0p7_q0,200000,2,3,2,True,0.05,5,0.02571697448498513,18,0.9753429369249289,0.9997477687855699,-0.0006101207965160255,0.04989178275582845,-0.049999060358623754,-0.0011246359095820795,1.1671919345270024e-05,0.00045499055822855914,0.00044413422418037375,18,20,14,0.00042089412019750245,0.0007372965750342651,0.03511323407292366
LR_a0p7_q0,200000,2,4,17,True,0.05,5,-0.008745645423330312,16,0.9947924810064696,0.9948445537880896,-1.3018195405001265e-06,0.04997364548324132,-0.04997390125263412,-0.00023402143291793826,0.00023167356322956867,0.0007434701705219401,0.0007658990308711342,16,18,14,0.0007542290304860927,0.0006029987957196367,0.12321650981903076
LR_a0p7_q0,200000,2,5,89,True,0.05,5,0.007175313811362868,16,0.9930502552222095,1.1074098290809267,-0.00285898934646793,0.049967015961829876,-0.05048316155084588,-0.00031450320071937205,-0.004887329903200521,0.002502626135781181,0.0025025182541110387,16,18,14,0.0011218113687639646,0.0006551563535459762,-0.20025360584259033
LR_a0p7_q0,200000,2,6,16,True,0.05,5,-0.002132777026816246,15,0.999271957944294,0.9993963967408311,-3.1109699134279634e-06,0.04999649660116766,-0.04999709083663277,-3.2898703953026516e-05,2.727099959113456e-05,0.00030920334642641184,0.00026235442021490065,15,21,11,6.612873701186811e-05,0.00020276048062190224,0.01329217478632927
LR_a0p7_q0,200000,2,7,12,True,0.05,5,-0.021662947808019944,15,0.9831069791103725,0.9831008965297527,1.5206451549343303e-07,0.04992286491120532,-0.04992283775658529,-0.0007675159556867353,0.0007677929300976781,0.004783776529115195,0.004685840868602124,15,17,14,0.0014148849742223527,0.0012274673080182505,0.3363725244998932
LR_a0p7_q0,200000,2,8,83,True,0.05,5,-0.017226272520772287,14,0.9311603708574828,0.9983949707542611,-0.0016808649974194567,0.04963782197365288,-0.049991835594674766,-0.0030798034307786826,7.208705696172057e-05,0.0007817698693690402,0.0008219260469410174,14,18,14,0.0011370157363758517,0.00031526593501081054,-0.07772289961576462
LR_a0p7_q0,200000,2,9,69,True,0.05,5,0.007567282602954053,17,1.0059882728944152,1.0000525931805881,0.0001483919928456784,0.050028428858537116,-0.050000225224017814,0.00027098478618370044,-2.4044350117034467e-06,0.0001224797834129071,0.00010984696732403498,17,23,13,0.00010704126558143654,0.0003956733918780729,0.010051230899989605
LR_a0p7_q0,200000,2,0,96,True,0.05,10,0.013908708152762461,16,1.0119936846940174,1.0093865256491474,6.517897612175194e-05,0.05005436829216178,-0.05004751451998579,0.0005453159425390724,-0.0004218117624716525,0.0002605958762778386,0.00034891471615865736,18,22,12,0.0003204378681609,0.0007434670863673921,-0.047187089920043945
LR_a0p7_q0,200000,2,1,24,True,0.05,10,0.009264070668542883,19,1.132364948516811,0.8229813852449791,0.007734589081795799,0.050671503706830615,-0.049169520657557,0.00594674371900967,0.008020451395307712,0.0014430849089963923,0.0012668165986381575,12,22,10,0.002250321889889209,0.0008789342888266233,-0.1260657012462616
LR_a0p7_q0,200000,2,2,83,True,0.05,10,-0.0037477763402478936,16,0.9919999328283857,0.9925355725797425,-1.3390993783918281e-05,0.04996090849593221,-0.04996359795088595,-0.0003609118545129745,0.00033681932189888887,0.0023132055506338654,0.002351481510445635,16,18,13,0.002257901669658202,0.0006282826909166553,0.1979062557220459
LR_a0p7_q0,200000,2,3,2,True,0.05,10,0.02571697448498513,18,0.973494028933336,0.9975318291392032,-0.0006009450051466803,0.049882715674842315,-0.04998817664969385,-0.0012080142281751618,0.00011158519273376846,0.00036138815961386014,0.0003721341742126624,18,20,14,0.0004587011966473799,0.00014664226302139077,0.03511323407292366
LR_a0p7_q0,200000,2,4,17,True,0.05,10,-0.008745645423330312,16,0.9935654169953911,0.9935748956681913,-2.369668200066788e-07,0.04996730413278869,-0.04996733244059427,-0.00028903328301920286,0.00028858765718468003,0.0006740742322470111,0.0007806901807521333,16,18,14,0.0007283916065750096,0.00041688110857418417,0.12321650981903076
LR_a0p7_q0,200000,2,5,89,True,0.05,10,0.007175313811362868,16,0.990795608080629,1.0645083755549758,-0.00184281918685867,0.049953848073258644,-0.050241075546983385,-0.0004140676692271829,-0.0029843432307655217,0.0015334682880640959,0.0015929810733936016,16,18,14,0.0011836000619353682,0.0006873045941354127,-0.20025360584259033
LR_a0p7_q0,200000,2,6,16,True,0.05,10,-0.002132777026816246,15,0.9977370936046082,0.9994775147198964,-4.351052788220677e-05,0.0499901643375516,-0.04999759487515093,-0.00010330965732119091,2.3719139156092632e-05,5.423955976150048e-05,4.54478906858171e-05,15,21,11,4.415548080054891e-05,0.0001709606809556972,0.01329217478632927
LR_a0p7_q0,200000,2,7,12,True,0.05,10,-0.021662947808019944,15,0.9764686406597434,0.9764531617042834,3.8697388649727715e-07,0.04989060292635092,-0.0498905336169531,-0.0010671708933637646,0.0010678755317389203,0.00327411543849104,0.0033807997201930878,15,17,14,0.001827849309457522,0.0014572258850197993,0.3363725244998932
LR_a0p7_q0,200000,2,8,83,True,0.05,10,-0.017226272520772287,14,0.9303854953943053,0.9974288982930568,-0.0016760850724687887,0.04963387777172382,-0.049986996285642626,-0.003114603002008604,0.00011555137098964228,0.000541817836101133,0.0005724959111220261,14,18,14,0.001147593212966957,0.0004033745592297656,-0.07772289961576462
LR_a0p7_q0,200000,2,9,69,True,0.05,10,0.007567282602954053,17,1.007654779285857,0.999023986926475,0.00021576980898455056,0.050035940008381574,-0.04999493298065172,0.00034679895591130405,4.373363432790934e-05,7.160910805167657e-05,6.973660115357039e-05,17,23,13,0.00012961123171818884,0.0005663755206160621,0.010051230899989605
LR_a0p7_q0,200000,2,0,96,True,0.05,20,0.013908708152762461,16,0.9469679198435632,0.9949602175290467,-0.001199807442137088,0.04973896746446041,-0.04997208259828112,-0.002390571472282276,0.00022407172182890023,0.0004782057836286293,0.00028179456874645914,18,22,12,0.0008737907750869123,0.00049780270072315,-0.047187089920043945
LR_a0p7_q0,200000,2,1,24,True,0.05,20,0.009264070668542883,19,1.3262616072988713,0.7633680918055752,0.014072337887332406,0.05157891794184147,-0.04885453466676354,0.014734162423102094,0.010686130076484977,0.0015828475475918155,0.0013573034436633181,16,22,10,0.005067306929832039,0.00047184840341440976,-0.1260657012462616
LR_a0p7_q0,200000,2,2,83,True,0.05,20,-0.0037477763402478936,16,1.027110869365615,0.9932752653502952,0.0008458901003829955,0.05013627546303931,-0.04996687094335561,0.0012192680052414986,0.0003031076758408805,0.0030207140059780994,0.002434582516903149,16,19,13,0.0022098572770706403,0.00047834805941412344,0.1979062557220459
LR_a0p7_q0,200000,2,3,2,True,0.05,20,0.02571697448498513,18,0.9716218089455597,1.0056742555222176,-0.0008513111644164462,0.049873510592650994,-0.050028918878902484,-0.001292420145372895,-0.00025479389720813614,0.00022204608828759048,0.00021889972191979577,18,20,14,0.0004704200531593149,0.00021270677535138296,0.03511323407292366
LR_a0p7_q0,200000,2,4,17,True,0.05,20,-0.008745645423330312,16,0.9923674951263112,1.0095935118824706,-0.0004306504189039856,0.049961098603333365,-0.05002461694684793,-0.00034272384701785046,-0.00045505864727563445,0.0015447866851499962,0.0006305448273817914,17,18,14,0.0014543437764833176,0.0008051326464932417,0.12321650981903076
LR_a0p7_q0,200000,2,5,89,True,0.05,20,0.007175313811362868,16,0.9847482057991171,1.05810471528436,-0.0018339127371310715,0.0499262810872889,-0.05021202625636749,-0.0006888707973330382,-0.00269320950785051,0.0013396967696005014,0.001444335233555295,17,18,15,0.001302086101556674,0.0007039610889163261,-0.20025360584259033
LR_a0p7_q0,200000,2,6,16,True,0.05,20,-0.002132777026816246,15,0.9951975995202541,0.9992147112032826,-0.0001004277920757142,0.049978548528947994,-0.049996597878978165,-0.00021866855293528755,3.5862318814091985e-05,0.0001444122659441802,0.00018587629122296867,15,21,11,8.278074205109137e-05,0.0004986973695671708,0.01329217478632927
LR_a0p7_q0,200000,2,7,12,True,0.05,20,-0.021662947808019944,15,0.9759511730217343,0.9760021031981492,-1.2732544103707943e-06,0.04988779575553427,-0.04988803474196715,-0.0010902371044476573,0.0010879295820596221,0.00330782884663685,0.003212641132645452,15,17,14,0.001687874888743047,0.0012944673282190382,0.3363725244998932
LR_a0p7_q0,200000,2,8,83,True,0.05,20,-0.017226272520772287,14,0.9289816654629074,0.9954297328925493,-0.0016612016857410483,0.0496273112148258,-0.04997735505469761,-0.0031782279416805556,0.00020586841006998058,0.0006059004917084922,0.0005489865656024367,14,18,14,0.001967402344468485,0.0003850229625364586,-0.07772289961576462
LR_a0p7_q0,200000,2,9,69,True,0.05,20,0.007567282602954053,17,0.9974638210320758,1.000152883780459,-6.722656870958299e-05,0.04998258867112107,-0.050000860929448526,-0.00010939761951738699,-6.783259574396821e-06,0.0005103259525823237,7.797199399001384e-05,17,23,13,0.001813117298278713,0.0004708063148671441,0.010051230899989605
LR_a0p7_q0,200000,2,0,96,True,0.05,50,0.013908708152762461,16,0.9142282537010965,0.9464387634104959,-0.0008052627427349857,0.04959404367482459,-0.049753400267583126,-0.0038826309897696566,0.0024314620970584603,0.0002961674141046529,0.00033373537373404506,19,22,12,0.00134119152402084,0.0005597977281436151,-0.047187089920043945
LR_a0p7_q0,200000,2,1,24,True,0.05,50,0.009264070668542883,19,1.079614837579042,0.6256219422549011,0.01134982238310352,0.05033894129435825,-0.04819847891389127,0.003641800584593443,0.01691738180114583,0.0004884982416165305,0.0005560172572243027,10,22,10,0.0029378841440906383,0.0018544793550475253,-0.1260657012462616
LR_a0p7_q0,200000,2,2,83,True,0.05,50,-0.0037477763402478936,16,0.8772298229459591,0.8325598380266053,0.0011167496229838453,0.04941990484905709,-0.04919668163383886,-0.005558413701759102,0.007568689732508658,0.0010952901528805334,0.0020709377341713605,16,18,14,0.003474871628870778,0.0007734535033984361,0.1979062557220459
LR_a0p7_q0,200000,2,3,2,True,0.05,50,0.02571697448498513,18,0.9245913022181118,1.018088940655163,-0.002337440960926279,0.04966507118770325,-0.050094718101986124,-0.003435506076797728,-0.0008097289307715709,0.00012756146894707596,0.00014821613366119225,18,20,14,0.0011847939929775086,0.0004134417972845518,0.03511323407292366
LR_a0p7_q0,200000,2,4,17,True,0.05,50,-0.008745645423330312,16,0.8767524175369273,1.0460580194340166,-0.004232640047427232,0.04941971680767915,-0.05018570031244722,-0.005582095930832801,-0.002117200659253691,0.0011394159938446491,0.0013688712487752576,16,18,14,0.0032210078997574262,0.0003227230789112071,0.12321650981903076
LR_a0p7_q0,200000,2,5,89,True,0.05,50,0.007175313811362868,16,0.9791722867447353,1.1201609713847345,-0.0035247171159999806,0.04989950429261943,-0.05056699984290301,-0.0009408899553826444,-0.005441048726333808,0.0009097552474393943,0.001124741004186081,16,18,14,0.0013557639314513985,0.0006781544175600782,-0.20025360584259033
LR_a0p7_q0,200000,2,6,16,True,0.05,50,-0.002132777026816246,15,1.0013858339825066,0.9879598634561813,0.00033564926315813107,0.05000850682815383,-0.04994314365424595,6.078487097145427e-05,0.0005451504814370086,0.00031009054525729516,0.0003130673710514887,17,21,11,0.00015102306509379932,0.0010246001388815637,0.01329217478632927
LR_a0p7_q0,200000,2,7,12,True,0.05,50,-0.021662947808019944,15,0.8085454576951545,0.966465349611563,-0.003947997297910212,0.04903150866202616,-0.04983860407577329,-0.0086042357772684,0.0015153365951951516,0.0022969714263690964,0.002780411218146551,14,15,14,0.0036579856847855424,0.0014248303697680781,0.3363725244998932
LR_a0p7_q0,200000,2,8,83,True,0.05,50,-0.017226272520772287,14,0.8840518850824786,1.0101330496800653,-0.0031520291149396695,0.049391619223548455,-0.05005111450906882,-0.005189024969424669,-0.0004555379749344924,0.00038273894863459675,0.0003521129725644772,14,18,12,0.002394357652629361,0.0008974834175274289,-0.07772289961576462
LR_a0p7_q0,200000,2,9,69,True,0.05,50,0.007567282602954053,17,0.982768865169788,0.996288956287183,-0.0003380022779348735,0.049912866198373235,-0.049982158011959904,-0.0007744229398838813,0.00016771019760079202,0.0002029758004207163,5.682863060116016e-05,17,22,13,0.0018156466544697188,0.0007398896000330972,0.010051230899989605
LR_a0p7_q0,200000,2,0,96,True,0.05,100,0.013908708152762461,16,0.8909343160482482,0.9380914176931848,-0.0011789275411234132,0.04947929211515552,-0.049715216066907014,-0.004932576312743142,0.0028106451822477643,0.00035901507496265925,0.0003114864041475807,19,22,14,0.0016600915513421879,0.0005955377903261062,-0.047187089920043945
LR_a0p7_q0,200000,2,1,24,True,0.05,100,0.009264070668542883,19,0.6380455514512886,0.486951482028249,0.0037773517355759907,0.04812743560588924,-0.0474714051175306,-0.0162251580333247,0.023123831016118174,0.0004456401657590889,0.0018469225918378727,12,22,10,0.006049966473242909,0.0024935151649752812,-0.1260657012462616
LR_a0p7_q0,200000,2,2,83,True,0.05,100,-0.0037477763402478936,16,0.9320943203941623,0.6114301048923065,0.008016605387546394,0.04969657045728615,-0.048122267793985735,-0.003091854437577988,0.01755076254937047,0.0008711245523616517,0.0009875781297637135,14,18,14,0.004998497401967158,0.0009942403771028769,0.1979062557220459
LR_a0p7_q0,200000,2,3,2,True,0.05,100,0.02571697448498513,18,0.9081070273481384,0.9662033286946037,-0.0014524075336616316,0.04959360921799866,-0.04985055746681233,-0.0041882578505921895,0.0015403910320821812,0.002033377221420186,0.0001831250858527994,18,20,14,0.004101455495083932,0.00020618441580402602,0.03511323407292366
LR_a0p7_q0,200000,2,4,17,True,0.05,100,-0.008745645423330312,16,0.7661472556411691,0.8943918364855752,-0.003206114521110151,0.04888893047161896,-0.049466790646936265,-0.010581567689560593,0.004747198822657481,0.0008002917414536654,0.0002451537117377024,15,18,14,0.005654603973929255,0.0008694731010546127,0.12321650981903076
LR_a0p7_q0,200000,2,5,89,True,0.05,100,0.007175313811362868,16,0.9263354536795717,1.0170171092195002,-0.00226704138849821,0.049674109813246756,-0.05002756890119342,-0.003357337129268133,-0.0008232865597814572,0.0009467609050608715,0.0034260187150105216,16,18,14,0.002247888660398417,0.0006847760445083798,-0.20025360584259033
LR_a0p7_q0,200000,2,6,16,True,0.05,100,-0.002132777026816246,15,0.9995526807007784,0.9385664733723542,0.0015246551832106062,0.04999508071108867,-0.049709064877260845,-1.744667604996037e-05,0.002780741208642976,0.00015256747727720172,0.00014704437199858578,15,21,11,9.282683607304906e-05,0.00016737475568226695,0.01329217478632927
LR_a0p7_q0,200000,2,7,12,True,0.05,100,-0.021662947808019944,15,0.6763444461056162,0.9811760949180738,-0.0076207912203114445,0.04839465493030516,-0.0499141745956569,-0.014577432625024242,0.0008553698497532676,0.0014571523921159642,0.00248174724669778,14,15,14,0.00579308481376697,0.0013967257511981375,0.3363725244998932
LR_a0p7_q0,200000,2,8,83,True,0.05,100,-0.017226272520772287,14,0.719631812487479,1.0019058733626562,-0.007056851521879431,0.048543187731189985,-0.05001054281684658,-0.01256159710681606,-8.475085128621861e-05,0.00042244359607681166,0.0003749070108816451,14,18,14,0.0045927390623650925,0.0007647199584513635,-0.07772289961576462
LR_a0p7_q0,200000,2,9,69,True,0.05,100,0.007567282602954053,17,0.9703288831071144,0.9965071272305054,-0.0006544561030847745,0.04983899887785831,-0.04998249811021169,-0.001322554722502431,0.0001571417486864894,0.00015865309889295508,8.51099463068126e-05,17,22,13,0.001842829655925067,0.0007621972354151987,0.010051230899989605
LR_a0p7_q0,200000,2,0,96,True,0.05,200,0.013908708152762461,16,0.9386231819052104,0.8828010598469443,0.0013955530514566522,0.04972678459858576,-0.04949044433328706,-0.002795625503325308,0.0053503913409397915,0.0005609406415550117,0.0002487825287043557,18,22,13,0.0042669364211886706,0.0005302607633732744,-0.047187089920043945
LR_a0p7_q0,200000,2,1,24,True,0.05,200,0.009264070668542883,19,0.8273262716381138,0.08067491427824966,0.018666283933996605,0.04902427311975467,-0.04536546828454282,-0.007657959537848992,0.04133172257063045,0.00046228517790699767,0.0006794805888765726,11,22,10,0.004267416124885037,0.003315557384379565,-0.1260657012462616
LR_a0p7_q0,200000,2,2,83,True,0.05,200,-0.0037477763402478936,16,0.9305813731390211,0.5196283648417455,0.010273825207431891,0.049710520599321045,-0.0476991928370232,-0.0031814519423699634,0.021717774594936033,0.001058386905106633,0.0009519102901491522,16,19,14,0.005483958099676582,0.0012001457836613798,0.1979062557220459
LR_a0p7_q0,200000,2,3,2,True,0.05,200,0.02571697448498513,18,0.8279701284969998,0.8761571122773809,-0.0012046745945095277,0.049241090329715353,-0.04942634156271533,-0.007842583904865318,0.0056184859488462675,0.0005741865306342618,0.00018080788838826964,18,20,15,0.0033449699121063507,0.000786198506590841,0.03511323407292366
LR_a0p7_q0,200000,2,4,17,True,0.05,200,-0.008745645423330312,16,0.4941893894916327,0.9693634691675723,-0.01187935199189849,0.04757642692154712,-0.04981983290821615,-0.022866957446965583,0.001351659449837419,0.0009515225663527097,0.00037320218647930595,16,18,14,0.008119508043800603,0.0003684976924284262,0.12321650981903076
LR_a0p7_q0,200000,2,5,89,True,0.05,200,0.007175313811362868,16,0.7554694478568316,1.1285247294489082,-0.00932638203980192,0.04877279001064762,-0.0504902215115252,-0.010999317617806047,-0.005936014960920321,0.0009130961070989991,0.008594879968209082,16,18,14,0.004525805965891993,0.0006865740845181564,-0.20025360584259033
LR_a0p7_q0,200000,2,6,16,True,0.05,200,-0.002132777026816246,15,0.9174114110922368,0.9199347376540614,-6.308316404561587e-05,0.049603329504499735,-0.04961777460899315,-0.0037327589498880004,0.0036210377262899246,0.0003006011556793762,0.00010061571252091149,15,21,11,0.002656128558361628,0.0007650124000836993,0.01329217478632927
LR_a0p7_q0,200000,2,7,12,True,0.05,200,-0.021662947808019944,15,0.5075050633317394,0.8151567804869806,-0.00769129292888103,0.04760834003133787,-0.04911846659923399,-0.022233086864750843,0.008360627574885034,0.0008941218545923548,0.0013979985614816868,15,17,14,0.008100019301943663,0.0011184718435058528,0.3363725244998932
LR_a0p7_q0,200000,2,8,83,True,0.05,200,-0.017226272520772287,14,0.583863359908503,1.00382028574305,-0.010498923145863676,0.04785444590808713,-0.050019361047151545,-0.018661277912662158,-0.00017165324000115764,0.00028126374285353646,0.000997816634325823,14,17,14,0.0064244291566591255,0.0009202192490721901,-0.07772289961576462
LR_a0p7_q0,200000,2,9,69,True,0.05,200,0.007567282602954053,17,0.9563185868394558,0.9895739142147786,-0.0008313831843830694,0.0497515467707311,-0.049952130813307904,-0.001935617428758592,0.0004734351025690876,0.0002000835757648798,5.4385888900783704e-05,17,22,13,0.0020764557737844975,0.000325375462001813,0.010051230899989605
LR_a0p7_q0,200000,2,0,96,True,0.05,500,0.013908708152762461,16,0.78990693751749,0.5129942035736568,0.00692281834859583,0.04902945606520581,-0.04776838595619082,-0.009534109189331261,0.022118675777508055,0.00945179414287871,0.00018778747360104165,18,22,16,0.020288786711241305,0.0030496370812296,-0.047187089920043945
LR_a0p7_q0,200000,2,1,24,True,0.05,500,0.009264070668542883,19,0.13270845087758748,0.036080523351403535,0.0024156981881545986,0.04540995143399594,-0.04512312157854352,-0.03877452889011645,0.04331909541097331,0.00015763907966472184,0.0026947216273144276,15,19,13,0.01469052260153881,0.00397715984438164,-0.1260657012462616
LR_a0p7_q0,200000,2,2,83,True,0.05,500,-0.0037477763402478936,16,0.37814901448494753,0.02624778490302515,0.00879753073954806,0.04715830366868107,-0.04529811041673118,-0.02825085294443372,0.04398572117157976,0.0029778150184942118,0.0002638841739184497,16,16,15,0.015357845141686378,0.0021161168703306157,0.1979062557220459
LR_a0p7_q0,200000,2,3,2,True,0.05,500,0.02571697448498513,18,0.7719889023502058,0.6710750248854591,0.0025228469366186668,0.04898240971224682,-0.04847108621816021,-0.010382964594736713,0.014917334973887315,0.006927098949534253,0.0011074252287932309,18,20,16,0.01513788724402515,0.0027500939661333846,0.03511323407292366
LR_a0p7_q0,200000,2,4,17,True,0.05,500,-0.008745645423330312,16,0.1467955991371067,0.8551738431408862,-0.017709456100094487,0.045949267248354964,-0.049282918885606763,-0.0386094872914996,0.006524226728562599,0.0011219847092023112,0.001268170646944382,16,16,14,0.014651032314494127,0.0008709528807022758,0.12321650981903076
LR_a0p7_q0,200000,2,5,89,True,0.05,500,0.007175313811362868,16,0.0019997884717999626,0.6772346121648117,-0.016880870592325296,0.04510652786976147,-0.04854273450691425,-0.045006538446171473,0.014681003898673715,0.0006464966814865382,0.0021533768584566164,16,16,14,0.015886377074769805,0.0010569743038924835,-0.20025360584259033
LR_a0p7_q0,200000,2,6,16,True,0.05,500,-0.002132777026816246,15,0.8773009787622612,0.6933369862167506,0.004599099813637767,0.04941102761939621,-0.048549005866176394,-0.005545978681283103,0.013882156555338965,0.0008860395432076537,0.0002526861597751083,15,21,11,0.0029103024191995818,0.0018723234125534755,0.01329217478632927
LR_a0p7_q0,200000,2,7,12,True,0.05,500,-0.021662947808019944,15,0.14486499231735908,0.4929358494097949,-0.008701771427310892,0.045867346174870836,-0.047568310737364616,-0.038624096559002924,0.022921518266874864,0.0006478379115398991,0.0016280165138199958,14,14,14,0.013560876363758476,0.0012346805457730708,0.3363725244998932
LR_a0p7_q0,200000,2,8,83,True,0.05,500,-0.017226272520772287,14,0.5186867598978845,0.9567349398926561,-0.010951204499869291,0.04748029816059804,-0.04980470267974196,-0.02154596016570396,0.0019679556851091096,0.0008900016602789882,0.001089759325943546,14,14,12,0.009978441283607486,0.001921317669501171,-0.07772289961576462
LR_a0p7_q0,200000,2,9,69,True,0.05,500,0.007567282602954053,17,0.9215117335232326,0.9888329006589647,-0.0016830291783933027,0.049561717424452145,-0.0499492780595554,-0.003486130748290398,0.0005076330266073108,0.0011954415976571943,0.0002089338895154458,17,21,13,0.004865726333585166,0.001860727525186847,0.010051230899989605
LR_a0p7_q0,200000,2,0,96,True,0.05,1000,0.013908708152762461,16,0.434791417781652,0.17458641683752607,0.006505125023603148,0.04737149600459459,-0.04615554766981336,-0.025631925115512016,0.037426226827937,0.006445040477380146,0.0005886959598797684,19,22,18,0.02137286833187622,0.0021511287027301987,-0.047187089920043945
LR_a0p7_q0,200000,2,1,24,True,0.05,1000,0.009264070668542883,19,0.11507844993175392,-0.041874311368009995,0.003923819032494098,0.04524336693184207,-0.0446306537467414,-0.03948944443525461,0.046724369315141484,0.00035385176743612525,0.0006615244639375825,10,11,10,0.015469333436635056,0.003244719085972126,-0.1260657012462616
LR_a0p7_q0,200000,2,2,83,True,0.05,1000,-0.0037477763402478936,16,0.19747977699816788,0.009665418938309966,0.004695358951496448,0.04638274155107297,-0.04521333132011124,-0.036508752701164646,0.04473006037319574,0.0018411083435872174,0.0008745104442836237,16,16,16,0.02058071927480052,0.0039341318062595335,0.1979062557220459
LR_a0p7_q0,200000,2,3,2,True,0.05,1000,0.02571697448498513,18,0.6350460804136859,0.48716015445253225,0.003697148149028842,0.04838495762152484,-0.047618387236334464,-0.016632653600840725,0.02326037951370773,0.0027823527596615542,0.0016190760073103122,18,20,16,0.014402494622618865,0.0026256257337935957,0.03511323407292366
LR_a0p7_q0,200000,2,4,17,True,0.05,1000,-0.008745645423330312,16,0.1042428260652456,0.8798223064674271,-0.019389487010054537,0.04573677454846756,-0.04943510614393773,-0.040524633245205124,0.005443990820566453,0.0011140024262099632,0.0012813298351215864,17,17,14,0.01817821382215464,0.0010925247486407007,0.12321650981903076
LR_a0p7_q0,200000,2,5,89,True,0.05,1000,0.007175313811362868,16,-0.002163442120315523,0.12310414128102298,-0.0031316895850334626,0.04508111314585,-0.04565893022107326,-0.0451892852518658,0.03950372315702218,0.0006538712946649816,0.001031031816990567,18,18,17,0.01640634362291456,0.0009282701072678571,-0.20025360584259033
LR_a0p7_q0,200000,2,6,16,True,0.05,1000,-0.002132777026816246,15,0.5966775662641562,0.42486731740984457,0.004295256221357792,0.04802102300231824,-0.047262824754182406,-0.018187144689110202,0.026019458883690307,0.0010356248429395122,0.0001503185095894605,15,20,13,0.010083486270009807,0.0032621966489987707,0.01329217478632927
LR_a0p7_q0,200000,2,7,12,True,0.05,1000,-0.021662947808019944,15,0.023332256871884394,0.020495317122419254,7.092349373662155e-05,0.04530747778595776,-0.04529979846100833,-0.04414086494236349,0.044275032604887424,0.0004108367895269275,0.0008606500934162297,14,14,14,0.015326877709489052,0.0006745726188250086,0.3363725244998932
LR_a0p7_q0,200000,2,8,83,True,0.05,1000,-0.017226272520772287,14,0.37006388668681944,0.6887934127174394,-0.0079682381507655,0.046705361645821925,-0.04854065736077842,-0.028202167311481105,0.014100986724906379,0.0013351811070532417,0.0010068239227474325,14,14,12,0.01566307221099148,0.002547512251682146,-0.07772289961576462
LR_a0p7_q0,200000,2,9,69,True,0.05,1000,0.007567282602954053,17,0.837945841154567,0.9345919168019856,-0.002416151891185464,0.04910121297519404,-0.04969664983956951,-0.007203920917465625,0.002967053999470034,0.00037825087365515056,7.225289470080356e-05,16,19,13,0.0037987623943994014,0.0010723802113979549,0.010051230899989605
LR_a0p7_q0,200000,2,0,96,True,0.05,2000,0.013908708152762461,16,0.10826091367475921,0.04859155681575411,0.0014917339214751274,0.04585259428630739,-0.04554501035665323,-0.040439548602569375,0.043115432515865484,0.0027186969982095476,0.0023962820907552375,17,18,18,0.024531028047409306,0.001770302952444056,-0.047187089920043945
LR_a0p7_q0,200000,2,1,24,True,0.05,2000,0.009264070668542883,19,0.11148272429799266,0.04817122456643806,0.001582787493288865,0.045181008866696376,-0.04504680336858226,-0.039606872651796854,0.04263824214026033,0.0027025156933464327,0.0009564270660467447,16,19,15,0.018238068582382968,0.0018637085984137373,-0.1260657012462616
LR_a0p7_q0,200000,2,2,83,True,0.05,2000,-0.0037477763402478936,16,0.08989182074958302,0.0048649200300388,0.0021256725179886055,0.045751456312371735,-0.04516212696948227,-0.04125686527489256,0.04491888096798026,0.0012976214011176422,0.0019066790887460538,16,16,16,0.01881571230420159,0.0022132698970989337,0.1979062557220459
LR_a0p7_q0,200000,2,3,2,True,0.05,2000,0.02571697448498513,18,0.349583364483278,0.3244148942152042,0.0006292117567018446,0.04716008752591222,-0.04684068030928115,-0.029680919301748196,0.03061993559852113,0.007697996936308411,0.0064263255823801615,18,19,18,0.03018685212434262,0.006038805810694813,0.03511323407292366
LR_a0p7_q0,200000,2,4,17,True,0.05,2000,-0.008745645423330312,16,0.14001761692073178,0.24468434165815567,-0.002616668118435597,0.04589351236594452,-0.046459602107682185,-0.03889263151990788,0.03422538502477444,0.0006192985350966821,0.0022063650908353953,17,17,17,0.018705441951263432,0.0016392417929244382,0.12321650981903076
LR_a0p7_q0,200000,2,5,89,True,0.05,2000,0.007175313811362868,16,0.09635750470386936,0.39472760448636873,-0.007459252494562484,0.04549476484053607,-0.047257771698399384,-0.04067688960534255,0.02752139147408099,0.0018839118675855028,0.0018672720945060945,16,16,16,0.01908876780218382,0.0017693896219293625,-0.20025360584259033
LR_a0p7_q0,200000,2,6,16,True,0.05,2000,-0.002132777026816246,15,0.09152874566331931,0.13791243244549223,-0.001159592169554323,0.0455968579669284,-0.04591793672043373,-0.041020420683762514,0.039022315098159115,0.0014894409207376388,0.00021371168486446638,15,16,15,0.01601532056663157,0.0036133326728929457,0.01329217478632927
LR_a0p7_q0,200000,2,7,12,True,0.05,2000,-0.021662947808019944,15,-0.03567093986259734,0.0022375181222725193,-0.0009477114496217465,0.045002199988539035,-0.0451965037305129,-0.046785746981668964,0.04508462782439925,0.0008990354938438513,0.0006761135662344341,13,13,13,0.016619749412791048,0.0011413416626886103,0.3363725244998932
LR_a0p7_q0,200000,2,8,83,True,0.05,2000,-0.017226272520772287,14,0.2998437540966664,0.7486781087803468,-0.01122085886709201,0.04635783794869386,-0.04891797959529537,-0.03136565024386053,0.01148407415627801,0.001552143621032179,0.0015744455802824621,14,14,12,0.018232740860558677,0.0019661461513713822,-0.07772289961576462
LR_a0p7_q0,200000,2,9,69,True,0.05,2000,0.007567282602954053,17,0.656761895387602,0.8822640505208484,-0.005637553878331161,0.04812585693698551,-0.04945436091154956,-0.015287762167605341,0.0053411583855073295,0.0021594255749576912,0.002124662828915419,16,18,14,0.009795387966289747,0.0020420330188564706,0.010051230899989605
LR_a0p7_q0,200000,3,0,18,True,0.05,1,-0.019670834497330758,12,0.9997710086876221,0.9997710086876227,-1.3877787807814457e-17,0.04999885191331982,-0.04999885191331985,-1.0301478938817647e-05,1.0301478938827134e-05,0.0014467321312947408,0.0012686261878022,12,20,12,0.00020209178629046408,0.0004816572711778151,-0.06845486164093018
LR_a0p7_q0,200000,3,1,54,True,0.05,1,-0.021897752829056788,13,0.9953565461881555,0.9999921749503162,-0.00011589071905401815,0.04997793585978934,-0.04999996281797979,-0.00021010855038150125,3.5407046411473954e-07,0.00031090299853836733,0.00035413001890095255,13,19,10,8.023000448274973e-05,0.00027878813678500555,-0.012319226749241352
LR_a0p7_q0,200000,3,2,88,True,0.05,1,-0.007040036206062101,14,0.9999937489429824,0.997364355605167,6.573483344538694e-05,0.049999971772190746,-0.04998809825810141,-2.843250416302021e-07,0.00011988047784295215,0.0001442413178776713,0.0001798334526601023,14,20,8,2.560330394607265e-05,0.0002650745476718144,-0.0075136953964829445
LR_a0p7_q0,200000,3,3,36,True,0.05,1,-0.03015046880572291,13,0.9802435112052006,0.9999694257956911,-0.0004931478647622611,0.0498915801523365,-0.04999983221458991,-0.0008794045920764161,1.360924805318141e-06,0.0005919015796727612,0.0006474659488614962,13,18,9,0.00031673507104794586,0.0005426601165799645,-0.026169417425990105
LR_a0p7_q0,200000,3,4,32,True,0.05,1,-0.012614333148589424,16,0.9999990450015819,0.9999990450015813,1.3877787807814457e-17,0.04999999511365989,-0.04999999511365992,-4.286358085149221e-08,4.286358084552731e-08,0.0001340026642533363,0.0001415094448465852,16,16,14,8.705449398252026e-06,0.00011067202215649901,-0.004465898033231497
LR_a0p7_q0,200000,3,5,91,True,0.05,1,-0.007215700754481358,10,0.7948146286416908,0.9933757327471593,-0.004964027602636714,0.04897126843210351,-0.04996678811558508,-0.00923053700001882,0.0002980014782272332,0.006419957476595524,0.009661450634539838,8,22,8,0.00338277682406983,0.0009163662086069373,0.3681829869747162
LR_a0p7_q0,200000,3,6,70,True,0.05,1,0.005195929783798625,16,0.9998870547381802,0.9998870547381872,-1.700029006457271e-16,0.04999946088162634,-0.04999946088162635,-5.108144717348207e-06,5.10814471724517e-06,0.0009875595683339561,0.000896896539172903,16,19,14,0.00011564244077072145,0.0006990865089902465,0.032836515456438065
LR_a0p7_q0,200000,3,7,67,True,0.05,1,-0.025970941492972743,13,0.9992021675335361,0.9999714237665369,-1.923140582502092e-05,0.049996409884728144,-0.04999987141163531,-3.630150805126827e-05,1.3002233082822218e-06,0.0005294639300110229,0.0005817439640028811,13,19,10,6.313306211428157e-05,6.381918953509958e-05,-0.02290961518883705
LR_a0p7_q0,200000,3,8,32,True,0.05,1,0.017715122538518584,17,0.9999981155355444,0.9999981155355422,5.204170427930421e-17,0.04999999143231722,-0.04999999143231722,-8.565553996770381e-08,8.565554019668577e-08,8.697374598511797e-05,7.408665912239872e-05,17,21,13,1.546451298673087e-05,8.450712567757941e-05,-0.004139488562941551
LR_a0p7_q0,200000,3,9,38,True,0.05,1,-0.008919908976698393,16,0.9982219270054299,0.998221927005426,9.71445146547012e-17,0.04999155119153828,-0.04999155119153828,-8.04548412668834e-05,8.045484126697428e-05,0.004891484497154664,0.004651881122614342,16,19,13,0.000482797834894332,0.0005200852906138602,0.1857011914253235
LR_a0p7_q0,200000,3,0,18,True,0.05,2,-0.019670834497330758,12,0.9993495757078708,0.9993572479511156,-1.918060811220701e-07,0.049996849404684796,-0.049996885860619886,-2.937061929119589e-05,2.9023463064126648e-05,0.0008022245319700598,0.0007510248835585117,12,20,12,0.00029538117815439775,0.00036980431536649003,-0.06845486164093018
LR_a0p7_q0,200000,3,1,54,True,0.05,2,-0.021897752829056788,13,0.9941674613257118,1.000040058818944,-0.0001468149373308053,0.0499722857260332,-0.050000190346116,-0.0002639126597477026,-1.8125948313005745e-06,0.0002634288104531269,0.0003137805090868687,13,19,10,0.00010071388467325654,0.00035479246174632367,-0.012319226749241352
LR_a0p7_q0,200000,3,2,88,True,0.05,2,-0.007040036206062101,14,0.999728261396215,0.9971684604519893,6.399502360564246e-05,0.04999871026412081,-0.04998716742982112,-1.2297194309972722e-05,0.0001287444072215924,0.00017028465865717008,0.00014860425373196438,14,20,8,2.851142962214323e-05,3.6966246272291187e-05,-0.0075136953964829445
LR_a0p7_q0,200000,3,3,36,True,0.05,2,-0.03015046880572291,13,0.9802077601643684,0.9999313596378092,-0.0004930899868360178,0.04989140176043592,-0.049999642270630376,-0.0008810137522173616,3.0742887399489893e-06,0.0003932395179975984,0.00039790864843388687,13,18,9,0.0003229761424609298,0.0005343782663630421,-0.026169417425990105
LR_a0p7_q0,200000,3,4,32,True,0.05,2,-0.012614333148589424,16,1.0002559630401016,1.0002555369524326,1.0652191725912807e-08,0.050001309659199855,-0.050001307479081866,1.1488492805269403e-05,-1.146936853974017e-05,0.00011251511404811232,0.00010747368506863704,16,16,14,1.7680031100052604e-05,0.0007092529852047535,-0.004465898033231497
LR_a0p7_q0,200000,3,5,91,True,0.05,2,-0.007215700754481358,10,1.0118154824972077,0.988514999981185,0.0005825120629005705,0.05000238394639793,-0.049943691538420605,0.0005883901784623618,0.0005179415393613076,0.008643256829438596,0.0061541936810864395,13,24,8,0.002202553220040782,0.0008760603143153303,0.3681829869747162
LR_a0p7_q0,200000,3,6,70,True,0.05,2,0.005195929783798625,16,0.9998753864245263,0.9998793620772017,-9.939131688507796e-08,0.04999940518559995,-0.049999424162468664,-5.635864373905645e-06,5.456058608678596e-06,0.0007315131092447855,0.000670413727645094,16,19,14,0.00014982750206794454,0.0007080782391267035,0.032836515456438065
LR_a0p7_q0,200000,3,7,67,True,0.05,2,-0.025970941492972743,13,0.9991618061206109,0.9999277554578812,-1.9148733431756382e-05,0.04999622243590601,-0.04999966860473559,-3.8132129875433386e-05,3.280831841409893e-06,0.0004424967703202646,0.0004097986410759601,13,19,10,8.97091302597841e-05,0.0001817504839527343,-0.02290961518883705
LR_a0p7_q0,200000,3,8,32,True,0.05,2,0.017715122538518584,17,0.9960336793887864,0.9998284497631318,-9.486925935863616e-05,0.04997912124832419,-0.04999909825211292,-0.00017743727888469966,7.675763956381142e-06,8.665687408349068e-05,8.595088784560448e-05,17,21,13,6.565245569518799e-05,0.0005035058502948673,-0.004139488562941551
LR_a0p7_q0,200000,3,9,38,True,0.05,2,-0.008919908976698393,16,0.9972940576125283,0.9973046204115738,-2.6406997613581673e-07,0.04998689916138116,-0.04998695211976095,-0.00012219628075479878,0.000121721099182189,0.003191328904985554,0.0030117243116686426,16,19,13,0.0007107467416636735,0.0005297760617709165,0.1857011914253235
LR_a0p7_q0,200000,3,0,18,True,0.05,5,-0.019670834497330758,12,0.9997300844213941,0.999747933170467,-4.462187268225448e-07,0.049998835838737876,-0.04999892794356396,-1.2331617668310854e-05,1.1531285040604152e-05,0.0006725797042392312,0.0008127106588554831,12,20,12,0.00038002093785491933,0.0007737835473979161,-0.06845486164093018
LR_a0p7_q0,200000,3,1,54,True,0.05,5,-0.021897752829056788,13,0.9972810500562693,1.0005186600261,-8.094024924576795e-05,0.04998822287938682,-0.05000226587554121,-0.00012417037657316566,-2.3667125763723897e-05,0.00020351704407997785,0.0002268215325570031,13,19,10,7.756406357010223e-05,0.000842887143552366,-0.012319226749241352
LR_a0p7_q0,200000,3,2,88,True,0.05,5,-0.007040036206062101,14,1.0015102437661654,0.9973864006595723,0.00010309607766482987,0.05000760630213161,-0.049988209976180364,6.790588617638647e-05,0.00011888994320167257,0.00010459748320834718,9.223698793172752e-05,14,20,8,4.905618721769112e-05,0.00040088092051510446,-0.0075136953964829445
LR_a0p7_q0,200000,3,3,36,True,0.05,5,-0.03015046880572291,13,0.9970516915059593,0.9845651761596732,0.00031216288365715217,0.04996554430622048,-0.04992953330184137,-0.00011295973092262981,0.000701274493857695,0.00015641775922213503,0.00018153704922090346,13,18,9,0.00023528505299571912,0.0007189044783669566,-0.026169417425990105
LR_a0p7_q0,200000,3,4,32,True,0.05,5,-0.012614333148589424,16,0.99813391935057,0.9984382782750995,-7.608973113235051e-06,0.0499905910474,-0.049992097911455945,-8.3895079871557e-05,7.01839977009244e-05,0.00010690406668802529,7.603837682310314e-05,16,16,14,3.760003084597274e-05,0.00043269251834253484,-0.004465898033231497
LR_a0p7_q0,200000,3,5,91,True,0.05,5,-0.007215700754481358,10,1.0017404523841626,0.9792157686406662,0.000563117093587414,0.04995657660098948,-0.049901270906403374,0.0001304460182188414,0.0009404824743703191,0.002079097209388073,0.002445605977157595,8,24,8,0.0027110629812337555,0.0011712531804832123,0.3681829869747162
LR_a0p7_q0,200000,3,6,70,True,0.05,5,0.005195929783798625,16,0.9988798637823287,0.9816947543042432,0.0004296277369521366,0.04999462360436144,-0.049912594783313675,-5.063041524483635e-05,0.000827857068101465,0.000409978172855355,0.0003974417879363889,16,18,14,0.00024452631230716636,0.00048470323811877563,0.032836515456438065
LR_a0p7_q0,200000,3,7,67,True,0.05,5,-0.025970941492972743,13,0.9967393998019158,0.9997737545576135,-7.58588688924422e-05,0.04998523964750745,-0.04999889193588836,-0.00014826965741173315,1.02042080073255e-05,0.00023126856964857063,0.0002668946964065781,13,19,10,0.00011971666416372806,0.00011866868286451097,-0.02290961518883705
LR_a0p7_q0,200000,3,8,32,True,0.05,5,0.017715122538518584,17,0.9952904848567451,0.9991464621170534,-9.639943150770852e-05,0.04997533733786283,-0.0499956506394026,-0.0002108130950255375,3.832753355014413e-05,0.0001291984143596199,0.00012864631306006805,17,21,13,7.622260417291038e-05,0.00019814283952097506,-0.004139488562941551
LR_a0p7_q0,200000,3,9,38,True,0.05,5,-0.008919908976698393,16,0.9945215349553033,0.9777644259527191,0.00041892772506460507,0.04997338316433983,-0.049889364274859405,-0.00024730641657457516,0.0010011429772233717,0.0023747072416263264,0.002391795074009939,16,20,14,0.001204869796090943,0.0005940261740987858,0.1857011914253235
LR_a0p7_q0,200000,3,0,18,True,0.05,10,-0.019670834497330758,12,1.0291275874858452,0.9986369499579097,0.0007622659381983851,0.050138419239624976,-0.04999345772654164,0.0013179601346674412,6.161022864614199e-05,0.00037566328483699214,0.00046151062638565373,12,20,12,0.0005546805580412739,0.0005821240440445204,-0.06845486164093018
LR_a0p7_q0,200000,3,1,54,True,0.05,10,-0.021897752829056788,13,1.0056856380493928,0.9982921446680367,0.00018483733453390078,0.050025414917118954,-0.049991509703213324,0.0002588669853506565,7.690246981157346e-05,0.00012530455703266676,0.0001161955084829169,13,19,10,0.0001347111756763437,0.0005078754207380955,-0.012319226749241352
LR_a0p7_q0,200000,3,2,88,True,0.05,10,-0.007040036206062101,14,1.0010931823034652,0.996914009309029,0.00010447932486090661,0.050005515293939484,-0.049985841562235955,4.9143821233963435e-05,0.00014014109678458516,9.586849859635841e-05,0.00010110339829257343,14,20,8,5.6643039847483846e-05,5.021687351535861e-05,-0.0075136953964829445
LR_a0p7_q0,200000,3,3,36,True,0.05,10,-0.03015046880572291,13,0.993863854963984,0.982844826736573,0.0002754757056852748,0.04994938692805593,-0.049921305103021285,-0.00025619417985672316,0.0007790637661926912,0.00019487176790944493,0.00017037407480479988,13,18,9,0.00024475139005680194,0.00011324204832339216,-0.026169417425990105
LR_a0p7_q0,200000,3,4,32,True,0.05,10,-0.012614333148589424,16,0.9967732922964767,0.9949765347527795,4.49189385924309e-05,0.049983497923964254,-0.04997490472954428,-0.00014483330914049876,0.00022607799190517145,6.571368231617498e-05,4.8127275528779265e-05,16,16,14,6.143812351775617e-05,0.0002704855714266152,-0.004465898033231497
LR_a0p7_q0,200000,3,5,91,True,0.05,10,-0.007215700754481358,10,0.7897915968916426,0.9803379429286159,-0.004763658650924332,0.0488457299728099,-0.049905293067211955,-0.009356150128227577,0.0008883959207814304,0.004506348842269152,0.0019947898593105683,8,15,8,0.004110313645452272,0.0015976288491654131,0.3681829869747162
LR_a0p7_q0,200000,3,6,70,True,0.05,10,0.005195929783798625,16,0.9980590416516119,0.9809104286002773,0.00042871532628336803,0.04999110319737447,-0.04990927068877285,-8.815111479400826e-05,0.0008637492587590301,0.0003373260003789986,0.0003828223237861968,16,18,14,0.0005514008071296269,0.00042150378939904466,0.032836515456438065
LR_a0p7_q0,200000,3,7,67,True,0.05,10,-0.025970941492972743,13,0.9965773269899803,0.998212316031607,-4.087472604066833e-05,0.049984446509737435,-0.049991151724883165,-0.00015558016023792728,8.053592330306032e-05,0.00025514945796575547,0.00022616064909372743,13,19,10,0.00014277171572826152,0.00011515561553154975,-0.02290961518883705
LR_a0p7_q0,200000,3,8,32,True,0.05,10,0.017715122538518584,17,0.9932856092742207,0.9975858025349919,-0.00010750483151927837,0.049965483712438225,-0.04998794686127602,-0.00030120324872690024,0.00010865673452649252,0.00014712594492768356,0.00014847710347765707,17,21,13,0.00010745809674812314,0.00015379015034544934,-0.004139488562941551
LR_a0p7_q0,200000,3,9,38,True,0.05,10,-0.008919908976698393,16,0.99489188912671,0.9780883487622632,0.0004200885091111689,0.049975298305684535,-0.04989101088027381,-0.00023070384934907915,0.000986593442160605,0.0016940474862175037,0.0017596136367802632,18,20,14,0.0010282264852102367,0.0009209125240084959,0.1857011914253235
LR_a0p7_q0,200000,3,0,18,True,0.05,20,-0.019670834497330758,12,1.0447220271648472,0.9970654237280848,0.0011914150859190578,0.050212254911021936,-0.049985715819014384,0.0020238464472202957,0.00013244463261011876,0.0007732764061418912,0.0004862259811083859,12,20,12,0.0007277202264235199,0.0005751811144565327,-0.06845486164093018
LR_a0p7_q0,200000,3,1,54,True,0.05,20,-0.021897752829056788,13,0.9971417821460702,1.0016263199483788,-0.0001121134450577134,0.04998131285102755,-0.050005775148752235,-0.00012422374372395874,-7.554084866663766e-05,8.380600559574146e-05,7.121623690415141e-05,13,19,10,0.000132464480902065,0.00012092414882969729,-0.012319226749241352
LR_a0p7_q0,200000,3,2,88,True,0.05,20,-0.007040036206062101,14,1.0042010419817788,0.9919404659857045,0.0003065143999018624,0.05002246429222461,-0.049962264531763945,0.00018758780686436663,0.00036524123247864244,4.9072215096978024e-05,4.875693153995921e-05,14,20,8,7.763857330521819e-05,0.00022311140058851485,-0.0075136953964829445
LR_a0p7_q0,200000,3,3,36,True,0.05,20,-0.03015046880572291,13,0.9918081612139554,0.9626642914079969,0.0007285967451489649,0.04993933212302001,-0.049828389743986706,-0.0003489240623221628,0.0016951751735869154,0.00010997156953062055,0.00016128626107786683,13,18,9,0.0002635114766610729,0.00010865990989048108,-0.026169417425990105
LR_a0p7_q0,200000,3,4,32,True,0.05,20,-0.012614333148589424,16,0.9960570759863893,0.9941327858512363,4.810725337882349e-05,0.04997929948763813,-0.049970163374298764,-0.00017644568831868052,0.0002635240817369264,0.00011186178124210494,0.00010685515844041498,16,16,14,7.58760743499892e-05,0.0008871804285280238,-0.004465898033231497
LR_a0p7_q0,200000,3,5,91,True,0.05,20,-0.007215700754481358,10,0.8425833845227857,0.429741513752067,0.01032104676926797,0.04913909515623282,-0.047419454885061524,-0.00700992593009358,0.025932379197458236,0.002085918277262067,0.001617629536924716,8,14,8,0.003143839893146632,0.0014470252824289088,0.3681829869747162
LR_a0p7_q0,200000,3,6,70,True,0.05,20,0.005195929783798625,16,0.9972474740367809,0.9798853205014842,0.0004340538383824123,0.04998770566746862,-0.04990487796635483,-0.00012533196562970509,0.0009106119412807629,0.00041745540297495235,0.0005110091171965578,16,19,14,0.0005350634315892473,0.0008508343207255884,0.032836515456438065
LR_a0p7_q0,200000,3,7,67,True,0.05,20,-0.025970941492972743,13,0.9960467681346985,0.9976447260877541,-3.994894882639044e-05,0.049981918224559385,-0.04998845086281489,-0.00017957981782429054,0.0001062145584276972,0.00017790334110391525,0.00016500272851265456,13,19,10,0.00012658355222003822,0.00020925367963801723,-0.02290961518883705
LR_a0p7_q0,200000,3,8,32,True,0.05,20,0.017715122538518584,17,0.9857725986349682,1.0034212773549511,-0.00044121696799956714,0.04992792300135428,-0.050015712150698055,-0.0006392930696057651,-0.00015535171704935926,0.00010931607611613872,9.63446432146466e-05,17,21,13,0.00021986104502171144,0.00019621424863079285,-0.004139488562941551
LR_a0p7_q0,200000,3,9,38,True,0.05,20,-0.008919908976698393,16,0.9921699598320982,0.9308512802038016,0.0015329669907074156,0.04996190870528608,-0.04968563509817772,-0.0003534107136812216,0.0031430710879876336,0.0019076576909696366,0.001394841956028749,18,20,15,0.002058386471092871,0.0009930785440083116,0.1857011914253235
LR_a0p7_q0,200000,3,0,18,True,0.05,50,-0.019670834497330758,12,1.0418963404877573,0.9927639367452742,0.001228310093562078,0.05015976760749288,-0.04996556758268399,0.0019350494168949189,0.0003273707454203213,0.0002992527821833252,0.00043179300225883833,12,20,12,0.0008237011054961562,0.0005782271693766528,-0.06845486164093018
LR_a0p7_q0,200000,3,1,54,True,0.05,50,-0.021897752829056788,13,1.0004404335930583,0.9916161196286255,0.00022060784911082099,0.049992871309204406,-0.04995764574408709,2.9150370448516643e-05,0.0003768397626558097,0.00015913642749543894,0.00012770701236850684,13,19,10,0.00019403130499660593,0.0012794661986714293,-0.012319226749241352
LR_a0p7_q0,200000,3,2,88,True,0.05,50,-0.007040036206062101,14,0.9942759769228565,0.9837060499992661,0.00026424817308975945,0.04996957848908881,-0.04992336383580917,-0.0002557796429460704,0.0007380613358459612,4.5265561110599276e-05,4.1872873695502666e-05,14,20,8,0.00010486039810077841,0.00044125579356756034,-0.0075136953964829445
LR_a0p7_q0,200000,3,3,36,True,0.05,50,-0.03015046880572291,13,1.0195874560642637,0.941378725077536,0.001955218274668196,0.05005908742010052,-0.04973880338938501,0.0009202853831127382,0.002669867135508299,7.698870488715944e-05,0.00010446035285762628,13,18,9,0.0004809638954983534,0.00022127861478425607,-0.026169417425990105
LR_a0p7_q0,200000,3,4,32,True,0.05,50,-0.012614333148589424,16,0.988312718709324,0.9895218647800504,-3.0228651768160475e-05,0.049940361250706514,-0.04994675897432031,-0.0005247253152403219,0.00047066573531776837,0.00027426151933645316,0.00027725113195862226,16,17,14,0.00019207056820677232,4.566685368656346e-05,-0.004465898033231497
LR_a0p7_q0,200000,3,5,91,True,0.05,50,-0.007215700754481358,10,0.5957935148548407,0.424664995105169,0.004278212993741792,0.047901568205124576,-0.0473960086539236,-0.01811189246238227,0.026162758898665102,0.001244580811647989,0.0007147048526217653,8,24,8,0.006442034496643691,0.0012457381364847425,0.3681829869747162
LR_a0p7_q0,200000,3,6,70,True,0.05,50,0.005195929783798625,16,0.9604508130455758,0.9742813286773072,-0.0003457628907932858,0.04980505262356599,-0.049878046576659424,-0.001782511971287138,0.0011639801427938737,0.00026853671898478744,0.000467922817211548,17,19,14,0.0008228587433930735,0.0008863960313866675,0.032836515456438065
LR_a0p7_q0,200000,3,7,67,True,0.05,50,-0.025970941492972743,13,1.0047864449452037,0.9957468156825311,0.00022599073156681637,0.050022686156617924,-0.049979249373612034,0.0002166360906425418,0.00019190858948547657,0.00011847624354191112,0.000144041378097589,13,19,10,0.00015059632290716774,6.709341204813174e-05,-0.02290961518883705
LR_a0p7_q0,200000,3,8,32,True,0.05,50,0.017715122538518584,17,0.9771136557946098,0.9999834320083246,-0.0005717444053428694,0.04988565605655813,-0.050000245930429406,-0.0010299732668275197,1.0743300131861138e-06,0.00018610237546732187,0.00016321637273759956,17,21,13,0.00034803641479555936,7.048972910290187e-05,-0.004139488562941551
LR_a0p7_q0,200000,3,9,38,True,0.05,50,-0.008919908976698393,16,0.9395165480449413,0.88672243527333,0.0013198528192902848,0.04969899273044448,-0.04947657835346192,-0.002723165328197357,0.005140456589795337,0.0008677746968867071,0.0007809115808534128,18,20,15,0.0023993046869986673,0.0011438989331934376,0.1857011914253235
LR_a0p7_q0,200000,3,0,18,True,0.05,100,-0.019670834497330758,12,0.9937212840216791,0.9884115988015763,0.00013274213050257222,0.049859156302835494,-0.04994330561208754,-0.0001730921017514384,0.0005227256720087874,0.0003037679827876119,0.0006127387436392815,14,20,12,0.0010409545203132692,0.001058076494824261,-0.06845486164093018
LR_a0p7_q0,200000,3,1,54,True,0.05,100,-0.021897752829056788,13,0.9705005893638461,0.9599729384517453,0.00026319127280252305,0.04984978134873758,-0.04981344429792259,-0.0013247518805453223,0.0018147973753353532,0.00013135026609101526,9.525238896092083e-05,13,19,10,0.0006000936788087332,0.0005975024743979341,-0.012319226749241352
LR_a0p7_q0,200000,3,2,88,True,0.05,100,-0.007040036206062101,14,0.9954318740432924,0.972074485001227,0.0005839347260516367,0.04997852364846252,-0.04986653685258327,-0.0002069299462976673,0.0012628126025218376,3.3017283971147946e-05,3.7363036347419094e-05,14,20,9,0.00011930651197263677,0.00015540029448382324,-0.0075136953964829445
LR_a0p7_q0,200000,3,3,36,True,0.05,100,-0.03015046880572291,13,1.0320310340114691,0.8886895273075859,0.0035835376675970795,0.05010771526878627,-0.04949632734462707,0.0014938364317871574,0.005061850979247816,0.00011939384743102872,0.0018932885220814889,13,18,9,0.0007186552649012424,0.00011784377762526766,-0.026169417425990105
LR_a0p7_q0,200000,3,4,32,True,0.05,100,-0.012614333148589424,16,0.9695402984217385,0.9710778321143274,-3.8438342314723456e-05,0.04984818067166076,-0.049856241264185384,-0.0013711657505738688,0.0013023496584689729,0.00013138249672962354,0.0001476091102214327,16,17,14,0.0004580562349874954,0.00040311147014715926,-0.004465898033231497
LR_a0p7_q0,200000,3,5,91,True,0.05,100,-0.007215700754481358,10,0.3406173211651303,0.03796942892724933,0.007566197305947025,0.04670876345283967,-0.04565113227836671,-0.029677897394583277,0.04375266083200387,0.003793012514667892,0.0006822622720063774,8,8,8,0.019363034592125038,0.0030868447734863787,0.3681829869747162
LR_a0p7_q0,200000,3,6,70,True,0.05,100,0.005195929783798625,16,0.8797346827124453,0.9430406718039441,-0.0015826497272874718,0.049403036528731126,-0.04972847506154404,-0.005416302393108906,0.0025764414713468206,0.0001934689313461546,0.00030008974113296345,16,18,14,0.002484471964745814,0.0001602232619071628,0.032836515456438065
LR_a0p7_q0,200000,3,7,67,True,0.05,100,-0.025970941492972743,13,0.9694041429282263,0.9924978027564901,-0.0005773414957065959,0.04985092202741187,-0.04996315269623103,-0.0013807148810005658,0.0003382625584070052,9.18407358078752e-05,0.00013859355476134746,13,19,10,0.0005308456119801019,0.00023786359235956504,-0.02290961518883705
LR_a0p7_q0,200000,3,8,32,True,0.05,100,0.017715122538518584,17,0.9518302345535928,1.0006073195802707,-0.0012194271256669512,0.04975793444861901,-0.05000253134145892,-0.00216642272093916,-2.7834637554346195e-05,5.646758475398251e-05,6.233751352678245e-05,17,21,13,0.0007275564583847476,0.0003358083305753275,-0.004139488562941551
LR_a0p7_q0,200000,3,9,38,True,0.05,100,-0.008919908976698393,16,0.8200353052626108,0.8286257216918003,-0.00021476041072973628,0.04908759857833839,-0.049163516452130324,-0.00808583331520777,0.0077322303675404075,0.0007197463185571771,0.0009052031885411045,18,20,15,0.0035687617152670233,0.0010091768798004522,0.1857011914253235
LR_a0p7_q0,200000,3,0,18,True,0.05,200,-0.019670834497330758,12,0.7393872940252916,0.9744887375036634,-0.005877536086959297,0.0485404229598371,-0.04986783181708947,-0.011571058258572589,0.0011433949419061289,0.0005858527917092632,0.0004360085721330066,14,20,12,0.005982147469004273,0.0004653775623511209,-0.06845486164093018
LR_a0p7_q0,200000,3,1,54,True,0.05,200,-0.021897752829056788,13,1.0236490027635998,0.9201317606012094,0.0025879310540597653,0.05008332664795216,-0.04962894901861532,0.0010991234902278063,0.003622360988554971,9.529658506872768e-05,0.00010043727771644474,13,19,10,0.0010032674986608222,0.0010976607438422173,-0.012319226749241352
LR_a0p7_q0,200000,3,2,88,True,0.05,200,-0.007040036206062101,14,0.9967448023963762,0.9466351802204676,0.0012527405543977174,0.049982355623009,-0.04974461634592864,-0.00014511550319019206,0.002412857334905339,6.448448716968095e-05,3.2989351964074956e-05,14,20,9,0.00016188105617378213,0.0009101669435805825,-0.0075136953964829445
LR_a0p7_q0,200000,3,3,36,True,0.05,200,-0.03015046880572291,13,1.032626514803827,0.7999732257240011,0.005816332226995652,0.05006289072233416,-0.049100034347960564,0.0015684350178571532,0.009101373061760475,8.527163980887089e-05,0.000568255003652023,12,18,9,0.001140200703892498,0.0005758359641380373,-0.026169417425990105
LR_a0p7_q0,200000,3,4,32,True,0.05,200,-0.012614333148589424,16,0.9350687835612739,0.9378851879387442,-7.041010943675818e-05,0.04967968316961972,-0.04969415066992987,-0.002926243991556066,0.0027998912729926472,0.0001294453042164062,0.00014013446730694865,16,16,14,0.0009678403628637601,0.000852971626292012,-0.004465898033231497
LR_a0p7_q0,200000,3,5,91,True,0.05,200,-0.007215700754481358,10,0.2395063455856461,0.0378000750201557,0.00504265676413726,0.046201613147791525,-0.04564911315236132,-0.03422629586850921,0.043759109401353566,0.008233162521489685,0.00026440799081138517,8,8,8,0.02413695449431178,0.004774283759271409,0.3681829869747162
LR_a0p7_q0,200000,3,6,70,True,0.05,200,0.005195929783798625,16,0.8459248009358956,0.9113849535181903,-0.001636503814557367,0.04923639799206348,-0.04956923211384133,-0.006940157945268317,0.003999984437931986,0.0003069383318564057,0.0003436485652249989,16,18,14,0.002474304081817344,0.00019958231596043827,0.032836515456438065
LR_a0p7_q0,200000,3,7,67,True,0.05,200,-0.025970941492972743,13,0.9536584998161435,0.9910598859130348,-0.0009350346524222841,0.049780247987301296,-0.049953029659582926,-0.0020973229964939785,0.00040003536393146675,0.00012259278652185538,0.00011939033185124179,13,19,10,0.0008416664630403073,0.0009602306636326027,-0.02290961518883705
LR_a0p7_q0,200000,3,8,32,True,0.05,200,0.017715122538518584,17,0.915265203683851,1.0014707157823366,-0.0021551378024621363,0.049573827945427335,-0.05000934718277866,-0.0038105677612344712,-6.418860633801066e-05,6.239189898287116e-05,6.733687335060164e-05,17,21,13,0.001275632448213035,0.0008944622989167753,-0.004139488562941551
LR_a0p7_q0,200000,3,9,38,True,0.05,200,-0.008919908976698393,16,0.820876377729986,0.47501698696816586,0.008646484769045504,0.049077300995006706,-0.047377867452432054,-0.008033482108507527,0.023627018104023685,0.0007769578767429735,0.0026840021751916516,17,20,15,0.00380263383982015,0.0008103963463526398,0.1857011914253235
LR_a0p7_q0,200000,3,0,18,True,0.05,500,-0.019670834497330758,12,0.5119633320499328,0.4569931023034954,0.0013742557436609362,0.047385673735263534,-0.04739599947283317,-0.02178750713276701,0.024546344357658362,0.008901973939748288,0.00020678054851101728,12,20,12,0.0216447458300857,0.003363688880518841,-0.06845486164093018
LR_a0p7_q0,200000,3,1,54,True,0.05,500,-0.021897752829056788,13,0.922508954563634,0.9219917783803855,1.2929404581214082e-05,0.04957649969106858,-0.049689295176388856,-0.0034510519628871182,0.0035897062573695486,0.0001522209740307763,0.00040588842832266355,13,19,10,0.002545547289919633,0.0033101171781732045,-0.012319226749241352
LR_a0p7_q0,200000,3,2,88,True,0.05,500,-0.007040036206062101,14,1.016594184184103,0.8608943539393898,0.003892495756117831,0.050083879767340966,-0.04934100284406473,0.0007458294418643161,0.006296285147095095,3.540927502556998e-05,4.3738388092997904e-05,12,20,8,0.00042416653670754675,0.0016368497951202126,-0.0075136953964829445
LR_a0p7_q0,200000,3,3,36,True,0.05,500,-0.03015046880572291,13,0.9161360441701424,0.6409564730062125,0.006879489279098247,0.04949008056818409,-0.04839732755724037,-0.0036832783596769778,0.016349503906929755,0.0008706229211665708,0.006945523331855377,13,18,10,0.009350467003494749,0.0008530704624593891,-0.026169417425990105
LR_a0p7_q0,200000,3,4,32,True,0.05,500,-0.012614333148589424,16,0.8850434393492712,0.8447451933619612,0.0010074561496827492,0.04943833142801865,-0.04924094963925964,-0.005186159460555102,0.007003689971161611,0.0010679591629126945,0.001545619652582177,16,17,15,0.004867019036222261,0.0034348807849018405,-0.004465898033231497
LR_a0p7_q0,200000,3,5,91,True,0.05,500,-0.007215700754481358,10,-0.05043322654631498,-0.0790720485838927,0.0007159705509394432,0.044836297213992224,-0.04492660223687704,-0.04735795854130788,0.04888020466607183,0.0022124901671491904,0.0004895828486172006,8,8,8,0.022410929822436598,0.003156418632914706,0.3681829869747162
LR_a0p7_q0,200000,3,6,70,True,0.05,500,0.005195929783798625,16,0.6751655964925487,0.6849488198911469,-0.00024458058496495613,0.048390672474709864,-0.04846295273626533,-0.014632392650082437,0.014215511741707945,0.00011081438895569465,0.00046119520029902435,16,18,15,0.005023554925409345,8.893536173339804e-05,0.032836515456438065
LR_a0p7_q0,200000,3,7,67,True,0.05,500,-0.025970941492972743,13,0.9259968481790037,1.0066893323228854,-0.002017312103597041,0.04965991540354869,-0.050023497434835806,-0.003360072994598503,-0.0003109691813084444,0.00011176311260221634,9.754610759787288e-05,12,19,10,0.0013954833341802892,0.0015192326902083572,-0.02290961518883705
LR_a0p7_q0,200000,3,8,32,True,0.05,500,0.017715122538518584,17,0.8162644325643459,0.9775217631261418,-0.004031433264044898,0.04906869697583846,-0.04989301739171917,-0.008255475347621073,0.001016929235412124,7.41531379921622e-05,9.592371216068556e-05,17,20,13,0.0027687646522008137,0.0019414391981684201,-0.004139488562941551
LR_a0p7_q0,200000,3,9,38,True,0.05,500,-0.008919908976698393,16,0.0683692082025561,0.150684237103742,-0.002057875722529648,0.045318537528471176,-0.04579446815727012,-0.04190007711834323,0.03826025630208309,0.0012911464820205781,0.0027730874061213293,19,19,19,0.015478045940901415,0.0010372210026353321,0.1857011914253235
LR_a0p7_q0,200000,3,0,18,True,0.05,1000,-0.019670834497330758,12,0.2051479328177097,0.13012320926562904,0.0018756180888020169,0.04583555122182331,-0.04581720254896349,-0.03557815458093777,0.039311042085682056,0.003502977754718472,0.001448416698941659,12,19,12,0.021690664068407615,0.002325663569956792,-0.06845486164093018
LR_a0p7_q0,200000,3,1,54,True,0.05,1000,-0.021897752829056788,13,0.9929002146499025,0.8209422596306037,0.004298948875482472,0.04972728251450342,-0.04922217142801366,-8.227178200836613e-05,0.008175058446483509,0.0001568595560124662,0.00025050753670598593,15,20,10,0.006509826978400465,0.005041842609493373,-0.012319226749241352
LR_a0p7_q0,200000,3,2,88,True,0.05,1000,-0.007040036206062101,14,0.9748743245843805,0.7547105747138472,0.005504093746763333,0.049910665714606006,-0.048825795178498776,-0.0011669494853870685,0.011090266442806411,5.198034485894409e-05,0.00010894572798316916,12,20,9,0.0009948784315628387,0.0043306989668514505,-0.0075136953964829445
LR_a0p7_q0,200000,3,3,36,True,0.05,1000,-0.03015046880572291,13,0.8686694489097693,0.36558912553827094,0.01257700808428746,0.04912957988245177,-0.047141975953830656,-0.005696107436963343,0.028862519676917123,0.0016276337295615196,0.0027775379815897744,13,18,11,0.014522752197376084,0.0021004278975989203,-0.026169417425990105
LR_a0p7_q0,200000,3,4,32,True,0.05,1000,-0.012614333148589424,16,0.7998526009471132,0.7936587926820988,0.00015484520662535986,0.0490195715531179,-0.04898249409111311,-0.00902694150576219,0.009299554457008183,0.0002911819974364927,0.0014410732123185724,16,17,16,0.007717748592504383,0.006217159696554142,-0.004465898033231497
LR_a0p7_q0,200000,3,5,91,True,0.05,1000,-0.007215700754481358,10,-0.15276658175073848,0.022174424551533803,-0.0043735251575568075,0.04427102833891683,-0.045249639897075006,-0.051909357426453834,0.04414091866949822,0.002217443291892151,0.00035569305861088863,24,22,23,0.02250077863786271,0.0022047692858416083,0.3681829869747162
LR_a0p7_q0,200000,3,6,70,True,0.05,1000,0.005195929783798625,16,0.48954432908341156,0.5161678577267989,-0.0006655882160846831,0.04747422246945401,-0.04764182463475673,-0.022997006015283494,0.02183343174841681,0.0010408256609261224,0.0004946319377510641,17,18,15,0.010774803519632677,0.0015930946290138841,0.032836515456438065
LR_a0p7_q0,200000,3,7,67,True,0.05,1000,-0.025970941492972743,13,0.8292086067002014,1.0272368320008707,-0.004950705632516733,0.0492006645845095,-0.050120759729177844,-0.007740234249499371,-0.0012410818708653666,0.00024135783683124627,0.0001286008377968623,12,17,10,0.0029150148745493874,0.0025794409112229323,-0.02290961518883705
LR_a0p7_q0,200000,3,8,32,True,0.05,1000,0.017715122538518584,17,0.6394895528617219,1.0762205771861073,-0.010918275608109637,0.04816554832798632,-0.05040638287287007,-0.016191070684900277,-0.003404645986435241,0.0007186951832911688,0.0001148436671444658,18,19,13,0.00699028349908881,0.005113905017475798,-0.004139488562941551
LR_a0p7_q0,200000,3,9,38,True,0.05,1000,-0.008919908976698393,16,0.055038211931809355,0.029893231691638378,0.0006286245060042744,0.0452239646149612,-0.04518546740816737,-0.04247205401837062,0.04369080582358559,0.0006499598883238407,0.0019560453890176007,17,17,17,0.01628290301919454,0.0009192276403129086,0.1857011914253235
LR_a0p7_q0,200000,3,0,18,True,0.05,2000,-0.019670834497330758,12,-0.031063786718472652,0.06899171732625942,-0.0025013876011183017,0.044513653646712864,-0.04538976873381198,-0.04606684298263647,0.041940182867499017,0.0057962706840416715,0.0017918026828878727,12,12,12,0.027239200864836607,0.002671819548034926,-0.06845486164093018
LR_a0p7_q0,200000,3,1,54,True,0.05,2000,-0.021897752829056788,13,0.849841384106698,0.5388466109563103,0.007774869328759693,0.04847368851978046,-0.04789390735401247,-0.005981619314445635,0.02095157680619694,0.0021851299174445436,0.00040547979357233576,16,20,12,0.01769062503277227,0.011384599151064262,-0.012319226749241352
LR_a0p7_q0,200000,3,2,88,True,0.05,2000,-0.007040036206062101,14,0.8461856206018764,0.5726734613082402,0.0068378039823409065,0.04931459209691527,-0.04795309474154444,-0.007005311066821702,0.01931942167613234,9.220530068662605e-05,9.957533200914343e-05,12,20,10,0.003388169570460174,0.007917000259312591,-0.0075136953964829445
LR_a0p7_q0,200000,3,3,36,True,0.05,2000,-0.03015046880572291,13,0.7722052301516998,0.19543785233685995,0.014419184445370999,0.048420983578331564,-0.04640183559522301,-0.009810722070746515,0.036629942978380015,0.008142317237993519,0.007166936028784491,13,18,13,0.03139047318918293,0.006559906224015613,-0.026169417425990105
LR_a0p7_q0,200000,3,4,32,True,0.05,2000,-0.012614333148589424,16,0.6392576160948512,0.8004925023035089,-0.004030872155216442,0.048235818362961924,-0.04898221399407644,-0.01627293755821938,0.008957588878901003,0.0006327793123222412,0.0038754327775131965,16,17,16,0.013496009235593673,0.00936971055671204,-0.004465898033231497
LR_a0p7_q0,200000,3,5,91,True,0.05,2000,-0.007215700754481358,10,0.21367470696544585,-0.16620705403884758,0.009497044025107336,0.0461096133976663,-0.044288493654288864,-0.03542587804939382,0.052598846356231334,0.0021269467821971276,0.0015483123591119522,8,8,8,0.020092054564200986,0.0026665941709825406,0.3681829869747162
LR_a0p7_q0,200000,3,6,70,True,0.05,2000,0.005195929783798625,16,0.36968995632352347,0.11450605350970686,0.0063795975703454175,0.04689831585944876,-0.04568186513485963,-0.028413818043272747,0.039956562459374095,0.0015702753971384277,0.00022047703220806077,17,17,16,0.013858470056168021,0.001680619644893278,0.032836515456438065
LR_a0p7_q0,200000,3,7,67,True,0.05,2000,-0.025970941492972743,13,0.7210754426114474,1.0311000145523652,-0.007750614298522945,0.04870314629635508,-0.05013145627539889,-0.012649374165783038,-0.0014235444522198958,0.00015148172170209316,0.0001584639431375561,12,15,10,0.00461700159249927,0.003418070330919863,-0.02290961518883705
LR_a0p7_q0,200000,3,8,32,True,0.05,2000,0.017715122538518584,17,0.5159656026400326,1.29170379954119,-0.019393454922528933,0.04751692434364945,-0.05151148580760397,-0.021718644211647785,-0.0130737041694553,0.001549955699901432,0.0016240533337867813,19,20,13,0.01337339599283512,0.008495215322626742,-0.004139488562941551
LR_a0p7_q0,200000,3,9,38,True,0.05,2000,-0.008919908976698393,16,0.0335515325698571,-0.02289096989084305,0.0014110625615175038,0.04514409585458953,-0.04488919477379763,-0.04346651922609658,0.04603374326833959,0.00300741628316889,0.003956359721871684,18,18,18,0.019720465065740267,0.0022524270894622913,0.1857011914253235
LR_a0p7_q0,200000,4,0,99,True,0.05,1,0.02589937397283696,17,0.9997686423732386,0.999768642373243,-1.1102230246251565e-16,0.049998840049402415,-0.04999884004940241,-1.0407930740600709e-05,1.040793074030768e-05,0.00156964262733715,0.0014485787987456745,17,22,15,0.00020313327475966175,0.0004807823083451254,-0.06880764663219452
LR_a0p7_q0,200000,4,1,66,True,0.05,1,0.024874124343317462,19,0.9999430102390724,0.9999430102390668,1.3877787807814457e-16,0.04999972920370769,-0.049999729203707696,-2.5786917540397647e-06,2.578691754300085e-06,0.000692640561021897,0.0006295731395926777,20,22,13,6.616057184741663e-05,0.0003029682619773984,0.023272141814231873
LR_a0p7_q0,200000,4,2,18,True,0.05,1,0.015273066898579685,16,0.9941218371192728,0.99412183711928,-1.7694179454963432e-16,0.04997345606350331,-0.049973456063503306,-0.00026736420753961274,0.0002673642075393458,0.004486008849080867,0.004358643896209427,16,18,14,0.0007851273199543044,0.0008236147025037336,-0.23040805757045746
LR_a0p7_q0,200000,4,3,15,True,0.05,1,-0.03156534156129752,14,0.9994072492257428,0.9994072492257428,0.0,0.04999674709664684,-0.04999674709664684,-2.6384635359716533e-05,2.6384635359662746e-05,0.003094565536998005,0.002971720821609514,12,18,10,0.0002374826801286753,0.0005261344263844289,-0.11522654443979263
LR_a0p7_q0,200000,4,4,31,True,0.05,1,0.02636528215844834,16,0.9987838184987607,0.998783818498748,3.191891195797325e-16,0.04999377729186527,-0.0499937772918653,-5.45863669275476e-05,5.458636692760413e-05,0.0028684586460156927,0.0028505669120432874,16,17,16,0.00031066266693012486,0.0002827093601690966,0.11155902594327927
LR_a0p7_q0,200000,4,5,16,True,0.05,1,0.00893278072136594,16,0.9968357503363362,0.9968357503363373,-2.7755575615628914e-17,0.049984135499055476,-0.049984135499055476,-0.00014234798223846984,0.00014234798223851006,0.0076821355439415815,0.007557025303137428,16,17,14,0.0005310732961605501,0.0005449190377147375,0.2544662356376648
LR_a0p7_q0,200000,4,6,72,True,0.05,1,0.006700743253681257,16,0.9999948312293563,0.9999948312293605,-1.0408340855860843e-16,0.04999997532805557,-0.04999997532805556,-2.3376658781539393e-07,2.3376658767692762e-07,8.026468902676996e-05,0.00010596748308551573,16,24,9,2.4738699873751495e-05,0.000701929885102823,-0.007024520542472601
LR_a0p7_q0,200000,4,7,11,True,0.05,1,-0.02748065446690867,15,0.9939764656330458,0.9939764656330521,-1.5959455978986625e-16,0.049972895083077756,-0.0499728950830778,-0.000274071801425398,0.00027407180142523447,0.009232586005236649,0.008861193948344004,15,17,12,0.0006956241834679639,0.0006716124495307849,-0.33261436223983765
LR_a0p7_q0,200000,4,8,13,True,0.05,1,0.018499708981848204,17,0.9982510506879502,0.998251050687948,5.551115123125783e-17,0.04999204843431436,-0.04999204843431436,-7.94958999168102e-05,7.949589991699059e-05,0.0022133192079706577,0.002145796944898908,17,17,15,0.0004711192868212242,0.0003718942872337658,-0.1261076182126999
LR_a0p7_q0,200000,4,9,96,True,0.05,1,-0.010082315531231957,16,0.9873842838908925,0.9873842838908925,0.0,0.0499400543344742,-0.04994005433447421,-0.0005708401399296325,0.0005708401399295035,0.007252052545206418,0.007019726371651625,17,18,15,0.0012860163041853389,0.001079735659396199,0.34625327587127686
LR_a0p7_q0,200000,4,0,99,True,0.05,2,0.02589937397283696,17,0.9993464915950907,0.9880161144919332,0.0002832594275789385,0.049996834130029345,-0.04994299596577196,-2.950955027499859e-05,0.0005421902411750896,0.000989211518082135,0.0010700754474458486,17,22,15,0.0002958881531445612,0.0003698850175788993,-0.06880764663219452
LR_a0p7_q0,200000,4,1,66,True,0.05,2,0.024874124343317462,19,1.00002144526527,1.0000238916672755,-6.116005013198644e-08,0.050000101900731404,-0.05000011352521594,9.7036253204417e-07,-1.0810581478905461e-06,0.0005644975676527517,0.0005128919153433718,20,22,13,9.161192885684731e-05,0.0003880284674721501,0.023272141814231873
LR_a0p7_q0,200000,4,2,18,True,0.05,2,0.015273066898579685,16,0.9925195876159176,0.9925115797239289,2.0019729971704203e-07,0.049965842709494196,-0.04996580465866847,-0.00033986332869839146,0.00034022567247207893,0.003802721102267659,0.0036706960409659747,16,18,14,0.0009552955364899104,0.0008842267815527763,-0.23040805757045746
LR_a0p7_q0,200000,4,3,15,True,0.05,2,-0.03156534156129752,14,0.9985279185417095,0.9985098105137108,4.527006999682781e-07,0.049992359379021856,-0.04999226902289641,-6.596345193634382e-05,6.67784972108742e-05,0.0014239871075943248,0.0012916630691218603,12,18,10,0.00046912089785584876,0.000587602050367858,-0.11522654443979263
LR_a0p7_q0,200000,4,4,31,True,0.05,2,0.02636528215844834,16,0.9986570823918484,0.9986681237369915,-2.760336285795306e-07,0.049993128834539935,-0.04999318532863081,-6.0274714947647104e-05,5.977914178132702e-05,0.002228512448195411,0.00218239053830932,16,17,16,0.00040960721586750886,0.000604009961580148,0.11155902594327927
LR_a0p7_q0,200000,4,5,16,True,0.05,2,0.00893278072136594,16,0.9912036096969984,0.9911871050653237,4.126157918671325e-07,0.049957373449557835,-0.0499572950250656,-0.0003971929647079318,0.0003979397717994625,0.0037862575258851075,0.0035352024940034977,16,18,15,0.0011014697871481926,0.000676931872300801,0.2544662356376648
LR_a0p7_q0,200000,4,6,72,True,0.05,2,0.006700743253681257,16,0.9999447720087674,1.000016229532435,-1.786438091695014e-06,0.04999973638181599,-0.05000007746796091,-2.4977813777127314e-06,-7.340086608260959e-07,6.28686727950488e-05,6.0498783164673265e-05,16,24,9,3.0674783148456314e-05,0.0007105207697492115,-0.007024520542472601
LR_a0p7_q0,200000,4,7,11,True,0.05,2,-0.02748065446690867,15,0.9875319238435271,1.0700865015660712,-0.0020638644430636052,0.04994296496715475,-0.05032636974004824,-0.0005663687749782045,-0.003177955338255311,0.005559823079918237,0.006551741466311102,15,18,13,0.001232025068952005,0.0011666865498710921,-0.33261436223983765
LR_a0p7_q0,200000,4,8,13,True,0.05,2,0.018499708981848204,17,0.9971890149382212,0.9971729157754885,4.0247906831283875e-07,0.04998645750519265,-0.049986372753546796,-0.00012700675828155737,0.00012772696477245408,0.001149106753244836,0.0011586220072212269,17,17,15,0.0006706689776813806,0.0008145244607283304,-0.1261076182126999
LR_a0p7_q0,200000,4,9,96,True,0.05,2,-0.010082315531231957,16,0.9796752032195629,0.9797133147258119,-9.527876562234749e-07,0.04990140355448168,-0.04990159463296506,-0.0009176433935036263,0.0009159288966744105,0.003397001239999471,0.003435429008702554,17,18,15,0.001971047034673496,0.001066684200004944,0.34625327587127686
LR_a0p7_q0,200000,4,0,99,True,0.05,5,0.02589937397283696,17,0.999720562524068,0.9902892828978735,0.0002357819906548611,0.04999878816493004,-0.04995397054880279,-1.2760038726564883e-05,0.00043950640390917704,0.0008190689524409421,0.0007381491034388506,18,22,15,0.0003825321152702154,0.0007743529685958601,-0.06880764663219452
LR_a0p7_q0,200000,4,1,66,True,0.05,5,0.024874124343317462,19,1.0007209999997106,0.996053035625708,0.00011669910935007202,0.050003014659584885,-0.04997823906604243,3.303534040060217e-05,0.00017558728475697922,0.0003929347273346561,0.00038268908607198355,20,22,13,0.00014329360764440388,0.001054140385199402,0.023272141814231873
LR_a0p7_q0,200000,4,2,18,True,0.05,5,0.015273066898579685,16,0.98964434685775,0.9896811454944212,-9.199659167791197e-07,0.04995116022647186,-0.04995133806193689,-0.00046894288358441123,0.00046728078721581953,0.0024791276672854468,0.0026760840404511637,18,19,16,0.0013819840427018188,0.0008805080243652453,-0.23040805757045746
LR_a0p7_q0,200000,4,3,15,True,0.05,5,-0.03156534156129752,14,0.9296846399876929,0.9974152918837526,-0.0016932662974014911,0.04967788509037857,-0.04998772659217657,-0.0031936530909939123,0.0001169619979889889,0.0008398863138008735,0.001061082363310457,13,18,10,0.0012215777405269858,0.0005695898344731644,-0.11522654443979263
LR_a0p7_q0,200000,4,4,31,True,0.05,5,0.02636528215844834,16,0.9958439651867501,0.9958792413730672,-8.819046579261469e-07,0.04997907000874474,-0.04997924276277818,-0.00018687174940710768,0.000185280694125088,0.0008057015678762765,0.0008357396857473354,16,17,16,0.0006465485525867395,0.00045194672069530785,0.11155902594327927
LR_a0p7_q0,200000,4,5,16,True,0.05,5,0.00893278072136594,16,0.9882613608113494,0.9882206445530217,1.0179064581922193e-06,0.04994398427651428,-0.04994379437027513,-0.0005309162359467432,0.0005327621426239786,0.0015166176493568273,0.001413789919825282,16,18,14,0.001389935149301987,0.0008082642353355799,0.2544662356376648
LR_a0p7_q0,200000,4,6,72,True,0.05,5,0.006700743253681257,16,0.9994257482593855,0.9994969418992585,-1.779840996828097e-06,0.049997233049415696,-0.0499975728399369,-2.5945636446601855e-05,2.2725744973832443e-05,4.3369999144695654e-05,5.2631812429029526e-05,16,24,9,2.8410319082636904e-05,0.0005870020768583354,-0.007024520542472601
LR_a0p7_q0,200000,4,7,11,True,0.05,5,-0.02748065446690867,15,0.985577731204415,1.0660988040097747,-0.0020130268201339965,0.04993219026252385,-0.05030603858949721,-0.0006533037023031196,-0.0029989016109915347,0.004832712557496307,0.004762774156502165,15,17,12,0.0012726922126415402,0.0011463338427357855,-0.33261436223983765
LR_a0p7_q0,200000,4,8,13,True,0.05,5,0.018499708981848204,17,0.9955727360451944,0.9661667806821367,0.000735148884076442,0.04997826794010721,-0.04983820675068687,-0.00019963113784731855,0.0015298677165800786,0.0012801161320620228,0.0011260999817227497,17,17,15,0.0007339535941066847,0.0004959832402315708,-0.1261076182126999
LR_a0p7_q0,200000,4,9,96,True,0.05,5,-0.010082315531231957,16,0.9736453826515706,0.973725504789868,-2.003053457433346e-06,0.04987182262926502,-0.04987221413466367,-0.0011895534966866461,0.0011859388951703065,0.005450290156254727,0.005661803324357043,17,18,16,0.002506274881046311,0.001080777751882003,0.34625327587127686
LR_a0p7_q0,200000,4,0,99,True,0.05,10,0.02589937397283696,17,0.9987495634450201,0.9509116071140395,0.0011959489082745134,0.04999398766918071,-0.0497666865724292,-5.650949692965907e-05,0.00222110621672733,0.0006198239886873831,0.0004723439467262612,17,22,15,0.0003037537006733655,0.0005585495364755016,-0.06880764663219452
LR_a0p7_q0,200000,4,1,66,True,0.05,10,0.024874124343317462,19,0.9970861645876065,0.9990867301543804,-5.001413916934719e-05,0.049985206636242355,-0.04999387091145907,-0.00013089840686204281,3.953440374001106e-05,0.0002540383906485732,0.00025263931438674367,20,22,13,0.0001805053269605008,0.0006132802795793665,0.023272141814231873
LR_a0p7_q0,200000,4,2,18,True,0.05,10,0.015273066898579685,16,0.988619769466756,0.9878324652140776,1.968260631695848e-05,0.04994602333440739,-0.049942069390633746,-0.0005150348610696176,0.0005504461299298852,0.0024664648169997905,0.0026951915510970512,17,18,15,0.0013414377340089986,0.0007747763252338533,-0.23040805757045746
LR_a0p7_q0,200000,4,3,15,True,0.05,10,-0.03156534156129752,14,0.9861767755233192,0.996268825044096,-0.00025230123801942006,0.04997368842830793,-0.04998227989582915,-0.0006648496521420274,0.00016883864362430016,0.0007656155973703794,0.0008192517965512629,14,18,12,0.0009080101116823723,0.00033781778196018076,-0.11522654443979263
LR_a0p7_q0,200000,4,4,31,True,0.05,10,0.02636528215844834,16,0.9946129400586845,0.9946150307314455,-5.2266819025592604e-08,0.04997288272682049,-0.04997287750366755,-0.00024223572388599654,0.00024212596709542034,0.0007278740490030156,0.0007525352026550966,16,17,16,0.0006258339388682917,0.00031265755465788634,0.11155902594327927
LR_a0p7_q0,200000,4,5,16,True,0.05,10,0.00893278072136594,16,0.9862481671163353,0.9861841329243348,1.6008548000129297e-06,0.049933556035110044,-0.04993324950757577,-0.0006211476792930559,0.0006240428613589325,0.001277742049227601,0.0014129715821527141,16,17,14,0.0014680898336971034,0.0009278243437196987,0.2544662356376648
LR_a0p7_q0,200000,4,6,72,True,0.05,10,0.006700743253681257,16,0.9986019991244102,1.001924649357834,-8.306625583559546e-05,0.049993810721636625,-0.050008453038431225,-6.371076541584175e-05,-8.777942946009252e-05,4.454078445911512e-05,4.3710892845014725e-05,16,24,9,3.476578023005003e-05,0.0005195769025137372,-0.007024520542472601
LR_a0p7_q0,200000,4,7,11,True,0.05,10,-0.02748065446690867,15,0.9776003801646821,1.0576454818662573,-0.00200112754253938,0.04989290122578796,-0.05026441571930562,-0.001012882217553825,-0.002617858374007265,0.0037725168668047244,0.004079224140859916,15,17,12,0.00196022273753216,0.0014300543540865336,-0.33261436223983765
LR_a0p7_q0,200000,4,8,13,True,0.05,10,0.018499708981848204,17,0.9939044408993505,0.9106331949527174,0.002081781148665824,0.04997001791988116,-0.049573371910931724,-0.00027479587491368516,0.004041712163295963,0.0011792578470787604,0.001025873378740438,17,17,15,0.0007427505101630059,0.0005107911002100938,-0.1261076182126999
LR_a0p7_q0,200000,4,9,96,True,0.05,10,-0.010082315531231957,16,0.9776153973613275,0.9787148492544568,-2.7486297328231657e-05,0.04989221753239807,-0.049897737154611134,-0.0010114476643318154,0.0009619946918879215,0.0029904817722417646,0.0027248476003533563,18,18,16,0.002698193703002884,0.0011184689528327886,0.34625327587127686
LR_a0p7_q0,200000,4,0,99,True,0.05,20,0.02589937397283696,17,0.9434579689059488,0.9473169773971565,-9.647521228019207e-05,0.04971683579952819,-0.04974874848363185,-0.002543937354230863,0.0023828996137740793,0.0004559783887925904,0.0005982100903468808,17,21,15,0.0009306628661850195,0.00035801982478260685,-0.06880764663219452
LR_a0p7_q0,200000,4,1,66,True,0.05,20,0.024874124343317462,19,0.9934618582279048,0.9980455307417804,-0.00011459181284689465,0.04996781056966873,-0.04999549915330172,-0.00029471765827346276,9.322261621275905e-05,0.00016296766267866653,0.0001610231615059411,20,22,13,0.0001684479559177261,0.0001681525587893218,0.023272141814231873
LR_a0p7_q0,200000,4,2,18,True,0.05,20,0.015273066898579685,16,0.8488721841486063,0.9885035342875683,-0.0034907837534740513,0.0492814171351231,-0.04994434127306352,-0.00683780792769279,0.00051916455868503,0.0022788887320116407,0.002947291006091834,16,18,14,0.0025756356708700875,0.0006017673028292824,-0.23040805757045746
LR_a0p7_q0,200000,4,3,15,True,0.05,20,-0.03156534156129752,14,0.9044441465570557,0.9602297680028121,-0.0013946405361439096,0.04959933952877402,-0.049802575380807595,-0.004377132200921327,0.001791086980666946,0.00042439742201632843,0.0005134229974451144,14,18,12,0.0018723621486709367,0.0003031270603824777,-0.11522654443979263
LR_a0p7_q0,200000,4,4,31,True,0.05,20,0.02636528215844834,16,0.9582195113709868,0.993743380983057,-0.0008880967403017553,0.04979233433462987,-0.04996832303730328,-0.0018813587660806252,0.0002811539881506075,0.001650824526386486,0.0005664707735652659,16,17,16,0.0015559187207885104,0.0007327986343934661,0.11155902594327927
LR_a0p7_q0,200000,4,5,16,True,0.05,20,0.00893278072136594,16,0.9803517788629751,0.9802945889727993,1.4297472543944867e-06,0.0499064563198551,-0.049906226843234675,-0.0008888673767061862,0.0008914973945947978,0.0013506350578953888,0.0013859979337613438,16,17,14,0.001520529090247347,0.0007127594454648866,0.2544662356376648
LR_a0p7_q0,200000,4,6,72,True,0.05,20,0.006700743253681257,16,0.9991530528296527,1.004955974504534,-0.00014507304187203612,0.04999791403547035,-0.050022116944202374,-4.0261393987760534e-05,-0.00022568178102438306,0.00010334093809640425,6.10494150876888e-05,16,24,9,4.206588676091536e-05,0.0009255782228764786,-0.007024520542472601
LR_a0p7_q0,200000,4,7,11,True,0.05,20,-0.02748065446690867,15,0.9787807096844309,1.0587543102500603,-0.0019993400141407394,0.049898483682460165,-0.050269667371550406,-0.000959448198238764,-0.002668048140952735,0.002739066228909319,0.0028869657815589534,14,17,12,0.0017625073387610613,0.0013100321895326238,-0.33261436223983765
LR_a0p7_q0,200000,4,8,13,True,0.05,20,0.018499708981848204,17,0.9934287951304502,0.9092498229991036,0.0021044743032836676,0.04996799976262364,-0.04956697739261698,-0.00029656000610104943,0.004104486242661781,0.0007697095437842901,0.0007113143822734169,17,17,15,0.0017285517466063846,0.0003467172935833202,-0.1261076182126999
LR_a0p7_q0,200000,4,9,96,True,0.05,20,-0.010082315531231957,16,0.9722646520935676,0.9739234995851401,-4.147118728931032e-05,0.049865428326791035,-0.0498726838576908,-0.0012521957221127166,0.0011765088784338646,0.002339303350177303,0.0018187626671915156,18,18,16,0.00323252041746122,0.0012013664216927507,0.34625327587127686
LR_a0p7_q0,200000,4,0,99,True,0.05,50,0.02589937397283696,17,0.9396827664351393,0.9160702745393062,0.0005903122973958258,0.049698338714729395,-0.049594428944377794,-0.002714200392972349,0.003790915217412452,0.000390217066689747,0.00038079681524394004,17,21,15,0.000999441473880912,0.0004658245929144044,-0.06880764663219452
LR_a0p7_q0,200000,4,1,66,True,0.05,50,0.024874124343317462,19,0.9700827151619671,0.9964255618085596,-0.0006585711661648112,0.04984332688101682,-0.049980128649339164,-0.0013391911229184358,0.0001588505589110948,0.00011953448896003576,0.00012309014281888973,20,22,13,0.00047153049599723147,0.0012047054921211367,0.023272141814231873
LR_a0p7_q0,200000,4,2,18,True,0.05,50,0.015273066898579685,16,0.6453162745228597,1.0092569836044485,-0.009098517727039717,0.04833943988231736,-0.05004748158337831,-0.016073626156174387,-0.00041536759684411887,0.001887123670843772,0.0012380127824323268,16,18,14,0.008469803587941676,0.0015551381385336214,-0.23040805757045746
LR_a0p7_q0,200000,4,3,15,True,0.05,50,-0.03156534156129752,14,0.7226730952644661,0.684959020488049,0.0009428518694104271,0.048736147178050054,-0.048523543338813147,-0.012602492414826678,0.014275592314410702,0.0003953203055618092,0.0004034974153138346,14,17,12,0.004340681882086081,0.0005129902009082962,-0.11522654443979263
LR_a0p7_q0,200000,4,4,31,True,0.05,50,0.02636528215844834,16,0.9135452089716489,0.987117246907443,-0.0018393009483948508,0.049570708871984226,-0.049935242007596026,-0.003893448423401912,0.0005793796622234372,0.001024967966835522,0.0010956837393659355,16,17,16,0.0029262204684254757,0.0005417321541752604,0.11155902594327927
LR_a0p7_q0,200000,4,5,16,True,0.05,50,0.00893278072136594,16,0.9752427941858138,0.825674020908414,0.0037392193319349953,0.04988287605484423,-0.049132624615766535,-0.0011207363455532128,0.007848923570346052,0.0010398150381971314,0.0009393054508366907,16,17,14,0.0013582724248198447,0.0006410030415128587,0.2544662356376648
LR_a0p7_q0,200000,4,6,72,True,0.05,50,0.006700743253681257,16,0.9923115529606826,1.0018743221128148,-0.00023906922880330417,0.049966346016482185,-0.05000883285505055,-0.0003507683684480982,-8.488325059014458e-05,3.9294477267263654e-05,4.076147467064372e-05,16,23,9,0.00013706223246061767,0.0012007768613276023,-0.007024520542472601
LR_a0p7_q0,200000,4,7,11,True,0.05,50,-0.02748065446690867,15,0.8291378594225696,0.9568836184862262,-0.003193643976591415,0.049155263793725534,-0.04979555838615424,-0.007698370822597268,0.001951377461842789,0.0019156830493342169,0.0019782581927110534,15,17,13,0.002951016124316616,0.000907642853681571,-0.33261436223983765
LR_a0p7_q0,200000,4,8,13,True,0.05,50,0.018499708981848204,17,0.985500962919953,0.8970175206408832,0.0022120860569767448,0.04992966761105606,-0.049506951821066444,-0.0006546194650584759,0.004656075789022093,0.0006910117405161666,0.000705765410663432,17,17,15,0.0025371208502896632,0.0004704928643618857,-0.1261076182126999
LR_a0p7_q0,200000,4,9,96,True,0.05,50,-0.010082315531231957,16,0.9647331962835649,0.8938444152539299,0.0017722195257408799,0.04982867106581546,-0.049492025483603846,-0.0015920112516371616,0.0047998047209074825,0.0016727381449804682,0.001841345850561886,18,18,16,0.003445099483153042,0.0012887900693004115,0.34625327587127686
LR_a0p7_q0,200000,4,0,99,True,0.05,100,0.02589937397283696,17,0.7874158136127353,0.8912583390361357,-0.002596063135585011,0.048931131428066044,-0.04949206716500785,-0.009560340747429483,0.004929150213201011,0.0004112303143426604,0.00040927294242109344,19,22,16,0.0032090057966350197,0.0009564278295522957,-0.06880764663219452
LR_a0p7_q0,200000,4,1,66,True,0.05,100,0.024874124343317462,19,0.9369965968185334,0.893775530785397,0.0010805266508284103,0.04969049407371335,-0.049519665186833775,-0.0028406642327868476,0.0048308886475639115,0.0002482141410546054,0.00018384738871048739,20,22,14,0.0009433376709566466,0.0008674479422134897,0.023272141814231873
LR_a0p7_q0,200000,4,2,18,True,0.05,100,0.015273066898579685,16,0.5767933131515222,0.8605990559844764,-0.007095143570823855,0.04801970574331468,-0.04937756456985341,-0.019180040085738606,0.00634761177062954,0.0011699521152076474,0.0009299838730999912,17,18,15,0.008257782916908584,0.0009760829066264232,-0.23040805757045746
LR_a0p7_q0,200000,4,3,15,True,0.05,100,-0.03156534156129752,14,0.7166059710793021,0.5499850915115251,0.004165521989194426,0.048713948723201866,-0.04789914118209784,-0.012883650169236788,0.020399886606521603,0.0003914372257579657,0.0005518645784243654,13,15,12,0.004771602450763494,0.0007481862906493484,-0.11522654443979263
LR_a0p7_q0,200000,4,4,31,True,0.05,100,0.02636528215844834,16,0.887886377431274,0.9613102866936146,-0.0018355977315585165,0.049444065000050774,-0.049807402598118417,-0.005049746128487078,0.0017418882634376767,0.0007024224407416552,0.0002237801630189806,16,17,16,0.004703664389332612,0.00048092803612219864,0.11155902594327927
LR_a0p7_q0,200000,4,5,16,True,0.05,100,0.00893278072136594,16,0.9088182076734258,0.693136321475516,0.005392047154947746,0.04956763241929804,-0.048469794240819764,-0.00412672203562661,0.013812978167044153,0.003384958750367302,0.0009130958186120189,16,16,14,0.01765882028044555,0.003669517917748611,0.2544662356376648
LR_a0p7_q0,200000,4,6,72,True,0.05,100,0.006700743253681257,16,0.9679259597657974,0.9968081744006152,-0.0007220553658704443,0.049844780366448294,-0.04998092754789324,-0.0014484823781585254,0.00014051882786239096,3.0359651507821083e-05,3.353360719877171e-05,16,23,9,0.0004936379390783275,0.0007395072919913229,-0.007024520542472601
LR_a0p7_q0,200000,4,7,11,True,0.05,100,-0.02748065446690867,15,0.598238193734994,0.5380743200218913,0.001504096842827568,0.0480093279665437,-0.0477464052046975,-0.018097418279793855,0.020842689203603198,0.0029775528920821387,0.0014381859076125195,15,16,13,0.007323914829614143,0.0014235944186246046,-0.33261436223983765
LR_a0p7_q0,200000,4,8,13,True,0.05,100,0.018499708981848204,17,0.9760306868947685,0.7406724068824729,0.0058839570003073865,0.049884168195284614,-0.04876172448052134,-0.0010826338505462746,0.011728104136397528,0.0006012667181229136,0.00036990783307994736,17,17,15,0.0025352754632103638,0.0006029659405816785,-0.1261076182126999
LR_a0p7_q0,200000,4,9,96,True,0.05,100,-0.010082315531231957,16,0.7349069583032667,0.7717614922042805,-0.0009213633475253433,0.04867476457654525,-0.048842206111486104,-0.011929416661382008,0.01025413150127191,0.0014573294095370178,0.0014396375093188119,18,18,16,0.005129147223430664,0.0010597404272902832,0.34625327587127686
LR_a0p7_q0,200000,4,0,99,True,0.05,200,0.02589937397283696,17,0.7196006902120757,0.662482937588364,0.0014279438155927957,0.048569711209230655,-0.048418876684536566,-0.012589676698626814,0.015294729805118389,0.0004973668834287179,0.0002729911392853453,18,20,17,0.0059321727337898434,0.0005694477298731731,-0.06880764663219452
LR_a0p7_q0,200000,4,1,66,True,0.05,200,0.024874124343317462,19,0.8147280862715853,0.6587349516237085,0.003899828366196921,0.049083766603310874,-0.04846360535995604,-0.008347362289731609,0.015526857778770577,0.00010305133301134982,0.000109591524142982,19,21,16,0.0027582545460573334,0.0004610217211287401,0.023272141814231873
LR_a0p7_q0,200000,4,2,18,True,0.05,200,0.015273066898579685,16,0.37610808457573686,0.8236524637481807,-0.011188609479311093,0.04711218977085982,-0.049186767377630294,-0.028306785542072967,0.008004144190221206,0.0011099476393996287,0.0010107225628182776,16,17,15,0.010849996757761108,0.0009538656451904704,-0.23040805757045746
LR_a0p7_q0,200000,4,3,15,True,0.05,200,-0.03156534156129752,14,0.34836565466577096,0.4937456393077877,-0.0036344996160504184,0.04700060888726568,-0.04762514498214959,-0.029582326153977097,0.022937863016760235,0.00022248951673746475,0.002676201646727654,12,13,10,0.010085646745504983,0.0014728696447403858,-0.11522654443979263
LR_a0p7_q0,200000,4,4,31,True,0.05,200,0.02636528215844834,16,0.8686903552568637,0.9251498925944857,-0.0014114884334405498,0.04935767015702669,-0.04963796160073353,-0.0059231523941834785,0.0033804669710092478,0.0011713476908825527,0.00032697302688040924,16,17,16,0.003189629700355587,0.0014200596581398885,0.11155902594327927
LR_a0p7_q0,200000,4,5,16,True,0.05,200,0.00893278072136594,16,0.7633012491874541,0.7275415543389085,0.0008939923712136394,0.04887263961998026,-0.04864613043790594,-0.010707577160607513,0.012269052720960485,0.008709362363701838,0.001189715273536916,16,16,15,0.02249287585710153,0.005420163651818653,0.2544662356376648
LR_a0p7_q0,200000,4,6,72,True,0.05,200,0.006700743253681257,16,0.938373627571418,0.9943331830386772,-0.001398988886681482,0.04970173678755262,-0.04996357294153604,-0.002783055408981864,0.0002469137896022267,2.701561954819486e-05,0.0002600028728635644,16,23,9,0.000930841863861883,0.0006008850263507942,-0.007024520542472601
LR_a0p7_q0,200000,4,7,11,True,0.05,200,-0.02748065446690867,15,0.3076386080888882,0.3591248358631019,-0.0012871556943553422,0.04658208146175741,-0.04691417333646232,-0.031200151057312994,0.028957931543307027,0.0005337622866312989,0.0006011977285256691,14,15,14,0.011170641935546293,0.0008591331292599652,-0.33261436223983765
LR_a0p7_q0,200000,4,8,13,True,0.05,200,0.018499708981848204,17,0.9874995062023717,0.542669251795533,0.011120756360170968,0.049931866439529626,-0.04777118645494381,-0.0005568911294111609,0.02063772386516692,0.0007063471683395485,0.000818836380136616,17,17,15,0.0015795364869674595,0.0003811213495989935,-0.1261076182126999
LR_a0p7_q0,200000,4,9,96,True,0.05,200,-0.010082315531231957,16,0.6218949075188581,0.3105041151465028,0.007784769809308881,0.04804892056041965,-0.04661662132065486,-0.016954175184476564,0.03109141556332982,0.0009316113481391405,0.0025734042335736787,18,18,18,0.006482469188740392,0.0009696537250525068,0.34625327587127686
LR_a0p7_q0,200000,4,0,99,True,0.05,500,0.02589937397283696,17,0.521376380081148,0.36881021705806133,0.0038141540755771627,0.04759181903582406,-0.04706285953519148,-0.021523000031766618,0.028622348682288433,0.0007700275032616692,0.00017201028831949363,17,19,17,0.013338258760558315,0.0013682207735943956,-0.06880764663219452
LR_a0p7_q0,200000,4,1,66,True,0.05,500,0.024874124343317462,19,0.6271411467545436,0.46402137962642254,0.004077994178203027,0.04821115794940565,-0.04750213738293885,-0.01685410061167847,0.024301068401617682,0.0002786249119065896,5.860450974456649e-05,19,20,16,0.005666530210148636,0.0015575771800915713,0.023272141814231873
LR_a0p7_q0,200000,4,2,18,True,0.05,500,0.015273066898579685,16,0.2295293258336426,0.10578265724407905,0.0030936667147390892,0.04643284718930468,-0.04588304262330274,-0.03495638089762252,0.040593909761098806,0.00034750033888497324,0.0028004740608141344,16,17,16,0.012319928838250288,0.0006371162571755449,-0.23040805757045746
LR_a0p7_q0,200000,4,3,15,True,0.05,500,-0.03156534156129752,14,0.05892982404317626,0.3730792616825668,-0.007853735940984763,0.04555671940769307,-0.04702536740332616,-0.042610228205534194,0.028371404319197865,0.0010363123828877308,0.001540740050138197,12,12,12,0.017776945342954216,0.0015518226299553242,-0.11522654443979263
LR_a0p7_q0,200000,4,4,31,True,0.05,500,0.02636528215844834,16,0.7016163042783707,0.8323201551394582,-0.0032675962715271872,0.04853622638197447,-0.04918484505051077,-0.013455411168055762,0.007568837293538035,0.0013555743149802066,0.0013630739301958117,16,16,16,0.00813408638165355,0.002347440336696993,0.11155902594327927
LR_a0p7_q0,200000,4,5,16,True,0.05,500,0.00893278072136594,16,0.38674735049680997,0.6959878689682236,-0.007731012961785341,0.04707613163993901,-0.04854643744462703,-0.027738764115098336,0.013747043996216035,0.0021461732741874994,0.0007622404096893055,16,16,16,0.01842279417272212,0.0031618946213222815,0.2544662356376648
LR_a0p7_q0,200000,4,6,72,True,0.05,500,0.006700743253681257,16,0.8434882118068299,0.9564375093089164,-0.0028237324375521636,0.04924506672886636,-0.049759199945222946,-0.0070706561385250445,0.0019373244797769415,2.653944583209735e-05,0.0007194224642067085,16,23,10,0.002375636341041275,0.0015323018477747267,-0.007024520542472601
LR_a0p7_q0,200000,4,7,11,True,0.05,500,-0.02748065446690867,15,0.03234397140513989,0.14918760231276168,-0.0029210907726905447,0.045231981368676955,-0.04588695497000657,-0.04361478279841989,0.03842757485436847,0.0003609184656033023,0.0005777565477261233,15,15,15,0.015121013354151364,0.0006510066565182163,-0.33261436223983765
LR_a0p7_q0,200000,4,8,13,True,0.05,500,0.018499708981848204,17,0.9399732684454079,0.20839868914007936,0.018289364482633217,0.04969745359195972,-0.04615357467186555,-0.0026987901696894196,0.035733640214861584,0.0024690973741010023,0.0017457645442159981,17,17,15,0.009545564744240722,0.0012055318028088154,-0.1261076182126999
LR_a0p7_q0,200000,4,9,96,True,0.05,500,-0.010082315531231957,16,0.11905600993556087,-0.09268213522874463,0.0052934536291076445,0.04561286081339188,-0.04454560978525307,-0.03966006031661358,0.049179716546690726,0.001577409023224743,0.0027374897123897046,18,18,18,0.014331471465602496,0.0008299714250977358,0.34625327587127686
LR_a0p7_q0,200000,4,0,99,True,0.05,1000,0.02589937397283696,17,0.25585082126192954,0.13062771949135701,0.0031305775442643166,0.04636224394324197,-0.0459622109612127,-0.033569702880145685,0.039430824986644755,0.006867530799523278,0.0004653540633090333,19,19,19,0.01992989462998896,0.002411672005357804,-0.06880764663219452
LR_a0p7_q0,200000,4,1,66,True,0.05,1000,0.024874124343317462,19,0.23128180580902255,0.1405932980625657,0.002267212693661421,0.046383599693665394,-0.046006082386408464,-0.034819509403214335,0.03897641748328015,0.00011470446260444098,6.734524878174962e-05,20,20,20,0.01164217571800636,0.001704897794526561,0.023272141814231873
LR_a0p7_q0,200000,4,2,18,True,0.05,1000,0.015273066898579685,16,0.1515756673693782,0.031115202611117776,0.0030115116189565107,0.046092721982337936,-0.04549238095665319,-0.03851393861386895,0.04393662082609735,0.0009375427779858456,0.0014838420470264348,16,16,16,0.014350939061877,0.0010529367121274538,-0.23040805757045746
LR_a0p7_q0,200000,4,3,15,True,0.05,1000,-0.03156534156129752,14,0.054877081709550635,-0.030224421879340713,0.0021275375897222837,0.04553986840578883,-0.0451144368885881,-0.042796014320311326,0.04662565798255511,0.0017496499315728146,0.0008914378090364858,12,12,12,0.019812184885786427,0.0021731204713464486,-0.11522654443979263
LR_a0p7_q0,200000,4,4,31,True,0.05,1000,0.02636528215844834,16,0.6072966553573111,0.7717089202267846,-0.004110306621736837,0.04807580394467542,-0.048884335068281215,-0.017710971176810118,0.010298889056942137,0.0015398496237149872,0.0011966481423712756,16,16,16,0.015253163996577999,0.003511540295859102,0.11155902594327927
LR_a0p7_q0,200000,4,5,16,True,0.05,1000,0.00893278072136594,16,0.12670672398893967,0.118797174647719,0.00019773873353051696,0.04583491164999426,-0.045708573493682014,-0.03949957545054711,0.039768714761296134,0.000962099940645026,0.0011021874654279348,16,16,16,0.018043986370902088,0.0017043055925273006,0.2544662356376648
LR_a0p7_q0,200000,4,6,72,True,0.05,1000,0.006700743253681257,16,0.7363001590219728,0.8996545807424796,-0.004083860543012671,0.04875031651710608,-0.0494415432817218,-0.011935308566007495,0.004458814244597776,6.48612414370563e-05,0.00015138411710552958,16,23,10,0.0040182822032679005,0.0023063009035647814,-0.007024520542472601
LR_a0p7_q0,200000,4,7,11,True,0.05,1000,-0.02748065446690867,15,0.10970444944463309,0.07306368667165414,0.0009160190693244738,0.045590205650166804,-0.04553240546756106,-0.0401049831779351,0.04187922113397863,0.0005679076305692028,0.0013409647579727606,14,14,14,0.014306702996287855,0.000610789931181129,-0.33261436223983765
LR_a0p7_q0,200000,4,8,13,True,0.05,1000,0.018499708981848204,17,0.8224123127698565,0.10547241537101265,0.017923497434971097,0.04912091479925411,-0.04563631585380999,-0.00800029916076134,0.04036269508525914,0.0010899901905096095,0.0016832238108241465,17,17,15,0.012218130286553225,0.0027918093382352936,-0.1261076182126999
LR_a0p7_q0,200000,4,9,96,True,0.05,1000,-0.010082315531231957,16,0.1108798765018,-0.01698395288721788,0.0031965957347254437,0.0455675813587875,-0.04490393711741367,-0.040023587533697474,0.04575313476177444,0.0004764596285224822,0.0013732466024872403,17,17,17,0.014773897161169404,0.000786695964286644,0.34625327587127686
LR_a0p7_q0,200000,4,0,99,True,0.05,2000,0.02589937397283696,17,0.06417940566173994,0.07011985293846848,-0.0001485111819182136,0.04544578426799197,-0.045675947057154394,-0.04223681398490524,0.04216995441023084,0.0043384540704835784,0.002265724258390044,17,18,17,0.02486246028816378,0.0029565398790714526,-0.06880764663219452
LR_a0p7_q0,200000,4,1,66,True,0.05,2000,0.024874124343317462,19,0.1219325285022256,0.08710563903208568,0.0008706722367534982,0.045881835186132265,-0.0457371680387722,-0.03978520876102109,0.041381886087167884,7.022054161960956e-05,2.698428928509015e-05,19,19,19,0.013301892441797107,0.0014848992171968012,0.023272141814231873
LR_a0p7_q0,200000,4,2,18,True,0.05,2000,0.015273066898579685,16,-0.02757689835907698,-0.0069337336783593245,-0.0005160791170179414,0.04523498243592992,-0.04513673459726899,-0.04661382735388371,0.045483421281187,0.0019866633024350653,0.0011121144926276865,16,16,15,0.019085236201946746,0.0012819117575787035,-0.23040805757045746
LR_a0p7_q0,200000,4,3,15,True,0.05,2000,-0.03156534156129752,14,0.10047071482041814,0.0037550760308563413,0.002417890969739045,0.0457536365977422,-0.04519268282982386,-0.040730100856721296,0.045004929028281036,0.00862623024911787,0.006777415584828443,14,14,14,0.0330561195046244,0.005998609800910165,-0.11522654443979263
LR_a0p7_q0,200000,4,4,31,True,0.05,2000,0.02636528215844834,16,0.48989752185046975,0.6272406348228821,-0.0034335778243103077,0.04750118842979684,-0.048174234615702416,-0.023006312337273536,0.01681220287455768,0.0014754508259710683,0.002719337276777095,16,16,16,0.01831002073831535,0.004924725000182913,0.11155902594327927
LR_a0p7_q0,200000,4,5,16,True,0.05,2000,0.00893278072136594,16,-0.03153377111669686,0.13023988285543908,-0.004044341349303399,0.045050149461579675,-0.04572353953505501,-0.04662683801741448,0.039211545392283165,0.0016651265853841423,0.001902603826126516,16,16,16,0.020434887652733352,0.0019815699547958508,0.2544662356376648
LR_a0p7_q0,200000,4,6,72,True,0.05,2000,0.006700743253681257,16,0.5528467644814139,0.8462458674131101,-0.007334977573292406,0.047888724970326146,-0.04912329752393779,-0.02024638674625521,0.0068110041532824074,0.00011850530875312257,0.0007182445154876489,16,21,10,0.0071674882762504015,0.0034387260887600085,-0.007024520542472601
LR_a0p7_q0,200000,4,7,11,True,0.05,2000,-0.02748065446690867,15,0.06614557364083562,0.16002550036755991,-0.0023469981681681074,0.04538647792904599,-0.04595150829185807,-0.04207919924700409,0.03795023327348021,0.0005796859712420513,0.0005569091118405931,16,16,16,0.015018118020887749,0.0011507689904034983,-0.33261436223983765
LR_a0p7_q0,200000,4,8,13,True,0.05,2000,0.018499708981848204,17,0.19622256925789053,-0.0021976093911587474,0.004960504466226232,0.04605399180463357,-0.04509553184875249,-0.03624286334173907,0.0452054123183106,0.0013132283381380155,0.001870810709244233,15,17,15,0.019515618449221925,0.0011946485672680736,-0.1261076182126999
LR_a0p7_q0,200000,4,9,96,True,0.05,2000,-0.010082315531231957,16,0.05325993203926571,0.09222867354798436,-0.0009742185377179663,0.045236680605440116,-0.04555430692770931,-0.04257368400347695,0.040942873250310007,0.0026026511098396084,0.0037561314970781085,17,17,17,0.017730139877646846,0.0014390871905091134,0.34625327587127686
LR_a0p7_q0,5000000,0,0,1,True,0.05,1,-3.18930722143021e-05,16,0.9910310105533848,0.991031010553376,2.220446049250313e-16,0.04995503245423982,-0.049955032454239934,-0.00040348192657075303,0.0004034819265709915,0.007743800984988204,0.007526510389028203,17,18,15,0.0008878133017163589,0.0008754477131349713,-0.29989179968833923
LR_a0p7_q0,5000000,0,1,95,True,0.05,1,0.0011109317720967647,19,0.9996905845480633,0.9999997911274983,-7.73016448587377e-06,0.04999852307611184,-0.049999999002994885,-1.3993848708698262e-05,9.44661995951612e-09,4.1481861970168654e-05,3.659605176083085e-05,18,32,0,8.87867814733639e-06,0.00011973211570348539,-0.0020172775257378817
LR_a0p7_q0,5000000,0,2,23,True,0.05,1,0.0017390646014705524,16,0.9932157519825204,1.0382635715777773,-0.0011261954898814236,0.04996863290149202,-0.050176912343984845,-0.0003078453023660849,-0.001736266234904132,0.004103601173448082,0.004515030622937067,17,19,13,0.0009674688325612832,0.0008624537557327638,-0.2504679560661316
LR_a0p7_q0,5000000,0,3,84,True,0.05,1,-0.00018167094586648766,15,1.000468114196195,0.9999998311252983,1.1707076772421443e-05,0.05000263787027759,-0.04999999904837418,2.0767839532202993e-05,7.492109282693802e-09,8.18139102585961e-05,4.635687443413306e-05,15,32,0,8.264806411455462e-06,0.0002005799673971759,0.0019708340987563133
LR_a0p7_q0,5000000,0,4,42,True,0.05,1,-8.56664401590638e-05,14,0.999999999983891,0.9999987108441285,3.2228494064451274e-08,0.04999999999991294,-0.04999999303286855,-7.183837288834956e-13,5.749066212051861e-08,4.080558532519776e-06,2.3974525869998975e-06,14,32,0,3.794456703042762e-08,8.799976623095346e-05,-1.3195330211601686e-05
LR_a0p7_q0,5000000,0,5,29,True,0.05,1,0.0026156256062799888,23,0.9999984792635863,0.9989196662830158,2.6970324514263844e-05,0.04999999241177172,-0.04999460930981145,-6.844859236843777e-08,4.862599566067849e-05,7.070928777091971e-05,6.18804520687211e-05,23,32,0,1.3585988766466621e-05,0.0002310570531014316,-0.003895697183907032
LR_a0p7_q0,5000000,0,6,1,True,0.05,1,-0.0009180664113941101,13,0.9999999611529505,0.9998850583043845,2.872571214153352e-06,0.0499999998154118,-0.04999945383548736,-1.7577642615716451e-09,5.200920268124467e-06,9.405013650832076e-06,1.532696512961821e-05,13,32,0,1.981037906908814e-06,0.00014981488335643337,0.0006075988640077412
LR_a0p7_q0,5000000,0,7,9,True,0.05,1,8.626606398182309e-05,16,0.9999999930966957,0.9999541670862067,1.145650262227016e-06,0.04999999997064736,-0.04999980511988361,-3.158125959557389e-10,2.0967655732725044e-06,3.18028866971307e-06,6.487061755957948e-06,16,32,0,1.0074748057021076e-06,0.00013405093222852547,-0.0002422917023068294
LR_a0p7_q0,5000000,0,8,31,True,0.05,1,0.0002918559388291331,16,0.9999999049627628,1.0005552185768807,-1.3882840352946735e-05,0.049999999567914954,-0.05000252429098628,-4.319776770875169e-09,-2.523663785762757e-05,4.722687687740849e-05,7.315588098298407e-06,16,32,0,3.54909831936918e-06,0.00045259475174778675,-0.0009296074858866632
LR_a0p7_q0,5000000,0,9,12,True,0.05,1,0.0007580530848662662,16,0.9991878992416853,0.9999997917871417,-2.0297313636410963e-05,0.04999612362277951,-0.04999999900614353,-3.672866069527464e-05,9.41678642967017e-09,2.508848657819384e-05,3.5513285671028035e-05,16,32,0,1.483375606753831e-05,0.0003168054466221359,-0.002014089608564973
LR_a0p7_q0,5000000,0,0,1,True,0.05,2,-3.18930722143021e-05,16,0.9875724848564138,1.1111959226830082,-0.0030905859456648588,0.049938598696310454,-0.05052601594563755,-0.0005599744534896718,-0.005033780188513063,0.005592822221999102,0.0068013230573830425,17,18,16,0.001308751733846195,0.0012600924839812576,-0.29989179968833923
LR_a0p7_q0,5000000,0,1,95,True,0.05,2,0.0011109317720967647,19,0.9997104255072407,0.9999973742559864,-7.173718718642835e-06,0.049998617782392306,-0.04999998746661154,-1.3096507030288324e-05,1.1875381219068084e-07,4.749856702409697e-05,3.7364689465864856e-05,18,32,0,7.876451534104925e-06,0.00011019273845530074,-0.0020172775257378817
LR_a0p7_q0,5000000,0,2,23,True,0.05,2,0.0017390646014705524,16,0.9940101368392381,1.0385183706717422,-0.001112705845812606,0.049972438686016016,-0.05017813305009515,-0.0002719318440541301,-0.001747785483491908,0.004966775274614162,0.004844052105392855,16,19,13,0.0008143793118091265,0.0007762323051966571,-0.2504679560661316
LR_a0p7_q0,5000000,0,3,84,True,0.05,2,-0.00018167094586648766,15,1.0017766162010382,1.0001842653752457,3.980877064481414e-05,0.050009198266421445,-0.05000092374068471,7.96325436303774e-05,-8.289528077619642e-06,7.508195206319684e-05,2.2102978864488915e-05,16,32,0,2.8494113063434546e-05,0.0006088295772552496,0.0019708340987563133
LR_a0p7_q0,5000000,0,4,42,True,0.05,2,-8.56664401590638e-05,14,0.999884151244852,0.9999463732197262,-1.5555493718573399e-06,0.049999373905418205,-0.04999971017870218,-5.166343175602163e-06,2.391517715853334e-06,1.5930506926221796e-05,6.893740636199092e-06,14,32,0,1.8359389902053875e-06,0.0002677371736569518,-1.3195330211601686e-05
LR_a0p7_q0,5000000,0,5,29,True,0.05,2,0.0026156256062799888,23,1.0002347680759616,0.9978483263696264,5.966104265837935e-05,0.05000112028237197,-0.04998949551377921,1.0618121426114164e-05,9.707919529787219e-05,4.2269454524076394e-05,3.536292498670722e-05,20,32,0,1.9664507212906915e-05,0.0004761665081485426,-0.003895697183907032
LR_a0p7_q0,5000000,0,6,1,True,0.05,2,-0.0009180664113941101,13,0.9999204920296031,1.0000697419769407,-3.731248683441768e-06,0.049999622204704136,-0.05000033139055972,-3.59760322396806e-06,-3.155708287321915e-06,2.6271947802226155e-05,2.2604896761012533e-05,13,32,0,3.0143443496544002e-06,0.0007368025156897007,0.0006075988640077412
LR_a0p7_q0,5000000,0,7,9,True,0.05,2,8.626606398182309e-05,16,0.9999356782862939,0.9999556731287995,-4.998710626397118e-07,0.04999971168307363,-0.04999981187063607,-2.927768758937746e-06,2.028214196074386e-06,5.836484319254777e-06,2.2358597346930164e-06,16,32,0,1.2235703846267732e-06,2.6520404892982603e-05,-0.0002422917023068294
LR_a0p7_q0,5000000,0,8,31,True,0.05,2,0.0002918559388291331,16,1.000353662199085,1.0006670479550117,-7.834643898169125e-06,0.05000186187022926,-0.050003113000101795,1.5821239725051492e-05,-3.0239397648721784e-05,3.243606077864901e-05,5.682655290678131e-06,16,32,0,8.213783327950655e-06,0.0005704619810326225,-0.0009296074858866632
LR_a0p7_q0,5000000,0,9,12,True,0.05,2,0.0007580530848662662,16,0.9991616786891789,1.0000367312698413,-2.1876314516559164e-05,0.04999599278647134,-0.05000018332817645,-3.7908852012374915e-05,-1.6532353155924167e-06,2.10313770739429e-05,1.599608271924068e-05,16,32,0,1.6400516178522257e-05,0.00029628236668964776,-0.002014089608564973
LR_a0p7_q0,5000000,0,0,1,True,0.05,5,-3.18930722143021e-05,16,0.9856885174523966,1.1078220102612468,-0.0030533373202212555,0.04992898133660961,-0.05050922822596654,-0.0006445554639899346,-0.004881872287095895,0.004882230739567114,0.005277898972028952,17,18,16,0.0014863495149621765,0.0012715611702346563,-0.29989179968833923
LR_a0p7_q0,5000000,0,1,95,True,0.05,5,0.0011109317720967647,19,1.0005736507406662,1.0003436967821084,5.748848963940678e-06,0.05000274958599145,-0.0500017420411394,2.5932951041868435e-05,-1.5442797966035343e-05,2.9941130819748626e-05,1.5212616145929488e-05,19,32,0,1.4909334875990232e-05,0.00036996969919878795,-0.0020172775257378817
LR_a0p7_q0,5000000,0,2,23,True,0.05,5,0.0017390646014705524,16,0.9913883301152612,1.0357211517458316,-0.0011083205407642592,0.04995918046358776,-0.05016403254450511,-0.0003897639578247082,-0.0016220250427863936,0.002678322399615373,0.002446043132435583,17,19,13,0.0010728259348138692,0.00081447150108333,-0.2504679560661316
LR_a0p7_q0,5000000,0,3,84,True,0.05,5,-0.00018167094586648766,15,0.9996320441975437,1.001288793748244,-4.14187387675069e-05,0.049997854827744215,-0.050005538830986435,-1.6252617866983213e-05,-5.890085642567199e-05,5.547143150469198e-05,7.120458090305526e-06,17,32,0,1.6044858494451805e-05,0.0007726698455622682,0.0019708340987563133
LR_a0p7_q0,5000000,0,4,42,True,0.05,5,-8.56664401590638e-05,14,0.9993485337835106,0.9996890929377529,-8.513978856056897e-06,0.049996677303649456,-0.04999841466874997,-2.925061447391933e-05,1.3960021862331639e-05,3.3726160567326415e-06,1.8283879416576551e-06,14,32,0,1.0001595537469894e-05,0.00010556596631697359,-1.3195330211601686e-05
LR_a0p7_q0,5000000,0,5,29,True,0.05,5,0.0026156256062799888,23,1.001037427997532,0.9968468109849693,0.0001047654253140684,0.050004814121483915,-0.0499847638067521,4.70572783926782e-05,0.00014242325750361517,4.976698209938012e-05,2.983949808108259e-05,20,32,0,2.765545823595405e-05,0.00041630631172210616,-0.003895697183907032
LR_a0p7_q0,5000000,0,6,1,True,0.05,5,-0.0009180664113941101,13,0.9992599100299878,0.9996343878030924,-9.361944327615501e-06,0.04999631162210373,-0.04999814886401474,-3.331612060435891e-05,1.6429473860100743e-05,5.815549301207732e-06,7.2744465222629675e-06,13,32,0,1.1680545439456684e-05,0.0004388922167696873,0.0006075988640077412
LR_a0p7_q0,5000000,0,7,9,True,0.05,5,8.626606398182309e-05,16,0.999943008746168,0.999939833996113,7.936875137670718e-08,0.049999737977513115,-0.04999974588142991,-2.587540204728533e-06,2.7541816242369406e-06,2.0430791729191267e-06,5.031642429963195e-06,16,32,0,1.2962409028761822e-06,0.00012025654165966913,-0.0002422917023068294
LR_a0p7_q0,5000000,0,8,31,True,0.05,5,0.0002918559388291331,16,0.9997598540015906,1.000345140299188,-1.4632157439936622e-05,0.04999898851211232,-0.05000156087150265,-1.0995812032890676e-05,-1.5696143456778364e-05,1.2867197533581905e-05,5.115217217989451e-06,16,32,0,9.377643181870448e-06,0.00037931394399654363,-0.0009296074858866632
LR_a0p7_q0,5000000,0,9,12,True,0.05,5,0.0007580530848662662,16,0.9992229578205267,0.9999324846661208,-1.773817113985207e-05,0.04999632628906838,-0.049999650312442925,-3.517839804202963e-05,3.0260791368679032e-06,2.2628501589463365e-05,2.0730727095770504e-05,16,32,0,1.6248682709840525e-05,0.00018269916324972361,-0.002014089608564973
LR_a0p7_q0,5000000,0,0,1,True,0.05,10,-3.18930722143021e-05,16,0.981501076021174,1.1028434620269256,-0.003033559650143791,0.049909128541482106,-0.05048564364243546,-0.0008340747404233884,-0.0046565294589106295,0.003665796168602826,0.004028544438324196,18,18,16,0.0019740933953166545,0.001547440744822203,-0.29989179968833923
LR_a0p7_q0,5000000,0,1,95,True,0.05,10,0.0011109317720967647,19,0.9994266524931067,1.0000477632066511,-1.5527767838613427e-05,0.04999753373671442,-0.05000036189682272,-2.620111205909484e-05,-2.0262635098342547e-06,2.473990652122143e-05,1.5216883327134202e-05,19,32,0,1.677251230118278e-05,8.46537155819805e-05,-0.0020172775257378817
LR_a0p7_q0,5000000,0,2,23,True,0.05,10,0.0017390646014705524,16,0.9965968687084433,0.9620124435587354,0.0008646106287426986,0.0499850708778503,-0.04979764397781207,-0.00015522744242816233,0.0016970217998753087,0.0023973491681210683,0.002248601524350133,16,19,13,0.0011882920269078348,0.0008864518542514826,-0.2504679560661316
LR_a0p7_q0,5000000,0,3,84,True,0.05,10,-0.00018167094586648766,15,0.9985293844859272,0.9993463087015997,-2.0423105391811913e-05,0.04999288227920409,-0.04999639149044907,-6.641305490774132e-05,2.9076055369050515e-05,6.610199573338486e-06,4.962366530276704e-06,16,32,0,3.0582280781056716e-05,0.0003678313125667424,0.0019708340987563133
LR_a0p7_q0,5000000,0,4,42,True,0.05,10,-8.56664401590638e-05,14,0.9980424960733256,0.9990083564017173,-2.414650820978942e-05,0.04999029955814563,-0.04999506599006936,-8.817475447933404e-05,4.464816998349434e-05,7.684522566289978e-06,3.5468080852815644e-06,14,32,0,2.9873364668189617e-05,4.123644808131705e-05,-1.3195330211601686e-05
LR_a0p7_q0,5000000,0,5,29,True,0.05,10,0.0026156256062799888,23,1.000547938148562,0.9974273848883486,7.801383150533858e-05,0.050002277968826225,-0.04998768594678027,2.5118938601910664e-05,0.00011631670236280254,3.06350725362191e-05,1.917616320840504e-05,23,32,0,2.4032038335307577e-05,0.00023171804437371345,-0.003895697183907032
LR_a0p7_q0,5000000,0,6,1,True,0.05,10,-0.0009180664113941101,13,0.9977530402770987,0.9989298453031237,-2.9420125650624074e-05,0.04998955088304152,-0.04999477154355485,-0.00010189886918661177,4.827927839866605e-05,6.9859402335410525e-06,6.13939568673571e-06,13,32,0,3.4142956257357416e-05,0.00017499339745629088,0.0006075988640077412
LR_a0p7_q0,5000000,0,7,9,True,0.05,10,8.626606398182309e-05,16,0.9996636727771063,0.9998855464738038,-5.546842417436526e-06,0.04999840256462293,-0.04999946771414829,-1.5218925767659436e-05,5.190390458105758e-06,7.454092326646059e-06,4.1728022093566855e-06,16,32,0,5.921786243076431e-06,0.0003395192795316227,-0.0002422917023068294
LR_a0p7_q0,5000000,0,8,31,True,0.05,10,0.0002918559388291331,16,0.9979196455313488,1.000372924704206,-6.133197932142731e-05,0.04998951182780481,-0.050001389152487474,-9.352955123739939e-05,-1.725708272281618e-05,1.1536421805407264e-05,5.649589517792824e-06,16,32,0,3.965116819799904e-05,0.0004998184135651976,-0.0009296074858866632
LR_a0p7_q0,5000000,0,9,12,True,0.05,10,0.0007580530848662662,16,0.9977546595879544,0.9998371873404843,-5.20631938132482e-05,0.04998927465103156,-0.04999895298221847,-0.0001015416716338522,7.0936151942301465e-06,2.2441394661107472e-05,1.8357361526267182e-05,16,32,0,3.563403318442513e-05,0.0005327703964959379,-0.002014089608564973
LR_a0p7_q0,5000000,0,0,1,True,0.05,20,-3.18930722143021e-05,16,0.9610166798161035,1.058545655909765,-0.002438224402341538,0.04980917579510963,-0.05026265177539507,-0.0017583418043043962,-0.002664631020093189,0.0022874294181565967,0.002820116307027659,16,18,15,0.0019974645249287892,0.0010049314893228294,-0.29989179968833923
LR_a0p7_q0,5000000,0,1,95,True,0.05,20,0.0011109317720967647,19,0.9984837777563068,0.9974330617032662,2.626790132601725e-05,0.04999312821603086,-0.049988489082377824,-6.893932821549661e-05,0.00011683599721454643,1.2533150442715572e-05,1.365708112300464e-05,18,32,0,2.785993698441015e-05,4.990989788391789e-06,-0.0020172775257378817
LR_a0p7_q0,5000000,0,2,23,True,0.05,20,0.0017390646014705524,16,0.970644145132665,0.9031591132332878,0.0016871257974844303,0.04984703674827988,-0.049514585999449384,-0.001314829491646594,0.00435663033778501,0.002128780530345477,0.0020040863728937918,17,19,14,0.0011603124885718314,0.0007962730126458489,-0.2504679560661316
LR_a0p7_q0,5000000,0,3,84,True,0.05,20,-0.00018167094586648766,15,0.9946014481583548,0.9988002720229672,-0.00010497059661530861,0.04997358014556444,-0.049993325579116205,-0.00024350773764672488,5.3311977967850004e-05,3.461811187634114e-05,1.8322398210096887e-05,15,32,0,8.374933449525424e-05,0.0005268092653127899,0.0019708340987563133
LR_a0p7_q0,5000000,0,4,42,True,0.05,20,-8.56664401590638e-05,14,0.9908248230895528,0.9954481218194108,-0.00011558246824645499,0.04995482548584884,-0.049977568195862895,-0.000413584331371194,0.00020516210489235467,3.843250082519025e-05,2.0039594158464283e-05,14,32,0,0.0001421627841324079,7.722696658345911e-06,-1.3195330211601686e-05
LR_a0p7_q0,5000000,0,5,29,True,0.05,20,0.0026156256062799888,23,0.9996684735929118,0.997187132970766,6.203351555364445e-05,0.04999793033111555,-0.0499868852026914,-1.4506651469908323e-05,0.00012752855415314556,6.183097331890833e-06,7.391102656932184e-06,22,32,0,2.2391952949719304e-05,0.00020937324392007473,-0.003895697183907032
LR_a0p7_q0,5000000,0,6,1,True,0.05,20,-0.0009180664113941101,13,0.99613552747048,0.9975528127004163,-3.5432130748407065e-05,0.04998193604684427,-0.04998809199926896,-0.00017515967332028105,0.00011045136424816477,2.1038693443835615e-05,1.044070996259481e-05,13,32,0,5.823112702367619e-05,0.00039479431918316516,0.0006075988640077412
LR_a0p7_q0,5000000,0,7,9,True,0.05,20,8.626606398182309e-05,16,0.9987993368791842,0.9996282974375392,-2.0724013958875465e-05,0.04999360021883423,-0.049997827811822326,-5.363337487500344e-05,1.641293994533577e-05,5.735963120050061e-06,2.685665634753198e-06,16,32,0,2.0693131354401257e-05,0.0006920838189978858,-0.0002422917023068294
LR_a0p7_q0,5000000,0,8,31,True,0.05,20,0.0002918559388291331,16,0.9958233808963224,0.9981726434696037,-5.873156433203186e-05,0.0499806988246384,-0.04999174791727817,-0.00018952977982239472,8.311574379799418e-05,9.016255158223278e-06,3.102240545496671e-06,16,32,0,6.725837022984678e-05,0.00022055189064202387,-0.0009296074858866632
LR_a0p7_q0,5000000,0,9,12,True,0.05,20,0.0007580530848662662,16,0.9958770697863092,0.9993471418429017,-8.675180141481248e-05,0.04997988405424893,-0.049996398248710494,-0.00018603056493345977,2.9041156565426045e-05,1.4949846525935411e-05,1.5341317831435552e-05,16,32,0,6.34536885217602e-05,0.00070609406102233,-0.002014089608564973
LR_a0p7_q0,5000000,0,0,1,True,0.05,50,-3.18930722143021e-05,16,0.7255478689622852,0.9741815328495829,-0.006215841597182442,0.04869446342427558,-0.049845749653045224,-0.012417069976161335,0.0011366730105659645,0.004284664117784963,0.002320352351601578,17,18,16,0.011378438481069982,0.002550436449350599,-0.29989179968833923
LR_a0p7_q0,5000000,0,1,95,True,0.05,50,0.0011109317720967647,19,0.9962381274184336,0.9965678056861105,-8.241956691919239e-06,0.04998130235833201,-0.04998438959897489,-0.00016939598741030833,0.00015599931466936102,1.532896575406567e-05,4.201499361603893e-06,18,32,0,5.8023632208178884e-05,6.619011214678986e-06,-0.0020172775257378817
LR_a0p7_q0,5000000,0,2,23,True,0.05,50,0.0017390646014705524,16,0.9054824300290129,0.7540106232614793,0.0037867951691883395,0.04952258434671046,-0.04878564643406989,-0.004248462845259902,0.011085115270995928,0.0010289579655729318,0.005336901205225242,16,19,14,0.001824985302550057,0.0007501534323582367,-0.2504679560661316
LR_a0p7_q0,5000000,0,3,84,True,0.05,50,-0.00018167094586648766,15,0.9872292024476098,0.9931388017457493,-0.00014773998245348752,0.0499378237472454,-0.04996534390712551,-0.000576363624864906,0.0003084038198380533,6.749532384720492e-06,4.184041797420896e-06,15,32,0,0.00019106951910688338,0.0002093070572931404,0.0019708340987563133
LR_a0p7_q0,5000000,0,4,42,True,0.05,50,-8.56664401590638e-05,14,0.9767269002874854,0.9883515037751818,-0.0002906150871924071,0.04988301350377865,-0.04994141993392852,-0.0010466684894043636,0.0005238447451694239,1.951209245509387e-05,1.069921266046843e-05,14,32,0,0.000349867237108019,9.232516250289838e-05,-1.3195330211601686e-05
LR_a0p7_q0,5000000,0,5,29,True,0.05,50,0.0026156256062799888,23,0.9963915993279271,0.9985737837466957,-5.455461046921517e-05,0.04998207547612904,-0.04999340933701546,-0.00016249550973268864,6.472014968065209e-05,6.9780340575632415e-06,4.720599920600862e-06,23,32,0,5.835304216334066e-05,7.068698721867567e-05,-0.003895697183907032
LR_a0p7_q0,5000000,0,6,1,True,0.05,50,-0.0009180664113941101,13,0.9936951289313036,0.9954140869024319,-4.297394927820636e-05,0.049969809480955474,-0.04997785106495338,-0.00028505303439030724,0.00020714671983177726,1.8029008736962037e-05,7.3687952913069635e-06,12,32,0,9.429151878879562e-05,0.0008025044660911339,0.0006075988640077412
LR_a0p7_q0,5000000,0,7,9,True,0.05,50,8.626606398182309e-05,16,0.9929213630859945,0.9965175859165232,-8.99055707632157e-05,0.04996589121137471,-0.04998292385687114,-0.00031982305707500965,0.00015704456104495578,7.839811805828375e-06,3.717551571732914e-06,16,32,0,0.00010670839705299387,0.0005076165288255664,-0.0002422917023068294
LR_a0p7_q0,5000000,0,8,31,True,0.05,50,0.0002918559388291331,16,0.9915528633222426,0.9971244005150814,-0.00013928842982097178,0.049959968861405746,-0.04998622548012166,-0.00038232569529359503,0.0001300054543675466,2.9894282056418998e-05,5.792269834770246e-06,16,32,0,0.00012942005991483844,0.0006599941501463835,-0.0009296074858866632
LR_a0p7_q0,5000000,0,9,12,True,0.05,50,0.0007580530848662662,16,0.9934935583411738,0.9979758323002874,-0.00011205684897783869,0.0499683386205205,-0.04998951158016504,-0.000293660703461811,9.071996515066712e-05,6.0880007556946e-06,5.212296695084335e-06,16,32,0,9.85244774107967e-05,0.0004452918235727727,-0.002014089608564973
LR_a0p7_q0,5000000,0,0,1,True,0.05,100,-3.18930722143021e-05,16,0.7103565988209515,0.9775892778961359,-0.006680816976879611,0.048614539558485714,-0.04979501381769946,-0.013096709617438161,0.0009155499228926903,0.009092994918946532,0.0017887704462723737,18,18,17,0.012478801381884836,0.0034130792548102695,-0.29989179968833923
LR_a0p7_q0,5000000,0,1,95,True,0.05,100,0.0011109317720967647,19,0.9899967248542609,0.9926428145552632,-6.615224252505547e-05,0.04994967942092224,-0.049966429083461036,-0.00044984317820919237,0.0003342883556978616,1.2823128571593643e-05,1.0090532797849556e-05,19,32,0,0.00015243448113019264,0.000262740632271623,-0.0020172775257378817
LR_a0p7_q0,5000000,0,2,23,True,0.05,100,0.0017390646014705524,16,0.6494166342221643,0.4398010125081611,0.005240390542850082,0.048222320236974106,-0.0472529803286469,-0.01575148852586586,0.02526292970323888,0.0009051454424582486,0.003336935942400072,17,19,16,0.005437613010649192,0.0005755309456563872,-0.2504679560661316
LR_a0p7_q0,5000000,0,3,84,True,0.05,100,-0.00018167094586648766,15,0.9735276946637006,0.9868765284375663,-0.00033372084434664384,0.04987295699733224,-0.04993518463618593,-0.001196572264147207,0.0005913582143075801,4.2872360753169225e-05,3.2463120654951075e-05,15,32,0,0.00039547363436818653,0.0005842278522138365,0.0019708340987563133
LR_a0p7_q0,5000000,0,4,42,True,0.05,100,-8.56664401590638e-05,14,0.9619398667225193,0.9810860317167442,-0.00047865412485562434,0.04981124739156362,-0.04990615474994689,-0.001714254055437653,0.0008518531641096721,1.2156810083282295e-05,5.585478315923114e-06,14,32,0,0.0005655283884482972,0.00045209761619359684,-1.3195330211601686e-05
LR_a0p7_q0,5000000,0,5,29,True,0.05,100,0.0026156256062799888,23,0.995296890541596,0.9956293648771536,-8.311858388940219e-06,0.049975978203448096,-0.04997912247718392,-0.00021113367636834153,0.00019765423332620066,9.76348954788543e-06,3.8081844835906924e-06,23,32,0,7.402507767032541e-05,5.7924315283863575e-05,-0.003895697183907032
LR_a0p7_q0,5000000,0,6,1,True,0.05,100,-0.0009180664113941101,13,0.9839571842194533,0.9919345740582758,-0.00019943474597056143,0.049923593787060974,-0.049960950697840165,-0.0007257345760883005,0.00036422199492636685,2.3196490434933244e-05,9.500046418768898e-06,13,32,0,0.00023923050598183282,9.956857415977103e-05,0.0006075988640077412
LR_a0p7_q0,5000000,0,7,9,True,0.05,100,8.626606398182309e-05,16,0.9792066882455663,0.9899757525235292,-0.00026922660694907175,0.049899775473720126,-0.049951596375753,-0.0009394410614418501,0.00045280874957646824,1.9845978519312213e-05,8.982507015977706e-06,16,32,0,0.0003097057412724893,0.00022373019364938792,-0.0002422917023068294
LR_a0p7_q0,5000000,0,8,31,True,0.05,100,0.0002918559388291331,16,0.9835973303814505,0.992432550969522,-0.00022088051470178782,0.04992064584469863,-0.04996343145729443,-0.0007407793256261634,0.0003418039088183693,1.0514978681536457e-05,4.28943537029901e-06,16,32,0,0.000245288936881248,0.0003583723996298471,-0.0009296074858866632
LR_a0p7_q0,5000000,0,9,12,True,0.05,100,0.0007580530848662662,16,0.987059920904419,0.994998733931049,-0.0001984703256657505,0.04993663665246513,-0.049974887957783584,-0.0005836406072441872,0.00022495126123112943,9.713995983066346e-06,6.48062495022849e-06,16,32,0,0.00019372943666119596,0.0004389531557261612,-0.002014089608564973
LR_a0p7_q0,5000000,0,0,1,True,0.05,200,-3.18930722143021e-05,16,0.6971347653274074,0.877164765452757,-0.004500750003133741,0.04855393877685138,-0.049326922663769535,-0.013697200510481011,0.0054686843911317725,0.002611023628412413,0.0010565216522282787,17,18,16,0.008716666307599078,0.0015730484948537108,-0.29989179968833923
LR_a0p7_q0,5000000,0,1,95,True,0.05,200,0.0011109317720967647,19,0.9811039886615754,0.9893129498436228,-0.0002052240295511848,0.04990552414062309,-0.04995056307991348,-0.0008503247075443197,0.0004849155877323506,2.643318013063549e-05,1.5467754591793923e-05,18,32,0,0.00028396625988512083,0.00039677750858394407,-0.0020172775257378817
LR_a0p7_q0,5000000,0,2,23,True,0.05,200,0.0017390646014705524,16,0.0016486934376097606,0.3115188589761926,-0.007746754138464571,0.04506120041536635,-0.04661627899471308,-0.044978765743485916,0.031040336045903356,0.0003700789922597123,0.0005540022153830763,18,17,17,0.015257330674172953,0.0004953722992389432,-0.2504679560661316
LR_a0p7_q0,5000000,0,3,84,True,0.05,200,-0.00018167094586648766,15,0.9542403813746608,0.9808620775332688,-0.0006655424039651997,0.049780472497422595,-0.04990692535765215,-0.002068453428689537,0.0008638214809886531,8.468156002167953e-06,7.208945535204821e-06,17,32,0,0.0006816122596600598,0.0009053500324040091,0.0019708340987563133
LR_a0p7_q0,5000000,0,4,42,True,0.05,200,-8.56664401590638e-05,14,0.9114581897178636,0.955325686324297,-0.0010966874151608352,0.049564832036364165,-0.049780335649952684,-0.003991922550470997,0.0020140513337378284,2.7394774751648133e-05,1.457827338398797e-05,14,32,0,0.0013152990047228556,0.000801497946742724,-1.3195330211601686e-05
LR_a0p7_q0,5000000,0,5,29,True,0.05,200,0.0026156256062799888,23,0.990853715076766,0.9940169076609778,-7.907981460529567e-05,0.04995431521998353,-0.04997150506560705,-0.0004116294661452233,0.00027065968255816783,8.807384793349775e-06,6.182974839248261e-06,23,32,0,0.00013801394975779873,2.238346160328463e-05,-0.003895697183907032
LR_a0p7_q0,5000000,0,6,1,True,0.05,200,-0.0009180664113941101,13,0.9682544286483624,0.984491069491612,-0.00040591602108124014,0.049849034184998156,-0.049924942391811375,-0.0014363127525800503,0.00070038891723079,1.2165224249337574e-05,6.539623810521401e-06,13,32,0,0.0004736559267487829,0.0002115531454034526,0.0006075988640077412
LR_a0p7_q0,5000000,0,7,9,True,0.05,200,8.626606398182309e-05,16,0.9462866767317735,0.9743026428702722,-0.0007003991534624693,0.04973929239133426,-0.04987530905947127,-0.002424958554745499,0.0011601769159576775,1.1773108650466603e-05,5.906178752635287e-06,16,32,0,0.0007984747488699666,0.0006246964904309886,-0.0002422917023068294
LR_a0p7_q0,5000000,0,8,31,True,0.05,200,0.0002918559388291331,16,0.9686618828287463,0.985087940177567,-0.0004106514337205158,0.049847167632815714,-0.04992675434614707,-0.0014140734913783695,0.0006723573372687005,7.143887839151645e-06,3.961784354276177e-06,16,32,0,0.00046702163640605944,0.0006190789097465172,-0.0009296074858866632
LR_a0p7_q0,5000000,0,9,12,True,0.05,200,0.0007580530848662662,16,0.9713799423311534,0.9838956635134662,-0.0003128930295578196,0.049859674782134385,-0.04991991841699592,-0.0012906776655767244,0.0007251352413225939,6.820147171108686e-06,4.301609016232374e-06,16,32,0,0.0004270377706283865,0.0003891710448449287,-0.002014089608564973
LR_a0p7_q0,5000000,0,0,1,True,0.05,500,-3.18930722143021e-05,16,0.1872125514865941,0.2488850457664793,-0.0015418123569971298,0.04605080856523608,-0.04625403150135948,-0.036690180990906124,0.03380977921303549,0.004123333358934332,0.0008247238386730029,17,17,17,0.016158082080132176,0.0026573225903603463,-0.29989179968833923
LR_a0p7_q0,5000000,0,1,95,True,0.05,500,0.0011109317720967647,19,0.9521631151921985,0.9715573261306693,-0.00048485527346176643,0.049760069969103815,-0.04986525553573212,-0.0021519142094938767,0.001287389229198627,3.746205287074584e-06,3.4097293807284166e-06,18,32,0,0.0007124393663056808,0.00024017144506994584,-0.0020172775257378817
LR_a0p7_q0,5000000,0,2,23,True,0.05,500,0.0017390646014705524,16,0.004330850153889121,0.14200466314544677,-0.003441845324788941,0.04508062733503074,-0.04580322518685034,-0.044864084827336226,0.03870299202957811,0.0015148739429923328,0.001628805489639551,17,17,16,0.016705853720228737,0.0011550291412901067,-0.2504679560661316
LR_a0p7_q0,5000000,0,3,84,True,0.05,500,-0.00018167094586648766,15,0.8986760546551642,0.9379707980337165,-0.000982368584463808,0.04951057590745378,-0.04969714849212134,-0.00457677317469558,0.0027986085904354863,6.7859953491175824e-06,7.550058655651898e-06,16,32,0,0.0015072485100923122,0.0007107391092305302,0.0019708340987563133
LR_a0p7_q0,5000000,0,4,42,True,0.05,500,-8.56664401590638e-05,14,0.8018893435843655,0.8963291195900913,-0.0023609944001431425,0.04902838982401476,-0.04949131603812712,-0.008933922644796472,0.004674860058622573,7.373742098715057e-06,4.272929442171141e-06,14,32,0,0.002940415709535933,0.00027468176197560445,-1.3195330211601686e-05
LR_a0p7_q0,5000000,0,5,29,True,0.05,500,0.0026156256062799888,23,0.978865238664916,0.980268836893945,-3.508995572572282e-05,0.04989220483867049,-0.04990756340718855,-0.000948942905424724,0.000894121562491244,7.30726841481808e-06,5.216672924630139e-06,20,32,0,0.0003198502665592679,0.0001441140870641307,-0.003895697183907032
LR_a0p7_q0,5000000,0,6,1,True,0.05,500,-0.0009180664113941101,13,0.9229336116653869,0.9559896408290466,-0.0008264007290914935,0.04963081373144482,-0.04978568060610876,-0.003484133148175509,0.0019861985646564047,1.2661568901185485e-05,7.645898260328616e-06,11,32,0,0.0011482536121676212,0.00018515539561416832,0.0006075988640077412
LR_a0p7_q0,5000000,0,7,9,True,0.05,500,8.626606398182309e-05,16,0.8729804175416084,0.9357337075882921,-0.0015688322511670932,0.04938531844957955,-0.04968999003439284,-0.005736297572499109,0.002903304654978266,8.15187337922017e-06,5.328635931553585e-06,16,32,0,0.0018870169018290845,0.0010480045423821608,-0.0002422917023068294
LR_a0p7_q0,5000000,0,8,31,True,0.05,500,0.0002918559388291331,16,0.925718118223896,0.9621738082051645,-0.0009113922495317117,0.04963847647670405,-0.04981609533409381,-0.0033525705655092636,0.0017074049238355142,1.2650074410275992e-05,5.834260924087742e-06,16,32,0,0.0011030904022767771,0.0005097521742023274,-0.0009296074858866632
LR_a0p7_q0,5000000,0,9,12,True,0.05,500,0.0007580530848662662,16,0.9283491069585371,0.9654915497358676,-0.0009285610694332626,0.0496503939198587,-0.04982683448752798,-0.003232938571931842,0.0015522570007345862,5.494658233414056e-06,4.873480696440651e-06,16,32,0,0.0010677161369826392,0.0003629911853878054,-0.002014089608564973
LR_a0p7_q0,5000000,0,0,1,True,0.05,1000,-3.18930722143021e-05,16,-0.030624738718715294,0.12325476118468237,-0.0038469874975849416,0.04494096978611223,-0.04561065330109754,-0.04647220672204805,0.03944791524186321,0.0013742532226430331,0.0011390286482449896,16,16,16,0.019044993461945273,0.0019401387983285132,-0.29989179968833923
LR_a0p7_q0,5000000,0,1,95,True,0.05,1000,0.0011109317720967647,19,0.8992596907626388,0.9471354693560593,-0.0011968944648355143,0.04949760902166865,-0.04975269088036911,-0.004534624483536689,0.0023959174125661635,1.376727934402503e-05,5.746235964093235e-06,18,32,0,0.0014984814305541432,0.0006939155679115867,-0.0020172775257378817
LR_a0p7_q0,5000000,0,2,23,True,0.05,1000,0.0017390646014705524,16,0.022697134039708078,-0.014682880152509514,0.0009345003548054398,0.04516649230171041,-0.045063260763798546,-0.04403163559972505,0.04579740477142393,0.0008097921940217105,0.0018072224356524532,18,18,18,0.01654313640837384,0.0008932346276590886,-0.2504679560661316
LR_a0p7_q0,5000000,0,3,84,True,0.05,1000,-0.00018167094586648766,15,0.8072317330749557,0.8779663940145582,-0.0017683665234900642,0.04907324298970639,-0.04941026016783942,-0.008711656335958603,0.005511940467111516,1.0666530750895342e-05,2.764614350335102e-06,16,32,0,0.0028693955216394975,0.0010302401917198945,0.0019708340987563133
LR_a0p7_q0,5000000,0,4,42,True,0.05,1000,-8.56664401590638e-05,14,0.6380788634775906,0.7995540200392856,-0.004036878914042374,0.04823502280585025,-0.04902274863466202,-0.016331079631970724,0.009045047632697744,1.544062814420827e-05,1.4574937567738085e-05,14,32,0,0.005372915800266952,0.0007524837747818235,-1.3195330211601686e-05
LR_a0p7_q0,5000000,0,5,29,True,0.05,1000,0.0026156256062799888,23,0.954023678604965,0.9636776340474673,-0.000241348886062559,0.049770008059210336,-0.049830918085246756,-0.0020688241289621304,0.0016470363828733573,0.00011665109366000758,0.0002629701046644966,20,32,0,0.001100831404519516,8.879341953695982e-05,-0.003895697183907032
LR_a0p7_q0,5000000,0,6,1,True,0.05,1000,-0.0009180664113941101,13,0.8734169576935502,0.9215256841592453,-0.0012027181616423785,0.04939044395268842,-0.04961549136174011,-0.005719596068010903,0.0035392071537778355,6.199533672487604e-06,2.3137796779482666e-06,11,32,0,0.0018847617308933927,0.00037370087218218994,0.0006075988640077412
LR_a0p7_q0,5000000,0,7,9,True,0.05,1000,8.626606398182309e-05,16,0.7660980613146107,0.8786324385500527,-0.0028133594308860504,0.04886615310348763,-0.04941423434328304,-0.010561250037757045,0.00548261241578037,8.29643373784909e-06,5.0950158738704735e-06,16,32,0,0.0034738534420632895,0.0014267180222542323,-0.0002422917023068294
LR_a0p7_q0,5000000,0,8,31,True,0.05,1000,0.0002918559388291331,16,0.8593720429776541,0.9312325180349712,-0.0017965118764329269,0.04931407827328543,-0.049664991588517116,-0.006345476124402644,0.003103365686768593,6.0276021981803505e-06,3.315625543372702e-06,16,32,0,0.0020877927756723655,0.0007841626499821545,-0.0009296074858866632
LR_a0p7_q0,5000000,0,9,12,True,0.05,1000,0.0007580530848662662,16,0.8855941317395875,0.9221084385448747,-0.0009128576701321785,0.049438994633707566,-0.04961003728745873,-0.005159288046728178,0.003504615360215025,6.7164902957090445e-06,6.124386672997571e-05,16,32,0,0.0017038777597388679,0.0009217377787525831,-0.002014089608564973
LR_a0p7_q0,5000000,0,0,1,True,0.05,2000,-3.18930722143021e-05,16,0.061648487273167074,0.12736289059156247,-0.001642860082959885,0.0453694313952982,-0.04563965345778709,-0.04228700703163994,0.03927150892820885,0.004801713159251944,0.0019334336443800936,17,17,17,0.023508447101207596,0.002958244165925931,-0.29989179968833923
LR_a0p7_q0,5000000,0,1,95,True,0.05,2000,0.0011109317720967647,19,0.8161054559503117,0.9041390488652618,-0.0022008398228737514,0.04908408056338737,-0.04955169302869694,-0.008278807765871804,0.004344740585433875,1.433315846157975e-05,5.728379375005247e-05,18,32,0,0.002732528462727268,0.0003264011394987538,-0.0020172775257378817
LR_a0p7_q0,5000000,0,2,23,True,0.05,2000,0.0017390646014705524,16,-0.005260152212803737,0.06928629824924357,-0.0018636612615511826,0.04498758430051031,-0.04546450332660173,-0.045250591911150495,0.042000188414139425,0.0009346606080907203,0.0012997715832785961,17,17,17,0.017478045088663033,0.0007976146634781604,-0.2504679560661316
LR_a0p7_q0,5000000,0,3,84,True,0.05,2000,-0.00018167094586648766,15,0.6600116963961095,0.7815767481581298,-0.0030391262940505093,0.04835436037530913,-0.048931914135591836,-0.015353775555503605,0.009853076727685404,5.442157049941611e-06,4.465201231485441e-06,18,32,0,0.00505428343195718,0.0010838767611664746,0.0019708340987563133
LR_a0p7_q0,5000000,0,4,42,True,0.05,2000,-8.56664401590638e-05,14,0.39271797945436404,0.626441451603126,-0.0058430868037190505,0.04702595216394058,-0.04817292889330974,-0.027390053191222362,0.016850856313153438,0.00018982837824130399,0.00018881002258369097,13,32,0,0.009289165514388848,0.0012196059361488686,-1.3195330211601686e-05
LR_a0p7_q0,5000000,0,5,29,True,0.05,2000,0.0026156256062799888,23,0.9100746340861593,0.9394687683634806,-0.0007348533569330323,0.04954764499063263,-0.049719884262562936,-0.004043913286324705,0.0027464458443889296,0.0005799200141107563,3.430144108052567e-05,23,32,0,0.0031390824233068766,0.0009292587635570616,-0.003895697183907032
LR_a0p7_q0,5000000,0,6,1,True,0.05,2000,-0.0009180664113941101,13,0.7680765257356622,0.8550451699283792,-0.002174216104817925,0.048883424979960524,-0.049287015641662296,-0.010479598693177411,0.006534757145243352,8.127741388633682e-06,6.831173077600644e-06,9,32,0,0.0034508268285010735,0.0010537677553043836,0.0006075988640077412
LR_a0p7_q0,5000000,0,7,9,True,0.05,2000,8.626606398182309e-05,16,0.6003047779264753,0.7802278363293103,-0.004498076460070874,0.04805954124755521,-0.04893822565937428,-0.018044302351231375,0.009926833842908787,0.0010273210276020238,0.0010274766950813103,16,32,0,0.00973120896356085,0.002163011694260333,-0.0002422917023068294
LR_a0p7_q0,5000000,0,8,31,True,0.05,2000,0.0002918559388291331,16,0.7568377833553053,0.8755207045634583,-0.002967073030203826,0.04881530412071394,-0.049393962189171914,-0.010973414952948787,0.005617926960999047,4.657858300279392e-06,3.0152744975102546e-06,16,32,0,0.0036105199564355154,0.000672462531883885,-0.0009296074858866632
LR_a0p7_q0,5000000,0,9,12,True,0.05,2000,0.0007580530848662662,16,0.7830814131037392,0.8554401476022094,-0.0018089683624617527,0.048937019657554544,-0.04927461636306933,-0.009782949002367564,0.0065026089829588705,0.0004082419504889333,0.00036454982150403817,16,32,0,0.0038168028709585997,0.0009780540985099013,-0.002014089608564973
LR_a0p7_q0,5000000,1,0,37,True,0.05,1,-0.0004846633319114603,16,1.0004014772893022,0.9999999815649818,1.0037393108012355e-05,0.05000201287430271,-0.04999999990757292,1.8060990162384396e-05,8.293238094626682e-10,4.367556354428465e-05,3.3284725627313314e-06,16,32,0,6.591449249758376e-06,0.0005324951002848223,-0.0006142095662653446
LR_a0p7_q0,5000000,1,1,38,True,0.05,1,-0.0012259332715606897,13,0.999328481920099,0.9999990193496912,-1.676343573980138e-05,0.04999679466203988,-0.04999999531909006,-3.037056603492704e-05,4.4351605475149215e-08,9.179482440591327e-05,7.535343621378922e-05,12,32,0,1.9408473275425233e-05,0.0001219197269921286,-0.004371013026684523
LR_a0p7_q0,5000000,1,2,56,True,0.05,1,0.00463483212607448,28,0.9999999458824801,0.9998797876561266,3.0039556588347394e-06,0.049999999749786625,-0.0499994441959636,-2.4556626075848307e-09,5.454813157265049e-06,8.67003035663147e-06,1.1715660987845643e-05,28,32,0,2.7324678926163165e-06,0.00013096036885397482,0.0007074084714986384
LR_a0p7_q0,5000000,1,3,75,True,0.05,1,-0.000861573140824386,14,1.0004151961967522,0.9999998671652849,1.0383225786683714e-05,0.050002339672062274,-0.04999999925146309,1.842013777533761e-05,5.89319884145325e-09,7.349276780338583e-05,3.998866937697086e-05,14,32,0,7.3574597503629945e-06,0.00020406096815700055,0.0017479280941188335
LR_a0p7_q0,5000000,1,4,32,True,0.05,1,-0.0002776803449340967,12,0.9999999983119745,1.0000131957429983,-3.299357755962018e-07,0.04999999999087722,-0.050000071315252234,-7.527848618951058e-11,-5.884718976778578e-07,8.372948456251673e-06,1.0806914556651304e-06,12,32,0,3.88425817747481e-07,8.799708130618336e-05,0.00013507617404684424
LR_a0p7_q0,5000000,1,5,43,True,0.05,1,-0.005369743102165144,1,1.000142187320897,0.9999999870687554,3.555006303543329e-06,0.05000070949169097,-0.04999999993547519,6.399874353879955e-06,5.82037432105418e-10,1.88777216833376e-05,4.1136947683499235e-06,1,32,0,2.8301561134199466e-06,0.00022132535226586974,0.0005131925572641194
LR_a0p7_q0,5000000,1,6,30,True,0.05,1,0.002586911235066261,26,0.9999999962692152,1.000035612543434,-8.904068554728417e-07,0.049999999982272565,-0.05000016921890115,-1.6881179093030302e-10,-1.6114082705578691e-06,1.3665220885623728e-05,1.0784757521134019e-06,26,32,0,6.139229274628727e-07,0.0001497857349194199,-0.0001882946671685204
LR_a0p7_q0,5000000,1,7,79,True,0.05,1,0.0004166028669605761,19,0.999999994591182,0.9999594307928241,1.0140949589475257e-06,0.04999999997700188,-0.049999827500999586,-2.4744275946745256e-10,1.8559613583966006e-06,3.6115588828343474e-06,6.007836114297318e-06,19,32,0,8.917781694206378e-07,0.00013404999640764342,-0.00021446734899654984
LR_a0p7_q0,5000000,1,8,54,True,0.05,1,-0.0004800708870788357,16,0.9999998968620294,1.0005783927640521,-1.4462397550568662e-05,0.049999999531085124,-0.0500026296519995,-4.687983664526921e-09,-2.628998620308993e-05,4.948449823937736e-05,8.458650806615932e-06,16,32,0,3.697263654813612e-06,0.0004525915066384348,-0.0009684161050245166
LR_a0p7_q0,5000000,1,9,68,True,0.05,1,0.0014407034921981882,19,0.9999999893609662,1.0001284289037997,-3.21098857083979e-06,0.049999999949217,-0.05000061302599715,-4.811686870205619e-10,-5.8084191928465445e-06,2.211556008069419e-05,4.468492263403311e-06,19,32,0,1.1930912346188124e-06,0.00032059964825976653,0.0003186941903550178
LR_a0p7_q0,5000000,1,0,37,True,0.05,2,-0.0004846633319114603,16,1.0011206320642179,1.000597420771612,1.3080282315149072e-05,0.0500054300573802,-0.05000283873895933,5.060154583069842e-05,-2.703229962125995e-05,4.362979157540693e-05,7.715967142861092e-06,16,32,0,1.8063889858574047e-05,0.0008535282753122474,-0.0006142095662653446
LR_a0p7_q0,5000000,1,1,38,True,0.05,2,-0.0012259332715606897,13,0.9993770518747986,0.9999966559921053,-1.549010293266581e-05,0.049997026499609375,-0.049999984038143194,-2.817390586945286e-05,1.5123853792465434e-07,0.00010202262920689189,7.914636980362535e-05,12,32,0,1.7515320690078504e-05,0.00011218238388627652,-0.004371013026684523
LR_a0p7_q0,5000000,1,2,56,True,0.05,2,0.00463483212607448,28,0.9999768549258615,0.9999037764529228,1.826961823468004e-06,0.049999889124307556,-0.049999559122866875,-1.0463780144757084e-06,4.370300220738542e-06,1.1410412605608277e-05,8.794686719871971e-06,28,32,0,2.481415724090272e-06,8.871289181774101e-05,0.0007074084714986384
LR_a0p7_q0,5000000,1,3,75,True,0.05,2,-0.000861573140824386,14,1.0016209711153679,1.0001843205910659,3.5916263107546587e-05,0.05000838502858232,-0.05000092403991488,7.266352718609806e-05,-8.291989638395672e-06,6.885224741408318e-05,1.72331553848438e-05,14,32,0,2.5973137076923184e-05,0.0006094041697332508,0.0017479280941188335
LR_a0p7_q0,5000000,1,4,32,True,0.05,2,-0.0002776803449340967,12,0.9998841513705431,0.9999021959189702,-4.51113710678297e-07,0.0499993739060975,-0.04999947142629947,-5.166337570337388e-06,4.36163035096142e-06,1.3051358491682785e-05,8.868818435455552e-06,12,32,0,2.009020316817499e-06,0.0002677439762453713,0.00013507617404684424
LR_a0p7_q0,5000000,1,5,43,True,0.05,2,-0.005369743102165144,1,1.0005212817411746,1.0001160517145917,1.0130750664569255e-05,0.050002519012197044,-0.05000055394351499,2.3545074861609678e-05,-5.24864221461765e-06,1.7141715723184628e-05,1.0014147364591762e-05,1,32,0,8.609594680873974e-06,0.0004588405692374977,0.0005131925572641194
LR_a0p7_q0,5000000,1,6,30,True,0.05,2,0.002586911235066261,26,1.0003744667868135,1.0003798996856714,-1.3582247144691695e-07,0.05000177934098697,-0.050001805156306124,1.6943998353698113e-05,-1.7189827977447727e-05,3.9488685797475454e-05,1.3580384274436877e-05,26,32,0,6.102168213960237e-06,0.0007437668845208087,-0.0001882946671685204
LR_a0p7_q0,5000000,1,7,79,True,0.05,2,0.0004166028669605761,19,0.9999356798612238,0.9999564459736743,-5.19152811261081e-07,0.049999711689788714,-0.04999981412171314,-2.927696727508452e-06,1.9918230294191887e-06,5.405748634027427e-06,1.9387593475868714e-06,19,32,0,1.150057243664177e-06,2.651834861800864e-05,-0.00021446734899654984
LR_a0p7_q0,5000000,1,8,54,True,0.05,2,-0.0004800708870788357,16,1.0003664949736097,1.000695395789759,-8.222520403729228e-06,0.05000192943227586,-0.05000324559701258,1.639531640466797e-05,-3.152419247539411e-05,3.531700524752217e-05,6.0867265317743045e-06,16,32,0,8.328513658495376e-06,0.0005642250161845847,-0.0009684161050245166
LR_a0p7_q0,5000000,1,9,68,True,0.05,2,0.0014407034921981882,19,0.9999652791258037,1.000115218588608,-3.7484865701084558e-06,0.04999982675076804,-0.05000054710866497,-1.562794477807885e-06,-5.2138207654137745e-06,7.77989949242027e-06,3.2022859644927014e-06,19,32,0,2.998428847718884e-06,0.00030012278195833424,0.0003186941903550178
LR_a0p7_q0,5000000,1,0,37,True,0.05,5,-0.0004846633319114603,16,1.0004311626329487,1.0003773764493962,1.3446545888105843e-06,0.050001647580231276,-0.050001583011765056,1.9910551416146682e-05,-1.728581070475903e-05,1.6148640717826703e-05,4.2869902149598155e-06,16,32,0,1.3240563561609872e-05,0.0006885696629421657,-0.0006142095662653446
LR_a0p7_q0,5000000,1,1,38,True,0.05,5,-0.0012259332715606897,13,1.000117225590973,1.0018579918996664,-4.351915771733453e-05,0.050000777921981855,-0.050008874367658454,5.083357566797464e-06,-8.402522732484915e-05,5.7497186347870635e-05,3.397032918062776e-05,14,32,0,2.2727811408797185e-05,0.0003692140635852301,-0.004371013026684523
LR_a0p7_q0,5000000,1,2,56,True,0.05,5,0.00463483212607448,28,1.000000235891762,0.9996919921366704,7.706093877294512e-06,0.05000005844447339,-0.049998512630034214,-4.664988527946721e-08,1.3913023200697123e-05,6.915125373850916e-06,4.355515543880208e-06,28,32,0,3.0680351927170874e-06,0.0003631823724556391,0.0007074084714986384
LR_a0p7_q0,5000000,1,3,75,True,0.05,5,-0.000861573140824386,14,0.9995804000401609,1.001090151493305,-3.77437863286062e-05,0.04999761052544982,-0.05000463572231886,-1.859052344182772e-05,-4.987185234638825e-05,4.853706235575665e-05,7.1795146399454945e-06,15,32,0,1.5086567634844684e-05,0.0007658121852680282,0.0017479280941188335
LR_a0p7_q0,5000000,1,4,32,True,0.05,5,-0.0002776803449340967,12,0.9993498834630018,0.9997162766490858,-9.159829652098661e-06,0.049996685124838805,-0.04999853602874496,-2.9190951688717053e-05,1.2722196290674097e-05,3.955713599424676e-06,1.8507646558248927e-06,12,32,0,1.0048059886756266e-05,0.00010774632620738805,0.00013507617404684424
LR_a0p7_q0,5000000,1,5,43,True,0.05,5,-0.005369743102165144,1,1.0001200474738725,0.9999314657555619,4.714542957764967e-06,0.05000072520492782,-0.04999971995369576,5.277168765800241e-06,3.146665917714345e-06,9.561199791778684e-06,9.411476918203185e-06,1,32,0,6.08931584579567e-06,0.0003954898492507999,0.0005131925572641194
LR_a0p7_q0,5000000,1,6,30,True,0.05,5,0.002586911235066261,26,0.999403166451586,0.9999334336460016,-1.3256679860389892e-05,0.049996910929340325,-0.04999956759817967,-2.6752606761042022e-05,2.8959158795561904e-06,1.0246186003804703e-05,2.6517937301291925e-06,26,32,0,1.1439667754455819e-05,0.00044277450816970234,-0.0001882946671685204
LR_a0p7_q0,5000000,1,7,79,True,0.05,5,0.0004166028669605761,19,0.9999501680378653,0.9999374200586094,3.1869948139730264e-07,0.04999977394183909,-0.04999972963990981,-2.265539945810637e-06,2.858636979383054e-06,2.3366650000616603e-06,4.644901134403312e-06,19,32,0,1.123923608846768e-06,0.00012034981171176949,-0.00021446734899654984
LR_a0p7_q0,5000000,1,8,54,True,0.05,5,-0.0004800708870788357,16,0.9997670565722461,1.0003582639745037,-1.4780185056441353e-05,0.049999029161022265,-0.050001620651717656,-1.06763324099378e-05,-1.6292547007488678e-05,1.4172384945976377e-05,6.0991591663000465e-06,16,32,0,9.437644800478466e-06,0.0003713805418877581,-0.0009684161050245166
LR_a0p7_q0,5000000,1,9,68,True,0.05,5,0.0014407034921981882,19,0.9997385767075486,0.9999539507260496,-5.384350462524223e-06,0.049998669252631064,-0.04999972038982059,-1.1740417253646866e-05,2.0228535180808763e-06,1.1534147572424341e-05,3.3993608249652125e-06,19,32,0,6.183890002625484e-06,0.00017762265388506984,0.0003186941903550178
LR_a0p7_q0,5000000,1,0,37,True,0.05,10,-0.0004846633319114603,16,1.0014677195223676,1.000806897552176,1.652054925478999e-05,0.05000643077460393,-0.05000341811254615,6.695520151446337e-05,-3.692676506266756e-05,2.7774752999571105e-05,8.771874517591504e-06,16,32,0,2.7858167488112992e-05,0.0010324736772286676,-0.0006142095662653446
LR_a0p7_q0,5000000,1,1,38,True,0.05,10,-0.0012259332715606897,13,0.9996752918542431,0.9999748699927815,-7.489453463460638e-06,0.04999875251586365,-0.05000026347037448,-1.4987923151494506e-05,1.5199707354086041e-06,4.51692077199777e-05,3.0071230053790407e-05,13,32,0,2.8057198329296964e-05,8.01771760702292e-05,-0.004371013026684523
LR_a0p7_q0,5000000,1,2,56,True,0.05,10,0.00463483212607448,28,0.9994251416986191,0.9995661107768941,-3.5242269568781792e-06,0.04999719978716787,-0.04999788690354792,-2.594270223689939e-05,1.9581364703212733e-05,7.448265790549769e-06,4.700286893472304e-06,28,32,0,1.1199327809384503e-05,0.0001578415708132811,0.0007074084714986384
LR_a0p7_q0,5000000,1,3,75,True,0.05,10,-0.000861573140824386,14,0.9980332590263125,0.9997865667152533,-4.383269222352215e-05,0.04999050872360686,-0.04999852133112859,-8.884577229124215e-05,9.192995365909142e-06,7.35431716466998e-06,4.727842040329446e-06,14,32,0,3.514800332689956e-05,0.00035920837112841605,0.0017479280941188335
LR_a0p7_q0,5000000,1,4,32,True,0.05,10,-0.0002776803449340967,12,0.9979121246816582,0.9991504626670306,-3.095844963430655e-05,0.04998965187203799,-0.04999585456968875,-9.40456379550881e-05,3.833143633721698e-05,7.865316522520806e-06,3.399744206458109e-06,12,32,0,3.191926835888511e-05,4.394100369928829e-05,0.00013507617404684424
LR_a0p7_q0,5000000,1,5,43,True,0.05,10,-0.005369743102165144,1,0.9996439313375904,0.999596203728777,1.1931902203360378e-06,0.04999829696930885,-0.049997953003865,-1.610040242925075e-05,1.814281742619622e-05,4.398657990627051e-06,4.2087943834646195e-06,1,32,0,7.937782766976023e-06,0.00021406911542019223,0.0005131925572641194
LR_a0p7_q0,5000000,1,6,30,True,0.05,10,0.002586911235066261,26,0.9977897668704183,0.9989873206725686,-2.9938845053756324e-05,0.049989645017630535,-0.0499953522714985,-0.00010015667410961717,4.598623787006458e-05,1.004868322312336e-05,3.207152487158892e-06,26,32,0,3.366528156044095e-05,0.0001782485419774859,-0.0001882946671685204
LR_a0p7_q0,5000000,1,7,79,True,0.05,10,0.0004166028669605761,19,0.9996376184503961,0.9998971775700009,-6.488977990120118e-06,0.049998271602141105,-0.04999952773780846,-1.6390679621277e-05,4.668859308475027e-06,7.50569503891401e-06,4.059980534210732e-06,19,32,0,6.1612915320605865e-06,0.00034012574831078626,-0.00021446734899654984
LR_a0p7_q0,5000000,1,8,54,True,0.05,10,-0.0004800708870788357,16,0.9979073225435865,1.0004370810769743,-6.324396333469776e-05,0.04998945970259335,-0.050001684505845696,-9.40935754140147e-05,-2.0169548003027108e-05,1.3930425584740392e-05,7.26923894198249e-06,16,32,0,3.9838987045990284e-05,0.0005076233066067053,-0.0009684161050245166
LR_a0p7_q0,5000000,1,9,68,True,0.05,10,0.0014407034921981882,19,0.9993407563365864,0.999919033390399,-1.4456926345315924e-05,0.04999676403058004,-0.049999533138486596,-2.9726213750745524e-05,3.5814689666844617e-06,2.3075309267987686e-05,8.995444045694248e-06,19,32,0,1.1002608549677e-05,0.000533672636410571,0.0003186941903550178
LR_a0p7_q0,5000000,1,0,37,True,0.05,20,-0.0004846633319114603,16,0.9956916663571158,0.999153891648802,-8.655563229215471e-05,0.04997834278689612,-0.04999534402423367,-0.00019375946904031424,3.7649441793575456e-05,1.3286907268191445e-05,9.923507201181572e-06,16,32,0,6.693929165935955e-05,0.00041494550585811126,-0.0006142095662653446
LR_a0p7_q0,5000000,1,1,38,True,0.05,20,-0.0012259332715606897,13,0.9996977662913936,0.9962397998355808,8.644916139531958e-05,0.050000280395702826,-0.04998195946569053,-1.5392081133144658e-05,0.00016996947391146802,2.542292495716789e-05,2.0040829305850264e-05,12,32,0,3.0677263987006894e-05,1.994073488670302e-05,-0.004371013026684523
LR_a0p7_q0,5000000,1,2,56,True,0.05,20,0.00463483212607448,28,0.998882960204025,0.9992178814689137,-8.373031622214283e-06,0.04999456834117043,-0.04999618895834254,-5.0420330969182516e-05,3.5294884896858565e-05,8.872411740773703e-06,3.5848188252907106e-06,28,32,0,1.7711101818919998e-05,0.00021163364331455972,0.0007074084714986384
LR_a0p7_q0,5000000,1,3,75,True,0.05,20,-0.000861573140824386,14,0.9959123620662669,0.9978988259833066,-4.9661597925992895e-05,0.049979776009868304,-0.049989182009706506,-0.00018415790655492743,9.42407105412355e-05,3.241238704193457e-05,1.8165702241172042e-05,14,32,0,6.426936381228288e-05,0.0005429579201996808,0.0017479280941188335
LR_a0p7_q0,5000000,1,4,32,True,0.05,20,-0.0002776803449340967,12,0.9907212301788454,0.9956153714491625,-0.000122353531757928,0.04995439702352032,-0.04997853569635559,-0.00041833551457804444,0.00019776712389747182,3.896875716854346e-05,1.970518986592282e-05,12,32,0,0.00014403609108450902,9.236320839070976e-06,0.00013507617404684424
LR_a0p7_q0,5000000,1,5,43,True,0.05,20,-0.005369743102165144,1,0.9988976752512252,0.9992090246566976,-7.783735136809855e-06,0.049994653472243966,-0.0499960810749647,-4.976970968265406e-05,3.562984212984253e-05,4.765074449959532e-06,2.6088114716384262e-06,1,32,0,1.7042042870610996e-05,0.00018894146753072773,0.0005131925572641194
LR_a0p7_q0,5000000,1,6,30,True,0.05,20,0.002586911235066261,26,0.9959258015904793,0.998047387365237,-5.303964436894487e-05,0.049980720997052516,-0.0499908549643376,-0.00018443091752854107,8.848559607574604e-05,2.3301293744826622e-05,8.977344361055314e-06,26,32,0,6.134893092426859e-05,0.0003975218621789479,-0.0001882946671685204
LR_a0p7_q0,5000000,1,7,79,True,0.05,20,0.0004166028669605761,19,0.9986321726308167,0.999790119723763,-2.8948677323656358e-05,0.04999280360603925,-0.04999860898026559,-6.119497449848124e-05,9.102994077388262e-06,5.460889700897189e-06,2.7783838616948327e-06,20,32,0,2.2784100248014622e-05,0.0006908780823118367,-0.00021446734899654984
LR_a0p7_q0,5000000,1,8,54,True,0.05,20,-0.0004800708870788357,16,0.9958890671822914,0.9981226775504063,-5.5840259202872417e-05,0.049981038179981084,-0.04999155372442394,-0.00018658482086649143,8.541984690364607e-05,1.2993528622983502e-05,4.542666251569342e-06,16,32,0,6.638887405116737e-05,0.00020578623698460987,-0.0009684161050245166
LR_a0p7_q0,5000000,1,9,68,True,0.05,20,0.0014407034921981882,19,0.9980957057875336,0.999352618270592,-3.142281207645786e-05,0.04999031121115975,-0.04999656553632331,-8.552592178308495e-05,2.893462279371467e-05,2.4718319425349923e-05,5.23610652687405e-06,19,32,0,3.1454537548956425e-05,0.0007133998572907781,0.0003186941903550178
LR_a0p7_q0,5000000,1,0,37,True,0.05,50,-0.0004846633319114603,16,0.9905213521169095,0.995546214929895,-0.00012562157032463758,0.04995378989283293,-0.049978301230733144,-0.0004277222869874692,0.0002009904842383819,1.5169635148997246e-05,6.8675001625523115e-06,16,32,0,0.00014248900040334322,0.0005418748899921968,-0.0006142095662653446
LR_a0p7_q0,5000000,1,1,38,True,0.05,50,-0.0012259332715606897,13,0.996075903748766,0.9967518055431998,-1.689754486084577e-05,0.04998313719708895,-0.04998266425093928,-0.00017934200965066138,0.00014507397377929484,1.9120219889338776e-05,7.364292293149305e-06,13,32,0,7.30668791421732e-05,1.4141283765712324e-05,-0.004371013026684523
LR_a0p7_q0,5000000,1,2,56,True,0.05,50,0.00463483212607448,28,0.9972805699815412,0.9982479910671138,-2.4185527139314322e-05,0.04998678274806592,-0.04999158943856112,-0.00012275424898886234,7.918988520542658e-05,1.4642406293305773e-05,2.4367184742205697e-06,28,32,0,4.168721352180797e-05,0.00026698089086608093,0.0007074084714986384
LR_a0p7_q0,5000000,1,3,75,True,0.05,50,-0.000861573140824386,14,0.9873132391488049,0.993238730530101,-0.00014813728453240416,0.049938438985783484,-0.049965718446231544,-0.000572777028343267,0.00030378191972649335,5.5678557337712e-06,3.4923734210272336e-06,14,32,0,0.00018979031837086291,0.0002150854735880469,0.0017479280941188335
LR_a0p7_q0,5000000,1,4,32,True,0.05,50,-0.0002776803449340967,12,0.9765698578981058,0.9886252885152466,-0.0003013857654285204,0.049882324729007624,-0.04994298372223818,-0.0010538318341023407,0.0005117192964758504,1.9886170999288262e-05,1.0532681856932014e-05,12,32,0,0.0003524914009785419,9.659898582843463e-05,0.00013507617404684424
LR_a0p7_q0,5000000,1,5,43,True,0.05,50,-0.005369743102165144,1,0.9973299562335186,0.9983208670984761,-2.477277162393765e-05,0.04998687267523855,-0.049991614761008524,-0.00012037486356265988,7.557140608463995e-05,5.596981956651259e-06,3.323931287122393e-06,1,32,0,3.9751167835590335e-05,5.7118482755404504e-05,0.0005131925572641194
LR_a0p7_q0,5000000,1,6,30,True,0.05,50,0.002586911235066261,26,0.9931838178694059,0.9964992362412528,-8.288545929617183e-05,0.04996707955118407,-0.04998309080448354,-0.0003078886577137982,0.0001581289924208901,1.8444169677961983e-05,7.568798598453461e-06,26,32,0,0.0001022808945401517,0.0007931036720820012,-0.0001882946671685204
LR_a0p7_q0,5000000,1,7,79,True,0.05,50,0.0004166028669605761,19,0.9925783932479862,0.9968130047198471,-0.00010586528679652069,0.04996416860980168,-0.04998441140212822,-0.00033524894740238,0.00014376116613585595,7.760722169068615e-06,3.7176558482775307e-06,20,32,0,0.00011181379754974305,0.0005164810040377151,-0.00021446734899654984
LR_a0p7_q0,5000000,1,8,54,True,0.05,50,-0.0004800708870788357,16,0.9916484666877465,0.9969244836948946,-0.00013190042517870204,0.049960506177057516,-0.049985341527074345,-0.0003780828426702236,0.00013911734232962148,3.7749228238897685e-05,3.9436799378043454e-06,16,32,0,0.0001280180729736736,0.0006235689731792454,-0.0009684161050245166
LR_a0p7_q0,5000000,1,9,68,True,0.05,50,0.0014407034921981882,19,0.9949293225640765,0.9979599219802515,-7.576498540437515e-05,0.04997493146875015,-0.04998980215701471,-0.0002284653405463406,9.180605800210686e-05,6.402937225473556e-06,2.54416473293727e-06,19,32,0,7.663742082033743e-05,0.00043634492707006175,0.0003186941903550178
LR_a0p7_q0,5000000,1,0,37,True,0.05,100,-0.0004846633319114603,16,0.969743369060578,0.983626312530062,-0.0003470735867370997,0.04985346362340298,-0.04992016889912011,-0.0013662951703740465,0.0007388532726170382,2.8463930119551103e-05,1.0592567222516122e-05,15,32,0,0.00045017883957869495,0.0005271305555646997,-0.0006142095662653446
LR_a0p7_q0,5000000,1,1,38,True,0.05,100,-0.0012259332715606897,13,0.9921690729804358,0.9911547666661159,2.53576578579974e-05,0.04996641603206933,-0.04995340474873836,-0.0003579623830475147,0.0003956664154325533,2.0330409676656928e-05,1.2167977864731499e-05,13,32,0,0.00013495692437867057,0.00024949337251442186,-0.004371013026684523
LR_a0p7_q0,5000000,1,2,56,True,0.05,100,0.00463483212607448,28,0.9944449798491136,0.9973258142334664,-7.202085960882412e-05,0.04997258718692971,-0.049987105051920555,-0.0002503381944740171,0.00012081434024723505,1.5521446164998402e-05,4.1352425023426604e-06,28,32,0,8.300093490664797e-05,0.0003686582875234547,0.0007074084714986384
LR_a0p7_q0,5000000,1,3,75,True,0.05,100,-0.000861573140824386,14,0.9778211411093729,0.9831352850181085,-0.0001328535977183909,0.049893878822708904,-0.04991707976696175,-0.0010028217672402306,0.0007603155160563756,4.1926485505450836e-05,3.273458519970767e-05,13,32,0,0.00033226936531581373,0.0006012957159029592,0.0017479280941188335
LR_a0p7_q0,5000000,1,4,32,True,0.05,100,-0.0002776803449340967,12,0.9614899550779445,0.9817172260654389,-0.0005056817746873568,0.04980916821359191,-0.04990953218859345,-0.0017346704596946827,0.0008236708853214832,1.1998092747225188e-05,5.629405923814233e-06,12,32,0,0.0005724148585228259,0.00045859232021764154,0.00013507617404684424
LR_a0p7_q0,5000000,1,5,43,True,0.05,100,-0.005369743102165144,1,0.9948141980070707,0.9968356765071451,-5.0536962501859795e-05,0.04997450267361969,-0.04998418567966817,-0.00023379277326624615,0.0001424018543109042,2.958443360215111e-06,2.7494004221172077e-06,1,32,0,7.725804624812703e-05,3.212401189114652e-05,0.0005131925572641194
LR_a0p7_q0,5000000,1,6,30,True,0.05,100,0.002586911235066261,26,0.9839076858757252,0.9914677894452046,-0.0001890025892369862,0.049922864695105464,-0.04995909493561923,-0.0007274804013191638,0.00038570546335902803,2.494230551238749e-05,8.635303031495282e-06,26,32,0,0.00023995101851735664,0.00011574107156304984,-0.0001882946671685204
LR_a0p7_q0,5000000,1,7,79,True,0.05,100,0.0004166028669605761,19,0.9788633591302257,0.9902807818855193,-0.0002854355688823376,0.04989813100041319,-0.04995303249480922,-0.0009549630439018366,0.00043899340053326204,2.0061193213290717e-05,8.842257393784192e-06,19,32,0,0.0003148057958728253,0.00023247995464330533,-0.00021446734899654984
LR_a0p7_q0,5000000,1,8,54,True,0.05,100,-0.0004800708870788357,16,0.9838073716840425,0.9921051909847307,-0.00020744548251720382,0.049921824302869025,-0.049961983857973485,-0.0007314557186668871,0.0003567243087369506,1.2099268935697912e-05,4.001385592250478e-06,16,32,0,0.00024223752456428276,0.00034268665496312283,-0.0009684161050245166
LR_a0p7_q0,5000000,1,9,68,True,0.05,100,0.0014407034921981882,19,0.9888585626262105,0.9948569589336786,-0.0001499599076867017,0.0499449145334251,-0.049974430700143624,-0.000501986402114579,0.0002315827534597177,9.162797433222448e-06,5.3539368265103976e-06,19,32,0,0.0001665714887534001,0.0003960023389278671,0.0003186941903550178
LR_a0p7_q0,5000000,1,0,37,True,0.05,200,-0.0004846633319114603,16,0.9448265827203178,0.9685730817593858,-0.0005936624759767008,0.049732087859486955,-0.04984633397605031,-0.002490758723471067,0.0014176798880810287,9.513241570200428e-06,4.183683178288964e-06,15,32,0,0.0008204404472164286,0.000153079549590463,-0.0006142095662653446
LR_a0p7_q0,5000000,1,1,38,True,0.05,200,-0.0012259332715606897,13,0.9808010192987524,0.9883176949840501,-0.00018791689213244062,0.049912579387145335,-0.049937308969763915,-0.0008725284222077048,0.0005214242205614134,2.619818466639053e-05,1.645217203097004e-05,12,32,0,0.0003008109775623037,0.00041067262897629596,-0.004371013026684523
LR_a0p7_q0,5000000,1,2,56,True,0.05,200,0.00463483212607448,28,0.9856909201902155,0.9931765550106547,-0.0001871408705109781,0.04993015167221483,-0.04996714858883819,-0.0006456056627040555,0.0003083208383054476,5.658314025777561e-06,1.995576154458824e-06,28,32,0,0.00021348142628507068,0.00017456012898527042,0.0007074084714986384
LR_a0p7_q0,5000000,1,3,75,True,0.05,200,-0.000861573140824386,14,0.9619880904424899,0.9733025452209332,-0.0002828613694610821,0.04981848074321002,-0.04986976075017294,-0.0017190762210855881,0.001204633489126289,8.321379514563471e-06,6.66419417332219e-06,14,32,0,0.0005670308975822058,0.000880970535954622,0.0017479280941188335
LR_a0p7_q0,5000000,1,4,32,True,0.05,200,-0.0002776803449340967,12,0.9106564136887707,0.9561751155542841,-0.0011379675466378358,0.04956111067928684,-0.04978463688354054,-0.004028289994848304,0.0019758811058263265,2.6814135125990822e-05,1.4840539891040918e-05,12,32,0,0.001327493717580037,0.000795103258945302,0.00013507617404684424
LR_a0p7_q0,5000000,1,5,43,True,0.05,200,-0.005369743102165144,1,0.9907392930337305,0.9946669104844091,-9.8190436266965e-05,0.04995497225619028,-0.04997372770236741,-0.000418007604503777,0.0002403821781469303,6.135318046470322e-06,5.182052977156448e-06,1,32,0,0.00013786974849743736,5.2764187703977034e-05,0.0005131925572641194
LR_a0p7_q0,5000000,1,6,30,True,0.05,200,0.002586911235066261,26,0.9684040324387955,0.9830665355877379,-0.00036656257872356296,0.049849136785946685,-0.04991895813330621,-0.0014289351640069223,0.0007656313539193573,1.4216138361038188e-05,5.242783287730943e-06,24,32,0,0.00047123850323057566,0.00025088587024546305,-0.0001882946671685204
LR_a0p7_q0,5000000,1,7,79,True,0.05,200,0.0004166028669605761,19,0.9460692147406602,0.9744227575483128,-0.0007088385701913159,0.049738367002082784,-0.04987575382559478,-0.00243490626504977,0.0011546159481791714,1.173173770634173e-05,5.889711349582845e-06,19,32,0,0.0008016748527336019,0.0006341786591625137,-0.00021446734899654984
LR_a0p7_q0,5000000,1,8,54,True,0.05,200,-0.0004800708870788357,16,0.9690906011444234,0.9843391258829295,-0.00038121311846265465,0.04984953591727601,-0.04992331815530102,-0.001395005860054851,0.0007063618611545333,8.171798049997949e-06,5.193500885595597e-06,16,32,0,0.0004608110349838928,0.0005920401510881856,-0.0009684161050245166
LR_a0p7_q0,5000000,1,9,68,True,0.05,200,0.0014407034921981882,19,0.9719478714075754,0.9855459464377725,-0.00033995187575492497,0.04986214313409977,-0.04992888190444067,-0.001264749563721015,0.0006515845825520708,6.628576356160373e-06,1.951423115912788e-06,19,32,0,0.0004184033958339293,0.00034458927352522554,0.0003186941903550178
LR_a0p7_q0,5000000,1,0,37,True,0.05,500,-0.0004846633319114603,16,0.8602290641796214,0.9272277383790714,-0.0016749668549862484,0.04932810795572482,-0.04964566032466914,-0.006316654746743753,0.003284273405715576,3.8660007682712955e-06,4.732026679416416e-06,14,32,0,0.002079810997341156,3.9288227780028035e-05,-0.0006142095662653446
LR_a0p7_q0,5000000,1,1,38,True,0.05,500,-0.0012259332715606897,13,0.9440135738028469,0.9799473662088279,-0.0008983448101495262,0.04973966497885915,-0.049887081776542115,-0.0025389862887167988,0.0008897134661007245,8.350712817253489e-06,6.9700552324964e-06,14,32,0,0.0008533888695089508,0.00034734090676234974,-0.004371013026684523
LR_a0p7_q0,5000000,1,2,56,True,0.05,500,0.00463483212607448,28,0.9594747575606635,0.9763349916714831,-0.00042150585277048874,0.04980369849892581,-0.04988547292488901,-0.0018299606208926175,0.0010687233413148771,5.928267124803626e-06,1.487580345344773e-06,27,32,0,0.000602442071058051,1.1017356372745854e-05,0.0007074084714986384
LR_a0p7_q0,5000000,1,3,75,True,0.05,500,-0.000861573140824386,14,0.9060796514451536,0.9322149556010989,-0.0006533826038986335,0.04955001710514176,-0.04966546078406206,-0.004246034532884073,0.0030547130040070453,7.249840712289509e-06,6.8065774225805655e-06,14,32,0,0.0014003323476498319,0.0007167227767604171,0.0017479280941188335
LR_a0p7_q0,5000000,1,4,32,True,0.05,500,-0.0002776803449340967,12,0.8010249519375431,0.8977531015313674,-0.002418203739845609,0.04902433872693841,-0.04949869783736541,-0.008973091130061254,0.0046110427607970305,7.215010323871067e-06,4.400591203109455e-06,12,32,0,0.002953509989147651,0.0002922557455269056,0.00013507617404684424
LR_a0p7_q0,5000000,1,5,43,True,0.05,500,-0.005369743102165144,1,0.9752416845900519,0.986030444706425,-0.00026971900290932715,0.04987947094198067,-0.049931330329962526,-0.001117386712478055,0.0006298080946413306,6.325430837679804e-06,4.25186853438787e-06,1,32,0,0.00036789337546388757,8.026584438117663e-06,0.0005131925572641194
LR_a0p7_q0,5000000,1,6,30,True,0.05,500,0.002586911235066261,26,0.9197019212850817,0.9572221688316782,-0.0009380061886649152,0.049612637807482846,-0.04979348624573392,-0.003627541743228776,0.0019323778041500151,1.3618947272814812e-05,7.106964834089399e-06,24,32,0,0.0011941637205485727,3.4751117722123e-05,-0.0001882946671685204
LR_a0p7_q0,5000000,1,7,79,True,0.05,500,0.0004166028669605761,19,0.8725142667229374,0.9359669071319904,-0.0015863160102263206,0.04938357392046258,-0.049690700395442614,-0.0057578605843156844,0.002892355038843104,8.546135797846827e-06,5.124315360651783e-06,18,32,0,0.0018941822422549853,0.0010699430161304425,-0.00021446734899654984
LR_a0p7_q0,5000000,1,8,54,True,0.05,500,-0.0004800708870788357,16,0.9265501559467162,0.960215981681517,-0.000841645643370019,0.049643030752868716,-0.04980707006530809,-0.003315522955532925,0.0017962709812322278,1.3905308670276266e-05,5.238069896863457e-06,16,32,0,0.0010910698323171786,0.0004830428951559364,-0.0009684161050245166
LR_a0p7_q0,5000000,1,9,68,True,0.05,500,0.0014407034921981882,19,0.9332939936785334,0.963715841644539,-0.0007605461991501417,0.04967354158972434,-0.04982140923168121,-0.0030088419057976304,0.0016356171494543042,5.76358708955465e-06,2.663258758696895e-06,19,32,0,0.0009913197249479182,5.1325448180717216e-05,0.0003186941903550178
LR_a0p7_q0,5000000,1,0,37,True,0.05,1000,-0.0004846633319114603,16,0.7635523137985339,0.871386556745215,-0.0026958560736670273,0.0488590839389791,-0.04937066312978761,-0.010681468249052412,0.005801335292526872,3.936231454319538e-06,3.860968651642956e-06,14,32,0,0.0035159969150277714,0.00041610088265486584,-0.0006142095662653446
LR_a0p7_q0,5000000,1,1,38,True,0.05,1000,-0.0012259332715606897,13,0.902603620218498,0.9437863518376347,-0.0010295682904784172,0.049553707610508535,-0.049698639874602206,-0.004423526599583614,0.0025093222827204664,1.220439665953048e-05,7.3928406769386255e-06,12,32,0,0.0015074932013750411,0.0009698761481331888,-0.004371013026684523
LR_a0p7_q0,5000000,1,2,56,True,0.05,1000,0.00463483212607448,28,0.9207669105798721,0.9496518639645659,-0.0007221238346173456,0.049615722712390495,-0.049754896534860246,-0.003577377183396879,0.002272303336631946,1.9243154566810033e-05,4.898126012547573e-06,26,32,0,0.001176920403033212,0.0003023667836891716,0.0007074084714986384
LR_a0p7_q0,5000000,1,3,75,True,0.05,1000,-0.000861573140824386,14,0.8152121632121173,0.8727225894138446,-0.0014377606550431826,0.04911962080655907,-0.049376331322198846,-0.008359012645953259,0.005740201851506638,1.0566763828550364e-05,2.465760174923448e-06,14,32,0,0.002758691307134079,0.0010933036620537288,0.0017479280941188335
LR_a0p7_q0,5000000,1,4,32,True,0.05,1000,-0.0002776803449340967,12,0.6366998748326577,0.8022303154873808,-0.004138261016368078,0.04822843244329382,-0.04903667758809657,-0.016393438701660906,0.008925161813727553,1.5531852412020913e-05,1.4494559080972365e-05,12,32,0,0.005393601803494851,0.0007998778566889791,0.00013507617404684424
LR_a0p7_q0,5000000,1,5,43,True,0.05,1000,-0.005369743102165144,1,0.9493731470505157,0.971699075252942,-0.0005581482050606573,0.04975468253966589,-0.04986178685754139,-0.002286025187140031,0.001276833094894278,1.3441538129942808e-05,1.13250813531145e-05,1,32,0,0.0007526152653429094,0.0002845112126301687,0.0005131925572641194
LR_a0p7_q0,5000000,1,6,30,True,0.05,1000,0.002586911235066261,26,0.8649715958123436,0.9266838130457035,-0.0015428054308339947,0.049345188774251716,-0.049644091550380944,-0.006096608983634552,0.003309900898095768,6.03928855291541e-06,2.3441524753238343e-06,24,32,0,0.0020063685088032163,0.00017374024632791854,-0.0001882946671685204
LR_a0p7_q0,5000000,1,7,79,True,0.05,1000,0.0004166028669605761,19,0.7656418289305511,0.8784776373510187,-0.0028208952105116918,0.04886509080329454,-0.049412339094199655,-0.010582999356767035,0.005488457226648638,8.047427795163452e-06,5.218946451485254e-06,18,32,0,0.003481105951155158,0.001476135127286683,-0.00021446734899654984
LR_a0p7_q0,5000000,1,8,54,True,0.05,1000,-0.0004800708870788357,16,0.8605215265405406,0.9271632569859414,-0.0016660432611350189,0.049320560779104676,-0.049646179202692736,-0.006294484452077632,0.003288016353395657,6.3844973731454865e-06,3.1402452605361662e-06,16,32,0,0.0020712262083300275,0.0007433091654246383,-0.0009684161050245166
LR_a0p7_q0,5000000,1,9,68,True,0.05,1000,0.0014407034921981882,19,0.8797451336840408,0.9325491335218189,-0.00132009999594445,0.049409035151576894,-0.04966726124202561,-0.005421778467374785,0.003039804565934693,6.151275645877658e-05,2.7070381375176475e-06,19,32,0,0.0020370991235987533,0.0003764421804353441,0.0003186941903550178
LR_a0p7_q0,5000000,1,0,37,True,0.05,2000,-0.0004846633319114603,16,0.5906144992512533,0.7715140207623817,-0.004522488037778209,0.04802863161325452,-0.048881628242447885,-0.018497906650691814,0.010305927204328802,4.4620553296664244e-06,4.8724500688910305e-06,13,32,0,0.006089325920537414,0.0008847767883663875,-0.0006142095662653446
LR_a0p7_q0,5000000,1,1,38,True,0.05,2000,-0.0012259332715606897,13,0.8298193534527485,0.8935433144833207,-0.0015930990257643045,0.04922546547142819,-0.049428490853988635,-0.007734497798790766,0.004751325129822603,9.213937367815939e-05,5.593216621335641e-05,13,32,0,0.0027147796310139968,0.0008250003474170147,-0.004371013026684523
LR_a0p7_q0,5000000,1,2,56,True,0.05,2000,0.00463483212607448,28,0.8462799564109369,0.9042879041043406,-0.0014501986923350918,0.0492531779234404,-0.049533600328507246,-0.006939180102893561,0.004319205123290218,4.416248393344919e-06,2.1420859200740946e-06,26,32,0,0.0022828998053934686,7.440481205362627e-05,0.0007074084714986384
LR_a0p7_q0,5000000,1,3,75,True,0.05,2000,-0.000861573140824386,14,0.6748266019319643,0.7713016967905284,-0.0024118773714641023,0.048441211060210904,-0.04886567594329261,-0.014699880963612655,0.010300591103766236,3.7727799007915553e-06,5.307441700218615e-06,15,32,0,0.004852679165603869,0.0011871918747149227,0.0017479280941188335
LR_a0p7_q0,5000000,1,4,32,True,0.05,2000,-0.0002776803449340967,12,0.39002629208598677,0.6314813062033919,-0.006036375352935129,0.04701260687761814,-0.04819911451860004,-0.027511292273318805,0.016625049208430435,0.00018989555264832975,0.00018874339501349336,12,32,0,0.009328338140446478,0.0012670163721711155,0.00013507617404684424
LR_a0p7_q0,5000000,1,5,43,True,0.05,2000,-0.005369743102165144,1,0.9069757397019745,0.9460729032335935,-0.000977429088290474,0.049548610248382446,-0.04973540968029189,-0.004199823263283708,0.0024317645186121414,4.122083279374625e-06,3.864667588252964e-06,1,32,0,0.0013817952625527798,0.0010745867823680237,0.0005131925572641194
LR_a0p7_q0,5000000,1,6,30,True,0.05,2000,0.002586911235066261,26,0.754744688582005,0.8628880699961551,-0.0027035845353537494,0.04880866885375678,-0.04933351319928829,-0.011071434424656522,0.00618910969948052,9.843361064898502e-06,5.470744990175321e-06,24,32,0,0.003641632426567822,0.0006953785950299199,-0.0001882946671685204
LR_a0p7_q0,5000000,1,7,79,True,0.05,2000,0.0004166028669605761,19,0.5999059629775851,0.7799034726658661,-0.004499937742207024,0.04805929210767225,-0.048934899272917796,-0.018063993958793025,0.009939725639624478,0.0010273497778457803,0.0010274606327407016,18,32,0,0.009735101030377702,0.002224303863528482,-0.00021446734899654984
LR_a0p7_q0,5000000,1,8,54,True,0.05,2000,-0.0004800708870788357,16,0.7592236974125784,0.8687391205341134,-0.002737885578038373,0.04882856108359761,-0.04936278843955289,-0.010867376212968677,0.005925832412847227,4.755146789397507e-06,3.295628906850192e-06,16,32,0,0.0035759430039068335,0.0005931098437265807,-0.0009684161050245166
LR_a0p7_q0,5000000,1,9,68,True,0.05,2000,0.0014407034921981882,19,0.7752975574267501,0.8690796464244172,-0.002344552224941676,0.048896152981095814,-0.049353475418456416,-0.010131275109758293,0.005899493097235551,0.0003646380104449901,0.00039084343332010466,19,32,0,0.00407054973849986,0.0001586569956032336,0.0003186941903550178
LR_a0p7_q0,5000000,2,0,25,True,0.05,1,-0.0005939956040949546,15,1.001447216500159,0.9999997603385347,3.618640404061402e-05,0.050007255864730704,-0.049999998798416684,6.51049602772481e-05,1.0781489967937058e-08,9.3058597299565e-05,3.550516606116481e-05,15,32,0,2.3777863862610744e-05,0.0005377427528725575,-0.002214592881500721
LR_a0p7_q0,5000000,2,1,55,True,0.05,1,0.0018211239846666208,19,0.9996723252776388,0.999999765796005,-8.186012959154887e-06,0.04999843591966085,-0.04999999888208081,-1.4819655778914358e-05,1.0592280519996831e-08,4.3246180903660527e-05,3.8652517691325716e-05,19,32,0,9.50628016594078e-06,0.00012166239824404472,-0.0021361028775572777
LR_a0p7_q0,5000000,2,2,89,True,0.05,1,0.006077788711269256,19,1.0015042195348975,0.9999958032158238,3.771040797684311e-05,0.05000695478735554,-0.049999980596089295,6.825618938937885e-05,1.9043529810667763e-07,0.0002013542913969679,0.00015427223422851652,20,32,0,3.9051110236312486e-05,0.00012115003980712396,-0.008899417705833912
LR_a0p7_q0,5000000,2,3,63,True,0.05,1,0.001896568095369837,30,0.9999999861510631,1.000093892576613,-2.3476606387483334e-06,0.04999999992195986,-0.05000052909405258,-6.144067072229938e-10,-4.165534778072438e-06,2.6521904207729415e-05,5.446563136145304e-06,30,32,0,8.463860792056204e-07,0.00022321504086827537,0.0003950699756387621
LR_a0p7_q0,5000000,2,4,4,True,0.05,1,0.00043987621510699045,17,0.9999999482424332,1.0000730463091716,-1.827451668462432e-06,0.04999999972028071,-0.050000394772462875,-2.3081590619333833e-09,-3.2575429957218736e-06,2.692068891598894e-05,1.398649105818453e-05,17,32,0,2.1508273442842332e-06,8.801126134587897e-05,0.0007479562773369253
LR_a0p7_q0,5000000,2,5,68,True,0.05,1,0.012813882992181995,24,0.9999996103426503,0.9994533390131013,1.3656783238724657e-05,0.04999999805567297,-0.049997272250257296,-1.7538540411121266e-08,2.4605299602221557e-05,2.846292357071695e-05,3.9038069382097474e-05,24,32,0,6.8771059352468735e-06,0.00023064020992364322,-0.001971967052668333
LR_a0p7_q0,5000000,2,6,37,True,0.05,1,-0.0030776229435409454,6,0.9993181201530349,0.9999993325081158,-1.7030308877022393e-05,0.049996759934919144,-0.049999996828301724,-3.0853927267372516e-05,3.020289593284863e-08,8.911642044710284e-05,7.352968218346569e-05,6,32,0,1.580815103850771e-05,0.00014817435459514437,0.003598014358431101
LR_a0p7_q0,5000000,2,7,71,True,0.05,1,0.0009849581490529724,16,0.9947800994918605,0.9947800994918562,1.1015494072452725e-16,0.049977805146252476,-0.04997780514625248,-0.00023880017165954764,0.00023880017165958602,0.003287390523120259,0.003082536240031025,16,18,14,0.00087606593751338,0.0005106914461452234,0.21068865060806274
LR_a0p7_q0,5000000,2,8,17,True,0.05,1,0.0005828654986583894,16,0.9999994651913271,1.0013169011943768,-3.293590007624053e-05,0.049999997568502264,-0.05000598726691302,-2.4308935912484538e-08,-5.985779280582826e-05,7.906074215725544e-05,2.846189965139875e-05,16,32,0,8.419190783328475e-06,0.00045258208073594575,-0.002205220051109791
LR_a0p7_q0,5000000,2,9,98,True,0.05,1,0.0022133179063051605,19,0.9993210726467492,0.9999998544451807,-1.6969544960786925e-05,0.049996759295568245,-0.04999999930522735,-3.07056632307762e-05,6.582968287693567e-09,2.071559514512891e-05,3.392765958394981e-05,18,32,0,1.2248880327177797e-05,0.000301001006522359,-0.001683985348790884
LR_a0p7_q0,5000000,2,0,25,True,0.05,2,-0.0005939956040949546,15,1.002173085693806,1.0012506342264427,2.3061286684084026e-05,0.05001070495248139,-0.05000594253296581,9.794933220889197e-05,-5.6589178356311704e-05,7.915120878085057e-05,2.0934783097779378e-05,16,32,0,3.5863744855026886e-05,0.0008591365386879815,-0.002214592881500721
LR_a0p7_q0,5000000,2,1,55,True,0.05,2,0.0018211239846666208,19,0.9996934908576373,0.9999973514140776,-7.5965139110095725e-06,0.04999853694871584,-0.04999998735758091,-1.3862405833987003e-05,1.1978687702102483e-07,4.971131349575999e-05,3.972823021096745e-05,19,32,0,8.4137958227177e-06,0.00011196578008509295,-0.0021361028775572777
LR_a0p7_q0,5000000,2,2,89,True,0.05,2,0.006077788711269256,19,1.0010123555812347,0.9999840167538007,2.5708470685850693e-05,0.05000459833732136,-0.049999924128831155,4.601944174038962e-05,7.23291141137578e-07,0.00015816792684707713,0.0001396099549245826,19,32,0,4.094581599155895e-05,8.258014053972322e-05,-0.008899417705833912
LR_a0p7_q0,5000000,2,3,63,True,0.05,2,0.001896568095369837,30,1.0003764693843826,1.0004828695449859,-2.660004015081485e-06,0.05000188748433497,-0.050002479295881794,1.6935984884177488e-05,-2.1664181367499962e-05,4.001815630736286e-05,6.361618896243834e-06,30,32,0,6.328590125435048e-06,0.0006460553011191361,0.0003950699756387621
LR_a0p7_q0,5000000,2,4,4,True,0.05,2,0.00043987621510699045,17,0.9998840807172162,0.9997120172156237,4.301587539813634e-06,0.04999937352425772,-0.049998443621938615,-5.169488396904543e-06,1.2842761157401566e-05,9.239185695892668e-06,1.4751985197397922e-05,16,32,0,4.081754670902674e-06,0.0002677898863039927,0.0007479562773369253
LR_a0p7_q0,5000000,2,5,68,True,0.05,2,0.012813882992181995,24,1.0002363900253675,0.9989775583630234,3.147079155860211e-05,0.050001128269330536,-0.049995001220147994,1.0691231937888928e-05,4.6123301996819674e-05,2.7393970635496488e-05,2.3815881519159143e-05,24,32,0,1.0019095127700627e-05,0.00047589157233702124,-0.001971967052668333
LR_a0p7_q0,5000000,2,6,37,True,0.05,2,-0.0030776229435409454,6,0.9969846752708017,1.0001822419138107,-7.993916607522411e-05,0.04998567218490768,-0.05000086595265113,-0.0001364384213675641,-8.246143039415836e-06,2.6803405778787372e-05,5.033789425363372e-05,6,32,0,4.959350607293975e-05,0.0007407233233735818,0.003598014358431101
LR_a0p7_q0,5000000,2,7,71,True,0.05,2,0.0009849581490529724,16,0.9935204675928024,0.9935132871609653,1.7951079593018365e-07,0.04997215891606484,-0.049972126730177036,-0.00029613553642475444,0.00029646237212881056,0.0021266915577737525,0.0020000344444243887,16,18,14,0.0010661156524931373,0.0005792612103567979,0.21068865060806274
LR_a0p7_q0,5000000,2,8,17,True,0.05,2,0.0005828654986583894,16,1.0005480528132833,1.0014398275634868,-2.2294368755088056e-05,0.050002885526381435,-0.05000663439448576,2.4517114282725626e-05,-6.535698368860693e-05,5.422922968443151e-05,1.8245350413728567e-05,16,32,0,1.4810481633816128e-05,0.0005615467500552263,-0.002205220051109791
LR_a0p7_q0,5000000,2,9,98,True,0.05,2,0.0022133179063051605,19,0.9992961862782072,1.000029566837425,-1.8334513980446804e-05,0.049996635116621856,-0.050000147565249994,-3.1825802711475646e-05,-1.3307766212602878e-06,1.60971888419075e-05,1.5075845610708006e-05,18,32,0,1.3581230994534054e-05,0.000280472750407228,-0.001683985348790884
LR_a0p7_q0,5000000,2,0,25,True,0.05,5,-0.0005939956040949546,15,1.001054000767743,1.0011564876428425,-2.562171877482089e-06,0.050004642095706875,-0.05000528388463482,4.805794268025625e-05,-5.2540497507311716e-05,3.668431460855816e-05,1.7099613021478337e-05,16,32,0,2.7901053692116497e-05,0.0006995429806661187,-0.002214592881500721
LR_a0p7_q0,5000000,2,1,55,True,0.05,5,0.0018211239846666208,19,0.9996860447475767,1.00127719175134,-3.977867509407859e-05,0.04999851275924517,-0.05000620357492594,-1.4210521866320392e-05,-5.765601264107251e-05,3.1586743041564975e-05,1.6467356916558886e-05,20,32,0,1.2955313083986032e-05,0.00037188267147465667,-0.0021361028775572777
LR_a0p7_q0,5000000,2,2,89,True,0.05,5,0.006077788711269256,19,0.9994376888327355,1.0044490648601017,-0.0001252844006841558,0.04999710684814308,-0.05002214723468881,-2.5222406506323784e-05,-0.0002003060083162737,8.142668988608678e-05,7.417007946263659e-05,23,32,0,5.429129526535531e-05,0.0003541897836432366,-0.008899417705833912
LR_a0p7_q0,5000000,2,3,63,True,0.05,5,0.001896568095369837,30,0.9992334014302954,1.0000288034524474,-1.9885050553801464e-05,0.04999587392274829,-0.04999983108341467,-3.4203851233491915e-05,-1.6090892076730696e-06,3.60226152654779e-05,1.0128854914850963e-05,30,32,0,1.3019299415393471e-05,0.0007705621988067496,0.0003950699756387621
LR_a0p7_q0,5000000,2,4,4,True,0.05,5,0.00043987621510699045,17,0.999344800857766,0.9997766246641671,-1.0795595160026372e-05,0.049996663751457726,-0.049998771405570824,-2.9423708569398992e-05,9.940172362458793e-06,8.036146642282338e-06,5.314500461188374e-06,17,32,0,1.1034980882733962e-05,0.00010770982867439972,0.0007479562773369253
LR_a0p7_q0,5000000,2,5,68,True,0.05,5,0.012813882992181995,24,0.9992891160598074,0.9995299870792246,-6.0217754854277605e-06,0.04999670279107488,-0.04999757096017704,-3.224698808453364e-05,2.1071606215755612e-05,3.0852573916129324e-05,1.7835625550229825e-05,24,32,0,1.516039294695818e-05,0.000410432240570577,-0.001971967052668333
LR_a0p7_q0,5000000,2,6,37,True,0.05,5,-0.0030776229435409454,6,0.9973957139532225,0.9997453980999194,-5.8742103667422385e-05,0.049987731620633746,-0.04999867644119019,-0.00011794592297261148,1.140653619424076e-05,2.382422628869157e-05,2.473183791055235e-05,6,32,0,4.493576612932969e-05,0.0004488043687768992,0.003598014358431101
LR_a0p7_q0,5000000,2,7,71,True,0.05,5,0.0009849581490529724,16,0.9939474614971034,0.9939406257824769,1.7089286566407402e-07,0.04997295607439451,-0.04997292525990472,-0.0002755829995392888,0.0002758939707809145,0.002274760423220947,0.0020757670887540085,16,18,14,0.0009722372555902411,0.0004420330333164301,0.21068865060806274
LR_a0p7_q0,5000000,2,8,17,True,0.05,5,0.0005828654986583894,16,0.9997575363757492,1.00097862614825,-3.0527244312524016e-05,0.04999906458189191,-0.05000441810532721,-1.118776310446666e-05,-4.45132020853251e-05,2.571549235450853e-05,1.4908775722603592e-05,16,32,0,1.67424385446994e-05,0.0003671311532303612,-0.002205220051109791
LR_a0p7_q0,5000000,2,9,98,True,0.05,5,0.0022133179063051605,19,0.9988704464043237,1.0003797140131854,-3.77316902215423e-05,0.04999453216038465,-0.050001881946276805,-5.1009840168454846e-05,-1.7103754382440608e-05,1.7927626223817782e-05,1.7479612078399842e-05,19,32,0,1.9223086888535187e-05,0.00015493363921051208,-0.001683985348790884
LR_a0p7_q0,5000000,2,0,25,True,0.05,10,-0.0005939956040949546,15,1.0021897133112894,1.0022672943521775,-1.939526022204374e-06,0.05000991625190307,-0.05001023337049956,9.956941366139974e-05,-0.00010313134710932147,4.365867435008094e-05,9.844640308259679e-06,16,32,0,4.519022255554755e-05,0.00104931780621086,-0.002214592881500721
LR_a0p7_q0,5000000,2,1,55,True,0.05,10,0.0018211239846666208,19,0.9984428183905432,1.0010243098871165,-6.453728741433531e-05,0.049992837748979946,-0.05000503886396451,-7.069682945280768e-05,-4.61766303913115e-05,2.6127676598833254e-05,1.7011870393966218e-05,20,32,0,2.8043587736987387e-05,8.760526223264657e-05,-0.0021361028775572777
LR_a0p7_q0,5000000,2,2,89,True,0.05,10,0.006077788711269256,19,0.9988706480331245,1.0018804422354362,-7.524485505779402e-05,0.04999428822235334,-0.05000937921873826,-5.0755820697112175e-05,-8.464289303356296e-05,9.022938018304652e-05,8.260783329311886e-05,21,32,0,5.829138869078134e-05,0.0001505539679303276,-0.008899417705833912
LR_a0p7_q0,5000000,2,3,63,True,0.05,10,0.001896568095369837,30,0.9979202852520433,0.9991403039701054,-3.0500467951551785e-05,0.0499897909899288,-0.04999571166335265,-9.37767273266221e-05,3.86964648473731e-05,7.482084052416531e-06,3.2171717586103013e-06,30,32,0,3.239973237086464e-05,0.00037122986918502776,0.0003950699756387621
LR_a0p7_q0,5000000,2,4,4,True,0.05,10,0.00043987621510699045,17,0.9979606942168953,0.9988852511554835,-2.31139234647057e-05,0.04998992039721574,-0.049994739349531025,-9.188568637098353e-05,5.047679175684709e-05,1.0871833264442926e-05,2.466408297025233e-06,16,32,0,3.172291806254568e-05,4.2261238145754426e-05,0.0007479562773369253
LR_a0p7_q0,5000000,2,5,68,True,0.05,10,0.012813882992181995,24,0.9988668404903214,0.9996025325092536,-1.839230047330498e-05,0.049994489085971046,-0.04999791726071173,-5.1147061455018344e-05,1.7790635248989927e-05,2.222605566433345e-05,1.667558057907781e-05,24,32,0,2.032256310656344e-05,0.0002270128326212326,-0.001971967052668333
LR_a0p7_q0,5000000,2,6,37,True,0.05,10,-0.0030776229435409454,6,0.9942699528475879,1.0018593822532862,-0.00018973573514245723,0.049973306991162536,-0.050007598723621316,-0.0002598093487831782,-8.537038904292445e-05,1.9107362555271356e-05,1.999290512440258e-05,6,32,0,8.9263772844184e-05,0.0001824340879354851,0.003598014358431101
LR_a0p7_q0,5000000,2,7,71,True,0.05,10,0.0009849581490529724,16,0.9928972887384553,0.9928695859333949,6.925701265068224e-07,0.049967742557328644,-0.04996761052908989,-0.00032287812040568853,0.0003241312324203842,0.0014339718079053436,0.0014578138541948616,16,18,14,0.001130596884917917,0.0005653552651068959,0.21068865060806274
LR_a0p7_q0,5000000,2,8,17,True,0.05,10,0.0005828654986583894,16,0.9972330117147543,1.0019390745506964,-0.00011765157089855399,0.04998618380395222,-0.05000867412029903,-0.00012453321821448405,-8.827960723580442e-05,1.9486981012538635e-05,1.0910211046708849e-05,16,32,0,5.315856804026436e-05,0.0005000978338169881,-0.002205220051109791
LR_a0p7_q0,5000000,2,9,98,True,0.05,10,0.0022133179063051605,19,0.9975433320714885,1.000183785830309,-6.60113439705165e-05,0.04998814542428637,-0.05000070696276368,-0.00011097882071192181,-8.482328751764985e-06,1.7278422019875575e-05,1.8209232112107795e-05,18,32,0,3.778644472099977e-05,0.0004878719970751347,-0.001683985348790884
LR_a0p7_q0,5000000,2,0,25,True,0.05,20,-0.0005939956040949546,15,0.9962690140447933,0.9994722765113551,-8.008156166404434e-05,0.049980922575834696,-0.049996686116797445,-0.0001674718735950265,2.3072291229707595e-05,1.420035500108659e-05,1.4917587707571548e-05,15,32,0,6.27270604746462e-05,0.00042189279225732706,-0.002214592881500721
LR_a0p7_q0,5000000,2,1,55,True,0.05,20,0.0018211239846666208,19,0.9946437262968999,1.001227877106245,-0.00016460377023362963,0.04997471932745592,-0.05000671618446006,-0.00024253301261093383,-5.467767085218826e-05,1.4473867422204034e-05,1.4583407051578298e-05,20,32,0,8.411407535516793e-05,9.366043014436195e-06,-0.0021361028775572777
LR_a0p7_q0,5000000,2,2,89,True,0.05,20,0.006077788711269256,19,0.9963050669824254,1.0042059158657948,-0.00019752122208423553,0.04998193353542161,-0.050020693615430614,-0.00016668018630034039,-0.0001896021778591044,6.733792004403877e-05,5.321747638794431e-05,22,32,0,7.29241349230822e-05,0.00020062127683701425,-0.008899417705833912
LR_a0p7_q0,5000000,2,3,63,True,0.05,20,0.001896568095369837,30,0.996084099569813,0.9983893506920677,-5.763127805636509e-05,0.04998058948460946,-0.04999183981105724,-0.0001763845061187986,7.237227645384586e-05,3.4683731971748926e-05,1.4799084597318065e-05,29,32,0,5.8943843125803225e-05,0.0005223434673646013,0.0003950699756387621
LR_a0p7_q0,5000000,2,4,4,True,0.05,20,0.00043987621510699045,17,0.989116649173706,0.9964650303872874,-0.00018370953033953336,0.049946822975514935,-0.049983326571164555,-0.0004909905168296284,0.00016007505180017464,3.881535662809331e-05,1.9912160394981847e-05,16,32,0,0.00016696229772145084,1.2333033540872438e-05,0.0007479562773369253
LR_a0p7_q0,5000000,2,5,68,True,0.05,20,0.012813882992181995,24,0.9975338292276087,0.9997511006471418,-5.543178548832878e-05,0.04998802252699821,-0.04999878565270183,-0.00011133106561775265,1.1230620344759383e-05,3.910095381153914e-06,6.0918565414441365e-06,24,32,0,3.8546231794940216e-05,0.00018529005673224735,-0.001971967052668333
LR_a0p7_q0,5000000,2,6,37,True,0.05,20,-0.0030776229435409454,6,0.9906272785219461,1.0017298056822503,-0.00027756317900760885,0.049956669926689096,-0.05000633307867222,-0.0004253060005917586,-8.015720544027826e-05,2.2029493277488238e-05,1.3217523054178385e-05,6,32,0,0.0001435125542672517,0.0004166282343438879,0.003598014358431101
LR_a0p7_q0,5000000,2,7,71,True,0.05,20,0.0009849581490529724,16,1.0048694605219382,0.696288295384212,0.007714529128443157,0.05002027527359312,-0.04863726541370079,0.000223197752503738,0.013822850644490191,0.0014204961594011854,0.0014694696725141949,14,18,14,0.0011808014617433879,0.0008688818249012899,0.21068865060806274
LR_a0p7_q0,5000000,2,8,17,True,0.05,20,0.0005828654986583894,16,0.9958594979744138,0.9983815196813667,-6.305054267382107e-05,0.04998106749569535,-0.04999308874452159,-0.00018809259697467987,7.401276045323338e-05,1.8326233783838022e-05,7.722436925658968e-06,16,32,0,6.97337924104439e-05,0.0001933333884403209,-0.002205220051109791
LR_a0p7_q0,5000000,2,9,98,True,0.05,20,0.0022133179063051605,19,0.9958340723542617,0.9995211829710071,-9.217776541863357e-05,0.04997953821947885,-0.049997230975838844,-0.00018783460176574518,2.1171827288491744e-05,1.3160468104836656e-05,1.7382826860754505e-05,17,32,0,6.322177901908009e-05,0.0006609058724954702,-0.001683985348790884
LR_a0p7_q0,5000000,2,0,25,True,0.05,50,-0.0005939956040949546,15,0.9905590629836475,0.9966645053914974,-0.00015263606019624842,0.04995364419411441,-0.04998367734387876,-0.00042569104493202095,0.00015045207430387396,1.8264682948738865e-05,6.037197983772743e-06,15,32,0,0.0001453256800241549,0.0005612914187401463,-0.002214592881500721
LR_a0p7_q0,5000000,2,1,55,True,0.05,50,0.0018211239846666208,19,0.9944326577111757,0.9983334043979537,-9.751866716944946e-05,0.0499725513609695,-0.049992941438394875,-0.00025091847541073236,7.627121849720193e-05,1.6578557116779304e-05,3.894372915187956e-06,20,32,0,8.635014825877482e-05,6.344728995626029e-06,-0.0021361028775572777
LR_a0p7_q0,5000000,2,2,89,True,0.05,50,0.006077788711269256,19,1.0020381054761156,0.9968583488593692,0.0001294939154186589,0.05000813017806605,-0.04998507755609693,9.377509573977197e-05,0.0001421601131284879,1.8223984448508753e-05,2.8237384257361313e-05,21,32,0,7.087945557548051e-05,0.00020647514865276243,-0.008899417705833912
LR_a0p7_q0,5000000,2,3,63,True,0.05,50,0.001896568095369837,30,0.9865517745809146,0.9937463323985936,-0.00017986394544197357,0.049934175040795524,-0.049969166244524604,-0.0006065863117498062,0.0002818496245949306,3.5252624980236026e-06,1.2254693664125053e-06,30,32,0,0.00020092853205620293,0.0001639466944615507,0.0003950699756387621
LR_a0p7_q0,5000000,2,4,4,True,0.05,50,0.00043987621510699045,17,0.9744518242603634,0.9898485862819612,-0.0003849190505399447,0.04987203012015609,-0.049949732452344575,-0.0011494389071379173,0.0004573031382464989,1.8848331168039822e-05,1.0877755260518249e-05,16,32,0,0.0003835002508924079,9.058970191591841e-05,0.0007479562773369253
LR_a0p7_q0,5000000,2,5,68,True,0.05,50,0.012813882992181995,24,0.996093961755092,0.9987761450662327,-6.705458277851684e-05,0.04998078220323692,-0.04999399656590202,-0.0001760841154823004,5.518931259040013e-05,1.2289393975350184e-05,3.315730820682048e-06,24,32,0,5.964353783682345e-05,4.702141911561038e-05,-0.001971967052668333
LR_a0p7_q0,5000000,2,6,37,True,0.05,50,-0.0030776229435409454,6,0.9894801238752288,0.9967070658321048,-0.00018067354892190024,0.04995201091336565,-0.049982411331037035,-0.0004780047196042389,0.00014705803943177706,2.3688555152079154e-05,5.361067394892169e-06,6,32,0,0.0001611555676317765,0.0008551036304547998,0.003598014358431101
LR_a0p7_q0,5000000,2,7,71,True,0.05,50,0.0009849581490529724,16,0.691889027773593,0.5101361884241153,0.00454382098373694,0.04836218534646695,-0.04780009738484549,-0.013767733957787093,0.02229328796363973,0.0010248306081368803,0.0013823584453922953,14,16,14,0.004773956054942318,0.0008064136021984134,0.21068865060806274
LR_a0p7_q0,5000000,2,8,17,True,0.05,50,0.0005828654986583894,16,0.9909029119431628,0.9984709498360641,-0.0001892009473225334,0.04995732959050846,-0.04999262960873812,-0.0004121839933503259,6.908211693490573e-05,4.772617696598483e-05,4.767903066844034e-06,16,32,0,0.00014076653312231554,0.0005914331106577989,-0.002205220051109791
LR_a0p7_q0,5000000,2,9,98,True,0.05,50,0.0022133179063051605,19,0.9934671149339475,0.998049028722367,-0.00011454784471048862,0.04996804453939663,-0.04998987038886679,-0.0002946887926992705,8.741895274843271e-05,6.471720706074028e-06,4.549134406840954e-06,18,32,0,9.816246730192297e-05,0.0003787126852963047,-0.001683985348790884
LR_a0p7_q0,5000000,2,0,25,True,0.05,100,-0.0005939956040949546,15,0.9642397046171791,0.9900980323409214,-0.0006464581930935576,0.049826661440063924,-0.0499510017318715,-0.0016146762092049938,0.0004461001148254388,2.7096144143852358e-05,1.1843411659871649e-05,16,32,0,0.0005325452046914163,0.0005272634744462888,-0.002214592881500721
LR_a0p7_q0,5000000,2,1,55,True,0.05,100,0.0018211239846666208,19,0.986062441895533,0.9965611850874745,-0.0002624685797985339,0.04993061465264189,-0.04998543780946053,-0.000627492557865205,0.00015737855508679539,1.2640018394908314e-05,1.0847615607382106e-05,21,32,0,0.00021307871727591318,0.0002563419988612233,-0.0021361028775572777
LR_a0p7_q0,5000000,2,2,89,True,0.05,100,0.006077788711269256,19,0.9991310033964631,0.9972099009982957,4.802755995418628e-05,0.049993611703588015,-0.04998681044716319,-3.706153376483305e-05,0.00012631539724839921,1.130430206607974e-05,2.104457202684475e-05,22,32,0,0.00010414206650448396,0.00030057660497314454,-0.008899417705833912
LR_a0p7_q0,5000000,2,3,63,True,0.05,100,0.001896568095369837,30,0.9729864040322063,0.9875443860116027,-0.00036394954948491126,0.04986965567787167,-0.049939587917790663,-0.0012203354762613523,0.0005623686172105311,5.612786366822247e-05,2.4514876989009136e-05,29,32,0,0.0004035725959698356,0.0005219642787450728,0.0003950699756387621
LR_a0p7_q0,5000000,2,4,4,True,0.05,100,0.00043987621510699045,17,0.9570029640322553,0.9855829970518432,-0.0007145008254896973,0.049787371830404464,-0.049929826484568535,-0.0019372236287917394,0.0006506766319763384,1.5503708314369987e-05,4.295356388597609e-06,17,32,0,0.0006387449384261884,0.00045170081419179133,0.0007479562773369253
LR_a0p7_q0,5000000,2,5,68,True,0.05,100,0.012813882992181995,24,0.9928086316713054,0.9977192543433019,-0.00012276556679991293,0.04996446829238518,-0.04998856081039556,-0.000324036708819932,0.00010259809323044167,1.0620410174515746e-05,4.58761418946862e-06,24,32,0,0.00010775128764711165,2.180733294072236e-05,-0.001971967052668333
LR_a0p7_q0,5000000,2,6,37,True,0.05,100,-0.0030776229435409454,6,0.9801624567332667,0.9961579294903417,-0.00039988681892687283,0.04990923014516688,-0.04997751143586368,-0.0009011073085035556,0.000169614961346599,2.61541869337155e-05,7.966648322473023e-06,7,32,0,0.0003017611698180532,1.2119072265433235e-05,0.003598014358431101
LR_a0p7_q0,5000000,2,7,71,True,0.05,100,0.0009849581490529724,16,0.5046447327325061,0.5055205579203322,-2.189562969565073e-05,0.04752024308210455,-0.04777685417382675,-0.022288006445479014,0.0225008262778102,0.000827201862864841,0.0016498444343089648,14,15,14,0.007377737521118937,0.0009478103681624119,0.21068865060806274
LR_a0p7_q0,5000000,2,8,17,True,0.05,100,0.0005828654986583894,16,0.9832383413819753,0.9928693519115306,-0.0002407752632388807,0.04991935707238019,-0.04996587305030221,-0.0007574400032814187,0.0003224054547256975,1.3960137156574842e-05,4.858278060205168e-06,16,32,0,0.0002520713309114362,0.0003196116864338277,-0.002205220051109791
LR_a0p7_q0,5000000,2,9,98,True,0.05,100,0.0022133179063051605,19,0.9859736337654663,0.9958099637339424,-0.00024590824921190066,0.049930947501615426,-0.04997884751534243,-0.0006322658133420752,0.00018834932864535272,1.4298411726050893e-05,5.576908709621106e-06,18,32,0,0.00020889991246277756,0.0003502345254431601,-0.001683985348790884
LR_a0p7_q0,5000000,2,0,25,True,0.05,200,-0.0005939956040949546,15,0.9424460371814974,0.970861486510417,-0.0007103862332229899,0.04972173265274191,-0.04985686774029502,-0.0025994307936670286,0.0013137934147742086,1.1796896119554704e-05,3.7229983807117057e-06,15,32,0,0.0008566524504212043,0.00011131476623065657,-0.002214592881500721
LR_a0p7_q0,5000000,2,1,55,True,0.05,200,0.0018211239846666208,19,0.9788708297344008,0.9914368670014739,-0.0003141509316768286,0.04989450762383332,-0.049961001360075065,-0.0009509661371133126,0.00038915801000136065,2.6877684028096545e-05,1.4347377924723737e-05,19,32,0,0.0003195363917119083,0.0004132315093726106,-0.0021361028775572777
LR_a0p7_q0,5000000,2,2,89,True,0.05,200,0.006077788711269256,19,0.9944076895952575,0.9870336709648455,0.00018435046576029818,0.04996963727814678,-0.04994059498070018,-0.000249252798383965,0.0005889114324578691,0.00021238609846147198,1.4064422592114688e-05,19,32,0,0.0013373008832691174,0.00010471141892273962,-0.008899417705833912
LR_a0p7_q0,5000000,2,3,63,True,0.05,200,0.001896568095369837,30,0.9528386524674971,0.978442556898558,-0.0006400976107765223,0.04977253194537871,-0.04989583159658526,-0.002130599322003838,0.0009737037516573628,1.0919358902028077e-05,4.1629053403335394e-06,30,32,0,0.0007015305004427733,0.000999892441925157,0.0003950699756387621
LR_a0p7_q0,5000000,2,4,4,True,0.05,200,0.00043987621510699045,17,0.9006536640525881,0.964404048379871,-0.0015937596081820743,0.049511162377446044,-0.049825601289393034,-0.004478479174816632,0.001605398870399484,2.8235639188833867e-05,1.4127584690617092e-05,17,32,0,0.0014754920378350004,0.0008914556722638754,0.0007479562773369253
LR_a0p7_q0,5000000,2,5,68,True,0.05,200,0.012813882992181995,24,0.9878646925202446,0.9958071053659989,-0.00019856032114385844,0.0499409391792329,-0.04997897582322898,-0.0005477045532206769,0.00018862055492904515,8.678727552726899e-06,4.056432204586494e-06,24,32,0,0.00018116612061138757,7.55047955806665e-05,-0.001971967052668333
LR_a0p7_q0,5000000,2,6,37,True,0.05,200,-0.0030776229435409454,6,0.9633125919869873,0.9908565662363089,-0.0006885993562330411,0.04983127130452644,-0.04994827770398255,-0.001665641705177144,0.00040544939216705176,1.3473041022313813e-05,7.718190923714179e-06,9,32,0,0.0005540514150602407,8.741872544742134e-05,0.003598014358431101
LR_a0p7_q0,5000000,2,7,71,True,0.05,200,0.0009849581490529724,16,0.2027420749375597,0.1901181688435126,0.0003155976523511808,0.046162136079592464,-0.04635905768869968,-0.03602503233271441,0.036853149246524095,0.0011670054890385016,0.0006915749246355887,14,14,14,0.013094517303024099,0.0011445614022452576,0.21068865060806274
LR_a0p7_q0,5000000,2,8,17,True,0.05,200,0.0005828654986583894,16,0.9684041802745811,0.9854454121878367,-0.0004260307978313886,0.04984690841979459,-0.04992838176766132,-0.0014266994060655302,0.0006561111582694811,1.1114423805788488e-05,6.167969831132155e-06,16,32,0,0.0004737889755309015,0.000543199754340064,-0.002205220051109791
LR_a0p7_q0,5000000,2,9,98,True,0.05,200,0.0022133179063051605,19,0.9701490887607164,0.983327127560746,-0.0003294509700007414,0.04985304523857309,-0.049916646278382035,-0.001345590800537265,0.0007502899003447253,1.0735863253789884e-05,5.263015711635395e-06,17,32,0,0.0004443663191055696,0.0003087018270016656,-0.001683985348790884
LR_a0p7_q0,5000000,2,0,25,True,0.05,500,-0.0005939956040949546,15,0.8455945884004207,0.9410798645131768,-0.0023871319028189036,0.0492603788824153,-0.04970921494865324,-0.006980649462394272,0.0026552217229943915,5.004193491888385e-06,5.178804148228123e-06,16,32,0,0.0022994632825921986,0.00017453536893318256,-0.002214592881500721
LR_a0p7_q0,5000000,2,1,55,True,0.05,500,0.0018211239846666208,19,0.9504060228873534,0.973044142848492,-0.0005659529990284656,0.04975005284475964,-0.0498738143859022,-0.0022297517003919748,0.0012216072434775992,3.6174646641894785e-06,3.7076906321376314e-06,19,32,0,0.0007451641836005739,0.0003027150294701576,-0.0021361028775572777
LR_a0p7_q0,5000000,2,2,89,True,0.05,500,0.006077788711269256,19,0.9614072036808331,0.9765997499713408,-0.00037981365726269187,0.04980341706744338,-0.049896018400674653,-0.0017330568834017593,0.0010660309021075778,0.0017480979622913747,8.522885878252196e-06,19,32,0,0.007643691892802574,0.001076142325059486,-0.008899417705833912
LR_a0p7_q0,5000000,2,3,63,True,0.05,500,0.001896568095369837,30,0.8862847097301239,0.9452112152516393,-0.0014731626380378865,0.04944804232306677,-0.04973331700308667,-0.005133806836560572,0.0024727562405047047,9.902217165954273e-06,4.4265233976326565e-06,30,32,0,0.0016894922087421203,0.0009617482060060779,0.0003950699756387621
LR_a0p7_q0,5000000,2,4,4,True,0.05,500,0.00043987621510699045,17,0.7873089099738406,0.909469200285058,-0.0030540072577804334,0.04895328464809978,-0.049557166447861206,-0.009587839149407779,0.004083706433608285,1.0435028812417242e-05,5.636835689318626e-06,17,32,0,0.00315568152319048,0.0005506845626457504,0.0007479562773369253
LR_a0p7_q0,5000000,2,5,68,True,0.05,500,0.012813882992181995,24,0.9677403494914797,0.9884768152032088,-0.0005184116427932282,0.049841949123884115,-0.04994335161961744,-0.0014549316493101137,0.0005195108594569727,1.5140049905723065e-05,9.09225956851396e-06,24,32,0,0.00048165799103985297,6.241054836163868e-05,-0.001971967052668333
LR_a0p7_q0,5000000,2,6,37,True,0.05,500,-0.0030776229435409454,6,0.9247080561840876,0.9543277455754601,-0.0007404922347843124,0.04965493997190071,-0.04976343396133226,-0.0034195371626963202,0.0020470466825592113,1.3092245809569135e-05,8.657003171787326e-06,6,32,0,0.0011392318231599335,0.0005068533889042023,0.003598014358431101
LR_a0p7_q0,5000000,2,7,71,True,0.05,500,0.0009849581490529724,16,0.0915607342087614,0.17705908196155792,-0.002137458693819913,0.045664381389736684,-0.04629888337735815,-0.041086344679298586,0.03744592927928023,0.00293377149428779,0.0018857160761807396,14,14,14,0.015700074884720815,0.001389583009396911,0.21068865060806274
LR_a0p7_q0,5000000,2,8,17,True,0.05,500,0.0005828654986583894,16,0.9254419070705076,0.9603484267257626,-0.000872662991381376,0.04963821326359904,-0.04980821359030674,-0.0033661179100736823,0.0017907922540185907,1.4696571433575073e-05,5.2936237092964395e-06,16,32,0,0.001110687262621388,0.0004435716001793407,-0.002205220051109791
LR_a0p7_q0,5000000,2,9,98,True,0.05,500,0.0022133179063051605,19,0.920644131534629,0.9681567028929674,-0.0011878142839584598,0.049611528116030555,-0.049838859998406496,-0.0035793215392991044,0.001431024853758108,8.597385176794101e-06,7.999682032248189e-06,17,32,0,0.0011799835502272725,7.99443477062868e-05,-0.001683985348790884
LR_a0p7_q0,5000000,2,0,25,True,0.05,1000,-0.0005939956040949546,15,0.7450181698585884,0.8879684218036105,-0.0035737562986255522,0.04877431872972965,-0.04944663944953345,-0.011523410236800258,0.005048218359352908,4.619993875603725e-06,4.6530130621963205e-06,15,32,0,0.00379485429033398,0.0006197627370893994,-0.002214592881500721
LR_a0p7_q0,5000000,2,1,55,True,0.05,1000,0.0018211239846666208,19,0.8947877313461868,0.9509087022520071,-0.0014030242726455061,0.04947280103276788,-0.04977397151757201,-0.004733414465458536,0.0022285364049716714,1.3645292043307318e-05,6.1697300368929045e-06,19,32,0,0.0015779685868625155,0.0008062032173759103,-0.0021361028775572777
LR_a0p7_q0,5000000,2,2,89,True,0.05,1000,0.006077788711269256,19,0.9255384734781678,0.9519147002683744,-0.0006594056697551663,0.04962133281403559,-0.049779940480739644,-0.0033444091401271647,0.0021842054673209496,0.0010444507435843904,0.0003254142803881433,19,32,0,0.007168316637948683,0.0009255656799382374,-0.008899417705833912
LR_a0p7_q0,5000000,2,3,63,True,0.05,1000,0.001896568095369837,30,0.7826503152641329,0.8917080818591074,-0.0027264441648743656,0.04895056869915827,-0.04947623709797449,-0.009818052935951636,0.004890833005019101,6.891075150863828e-06,2.6789436404428955e-06,30,32,0,0.0032333408275392124,0.001475735677575004,0.0003950699756387621
LR_a0p7_q0,5000000,2,4,4,True,0.05,1000,0.00043987621510699045,17,0.6179638404431054,0.8160876363101582,-0.004953094896676322,0.04812804994702477,-0.049106124445871785,-0.01722985792486951,0.008301742630363849,1.3564272301988632e-05,1.5730384744103124e-05,17,32,0,0.005667879212520694,0.001118891497065127,0.0007479562773369253
LR_a0p7_q0,5000000,2,5,68,True,0.05,1000,0.012813882992181995,24,0.9403842971759638,0.9708457998783232,-0.0007615375675589821,0.04970898138720204,-0.04985922676636127,-0.0026897665284038664,0.0013169367724450705,0.00011478118721016168,0.00026232676417323544,24,32,0,0.0012381001716972554,0.0001621547520955226,-0.001971967052668333
LR_a0p7_q0,5000000,2,6,37,True,0.05,1000,-0.0030776229435409454,6,0.8659031771803793,0.9299544182904851,-0.0016012810277526435,0.049379002125593374,-0.04963111999013012,-0.006083843266574429,0.003133399075605858,5.790862047895224e-06,3.016356045936908e-06,6,32,0,0.002020490450031063,0.0008772167977092049,0.003598014358431101
LR_a0p7_q0,5000000,2,7,71,True,0.05,1000,0.0009849581490529724,16,0.3286345097059902,0.10826862334939555,0.005509147158914866,0.04671561535689165,-0.04598604767365771,-0.03028388987159218,0.040572616506187875,0.00049074676179068,0.001296326487386833,14,14,14,0.012888766031999562,0.0009382200556248446,0.21068865060806274
LR_a0p7_q0,5000000,2,8,17,True,0.05,1000,0.0005828654986583894,16,0.8537395188341247,0.9313611889188522,-0.0019405417521181877,0.049288476432924534,-0.04966738132694466,-0.006601500491218278,0.003099321881002047,6.943721487402354e-06,3.3699341096273533e-06,16,32,0,0.0021751544899829096,0.0006478670607902797,-0.002205220051109791
LR_a0p7_q0,5000000,2,9,98,True,0.05,1000,0.0022133179063051605,19,0.8587276427948117,0.9412000248823371,-0.0020618095521881333,0.049305124648330076,-0.04970143367192334,-0.00636874250858953,0.0026414324278064743,8.785165635739058e-06,6.177762772250425e-05,17,32,0,0.002098166376895474,0.00047407096504861843,-0.001683985348790884
LR_a0p7_q0,5000000,2,0,25,True,0.05,2000,-0.0005939956040949546,15,0.5626026161435083,0.7963217728490724,-0.005842978917639102,0.047902632929526706,-0.04899382797303195,-0.019772502122351307,0.009177739330578333,4.503795912725775e-06,0.004692066658177887,15,32,0,0.0065170126502687295,0.0011227260432541057,-0.002214592881500721
LR_a0p7_q0,5000000,2,1,55,True,0.05,2000,0.0018211239846666208,19,0.8161626755420621,0.9030494806359085,-0.002172170127346159,0.04907709147152918,-0.04955332364585058,-0.008268957694426062,0.0044008496140551245,1.528674557505194e-05,5.765537387288062e-05,19,32,0,0.002750519443983206,0.0005620695377425776,-0.0021361028775572777
LR_a0p7_q0,5000000,2,2,89,True,0.05,2000,0.006077788711269256,19,0.8218736855205047,0.933258023795644,-0.002784608456878484,0.04909395226247001,-0.04971410911850809,-0.008000267986444768,0.003051207928725902,0.0007436526266924554,0.0005030740402944816,19,32,0,0.010975482308865147,0.0024271199316737353,-0.008899417705833912
LR_a0p7_q0,5000000,2,3,63,True,0.05,2000,0.001896568095369837,30,0.6251359192288303,0.8012065478535796,-0.004401765715618733,0.048174122857271406,-0.04902938608617234,-0.0169173268958299,0.008969058693493369,6.430987116816581e-06,3.3906145939805652e-06,30,32,0,0.005572079217794034,0.0018618633750057362,0.0003950699756387621
LR_a0p7_q0,5000000,2,4,4,True,0.05,2000,0.00043987621510699045,17,0.3673524230701758,0.6479398135102982,-0.007014684761003059,0.046880618107282,-0.04828502101431503,-0.02851299695377323,0.01588803033880009,0.00018952442306759858,0.00018864698234470693,17,32,0,0.009648311708866285,0.0018920263966688377,0.0007479562773369253
LR_a0p7_q0,5000000,2,5,68,True,0.05,2000,0.012813882992181995,24,0.8936626089375239,0.9436529396011484,-0.0012497582665906108,0.04947665893019167,-0.04972898990602301,-0.004793528483315488,0.0025463429259655708,0.0005792331302759969,3.2328765617398485e-05,24,32,0,0.0032522826856035557,0.0008837768441010423,-0.001971967052668333
LR_a0p7_q0,5000000,2,6,37,True,0.05,2000,-0.0030776229435409454,6,0.7473320363227759,0.8762557853177094,-0.0032230937248733382,0.04883132097252771,-0.04934189651277679,-0.01146471915638888,0.0055291072468912714,7.100253125959816e-06,8.443592379916675e-06,6,32,0,0.003814892418122339,0.0019812326892229143,0.003598014358431101
LR_a0p7_q0,5000000,2,7,71,True,0.05,2000,0.0009849581490529724,16,0.05412803396272314,0.2244485421037823,-0.004258012703526479,0.045285451730817966,-0.04638731825956394,-0.04257905003268195,0.03516489115437471,0.0016880485155352817,0.0009922901245062487,14,14,14,0.018791173404307845,0.001840597973339913,0.21068865060806274
LR_a0p7_q0,5000000,2,8,17,True,0.05,2000,0.0005828654986583894,16,0.7490382457309325,0.8740316837713804,-0.0031248359510111998,0.04878094408004977,-0.049389567196137886,-0.011329031793503133,0.005687983007568848,5.309294299969983e-06,3.3822730646616957e-06,16,32,0,0.0037316859164794715,0.0004064500171412193,-0.002205220051109791
LR_a0p7_q0,5000000,2,9,98,True,0.05,2000,0.0022133179063051605,19,0.7366335761625888,0.8893124489074583,-0.0038169718186217352,0.04870493168630129,-0.04943700212091526,-0.011873252878171776,0.004971379675542384,0.0004085148010054268,0.0003643426661436938,17,32,0,0.004407986543522849,0.000285969388308391,-0.001683985348790884
LR_a0p7_q0,5000000,3,0,96,True,0.05,1,-0.0006518323876033832,13,0.9999999969215442,1.000114851709391,-2.8713696961744917e-06,0.04999999998456565,-0.05000057582847303,-1.384884076406573e-10,-5.1667569965007825e-06,3.395796472431494e-05,9.024820612827165e-06,13,32,0,5.201352638514021e-07,0.0005462417837156345,-0.00017569493502378464
LR_a0p7_q0,5000000,3,1,63,True,0.05,1,-0.0018891080793485594,7,0.9994213990915374,0.9999992713820832,-1.4446807263646111e-05,0.04999723818090507,-0.049999996522109014,-2.616822632819998e-05,3.295300480575507e-08,7.85213096950812e-05,6.372850571426977e-05,7,32,0,1.679007616919125e-05,0.00012232821295042563,-0.0037676880601793528
LR_a0p7_q0,5000000,3,2,45,True,0.05,1,0.006772073370595331,21,1.0007455827482008,0.9999989740741063,1.8665216852363498e-05,0.05000344721588132,-0.049999995256612306,3.383192152871927e-05,4.655290694285992e-08,9.899659359441163e-05,7.475888763875982e-05,21,32,0,1.9791965212176228e-05,0.0001233663221685972,-0.004400087054818869
LR_a0p7_q0,5000000,3,3,2,True,0.05,1,0.0028538548842934053,31,0.9999999567073475,1.0001659991128609,-4.1510601378330625e-06,0.04999999975604155,-0.05000093542159045,-1.9206741552633658e-09,-7.364534052546266e-06,3.804758041106096e-05,1.3825438258205203e-05,32,32,0,1.496467840848667e-06,0.00022321143713725076,0.0006985104409977794
LR_a0p7_q0,5000000,3,4,89,True,0.05,1,-0.0004788219559259694,13,0.9999999621425232,1.0000624759754797,-1.5628458239144716e-06,0.04999999979540251,-0.050000337646008294,-1.6882763674176795e-09,-2.7861527657054194e-06,2.349233740208521e-05,1.1536872400913773e-05,13,32,0,1.8394773850888742e-06,8.80061836601954e-05,0.0006396834505721927
LR_a0p7_q0,5000000,3,5,77,True,0.05,1,0.020870476245937363,31,0.9999999349262257,1.0002232798772148,-5.583623774729762e-06,0.049999999675292416,-0.050001114130406636,-2.9289811477677984e-09,-1.0049863454133065e-05,3.5541636071902686e-05,1.4912628589593131e-05,31,32,0,2.8103944458685204e-06,0.00023045381807244747,0.00080586300464347
LR_a0p7_q0,5000000,3,6,50,True,0.05,1,0.005663056437644114,31,0.999999944520546,1.000137310653834,-3.4341533322011786e-06,0.04999999973638017,-0.050000652454324175,-2.510352860853037e-09,-6.2130783675422305e-06,2.843079852536541e-05,1.2090290031495297e-05,31,32,0,2.36744478264513e-06,0.0001497843365870538,-0.0007261126884259284
LR_a0p7_q0,5000000,3,7,35,True,0.05,1,-0.0012708893882815969,8,0.9999999962876567,0.999966390361471,8.401481546450179e-07,0.04999999998421523,-0.04999985709286787,-1.6983238583763338e-10,1.5375747943036113e-06,3.5635730472616123e-06,5.839676635500663e-06,8,32,0,7.388048977779676e-07,0.00013404843156783247,-0.0001776781864464283
LR_a0p7_q0,5000000,3,8,69,True,0.05,1,-0.0007048617271108865,16,0.9115262229175547,0.9988715760476508,-0.0021836338282524015,0.0495977556095652,-0.04999486964138039,-0.00402144446368758,5.129083899762161e-05,0.00259945612367389,0.003448595669433585,16,18,12,0.001476371885054928,0.0005530503584362419,0.14470742642879486
LR_a0p7_q0,5000000,3,9,39,True,0.05,1,0.003743431359298388,26,0.9999999562104542,0.9997394130760942,6.5135783590027085e-06,0.04999999979098062,-0.049998756147922,-1.980457929273332e-09,1.178549411727047e-05,1.235946367839576e-05,1.3816030931795824e-05,26,32,0,2.4205150405952624e-06,0.0003206328162949535,-0.0006465591723099351
LR_a0p7_q0,5000000,3,0,96,True,0.05,2,-0.0006518323876033832,13,1.0007377624982121,1.000571240882662,4.163040388752842e-06,0.050003505599951474,-0.050002744437253846,3.338252495910951e-05,-2.5817606879269888e-05,3.5923693843048454e-05,1.2648032573654653e-05,13,32,0,1.1971456956524265e-05,0.0008671352717783948,-0.00017569493502378464
LR_a0p7_q0,5000000,3,1,63,True,0.05,2,-0.0018891080793485594,7,0.9994625286963232,0.9999968906843948,-1.3359049701788805e-05,0.04999743450366606,-0.04999998515839313,-2.4308068849910743e-05,1.406241733602639e-07,8.787014895635228e-05,6.67974891421158e-05,7,32,0,1.50982548531806e-05,0.00011256276558950067,-0.0037676880601793528
LR_a0p7_q0,5000000,3,2,45,True,0.05,2,0.006772073370595331,21,1.0004917309096084,0.9999875521396259,1.2604469249562211e-05,0.05000223104793636,-0.04999994053575363,2.23554975440415e-05,5.629287722879363e-07,7.706323018859792e-05,6.849692789979918e-05,21,32,0,2.0724476680252335e-05,8.194641487079991e-05,-0.004400087054818869
LR_a0p7_q0,5000000,3,3,2,True,0.05,2,0.0028538548842934053,31,1.0003763892954014,1.0007086286316074,-8.305983405149098e-06,0.05000188706449807,-0.05000365598647241,1.6932400271923774e-05,-3.1775445107975935e-05,4.9141714859618856e-05,2.506605931796003e-06,32,32,0,6.8410879509822035e-06,0.0006460443813543491,0.0006985104409977794
LR_a0p7_q0,5000000,3,4,89,True,0.05,2,-0.0004788219559259694,13,0.9998841012117299,0.9997470336391123,3.42668931543888e-06,0.049999373635018496,-0.04999863286517214,-5.168574431999521e-06,1.1281183216495499e-05,9.356128413594914e-06,1.3692748392205052e-05,13,32,0,3.640014867136519e-06,0.0002677794491392095,0.0006396834505721927
LR_a0p7_q0,5000000,3,5,77,True,0.05,2,0.020870476245937363,31,1.0002366721686298,1.0006220972589774,-9.635627258690327e-06,0.05000112968637084,-0.05000301779395819,1.0703922060646025e-05,-2.8087068990689596e-05,3.6503583393831093e-05,9.669598141718003e-06,31,32,0,6.6859131466850115e-06,0.000475710029816247,0.00080586300464347
LR_a0p7_q0,5000000,3,6,50,True,0.05,2,0.005663056437644114,31,1.0003743265708398,1.000876104175253,-1.2544440110329874e-05,0.050001778674727534,-0.05000416295415982,1.693765381446273e-05,-3.96422546028366e-05,5.060354389288122e-05,7.969798816554576e-06,32,32,0,7.332328702702907e-06,0.0007437436422307067,-0.0007261126884259284
LR_a0p7_q0,5000000,3,7,35,True,0.05,2,-0.0012708893882815969,8,0.99996101447442,0.9999347065375416,6.576984219568149e-07,0.04999982525039749,-0.04999971507188279,-1.7745266765185408e-06,2.9797450057102085e-06,4.487951326886321e-06,1.5970835060352842e-06,8,32,0,7.438536390185295e-07,2.776588657345241e-05,-0.0001776781864464283
LR_a0p7_q0,5000000,3,8,69,True,0.05,2,-0.0007048617271108865,16,0.911289063806073,0.998412026894982,-0.0021780740772227233,0.04959650712072365,-0.04999245041326947,-0.004032053930420113,7.184906852035462e-05,0.0020960082913253327,0.002456882511644264,16,18,12,0.0015152315883386832,0.0006212314390467162,0.14470742642879486
LR_a0p7_q0,5000000,3,9,39,True,0.05,2,0.003743431359298388,26,0.999973532975475,0.9997407036067187,5.820734218904555e-06,0.04999986794331974,-0.04999876258746069,-1.1912945459983655e-06,1.1727407124738358e-05,1.0181744488822997e-05,5.34017846007732e-06,26,32,0,2.2477901246939255e-06,0.00030006915984134717,-0.0006465591723099351
LR_a0p7_q0,5000000,3,0,96,True,0.05,5,-0.0006518323876033832,13,1.0001396456198022,1.0003186009517469,-4.47388329862311e-06,0.05000020587043087,-0.05000133184794467,6.776410559268443e-06,-1.4598199642666312e-05,1.3612720374346811e-05,3.6692586354442304e-06,13,32,0,8.652146668925065e-06,0.0007072281918579398,-0.00017569493502378464
LR_a0p7_q0,5000000,3,1,63,True,0.05,5,-0.0018891080793485594,7,1.0017018150521784,0.9999928959510546,4.2722977528095174e-05,0.05000831248755411,-0.0499999716332061,7.677826505478405e-05,3.26835653402263e-07,5.03040707405112e-05,2.7961641312423595e-05,12,32,0,3.294643170135903e-05,0.0003668919965849944,-0.0037676880601793528
LR_a0p7_q0,5000000,3,2,45,True,0.05,5,0.006772073370595331,21,1.0005048989255954,1.0014165056320852,-2.2790167662246896e-05,0.050002348661105256,-0.05000721294603953,2.289628517454166e-05,-6.36123355647646e-05,4.3448802773714834e-05,3.7699744663177495e-05,22,32,0,2.8884008100067834e-05,0.00035522434409968463,-0.004400087054818869
LR_a0p7_q0,5000000,3,3,2,True,0.05,5,0.0028538548842934053,31,0.9992332208905219,1.0002770398428995,-2.6095473809439884e-05,0.04999587307754122,-0.05000095870131696,-3.4212033015170374e-05,-1.2893290828021486e-05,3.8706933259563506e-05,8.561834319885573e-06,32,32,0,1.3696875432470814e-05,0.0007705439775225452,0.0006985104409977794
LR_a0p7_q0,5000000,3,4,89,True,0.05,5,-0.0004788219559259694,13,0.9993473790451035,0.9997636536384624,-1.0406864833972795e-05,0.049996675944028596,-0.04999871864881067,-2.9306991773456173e-05,1.0535966887533186e-05,7.249039710359345e-06,4.514925219692269e-06,13,32,0,1.0746521995549477e-05,0.00010782553120787118,0.0006396834505721927
LR_a0p7_q0,5000000,3,5,77,True,0.05,5,0.020870476245937363,31,0.9998598924953986,1.0002618943215706,-1.0050045654297346e-05,0.04999942732785744,-0.05000141207247415,-6.432703087530642e-06,-1.1682643604395541e-05,2.0024261923853046e-05,8.375418158029392e-06,31,32,0,7.723088203443673e-06,0.0004111417713219604,0.00080586300464347
LR_a0p7_q0,5000000,3,6,50,True,0.05,5,0.005663056437644114,31,0.9994832038978559,1.0001240610336086,-1.6021428393818427e-05,0.0499973122430766,-0.0500003937506973,-2.315204818378953e-05,-5.809300983140962e-06,1.5001051342457816e-05,3.800571356650214e-06,31,32,0,1.1929943084462643e-05,0.00044273731007777917,-0.0007261126884259284
LR_a0p7_q0,5000000,3,7,35,True,0.05,5,-0.0012708893882815969,8,0.9999739053908532,0.9999218394959437,1.3016473727374411e-06,0.04999987750728109,-0.04999966070248186,-1.182237738398627e-06,3.5687276846519645e-06,2.345344727096102e-06,4.4541105750270815e-06,8,32,0,7.589770985640906e-07,0.00012140122398705477,-0.0001776781864464283
LR_a0p7_q0,5000000,3,8,69,True,0.05,5,-0.0007048617271108865,16,0.910332435506247,1.010648438305583,-0.0025079000699834014,0.04959166343250887,-0.050050448386383034,-0.004075041657196559,-0.00048197352889613936,0.0017518983113254266,0.0019128793711015602,16,18,12,0.0015985243189886788,0.0005416054827204511,0.14470742642879486
LR_a0p7_q0,5000000,3,9,39,True,0.05,5,0.003743431359298388,26,0.9997479182569559,0.9997093271833714,9.647768396126022e-07,0.04999871587579612,-0.049998608520292157,-1.131996294829752e-05,1.3142161123601363e-05,8.82059366198354e-06,8.327342535746314e-06,26,32,0,4.675542600005171e-06,0.00017756430837017256,-0.0006465591723099351
LR_a0p7_q0,5000000,3,0,96,True,0.05,10,-0.0006518323876033832,13,1.000876383661748,1.0009249523621762,-1.2142175106998054e-06,0.05000348190782132,-0.050004113445903275,4.033727526608197e-05,-4.2134172205576086e-05,2.560752772494238e-05,9.793321558054895e-06,13,32,0,1.9714857887760882e-05,0.0010696528318332866,-0.00017569493502378464
LR_a0p7_q0,5000000,3,1,63,True,0.05,10,-0.0018891080793485594,7,1.0012612484089334,0.9983456212912789,7.289067794136184e-05,0.05000629458775027,-0.049992439419487195,5.6767832696440006e-05,7.515835492326274e-05,4.014854877809145e-05,2.626803198730853e-05,7,32,0,3.0942670009764754e-05,7.742549296636334e-05,-0.0037676880601793528
LR_a0p7_q0,5000000,3,2,45,True,0.05,10,0.006772073370595331,21,0.9999364901049643,0.9999723376086757,-8.961875927818164e-07,0.049999523235206345,-0.05000003432813704,-2.6987299581121664e-06,1.4174477032530512e-06,4.667402134710757e-05,4.004982896468549e-05,21,32,0,2.825530833827389e-05,0.0001501580046420863,-0.004400087054818869
LR_a0p7_q0,5000000,3,3,2,True,0.05,10,0.0028538548842934053,31,0.9979200898495794,0.9992325417330206,-3.2811297086030033e-05,0.049989790045488425,-0.04999611116368308,-9.378555300952917e-05,3.4484077031976396e-05,7.021008637501308e-06,3.678603879743717e-06,32,32,0,3.2930930192486044e-05,0.000371218059175606,0.0006985104409977794
LR_a0p7_q0,5000000,3,4,89,True,0.05,10,-0.0004788219559259694,13,0.997978898873913,0.9989512740851327,-2.430938028049473e-05,0.04999000664551448,-0.04999502762415166,-9.106170181878915e-05,4.746391989507231e-05,9.78759016200457e-06,2.5834358404960146e-06,13,32,0,3.127190011188132e-05,4.3083416137025704e-05,0.0006396834505721927
LR_a0p7_q0,5000000,3,5,77,True,0.05,10,0.020870476245937363,31,0.9991898783287445,0.999974876257885,-1.9624948228512407e-05,0.04999589934702221,-0.05000000313243343,-3.640543058498251e-05,1.2593195391686847e-06,7.673097046539481e-06,4.978436847829851e-06,31,32,0,1.4167115791085389e-05,0.00022721787897923046,0.00080586300464347
LR_a0p7_q0,5000000,3,6,50,True,0.05,10,0.005663056437644114,31,0.9972504175650212,0.9996317530569748,-5.9533387298839335e-05,0.049987382257448046,-0.04999825484863209,-0.00012486137919701394,1.666719578333455e-05,1.3246700433245099e-05,3.5194302984437853e-06,31,32,0,4.2210486392104914e-05,0.00017811354927577157,-0.0007261126884259284
LR_a0p7_q0,5000000,3,7,35,True,0.05,10,-0.0012708893882815969,8,0.9997859321379627,0.9997416258399195,1.1076574510798798e-06,0.049998972402911825,-0.049998788815315144,-9.675796013691983e-06,1.1707523319124392e-05,7.003136017369975e-06,4.245252016087812e-06,8,32,0,4.114549492773313e-06,0.0003381293442693906,-0.0001776781864464283
LR_a0p7_q0,5000000,3,8,69,True,0.05,10,-0.0007048617271108865,16,0.9051018028313401,0.9807902161163112,-0.0018922103321242778,0.04956404749142676,-0.049907776183021196,-0.004308957349859725,0.0008682653772056506,0.0009631441942956116,0.0011270198356470528,16,18,12,0.0022092241500236524,0.0006328201448265068,0.14470742642879486
LR_a0p7_q0,5000000,3,9,39,True,0.05,10,0.003743431359298388,26,0.9990713996907996,0.9995272390086886,-1.1395982947224464e-05,0.049995316615826915,-0.04999779106804846,-4.1746631286918935e-05,2.1429117614062967e-05,2.474795550688444e-05,9.518158336293203e-06,26,32,0,1.451099053691324e-05,0.0005338457473169429,-0.0006465591723099351
LR_a0p7_q0,5000000,3,0,96,True,0.05,20,-0.0006518323876033832,13,0.9964280866407507,0.9982145367113445,-4.4661251764849946e-05,0.049981808745048,-0.049990916888451004,-0.0001604044130104512,8.019005288379907e-05,1.6805071449586806e-05,7.114358509792609e-06,13,32,0,5.5901931079843696e-05,0.0004233740148288807,-0.00017569493502378464
LR_a0p7_q0,5000000,3,1,63,True,0.05,20,-0.0018891080793485594,7,0.9981642820830106,0.9978108736036057,8.835211985122604e-06,0.049992791195738406,-0.04998949934470864,-8.457709158789478e-05,9.895566452829314e-05,2.27721127260707e-05,1.988042423895009e-05,7,32,0,4.3795431847027386e-05,1.637929581117648e-05,-0.0037676880601793528
LR_a0p7_q0,5000000,3,2,45,True,0.05,20,0.006772073370595331,21,0.998419782776532,1.0009671500950967,-6.368418296411743e-05,0.0499922069068862,-0.0500048742383304,-7.121776805954884e-05,-4.348326642438394e-05,3.961092886300701e-05,2.7706447992058393e-05,22,32,0,3.347339110930854e-05,0.0002076057549867297,-0.004400087054818869
LR_a0p7_q0,5000000,3,3,2,True,0.05,20,0.0028538548842934053,31,0.996498948457667,0.9976850828175154,-2.9653358996212242e-05,0.049982575876974716,-0.04998836962063191,-0.00015762845409139555,0.00010411547975607582,3.57472815785713e-05,1.4251862941294803e-05,30,32,0,5.3178005359604536e-05,0.0005233419198365982,0.0006985104409977794
LR_a0p7_q0,5000000,3,4,89,True,0.05,20,-0.0004788219559259694,13,0.989439341099857,0.9962810819942632,-0.0001710435223601578,0.0499483442889499,-0.049982268023689616,-0.00047637723395702785,0.00016821392397644116,3.6897822527373383e-05,2.0600498851413837e-05,13,32,0,0.0001622821720359714,1.3020802780278987e-05,0.0006396834505721927
LR_a0p7_q0,5000000,3,5,77,True,0.05,20,0.020870476245937363,31,0.9984000170266238,0.9993949640548002,-2.4873675704410736e-05,0.04999208033508194,-0.049997150469485996,-7.20794837507684e-05,2.7402266745933758e-05,1.0085300658477992e-05,2.758582214706369e-06,31,32,0,2.4647034774525757e-05,0.0002005929832102874,0.00080586300464347
LR_a0p7_q0,5000000,3,6,50,True,0.05,20,0.005663056437644114,31,0.9949548906994393,0.9993064462864939,-0.00010878888967636585,0.0499766068553744,-0.04999644729667946,-0.00022886232040243034,3.1124982354766064e-05,2.389103030629103e-05,8.870719130468864e-06,31,32,0,7.640571077010035e-05,0.000397085051822883,-0.0007261126884259284
LR_a0p7_q0,5000000,3,7,35,True,0.05,20,-0.0012708893882815969,8,0.9988315466146874,0.999579992155859,-1.8711138529288115e-05,0.04999375022485317,-0.049997627091863145,-5.21728941188214e-05,1.8627484070185594e-05,4.983418440586861e-06,3.0312168781724702e-06,8,32,0,2.012454286843555e-05,0.0006971468028038079,-0.0001776781864464283
LR_a0p7_q0,5000000,3,8,69,True,0.05,20,-0.0007048617271108865,16,0.9021998223688112,0.9774267601242159,-0.0018806734438851155,0.0495510920177908,-0.049892531921896355,-0.004441100899350193,0.0010211939156856387,0.0008789567925575825,0.0012885732466487018,16,19,13,0.0022611500148615395,0.00034247384043115277,0.14470742642879486
LR_a0p7_q0,5000000,3,9,39,True,0.05,20,0.003743431359298388,26,0.9978493256793636,0.9986792589648704,-2.074833213767252e-05,0.049988988512419896,-0.04999352106393972,-9.652222845172689e-05,5.955811569620835e-05,2.3036767094515496e-05,6.39967714900794e-06,26,32,0,3.3345574020305863e-05,0.0007098085221195716,-0.0006465591723099351
LR_a0p7_q0,5000000,3,0,96,True,0.05,50,-0.0006518323876033832,13,0.9907904785292339,0.9951764123406199,-0.00010964834528465195,0.04995503264821733,-0.049976484912430764,-0.00041550872175558713,0.00021766429539981668,1.4488366542255545e-05,6.970874105864468e-06,13,32,0,0.0001380097523382465,0.0005318131981118351,-0.00017569493502378464
LR_a0p7_q0,5000000,3,1,63,True,0.05,50,-0.0018891080793485594,7,0.9937271616970483,0.9991788866053336,-0.00013629312270713179,0.04997171554371582,-0.04999447353705275,-0.0002853574588634212,3.5529206786073025e-05,1.7302868513668846e-05,6.312570838252011e-06,9,32,0,0.00010048901406359967,9.096269223542911e-06,-0.0037676880601793528
LR_a0p7_q0,5000000,3,2,45,True,0.05,50,0.006772073370595331,21,0.9984444463285493,0.9988748631133398,-1.0760419619761097e-05,0.04999164445420176,-0.04999460744303179,-6.942213777427184e-05,5.0864287364792247e-05,1.0184434687534067e-05,1.7114957418375028e-05,22,32,0,3.948104500498881e-05,0.0002228327002723169,-0.004400087054818869
LR_a0p7_q0,5000000,3,3,2,True,0.05,50,0.0028538548842934053,31,0.9869614380794817,0.9930655840833685,-0.0001526036500971717,0.04993613677431233,-0.049965745904575615,-0.0005880648703382588,0.0003124667004071919,3.321322143309695e-06,1.5899480612655658e-06,30,32,0,0.000194916202498351,0.00016476973307535736,0.0006985104409977794
LR_a0p7_q0,5000000,3,4,89,True,0.05,50,-0.0004788219559259694,13,0.9749626720567339,0.989587135042857,-0.0003656115746530769,0.04987454402062161,-0.049948279439728016,-0.0011264104177849158,0.0004689226875851922,1.978955127836839e-05,1.05400831942452e-05,13,32,0,0.00037592429708000223,8.770451162802627e-05,0.0006396834505721927
LR_a0p7_q0,5000000,3,5,77,True,0.05,50,0.020870476245937363,31,0.9966134870868746,0.9983897065851812,-4.4405487457665344e-05,0.04998310744953493,-0.04999223770002224,-0.00015243309519119344,7.275237076317434e-05,1.09445699912924e-05,1.2441845771863457e-06,31,32,0,5.0580926277447126e-05,6.223505527711714e-05,0.00080586300464347
LR_a0p7_q0,5000000,3,6,50,True,0.05,50,0.005663056437644114,31,0.9920566250835311,0.9981164351606229,-0.0001514952519272965,0.04996217994136638,-0.04999003383314902,-0.0003593486871898485,8.421207511785065e-05,1.875132214318725e-05,7.74070580400479e-06,32,32,0,0.00011945783670178895,0.000792495666822664,-0.0007261126884259284
LR_a0p7_q0,5000000,3,7,35,True,0.05,50,-0.0012708893882815969,8,0.9927668626006977,0.9966880190454472,-9.802891111873949e-05,0.049965053550484376,-0.04998383222027027,-0.0003267104204495176,0.0001494312679978853,7.639914738878112e-06,3.7963854831487396e-06,8,32,0,0.00010898672879963036,0.0005122893512482215,-0.0001776781864464283
LR_a0p7_q0,5000000,3,8,69,True,0.05,50,-0.0007048617271108865,16,0.857236102986649,0.9395629673961942,-0.002058171610238628,0.04936482684716441,-0.0496945710726929,-0.006503021697831969,0.0027164227028832,0.000797568855149963,0.0009392997663963883,16,18,12,0.0028002360258325793,0.0006387602949504625,0.14470742642879486
LR_a0p7_q0,5000000,3,9,39,True,0.05,50,0.003743431359298388,26,0.9948809154274341,0.9973374416903935,-6.141315657398616e-05,0.04997447955334471,-0.049987027650186824,-0.0002304337819730125,0.00012015556566713799,5.772483516800531e-06,3.1475267668981385e-06,26,32,0,7.629075340479465e-05,0.000437255434333798,-0.0006465591723099351
LR_a0p7_q0,5000000,3,0,96,True,0.05,100,-0.0006518323876033832,13,0.9702859093042246,0.984188440120897,-0.0003475632704168091,0.049855134198872844,-0.049923312975780045,-0.0013408387336616154,0.0007138909697351882,2.2137349976684834e-05,1.3933737957920124e-05,13,32,0,0.0004420245855146276,0.0005987680441628434,-0.00017569493502378464
LR_a0p7_q0,5000000,3,1,63,True,0.05,100,-0.0018891080793485594,7,0.9842462338834235,0.999107737912871,-0.00037153760073618813,0.04992803979799024,-0.04999186205185377,-0.0007157281038190663,3.6475156210200034e-05,1.6497354958947863e-05,1.1471824788350105e-05,14,32,0,0.00024196548275194963,0.00024024120558137414,-0.0037676880601793528
LR_a0p7_q0,5000000,3,2,45,True,0.05,100,0.006772073370595331,21,0.9946649174945978,0.9995201716822517,-0.000121381354691346,0.049973018408645556,-0.04999757187531453,-0.00023977253391565772,2.156329120191369e-05,1.107916167720073e-05,1.1975631745467004e-05,22,32,0,9.044486779390166e-05,0.00032833170513428436,-0.004400087054818869
LR_a0p7_q0,5000000,3,3,2,True,0.05,100,0.0028538548842934053,31,0.9744666337026409,0.9855812300415007,-0.00027786490847149514,0.04987683406041568,-0.04992999957440128,-0.001153502375283609,0.0006509380723262362,5.662248949475838e-05,2.4262975569559014e-05,30,32,0,0.00038155964048631146,0.0005240512455848561,0.0006985104409977794
LR_a0p7_q0,5000000,3,4,89,True,0.05,100,-0.0004788219559259694,13,0.957821533482317,0.9849347139292693,-0.0006778295111738095,0.0497914332091402,-0.04992629656840443,-0.0019003565350243505,0.000679560871940972,1.3787551057689006e-05,4.829310293741698e-06,14,32,0,0.0006267235875837586,0.00047136135197261664,0.0006396834505721927
LR_a0p7_q0,5000000,3,5,77,True,0.05,100,0.020870476245937363,31,0.9936258855778418,0.9966363166796971,-7.526077754638205e-05,0.049968181681240446,-0.04998378447980077,-0.0002868874023483299,0.00015196864581593723,6.884324227434365e-06,1.6155525992191195e-06,31,32,0,9.494552967427146e-05,3.827721346230135e-05,0.00080586300464347
LR_a0p7_q0,5000000,3,6,50,True,0.05,100,0.005663056437644114,31,0.9822261329165451,0.9928090977985583,-0.00026457412205032824,0.04991553721860188,-0.0499645360007823,-0.000804230572774626,0.00032408111085435867,2.3636827643102e-05,9.486620192992337e-06,31,32,0,0.0002655021573689844,0.00011461385378847588,-0.0007261126884259284
LR_a0p7_q0,5000000,3,7,35,True,0.05,100,-0.0012708893882815969,8,0.9794448310571703,0.9900588324555563,-0.00026535003495965076,0.04990095085195601,-0.04995195363757914,-0.0009287092990974897,0.00044901201480132053,1.8945637678261214e-05,9.426327182284469e-06,8,32,0,0.00030613930525867563,0.00022361534068401486,-0.0001776781864464283
LR_a0p7_q0,5000000,3,8,69,True,0.05,100,-0.0007048617271108865,16,0.7198052330020251,0.6263251315835644,0.00233700253546152,0.048738671227976524,-0.048141675157799796,-0.012748409577875215,0.01682541857862171,0.0005824003177508885,0.0004924381551343113,16,18,14,0.0046746052630733765,0.0004636367899044179,0.14470742642879486
LR_a0p7_q0,5000000,3,9,39,True,0.05,100,0.003743431359298388,26,0.9884850302411308,0.9944431153816985,-0.00014895212851419315,0.04994286440677442,-0.04997286994211216,-0.0005186128947179302,0.0002507141730272002,1.0280624991440774e-05,4.7687149648829025e-06,26,32,0,0.0001714076790867117,0.00038878665411114726,-0.0006465591723099351
LR_a0p7_q0,5000000,3,0,96,True,0.05,200,-0.0006518323876033832,13,0.9452810089782687,0.9703020319662103,-0.0006255255746985371,0.04973268972996788,-0.04985529353062615,-0.0024686392810544357,0.0013401919323156573,8.443869946459817e-06,4.744748366516951e-06,12,32,0,0.0008128149952534758,0.00029070219303217043,-0.00017569493502378464
LR_a0p7_q0,5000000,3,1,63,True,0.05,200,-0.0018891080793485594,7,0.9761578419002415,0.9936170999386118,-0.0004364814509592585,0.049889714985115796,-0.04996335836172536,-0.001081822890103735,0.0002825033647948068,2.4788570937257284e-05,1.6320198154998933e-05,8,32,0,0.00036490719893671577,0.00040338394138964256,-0.0037676880601793528
LR_a0p7_q0,5000000,3,2,45,True,0.05,200,0.006772073370595331,21,0.9872049960051191,0.9933602460057873,-0.00015388125001670333,0.04993640174493662,-0.04996915455698036,-0.000576151944680659,0.0003011422566910224,0.0002124469713758359,7.063960622334281e-06,21,32,0,0.001343942881790935,0.00013897578457154874,-0.004400087054818869
LR_a0p7_q0,5000000,3,3,2,True,0.05,200,0.0028538548842934053,31,0.9552246566024053,0.9758157620217567,-0.0005147776354837846,0.04978415956542878,-0.049883110076879095,-0.0020229267353085007,0.001092321975791268,1.0973324794007397e-05,4.086819630725616e-06,31,32,0,0.0006661503976721948,0.0010001116773162414,0.0006985104409977794
LR_a0p7_q0,5000000,3,4,89,True,0.05,200,-0.0004788219559259694,13,0.904670328916452,0.9613209716653051,-0.0014162660687213266,0.04953127877700453,-0.04981027814575627,-0.004297762331181964,0.0017442295624909786,2.7484498727189527e-05,1.4552169433494638e-05,14,32,0,0.00141603709998479,0.000875054026950714,0.0006396834505721927
LR_a0p7_q0,5000000,3,5,77,True,0.05,200,0.020870476245937363,31,0.9892461692176246,0.9936003562026288,-0.00010885467462510429,0.04994708165620415,-0.049969349773330944,-0.0004847731953229172,0.00028933196319950115,1.8554865095973764e-05,3.1001657697283897e-06,31,32,0,0.0001598759186673239,4.994535030899198e-05,0.00080586300464347
LR_a0p7_q0,5000000,3,6,50,True,0.05,200,0.005663056437644114,31,0.964974285870871,0.9855597613444269,-0.0005146368868388998,0.04983400525512631,-0.04992944803357886,-0.0015852909615827805,0.0006514599663575011,1.489727522055295e-05,5.00750019333879e-06,31,32,0,0.0005233196657815267,0.00024718704507585055,-0.0007261126884259284
LR_a0p7_q0,5000000,3,7,35,True,0.05,200,-0.0012708893882815969,8,0.9476567996147235,0.9739026287576414,-0.0006561457285729488,0.04974618841002735,-0.04987306223602981,-0.002363348429291196,0.0011779307981478037,1.0975907638093467e-05,6.297899181681798e-06,8,32,0,0.000778450980042959,0.00062470662404733,-0.0001776781864464283
LR_a0p7_q0,5000000,3,8,69,True,0.05,200,-0.0007048617271108865,16,0.5477604160214194,0.43673706936891654,0.0027755836663125727,0.047985109408497956,-0.04717275583524211,-0.0205970886074269,0.025335902366796295,0.0003583842357876776,0.00027132731927045873,14,16,13,0.007396975404946615,0.0008372456849637769,0.14470742642879486
LR_a0p7_q0,5000000,3,9,39,True,0.05,200,0.003743431359298388,26,0.9701325745595011,0.9862519081111701,-0.00040298333879172643,0.04985283911402879,-0.04993284299380573,-0.001346210386053768,0.0006202475882471764,6.130079276254666e-06,2.041043360861862e-06,26,32,0,0.00044463288090327863,0.00036035173924572715,-0.0006465591723099351
LR_a0p7_q0,5000000,3,0,96,True,0.05,500,-0.0006518323876033832,13,0.8674558311032196,0.9244968246733312,-0.0014260248392527902,0.0493580589123528,-0.0496351793433539,-0.005985267357191884,0.003410338109687337,5.752004644400986e-06,3.27675453728071e-06,11,32,0,0.001968862283048094,0.0001504669171653973,-0.00017569493502378464
LR_a0p7_q0,5000000,3,1,63,True,0.05,500,-0.0018891080793485594,7,0.9450398125671516,0.9796261426806435,-0.000864658252837297,0.04974283455514936,-0.04988733666135714,-0.0024908439267917843,0.0009060295273249732,5.540468740742669e-06,5.267928826094231e-06,13,32,0,0.0008287987801891891,0.00030152363398602464,-0.0037676880601793528
LR_a0p7_q0,5000000,3,2,45,True,0.05,500,0.006772073370595331,21,0.9622319512553266,0.9759325778194707,-0.00034251566410360354,0.049811876004440724,-0.049887888726885835,-0.0017002784416744487,0.0010912598359122216,0.001752296124298125,5.555931637613606e-06,21,32,0,0.007639718421871466,0.0010258443632299398,-0.004400087054818869
LR_a0p7_q0,5000000,3,3,2,True,0.05,500,0.0028538548842934053,31,0.889235174888931,0.9412216190748834,-0.001299661104648811,0.04946244961240834,-0.049714056764674885,-0.005000690867961809,0.0026529758109307402,9.905759088902258e-06,4.467784750326186e-06,30,32,0,0.0016456978675218129,0.0009645280279021016,0.0006985104409977794
LR_a0p7_q0,5000000,3,4,89,True,0.05,500,-0.0004788219559259694,13,0.7939985099693914,0.9043245639638264,-0.0027581513498608767,0.048987418790631065,-0.04953166088789951,-0.009287493292161502,0.00431543268970818,8.988123432427756e-06,4.939887641093131e-06,15,32,0,0.0030566720901700588,0.0005144744875381329,0.0006396834505721927
LR_a0p7_q0,5000000,3,5,77,True,0.05,500,0.020870476245937363,31,0.9719222269611972,0.9826669729750593,-0.00026861865034655263,0.04986211331671866,-0.049916677477817764,-0.0012660019686588412,0.0007833288290647626,1.449177039989475e-05,5.224405829365076e-06,31,32,0,0.00041684775178051997,1.6752253964827275e-05,0.00080586300464347
LR_a0p7_q0,5000000,3,6,50,True,0.05,500,0.005663056437644114,31,0.9130750264150467,0.9621447775936193,-0.001226743779464315,0.0495837503763729,-0.049812618163470074,-0.003929999055620569,0.0017053792837891076,1.7456548964572158e-05,4.985075596484214e-06,31,32,0,0.0012944755005457646,4.069986661354427e-05,-0.0007261126884259284
LR_a0p7_q0,5000000,3,7,35,True,0.05,500,-0.0012708893882815969,8,0.8752328020514262,0.9358441494617017,-0.0015152836852568886,0.04939736706770421,-0.04968924700080933,-0.005635726965132946,0.0028970395277241805,8.258811630364364e-06,5.28834301554491e-06,8,32,0,0.0018544997330412491,0.001023197105772115,-0.0001776781864464283
LR_a0p7_q0,5000000,3,8,69,True,0.05,500,-0.0007048617271108865,16,0.16309644602814366,0.0062108651385167635,0.003922139522240672,0.046155563632728325,-0.04500629425477434,-0.038000741331321045,0.04469575099784849,0.00016977896333587005,0.00014023687119504968,14,16,15,0.013092665870614556,0.0008498629054662795,0.14470742642879486
LR_a0p7_q0,5000000,3,9,39,True,0.05,500,0.003743431359298388,26,0.9282966267652785,0.9668259749004893,-0.0009632337033802681,0.04964730667633646,-0.04983833013107514,-0.0032324753380725373,0.0014970313860506747,6.571772658710518e-06,2.193529680524731e-06,26,32,0,0.001065655367971429,0.00016581488171342462,-0.0006465591723099351
LR_a0p7_q0,5000000,3,0,96,True,0.05,1000,-0.0006518323876033832,13,0.7743669981467562,0.8672954265637669,-0.0023232107104252664,0.04890298905326165,-0.049356179803033806,-0.010184639145923866,0.005991408474845411,4.346171883759869e-06,3.161115107248313e-06,11,32,0,0.0033498796450063236,0.00016841746831752413,-0.00017569493502378464
LR_a0p7_q0,5000000,3,1,63,True,0.05,1000,-0.0018891080793485594,7,0.9000914785037789,0.9477636573558068,-0.0011918044713006976,0.049537698293954185,-0.04972134682863927,-0.004533124368765266,0.002333163960848885,1.1845197556706018e-05,7.54086838209895e-06,7,32,0,0.0015162271416546804,0.0008493675070278696,-0.0037676880601793528
LR_a0p7_q0,5000000,3,2,45,True,0.05,1000,0.006772073370595331,21,0.9189333409951169,0.9568077460984711,-0.000946860127583854,0.04959739879485124,-0.049796000307274574,-0.0036507317450954176,0.0019556130023509785,0.0010425411179618785,1.6709636649767866e-05,21,32,0,0.007185335931392324,0.0008133303435413015,-0.004400087054818869
LR_a0p7_q0,5000000,3,3,2,True,0.05,1000,0.0028538548842934053,31,0.7874173880957253,0.8853128556876383,-0.002447386689797826,0.04897388773754102,-0.04944566669068537,-0.009603018332754674,0.00518002390630348,6.4492354949689195e-06,2.889458472634471e-06,30,32,0,0.0031617514635961376,0.001484109676867823,0.0006985104409977794
LR_a0p7_q0,5000000,3,4,89,True,0.05,1000,-0.0004788219559259694,13,0.6324618968527562,0.8047262928320414,-0.004306609899482131,0.04820264103616562,-0.04904971983790993,-0.01657954619352783,0.008813405196307805,1.417237772735468e-05,1.514661585207814e-05,13,32,0,0.005453197391857534,0.0011016979642606078,0.0006396834505721927
LR_a0p7_q0,5000000,3,5,77,True,0.05,1000,0.020870476245937363,31,0.9437005269331555,0.9643159110204071,-0.0005153846021812916,0.04972540535063446,-0.04982883749846535,-0.0025403790039766755,0.0016130419474449896,3.356765722945336e-05,2.8172200487172613e-06,31,32,0,0.0008359906039896775,0.0002465045310720164,0.00080586300464347
LR_a0p7_q0,5000000,3,6,50,True,0.05,1000,0.005663056437644114,31,0.8518799863807144,0.9371553213911513,-0.002131883375260924,0.04928822810958999,-0.049686220061887436,-0.006694228790554264,0.002828453992329852,5.289378519193633e-06,2.821132271274793e-06,31,32,0,0.0022040721626782507,0.00018367104771482504,-0.0007261126884259284
LR_a0p7_q0,5000000,3,7,35,True,0.05,1000,-0.0012708893882815969,8,0.7709443999191176,0.8776982350997639,-0.002668845879516154,0.04889155097954155,-0.04940750032801762,-0.010344330983585658,0.005522588573029496,7.87060298599414e-06,5.366479231801692e-06,8,32,0,0.003403272869200728,0.0013867786511762657,-0.0001776781864464283
LR_a0p7_q0,5000000,3,8,69,True,0.05,1000,-0.0007048617271108865,16,-0.08053965218568687,-0.01147940626020083,-0.001726506148137151,0.04488103001963491,-0.04489792627700567,-0.04890801262891918,0.04547189659001596,0.00014369578981797014,0.0001791934500780775,14,14,15,0.016283394440190214,0.0010273593150242613,0.14470742642879486
LR_a0p7_q0,5000000,3,9,39,True,0.05,1000,0.003743431359298388,26,0.870162447127931,0.9386354953798205,-0.0017118262062972359,0.049359601354442624,-0.049699146049632215,-0.005851478998046097,0.002767371280641143,4.71448279361241e-06,6.238224398977757e-05,26,32,0,0.0019287439213009055,0.0005875082061110924,-0.0006465591723099351
LR_a0p7_q0,5000000,3,0,96,True,0.05,2000,-0.0006518323876033832,13,0.6155039475884133,0.7578047725069281,-0.0035575206229628686,0.04812926149281534,-0.04882878671837969,-0.017354064113394706,0.01093854809303324,4.8727498079817195e-06,4.729872986796591e-06,10,32,0,0.005707543464896414,0.00048709295166269884,-0.00017569493502378464
LR_a0p7_q0,5000000,3,1,63,True,0.05,2000,-0.0018891080793485594,7,0.8261485066873991,0.8990297850199991,-0.0018220319583149985,0.04919984835441232,-0.04946223751269849,-0.007892423020042335,0.004510748261698559,9.091537169463042e-05,5.6834420368253246e-05,11,32,0,0.0027233826697862394,0.0006027571683657714,-0.0037676880601793528
LR_a0p7_q0,5000000,3,2,45,True,0.05,2000,0.006772073370595331,21,0.825300008711341,0.9305189581169534,-0.002630473735140311,0.049128825552510746,-0.04968081088833119,-0.007863825116943664,0.0031548629824835585,0.000743225937240533,4.0253733840907575e-06,22,32,0,0.0109634568604479,0.002067889458373042,-0.004400087054818869
LR_a0p7_q0,5000000,3,3,2,True,0.05,2000,0.0028538548842934053,31,0.6322853754283292,0.7908215922843181,-0.003963405421399724,0.04820901111507106,-0.0489799215146359,-0.016594742343654656,0.009438841900419968,4.935329884965504e-06,4.30477439941983e-06,29,32,0,0.005464105340390553,0.0018736830162627875,0.0006985104409977794
LR_a0p7_q0,5000000,3,4,89,True,0.05,2000,-0.0004788219559259694,13,0.3852127415620804,0.6347753037958898,-0.006239064055845234,0.0469778142956741,-0.04821740232588756,-0.02771717721757005,0.016478637136093065,0.00018969539345572528,0.00018870173289977453,13,32,0,0.009393756042239432,0.0017614320058852973,0.0006396834505721927
LR_a0p7_q0,5000000,3,5,77,True,0.05,2000,0.020870476245937363,31,0.8954898451746757,0.9326306890731904,-0.0009285210974628692,0.04948877322043896,-0.04967624112516107,-0.004714280961705196,0.0030447066715015726,1.2613697977091966e-05,2.21898038645527e-06,31,32,0,0.001550706500530747,0.001010672256084383,0.00080586300464347
LR_a0p7_q0,5000000,3,6,50,True,0.05,2000,0.005663056437644114,31,0.7327561127914486,0.8810380191737439,-0.0037070476595573824,0.04871404070831563,-0.049405470917564163,-0.012076235068743193,0.005353569958876934,1.199209857170199e-05,4.258984866892585e-06,32,32,0,0.0039740570052592605,0.0007048853308156951,-0.0007261126884259284
LR_a0p7_q0,5000000,3,7,35,True,0.05,2000,-0.0012708893882815969,8,0.6092280800515638,0.7776231786012496,-0.004209877463742148,0.048105514891180985,-0.04892215227223469,-0.01764411088860276,0.01004099334217225,0.0010270969731999578,0.001027600168312376,8,32,0,0.00965178195540149,0.0021148403895877915,-0.0001776781864464283
LR_a0p7_q0,5000000,3,8,69,True,0.05,2000,-0.0007048617271108865,16,-0.04028148364473544,0.030842963705082216,-0.0017781111837454414,0.04504695534250995,-0.0450292457176838,-0.047061029524746945,0.04348709753242962,0.0023203311019887947,0.001854033268701978,14,14,14,0.01623130404428626,0.0012480700110293393,0.14470742642879486
LR_a0p7_q0,5000000,3,9,39,True,0.05,2000,0.003743431359298388,26,0.7553460058842579,0.8835494991824866,-0.0032050873324557146,0.04879258967374041,-0.049429420771703626,-0.01102528937952751,0.005251945812579304,0.0003916480846276067,0.0003638035506344171,26,32,0,0.004159061529030823,0.0004213402491137422,-0.0006465591723099351
LR_a0p7_q0,5000000,4,0,46,True,0.05,1,-0.0010208666366038944,14,1.003214445156979,0.99999881675061,8.039071015922619e-05,0.0500161161645412,-0.04999999406757903,0.00014460609330775538,5.32300485111408e-08,0.00017485422519760989,9.606026385853547e-05,14,32,0,5.2694550029388396e-05,0.0005209067418374338,-0.004920768551528454
LR_a0p7_q0,5000000,4,1,82,True,0.05,1,0.002232807180876153,18,0.9993031872421606,0.999998944131041,-1.7393922222008057e-05,0.04999667392368033,-0.049999994960051024,-3.1514561572215525e-05,4.775349902280644e-08,0.00010012497929893981,8.292896654961757e-05,18,32,0,1.973940684435397e-05,0.00011851247627357537,-0.004535550717264414
LR_a0p7_q0,5000000,4,2,92,True,0.05,1,-0.00714087514356774,3,0.9997765962100998,0.9999999085259983,-5.582807897461239e-06,0.049998967088369,-0.04999999957706823,-1.0137277863995692e-05,4.150768307872547e-09,1.903715775771999e-05,2.1685500430320294e-05,2,32,0,6.175185445855101e-06,0.0001309456083213797,0.0013138691429048777
LR_a0p7_q0,5000000,4,3,64,True,0.05,1,-0.005314481786072862,4,0.9997715502051675,0.9999999598593138,-5.71024135365833e-06,0.049998712662575474,-0.049999999773803226,-1.0135152317161302e-05,1.7808375192773491e-09,2.8548780653075852e-05,3.276438866357369e-05,4,32,0,4.043052491358095e-06,0.00020305874597685724,-0.0009608601103536785
LR_a0p7_q0,5000000,4,4,62,True,0.05,1,0.0005374601859180488,16,0.9999999065133706,1.0000981598164485,-2.4563325769443554e-06,0.0499999994947596,-0.05000053049624185,-4.169091065771076e-09,-4.3774945805770525e-06,3.455763252990396e-05,1.939980184620145e-05,16,32,0,2.890635774409712e-06,8.803155974384491e-05,0.0010052267462015152
LR_a0p7_q0,5000000,4,5,28,True,0.05,1,0.027327515605311527,31,0.9999999699639561,1.0001517015081176,-3.793288604038436e-06,0.04999999985012501,-0.05000075696594353,-1.3519271962118183e-09,-6.828109462356581e-06,3.214217431789869e-05,1.2338849990273063e-05,31,32,1,1.9093504192444996e-06,0.00023045054871915954,0.0005474942736327648
LR_a0p7_q0,5000000,4,6,16,True,0.05,1,-0.006474295454874644,7,1.0011534053981663,0.9999980705192769,2.8883371972238114e-05,0.05000548059686951,-0.049999990831752626,5.2189673038826797e-05,8.73057887986224e-08,0.00016983406841273715,0.00011579823486422315,7,32,0,2.5898797931746964e-05,0.00013903487894542952,-0.006117304787039757
LR_a0p7_q0,5000000,4,7,13,True,0.05,1,0.001363813613591489,24,0.9999999954278173,0.9999627003298568,9.323774490116454e-07,0.04999999998055923,-0.049999841402968814,-2.0916832489426292e-10,1.7063864760588052e-06,4.07174031459378e-06,5.640840234304514e-06,24,32,0,8.199123801470174e-07,0.0001340494733877642,-0.00019718405383173376
LR_a0p7_q0,5000000,4,8,61,True,0.05,1,0.0017486882100086123,31,0.999999988168368,1.000195914106193,-4.898148445625292e-06,0.04999999994620771,-0.05000089071985872,-5.377892972345363e-10,-8.90498545092427e-06,3.118424431778329e-05,5.891126510729696e-06,31,32,0,1.252256946606547e-06,0.00045260651782540607,-0.00032800089684315026
LR_a0p7_q0,5000000,4,9,83,True,0.05,1,0.006152613959302164,19,0.9984403876319647,0.9999992327760905,-3.897112860314425e-05,0.04999255554708655,-0.04999999633783216,-7.053616548830389e-05,3.46990276093896e-08,5.747836321181462e-05,7.126840873992234e-05,19,32,0,2.837028448241176e-05,0.00031199350085482056,-0.0038662157021462917
LR_a0p7_q0,5000000,4,0,46,True,0.05,2,-0.0010208666366038944,14,1.0058863648937613,1.0003600407986266,0.00013815810237836554,0.05002881223390957,-0.050001710483498274,0.00026550601077850124,-1.6291556433057325e-05,0.00013846357113289675,6.717607136213682e-05,14,32,0,9.469063918960981e-05,0.0008415764057896297,-0.004920768551528454
LR_a0p7_q0,5000000,4,1,82,True,0.05,2,0.002232807180876153,18,0.9993539993371978,0.9999965826243424,-1.6064582178614006e-05,0.04999691646359388,-0.04999998368793895,-2.921649673400783e-05,1.5455672181038548e-07,0.00011015057321994544,8.660026244939845e-05,18,32,0,1.7888729440360743e-05,0.00010905432270600194,-0.004535550717264414
LR_a0p7_q0,5000000,4,2,92,True,0.05,2,-0.00714087514356774,3,0.9998230463534763,0.9999885760030144,-4.138241238453577e-06,0.04999918962437948,-0.049999945284567276,-8.037306705636373e-06,5.164844165740272e-07,2.005059685780588e-05,1.621720057733705e-05,2,32,0,5.823795011890722e-06,9.030755877189468e-05,0.0013138691429048777
LR_a0p7_q0,5000000,4,3,64,True,0.05,2,-0.005314481786072862,4,0.9996039339166862,1.000184389591415,-1.4511391868223672e-05,0.049997872289959666,-0.050000924443462734,-1.767559412531921e-05,-8.295036108006729e-06,4.776659404955212e-06,3.498780339123812e-05,4,32,0,6.873672566097547e-06,0.0006041236071287966,-0.0009608601103536785
LR_a0p7_q0,5000000,4,4,62,True,0.05,2,0.0005374601859180488,16,0.9998840160673891,0.9996374348562062,6.164530279571031e-06,0.049999373174863304,-0.049998040548024994,-5.17237149385925e-06,1.6168805214680786e-05,9.326903255257535e-06,1.7885633573513432e-05,16,32,0,5.134029755722686e-06,0.00026781296587465573,0.0010052267462015152
LR_a0p7_q0,5000000,4,5,28,True,0.05,2,0.027327515605311527,31,1.0002367479547938,1.0004732200545254,-5.911802493291374e-06,0.05000113005570676,-0.05000229166118485,1.0707342032934121e-05,-2.1369341541426676e-05,3.8742542831760305e-05,1.037386805767921e-05,31,32,1,5.67569857045407e-06,0.0004757145969274635,0.0005474942736327648
LR_a0p7_q0,5000000,4,6,16,True,0.05,2,-0.006474295454874644,7,1.006064089620828,1.000180436512792,0.00014709132770089617,0.05002881452665745,-0.050000857373988995,0.0002743899543839822,-8.164451650591416e-06,0.00011025620180700151,4.6496515140749614e-05,9,32,0,9.781544730656822e-05,0.0006951953179919498,-0.006117304787039757
LR_a0p7_q0,5000000,4,7,13,True,0.05,2,0.001363813613591489,24,0.9999356806924243,0.9999565836175937,-5.225731292343716e-07,0.04999971169332168,-0.04999981398514505,-2.927658700528448e-06,1.98480426532617e-06,5.124678249080948e-06,1.7575909852955253e-06,24,32,0,1.109689203209304e-06,2.6517181577308392e-05,-0.00019718405383173376
LR_a0p7_q0,5000000,4,8,61,True,0.05,2,0.0017486882100086123,31,1.0002118406780536,1.0003473569308787,-3.387906320630185e-06,0.05000111521221096,-0.0500016879680672,9.476821691700122e-06,-1.5679878476718795e-05,2.3116261741063265e-05,6.6914407546465735e-06,31,32,0,4.54545410849059e-06,0.0005758264329647009,-0.00032800089684315026
LR_a0p7_q0,5000000,4,9,83,True,0.05,2,0.006152613959302164,19,0.9984141280735048,1.0000818850632198,-4.169392474287839e-05,0.04999242451614498,-0.05000040875935181,-7.17181124697219e-05,-3.685493809166667e-06,4.0655494257901665e-05,3.6566676220806925e-05,19,32,0,3.168625895152836e-05,0.00029153621237763654,-0.0038662157021462917
LR_a0p7_q0,5000000,4,0,46,True,0.05,5,-0.0010208666366038944,14,1.0044681143395011,1.000094837644383,0.00010933191737795556,0.05002095288222907,-0.05000024151205903,0.00020245283474597985,-4.500370160148709e-06,7.42021277997254e-05,4.4117471532086006e-05,14,32,0,8.156076609872643e-05,0.0006876730543932844,-0.004920768551528454
LR_a0p7_q0,5000000,4,1,82,True,0.05,5,0.002232807180876153,18,1.0012974589710602,1.0007758680838321,1.3039772180700737e-05,0.05000620436404503,-0.05000392419375159,5.866858450796791e-05,-3.486921044003667e-05,5.942577564038888e-05,3.889947173808044e-05,19,32,0,3.2453693867916793e-05,0.00036844524644799977,-0.004535550717264414
LR_a0p7_q0,5000000,4,2,92,True,0.05,5,-0.00714087514356774,3,0.9994320441982453,0.9999999386239558,-1.4197360642762696e-05,0.04999725319616998,-0.050000027778853665,-2.565098625771745e-05,3.084765588456244e-08,9.559594328104715e-06,8.21287993718967e-06,2,32,0,1.0110140474666577e-05,0.0003432519277662043,0.0013138691429048777
LR_a0p7_q0,5000000,4,3,64,True,0.05,5,-0.005314481786072862,4,0.9982291038663214,0.9997216555986289,-3.7313793307687526e-05,0.04999136751427268,-0.049998398249869395,-7.991232095666659e-05,1.2315469937894496e-05,1.9901341183189507e-05,2.1551982775890213e-05,4,32,0,2.7095456730478084e-05,0.0007635824930748616,-0.0009608601103536785
LR_a0p7_q0,5000000,4,4,62,True,0.05,5,0.0005374601859180488,16,0.9993388922915849,0.9998229043989213,-1.2100302683408417e-05,0.04999663578510765,-0.04999897777390434,-2.969117052840271e-05,7.832553958271819e-06,1.0480525004461183e-05,7.2341580124625264e-06,16,32,0,1.1749643242103586e-05,0.00010767247071274214,0.0010052267462015152
LR_a0p7_q0,5000000,4,5,28,True,0.05,5,0.027327515605311527,31,0.999859977076499,1.0001050579537984,-6.1270219324852104e-06,0.0499994277389262,-0.05000063408202228,-6.4288851012344355e-06,-4.618815667634359e-06,2.195474802232161e-05,7.1851763212214985e-06,31,32,1,6.308320152681279e-06,0.00041114912138473443,0.0005474942736327648
LR_a0p7_q0,5000000,4,6,16,True,0.05,5,-0.006474295454874644,7,1.0052125100500808,0.9975988003442811,0.00019034274264499718,0.05002455082551147,-0.04998791459501004,0.0002360746769925746,0.0001079745777960158,6.118899769678261e-05,3.681730612292022e-05,9,32,0,8.920357637906464e-05,0.00039261196949525134,-0.006117304787039757
LR_a0p7_q0,5000000,4,7,13,True,0.05,5,0.001363813613591489,24,0.9999501687590531,0.9999402295457571,2.484803324001583e-07,0.049999773945114914,-0.04999974125981419,-2.265507162197364e-06,2.7297825263878107e-06,2.6641964666061833e-06,4.353391713420455e-06,24,32,0,1.0601806782043668e-06,0.0001203491178980023,-0.00019718405383173376
LR_a0p7_q0,5000000,4,8,61,True,0.05,5,0.0017486882100086123,31,0.99976253614946,1.0000439209773306,-7.0346206967678016e-06,0.04999893760888014,-0.05000022109279481,-1.0810801407103893e-05,-1.9749560717055803e-06,7.528528091060707e-06,2.3416075494026535e-06,31,32,0,6.032202416893619e-06,0.0003852371506186196,-0.00032800089684315026
LR_a0p7_q0,5000000,4,9,83,True,0.05,5,0.006152613959302164,19,0.9981925113536366,1.0005243717758594,-5.829651055557286e-05,0.04999129322264988,-0.050002707163150216,-8.166765496800998e-05,-2.3511425642757645e-05,4.809463415068809e-05,4.0200006716727795e-05,19,32,0,3.585638072166909e-05,0.0001694949254704585,-0.0038662157021462917
LR_a0p7_q0,5000000,4,0,46,True,0.05,10,-0.0010208666366038944,14,1.0058976283304488,1.0021055524422113,9.480189720593654e-05,0.05002772252182593,-0.050009201644056554,0.0002671588946965061,-9.607597805402928e-05,7.404720296278458e-05,3.153593574914735e-05,14,32,0,0.000105028779479968,0.001032564111615725,-0.004920768551528454
LR_a0p7_q0,5000000,4,1,82,True,0.05,10,0.002232807180876153,18,0.9991763050229344,1.0004912013461305,-3.2872408079899496e-05,0.04999651866203545,-0.050002601337285985,-3.7703410888696183e-05,-2.1958730020522005e-05,5.440950141867048e-05,3.86590186719858e-05,18,32,0,3.3348849805126496e-05,9.334474985640991e-05,-0.004535550717264414
LR_a0p7_q0,5000000,4,2,92,True,0.05,10,-0.00714087514356774,3,0.9992356171605771,0.9997181829694313,-1.2064145221354905e-05,0.04999627680379301,-0.04999862723809047,-3.4495945764137105e-05,1.2718089618890553e-05,1.0101977174330685e-05,8.931152739972952e-06,2,32,0,1.3240166823611486e-05,0.00014714788573895804,0.0013138691429048777
LR_a0p7_q0,5000000,4,3,64,True,0.05,10,-0.005314481786072862,4,0.9974635899270435,0.9990799097655828,-4.0407995963481075e-05,0.04998783852860439,-0.04999542542683259,-0.00011465903225220499,4.1429938553429635e-05,5.540913622496745e-06,5.1245154753559285e-06,4,32,0,3.802604919974714e-05,0.0003679795293617607,-0.0009608601103536785
LR_a0p7_q0,5000000,4,4,62,True,0.05,10,0.0005374601859180488,16,0.9979323407277307,0.9989387305135069,-2.515974464440242e-05,0.04998978625640161,-0.049995112396710104,-9.316922001507827e-05,4.817587103475851e-05,1.1081884266171168e-05,2.3531532595671594e-06,16,32,0,3.249869964424952e-05,4.29801752321688e-05,0.0010052267462015152
LR_a0p7_q0,5000000,4,5,28,True,0.05,10,0.027327515605311527,31,0.9992525123275725,0.9998271868422643,-1.4366862867296742e-05,0.04999624294426304,-0.049999246712421674,-3.3617327884432326e-05,7.88737030844546e-06,9.486512805293175e-06,4.009300143063551e-06,31,32,1,1.2600777873268507e-05,0.00022690665240928477,0.0005474942736327648
LR_a0p7_q0,5000000,4,6,16,True,0.05,10,-0.006474295454874644,7,1.0015091632219304,0.9968103945955293,0.00011746921566003002,0.050009486783687856,-0.049984363534567595,6.5971377408634e-05,0.00014384380479111764,4.689528200614047e-05,2.954961533126223e-05,7,32,0,4.868793586187315e-05,0.00020164088305238065,-0.006117304787039757
LR_a0p7_q0,5000000,4,7,13,True,0.05,10,0.001363813613591489,24,0.999637618725825,0.9998851233982292,-6.187616810104241e-06,0.04999827160283907,-0.04999946870021572,-1.6390666547789227e-05,5.212530304224793e-06,7.875695152592124e-06,3.856915627708738e-06,24,32,0,6.146786029252019e-06,0.0003401258991248551,-0.00019718405383173376
LR_a0p7_q0,5000000,4,8,61,True,0.05,10,0.0017486882100086123,31,0.9984211042412207,0.9994109008605424,-2.4744915483043695e-05,0.04999194308675263,-0.04999686014981155,-7.08878746915914e-05,2.6315106784408445e-05,1.0400242384621877e-05,4.492201852861873e-06,31,32,0,3.05850865294326e-05,0.000506894446772308,-0.00032800089684315026
LR_a0p7_q0,5000000,4,9,83,True,0.05,10,0.006152613959302164,19,0.9959334475303946,1.0003288670137076,-0.000109885487082826,0.049980462659250824,-0.05000131442538041,-0.00018379028273108746,-1.5128925304968787e-05,3.680892925465397e-05,3.177935993252871e-05,18,32,0,6.48771753335367e-05,0.0005239331771341897,-0.0038662157021462917
LR_a0p7_q0,5000000,4,0,46,True,0.05,20,-0.0010208666366038944,14,0.9985283211084096,0.9987471463778098,-5.47063173500506e-06,0.04999146264563621,-0.04999298131209963,-6.504659021572392e-05,5.562399320913464e-05,2.2515452100087843e-05,2.6469562130966382e-05,14,32,0,6.501247339598906e-05,0.0003922273851178811,-0.004920768551528454
LR_a0p7_q0,5000000,4,1,82,True,0.05,20,0.002232807180876153,18,0.9936560941014322,1.0021417028933177,-0.00021214021979713837,0.049969804079341706,-0.050011772992104575,-0.0002869993742700992,-9.531215256133497e-05,3.1254685361424435e-05,3.263371056853297e-05,19,32,0,0.0001060751001658901,1.2094866835507818e-05,-0.004535550717264414
LR_a0p7_q0,5000000,4,2,92,True,0.05,20,-0.00714087514356774,3,0.9986389161789829,0.9994524381991956,-2.0338050505316896e-05,0.049993364992614045,-0.04999733746822849,-6.141918366490639e-05,2.4715558268706257e-05,8.756115343739926e-06,6.641749410895979e-06,2,32,0,2.1496112477862252e-05,0.00019859617954223985,0.0013138691429048777
LR_a0p7_q0,5000000,4,3,64,True,0.05,20,-0.005314481786072862,4,0.9970706044505335,0.9983872242001152,-3.291549373954025e-05,0.04998571826410923,-0.049991908549020914,-0.0001321880415825694,7.254733901514409e-05,2.6214365471230316e-05,1.8928057957436934e-05,5,32,0,4.457983576734802e-05,0.0004943734840592265,-0.0009608601103536785
LR_a0p7_q0,5000000,4,4,62,True,0.05,20,0.0005374601859180488,16,0.988747619356329,0.9968442744839356,-0.00020241637819016708,0.04994509876040338,-0.049985406369374916,-0.0005077177925869281,0.00014319264517812885,3.902275308250929e-05,1.9513691334831343e-05,16,32,0,0.00017235495049871548,9.501301924830414e-06,0.0010052267462015152
LR_a0p7_q0,5000000,4,5,28,True,0.05,20,0.027327515605311527,31,0.9984626021847687,0.9992207258432263,-1.8953091461441224e-05,0.0499924237677088,-0.04999628696051297,-6.929365847038803e-05,3.5250668351642316e-05,1.0701997380947205e-05,3.387570189935484e-06,31,32,1,2.338849176754464e-05,0.0002002857990377348,0.0005474942736327648
LR_a0p7_q0,5000000,4,6,16,True,0.05,20,-0.006474295454874644,7,1.0013188439987457,0.9961938656050859,0.00012812445984149504,0.05000818315903928,-0.04998153024246355,5.775904089798223e-05,0.00017183696220923734,2.0044484781639067e-05,1.9897342524308405e-05,9,32,0,5.670846078235376e-05,0.00038843118333039075,-0.006117304787039757
LR_a0p7_q0,5000000,4,7,13,True,0.05,20,0.001363813613591489,24,0.9988220937129259,0.9995796177184194,-1.8938100137338987e-05,0.04999372577779058,-0.049997579922593516,-5.2621092144301524e-05,1.8599036672527204e-05,5.534286563496109e-06,2.747037489639103e-06,24,32,0,2.0233765423627154e-05,0.0006898467690923327,-0.00019718405383173376
LR_a0p7_q0,5000000,4,8,61,True,0.05,20,0.0017486882100086123,31,0.995619945906247,0.9981601687231958,-6.350557042371884e-05,0.0499796519555062,-0.049991536619950226,-0.0001986546601938657,8.352818379041171e-05,5.317284143298787e-06,2.9402194503607677e-06,31,32,0,6.894487845885629e-05,0.00023658765832922532,-0.00032800089684315026
LR_a0p7_q0,5000000,4,9,83,True,0.05,20,0.006152613959302164,19,0.9937043074611936,0.9995680572819465,-0.0001465937455188207,0.04996947108431617,-0.04999738754676955,-0.0002842557112564624,1.8984682672241883e-05,3.14783941699332e-05,2.8199286446196754e-05,17,32,0,9.626115830735517e-05,0.0006715565789172535,-0.0038662157021462917
LR_a0p7_q0,5000000,4,0,46,True,0.05,50,-0.0010208666366038944,14,0.9914761417491393,0.9976508469915655,-0.00015436763106065413,0.04995767593566867,-0.049988481036585715,-0.0003838688482116904,0.00010593868700742597,2.6506897494235065e-05,9.533328528549676e-06,14,32,0,0.00014503920777535575,0.0005016643615863807,-0.004920768551528454
LR_a0p7_q0,5000000,4,1,82,True,0.05,50,0.002232807180876153,18,0.9947025845952349,0.9982544215865466,-8.879592478279463e-05,0.04997276805869117,-0.04999351714202153,-0.00023763882892940925,8.079606269414122e-05,2.1785037771764123e-05,9.413340598918426e-06,18,32,0,9.337274861021086e-05,3.894657775936047e-05,-0.004535550717264414
LR_a0p7_q0,5000000,4,2,92,True,0.05,50,-0.00714087514356774,3,0.9978622974244097,0.9977992936632093,1.5750940300096605e-06,0.04998962353543447,-0.049989503567931845,-9.650866421395693e-05,9.95388847714006e-05,1.2180472078540933e-05,4.186966644978354e-06,2,32,0,3.2965840804513775e-05,0.000273105635078922,0.0013138691429048777
LR_a0p7_q0,5000000,4,3,64,True,0.05,50,-0.005314481786072862,4,0.9893630339742241,0.9919737895228576,-6.52688887158373e-05,0.04994787224539,-0.04996129535358655,-0.0004797205466787344,0.00036260587744368813,3.634159637385363e-06,2.990918078136934e-06,4,32,0,0.00016017885720865868,0.0001344659360403599,-0.0009608601103536785
LR_a0p7_q0,5000000,4,4,62,True,0.05,50,0.0005374601859180488,16,0.973845665735101,0.990496227879982,-0.0004162640536220278,0.04986914225947682,-0.049953227332971396,-0.001176858972721766,0.00042841593897228883,1.996308683219211e-05,1.0562515691055737e-05,16,32,0,0.0003924481519271746,9.541173803823358e-05,0.0010052267462015152
LR_a0p7_q0,5000000,4,5,28,True,0.05,50,0.027327515605311527,31,0.9967287665101893,0.998182879282016,-3.6352819295669414e-05,0.049983740077820055,-0.04999120390057279,-0.00014730175231056353,8.205993647200801e-05,1.2562182215905224e-05,2.2201013778038634e-06,31,32,1,4.873311755805263e-05,6.16507636716039e-05,0.0005474942736327648
LR_a0p7_q0,5000000,4,6,16,True,0.05,50,-0.006474295454874644,7,1.000806097223205,0.9958771255813661,0.0001232242910459702,0.05000104899385649,-0.049980856140264956,3.9255867303761906e-05,0.00018699986119662926,1.1620479012374348e-05,2.5957127765100463e-05,9,32,0,7.28436160013493e-05,0.000662047303902666,-0.006117304787039757
LR_a0p7_q0,5000000,4,7,13,True,0.05,50,0.001363813613591489,24,0.9930630301769283,0.9962144562944545,-7.878565293815629e-05,0.04996657523956363,-0.049981446630444834,-0.00031342373071726183,0.00017072381572206047,8.30758450559543e-06,3.4475803230640676e-06,24,32,0,0.00010491501441713779,0.0005224664747081439,-0.00019718405383173376
LR_a0p7_q0,5000000,4,8,61,True,0.05,50,0.0017486882100086123,31,0.9917893065486751,0.9964985065406482,-0.0001177299997993271,0.04996085461470212,-0.049983257269065565,-0.0003713892872683536,0.0001583319420331655,2.0838457756963526e-05,9.437088886070424e-06,31,32,0,0.00012492811582789085,0.0007005369104027398,-0.00032800089684315026
LR_a0p7_q0,5000000,4,9,83,True,0.05,50,0.006152613959302164,19,0.993690126967742,0.9964488775451955,-6.896876443633973e-05,0.04996906528841136,-0.04998218848319976,-0.000284558940024243,0.00015974460593998804,1.2269519654845832e-05,1.0666337809391167e-05,18,32,0,9.959508769087973e-05,0.00041776156410199293,-0.0038662157021462917
LR_a0p7_q0,5000000,4,0,46,True,0.05,100,-0.0010208666366038944,14,0.9576372021405313,0.9982343153761832,-0.001014927830891299,0.04979554045790749,-0.04998888853492925,-0.0019136803508809125,7.717276612010346e-05,3.090638847417829e-05,1.1803397870212188e-05,17,32,0,0.0006343551149223355,0.0004392250254519393,-0.004920768551528454
LR_a0p7_q0,5000000,4,1,82,True,0.05,100,0.002232807180876153,18,0.9864972681575688,0.9972617559682181,-0.0002691121952662322,0.049930363766297566,-0.049991237550080614,-0.0006055003584190858,0.00012814975166973875,1.4192578221409334e-05,1.818059728727407e-05,20,32,0,0.00021591540969965445,0.00018324975688597414,-0.004535550717264414
LR_a0p7_q0,5000000,4,2,92,True,0.05,100,-0.00714087514356774,3,0.9951783573330777,0.9969155786634171,-4.343053325848306e-05,0.04997643947322639,-0.04998496136278971,-0.00021752160657249875,0.00013918242961884957,1.2188235571945845e-05,6.082922921187501e-06,2,32,0,7.234210497285523e-05,0.0003814615158185046,0.0013138691429048777
LR_a0p7_q0,5000000,4,3,64,True,0.05,100,-0.005314481786072862,4,0.9778994891101807,0.985331648389809,-0.00018580398199070924,0.049893680915288445,-0.049929654703741805,-0.0009987064597793797,0.000663072284251398,3.5154879470457075e-05,3.545052126556353e-05,5,32,0,0.0003311066162624285,0.00046909595165354605,-0.0009608601103536785
LR_a0p7_q0,5000000,4,4,62,True,0.05,100,0.0005374601859180488,16,0.955668184955303,0.9868755043442359,-0.0007801829847233193,0.049781057215197745,-0.049936509143354645,-0.001997647967432601,0.0005927339261428545,1.5033463298070465e-05,4.366608462963026e-06,16,32,0,0.0006585908891109654,0.0004529900952026491,0.0010052267462015152
LR_a0p7_q0,5000000,4,5,28,True,0.05,100,0.027327515605311527,31,0.9938105855521279,0.9962681581780214,-6.143931564733807e-05,0.04996919518192881,-0.049981898637742425,-0.0002786659043224137,0.00016849072884134734,8.188731072547567e-06,1.418281865758747e-06,31,32,1,9.210691558530742e-05,3.727996767232107e-05,0.0005474942736327648
LR_a0p7_q0,5000000,4,6,16,True,0.05,100,-0.006474295454874644,7,0.9914132940029186,0.985821847298548,0.00013978616760926266,0.04995823440598279,-0.049931840582996434,-0.00038756970583686025,0.0006407482180690292,8.523923268956818e-06,2.1626509218029813e-05,6,32,0,0.00014608806422993292,0.00020335243553899803,-0.006117304787039757
LR_a0p7_q0,5000000,4,7,13,True,0.05,100,0.001363813613591489,24,0.979484221398896,0.9894360305680042,-0.00024879522922770583,0.04990115947715274,-0.049948916589510235,-0.0009269484072079047,0.00047711506111005345,2.0719273557563415e-05,8.536381750907235e-06,24,32,0,0.0003057238311239848,0.00023703429882711782,-0.00019718405383173376
LR_a0p7_q0,5000000,4,8,61,True,0.05,100,0.0017486882100086123,31,0.9831193965686994,0.9926344155223916,-0.0002378754738423059,0.04991824287728966,-0.04996404220837717,-0.0007622730488546932,0.00033232143225759854,9.764604730895081e-06,4.354427310551034e-06,31,32,0,0.0002517186613538993,0.0003845845867861237,-0.00032800089684315026
LR_a0p7_q0,5000000,4,9,83,True,0.05,100,0.006152613959302164,19,0.9852991875008323,0.9948956810780455,-0.00023991233943032944,0.049927026983274725,-0.04997545883793671,-0.000662067608233079,0.00023067478403441933,1.960574898756891e-05,1.0265526790757438e-05,18,32,0,0.00022208074649956463,0.0004348705553367752,-0.0038662157021462917
LR_a0p7_q0,5000000,4,0,46,True,0.05,200,-0.0010208666366038944,14,0.9374662906041832,0.9758682920956792,-0.0009600500372873993,0.04970234124789627,-0.04987733765070066,-0.0028290267176871173,0.0010839230459166696,1.7942236829320913e-05,0.0002399820611436837,14,32,0,0.0009382675981121548,2.997516345094061e-05,-0.004920768551528454
LR_a0p7_q0,5000000,4,1,82,True,0.05,200,0.002232807180876153,18,0.9801645659465187,0.9896817514671014,-0.0002379296380145661,0.04989721695903055,-0.049955558295105035,-0.000888988661704613,0.0004714707217499449,2.905127323793835e-05,2.0212141381939968e-05,18,32,0,0.0003118802300713897,0.0005111476433891128,-0.004535550717264414
LR_a0p7_q0,5000000,4,2,92,True,0.05,200,-0.00714087514356774,3,0.986900771310466,0.9934308406911235,-0.00016325173451643693,0.049936610141321044,-0.04996778837835321,-0.0005915715757977493,0.00029624634379701636,3.995714024031234e-06,3.2159112079650396e-06,3,32,0,0.00019531408861642462,0.00019858142858937523,0.0013138691429048777
LR_a0p7_q0,5000000,4,3,64,True,0.05,200,-0.005314481786072862,4,0.9565524579433174,0.9769541817910389,-0.0005100430961930344,0.04979153786821545,-0.04988859437563756,-0.0019639149710495305,0.0010408852860856492,4.6823916509524e-06,7.817923199370458e-06,4,32,0,0.0006470691895944042,0.0010049002632257476,-0.0009608601103536785
LR_a0p7_q0,5000000,4,4,62,True,0.05,200,0.0005374601859180488,16,0.9040206659067297,0.9607000467057039,-0.001416984519974354,0.04952675333762597,-0.04980892698080936,-0.0043257200422894895,0.0017739246455241767,2.842859864545899e-05,1.3952669195821074e-05,16,32,0,0.0014240794008390809,0.000907165844437165,0.0010052267462015152
LR_a0p7_q0,5000000,4,5,28,True,0.05,200,0.027327515605311527,31,0.9894717336373362,0.9929209926244406,-8.623147467760883e-05,0.04994831964839855,-0.049965947487783095,-0.00047473296653172754,0.00031989785656106543,2.2352414653396694e-05,6.348635289984958e-06,31,32,1,0.00015652331501984644,5.114733265810313e-05,0.0005474942736327648
LR_a0p7_q0,5000000,4,6,16,True,0.05,200,-0.006474295454874644,7,0.9698630509838033,0.983651882761508,-0.0003447207944426156,0.04985128223342979,-0.049928116618723255,-0.0013581296842396435,0.0007455224806478222,1.5375502937193883e-05,1.381769254727611e-05,7,32,0,0.00045842427646645354,0.0004166732288991184,-0.006117304787039757
LR_a0p7_q0,5000000,4,7,13,True,0.05,200,0.001363813613591489,24,0.9470496469815068,0.9730322758595376,-0.0006495657219507678,0.04974312700555569,-0.04986901025445982,-0.0023906446564803847,0.0012173964614828983,1.2087364703599556e-05,5.727780896356355e-06,24,32,0,0.0007871150924064951,0.0006450510220108672,-0.00019718405383173376
LR_a0p7_q0,5000000,4,8,61,True,0.05,200,0.0017486882100086123,31,0.9678238145958981,0.9853284800543711,-0.00043761663646182773,0.04984268376399682,-0.049927694137998774,-0.0014514930342019103,0.0006612701352802157,7.507714759900391e-06,3.0520086080183743e-06,31,32,0,0.0004782615735294679,0.0006784178385687764,-0.00032800089684315026
LR_a0p7_q0,5000000,4,9,83,True,0.05,200,0.006152613959302164,19,0.9687803028370969,0.9822127138656007,-0.000335810275712594,0.04984450100159622,-0.04991295231476687,-0.0014054858597413516,0.0008023166214868129,1.9719911527512296e-05,8.847277857065354e-06,17,32,0,0.0004690025503122869,0.0004567268421591774,-0.0038662157021462917
LR_a0p7_q0,5000000,4,0,46,True,0.05,500,-0.0010208666366038944,14,0.8386663282367885,0.9460967045875798,-0.0026857594087697813,0.049240309928173645,-0.049720019246046535,-0.007306993516334221,0.002415184016667539,9.106276217185142e-06,0.0009498781910139211,14,32,0,0.0024177045134460935,0.0005046747768342734,-0.004920768551528454
LR_a0p7_q0,5000000,4,1,82,True,0.05,500,0.002232807180876153,18,0.9574206423223027,0.9663756661986467,-0.00022387559690859732,0.04977599438127345,-0.049848389821174705,-0.0019049622651582834,0.0015296065112423666,8.06585094023607e-06,9.371016083942045e-06,18,32,0,0.000658288066429189,0.0005229478630032321,-0.004535550717264414
LR_a0p7_q0,5000000,4,2,92,True,0.05,500,-0.00714087514356774,3,0.9614666176554967,0.9791660805131827,-0.0004424865714421494,0.0498142296441922,-0.049898394051192355,-0.0017408987614173817,0.000940090025533222,4.658436885100545e-06,2.4170129024161637e-06,3,32,0,0.0005738043180621181,0.00012032079158619728,0.0013138691429048777
LR_a0p7_q0,5000000,4,3,64,True,0.05,500,-0.005314481786072862,4,0.8984707852401084,0.9402751252691612,-0.001045108500726321,0.0495084903115866,-0.04971041074034199,-0.004584951049581189,0.002696654476883941,6.040231065294931e-06,6.6194094484882e-06,4,32,0,0.001509021828840163,0.0010512149311415191,-0.0009608601103536785
LR_a0p7_q0,5000000,4,4,62,True,0.05,500,0.0005374601859180488,16,0.7900457088268592,0.9062781495284583,-0.0029058110175399776,0.04896520330967595,-0.04954401223801996,-0.009462917868333007,0.004230104761597049,9.577378033388737e-06,5.328860192118514e-06,16,32,0,0.0031135987433298083,0.0005576848678825057,0.0010052267462015152
LR_a0p7_q0,5000000,4,5,28,True,0.05,500,0.027327515605311527,31,0.9723678075368315,0.9812159886913088,-0.00022120452886193256,0.049864562295092535,-0.049909351986293954,-0.0012461719182509535,0.0008485525517285193,1.7991442472085624e-05,8.795087760857942e-06,31,32,1,0.0004102833782184989,1.4876677149751976e-05,0.0005474942736327648
LR_a0p7_q0,5000000,4,6,16,True,0.05,500,-0.006474295454874644,7,0.9497721134300481,0.9393407433395085,0.00026078425226349136,0.049743752312134785,-0.04971564497816984,-0.002255146640632374,0.002748607811194412,1.4242319065014388e-05,9.624022006374797e-06,6,32,0,0.0007713080892882067,0.0006387969456760433,-0.006117304787039757
LR_a0p7_q0,5000000,4,7,13,True,0.05,500,0.001363813613591489,24,0.8729168746204261,0.9346434583215509,-0.00154316459252812,0.049385311941252764,-0.049684546605523475,-0.005739468210231476,0.0029523736894458935,9.295799851046422e-06,4.756739149703888e-06,23,32,0,0.0018881275217946694,0.001097558620266436,-0.00019718405383173376
LR_a0p7_q0,5000000,4,8,61,True,0.05,500,0.0017486882100086123,31,0.9242306753390197,0.9636104927419679,-0.0009844954350737047,0.04963095949635684,-0.049821924102470244,-0.0034194257294058467,0.0016413994653718515,1.2776383299798847e-05,5.815399197921979e-06,31,32,0,0.0011247921864552626,0.0005261831182632946,-0.00032800089684315026
LR_a0p7_q0,5000000,4,9,83,True,0.05,500,0.006152613959302164,19,0.9126930097749819,0.960612702554134,-0.001197992319478803,0.04957135773003363,-0.04979563909681254,-0.003936707241284563,0.0017650039691058336,1.0807880731962433e-05,1.3591394192427465e-05,18,32,1,0.0013008347669875937,0.00024349096442653434,-0.0038662157021462917
LR_a0p7_q0,5000000,4,0,46,True,0.05,1000,-0.0010208666366038944,14,0.7358764004654668,0.8941870276684796,-0.003957765680075321,0.04875128193822494,-0.04945669996323997,-0.011957461914951579,0.004747348579816006,5.804154190848485e-06,0.0020442878914977386,14,32,0,0.003951564347738888,0.001330154225234332,-0.004920768551528454
LR_a0p7_q0,5000000,4,1,82,True,0.05,1000,0.002232807180876153,18,0.9029076803518052,0.9424624942803259,-0.0009888703482130168,0.0494958595149901,-0.04974836616815186,-0.004350475497399876,0.0026252414541355277,1.6433458067307745e-05,6.616640031489704e-06,18,32,0,0.0014715932145247697,0.0012618880148951848,-0.004535550717264414
LR_a0p7_q0,5000000,4,2,92,True,0.05,1000,-0.00714087514356774,3,0.9250038742783069,0.9550078554087057,-0.0007500995282599711,0.04963671970341147,-0.049780819000406124,-0.0033865259894961548,0.002030426229970814,1.329208361139175e-05,8.203020663031364e-06,2,32,0,0.0011152019346282608,0.000493448286050932,0.0013138691429048777
LR_a0p7_q0,5000000,4,3,64,True,0.05,1000,-0.005314481786072862,4,0.8065612838081938,0.8838116460070506,-0.001931259054971421,0.049069345847947664,-0.04943888802075794,-0.008741281657537955,0.005248305720405444,6.33960138657474e-06,3.4118293822002976e-06,5,32,0,0.0028789654344555196,0.0016809507526970684,-0.0009608601103536785
LR_a0p7_q0,5000000,4,4,62,True,0.05,1000,0.0005374601859180488,16,0.6205945593642936,0.8129047100376783,-0.004807753766834617,0.04813878752332075,-0.04909488254158697,-0.01710905955510607,0.00844964703970304,1.3928671405769995e-05,1.4710563298720118e-05,16,32,0,0.00562796673474283,0.0011666055785536432,0.0010052267462015152
LR_a0p7_q0,5000000,4,5,28,True,0.05,1000,0.027327515605311527,31,0.944515093235985,0.960960838420758,-0.0004111436296193212,0.04972989403040712,-0.0498124644740184,-0.002504139368607843,0.0017644225529805028,3.808260410948013e-05,6.106350052487486e-06,31,32,1,0.0008241120814348312,0.00024936277369632,0.0005474942736327648
LR_a0p7_q0,5000000,4,6,16,True,0.05,1000,-0.006474295454874644,7,0.9031103509209352,0.907935035787576,-0.00012061712166601748,0.04949705252848071,-0.0495817984715171,-0.004341534982433948,0.004185046682138308,5.887975383179042e-06,6.96826962515835e-06,7,32,0,0.0014675728696799146,0.0010023736913082845,-0.006117304787039757
LR_a0p7_q0,5000000,4,7,13,True,0.05,1000,0.001363813613591489,24,0.7664822255561899,0.8757435782295789,-0.002731533816834726,0.04886872135307479,-0.04939963562567452,-0.010544610075265293,0.005612456714195585,8.645905426338757e-06,4.841570843284207e-06,22,32,0,0.003468334534128285,0.0015157053737017768,-0.00019718405383173376
LR_a0p7_q0,5000000,4,8,61,True,0.05,1000,0.0017486882100086123,31,0.8591403323997054,0.9325804901320742,-0.0018360039433092234,0.049312907179144785,-0.049668974566296986,-0.006355890559159532,0.003039950059693288,6.2407431298647735e-06,3.171636410619395e-06,31,32,0,0.00209070892831212,0.0008348034501186193,-0.00032800089684315026
LR_a0p7_q0,5000000,4,9,83,True,0.05,1000,0.006152613959302164,19,0.8568738354249419,0.8932791249953222,-0.000910132239259509,0.049291342312111214,-0.04944384048187883,-0.006447650540864097,0.004779884232112747,1.0234699556309513e-05,6.195370390435585e-05,17,32,1,0.0021366363685594233,0.000841080725621087,-0.0038662157021462917
LR_a0p7_q0,5000000,4,0,46,True,0.05,2000,-0.0010208666366038944,14,0.5398336327260054,0.8152238407316353,-0.006884755200140747,0.0478356142251891,-0.04904480948497531,-0.020843932588888843,0.008283617448393534,3.977013097257046e-06,0.001379670634180308,14,32,0,0.006912271894684234,0.002373171219785325,-0.004920768551528454
LR_a0p7_q0,5000000,4,1,82,True,0.05,2000,0.002232807180876153,18,0.819104458074969,0.9013077266810966,-0.0020550817151531904,0.0490616897993863,-0.0495721049955981,-0.008106466895637824,0.0045067186615432835,9.36451577669626e-05,5.8462993051063856e-05,18,32,0,0.0028022562110860652,0.0013856316063679118,-0.004535550717264414
LR_a0p7_q0,5000000,4,2,92,True,0.05,2000,-0.00714087514356774,3,0.8595715318859102,0.9093431227627193,-0.0012442897719202282,0.04931738435907569,-0.04955883678538753,-0.00633880776478016,0.004091680647251556,2.5883975530195283e-06,3.2808621023424285e-06,2,32,0,0.002085838836721247,0.00017917868932701913,0.0013138691429048777
LR_a0p7_q0,5000000,4,3,64,True,0.05,2000,-0.005314481786072862,4,0.6738182805574325,0.779854113149008,-0.0026508958147893856,0.04841306248426022,-0.04893124606330878,-0.014722148456388575,0.009938540405858398,2.5397687363923206e-06,6.658701824272597e-06,5,32,0,0.00484980326285145,0.002214250150217623,-0.0009608601103536785
LR_a0p7_q0,5000000,4,4,62,True,0.05,2000,0.0005374601859180488,16,0.3666941363067186,0.6483559928170031,-0.007041546412757114,0.046874917415779434,-0.04829383966622353,-0.02854021060044351,0.01587604002537337,0.00018958497255591944,0.00018874822510569407,16,32,0,0.009655326322841799,0.0019124083961908269,0.0010052267462015152
LR_a0p7_q0,5000000,4,5,28,True,0.05,2000,0.027327515605311527,31,0.8976230397977266,0.9270133302622582,-0.0007347572616132891,0.04950053734018701,-0.04964756488035537,-0.0046193853503007035,0.0032968983672424608,1.7011575581247344e-05,5.57927323021892e-06,31,32,1,0.0015194712432060385,0.0010128652537229976,0.0005474942736327648
LR_a0p7_q0,5000000,4,6,16,True,0.05,2000,-0.006474295454874644,7,0.8329347766010051,0.8220595102183229,0.00027188165956705534,0.04912161677955606,-0.04919192751230283,-0.007474877949505789,0.00808895200138667,3.540921920090922e-05,7.471477793028886e-06,6,32,0,0.002627127054167238,0.001398067094606102,-0.006117304787039757
LR_a0p7_q0,5000000,4,7,13,True,0.05,2000,0.001363813613591489,24,0.6028389266614478,0.773918175507994,-0.004276981221163656,0.048072744113359864,-0.048906695800930496,-0.017930797780287493,0.010210787025530783,0.0010272107181763307,0.0010275553264543734,20,32,0,0.009708415812619003,0.00231060404789963,-0.00019718405383173376
LR_a0p7_q0,5000000,4,8,61,True,0.05,2000,0.0017486882100086123,31,0.7554889173471666,0.8785035425996829,-0.003075365631312903,0.048808475108935205,-0.04940412775077847,-0.01103402924157689,0.0054789506207943255,4.9635265760233026e-06,2.7318107983626307e-06,31,32,0,0.0036299506245624337,0.0008062146073339171,-0.00032800089684315026
LR_a0p7_q0,5000000,4,9,83,True,0.05,2000,0.006152613959302164,19,0.7052513675892288,0.8066604873095397,-0.0025352279930077708,0.04855283031404273,-0.04898050091400349,-0.0132902619345813,0.008647476548526503,0.0004099547256553631,0.00036417492213278017,17,31,1,0.004843973051408207,0.000759346208797997,-0.0038662157021462917
