zbar_cur,sigma_cur,between_cur,pos_frac,zbar_inv,sigma_inv,between_inv,pos_frac_inv,var_off,var_wid,var_cross,rowmean,rowmean_sd,cnorm,bias,bias_sd,star,star_sd,eps_max,w2col,gate_mean,ce_probe,alpha_med,acc,gbar,gvar_mean,gbar_var,pooled_var,g3_ident,cov,cov_abs,cov10,cov50,q10_med,hard_dead,gmin,gmax,gcorr,gcorr_degenerate,task,step,clamp,correct_seq,acc_seq,ce0,ce20,correct_fresh,acc_fresh,param_sha,fresh_param_sha,secs,vmrss_kb,maxrss_kb,cpu,arm,seed
0.1761209785690776,0.8039646892416947,0.22476420440804662,0.558984375,0.015534154907524854,0.2954963245635259,0.23561011117461306,0.50817138671875,0.02462980663715978,0.06365766626183603,-0.0009693950684431617,-7.212380326081282e-05,0.004713887488192117,0.981749269429985,0.012351454571034991,0.02959430896824064,0.004963249982589149,0.48527565148324703,0.157689864631275,0.6995743967766245,1.058510009680176,0.21995393931865692,0.8510575890541077,0.9075000286102295,1.0585100092645734,0.42392572833436076,0.06505027104909299,0.48897599938345254,1.2212453270876722e-15,0.1994140625,0.1994140625,0.12138671875,0.29654296875,0.07588528394699097,0,0.0,2.0,0.1589708271255487,0,1,625,ref,9075,0.9075,2.2952215671539307,1.5670424699783325,9075,0.9075,772682effe0d4d5dbc6e9ddd5e2094802487c288cc40e2f395c0329abdbaa2d2,772682effe0d4d5dbc6e9ddd5e2094802487c288cc40e2f395c0329abdbaa2d2,5.137854155967943,1019876,1070068,12,SNA,11
-0.2403388999422556,1.011136395100054,0.7000441455126452,0.4084375,-0.15272850630936477,0.4012734231047972,0.38317870883451066,0.3992431640625,0.042160738588101626,0.11825454359217892,0.0006050779099610325,-0.0016863975814400511,0.005933120004580785,1.342397889843939,0.014203779812669381,0.03718697644993868,-0.1585470983417137,0.6050245876370299,0.17075710244508924,0.7438432279476801,0.917191114333691,0.18531110882759094,0.6579990983009338,0.9236000180244446,0.91719111472019,0.43474282106928014,0.056758063869214635,0.491500884938492,2.7755575615628914e-15,0.26181640625,0.26181640625,0.16462890625,0.37724609375,0.048500442504882814,0,0.0,2.0,0.05918171812824716,0,2,625,ref,9236,0.9236,4.4177374839782715,0.8341274261474609,,,dbf51f60145253b8fa633a15db2157ddda35d894c6304e59821411513f8fe87f,,6.7921370239928365,1027412,1070068,17,SNA,11
-0.43960475029889423,1.0264725645819408,0.5547573227648104,0.32693359375,-0.28956204460700613,0.46210498313014287,0.38347150313393025,0.34139648437500003,0.05149122388862845,0.1623881967370771,-0.0003384051919959945,-0.0030169521717469784,0.00611258367327599,1.574155104647342,0.015022040328476578,0.04334926920838252,-0.2940279386059191,0.6191252136836414,0.22836103525818918,0.7780106602765952,0.8119377741485369,0.21014459431171417,0.6458167433738708,0.923799991607666,0.8119377738120965,0.4143688298457671,0.05318350888178594,0.467552338727559,5.9396931817445875e-15,0.3110546875,0.3110546875,0.1966796875,0.4398046875,0.027708321809768684,0,0.0,2.0,0.17400225295620564,0,3,625,ref,9238,0.9238,4.001025199890137,1.2196794748306274,,,aa519cd5621983f120932b1b9942bbe4d0ee3be63c2a9853e6da81403fe21a55,,7.897383762989193,1065236,1070068,16,SNA,11
-0.5670187506349357,1.0761555934248588,0.9740399125234345,0.30482421875,-0.42362521374357853,0.5217508770630342,0.4504646367458487,0.30203857421875,0.06865139895132318,0.2043332567984471,-0.0007606780337247669,-0.004314472263608086,0.006583035040418028,1.7510596893078496,0.013510912976053079,0.04815804415622339,-0.42845418500195365,0.6688103780085233,0.2668252423566345,0.8089316102036895,0.782975868708454,0.21403168141841888,0.6240444779396057,0.9228000044822693,0.7829758683301042,0.39981609279164687,0.06254066125180813,0.4623567540434532,1.7763568394002505e-15,0.32716796875,0.32716796875,0.20888671875,0.45705078125,0.019934362173080446,0,0.0,2.0,0.16303034374464467,0,4,625,ref,9228,0.9228,4.2194390296936035,1.1055536270141602,,,25043b63ae1d3513b10068db861f03cc889248dba506c6e6176a14cd5a2b9a30,,9.12117492989637,1095860,1094996,10,SNA,11
-0.6131774262562523,1.082617936063127,0.610002325604679,0.28,-0.4776871914929477,0.5532773400037958,0.446254255306725,0.2873095703125,0.07460253736891591,0.23539207071239904,-0.003878793119639194,-0.004979470465996908,0.006521211723509013,1.8936714030156452,0.014417187689105049,0.05453410584841215,-0.4956688710267946,0.6635949300178356,0.2954448237355234,0.8378674153607464,0.7573302430927288,0.24243326485157013,0.6491138339042664,0.9175000190734863,0.7573302435816731,0.4094996410820853,0.03886946063660349,0.44836910171868966,8.326672684688674e-16,0.336640625,0.336640625,0.214453125,0.4694921875,0.02145634889602661,0,0.0,2.0,0.16888756503016655,0,5,625,ref,9175,0.9175,3.61314058303833,1.0079412460327148,,,ceaa80708499b565cb744b0cb7f42898af362f7c97f7e96cb934e2315efca013,,10.512367456918582,1034772,1094996,7,SNA,11
-0.5312524928195316,1.0996324076626722,0.758330290225841,0.3146484375,-0.5165778909783961,0.5890391540463773,0.4890940880224406,0.27723388671875,0.08430694186741489,0.2686954821472261,-0.006035299014969199,-0.005362400086042009,0.006879189504418237,2.0115920652657753,0.015180024395231157,0.05872868531983092,-0.5341325066912155,0.7007230098323323,0.27881243319284776,0.8577874204019156,0.7868707947409712,0.2080896645784378,0.5967838168144226,0.9259999990463257,0.7868707933428232,0.41001309332045915,0.0468496660616902,0.456862759382149,3.885780586188048e-16,0.319375,0.319375,0.2005078125,0.45357421875,0.024481391906738283,0,0.0,2.0,0.2698112866943874,0,6,625,ref,9260,0.926,2.7324135303497314,0.9120302200317383,,,ffadc9bb3a7d661b344022bd80a680d1a62318a053ea45ab3fc435fae38213f5,,11.573246708954684,1027460,1094996,7,SNA,11
-0.61542235987817,1.0967526524217233,0.83186467598615,0.28896484375,-0.5387611897742748,0.6183567421235866,0.5196269763913739,0.27527587890625005,0.09209863563943262,0.2982087420853705,-0.007942317195107388,-0.0055781514549462586,0.007210688843288944,2.120716235452249,0.01632417040062137,0.05945350054280735,-0.5550894588203427,0.7351136130786653,0.2627095430844422,0.883126577862933,0.7631417165230959,0.21669785678386688,0.6538720726966858,0.9168999791145325,0.7631417161691934,0.4020433624469602,0.04683528715855952,0.4488786496055138,5.88418203051333e-15,0.33234375,0.33234375,0.20921875,0.4665234375,0.02089005708694458,0,0.0,2.0,0.23359529949307944,0,7,625,ref,9169,0.9169,3.9009435176849365,1.174278974533081,,,32756e636b73305e7a2da296724d1ea20e4fa024c9dd76630f1d18eb441828a4,,12.510167401982471,1065276,1094996,7,SNA,11
-0.7560300440763519,1.1661339476512615,0.9233578753996471,0.2602734375,-0.5785575650338044,0.6538006409037295,0.601513992441948,0.2777734375,0.10688381906203194,0.3291315357119231,-0.008560076727827676,-0.006100066433026849,0.007696827010730802,2.243104563960124,0.018742204923182727,0.06538819886436485,-0.6061352526248812,0.78652436056399,0.2707883926038315,0.9124033466375494,0.7276667360530701,0.1897849589586258,0.5939905047416687,0.9325000047683716,0.7276667366479523,0.39750060417209326,0.034035956466369484,0.43153656063846213,6.106226635438361e-16,0.346484375,0.346484375,0.21931640625,0.48734375,0.019431287050247194,0,0.0,2.0,0.20931266721686578,0,8,625,ref,9325,0.9325,3.680403709411621,1.2459819316864014,,,297c0fdc42cfebc6b6616ea04dd1609352d3e893eb44d10defd4b95689b53294,,13.526010141009465,1095908,1095108,7,SNA,11
-0.6299702889899428,1.137090200767616,0.8555190276163386,0.28845703125,-0.5822320242645513,0.6792025815013045,0.6270278151672405,0.2756298828125,0.10917942541109343,0.36031404572688513,-0.008177324419942426,-0.006122053571168132,0.007813064169896026,2.342570267217484,0.023641300046583637,0.06741155129202632,-0.60348847182155,0.8017129424701853,0.29329323129066376,0.9285781414811919,0.7609888396586757,0.21555784344673157,0.6044684648513794,0.9302999973297119,0.7609888410801068,0.39927022446192717,0.05088050554545528,0.45015073000738715,4.718447854656915e-15,0.3348046875,0.3348046875,0.21359375,0.46916015625,0.01889309883117676,0,0.0,2.0,0.2366190002626892,0,9,625,ref,9303,0.9303,3.417107105255127,1.0751159191131592,,,66b03b657793ee1d0a198770321ac44759506a112ced25c031f7d097d598667c,,14.567116011981852,1034792,1095108,7,SNA,11
-0.6475340783160983,1.1051490116547724,0.9266286378448104,0.27642578125,-0.5671179790375913,0.7018849000800125,0.7116888390045226,0.28610107421875,0.11950823300570317,0.3862067561568996,-0.013072576202273726,-0.006046875522567916,0.008442720169770964,2.425604870699883,0.026284050859103444,0.07152193404135439,-0.5931446462111584,0.8588209511622933,0.3863946072609359,0.9443369917082118,0.7403958720108494,0.1990455538034439,0.6217608451843262,0.9182000160217285,0.7403958718723151,0.3906090406321499,0.048005519381545604,0.4386145600136891,6.439293542825908e-15,0.34072265625,0.34072265625,0.21763671875,0.48021484375,0.01795467734336853,0,0.0,2.0,0.29415116954629095,0,10,625,ref,9182,0.9182,3.8058528900146484,0.9647508859634399,,,21a8c07a1a8fb4ed7c5885dc079a37aa5c35bbb1b45e568505fb2e7f1caaf387,,15.57306240091566,1027480,1095108,7,SNA,11
-0.6754725551742993,1.1689511272744824,1.0156144680345116,0.28455078125,-0.5577273650486818,0.7224546708257265,0.7050088480836209,0.2961181640625,0.11690811275672816,0.41528846244856354,-0.010255823807382967,-0.006007165416615998,0.008331376995373653,2.5080237892892514,0.025996073881397023,0.07517084597748208,-0.5893648068267592,0.8525845518828261,0.3320861185862838,0.9497321820553217,0.7428467788128182,0.16162052750587463,0.5855796337127686,0.9271000027656555,0.742846782214474,0.40323845999171354,0.03947208269109685,0.4427105426828104,0.0,0.34337890625,0.34337890625,0.2184375,0.47974609375,0.019151526689529418,0,0.0,1.9999998807907104,0.2546762337607546,0,11,625,ref,9271,0.9271,3.575904130935669,1.0342949628829956,,,d1991307b7a234443812c7a6e82215a06888c8e5753e2b556bd37855bae46049,,16.5200235809898,1065296,1095108,7,SNA,11
-0.8082003962560005,1.1739435476679798,1.0835006170242705,0.26123046875,-0.6379042929759899,0.7456880539034618,0.6777822032376993,0.26816406249999997,0.12145826606842801,0.43960800207754436,-0.005015594411640166,-0.006761742164115101,0.007992670402278516,2.5873820994301453,0.02511556024066522,0.08086391838868881,-0.6675425113553217,0.8245994550691059,0.33885511928960943,0.9660286080614765,0.7350730928499252,0.22590507566928864,0.5842682719230652,0.9207000136375427,0.7350730928394478,0.395727970864788,0.044651277766251836,0.4403792486310436,3.774758283725532e-15,0.34796875,0.34796875,0.22353515625,0.485390625,0.01802603602409363,0,0.0,2.0,0.2769057612201403,0,12,625,ref,9207,0.9207,3.605299711227417,1.136568546295166,,,38d55b54e85f707d87c66bc20eed14df36f3f77bb50f0e90bdce444cd81d4fb2,,17.56245902797673,1095924,1095124,7,SNA,11
-0.76683825095358,1.1792756242392914,1.172418467061753,0.270859375,-0.6530020977000679,0.7685702662749884,0.7923512291679593,0.27265380859375,0.131615355821191,0.46247408393925055,-0.003389185558435093,-0.006806920432891628,0.008510906479068341,2.6636644189943057,0.026619878252822672,0.08197813529307665,-0.6706661563398708,0.8742688595616016,0.4282531543556445,0.9840257035913496,0.727813854329288,0.15883275866508484,0.5687273740768433,0.9315999746322632,0.727813854853157,0.39362033506736266,0.03984391713165869,0.43346425219902224,8.881784197001252e-16,0.3488671875,0.3488671875,0.2205859375,0.48765625,0.019560909271240236,0,0.0,2.0,0.36361841255348515,0,13,625,ref,9316,0.9316,3.2050058841705322,1.0966877937316895,,,7bc21708b1488c590b526a62f6bb575a1b38c7dc67afe1e9690083977f2858c3,,18.520087111974135,1034804,1095124,7,SNA,11
-0.7816295778274059,1.237415797226335,1.4580607753434855,0.27474609375,-0.6916432897060797,0.7952175622794645,0.8616781452978566,0.2602294921875,0.14358128285574023,0.494970300651,-0.006180612149046225,-0.007252430193354094,0.008773255012823227,2.7400094828232544,0.022906094739300897,0.0857904937435001,-0.7200169848736541,0.9126049601976236,0.3995005862626737,0.9957619409461879,0.7290480596211273,0.16272734105587006,0.5807559490203857,0.9301999807357788,0.7290480597887654,0.39989910362805603,0.036973369888871586,0.43687247351693154,3.941291737419306e-15,0.35025390625,0.35025390625,0.2221875,0.48970703125,0.017396026849746705,0,0.0,2.0,0.2576786231684944,0,14,625,ref,9302,0.9302,3.936276912689209,1.0296398401260376,,,729d7d88abf8f98f7e2517f2ffd62b14888b577a492a63ae5a0bff57025f8e9a,,19.551091173896566,1027492,1095124,7,SNA,11
-0.7521096564803103,1.2256228951029788,1.4067534377171438,0.2795703125,-0.6507446909076313,0.8144417207066114,0.9937746256062517,0.28184814453124996,0.14980095004766858,0.5204216142458877,-0.006907247866010293,-0.0068573427651965144,0.009389207900525809,2.8056810936854073,0.022249287954182365,0.0869609364352597,-0.680201900028273,0.9749851941627022,0.4224274514610933,1.006376239527462,0.7484319893550128,0.19214805960655212,0.5450502038002014,0.9229999780654907,0.7484319883398711,0.3992028101847188,0.04201335540955904,0.4412161655942768,1.0547118733938987e-15,0.337578125,0.337578125,0.21693359375,0.47318359375,0.019569432735443114,0,0.0,2.0,0.2812594757450751,0,15,625,ref,9230,0.923,4.4433674812316895,0.9999286532402039,,,2235b5d61a716a68082e48a93fa220888663e28436104ca100451d78127662c5,,20.50535215891432,1065308,1095124,7,SNA,11
-0.7484449540317166,1.2381148952607344,1.7713677698462371,0.287734375,-0.6254063585023818,0.8371983297853656,1.1767532257145712,0.299697265625,0.1672926753405309,0.5416178765477504,-0.008009508492875688,-0.006679738689114645,0.010312419621667677,2.8696811263835214,0.021262079721782356,0.08708727701677522,-0.6629957353309386,1.0693306084281475,0.46524793040339796,1.0163321444120783,0.7505847879278008,0.2064688354730606,0.5323337912559509,0.921999990940094,0.7505847867764532,0.3896298004460769,0.062247258140014514,0.4518770585860919,4.440892098500626e-16,0.34384765625,0.34384765625,0.219765625,0.479453125,0.017226296663284305,0,0.0,2.0,0.3478348237607586,0,16,625,ref,9220,0.922,3.7050130367279053,1.0528415441513062,9160,0.916,00d49f31fb99b254ce597b5c88a6fa8e8a5a69c996964f922017b8bb944b1c54,,22.35119670990389,1095940,1095140,7,SNA,11
-0.6570982842507491,1.2542269326550497,1.2552659594218036,0.31306640625,-0.6378556698503979,0.8514650130637937,1.1807288167520575,0.29644531249999995,0.1678952395660274,0.5656464487634472,-0.008549019857748072,-0.006757960509075978,0.010287790390210869,2.935590941357605,0.020714438853901812,0.08776170337332072,-0.6715562482747002,1.0726169707946687,0.4403043518188463,1.0315028008305196,0.7816189763462171,0.1845439225435257,0.5424191951751709,0.9323999881744385,0.7816189731273334,0.4076177244914453,0.045470983459379825,0.4530887079508245,6.106226635438361e-16,0.31978515625,0.31978515625,0.203046875,0.45431640625,0.022584265470504763,0,0.0,2.0,0.2657378828576366,0,17,625,ref,9324,0.9324,4.422652244567871,1.2103852033615112,9180,0.918,d95449c811caec2a63c9ad236e402a17e8e06e008beeb651a186455ec81793d8,,24.02995016099885,1034828,1095140,7,SNA,11
-0.7827327258607706,1.2731846704758047,1.5294759369485067,0.276875,-0.7314811820161623,0.8810675246189871,1.3227182154476629,0.27436279296875,0.1916936955195193,0.5883639890427821,-0.0037777016240721694,-0.007669732385468384,0.010684549253096334,3.0002424319418908,0.019341976615833117,0.09068627928059997,-0.7663286264381448,1.1209454962872785,0.4406165291127532,1.0396880288312083,0.7338450893026311,0.23425626754760742,0.532722532749176,0.9114999771118164,0.7338450865936466,0.39235108331627366,0.03906487423993306,0.43141595755620726,5.551115123125783e-16,0.34349609375,0.34349609375,0.21900390625,0.480234375,0.018900662660598755,0,0.0,2.0,0.32023193695596824,0,18,625,ref,9115,0.9115,3.3823366165161133,1.0088036060333252,9193,0.9193,3e2d3c517a059d766688286b4d790c25911f01e5e4f3d5fd8e3222726124f4a0,,25.96552602900192,1027516,1095140,6,SNA,11
-0.7268540708010146,1.292485220444672,1.6860821533323094,0.30060546875,-0.7272319391859934,0.9028953546838159,1.4441803727363194,0.2868505859375,0.20494087126568128,0.6147163846240431,-0.004437234380110982,-0.007668492582300488,0.011230888668838809,3.0629328394084063,0.019582849482540042,0.09126903787427301,-0.7659607508477919,1.1722134236502342,0.4269195730314966,1.0476036554672183,0.7636111971468199,0.23609080910682678,0.5543702244758606,0.9189000129699707,0.7636111964355223,0.40604202997114336,0.03946441680533723,0.4455064467764773,3.2751579226442118e-15,0.32951171875,0.32951171875,0.211328125,0.4625,0.022774416208267215,0,0.0,2.0,0.28065161939272987,0,19,625,ref,9189,0.9189,5.68745756149292,1.1189528703689575,8972,0.8972,8cee86278d3d8f074e570d95c3eb8f6400adb56fb97aab969eb73490f852a532,,27.76142442494165,1065332,1095140,6,SNA,11
-0.7695432446848354,1.2872072217558175,1.8576375805681136,0.291875,-0.7176093619021195,0.9242178906273667,1.5959129293413625,0.29514160156249997,0.21751837110305636,0.6405240511265592,-0.003863712873916475,-0.007519415953962925,0.011821461759411928,3.122891274702301,0.019584062068606727,0.09504626677858244,-0.7506884546566258,1.2403503976654262,0.4281799798237134,1.0614083739611726,0.7511149272241164,0.23257790505886078,0.5444099307060242,0.9133999943733215,0.7511149295745417,0.38485821771274814,0.05646980043879754,0.4413280181515413,4.3298697960381105e-15,0.33572265625,0.33572265625,0.21189453125,0.47166015625,0.019486123323440557,0,0.0,2.0,0.292427856024245,0,20,625,ref,9134,0.9134,4.240540981292725,1.184835433959961,9130,0.913,e6ff48f85cbeec52d590356f01bdf845167ea46b98951792eb23957e5219870d,,29.839087061933242,1096100,1095416,18,SNA,11
-0.7124223659985681,1.2686687672199009,1.8741383324790692,0.30296875,-0.7082846726210584,0.9389067291184536,1.7082799011378,0.30548095703125,0.2251150630352894,0.6611076585115093,-0.004676875562885481,-0.007433888728454137,0.012160638447982366,3.1767547764741924,0.020123104099184275,0.09588223136759742,-0.741388190791198,1.2777955911493486,0.42658442495378773,1.068091491456263,0.7823868500895332,0.1952936053276062,0.5443366169929504,0.925599992275238,0.7823868485284038,0.40554474562863296,0.05049525300400738,0.45603999863263284,7.494005416219807e-15,0.32365234375,0.32365234375,0.20521484375,0.45427734375,0.0206653892993927,0,0.0,2.0,0.3139819934809084,0,21,625,ref,9256,0.9256,3.8392677307128906,1.2487678527832031,,,bbcb9baf3d2eb6fcd45d35875400185fdd93c8cca6f476f5d6876252baedc8a3,,30.96435978298541,1034984,1095416,4,SNA,11
-0.8431718868393595,1.3055845943638897,2.0997014499692206,0.28244140625,-0.7760988563217972,0.961683199362929,1.7594656020768142,0.28718994140625,0.24275131781923798,0.6887148852863142,-0.006631627168633017,-0.008014014804024628,0.012443245229051042,3.233092561002946,0.017794235134497283,0.0969068001903043,-0.8031439055353252,1.3066043747814844,0.4657173628248068,1.0756065276859066,0.7460288861603476,0.2621212303638458,0.5338815450668335,0.9053999781608582,0.7460288850252982,0.39121594626306305,0.048909088411163405,0.4401250346742273,8.326672684688674e-16,0.33896484375,0.33896484375,0.216328125,0.47625,0.020762598514556887,0,0.0,2.0,0.34111695966239214,0,22,625,ref,9054,0.9054,4.363961696624756,0.9642631411552429,,,79da44e5267655621966f1b9837079adadc2a1445d0cf2f8ebec5e3b5df202a3,,32.035391871933825,1027672,1095416,6,SNA,11
-0.9262494737569648,1.3496056281112163,2.625764200541779,0.27615234375,-0.8559765435596054,0.9917052341143558,1.9906504933709008,0.26720947265625,0.27927134934170517,0.7130375644373654,-0.008829642409261375,-0.008710521061298911,0.013271822926055148,3.2880478519977534,0.016756117921031547,0.09943730809709306,-0.8755305996848474,1.3977590210140647,0.4941193984290879,1.0853127669079463,0.751995705019217,0.22438374161720276,0.5185362696647644,0.9197999835014343,0.7519957073149272,0.3981817083338761,0.042087952738893576,0.4402696610727629,6.827871601444713e-15,0.33525390625,0.33525390625,0.210625,0.47275390625,0.02139730453491211,0,0.0,2.0,0.2998405293719624,0,23,625,ref,9198,0.9198,4.083463191986084,0.9981757998466492,,,8f08419be4a21b3854f8c8df7d8425e05d9b4149f49b2adebf8942217a47d991,,32.97263639699668,1065484,1095416,6,SNA,11
-0.8173034347338308,1.3257771880713602,2.0051849179185903,0.2900390625,-0.8445458371200182,0.9897914308403651,1.7834665382644437,0.26869384765625,0.25595356520746176,0.7342096429229976,-0.010476131565442089,-0.008619135783574846,0.01251730766875954,3.3359395445417364,0.016010981989384162,0.10016636554466586,-0.8669144277309995,1.3247045273399587,0.43758903300325275,1.0897431906579562,0.7522620288655162,0.2159111350774765,0.5070735812187195,0.925000011920929,0.7522620306641329,0.40029244087915467,0.048561391576310745,0.44885383245547084,5.440092820663267e-15,0.33859375,0.33859375,0.21884765625,0.4759375,0.01824011206626892,0,0.0,2.0,0.35467154705135717,0,24,625,ref,9250,0.925,3.981935501098633,1.0559242963790894,,,34e2747d7394255ada09b54b95dc243e834c3cd592d8bee65f8d85ba193b3388,,33.91701884800568,1096120,1095416,6,SNA,11
-0.8256515477053844,1.3573721628581314,2.0970913263669915,0.29892578125,-0.8424151009677613,0.9983792501835321,1.6979410765193252,0.27259765625,0.24403046845346332,0.7607642450472432,-0.008033586303674602,-0.008576386496300542,0.012110271891508909,3.3891512744855006,0.016128015515423613,0.0999926206594507,-0.8624182507583691,1.2824434038714398,0.4706010748676343,1.0964015301309111,0.7603106234339065,0.19277386367321014,0.5116350650787354,0.9294000267982483,0.7603106234245933,0.3940924949697948,0.05100103587864327,0.4450935308484437,5.662137425588298e-15,0.332421875,0.332421875,0.21095703125,0.46591796875,0.021059882640838624,0,0.0,2.0,0.3399948617318396,0,25,625,ref,9294,0.9294,3.7925853729248047,1.2449488639831543,,,0c92cb5432f3af90bb557f02e38f3d3bd226205eb7a37f65fce6f134b1dbf9da,,34.770937380963005,1035008,1095416,7,SNA,11
-0.7064030071039781,1.338139509325386,2.2172642705467798,0.31373046875,-0.7959340041630247,1.0131538921974157,1.8591264435910704,0.29496093749999996,0.2503138445580916,0.7796874495225609,-0.003520484805880179,-0.008089184926710733,0.012666818713971049,3.4379411562482347,0.01743549207400065,0.10030149641580464,-0.8112029114803951,1.3376687651855026,0.47886162647758257,1.1036813318536451,0.784291803073138,0.21075201034545898,0.5234569907188416,0.9240000247955322,0.784291802739026,0.40351398014638484,0.047072591113069585,0.45058657125945895,4.496403249731884e-15,0.317578125,0.317578125,0.20212890625,0.4500390625,0.025160038471221925,0,0.0,1.9999998807907104,0.3049783246519742,0,26,625,ref,9240,0.924,3.9748375415802,1.2229232788085938,,,0c5f740a652d9c1ad0987096def4fa88d061dfef1ff3b94010f7efaa0937d7ba,,35.704861795995384,1027696,1095416,7,SNA,11
-0.8136551379710855,1.351523058776433,2.5055548662491556,0.29439453125,-0.8292855814395146,1.0283590649152643,1.8742697049559225,0.28325927734375,0.26054766113667993,0.8042149858998683,-0.0072402806431513455,-0.008362765374666634,0.012852328983786325,3.488815924186978,0.015037935229483991,0.10221701074566598,-0.8416254507788677,1.3553787811111266,0.4969806868146984,1.111691627742362,0.7731608822883572,0.18459448218345642,0.5137693285942078,0.9269999861717224,0.7731608806655277,0.39756657575108745,0.056347424490215924,0.4539140002413057,2.3314683517128287e-15,0.3272265625,0.3272265625,0.20716796875,0.4617578125,0.018693250417709355,0,0.0,2.0,0.29936889496204255,0,27,625,ref,9270,0.927,4.230747699737549,1.1306155920028687,,,c4094b149606c9141195a36e7b2e1180a6d0bc8c0ac930548334d47b39bc3fab,,36.657590864924714,1065516,1095416,7,SNA,11
-0.864674603701762,1.363361315310388,2.1503345547174653,0.2858984375,-0.7849121286799415,1.0362315289989863,1.8948767684780607,0.2981591796875,0.2519254965721162,0.8271550667780846,-0.005304781658624351,-0.007871620957631876,0.012859826879114649,3.533326013111562,0.013974880001042038,0.10479550909935079,-0.7923767466231877,1.3592339769328021,0.5702194318443281,1.113438488067003,0.7462168914696667,0.22939243912696838,0.509989321231842,0.9204000234603882,0.7462168905860744,0.38977241902972715,0.046193254927150325,0.43596567395687436,3.1086244689504383e-15,0.33765625,0.33765625,0.21345703125,0.4730078125,0.018807703256607057,0,0.0,2.0,0.29307566947285796,0,28,625,ref,9204,0.9204,4.162250995635986,1.192678451538086,,,c82829c8e0ec7a18af6e169c84eda286b9935594bb9d165bb068385568789aaa,,37.600762496935204,1096144,1095416,7,SNA,11
-0.9517876095667046,1.4199065266408724,3.025213772938587,0.26873046875,-0.9004537815047727,1.065198756892223,2.1309216197410636,0.26751220703125,0.2955491092724259,0.8459938825348461,-0.006894600122535424,-0.00890694126458508,0.013688312844770505,3.5783255210586935,0.01162823629216291,0.10733700480832119,-0.900779337141778,1.446182953251293,0.5324835721768943,1.1226430067000337,0.7373035174468532,0.23395533859729767,0.4909025728702545,0.9207000136375427,0.7373035169637296,0.3880452241378758,0.045118518555546806,0.43316374269342006,2.55351295663786e-15,0.34087890625,0.34087890625,0.21798828125,0.47876953125,0.01805086135864258,0,0.0,2.0,0.3321854710791946,0,29,625,ref,9207,0.9207,5.197048187255859,1.0009223222732544,,,15f553ef6304323160b5328acdb2f2ef92f7fbcbeda2f24841e9906e4361b501,,38.583107354003005,1035024,1095416,7,SNA,11
-0.8183693042454254,1.3894761313144766,2.3420430668065926,0.29859375,-0.8969703038476249,1.070637400850063,2.0927252230304747,0.27084716796875,0.29373041847655357,0.8638350480586966,-0.01130102243627183,-0.00888412360011237,0.013643118138514232,3.6212010768037572,0.010906776315532624,0.11010327265474942,-0.8991634054982623,1.4432724084341935,0.5342982281937068,1.124552519150073,0.7702688103495166,0.2136189192533493,0.49460306763648987,0.9251000285148621,0.7702688123995904,0.3967768344394521,0.04670570205390107,0.44348253649335007,3.1086244689504383e-15,0.322421875,0.322421875,0.20177734375,0.4591015625,0.026789331436157228,0,0.0,2.0,0.45776184757499494,0,30,625,ref,9251,0.9251,3.0083742141723633,0.956071138381958,,,b0ef808abd43c23b2db00b73ca0a8aaafbf7f126c98bbbba107a32a7c77998cf,,39.509553520940244,1027712,1095416,7,SNA,11
-0.8835728012068857,1.4407102301641441,2.8833511879166753,0.29734375,-0.9002270637056281,1.0848400804916503,2.152772070891867,0.276630859375,0.30371158147340177,0.887920248063428,-0.014753829295699633,-0.008920358560987066,0.013946201244321534,3.668431450920616,0.009999522906728089,0.11216602807603417,-0.9037824890115954,1.4730812680977927,0.5069207142661196,1.1330688024786704,0.7760649282450323,0.19259163737297058,0.4727649688720703,0.9225000143051147,0.7760649311938324,0.40424443533111637,0.050099164670203145,0.4543436000013187,8.326672684688674e-16,0.32494140625,0.32494140625,0.20447265625,0.46083984375,0.022930461168289184,0,0.0,2.0,0.3931495451527969,0,31,625,ref,9225,0.9225,3.4630651473999023,1.0490244626998901,,,0a75860f70d9efd27d8c28f36b7cc40d945cb877ba25e70ec7c6ba2d1b50e772,,40.430196817964315,1065528,1095416,7,SNA,11
-1.0354918099406636,1.4646221663879726,3.8975015002093905,0.2668359375,-0.9290109651552716,1.113560053264477,2.5361357165945377,0.27387939453125,0.3443437876818406,0.9079789641886932,-0.01230675964414915,-0.009217475762364312,0.01502577681092431,3.715808632421455,0.008932186828460545,0.11540222254088864,-0.9352858610623898,1.5883557619136028,0.5557679739475565,1.1375035002861758,0.7379985267855227,0.226754292845726,0.48419731855392456,0.9189000129699707,0.7379985262162517,0.38890469243637155,0.04678045714506071,0.4356851495814288,3.4416913763379853e-15,0.34283203125,0.34283203125,0.21771484375,0.48037109375,0.018373382091522217,0,0.0,2.0,0.3158635835750084,0,32,625,ref,9189,0.9189,3.9412050247192383,1.030574917793274,,,eeb7f93ff4d5ed64833dfe0d3664717d1d85938dd46b9ce9688d6f679a67f21a,,41.33689139492344,1096160,1095416,7,SNA,11
-1.0093880615604853,1.4734416047553587,2.786741663876853,0.27619140625,-0.994399150774155,1.1206030488950527,2.2704654024832904,0.25293701171875,0.3375364953174639,0.932544997838312,-0.014330299962888276,-0.0098918252890801,0.014378620244547013,3.7605616374337383,0.0077623615923221225,0.11852342010309302,-1.0055345762383894,1.5212858005877645,0.5441396153798324,1.145940416370926,0.7435988241119776,0.2114487737417221,0.4700469970703125,0.9186000227928162,0.7435988227371126,0.403043275798283,0.04200544019495687,0.445048715993241,1.1102230246251565e-15,0.3484375,0.3484375,0.22076171875,0.4808203125,0.019534999132156373,0,0.0,2.0,0.3955606800165701,0,33,625,ref,9186,0.9186,3.84440279006958,1.0436025857925415,,,0965cd23102b69efbc2e747188c375c58540f9819f07c2201c2cd4de900efb46,,42.32373110996559,1035048,1095416,6,SNA,11
-0.9915927665901779,1.4685399016321128,3.0739211363879257,0.26921875,-1.0022296946795086,1.1380902642034574,2.4952719101468572,0.25776611328125,0.3584220600117557,0.9516997921706235,-0.014872402707683635,-0.009890489656032092,0.015020595037437297,3.8014725958133173,0.005233285508584231,0.12167098795623378,-1.0079268329952524,1.5910050246653318,0.580745833047351,1.147061194467236,0.7272246099845506,0.23027819395065308,0.4768528640270233,0.9158999919891357,0.7272246086609084,0.3918169354689108,0.03931511825376663,0.4311320537226749,2.4980018054066022e-15,0.34625,0.34625,0.222578125,0.48646484375,0.017963749170303345,0,0.0,2.0,0.384643017994573,0,34,625,ref,9159,0.9159,3.7625820636749268,0.9899865388870239,,,905dcf77b3d0c0fd4b7fa4322f2f9dd52d22114e52d9b4d0ed4c95430536dc23,,43.71637479693163,1027732,1095416,10,SNA,11
-0.9653606676159395,1.4518334647430489,2.6017592056485856,0.26541015625,-0.9869519349266114,1.1432211964116124,2.443025849891904,0.26017333984375,0.3502844721670803,0.971758347678101,-0.015088115920383354,-0.009743358955748354,0.014871572144205035,3.844089639625383,0.004736254863673821,0.12083047964453393,-0.9933521166469178,1.5711807292344826,0.5749962351162753,1.1543697582031325,0.7147551219700836,0.18919892609119415,0.4838850796222687,0.9264000058174133,0.7147551222413313,0.3868654439863021,0.0358237099350405,0.4226891539213449,2.220446049250313e-15,0.35404296875,0.35404296875,0.2246484375,0.49228515625,0.018700075149536134,0,0.0,2.0,0.3080471310140382,0,35,625,ref,9264,0.9264,4.440583229064941,1.1771485805511475,,,611e1501383cd94d742224f79c0726f0126480f7cd16d9524a6e2116c16d9f87,,44.844014353933744,1065548,1095416,8,SNA,11
-0.9358269303739734,1.469288214112229,3.292059613166659,0.28291015625,-0.9820207994733434,1.158063451711967,2.5961552511279806,0.26260253906250003,0.3641757809907917,0.9936720946723375,-0.016736917472093892,-0.009743050057301845,0.015287419475182824,3.8865666510912824,0.004764217924675904,0.12430554624834882,-0.9932925107049713,1.6218880186642999,0.5460519202990859,1.1601098909631107,0.7517351350642275,0.23772025108337402,0.47568830847740173,0.9218999743461609,0.7517351356800646,0.39452435601168645,0.04028548172815408,0.434809837739839,1.4988010832439613e-15,0.3319140625,0.3319140625,0.2100390625,0.46767578125,0.020769339799880982,0,0.0,2.0,0.3199278802220324,0,36,625,ref,9219,0.9219,3.961761236190796,1.128948450088501,,,a2e5d96eeed34a4ac4035654344326d3530c77f500f4e1952d05b62c670ad39c,,46.159902989980765,1096172,1095416,8,SNA,11
-0.9722234280861027,1.4961289827353068,3.4648471090037196,0.27810546875,-0.9589039504386343,1.1726074972250489,2.8328509669369395,0.277119140625,0.3822551354279241,1.0093057460813302,-0.016552538960861847,-0.009477490886935204,0.015972607622325104,3.9268364967590075,0.006389180077239871,0.1272459382024554,-0.9644642482229483,1.6951499360142037,0.5399258015160959,1.1668508975102139,0.7321909038117156,0.19866611063480377,0.46076419949531555,0.9246000051498413,0.7321909035206773,0.38861768699863897,0.04324529725077372,0.43186298424940944,3.2751579226442118e-15,0.34283203125,0.34283203125,0.21923828125,0.482109375,0.017931872606277467,0,0.0,2.0,0.39083404162690905,0,37,625,ref,9246,0.9246,3.4335715770721436,1.116517186164856,,,8e7efde28fc15c7016e5d6daf0535bde4eedfb722e5efe71fd04f2e7cf0ebfa2,,47.20196630898863,1035056,1095416,8,SNA,11
-1.0254807115869213,1.519717443137762,3.0599215540362867,0.2660546875,-0.9818186243310967,1.1766873760106258,2.6764320969153736,0.2675,0.3647234561353413,1.030427657972242,-0.010557933244811593,-0.009626499485764032,0.015377156704706041,3.97030397113177,0.007061633531120606,0.12904801456489048,-0.979055909580151,1.6381915310788833,0.5136632292520725,1.1704699945697319,0.7197519171773457,0.20611591637134552,0.4671289324760437,0.92330002784729,0.7197519165906123,0.3959582132979811,0.036468446714857425,0.4324266600128348,3.7192471324942744e-15,0.35396484375,0.35396484375,0.2251953125,0.49423828125,0.017577409744262695,0,0.0,2.0,0.3237587415474249,0,38,625,ref,9233,0.9233,4.8832526206970215,1.318111538887024,,,cf972dee7b5f169d4f6b02134bc460116db461ff3121488db838b7be9765199f,,48.30765611096285,1027744,1095416,11,SNA,11
-1.05763255044354,1.5245334536486814,3.398337098443632,0.26880859375,-1.1048655694821097,1.2036058997598083,2.831604516640458,0.24598876953125,0.40018116851280866,1.0549917702902099,-0.006505776866401155,-0.010773453194018966,0.015654270535502602,4.008623478680504,0.004655428524129093,0.13242295112833385,-1.0989535427557438,1.673979383041571,0.5336781151649599,1.1709499890241843,0.7303744393656961,0.21944351494312286,0.45680245757102966,0.919700026512146,0.7303744411177467,0.3903912465519748,0.045493291883070476,0.4358845384350464,1.0547118733938987e-15,0.3490625,0.3490625,0.22216796875,0.48580078125,0.017516785860061647,0,0.0,2.0,0.3562654338793166,0,39,625,ref,9197,0.9197,4.40592622756958,1.0545594692230225,,,4ab037e3fb28f326fe3beac1f1e4704c22b5db11af19d9f8e977e6324a9d6f9b,,49.2938463249011,1065560,1095416,11,SNA,11
-1.0956418573154263,1.5528569570376851,3.8992349557544013,0.25767578125,-1.0811079578734495,1.2186633873227204,3.0971569746220458,0.25153564453125,0.42573717867145594,1.069949967098488,-0.010546694169057711,-0.010569316918023828,0.016506809587116204,4.048512787095635,0.004182688675355166,0.1335600804139981,-1.078515009172061,1.7633477515092288,0.5350260850705384,1.1724539363784847,0.7137563169316854,0.2616240978240967,0.4650028944015503,0.9059000015258789,0.7137563190492802,0.3890966901562901,0.03940985279263564,0.4285065429489313,5.551115123125783e-15,0.35748046875,0.35748046875,0.22935546875,0.4959765625,0.017501145601272583,0,0.0,2.0,0.33620201822014073,0,40,625,ref,9059,0.9059,4.531475067138672,1.1611231565475464,,,4413dd62fa85a29d5ed86f789611dcdaff558917865054699b0b8d9a4b5c2234,,50.34831603395287,1096196,1095416,10,SNA,11
-1.0416854522271024,1.5356200066377117,3.9909918902436443,0.275859375,-1.1233789212498844,1.24142336809801,3.3851140065758822,0.25099853515625004,0.46172807009436295,1.0899447001850004,-0.010540791419556076,-0.01099817800926627,0.01719603102896041,4.0837736785681376,0.002997371533419937,0.1363923459074679,-1.1236319180891194,1.8380645152017323,0.5767706758921821,1.1735517940171436,0.7377825390640647,0.17723704874515533,0.45151105523109436,0.9259999990463257,0.7377825387171469,0.395473129774091,0.03830926528748489,0.43378239506157584,5.551115123125783e-17,0.34052734375,0.34052734375,0.21806640625,0.4795703125,0.02202363610267639,0,0.0,2.0,0.40861313688067136,0,41,625,ref,9260,0.926,3.9291834831237793,1.0312350988388062,,,df2d3a47dfd2f834e8fcc37df085373197fea0163edb0c140b0d760a6051743b,,51.425665039918385,1035088,1095416,11,SNA,11
-0.9602478911449458,1.539350024018255,3.0044542536797536,0.287109375,-1.0237077246873936,1.237108735642053,3.366289156520196,0.2751953125,0.43554573926341594,1.107995902530467,-0.013103617992004888,-0.009997231501014585,0.01711992494396388,4.116888909210928,0.0045729346945881846,0.13764882392164784,-1.0195215848422476,1.8287009296557204,0.5830129707787495,1.1767645192994354,0.7352955907548312,0.2010347992181778,0.4352838397026062,0.9222000241279602,0.7352955922135151,0.3910488817116557,0.045102684692734,0.4361515664043858,3.885780586188048e-15,0.34591796875,0.34591796875,0.22140625,0.48208984375,0.02010706067085266,0,0.0,2.0,0.4228514618667862,0,42,625,ref,9222,0.9222,4.292269706726074,1.1432558298110962,,,bb4a4a7104374fdbed112d91f5c2c572a48e9e9a04fb3659e88fba0ca6b646ca,,52.382989536970854,1027772,1095416,11,SNA,11
-0.971058318860909,1.5799332797851966,4.157252381895354,0.29171875,-1.0039226922996405,1.2532709971087101,3.6219511654875167,0.28044921875,0.4548440841399146,1.1265193068699637,-0.010675198816017906,-0.009778895875978967,0.01774329420682496,4.148644066045647,0.006137604147661477,0.13824021255370675,-0.9955910917112958,1.89418932879847,0.5871423488763987,1.1765683086659877,0.7478932931926101,0.2081490010023117,0.4595825970172882,0.9168999791145325,0.7478932939481456,0.3962705766127817,0.04333764488801824,0.43960822150079826,1.6653345369377348e-15,0.3390234375,0.3390234375,0.21625,0.47310546875,0.01895207762718201,0,0.0,2.0,0.3606827456211263,0,43,625,ref,9169,0.9169,4.174964904785156,0.9842490553855896,,,2493b37c4f79633390751cd34ec9c51c3b9a11264b8f532e8b49de5935f88048,,53.36021405598149,1065588,1095416,11,SNA,11
-1.0896944929929975,1.5542103754681897,4.147783776639342,0.265625,-1.0640007341812219,1.2666882928571188,3.595617143114161,0.2639404296875,0.4702935308403232,1.147752148949693,-0.01354644852873415,-0.01035576748020328,0.01780873252652355,4.1837711452858874,0.00429643634473905,0.14094289584373418,-1.056525724370222,1.901409987714991,0.591615107936436,1.1805604595022985,0.7325786295149009,0.2090335488319397,0.4616556465625763,0.9236000180244446,0.7325786303752102,0.39996041250290587,0.03559235979889471,0.4355527723017997,8.881784197001252e-16,0.34546875,0.34546875,0.219296875,0.485859375,0.016757601499557497,0,0.0,2.0,0.2927264386074352,0,44,625,ref,9236,0.9236,5.016439914703369,1.2208147048950195,,,bd5604859a22b16beb831b30289964852b13d213ded8f70db7af910462916be8,,54.3178494439926,1096216,1095416,11,SNA,11
-1.0752743279671657,1.6062824797288358,4.073333577386358,0.27517578125,-1.1049424159294585,1.2756697949727787,3.5851794277274096,0.25923583984375,0.47729220926287114,1.166465755367922,-0.016424538824902083,-0.010799034304422115,0.01772256583251362,4.220160811292253,0.0038628855904971715,0.14218862641859134,-1.1023665586638054,1.8908919731522977,0.5706138100500862,1.1841527698313112,0.7330666317103897,0.2255982905626297,0.45493561029434204,0.9208999872207642,0.7330666327371728,0.40057049280802476,0.037354581064990476,0.43792507387301244,2.7755575615628914e-15,0.3481640625,0.3481640625,0.2209375,0.48513671875,0.01909622550010681,0,0.0,2.0,0.3804376898011142,0,45,625,ref,9209,0.9209,4.495983600616455,0.9932889938354492,,,a65c07dc2f272ffe651db3285f55e5abe578561aa46f3607d9aee57537b6080d,,55.19712974491995,1035100,1095416,11,SNA,11
-1.088386003240295,1.6186947800752542,4.537000370077817,0.28228515625,-1.0603323711220443,1.29222201807218,3.940851304658263,0.27465576171875,0.4933244212626715,1.1914183147292587,-0.014904992001393448,-0.01031234917905312,0.018407373626989937,4.262071714834322,0.004894172698259354,0.1456604580993504,-1.0514803122525698,1.9681374454243667,0.5594886660469818,1.1955009924725122,0.74326639416744,0.19605153799057007,0.44137468934059143,0.9230999946594238,0.7432663933630101,0.39410813949537427,0.04615325638641094,0.4402613958817902,4.9960036108132044e-15,0.34234375,0.34234375,0.2183203125,0.4784375,0.01718563437461853,0,0.0,2.0,0.4857572571249695,0,46,625,ref,9231,0.9231,3.3536033630371094,1.03985595703125,,,7fed2013201d2111b5411267bf6c6824c1c4fef10490dbdadbdaaa8718ed6034,,56.1846495809732,1027788,1095416,11,SNA,11
-1.0698999563974985,1.5793215248294823,4.22418256328115,0.276484375,-1.1067276794524414,1.298420430069645,3.7727170033800297,0.26465576171875,0.4855227022098079,1.2143907505005875,-0.01401783948815408,-0.010738863145633272,0.0179669835150992,4.288805943628666,0.00367056020302698,0.14604316732232273,-1.0963950822083774,1.9245408768681536,0.5615662368564666,1.1964534175063646,0.7421169728145469,0.20106075704097748,0.45017990469932556,0.921999990940094,0.7421169714664575,0.39556826660549244,0.04103420602658853,0.4366024726320785,2.4424906541753444e-15,0.3415234375,0.3415234375,0.21703125,0.47830078125,0.020377647876739503,0,0.0,1.9999998807907104,0.40841749556643736,0,47,625,ref,9220,0.922,4.3952507972717285,1.1486514806747437,,,6ad72f97a3f671e3c98aa3f2d0eceb8c9909d24f0bf2d952912792cae841defb,,57.10253534791991,1065604,1095416,11,SNA,11
-0.945794164427667,1.6108999951984395,4.742528790768174,0.30806640625,-1.058200995421146,1.308601513580541,3.9401426418579932,0.27989257812499996,0.48961279036702976,1.2357639766313366,-0.012938845653083444,-0.01026305977342793,0.01834383214771892,4.326366360067546,0.005808450966142118,0.14848521858994065,-1.0455169351249818,1.9678255737019923,0.6067125079093806,1.2012954186691112,0.7676457386102993,0.17653782665729523,0.4522301256656647,0.9232000112533569,0.767645736108534,0.40757826951447684,0.03947427583101522,0.4470525453454916,4.440892098500626e-16,0.3266015625,0.3266015625,0.209296875,0.46111328125,0.022270464897155763,0,0.0,2.0,0.39390796768203096,0,48,625,ref,9232,0.9232,4.081422805786133,1.0664223432540894,,,dbbfc188d9290626be65eeefe2c618cf433469f91213802d1d3f6b4916b6de7e,,57.98533245990984,1096232,1095416,11,SNA,11
-0.9353579827701136,1.6063427946177375,4.928170561986812,0.3033203125,-1.041691619849999,1.3241261024139657,4.193595339120734,0.282109375,0.508575186545964,1.251702172947501,-0.006967424399465307,-0.010032001412513062,0.018928739721077774,4.357958157980214,0.006910718401195481,0.15002018335719094,-1.0207455547878146,2.030332461437938,0.5863475924741868,1.2019727689808857,0.7615990662912373,0.21309183537960052,0.44818007946014404,0.925599992275238,0.761599066525232,0.40192437855000307,0.042660118329461344,0.44458449687946333,1.1102230246251565e-15,0.33037109375,0.33037109375,0.2085546875,0.4654296875,0.02278121709823609,0,0.0,2.0,0.42619540163913466,0,49,625,ref,9256,0.9256,3.963235855102539,1.0484555959701538,,,b16687faa7d16c093275d8326b39e16b3de1b8efc9977e858bd6154a4ce9891d,,58.89039138099179,1035112,1095416,11,SNA,11
-1.083389759409766,1.6478176086354437,5.079969344378604,0.28154296875,-1.1060989210349266,1.3458289073124585,4.447042554046444,0.27272216796875,0.5452253638216501,1.2767890753668414,-0.010758991430645683,-0.010635937598336621,0.019465050488741118,4.394913423719539,0.006539532288443297,0.15270850204229222,-1.0829826422742737,2.09098609674113,0.6091597937653478,1.2098299043955691,0.7447840084740892,0.24521496891975403,0.4318213164806366,0.9218000173568726,0.7447840071027167,0.39817003317272226,0.04256226834644692,0.44073230151916554,3.6637359812630166e-15,0.33984375,0.33984375,0.21552734375,0.4784375,0.02138409018516541,0,0.0,2.0,0.4917345432480709,0,50,625,ref,9218,0.9218,3.201260566711426,1.1896456480026245,,,97e2593070c3febf2283a2d01cadc8bc9c3523ec6887ae0c6f8c8e1f34cbed0e,,59.83662123500835,1027800,1095416,4,SNA,11
-1.2318441560399263,1.6547277598030896,5.191924361228523,0.25490234375,-1.1995708164783734,1.359986917332954,4.488073006022375,0.25694580078124996,0.5665073779941185,1.2948646232337309,-0.011807585911058894,-0.01150042970905409,0.01946680160844778,4.4308028302055735,0.002666045967489481,0.15487056407813415,-1.175412808780011,2.094831681952709,0.7331541322158887,1.2156992479890663,0.7244368658540771,0.2281070351600647,0.410720556974411,0.921500027179718,0.7244368677213788,0.3866276806755769,0.04087912063978502,0.4275068013153578,4.107825191113079e-15,0.348984375,0.348984375,0.221484375,0.48828125,0.01889651417732239,0,0.0,2.0,0.34689375776832393,0,51,625,ref,9215,0.9215,5.760927200317383,1.363153338432312,,,0d850adefe35ed59c028697e485a57589c009a00cd6c90fb359f651f1c70a7fd,,61.239029831951484,1065616,1095416,12,SNA,11
-1.0972425375443757,1.62307758521287,4.5559836138917165,0.280234375,-1.2267851173182323,1.3673482648339614,4.379596429160114,0.250703125,0.5670112660271156,1.3153277357802502,-0.012697724462921486,-0.011774940713098418,0.019313770427108783,4.466435923044481,0.0017075272800866515,0.1552046927532746,-1.2044916340508738,2.0767001442742123,0.6757918044245657,1.2183863746898467,0.7485265046695713,0.23095229268074036,0.4364132285118103,0.9138000011444092,0.7485265043424443,0.40080220496916935,0.04401883822304645,0.4448210431922164,5.551115123125783e-16,0.3405078125,0.3405078125,0.2172265625,0.47615234375,0.01973639726638794,0,0.0,2.0,0.4218886367323021,0,52,625,ref,9138,0.9138,4.306543827056885,1.0324063301086426,,,9d87966e82617fcd463d4a0eecc0d1c85171dcc201b97f38b2f666954167f342,,62.34181184298359,1096252,1095652,10,SNA,11
-1.1825444327168555,1.6606888196237939,4.712330471838126,0.26458984375,-1.2039649956422795,1.37169722285467,4.38149744900974,0.25806640625,0.5607431910497407,1.3371813273201807,-0.01637124718270725,-0.011538912334886053,0.019309794102524782,4.503252565365594,0.0017628107848577201,0.1567261201894329,-1.1802581199471691,2.075845697179892,0.6703691192033308,1.2249591954752292,0.7273736639902927,0.2131175398826599,0.4232257306575775,0.9192000031471252,0.7273736647097394,0.39636913712018346,0.037683396159679576,0.43405253327986976,6.716849298982197e-15,0.3487109375,0.3487109375,0.2229296875,0.4894921875,0.019451314210891725,0,0.0,2.0,0.40402646051249486,0,53,625,ref,9192,0.9192,3.5312905311584473,1.1278895139694214,,,d05694b9c02c4cea1b18f3a1462f0621010cab6744410bb398f2c0109371b1ce,,63.53244055190589,1035140,1095652,1,SNA,11
-1.1193354323472484,1.70138614491975,5.776401068050916,0.2859765625,-1.154370826470178,1.385870911505501,4.568467406067833,0.26907470703124997,0.5621262428791975,1.3650253319710977,-0.0065133914932070614,-0.011029521924913653,0.019637015002528537,4.543054585080634,0.003936243755742907,0.15717620671413282,-1.125903848000572,2.1103562322601026,0.6450248419242803,1.2316014909212685,0.7463588452327531,0.22984890639781952,0.4160130023956299,0.906000018119812,0.7463588431186509,0.38599202590057685,0.05117352517446386,0.43716555107504496,4.218847493575595e-15,0.33748046875,0.33748046875,0.21337890625,0.47587890625,0.019931441545486452,0,0.0,2.0,0.32453129024552385,0,54,625,ref,9060,0.906,5.019779682159424,1.3764666318893433,,,71ee84f6d8c51e3d5674ca6beb826caf71a2937d8e9005cbcee0681c28173963,,64.70248180592898,1027824,1095652,1,SNA,11
-1.0868979180918013,1.6570591659738165,5.582954566962384,0.28763671875,-1.165611994838701,1.3966679252140062,4.7121572307301705,0.2692651367187501,0.5787679865354362,1.3809528904958728,-0.009039583709712478,-0.011123203788732322,0.019963831264839138,4.570461639085399,0.0031602195010054855,0.15928212251384385,-1.1362764373950645,2.143285406806115,0.5855984947844445,1.2317382917565447,0.7551113091700244,0.23789453506469727,0.4250383675098419,0.9225000143051147,0.7551113084168173,0.3880483029618152,0.051199823052076904,0.4392481260138909,1.1657341758564144e-15,0.331953125,0.331953125,0.21279296875,0.46787109375,0.018064451217651368,0,0.0,2.0,0.4577798651857831,0,55,625,ref,9225,0.9225,3.174826145172119,1.1215903759002686,,,33141ccb9e1f215f1dbb1465a16a930e1bbf6529dd44a30655e89a73d69a930f,,65.84618424391374,1065640,1095652,1,SNA,11
-1.2706574272940399,1.6649192922452558,5.1394526961834535,0.2533203125,-1.196293188543956,1.3959448991305303,4.401367861119803,0.25965576171875,0.5619198608861862,1.4018403594899627,-0.015098058967602452,-0.011493541256346287,0.019364270768178492,4.600432271315151,0.0019516691705211997,0.1620263718042012,-1.1754215475545498,2.0863870234820605,0.6144757839443985,1.2314761073259883,0.7242634622810874,0.21518364548683167,0.4231605529785156,0.9140999913215637,0.7242634607560468,0.3890262993092317,0.04173846784538591,0.4307647671546171,5.551115123125783e-16,0.35005859375,0.35005859375,0.2244140625,0.488828125,0.017861878871917727,0,0.0,2.0,0.386248946127124,0,56,625,ref,9141,0.9141,4.4356818199157715,1.1254971027374268,,,933e7dfb023fa9ed1783e61a7291d3675530401855e09885b9c62257396118f2,,66.95034954196308,1096264,1095652,1,SNA,11
-1.103865946669514,1.7047117810894947,4.539287622829994,0.28349609375,-1.1768698279299508,1.3958243506494692,4.162689370118519,0.26003173828125,0.5373352674620182,1.4220771814953252,-0.011086831091331512,-0.01130463160820007,0.01889700083362068,4.6317152140542275,0.0014920905433245934,0.16118910189420985,-1.1565296351880106,2.034829215669959,0.5886835537400947,1.2349912868337807,0.7428569371323102,0.18098345398902893,0.4216400980949402,0.9254999756813049,0.7428569351322949,0.39869660342931007,0.037852736990867185,0.43654934042017596,1.27675647831893e-15,0.33919921875,0.33919921875,0.215,0.47697265625,0.01931237578392029,0,0.0,2.0,0.4263795364115281,0,57,625,ref,9255,0.9255,3.6187777519226074,1.1264848709106445,,,5216d5e260224d5852197e1b6f0c5a309c9b490a3a451c3bc9fe48c4da7bcc05,,68.03248992795125,1035148,1095652,1,SNA,11
-1.050356104353546,1.690762400080629,5.263587792043467,0.29607421875,-1.1821712480725697,1.4171089765685148,4.540393295941695,0.26457031249999996,0.5673191454885678,1.4469530923006764,-0.0060743863181806955,-0.011248575911282256,0.01963207394283628,4.664920005165746,0.0014560686936601996,0.16440286712160973,-1.1508234341036032,2.1171280401310715,0.6127048282229848,1.239921131091486,0.7627991185884457,0.21176835894584656,0.4150814414024353,0.9150000214576721,0.7627991181833204,0.39878040915817037,0.04999452426618767,0.44877493342435876,7.216449660063518e-16,0.3330078125,0.3330078125,0.2112890625,0.4675,0.021111458539962772,0,0.0,2.0,0.4963089225779398,0,58,625,ref,9150,0.915,3.440919876098633,1.094935655593872,,,686120524d9b2bb4ad2b92af9c03c4ff3dd2db6355f310ed3f8262e49b65bda4,,69.18100882496219,1027836,1095652,1,SNA,11
-1.1432694834794825,1.7304733540906634,5.897879321869974,0.2873046875,-1.2336236710329378,1.434762687255239,4.77404569793989,0.26211914062499997,0.5926932910787851,1.4692125244129957,-0.003361846751906299,-0.011708472052476118,0.019943873697912427,4.698937423256347,0.0013161688108812087,0.16659860440787874,-1.1980740883692305,2.153820917101931,0.7186269995338505,1.247259025625401,0.7555959128786344,0.2218688428401947,0.41221532225608826,0.9222000241279602,0.7555959120800253,0.39898271229615484,0.044868345568840014,0.44385105786499707,2.220446049250313e-15,0.333125,0.333125,0.2097265625,0.4702734375,0.021722280979156496,0,0.0,2.0,0.5031446863998738,0,59,625,ref,9222,0.9222,3.4157092571258545,1.1195449829101562,,,6ce0149330ea111c760e1560f6836ef2b75ac5f1117afea0ec96b2f070a15077,,70.21247303800192,1065652,1095652,1,SNA,11
-1.2073224706483972,1.7034115821154516,5.930918859940618,0.27048828125,-1.2379640340126352,1.4460794296420871,4.973545647833874,0.26483154296875,0.6120647652385691,1.4818521615461093,-0.0027712099506942917,-0.011705997452085892,0.02037883356546721,4.728981733421464,0.0004432137362891808,0.16790450572778046,-1.198693550794641,2.198417978507372,0.74859929266698,1.2454828438516001,0.74222151961294,0.20907260477542877,0.4222014546394348,0.9168999791145325,0.742221517486032,0.39642860615329695,0.04515074197324121,0.44157934812654004,1.887379141862766e-15,0.343046875,0.343046875,0.22015625,0.479296875,0.01950993537902832,0,0.0,2.0,0.3545961886876254,0,60,625,ref,9169,0.9169,5.342046737670898,1.1098064184188843,,,5829c4c37587d08c1b7e8c86977ca61f69c5c5bb5f8ef467a6a6e969033d0cf3,,71.26337798894383,1096284,1095652,1,SNA,11
-1.2398624342267999,1.7660864326375025,6.619134246257144,0.2695703125,-1.1980346289879626,1.4670749241116112,5.408951422064241,0.2720703125,0.6445416240315248,1.5039363850686964,0.003830823856868336,-0.011325176619019963,0.02129259789722114,4.759925227650113,0.0014910235709976404,0.17089586854628366,-1.158635288113193,2.2941792466495055,0.7963802550416514,1.2483855515033326,0.7188121042854618,0.2514648139476776,0.4073835015296936,0.9090999960899353,0.7188121028605383,0.38859675540124317,0.03555650804591175,0.42415326344715326,1.6653345369377348e-15,0.35029296875,0.35029296875,0.223125,0.49072265625,0.019450348615646363,0,0.0,2.0,0.4014552206501263,0,61,625,ref,9091,0.9091,3.738820791244507,1.12821364402771,,,2a6706e8253c5b4a4ed8d29af03ee5d93691fe78b72c7a5d4275f52bbe55729b,,72.29743486992083,1035168,1095652,1,SNA,11
-1.311555745025718,1.7720326479266282,6.4551448920164685,0.25412109375,-1.277507559836232,1.498050671631093,5.955411651320242,0.26342041015624995,0.7220799000157442,1.5197804987820698,0.0022954159765549054,-0.0121555721076537,0.022446535508668604,4.7886308067739085,0.0006637434230651706,0.1761829700278739,-1.2445264650881236,2.4167782959240234,0.7980717849488792,1.2502944442132298,0.7139178172661923,0.22868850827217102,0.40161070227622986,0.9168999791145325,0.7139178174035624,0.37960811970762637,0.041131439942481106,0.4207395596501061,1.3322676295501878e-15,0.3515234375,0.3515234375,0.2229296875,0.49126953125,0.018059319257736208,0,0.0,2.0,0.39776758418912095,0,62,625,ref,9169,0.9169,4.239417552947998,1.2619909048080444,,,08fbf8ae532b8fcfe5294aef7b5246cf73cdcb1cf49bf9bc42bd1a3a3fc59318,,73.5318836820079,1027852,1095652,1,SNA,11
-1.1989249391859698,1.7528107104903556,5.869581053587552,0.26318359375,-1.2548945382492944,1.5042847093789644,6.092952371386418,0.26536865234375,0.7417619564916186,1.5312984877734932,-0.010187957393756273,-0.01210944737522425,0.02286322945922396,4.812388630667031,0.0011278723110444845,0.17962081696899712,-1.2393374195378355,2.463228403575661,0.826990910369801,1.2474990567439155,0.7200875410414301,0.2127985954284668,0.414257287979126,0.9182000160217285,0.7200875426782295,0.38536465959941607,0.04330917439907532,0.4286738339984942,2.7755575615628914e-15,0.352109375,0.352109375,0.22431640625,0.49189453125,0.017925971746444704,0,0.0,2.0,0.48707169375604153,0,63,625,ref,9182,0.9182,4.087304592132568,1.1201810836791992,,,762d7dfd33d476b87d4ab988b70bdf1ade5b2ce6cef0239c63b71465c6615795,,74.54833138594404,1065668,1095652,1,SNA,11
-1.4103059289218514,1.8419256295723203,7.55266803436682,0.25533203125,-1.3230624046229835,1.526299246129467,6.446577350425761,0.253740234375,0.7907604322914907,1.5518928608254037,-0.013063904381515638,-0.012639725896123466,0.023533370562786763,4.847028754098135,-0.0007097655232064426,0.18095844422009566,-1.2954956287248527,2.5352926142092937,0.7797927526168325,1.2560937071649796,0.7174779669183772,0.2218380868434906,0.4026474058628082,0.9186999797821045,0.7174779657274485,0.3849664784101797,0.04412954888299394,0.429096027293177,3.3306690738754696e-15,0.35412109375,0.35412109375,0.2275390625,0.49337890625,0.017414510250091553,0,0.0,2.0,0.4109171166193592,0,64,625,ref,9187,0.9187,4.358432292938232,1.2454603910446167,,,8878c62c2ed3726195f41f12c3688b09f0cbf6d8fd9baa13075239f6c839c3bb,,75.5951059589861,1096296,1095652,0,SNA,11
-1.1454027713832446,1.7604985499659778,6.6065611894332426,0.28978515625,-1.2912307803626937,1.5274891301472207,6.476383034058132,0.26009033203125,0.7829535231591092,1.5618669563209422,-0.011597436762138858,-0.012292749624428728,0.0235674681027932,4.871060683353687,0.0008041647623758763,0.18208062662353325,-1.2584382084024694,2.5380811639156664,0.7887445023454547,1.2587438775445765,0.7623310651665087,0.24824059009552002,0.41415032744407654,0.9158999919891357,0.7623310656880494,0.3962940658798255,0.04660420029217451,0.4428982661720029,2.886579864025407e-15,0.3276171875,0.3276171875,0.20857421875,0.4629296875,0.019572019577026367,0,0.0,2.0,0.43497242932646124,0,65,625,ref,9159,0.9159,3.3412790298461914,1.1028814315795898,,,229c2b4a084704ec7dc872d40a9ffcd973adeec2aab8fcbd13a11412d7b11c35,,77.32019618398044,1035180,1095652,17,SNA,11
-1.192796541267098,1.7860885244203528,6.429831951560384,0.28119140625,-1.250381687209119,1.5136126209122915,5.9664462574395865,0.2658203125,0.7244644129054061,1.5793302563744607,-0.01277150309489044,-0.011988063823861679,0.022584131591733978,4.901924887658442,0.0009636240731924772,0.18158875518401543,-1.2270674023793413,2.4398571939242526,0.8069281926348687,1.2627289076405719,0.7472776487586088,0.19993652403354645,0.40517356991767883,0.9186999797821045,0.7472776481683832,0.38700233268597656,0.04786553635315423,0.4348678690391269,3.885780586188048e-15,0.33498046875,0.33498046875,0.21326171875,0.4714453125,0.01811925768852234,0,0.0,2.0,0.3675688898302528,0,66,625,ref,9187,0.9187,4.028384685516357,1.0951144695281982,,,01f300152fec7e0ccc544d23d8ff6044480c49703d9fb5f97b3c71ca43ea524b,,79.08783159195445,1027868,1095652,24,SNA,11
-1.0920107189866555,1.7714568804968602,6.234378750539369,0.29345703125,-1.1913845148925903,1.5089506770436594,5.836203398785828,0.2783056640625,0.690464777980136,1.597244873658193,-0.010777505887811576,-0.011309975502391998,0.02225218771602924,4.930382017218551,0.0008119828387862071,0.18222973863459518,-1.1577571597203362,2.406159297509295,0.8527920362385233,1.2641686268897032,0.7485119409905746,0.22745876014232635,0.39331379532814026,0.9194999933242798,0.7485119400988333,0.3912159303152682,0.045765723665592235,0.436981653980862,1.5543122344752192e-15,0.3346484375,0.3346484375,0.21294921875,0.47255859375,0.020617908239364626,0,0.0,2.0,0.44498292041477605,0,67,625,ref,9195,0.9195,4.1096954345703125,1.1715853214263916,,,ae9b3e46e76e77968a9792435f6cf7fc9ddffcde68b2826798b7be4c4eba471b,,82.44362721894868,1065680,1095652,24,SNA,11
-1.1311614164549177,1.7803775962835884,6.757191213308548,0.28537109375,-1.250240843797525,1.5280549910926147,6.221786763337584,0.26989501953125,0.7454839004186621,1.6036145299756506,-0.014146374591262268,-0.011930991705901168,0.02302989570295997,4.954105552306734,0.0007341371444636025,0.1852223879383338,-1.2214505464264644,2.488509842938154,0.8846927835147782,1.264957022196026,0.7469586242653895,0.2665982246398926,0.40147826075553894,0.9086999893188477,0.7469586259627249,0.39486825746056675,0.04295497458936268,0.437823232049928,1.4432899320127035e-15,0.33763671875,0.33763671875,0.21373046875,0.473203125,0.021540355682373048,0,0.0,2.0,0.41919958572308613,0,68,625,ref,9087,0.9087,4.650650978088379,1.0625886917114258,,,eefc4712581404861a7bc0229a94df98beca24fad9009582ff97fbf8ed055a0f,,86.10952296096366,1096304,1095652,24,SNA,11
-1.144101406059291,1.8123088446308997,7.486198940007313,0.29517578125,-1.2694133459681547,1.548723785912479,6.65986038998136,0.27084716796874997,0.7865671659278131,1.6245945742610082,-0.01261637513773959,-0.012041496895587575,0.02376553281103133,4.983626503032136,-0.0004408906796015799,0.1879491245818402,-1.2339454840802406,2.566055368948922,0.7648603277424242,1.2694215902732637,0.763658396495739,0.22444605827331543,0.4031480848789215,0.9222000241279602,0.7636583985260222,0.40431279997716835,0.044426490181100474,0.4487392901582654,3.3861802251067274e-15,0.33212890625,0.33212890625,0.21173828125,0.46615234375,0.02150688171386719,0,0.0,2.0,0.40460012011592544,0,69,625,ref,9222,0.9222,4.516201496124268,1.1348549127578735,,,c7772f0ae290b2f508c613b80825d6a54b5221b6cac53ae87d79f470e15199bf,,89.31561978696845,1035184,1095652,21,SNA,11
-1.2229351831002453,1.7956023970914041,6.95696611495519,0.2703125,-1.2751946266961856,1.5603653941197133,6.800371825930942,0.2700244140625,0.8020573735481251,1.6442112787172665,-0.011528489099023336,-0.012115437427654505,0.024020673102783385,5.0093153297469994,-0.0009120443696156145,0.18937355649698298,-1.2419909440823267,2.591146013028775,0.6240770761676877,1.2715203714458299,0.7336472331918776,0.20272132754325867,0.4023268222808838,0.9217000007629395,0.7336472311569378,0.39052055046718137,0.04248480240460342,0.4330053528717846,1.6653345369377348e-16,0.3453515625,0.3453515625,0.21935546875,0.4814453125,0.019049030542373658,0,0.0,2.0,0.39440272591506853,0,70,625,ref,9217,0.9217,4.2996649742126465,1.2664196491241455,,,c5320e4620e268507f7b4f73d811593b7422cbdbcddfeb0dd5a201be8aee24c7,,92.41704041894991,1027872,1095652,21,SNA,11
-1.2313405948474716,1.8768415615374636,7.964158474625301,0.28052734375,-1.2565304934049109,1.5734915823614966,7.1514388983413655,0.27845458984375,0.8278913217124955,1.6628321610490662,-0.014847722999074863,-0.011884329664681717,0.024614057430329392,5.03660641256887,-0.001780763219576329,0.19367676302872935,-1.2191854893914593,2.6565941530496673,0.6709290859332254,1.275741735603116,0.7326383501722011,0.2551760971546173,0.39471545815467834,0.9101999998092651,0.7326383497472853,0.3958791923588068,0.036511968339287534,0.4323911606980965,2.1649348980190553e-15,0.34294921875,0.34294921875,0.2183203125,0.4836328125,0.019674468040466308,0,0.0,1.9999998807907104,0.4412760131863509,0,71,625,ref,9102,0.9102,3.9578912258148193,0.9440701603889465,,,f0df859e681131b69a05066af059e23680cf70e9aee99a5ca64e12c2b7123bef,,95.47855943697505,1065688,1095652,21,SNA,11
-1.0603028750437415,1.8509871566068794,7.39736814624182,0.310625,-1.2200680218242796,1.5766718002998372,7.173800284455966,0.29340820312499993,0.8174412996569239,1.6793134743968852,-0.010860808193080065,-0.011538801330245095,0.02458688835328027,5.063129762716262,-0.002421071585267782,0.1963105764677108,-1.1844306312447694,2.6596606035421964,0.6648250889980888,1.2802828118857679,0.7746191402990371,0.20576335489749908,0.39015892148017883,0.9199000000953674,0.7746191405423452,0.40035943922337563,0.04121375178352144,0.4415731910069009,3.83026943495679e-15,0.32025390625,0.32025390625,0.199609375,0.45296875,0.0252325177192688,0,0.0,2.0,0.4880239673661405,0,72,625,ref,9199,0.9199,3.899569034576416,1.0856024026870728,,,011bd88458f7463d0b8558c87ddf9d91a319ac2461c0565a18f685c1466c7f21,,98.61544707196299,1096316,1095652,21,SNA,11
-1.262562449598726,1.8544306360619351,7.556816882740286,0.28478515625,-1.220347829132779,1.5895860048476567,7.3498367337980754,0.29469482421875,0.8332653521832174,1.7044471849629321,-0.010928870338615415,-0.011537524700806798,0.024876176626380517,5.094308574540525,-0.002112676135147922,0.19883759983730248,-1.1839914606684454,2.692597023959246,0.7221300209379391,1.2869442158588935,0.7478459958301391,0.2555542588233948,0.3885175883769989,0.9129999876022339,0.7478459954692517,0.3919194051352724,0.04680340888188276,0.4387228140171582,2.9976021664879227e-15,0.3355078125,0.3355078125,0.21234375,0.4768359375,0.017977702617645263,0,0.0,2.0,0.45848481207224084,0,73,625,ref,9130,0.913,3.5863497257232666,1.1002447605133057,,,55b92a31533303c9b5b1882e7130a250af0523bbe0d98edb63d3d2f7eca8fa2e,,101.83679752692115,1035200,1095652,21,SNA,11
-1.192215814320161,1.8800571899110163,9.252091810502035,0.29384765625,-1.2477824886864377,1.6018774830506868,7.5836325237851145,0.29126708984375,0.8630436068814987,1.7156141443657196,-0.012646280542415319,-0.011730500521130277,0.02532204363455485,5.116399326502886,-0.003025572780170478,0.20207048363030194,-1.2046723780876538,2.7405173456102716,0.6998967982443085,1.2850906338629928,0.7578765949467197,0.28148189187049866,0.38521167635917664,0.9128999710083008,0.7578765931341331,0.3921832127401409,0.05672398956257852,0.44890720230271747,1.942890293094024e-15,0.33765625,0.33765625,0.21533203125,0.4707421875,0.018748652935028077,0,0.0,2.0,0.46155014880365525,0,74,625,ref,9129,0.9129,4.11839485168457,1.0515191555023193,,,60572beba5c90b970230c38b0f04a225de3ca2c86e5f7be2bec5dd8a9f20ddc3,,105.072607323993,1027888,1095652,21,SNA,11
-1.3188892164119188,1.8969100799596623,8.115814273223169,0.2688671875,-1.2588634113378836,1.606560605247131,7.49397410544728,0.28689697265624997,0.8569352204790043,1.737715325108905,-0.01361356725588139,-0.011866874293217332,0.025149068034995614,5.147562701281031,-0.0030448679719120263,0.20235891014998397,-1.2186615040859285,2.7226699176909843,0.6991922432679565,1.2892574192023785,0.7281547692173627,0.22419831156730652,0.37742146849632263,0.9218000173568726,0.7281547705666163,0.39228065802932016,0.03694624660274324,0.4292269046320649,1.4988010832439613e-15,0.3433203125,0.3433203125,0.219375,0.48587890625,0.019479238986968996,0,0.0,2.0,0.41817014809197883,0,75,625,ref,9218,0.9218,3.5884623527526855,1.0919004678726196,,,d38e614c1c51e6cae8d1797cab069ec7d656ed1a8f4f2e92e06e244942928c73,,108.17068760399707,1065700,1095652,21,SNA,11
-1.2079930709781885,1.9042770355080627,9.660309567237121,0.2879296875,-1.2505034520295617,1.625016585839014,8.044785392176916,0.286640625,0.9041937608405537,1.7499060390427297,-0.013420895631398488,-0.011700743168695767,0.026058339238063083,5.171699606164619,-0.0035238298322656193,0.20589363615174355,-1.2021223570698636,2.8191935844419325,0.6913468017002558,1.2913901227205298,0.7486250449786894,0.22896598279476166,0.3978555500507355,0.911899983882904,0.7486250447202474,0.3942204797027868,0.044743697195477085,0.4389641768982674,3.497202527569243e-15,0.33736328125,0.33736328125,0.2139453125,0.473046875,0.0191927969455719,0,0.0,2.0,0.43147510826295865,0,76,625,ref,9119,0.9119,4.883384704589844,1.3052120208740234,,,a18859cb0ba078af5f8aad85ddecb197ff8865c756e5513c30bb186b41044d9c,,111.29632428090554,1096328,1095652,21,SNA,11
-1.2046421719150968,1.9194160061455154,9.053979325864013,0.29455078125,-1.2827657530590293,1.6394686167270227,8.348900975851812,0.28396484375000003,0.9421457410494933,1.7623189893178586,-0.01660738513453587,-0.012113999929934253,0.02652250566112338,5.194243057993907,-0.0011604640015866606,0.20878051037182507,-1.2420921095932935,2.8661016813540408,0.6973968681311311,1.292147930578139,0.7492184755741619,0.24430419504642487,0.3870381712913513,0.9096999764442444,0.7492184780049138,0.3992150385504128,0.04230079993242799,0.44151583848283854,2.220446049250313e-15,0.33669921875,0.33669921875,0.2137890625,0.473984375,0.02048420310020447,0,0.0,2.0,0.44148873873252525,0,77,625,ref,9097,0.9097,4.563199520111084,1.0820393562316895,,,3ab66ad83d7f6c4012cf7b0946e208bf875822c808078cc9775ac1060b67e7a4,,113.05818890593946,1035212,1095652,2,SNA,11
-1.178664256129686,1.9289480127783272,8.257506703169367,0.3043359375,-1.2720778130521744,1.644401950970782,8.199138992962688,0.28663818359375,0.9220953544641363,1.7886848655889886,-0.006722443696611879,-0.011961375619062957,0.026249272859066062,5.226211244597368,-0.002158260219730437,0.20870147769696942,-1.2274554053704387,2.8358842501498773,0.691571327611773,1.2989949806585304,0.7701833816175349,0.24248170852661133,0.377337783575058,0.9154999852180481,0.7701833803753835,0.40059863869258727,0.04491242129450252,0.4455110599870855,4.274358644806853e-15,0.32365234375,0.32365234375,0.2062109375,0.45966796875,0.0236952006816864,0,0.0,2.0,0.40643721359708535,0,78,625,ref,9155,0.9155,4.207387447357178,1.3522673845291138,,,f4bbe260e1b2cf8bb61b1c4fc28236c505fef62102b4f1dd6f0988eb78165504,,114.97903475200292,1027900,1095652,2,SNA,11
-1.328064329669561,1.965831056710417,8.491471899590985,0.27943359375,-1.341310205118048,1.6565206382129911,8.215306211151635,0.2723291015625,0.9384318947955547,1.8107001161968734,-0.005071386166852657,-0.012574333681360983,0.02624360986068016,5.257699298117317,-0.00081716027634684,0.2106768401097999,-1.2889043880856008,2.8376473071001245,0.718315649360117,1.3021403728979002,0.7381333390786312,0.20471221208572388,0.36817315220832825,0.9171000123023987,0.738133339487249,0.3946126772258887,0.03606986663693587,0.4306825438628244,1.6653345369377348e-16,0.33978515625,0.33978515625,0.21521484375,0.4771484375,0.01993294358253479,0,0.0,2.0,0.4650697559848926,0,79,625,ref,9171,0.9171,4.553771495819092,1.1514379978179932,,,8228eeb721cefc8b2af1271c490920a3f02b8bb42cf23dd8f8b061b25af888b6,,116.12527182197664,1065716,1095652,4,SNA,11
-1.2785764361907594,1.9080562713397198,7.5802833157810285,0.279140625,-1.358714989368801,1.6430348046004177,7.581380341863809,0.2634912109375,0.8911499220819229,1.827473440266527,-0.019059993220117106,-0.01283555921993375,0.025286796835134108,5.284433921493777,-0.0026514888810925184,0.21099100767624482,-1.3174980892614712,2.7392678564218795,0.668970459455783,1.30032570302024,0.7463615109899547,0.22412841022014618,0.37609779834747314,0.9171000123023987,0.7463615107827354,0.39530947451400505,0.04263504920370384,0.43794452371770426,4.6074255521944e-15,0.33619140625,0.33619140625,0.215,0.47330078125,0.020573443174362188,0,0.0,2.0,0.44235079401345617,0,80,625,ref,9171,0.9171,4.0014424324035645,1.1185369491577148,,,c95e4982e6134061ce9cce1753e54af52f005712b12f43c910563e9cf7c803a4,,116.99337880592793,1096344,1095652,4,SNA,11
-1.3617417668405716,1.9453129579296247,9.72179500068709,0.27234375,-1.377168739685154,1.6635876969096732,8.134568732602371,0.2642822265625,0.9470465677013802,1.8289621380604169,-0.008484680452566758,-0.01296413982188112,0.026202020636080018,5.304929590803165,-0.002609831552254036,0.21467702003706174,-1.3306279474426699,2.835222514713848,0.729468083216241,1.298873422487361,0.7409733799367677,0.23437070846557617,0.38699740171432495,0.9108999967575073,0.740973381891381,0.3949692785947016,0.04186921038896032,0.436838488983664,2.1094237467877974e-15,0.3408203125,0.3408203125,0.21953125,0.47810546875,0.016471934318542485,0,0.0,2.0,0.4579626282602982,0,81,625,ref,9109,0.9109,4.4990034103393555,1.2846074104309082,,,1ec40c821dfeb72e0bc18b9c10a34866564513f52c4d1a903582a70178a5b01d,,119.17750738596078,1035224,1095652,21,SNA,11
-1.3065192284958362,1.9462183753471483,9.783658099609427,0.2769140625,-1.3363358309733855,1.6774337832957171,8.516825423934325,0.27226806640625,0.975883558301382,1.8417078713758075,-0.0038073323354067003,-0.012555935718904598,0.026888394983507022,5.324644019376138,-0.0015495653729885816,0.21802276169296578,-1.2877521461656847,2.907300237784832,0.7791286200291068,1.3001027206413023,0.733738070827676,0.1934506893157959,0.3742767870426178,0.9243999719619751,0.7337380704144016,0.3854267419342879,0.041748805200739224,0.4271755471350281,9.992007221626409e-16,0.341328125,0.341328125,0.21560546875,0.47845703125,0.019903528690338134,0,0.0,2.0,0.44473237556017176,0,82,625,ref,9244,0.9244,4.048915863037109,1.1303681135177612,,,8d78c2d67d999b9b756014298e1c08f0e7a44a57bc2e0a6059bdd7251e2efe8f,,122.53632531594485,1027912,1095652,21,SNA,11
-1.3519686140610856,1.9571813389670927,8.870143435526446,0.27228515625,-1.3783874484822607,1.6830364240096067,8.390296805108381,0.2677490234375,0.978419658866967,1.8617287367038058,-0.007536791027727805,-0.013060348890367975,0.026689945120510487,5.347854054735386,-0.002306205695495009,0.21825096417667686,-1.3401797680419758,2.889916720501398,0.7717797492296263,1.3003077667919374,0.7327589949802495,0.2391369640827179,0.380919486284256,0.9132999777793884,0.7327589950093534,0.3966360447760391,0.03690510444197406,0.4335411492180151,1.9984014443252818e-15,0.3447265625,0.3447265625,0.21908203125,0.4831640625,0.022124946117401123,0,0.0,2.0,0.46664165231412225,0,83,625,ref,9133,0.9133,4.569963455200195,1.0367331504821777,,,a7440d6be7e0db3ef141d31e21972a34a36dd18f9a880059c64ee26916269dfc,,125.67605167790316,1065728,1095652,21,SNA,11
-1.2449893555736258,1.9650830440642753,8.892073294052054,0.291484375,-1.4028878423050386,1.6834969255075998,8.307926028154817,0.26364257812499997,0.9740036989468167,1.873680860156648,-0.013522660909924147,-0.013392162586191154,0.026449780770008098,5.376420749612667,-0.003635757816955447,0.2203234717220993,-1.3754995891059218,2.8685052143889016,0.7641042687195811,1.3030440044741272,0.7494343503646087,0.2281573861837387,0.3671305477619171,0.9128999710083008,0.749434350009542,0.39558294685050627,0.04618013840960814,0.4417630852601154,9.43689570931383e-16,0.337421875,0.337421875,0.2152734375,0.47384765625,0.018337005376815797,0,0.0,1.9999998807907104,0.4231721184228035,0,84,625,ref,9129,0.9129,4.787442207336426,1.2459598779678345,,,61f4ae02a276a78fca325bb67953f84d46eed078376fb5d12b930ebb2f8f1d8c,,128.7808907899307,1096356,1095652,21,SNA,11
-1.1769338363652349,1.9628963047943073,9.645042418052856,0.31048828125,-1.3393305652916816,1.6954958825991873,8.717858652491502,0.27728271484375,1.0026513842490998,1.8932445053545086,-0.02118960169281208,-0.012840261248837295,0.027201475756144337,5.403182363663107,-0.00036784368101507427,0.22171322015912293,-1.3156961096135351,2.944286356040819,0.7203417921942452,1.3081182297814575,0.7747821973613463,0.19866792857646942,0.37069571018218994,0.9182999730110168,0.7747821973555256,0.39968182456775425,0.05222547223323295,0.4519072968009878,6.106226635438361e-16,0.32595703125,0.32595703125,0.20580078125,0.45953125,0.021559196710586547,0,0.0,2.0,0.4516201241941156,0,85,625,ref,9183,0.9183,4.140626430511475,1.1485247611999512,,,0a6f9a1bc765c4d80b2ce8c5f58bcee57e8001c5ebfcd6d628be686173c39803,,132.2045233809622,1035240,1095652,21,SNA,11
-1.3154187930536283,1.9470398410624508,9.442066927703767,0.2794921875,-1.3872497631763918,1.7053578974060541,8.867148606994848,0.27011962890625,1.0177758126945489,1.9081061245318802,-0.01763637898123068,-0.013224292318594781,0.027268277703169367,5.4243749565023816,-0.0026330448244698346,0.22454981014084036,-1.357300613225938,2.95828625237019,0.7886693598901995,1.3075760393330007,0.7387495431816206,0.25614601373672485,0.36907994747161865,0.9164000153541565,0.7387495428824331,0.3894668932846813,0.041846275468122245,0.43131316875280634,2.7755575615628914e-15,0.3404296875,0.3404296875,0.21654296875,0.47771484375,0.019812673330307007,0,0.0,2.0,0.43665978657855425,0,86,625,ref,9164,0.9164,4.313202381134033,1.1228364706039429,,,deda5a7d81e350385890c24a1c5ca5ceed7a0f2bd94b849a54a7dc455e66a5a1,,135.51685684500262,1027928,1095652,21,SNA,11
-1.2482986139997831,2.0054768672716587,10.194874370505483,0.30625,-1.2958660337745749,1.7083126192612885,8.996205790721655,0.2869970703125,1.0060116062105589,1.929765389205925,-0.017444990289121273,-0.01228509966440907,0.027511837138356185,5.449758709238052,-0.0021870516466151457,0.22694678945244023,-1.2606457796462955,2.9828459201853734,0.8356076131679553,1.3072759720226754,0.7722989265713841,0.22335800528526306,0.35596805810928345,0.9157999753952026,0.772298928037053,0.3974336049083794,0.04871453259566306,0.4461481375040418,6.661338147750939e-16,0.32380859375,0.32380859375,0.20521484375,0.45736328125,0.02140859961509705,0,0.0,2.0,0.41729754779380235,0,87,625,ref,9158,0.9158,4.27223539352417,1.2159284353256226,,,469f1e81e6206520ee41c0f3f40052e67ba814937fef5152bfab8bcb0e319752,,139.1515598759288,1065744,1095652,25,SNA,11
-1.183656761903993,1.9993576561301334,9.047874533171443,0.30560546875,-1.2906251672880638,1.716684844694778,9.158484104812198,0.28855224609375,1.0213162383521557,1.9408706596275362,-0.01518004197495732,-0.012203898064721639,0.027797493201806096,5.474350115899695,-0.0005842007615137845,0.22844975932611453,-1.2507248145703718,3.009886201366978,0.7943269716040855,1.3110898788059488,0.768386153690517,0.20062100887298584,0.372955322265625,0.9199000000953674,0.76838615494431,0.4007845388249585,0.05019321419773409,0.4509777530226859,6.716849298982197e-15,0.3297265625,0.3297265625,0.20853515625,0.46294921875,0.022102618217468263,0,0.0,2.0,0.49922777114636135,0,88,625,ref,9199,0.9199,3.6489176750183105,1.0980361700057983,,,7090ce6ea3b2bc99b1744969fdc540b3b0265f9e5b24eea1cc3c23e3a9a89af0,,142.81779738992918,1096368,1095652,25,SNA,11
-1.3167000685962784,1.9588418779315548,8.289087950668621,0.275234375,-1.2700660542691247,1.7155453473280804,8.977202431412588,0.29108642578125005,0.9977501897736092,1.9579479532421435,-0.012602304276729388,-0.011867084548023503,0.027559790615468593,5.4977207935198065,-0.0015536602115025745,0.22881509513429416,-1.2171918343677945,2.984198568639427,0.8802222525438141,1.3120793295248587,0.7243935572251212,0.278524249792099,0.3768935799598694,0.9068999886512756,0.7243935559992678,0.38941964659308226,0.037141844681910036,0.4265614912749945,2.1649348980190553e-15,0.347578125,0.347578125,0.22201171875,0.4862890625,0.019305777549743653,0,0.0,2.0,0.4359200056565618,0,89,625,ref,9069,0.9069,4.510145664215088,1.1058491468429565,,,9d692d086573ffd349783c56ff8377c876616e0a840089bf1f2aa1d1b3ab0fe6,,146.5070808319142,1035252,1095652,25,SNA,11
-1.2605420712977102,2.0097963898893125,10.070676331890773,0.31197265625,-1.3437994691414468,1.723012395785324,8.8847199884588,0.28263671875,0.992935607813928,1.9794932630960822,-0.003657154880128387,-0.012453711490957094,0.02722003206939933,5.524751796301044,-0.002364191641099751,0.2321429006762484,-1.2780951462046444,2.9563547703298783,0.9566829157998051,1.3148052862847128,0.7882214866008144,0.2585638165473938,0.3577989339828491,0.9090999960899353,0.7882214859919623,0.40254573822898254,0.05242915535634221,0.45497489358532434,3.885780586188048e-16,0.3194140625,0.3194140625,0.20373046875,0.449609375,0.02356829643249512,0,0.0,2.0,0.3922140690570727,0,90,625,ref,9091,0.9091,4.551486492156982,1.2222695350646973,,,d9da51703018d0e2199d237f417f1604341b8ca85754665038c1075d0cf5cbfa,,149.9391799789155,1027940,1095652,25,SNA,11
-1.3097178473356987,1.9464820188388245,8.680012301496813,0.27357421875,-1.3492204317877898,1.719221840618711,8.58422457466066,0.277724609375,0.9616472702304154,1.9916652373565744,0.0024112296733981905,-0.0125024924082998,0.026673548021052887,5.540857178627666,-0.0018826816184446217,0.23387406359920962,-1.2826106466146854,2.9020010798865217,0.9034285132002546,1.310253399210187,0.73016667754855,0.2185867577791214,0.3762861490249634,0.921500027179718,0.730166679128306,0.3841731706413296,0.04564055106429303,0.42981372170562593,3.2751579226442118e-15,0.34375,0.34375,0.21869140625,0.48228515625,0.018815016746520998,0,0.0,1.9999998807907104,0.4523437524853293,0,91,625,ref,9215,0.9215,4.70130729675293,1.1689714193344116,,,20c6f85c74ee8c3f358115a3acad9fcd2da694982090680609ab2146860c77c5,,153.5824219349306,1065756,1095652,25,SNA,11
-1.4031533887764445,2.0157168049663854,9.646394864723128,0.28419921875,-1.4269384469851634,1.7346453989134711,8.569802832762353,0.266396484375,0.9903935191792081,2.015950846055834,0.002650294736633132,-0.013336524468067016,0.02675571359785869,5.566403956065461,-0.004567683436907828,0.23378283955646717,-1.3707320676497028,2.9050377948311095,0.8860130870834666,1.318380196379473,0.757749631239567,0.2204265594482422,0.35477203130722046,0.9156000018119812,0.7577496319904458,0.4006600631520913,0.040313751603302285,0.4409738147553942,6.106226635438361e-16,0.32998046875,0.32998046875,0.20814453125,0.46826171875,0.023045283555984498,0,0.0,2.0,0.48287792460217505,0,92,625,ref,9156,0.9156,3.7985117435455322,1.318360447883606,,,4848272d6ce389be58d9382b5f9fd1af59113a018cb558b389636b8d0f93af81,,157.0433474079473,1096384,1095652,25,SNA,11
-1.4609540046450806,2.040161013634538,9.070599787342625,0.26923828125,-1.4325173699439049,1.742817086996769,8.642026709007814,0.26807373046875,0.9935898420712648,2.0388643039480523,0.004957252708586261,-0.013296854654483365,0.026829258525711525,5.591201996510742,-0.003740560058504343,0.23554648831634528,-1.3658412553712327,2.915054169722023,0.9712906423184433,1.3237181333205916,0.7391458913648967,0.21210528910160065,0.3521214425563812,0.9143000245094299,0.7391458927968051,0.3906250528087837,0.0440634090931687,0.43468846190195515,2.7755575615628914e-15,0.33919921875,0.33919921875,0.21603515625,0.4789453125,0.020306223630905153,0,0.0,2.0,0.4822810826944955,0,93,625,ref,9143,0.9143,3.7004809379577637,1.0611478090286255,,,3234e3fe5d29084649ac40f4f098b3a3457d891c6e2c085def78f4738c2f9569,,160.77423281397205,1035268,1095652,25,SNA,11
-1.5060717518723725,2.074973008117568,10.777442242783147,0.26734375,-1.504564113535277,1.7774830038475828,9.588344532685822,0.25974853515625,1.0952378752353622,2.0513767262915508,0.01283122744011271,-0.013992680562098325,0.028152220708913638,5.6140018263744125,-0.002762818300179788,0.2426355069946212,-1.4361423970185694,3.0601385512800157,0.9496646449232518,1.3248981735913845,0.7361509130743797,0.20097452402114868,0.3531540334224701,0.9165999889373779,0.7361509145062882,0.3874080553609586,0.04774550600366316,0.4351535613646174,4.385380947269368e-15,0.34388671875,0.34388671875,0.21908203125,0.48177734375,0.017900341749191286,0,0.0,2.0,0.4181663348168748,0,94,625,ref,9166,0.9166,4.154464244842529,1.163644790649414,,,98be2d834ad0999ce7054cbd1eabe76fedf309da6d09d8d75c69c043c46eba89,,164.34595177392475,1027956,1095652,25,SNA,11
-1.4835107824304137,2.077910739540552,10.073746817478318,0.2749609375,-1.6000237186085666,1.781266332659182,9.22912274889111,0.23990966796875,1.0847968481700732,2.074248851930701,0.01386404776431744,-0.01483421061662328,0.027547538054973206,5.636044821044254,-0.0052004650796880015,0.24308983000426665,-1.5247845411908896,2.9986665382740494,0.9813124748835702,1.3257584691187156,0.7404296570597216,0.24343568086624146,0.3473747968673706,0.9136000275611877,0.7404296574811451,0.39105319155480833,0.04726921275901353,0.43832240431382524,3.3861802251067274e-15,0.3440625,0.3440625,0.2187890625,0.48005859375,0.018398845195770265,0,0.0,2.0,0.3989913836946104,0,95,625,ref,9136,0.9136,4.5879292488098145,1.1716029644012451,,,a149e58e18bae21874fbfa3cd50653d8307a074c30ec0a9efe626838b87960ed,,167.72179757093545,1065768,1095652,25,SNA,11
-1.4256873946602782,2.0208651260409445,9.18528692322776,0.26298828125,-1.5881949910286384,1.7850611296594607,9.266303555793963,0.24473876953125,1.081987001037377,2.090273867495697,0.01418236808803631,-0.014843720042233997,0.027496345699221957,5.661857314329958,-0.0037824354181066155,0.24616569690138657,-1.524340636280834,3.0005300792189233,0.9680514664310382,1.329058397929436,0.7200158168026246,0.19803619384765625,0.3629680573940277,0.916100025177002,0.7200158153218217,0.3873501840023359,0.038582837040813694,0.4259330210431473,2.275957200481571e-15,0.35181640625,0.35181640625,0.2219921875,0.49119140625,0.01951786279678345,0,0.0,2.0,0.4284785273546181,0,96,625,ref,9161,0.9161,3.7296509742736816,1.190330982208252,,,31374e2a4ab6b70f9db3cc87a5f408fb95919159bb57b79f644a494ebaa379c0,,171.08761814795434,1096396,1095652,25,SNA,11
-1.5013890033820514,2.1052437261415653,10.98839086988656,0.26953125,-1.5538989835786756,1.805467090525167,9.926397047149475,0.2543701171875,1.1284704268305727,2.108134086030379,0.02310690210845992,-0.014498482095615916,0.02842755197126414,5.68586553465957,-0.003969216487603262,0.24938789303555786,-1.4891619975306696,3.0953710505280463,0.9948347811763565,1.3337450727107791,0.7355308253236581,0.2225523144006729,0.35041195154190063,0.9187999963760376,0.7355308243224863,0.3929674647575672,0.03312921627779114,0.4260966810353568,1.5543122344752192e-15,0.33775390625,0.33775390625,0.2131640625,0.4764453125,0.019100868701934816,0,0.0,2.0,0.44380350832302695,0,97,625,ref,9188,0.9188,4.522292137145996,1.095721960067749,,,c20a27f68c033e1c9ecc473bca61c42561c30f1e116c4aae400c4b702993d2bb,,175.0470872418955,1035280,1095652,25,SNA,11
-1.359605400576111,2.030622870287192,9.239407949518391,0.27755859375,-1.5321660384341533,1.8026789664097418,9.758186194354211,0.2564013671875,1.1024674494136404,2.1252658672556546,0.021918139266799627,-0.014306659975846948,0.028110248809081362,5.708685705907523,-0.0032541986682917924,0.25130854446616063,-1.4687971414975076,3.064998243300261,1.0167182740234426,1.3285368649127463,0.7341117894405034,0.20231589674949646,0.35553500056266785,0.9240999817848206,0.7341117872449103,0.3919567642280228,0.03817469350484656,0.430131457732871,1.6653345369377348e-15,0.34265625,0.34265625,0.2178125,0.48025390625,0.019175374507904054,0,0.0,2.0,0.5125973715478556,0,98,625,ref,9241,0.9241,4.156857490539551,1.1285208463668823,,,699959bd6d215e96f4f0ac536813112cab058221aebfb07ce54d3ca98ac4f4e4,,178.78964008099865,1027968,1095652,25,SNA,11
-1.5326914260859206,2.090545517896782,10.23925354954791,0.25521484375,-1.5985713814959928,1.8328191435396346,10.491865723390063,0.2507080078125,1.1955877937391095,2.1349502983399744,0.028687920846275663,-0.014908136032416279,0.02926851354206505,5.726302783072688,-0.003927175486460328,0.2541569415048322,-1.5310840094317086,3.184684247353369,0.9843376481810757,1.327352112895355,0.7131053393811453,0.2172354757785797,0.36834514141082764,0.9160000085830688,0.7131053414056078,0.38970132860270157,0.03566436199173759,0.42536569059443785,1.3322676295501878e-15,0.355859375,0.355859375,0.228359375,0.49583984375,0.018624943494796754,0,0.0,2.0,0.48373222983235054,0,99,625,ref,9160,0.916,3.9446346759796143,1.2323182821273804,,,70c581744b982ff4a0a51be439d546c090540f085f434bd16c8c27441cb4549e,,182.53209909494035,1065788,1095652,23,SNA,11
-1.4289298474113918,2.067693863151284,10.946558433170733,0.27478515625,-1.5454554921724049,1.8341297518898663,10.490403437073725,0.26001953125,1.1816474199339613,2.156268284355371,0.02611624247824933,-0.014504800476545707,0.029256270694875307,5.747088059452018,-0.002243646935094148,0.2563487368866567,-1.4880836690950519,3.187984095545473,0.9934052160477838,1.3258837709827764,0.7419985421188176,0.20284201204776764,0.3497462868690491,0.9085999727249146,0.7419985444028862,0.3900457542054977,0.04859565504842177,0.43864140925391376,5.717648576819556e-15,0.34021484375,0.34021484375,0.21666015625,0.47712890625,0.018677020072937013,0,0.0,2.0,0.42200033919320207,0,100,625,ref,9086,0.9086,4.580854892730713,1.4247571229934692,,,9efbb02f2df6bb91927eeed7bd47faf34df8c7722e9ad0b5051ffdcfb8255256,,186.23723590897862,1096416,1095652,23,SNA,11
-1.4813383802572357,2.11219315322424,10.89061661885703,0.2846875,-1.562399731491145,1.8340043151236876,10.271587361818613,0.2584912109375,1.1678056587961683,2.1704519931186828,0.025314175977454837,-0.014635194809229861,0.028976522905873596,5.76868350708397,-0.003194944034330547,0.25639511641312623,-1.5023922763122897,3.157189436739951,0.9169811079393062,1.3287961040594407,0.7559359508077614,0.2075231373310089,0.3422321677207947,0.9161999821662903,0.7559359508357011,0.39495050752838945,0.045049589996690384,0.4400000975250802,3.3306690738754696e-16,0.3322265625,0.3322265625,0.21033203125,0.467890625,0.01995207667350769,0,0.0,2.0,0.40955013842192767,0,101,625,ref,9162,0.9162,5.321186065673828,1.405293345451355,9236,0.9236,e95ed6cad88427eebbc55744de5f2fd44f68e22c8952a0675dd2a8babb0712b1,,192.82378757500555,1035296,1095652,23,SNA,11
-1.442839181696053,2.1001423096199736,9.726913451144739,0.27615234375,-1.5414919039026715,1.827385129866654,9.845071413295562,0.2619921875,1.1195192134565826,2.1915422705379624,0.0282749288632229,-0.014439815045763629,0.028315117177968866,5.796297964881791,-0.0011142701981589197,0.25533521314845753,-1.4802973270265736,3.0857714841023554,0.9422811199720065,1.3336393833449613,0.734932648439426,0.2480083554983139,0.3528585433959961,0.907800018787384,0.7349326481169556,0.39184885409450504,0.04088180276519,0.43273065685969464,3.885780586188048e-16,0.3407421875,0.3407421875,0.216640625,0.4828125,0.018526345491409305,0,0.0,2.0,0.4674386256620287,0,102,625,ref,9078,0.9078,4.425224304199219,1.199113130569458,9205,0.9205,2b63c26906c646379803946f5f553861fdc870e617a9c1c54a41d9084eee79e7,,198.68084383697715,1027984,1095652,23,SNA,11
-1.4289962476390479,2.1038399043165694,10.368720197281807,0.279609375,-1.4532662671747543,1.816572305503711,9.625891353659933,0.27346923828124997,1.0656440332771693,2.2135157713625,0.020775136483397724,-0.013524777824820011,0.02790551096936204,5.816446889839728,0.0006813343922840432,0.25633787783036044,-1.3847673117599877,3.0511690858156073,0.9327310390667216,1.3306153823577387,0.7408448577858507,0.21389555931091309,0.3560377359390259,0.9186000227928162,0.7408448579465039,0.3953431150204395,0.04179568519095648,0.43713880021139595,5.551115123125783e-17,0.3421875,0.3421875,0.21533203125,0.47998046875,0.01911219358444214,0,0.0,2.0,0.44205516981409143,0,103,625,ref,9186,0.9186,4.593794345855713,1.2816165685653687,9169,0.9169,cd5279b604f0fd995d7dc0b9f77c47d8d3b266a02a5e37b6ab445002095626a5,,204.5369459859794,1065800,1095652,23,SNA,11
-1.3573104512549066,2.111980839281673,11.003650193902331,0.29080078125,-1.4563611143668616,1.8336842611520208,10.072186530069864,0.27343994140625,1.106112461382281,2.228063093029746,0.028222415184605682,-0.01351344005626556,0.028557710068521897,5.8365243371528654,0.0018458285555243493,0.2585076143905728,-1.3824414013947504,3.118583213105277,0.9308642193487808,1.3273004071196002,0.7571991058962886,0.23739291727542877,0.3555304706096649,0.9107000231742859,0.7571991036529653,0.39791909298872385,0.04601597992483379,0.44393507291355633,1.3322676295501878e-15,0.3328515625,0.3328515625,0.2123046875,0.4690625,0.020481747388839722,0,0.0,2.0,0.443077567692361,0,104,625,ref,9107,0.9107,5.479070663452148,1.1399039030075073,9121,0.9121,4844d85a975d97e4315d58262ba5d88765be573b5dc6d923b207431ccae2a2c6,,210.10473775595892,1096428,1095652,23,SNA,11
-1.3402888314133197,2.104794955194366,9.952587201272674,0.297578125,-1.5048023907291026,1.8392103370642165,9.883955645231019,0.26867431640625,1.0955362696162032,2.247926405207929,0.0392319891397357,-0.013928677511843417,0.028188718559232523,5.862067746768491,0.00017881020554341376,0.25998802251653763,-1.426644436092912,3.08202040461631,0.923831480159981,1.3350456577795398,0.7751813982310705,0.19326072931289673,0.34826257824897766,0.9196000099182129,0.7751813991367817,0.40149709930097266,0.044586766976412964,0.44608386627738755,1.942890293094024e-15,0.32154296875,0.32154296875,0.20365234375,0.45498046875,0.022705852985382084,0,0.0,1.9999998807907104,0.4853291160697726,0,105,625,ref,9196,0.9196,3.8109850883483887,1.17909574508667,9211,0.9211,c427339ef7ac442493bf53e9b435571e3f7a8aaf2ba6b55a3448ccd29057f5fa,,216.1328322989866,1035312,1095652,23,SNA,11
-1.6150978991470066,2.1929530264682877,11.595562983987293,0.26123046875,-1.4887043531744006,1.8492181073560612,10.148123842215004,0.27376464843750004,1.1143982265461643,2.265535494495577,0.03967388753179201,-0.013796344942675141,0.028553350190109475,5.883746969636912,0.0009810333792120219,0.2615821483485888,-1.412286354096958,3.119587713124708,0.9219439255941322,1.3374444332530038,0.7237013891129754,0.22238023579120636,0.32881250977516174,0.9103000164031982,0.7237013896158896,0.3851350448255477,0.04147115137612468,0.42660619620166945,2.942091015256665e-15,0.34890625,0.34890625,0.22130859375,0.48765625,0.018098074197769164,0,0.0,2.0,0.4688945703593596,0,106,625,ref,9103,0.9103,4.840856075286865,1.3338184356689453,9205,0.9205,5bb7a7387d1f6abab758a5521c483cb576faf78ff66c5d30eddde9027d8fef5c,,222.5629743069876,1028000,1095652,23,SNA,11
-1.6134167879576133,2.161032719076512,10.376774706560385,0.26478515625,-1.5515861188896845,1.8555816588773881,10.033520989129903,0.2667138671875,1.112041642990051,2.2874230408971643,0.04371860887494442,-0.01434183599364404,0.028245674009065427,5.905154004399387,0.0012332631240133196,0.26287011914599256,-1.4679130339979864,3.0864158312821526,0.926917587477173,1.3381957439044225,0.7341558342531789,0.2516319751739502,0.33659815788269043,0.913100004196167,0.7341558317933231,0.3901005838432091,0.044672982065828516,0.4347735659090389,1.2212453270876722e-15,0.34478515625,0.34478515625,0.21923828125,0.4840234375,0.01913297176361084,0,0.0,2.0,0.5519792725716751,0,107,625,ref,9131,0.9131,3.0415914058685303,1.0350449085235596,9157,0.9157,a98a6d58861e61a8535e0d3bf60e5201d2acf69a1c282bcdb723b5b762254d5b,,228.8635682410095,1065816,1095652,23,SNA,11
-1.5861266526021338,2.1459995072859868,10.521260203928454,0.25498046875,-1.6845165825819959,1.880237058586396,10.33729566717218,0.2438134765625,1.1846285948408706,2.3038422636606355,0.04682053798011502,-0.015568742619007439,0.02875105349869949,5.927137737845212,-0.00027599362001637926,0.264116496263748,-1.5951039207903523,3.1383766215465294,0.892602317219218,1.3396650774110619,0.7195694174536038,0.21292011439800262,0.34326496720314026,0.9208999872207642,0.719569417083403,0.3892327176284678,0.0390224369718893,0.4282551546003509,6.161737786669619e-15,0.35060546875,0.35060546875,0.2239453125,0.49201171875,0.017576730251312258,0,0.0,2.0,0.4664018702024619,0,108,625,ref,9209,0.9209,4.060573577880859,1.1115334033966064,9256,0.9256,a636607a6a233e7b61fdd2f7e6265b26ef6704ce975af1c1e381c68e6ccc2637,,234.93158299196512,1096440,1095652,23,SNA,11
-1.5286555425516217,2.1761235944984176,10.373506283947782,0.27833984375,-1.7354805419044685,1.8877361194695423,10.113441819115756,0.23923339843750002,1.1738433359447693,2.3314362356730136,0.05826808513214187,-0.01597438097334003,0.028356575235639336,5.951640063179525,-0.001461602954659611,0.2641050630735717,-1.6378422355458704,3.102063002033838,0.8510708985018396,1.3405575507424843,0.7383825129992329,0.21890951693058014,0.33519574999809265,0.9171000123023987,0.7383825115137733,0.39412500093392305,0.038559380052400685,0.4326843809863227,9.992007221626409e-16,0.34267578125,0.34267578125,0.21556640625,0.4779296875,0.023301565647125246,0,0.0,1.999999761581421,0.459536497638445,0,109,625,ref,9171,0.9171,5.079741954803467,1.1740846633911133,9267,0.9267,268a97aaeabf73fb97a445494dda004f651a4aece5640ef7f8a968318df4b98c,,240.6123747669626,1035324,1095652,23,SNA,11
-1.4639036549444353,2.092859374518179,10.874371398808455,0.27470703125,-1.6440686511648779,1.8870977338079016,10.178110710155638,0.25174072265625,1.16214891449736,2.3520784442625895,0.046910498182967934,-0.015256531646525453,0.028565038123156288,5.970500547855574,0.0003220023773610592,0.2679995843636467,-1.562523715935891,3.127282650841795,0.798287965444809,1.3375062796967259,0.7346493870741688,0.21635276079177856,0.3567737638950348,0.9204000234603882,0.7346493869740516,0.39008996335116225,0.043204111352663235,0.4332940747038285,3.0531133177191805e-15,0.3441796875,0.3441796875,0.22072265625,0.48083984375,0.017662620544433592,0,0.0,2.0,0.4634733672730095,0,110,625,ref,9204,0.9204,4.59608268737793,1.0842466354370117,9173,0.9173,c2bbd7c4617e22ec0fe30d360369265b403c8d865a2b13f976ddd653e75f0257,,247.0997140839463,1028012,1095652,23,SNA,11
-1.4145434572198483,2.1107077354367845,11.663844027652011,0.27927734375,-1.6247056491813552,1.8925328572150328,10.329562297520372,0.2540625,1.159252588472684,2.362527948563525,0.05990007860228589,-0.014938650007796874,0.028687039795829313,5.984761555514183,-0.0002268143420224078,0.26921319362305063,-1.5305094331561495,3.1426222212117776,0.8236806970195321,1.3329823644121048,0.731818373578135,0.22219134867191315,0.34915441274642944,0.914900004863739,0.7318183746759314,0.3857280743799559,0.04266195685251743,0.42839003123247266,6.661338147750939e-16,0.343671875,0.343671875,0.219296875,0.48056640625,0.02061331868171692,0,0.0,2.0,0.4185287626309631,0,111,625,ref,9149,0.9149,4.873051643371582,1.0845515727996826,9242,0.9242,617d44088ee15f81e514299873e84d8912e83d94c205eb39ec9ef96f4af39ffb,,253.73155052494258,1065828,1095652,23,SNA,11
-1.465808271503585,2.16512109247737,11.30846768755281,0.28625,-1.619328219678322,1.8974923001860153,10.368886578877593,0.25677978515625,1.1525780499005265,2.3790109014439276,0.068888077920761,-0.014868615756253834,0.028618362606913455,6.00538555219303,0.0010334437945857644,0.27094977163249484,-1.5220750195368147,3.1387448733798036,0.8464964811836222,1.3334943675800452,0.749412440515589,0.21296550333499908,0.34342747926712036,0.9204000234603882,0.7494124383421149,0.3980070338023192,0.03820864346647938,0.4362156772687962,2.4424906541753444e-15,0.33515625,0.33515625,0.2149609375,0.47017578125,0.018691784143447878,0,0.0,2.0,0.45999611790423756,0,112,625,ref,9204,0.9204,4.707240104675293,1.2842144966125488,9131,0.9131,3cc8f4fcf8757dc413168004f15416ec18ae324e3990b86f08c3cb0f267d89f6,,260.03506458795164,1096456,1095652,23,SNA,11
-1.5359584913389932,2.192177563807224,11.997630432531965,0.28091796875,-1.6781971681258618,1.9113228314393096,10.563599783877285,0.25222412109375003,1.1864726788477469,2.4019705205579704,0.0647117665754621,-0.015423433336528203,0.02885811202265975,6.028671835209466,0.002818085990729742,0.27492415999661224,-1.5771246762407216,3.1681893699546824,0.8060000200658648,1.339841992356002,0.7531002627627459,0.2020067572593689,0.33495113253593445,0.9204000234603882,0.7531002632330638,0.39997052643109354,0.04272057788920868,0.4426911043203034,1.1657341758564144e-15,0.33478515625,0.33478515625,0.21330078125,0.4709375,0.0209341824054718,0,0.0,2.0,0.5655418602249325,0,113,625,ref,9204,0.9204,3.8220207691192627,1.14659583568573,9211,0.9211,8dc84e0b95201653b210d4bbd5511c9aca9d636a7c3a151c6d578119e9d3ca64,,266.01488670893013,1035340,1095652,23,SNA,11
-1.5934641772492202,2.185876652217197,10.729277569141209,0.2625,-1.7392777466717115,1.9221562481148513,10.681442617092866,0.2464697265625,1.2215342777704246,2.4139675239567113,0.059182840439825427,-0.016089742530944685,0.02904191276351495,6.050331593180354,0.001197637647856027,0.27663610152359047,-1.6470003804761566,3.1900418284351093,0.7879958600284869,1.3408934445166232,0.7240339611447416,0.20995011925697327,0.3393317759037018,0.920799970626831,0.7240339588117786,0.38684144780104945,0.03860889249902679,0.42545034030007545,7.771561172376096e-16,0.34638671875,0.34638671875,0.2191796875,0.4848828125,0.019432163238525393,0,0.0,2.0,0.4563010802233376,0,114,625,ref,9208,0.9208,5.163003921508789,1.138651728630066,9093,0.9093,5e7276becd43af8e0b61a18b38f668b54c3d3724504039ba3eab3f53d4921e8e,,272.73179417895153,1028024,1095652,23,SNA,11
-1.446036895845279,2.1554947447414032,10.193394114011205,0.27798828125,-1.6680430681377947,1.9165675971554004,10.452877406145712,0.25525390625,1.1807117200792534,2.4357308493400076,0.056788785046763525,-0.015396286620945714,0.028782435522185883,6.0720425511437774,0.0033733106881845745,0.27743993635166414,-1.5737886014000422,3.162446206078375,0.7882478913302149,1.3419416653273688,0.7322411582386121,0.19307100772857666,0.3380160927772522,0.9208999872207642,0.732241157364333,0.3959248126873791,0.0313135013293749,0.4272383140167563,2.3314683517128287e-15,0.34064453125,0.34064453125,0.21630859375,0.48224609375,0.020240962505340576,0,0.0,2.0,0.4800108536051996,0,115,625,ref,9209,0.9209,4.65382719039917,1.1703734397888184,9266,0.9266,4599e921445cf66954f647dcf06a61d357f7eabb15a5efa9e4eb16dca09d99f7,,278.6225780938985,1065840,1095652,23,SNA,11
-1.5436173153083916,2.169507962152632,11.065628221722084,0.27646484375,-1.5816320670973156,1.919370214287116,10.644793952878894,0.268203125,1.1760351292458717,2.448985588016472,0.0589613022302267,-0.014607038229258134,0.02911852528860027,6.093667916232952,0.0048937332001514735,0.2783535440128653,-1.4914193006362821,3.1955754694939498,0.8561401308979106,1.3464857331933484,0.7400156707852148,0.21083857119083405,0.3386676609516144,0.9212999939918518,0.7400156716932542,0.39369634142324544,0.04043016875391489,0.434126510177156,4.3298697960381105e-15,0.34033203125,0.34033203125,0.21568359375,0.47916015625,0.02001526951789856,0,0.0,2.0,0.46924762346268367,0,116,625,ref,9213,0.9213,4.390573024749756,1.1139740943908691,9239,0.9239,680d57d617d17787a26feac28ddb43f4a0a474ad1fd5920216d130506a635d79,,284.13258201093413,1096468,1095652,23,SNA,11
-1.4513921107447496,2.130114607895657,10.571967593183768,0.28017578125,-1.608240288522545,1.9252433742546842,10.741975346614101,0.26206298828125,1.1857850563468342,2.464513026131761,0.056263967632966455,-0.014855438601532536,0.029143924904198634,6.111542128691594,0.004615537856443553,0.28111041170801615,-1.5171430865788784,3.2018631246839915,0.8617676038730311,1.3431747304933999,0.7408608632732648,0.24530601501464844,0.3348868489265442,0.90829998254776,0.7408608640404418,0.3919203742092974,0.04013051130869049,0.43205088551798987,1.9984014443252818e-15,0.337109375,0.337109375,0.21529296875,0.47576171875,0.02111817002296448,0,0.0,2.0,0.42093729009037145,0,117,625,ref,9083,0.9083,4.9033284187316895,1.29512357711792,9132,0.9132,fe343fb17bf94ecf086cf13792dda38ba056573a446399239808283b26cf78f3,,288.95171640999615,1035352,1095652,23,SNA,11
-1.5010259060997178,2.158965623942343,12.033149333324882,0.27615234375,-1.5847031412883998,1.9331128167892984,11.181065540245381,0.26691162109375,1.2056765333927217,2.4656208569653337,0.0656277720770002,-0.01451008702433336,0.029621948922425048,6.128663322027695,0.004680766140809283,0.28349729981208466,-1.481700798406764,3.2553904439117245,0.8716578006259073,1.3403517309178283,0.7355124777415767,0.22142073512077332,0.3430839478969574,0.9147999882698059,0.7355124763597268,0.3935597835838683,0.039651549275403195,0.433211332859266,5.495603971894525e-15,0.34240234375,0.34240234375,0.21841796875,0.48302734375,0.020132911205291752,0,0.0,2.0,0.5324874674512728,0,118,625,ref,9148,0.9148,3.8284599781036377,1.0227067470550537,9252,0.9252,563931d54612cdb3fcbcab94fc8f2a07ac8d5bb8078ab65c869f92c0bf28b1b9,,293.88601604895666,1028040,1095652,23,SNA,11
-1.301365941960413,2.2140186616925788,13.24683346444766,0.30345703125,-1.4753228959932647,1.9386634088107189,11.593586387551884,0.28844482421875,1.2189870545047672,2.4768364207459643,0.06259233741086465,-0.013447529967549136,0.030317945761801964,6.145831324326662,0.007041971359867603,0.2841353125149343,-1.3704935733233585,3.322788910560716,0.8212186023802308,1.3384362291546723,0.7624297207640484,0.2453504502773285,0.3362044095993042,0.9072999954223633,0.7624297226418275,0.39946652362803464,0.04560766376808534,0.44507418739612037,3.885780586188048e-16,0.329375,0.329375,0.20875,0.46373046875,0.020923763513565063,0,0.0,2.0,0.4555590257036467,0,119,625,ref,9073,0.9073,4.680881977081299,1.0904333591461182,9084,0.9084,3d13d08cbf0a75f8da82d5612bf9dbeecfc431ae0c1151c5ed0a1668454fe4f9,,298.8304758449085,1065856,1095652,23,SNA,11
-1.4048422334194277,2.1910158852314505,10.31260912351886,0.2933203125,-1.4638487533874354,1.9365620570593158,11.345132791503202,0.29025146484375003,1.1889008266999048,2.498581801783078,0.06278997235882486,-0.013399784992229005,0.029888289481695234,6.162488453675691,0.008752005812712014,0.2864203187645586,-1.3638926480718156,3.2802034800315547,0.8145209976154622,1.3385664181094372,0.7507275342254434,0.2507011592388153,0.33537060022354126,0.9081000089645386,0.750727533812169,0.39907409351111517,0.04275133011414785,0.4418254236252638,7.771561172376096e-16,0.3365625,0.3365625,0.21443359375,0.47357421875,0.01964928507804871,0,0.0,2.0,0.5206120409122862,0,120,625,ref,9081,0.9081,4.236630916595459,1.1506303548812866,9158,0.9158,a99c4721de9333bd27f9b59104086ed9282efff756ce6473424ebebffdeb1654,,303.67178778897505,1096484,1095652,23,SNA,11
