zbar_cur,sigma_cur,between_cur,pos_frac,zbar_inv,sigma_inv,between_inv,pos_frac_inv,var_off,var_wid,var_cross,rowmean,rowmean_sd,cnorm,bias,bias_sd,star,star_sd,eps_max,w2col,gate_mean,ce_probe,alpha_med,acc,gbar,gvar_mean,gbar_var,pooled_var,g3_ident,cov,cov_abs,cov10,cov50,q10_med,hard_dead,gmin,gmax,gcorr,gcorr_degenerate,task,step,clamp,correct_seq,acc_seq,ce0,ce20,correct_fresh,acc_fresh,param_sha,fresh_param_sha,secs,vmrss_kb,maxrss_kb,cpu,arm,seed
-1.8959360306752524,1.255283905714804,4.694290817077632,0.23099609375,-1.6456804137267829,0.4701982094297089,1.1751274548530177,0.06656494140625,0.12172937428007456,0.09828419118077149,0.0010727906900581802,-0.0028652111714820784,0.009741723407701717,1.183983637970092,-1.3384723746776581,0.06277095887326739,-1.6319783375767594,1.0483158843630342,0.1545089657794283,0.7212796154413283,1.0513897931564133,0.38544049859046936,0.5283836126327515,0.886900007724762,1.0513897917501163,0.41268688265906434,0.0722697585739667,0.484956641233029,2.0539125955565396e-15,0.20052734375,0.20052734375,0.1246484375,0.29677734375,0.09228559732437133,0,0.0,2.0,0.038580163788673606,0,1,625,ref,8869,0.8869,2.3021435737609863,2.2719810009002686,8869,0.8869,783fd38574dcb1308aaa0562a4cc5810f92b0b1b7f27387643a853bea40dd78c,783fd38574dcb1308aaa0562a4cc5810f92b0b1b7f27387643a853bea40dd78c,6.31788237800356,1019636,1069548,19,SNAi_V,13
-1.445861878597706,1.3191885383767419,4.067887248069592,0.24265625,-1.5491221846775727,0.6091036319413153,1.973304015297122,0.140615234375,0.19712549697299347,0.17116764062977294,0.00271409684133467,-0.0019556139126607214,0.012773030615600357,1.6138617289330353,-1.3475633430480958,0.08330055829584634,-1.5478921530874132,1.3751958513033777,0.18369722265525024,0.7691639611330169,0.9161776880652178,0.3226010501384735,0.5258868932723999,0.9057000279426575,0.9161776885413565,0.403889814896404,0.0817340700659442,0.4856238849623423,5.88418203051333e-15,0.260078125,0.260078125,0.1638671875,0.37427734375,0.04553685784339906,0,0.0,2.0,0.22801939412995578,0,2,625,ref,9057,0.9057,2.6876697540283203,1.292099118232727,,,e8e508d3a739fc41e765f1ec8aa8ab7b74400d0da7eb129847c71015e03bdb85,,9.47326719306875,1027176,1069548,19,SNAi_V,13
-1.150012963426342,1.2560861273144384,3.140325520749052,0.2363671875,-1.3510658407607048,0.6610389787596366,2.0945796124775793,0.16509277343749998,0.19873700938053665,0.23053915212066947,0.007696369938376864,-8.820263608657293e-05,0.012974281689824617,1.8755049155140582,-1.3525867772102356,0.09314357986195587,-1.3616220622504784,1.4036560684542978,0.246575299275702,0.8081758697066063,0.8688792923849542,0.31434503197669983,0.5688369274139404,0.9126999974250793,0.8688792921928689,0.39672183358499735,0.08507082782167749,0.48179266140667204,2.831068712794149e-15,0.28427734375,0.28427734375,0.177734375,0.40490234375,0.025297510623931884,0,0.0,2.0,0.2767860774775916,0,3,625,ref,9127,0.9127,3.176847219467163,1.3497670888900757,,,ac6e246287b0f28dfa3527bba3267e2c9a459e24acf6187af1b7f51c450e094a,,10.595721116056666,1065000,1069548,14,SNAi_V,13
-1.032852621161293,1.262989394471306,2.883259400633878,0.2317578125,-1.166049073049959,0.6860579432884119,1.933448462601575,0.17455322265625,0.18468875776577057,0.2777901456432125,0.008196598140142364,0.001698379227312803,0.012391760615040933,2.049975412993467,-1.3522129118442536,0.0994869528462168,-1.1782346601042863,1.3473681422297592,0.21469692774368276,0.840705349198301,0.8267947767302394,0.328945517539978,0.5411805510520935,0.9136000275611877,0.8267947760783136,0.3978797246063067,0.07554547839517514,0.47342520300148083,9.992007221626409e-16,0.30345703125,0.30345703125,0.1928515625,0.43072265625,0.023896384239196777,0,0.0,2.0,0.18625476198184557,0,4,625,ref,9136,0.9136,5.069465160369873,1.4931100606918335,,,fe7a08a6a7db275b844d357df07d7d6ebb049b939c17493595e5757463f26d23,,11.497630029101856,1095624,1093820,4,SNAi_V,13
-0.8530961245689289,1.2830662941935957,2.3604555488930234,0.2479296875,-1.0405547304737375,0.7054859179295742,1.7755989815037285,0.18040283203125002,0.17298112862444068,0.3122681666150288,0.01246108515746419,0.0029268490909955384,0.011745503605282823,2.1857103329660577,-1.3506019115447998,0.10381848824598658,-1.0507818950436607,1.2830918864386345,0.3085940427987772,0.8714472687708195,0.8040040571370628,0.2664988338947296,0.5567107200622559,0.9205999970436096,0.8040040570590645,0.3909207387857441,0.07948807423383503,0.47040881301957677,2.3869795029440866e-15,0.318125,0.318125,0.20185546875,0.448359375,0.02350190877914429,0,0.0,2.0,0.25506926723025775,0,5,625,ref,9206,0.9206,3.8745651245117188,1.4070305824279785,,,c93fac6309f513ad7f4280997525b9884c6eeaddffddb5bc757e2c8bfebb3543,,14.413821257068776,1034532,1093820,23,SNAi_V,13
-0.8218239122868108,1.2791769518990943,2.2583317733391017,0.25318359375,-0.9802107816387426,0.7376413030979168,1.7949681221347635,0.18721435546875,0.1790731692482527,0.35063561750504035,0.014405905282699456,0.0035290144786630064,0.011799559632778296,2.3111278843368535,-1.350339069366455,0.10944632323572777,-0.9888345481799493,1.2907607644615788,0.2921324330845285,0.9009144419178517,0.7808169168094173,0.30115440487861633,0.5923321843147278,0.9171000123023987,0.7808169163635467,0.3878519352310404,0.07564710094789324,0.46349903617893423,6.106226635438361e-16,0.32794921875,0.32794921875,0.20892578125,0.46123046875,0.020186585187911988,0,0.0,2.0,0.25356981843050014,0,6,625,ref,9171,0.9171,3.551565170288086,1.438019037246704,,,585dbb0675877f20ceb0bb0ef2c04a692343ef855af983f47dfc80a634d2852d,,16.327709353063256,1027228,1093820,5,SNAi_V,13
-0.8191159527740216,1.261175136274211,2.005084328728547,0.2544921875,-0.8556741604784937,0.7449724305833915,1.4389941594246236,0.1960986328125,0.15634335623882734,0.3884950760848143,0.01014549000568416,0.004697044678746266,0.010505621437322461,2.432364177675735,-1.347808254957199,0.10990470696423915,-0.8666532758976929,1.1524300305513855,0.2987831707849491,0.9305751137667364,0.8065310199582018,0.24850863218307495,0.5746706128120422,0.9204999804496765,0.8065310205961578,0.3976207655559121,0.07305026061074725,0.4706710261666636,4.274358644806853e-15,0.31677734375,0.31677734375,0.2005859375,0.44380859375,0.022326850891113283,0,0.0,2.0,0.16316186546150988,0,7,625,ref,9205,0.9205,5.012960433959961,1.4702287912368774,,,c5d6fa45237a65ad497c251a141a7f028e41e0ea6dd5314a61d830557d77eece,,17.107873049099,1065040,1093820,5,SNAi_V,13
-0.844556851332257,1.2683120654619426,1.990188438762715,0.25671875,-0.8330523324426813,0.7695779904471604,1.4433343621205885,0.206044921875,0.16022683400052803,0.4253154407301206,0.0067080086500407865,0.004958322482634741,0.010542051048658475,2.5418723178596,-1.3483473587036132,0.11669987959696863,-0.8404276531284061,1.1610779513394123,0.330317330072491,0.9562053270248617,0.7725241228926462,0.2994207739830017,0.5622444748878479,0.9205999970436096,0.7725241224770434,0.3883341069810111,0.0712796036472508,0.45961371062825984,2.1094237467877974e-15,0.33357421875,0.33357421875,0.2135546875,0.465,0.01847280263900757,0,0.0,2.0,0.2844987430325881,0,8,625,ref,9206,0.9206,3.1843717098236084,1.2104185819625854,,,215b72cf0639121db16d7629d56bda736157cd819d01c00a52d2ddc1e2def6ea,,17.933703025104478,1095672,1093820,5,SNAi_V,13
-0.6678268247795787,1.2764986411084251,1.6724789101811859,0.2780859375,-0.747077173430926,0.8015712291994418,1.485037009134231,0.22819091796875002,0.1719643589978941,0.4577865583712794,0.012765518111130287,0.005669958724719465,0.010654276889270396,2.641753716982988,-1.3452008736133576,0.1211285446114702,-0.7643827085647658,1.1727132607045962,0.4722189423061651,0.9894448317689256,0.7826433754502795,0.2736370861530304,0.5637403726577759,0.9144999980926514,0.7826433755515609,0.39379560991419454,0.06809108104789126,0.46188669096209034,4.551914400963142e-15,0.32595703125,0.32595703125,0.208515625,0.4576171875,0.02076823115348816,0,0.0,2.0,0.2972085622744802,0,9,625,ref,9145,0.9145,3.2558815479278564,1.3593409061431885,,,b5b8d2711d9bc19bae7dc56dddd2a365fa6f3bc1bc59b6cbe1e513890369c631,,18.819212532020174,1034552,1093820,5,SNAi_V,13
-0.6159490404467851,1.2824642288632175,1.5361673790606676,0.27818359375,-0.696687196181583,0.8083030275384111,1.2386987895118504,0.23798095703125,0.15902243180303485,0.4903582017901178,0.003973150734608449,0.006241475905804883,0.009784865575355512,2.734710226715167,-1.3417354285717011,0.12254640262381444,-0.7023722940571808,1.0786726991070528,0.4035035784538137,1.0136357602527277,0.7821536206954625,0.300224244594574,0.5582934021949768,0.9192000031471252,0.782153621094767,0.38666860169335804,0.07089944186693113,0.4575680435602924,3.219646771412954e-15,0.32458984375,0.32458984375,0.20533203125,0.45455078125,0.017348474264144896,0,0.0,2.0,0.25935799328788867,0,10,625,ref,9192,0.9192,4.704678058624268,1.2768670320510864,,,23b07b081f7c0598a71136a763e192a007be44927deeb7cced16b8095672ae94,,19.624662732006982,1027244,1093820,5,SNAi_V,13
-0.7071761938240465,1.278576479306166,1.883028082216894,0.2778515625,-0.7208233749844253,0.8253306955667221,1.265393326860828,0.23685791015625002,0.15441459227443194,0.5237558776622657,0.00300028710795146,0.005957637885693403,0.00976233096494568,2.8247540823557857,-1.3394352304935455,0.12549358807900457,-0.7291478416795075,1.0783840167387517,0.37292659380116994,1.0331737511969414,0.7831184004899114,0.2934202551841736,0.5532416701316833,0.9132999777793884,0.7831184011965524,0.3917642384944538,0.071783382466986,0.46354762096144175,1.942890293094024e-15,0.32669921875,0.32669921875,0.20828125,0.4594140625,0.017280054092407227,0,0.0,2.0,0.2417212348465915,0,11,625,ref,9133,0.9133,3.833965539932251,1.3617085218429565,,,a1c3cb2e7f5e791a36a36217b7f59a333a21f71200810d1eb8c95a91f94e19aa,,20.451500283088535,1065060,1093820,5,SNAi_V,13
-0.6546829480341861,1.2969497179836424,1.5036045956777462,0.272890625,-0.6786384704948953,0.8357131787383101,1.0937356954210573,0.23704833984375,0.14656156387577662,0.555037458924604,-0.003182505683490377,0.006403829176914815,0.009117874519850402,2.9038101763800834,-1.3373641347885132,0.12726281246023202,-0.681369886434558,1.0113016769554763,0.4122741849975864,1.047398626990695,0.7633706892910413,0.2498636543750763,0.5402038097381592,0.9230999946594238,0.7633706891839392,0.3881208113797821,0.06862133428969036,0.4567421456694756,3.1086244689504383e-15,0.3385546875,0.3385546875,0.21494140625,0.46947265625,0.017625534534454347,0,0.0,2.0,0.23645179136258085,0,12,625,ref,9231,0.9231,3.8409907817840576,1.273963451385498,,,f9c0840b9b2d9927c4e44409e82d5701078d7910752bbb53be17089536d29130,,21.37652712909039,1095688,1093820,4,SNAi_V,13
-0.6805800128655431,1.2698878140051997,1.5892220645783521,0.2812890625,-0.6787966092327679,0.8473325241080563,1.038735963489755,0.24393310546875002,0.14162213813722796,0.5806176985640777,-0.004267430289976227,0.006288925711687915,0.008967170518891246,2.981088964218658,-1.3361928987503051,0.12763673453865707,-0.6919691099483485,0.9900670454609255,0.37655182038817636,1.058166415781136,0.7744816634443122,0.33966463804244995,0.5301047563552856,0.9101999998092651,0.7744816647353582,0.4004823649290685,0.06048410876757528,0.4609664736966462,2.3869795029440866e-15,0.33119140625,0.33119140625,0.21177734375,0.463828125,0.01959139704704285,0,0.0,2.0,0.26924955023319513,0,13,625,ref,9102,0.9102,3.896688222885132,1.0831693410873413,,,7d2210248aeb62e364ae6111b4a0dbcc0b69e78f2ef5a099f4af39736b9cb9d5,,23.27558128500823,1034568,1093820,1,SNAi_V,13
-0.8845159622933436,1.2900708047549558,1.6871054150459317,0.23865234375,-0.7721445885566497,0.8658826528401439,1.1441926482636533,0.22837890625,0.14169993085756766,0.6115493937499633,-0.0034965561180460643,0.0055898246068477745,0.009422339876407618,3.057758273447746,-1.3375800436735152,0.1298751681017055,-0.7649706423143499,1.0357670061568116,0.4076158854686358,1.0751336946778678,0.7526134515588637,0.26602232456207275,0.5356447100639343,0.9229000210762024,0.7526134504354559,0.3884783242523627,0.05663442805749089,0.4451127523098522,1.3877787807814457e-15,0.3370703125,0.3370703125,0.21515625,0.47384765625,0.02022613286972046,0,0.0,2.0,0.2954572387791085,0,14,625,ref,9229,0.9229,3.556351900100708,1.1847803592681885,,,70f78af320e33b4456692081ba1f032c1ed573575480ad1c0365142cbaa0ccab,,25.260609549004585,1027256,1093820,20,SNAi_V,13
-0.7660101972213159,1.3283225794129934,1.4604981773469852,0.25978515625,-0.813867532298469,0.8746734984031543,1.1325187409611879,0.21672119140625,0.13681222995957293,0.6359222137734133,-0.0076807149241736265,0.005159285474292436,0.009448189484180917,3.1296914423352917,-1.336785089969635,0.12982241656039345,-0.8082791752658821,1.0303926444086304,0.45450177929666524,1.087796746885091,0.7385082722292282,0.313096821308136,0.508400022983551,0.9103000164031982,0.7385082725877874,0.3788866799998293,0.06924763063543524,0.44813431063526177,2.7755575615628914e-15,0.350234375,0.350234375,0.22376953125,0.4875390625,0.016865432262420654,0,0.0,2.0,0.2651969015630056,0,15,625,ref,9103,0.9103,4.958615779876709,1.2981096506118774,,,c20ccc8b5a7834ad9b097735460359ab4d712f7e4e35789d2279a25d2f773a88,,28.55279354506638,1065072,1093820,20,SNAi_V,13
-0.6528480130522191,1.3172743513516478,1.287683104316504,0.26744140625,-0.7515802539613816,0.8883608772770312,1.0878547793325906,0.2292138671875,0.13900200098275042,0.6559968260615853,-0.0058137787679194974,0.005660922725033308,0.009257175917467149,3.1893284303177176,-1.3337782680988313,0.13188706520276933,-0.7538857310859801,1.007079433328752,0.46303150921824865,1.105332632555859,0.7368248330266215,0.278731107711792,0.5668424367904663,0.9168999791145325,0.7368248336145189,0.3865852510979872,0.05622195275552198,0.4428072038535099,7.216449660063518e-16,0.34716796875,0.34716796875,0.221640625,0.4846875,0.016797518730163576,0,0.0,2.0,0.3363024488726503,0,16,625,ref,9169,0.9169,3.1445369720458984,1.1047518253326416,9077,0.9077,4014b77372734e99c3ba40012646351f835b2529463f167879b1aefea38053ea,,34.25981205608696,1095704,1093820,20,SNAi_V,13
-0.7440282750300602,1.2913196334632988,1.695336980905905,0.265078125,-0.7012141767916995,0.9034614577205214,1.0120446675300954,0.24808349609375,0.13741627074724047,0.6864580591333903,-0.00763172429414149,0.006070197592285562,0.008919129094332467,3.24708053165015,-1.3346003544330598,0.1314904333058412,-0.7127825955730741,0.9682416339775607,0.5387116109114168,1.1117643156522512,0.7438998553913553,0.276560515165329,0.535612940788269,0.9143999814987183,0.743899855860509,0.3712730085768709,0.07966685219277327,0.45093986076964965,5.495603971894525e-15,0.34970703125,0.34970703125,0.2235546875,0.48455078125,0.01649799942970276,0,0.0,2.0,0.2897041478386793,0,17,625,ref,9144,0.9144,4.258052349090576,1.165476679801941,8898,0.8898,c4c2e8adee0dc2586561a743124d34d5c80279e7e33122b8b38abd3af869f5ce,,37.026370933046564,1034588,1093820,1,SNAi_V,13
-0.7333093113390865,1.3630825193848528,1.751363665980935,0.2841796875,-0.7453937843084155,0.921627954267687,1.1449272968901787,0.24503662109375002,0.14224651004728514,0.7113330619023515,-0.004181485861994966,0.005606656111748563,0.009436896411294532,3.3129779122642766,-1.3325888705253601,0.13335879203450707,-0.75825528663399,1.023553483357645,0.5745060061688188,1.1263682602295264,0.7825596562062855,0.35130417346954346,0.5219545960426331,0.9164000153541565,0.7825596550747287,0.4013899401333388,0.06276224533081214,0.46415218546414744,3.497202527569243e-15,0.33015625,0.33015625,0.21115234375,0.4572265625,0.02064005732536316,0,0.0,2.0,0.3451794544098889,0,18,625,ref,9164,0.9164,3.7637858390808105,1.2722874879837036,8985,0.8985,c0047b0b031ea0863fd43e3ba390e2d1e8a033fc99ef26cf0b61804b8fc078c9,,38.71618308604229,1027280,1093820,4,SNAi_V,13
-0.5962212417357707,1.3294170456405463,1.377303537277936,0.29423828125,-0.7340293162968778,0.9339502185123136,1.085142824637827,0.24642578124999998,0.13785663865523856,0.735562372143605,-0.0011560001396451502,0.0056442893742908555,0.00921483438693678,3.3644508639359922,-1.3290850961208343,0.13307063379440717,-0.7508964431617988,1.0017981299385843,0.5373303204303133,1.133498979545064,0.7613965643814299,0.30568432807922363,0.5273571014404297,0.9125000238418579,0.7613965637190268,0.38582209452514626,0.062031730820946505,0.44785382534609064,2.1094237467877974e-15,0.33396484375,0.33396484375,0.21232421875,0.468515625,0.017048150300979614,0,0.0,2.0,0.36002732072336596,0,19,625,ref,9125,0.9125,3.3910508155822754,1.2675114870071411,8929,0.8929,0cf43f2d8cff8daf0424ccafbd75b5184dde59d657e4b608d8c3b3ec45ca2f7c,,43.907217461033724,1065096,1093820,20,SNAi_V,13
-0.5869333660691165,1.3876040270659649,1.4105226853992925,0.30220703125,-0.6250364176419005,0.9541811433361267,0.9997619913008079,0.2735205078125,0.14927168004216068,0.7627447705492542,-0.0015547962931772592,0.006712381161009398,0.009021319261887067,3.4299684024824764,-1.3237691575288772,0.13289618935080744,-0.6361675190818334,0.9662959824124385,0.5499631483461062,1.150148628267497,0.7628368075354957,0.3185310661792755,0.5062062740325928,0.9150000214576721,0.7628368081513327,0.40150562497046643,0.05288612988557203,0.45439175485603905,6.106226635438361e-16,0.3376171875,0.3376171875,0.21375,0.47072265625,0.018923699855804443,0,0.0,2.0,0.3076931312860448,0,20,625,ref,9150,0.915,3.988966941833496,1.0742580890655518,8992,0.8992,ebfbd0bceabf7db4d130fb27e4af7f9191bd898c786924baf21a462e56bbb6b5,,48.78144495503511,1095864,1093820,6,SNAi_V,13
-0.704101194139718,1.3241128648380334,1.6662136731844928,0.291171875,-0.6184536664835258,0.9673907911201425,1.0341855209276118,0.27958740234375,0.15614820049041161,0.7866336029221931,-0.006936860668549813,0.006671472806425017,0.009367841524389823,3.4813051803123702,-1.320337654352188,0.1321154547665416,-0.6369265782352137,0.994720674198818,0.5401377765252812,1.1496584394271405,0.790216902513057,0.2840711176395416,0.5254994034767151,0.9203000068664551,0.7902169041510205,0.39023494012897897,0.07079906921281917,0.4610340093418004,2.220446049250313e-15,0.32224609375,0.32224609375,0.20189453125,0.45302734375,0.02274688482284546,0,0.0,2.0,0.31480414809268265,0,21,625,ref,9203,0.9203,4.156809329986572,1.1981868743896484,,,2531973b8ccd34e48b1fb91b34a0e37d4d650ffee03db2ff16be678ff508950f,,49.61513819405809,1034756,1093820,6,SNAi_V,13
-0.6504334717812924,1.3802141757026842,1.1943923703240766,0.2971875,-0.6285667937034137,0.9709993741524598,0.8779586040615623,0.27794189453125,0.14076455565884174,0.8078564861209889,-0.005781257175362277,0.006568805488790859,0.008722678186255474,3.535459086837932,-1.3174435144662857,0.13141271114319258,-0.6445494537164176,0.9229919138497183,0.5811336750260949,1.1567491644738488,0.7633585353242234,0.3357316553592682,0.4692654609680176,0.9175999760627747,0.763358536240412,0.3938976092915389,0.06150011574095855,0.45539772503249365,3.774758283725532e-15,0.33693359375,0.33693359375,0.2133203125,0.47033203125,0.019020146131515505,0,0.0,2.0,0.33702251214485174,0,22,625,ref,9176,0.9176,3.9725992679595947,1.1490230560302734,,,5952343e7c6982a3ca35eae5fad5ecfd04dd334bb8a9cab9e089341f4d1e93bb,,51.72539061307907,1027448,1093820,17,SNAi_V,13
-0.744458940327702,1.374837327395488,1.3267575933648148,0.2796484375,-0.6677752450960941,0.9758528707411068,0.8347305859844599,0.26750244140625,0.13154774969194472,0.8299058814221674,-0.009164805780452723,0.006133652836681438,0.008591015486801835,3.589073401639291,-1.3160114085674286,0.13356928416225416,-0.6876934333210272,0.9122632990924184,0.5337451837144369,1.1645504485615792,0.753843468229752,0.2538345456123352,0.5110194683074951,0.9226999878883362,0.7538434682495426,0.3929946684492252,0.059642618432204336,0.4526372868814223,7.271960811294775e-15,0.34162109375,0.34162109375,0.22033203125,0.47505859375,0.017426580190658573,0,0.0,1.9999998807907104,0.3499822131777023,0,23,625,ref,9227,0.9227,3.5120866298675537,1.1372991800308228,,,85b9e41495690310393b41472d47df6a98e8b114df015bae14c88515dc60801c,,54.29641623806674,1065260,1093820,9,SNAi_V,13
-0.7227338064576876,1.3827973974563417,1.359315588619659,0.2978515625,-0.7197367490877039,0.9826731725616916,0.8004002072960364,0.266357421875,0.11952190333896974,0.8536253697388623,-0.007500709005372063,0.005659427262672546,0.008319354509706837,3.6432936493771706,-1.3151371783018113,0.13394788941713767,-0.735397833180903,0.8853326264013966,0.525143737103779,1.1709002973241869,0.7832087479811162,0.2789727747440338,0.4764743447303772,0.9142000079154968,0.7832087497366592,0.3990771229734786,0.06189887466016214,0.4609759976336417,9.992007221626409e-16,0.325703125,0.325703125,0.2075390625,0.45734375,0.020730191469192506,0,0.0,2.0,0.36885004141544214,0,24,625,ref,9142,0.9142,3.27042818069458,0.977429986000061,,,44e79fd96a4f51248d65b8b9bebc0d14c01e52c7f94073d8ed97aca99f2969fc,,55.09671530209016,1095892,1093820,9,SNAi_V,13
-0.8434871131898811,1.3967615817964667,1.5797820629991335,0.27427734375,-0.7271785044021315,0.9954841501107662,0.7864663794842345,0.26992431640625003,0.11949070680332571,0.8769388495686826,-0.005440863250254191,0.005456836775429379,0.008452057965146344,3.6928150938634214,-1.312422093153,0.13633915973025515,-0.7534356742472113,0.8943224584157404,0.5087302470516382,1.178825914723402,0.7695814049243928,0.28463149070739746,0.4957200884819031,0.9161999821662903,0.7695814053621143,0.39374981605226933,0.0625152403672943,0.4562650564195608,2.831068712794149e-15,0.33193359375,0.33193359375,0.21322265625,0.46509765625,0.018551093339920045,0,0.0,2.0,0.32237492695008785,0,25,625,ref,9162,0.9162,3.8955323696136475,1.240333914756775,,,0ca9621b70fa35991781b6a7aa58bfa4505ba3f6ad7653015c3088cc118dabd6,,55.983167903032154,1034780,1093820,8,SNAi_V,13
-0.8990599947356054,1.3847130654159696,1.120544582688682,0.24943359375,-0.7683105772749262,1.002796359688038,0.7140241981485587,0.265322265625,0.10425497934760103,0.9015785355081845,-0.00023297585220448557,0.004981634433372335,0.007968204250097102,3.7433070496733736,-1.3111154901981354,0.13443310886134271,-0.800807759399379,0.8323617609122176,0.5013408923720342,1.179591754818859,0.722643848679727,0.3066883683204651,0.4759331941604614,0.9164999723434448,0.7226438487472479,0.3849867903958989,0.051035608035851526,0.4360223984317475,2.886579864025407e-15,0.35541015625,0.35541015625,0.2253515625,0.4928125,0.016352373361587524,0,0.0,2.0,0.29642760069556895,0,26,625,ref,9165,0.9165,4.466226100921631,1.1700482368469238,,,d7f049b2a130854f9965def98d52922b68307e38b3f244c00c01e8a8ed49356e,,56.88275443809107,1027472,1093820,8,SNAi_V,13
-0.7895613787323981,1.3733319171301483,1.4943093448605886,0.28578125,-0.7149070043622978,1.0236017605293617,0.7962496154361345,0.28910644531249996,0.12052560717170165,0.927631357045687,-0.0003964000585802829,0.0054825520086633885,0.008487201251811417,3.7888685116674172,-1.309301443696022,0.13443869966620747,-0.7476808125664905,0.8881833824502204,0.5009233367749399,1.1827794783549088,0.7696711044700351,0.3465253710746765,0.47021570801734924,0.9150999784469604,0.7696711034339387,0.39476944595041585,0.057401468203528996,0.4521709141539462,1.3877787807814457e-15,0.3301953125,0.3301953125,0.20908203125,0.46431640625,0.020121508836746217,0,0.0,2.0,0.3270944313062302,0,27,625,ref,9151,0.9151,3.676628828048706,1.2370792627334595,,,36dcace606b48dfce7c358cac1e53f86ae0b43722fbd74d8d2dda72b978b1a5d,,57.83367362606805,1065288,1093820,3,SNAi_V,13
-0.728279639807396,1.3848944274520163,1.0695113119534847,0.28203125,-0.7272177792122982,1.035167431954543,0.7850909268978724,0.2881787109375,0.11732628384866382,0.9520317246965029,0.002213603634196706,0.005418356108560867,0.008367938731684316,3.833905802397264,-1.3067864292860032,0.1346518584840898,-0.7517418856928114,0.874552844322225,0.5866878577477801,1.1904679249499037,0.765138490581885,0.3340604305267334,0.5061953663825989,0.909500002861023,0.7651384912000503,0.3952902121326747,0.0521420337934215,0.4474322459260995,3.2751579226442118e-15,0.32873046875,0.32873046875,0.208828125,0.46578125,0.019081145524978638,0,0.0,2.0,0.3597566393997367,0,28,625,ref,9095,0.9095,3.152599811553955,1.2965549230575562,,,390bd3a36689e1b3471ea6e8808c6e56c529644cdfe2621e684d9598702b8b74,,58.798124141059816,1095920,1093820,3,SNAi_V,13
-0.7158903841847735,1.3826423495646807,1.1005847955597414,0.28751953125,-0.7242845394592813,1.0409644721023812,0.6656055384744987,0.28030029296875,0.1057424825051284,0.9755727292996335,0.0022918203746271964,0.005448799393678091,0.0077381866210376815,3.8792186641757485,-1.3038285171985626,0.13559439457676722,-0.7456654300923912,0.8034173185630096,0.5879928128306195,1.2002906569154699,0.7516794256935827,0.31186771392822266,0.47924575209617615,0.919700026512146,0.7516794268507511,0.392665324603814,0.05534053589345041,0.44800586049726276,1.609823385706477e-15,0.34150390625,0.34150390625,0.21697265625,0.47560546875,0.01768292784690857,0,0.0,2.0,0.31815639504757925,0,29,625,ref,9197,0.9197,4.193762302398682,1.0284823179244995,,,4a91536ef999dbac5e1b3e8c4827aed6ea39b0fa919c91f539628fb56a5dfcd5,,59.61947479401715,1034796,1093820,3,SNAi_V,13
-0.8204344760340524,1.387974410204315,0.8883840619657769,0.26986328125,-0.7351532477126109,1.0437744776267903,0.5711866956601499,0.27677001953125,0.09490275866712611,0.9924664506454832,0.002095950832469623,0.005334239736082543,0.0072064601722378295,3.9179762015286066,-1.300299909710884,0.13597525160497337,-0.7538720632552578,0.744198697833393,0.5386811456793491,1.197353778572503,0.7493202996777836,0.28955796360969543,0.4641789495944977,0.913100004196167,0.7493203004659154,0.39380863674319955,0.04684619056962958,0.44065482731283123,2.1094237467877974e-15,0.33806640625,0.33806640625,0.2150390625,0.4721484375,0.020948588848114014,0,0.0,2.0,0.35170326148112296,0,30,625,ref,9131,0.9131,4.49996280670166,1.3286521434783936,,,47072a4f6316bdac654a720a1924c093f05ea34769473709a6ded9ef6523f2b7,,60.60165087308269,1027484,1093820,3,SNAi_V,13
-0.7403585445961687,1.4238300217532487,1.0427222894908956,0.28294921875,-0.7623523978635484,1.0589338982593592,0.6598623133255633,0.26900390625000004,0.09911559231021698,1.0173810827515495,0.004844325820996584,0.004986438128443849,0.007687072812749441,3.9611733381124394,-1.2969092029333114,0.13659649337842228,-0.7861093921226273,0.7887007535133176,0.5914030206760001,1.2058191685486421,0.7451298532250803,0.3407139778137207,0.4758169651031494,0.9144999980926514,0.7451298536034301,0.3898019262239572,0.05148512880471153,0.4412870550286676,1.1102230246251565e-15,0.33990234375,0.33990234375,0.21791015625,0.47615234375,0.018751668930053714,0,0.0,2.0,0.3708934606640844,0,31,625,ref,9145,0.9145,3.924720287322998,1.285660982131958,,,ec0eafb77be4128628ba0f0c9713f0c1e65ca95bbf6bfe22d52a46ccfe700353,,61.46384063910227,1065304,1093820,3,SNAi_V,13
-0.8205583291955453,1.4476905295156162,0.8584869310578993,0.27349609375,-0.7888522918839815,1.0767345746021242,0.7801668727775826,0.27333251953125004,0.10762857062908171,1.0418249778119892,0.00990379570254607,0.0047390676118254935,0.00828901635639896,4.004579338490249,-1.293404791355133,0.13832192885640612,-0.807945074983409,0.8470154275897477,0.568060609894169,1.2148962149716067,0.7281356244755444,0.29702329635620117,0.4461888074874878,0.9128999710083008,0.7281356247130316,0.393430007874117,0.046295370921919786,0.43972537879604245,5.662137425588298e-15,0.3540625,0.3540625,0.2273046875,0.48888671875,0.01787163019180298,0,0.0,2.0,0.30903098996626926,0,32,625,ref,9129,0.9129,3.468137502670288,1.1694120168685913,,,5c2b46e50feb838f1a1557e894da08307022aee88ebfeb35af8b4fbcf57ca73c,,62.357188159017824,1095936,1093820,3,SNAi_V,13
-0.8510483327769468,1.409001347086207,1.0018140770053738,0.259296875,-0.7690557951397049,1.0781050046975795,0.7207328471724044,0.2734423828125,0.10303696362223298,1.054711316846298,0.00456212068543689,0.004795555691369105,0.00801747395107074,4.041656358619316,-1.2882529789209365,0.13929647330013514,-0.7970067472850711,0.8275342775573835,0.5012021848934556,1.216077832863167,0.7219776034913957,0.3005081117153168,0.488523006439209,0.9229999780654907,0.7219776044785976,0.3872051797600809,0.04760270899549017,0.434807888755572,9.43689570931383e-16,0.354765625,0.354765625,0.22521484375,0.49322265625,0.016980957984924317,0,0.0,2.0,0.3650690743353962,0,33,625,ref,9230,0.923,3.896620273590088,1.272530436515808,,,8b3aa15d05f4c7342693e79206dc64a02cbc0562886b428ed49f87d787d5f644,,63.300140393082984,1034820,1093820,3,SNAi_V,13
-0.8984674223939433,1.4456041359487493,1.2706607079986323,0.26701171875,-0.8908524487435702,1.0875103063043594,0.7965977682631891,0.254150390625,0.09462492033733408,1.0781221935723506,0.009931552408516883,0.003705206258830922,0.00815004821971663,4.084945774709175,-1.2884801298379898,0.14123888115775654,-0.9089269082248621,0.8454545540791765,0.5293541825687271,1.2186105027539516,0.7315975294576492,0.31808969378471375,0.4595046937465668,0.9154999852180481,0.7315975299070123,0.3849624063214754,0.05091294600364339,0.43587535232512153,2.7755575615628914e-15,0.34763671875,0.34763671875,0.22134765625,0.48609375,0.017911434173583984,0,0.0,2.0,0.35728382682061394,0,34,625,ref,9155,0.9155,4.760651588439941,1.1704295873641968,,,be319f9e2a89c1e06edf0551c37d27f08e0311e1daec97dfdd8db28fa464759c,,64.31147200008854,1027508,1093820,3,SNAi_V,13
-0.8620947694421318,1.4436948989743787,1.2649999829731713,0.267265625,-0.8396428658389766,1.1045311474420973,0.9016828139356551,0.26966796875,0.10488550439840047,1.1018119564406386,0.013291594830717459,0.0041796926791324044,0.00844826695972875,4.130212564889596,-1.2848185217380523,0.1425224698581201,-0.856659949475989,0.8875628637738024,0.580173814984248,1.2284739152229196,0.7449665541178547,0.28319501876831055,0.45687878131866455,0.9168999791145325,0.7449665546312463,0.38885830829328766,0.05738825782511358,0.44624656611839986,1.3877787807814457e-15,0.3435546875,0.3435546875,0.217890625,0.47998046875,0.018275684118270876,0,0.0,2.0,0.33603473193893335,0,35,625,ref,9169,0.9169,3.854417562484741,1.0894742012023926,,,a0bef4b48aec288dc243ee938b428e45b150cd4e270907bfaecb018dd5b6f1eb,,65.27125435206108,1065324,1093820,3,SNAi_V,13
-0.9094138863436243,1.4755920311131376,1.5982197291270106,0.27615234375,-0.781428999680866,1.1159262684432278,0.8886373600112468,0.28649658203125,0.11658438770360662,1.1232359819215512,0.00547106697646919,0.004760302506739112,0.00872307743942372,4.173798077594947,-1.281787388920784,0.14247483841894046,-0.7941524163792121,0.9087373454280102,0.6247776756932244,1.2352660419730932,0.7573202914313879,0.27266812324523926,0.46334078907966614,0.9259999990463257,0.7573202915431466,0.3938676465660839,0.05234408436708302,0.4462117309331706,3.6637359812630166e-15,0.33240234375,0.33240234375,0.210625,0.472109375,0.019429481029510497,0,0.0,2.0,0.2829323651784474,0,36,625,ref,9260,0.926,3.9377193450927734,1.2188255786895752,,,b797649187e218fecbf2216f7b258341580c7ca752216ebc67f10da08833cdd5,,66.22763637301978,1095948,1093820,3,SNAi_V,13
-0.8436974087492825,1.4947876789085315,1.607246539047904,0.2858984375,-0.8481248136498462,1.1299571747600057,0.9842064627397229,0.27558349609375005,0.12124049958495846,1.1528739244364417,0.0026887927702137137,0.00407849318438308,0.00927698243362646,4.217460870139205,-1.281095605492592,0.1423993341537875,-0.863303688033127,0.9652400007286238,0.579991670230875,1.2402195189986833,0.7676590943546034,0.2914869785308838,0.4488706886768341,0.9128999710083008,0.7676590942533221,0.3950476383532059,0.058924137510016864,0.4539717758632236,8.881784197001252e-16,0.3347265625,0.3347265625,0.2127734375,0.4659765625,0.019440561532974247,0,0.0,2.0,0.2914359617150289,0,37,625,ref,9129,0.9129,3.6047844886779785,1.337426781654358,,,e644e9a6191da22fc4f273b9056de8138924f85b98e552778980f37855419742,,67.17368977610022,1034828,1093820,3,SNAi_V,13
-0.8855613059733524,1.4867453145870633,1.2998964053273363,0.27580078125,-0.9063810725241263,1.1300597541413213,0.8638668164768543,0.25854980468750005,0.10237628964883924,1.1723128344914848,0.002345923789619261,0.003565233279453136,0.008602716554148886,4.255669102518306,-1.2814285445213318,0.14746541890292747,-0.9162138486339998,0.9042804768206569,0.5871340413138515,1.2512904602020316,0.7578770432225429,0.30532222986221313,0.4499531090259552,0.9146999716758728,0.7578770441934466,0.39102798756144963,0.062240827589272234,0.4532688151507209,9.43689570931383e-16,0.33732421875,0.33732421875,0.213984375,0.474453125,0.017772054672241213,0,0.0,2.0,0.30749636165403843,0,38,625,ref,9147,0.9147,4.977390766143799,1.1472101211547852,,,8839eca030cd0ffdb8db6d6334b7f2c408ea3a3336761b1657df96d27822eea5,,68.1423985970905,1027520,1093820,3,SNAi_V,13
-0.9045461171121161,1.4658721339868062,1.2022928734512928,0.265078125,-0.870149325556469,1.1457378474931181,0.9224018833049589,0.27132568359375,0.11276830046288175,1.198870489942318,0.0010764247729638978,0.0038929609844510784,0.008964653149249156,4.291938672043712,-1.2788295352458954,0.14602616312320207,-0.88004313037546,0.937154147454771,0.5896225629676,1.2539729119377794,0.7403995978587773,0.2918509542942047,0.45880040526390076,0.9151999950408936,0.7403995985747315,0.38965020282117707,0.054884954299565976,0.4445351571207462,3.164135620181696e-15,0.3454296875,0.3454296875,0.22263671875,0.4829296875,0.01805955767631531,0,0.0,2.0,0.3442597079722582,0,39,625,ref,9152,0.9152,4.1122541427612305,1.2003809213638306,,,f54de0b46ea64dee51f30077d8784f5dcbe3aeb6e7d8b076ed8987fad90eabcb,,69.08706918708049,1065336,1093820,3,SNAi_V,13
-0.8409340210023661,1.4884236067122665,1.2997443271550722,0.2945703125,-0.9129058744622378,1.1477980833436123,0.8239451151292662,0.26342041015625,0.0970639093382365,1.2167842670487563,0.003592263740277074,0.0033624073100614956,0.00842092613551978,4.327484730708392,-1.2782716178894042,0.14428954163199342,-0.9338339704932117,0.8630724958969552,0.5820898581961882,1.253859244737145,0.7765439153276383,0.3087082803249359,0.44913312792778015,0.9136999845504761,0.7765439155779313,0.40321048952425714,0.05172209321180768,0.4549325827360668,1.942890293094024e-15,0.32767578125,0.32767578125,0.21037109375,0.45869140625,0.020670467615127565,0,0.0,2.0,0.28107791518923025,0,40,625,ref,9137,0.9137,4.7547221183776855,1.113552451133728,,,08667de721d49fd8626141223176076721259383bce089e471b74ee5d7d7c48c,,70.07703776308335,1095968,1093820,3,SNAi_V,13
-0.9643245501571696,1.496833287624578,1.2525880779269525,0.26763671875,-0.8938456727122138,1.1579578770402073,0.7887177664557922,0.26789794921875004,0.09169664200499258,1.2409759090143542,0.008193893980116653,0.003585934213629029,0.008050622536671435,4.364790883905971,-1.2770255130529404,0.1465118410274824,-0.909690258765348,0.8307273046616809,0.5509194766213343,1.2589252542326803,0.7345624547312036,0.34432509541511536,0.4437791407108307,0.919700026512146,0.734562454513507,0.390965539194587,0.05018985208511866,0.44115539127970377,1.887379141862766e-15,0.349609375,0.349609375,0.22263671875,0.486328125,0.01702699065208435,0,0.0,2.0,0.33522979132630365,0,41,625,ref,9197,0.9197,3.773268222808838,1.1403709650039673,,,ee9865418bd24f4354bd3b39b21e55ee1b93c075014c863bc59e6a590dd7f8bd,,70.98010480008088,1034856,1093820,3,SNAi_V,13
-0.813394273836256,1.5259194149500104,1.4350900870075691,0.28994140625,-0.8449036497862126,1.170095422919231,0.8487136628934985,0.2809619140625,0.10303726910963305,1.2588722480350019,0.007213781591899105,0.0038853688285540385,0.008495964381615527,4.401449939447254,-1.2732976126670836,0.14722568087757235,-0.8752889316339767,0.8676339584039532,0.5446345438928912,1.2655218141518518,0.76575218056445,0.28216391801834106,0.4378614127635956,0.9176999926567078,0.7657521809113678,0.39025257073130887,0.06324534838357625,0.4534979191148871,1.9984014443252818e-15,0.3355859375,0.3355859375,0.2130859375,0.467109375,0.018642306327819824,0,0.0,2.0,0.3669432569539889,0,42,625,ref,9177,0.9177,4.7003631591796875,1.2387614250183105,,,bcf0a149502bbdfd8aba1a018da89806d271c2ed5d0bfd3dc11b0d9b2fc3a9c0,,71.9093058060389,1027548,1093820,2,SNAi_V,13
-0.7781274632341086,1.491999855516676,1.1018566770276466,0.2926171875,-0.7852759683883795,1.1759236207900672,0.6824964230614163,0.29213134765625,0.09857729150622153,1.285441566640811,-0.0012224962150110502,0.004510523444996646,0.007947003543951678,4.436743650330987,-1.2711215353012084,0.14708905782571716,-0.8090733832908559,0.8093805573328791,0.6135026026731812,1.2690442754000966,0.7621660951408558,0.28523963689804077,0.4472711384296417,0.9204999804496765,0.7621660970931408,0.39314837591055296,0.05441782366525886,0.44756619957581384,1.9984014443252818e-15,0.3321484375,0.3321484375,0.2108984375,0.46736328125,0.01891225576400757,0,0.0,2.0,0.32773678346401075,0,43,625,ref,9205,0.9205,4.959240913391113,1.2854753732681274,,,34f7a27907324e7f5f10d7d6914f0b0c2a661526cccf4a0aad4eee961f17086a,,72.96940440207254,1065360,1093820,6,SNAi_V,13
-0.941839718738771,1.5144727810669565,1.3369489239041474,0.261171875,-0.7981528353791134,1.1865040016559072,0.7639188958972473,0.29235107421875,0.09951493751287206,1.3055353977409856,0.002741410691623354,0.004270136617370393,0.008127721170095685,4.476751322764689,-1.2684288418293,0.14807897210115964,-0.8310053904389048,0.8274934492093248,0.5958273641006391,1.2706926026582661,0.7252865093015134,0.2837733030319214,0.44800013303756714,0.9129999876022339,0.7252865091257263,0.38315125577584325,0.05460416119166924,0.43775541696751546,2.9976021664879227e-15,0.35380859375,0.35380859375,0.22755859375,0.491875,0.01776913404464722,0,0.0,1.9999998807907104,0.373039740530089,0,44,625,ref,9130,0.913,3.5784623622894287,1.061994194984436,,,d1d465fcf85a98b7001188cde1ee0e69c9540d9923c24a5c5a25aaa75e9ec414,,73.92230527102947,1095984,1093820,4,SNAi_V,13
-0.896538917758151,1.5324759169546573,1.3117180880960957,0.27677734375,-0.793150677070412,1.1891280519349592,0.6691664469845157,0.28899169921875,0.09046195289941109,1.318201743887801,0.005361827111418383,0.004384883829758978,0.007576173203304506,4.507648969893297,-1.2686075967550279,0.15131939761051727,-0.8194296920114863,0.7699694634934194,0.6002353600579806,1.2718798563616125,0.7459012785856612,0.2850503623485565,0.42104074358940125,0.9086999893188477,0.7459012788336259,0.39580631219012974,0.048799647970602794,0.4446059601607378,5.2735593669694936e-15,0.34150390625,0.34150390625,0.21626953125,0.47857421875,0.02017970085144043,0,0.0,2.0,0.344839338642704,0,45,625,ref,9087,0.9087,4.332468032836914,1.331535816192627,,,e20cfb62f802ba227ba70fce78f90b1f14c5ca3b9dc92dd99c739db2d28dd24a,,75.11281551106367,1034868,1093820,4,SNAi_V,13
-0.8349925209327309,1.5144990713351285,1.2021728362088264,0.27935546875,-0.796320199963045,1.2014019664114426,0.8166283130223762,0.292490234375,0.10271721731652933,1.3328720072438625,0.007777460336889197,0.004366540128898441,0.008242556024272757,4.537876830055771,-1.2690971106290818,0.15382474287037617,-0.8217982944629523,0.850182744636074,0.5894526917824059,1.2764697621430328,0.7394181290920824,0.3162432014942169,0.446956604719162,0.917900025844574,0.7394181303144433,0.38614358753054623,0.050966681837266485,0.4371102693678152,2.4980018054066022e-15,0.34169921875,0.34169921875,0.21654296875,0.480546875,0.020643687248229983,0,0.0,2.0,0.35757354216887677,0,46,625,ref,9179,0.9179,3.7768425941467285,1.1632877588272095,,,29ee8a394b126b0873a0e0411b6d6c7d3ab348f3918495dd4282362194b0faf9,,76.11886533210054,1027560,1093820,0,SNAi_V,13
-0.6887802764278658,1.5321382707217492,1.4476976920507547,0.31634765625,-0.7421169438504913,1.2125436136019125,0.8390337118123554,0.30804199218749995,0.1095734448116366,1.3464394472993058,0.014249122775841706,0.004819825496975428,0.008341656774492626,4.568444137482906,-1.266331467628479,0.15470483163547563,-0.7725990902122405,0.8635098115678539,0.6224789964441371,1.2765930512034174,0.7850928141979966,0.31352120637893677,0.4300524592399597,0.9117000102996826,0.7850928146729711,0.3931068508545817,0.06558865252885568,0.4586955033834394,2.0539125955565396e-15,0.32236328125,0.32236328125,0.20416015625,0.45482421875,0.020300811529159548,0,0.0,2.0,0.3850757345507035,0,47,625,ref,9117,0.9117,4.024895668029785,1.1226245164871216,,,3d23c488876d5f2bd0add191919b2f87b061de250abb2ab63e9553abb28f785f,,77.10906361101661,1065376,1093820,10,SNAi_V,13
-0.7547174339379364,1.5869607638395502,1.2030047465366491,0.307890625,-0.7800573983998309,1.2100799270046922,0.7042115188718695,0.29913818359375,0.09150753347438512,1.3607257157319324,0.012060180533363718,0.004408034492167729,0.007621056051879107,4.598413148235008,-1.2652853679656983,0.15502026601242988,-0.8137359600220916,0.7914156919947039,0.6075995672047001,1.2797772670624699,0.7815796896186658,0.31344497203826904,0.42849454283714294,0.9120000004768372,0.7815796883357689,0.39605038563203315,0.0614388649371155,0.4574892505691499,1.27675647831893e-15,0.32470703125,0.32470703125,0.20646484375,0.457109375,0.020315855741500854,0,0.0,2.0,0.38452318293906185,0,48,625,ref,9120,0.912,4.127795696258545,1.1516739130020142,,,23668d38650b10cc31696697b571abd8366872f5d9f4367c561a8a64047eb39c,,80.27863171207719,1096000,1093820,18,SNAi_V,13
-0.6964891452186069,1.5380174474112744,1.2071200604584558,0.30869140625,-0.7715569889011591,1.219639967982312,0.6837323620698375,0.3014697265625,0.09027343939219545,1.3849526668204875,0.012295545287212127,0.004376369594249748,0.007570555845667744,4.634555425098685,-1.2637455612421036,0.157083993894067,-0.8154398361537161,0.7914196184065021,0.6726107839092659,1.2827112600246842,0.7671261750685516,0.3663312792778015,0.43364647030830383,0.8960999846458435,0.767126175253652,0.38945428521143094,0.0628811942625813,0.45233547947401065,1.609823385706477e-15,0.33103515625,0.33103515625,0.20931640625,0.4655859375,0.019047802686691286,0,0.0,2.0,0.3649585905509119,0,49,625,ref,8961,0.8961,3.9178457260131836,1.3091466426849365,,,4bfb4c13847a9140511a03b80bd1f14964e1a5150330dbdab36a1ffb8996ab18,,81.7857413260499,1034880,1093820,8,SNAi_V,13
-0.9532416978788111,1.5456514992869332,1.4123865923457897,0.280859375,-0.8505536473111813,1.2307808024587863,0.8105758846266068,0.29334960937500004,0.09875465339792289,1.4153083282149888,0.0007584020881827791,0.0036752484473183667,0.008375110145102952,4.668898335345159,-1.2645906513929368,0.15891221309704062,-0.888106242439015,0.8697388938479378,0.7721315913765745,1.2858462661338494,0.767308862140635,0.2839178144931793,0.4180169701576233,0.9143000245094299,0.7673088624421507,0.39607200980924545,0.052529535239835355,0.448601545049081,2.220446049250313e-16,0.32986328125,0.32986328125,0.2089453125,0.462109375,0.021065205335617065,0,0.0,2.0,0.36380639014338284,0,50,625,ref,9143,0.9143,3.921905040740967,1.2857427597045898,,,d5c18958f162bff95bb345f7e601ba725bb62f8e4327b3ca4ed59c1a2d11a5bb,,82.77331809699535,1027572,1093820,8,SNAi_V,13
-0.7530504237516361,1.582659390300475,1.1864424358261534,0.3119921875,-0.8585507418031503,1.2347750772754449,0.690491453085464,0.2871923828125,0.08649199013831574,1.4409599904011592,-0.0027824890788941924,0.0035378607619268566,0.007793997642018819,4.706167043989892,-1.262955932021141,0.15761557465059473,-0.9005452169340681,0.7971591059671722,0.7441750163378071,1.292012505824122,0.7770547375211027,0.27746641635894775,0.4154914617538452,0.9146000146865845,0.7770547373616137,0.39803848062805564,0.05553045817246673,0.45356893880052246,1.1102230246251565e-16,0.325078125,0.325078125,0.20619140625,0.4587109375,0.020968580245971685,0,0.0,2.0,0.33898760537338263,0,51,625,ref,9146,0.9146,4.755338668823242,1.1513105630874634,,,ec1d8f4d785dca888f289dd8f8d6ca6758b2877f2a565ea052f5ec258ac37f12,,83.78492555010598,1065388,1093820,3,SNAi_V,13
-0.8632124684923356,1.5712083695878232,1.4076409719176775,0.28056640625,-0.8920182411115514,1.2394271854540815,0.5902904200655874,0.27901611328125,0.07642433643194169,1.466983878250006,-0.007228466639321498,0.0032599604423214057,0.007355795746816061,4.7417719408251,-1.2631984388828277,0.1598884520726328,-0.9292552244489701,0.7535856348837937,0.742809370877958,1.2943486555515675,0.7374745051877107,0.27004796266555786,0.4183926582336426,0.9225999712944031,0.7374745052249636,0.379026826736371,0.06499562174293344,0.4440224484793067,2.275957200481571e-15,0.34953125,0.34953125,0.22263671875,0.48478515625,0.01786196231842041,0,0.0,2.0,0.3466507723641051,0,52,625,ref,9226,0.9226,4.984187126159668,1.4422451257705688,,,b0944db11a3838153f94e1a0f148a68058fe6c6123913e82647800eff42dde18,,84.72725224704482,1096024,1093820,3,SNAi_V,13
-0.8299267077592829,1.5664225812870198,1.1738830230577006,0.296484375,-0.8963540878083491,1.2502497934420143,0.6436864754000355,0.28063232421875,0.0836916399879199,1.4864927618290886,-0.0070598558152093925,0.003246493533634517,0.007768597496065753,4.771443307595442,-1.2605140483379365,0.15978981908900314,-0.9279503545623675,0.7991078780166873,0.6555120099803289,1.294664925271866,0.767623685952276,0.2882009446620941,0.4249580502510071,0.9186000227928162,0.7676236854563467,0.3973211445573379,0.05540535686270179,0.4527265014200392,4.996003610813204e-16,0.331328125,0.331328125,0.211484375,0.46455078125,0.0206157386302948,0,0.0,2.0,0.35694525508381897,0,53,625,ref,9186,0.9186,3.7043750286102295,1.2959873676300049,,,1bfc435ed76b92387937ea4b4f0778655c964e4d032a6025247842b6d13989a1,,85.81931334303226,1034908,1093820,10,SNAi_V,13
-0.7666837670603551,1.5956225264862762,1.201557031668102,0.3129296875,-0.811037684294755,1.2561201814544825,0.5493342681457988,0.29687011718749995,0.08011279832679266,1.511673489686225,-0.013948377755775699,0.004115649719005806,0.007135881474740751,4.804724968347738,-1.2561421543359756,0.1608553270484701,-0.834544002773774,0.7343074186688585,0.6876017076392413,1.2955122455463441,0.77791897428222,0.30408984422683716,0.4145340621471405,0.9143000245094299,0.7779189751751255,0.39416298461027977,0.05782969323157468,0.45199267784185726,2.831068712794149e-15,0.3233984375,0.3233984375,0.2040625,0.4575390625,0.021425688266754152,0,0.0,2.0,0.369742622035613,0,54,625,ref,9143,0.9143,3.96852970123291,1.2222554683685303,,,9d0fc557e5862a13ecf0d5c8c56b4b47b6e072c2f6b7d080f82f35a0dfe55e64,,89.06298535503447,1027600,1093820,20,SNAi_V,13
-0.8422564910869405,1.579276109040087,1.0086745186973467,0.29025390625,-0.832900540357405,1.2668891992846176,0.5826942121611832,0.29570556640625,0.0836731185859895,1.533237879448995,-0.011902754770964799,0.004007009416114086,0.007403986381977007,4.8354385293927375,-1.254676153063774,0.16068228062453332,-0.8442068764086847,0.7584940906858506,0.7010127226624969,1.3020016308588032,0.74860369098722,0.27870553731918335,0.4164116680622101,0.921500027179718,0.7486036912456621,0.3960264902980484,0.052976547561826355,0.4490030378598726,2.1094237467877974e-15,0.34337890625,0.34337890625,0.21986328125,0.47880859375,0.018250840902328494,0,0.0,2.0,0.39624402014069826,0,55,625,ref,9215,0.9215,3.719028949737549,1.2170469760894775,,,c7d392a471aeed471cc4790d050d60d78c2c2ddc14d42288513f22dde109a217,,92.72471561899874,1065416,1093820,20,SNAi_V,13
-0.7535395611971925,1.5801061661510993,0.9889618240650533,0.3083984375,-0.7512271805857644,1.2736103569334987,0.4951478078844478,0.31207275390625,0.07917811131234992,1.5508381361553436,-0.0079329061794193,0.00466928443159702,0.0067279592196800376,4.860338450845358,-1.2519000196456909,0.16230251632735085,-0.7735887395606105,0.688415662384255,0.7514550153991295,1.303106474334941,0.7521127100812737,0.3023861050605774,0.411670058965683,0.9214000105857849,0.7521127103047911,0.3976218426167329,0.050064041344534384,0.4476858839612663,9.992007221626409e-16,0.33921875,0.33921875,0.215390625,0.47677734375,0.02118222713470459,0,0.0,2.0,0.40556225664587786,0,56,625,ref,9214,0.9214,4.851645469665527,1.1475170850753784,,,651b53a53f2a7f7e1159aebd1e370f79affd277561a0f9744ca6001c5e617bea,,94.37386265699752,1096040,1093820,1,SNAi_V,13
-0.8283033923232164,1.560931587515399,0.9358279567063229,0.294140625,-0.7635726516178666,1.2808782590392656,0.47891124906380084,0.31005126953125,0.07398426118296288,1.5688997552304784,-0.002234901933981543,0.004434619562765473,0.006557618614201495,4.892299806128066,-1.2495610070228578,0.16208645540474526,-0.7952882826193004,0.6673092370118178,0.7065422758195503,1.2966482882032744,0.7543731305724941,0.32017388939857483,0.4367527365684509,0.9143000245094299,0.7543731309776195,0.39830788522107086,0.04718158511422667,0.4454894703352963,1.2212453270876722e-15,0.33662109375,0.33662109375,0.21357421875,0.472421875,0.020507806539535524,0,0.0,2.0,0.318384077932267,0,57,625,ref,9143,0.9143,4.872555732727051,1.099923014640808,,,2602f9e9516be46b36409de579bbd6ae0ea2902aadbe92a49f98675dc9c57da9,,95.35135068104137,1034920,1093820,1,SNAi_V,13
-0.8032280029558392,1.5886683338360164,1.0672861379276426,0.298984375,-0.7707576089882455,1.2888533747330948,0.5018182900830417,0.3085888671875,0.07497764528467553,1.5879834051428316,-0.0018180288666195608,0.004293516998138712,0.006713819200190652,4.917183756476444,-1.2469213277101516,0.16456014390779722,-0.807102841273595,0.704127986624606,0.6135039023612785,1.2940450286001088,0.7529869541025255,0.3588217794895172,0.41565266251564026,0.9164999723434448,0.7529869542527012,0.3910786988178289,0.058012288513485555,0.4490909873313128,1.6653345369377348e-15,0.3408984375,0.3408984375,0.21529296875,0.47583984375,0.0203839659690857,0,0.0,2.0,0.4401114584320102,0,58,625,ref,9165,0.9165,3.322030544281006,1.3716058731079102,,,ea54bc3b26dfd9dc709e1dba811c6324b8c301f6b7bab7ff2871d291ee7487ff,,96.40549998101778,1027608,1093820,1,SNAi_V,13
-0.9738357147431302,1.6151517665888333,1.18665525476218,0.280625,-0.887375058982775,1.2980863607042896,0.628772735747716,0.29035888671875004,0.07283335555676657,1.6085803966126409,0.0036144476770993412,0.0032606451459066027,0.007145735343718057,4.95144657263778,-1.247143263220787,0.16633380189404634,-0.9131299092498949,0.7634600192486862,0.6744463581254734,1.2992370990603763,0.7423530416551511,0.28408777713775635,0.41072115302085876,0.9204000234603882,0.7423530422709882,0.3928247903867559,0.050578844588964535,0.44340363497571905,1.3877787807814457e-15,0.3463671875,0.3463671875,0.219375,0.48087890625,0.01818787455558777,0,0.0,2.0,0.38577633460878696,0,59,625,ref,9204,0.9204,4.007150173187256,1.242499589920044,,,c42876f289d1981aff90252c49b96f4e63205b93a095e55c0107768d515a4aa6,,97.52953094209079,1065424,1093820,1,SNAi_V,13
-0.8862237227218501,1.5726265962243209,1.2309123420984263,0.29171875,-0.8845256024538716,1.3095617432613278,0.6884715351915379,0.2955712890625,0.07845452899206197,1.6306461792824813,0.005851251139104048,0.003259539933101165,0.007471957100350891,4.97855905777904,-1.2460128879547119,0.16772573961027049,-0.9121127495652391,0.7886223608566791,0.6553569848426948,1.2976665103692937,0.7621735390322283,0.28948700428009033,0.4072166681289673,0.9147999882698059,0.7621735389565584,0.3993943182365228,0.05372963776443724,0.4531239560009597,3.3306690738754696e-16,0.3369921875,0.3369921875,0.21404296875,0.46923828125,0.019223344326019288,0,0.0,2.0,0.3505552573040713,0,60,625,ref,9148,0.9148,4.8727569580078125,1.2812097072601318,,,196261880c1cf3a03f8fe60a4f821af721f63e2b40312abc34a4d355ddb91b2f,,98.55781256000046,1096052,1093820,1,SNAi_V,13
-0.8361314186996474,1.5904995703751685,0.9525579470441089,0.295,-0.90657329399042,1.3175340437347518,0.7041019976872964,0.29243896484375,0.07844438631065383,1.653792925044708,0.003658645044684554,0.0030688682449982203,0.007551701784557566,5.008008323963518,-1.245465560555458,0.16788622288224117,-0.9310974126772829,0.7840532393174777,0.6838319267685984,1.2975692661203653,0.7401968052831944,0.2630431652069092,0.4069961607456207,0.9138000011444092,0.7401968057174235,0.39284078901231334,0.05125835537454858,0.4440991443868601,1.8318679906315083e-15,0.34705078125,0.34705078125,0.22158203125,0.48353515625,0.019029146432876586,0,0.0,2.0,0.4292972602049434,0,61,625,ref,9138,0.9138,3.6075830459594727,1.097396731376648,,,dec7baf52ee4340efad743ade31181864c900b4377abaf6c72836ba896a594ae,,99.61481161508709,1034932,1093820,1,SNAi_V,13
-0.8367443660520518,1.6349281703003753,1.162314275722309,0.30302734375,-0.9068966272549182,1.3236806379873083,0.737640873297723,0.29201904296875,0.07919601517251128,1.672709201098425,0.00022521511155096583,0.003175979155967952,0.007549567814962431,5.038225989516121,-1.245027818083763,0.16895000783151604,-0.9196874628604277,0.7938090744171643,0.7289650763454354,1.2997580925512062,0.7602634294750169,0.3365243375301361,0.4088636338710785,0.9059000015258789,0.7602634291432332,0.39215624643026464,0.05890111080797967,0.4510573572382471,2.7755575615628914e-15,0.333828125,0.333828125,0.20908203125,0.47064453125,0.02068217396736145,0,0.0,2.0,0.43493852799575483,0,62,625,ref,9059,0.9059,4.21769380569458,1.1976884603500366,,,db038e1d0bb484a83cdd340c186d5bc363ab15c1d83de4fa227ee871e2c4b06b,,100.74193268606905,1027620,1093820,1,SNAi_V,13
-0.8921479388317796,1.6381165949563938,1.2090493758378655,0.2915234375,-0.8651023180128691,1.3375493735416666,0.8041180632341753,0.29862792968749996,0.09916635479032278,1.6931620915119427,-0.0032901196405610506,0.0036177643974449974,0.008420833251745969,5.0686485806456325,-1.2425147521495818,0.1710344195146429,-0.8719188834810506,0.885047884116357,0.6677521369508999,1.299562473766503,0.755589324630564,0.3104400336742401,0.4016514718532562,0.9146000146865845,0.755589324622415,0.3977040921782812,0.04965173599348439,0.44735582817176833,2.7755575615628914e-15,0.33591796875,0.33591796875,0.21232421875,0.47212890625,0.018474411964416505,0,0.0,2.0,0.4634503103614306,0,63,625,ref,9146,0.9146,3.8032517433166504,1.0551046133041382,,,f4b78030fb788cb772cc0a0140d654010b71c9be124c6b48cd1b556d157d1107,,101.69761132902931,1065440,1093820,4,SNAi_V,13
-0.9155541677689416,1.5846715954631274,1.1326816516968166,0.2792578125,-0.9292216948014778,1.3399705412158491,0.7654142356623482,0.28694091796875,0.0916646961274815,1.7128956038964966,-0.009039248697682863,0.003175936980779255,0.008219355936952588,5.0934630179710405,-1.2423200070858003,0.17262243071417158,-0.9169839721965093,0.8666583994575192,0.6786707498123221,1.300252324837657,0.7442520172789228,0.35952529311180115,0.40937042236328125,0.9097999930381775,0.7442520167469047,0.39410700458935194,0.048203680288767564,0.44231068487812386,4.3298697960381105e-15,0.34119140625,0.34119140625,0.2184765625,0.4798828125,0.01870253086090088,0,0.0,2.0,0.4444511833572773,0,64,625,ref,9098,0.9098,3.6796891689300537,1.0771307945251465,,,b60b6fa890b7a07961677ea9dc366fac491c5a2df6ac16f4474f5e9f6afa425e,,102.98731537500862,1096068,1093820,2,SNAi_V,13
-0.7033573513671771,1.6210657837055416,1.085526459034159,0.32953125,-0.9176966342921908,1.3423574257987327,0.6355151394298646,0.2883740234375,0.07851749759715605,1.7308131363432468,-0.007407175343402565,0.0032445029687127366,0.0074820639796285065,5.120570480818255,-1.2411720991134643,0.17362354964759089,-0.9088123144528311,0.7948884994185227,0.6794353513327647,1.3038023007531774,0.7924753153359052,0.32996195554733276,0.4019623100757599,0.9139000177383423,0.7924753165396397,0.4047116485285445,0.056145996425300645,0.46085764495384285,2.3314683517128287e-15,0.31943359375,0.31943359375,0.2027734375,0.45005859375,0.021544796228408814,0,0.0,2.0,0.4184948282638252,0,65,625,ref,9139,0.9139,4.503533840179443,1.3549410104751587,,,bf61c67c5a87822f7830a0462939aad15a42a8e187305ae62bbd0c88b9b3d8bb,,104.21783406101167,1034948,1093820,6,SNAi_V,13
-0.8180347393521186,1.6334821466072542,1.0155740175239047,0.3036328125,-0.9331676608295514,1.3446675612035994,0.5483495691441864,0.28401611328125004,0.06699646641110178,1.746554543873615,-0.0054201601314806695,0.003153207528596439,0.006841527460928387,5.14678045262402,-1.2417996561527251,0.17358536270485994,-0.9187919766096254,0.7168053614713771,0.7190541987962148,1.3041362147083362,0.7587805689987727,0.2640266418457031,0.40847206115722656,0.9212999939918518,0.7587805686413777,0.4013491202636251,0.046748509674119025,0.44809762993774804,3.885780586188048e-15,0.332890625,0.332890625,0.21275390625,0.47001953125,0.023536843061447144,0,0.0,2.0,0.36919433223203396,0,66,625,ref,9213,0.9213,4.985015392303467,1.2109497785568237,,,4208b9802b01b342bca9035a1ddd5457eab9b15908d72106aa72f13c622cd466,,105.19130207609851,1027644,1093820,6,SNAi_V,13
-0.8388733525957606,1.602898145118432,1.0972656678509398,0.30064453125,-0.9697956848037417,1.34645559819707,0.5439956209088407,0.2787451171875,0.058836496983404485,1.7577574598750758,-0.0036512789422508156,0.002797966686618475,0.00648141290355084,5.17199527263449,-1.2398048454523087,0.17583151199319216,-0.9531872604417164,0.6935783829423766,0.723928874769122,1.3035837213762431,0.7661350465985015,0.31987643241882324,0.3941667377948761,0.8992999792098999,0.7661350461107213,0.40295523541949074,0.05055693892439774,0.45351217434388524,3.219646771412954e-15,0.33259765625,0.33259765625,0.21279296875,0.46580078125,0.019723516702651978,0,0.0,2.0,0.48545674669485295,0,67,625,ref,8993,0.8993,3.592838764190674,1.0775396823883057,,,287230b203481a38918b502d1e2870f448a27d526ebfb5dc662805a4376cceae,,106.31393187108915,1065456,1093820,6,SNAi_V,13
-0.8823681097515188,1.6702971646652787,1.49851069250593,0.2973046875,-0.9785666161410259,1.3610914862439836,0.6737301176733189,0.2803515625,0.06891576976556227,1.7811077898139747,0.0025464743463186035,0.0027299969087653557,0.007135970463625446,5.201412502658521,-1.2385618126392364,0.1769697683834959,-0.9589069029439503,0.7609339907547313,0.783931780023842,1.3037549715838372,0.7651892725785728,0.37505215406417847,0.3862655460834503,0.9097999930381775,0.7651892729103565,0.3882644199458116,0.06359711276210858,0.45186153270791807,2.1094237467877974e-15,0.3327734375,0.3327734375,0.21228515625,0.46724609375,0.018466645479202272,0,0.0,2.0,0.4560093465290572,0,68,625,ref,9098,0.9098,3.7416884899139404,1.1875079870224,,,f688f06addeebfc008e5b4254b59c3da50460b7b466008b14b3aeeb8bdeffe9a,,107.2320628950838,1096080,1093820,7,SNAi_V,13
-0.7385697310402008,1.6821219964624712,1.1399355282037862,0.3150390625,-0.9076066383183887,1.3665326236410529,0.7035783361474957,0.29509277343749996,0.06972156845372539,1.7936911898457408,0.003998653175833458,0.00327561167760003,0.006951825357287479,5.224966756713279,-1.2368245643377305,0.1772403316534785,-0.9012780716091575,0.7501812987626695,0.6806079238348494,1.3058199627250442,0.7686397210636642,0.31310075521469116,0.39298462867736816,0.9165999889373779,0.7686397216957994,0.3918083482778745,0.05833610767869543,0.4501444559565656,4.3298697960381105e-15,0.3298828125,0.3298828125,0.21115234375,0.4631640625,0.018930745124816895,0,0.0,2.0,0.4307856077958115,0,69,625,ref,9166,0.9166,3.9267468452453613,1.2108287811279297,,,85dcfd1d811f1a4ec471fcfd713bf24999c205b2d5ea0f410c7bac1093be8423,,108.2160477481084,1034956,1093820,7,SNAi_V,13
-0.8747641275583351,1.6755149130041382,1.388523256308851,0.29392578125,-0.915081540779093,1.3694659799838957,0.7413730312363165,0.295078125,0.07671941226709394,1.8005202424560887,-0.0018025843899308481,0.0032421119445975627,0.007380631860317833,5.249678292545103,-1.2381886333227157,0.17856643930536978,-0.9060737799405252,0.8048101023052163,0.6641283382238581,1.312524028612135,0.7577493427495938,0.31804347038269043,0.4062959849834442,0.909600019454956,0.7577493437111843,0.3862458110936002,0.06294959418760301,0.44919540528119817,4.9960036108132044e-15,0.336328125,0.336328125,0.21505859375,0.47154296875,0.01875143647193909,0,0.0,2.0,0.39501537067188935,0,70,625,ref,9096,0.9096,4.194294452667236,1.2561746835708618,,,0807429a26dc5d265030c57b144b3a1d136edfa22d11aff450eaaf2f3d59aa80,,109.17656135407742,1027648,1093820,7,SNAi_V,13
-0.8313377975975189,1.6627593571480146,1.67611276872721,0.30646484375,-0.8645467941604292,1.3801799665258585,0.8034572879189659,0.30637695312499996,0.08283704753099563,1.8180063159036683,0.0040533765646557016,0.0037062913119527367,0.007512013797290144,5.274499864559588,-1.2386416471004487,0.17990186738497416,-0.8589772750197797,0.817164507299772,0.747152519769072,1.3125020200813244,0.769170347902691,0.29695001244544983,0.38335126638412476,0.914900004863739,0.769170348913176,0.3852552878388491,0.0659145650436669,0.4511698528825167,7.216449660063518e-16,0.3306640625,0.3306640625,0.2088671875,0.46298828125,0.01938433647155762,0,0.0,2.0,0.405615569354577,0,71,625,ref,9149,0.9149,4.14011812210083,1.2183724641799927,,,41201524411ce063c6bc2c2a1543a4da5a7f98ba21df977b268a782fdb809993,,110.12172759009991,1065464,1093820,7,SNAi_V,13
-0.8099130580049618,1.655268098489056,1.5519820923934295,0.31556640625,-0.8807720627025668,1.3857385017757544,0.8069433418669706,0.3025390625,0.08587476693694436,1.8303193697002131,0.004077058666554934,0.003572353947323156,0.007744567623653515,5.298489334353975,-1.2397951650619508,0.18056893433826593,-0.8738510435390928,0.8273404103482263,0.6963134097285616,1.3102715147380912,0.7903338518226519,0.3046458959579468,0.39691075682640076,0.9142000079154968,0.7903338511858601,0.3979544012930176,0.06058774386645818,0.45854214515947056,5.218048215738236e-15,0.318203125,0.318203125,0.201875,0.45033203125,0.024141556024551394,0,0.0,2.0,0.4268282917987543,0,72,625,ref,9142,0.9142,4.233266353607178,1.128415584564209,,,4f8843390da76368cede31418779521ea5484448e39e117ec95faae9c2cc70a7,,111.0185802540509,1096088,1093820,7,SNAi_V,13
-0.8155853487546514,1.7091301517272817,1.5241039531413167,0.31685546875,-0.827926507141228,1.394500793368316,0.8219131503218005,0.31317138671875,0.09181016603160598,1.8479855003000707,0.004836796373185932,0.00409549253880162,0.007809900675720135,5.32714087687831,-1.236387820839882,0.1809347419321292,-0.8168545267108935,0.8162449802174375,0.6775081756340706,1.3129739787977082,0.7835768091888167,0.2665035128593445,0.3760564625263214,0.9207000136375427,0.783576809768565,0.3977180305184681,0.061815174517363645,0.4595332050358333,1.5543122344752192e-15,0.32455078125,0.32455078125,0.20775390625,0.455390625,0.021732807159423828,0,0.0,2.0,0.42930843685328923,0,73,625,ref,9207,0.9207,4.551329135894775,1.0956528186798096,,,652898636b4901a7587ea788a70726bdf5bf7a42f8fd5a2a9eaeea8c9b1046e3,,112.0333848950686,1034972,1093820,7,SNAi_V,13
-0.7340645992393483,1.706854924795291,1.4052633910344676,0.31791015625,-0.7716116091429086,1.406617379999349,0.8778031532331144,0.32321533203124997,0.10493192175152112,1.8673225584214828,0.006317973543229348,0.004531364358386058,0.008267351467522657,5.356181320250301,-1.233175521492958,0.18053649634030816,-0.7689924719180073,0.8490268832553145,0.6712750913249091,1.3137975359199054,0.7798861416243017,0.31346213817596436,0.3835160434246063,0.9165999889373779,0.7798861426871736,0.3960986873490263,0.060020370983449964,0.4561190583324791,2.831068712794149e-15,0.32419921875,0.32419921875,0.2048046875,0.45759765625,0.01962282657623291,0,0.0,2.0,0.47385183886890964,0,74,625,ref,9166,0.9166,3.6195855140686035,1.2077219486236572,,,eca38b72a406f71144530216571bfc608d6f1fb683f841938caa0f104e34e737,,113.06319447106216,1027664,1093820,7,SNAi_V,13
-0.7927137755139881,1.6695535894553812,1.289001792584756,0.31119140625,-0.7768700701219682,1.410001252356578,0.8587916994390419,0.31982910156249994,0.1019031160529455,1.8795956468260737,0.0066047687680981714,0.004525959530179744,0.008113723564533227,5.380371859302049,-1.2330683797597886,0.18371323252630065,-0.769438988959726,0.8433014644250239,0.6309342187794256,1.3127669769699173,0.7765350511542056,0.2942237854003906,0.38700437545776367,0.9146000146865845,0.7765350510366261,0.40148764095847367,0.04885671637341189,0.45034435733188266,2.886579864025407e-15,0.32412109375,0.32412109375,0.20275390625,0.45794921875,0.023108744621276857,0,0.0,2.0,0.42649779020278833,0,75,625,ref,9146,0.9146,4.500485420227051,1.1162556409835815,,,03dfe6d885aa077f6b683c3b189777b03ad3b6f64431f14355674f468f268aa4,,114.04014908301178,1065476,1093820,7,SNAi_V,13
-0.7932353952233706,1.703760191983875,1.3873778313798268,0.31955078125,-0.9090673768533825,1.4108799164295185,0.824545394008274,0.30068847656250003,0.08758771642671245,1.897514948323149,0.005479473834303516,0.003280753220900254,0.007964147723523416,5.405451071518794,-1.2349535393714905,0.18550675329888522,-0.8988803581977028,0.8280472358340412,0.6254570301218741,1.314643390115467,0.7915043390356005,0.2957919239997864,0.3959030210971832,0.9165999889373779,0.791504337862134,0.4004450354276187,0.05945467687440221,0.45989971230201543,5.495603971894525e-15,0.3206640625,0.3206640625,0.2025390625,0.450078125,0.020140504837036135,0,0.0,2.0,0.47428000385522645,0,76,625,ref,9166,0.9166,4.583180904388428,1.3575692176818848,,,7eb259b00cd85bc978cd77fdf6fe35a00cfdb0ab155278cf64897dc7c21f73e2,,115.11009864101652,1096104,1093820,7,SNAi_V,13
-0.753018276308008,1.7080072154077615,1.8299292919883343,0.32556640625,-0.8814402058655233,1.4240124701018944,1.0501882584752638,0.30880859374999997,0.10780010638869902,1.9120336197186925,0.007977788898306526,0.0033943597071949207,0.008932534644099934,5.428131150502705,-1.2326644641160964,0.18609582754073387,-0.8849536830741457,0.9189142662966457,0.748028359473714,1.3128093635722349,0.8051614943973254,0.28633829951286316,0.3888903260231018,0.9193000197410583,0.8051614946848713,0.3948753181376792,0.07207834876859713,0.4669536669062749,1.4432899320127035e-15,0.3144140625,0.3144140625,0.19755859375,0.44529296875,0.02112526297569275,0,0.0,2.0,0.4181902387162499,0,77,625,ref,9193,0.9193,4.099888801574707,1.1764981746673584,,,53815eb50b8e9e2ce791f85f88729268e1c94d1475fa4c32f7e76cd7fd3113bf,,116.06894968007691,1034984,1093820,7,SNAi_V,13
-0.7632175804367864,1.7301867429554711,1.869354351063202,0.33421875,-0.8764721033387758,1.429454703567518,0.9438253957912802,0.30915283203125,0.10048933217925754,1.9361757114287734,0.006675705943269759,0.0035595274041284953,0.008511700285975374,5.452244172021466,-1.231616061925888,0.18716697836209478,-0.8669858634215099,0.8789203616759014,0.7951901736015528,1.3132955090537717,0.8127084542403463,0.2916499376296997,0.3823799192905426,0.9136000275611877,0.8127084545383696,0.3983211181229258,0.06938700841143793,0.46770812653435734,6.38378239159465e-15,0.3108203125,0.3108203125,0.1983984375,0.4374609375,0.020530372858047485,0,0.0,2.0,0.46503787424904947,0,78,625,ref,9136,0.9136,4.353634834289551,1.083784818649292,,,30e29421825bd69ea5de0bf51e3677967a6e7a43e86ad0b210b1bfd07a454b11,,117.06176740606315,1027676,1093820,7,SNAi_V,13
-0.9117394524117145,1.7444771998749997,1.2189646587174756,0.29427734375,-0.8880331399485616,1.4328841160910288,0.9850812336516305,0.3099853515625,0.0984990175081653,1.9483931027939827,0.006264769843820708,0.0034398443082421714,0.008461728924124357,5.478300683414853,-1.232002301812172,0.1891473645483378,-0.8796321777660022,0.8891480879562231,0.6796093215854836,1.3167442871721007,0.7553494717215653,0.34067302942276,0.38042569160461426,0.9147999882698059,0.7553494711592793,0.39239016159152257,0.052188991707665375,0.44457915329918735,6.106226635438361e-16,0.33501953125,0.33501953125,0.21109375,0.47009765625,0.018481636047363283,0,0.0,2.0,0.5039073354561412,0,79,625,ref,9148,0.9148,4.115299224853516,1.2796719074249268,,,80736f4e574f65f90523e293d83f5e0e2107ca9a5935d9a5df240cd7887bd44d,,118.11398627900053,1065492,1093820,7,SNAi_V,13
-0.9780736398128559,1.7342315243756548,1.8019187138666601,0.29267578125,-0.9178832562371794,1.4375081301488888,0.8992489494145249,0.30362060546874997,0.08871497172589894,1.9680624206058623,0.009652231912393122,0.0032377105531324786,0.008041334482461191,5.5039532878000115,-1.2340547400712967,0.18803729338026468,-0.9023907555998909,0.8330598336777173,0.7555795621349722,1.3156754101351151,0.7733488081477117,0.38157951831817627,0.36653128266334534,0.8985000252723694,0.7733488079125528,0.3870997100535611,0.06284006267455719,0.4499397727281147,3.552713678800501e-15,0.326875,0.326875,0.20796875,0.45896484375,0.01778780221939087,0,0.0,2.0,0.46603569010293955,0,80,625,ref,8985,0.8985,4.136143207550049,1.214105486869812,,,d33df0895ce77f36c4a3b2713c37c83795c913f4a6c153fc5b779b0bd0a27e36,,119.1378891140921,1096120,1093820,7,SNAi_V,13
-1.003216146254297,1.734218432604769,1.8739792163508922,0.285234375,-0.9208026478225506,1.44601238534635,0.9545400386409082,0.3064501953125,0.09495026016553668,1.984497990101193,0.011503568308311195,0.0031260842339953243,0.008405653762924363,5.525277392065625,-1.2334947323799133,0.18856902186570226,-0.9132655037859553,0.87176119492144,0.740934685144798,1.3120919109473987,0.7530453490104992,0.32496970891952515,0.3948023319244385,0.904699981212616,0.7530453489930369,0.3852873024813787,0.060409059798194734,0.44569636227957465,1.2212453270876722e-15,0.3373828125,0.3373828125,0.2166015625,0.472890625,0.019055867195129396,0,0.0,2.0,0.4400859855787701,0,81,625,ref,9047,0.9047,3.65515398979187,1.1647131443023682,,,33dc030f87cd4909af446ee9d5dca18ee9eae364dfb5d384aeb09196f82e4611,,120.13054228608962,1035000,1093820,7,SNAi_V,13
-0.8111422316383076,1.743935963682914,1.618741589986108,0.3194921875,-0.9275052861865731,1.4468151798026814,0.9044806339162864,0.3055224609375,0.09564336589419885,1.993829779540813,0.0038010190724537167,0.0031445365696607746,0.008433646976807046,5.5478610462025,-1.2336672812700271,0.18960745160868983,-0.9115478357869509,0.8751794948619552,0.7196821226355885,1.3150955003680926,0.7858467013924383,0.32206621766090393,0.3681112825870514,0.9171000123023987,0.7858467008534353,0.3949367151526635,0.0652109583086161,0.46014767346127555,4.052314039881821e-15,0.32404296875,0.32404296875,0.20677734375,0.45421875,0.021950626373291017,0,0.0,2.0,0.4732662955708595,0,82,625,ref,9171,0.9171,3.990170478820801,1.200199007987976,,,68c4254eae30ef43c5adf9dc506724eaa57cca8c6925675e81ca2d964c1793ae,,121.1004343960667,1027688,1093820,7,SNAi_V,13
-0.9403506114444139,1.7445088914510707,1.9130352972964513,0.2888671875,-0.9556299941234481,1.4537391829377078,0.9129000308387297,0.30245361328125,0.09561401048026719,2.008325117677826,0.009418483850300868,0.00302707849279129,0.00847504819598684,5.569069231890759,-1.2331720042228698,0.1902910664452908,-0.9230847071185891,0.8738037646498583,0.8047157019942532,1.3202124369053783,0.755823678605957,0.304269939661026,0.37929826974868774,0.9138000011444092,0.7558236794348341,0.38951624764308546,0.05216960427379507,0.44168585191687737,3.164135620181696e-15,0.3316796875,0.3316796875,0.21005859375,0.469609375,0.019712585210800174,0,0.0,2.0,0.45117732485341505,0,83,625,ref,9138,0.9138,3.8967883586883545,1.1722568273544312,,,757a29f04f855f3918bc7ada74993d1103d7810138070fba17d3b91b662d5876,,122.08038077305537,1065504,1093820,7,SNAi_V,13
-0.8685111853625428,1.7752134377841535,1.8163535288603823,0.3178515625,-0.9311202453286487,1.4690984897872428,1.0630667471534418,0.309462890625,0.10710909919510284,2.0316725972936722,0.01946867620638266,0.0031815362200182527,0.00897799332162539,5.592749329399194,-1.2335453760623931,0.18910820052776744,-0.9076357673574263,0.9153705005602647,0.8975578330063934,1.3183170325267444,0.789025367848808,0.3102111518383026,0.36697596311569214,0.9085000157356262,0.7890253681933973,0.39395434813598934,0.06644566817770978,0.4604000163136995,3.885780586188048e-16,0.32140625,0.32140625,0.205625,0.45216796875,0.018501055240631104,0,0.0,2.0,0.3966710331268902,0,84,625,ref,9085,0.9085,4.485246658325195,1.2135249376296997,,,94d76a074117eb06c168e73f873e9df8823777453ac97aa658f28b4667caff38,,123.05651732208207,1096132,1093820,7,SNAi_V,13
-0.8475482656436146,1.7551521369619734,1.7305525669623751,0.30830078125,-0.9329772979704118,1.4698784645277418,0.8697237414302758,0.30257080078125004,0.09279586006691506,2.0482081512295656,0.01953868918595091,0.003041267470247005,0.008327858664160716,5.616200702612855,-1.2319908136129378,0.18851057832417972,-0.9204500287056834,0.8354900097735456,0.8127406768914812,1.3190700876530985,0.7696486497472506,0.33545273542404175,0.3633560836315155,0.9164999723434448,0.7696486490080133,0.3894802682343229,0.06709847374292886,0.45657874197725506,3.2751579226442118e-15,0.33240234375,0.33240234375,0.2098828125,0.46787109375,0.019907820224761962,0,0.0,2.0,0.4008016052446308,0,85,625,ref,9165,0.9165,4.58518123626709,1.2805367708206177,,,7a23e53f636a578b895a098ef863c101d9e2b2c86a211c1accb5aaa492a6e250,,124.00825933506712,1035012,1093820,7,SNAi_V,13
-0.8790337295760869,1.7622911521570852,1.7035547854166586,0.31009765625,-0.9369660098876876,1.470424649000978,0.8400264380188086,0.30202392578125,0.08888276863089367,2.0612741191765274,0.01199176058222851,0.0029314923391974405,0.008166658714844885,5.645789532204986,-1.230584632754326,0.18938412776456853,-0.9302889720675005,0.8293247730777512,0.8128114970049726,1.3255117682006563,0.7943725380476099,0.351032018661499,0.3789312541484833,0.9090999960899353,0.7943725394329522,0.3977522895494429,0.05842709333633736,0.4561793828857741,6.217248937900877e-15,0.31521484375,0.31521484375,0.19939453125,0.4461328125,0.021919852495193484,0,0.0,2.0,0.4366939804544168,0,86,625,ref,9091,0.9091,4.196391582489014,1.1802868843078613,,,586457061e31741f3723e431eb844b13e76cc22ec22089387acf82418588b8c0,,124.94573706900701,1027700,1093820,7,SNAi_V,13
-0.8885971685739648,1.7604617543502974,1.2977928505078464,0.3080078125,-0.8479815826961891,1.4775469612725818,0.826106567761418,0.3177490234375,0.09369125205618575,2.0812124878141542,0.008241282895500837,0.003674295638969001,0.008115450031345225,5.66940736295204,-1.2271597135066985,0.1906542911530938,-0.8507729081551999,0.8374540862302783,0.7921445329749722,1.3273113813306718,0.7722366892267019,0.28828468918800354,0.3622478246688843,0.9144999980926514,0.7722366909612901,0.4044863150397812,0.043810576195726834,0.4482968912355082,1.6653345369377348e-16,0.32515625,0.32515625,0.2056640625,0.4581640625,0.01994878053665161,0,0.0,2.0,0.3788147708527214,0,87,625,ref,9145,0.9145,5.2004618644714355,1.0501091480255127,,,a1c961d8bf1e5597d9df5e904fad1402e2c0efd1c4535318e03be7b652b314ea,,125.92138742399402,1065520,1093820,7,SNAi_V,13
-1.012625004589098,1.7782182481719102,1.585867523821076,0.2930078125,-0.9235570839288307,1.4795743009110993,0.7428571351845703,0.30275634765625,0.07837021462611334,2.1053204082691837,0.0054494890212711455,0.003011816896611658,0.007570487709534771,5.692927355425992,-1.2304748034477233,0.19345216137599214,-0.9219508708614454,0.7865023343903584,0.8113570061798057,1.3269888554612372,0.758964798913803,0.3165742754936218,0.36704105138778687,0.9107000231742859,0.7589647994877304,0.3885608468776213,0.05791185193169089,0.44647269880930623,5.995204332975845e-15,0.33173828125,0.33173828125,0.210703125,0.47109375,0.01925950050354004,0,0.0,2.0,0.44467051143254077,0,88,625,ref,9107,0.9107,4.067105770111084,1.182814359664917,,,f94856fa41959fed53658ca39e1a8b83f07fe243502fccce636660c289353979,,126.87053590209689,1096144,1093820,7,SNAi_V,13
-0.8731874263500959,1.7860895188574148,1.935410749697607,0.3228515625,-0.827973664195494,1.4949251304657627,0.8399613958677453,0.32161376953125004,0.1009965698632352,2.125383357903132,0.008421217931710504,0.003905009315104039,0.008384499624871332,5.7150891595211215,-1.2290813785791397,0.19318507883435168,-0.8290607690801515,0.8378955984313292,0.8521968701485176,1.3334604324794745,0.8056339274428319,0.2695612907409668,0.3717476725578308,0.9190000295639038,0.8056339265790302,0.4009026696813033,0.06409382904367222,0.46499649872497073,4.773959005888173e-15,0.3130078125,0.3130078125,0.19599609375,0.4430859375,0.022770470380783083,0,0.0,2.0,0.43118609105724764,0,89,625,ref,9190,0.919,4.1942877769470215,1.1805164813995361,,,18f097342994fa4b4cb05c703f72f0cc218d233eac94f6aedb261ed88797c1f9,,127.8844775990583,1035024,1093820,7,SNAi_V,13
-0.9116193915820154,1.7695484453332784,1.517263073270125,0.3069140625,-0.8773055744239658,1.5052097287581405,0.9571928161216102,0.31490966796875003,0.10473837056926484,2.144016267028457,0.016901689950432962,0.003383343001730716,0.008790415590147475,5.735827700112734,-1.2272876822948455,0.19278261337050925,-0.8807054284544603,0.877995202079524,0.9124878080586276,1.3328897370299684,0.7732674807100557,0.3290254473686218,0.37150782346725464,0.909500002861023,0.7732674802548718,0.39781363396037717,0.05442960818006801,0.45224324214044515,5.551115123125783e-17,0.32810546875,0.32810546875,0.20765625,0.45861328125,0.019651710987091068,0,0.0,2.0,0.45187553191266133,0,90,625,ref,9095,0.9095,4.438089370727539,1.2484561204910278,,,26fc2a880a93b59ccddb17f17001d2cd712c58f2c5df736de546fbe24cfa15f4,,128.95903985900804,1027716,1093820,6,SNAi_V,13
-0.897938964918389,1.8075403758817703,1.3842543576600677,0.3092578125,-0.9178584173330973,1.5004108360062627,0.8488016187390062,0.30750000000000005,0.09218133087740195,2.151135775878636,0.007915570048974519,0.003056474366277552,0.00829095691394528,5.757012489979689,-1.22628003180027,0.19064862856599338,-0.913181485738593,0.8108172564339127,0.89513446765575,1.3317640923783574,0.777520002387464,0.3173679709434509,0.3593562841415405,0.9079999923706055,0.7775200035830494,0.3997396049473745,0.0537498885348867,0.453489493482261,2.220446049250313e-16,0.3250390625,0.3250390625,0.20716796875,0.4571875,0.01982027888298035,0,0.0,2.0,0.38184142187654924,0,91,625,ref,9080,0.908,6.339644432067871,1.4702811241149902,,,ea639d61788b6de2ee12cd60d1197ffb83d34f8506127c80cd42d32398016910,,130.39747692306992,1065532,1093820,4,SNAi_V,13
-0.831289942877095,1.7842742089031436,1.7279167419600912,0.31185546875,-0.9352946260539542,1.5096422726586554,0.9556833947643416,0.3071533203125,0.10215359522524407,2.1686509261359017,0.008215270036843792,0.0029355677443244355,0.00882674513193416,5.781023103890373,-1.225763590335846,0.1913813225970974,-0.9250504540654029,0.8746460639128756,0.9002085377320572,1.3324249065551104,0.7758676423633005,0.27766096591949463,0.37162864208221436,0.9218000173568726,0.7758676417835523,0.39485800707058677,0.05684274662629376,0.45170075369688123,7.216449660063518e-16,0.3248828125,0.3248828125,0.2067578125,0.45716796875,0.023274874687194823,0,0.0,2.0,0.4527814394658639,0,92,625,ref,9218,0.9218,4.583393573760986,1.252148985862732,,,4476183bd9ac26ca44c2e27685b21f718c509ae6c2d37d300dbee53cb3c3f565,,131.36829860508442,1096160,1093820,4,SNAi_V,13
-0.7693034378918224,1.7734218311100458,1.4146184409226656,0.31990234375,-0.9213331492469317,1.5160827887029436,0.9971832307552116,0.30934814453125,0.10455920266777995,2.1866992513476324,0.007248568185881687,0.002912855583716508,0.008948850466390643,5.802795150943914,-1.2240277218818665,0.19192143857433316,-0.9256411696465194,0.8817250151326615,0.9398008590478701,1.3336312160014796,0.7771012552874162,0.28612521290779114,0.3749791383743286,0.9049999713897705,0.7771012570662424,0.3900390349445311,0.06470660299699676,0.4547456379415285,6.106226635438361e-16,0.32734375,0.32734375,0.20658203125,0.45931640625,0.02157670855522156,0,0.0,2.0,0.4094618219395101,0,93,625,ref,9050,0.905,4.2761125564575195,1.1261974573135376,,,e9ebf09cdbcb7be0461fcab6f8af82447d88fcd7671b7d2d3e94143d05bb4a71,,132.53191412403248,1035040,1093820,1,SNAi_V,13
-1.0979530470922938,1.8427285391085322,1.7848990660448656,0.2829296875,-0.9246038314776714,1.526896756173976,1.046258901086851,0.30926025390625,0.10363783983328194,2.212099661105481,0.015676203075847023,0.0029026449128904067,0.008908471607596906,5.826465481708748,-1.2242328733205796,0.1944160474935688,-0.926892279862194,0.8895016013358035,0.9539194556268196,1.3327136219834659,0.7475145461841021,0.3015446960926056,0.349556565284729,0.9042999744415283,0.7475145461433567,0.38919634412476745,0.04925111350740259,0.4384474576321678,2.220446049250313e-15,0.3373046875,0.3373046875,0.213046875,0.47365234375,0.018962103128433227,0,0.0,2.0,0.4649394959200516,0,94,625,ref,9043,0.9043,4.883517742156982,1.185533881187439,,,4e4c1d915dc757c33e0f55719f3ae98f42924cdcd64fd1f1a7c27ffb658a8cc0,,133.7696915420238,1027732,1093820,1,SNAi_V,13
-0.9487921180899279,1.7859245121797567,1.4422420424706854,0.30001953125,-0.9245620900922356,1.5323120220862578,1.0464688145891985,0.30860839843750004,0.09745864673653144,2.2338590150236697,0.016662471269874773,0.0029012181349068844,0.008610172745878351,5.851637564003747,-1.221247736811638,0.19656362362005844,-0.9240532993678825,0.8818896124874545,1.0322587810109174,1.3342846666437866,0.7709600954107009,0.3070489168167114,0.36128029227256775,0.9067000150680542,0.7709600958472583,0.401372536805481,0.047886250009318274,0.4492587868148005,1.2212453270876722e-15,0.32767578125,0.32767578125,0.2087109375,0.46046875,0.020081090927124026,0,0.0,2.0,0.3943413219146093,0,95,625,ref,9067,0.9067,5.996692657470703,1.221204161643982,,,7639c107ea7d8ec23138c721c22580b5c3ca11a3cc64c6d12f3851d50cc2dcc5,,134.79097233409993,1065544,1093820,1,SNAi_V,13
-1.0892150147865032,1.8592313759273582,1.716207913695733,0.280234375,-0.8802439481252432,1.5414538170673149,1.165416207368651,0.32031982421875,0.11563844185424803,2.243689819806024,0.016751608491122803,0.0032740722305086055,0.009339793871419182,5.874170828331353,-1.219030014872551,0.19713151872683077,-0.8836412197354846,0.9441789668244782,0.949511008864488,1.3389443560237304,0.7491020433139056,0.3148286044597626,0.3517225980758667,0.9064000248908997,0.749102044752799,0.38928013725421823,0.05666538858276615,0.4459455258369845,1.1102230246251565e-16,0.3405078125,0.3405078125,0.21595703125,0.47625,0.019054687023162844,0,0.0,2.0,0.5177725864509406,0,96,625,ref,9064,0.9064,4.125166416168213,1.15090012550354,,,d6f11b88d3132a788c36c991c572f39e18cf97af73ad6d4babdad9ac26ae8752,,135.86508485500235,1096168,1093820,1,SNAi_V,13
-1.127692160440516,1.8450496142890829,2.082263370403346,0.2787109375,-0.8876384017887904,1.5471068242543435,1.3016232522226385,0.32035888671874996,0.1253755184727166,2.2576872605455027,0.010476746636140564,0.0030794904970750893,0.009834419507220584,5.896983485846241,-1.2174330019950867,0.19943031436294056,-0.9019767338572221,1.0097314295339952,0.9129527692736521,1.3390004608919066,0.7583434574201238,0.2820183336734772,0.3459523022174835,0.916700005531311,0.7583434571768157,0.3866254717844788,0.06342211450587046,0.45004758629035085,1.609823385706477e-15,0.33677734375,0.33677734375,0.21525390625,0.4706640625,0.0180111825466156,0,0.0,2.0,0.5017467669291603,0,97,625,ref,9167,0.9167,4.486548900604248,1.1652929782867432,,,542d02731f0df202dcedc91fba4f8a746c9a8d9d898131f4b60e375bff504744,,136.90157448907848,1035052,1093820,1,SNAi_V,13
-0.9070629627229435,1.7986554705277964,1.9428980893806027,0.31546875,-0.9082593197269996,1.5583924171068217,1.430947658997131,0.3156591796875,0.140010397783066,2.2748273677750017,0.013749160137974625,0.0028412148446744934,0.010512992469189023,5.916180700598189,-1.2174073857069017,0.20025080816297944,-0.9263595540184426,1.073105223000258,0.9295276890141716,1.3380867871086048,0.7940019570558797,0.3885442018508911,0.3757404088973999,0.8895000219345093,0.794001956920838,0.40689054444087097,0.05451550653765324,0.46140605097852566,1.4432899320127035e-15,0.32111328125,0.32111328125,0.2028515625,0.44806640625,0.023808544874191286,0,0.0,2.0,0.41710263837391826,0,98,625,ref,8895,0.8895,4.365667819976807,1.1665685176849365,,,875433f4c21c2529b85e78fb8b09aa068bf828591472920c33d288a222eef768,,138.25660959410015,1027744,1093820,18,SNAi_V,13
-1.128148534447899,1.8129936510385551,2.216406880547982,0.2871484375,-0.9312308373117199,1.5616916369284963,1.4519971050447102,0.31153564453125,0.14033919506631268,2.2872965089370405,0.011245064849053037,0.0025612039482287353,0.010597841942226936,5.935661518060512,-1.2144171267747879,0.2008995596366829,-0.95205299861281,1.0805379413083018,0.9881743977703168,1.334464745697153,0.7694159507588484,0.3421129882335663,0.3574618697166443,0.9074000120162964,0.7694159509555902,0.3918798919876993,0.05810365629519155,0.4499835482828869,3.941291737419306e-15,0.3291015625,0.3291015625,0.2090625,0.46173828125,0.020879489183425904,0,0.0,2.0,0.44215380290812306,0,99,625,ref,9074,0.9074,4.758301734924316,1.0786819458007812,,,809ddb552a5cb2351578ba01917030cd4cfad324626230f74b994fc8ce3e64ad,,141.49738155910745,1065560,1093820,18,SNAi_V,13
-1.0158548877277136,1.8411008951026826,2.1698293700346936,0.29216796875,-0.9875529082166677,1.5612059811942816,1.3577356867967985,0.2998974609375,0.12823319782923,2.2970765676391394,0.012054350248429801,0.0020137578822615578,0.010225675490412665,5.954429707041359,-1.2144296091794968,0.2048806692235974,-1.0081446581219093,1.0463907182114558,0.9391842798517822,1.3365401150396945,0.7726138061436358,0.3276853561401367,0.3601095378398895,0.9031000137329102,0.7726138050702867,0.3864423009707926,0.0661908509478093,0.4526331519186023,4.440892098500626e-16,0.32705078125,0.32705078125,0.2106640625,0.4603125,0.017887192964553836,0,0.0,2.0,0.4589430970591008,0,100,625,ref,9031,0.9031,4.448268413543701,1.4561161994934082,,,7ff14a0f4850f2e470fecf109936c8c5593f59be87bb1d3bca120c1c454132ba,,144.59983236400876,1096188,1093820,18,SNAi_V,13
-1.0205369504164221,1.8721828477084388,2.321835846954397,0.29197265625,-0.9516131792655002,1.5692457958164665,1.4323671118352022,0.3094482421875,0.1323405601012491,2.3149512126087113,0.015240594977694442,0.0024502487702913055,0.010300246286662023,5.972750552485089,-1.2121832746267318,0.20676722650453475,-0.9611851521062582,1.0531793893996269,0.9968106894045154,1.3339272298996525,0.7602600351651199,0.29594850540161133,0.35304179787635803,0.9140999913215637,0.7602600350906141,0.38212532251759135,0.07136194745794491,0.4534872699755342,2.0539125955565396e-15,0.33626953125,0.33626953125,0.216171875,0.47044921875,0.017052650451660156,0,0.0,2.0,0.47516744294110863,0,101,625,ref,9141,0.9141,4.162514686584473,1.2820770740509033,8928,0.8928,cce601796bc1feac5e53f1a933643face94c3470cdb87add11708c750b2ae054,,147.31915567303076,1035072,1093820,10,SNAi_V,13
-0.8708976416033113,1.8616808949992631,1.9587033945925787,0.3183203125,-0.9204792056684701,1.5737342834532755,1.363885797898071,0.30991699218749996,0.1327521186619586,2.3340915922555254,0.00979588399871025,0.002812603768460639,0.010224317212194472,5.995565207313043,-1.2108848798274994,0.208382976325867,-0.9227679041811045,1.049368774436329,0.9265924028862966,1.3364697663133924,0.7701833809225355,0.34361714124679565,0.3448346257209778,0.9120000004768372,0.770183380037779,0.39003492657029243,0.06715295566237661,0.4571878822326695,4.440892098500626e-16,0.33462890625,0.33462890625,0.21220703125,0.46515625,0.02145816683769226,0,0.0,2.0,0.5260344893636402,0,102,625,ref,9120,0.912,3.8946802616119385,1.2363711595535278,8823,0.8823,01b41964568731e51ee1336322728ebcedd08e056a7f7269852f35147c096f0a,,148.86924158001784,1027760,1093820,11,SNAi_V,13
-0.8607306483404179,1.8650516607532335,1.6428529289195668,0.3181640625,-0.9204932196924203,1.5760464644116006,1.2910276007461121,0.31636718750000004,0.12484999077981536,2.3496293966544197,0.009443070550071814,0.0028209652783249915,0.009889189882848667,6.020423217235023,-1.209288717508316,0.2082022135495084,-0.9203152070876421,1.0018939639880635,0.8873216244687094,1.3425125085179708,0.7799845705355983,0.3277624845504761,0.35472822189331055,0.9114000201225281,0.7799845705647022,0.39340704848383906,0.061402417159554135,0.4548094656433935,2.7755575615628914e-16,0.32494140625,0.32494140625,0.2050390625,0.4572265625,0.022540843486785887,0,0.0,2.0,0.42367362863153657,0,103,625,ref,9114,0.9114,5.2327070236206055,1.3189603090286255,9055,0.9055,b4a919f005184b296ca5bfc871356e7842bc2e429c29825833e0ce2a23306758,,150.45932186208665,1065576,1093820,11,SNAi_V,13
-0.9197066002608064,1.8461497722824207,1.6520208054419288,0.30302734375,-0.9373687904195647,1.5795787387255071,1.2813771685497723,0.317587890625,0.12361052683330133,2.362043201513742,0.009415263486620706,0.0026739614365052945,0.009876941153626275,6.040852194400184,-1.2079731357097625,0.2082828503190924,-0.9340583771788628,1.0012379929850173,0.9454179308283092,1.3413259603519914,0.754159402513178,0.330013632774353,0.3489091992378235,0.9125999808311462,0.75415940292296,0.38965337819279683,0.057579864615454016,0.4472332428082556,4.773959005888173e-15,0.3387890625,0.3387890625,0.21388671875,0.4731640625,0.018916499614715577,0,0.0,2.0,0.52760495247405,0,104,625,ref,9126,0.9126,3.792705774307251,1.2047204971313477,8878,0.8878,70938a4ca6b9e4933a33d4307dbd8e20340cbc98701b1ccb5a944e1d5eef44ea,,152.21236829506233,1096204,1093820,11,SNAi_V,13
-0.80929973068473,1.8918420855506266,2.174956114329554,0.34232421875,-0.8985010232488267,1.5908296111031295,1.357678866678138,0.32395996093749996,0.13262988728464023,2.384493195870229,0.013615768407665351,0.0031469912003741305,0.010121280204009651,6.066620891143817,-1.2045757400989532,0.20687867031701768,-0.8822048476166974,1.0167467275812456,1.0347885289934395,1.34561437398355,0.8105286781932227,0.3132241368293762,0.3431827127933502,0.9132999777793884,0.8105286764958873,0.3998980941092154,0.06898749368172147,0.4688855877909369,5.551115123125783e-17,0.31373046875,0.31373046875,0.1983203125,0.44029296875,0.022179675102233887,0,0.0,2.0,0.4713469687196847,0,105,625,ref,9133,0.9133,4.053364276885986,1.3912181854248047,9010,0.901,da32dca3c09b119bcb7698336c3d62c8dfcb22948dba7accb10ef23b32e74298,,153.77720416302327,1035084,1093820,11,SNAi_V,13
-1.0180581350168714,1.8500556732672138,1.4320161636443158,0.28755859375,-0.966647031368634,1.593001788407836,1.3365027462368149,0.31395751953124995,0.12686422332988417,2.3963616923449944,0.014428782195684765,0.0023313339370472485,0.0101007403269376,6.0879762074514785,-1.2049712479114532,0.20693920177950328,-0.966154500705187,1.0120569165350999,0.9394430635293627,1.3453204584047271,0.733667799643008,0.3115783631801605,0.3550143241882324,0.9165999889373779,0.7336677998490632,0.3890903849775885,0.048679593754063125,0.437769978731658,6.38378239159465e-15,0.3495703125,0.3495703125,0.22330078125,0.48365234375,0.016801106929779056,0,0.0,2.0,0.4789513213072528,0,106,625,ref,9166,0.9166,4.741081714630127,1.2148247957229614,8988,0.8988,62b19a22fa104efa96598a1bee4895d2c2f39adc192822e9ff32850cca4e58bc,,155.5973860200029,1027776,1093820,10,SNAi_V,13
-0.9889362603031473,1.887258491448494,2.1889573348992495,0.30970703125,-1.0093909165727284,1.5956804483805955,1.2841726071754738,0.30443359375,0.11855588255874279,2.412827257550055,0.014812953235300718,0.0018733369250080365,0.009844446114358271,6.109236601757714,-1.2043480271100997,0.20708919348909416,-1.0124474916516564,0.9980192141644748,0.9777876797668209,1.3422237771843968,0.7782051840249915,0.3257635533809662,0.3504326343536377,0.9114000201225281,0.7782051838247571,0.38648252385988796,0.06615592107592527,0.452638444935812,1.2212453270876722e-15,0.3234375,0.3234375,0.20505859375,0.45716796875,0.020324307680130004,0,0.0,2.0,0.4968619681625881,0,107,625,ref,9114,0.9114,3.9737110137939453,1.191392183303833,8994,0.8994,d2067f37e006354bf739f4c350410acf113090503987356221e025d83cc2fc73,,157.15685084403958,1065592,1093820,9,SNAi_V,13
-0.9461505899838193,1.8500297843944806,1.5101050087764234,0.29609375,-0.9512166671263946,1.598040707725731,1.1497317345859657,0.31311279296874994,0.11361260727555916,2.4266232364711247,0.013498259801871663,0.0024332510901756248,0.009503399852250141,6.126619426731347,-1.2024868738651275,0.20603803657363554,-0.9532299565022561,0.950427839231612,0.9561931746038628,1.3410412790017567,0.7557208495109807,0.30714964866638184,0.3513868749141693,0.9161999821662903,0.7557208501605782,0.3949721384369937,0.05066423190002798,0.44563637033702846,6.772360450213455e-15,0.33509765625,0.33509765625,0.2139453125,0.46974609375,0.018304216861724853,0,0.0,2.0,0.4382050839942207,0,108,625,ref,9162,0.9162,6.241220474243164,1.261526346206665,9083,0.9083,2d52182fdc717a98ef2fb41434c30dd310d0261bccb9c1805756f4ff70efc1f7,,158.57019317208324,1096216,1093820,9,SNAi_V,13
-0.9750911664725773,1.9239592085538813,1.988530609592736,0.30966796875,-1.0333884545185776,1.6023286800904157,1.1468310212194885,0.29813720703124996,0.1171640786528478,2.445035280823268,0.005257839564178518,0.0018043784295095555,0.009797336599819368,6.146626957286267,-1.201648650765419,0.20705913652231198,-1.0168120726944114,0.9769355754626423,1.0293055655681533,1.3433299373392902,0.7802285616716835,0.3732548654079437,0.33856555819511414,0.9054999947547913,0.7802285610197578,0.39561297675828444,0.05953757896296932,0.4551505557212549,1.1657341758564144e-15,0.32455078125,0.32455078125,0.20453125,0.4576953125,0.024102330207824707,0,0.0,2.0,0.47849188210428445,0,109,625,ref,9055,0.9055,3.6658763885498047,1.2626116275787354,9001,0.9001,877c8316ed7ff5c1eaed4f128201d5736b97ab377e322d076b9e56bd751efb7e,,160.04979879199527,1035096,1093820,9,SNAi_V,13
-1.0098139608583907,1.8847043386588311,2.3789381519322945,0.3026953125,-1.0201818709607489,1.6173084235092816,1.3079106568522412,0.3025,0.13706624069978077,2.463327570492139,0.015292725562157869,0.001866198474626834,0.010612208707420145,6.169082718786613,-1.1997200268507004,0.20825591301976892,-1.0085507386293178,1.0691267535890494,0.9913572626246989,1.349475933536265,0.7769979979423806,0.3146483898162842,0.3471115231513977,0.9189000129699707,0.776997998256702,0.3907226972705004,0.06580283200390535,0.4565255292744043,1.4432899320127035e-15,0.32673828125,0.32673828125,0.20736328125,0.46103515625,0.022141051292419434,0,0.0,2.0,0.489966188463025,0,110,625,ref,9189,0.9189,4.0203633308410645,1.1471136808395386,9080,0.908,370c412456bceccf12f478aa2ded4ec3e11f75de2d1ebf230fbe41f8c8a72d35,,161.59773317107465,1027784,1093820,9,SNAi_V,13
-0.7914202736523487,1.9036264376452152,1.8486894396775866,0.33560546875,-0.8453553471562836,1.6290554011548515,1.3356334447287777,0.3348754882812499,0.147043311325473,2.4829357932732203,0.02384239543310017,0.0034918757592864746,0.01059997786463774,6.188940706986211,-1.1950536876916886,0.20702431195767398,-0.8373535756530819,1.05208334543114,0.9853770571281979,1.349404206232166,0.8034941785014235,0.32566550374031067,0.3401360809803009,0.916100025177002,0.8034941786562558,0.3989541598929696,0.06104429855432437,0.4599984584472946,6.106226635438361e-16,0.31076171875,0.31076171875,0.19484375,0.4393359375,0.025775218009948732,0,0.0,2.0,0.40935931512704643,0,111,625,ref,9161,0.9161,4.610974311828613,1.3460129499435425,8922,0.8922,43130bc6b7a0d149a829f7526de6463847487f8944cba9da9e6415fae22fe48f,,163.21380754502025,1065604,1093820,9,SNAi_V,13
-0.8001520139056454,1.8875542304384862,1.6287812040271288,0.329296875,-0.9066743006021275,1.6228957931889099,1.1692956654304434,0.32365966796875,0.1288267646364319,2.4906550793630666,0.014308911550762193,0.0029773900567908462,0.010012871117055278,6.201031336270335,-1.194807859659195,0.21031014580222798,-0.8898105372131231,1.0173699524900346,0.9402713774014816,1.3436800676508054,0.7879872237541713,0.2558484673500061,0.34340015053749084,0.9269000291824341,0.7879872235702351,0.3896032602796551,0.06767172781035204,0.457274988090007,1.1102230246251565e-16,0.3191015625,0.3191015625,0.19994140625,0.452578125,0.023107689619064332,0,0.0,2.0,0.48952052513718053,0,112,625,ref,9269,0.9269,5.393498420715332,1.1344579458236694,9034,0.9034,c8cdcb6160d8da6ef287768557592309be4b720c1001151788b9ef9896b08c3b,,164.7777518799994,1096232,1093820,9,SNAi_V,13
-0.92165912796332,1.9119206873054821,2.489917179551718,0.32029296875,-0.9751942841587876,1.6260847533806577,1.1331520756125106,0.31161376953125003,0.12287498427421432,2.5111856637835763,0.010090977119243318,0.002330995104091494,0.00993214268755102,6.224829843508501,-1.1951275253295899,0.20930946202701378,-0.9563454874298942,1.0073672052742848,0.9556502373397432,1.3479545831705837,0.8058164595672861,0.33797982335090637,0.338661253452301,0.9140999913215637,0.8058164611586836,0.39282275050185206,0.07442484851860225,0.4672475990204557,1.3877787807814457e-15,0.3146875,0.3146875,0.199140625,0.4447265625,0.019104939699172974,0,0.0,2.0,0.42781411494283106,0,113,625,ref,9141,0.9141,4.1316399574279785,1.2350820302963257,9009,0.9009,903c560bb9719e1bc59a39927f4bcb278bc7f1f40abdcd64f1fca47dceeecd5b,,166.473524743109,1035112,1093820,9,SNAi_V,13
-0.9060663409954466,1.9162864847217056,1.9974749859644236,0.30638671875,-0.9493177945098187,1.633087028509544,1.1170147376755195,0.3159033203125,0.12513700821868484,2.5258407170321244,0.01599551743532359,0.002502417742330946,0.009986738436561223,6.239993249215393,-1.193736099600792,0.21250596768670815,-0.9373939017380354,1.0022433275355964,0.9400584082333899,1.342842746092019,0.7681271901878063,0.3319840133190155,0.3400998115539551,0.9129999876022339,0.7681271898630075,0.38680996991318184,0.0592151257555705,0.44602509566874743,4.9404924595819466e-15,0.32744140625,0.32744140625,0.206328125,0.46087890625,0.01981359124183655,0,0.0,2.0,0.39665933657115954,0,114,625,ref,9130,0.913,4.539124488830566,1.3415790796279907,8691,0.8691,374521e3add724f211f42ab260d24e8d287448307fb9fd270420d83906d35f68,,168.69490851310547,1027800,1093820,6,SNAi_V,13
-0.8703742975556858,1.8930946821462866,2.3227679403436587,0.311796875,-0.9525332045733828,1.6352490705617837,1.1203342106480223,0.31493164062499995,0.12526188868970523,2.541632740767949,0.007144893315522617,0.0024882392234709563,0.009995573243394637,6.25476491922262,-1.1945704054832458,0.21552015735997387,-0.939680624067802,1.0211967311473433,0.9580371764637855,1.3470961992364112,0.7738309732452034,0.2818430960178375,0.3407939374446869,0.9190999865531921,0.7738309742580168,0.39251305648800566,0.06414093375738643,0.4566539902453923,2.220446049250313e-16,0.32962890625,0.32962890625,0.21107421875,0.46171875,0.020848733186721802,0,0.0,2.0,0.5104662572289884,0,115,625,ref,9191,0.9191,4.063762187957764,1.322346806526184,9058,0.9058,a1dc231c15ae6a6febce9bc127af6e4b497870f54a65a02e6b3fb556822762d0,,172.51620403304696,1065616,1093820,4,SNAi_V,13
-0.9187692518481857,1.9257353019122823,2.074382928888104,0.31283203125,-0.9989213680019278,1.6383278262097076,1.1481094115930688,0.30705566406249996,0.12555253943911657,2.5553387284627984,0.003226798231110947,0.0018932766706352161,0.01013728353409454,6.275027838494697,-1.1944423389434815,0.22002860525324344,-1.000499219574114,1.0379013664734884,0.9635260637184097,1.349742324768291,0.7839261169894598,0.32774555683135986,0.34394770860671997,0.9125999808311462,0.7839261170173996,0.38486916334104293,0.07363159641162033,0.4585007597526605,2.7200464103316335e-15,0.3249609375,0.3249609375,0.205859375,0.45427734375,0.021431416273117065,0,0.0,2.0,0.4899810087432369,0,116,625,ref,9126,0.9126,5.45739221572876,1.1261340379714966,9045,0.9045,7636dd9f807fd8a3adafb7a8534886c88c833fa3c49205bee2fb75ed81d6afb4,,174.7946777350735,1096244,1093820,6,SNAi_V,13
-0.8744914889336782,1.9380761044792367,2.2677835977700997,0.32751953125,-0.8493776268240893,1.6440375990985852,1.1259233838003173,0.33288818359375005,0.12546925614940002,2.576969368195559,0.0004210029048803432,0.0032046868637753295,0.00979839023371997,6.294252782752676,-1.190094574689865,0.22466988475587582,-0.8618134646954695,1.0181901847483157,1.002914861892847,1.351943986409358,0.7974181665794459,0.33073854446411133,0.3379897475242615,0.9103999733924866,0.7974181663140189,0.39609111139352476,0.06326003277753622,0.45935114417106154,5.551115123125783e-16,0.3148828125,0.3148828125,0.19890625,0.44634765625,0.024492675065994264,0,0.0,2.0,0.39865699123976966,0,117,625,ref,9104,0.9104,5.101855754852295,1.2083452939987183,9025,0.9025,b807c7b225e480f588a276339d32c7a397fae8c33b5e04456133f7ba8e1a9907,,177.18270581110846,1035124,1093820,18,SNAi_V,13
-0.7881864820086197,1.906414496449794,1.5331939056049262,0.341015625,-0.9405361398176509,1.650039020011574,1.1622083645174532,0.31773681640625,0.12012258067375703,2.5918397298011357,0.010666457085863055,0.002262968927016078,0.0098299822230699,6.311631029241755,-1.1913418793678283,0.22171549644839533,-0.9595282941963612,0.9946248256726172,0.972194270709283,1.3514627239726107,0.8097152475267648,0.3165271282196045,0.3372041583061218,0.9139999747276306,0.8097152481717057,0.39954039403887104,0.05832557713242254,0.4578659711712935,5.551115123125783e-17,0.30380859375,0.30380859375,0.19349609375,0.43537109375,0.02558848857879639,0,0.0,2.0,0.5397364611458919,0,118,625,ref,9140,0.914,4.5160746574401855,1.1859958171844482,9032,0.9032,b11bf496772ad4a6393d34a84f6eef30b0af317b61749638722e9f1bd216aaee,,181.2795333151007,1027816,1093820,4,SNAi_V,13
-0.8973945450865344,1.94903123652982,2.469912134880858,0.328984375,-0.8974378675392503,1.6594850684031555,1.3017919904159214,0.32673095703125,0.13324195037005157,2.6102660118894945,0.010382729993479793,0.002631266006750679,0.010292655271209426,6.3292457550305405,-1.191605538725853,0.22183792210371675,-0.9220644065950754,1.037616090944833,1.0136291433100195,1.3528788463858137,0.7972358120803256,0.3089597225189209,0.33200693130493164,0.9117000102996826,0.797235812060535,0.3924206705940773,0.07526691932287466,0.46768758991695164,3.3306690738754696e-16,0.32072265625,0.32072265625,0.20390625,0.450625,0.019580167531967164,0,0.0,2.0,0.5361596264763053,0,119,625,ref,9117,0.9117,3.632035970687866,1.0339709520339966,8806,0.8806,24b2f415f0d4d10768a626865766d6e59b8ab73d091a844223920d64bbb4256b,,185.68854337208904,1065632,1093820,20,SNAi_V,13
-0.9801820769666381,1.9054763656262674,1.9823511336000075,0.30455078125,-0.9000677373275997,1.6640829978511538,1.265110159130168,0.32540527343750003,0.13565337501929547,2.6272245903719185,0.006294258346068874,0.00253271668609297,0.01041586538347514,6.345336436580081,-1.1903150248527528,0.22084789161357737,-0.9308690694896028,1.0334561157681426,1.0310230033363903,1.3504213946341799,0.7802870122424792,0.32208654284477234,0.3420027196407318,0.9083999991416931,0.780287014702335,0.39250298517876453,0.06195266065308041,0.45445564583184483,1.1102230246251565e-16,0.32298828125,0.32298828125,0.2031640625,0.45548828125,0.021923112869262695,0,0.0,2.0,0.41013128288992157,0,120,625,ref,9084,0.9084,4.7270331382751465,1.2315678596496582,9051,0.9051,0941599b240d25b123098e033164753ddebd35a231a749730d222f3e11789410,,189.85952150903177,1096260,1093820,18,SNAi_V,13
