arm,task,unit,m0,dm,cnorm0,fossil,zbar0,pos0,dep_task,align_task,dnorm2,cos_task,gpos,gneg,dm20,dm100,gpos20,gneg20,split_identity
R,21,0,-0.021190514482181504,0.015868684824454193,3.2051852364348936,0.7233489420149376,-1.8358586354254016,0.01171875,3.0533443774153937,-0.7610027194780578,2.292341657937337,-0.06793837963707607,-0.021839904208509408,0.0,-0.00013020705268807406,0.011504724067203731,-1.1244035206869785e-05,0.0,9.270362255620057e-15
R,21,1,-0.027273163349236153,-0.0021193941935721042,3.067167491934584,0.6160460015368292,-2.2717042201873197,0.00390625,0.0518204265201368,-0.029055534484405718,0.02276489203573462,-0.020807068117112016,0.002170197172578515,0.0,3.445734642921206e-07,-0.0010836167415135955,0.0,0.0,9.270362255620057e-15
R,21,2,-0.03230032972925649,0.0,2.4218216407939113,0.30424151735675325,-3.849275518354992,0.0,0.0,0.0,0.0,nan,0.0,0.0,0.0,0.0,0.0,0.0,9.270362255620057e-15
R,21,3,-0.0241569997631591,-0.000925726190463156,3.7735255564244192,1.0312612235029164,-2.7160812339429294,0.00390625,0.014467355001679151,-0.013539888835388297,0.0009274661662903583,-0.01491568620969586,0.0032183058745257833,0.0,-0.00016033762294311453,-0.0004511705284891592,0.0003557439200024458,0.0,9.270362255620057e-15
R,21,4,-0.018957004504119718,0.004141529251367563,3.2621061501912245,0.7863709156895975,-0.8074245216158565,0.15234375,3.0014631306541086,-0.5902715787561409,2.411191551897966,-0.052222454660237186,-0.0004274429611487511,0.0,0.0006941257834114366,0.00666421415494091,0.0019216784585937903,0.0,9.270362255620057e-15
R,21,5,-0.02132838362497435,-0.0007904064043718878,2.8025808936173933,0.8543036473038137,-2.38422913539641,0.00390625,0.029528070668446572,0.01595735115241916,0.045485421820867344,0.016567428833707924,0.002499793864514923,0.0,0.0002455325342155874,0.0002798962699560027,0.0,0.0,9.270362255620057e-15
R,21,6,-0.02390837714158676,0.0024150529556097836,4.0486357890714695,0.9556619919217204,-1.2040017742513556,0.1328125,2.180383741087225,-0.4330840337955978,1.7472997072916279,-0.036221547451163315,-0.022605203118364198,0.0,-0.0004775139754090151,0.0020517315446972025,-0.0012084616758246888,0.0,9.270362255620057e-15
R,21,7,-0.02361629297401847,-0.0013975085066518583,3.012456506958837,0.6306580152728857,-2.6341868945752127,0.0,0.03846323157898178,0.022601532929958427,0.06106476450893794,0.019127765105798483,0.001468968921873957,0.0,0.0007822135829307943,-0.001392303734101748,0.0,0.0,9.270362255620057e-15
R,21,8,-0.029646270711036406,0.0,2.7549661850462708,0.33849820196102465,-2.8305932088021395,0.0,0.0,0.0,0.0,nan,0.0,0.0,0.0,0.0,0.0,0.0,9.270362255620057e-15
R,21,9,-0.022083221094288424,0.006803548414572286,3.729867369660311,1.1946576507294098,-2.8159794466831274,0.01171875,1.2129060014618434,-0.07242376213715158,1.1404822393246867,-0.008815442638556673,0.0027691170753355657,0.0,0.0013391631384773953,0.008419072772085203,-0.005683196489179374,0.0,9.270362255620057e-15
R,21,10,0.0019012701541028872,-0.006563759725446394,3.95462754816262,1.052210234796415,-0.44573800935435004,0.357421875,0.5829181014065691,0.15327414226640473,0.7361922436729706,0.0253822162920076,0.056197980572775155,0.0,-0.0040902681030274834,-0.0002087797941626659,0.05502982442264285,0.0,9.270362255620057e-15
R,21,11,-0.017310393991242654,0.0011404951614241898,3.75731389750663,0.6883606421626371,-1.9990554500017603,0.029296875,0.27625247267743325,0.07118553974420413,0.3474380124216321,0.018023171728615686,-0.005096564692276825,0.0,-2.0529683956274093e-05,0.002532120156854722,-0.0008600682953294538,0.0,9.270362255620057e-15
R,21,12,-0.014513252755264426,-0.0022652383426507907,3.9065791713279183,1.0380689040829403,-2.0089304679170317,0.03515625,0.16316834375400124,-0.1275094394485652,0.035658904305433836,-0.04040152497085187,0.013050136248970197,0.0,0.0009852633623880565,-0.00028206442569783945,-0.00280481577713562,0.0,9.270362255620057e-15
R,21,13,-0.01217482497702349,0.0,0.6439484570367167,0.01651220048563924,-1.260971911982148,0.0,0.0,0.0,0.0,nan,0.0,0.0,0.0,0.0,0.0,0.0,9.270362255620057e-15
R,21,14,-0.02583508497002408,-0.0020922815764216843,2.104805335039203,0.46003419030203113,-2.4030631716603303,0.0,0.03885496460308984,-0.07603939394258556,-0.03718442933949362,-0.09163754723481514,0.00023148244444224362,0.0,6.423249534255236e-07,-0.0020904230617890453,0.0,0.0,9.270362255620057e-15
R,21,15,-0.015685971079594182,0.0,0.8622441507448655,0.038268943195590356,-1.7716783614297102,0.0,0.0,0.0,0.0,nan,0.0,0.0,0.0,0.0,0.0,0.0,9.270362255620057e-15
R,21,16,0.01686518821559136,-0.005762597967949823,3.8691785338749636,1.4865245379719663,1.7036517075042976,0.87109375,1.247180300280574,-1.199394158837444,0.04778614144313842,-0.1387869216195737,0.06266371740325213,0.0,-0.0055535438150771535,-0.006523543053956433,0.06482325927539163,0.0,9.270362255620057e-15
R,21,17,-0.03205454696779604,0.0005256636985422472,3.0591326353935293,0.8857531944938455,-3.1143348881752653,0.001953125,0.07824036652289343,0.006062188331882388,0.08430255485476934,0.003542302807485383,0.0001590601531416535,0.0,0.0,-0.0008648586563882711,0.0,0.0,9.270362255620057e-15
R,21,18,-0.025502489346373686,0.0,1.8783025887520735,0.17574001176749215,-2.9741363798417995,0.0,0.0,0.0,0.0,nan,0.0,0.0,0.0,0.0,0.0,0.0,9.270362255620057e-15
R,21,19,-0.0035494998344301146,-0.002871856332780111,3.805041040971858,1.1214347815349912,-0.9892131456014595,0.17578125,0.7271844846031892,-0.11324658215949475,0.6139379024436913,-0.017450724431693754,0.03420764579765197,0.0,0.00108850332699891,0.0010030948270765769,0.0037079001627823875,0.0,9.270362255620057e-15
R,21,20,0.006996452635093545,0.0005607721047212801,4.026146919872007,0.9255418107354972,0.5907372825253587,0.697265625,0.9371194094463522,-0.25668964126316984,0.6804297681831812,-0.0329299644597816,0.0010891574600895267,0.0,-0.0022589010061762694,-0.001948232993304467,0.05089847744272089,0.0,9.270362255620057e-15
R,21,21,-0.025637391783898147,0.0,1.5298803080701702,0.12674938265526794,-2.496337335635248,0.0,0.0,0.0,0.0,nan,0.0,0.0,0.0,0.0,0.0,0.0,9.270362255620057e-15
R,21,22,0.01777775518137193,0.004205949034647873,3.8498780572504145,1.236761461528521,-0.007593199151423431,0.451171875,0.875804075002553,-0.8401674628039586,0.03563661219859782,-0.11659647167705796,-0.05568246948730044,0.0,0.0007363193574060368,0.0036056167692939734,-0.013538592007457639,0.0,9.270362255620057e-15
R,21,23,-0.026815288271735675,0.0,2.0313198625947173,0.2536395378730957,-2.9853992574115478,0.0,0.0,0.0,0.0,nan,0.0,0.0,0.0,0.0,0.0,0.0,9.270362255620057e-15
R,21,24,-0.030968344863511597,-0.00274964539067344,3.9560964560779306,1.4432413624479838,-2.445667785400087,0.04296875,0.04012298469006995,-0.08723456150781647,-0.04711157681774658,-0.05504211315702,0.010762308458356906,0.0,-0.0011649562925877223,-0.001935966830332086,0.006558018218279298,0.0,9.270362255620057e-15
R,21,25,0.015139487516702205,0.006101176065905238,4.0026728623609795,0.5279211309282107,1.6101793750689692,0.96875,1.4932575965484869,-0.8871826317739886,0.6060749647744892,-0.0906912885221775,-0.05796617503747149,0.0,-0.003926668115689013,0.004311577378349304,0.04163318520326376,0.0,9.270362255620057e-15
R,21,26,-0.022741355408159657,0.0034675947007024076,3.380693889694418,1.1217658640989505,-2.985924574254507,0.00390625,0.7456537679909441,-0.05107428222310142,0.6945794857678464,-0.008747779333176905,0.006311169802405084,0.0,0.0,0.0004573943021118886,0.0,0.0,9.270362255620057e-15
R,21,27,0.002921318348501013,-0.003909075049612474,3.031701961440513,0.5785088189358067,-0.5122542249316578,0.234375,0.5021741455026887,-0.06286530973815763,0.4393088357645283,-0.014630776789276888,0.009602778324283096,0.0,-0.006322772828191458,-0.005022697708357423,0.012836721677471104,0.0,9.270362255620057e-15
R,21,28,-0.02512624722090104,0.0,1.9533487407105279,0.26811444913594745,-2.960352249240926,0.0,0.0,0.0,0.0,nan,0.0,0.0,0.0,0.0,0.0,0.0,9.270362255620057e-15
R,21,29,-0.02980908941645789,-2.853771640767094e-13,3.1358238269930414,0.6277613306637821,-4.541832170165003,0.0,4.999381289065018e-20,-1.3332113486748333e-11,-1.333155807969888e-11,-0.00950734426644906,0.0,0.0,-2.5405528021463173e-13,-2.853771640767094e-13,0.0,0.0,9.270362255620057e-15
R,21,30,0.003967986281854885,0.004748608764574022,3.888959496635827,1.1916100760382364,-0.1983969925175598,0.408203125,1.0190879745167287,-0.1959400070085469,0.8231479675081843,-0.02495478687515042,-0.02492528150807839,0.0,0.0019779638993840105,-0.001619914762530388,-0.01922036675230677,0.0,9.270362255620057e-15
R,21,31,-0.007844661459061247,-0.003862467894986344,3.947911505973533,1.0220457322285692,-0.40055710485778484,0.365234375,0.3379147563289395,-0.054626999988025074,0.28328775634092374,-0.011901627870207557,0.03352058249560567,0.0,-0.0035033288486189047,-0.005673122565987832,0.0363549870992523,0.0,9.270362255620057e-15
R,21,32,-0.025625893787020817,-0.00206557395516457,1.7028040526932162,0.21924817834148352,-2.2542806147010888,0.01171875,4.405723905174714,-0.0003507909321940478,4.4053731142425185,-4.907327573109851e-05,0.016333405744448807,0.0,0.0009754973652889021,0.009375749890954905,-0.00030373528860953554,0.0,9.270362255620057e-15
R,21,33,-0.02728241197106325,0.0,2.0611982624003105,0.27086225520569784,-3.23801335307739,0.0,0.0,0.0,0.0,nan,0.0,0.0,0.0,0.0,0.0,0.0,9.270362255620057e-15
R,21,34,-0.016046372532122294,0.003091446690205535,3.7900317483895223,0.8207112744504426,-1.397399700009088,0.08984375,1.324441837686817,-0.4628820696118175,0.8615597680749989,-0.053061688879626076,-0.041675435362898784,0.0,0.003161309221097178,0.003933365704513712,-0.03367108060779324,0.0,9.270362255620057e-15
R,21,35,-0.025175276829713766,0.0,1.8829970148627284,0.15222411364563662,-2.5029618093285793,0.0,0.0,0.0,0.0,nan,0.0,0.0,0.0,0.0,0.0,0.0,9.270362255620057e-15
R,21,36,-0.02569852051841067,-0.00039030614468118716,3.842370517016856,1.0494618271467473,-3.7038159354462437,0.0,0.002866479581756851,-0.0054400663855727035,-0.0025735868038108123,-0.013222103008071103,0.0011571465283118495,0.0,0.00013513726790566878,0.00015404950074892514,0.0,0.0,9.270362255620057e-15
R,21,37,-0.015376964986156667,-0.004556391916872703,3.752012519183514,0.6491744729984323,-1.354744331992193,0.046875,0.07556765280977236,0.036709560620493714,0.11227721343026253,0.01779577661385059,0.026062629212038127,0.0,-0.002082564744694314,-0.0036749381048993,0.019407715475497765,0.0,9.270362255620057e-15
R,21,38,-0.021631589909181726,0.0,1.4499948597766412,0.15456332908610554,-2.413888672703681,0.0,0.0,0.0,0.0,nan,0.0,0.0,0.0,0.0,0.0,0.0,9.270362255620057e-15
R,21,39,-0.02454249894792007,-0.002680339977072134,2.9990089390177843,0.4923008626638482,-2.39959780618367,0.005859375,0.039570100919244976,-0.030800780477432486,0.008769320441809114,-0.02581489640744707,0.0013199602249098661,0.0,-0.0012283873692263579,-0.001794758247231176,0.0009929117246923471,0.0,9.270362255620057e-15
R,21,40,0.0218321250001597,0.004483912706291447,4.142212921584353,1.365439729509337,2.993627784177196,0.990234375,1.3739129043729226,-0.6843680742298481,0.6895448301430704,-0.07047705132352666,-0.03905276148918518,0.0,0.0011522154255748764,0.0016316336116929326,0.06162840183550132,0.0,9.270362255620057e-15
R,21,41,-0.013002135754857367,-0.004696150808833451,3.531288549421363,0.84324089305229,-1.7972795399688977,0.021484375,0.1653036975351005,-0.019270897272718003,0.14603280026237897,-0.006711157798814617,0.022873244325514294,0.0,-0.0001849926158535468,-0.0029647902617157074,0.003788926515122579,0.0,9.270362255620057e-15
R,21,42,0.016393344776143026,-0.009256999884739193,4.329866286928113,0.9494328980027255,1.4075233578729816,0.931640625,0.3934012479258124,-0.2863390757922418,0.1070621721335634,-0.05271792060774843,0.07076876607941297,0.0,-0.008257602534100367,-0.010585817811070972,0.07378686107475899,0.0,9.270362255620057e-15
R,21,43,-0.031169810423182065,-0.0016954080975730402,2.362579705178758,0.38912710827601826,-3.0323653367222425,0.0,1.3260672745684645,-0.03660976160784174,1.2894575129606212,-0.006728180864738265,0.009786890143412658,0.0,0.0,0.0,0.0,0.0,9.270362255620057e-15
R,21,44,-0.027915768793347374,0.0003303063572275277,2.179137738118254,0.18763998241147545,-3.030493785682481,0.0,0.0019643669007148503,0.040043704914540276,0.04200807181525512,0.2073042811347567,0.0,0.0,0.00028974216531553666,0.00033029645444504236,0.0,0.0,9.270362255620057e-15
R,21,45,-0.03146079321506514,0.00018452490213367504,3.013379786292698,0.7850303000088035,-3.3612213385398326,0.0,0.00043301038720751085,0.004533899725613322,0.004966910112820244,0.0361525459828618,-2.1736970514511336e-05,0.0,0.0,0.0,0.0,0.0,9.270362255620057e-15
R,21,46,-0.01144724044711531,-0.009017151647566026,3.6608991254135197,0.6829820335065399,-0.8332345302127651,0.177734375,0.13500549223405842,-0.1680516308270032,-0.03304613859294392,-0.06246679947074204,0.04603962736481875,0.0,-0.007047152860854556,-0.008223189487821685,0.04277478856257965,0.0,9.270362255620057e-15
R,21,47,-0.012250947689645561,0.009203085288520794,3.853739877778911,0.8113476000467494,-1.1250099692382198,0.115234375,0.7454877531426118,0.0040291790969345445,0.7495169322395441,0.0006054578618714052,-0.05945180621019129,0.0,0.0025475681689812874,0.006702673362603807,-0.021218569844092778,0.0,9.270362255620057e-15
R,21,48,-0.02595951921255025,-0.003256159221415814,3.273806131510909,0.7199408975377236,-2.145777427076377,0.017578125,0.20733910853985307,-0.0998789486640333,0.10746015987581536,-0.033500431068956324,0.006038069760731108,0.0,-0.0006749742110236074,-0.002543645025961807,0.0006888564234385163,0.0,9.270362255620057e-15
R,21,49,-0.028749579175429082,0.0,2.2657391800981985,0.2676334102186944,-3.416504371969215,0.0,0.0,0.0,0.0,nan,0.0,0.0,0.0,0.0,0.0,0.0,9.270362255620057e-15
R,21,50,-0.017597785121807295,0.0,1.2087177270755178,0.04048438526159211,-1.9722221713286705,0.0,0.0,0.0,0.0,nan,0.0,0.0,0.0,0.0,0.0,0.0,9.270362255620057e-15
R,21,51,-0.028424685867627645,0.0,3.1036076305719793,0.6523957286672155,-3.448290971439353,0.0,0.0,0.0,0.0,nan,0.0,0.0,0.0,0.0,0.0,0.0,9.270362255620057e-15
R,21,52,0.020661047832367777,0.0031839206138528776,3.989268284427323,0.926992078605919,1.7683772019217987,0.9609375,1.5275781953391703,-0.7440723816279249,0.7835058137112529,-0.0754553815504746,-0.024290856831521327,0.0,0.0016576015621337444,0.0014955563485403085,-0.02284601150384649,0.0,9.270362255620057e-15
R,21,53,-0.01097290425052831,0.0,0.6390589426089605,0.022046557205862516,-1.2448012879180435,0.0,0.0,0.0,0.0,nan,0.0,0.0,0.0,0.0,0.0,0.0,9.270362255620057e-15
R,21,54,0.018714973698238005,-0.0019362190894159528,4.064538904400668,1.5294463155976743,1.286157184300443,0.87109375,1.191912196390888,-0.7474362589599851,0.44447593743090863,-0.08421912980425257,0.016389667537893948,0.0,0.002071391867521386,0.0014434027564174312,-0.028321598292172675,0.0,9.270362255620057e-15
R,21,55,0.027995878056182328,-0.0023615990286293283,4.040082267314313,1.1842113626434214,2.851334224389264,0.98828125,0.8506521151255968,-0.4230660558573832,0.42758605926821147,-0.05676909675428611,0.026417125513076175,0.0,-0.005870794868774375,-0.00145627945535032,0.0550639860714653,0.0,9.270362255620057e-15
R,21,56,-0.003615984897490363,0.004256740557046177,3.9395007581433914,0.958457565030708,0.4840969990023219,0.677734375,1.6490101445743666,-0.9129926289626894,0.7360175156116764,-0.09023695327111611,-0.00986832939219309,0.0,-0.0021585624850670184,0.0018908634991262549,0.03984006201836178,0.0,9.270362255620057e-15
R,21,57,0.0381485873311954,0.0023834911439827933,4.117556681211153,1.0869353046292791,4.2530982432811255,1.0,1.1675176072508968,-0.6712132069692025,0.49630440028169787,-0.07543261991652543,-0.0110602073147465,0.0,-0.007696813288299494,-0.0029602784009045784,0.05983497177576758,0.0,9.270362255620057e-15
R,21,58,-0.028293789214200973,0.0,3.227601438406704,0.5800962452690487,-3.049306788517538,0.0,0.0,0.0,0.0,nan,0.0,0.0,0.0,0.0,0.0,0.0,9.270362255620057e-15
R,21,59,0.0066716018461322945,0.0009185218448655347,3.7669511982687944,0.7157428798581622,0.9488334307382376,0.873046875,1.2899934646412545,-0.5817306878145448,0.7082627768267127,-0.06798423735524936,-0.023512540554291583,0.0,-0.0011955597341400382,0.00029153043493463396,0.02226394767355914,0.0,9.270362255620057e-15
R,21,60,-0.026545467332912916,0.0,1.6572028389964406,0.18400633154656246,-2.7688813179754606,0.0,0.0,0.0,0.0,nan,0.0,0.0,0.0,0.0,0.0,0.0,9.270362255620057e-15
R,21,61,-0.03769603399984348,0.0,3.1302737984372344,1.0106017717692901,-4.506389421830687,0.0,0.0,0.0,0.0,nan,0.0,0.0,0.0,0.0,0.0,0.0,9.270362255620057e-15
R,21,62,-0.026039311601491543,-0.0018289614543539993,3.387535880366972,0.5792449575381575,-3.215469486987972,0.0,0.027148115121071733,-0.031851278597794325,-0.004703163476726502,-0.02853271708321435,0.0013754057223249528,0.0,-0.0005412523446930395,-0.0006170039744166409,0.0,0.0,9.270362255620057e-15
R,21,63,-0.03628305070235781,0.012739504941014355,3.095387744307925,0.7033013120278593,-3.049795852398434,0.009765625,1.7778678257755602,0.12896883374648493,1.9068366595220425,0.015623919149116965,-0.025770204798710238,0.0,0.00013901430711670476,0.006857286899132155,-0.00034405217781559137,0.0,9.270362255620057e-15
R,21,64,-0.015254818903875795,-0.011377301319206293,3.57193201822447,0.7702928687002405,-0.7030796334178542,0.265625,0.24997653299027883,-0.23662103399257048,0.013355498997704274,-0.06624766068988908,0.055835644117840526,0.0,-0.009414859323961924,-0.010819233808879098,0.05397407297718737,0.0,9.270362255620057e-15
R,21,65,-0.02131152455867592,0.0,2.0053942981387727,0.27939952875548024,-2.6655840881967814,0.0,0.0,0.0,0.0,nan,0.0,0.0,0.0,0.0,0.0,0.0,9.270362255620057e-15
R,21,66,-0.01606691137865301,-0.002754498963654162,3.3631517312376613,0.45625357348470347,-2.2236309208832066,0.0,0.07543758331449554,0.01015396203743087,0.08559154535192626,0.00549623375341064,0.012111937444457366,0.0,0.00022009917569337223,0.000727886519670466,0.0,0.0,9.270362255620057e-15
R,21,67,-0.004721676330815654,-0.007885123216176593,4.0534775661038065,1.722555263593391,-1.013639930258167,0.251953125,0.3956048555958286,-0.12291360608815063,0.27269124950766965,-0.024105235803727938,0.07210167528612312,0.0,-0.0013332767294296178,-0.0017247387282548837,0.024485904452054192,0.0,9.270362255620057e-15
R,21,68,-0.023222102286767115,0.0,1.7455368389918076,0.15790441709217942,-2.5091593442696944,0.0,0.0,0.0,0.0,nan,0.0,0.0,0.0,0.0,0.0,0.0,9.270362255620057e-15
R,21,69,-0.01649693527724594,-0.003943052746336079,2.9298655728432683,0.4561116725446412,-0.9737724148827203,0.091796875,0.23192346490652088,0.04447585262954082,0.2763993175360593,0.015760654434279847,0.014203658176700875,0.0,-0.002666920402867729,-0.0030073601513749388,0.012446855703960065,0.0,9.270362255620057e-15
R,21,70,-0.023823452800292105,0.0,2.4127374162963595,0.5829205507705071,-2.70903767781393,0.0,0.0,0.0,0.0,nan,0.0,0.0,0.0,0.0,0.0,0.0,9.270362255620057e-15
R,21,71,0.024942801847638127,0.0015761102745806739,3.8051827977698425,1.081764662928236,1.7257158087429012,0.931640625,0.9518586772135222,-0.5728655001732978,0.3789931770402202,-0.07715443785235099,-0.014570353201564575,0.0,-0.0023838553728897493,-0.0014876384997552703,0.021375940583230692,0.0,9.270362255620057e-15
R,21,72,-0.029765046020837852,0.0,1.9361252752798923,0.17452474412058738,-3.032470449890024,0.0,0.0,0.0,0.0,nan,0.0,0.0,0.0,0.0,0.0,0.0,9.270362255620057e-15
R,21,73,-0.012446798470276063,0.0020764635863700755,3.7580101569784254,0.8513354948303848,-0.43591556820204036,0.390625,1.18711007228895,-0.6699072709807445,0.5172028013082048,-0.08180526415921008,-0.021074867528621713,0.0,0.0023944653995126176,0.0010654588333209728,-0.01481102307515238,0.0,9.270362255620057e-15
R,21,74,-0.021937853065797493,-0.0006509400759476145,3.574237364962683,0.7991560171032086,-3.0143947385348326,0.0,0.002934688062321871,-0.006628518782136205,-0.0036938307198113307,-0.01711678250071626,0.0009025600027967024,0.0,-0.0002457612967451236,3.1983246739103916e-05,0.0,0.0,9.270362255620057e-15
R,21,75,-0.022312137958903935,-0.000613321277045061,1.9386061416954037,0.26073411789704426,-2.2917200597722984,0.0,0.005176290568641608,-0.027385814109291445,-0.02220952354065009,-0.09817406014783195,1.2230415106427059e-05,0.0,0.0,-0.000114096972835369,0.0,0.0,9.270362255620057e-15
R,21,76,-0.025194022750597192,0.0,1.9664005378420748,0.18972198252520528,-2.3158028980820333,0.0,0.0,0.0,0.0,nan,0.0,0.0,0.0,0.0,0.0,0.0,9.270362255620057e-15
R,21,77,-0.013960540326015503,-0.003773763597766392,3.681690117176245,1.0297118285155995,-2.1877319462148863,0.015625,0.09693952318595606,-0.02793636096823146,0.06900316221772407,-0.012185466683318191,0.014303684469157672,0.0,-0.0005126328062812847,-0.0015995061203887661,0.0006212862163849913,0.0,9.270362255620057e-15
R,21,78,-0.017418068249841726,-0.005090054190499617,3.657005203123097,0.6838946234803918,-1.638915229922394,0.052734375,0.10100989479444876,-0.06833486847832743,0.032675026316118405,-0.02939712300496991,0.02649364918651192,0.0,-0.0024229848616702226,-0.004633157223447504,0.02336445485684849,0.0,9.270362255620057e-15
R,21,79,-0.03527497995935623,0.0,2.7387309205813524,0.3839288302245475,-2.9931647912953205,0.0,0.0,0.0,0.0,nan,0.0,0.0,0.0,0.0,0.0,0.0,9.270362255620057e-15
R,21,80,-0.03147999279991493,0.0033042491599403158,3.7747389722115807,1.0020146782694215,-2.65353416501963,0.01171875,1.0606624476080229,-0.3943308344103655,0.6663316131976611,-0.05071719434324748,-0.009522475203005901,0.0,-9.341031181975268e-05,-0.0001450031731091792,0.00014316060938090672,0.0,9.270362255620057e-15
R,21,81,-0.02849881546970729,-0.0011164536054375479,3.71744738207034,0.9893713504059475,-1.36868302811552,0.138671875,1.1211483728882672,-0.16530776431969832,0.9558406085685611,-0.02099843272164787,0.010436331514621304,0.0,-0.0003625148018801729,-0.0009923838697339265,-0.00442165000007928,0.0,9.270362255620057e-15
R,21,82,-0.002073551911220123,0.000992142813675875,3.724371678915148,0.6917735756272719,0.6176407023526349,0.75390625,1.8603446232862946,-0.5043172646820807,1.356027358604221,-0.04963912563839577,-0.0016455251089812287,0.0,0.002017494699597295,0.004474842787890431,0.0008017750433788051,0.0,9.270362255620057e-15
R,21,83,-0.012611758112092392,0.0,0.6790761684980138,0.03643914572426601,-1.4570948912933015,0.0,0.0,0.0,0.0,nan,0.0,0.0,0.0,0.0,0.0,0.0,9.270362255620057e-15
R,21,84,0.022736198221425686,-0.0001907259882092163,3.808785703030261,0.9028999569702278,2.459780706222042,0.98828125,1.6356611237163734,-1.1172924725679079,0.5183686511484673,-0.11468422210829791,0.0022483212037963662,0.0,0.0021573252477686098,0.0019261380003274332,-0.04156487860638728,0.0,9.270362255620057e-15
R,21,85,0.013697458735378507,-0.0016098997851500194,3.775776093597821,0.8812901647761907,2.245599659585386,0.98046875,1.3364915890221523,-0.7847282611108926,0.5517633279112601,-0.08988763426967795,0.003923167371787115,0.0,-0.006728681558398625,-0.0030857983797524906,0.061094916590163174,0.0,9.270362255620057e-15
R,21,86,-0.03422491567489858,0.0,2.65018062218216,0.48574276308308834,-3.703827074730836,0.0,0.0,0.0,0.0,nan,0.0,0.0,0.0,0.0,0.0,0.0,9.270362255620057e-15
R,21,87,-0.0287228634854737,0.0,2.3382834901401783,0.4283142408698273,-2.784534804077497,0.0,0.0,0.0,0.0,nan,0.0,0.0,0.0,0.0,0.0,0.0,9.270362255620057e-15
R,21,88,-0.02558280566395575,-0.0003111074861501079,3.1038350650683513,0.8281115753593676,-2.874619466773287,0.001953125,0.08988345908487826,-0.049546695811647626,0.04033676327322766,-0.026622337068532943,0.0005596110034855814,0.0,3.5266121089154363e-12,3.89783443616969e-12,0.0,0.0,9.270362255620057e-15
R,21,89,-0.017814952996633687,-0.0058701044646874605,3.742728300854076,0.7269807374397997,-1.3756485585852074,0.06640625,0.08943183083828135,-0.04097167280527367,0.04846015803300219,-0.018302876032598777,0.021677436846732005,0.0,-0.003813612777757583,-0.004902541069617546,0.01676176566805144,0.0,9.270362255620057e-15
R,21,90,-0.02276074026594313,-0.0012158510065611553,3.1228684395259148,0.5170451549393554,-3.0091041576757114,0.0,0.06961520565743083,0.06043661546293466,0.13005182112036273,0.03667451639037364,0.00171358079881501,0.0,0.0,0.0,0.0,0.0,9.270362255620057e-15
R,21,91,-0.03214324610068235,0.01674330969330635,3.48221355319565,1.2691991987203957,-3.735393045269401,0.0078125,2.8066359708363073,-0.24210891813017524,2.564527052706131,-0.02075068063442878,-0.020301080786683454,0.0,0.002172302864966362,0.015943571072985305,-0.0037006280157700243,0.0,9.270362255620057e-15
R,21,92,0.03272498714521097,-0.004789081537173654,3.9112984118219103,0.7961336896823398,4.418469993937227,1.0,1.3148975347389684,-0.9755669599161196,0.3393305748228439,-0.10875774155574676,0.05061225728066873,0.0,-0.003206999814618919,-0.0018738140424087448,-0.010188573748779925,0.0,9.270362255620057e-15
R,21,93,-0.02166059338073215,-0.0044581041093639485,3.453996625086531,0.7091756198002697,-2.2294698616040627,0.021484375,0.11134086568890776,-0.009812272585865282,0.10152859310304407,-0.004256870152356759,0.004686993379781909,0.0,-0.000808356375162067,-0.0031760743851399252,0.0010967861487274724,0.0,9.270362255620057e-15
R,21,94,-0.024874276362684862,0.011781849213258396,3.8516236862786375,0.9934473900631633,-1.5624722890667215,0.064453125,2.5726647621087433,-0.11876910534788221,2.4538956567608583,-0.00961253737887107,-0.03221316325150722,0.0,0.00595823593853218,0.015320446236895505,-0.024333447480923052,0.0,9.270362255620057e-15
R,21,95,-0.004795469361221078,0.005986086974820753,3.892255248490603,0.8317232073180041,-0.5070343196554402,0.333984375,1.6892596054332838,-0.7451133965415395,0.9441462088917429,-0.07364493184616035,-0.06769770617609656,0.0,0.008341812572065725,0.004743391750206669,-0.06320878514770502,0.0,9.270362255620057e-15
R,21,96,-0.01414577947612923,-0.0014121594007408522,3.503174814829271,0.7780947480961783,-1.6403270276530781,0.0390625,0.8155442636960928,-0.14535243240151827,0.6701918312945754,-0.022972419036240595,0.008356233671427713,0.0,0.0012617171255720787,0.0009414542497436245,0.006228241248595603,0.0,9.270362255620057e-15
R,21,97,-0.03178419561222005,-0.000910440565014734,3.5848048482674866,0.9551348863531007,-3.5256325577974073,0.001953125,0.009216500890062825,-0.004518671012872594,0.0046978298771946925,-0.006564961364318509,0.0025826799011225117,0.0,-8.454480106296129e-07,-0.0008918498196162171,0.0,0.0,9.270362255620057e-15
R,21,98,0.030676082395223844,0.00233737412763359,4.189425602118317,1.4195332288996017,3.9796165962461756,1.0,1.2751127706157546,-0.3160116536840448,0.9591011169317021,-0.033399835113094016,-0.03225316613061737,0.0,-0.0016662725880748006,0.003576820586445417,-0.0019477891860493418,0.0,9.270362255620057e-15
R,21,99,-0.02394352884302676,-0.0001252842746313893,3.348668561228167,0.5305108098349952,-2.1154765000010434,0.00390625,0.11710510505125568,-0.0011143413938048373,0.11599076365745198,-0.0004862148162675508,0.0007928736383075392,0.0,-0.0003035064621924123,0.00021486669566558923,0.0,0.0,9.270362255620057e-15
R,22,0,-0.005321829657727254,-0.005838814398778283,3.5447925267633846,0.5103440362618724,-0.8442001598774598,0.13671875,0.12123975059347417,0.09244215943054601,0.21368191002402348,0.037447837858386325,0.017639406362246094,0.0,-0.0051521248319287985,-0.005970368354563997,0.017877459436281405,0.0,1.8207657603852567e-14
R,22,1,-0.02939255754280826,-0.0033584327655550006,3.0708763106996058,0.5488624203197846,-2.371559606693075,0.0078125,1.0178892380031352,-0.241760543679469,0.7761286943236652,-0.03901600897225704,0.005687647645332615,0.0,0.00045094955967957804,-0.00031243820174551044,-0.001073965852849898,0.0,1.8207657603852567e-14
R,22,2,-0.03230032972925649,0.0,2.4218216407939113,0.18794603543282337,-3.534451835675528,0.0,0.0,0.0,0.0,nan,0.0,0.0,0.0,0.0,0.0,0.0,1.8207657603852567e-14
R,22,3,-0.025082725953622258,0.0007009759083302917,3.7736484456232158,1.0694959229234027,-1.5381459262657873,0.10546875,2.2687211933213773,-0.5948801700418043,1.6738410232795715,-0.05232960949359232,0.0025669342281297307,0.0,0.0036123024873613396,0.006752932646196888,-0.003245938275595698,0.0,1.8207657603852567e-14
R,22,4,-0.01481547525275216,0.007080639506168558,3.612828267024794,1.2608969856232484,-1.0289757756778264,0.224609375,3.2527869054477287,-1.316495477197952,1.9362914282497758,-0.101021601952695,-0.03148507194648254,0.0,0.008238609706235625,0.006744755709581909,-0.051359881181153776,0.0,1.8207657603852567e-14
R,22,5,-0.022118790029346237,-0.002090998461194338,2.8106840959257826,0.5118187984034186,-2.2370177828925275,0.009765625,0.03143213380923719,-0.05015897251683414,-0.018726838707601168,-0.050329158300455035,0.002105567593454224,0.0,-0.000904969782544756,-0.0010664557524492288,0.001312182269942888,0.0,1.8207657603852567e-14
R,22,6,-0.021493324185976978,-0.004701167679312979,4.25896131232041,1.0404979199146613,-2.482375153561072,0.0078125,0.06231969630486994,0.05246723583694147,0.11478693214180424,0.024674128932227868,0.01067167422475789,0.0,-0.0017628355174621195,-0.002928404016696435,0.0037620380048201648,0.0,1.8207657603852567e-14
R,22,7,-0.02501380148067033,-0.0023485294755954214,3.022574890855076,0.4801223957478215,-2.6261709128316335,0.001953125,0.08266007584440885,-0.09302631639438082,-0.010366240549970485,-0.05352428305147481,0.0015644427672860672,0.0,-0.0005097608802167756,-0.0007847010562486224,0.00029287320716417923,0.0,1.8207657603852567e-14
R,22,8,-0.029646270711036406,0.0,2.7549661850462708,0.47345131840558846,-3.8079830702310793,0.0,0.0,0.0,0.0,nan,0.0,0.0,0.0,0.0,0.0,0.0,1.8207657603852567e-14
R,22,9,-0.015279672679716153,-0.0029036232088735575,3.8797413360405115,1.0789971498805138,-1.7727830875503074,0.072265625,0.29485778214152625,-0.27370195610289216,0.021155826038640413,-0.06495892607143719,0.006208703606576826,0.0,-0.003658790521327245,-0.0027072300265212922,0.012114879426855346,0.0,1.8207657603852567e-14
R,22,10,-0.004662489571343513,-0.005379621598194723,4.046637034422493,1.3793690065121658,-1.026723407248076,0.185546875,0.16204874600293231,0.06264130804383333,0.22469005404677134,0.019227097696740473,0.045503690742935615,0.0,-0.007690682340900859,-0.009247694410119873,0.06696810926348629,0.0,1.8207657603852567e-14
R,22,11,-0.016169898829818466,-0.0007047463135194805,3.803267770854176,0.6401465922460381,-1.5131061452445458,0.037109375,0.5250999140616706,-0.08414558827082319,0.44095432579084815,-0.01526593744716649,-0.004791089332718263,0.0,0.0002044040537820902,-0.003430059815270526,0.013124129847497454,0.0,1.8207657603852567e-14
R,22,12,-0.01677849109791521,-0.0030240794435207026,3.911140463619091,1.2357827704520574,-2.284002269955969,0.0234375,0.07106786959284503,-0.10162648265359124,-0.03055861306074803,-0.0487345361967676,0.012663457937587067,0.0,-5.631593175705205e-05,-0.0004134363704479815,0.0005308272244735796,0.0,1.8207657603852567e-14
R,22,13,-0.01217482497702349,0.0,0.6439484570367167,0.02620313408506341,-1.2617064346980196,0.0,0.0,0.0,0.0,nan,0.0,0.0,0.0,0.0,0.0,0.0,1.8207657603852567e-14
R,22,14,-0.027927366546445766,-0.005637687533433623,2.095953498785218,0.2781575141570472,-2.4652940743836576,0.0,2.904350949283736,-0.08340719746951625,2.8209437518142177,-0.011675281039530729,0.0036349911333165936,0.0,0.0017767101152810715,-0.0028059523941622922,-0.0012312747889968853,0.0,1.8207657603852567e-14
R,22,15,-0.015685971079594182,0.0,0.8622441507448655,0.04519799201948039,-1.4252547500880395,0.0,0.0,0.0,0.0,nan,0.0,0.0,0.0,0.0,0.0,0.0,1.8207657603852567e-14
R,22,16,0.011102590247641533,-0.0040795481866237465,3.8753488447418447,0.9185930959062105,2.4246974751411052,0.994140625,1.132256168386903,-0.45625372843620454,0.6760024399506968,-0.05532141513403199,0.03956356338850443,0.0,-0.009912929581017176,-0.006055872358121292,0.11046496740256881,0.0,1.8207657603852567e-14
R,22,17,-0.031528883269253793,0.0013023934527191892,3.072880576232101,0.644174487390949,-2.843614253027031,0.0,0.09435446513534113,-0.002794228220594483,0.09156023691475212,-0.0014801474049237168,-0.0009276097645649591,0.0,2.735668394219532e-05,3.1180667417861615e-05,0.0,0.0,1.8207657603852567e-14
R,22,18,-0.025502489346373686,0.0,1.8783025887520735,0.2665120803802707,-2.743488824867447,0.001953125,0.0,0.0,0.0,nan,0.0,0.0,0.0,0.0,0.0,0.0,1.8207657603852567e-14
R,22,19,-0.006421356167210229,0.0005750738656778205,3.884877762031116,1.3653250750583052,-1.1675040963811998,0.171875,0.4851582792077319,-0.129786565180637,0.3553717140270951,-0.023981738414312073,1.4399098444174967e-05,0.0,-0.005015838751613937,-0.004366905300675896,0.040932734632014814,0.0,1.8207657603852567e-14
R,22,20,0.007557224739814826,0.0004857788953442509,4.109779652071146,1.8076653907623628,0.7048789494072534,0.708984375,1.284451531092139,-0.5847365421171579,0.699714988974975,-0.06277010303836077,-0.0013206284061308576,0.0,-0.003407727055599359,0.0010209198981287117,0.02225066264395038,0.0,1.8207657603852567e-14
R,22,21,-0.025637391783898147,0.0,1.5298803080701702,0.12976907110690783,-2.7746613639228785,0.0,0.0,0.0,0.0,nan,0.0,0.0,0.0,0.0,0.0,0.0,1.8207657603852567e-14
R,22,22,0.021983704216019796,-0.00602205986307331,3.854503556607105,0.7132016725019396,2.9433661460497493,0.990234375,1.1589936143583488,-0.4607638284732646,0.6982297858850881,-0.05551871557677597,0.08057302559402656,0.0,-0.003943598449226629,-0.006422488869340706,0.046182252265285884,0.0,1.8207657603852567e-14
R,22,23,-0.026815288271735675,0.0,2.0313198625947173,0.2584694536732721,-2.706600331695772,0.0,0.0,0.0,0.0,nan,0.0,0.0,0.0,0.0,0.0,0.0,1.8207657603852567e-14
R,22,24,-0.03371799025418503,0.010821466771315551,3.950137667597753,0.9233048321877062,-2.282818614854202,0.017578125,1.437110620694472,-0.14352513071725895,1.2935854899772092,-0.015154465532982152,-0.04557281469409565,0.0,-0.00028882338101167843,0.002123475876793904,0.004214861055310439,0.0,1.8207657603852567e-14
R,22,25,0.02124066358260743,-0.0008644126924546257,4.077678875028725,1.400995267300393,2.495035997908092,0.98046875,2.4179391642294528,-1.9265415650926985,0.4913975991367465,-0.1519192058700397,0.009717254536472628,0.0,0.0005681230314454589,-0.0007447529300666899,-0.010865836113310738,0.0,1.8207657603852567e-14
R,22,26,-0.01927376070745725,-0.0026811098823739544,3.4819061821917345,0.5225936171475255,-1.8925852629401296,0.01171875,0.03244258970766925,-0.05980775724321249,-0.027365167535540635,-0.04768180628609606,0.002027545664527575,0.0,-0.0028103591565486943,-0.003387599066956906,0.002939744248896586,0.0,1.8207657603852567e-14
R,22,27,-0.000987756701111461,-0.003269957940425896,3.103308817821195,0.7241686735499169,0.11395478879158993,0.5859375,0.9058363176274657,-0.14420398365959416,0.7616323339678743,-0.024411665054323562,0.015240316556214708,0.0,-0.005118543718021917,0.0003478515545608311,0.015674067070735816,0.0,1.8207657603852567e-14
R,22,28,-0.02512624722090104,0.0,1.9533487407105279,0.2959862725665481,-2.758589934492389,0.0,0.0,0.0,0.0,nan,0.0,0.0,0.0,0.0,0.0,0.0,1.8207657603852567e-14
R,22,29,-0.02980908941674327,-0.0006882426440005909,3.1358238269909156,0.7310813364535323,-2.2936390655071386,0.005859375,0.012506606272257515,-0.029000950093043782,-0.016494343820788515,-0.04134860248489264,0.0002554602113720723,0.0,0.0001114486223407451,0.0009474555293747601,-0.0003562638692304462,0.0,1.8207657603852567e-14
R,22,30,0.008716595046428906,0.0026225490193194988,3.9933887782160866,1.2013309414938316,0.37611485749872975,0.62890625,1.7786479865315676,-0.6560308147335333,1.1226171717980336,-0.061589637494300936,-0.012074491785010135,0.0,0.004272444975589567,0.001508609624333615,-0.003966486743294839,0.0,1.8207657603852567e-14
R,22,31,-0.011707129354047593,-0.001259919163166328,3.9836281221192236,0.8067472547696204,-0.5111201079399624,0.27734375,0.8504524269486622,-0.2298966513243286,0.6205557756243323,-0.03128951617139691,0.009040901723151976,0.0,-0.0019612981113545066,-0.0011636920895324125,0.016840270308839063,0.0,1.8207657603852567e-14
R,22,32,-0.027691467742185373,-0.0023968594919561085,2.702760580612156,0.4515120187786672,-2.6706499410811015,0.0,0.03744919177711696,-0.02384710180936303,0.013602089967753805,-0.022796953288657506,0.001364169300306977,0.0,-0.0004793239059483534,-0.000546410301653015,0.0,0.0,1.8207657603852567e-14
R,22,33,-0.02728241197106325,0.0,2.0611982624003105,0.21725224868631945,-2.7307722021335725,0.0,0.0,0.0,0.0,nan,0.0,0.0,0.0,0.0,0.0,0.0,1.8207657603852567e-14
R,22,34,-0.012954925841916761,0.0047666326686989354,3.9020379831410583,0.7106048496745745,-2.10016783473846,0.01953125,0.4070978373616223,-0.26214975219887116,0.14494808516274382,-0.05264759848187912,-0.018360896907476526,0.0,0.0008291763637205394,0.0027640048912723385,-0.0039946830126222,0.0,1.8207657603852567e-14
R,22,35,-0.025175276829713766,0.0,1.8829970148627284,0.18190418458554777,-2.6701172069440378,0.0,0.0,0.0,0.0,nan,0.0,0.0,0.0,0.0,0.0,0.0,1.8207657603852567e-14
R,22,36,-0.026088826663091858,-0.003670993910355834,3.842035606711183,0.8307176273573073,-2.9581715240771587,0.00390625,0.08407944762629072,-0.15856870133081682,-0.07448925370452919,-0.07116741041191862,0.006868373207516839,0.0,2.3024202702651327e-05,-0.0018314700992421568,3.0238029445774355e-05,0.0,1.8207657603852567e-14
R,22,37,-0.019933356903029376,3.272302562751659e-05,3.7669450696207507,0.8371145328722785,-1.7847601281904706,0.029296875,0.1305922761137086,-0.05737378686885864,0.0732184892448462,-0.021073442529124544,0.0007179476180630383,0.0,0.0004548123271925594,-0.0028602074006793903,-0.0040592328377247935,0.0,1.8207657603852567e-14
R,22,38,-0.021631589909181726,0.0,1.4499948597766412,0.17359497417040348,-2.2543089000984473,0.0,0.0,0.0,0.0,nan,0.0,0.0,0.0,0.0,0.0,0.0,1.8207657603852567e-14
R,22,39,-0.02722283892499221,0.0,3.000470619211324,0.4467533868203367,-3.1856067846298366,0.0,0.0,0.0,0.0,nan,0.0,0.0,0.0,0.0,0.0,0.0,1.8207657603852567e-14
R,22,40,0.026316037706451148,0.001995620903351072,4.224626932391007,1.0136354045090263,1.8083124321503323,0.96484375,2.0597519954667725,-0.8278319377722173,1.231920057694559,-0.06826786992058445,-0.023195137856363724,0.0,0.0027370154892437594,-0.0008368477857142614,0.010881898735567701,0.0,1.8207657603852567e-14
R,22,41,-0.017698286563690813,0.0030955309422858353,3.551905350588162,0.661619222125268,-2.36896797433997,0.0078125,0.12675948571749118,0.018965874797593818,0.14572536051508322,0.007498791266873559,-0.008581457029462653,0.0,-0.00046122342105170866,-0.0008698841181229705,0.0,0.0,1.8207657603852567e-14
R,22,42,0.00713634489140383,0.00540783037575573,4.342211905792969,1.1679134157483804,1.6211903585272849,0.921875,2.5011418095974687,-1.1950182204346622,1.3061235891628016,-0.08700903651047623,-0.03334196970595918,0.0,-0.0026311973942567276,0.003950950038564101,-0.003810740551214657,0.0,1.8207657603852567e-14
R,22,43,-0.03286521852075511,0.0013280677311304692,2.621305090271479,0.34538479721550547,-3.3225102816294636,0.0,0.026708651410095072,0.025819688811505346,0.052528340221602576,0.030135434472142234,-0.0006137862085395241,0.0,-0.00013028615327983765,-0.0001485178119755615,0.0,0.0,1.8207657603852567e-14
R,22,44,-0.027585462436119847,-0.002556767246775908,2.1887552063916136,0.2954196933500766,-2.519076789801065,0.001953125,0.05294737476589806,-0.09740988815723114,-0.044462513391333225,-0.09670604917116994,0.0031137651459817815,0.0,0.0,-0.0025533122635370466,0.0,0.0,1.8207657603852567e-14
R,22,45,-0.03127626831293146,0.000616580200566743,3.014203816358517,0.6531562567515057,-3.5956833646198967,0.0,0.0035134686151295875,0.019852220041960057,0.023365688657088768,0.05555695440765621,-7.410791945465877e-05,0.0,5.638435419425559e-07,6.388731054933167e-07,0.0,0.0,1.8207657603852567e-14
R,22,46,-0.02046439209468134,0.00043565102175437077,3.65638294874327,1.1766186843457604,-1.8334185465704755,0.046875,0.15681590229226106,0.056029626630308096,0.21284552892256947,0.01934821956555902,-0.004312405131127797,0.0,-0.00023132781903508916,-0.0026209931520312178,-0.001078998746266739,0.0,1.8207657603852567e-14
R,22,47,-0.003047862401124766,-0.0109671237365101,3.949788345952598,1.3423685948100965,-0.31147066222391095,0.466796875,0.4122562718718669,-0.2481802999875566,0.16407597188431033,-0.048930522086392064,0.07994054564809296,0.0,-0.005069825785651527,-0.007874104683354262,0.04771596776366921,0.0,1.8207657603852567e-14
R,22,48,-0.029215678433966063,-0.000871077784254061,3.290177312333522,0.7161869127841085,-2.8619526115805924,0.0,0.035397781114982194,-0.04753835172352453,-0.01214057060854401,-0.03839784055043269,0.0027199063839954307,0.0,0.0004107156881923865,-0.0012725659471656472,0.002947233682427392,0.0,1.8207657603852567e-14
R,22,49,-0.028749579175429082,0.0,2.2657391800981985,0.2820097071872913,-2.1680829348140387,0.0,0.0,0.0,0.0,nan,0.0,0.0,0.0,0.0,0.0,0.0,1.8207657603852567e-14
R,22,50,-0.017597785121807295,0.0,1.2087177270755178,0.07941574165026928,-1.6514792128035876,0.0,0.0,0.0,0.0,nan,0.0,0.0,0.0,0.0,0.0,0.0,1.8207657603852567e-14
R,22,51,-0.028424685867627645,-0.0025476609738020956,3.1036076305719793,0.7730349391241909,-2.587548676114983,0.0,0.025289162467878587,-0.0933498462466326,-0.06806068377875008,-0.0945691699314262,0.0010660059139546603,0.0,-0.0004819912454487556,-0.0025471973659682142,0.0010660059139546603,0.0,1.8207657603852567e-14
R,22,52,0.023844968446220655,-0.005888957776306246,4.086290158425974,1.3102316010697181,2.548166634777433,0.970703125,1.6585774057109761,-1.126834147971469,0.5317432577394889,-0.10706140285482117,0.05300644990562271,0.0,-0.0011221134548262,-0.0035028505445014314,0.0337220462066222,0.0,1.8207657603852567e-14
R,22,53,-0.01097290425052831,0.0,0.6390589426089605,0.018888530904518107,-1.1858451196902755,0.0,0.0,0.0,0.0,nan,0.0,0.0,0.0,0.0,0.0,0.0,1.8207657603852567e-14
R,22,54,0.016778754608822055,0.003932812813069838,4.118853292218295,1.1825640132709807,0.5563189457008852,0.6953125,1.5028756469843396,-0.9241834220434243,0.5786922249409123,-0.09151458854211761,-0.05391328767470502,0.0,-0.001044707165391981,0.005453908263782107,0.0026131328262282336,0.0,1.8207657603852567e-14
R,22,55,0.025634279027553,-0.0054849358678309,4.092658156496309,0.9172356821524881,2.0240304103591127,0.96484375,1.0624237417391937,-0.3362598269898358,0.7261639147493639,-0.03985571775329551,0.02755512822501711,0.0,-0.0012994107110731719,-0.002999253718798526,0.034495259998515784,0.0,1.8207657603852567e-14
R,22,56,0.0006407556595558144,0.002862772599525799,4.031833793576322,1.0195859051497118,-1.412278703160933,0.08203125,0.6648294457720451,-0.5590211027100005,0.10580834306204778,-0.08502379057866916,-0.04012809923157363,0.0,-0.0001680013404123257,0.0014275513715672002,-0.0030349534177787903,0.0,1.8207657603852567e-14
R,22,57,0.0405320784751782,0.0033104830523667714,4.177388828355376,1.454478437766739,3.966731091544281,0.9921875,1.501314792586678,-0.399958900650405,1.1013558919362687,-0.0390701058177996,-0.027291822320318508,0.0,-0.00046079182809952954,0.0030096357470251753,-0.02115368357719314,0.0,1.8207657603852567e-14
R,22,58,-0.028293789214200973,-0.0023402428309129064,3.227601438406704,0.42034465614517735,-2.877116260163618,0.0,0.028241482975562116,-0.057738427895811274,-0.02949694492024868,-0.05322446561275287,0.0015583087309760033,0.0,-8.07536340215272e-05,-9.516256940681767e-05,6.332295740019482e-05,0.0,1.8207657603852567e-14
R,22,59,0.007590123690997829,0.00018269945084451212,3.859816589809083,0.6464341045067865,0.8895710784819857,0.859375,0.7541589533800659,-0.31093343009873897,0.44322552328133114,-0.04638091456887674,0.013513925893767757,0.0,-0.005300910029885073,-0.004014280558665787,0.0764984559825592,0.0,1.8207657603852567e-14
R,22,60,-0.026545467332912916,0.0,1.6572028389964406,0.16423508410994833,-2.578626276642688,0.0,0.0,0.0,0.0,nan,0.0,0.0,0.0,0.0,0.0,0.0,1.8207657603852567e-14
R,22,61,-0.03769603399984348,0.0,3.1302737984372344,0.5569370542001911,-3.459066051967325,0.0,0.0,0.0,0.0,nan,0.0,0.0,0.0,0.0,0.0,0.0,1.8207657603852567e-14
R,22,62,-0.027868273055845542,-0.0034921816270293573,3.3868416227064575,0.9969203386483114,-2.0576793955157235,0.005859375,0.06004355069378077,-0.03494568362259146,0.025097867071192326,-0.02105404144166632,0.003805530903868624,0.0,-0.002665549106477185,-0.003487401323470796,0.0038032375086294737,0.0,1.8207657603852567e-14
R,22,63,-0.02354354576134344,-0.00406835148904213,3.3894338682343026,0.6069714865331941,-2.116959966659236,0.001953125,0.1243110860751568,-0.04837253301119311,0.07593855306396513,-0.020238892277998556,0.009582880146003574,0.0,-0.0012484290777397943,-0.0011924829565886084,0.00254517250330398,0.0,1.8207657603852567e-14
R,22,64,-0.026632120223082114,-0.0015459677676647396,3.5738010355663112,0.9350873511827822,-2.6445319885861807,0.017578125,0.04440059341108099,-0.052725137438947633,-0.00832454402786631,-0.035007650718032385,0.003223882010359448,0.0,-0.0018066208760167367,-0.0025520582758891052,0.004460039416149216,0.0,1.8207657603852567e-14
R,22,65,-0.02131152455867592,-0.003889235198752132,2.0053942981387727,0.37490714609300513,-2.373964393306724,0.0,0.0824908585532984,-0.10723943432587695,-0.024748575772578274,-0.09309403000646375,0.0013789076193768688,0.0,-0.0029932523210456042,-0.0038890336913287417,0.0013789076193768688,0.0,1.8207657603852567e-14
R,22,66,-0.018821410342307176,0.0063106146139201525,3.375852649728481,0.939375085538379,-2.2111028077522055,0.013671875,1.3955941569746348,-0.3597254486214764,1.0358687083531564,-0.04510016324168062,-0.036761193812282864,0.0,0.001464394654806024,0.006786729336287249,-0.0062118174497681365,0.0,1.8207657603852567e-14
R,22,67,-0.012606799546992245,-0.000491251655816717,4.086975853661789,0.8196997173836557,-2.6281070278853917,0.0,0.0024677452975468786,0.00488463631394254,0.007352381611497094,0.012029567123397726,0.003169109780895468,0.0,4.2419905419276854e-05,-3.8000816486452764e-05,0.00044437563575965456,0.0,1.8207657603852567e-14
R,22,68,-0.023222102286767115,-0.00554868078478073,1.7455368389918076,0.3630773738828782,-1.8925432190163163,0.0,0.10819988429164552,-0.16875014793087914,-0.060550263639235435,-0.14695073055986246,0.0006193754896941851,0.0,0.0,0.0,0.0,0.0,1.8207657603852567e-14
R,22,69,-0.02043998802358202,-0.0047930837459642444,2.9766611484124748,0.5553629016293505,-1.5398044069391044,0.052734375,0.10391310210681816,-0.06902168288601594,0.034891419220798525,-0.035965905127638864,0.010185153330317956,0.0,-0.003997301589374636,-0.004792907859266461,0.010185153330317956,0.0,1.8207657603852567e-14
R,22,70,-0.023823452800292105,-0.0026012866912090136,2.4127374162963595,0.37496650298269024,-2.3272313784583734,0.0,0.042099739557425936,-0.08150260139265142,-0.03940286183522357,-0.08231741260695716,0.0003649956245539715,0.0,0.0,-0.0025992079096414846,0.0,0.0,1.8207657603852567e-14
R,22,71,0.0265189121222188,-0.00046155851641417817,3.8546607245623767,0.8522272501623454,1.787089947840141,0.9765625,1.393241599908012,-0.24983748811369336,1.1434041117943252,-0.027455428975284114,-0.0005294089146155173,0.0,0.003355089006968413,0.0023384335358481866,-0.00369893203262827,0.0,1.8207657603852567e-14
R,22,72,-0.029765046020837852,0.0,1.9361252752798923,0.1735535996438456,-3.354505287448256,0.0,0.0,0.0,0.0,nan,0.0,0.0,0.0,0.0,0.0,0.0,1.8207657603852567e-14
R,22,73,-0.010370334883905994,-0.0005800871584754957,3.826204796042838,1.0142348915214685,-1.6029471341100976,0.060546875,1.017445640663418,-0.34706417710714343,0.6703814635562768,-0.04496307185516141,-0.011533485551108617,0.0,0.0005644515851358568,0.0025934194540152993,-0.015064186185111923,0.0,1.8207657603852567e-14
R,22,74,-0.022588793141745108,0.002483927920273305,3.57372059769305,0.7041096899521063,-2.85540135200593,0.0078125,0.2923332131567801,0.04429471173200625,0.33662792488878424,0.011462047625906429,-0.00019201068800405027,0.0,-0.00032400863577150833,-0.00025369013412867447,0.0007246503718552031,0.0,1.8207657603852567e-14
R,22,75,-0.022925459235948995,-0.0033820084262589823,1.932869434048376,0.21648234816818465,-2.2027684756163506,0.0,0.06853078729306153,-0.11064633522776622,-0.04211554793470329,-0.10933561685632087,0.0002655597314682384,0.0,0.0,0.0,0.0,0.0,1.8207657603852567e-14
R,22,76,-0.025194022750597192,0.0,1.9664005378420748,0.3233344303293175,-2.2698743202850085,0.0,0.0,0.0,0.0,nan,0.0,0.0,0.0,0.0,0.0,0.0,1.8207657603852567e-14
R,22,77,-0.017734303923781895,0.0013699932274620352,3.6910493468837497,0.8500710601935483,-1.1428379634874246,0.150390625,1.4644559502400196,-0.41567726666698324,1.048778683573035,-0.0465305590037659,-0.0019822538478820807,0.0,-0.002290066689040161,-0.0009456076719794619,0.008764876031278672,0.0,1.8207657603852567e-14
R,22,78,-0.022508122440341345,-0.0019351732307490135,3.6614699346007913,0.6196068504981471,-2.2312998595527964,0.009765625,0.030484507014276525,-0.03436557676586065,-0.0038810697515749837,-0.02687810097006654,0.006470183342454468,0.0,-0.0003205547690487613,-0.0014001358462504582,0.0011764938957518766,0.0,1.8207657603852567e-14
R,22,79,-0.03527497995935623,0.0023033985998506734,2.7387309205813524,0.34818227704613175,-2.794451829135651,0.005859375,3.9903764947687925,-0.17198969330331756,3.8183868014654765,-0.015718681875848857,-0.022800080731868337,0.0,0.0039326515098040615,0.0015780994985366964,-0.006586312614529749,0.0,1.8207657603852567e-14
R,22,80,-0.028175743639974604,-0.003722361443838701,3.8619924807708523,1.1121462889618507,-1.9576171272352059,0.046875,0.06875100523049532,-0.021481740582550493,0.047269264647939124,-0.010606901158697665,0.009178764113540966,0.0,-9.077925219293204e-05,-0.0028525946662570057,0.0029753363032792943,0.0,1.8207657603852567e-14
R,22,81,-0.029615269075144838,0.000432213900907931,3.8438594728514968,1.0490189693705037,-2.6805286036366383,0.015625,0.49349919706301937,-0.20647077057464272,0.28702842648838356,-0.038231193479661585,0.0013205395125822066,0.0,0.0016425231930711282,-0.0021498888535767717,-0.010874463425488593,0.0,1.8207657603852567e-14
R,22,82,-0.0010814090975442496,-0.00294712460988324,3.902175260199042,1.1426827823781094,-0.38171994621611033,0.359375,1.396224650999803,-0.6291272309057132,0.7670974200940872,-0.06822194012420978,0.012016841797080595,0.0,-0.00020671137085349894,0.00039986575677398675,0.026512792311019554,0.0,1.8207657603852567e-14
R,22,83,-0.012611758112092392,0.0,0.6790761684980138,0.027404032924128623,-1.4047393102539514,0.0,0.0,0.0,0.0,nan,0.0,0.0,0.0,0.0,0.0,0.0,1.8207657603852567e-14
R,22,84,0.022545472233216467,-0.00609112388047945,3.8762375033989063,0.8475534699562297,2.5914571865167466,0.96875,1.556057232392967,-0.7639145066194076,0.7921427257735587,-0.07899354411502571,0.049523918926458695,0.0,-0.004434791425373247,-0.004713395524393085,0.03480434214003147,0.0,1.8207657603852567e-14
R,22,85,0.012087558950228488,-0.013982083574291562,3.848148702544651,1.3151644608513355,1.3723213198227135,0.873046875,0.3497981988635375,-0.15654703458442043,0.19325116427912015,-0.0343917455726405,0.10784404964416267,0.0,-0.009261489649120172,-0.012446499363175805,0.08827771274395826,0.0,1.8207657603852567e-14
R,22,86,-0.03422491567489858,0.0,2.65018062218216,0.5355625199305014,-4.351790191954727,0.0,0.0,0.0,0.0,nan,0.0,0.0,0.0,0.0,0.0,0.0,1.8207657603852567e-14
R,22,87,-0.0287228634854737,0.0,2.3382834901401783,0.3136388681929054,-3.888897650230864,0.0,0.0,0.0,0.0,nan,0.0,0.0,0.0,0.0,0.0,0.0,1.8207657603852567e-14
R,22,88,-0.02589391315010586,0.00737490038615797,3.110326168494405,0.7441648940681346,-3.319807190433415,0.0,2.696137242961955,0.009339790925218888,2.705477033887176,0.0009143873869279421,-0.017060877845627365,0.0,0.0014889836865389656,0.006820960760111973,-0.0031621128769529017,0.0,1.8207657603852567e-14
R,22,89,-0.023685057461321143,-0.0013956520530647206,3.7491966195502524,0.6770124176561297,-2.121522146531453,0.01953125,0.15391250095745423,-0.0887436939819274,0.06516880697552807,-0.030167015216930087,0.006978322197705451,0.0,0.0014485459552296173,0.001641202201352252,-0.0038169250063287445,0.0,1.8207657603852567e-14
R,22,90,-0.023976591272504285,0.0006244357372804893,3.143621973410191,0.47112143198604733,-1.6159877917087826,0.01953125,4.555435279508458,-0.882058014076673,3.673377265431787,-0.06573125106757674,0.0065339456574483945,0.0,0.005254254562918948,0.004637339966950322,-0.016430290156968244,0.0,1.8207657603852567e-14
R,22,91,-0.015399936407376042,-0.002766171358377175,3.832797709606601,0.6115711399027466,-1.8796206681808525,0.015625,0.15417744020794213,-0.0011507941234271141,0.15302664608451622,-0.0003823325963778901,0.010435366945708745,0.0,0.0004086690644619606,-0.0017804314845599424,0.006027821476581525,0.0,1.8207657603852567e-14
R,22,92,0.027935905608037315,0.006560419466064112,3.954438751724882,1.064231926014097,2.742455721199243,0.978515625,1.3905365498088578,-1.2034319958031114,0.18710455400574588,-0.12903736934308355,-0.05929128971055816,0.0,0.0027357766691183108,0.004699804088404004,-0.05350982107509827,0.0,1.8207657603852567e-14
R,22,93,-0.026118697490096102,0.002815187441442225,3.4686627508612293,0.5738193476013048,-2.717045879526406,0.0,0.17899483049144216,-0.056816715333429496,0.12217811515801102,-0.019358148024267777,-0.0028069949607760097,0.0,-2.2202467724647638e-06,-1.222695532398612e-05,0.0,0.0,1.8207657603852567e-14
R,22,94,-0.013092427149426468,-0.008696132058039253,4.157992385450399,0.9747117162472625,-0.9649639145288423,0.21875,0.2247125457517377,-0.031343318814261056,0.19336922693747738,-0.00795092459932093,0.04198884653163156,0.0,-0.005861615522636683,-0.007683482455386368,0.03653831498180277,0.0,1.8207657603852567e-14
R,22,95,0.001190617613599675,0.002098899202736695,4.011707507819381,0.44705810473052976,0.8273671640788678,0.884765625,1.3415396907194481,-0.7597678713994829,0.5817718193199752,-0.08175605071938324,-0.006335634785950183,0.0,0.0016796268988883286,0.00039366707259970896,-0.005054219457519411,0.0,1.8207657603852567e-14
R,22,96,-0.015557938876870084,0.0005353139783567574,3.597558285080128,0.7127680468952176,-1.1845988001834913,0.080078125,0.756887943538739,-0.31595819743786197,0.4409297461008741,-0.05047496184367602,0.00608131946435438,0.0,-0.0012282287549837468,-0.0010282629670228395,0.008813525999247552,0.0,1.8207657603852567e-14
R,22,97,-0.03269463617723478,0.009502700180523873,3.5854600304618196,0.9081963305268022,-3.2356467892947114,0.00390625,2.066953078712438,-0.6039948586109978,1.4629582201014326,-0.05858589267399297,-0.028826850398872773,0.0,0.0016928303757223907,0.011930140970806103,-0.008406413615679202,0.0,1.8207657603852567e-14
R,22,98,0.033013456522857434,-0.002647223996824993,4.3023700436638554,2.226535995171299,4.5413404300221725,1.0,1.440845071299618,-0.10677825159495508,1.3340668197046703,-0.010337997101608612,0.02603002746922279,0.0,-0.009346860745924404,-0.0035781103305620216,0.06482178365145914,0.0,1.8207657603852567e-14
R,22,99,-0.02406881311765815,-0.0010250481211595806,3.3659429431610057,0.9554520420169385,-2.419631355575983,0.021484375,0.25528782877850054,0.028887024742556756,0.2841748535210584,0.008492802271986606,3.8352686080101336e-05,0.0,-0.0034874229640248517,-0.004702110197935588,0.0062128882010373965,0.0,1.8207657603852567e-14
R,23,0,-0.011160644056505534,0.0009860640301648863,3.574805724486516,1.0179772419837445,-1.2180656060568449,0.12890625,0.9214381143602846,0.03796142120076214,0.9593995355610438,0.005531296468691311,0.0022276268885887494,0.0,-0.0043841331931542635,-0.0021148139467372026,0.012109441746938662,0.0,1.6209256159527285e-14
R,23,1,-0.03275099030836326,0.000102631023913332,3.194747252904318,0.5783694691540524,-3.719744584924305,0.0,0.00019168026756519218,0.014511399112425376,0.014703079379993156,0.16404163238982805,0.0,0.0,9.002483272283546e-05,0.00010262979977058564,0.0,0.0,1.6209256159527285e-14
R,23,2,-0.03230032972925649,0.0,2.4218216407939113,0.25075846573952437,-3.3562706008722674,0.0,0.0,0.0,0.0,nan,0.0,0.0,0.0,0.0,0.0,0.0,1.6209256159527285e-14
R,23,3,-0.024381750045291965,-0.0025578081641453674,3.9892685563188253,0.7181138603387168,-1.751066081328463,0.05078125,0.10378702741216403,-0.06055670603513118,0.04323032137703642,-0.02355957422943808,0.014373538421753427,0.0,0.00010759592872518068,-0.0008925561244778894,0.0027561102073422757,0.0,1.6209256159527285e-14
R,23,4,-0.007734835746583597,-0.001193134568443475,3.8715396827700417,1.4856680919356469,-1.395469574391027,0.1640625,0.45843482214808073,-0.1266698203475612,0.3317650018005125,-0.024161319287787905,-0.0009173436548772125,0.0,-0.002104936654539378,-0.005107199196034495,0.0134437326651523,0.0,1.6209256159527285e-14
R,23,5,-0.024209788490540576,-0.0008393002613697069,2.8073507526460837,0.4274385630740073,-2.5785475587830113,0.0,0.01111941501424732,-0.016864654596681218,-0.005745239582434003,-0.028484579206555675,0.00037738774685222646,0.0,0.0,0.0,0.0,0.0,1.6209256159527285e-14
R,23,6,-0.026194491865289958,-0.0027740081639257225,4.272415990044016,1.1669459237018336,-3.2385910722496893,0.001953125,0.057065189363687784,0.005473040112531417,0.06253822947622112,0.0026812633526104956,0.010839836803381487,0.0,-0.0017583701708897988,-0.0030579681149505425,0.011407115722540058,0.0,1.6209256159527285e-14
R,23,7,-0.027362330956265748,0.01358281947739444,3.0208596012190974,0.6470498598979647,-3.586099836538863,0.0,1.6110863033405944,0.39956678524200345,2.0106530885826004,0.052103804997352565,-0.003921910505625873,0.0,0.0008595384517729127,0.0023441228266127996,-0.00023967937645556363,0.0,1.6209256159527285e-14
R,23,8,-0.029646270711036406,0.0,2.7549661850462708,0.5559400591386813,-4.062825295010236,0.0,0.0,0.0,0.0,nan,0.0,0.0,0.0,0.0,0.0,0.0,1.6209256159527285e-14
R,23,9,-0.018183295888589707,-0.003668977587893801,3.882466826724995,0.9882735964263633,-1.9303175087008855,0.0390625,0.5194065421006053,-0.21678775607490927,0.3026187860256968,-0.03873854395481419,0.01623481510160489,0.0,-0.0002895189604807493,-0.0007106585566250528,-0.001206124891410041,0.0,1.6209256159527285e-14
R,23,10,-0.01004211116953823,0.0014927873255554923,4.0743050134233245,0.8014383834351276,-0.5190757497612709,0.30859375,1.44736111903272,-0.5966327151004813,0.8507284039322407,-0.060860438676045556,-0.009278195988135793,0.0,-0.0010575382810907748,0.0015468215662659364,0.013007714594248588,0.0,1.6209256159527285e-14
R,23,11,-0.016874645143337946,0.008149158865159494,3.860803033386829,1.435389414234045,-1.6456749170516312,0.0703125,1.6277655941043259,-0.6720096003124182,0.955755993791902,-0.06821374661712569,-0.04868114099168914,0.0,0.0024162795963111787,0.0111689864491623,-0.006247652257970491,0.0,1.6209256159527285e-14
R,23,12,-0.019802570541435912,0.00036690991220560137,3.90723189906842,1.4486081797882526,-2.1853059757070903,0.08203125,1.0261686418905187,-0.2179722391956415,0.8081964026948789,-0.027535478794079932,0.009177726309436581,0.0,0.0032267781958691968,0.002501961924095596,-0.018191422572890373,0.0,1.6209256159527285e-14
R,23,13,-0.01217482497702349,0.0,0.6439484570367167,0.02375499534220016,-1.2373597717448641,0.0,0.0,0.0,0.0,nan,0.0,0.0,0.0,0.0,0.0,0.0,1.6209256159527285e-14
R,23,14,-0.033565054079879385,0.001216017953011865,2.6858825031792093,0.5469050423474126,-2.740223573299452,0.001953125,0.36828142792519325,0.1343216841927724,0.5026031121179662,0.041203984360269764,0.0046271853718095396,0.0,-0.00026370075911983103,-0.000426470736841816,0.0,0.0,1.6209256159527285e-14
R,23,15,-0.015685971079594182,0.0,0.8622441507448655,0.04407580134896353,-1.7942443189191692,0.0,0.0,0.0,0.0,nan,0.0,0.0,0.0,0.0,0.0,0.0,1.6209256159527285e-14
R,23,16,0.007023042061017786,-0.0014708955366178045,3.961607137058475,1.0235682999686175,0.7519507384267483,0.7578125,0.8899980544420267,-0.7047356882557347,0.18526236618629177,-0.09428233620490847,0.012796108452262603,0.0,-0.00384118186526876,-0.0028162571754401858,0.05683896070285434,0.0,1.6209256159527285e-14
R,23,17,-0.030226489816534606,-0.002458627200778618,3.087742747169732,0.6655869209019452,-2.9005294876548167,0.0,0.046782277872818606,-0.03164292329632039,0.015139354576499287,-0.023689986348647732,0.0017448040646187142,0.0,0.0009641947990252336,-0.0018348755985355136,-0.0008896643462621503,0.0,1.6209256159527285e-14
R,23,18,-0.025502489346373686,0.0,1.8783025887520735,0.18788808394535603,-2.7099801318229013,0.0,0.0,0.0,0.0,nan,0.0,0.0,0.0,0.0,0.0,0.0,1.6209256159527285e-14
R,23,19,-0.005846282301532409,-0.0025927118978350846,3.930349467916433,0.7461333921176229,-0.9126001814491191,0.1640625,0.5614246988173317,-0.24157383804244573,0.3198508607748902,-0.04101502482893635,0.0049873389756790315,0.0,-0.001721893171411559,0.0007123651003912884,0.013489688910079855,0.0,1.6209256159527285e-14
R,23,20,0.008043003635159076,0.0007348799065636829,4.194043845449521,0.9145551852375838,0.4649078652575805,0.701171875,0.8621132796939482,-0.33108330568970634,0.5310299740042552,-0.042510102612722915,-0.007485498783636749,0.0,-0.004455020283636927,-0.002258773290104359,0.03128480021758952,0.0,1.6209256159527285e-14
R,23,21,-0.025637391783898147,0.0,1.5298803080701702,0.16692060460277758,-2.919661156061994,0.0,0.0,0.0,0.0,nan,0.0,0.0,0.0,0.0,0.0,0.0,1.6209256159527285e-14
R,23,22,0.015961644352946492,0.0020673691374120565,3.944036948835788,1.1871954331355,2.1238732324526204,0.98828125,1.2665321412499568,-0.8776927380793016,0.38883940317065147,-0.09886974789675469,-0.011613011623039219,0.0,0.0009386176553395064,0.0007677003851888599,0.024304610341596207,0.0,1.6209256159527285e-14
R,23,23,-0.026815288271735675,0.0,2.0313198625947173,0.29598368288067084,-2.791636698740305,0.0,0.0,0.0,0.0,nan,0.0,0.0,0.0,0.0,0.0,0.0,1.6209256159527285e-14
R,23,24,-0.022896523482869476,0.008392420370928836,4.110617117046031,1.2777358894521722,-2.924902523129714,0.009765625,0.9300104566275481,-0.5400889052776682,0.3899215513498788,-0.06812151815913198,-0.03766336345010179,0.0,0.0008481026492592384,0.005810365754527714,0.0001388212195773712,0.0,1.6209256159527285e-14
R,23,25,0.020376250890152808,-0.0028758194886408157,4.137494725917155,0.6582741578899914,2.386256011575852,0.9921875,1.4733358138289496,-0.4678463223628156,1.0054894914661503,-0.046578435611330696,0.042887689517408324,0.0,0.00043466076307855213,-0.0024807712957690643,-0.014876850352171418,0.0,1.6209256159527285e-14
R,23,26,-0.021954870589831203,0.004841322626733172,3.477974337750277,0.7341199153074275,-2.880006675518392,0.0,1.4255200764930245,-0.09721820196290198,1.328301874530121,-0.011705892908097862,-0.0020856003357041662,0.0,9.350310856647486e-08,0.0036043660235306127,0.0,0.0,1.6209256159527285e-14
R,23,27,-0.004257714641537358,-0.009081870276754583,3.2236870122167036,0.5991197493793362,-0.18971386632468507,0.44921875,0.20492247480978826,-0.1745615102126209,0.030360964597168305,-0.059809590549921354,0.02165962365370313,0.0,-0.007100386276649761,-0.007811727399805065,0.019903376163575407,0.0,1.6209256159527285e-14
R,23,28,-0.02512624722090104,0.0,1.9533487407105279,0.18874736149660534,-2.815022182111041,0.0,0.0,0.0,0.0,nan,0.0,0.0,0.0,0.0,0.0,0.0,1.6209256159527285e-14
R,23,29,-0.03049733206074386,1.4283546134924541e-05,3.133192737464959,0.565545695681578,-3.5462374949584046,0.0,2.4571143580973757e-06,0.0005216643732917907,0.0005241214876523514,0.053108176040235204,0.0,0.0,1.2531745596788825e-05,1.4283539007455862e-05,0.0,0.0,1.6209256159527285e-14
R,23,30,0.011339144065748407,-0.0014222886380160108,4.13155795140044,0.9862456561428574,1.7726828259722627,0.96875,1.6203596460064587,-0.8818803278883159,0.7384793181181522,-0.0838417049090427,-0.011291189114267457,0.0,-0.0007445772142982235,-0.000429601357052666,0.03890465631940988,0.0,1.6209256159527285e-14
R,23,31,-0.012967048517213921,0.004941296857396081,4.060769482618222,1.0641176384739788,-0.9804909429349185,0.1953125,1.7858832559549298,-0.7187742360048878,1.0671090199500277,-0.0662258645752937,-0.03848670751141866,0.0,0.00018762326791537455,0.0046761613243039134,-0.01626113876826322,0.0,1.6209256159527285e-14
R,23,32,-0.030088327234141485,0.0016339773607764354,2.7052757430766117,0.5718339998674034,-3.212466344440728,0.0,0.045697996302513276,-0.001568652798522252,0.044129343503992224,-0.0013562405197507417,-0.0010050200471241988,0.0,0.0,0.0,0.0,0.0,1.6209256159527285e-14
R,23,33,-0.02728241197106325,0.0,2.0611982624003105,0.23230055961277787,-3.0292327115711974,0.0,0.0,0.0,0.0,nan,0.0,0.0,0.0,0.0,0.0,0.0,1.6209256159527285e-14
R,23,34,-0.008188293173217823,-0.004836211597184766,3.9205673705521606,0.9139197327302264,-1.1251741160671958,0.123046875,0.27282336124176076,-0.1569414026415354,0.11588195860023198,-0.03831932367845544,0.04546906095396839,0.0,-3.413415221558005e-05,-0.0025066611056454536,0.0001955525804567238,0.0,1.6209256159527285e-14
R,23,35,-0.025175276829713766,-0.0014236888620166152,1.8829970148627284,0.3616106936193305,-2.0174191407151403,0.00390625,0.02279644607174119,-0.04543365646972919,-0.022637210397988827,-0.079903258327797,3.054052854332951e-05,0.0,-0.000580911879333886,-0.0014234988246949352,3.054052854332951e-05,0.0,1.6209256159527285e-14
R,23,36,-0.02975982057344769,-0.0013979984440859003,3.8323293633940234,0.6380503322077057,-3.5962677691247578,0.0,0.01355706904929643,-0.03421415859931618,-0.020657089550020657,-0.03833806044666767,0.0017336484281913595,0.0,0.0,0.0,0.0,0.0,1.6209256159527285e-14
R,23,37,-0.019900633877401857,-0.0011603998420413348,3.7766511153116764,0.8561802534108608,-1.9463389352858582,0.0546875,0.6436282261282515,-0.14872965390329945,0.49489857222495814,-0.024543876895542636,0.005976203413988655,0.0,0.00042151540047802424,0.0009924779046555996,-0.0028587491767057376,0.0,1.6209256159527285e-14
R,23,38,-0.021631589909181726,0.0,1.4499948597766412,0.15725345866353033,-2.5372704251708464,0.0,0.0,0.0,0.0,nan,0.0,0.0,0.0,0.0,0.0,0.0,1.6209256159527285e-14
R,23,39,-0.02722283892499221,-0.0031484938710714143,3.000470619211324,0.5055545522309083,-2.0828626589376573,0.0078125,0.09427649706375474,-0.07088051094228912,0.023395986121466095,-0.03846854379073555,0.0015196530772042128,0.0,-0.002922753634748562,-0.003355646331774364,0.0017003506892862078,0.0,1.6209256159527285e-14
R,23,40,0.028311658609802216,-0.003708364118303535,4.367996425774408,1.0076321825375825,2.9726329532959355,1.0,1.978664146951121,-1.2467604652839805,0.7319036816671378,-0.1014576292828534,0.02804741071807746,0.0,0.0001336615061184288,-0.006174337457660116,-0.020392937320275768,0.0,1.6209256159527285e-14
R,23,41,-0.014602755621404978,0.005791978429127139,3.572360141426379,0.7767312825158919,-0.8144364791943728,0.23828125,2.3371649493419406,-0.436823737230581,1.9003412121113605,-0.03999229406211625,-0.026571148683689195,0.0,-4.706315958545175e-05,0.0016253137778314373,-0.0010206511061061963,0.0,1.6209256159527285e-14
R,23,42,0.012544175267159554,0.0008789897217458035,4.490092184351343,2.1101798662632856,2.236885116857997,0.896484375,2.05180896551469,-1.6491847072470547,0.4026242582676396,-0.12820813547236345,-0.002567385576757846,0.0,-0.001958546020079889,0.0007323214355233641,0.030854588521277225,0.0,1.6209256159527285e-14
R,23,43,-0.031537150789624636,5.093170329928398e-11,2.6313055156147813,0.6801424746362097,-3.0987184259720637,0.0,1.8402891921931113e-16,2.4693627411098473e-09,2.4693633804417914e-09,0.0345892050967988,0.0,0.0,5.093170329928398e-11,5.093170329928398e-11,0.0,0.0,1.6209256159527285e-14
R,23,44,-0.030142229682895753,0.0,2.1785744972607803,0.31933571377578795,-3.4270128119438352,0.0,0.0,0.0,0.0,nan,0.0,0.0,0.0,0.0,0.0,0.0,1.6209256159527285e-14
R,23,45,-0.030659688112364723,0.0058138493851977455,3.0180772579918056,0.9340519716973854,-3.188264941010732,0.0,3.982319092467878,-0.4170165155331394,3.565302576934741,-0.03461982583202888,-0.005998483349589259,0.0,0.0008901289201071914,0.008177038349272988,-0.00014956533898201614,0.0,1.6209256159527285e-14
R,23,46,-0.02002874107292697,0.004217135658183564,3.6853740375683848,0.6829458915838021,-1.4200930520227881,0.048828125,1.5070443190697063,-0.4573502125045562,1.049694106565152,-0.05054454663098877,-0.013227748417811637,0.0,0.002351821386313606,0.0030637588398460544,-0.0013987259376253254,0.0,1.6209256159527285e-14
R,23,47,-0.01401498613763486,0.003454431252623403,3.9705042437588793,1.195787576248,-1.2817069785131379,0.119140625,0.828077560526758,-0.27325402426346,0.5548235362633083,-0.0378142419202961,-0.009230404078057391,0.0,0.0018378143428927447,0.00036377420029770695,-0.013067777811949479,0.0,1.6209256159527285e-14
R,23,48,-0.030086756218220125,0.00958497012351362,3.2883318226702265,0.9226318869651262,-1.469959541396799,0.05859375,2.806800752619256,-0.3216787338614293,2.485122018757828,-0.02919516456078755,-0.012431959712703378,0.0,0.007377728148635377,0.009668476041260686,-0.020356525478509465,0.0,1.6209256159527285e-14
R,23,49,-0.028749579175429082,0.0,2.2657391800981985,0.28785336347661034,-2.5873662799293435,0.0,0.0,0.0,0.0,nan,0.0,0.0,0.0,0.0,0.0,0.0,1.6209256159527285e-14
R,23,50,-0.017597785121807295,-0.0032062179115182137,1.2087177270755178,0.1212710193760372,-1.5438073889856363,0.0,0.06967502069291383,-0.08586639260742462,-0.0161913719145117,-0.13456427549546093,0.0001118776709329502,0.0,0.0,0.0,0.0,0.0,1.6209256159527285e-14
R,23,51,-0.03097234684142974,-9.613321366004488e-05,3.0926234236915855,0.5613961903713834,-3.3794300812354834,0.0,6.989160150677199e-05,-0.0035394541968667807,-0.003469562595361353,-0.06844894582186811,2.023438439548909e-05,0.0,0.0,0.0,0.0,0.0,1.6209256159527285e-14
R,23,52,0.01795601066991441,0.004059028913541957,4.150844554616381,0.7889678460733391,1.876106181360087,0.9765625,1.4782119268577099,-0.6462585308062171,0.8319533960515031,-0.06402822649127082,-0.03723291276356258,0.0,0.0010745582857805637,0.004154024160642415,-0.018686796765412225,0.0,1.6209256159527285e-14
R,23,53,-0.01097290425052831,0.0,0.6390589426089605,0.018363410618167687,-1.195342407257163,0.0,0.0,0.0,0.0,nan,0.0,0.0,0.0,0.0,0.0,0.0,1.6209256159527285e-14
R,23,54,0.0207115674218919,0.0021255798542230884,4.188513419789699,0.9614427414892333,1.3510022716988939,0.9296875,1.1191035584584064,-0.6658760220254102,0.4532275364329905,-0.0751395052445633,-0.04810962449377681,0.0,-0.005973463686197127,0.001051684570154754,0.04892062892986208,0.0,1.6209256159527285e-14
R,23,55,0.020149343159722107,-0.0022631517723701606,4.180432358104259,1.066002892051696,1.8782172207345305,0.95703125,1.2117037778307522,-0.5648904921851364,0.6468132856456172,-0.06137829748390795,0.013677636076558107,0.0,-0.00273623780023107,-0.0015880824918282545,0.019953561137950687,0.0,1.6209256159527285e-14
R,23,56,0.003503528259081614,-0.002241226549145094,4.044934125803049,1.0602636310917009,0.2002375311226393,0.546875,1.0153187954911644,-0.49827833111911685,0.5170404643720445,-0.06112647322998745,0.005844102103667396,0.0,-0.0046296776460195005,-0.0012090073477273636,0.04808941755073856,0.0,1.6209256159527285e-14
R,23,57,0.043842561527544975,-0.003486059256588027,4.307195527858536,1.2575107030010242,6.093978286884575,1.0,1.7003192438589063,-0.7923493615146804,0.9079698823442293,-0.07053860949442105,0.04816201245054995,0.0,-0.003139235917025909,-0.00377152884550237,0.04575951786191089,0.0,1.6209256159527285e-14
R,23,58,-0.030634032045113876,0.0005312460336278247,3.2230287153987285,0.8712657071721347,-4.278394552136723,0.0,0.003937882502207964,0.019432931625403146,0.02337081412761144,0.0480410814585186,-0.00020877137195964438,0.0,-1.4551915228366854e-10,-1.4611310800727535e-10,0.0,0.0,1.6209256159527285e-14
R,23,59,0.007772823141842347,0.0002895903843989589,3.916811155806053,0.8891078851770854,0.21645455270609312,0.603515625,0.9646135592840556,-0.04406696116485968,0.9205465981191896,-0.005727614671567772,-0.013318302523011217,0.0,-0.0017917975227999478,0.0005319213207944914,0.007668205325387104,0.0,1.6209256159527285e-14
R,23,60,-0.026545467332912916,0.0,1.6572028389964406,0.18902555187046108,-2.584668035331163,0.0,0.0,0.0,0.0,nan,0.0,0.0,0.0,0.0,0.0,0.0,1.6209256159527285e-14
R,23,61,-0.03769603399984348,-0.0006672567043022683,3.1302737984372344,0.527259284623525,-3.4582295187842265,0.0,0.02058843687064183,-0.022837641062469872,-0.002249204191826948,-0.025423025535268286,0.0003386548190538075,0.0,0.0,7.717431153465367e-05,0.0,0.0,1.6209256159527285e-14
R,23,62,-0.031360454682874905,0.0,3.390544800525146,0.7408780623403093,-3.520719001432089,0.0,0.0,0.0,0.0,nan,0.0,0.0,0.0,0.0,0.0,0.0,1.6209256159527285e-14
R,23,63,-0.027611897250385573,0.0034853028343178136,3.4006176645129798,0.6528960272907964,-3.027278089902101,0.001953125,0.8881574938778735,0.01351326764527597,0.9016707615231496,0.0021082765789743165,-0.006318710711996394,0.0,0.0,0.0013589381556738198,0.0,0.0,1.6209256159527285e-14
R,23,64,-0.028178087990746854,0.0005580809539025014,3.572636183238782,0.6704956705351585,-2.5516890122731724,0.005859375,0.05948885497275405,0.024410970386140776,0.08389982535889473,0.014007107150343973,-0.0018697468056430187,0.0,2.4430883801257123e-09,-8.152273769656873e-05,0.0,0.0,1.6209256159527285e-14
R,23,65,-0.025200759757428054,0.0,1.9992142744675776,0.2931663761050781,-3.0915261149262436,0.0,0.0,0.0,0.0,nan,0.0,0.0,0.0,0.0,0.0,0.0,1.6209256159527285e-14
R,23,66,-0.012510795728387017,-0.00020864450865404444,3.52593956570897,0.864971129055355,-2.0096811738677225,0.02734375,0.3511789602057526,-0.023762083438684044,0.32741687676706377,-0.005686112033045249,0.010347332061893333,0.0,-6.089934061733684e-05,-0.0010695173815218697,0.006717721412458938,0.0,1.6209256159527285e-14
R,23,67,-0.013098051202808964,-0.006108737203564424,4.087875243941038,1.0140487719748874,-1.9686522439085952,0.029296875,0.1075648260406512,-0.17221591172649428,-0.06465108568584199,-0.06422594553175758,0.03015323304365095,0.0,-1.8392548535841216e-05,-0.0036892413907629136,0.0019038493857907507,0.0,1.6209256159527285e-14
R,23,68,-0.028770783071547845,0.0,1.7281054923349664,0.1619178468037233,-2.93931232337057,0.0,0.0,0.0,0.0,nan,0.0,0.0,0.0,0.0,0.0,0.0,1.6209256159527285e-14
R,23,69,-0.025233071769546266,-0.0028343826312006324,2.9825162215299135,0.6205106754588459,-2.385963529051324,0.001953125,0.04246184790311823,-0.06845601151362792,-0.025994163610498333,-0.055692836395980834,0.003008350049573622,0.0,0.0,0.0002799773568656339,0.0,0.0,1.6209256159527285e-14
R,23,70,-0.026424739491501117,-0.003920279138910414,2.404557958993962,0.2990324140208376,-2.401583097206243,0.0,0.07605232741363858,-0.13945328651209235,-0.063400959098451,-0.10514951015338551,0.001082631777118815,0.0,-0.003438875423203821,-0.00392017254272657,0.001082631777118815,0.0,1.6209256159527285e-14
R,23,71,0.02605735360580462,-0.003536063616036481,4.000226670237335,1.0746976737618275,3.766319114273661,1.0,1.8198151554598951,-0.40427989939477904,1.415535256065123,-0.03745880456589232,0.01086598339551367,0.0,-0.0031695378648524935,-0.002607797284623786,0.0244246946264459,0.0,1.6209256159527285e-14
R,23,72,-0.029765046020837852,0.0,1.9361252752798923,0.30614215901161695,-3.264158887734531,0.0,0.0,0.0,0.0,nan,0.0,0.0,0.0,0.0,0.0,0.0,1.6209256159527285e-14
R,23,73,-0.010950422042381489,0.00025715849554737,3.9128282104914205,0.7293570090098869,0.002688998894911993,0.521484375,0.6389862040592398,-0.09715436023540255,0.5418318438238305,-0.015530869796342038,-0.020264279784131842,0.0,-0.0018750300041783332,-0.0005646052760261114,0.010361597834915009,0.0,1.6209256159527285e-14
R,23,74,-0.020104865221471802,-0.002512784536483363,3.6205119576193026,0.5194089472449501,-2.249239962902676,0.001953125,0.018486468703330306,-0.029775890395636526,-0.0112894216923074,-0.030243900136240152,0.0033139670532529924,0.0,-0.0006153622396929993,-0.0007014789352979279,0.0,0.0,1.6209256159527285e-14
R,23,75,-0.026307467662207977,0.0,1.9219439901162017,0.2583319815578515,-3.431775388092592,0.0,0.0,0.0,0.0,nan,0.0,0.0,0.0,0.0,0.0,0.0,1.6209256159527285e-14
R,23,76,-0.025194022750597192,0.0016758379618350958,1.9664005378420748,0.29611054469667497,-2.673992828100104,0.001953125,1.100593965555738,0.03576376562186839,1.1363577311776072,0.008668175515135343,0.0020081838525300966,0.0,0.0,0.0,0.0,0.0,1.6209256159527285e-14
R,23,77,-0.01636431069631986,-0.0015031097744361674,3.8304861264210306,0.6065180561231072,-1.2768272022394944,0.083984375,0.2016589473366153,0.05723727951622534,0.2588962268528405,0.01663743402450382,0.008177757318599873,0.0,-0.0008811750120708446,-0.003473231352027327,0.003183680921465695,0.0,1.6209256159527285e-14
R,23,78,-0.024443295671090357,-0.0046645946069883365,3.6609399083068745,0.8538976982411909,-1.1160758904371844,0.11328125,0.25230161479950397,-0.13171136686572105,0.12059024793378192,-0.03581299530078934,0.01340019258438349,0.0,-0.0014458970649962905,-0.0022298179363467482,0.0029986446709965153,0.0,1.6209256159527285e-14
R,23,79,-0.03297158135950556,-0.0018545989704001114,3.3643771870606094,1.2784138180388196,-2.837901983072313,0.0078125,0.08764437822384752,-0.05955014063696934,0.02809423758687757,-0.029894141382047996,0.0011553077438372268,0.0,-0.002324203606451415,-0.0033290415114458215,0.0027955900724139894,0.0,1.6209256159527285e-14
R,23,80,-0.031898105083813307,-0.0010836511800316293,3.868107442429507,0.6490027180360135,-3.75365510507824,0.0,0.0328044262362772,-0.039498479468783834,-0.0066940532325059365,-0.028189386868280118,0.00152616837037543,0.0,-5.560873340036036e-08,0.0006812256313201128,0.0,0.0,1.6209256159527285e-14
R,23,81,-0.029183055174236906,0.0007068250040679332,3.881015855870544,1.259791937443401,-2.5788162800293506,0.068359375,1.1245336214062345,-0.45282946967226273,0.6717041517339695,-0.05501397776044383,-0.012202479693346254,0.0,0.00392012096774718,0.000701154252037298,-0.018817843326361994,0.0,1.6209256159527285e-14
R,23,82,-0.004028533707427488,0.0007210939368132098,3.999258578962299,1.2917700510740768,-0.8258488132093861,0.271484375,0.5013064510176732,-0.5617902736706082,-0.060483822652940944,-0.09920032352164593,-0.011028964078813458,0.0,-0.001715768079186685,-0.0029724306051154,0.01736888958860864,0.0,1.6209256159527285e-14
R,23,83,-0.012611758112092392,0.0,0.6790761684980138,0.023416925868441987,-1.2261353914163649,0.0,0.0,0.0,0.0,nan,0.0,0.0,0.0,0.0,0.0,0.0,1.6209256159527285e-14
R,23,84,0.01645434835273702,-0.0003453629842114208,3.9771044628636227,1.1401398444826105,0.4884222909968271,0.703125,1.0409554672945724,-0.5730760593694078,0.46787940792516736,-0.0706153631094735,-0.009831645438245837,0.0,-0.0017176939873187235,-0.0003612609881266899,0.0035796476792617346,0.0,1.6209256159527285e-14
R,23,85,-0.0018945246240630752,-0.002505356928237718,3.8731769390482538,0.8571562370458379,-0.9406204155279931,0.158203125,0.11120824332109674,-0.0419385380247625,0.06926970529633003,-0.016234819466577673,0.016034704641921357,0.0,-0.0013892848261576195,-0.002246491946672385,0.010519036015463716,0.0,1.6209256159527285e-14
R,23,86,-0.03422491567489858,0.0,2.65018062218216,0.4361589125110466,-3.247753670967036,0.0,0.0,0.0,0.0,nan,0.0,0.0,0.0,0.0,0.0,0.0,1.6209256159527285e-14
R,23,87,-0.0287228634854737,0.0,2.3382834901401783,0.27392904452375766,-3.0386992002521076,0.0,0.0,0.0,0.0,nan,0.0,0.0,0.0,0.0,0.0,0.0,1.6209256159527285e-14
R,23,88,-0.018519012763947882,0.0011056438302844294,3.5184664142646382,0.6268625875370188,-2.153950227915721,0.013671875,1.7336921449466292,-0.023115457881167617,1.7105766870654584,-0.0024947848861472284,-0.012598410199185683,0.0,0.0012217080746648541,0.003748576103482856,-0.0013436570978536037,0.0,1.6209256159527285e-14
R,23,89,-0.025080709514385867,0.0005330383948832029,3.757877605646912,1.1495895993151128,-1.4334241221186441,0.15234375,2.0217433518021077,-0.6414272954320254,1.380316056370086,-0.060022184649536355,0.00906901361898517,0.0,0.0006333665053963782,0.006353205702722844,-0.006025181200689566,0.0,1.6209256159527285e-14
R,23,90,-0.023352155535223795,-0.0034187112353590387,3.6818115618726566,0.8216686358112957,-2.8667729149654573,0.00390625,0.06389857527959017,0.02656904873297752,0.09046762401256281,0.014273775605824263,0.007675219057758953,0.0,-0.00038021576664486553,-0.0006769571571901315,0.0,0.0,1.6209256159527285e-14
R,23,91,-0.018166107765753215,0.0010428687975797158,3.852708778100172,0.8933501320064,-3.1233549150068685,0.0,0.04671246962799172,0.06602462569616291,0.11273709532415666,0.039645450342358356,-0.00046590037906823714,0.0,0.00022486650603389778,0.0001078261467060954,0.0004577542501809746,0.0,1.6209256159527285e-14
R,23,92,0.03449632507410143,-0.0024845558842265087,3.978025941990473,0.902217498118556,3.6472043095552875,1.0,1.4332860366806677,-1.1826170525022488,0.2506689841784233,-0.12415954012492836,0.03837501766908035,0.0,-0.001493079879027187,-0.004524445096765296,0.02518385846805635,0.0,1.6209256159527285e-14
R,23,93,-0.023303510048653876,-0.0014174295604473684,3.4862299686581495,0.6718509278461922,-3.3175569134869827,0.0,0.024843394484188788,-0.0320717029714895,-0.007228308487302826,-0.029183039688931694,0.0016784763387001373,0.0,9.040644816158589e-05,0.00010305181080629888,0.0,0.0,1.6209256159527285e-14
R,23,94,-0.02178855920746572,-0.0036410059498514433,4.181180443893922,0.9197921900055146,-1.879520889555776,0.05859375,0.47312777507839765,-0.28558022307438924,0.18754755200401618,-0.04964894223075055,0.02205523236570327,0.0,-0.0014965445795440953,0.00030393702697011223,0.008003367362471217,0.0,1.6209256159527285e-14
R,23,95,0.0032895168163363728,0.004570352808031561,4.083573061378278,0.9643101563486645,0.09549032838527906,0.517578125,1.3052213793657064,-0.6276052605875733,0.6776161187781398,-0.06726267886041103,-0.02601549591358176,0.0,0.0022960567365753006,0.00754041809140828,-0.04022946904670504,0.0,1.6209256159527285e-14
R,23,96,-0.015022624898513325,-0.0028450223522338757,3.658326852626696,1.1909569435428111,-2.951862495302128,0.005859375,0.027907852720496826,-0.06472467318664575,-0.03681682046615009,-0.05295343710018219,0.006947450300713321,0.0,-0.0007356357426553067,-0.0009269433502762395,0.0,0.0,1.6209256159527285e-14
R,23,97,-0.023191935996710898,0.00024298524350546585,3.7839769885849868,1.038005595555198,-3.305352401756681,0.0078125,0.027083841777997567,0.0649312536096429,0.09201509538764974,0.05213389481927091,-0.0005961002635408558,0.0,0.00032726213334060547,0.0008548353365471,-0.0015188831842803015,0.0,1.6209256159527285e-14
R,23,98,0.030366232526032443,0.00794622735605914,4.454711529641487,1.3767394032574993,1.8318713115110294,0.857421875,2.0503871325612266,-1.7527962972408209,0.29759083532040975,-0.13739278647366351,-0.06598030212166996,0.0,-0.002009166704552552,0.0023904818683882804,0.032997044644351756,0.0,1.6209256159527285e-14
R,23,99,-0.025093861238817728,0.002965753020529223,3.407894768054969,0.7552395774225202,-2.203362991657283,0.0078125,0.6708473060976068,-0.25447653406542714,0.41637077203218276,-0.04558476598133896,7.170577431914052e-05,0.0,-0.0013352388797306495,0.0005044749817972508,0.0019380888798479086,0.0,1.6209256159527285e-14
R,24,0,-0.010174580026340646,-0.008881011106333467,3.706566538372488,0.7712481698501131,-0.8295076699303283,0.16796875,0.19228980034825,-0.10946061018270911,0.08282919016554047,-0.03367270023150922,0.033128071686570164,0.0,-0.0075055149883081285,-0.009158471786563213,0.033430661179776305,0.0,1.6431300764452317e-14
R,24,1,-0.03264835928444993,0.003914824860281538,3.1970475581885984,0.43565241603050653,-3.1242914997393134,0.0,1.323551731210231,-0.27000668531171534,1.0535450458985096,-0.03670497771417181,-0.007048006283538837,0.0,0.0012585901270596167,0.0021990267880807675,-0.0010798114187126192,0.0,1.6431300764452317e-14
R,24,2,-0.03230032972925649,-0.004117377653900036,2.4218216407939113,0.3228135816316607,-2.7885892639132352,0.0,0.08176626156557881,-0.1306641585700553,-0.04889789700447622,-0.09434030020480204,0.0004074809872523377,0.0,0.0,0.0,0.0,0.0,1.6431300764452317e-14
R,24,3,-0.02693955820943733,-0.004112898175698812,3.9946832084423316,0.8365775088635984,-1.9497890783922611,0.0390625,0.06255286254017449,-0.022862369788194517,0.03969049275197811,-0.011441561806586639,0.01472641524177914,0.0,-0.0026541173208709887,-0.00432972174334797,0.01374841327270725,0.0,1.6431300764452317e-14
R,24,4,-0.008927970315027072,0.0021579133686243164,3.9141518260107984,0.6461828037488057,-0.4237970955670051,0.30859375,1.8610900583170538,-0.5893170527570479,1.271773005560009,-0.05518202714106354,-0.015683933092169384,0.0,-0.0021815113670796494,0.0010608634484711092,0.011336128769228536,0.0,1.6431300764452317e-14
R,24,5,-0.02504908875191028,0.001038630684118342,2.806327316761197,0.44403977831561803,-2.0499990652272775,0.00390625,0.4718768293409736,0.07031440662859112,0.5421912359695655,0.018237347379712953,0.0017574272188662673,0.0,-3.504338769280181e-11,-0.0003101054263257835,0.0,0.0,1.6431300764452317e-14
R,24,6,-0.028968500029215683,-0.003943189325656598,4.279728568666477,1.1007772390583563,-2.7597268325593403,0.044921875,0.07410045038219368,-0.016879360303598136,0.057221090078606096,-0.007244348563939908,0.009400603795114659,0.0,-0.002274715168619432,-0.0032134189460168512,0.008006271201074855,0.0,1.6431300764452317e-14
R,24,7,-0.013779511478871279,0.002259702207408867,3.337101409735731,0.9236333275276314,-2.3137802730464205,0.01953125,1.123225179990638,-0.09015647426826245,1.033068705722373,-0.012745712088675832,0.0023048508281114438,0.0,-0.000517452917541291,0.006696806752253385,0.0001704377715477678,0.0,1.6431300764452317e-14
R,24,8,-0.029646270711036406,0.0,2.7549661850462708,0.4859645069517779,-3.9120954307404667,0.0,0.0,0.0,0.0,nan,0.0,0.0,0.0,0.0,0.0,0.0,1.6431300764452317e-14
R,24,9,-0.02185227347648351,0.00023377281787380079,3.9212456498727226,0.5989926010524378,-2.619838118553558,0.001953125,0.09784008727222793,-0.009991167901743953,0.08784891937049011,-0.004072900458482265,-0.0005377235405965802,0.0,-0.00023863127316129672,6.410670517207302e-05,-0.0005126627841964754,0.0,1.6431300764452317e-14
R,24,10,-0.00854932384398274,-0.0034251709207916196,4.177402272506046,0.9746706736935914,-0.9034064257314728,0.220703125,0.2182087056838004,-0.054122117115758026,0.16408658856804692,-0.01386763638523436,0.027932545776371654,0.0,-0.0036181739273699197,-0.005046868533767969,0.03218282105769938,0.0,1.6431300764452317e-14
R,24,11,-0.008725486278178454,0.005624025914770829,3.9826569092002946,2.5543376177791286,0.8227358539232846,0.71875,2.75865457467757,-0.9799722253946632,1.77868234928291,-0.0740733888969035,-0.03460998332988221,0.0,0.0020331020144725214,0.00560252931457083,-0.035636306118687365,0.0,1.6431300764452317e-14
R,24,12,-0.019435660629230314,-0.00576908371387654,4.009321328578278,0.7838017003126404,-1.5813593998573958,0.044921875,0.09628603585233701,-0.07991797216212318,0.016368063690215706,-0.03211899457913707,0.017609830083384088,0.0,-0.000803658628516429,-0.004211374887207206,0.0034686604139781414,0.0,1.6431300764452317e-14
R,24,13,-0.01217482497702349,0.0,0.6439484570367167,0.02744407195439265,-1.467479874157214,0.0,0.0,0.0,0.0,nan,0.0,0.0,0.0,0.0,0.0,0.0,1.6431300764452317e-14
R,24,14,-0.032349036126867514,-0.00027526135194680786,2.777871115261142,0.3711587217847629,-3.1643608061454733,0.0,0.0021951532195540794,0.0041209135929756455,0.006316066812529719,0.015831388308026044,0.0,0.0,-0.0002414615826229256,-0.0002752544948764677,0.0,0.0,1.6431300764452317e-14
R,24,15,-0.015685971079594182,0.0,0.8622441507448655,0.05450668284502937,-1.7922973069671586,0.0,0.0,0.0,0.0,nan,0.0,0.0,0.0,0.0,0.0,0.0,1.6431300764452317e-14
R,24,16,0.005552146524399975,-0.0064142652391923315,3.9849207613927455,1.3002819821469647,1.6782167333213867,0.89453125,0.6442361225724043,-0.5219214625446964,0.12231466002770475,-0.08158924879621743,0.06331007509045895,0.0,-0.00764047836866425,-0.007607721794872246,0.07674906269996647,0.0,1.6431300764452317e-14
R,24,17,-0.03268511701731323,0.0006668018682849281,3.0901932993383734,0.33252995945024516,-3.004943220124744,0.0,0.32445801731877477,-0.02205713414353387,0.30240088317524005,-0.006265477681053755,0.0027194362697381255,0.0,0.0,7.669292797948642e-05,0.0,0.0,1.6431300764452317e-14
R,24,18,-0.025502489346373686,0.0,1.8783025887520735,0.11306559278135063,-2.6406657079164937,0.0,0.0,0.0,0.0,nan,0.0,0.0,0.0,0.0,0.0,0.0,1.6431300764452317e-14
R,24,19,-0.008438994199367495,0.0019845849073673815,3.970830870324985,0.8681753120521903,-0.017556290812472074,0.521484375,1.9178258214026171,-0.3204426655192458,1.597383155883378,-0.02913629795148068,-0.0032796970233681466,0.0,0.003544071354758207,0.0048123080642301155,-0.019155513879277164,0.0,1.6431300764452317e-14
R,24,20,0.008777883541722762,-0.001615508623570127,4.2568807537394395,1.2309535852921436,1.3587259324689112,0.89453125,1.2584128335854396,-0.7477710251143024,0.5106418084711208,-0.07829528031436059,0.016532913221370377,0.0,-0.0031998091238963347,2.2758829020727495e-05,0.03469903975640618,0.0,1.6431300764452317e-14
R,24,21,-0.025637391783898147,0.0,1.5298803080701702,0.16025366729042032,-2.414578492389658,0.0,0.0,0.0,0.0,nan,0.0,0.0,0.0,0.0,0.0,0.0,1.6431300764452317e-14
R,24,22,0.01802901349035855,-0.0027966464528236946,3.993027279765637,0.7076252197673111,2.538510077069724,0.99609375,0.9288126684060353,-0.3472674295362257,0.5815452388698112,-0.045119856983093336,0.04126324765409503,0.0,-0.005086793324543188,-0.005493663599337402,0.040447871032793487,0.0,1.6431300764452317e-14
R,24,23,-0.026815288271735675,0.0,2.0313198625947173,0.4074937280347052,-3.134932137396955,0.0,0.0,0.0,0.0,nan,0.0,0.0,0.0,0.0,0.0,0.0,1.6431300764452317e-14
R,24,24,-0.014504103111940655,0.007851399692503492,4.157775202473277,1.2170880609013714,-0.17678119414704482,0.4375,2.1605457541593047,-0.7878005329813873,1.3727452211779116,-0.06445305926585106,-0.09280999244018726,0.0,0.001807174815681089,0.004542388528144721,-0.02141743008076911,0.0,1.6431300764452317e-14
R,24,25,0.01750043140151199,-0.0017202533962012141,4.257270498624491,0.7668564533486771,1.9765120257708915,0.970703125,1.3304392477910247,-0.3848064709688619,0.945632776822162,-0.03918172946346288,0.015361648471976097,0.0,0.0013095892819035503,-0.0005405119141586311,3.5551936188515584e-05,0.0,1.6431300764452317e-14
R,24,26,-0.017113547963098035,0.00021663255004067584,3.6639606123128017,0.7041505273785547,-1.8721341408284937,0.009765625,1.6900866720049719,-0.30015252804614617,1.389934143958822,-0.031506976215092505,0.010616534114102731,0.0,0.0025458475736982395,0.0015263619058566056,-0.004486345644144938,0.0,1.6431300764452317e-14
R,24,27,-0.013339584918291937,-0.01434399621716786,3.2283926213104603,0.778802000915151,0.16399062341642,0.5859375,0.3921021175735119,-0.4652067036706631,-0.07310458609715553,-0.11506149929746552,0.03315175324054392,0.0,-0.011947512252604334,-0.014343462831489816,0.03315175324054392,0.0,1.6431300764452317e-14
R,24,28,-0.02512624722090104,0.0,1.9533487407105279,0.27839557384303565,-2.458785113565311,0.0,0.0,0.0,0.0,nan,0.0,0.0,0.0,0.0,0.0,0.0,1.6431300764452317e-14
R,24,29,-0.030483048514608934,0.0,3.133276376509231,0.5714537507362879,-3.5819593567131642,0.0,0.0,0.0,0.0,nan,0.0,0.0,0.0,0.0,0.0,0.0,1.6431300764452317e-14
R,24,30,0.009916855427732395,-0.00034735701259408627,4.219982277675862,0.9304774487862555,0.8749695312693626,0.7734375,1.0472677094602212,-0.518472892527088,0.5287948169331251,-0.06002837344352146,0.002281103928170301,0.0,-0.0035187053627591266,-0.004064056027299537,0.03764523092204117,0.0,1.6431300764452317e-14
R,24,31,-0.008025751659817839,-0.013256493811203815,4.190102362820447,1.195439981401136,-0.07702649214947038,0.4453125,0.27427194198687965,-0.22692798244965118,0.04734395953724402,-0.051706213220596264,0.12551292656689544,0.0,-0.010447361005352998,-0.012571950521398359,0.11764412501701366,0.0,1.6431300764452317e-14
R,24,32,-0.028454349873365054,-9.057276367123434e-05,2.713419648632092,0.6305793753992814,-2.888904609850312,0.0,1.8550667106463932,-0.02672510074453517,1.8283416099018543,-0.003615701952996808,0.0020835978626120317,0.0,1.3904926683088498e-07,0.001504781649656456,0.0,0.0,1.6431300764452317e-14
R,24,33,-0.02728241197106325,0.0,2.0611982624003105,0.2185722009259606,-2.4638122763617925,0.0,0.0,0.0,0.0,nan,0.0,0.0,0.0,0.0,0.0,0.0,1.6431300764452317e-14
R,24,34,-0.013024504770402593,0.0005995427896378938,3.93531834362082,0.891390252912091,-0.5406762724707836,0.275390625,1.3816967643276512,-0.4466398872276443,0.9350568771000045,-0.04827711057433189,0.01465062448736124,0.0,0.004338134355303013,0.0018030982099825996,-0.0614759825306324,0.0,1.6431300764452317e-14
R,24,35,-0.02659896569173038,0.0,1.876976437674154,0.27522430087386984,-3.1649083627831573,0.0,0.0,0.0,0.0,nan,0.0,0.0,0.0,0.0,0.0,0.0,1.6431300764452317e-14
R,24,36,-0.03115781901753359,-0.0006794751404543474,3.8296333062033523,1.1802058164123788,-4.274089590824727,0.00390625,0.006388302597244032,-0.008346485974257259,-0.00195818337701148,-0.013634014170245273,0.0006622858155350639,0.0,0.0,-0.000986386586098851,0.0,0.0,1.6431300764452317e-14
R,24,37,-0.02106103371944319,-0.002899854409833449,3.841613231314403,0.9474953499347816,-2.386788353376127,0.00390625,0.03698120330064124,-0.017586918410775046,0.019394284889866498,-0.011902977030606485,0.009190086373313488,0.0,-9.65564744621254e-05,-0.000945465897901307,0.0009416326401598634,0.0,1.6431300764452317e-14
R,24,38,-0.021631589909181726,0.0,1.4499948597766412,0.14620350807192578,-2.3660101973582104,0.0,0.0,0.0,0.0,nan,0.0,0.0,0.0,0.0,0.0,0.0,1.6431300764452317e-14
R,24,39,-0.030371332796063626,-0.0028428422702949764,3.0043668089752043,0.5305799218613904,-2.65278491572484,0.0,0.0489559386076314,-0.07475613348539042,-0.025800194877756866,-0.05622910734499883,0.000643611705233049,0.0,-3.637672147751614e-05,-4.1464734192918594e-05,0.0,0.0,1.6431300764452317e-14
R,24,40,0.024603294491498673,-0.00021941007204931228,4.4509882562466,1.5695167228260987,1.783986442852516,0.935546875,1.9572826520052131,-1.5077852542669676,0.4494973977382486,-0.12106713752840335,0.004404498606771881,0.0,0.002655929176825691,-0.0018784932768094419,0.007927081383579263,0.0,1.6431300764452317e-14
R,24,41,-0.008810777192277838,-0.008970136670838236,3.8291119325717364,0.9973612186187331,-0.6254508959918534,0.3125,0.21350187635062196,-0.042977363144140884,0.17052451320648565,-0.012145373094677246,0.059749484594322146,0.0,-0.006947162335786649,-0.008719355654035593,0.05873546961094119,0.0,1.6431300764452317e-14
R,24,42,0.013423164988905358,-0.0069644795321808515,4.534705291663467,1.0023764449413224,0.6273310394787502,0.70703125,0.48266252791411374,-0.21477056046304302,0.267891967451078,-0.03408583171454573,0.05105075834712614,0.0,-0.005705455775439207,-0.010261372841323084,0.059537818837304426,0.0,1.6431300764452317e-14
R,24,43,-0.03153715073869293,0.0,2.631305516084009,0.294487415353395,-4.069813296201049,0.0,0.0,0.0,0.0,nan,0.0,0.0,0.0,0.0,0.0,0.0,1.6431300764452317e-14
R,24,44,-0.030142229682895753,0.0,2.1785744972607803,0.20346883525382375,-3.07009192693272,0.0,0.0,0.0,0.0,nan,0.0,0.0,0.0,0.0,0.0,0.0,1.6431300764452317e-14
R,24,45,-0.02484583872716698,-0.0048146618798028335,3.560069228560321,0.8695742050011029,-1.9669356559094309,0.02734375,0.13446367098107437,-0.04226012103658723,0.09220354994448599,-0.01618601042494514,0.010821283305517399,0.0,-0.0027060441918402662,-0.004631201969459656,0.009110944786755169,0.0,1.6431300764452317e-14
R,24,46,-0.015811605414743395,-0.00950449379032,3.8251373705199465,1.1181805446888091,-0.023273280388095816,0.470703125,0.2557733004390803,-0.28627218564376866,-0.030498885204695014,-0.07399025395628746,0.04435940233347062,0.0,-0.00765297864076534,-0.010230066498618778,0.0441712218375412,0.0,1.6431300764452317e-14
R,24,47,-0.010560554885011456,-0.00020282369906472265,4.039768246566946,0.8392922411177148,-0.25198295225989,0.359375,1.0264294173335033,-0.513567223863189,0.5128621934703084,-0.06274025896833915,-0.004093716187769012,0.0,-0.0016412780984252574,-0.0016023783103505862,0.0008135963472123708,0.0,1.6431300764452317e-14
R,24,48,-0.020501786094706514,-0.00443069196876885,3.646676321630907,1.9207722960962315,-1.5964287136493083,0.087890625,0.329903178222364,0.0777336195439574,0.40763679776632067,0.018556173644519246,0.012683079067929166,0.0,0.0003141307505831385,-0.00528699536318193,-0.003553182382006925,0.0,1.6431300764452317e-14
R,24,49,-0.028749579175429082,0.0,2.2657391800981985,0.3539008749598394,-3.0383377614505953,0.0,0.0,0.0,0.0,nan,0.0,0.0,0.0,0.0,0.0,0.0,1.6431300764452317e-14
R,24,50,-0.020804003033325507,0.0,1.2020013193969856,0.12459100426159139,-1.9994218063009548,0.0,0.0,0.0,0.0,nan,0.0,0.0,0.0,0.0,0.0,0.0,1.6431300764452317e-14
R,24,51,-0.031068480055089786,-2.708066877319798e-10,3.092062431156671,0.646411678438842,-4.173960509346854,0.0,2.4990403877242424e-15,-1.1586511908213276e-08,-1.158650775323622e-08,-0.037478985364682416,0.0,0.0,-2.686907204666307e-10,-2.708066877319798e-10,0.0,0.0,1.6431300764452317e-14
R,24,52,0.022015039583456367,-0.00036759732743770634,4.249878105621379,0.9167456859650555,2.548825690386151,0.994140625,2.066249251403991,-1.1761837670165427,0.8900654843874456,-0.09626698207404674,-0.007047688734592192,0.0,-0.00720497598369399,-0.0005540250729943479,0.08648630882799285,0.0,1.6431300764452317e-14
R,24,53,-0.01097290425052831,0.0,0.6390589426089605,0.021254339617630513,-1.0938696704772797,0.0,0.0,0.0,0.0,nan,0.0,0.0,0.0,0.0,0.0,0.0,1.6431300764452317e-14
R,24,54,0.022837147276114984,-0.005007437307647114,4.242272056833625,1.3518469971735034,2.374558146735729,0.9921875,1.2264750332255288,-0.6413510251256394,0.5851240080998892,-0.06825554288454322,0.03860717519596096,0.0,-0.006551162740087031,-0.0033232993922707953,0.06382280104738733,0.0,1.6431300764452317e-14
R,24,55,0.017886191387351945,0.0066437209295646385,4.2570914937702184,0.6655357711371978,1.0852564177884565,0.81640625,1.0826691384745082,-0.6140103750267991,0.46865876344770285,-0.06930823687580427,-0.059086517529939736,0.0,0.004604903859143057,0.006720319485441217,-0.037765144329620734,0.0,1.6431300764452317e-14
R,24,56,0.0012623017099365232,0.001695269934966099,4.108349126651498,0.7848588065772795,0.5936548138731308,0.74609375,1.5291061633142915,-1.0468987384173523,0.48220742489693436,-0.10303588806708176,0.01986224413160444,0.0,0.003722223441307469,0.005397933801091592,-0.011766596945918742,0.0,1.6431300764452317e-14
R,24,57,0.04035650227095695,0.0011345647812866398,4.411338028030588,1.572310491983486,4.242662523024514,1.0,1.6091537465680452,-0.7745060050380107,0.8346477415300413,-0.0692031216925014,-0.0034844888528856753,0.0,-0.0020821315227257573,-0.000792420213879176,0.0286932696503212,0.0,1.6431300764452317e-14
R,24,58,-0.030102786011486055,0.014483332351694713,3.226652276650273,0.45396111470273093,-3.392329916854076,0.0,3.491647972373286,-0.534106198612927,2.9575417737603633,-0.044292503785752425,-0.021217545207777206,0.0,0.002184964897089824,0.007754559986672259,-0.00129621331083663,0.0,1.6431300764452317e-14
R,24,59,0.008062413526241305,-0.0012306559617488323,4.032611589077969,1.0333908342719913,1.468258819279074,0.919921875,1.3114480539116595,-0.7942040246867406,0.5172440292249156,-0.085988455335897,0.02456318456277373,0.0,-0.005846409425015162,-0.0028695939706768567,0.06763310671021236,0.0,1.6431300764452317e-14
R,24,60,-0.026545467332912916,0.0,1.6572028389964406,0.17297343324242473,-2.6939310469425886,0.0,0.0,0.0,0.0,nan,0.0,0.0,0.0,0.0,0.0,0.0,1.6431300764452317e-14
R,24,61,-0.03836329070414575,6.682001890576615e-13,3.129914511450887,0.3404275952561454,-4.293785984826653,0.0,2.7408862558015054e-19,4.105999919737036e-11,4.105515927221859e-11,0.012528842757168505,0.0,0.0,6.682001890576615e-13,6.682001890576615e-13,0.0,0.0,1.6431300764452317e-14
R,24,62,-0.031360454682874905,-0.0009158755719723491,3.390544800525146,0.6763750737416375,-3.2269989352303523,0.001953125,0.013863694330850142,-0.046747957239158464,-0.03288426290830593,-0.058549564354938244,0.0005799570950907723,0.0,-0.0007840266417978066,-0.00090780418202262,0.0005754309391919775,0.0,1.6431300764452317e-14
R,24,63,-0.024126594416067782,-0.0012503548439001702,3.530704074504243,0.9022207834396776,-1.997126941037422,0.009765625,0.26060447407531695,0.10297525230683982,0.36357972638216296,0.028566077926494522,0.004726035468774246,0.0,0.00020499001316331522,-0.0015448621521425932,0.00195350597410784,0.0,1.6431300764452317e-14
R,24,64,-0.02762000703684435,0.005597007558802077,3.5843589556775513,0.6447110781619213,-2.498758473900261,0.001953125,1.140183444934738,-0.0016763150646781494,1.1385071298700637,-0.00021899126446279422,-0.00289558768126756,0.0,-0.00028217438835893014,-7.567708101361162e-05,0.0003681637887637243,0.0,1.6431300764452317e-14
R,24,65,-0.025200759757428054,0.0,1.9992142744675776,0.21248540496284488,-2.4013066567580417,0.0,0.0,0.0,0.0,nan,0.0,0.0,0.0,0.0,0.0,0.0,1.6431300764452317e-14
R,24,66,-0.012719440237041064,-0.0049900321385078295,3.5720675662421373,0.6085220424864956,-0.6789657437314346,0.201171875,0.8151741650916008,-0.32860788762560833,0.4865662774660038,-0.05094518214084776,0.04229808088047355,0.0,-0.00367045283557524,-0.002576962164831846,0.02068843970940672,0.0,1.6431300764452317e-14
R,24,67,-0.019206788406373396,-0.004517617960447978,4.0799599170016565,1.0458951109867858,-1.6155174424836511,0.095703125,0.06907348807416377,-0.05485396448317335,0.01421952359098455,-0.025577991287243272,0.0184552316907509,0.0,-0.0038373664123986487,-0.004408757393052003,0.018241471221485867,0.0,1.6431300764452317e-14
R,24,68,-0.028770783071547845,0.0,1.7281054923349664,0.18775013941429505,-2.2628894174881067,0.0,0.0,0.0,0.0,nan,0.0,0.0,0.0,0.0,0.0,0.0,1.6431300764452317e-14
R,24,69,-0.0280674544007469,-0.0019150062968462268,2.978155276018793,0.6358063578049531,-3.0589139355457933,0.01171875,0.03904153028887712,-0.024205010476888746,0.01483651981198264,-0.02056669586315314,0.0014369416588431963,0.0,-0.0010402944785942146,-0.001611258892342921,0.001282068469702209,0.0,1.6431300764452317e-14
R,24,70,-0.030345018630411537,4.748316464707501e-05,2.3913381231149136,0.3365772595634152,-2.9888368711897284,0.0,5.3050515988866775e-05,0.0014498162304326342,0.0015028667464207501,0.04161952965801231,-2.4268697188346367e-06,0.0,0.0,0.0,0.0,0.0,1.6431300764452317e-14
R,24,71,0.022521289989768142,0.0025971893318994113,4.173409717406523,0.9420514711185992,1.8802568866818132,0.9375,1.900518243181467,-1.4591612683736785,0.4413569748077819,-0.12680788331804332,-0.045363531026718446,0.0,-0.0009589214336932746,-0.00020662067219040633,0.018346734376240226,0.0,1.6431300764452317e-14
R,24,72,-0.029765046020837852,0.0,1.9361252752798923,0.2924817425892918,-3.398467541589933,0.0,0.0,0.0,0.0,nan,0.0,0.0,0.0,0.0,0.0,0.0,1.6431300764452317e-14
R,24,73,-0.010693263546834121,-0.002755584751541011,3.981464108671749,1.1881415009805831,-1.3250854978106477,0.13671875,0.21807175900712197,0.1259106175697338,0.34398237657685193,0.033860225025394194,0.031152926047339526,0.0,0.0005691403268048483,-0.0008187401674534589,0.01767929886164709,0.0,1.6431300764452317e-14
R,24,74,-0.022617649757955164,0.004203897406040023,3.6189525298865206,0.6522194763736895,-2.7550493838879,0.0,0.8001501906696658,-0.15965081418030064,0.6404993764893678,-0.024658831842831155,-0.006627204169844988,0.0,0.0,0.0002509742866541088,0.0,0.0,1.6431300764452317e-14
R,24,75,-0.026307467662207977,0.0,1.9219439901162017,0.24294335558456587,-2.2877131369868313,0.0,0.0,0.0,0.0,nan,0.0,0.0,0.0,0.0,0.0,0.0,1.6431300764452317e-14
R,24,76,-0.02351818478876209,-0.0004917165180294044,2.2367585489728676,0.23996837541160673,-2.6333583232531925,0.0,0.002338792312713522,-0.0022843754125557447,5.441690015572931e-05,-0.01055899408633523,0.0,0.0,-0.0004313335759471388,-0.0004917046309707744,0.0,0.0,1.6431300764452317e-14
R,24,77,-0.017867420470756026,0.004714942956914975,3.864132527690637,1.0360286879006275,-2.7835196239013684,0.00390625,0.18983759981360915,-0.011101471959781072,0.17873612785382775,-0.0032969126475321034,-0.017527299634984617,0.0,-0.0010896966043070944,-0.0016863821280116535,0.0026449396573794584,0.0,1.6431300764452317e-14
R,24,78,-0.029107890278078693,-0.002987722245404943,3.677372874780001,0.6467771341579707,-2.2800956534925114,0.015625,0.04886609293352107,-0.082719856192626,-0.03385376325910627,-0.05087896855556775,0.007853890641442547,0.0,-0.0013460050663989208,-0.001712262515272359,0.004235668181009383,0.0,1.6431300764452317e-14
R,24,79,-0.03482618032990568,-0.0029626511545478803,3.3685498503659903,1.2336878140626872,-2.550201174774279,0.001953125,0.08007400774794618,-0.07434953360536253,0.005724474142583702,-0.038999540602014465,0.0036115860860194285,0.0,-0.00012681627502351316,-0.0002800416327865641,4.865601694187124e-05,0.0,1.6431300764452317e-14
R,24,80,-0.03298175626384493,-0.0007386484794551506,3.867242057713227,1.2980155769954704,-4.272204590418227,0.0,0.060509223706493566,-0.002892741334563062,0.05761648237193384,-0.0015204336010702995,0.0022647282523629896,0.0,-1.0318142404703765e-05,0.00011557969303664452,0.0,0.0,1.6431300764452317e-14
R,24,81,-0.028476230170168974,-0.004627479334087599,3.966609159628982,1.1135060979102216,-2.699960548443114,0.013671875,0.08036040446022996,-0.11262132389774226,-0.03226091943751719,-0.050078367771498815,0.013643914864029584,0.0,-0.0002578777683974833,-0.0016874430462960341,7.841660111200825e-05,0.0,1.6431300764452317e-14
R,24,82,-0.003307439770614277,-0.005915277138321504,3.9916895368691447,0.5849647135959725,0.0808445779407653,0.552734375,1.6897422002352511,-0.8751427496507331,0.814599450584522,-0.0843299654865711,0.05737867357456918,0.0,8.937981644465957e-05,-0.0007134819782605725,0.011646270524558789,0.0,1.6431300764452317e-14
R,24,83,-0.012611758112092392,0.0,0.6790761684980138,0.038761386541628105,-1.4907045294802912,0.0,0.0,0.0,0.0,nan,0.0,0.0,0.0,0.0,0.0,0.0,1.6431300764452317e-14
R,24,84,0.016108985368525598,0.004317525733183301,4.03549740632489,1.1889270817363762,1.6166321042194558,0.912109375,2.226971920285782,-1.5975065602914407,0.6294653599943452,-0.13263502133312952,-0.04070483922114929,0.0,0.0032154617272458475,0.004128064570569241,-0.06297076905704027,0.0,1.6431300764452317e-14
R,24,85,-0.0043998815523007915,0.005670026869183289,3.882108873598412,1.2092912301110652,0.2586793978403202,0.552734375,1.3129361010097378,-0.22168141205113948,1.091254688958598,-0.02491780469103763,-0.03623665490647393,0.0,0.00403085962670029,0.003795769125227543,-0.03951477815895556,0.0,1.6431300764452317e-14
R,24,86,-0.03422491567489858,0.0,2.65018062218216,0.49233271942348744,-3.051354020739925,0.0,0.0,0.0,0.0,nan,0.0,0.0,0.0,0.0,0.0,0.0,1.6431300764452317e-14
R,24,87,-0.0287228634854737,0.004071886027402021,2.3382834901401783,0.38303593974821704,-2.2162544490457163,0.001953125,1.0598443614253459,0.16231376937543437,1.2221581308007785,0.033713757422651466,0.003602570751184278,0.0,0.0,0.0,0.0,0.0,1.6431300764452317e-14
R,24,88,-0.017413368933663447,-0.0038921904916067607,3.753689198025553,0.6146228182696603,-1.2056451128538535,0.1015625,0.18273469260293823,-0.045204435344087336,0.13753025725886125,-0.014085823395543188,0.02020110161810533,0.0,0.00022185384255974378,-0.0011349030785785714,0.006894772637146499,0.0,1.6431300764452317e-14
R,24,89,-0.02454767111950267,-0.0015712134200301221,3.9372528691198707,0.9425326709202578,-2.7666500994602656,0.029296875,0.04626061922949125,-0.10737501369676532,-0.06111439446727296,-0.06339780292919701,0.003126121860722488,0.0,-0.001183399817744764,-0.0021483004135025466,0.0014758518347012457,0.0,1.6431300764452317e-14
R,24,90,-0.026770866770582834,-0.0014404489305406421,3.694076880785203,0.7921570347115832,-2.384855846501057,0.001953125,0.10811874953157097,0.10361575166980977,0.21173450120138604,0.04265199498399511,0.0020810927298948877,0.0,-1.28977233692481e-05,-0.001091252558877869,0.0,0.0,1.6431300764452317e-14
R,24,91,-0.0171232389681735,-0.006212507241352978,3.8673119895056667,0.5716010208803147,-1.952423908595737,0.0078125,0.2721886314730929,0.03400631891638198,0.30619495038946987,0.008427241256784321,0.023644777887940116,0.0,0.0016289976322937313,0.002068982374613387,-0.0010705923930545396,0.0,1.6431300764452317e-14
R,24,92,0.032011769189874924,0.005934493465489099,4.0094088565931525,0.9662777793194558,2.3734664620710584,0.990234375,1.499951113981437,-0.9287487175922329,0.5712023963892037,-0.09456911691538439,-0.0629170833470537,0.0,-0.0004540116614481697,0.0022623725421212553,-0.02446196539793079,0.0,1.6431300764452317e-14
R,24,93,-0.024720939609101242,-0.0032127057496539645,3.485193120313837,1.3382032506004342,-2.9702590988449975,0.001953125,0.051023033575007926,-0.06522501247160385,-0.014201978896592138,-0.041426113340954494,0.0021300342845724718,0.0,-0.000971987983130206,-0.002014796691879866,0.0010088147199689948,0.0,1.6431300764452317e-14
R,24,94,-0.025429565157317167,-0.0019429933589547056,4.203548198415833,0.8735815423300747,-3.199763295746953,0.013671875,0.026576511489869198,-0.066819609274212,-0.04024309778434798,-0.04875385011887226,0.006189629343658196,0.0,-0.0014384862068820847,-0.001962582135171703,0.006323771039114308,0.0,1.6431300764452317e-14
R,24,95,0.007859869624367927,-0.002822225378965919,4.165715432718911,0.980983989238413,0.6933418834687903,0.76953125,0.834281159270046,-0.22544802703800945,0.6088331322320322,-0.02962583680464753,0.02467559812023029,0.0,-0.0024795524949676826,-0.003739270501478597,0.011739821856558573,0.0,1.6431300764452317e-14
R,24,96,-0.017867647250747205,-0.0029800808822876747,3.653291466634355,0.9650298143163518,-1.9976884646781798,0.017578125,0.04304578203121051,0.02334333691085101,0.06638911894206956,0.015398673793583005,0.007993642269865325,0.0,-0.0021572247549566056,-0.002196951197705094,0.009002579350612895,0.0,1.6431300764452317e-14
R,24,97,-0.02294895075320543,0.003864022311898562,3.796116034255059,0.9924766096610262,-2.2909921022866735,0.0234375,1.9159073618027038,-0.7006630855293073,1.2152442762733866,-0.06667338575130058,-0.008843923893258138,0.0,0.0043196046761815,0.006309026622871819,-0.01985931386202753,0.0,1.6431300764452317e-14
R,24,98,0.038312459882091594,-0.002432107325761051,4.4879890427274,1.0871548219158236,4.033533987133993,1.0,1.2442377142991838,-0.7631117653422473,0.4811259489569437,-0.07621749750031549,0.01036667963006131,0.0,-0.008785118514721517,-0.005099781469634386,0.06856782764513308,0.0,1.6431300764452317e-14
R,24,99,-0.022128108218288506,0.00032415281922409765,3.4684459808635646,1.0227542515267942,-3.1068442196814057,0.0,0.058077394416941555,0.027955300241051154,0.08603269465799279,0.016722286826452284,-0.0018086553712912492,0.0,-0.0006895360191976476,0.0009158349759060486,0.0,0.0,1.6431300764452317e-14
R,25,0,-0.019055591132674098,-0.0020766392431049102,3.717723052292646,0.6352597457668758,-1.7798492157005577,0.0078125,0.09322706466930425,-0.0017049592482298141,0.09152210542107753,-0.0007509931363472606,0.006485169919426812,0.0,-0.0018524052112687576,-0.002264117036062017,0.004578387950288891,0.0,1.3850032232198828e-14
R,25,1,-0.0287335344241684,-0.003167362492023686,3.3577757720279937,0.38414077567896415,-2.1361023251114886,0.00390625,0.10036655674460862,-0.04370088984968862,0.05666566689491681,-0.02054064519304215,0.006692979850823015,0.0,8.94929124455052e-05,-0.0007830393315454591,0.001261040322021805,0.0,1.3850032232198828e-14
R,25,2,-0.03641770738315653,0.0,2.4117052396205545,0.19562513873974188,-3.404449434719133,0.0,0.0,0.0,0.0,nan,0.0,0.0,0.0,0.0,0.0,0.0,1.3850032232198828e-14
R,25,3,-0.031052456385136144,-0.0010873241237175312,3.9996480380857387,1.2591049815533844,-4.5749470286219776,0.0,0.010390891635771025,-0.03742875773240978,-0.027037866096639718,-0.045901537597474916,0.0022368621919930188,0.0,6.4384800438978236e-09,-0.0002360331954921038,0.0,0.0,1.3850032232198828e-14
R,25,4,-0.006770056946402756,0.002579085709886404,4.0733717633704485,1.554090481991078,-0.5665054690960282,0.376953125,1.306475752324651,-0.6969336225871308,0.6095421297375267,-0.07484394929102083,-0.011358210067801364,0.0,0.0025739252801031394,5.6132628232057587e-05,-0.017744280837905406,0.0,1.3850032232198828e-14
R,25,5,-0.024010458067791937,-0.00364708005069439,2.901321120587941,0.5821318027153352,-2.6260404124701022,0.005859375,0.6211261801886891,0.0328229180603687,0.6539490982490559,0.0071773062215047066,0.010716651191709723,0.0,-0.0003543872197840348,-0.0004106665273216745,0.0003778561699700785,0.0,1.3850032232198828e-14
R,25,6,-0.03291168935487228,-0.004096792265857277,4.286408486313293,1.5610328073103266,-3.7367909643670782,0.001953125,0.07187388514899425,-0.06792951164774122,0.003944373501241216,-0.02955625331043287,0.006507960307746187,0.0,-5.469171476445864e-06,-0.0020808973559000225,0.0,0.0,1.3850032232198828e-14
R,25,7,-0.011519809271462412,0.024274453763554246,3.4884544607293613,0.6399048785648389,-1.4773628686370346,0.04296875,2.5323882236752295,-0.8337944869877838,1.6985937366874477,-0.07509842398865504,-0.0667915384737491,0.0,0.008110115103887922,0.016823888316102226,-0.014256599023002664,0.0,1.3850032232198828e-14
R,25,8,-0.029646270711036406,-0.0007792394124185261,2.7549661850462708,0.7157770941305649,-2.2319327856704225,0.015625,0.07441596718441588,-0.04026066030527753,0.034155306879135594,-0.02678561114553348,0.0005684089772212597,0.0,-0.002089157900553225,-0.0024619538959754837,0.0006681133943440563,0.0,1.3850032232198828e-14
R,25,9,-0.02161850065860971,-0.00909211432216188,3.9324313555377213,1.0546897036584335,-0.7232748690134068,0.267578125,0.22264026737577328,-0.3239361228668012,-0.10129585549103126,-0.08729037846413781,0.0243556765127922,0.0,-0.005729816142144156,-0.008760925322163455,0.021135609566616014,0.0,1.3850032232198828e-14
R,25,10,-0.011974494764774359,-0.0064539243639028035,4.196996108516986,1.0015180487734128,-0.28295308314444423,0.396484375,0.6315487589815374,-0.35793071211481864,0.2736180468667122,-0.053657070661855405,0.040657570747486396,0.0,-0.0039898172582645795,-0.0053294943839374545,0.01602937139057742,0.0,1.3850032232198828e-14
R,25,11,-0.003101460363407624,-0.0010644225710296131,4.200028381533124,0.9086932013111481,-0.8990231076775628,0.20703125,0.39102882389431026,-0.13680196026166982,0.25422686363263836,-0.026043881693629083,0.017534989486354954,0.0,-0.0007675314637355991,-0.002586032818986236,0.01988959333243549,0.0,1.3850032232198828e-14
R,25,12,-0.025204744343106857,0.0010819505815951355,4.011362060383344,1.1077952947423597,-1.870475667002486,0.080078125,1.3027083329692157,-0.12406064678757855,1.1786476861816304,-0.013548417999506927,0.005755833333375234,0.0,0.004762442119481049,0.003829978395236938,-0.027082818949896753,0.0,1.3850032232198828e-14
R,25,13,-0.01217482497702349,0.0,0.6439484570367167,0.04147500359941335,-1.4040383649291954,0.0,0.0,0.0,0.0,nan,0.0,0.0,0.0,0.0,0.0,0.0,1.3850032232198828e-14
R,25,14,-0.032624297478814325,0.0,2.7790077365517916,0.522097695609612,-3.510466143491255,0.0,0.0,0.0,0.0,nan,0.0,0.0,0.0,0.0,0.0,0.0,1.3850032232198828e-14
R,25,15,-0.015685971079594182,0.0,0.8622441507448655,0.041893863187295814,-1.4016451178611398,0.0,0.0,0.0,0.0,nan,0.0,0.0,0.0,0.0,0.0,0.0,1.3850032232198828e-14
R,25,16,-0.0008621187147923592,-0.0077832867598468325,4.00023850971497,0.6607851824723293,-0.377068331955733,0.30859375,0.10486529042872295,-0.05876444945010829,0.046100840978610336,-0.022682081554400078,0.05564699408893807,0.0,-0.004110261815195809,-0.006051277805223589,0.03477675066253759,0.0,1.3850032232198828e-14
R,25,17,-0.032018315149028295,1.2007183567202067e-05,3.138741070947239,0.6642343680519531,-3.796484045093747,0.0,0.0012888948825050205,0.010753142339783403,0.012042037222286694,0.04771348723901816,0.0,0.0,1.0531408675813844e-05,1.2007853252280437e-05,0.0,0.0,1.3850032232198828e-14
R,25,18,-0.025502489346373686,-0.002787694305879993,1.8783025887520735,0.21646051770735628,-2.243887928746452,0.0,0.06156295045377501,-0.08976083958715195,-0.028197889133377618,-0.09630118708856174,0.0007511228138630182,0.0,-0.0019080614009889902,-0.0027874958257746827,0.0007511228138630182,0.0,1.3850032232198828e-14
R,25,19,-0.00645440929200012,-0.0021610660538517947,4.167119023571232,0.9751895421664384,-1.0700162981771077,0.130859375,0.13712038160846962,0.11679980390515682,0.25392018551362483,0.03784645499142539,0.022606474494258736,0.0,-0.00293183342891636,-0.004016864577753337,0.030992244096675208,0.0,1.3850032232198828e-14
R,25,20,0.007162374918152636,-0.008096478964538223,4.316442465738236,0.9561687063597374,0.42848297758922327,0.685546875,0.5540998535846288,-0.11059600732249664,0.4435038462621428,-0.017210341131048343,0.05325196444862622,0.0,-0.004398490852996214,-0.008953844248518018,0.03568986086929427,0.0,1.3850032232198828e-14
R,25,21,-0.025637391783898147,0.0,1.5298803080701702,0.08998492252198026,-2.5238180502263985,0.0,0.0,0.0,0.0,nan,0.0,0.0,0.0,0.0,0.0,0.0,1.3850032232198828e-14
R,25,22,0.015232367037534849,0.00028856082505106847,4.065195210051096,1.5474810783354906,1.5338151050719635,0.865234375,1.5229648470772315,-0.7721590907571929,0.7508057563200374,-0.07695741094352372,-0.004023802414620109,0.0,8.541804863760232e-05,0.0014374238629461986,-0.00773416368253199,0.0,1.3850032232198828e-14
R,25,23,-0.026815288271735675,0.0,2.0313198625947173,0.1733415216752088,-3.263547578779888,0.0,0.0,0.0,0.0,nan,0.0,0.0,0.0,0.0,0.0,0.0,1.3850032232198828e-14
R,25,24,-0.006652703419437172,-0.011365098787513371,4.31970367681391,0.9449200075445661,-0.030616414930107423,0.515625,0.2685067579585011,0.06442341468631536,0.33293017264482216,0.014390708568176671,0.12164120548778987,0.0,-0.008080308905716397,-0.010490952779705083,0.10653604843462976,0.0,1.3850032232198828e-14
R,25,25,0.01578017800531078,0.00012933643755768022,4.366919380442074,1.3176215619035165,2.5867399026367113,0.984375,1.6464404759970104,-1.3792679881204717,0.2671724878765396,-0.12307517715456115,0.003929133337298081,0.0,-0.0002313249724930032,-0.0030853441987662286,0.019189453454517814,0.0,1.3850032232198828e-14
R,25,26,-0.01689691541305736,-0.008040777930179443,3.8489662914266245,0.8854304364659874,-1.5605365969881422,0.06640625,0.21094323998022232,-0.002995008351341831,0.20794823162888143,-0.0008471125742127723,0.023599818351610173,0.0,-0.0035805392967167603,-0.007313453544022236,0.021715328368133377,0.0,1.3850032232198828e-14
R,25,27,-0.027683581135459795,-0.0005641358366119673,3.217050563984761,0.4252047047737392,-2.8329869167789816,0.0,0.003470777192039679,-0.027594913058814452,-0.02412413586677431,-0.07279939666212504,0.000643518569108953,0.0,0.0,0.0,0.0,0.0,1.3850032232198828e-14
R,25,28,-0.02512624722090104,0.0,1.9533487407105279,0.21169921435648398,-2.3619406803585425,0.0,0.0,0.0,0.0,nan,0.0,0.0,0.0,0.0,0.0,0.0,1.3850032232198828e-14
R,25,29,-0.030483048514608934,0.0,3.133276376509231,0.5164968210500512,-4.051555789121361,0.0,0.0,0.0,0.0,nan,0.0,0.0,0.0,0.0,0.0,0.0,1.3850032232198828e-14
R,25,30,0.009569498415138307,0.003124646437587519,4.282177628360538,0.9152657272246775,1.390154525789667,0.935546875,1.2978139596873783,-0.971422843708144,0.3263911159792343,-0.09956516492720272,-0.03476959829991374,0.0,2.6277764177672563e-05,0.0004057387825979489,-0.011531544725017757,0.0,1.3850032232198828e-14
R,25,31,-0.02128224547102166,-0.0037032532619535657,4.195748058505269,1.1337036724283769,-1.6542983122561399,0.046875,0.3286915419661558,-0.10433845749585967,0.2243530844702839,-0.021687562796437857,0.029364586697901242,0.0,0.000481078981799644,0.001168048205727245,-0.005069795208504964,0.0,1.3850032232198828e-14
R,25,32,-0.028544922637036285,-0.0009224689943317674,3.0316641963589173,0.46325610984054233,-2.822957156907342,0.0,0.029196921418264903,0.012132712945809393,0.04132963436407877,0.011710577203226796,0.001216789893990487,0.0,-0.00010239257411443277,-0.00011672141180478852,0.0,0.0,1.3850032232198828e-14
R,25,33,-0.02728241197106325,0.0,2.0611982624003105,0.2184774982959662,-3.143977749441267,0.0,0.0,0.0,0.0,nan,0.0,0.0,0.0,0.0,0.0,0.0,1.3850032232198828e-14
R,25,34,-0.012424961980764702,-4.0396525617101124e-05,4.052380453849135,1.4051183921537058,0.7609635950542957,0.763671875,1.0669703749038404,-0.6134292869078615,0.45354108799598336,-0.07327369939579621,0.03548475066013935,0.0,0.0012283524760677005,0.005183443271056491,-0.0276479250407406,0.0,1.3850032232198828e-14
R,25,35,-0.02659896569173038,0.0013768389198447735,1.876976437674154,0.20835071235822483,-2.176587131044162,0.0,0.33077831109746153,0.01863052905282981,0.3494088401502915,0.00862914682516512,5.163278736271577e-05,0.0,0.0,0.0,0.0,0.0,1.3850032232198828e-14
R,25,36,-0.03183729415798794,-7.833359297958905e-05,3.8293776356746285,0.8404933474040321,-4.2837403656414725,0.0,0.00010633818518560605,-0.004127320409121826,-0.004020982223936542,-0.05225951449206672,4.245412855147182e-05,0.0,2.549210449262541e-07,2.882824984987323e-07,0.0,0.0,1.3850032232198828e-14
R,25,37,-0.023960888129276638,-0.00307823857127339,3.8441366395979935,1.1905148615325676,-2.969970018258251,0.009765625,1.1252835619051318,-0.03449603791004169,1.0907875239950897,-0.004229698557668044,0.02568090092335823,0.0,0.0010182356594557451,0.0030698640346748327,-0.005521406011913026,0.0,1.3850032232198828e-14
R,25,38,-0.021631589909181726,0.0,1.4499948597766412,0.10791709455785244,-2.229720888238037,0.0,0.0,0.0,0.0,nan,0.0,0.0,0.0,0.0,0.0,0.0,1.3850032232198828e-14
R,25,39,-0.033214175066358605,-0.003485779794870296,3.000069953850092,0.547574616523774,-2.7423347669598277,0.0,0.05989891777466853,-0.11608125500837763,-0.056182337233709134,-0.07904806252007408,0.0010409213551571311,0.0,0.0,-0.0034837469221591687,0.0,0.0,1.3850032232198828e-14
R,25,40,0.024383884419449362,0.00043074178264927536,4.5011991574449794,1.4271533772344718,2.9293684113908607,0.982421875,1.668406653256575,-0.6863974099086478,0.9820092433479317,-0.059029139858423105,0.00932786960972602,0.0,0.003459677684838184,0.0015195104050114755,-0.03233773418187889,0.0,1.3850032232198828e-14
R,25,41,-0.017780913863116067,0.0020542214508019953,3.8513144126868872,0.8010962408989707,-1.674684148783406,0.056640625,1.2500581230394374,-0.27264309654038127,0.9774150264990595,-0.03165850713703892,-0.007774754998015958,0.0,-0.0007830357987716395,0.004025704728500923,0.004740618446274115,0.0,1.3850032232198828e-14
R,25,42,0.006458685456724494,0.004898316587894774,4.564147680530477,1.1872374812604798,0.24354819754614063,0.55859375,1.6179858045139368,-0.6244680459382432,0.9935177585756918,-0.053781533703191914,-0.04158905992004353,0.0,-0.00136913698549636,0.004499712547951685,-0.003569413637100796,0.0,1.3850032232198828e-14
R,25,43,-0.03153715073869293,0.0012296527740768301,2.631305516084009,0.5575506596094515,-3.0175985503830187,0.0,0.09143717622056707,0.02846268589709453,0.11989986211766102,0.017885999138040384,-0.0004327740103033821,0.0,0.0,0.0,0.0,0.0,1.3850032232198828e-14
R,25,44,-0.030142229682895753,0.006028505994946696,2.1785744972607803,0.3941048815857921,-2.2262903185340965,0.005859375,2.880100037531055,0.011796115352218209,2.891896152883273,0.0015952649133129909,-0.017911800043192115,0.0,-0.0003898245711901169,-8.102347875156186e-05,9.153306441782495e-05,0.0,1.3850032232198828e-14
R,25,45,-0.029660500606969807,0.009637633653515621,3.5729954466926714,0.5159370643348339,-2.5457144996013747,0.0,1.632569290133648,0.021782646919093318,1.654351937052736,0.00238568105674757,-0.025869971908595055,0.0,4.463814845194622e-08,0.00182884759413689,0.0,0.0,1.3850032232198828e-14
R,25,46,-0.025316099205063402,-0.0004493331897701493,3.821148651667919,1.0049060532912588,-1.8355581507103318,0.078125,0.10319783087646006,0.0002408408353584135,0.10343867171182275,9.810043015016665e-05,3.1622774250959695e-05,0.0,-0.0011547335909120435,-9.204437890507595e-05,0.0036645456516924925,0.0,1.3850032232198828e-14
R,25,47,-0.01076337858407618,0.0005704806644829749,4.102753914072947,0.9066685448239279,-1.3027970397739765,0.1015625,0.1514181223809914,-0.016016593124268078,0.13540152925671833,-0.005016210475119586,0.001645183482873798,0.0,-0.0017512254455364106,-0.00280681985901649,0.012651056140271606,0.0,1.3850032232198828e-14
R,25,48,-0.02493247806347538,-0.0044967210842143494,3.702145998270441,0.8128797024478709,-2.6329436109374034,0.0,0.090265437826634,-0.06515685821651557,0.02510857961012114,-0.029289762568996534,0.011081978867079824,0.0,0.00010031653973597639,-0.0004787258631226072,0.0,0.0,1.3850032232198828e-14
R,25,49,-0.028749579175429082,0.0,2.2657391800981985,0.302074929140801,-2.9003720970085225,0.0,0.0,0.0,0.0,nan,0.0,0.0,0.0,0.0,0.0,0.0,1.3850032232198828e-14
R,25,50,-0.020804003033325507,0.0,1.2020013193969856,0.10161954510197088,-2.0000183286677538,0.0,0.0,0.0,0.0,nan,0.0,0.0,0.0,0.0,0.0,0.0,1.3850032232198828e-14
R,25,51,-0.031068480325896472,0.0,3.0920624292830823,0.37252957599272923,-3.111122979695893,0.0,0.0,0.0,0.0,nan,0.0,0.0,0.0,0.0,0.0,0.0,1.3850032232198828e-14
R,25,52,0.021647442256018657,-0.0014820094116769255,4.353335433552922,0.968163342203849,1.5563268978895004,0.953125,1.6973374777862573,-1.2042242403232302,0.49311323746302804,-0.10616250005025032,0.003011785677326814,0.0,-0.004010776078460793,-0.005521628560036708,0.0241587228888684,0.0,1.3850032232198828e-14
R,25,53,-0.01097290425052831,0.0,0.6390589426089605,0.029197543057610128,-1.01850767184844,0.0,0.0,0.0,0.0,nan,0.0,0.0,0.0,0.0,0.0,0.0,1.3850032232198828e-14
R,25,54,0.01782970996846787,0.00548816393974244,4.310683961077555,0.791391987587848,1.536585119777587,0.91015625,1.1840268002669756,-0.6726820117093535,0.5113447885576221,-0.07170556607907451,-0.046145188458135575,0.0,-0.0007368641036752095,0.007186640254948709,0.012201259901580701,0.0,1.3850032232198828e-14
R,25,55,0.024529912316916588,-0.007059521142226155,4.311784636293707,1.8780284788163613,3.166506096533463,0.9921875,1.361232384412375,-1.2075100472266636,0.15372233718571593,-0.12001556122378212,0.05659508286795941,0.0,-0.005027930653285489,-0.0035304242822033383,0.03847422180030536,0.0,1.3850032232198828e-14
R,25,56,0.002957571644902619,0.0021865078462575847,4.166622129657915,0.8930982822438757,-0.1502187754648971,0.443359375,1.1325996366555557,-0.6378033485679473,0.4947962880876169,-0.07191748215198322,-0.02862239018426853,0.0,-0.0025748627678917634,-0.0014176114384507844,0.02120022556154401,0.0,1.3850032232198828e-14
R,25,57,0.04149106705224359,-0.00163175960896835,4.504947384718143,1.5895483771821133,3.4281104569926715,0.923828125,1.6858364334329556,-0.846030361744226,0.8398060716887166,-0.07232001584311236,0.017899158606989977,0.0,-0.00434434835919166,-0.0017858473695422609,0.05980849770085169,0.0,1.3850032232198828e-14
R,25,58,-0.015619453659791343,-0.0017044944426966046,3.6563406143537494,0.7356676808115684,-1.5926742437126598,0.046875,2.959483880237512,-0.9537015257514065,2.0057823544860955,-0.07581023550418499,-0.013949747186757979,0.0,0.00032976796241460495,0.004709541537708063,-0.0020188237052428328,0.0,1.3850032232198828e-14
R,25,59,0.006831757564492475,-0.002178074181552356,4.096242211782752,1.0692667159050078,1.8198547328197545,0.96484375,1.671996565422876,-0.5417864421018431,1.1302101233210422,-0.05114401491046061,0.02293223260978216,0.0,-0.0023161848021675028,0.001872950804923046,0.03655316936403698,0.0,1.3850032232198828e-14
R,25,60,-0.026545467332912916,0.0,1.6572028389964406,0.15850727264715758,-2.466612894738286,0.001953125,0.0,0.0,0.0,nan,0.0,0.0,0.0,0.0,0.0,0.0,1.3850032232198828e-14
R,25,61,-0.03836329070347755,0.0,3.1299145114574456,0.7328564714662342,-3.732626540265269,0.0,0.0,0.0,0.0,nan,0.0,0.0,0.0,0.0,0.0,0.0,1.3850032232198828e-14
R,25,62,-0.03227633025484725,-0.002503440274307074,3.3856919206359866,0.8621278668115566,-2.9271299306264,0.0,0.04563290488847103,-0.03163940128852631,0.013993503599943224,-0.02187317189706505,0.0015813655380940087,0.0,0.0,-0.002505295831501917,0.0,0.0,1.3850032232198828e-14
R,25,63,-0.025376949259967956,-0.005509002340046693,3.581822299905877,0.916492714740291,-1.9327479522594788,0.03125,0.08479336277534591,-0.10611256775019717,-0.021319204974858508,-0.05086884333733341,0.015310805169697135,0.0,-0.00034775620025932443,-0.0011035714815079705,0.0044756526342954765,0.0,1.3850032232198828e-14
R,25,64,-0.02202299947804226,0.005797277669931393,3.739804306780761,1.8638975551626291,-1.6662259071751098,0.103515625,1.181722479935658,-0.4728642990546168,0.7088581808810375,-0.0581567200003422,-0.016452699666698427,0.0,-0.004089280597085866,-0.0009647431166573654,0.017596071819321185,0.0,1.3850032232198828e-14
R,25,65,-0.025200759757428054,0.0,1.9992142744675776,0.40077131186306,-2.5086619428950305,0.0,0.0,0.0,0.0,nan,0.0,0.0,0.0,0.0,0.0,0.0,1.3850032232198828e-14
R,25,66,-0.0177094723755489,0.0008714201400964938,3.6395374672154466,0.7779780914639184,-2.7229328859192234,0.00390625,0.022851213131455248,0.021112566293356474,0.04396377942481067,0.019187138282153664,-0.0037463279025889973,0.0,-0.000197667611524705,-0.00022533249960231063,0.0,0.0,1.3850032232198828e-14
R,25,67,-0.02372440636682137,-0.001791414163804172,4.081702150810511,1.1478498527381231,-2.9490400224909252,0.0,0.026112219882325437,-0.04279348093244107,-0.016681261050116802,-0.032440266366730995,0.005218559958072522,0.0,0.00017881656540153854,-0.00013624483769063408,0.0,0.0,1.3850032232198828e-14
R,25,68,-0.028770783071547845,0.0,1.7281054923349664,0.19239374859718228,-3.1385382549466714,0.0,0.0,0.0,0.0,nan,0.0,0.0,0.0,0.0,0.0,0.0,1.3850032232198828e-14
R,25,69,-0.029982460697593125,0.0042936161184004605,2.9806451261246374,0.6592297858423345,-3.0505319519252216,0.0,2.9301772247359335,-0.1329251530704401,2.7972520716654987,-0.013026266438706368,-0.00869907042359167,0.0,0.0,0.0034361572457151965,0.0,0.0,1.3850032232198828e-14
R,25,70,-0.030297535465764462,-0.002287130709050314,2.3916523338079845,0.48689887962313455,-2.6376883768407704,0.0,0.04699804616257909,-0.09184176471823982,-0.04484371855566405,-0.08856706940789459,0.00042950742887917705,0.0,0.0,-0.0022398932489443965,0.0,0.0,1.3850032232198828e-14
R,25,71,0.025118479321667556,-0.0001533994812475875,4.225956181049559,1.07518352868058,1.8821313930368415,0.935546875,1.1837355950271329,-0.8262898858013785,0.3574457092257539,-0.0898566240755243,-0.008507716304653827,0.0,-0.003848572961589748,0.00024402466462969673,0.03268680346602526,0.0,1.3850032232198828e-14
R,25,72,-0.029765046020837852,0.0,1.9361252752798923,0.20497816725994877,-3.120155735340949,0.0,0.0,0.0,0.0,nan,0.0,0.0,0.0,0.0,0.0,0.0,1.3850032232198828e-14
R,25,73,-0.013448848298375131,-0.006206490093546214,4.0244302485219166,0.7136323018155056,-1.4598140196554787,0.078125,0.12652254496085744,-0.15295590805796938,-0.026433363097098095,-0.053425414077845526,0.033617020476139244,0.0,-0.0013289922322024833,-0.0028447822405167013,0.008812873838229209,0.0,1.3850032232198828e-14
R,25,74,-0.01841375235191514,0.0052029126346329856,3.706388645307102,0.47200211213631754,-2.0166268098866738,0.005859375,2.1877964663886504,-0.016997873463113544,2.1707985929255393,-0.001550280131976257,-0.021954015044781255,0.0,0.0011261926152210618,0.005995876120532186,-0.0020752088942533765,0.0,1.3850032232198828e-14
R,25,75,-0.026307467662207977,0.0,1.9219439901162017,0.14560077118307108,-3.070438057165032,0.0,0.0,0.0,0.0,nan,0.0,0.0,0.0,0.0,0.0,0.0,1.3850032232198828e-14
R,25,76,-0.0240099013067915,0.005601504730312084,2.236770713171863,0.23128224915445036,-2.198143092582621,0.0,2.921346624136783,0.3410306943222068,3.2623773184589924,0.044601602293607844,0.005353112505447908,0.0,0.0,0.004211239265454682,0.0,0.0,1.3850032232198828e-14
R,25,77,-0.013152477513841052,-0.011282365519955605,3.887191314999901,0.7264809753299732,-0.1977239046247777,0.40625,0.23498471614140937,-0.1719488377881997,0.063035878353217,-0.045626118640903025,0.0452546931871907,0.0,-0.008314856597503329,-0.011112185113262866,0.041799436204727626,0.0,1.3850032232198828e-14
R,25,78,-0.03209561252348364,-0.0013512259767167602,3.672767008252582,0.7224496163094881,-3.4586782757468884,0.0,0.018475660723621976,-0.019352145076694367,-0.0008764843530766342,-0.019382319471901815,0.0023283029226208863,0.0,0.0,0.00013776880431188532,0.0,0.0,1.3850032232198828e-14
R,25,79,-0.037788831484453556,0.0,3.3693994373691165,0.598129594412762,-4.496607351863549,0.0,0.0,0.0,0.0,nan,0.0,0.0,0.0,0.0,0.0,0.0,1.3850032232198828e-14
R,25,80,-0.033720404743300084,0.004402356343884343,3.8746841955594227,1.161596400838962,-2.810908545132789,0.03515625,2.1358138457982165,-0.4254474464389698,1.7103663993592466,-0.03756625616005635,-0.02341184059858557,0.0,0.0017296347439845032,0.00865760574501741,-0.004034912499981913,0.0,1.3850032232198828e-14
R,25,81,-0.03310370950425657,-0.0032284560533744166,3.9625405115676764,0.8083731686270521,-2.584415601170653,0.01171875,0.06543798350553416,-0.08861241724189405,-0.02317443373635797,-0.04370950807751092,0.00886448582060179,0.0,-8.353960361184402e-05,-0.0028481333622262274,-0.00019117526850801988,0.0,1.3850032232198828e-14
R,25,82,-0.009222716908935785,-0.002105618328270642,4.092454619092939,1.2574437512267556,-1.5415026091257618,0.1015625,0.05229691781651953,-0.11952449477952462,-0.06722757696300974,-0.0638564839368685,0.020095144540013824,0.0,-0.0017642639317533132,-0.0026485871500825657,0.020426457226234783,0.0,1.3850032232198828e-14
R,25,83,-0.012611758112092392,0.0,0.6790761684980138,0.025719927834675988,-1.3470229493514752,0.0,0.0,0.0,0.0,nan,0.0,0.0,0.0,0.0,0.0,0.0,1.3850032232198828e-14
R,25,84,0.020426511101708903,0.004785370563760283,4.112749041267806,0.8575284196034046,2.320789273877707,0.98828125,1.8026805634484937,-0.990093007679256,0.8125875557692304,-0.08965084758398961,-0.0434161577164448,0.0,-0.0010247283414326707,0.003724320440132758,0.003244765107244713,0.0,1.3850032232198828e-14
R,25,85,0.0012701453168825092,-0.013483326257282503,4.020201984407018,1.205501719016151,0.463222320190054,0.640625,0.30316896941570604,-0.07525247108594202,0.22791649832977257,-0.0169981055849743,0.07714238599497897,0.0,-0.009342379765721673,-0.012704538750879187,0.07369804204333241,0.0,1.3850032232198828e-14
R,25,86,-0.03422491567489858,0.0,2.65018062218216,0.3926041464162995,-3.453388727179787,0.0,0.0,0.0,0.0,nan,0.0,0.0,0.0,0.0,0.0,0.0,1.3850032232198828e-14
R,25,87,-0.024650977458071682,-0.0013100060649293822,2.586450813578892,0.4145288640043069,-1.9863007598726379,0.00390625,0.8758020613985341,-0.1275803248204404,0.7482217365780937,-0.026353997625446823,0.009139836258015304,0.0,-0.0012679003867672187,-0.0031776459369694393,0.0011143094821627953,0.0,1.3850032232198828e-14
R,25,88,-0.021305559425270206,-0.002343948707295232,3.771964057706884,0.5887964109025935,-2.2215825271663583,0.0,0.832673660749129,-0.10843670957008206,0.7242369511790425,-0.01575220574806359,0.030169032233229347,0.0,0.002167013637369323,0.007141403629034636,-0.012561742609406002,0.0,1.3850032232198828e-14
R,25,89,-0.026118884539532792,0.003208003508396877,3.929484159648106,0.9440389750242139,-1.6118370934819284,0.072265625,2.614437981389932,-1.4502412698460603,1.1641967115438696,-0.1141262506164618,-0.00617097386207966,0.0,0.0025114413605924523,0.010719654608989484,-0.0037581723831005514,0.0,1.3850032232198828e-14
R,25,90,-0.028211315701123476,-0.0011868724707209354,3.722625216477361,1.3429399467660224,-3.23609344684042,0.0,0.06737774306165964,-0.061708977180801795,0.005668765880857407,-0.03193087413304594,0.0040931086318647045,0.0,3.8297656253550437e-07,0.001158424157865182,0.0,0.0,1.3850032232198828e-14
R,25,91,-0.02333574620952648,0.014162125366687072,3.9066989869407327,0.8136121058527365,-1.85851858414751,0.033203125,1.9990621860020394,-0.137246080861103,1.861816105140937,-0.012423582665970864,-0.056405500556448364,0.0,0.0032036134403936054,0.008148750529522769,-0.010739273633834685,0.0,1.3850032232198828e-14
R,25,92,0.03794626265536401,-8.409204322767543e-05,4.080019825407325,0.5771074124710195,3.9198812577405793,1.0,1.4300365168523559,-0.5916234178005004,0.8384130990518592,-0.06062887687452174,0.013173563387518907,0.0,0.000648244754988902,0.0007179573405702108,-0.0008490789630038577,0.0,1.3850032232198828e-14
R,25,93,-0.02793364535875521,-0.003134828032578263,3.483155050666896,0.4482144799637578,-2.092489513476303,0.005859375,0.05289707798313571,-0.05217549427588445,0.0007215837072482856,-0.032564763452159695,0.0024970707003299022,0.0,-0.0018298311343289465,-0.0031345359432690414,0.0024970707003299022,0.0,1.3850032232198828e-14
R,25,94,-0.027372558516271874,-0.0008666708527062858,4.198758668775885,0.7440093120823872,-3.365221475401428,0.0,0.0077494534931874665,-0.014435532979439803,-0.00668607948626132,-0.019527487836209348,0.002268604125122067,0.0,-9.91867082167137e-05,-0.0001387770876460439,0.000281491701728455,0.0,1.3850032232198828e-14
R,25,95,0.005037644245402014,0.0059897771129912136,4.238162125099102,1.029637419386504,-0.24889447801362227,0.42578125,1.3922969750662406,-0.4615104630367661,0.9307865120294672,-0.04614323620303924,-0.05697480543770806,0.0,0.0004733149739970068,0.004381895029493942,0.005394751559186655,0.0,1.3850032232198828e-14
R,25,96,-0.020847728133034885,-0.002737349922909393,3.662366401539511,1.2995556443251524,-3.320962510979582,0.001953125,0.04844231409724879,-0.027552547713540168,0.020889766383703545,-0.01709060889063934,0.00726238349261757,0.0,-0.00040717527881683135,0.0011072424606249933,0.0011875416162884006,0.0,1.3850032232198828e-14
R,25,97,-0.01908492844130687,0.0066819548849206545,3.9529408320643684,0.8323827842692995,-2.398593611659633,0.01953125,1.2463258010097136,-0.383944258683822,0.8623815423258971,-0.043501283943705796,-0.029298443300555737,0.0,0.0011974216041770497,0.00487303781167667,-0.01024726869654497,0.0,1.3850032232198828e-14
R,25,98,0.03588035255633054,-0.007503629568826881,4.541274226095375,1.3351445058839124,4.209751954099611,0.982421875,1.8819707611920284,-1.5392255028267523,0.3427452583652624,-0.12353445146261152,0.07408096573354675,0.0,-0.00563162814208282,-0.0038526718960142444,0.07242444721226411,0.0,1.3850032232198828e-14
R,25,99,-0.02180395539906441,6.582904149711664e-05,3.4808260825307844,0.6569618559988221,-3.060825918344518,0.001953125,9.220695981290916e-05,0.0007058483504176705,0.0007980553102271415,0.010558864881533845,-2.0908565995868206e-05,0.0,2.5464207728687982e-05,2.9022413084986723e-05,0.0,0.0,1.3850032232198828e-14
R,96,0,-0.034406900276995396,-0.008056158359309206,6.686091572961016,3.3717129191907795,-2.3314627522173956,0.072265625,0.1550190531434366,-0.4623412035377973,-0.3073221503943415,-0.08781480538349555,0.019279549124106083,0.0,-0.00459340352213354,-0.008155736780801297,0.012143188510856728,0.0,4.810041254188491e-14
R,96,1,-0.049336192300109605,-0.0029224012203819564,6.847380218143273,3.186819768963324,-5.641897398658301,0.001953125,0.0284340410348547,-0.04649131886892288,-0.01805727783408173,-0.020132519760352702,0.005448508069795586,0.0,-2.4355154446497256e-09,-0.002055515328395683,0.0,0.0,4.810041254188491e-14
R,96,2,-0.0386367941033332,0.012030707628405123,4.9274584140529285,1.1278797228612567,-4.059727673542,0.005859375,1.8027987976560051,-0.2399174679998552,1.5628813296561574,-0.018131564371797044,-0.0043585442124688505,0.0,-0.0002960250996545014,0.002247359690026853,0.00019784108917033556,0.0,4.810041254188491e-14
R,96,3,-0.022587516882655406,-0.007843576437710224,7.182340602436356,3.7170306722756727,-3.291401542177593,0.08984375,0.22376355172261883,-0.02827930466533025,0.19548424705729417,-0.00416176986526744,0.040013655828071884,0.0,-0.0020447513490246504,-0.004780109004393442,0.02214886192038315,0.0,4.810041254188491e-14
R,96,4,-0.03259249180585784,-0.0017869959164254047,7.281271390671074,4.3272670315597646,-2.095321562167187,0.126953125,0.3248198007921658,-0.26122886157530867,0.06359093921687275,-0.031474779458903465,0.010226902786576923,0.0,-0.002350674792180552,-0.0064466180367385205,0.020845611862405418,0.0,4.810041254188491e-14
R,96,5,-0.032424161035068004,-0.004396148324535807,6.246745599645246,2.192740081617543,-3.4428788592777892,0.029296875,0.24767245269681737,-0.0757947231476909,0.17187772954912361,-0.012190353602249644,0.011105508752888503,0.0,0.00011744256955019102,-0.003985434289739825,0.007657519032460513,0.0,4.810041254188491e-14
R,96,6,-0.06392854760550257,-0.00011187870345287579,7.156749138599368,6.854963827284369,-8.26853264555802,0.001953125,0.1581614368907049,0.0026228982218989005,0.16078433511262347,0.000460771222837092,0.0007231490319405908,0.0,-6.60759557219108e-07,0.0014697372475615225,0.0,0.0,4.810041254188491e-14
R,96,7,0.03626275992309627,0.003076654359899422,7.479678781853362,3.4717813502973423,2.0518415251233186,0.85546875,2.269651593050495,-2.7464865857929466,-0.47683499274242536,-0.12186666928552885,-0.02699313232284075,0.0,-0.00148136721928699,-0.002336518500985166,0.011577732342854873,0.0,4.810041254188491e-14
R,96,8,-0.0468750945854815,-0.002593227691138554,6.530604904038602,3.240749554376443,-4.2294284735851395,0.037109375,0.28382677865905837,-0.40280606151494547,-0.11897928285588222,-0.05788764841227711,0.006776782548262368,0.0,-0.001963063727200687,-0.0011279826689949873,0.0026239906670210535,0.0,4.810041254188491e-14
R,96,9,-0.051552276832288566,0.0,4.307205280387448,1.5459691576900623,-6.098895963435643,0.0,0.0,0.0,0.0,nan,0.0,0.0,0.0,0.0,0.0,0.0,4.810041254188491e-14
R,96,10,-0.012387765647779778,0.0014825550724708624,6.788069338857077,3.8792266900998413,-2.029736911524008,0.189453125,2.9035346202725183,-1.824723300828631,1.0788113194438722,-0.07887824657621428,0.007411671720887191,0.0,0.006103358978773996,0.004580416039052394,-0.018637694234481368,0.0,4.810041254188491e-14
R,96,11,-0.00017229287839988817,0.0018429194642521868,7.033301191212458,2.794493860558111,-0.7727090092240712,0.30078125,1.5208950578936853,-1.5353244738284444,-0.014429415934770873,-0.0885036816024495,-0.026992144837709092,0.0,-0.0028404549013096264,0.002826752851934561,0.022368801350378942,0.0,4.810041254188491e-14
R,96,12,-0.038617989620118406,-0.005682187142935749,7.142032273312484,4.203568068186202,-1.0852745665610224,0.33203125,2.403364130516091,-1.7263640041204185,0.6770001263957042,-0.0779598115249363,0.03649331130041351,0.0,-0.0006223749862922943,-0.0028089893148346,-0.005437055470810897,0.0,4.810041254188491e-14
R,96,13,-0.01217482497702349,0.0,0.6439484570367167,0.01828241607099429,-1.1913232676091767,0.0,0.0,0.0,0.0,nan,0.0,0.0,0.0,0.0,0.0,0.0,4.810041254188491e-14
R,96,14,-0.04410349063979009,0.0,6.089485163011004,2.1823458455315317,-6.790744519507928,0.0,0.0,0.0,0.0,nan,0.0,0.0,0.0,0.0,0.0,0.0,4.810041254188491e-14
R,96,15,-0.015685971079594182,0.0,0.8622441507448655,0.056092848196799654,-1.4660747095437432,0.0,0.0,0.0,0.0,nan,0.0,0.0,0.0,0.0,0.0,0.0,4.810041254188491e-14
R,96,16,-0.06962357182946645,-0.0024230189758652283,6.04146591355801,2.1156445913651125,-6.19794313144192,0.0,0.13934617173618627,-0.009513429303445384,0.12983274243273257,-0.002109197505863563,0.0017463411230951363,0.0,0.0,0.0,0.0,0.0,4.810041254188491e-14
R,96,17,-0.033191174738077485,-0.00866632600774414,6.540689177219463,2.9982480737156836,-2.626652705227035,0.052734375,0.20142480970904847,-0.1268968489707461,0.07452796073833667,-0.021614283825886746,0.016943812785475076,0.0,-0.0038395562363506062,-0.005698609408623223,0.009101243916454449,0.0,4.810041254188491e-14
R,96,18,-0.03159735116562898,0.0,1.852068432648664,0.19910854884206522,-3.6601100316149586,0.0,0.0,0.0,0.0,nan,0.0,0.0,0.0,0.0,0.0,0.0,4.810041254188491e-14
R,96,19,-0.04576313354218841,0.0025531174362269523,7.0479426157299905,2.5569686224376422,-5.467267534852447,0.001953125,0.04333414436343417,0.18715897829892364,0.2304931226623097,0.06378274380044067,-0.002036796918549025,0.0,0.0013049124921294885,0.000961856767055591,0.0,0.0,4.810041254188491e-14
R,96,20,-0.038593187416905976,-0.004232943711151761,7.576601222592641,4.349010866390309,-2.499325638642839,0.169921875,0.8874832114660854,-0.1301826878791568,0.7573005235869132,-0.009119451871153747,-0.0004531909618124229,0.0,-0.0014422271442062805,-0.00827658657547601,0.004355832826232874,0.0,4.810041254188491e-14
R,96,21,-0.028490767590037835,0.0,1.520751903361907,0.15533169711656614,-2.8599126186724257,0.0,0.0,0.0,0.0,nan,0.0,0.0,0.0,0.0,0.0,0.0,4.810041254188491e-14
R,96,22,-0.07684077962334859,0.0,6.109685463213494,2.8985212273991516,-8.459392750877186,0.0,0.0,0.0,0.0,nan,0.0,0.0,0.0,0.0,0.0,0.0,4.810041254188491e-14
R,96,23,-0.03535122321354071,0.0,2.310979182889151,0.46288780002934476,-3.5795758979611567,0.0,0.0,0.0,0.0,nan,0.0,0.0,0.0,0.0,0.0,0.0,4.810041254188491e-14
R,96,24,-0.029225360915340705,-0.005883213352383465,6.920573026183995,2.6227113261028534,-2.558113058891266,0.0625,0.15427350765782966,-0.17983568594595062,-0.025562178288133452,-0.033079439894177776,0.0231399504817316,0.0,7.274420753748505e-06,-0.003241972097848886,0.009236325476275575,0.0,4.810041254188491e-14
R,96,25,0.0732232053774633,0.00534354376039267,7.537339737099085,3.414429266152096,6.393426239452643,1.0,1.9812272321937772,-1.874241777308297,0.10698545488547495,-0.08833043782155092,-0.053494045560719995,0.0,-0.004777896488047525,-0.0009306885576548594,0.030559564371962788,0.0,4.810041254188491e-14
R,96,26,-0.02130194978035062,-0.01116275291867297,6.958909165517143,2.0025874121121574,-1.3121410217772105,0.220703125,0.29050437306756416,-0.6287923740848216,-0.3382880010172613,-0.08382233709289548,0.051109866869162586,0.0,-0.004265849397709143,-0.005775961383232225,0.028755815754642224,0.0,4.810041254188491e-14
R,96,27,-0.05703624049160031,0.0,6.856540230722937,2.6591984341062664,-8.144331576237125,0.0,0.0,0.0,0.0,nan,0.0,0.0,0.0,0.0,0.0,0.0,4.810041254188491e-14
R,96,28,-0.00809269867375183,0.010568620820572971,4.316733052595719,1.0965287365851646,-0.8480274655935438,0.216796875,4.52746235480509,-1.8663460115010377,2.6611163433040517,-0.10159668806932498,-0.09973123052654698,0.0,0.00390533297375404,0.004978674371437705,-0.023159774637022915,0.0,4.810041254188491e-14
R,96,29,-0.02749962612105431,-0.008892114313701826,6.952115848399369,4.290912954850526,-1.9753821315620417,0.181640625,0.34544346846818846,-0.3892976818710332,-0.04385421340285234,-0.047637211181268145,0.029870266866974866,0.0,-0.005164928450837151,-0.010162102408666756,0.02753171616281404,0.0,4.810041254188491e-14
R,96,30,-0.07193554156728336,-0.0016609925710790961,6.285115629275995,2.4083476451015127,-7.268155993339894,0.0,0.03739304892347458,-0.00429601132034961,0.03309703760311322,-0.0017673668736671946,0.00010472671563264283,0.0,0.0,0.0,0.0,0.0,4.810041254188491e-14
R,96,31,-0.012142924347486138,0.010579955391704608,7.030554459074984,2.885840670027547,-0.6861717532527339,0.322265625,4.314392020417811,-3.1709847109577995,1.1434073094600166,-0.10857123393856483,-0.06232972303373682,0.0,-0.0012971744721170938,0.0008645198894908166,-0.010671179462682936,0.0,4.810041254188491e-14
R,96,32,-0.01925614832762964,0.010937754312774873,6.149718719686938,2.532807268339672,-1.9066771610865838,0.12890625,2.835077282276687,-1.6855128743496883,1.149564407926995,-0.08138874940925604,-0.1146009533260986,0.0,0.0023263097946069964,0.006336865379051566,-0.0239072717067384,0.0,4.810041254188491e-14
R,96,33,-0.035400726466684074,0.0,2.1382121562321426,0.35566258458150085,-4.461488318884449,0.0,0.0,0.0,0.0,nan,0.0,0.0,0.0,0.0,0.0,0.0,4.810041254188491e-14
R,96,34,-0.03543958155767875,-0.009232721551328805,6.787088431160403,2.5540819600443694,-1.9048135951507374,0.119140625,0.398041164114447,-0.4525815944999995,-0.05454043038552925,-0.052846884691507126,0.027827882442688467,0.0,-0.005277121545615807,-0.008211706925085679,0.021874457176707284,0.0,4.810041254188491e-14
R,96,35,-0.01661257342968792,-0.018342149849627513,6.954816265312053,2.32436349154151,-0.46816198248333396,0.423828125,0.6026299923216585,-0.8924663496623387,-0.2898363573406755,-0.08265151567186561,0.1132392103224258,0.0,-0.009328400752342623,-0.014047094290671407,0.060886358426378996,0.0,4.810041254188491e-14
R,96,36,-0.03185961344499855,-0.003613752028175034,6.771134617510728,2.2538034947249144,-3.971047517178282,0.015625,0.035949459255731286,-0.18453278748985713,-0.14858332823412468,-0.07186805925470824,0.0068287448214366855,0.0,-0.0013440516033407055,-0.0019822804597981513,0.003501586861860184,0.0,4.810041254188491e-14
R,96,37,-0.0369753925552148,-0.0021518694936034652,7.207976351810063,4.4436404342278255,-4.354634388260094,0.064453125,0.43312709313611736,-0.058164463930457724,0.3749626292056476,-0.006130652579913244,0.009201710456574244,0.0,0.001092186779780085,-0.001968157649617769,-0.0034101563484754066,0.0,4.810041254188491e-14
R,96,38,-0.04054898446345909,-0.0025834871974958727,5.6213732929939555,1.5921234645881666,-4.411817497491011,0.001953125,0.04957167193941339,-0.07452904538137944,-0.02495737344196769,-0.02977394305352283,0.0033354781355534376,0.0,0.0004786352243840787,-0.0006172446963838799,0.0,0.0,4.810041254188491e-14
R,96,39,-0.02147609394854285,-5.9830008755243046e-05,6.2495914748605,2.070872903286122,-0.2567253058104991,0.421875,1.6540433819084894,-0.8728416941074774,0.7812016878010297,-0.054297572107761066,0.0019522593914124405,0.0,-0.0004644338756146937,-0.001929708712887821,-0.0045731888620839335,0.0,4.810041254188491e-14
R,96,40,-0.00988473187825715,-0.012159238758687633,7.579622091928723,3.532663391557851,-0.10619671582702331,0.48828125,0.39855749653807165,-0.5864159581791895,-0.18785846164108477,-0.06127491825626834,0.07151111498887569,0.0,-0.00795862125385017,-0.012216816350218688,0.06918053660170904,0.0,4.810041254188491e-14
R,96,41,-0.03817659449227254,0.009542320891972733,6.386634117756882,2.488350322935379,-2.822707327054175,0.0625,1.6586460239002396,-0.7279164244908384,0.9307295994094247,-0.044248915443368786,-0.014265071018947471,0.0,0.00246333373886918,0.002563917118986495,-0.005551135078755421,0.0,4.810041254188491e-14
R,96,42,-0.0211827754910515,-0.009809559866268075,7.550408761421836,3.470687402498726,-2.043550886170911,0.177734375,0.2909696530267036,0.016341545524077544,0.3073111985507637,0.0020061750290998027,0.03511929717651597,0.0,-0.003922192308928802,-0.006635505580598705,0.0160659031237186,0.0,4.810041254188491e-14
R,96,43,-0.03148906059386161,0.0014653151537254874,6.202572749524083,2.2271805403781486,-5.528226856052866,0.0,0.009268414159849348,0.09263961054980262,0.10190802470967952,0.07756970542299806,-0.0004215024607665302,0.0,0.0008713474407511743,0.0009933012195836696,0.0,0.0,4.810041254188491e-14
R,96,44,-0.04005052509990269,-0.008756105554107763,6.549559838283032,2.892269787460955,-3.4402595648946823,0.029296875,0.18157008192975957,-0.406748655983035,-0.2251785740532739,-0.07287219846108697,0.016660157346830348,0.0,-0.0024768880018144752,-0.005311333279418508,0.00869971964260553,0.0,4.810041254188491e-14
R,96,45,-0.052019163653897395,-0.0012771467064544154,6.525324496263524,1.9544678509055728,-4.156036182502833,0.0078125,0.0935467114663917,-0.012722353943660156,0.08082435752274364,-0.003187286491800096,0.003336570716428949,0.0,-0.0004889381385621572,-0.0015482827931584922,0.003254407844512217,0.0,4.810041254188491e-14
R,96,46,-0.030571210251226298,0.0056439136493207425,6.704626118417712,2.3135126566720183,-3.563611069145561,0.01171875,0.6008514150708677,-0.185850612435645,0.41500080263521255,-0.0178803449163988,-0.015964252932374585,0.0,0.002258350314781526,0.0007807699765885912,-0.0055181573576984005,0.0,4.810041254188491e-14
R,96,47,-0.03666070217573457,-0.002849602539253266,7.207611253070659,3.037666021500426,-2.5367181679607294,0.076171875,1.1599695521253826,-1.046487692847983,0.11348185927741383,-0.06740459134932678,0.023672612575794477,0.0,0.0018027291567259641,0.002191573907000521,0.0024057116789004216,0.0,4.810041254188491e-14
R,96,48,-0.04067217940706653,-0.0044740370581816315,6.764217452282244,3.597875798863307,-5.639225662530595,0.00390625,0.08653105562244012,-0.04258161731742732,0.04394943830501319,-0.010700118698143291,0.008586384530486747,0.0,-0.000630959947204469,-0.0033421789546769195,0.0013488440455905223,0.0,4.810041254188491e-14
R,96,49,-0.02463681076365827,0.0043839786692619915,6.734920215780573,3.1397815985576596,-3.4788450000380378,0.03125,2.460420362857513,-2.13720883011361,0.323211532743926,-0.10115325269920966,-0.03345911459518456,0.0,-0.0008703853833436851,0.00844135356207832,-0.00563817574415721,0.0,4.810041254188491e-14
R,96,50,-0.020804003033325507,0.0,1.2020013193969856,0.10590920305929216,-2.4924855805513437,0.0,0.0,0.0,0.0,nan,0.0,0.0,0.0,0.0,0.0,0.0,4.810041254188491e-14
R,96,51,-0.026291406641594593,-0.012082433448545175,7.603481954005318,4.572999655917386,-0.900586231307042,0.349609375,0.5506867308658899,-0.43856904629065074,0.11211768457523874,-0.038863611423474054,0.08061015672904856,0.0,-0.008620895240654841,-0.011418193423512036,0.0757926563962528,0.0,4.810041254188491e-14
R,96,52,0.08652958957946441,-0.0012293869961523514,7.258903250100852,3.913312536344828,9.794881470994504,1.0,2.417187200784686,-1.3906972967568592,1.0264899040278195,-0.06161358284481944,-0.0068176519049034795,0.0,-0.011322725764237438,-0.001544435588287768,0.07617174323407512,0.0,4.810041254188491e-14
R,96,53,-0.026362443281253926,0.0,1.8115199229505918,0.30739108993578257,-2.7122537176769494,0.0,0.0,0.0,0.0,nan,0.0,0.0,0.0,0.0,0.0,0.0,4.810041254188491e-14
R,96,54,-0.06488650720693469,0.0,6.783237326350986,2.751122048235288,-7.030739186811665,0.0,0.0,0.0,0.0,nan,0.0,0.0,0.0,0.0,0.0,0.0,4.810041254188491e-14
R,96,55,-0.05378487564051711,-0.004178061699256398,7.310151198302898,4.0148756420669365,-5.359270028204703,0.00390625,0.19357648653041432,-0.10100571654355259,0.09257076998687097,-0.015702300958852465,0.0031033876650850925,0.0,-0.0019897585981216623,-0.006903516800738708,0.0013387384739033967,0.0,4.810041254188491e-14
R,96,56,-0.03875567171142356,0.004165850083674225,7.251141276962847,2.888501893168253,-3.332085375233083,0.037109375,0.8453751111016693,-0.014727283513123635,0.8306478275885496,-0.0011044894103373114,-0.025963473186353857,0.0,0.0015790151186110405,0.0030809190596263938,-0.012300538408615981,0.0,4.810041254188491e-14
R,96,57,0.05239022849670563,0.002898230145110945,7.699544594034255,3.5937410519218433,7.113784430093632,1.0,3.5783991944928344,-1.4830868639817514,2.0953123305110637,-0.05091282087921712,-0.026815859542419454,0.0,0.004741909476335272,0.0014908749041974163,-0.028391331543369914,0.0,4.810041254188491e-14
R,96,58,-0.04032134406559041,0.002344123716191416,6.8922623668024885,3.6419438679994585,-5.021973214717315,0.005859375,0.9814418575145138,-0.1429583834275518,0.8384834740869636,-0.01046852617833993,-0.009080929161572056,0.0,-8.860729554280807e-05,-0.0010058705625035174,0.0010423149762493207,0.0,4.810041254188491e-14
R,96,59,0.005994287160955518,-0.001974299697974629,7.368965636041665,3.645759664604613,1.1229688029429765,0.6953125,2.1084743535260078,-1.1163031245975357,0.9921712289284699,-0.05216286684798252,0.008652015706096219,0.0,0.000701323112735383,-0.006284551252626756,-0.011210466001703995,0.0,4.810041254188491e-14
R,96,60,-0.03434099448576471,0.007132768041628889,6.251771211106917,3.1389316506788725,-2.158562143606605,0.138671875,3.3452578962377335,-0.9821941872707686,2.3630637089669406,-0.042948646852921366,-0.040292049220768934,0.0,0.003137556071884987,0.0013864067023321837,-0.018302997360779626,0.0,4.810041254188491e-14
R,96,61,-0.05913840237910187,-0.0012023382355715617,5.698379999008581,1.4000623762128477,-5.645095040212995,0.0,0.04084768611368547,-0.10138142691693823,-0.06053374080324403,-0.044014246031488534,0.0016442929439968138,0.0,0.0007446687253535374,0.0008488872800644832,0.0,0.0,4.810041254188491e-14
R,96,62,-0.049926925143933786,0.0,3.4144912691644094,0.7393266167287422,-6.184302964855035,0.0,0.0,0.0,0.0,nan,0.0,0.0,0.0,0.0,0.0,0.0,4.810041254188491e-14
R,96,63,-0.0014811376266300855,-0.008268280554612092,6.85375001715563,4.192072138858864,-1.1926314099224005,0.271484375,0.2667492331018352,-0.2502812962695457,0.016467936832306407,-0.035352371327111665,0.051027092330412305,0.0,-0.0057410919258213,-0.010587685411727365,0.05053552142812767,0.0,4.810041254188491e-14
R,96,64,-0.05210707507537837,-0.0008360061691542333,6.887118370210928,2.516527720532484,-5.919270584403761,0.001953125,0.046369662163562766,0.02383633694816429,0.0702059991117352,0.008036279019685195,0.0017731536371812825,0.0,-0.0003395800559534406,-0.0026918354710594897,0.0029580597578120057,0.0,4.810041254188491e-14
R,96,65,-0.02955554275330523,-0.00849875425675069,6.964727054773826,3.3530653100002525,-2.30346040417447,0.087890625,0.29297639290144323,-0.2298795413367566,0.06309685156470124,-0.030489472535396182,0.03625943250208248,0.0,-0.0037093592922506757,-0.006567744463869271,0.022335103999118214,0.0,4.810041254188491e-14
R,96,66,-0.02758435178935654,-0.0018524409253809515,7.054567608038182,3.1979335860972755,-4.94398120263826,0.001953125,0.014723398666055014,-0.04831596984320761,-0.03359257117715231,-0.028221901393503713,0.005102558579862377,0.0,-6.833294203400385e-05,-0.0007289815194057228,0.0,0.0,4.810041254188491e-14
R,96,67,-0.0356637074652767,0.002436556032284433,6.64946663893896,1.8114544706757871,-4.854575211295175,0.0,0.04421078374705748,0.13050114791617656,0.17471193166322507,0.0466695289832364,-0.002300523961840739,0.0,0.00050950317708324,0.0009693949413099757,0.0,0.0,4.810041254188491e-14
R,96,68,-0.028770783071547845,0.0,1.7281054923349664,0.1396420624718166,-3.2982470244407995,0.0,0.0,0.0,0.0,nan,0.0,0.0,0.0,0.0,0.0,0.0,4.810041254188491e-14
R,96,69,-0.03643460289297262,-0.0017282585089820428,6.668068136613222,2.7468695134960117,-2.791074922667035,0.095703125,1.0086742767328274,-0.6604851006460214,0.34818917608681943,-0.04931255759177764,0.0014799490664390408,0.0,-3.12743251776497e-05,-0.000723220639438482,-0.0041327953022139265,0.0,4.810041254188491e-14
R,96,70,-0.028489656178343075,0.003280484043434442,6.5819757483208505,2.2528550461644623,-2.3451605132559297,0.080078125,3.6000592480391984,-0.8526279598422316,2.7474312881969283,-0.03413645924983625,-0.03947493461938847,0.0,1.6329625377322243e-05,0.0036035963836481204,-0.0021651942581454413,0.0,4.810041254188491e-14
R,96,71,-0.03838358198390779,-0.004589929550816953,6.308304257422984,3.618089139039895,-5.233310114417136,0.00390625,0.10273128798421738,-0.13870740804364876,-0.03597612005943773,-0.03430091161455394,0.002386146864309411,0.0,-0.0012568088068848958,-0.0024049934082188184,0.0005791321411403651,0.0,4.810041254188491e-14
R,96,72,-0.029367179083121708,0.0,1.9873864938811214,0.22033098673954504,-2.9278835905138014,0.0,0.0,0.0,0.0,nan,0.0,0.0,0.0,0.0,0.0,0.0,4.810041254188491e-14
R,96,73,-0.05786877730839033,-0.00271670990287949,5.650212701423666,1.6514754795613868,-5.039665930813143,0.00390625,3.7936673548082034,-1.121957658379103,2.6717096964290903,-0.050974391590943725,-0.013581388868798297,0.0,0.0017981113520289336,0.0015427647367687362,-0.002910260644891894,0.0,4.810041254188491e-14
R,96,74,-0.0143258188471343,0.0018022282137262291,7.052039154131009,2.5643724809833928,0.12415846854140399,0.505859375,2.6992285941079293,-1.942495565687645,0.756733028420264,-0.08382923298996921,0.0021456499444512268,0.0,-0.0017265882986753332,0.0009253935083822332,0.01972205069000884,0.0,4.810041254188491e-14
R,96,75,-0.030759383742647792,0.0,1.9017590965380784,0.17658877783839122,-3.740346597743557,0.0,0.0,0.0,0.0,nan,0.0,0.0,0.0,0.0,0.0,0.0,4.810041254188491e-14
R,96,76,0.0018586717784756376,-0.021817144817240255,6.88964344852496,2.1129288304558886,1.194419035678744,0.8125,0.698043929523573,-0.4818904250806113,0.2161535044429712,-0.0418581641933484,0.17001528583127248,0.0,-0.013542033570975408,-0.02014808648891631,0.1325754037168503,0.0,4.810041254188491e-14
R,96,77,-0.035456620189395424,-0.007400156698854613,6.845526643117944,3.5753115119665377,-2.493774373003512,0.171875,0.2612385180790454,-0.154694294635984,0.10654422344304493,-0.0221064410284884,0.025682928024873517,0.0,-0.008032946618669132,-0.009429982636735376,0.03334124331880422,0.0,4.810041254188491e-14
R,96,78,-0.006024033296250068,-0.004689642481406166,6.359960057269757,2.5771795579940386,-2.618151932824726,0.052734375,0.12444901930744424,0.009479178433985186,0.13392819774142595,0.0021124701226976315,0.02583750929487088,0.0,-0.0016102039394168893,-0.0018736974694380773,0.0023754980838975445,0.0,4.810041254188491e-14
R,96,79,-0.005802122559766665,0.011331690347495683,7.042120351777951,3.55080597351716,-0.10751624968117499,0.46484375,3.1721128832930674,-2.436518077420864,0.7355948058722177,-0.09713189961618814,-0.08841751786898056,0.0,0.00736246534402848,0.007358621901533164,-0.07147432859433633,0.0,4.810041254188491e-14
R,96,80,-0.025519057897234198,-0.0014721530240570499,6.567455169489276,2.246497525828297,-2.386321257105256,0.037109375,0.9580702284639022,-0.23437844793982127,0.7236917805240637,-0.01823021913136656,0.004488076127182635,0.0,-0.0010072217326115628,0.00015451094188801047,0.0005851163937205233,0.0,4.810041254188491e-14
R,96,81,-0.06044859322463132,-0.0017280100232803348,6.113532322730962,1.6044008130864984,-5.786300779248496,0.001953125,0.060593262962929995,-0.0394164289116049,0.02117683405133164,-0.013096127564546648,0.00643337019396405,0.0,0.00019594556701753267,-0.0017275687280985323,0.00643337019396405,0.0,4.810041254188491e-14
R,96,82,-0.04198916333211391,-0.003031622948787563,7.053703545348142,2.358367255052135,-5.773971004051706,0.0,0.03664479129122948,-0.21483826607948445,-0.17819347478825875,-0.07955332088085279,0.0034905119256310145,0.0,-4.7276588869566226e-07,-5.301100122314706e-07,0.0,0.0,4.810041254188491e-14
R,96,83,-0.012611758112092392,0.0,0.6790761684980138,0.051218766079675376,-1.3325426295801328,0.0,0.0,0.0,0.0,nan,0.0,0.0,0.0,0.0,0.0,0.0,4.810041254188491e-14
R,96,84,0.04389143297707125,0.0008430327530843383,7.397580071855572,3.8258690210475668,3.0122639618152913,0.912109375,3.5951027210085003,-2.5933521053627646,1.0017506156457472,-0.09244558258693801,0.0046553276413198895,0.0,-0.006225335566619946,0.00042366495368436653,0.0657073894559252,0.0,4.810041254188491e-14
R,96,85,-0.08200057661177161,0.0,5.989424660181004,2.108241807972322,-8.583519065113725,0.0,0.0,0.0,0.0,nan,0.0,0.0,0.0,0.0,0.0,0.0,4.810041254188491e-14
R,96,86,-0.03071355538825127,0.003662912602104202,6.157211948321405,3.2428360827018605,-3.7632718611251743,0.0234375,0.2624082533786911,-0.0046856343313686315,0.2577226190473141,-0.0007427891454685308,-0.013731243387374338,0.0,0.0002624454585420422,0.001150578230301701,-0.0023394510975546577,0.0,4.810041254188491e-14
R,96,87,-0.046985305187077685,0.000742780386607761,6.323366583632863,2.0101522392244324,-5.973584274171846,0.0,0.044215436385762384,0.09681538108395069,0.14103081746970503,0.03640650977649085,-0.002665816190887976,0.0,-0.00020364151937335876,-0.0002321367709165705,0.0,0.0,4.810041254188491e-14
R,96,88,-0.03338702871616654,-0.006813793352425919,6.37449590312481,2.093821271270852,-2.3867948016248945,0.064453125,0.16012749939597617,-0.257631428960111,-0.09750392956411247,-0.050499844349618794,0.02029337533513879,0.0,-0.0027952270930116504,-0.005438894018146928,0.012558853442137453,0.0,4.810041254188491e-14
R,96,89,0.015330397857148771,-0.0004368289329268331,7.408757192276697,2.7663962679807015,1.4828009507877764,0.79296875,2.6167852053666913,-1.8845876260639292,0.7321975793027633,-0.07862432679181189,0.01013991201610321,0.0,-0.008698046919135423,-0.005804179632015836,0.09780479491937101,0.0,4.810041254188491e-14
R,96,90,-0.022817291139550173,-0.010621014014694615,7.213221439762981,3.385575319565266,-1.5249781605412465,0.19140625,0.4455802595485679,-0.46923880378415106,-0.023658544235594547,-0.04872722592422986,0.05296575821035092,0.0,0.0016581357276478155,-0.0098274467677491,0.009515737668501821,0.0,4.810041254188491e-14
R,96,91,-0.054562157773702616,-0.0022006344327249318,6.580731731076235,2.5386995974754027,-6.409092796212662,0.0,0.14879384445214225,-0.043109610424065636,0.10568423402807525,-0.00849136351217665,0.0033323235811794096,0.0,0.0,0.0,0.0,0.0,4.810041254188491e-14
R,96,92,0.030102514447653262,0.0030467339513831695,7.520315545176014,4.248821645425202,4.228107637214261,0.9765625,4.657408131245935,-2.299460386152499,2.3579477450934476,-0.07084149609481519,-0.03753015116796376,0.0,-0.00018480118375677868,-0.000254279344294539,0.0013887247543977873,0.0,4.810041254188491e-14
R,96,93,-0.049418128593673345,-0.005176902790221257,5.868225700866179,1.7755268332097773,-4.001218315797269,0.00390625,0.11268261616340287,-0.3581078193375638,-0.2454252031741717,-0.09089678832460359,0.0048894906154318685,0.0,-0.0007040381687129039,-0.002438471059391229,0.0018287425686981014,0.0,4.810041254188491e-14
R,96,94,-0.04858579557686444,0.0005323315776970097,6.032393087483818,1.6311653617422075,-5.494036667252739,0.0,0.0023906305793646968,0.008699462056845523,0.011090092636230509,0.01474743646336227,-0.00016367917866925646,0.0,0.00014829241159272245,0.0001690382813816244,0.0,0.0,4.810041254188491e-14
R,96,95,-0.04423601477291023,-0.00184942675055862,6.502241795274619,2.1354279247325274,-5.17936177176833,0.001953125,0.03725116362553198,-0.06516839748082398,-0.027917233855305312,-0.02596414398760874,0.0032926416717939037,0.0,1.8096628137959207e-07,1.9937207832058157e-07,0.0,0.0,4.810041254188491e-14
R,96,96,-0.01913040771392955,-0.0029234583443472463,6.36143318948724,2.1246403245833316,-3.4601397267295155,0.015625,0.05684981826401009,-0.08101399338806015,-0.024164175124056442,-0.02670610386942944,0.010567932043937328,0.0,-0.0002966593288475655,-0.0010721127048745236,0.0009709054760166678,0.0,4.810041254188491e-14
R,96,97,-0.0348519977785472,-0.002917721343315368,6.668221996521313,3.079848384003223,-5.00455794326633,0.00390625,0.09139199746821468,-0.0040424631308402376,0.08734953433738468,-0.0010026559548469063,0.008075359868219202,0.0,-0.00010747684074412604,-0.0013127117261874164,0.0009207323173459199,0.0,4.810041254188491e-14
R,96,98,0.017238364379854643,-0.005865705581211897,7.566838354273286,4.121006183775921,3.146738391923423,0.9296875,2.281007606323473,-1.4277245479301874,0.8532830583933091,-0.06246498036842551,0.027851329333611702,0.0,-0.0064848035916541865,-0.004038827392656568,0.04733691964538311,0.0,4.810041254188491e-14
R,96,99,-0.02961674562475866,-0.005679980554769094,6.75833616005317,3.6838888690983707,-0.980837191729238,0.294921875,0.9065967784404778,-0.15444497256403333,0.7521518058764443,-0.012000432671288084,0.019592552082598476,0.0,-0.008387503298559303,-0.009587203285895048,0.03690971663620401,0.0,4.810041254188491e-14
R,97,0,-0.04246305863630461,0.006105039296647993,6.663069740864639,3.369458603143922,-5.228935062317857,0.0078125,0.5230295483682512,0.16856890426242696,0.6915984526306715,0.01749081300505857,-0.010913788538414073,0.0,-6.691475484368144e-07,0.0037869104981298873,0.0,0.0,3.752553823233029e-14
R,97,1,-0.05225859352049156,0.0009066129358295582,6.846061537408624,2.8187865569033788,-6.629874055480025,0.0,0.03266120308608334,-0.06649931144470475,-0.03383810835861567,-0.026873873295236918,-0.0014193080004367962,0.0,-2.172164664555065e-06,0.0019451007311563815,0.0,0.0,3.752553823233029e-14
R,97,2,-0.026606086474928084,-0.006665164294941175,5.083574308680572,1.3397010733799517,-2.7221877875565434,0.01171875,0.13489290045188518,0.01098742366896429,0.14588032412083862,0.0029424029863109762,0.015659128965870087,0.0,-0.004466084962901426,-0.005923708687039749,0.014080283958932717,0.0,3.752553823233029e-14
R,97,3,-0.030431093320365626,0.004066415838646464,7.19593640719977,2.517924814466174,-1.3595772324552298,0.216796875,1.6819453506346456,-1.1454975174981745,0.5364478331364637,-0.061372088075352334,-0.024021695732728637,0.0,-0.002230087186030594,-0.0018255472330110936,0.02247218737375597,0.0,3.752553823233029e-14
R,97,4,-0.03437948772228324,-0.0032957915564668094,7.28563682898221,2.892712396866069,-4.499988431937789,0.005859375,0.03723268532588068,-0.030723476234246348,0.006509209091625223,-0.010927244439099955,0.007723110713034791,0.0,-0.0017110451271389825,-0.003084154168762473,0.006949966506424959,0.0,3.752553823233029e-14
R,97,5,-0.036820309359603814,-0.007072357517050217,6.2604878656728,2.047587286744973,-2.8362100627243114,0.076171875,0.190363997414913,-0.26646620588161607,-0.07610220846670046,-0.048776603614946665,0.018595111728497486,0.0,-0.00408590096070356,-0.004741963266895958,0.014401655976608103,0.0,3.752553823233029e-14
R,97,6,-0.06404042630895544,-7.387418454341893e-06,7.167973393362689,3.122295589594278,-7.3731678492867765,0.0,3.0688509496101135e-07,-0.0002317440003819532,-0.00023143711529627353,-0.02918060026270281,0.0,0.0,-6.488548729530707e-06,-7.387417563408308e-06,0.0,0.0,3.752553823233029e-14
R,97,7,0.03933941428299569,-0.0038779129864470103,7.447735205212721,3.778355357822901,3.394011488732982,0.9453125,1.9317174370424284,-1.100585833010916,0.8311316040314765,-0.053161581837412264,0.02534632843193652,0.0,0.0021878048767167476,-0.006431788760567414,-0.038404706142703054,0.0,3.752553823233029e-14
R,97,8,-0.04946832227662006,0.016577920824379446,6.521489180378754,2.0020012401046374,-3.701924952537659,0.015625,3.7494650474323254,-1.3344865239097095,2.4149785235226133,-0.05283877786172324,-0.046202218225876925,0.0,0.002296356129776615,0.01258064409445552,-0.00428420426180391,0.0,3.752553823233029e-14
R,97,9,-0.051552276832288566,0.007516193077820824,4.307205280387448,1.1253640642203628,-5.64314031122338,0.0,3.567449258727531,-0.21980184581491927,3.3476474129126075,-0.013509113997313771,-0.011649689860286765,0.0,0.0023763850802016365,0.010088257400787611,-0.002783317703335588,0.0,3.752553823233029e-14
R,97,10,-0.010905210575308919,-0.01014695986743985,6.867073369971768,3.162503606434989,-2.3224087408444642,0.1171875,0.3353904627657084,-0.45116098858566034,-0.11577052581993996,-0.056722387445200605,0.041429759735368304,0.0,-0.0008829441011566441,-0.00603491194088951,0.006444525052733975,0.0,3.752553823233029e-14
R,97,11,0.0016706265858523026,0.0070679670529619895,7.032275323846174,3.4088355625877,2.0882490556200377,0.853515625,3.2757858248870297,-3.020660295595796,0.25512552929123444,-0.11866380667135928,-0.04744503465710139,0.0,-0.0030447447541296336,0.0027281001903433286,0.03703420533986987,0.0,3.752553823233029e-14
R,97,12,-0.04430017676305415,-0.00010304188643723804,7.189271529121208,2.9272620811833385,-3.3401392834443797,0.046875,0.778924857560646,-0.8218774899512782,-0.042952632390644396,-0.06476560425981173,0.0020270630273260364,0.0,0.0014313207626697956,-0.00013994326901429775,-0.007687093832200255,0.0,3.752553823233029e-14
R,97,13,-0.01217482497702349,0.0,0.6439484570367167,0.027192233051140675,-1.240587547205902,0.0,0.0,0.0,0.0,nan,0.0,0.0,0.0,0.0,0.0,0.0,3.752553823233029e-14
R,97,14,-0.04410349063979009,0.0067206927061325035,6.089485163011004,1.9322394439362098,-4.412655271277508,0.001953125,1.2824304352836053,-0.9136871663765803,0.3687432689070178,-0.06624758397959155,-0.011976790717184414,0.0,0.0,-0.001296014854790197,0.0,0.0,3.752553823233029e-14
R,97,15,-0.015685971079594182,0.0,0.8622441507448655,0.03057180379826015,-1.7405027172934115,0.0,0.0,0.0,0.0,nan,0.0,0.0,0.0,0.0,0.0,0.0,3.752553823233029e-14
R,97,16,-0.07204659080533168,0.0,6.052201510782342,2.143715334521852,-7.437172187575088,0.0,0.0,0.0,0.0,nan,0.0,0.0,0.0,0.0,0.0,0.0,3.752553823233029e-14
R,97,17,-0.041857500745821626,-0.004898940500276447,6.546383954041662,2.549175725283292,-4.4396990784059955,0.013671875,0.10570924185266106,-0.23854917004136295,-0.13283992818873003,-0.05603894641425329,0.00891723673081895,0.0,-0.0009471722523070343,-0.0010628943680191637,0.002964185597183891,0.0,3.752553823233029e-14
R,97,18,-0.03159735116562898,0.0,1.852068432648664,0.20151559319699922,-3.4711819927921583,0.0,0.0,0.0,0.0,nan,0.0,0.0,0.0,0.0,0.0,0.0,3.752553823233029e-14
R,97,19,-0.04321001610596146,-0.00030312236784696655,7.064275492737044,1.8518532734339184,-5.910589112093471,0.0,0.006511887509777091,0.042975775312508145,0.04948766282228689,0.037694036987219126,0.00025970387721365216,0.0,-6.835606562125743e-06,0.0001090583833195765,0.0,0.0,3.752553823233029e-14
R,97,20,-0.042826131128057734,0.0009192774331476876,7.626413744990447,3.31490138217259,-3.195599192568884,0.072265625,3.1561746804003006,-0.6361578023815219,2.5200168780187866,-0.02347653424267862,-0.027549546375328592,0.0,0.0016517105912647154,0.0012645934999009304,0.0020940651696016886,0.0,3.752553823233029e-14
R,97,21,-0.028490767590037835,0.0,1.520751903361907,0.2279668606892237,-2.6226339340862674,0.0,0.0,0.0,0.0,nan,0.0,0.0,0.0,0.0,0.0,0.0,3.752553823233029e-14
R,97,22,-0.07684077962334859,0.0,6.109685463213494,2.1056066266503057,-7.492181046531404,0.0,0.0,0.0,0.0,nan,0.0,0.0,0.0,0.0,0.0,0.0,3.752553823233029e-14
R,97,23,-0.03535122321354071,0.0,2.310979182889151,0.32892430915688253,-3.32822682753636,0.0,0.0,0.0,0.0,nan,0.0,0.0,0.0,0.0,0.0,0.0,3.752553823233029e-14
R,97,24,-0.03510857426772418,-0.00477009863011423,6.918725954426679,2.7504889322498176,-2.764107590844612,0.0625,0.18520912579268828,-0.16722624437894407,0.017982881413750818,-0.02808129428981869,0.013999292978802508,0.0,-0.0033234155934947847,-0.005019926645255341,0.015538330925793787,0.0,3.752553823233029e-14
R,97,25,0.07856674913785597,-0.002209663467715014,7.544433429180642,3.304209686517255,6.333693345338637,1.0,1.9187449992533288,-1.5935096194984038,0.3252353797549361,-0.07624114897728246,-0.001394919909965312,0.0,-0.005809495196519158,-0.004490540943750754,0.03428828070361584,0.0,3.752553823233029e-14
R,97,26,-0.03246470269902361,0.014218715033695515,6.934560459964369,2.761652909224774,-1.7040844388425544,0.158203125,4.819295319610727,-1.7791114768213745,3.040183842789361,-0.05843357487718981,-0.07571461397925464,0.0,0.002859121368517811,0.010354530661014882,-0.03328454799796886,0.0,3.752553823233029e-14
R,97,27,-0.05703624049160031,-0.007577460930443355,6.856540230722937,4.197840395529539,-3.1846712270134514,0.115234375,0.9524242667570904,-0.5651576233803469,0.3872666433767691,-0.042229830647508675,0.03889130540032606,0.0,0.0015920320203841412,-0.005699290676584125,0.03837312241634366,0.0,3.752553823233029e-14
R,97,28,0.002475922146821139,0.00018394296631060842,4.614683151710029,1.3167392158808544,1.243804237822899,0.849609375,2.986782298547595,-1.505183403801979,1.4815988947456198,-0.09436604503073458,0.03049057749995902,0.0,0.0031128485210947287,0.00142552502864753,0.011746433617524516,0.0,3.752553823233029e-14
R,97,29,-0.03639174043475615,-0.0006093671568494903,6.948961113444428,3.4439878210501123,-5.7395479662215285,0.0,0.003257395178224506,-0.004221690428251285,-0.0009642952500215074,-0.005322323671819304,0.0011751219900007883,0.0,2.2911639350742025e-05,2.611527173828609e-05,0.0,0.0,3.752553823233029e-14
R,97,30,-0.07359653413836245,0.0,6.287748047669571,1.7664678426529776,-8.431723578870908,0.0,0.0,0.0,0.0,nan,0.0,0.0,0.0,0.0,0.0,0.0,3.752553823233029e-14
R,97,31,-0.0015629689557815198,-0.015377707804994022,7.111406563506207,2.3840433123488367,0.6918839986840756,0.65234375,0.5423043100738386,-0.5972243997389348,-0.05492008966508166,-0.05702043296759816,0.09648605810905439,0.0,-0.011022627649161185,-0.014168005431276135,0.09170073127902643,0.0,3.752553823233029e-14
R,97,32,-0.008318394014854768,0.005926322306939775,6.242483859746451,3.721261339186657,-3.2324840268063526,0.025390625,1.0883476403734487,-0.7527269153280768,0.33562072504538065,-0.0577917973755772,-0.03403446897243326,0.0,0.002279467027916808,0.003985730887729819,-0.0289267424959987,0.0,3.752553823233029e-14
R,97,33,-0.035400726466684074,0.0,2.1382121562321426,0.2516273763787268,-3.771197537656006,0.0,0.0,0.0,0.0,nan,0.0,0.0,0.0,0.0,0.0,0.0,3.752553823233029e-14
R,97,34,-0.04467230310900755,-0.00983595128804043,6.7830692862454125,3.2329956757977514,-3.0929404427143683,0.0390625,0.3177079437254079,-0.2361094682576327,0.08159847546775723,-0.03087757017288129,0.012640874728638736,0.0,-0.0030354214724764234,-0.007254239196800248,0.006424064406966466,0.0,3.752553823233029e-14
R,97,35,-0.034954723279315425,-0.0012179913760855848,6.933947860123295,3.669769554443511,-6.456740150308908,0.001953125,0.006593201561937522,-0.06433632787074585,-0.05774312630882861,-0.05713438083298154,0.004453628510299199,0.0,-3.623840990369398e-07,-0.0004222662534261315,0.0,0.0,3.752553823233029e-14
R,97,36,-0.03547336547317358,-0.0021679813666270675,6.760153894714086,2.054953473298268,-3.7488245710450965,0.009765625,0.4511051716579165,-0.26869777543091156,0.1824073962269921,-0.029589565603195037,0.01272641214253478,0.0,0.0024261340605353696,0.0066761114860536454,-0.005449682327542506,0.0,3.752553823233029e-14
R,97,37,-0.03912726204881827,0.003990396589313382,7.233939847514545,3.1911626402198947,-2.8800004641725425,0.0546875,1.0121858285322882,-0.6659262395271814,0.3462595890051148,-0.0457500015049391,-0.012623537809248091,0.0,-8.417403942261521e-05,-0.0005212695703782946,0.0018410600540420042,0.0,3.752553823233029e-14
R,97,38,-0.043132471660954956,-0.004551039182174736,5.619152990063871,1.3073218481602182,-4.35116292798302,0.0,0.07108699890523848,-0.22241817389378737,-0.15133117498854176,-0.07422912283974592,0.0050097259905863,0.0,-4.5507971885761394e-05,-0.004063236206705796,0.0,0.0,3.752553823233029e-14
R,97,39,-0.02153592395729809,0.00954236267054919,6.311782259429587,1.8874722899977596,-1.7666180855156721,0.166015625,2.261897584022568,-0.9065826433524484,1.3553149406701266,-0.04775170993142496,-0.05089409749565436,0.0,0.005749600734862743,0.008723532244263822,-0.02254855803493582,0.0,3.752553823233029e-14
R,97,40,-0.02204397063694475,0.0003360015238731464,7.5672196079414045,3.4393218205284732,-5.915517736538439,0.0,0.014571169703149244,0.014714771886658876,0.029285941589812126,0.008054526084986682,0.0002036935408975454,0.0,8.616562745930649e-05,0.00024546944605761533,0.0,0.0,3.752553823233029e-14
R,97,41,-0.0286342736002998,-0.004931548913284181,6.459088554394161,2.3680947145642937,-3.8785513591516705,0.017578125,0.1228493503554683,0.05990154200377129,0.18275089235923048,0.013229710344918141,0.010480049595533789,0.0,-0.003180101287546918,-0.005038634666988753,0.008461816673228869,0.0,3.752553823233029e-14
R,97,42,-0.030992335357319573,-0.004234514704584004,7.570732042748996,2.6259547234879497,-3.722643468654792,0.0234375,0.12490905640194767,-0.07683376300462119,0.04807529339733918,-0.014357779161397268,0.013236939343394462,0.0,-0.0015577184787282615,-0.0030061394601052964,0.008342368928788023,0.0,3.752553823233029e-14
R,97,43,-0.030023745440136123,-0.0016468477767598317,6.210782296768131,2.7260410140395526,-4.633606745146689,0.001953125,0.05725441175518016,0.02451393129638285,0.08176834305155012,0.008247687245334015,0.0032072357146606867,0.0,0.0007039842982651734,0.001333879210023395,-0.0011109075498428407,0.0,3.752553823233029e-14
R,97,44,-0.04880663065401046,-0.004855422695611039,6.532346860141214,3.0744044170334255,-5.0688422109669125,0.00390625,0.08050470251857121,-0.18732875903793675,-0.10682405651937898,-0.050535270942236275,0.00841834465780061,0.0,0.0,-0.0009753201026926817,0.0,0.0,3.752553823233029e-14
R,97,45,-0.053296310360351803,2.0688576671313884e-07,6.531514689492749,4.255104251509294,-8.779083448540085,0.0,2.2015168028647377e-09,1.7612022519091165e-05,1.7614224020690017e-05,0.028734545105509327,-1.0605323410884125e-07,0.0,9.78839032504023e-10,1.0073489072371497e-09,0.0,0.0,3.752553823233029e-14
R,97,46,-0.02492729660190555,0.0009945058515155834,6.735503855718901,1.7619331283958788,-2.5840008066000593,0.029296875,1.5769813716814158,-0.8879773132532667,0.6890040584281394,-0.05249144204588299,-0.007960290244099685,0.0,0.003023397275200648,0.00010281402367637595,-0.00775103016664995,0.0,3.752553823233029e-14
R,97,47,-0.039510304714987836,0.0033260729527385983,7.215479321200235,3.0716323396483958,-3.722988126606784,0.0234375,2.4526454392336676,-1.5013321395035542,0.9513132997301028,-0.0664299942312781,-0.011477971206978155,0.0,0.007890833450949927,0.006372782749909968,-0.024567910886354058,0.0,3.752553823233029e-14
R,97,48,-0.045146216465248155,0.0017985213754047639,6.7674653438392065,2.633859266773352,-3.2850417929115086,0.08984375,2.1089997122863076,-0.6104937909994914,1.4985059212867995,-0.031058963259487975,-0.024624695152082696,0.0,0.0048125869707662935,0.00115867030369688,-0.01758766612508841,0.0,3.752553823233029e-14
R,97,49,-0.020252832094396284,0.007033028357798252,6.758872823605557,3.2603700029589944,-1.8465357707392025,0.138671875,3.68056062578479,-1.6258483191515352,2.054712306633249,-0.06269295896911156,-0.055545097744442704,0.0,0.0032670413490951456,0.016873743882440197,-0.034400171651042304,0.0,3.752553823233029e-14
R,97,50,-0.020804003033325507,0.0,1.2020013193969856,0.06957338806460564,-2.345299386945012,0.0,0.0,0.0,0.0,nan,0.0,0.0,0.0,0.0,0.0,0.0,3.752553823233029e-14
R,97,51,-0.03837384009013978,-0.0034203026483301444,7.610851168526406,5.128059405627826,0.07890233433416075,0.560546875,0.7609672461801199,-1.2275564902288907,-0.466589244048798,-0.09244752308821703,0.03184823965963764,0.0,-0.009791498645079036,-0.007528615874328033,0.07576089647593785,0.0,3.752553823233029e-14
R,97,52,0.08530020258331206,-0.0010930404095400837,7.329267787327226,2.768753199528431,8.367463407302997,1.0,2.1308004992800478,-2.061692277620837,0.0691082216592136,-0.09635225072410257,-0.021647018617701626,0.0,-0.011771218007717316,-0.004425595448398723,0.0901782242443574,0.0,3.752553823233029e-14
R,97,53,-0.026362443281253926,0.0,1.8115199229505918,0.2265299897755663,-2.6591672571362843,0.0,0.0,0.0,0.0,nan,0.0,0.0,0.0,0.0,0.0,0.0,3.752553823233029e-14
R,97,54,-0.06488650720693469,-0.005817390881187446,6.783237326350986,4.232041213316769,-5.2616621113468875,0.01953125,0.17052906918350375,-0.6348219566778863,-0.46429288749434505,-0.11331456106940786,0.0063891693874394626,0.0,-0.0028416032018867554,-0.004820287526872933,0.005029633584817715,0.0,3.752553823233029e-14
R,97,55,-0.0579629373397735,-0.00044518820193064,7.316480117654675,3.374357237702145,-6.950821830909114,0.0,0.0414352140704444,-0.02758805607244859,0.013847157998000625,-0.00926198587084802,0.0031004459000787505,0.0,-4.734400878375281e-06,0.00065260949753681,0.0,0.0,3.752553823233029e-14
R,97,56,-0.03458982162774934,-0.004594314942798234,7.308193870311798,3.8733401190864907,-4.45799656568812,0.029296875,0.2777009455601586,-0.05275430560766162,0.2249466399525062,-0.006849031699489448,0.013301823427445802,0.0,0.0015245316678504299,-0.00399888079003603,-0.006835287611806925,0.0,3.752553823233029e-14
R,97,57,0.05528845864181658,-0.013143672427109504,7.8344303740625065,3.7290039333295137,6.6884773059226985,1.0,3.3655495501044492,-2.234876394473144,1.1306731556312926,-0.07774779716582714,0.10426886911345659,0.0,-0.0019756521841168715,-0.009466631075824525,0.028425897840907207,0.0,3.752553823233029e-14
R,97,58,-0.03797722034939899,-0.005013344584006751,6.952824174889568,3.0303377016734587,-3.4518944661844757,0.029296875,0.16286921037535118,-0.33044829031986345,-0.1675790799444954,-0.058883385420125695,0.012010096122388623,0.0,-0.0012014020958861008,-0.0021152486529361476,0.005486803209402257,0.0,3.752553823233029e-14
R,97,59,0.004019987462980885,-0.004092845083245527,7.435981829865604,3.9282503512956013,-0.5755683969385346,0.40625,0.7251199353469727,-0.2692373519785907,0.4558825833683997,-0.021259941854013288,0.02785852472672199,0.0,-0.004248388843604646,-0.00792842832865694,0.03082086611602674,0.0,3.752553823233029e-14
R,97,60,-0.02720822644413583,0.0034093383174524402,6.437989358875345,1.9295808340754648,-2.1372638619485107,0.109375,1.6556000465921628,-0.8204715856448687,0.8351284609473026,-0.049522844308791905,-0.00755688133682232,0.0,0.003407599947069905,-0.001653320689150193,0.01201348031305118,0.0,3.752553823233029e-14
R,97,61,-0.060340740614673434,0.011108715041589272,5.693066034422734,3.343241891835388,-6.291761820166846,0.0,1.2717624778762564,0.3965166100016469,1.668279087877906,0.030880346437787237,-0.006463007337776704,0.0,0.0,0.000244529005074731,0.0,0.0,3.752553823233029e-14
R,97,62,-0.049926925143933786,0.0,3.4144912691644094,0.5545265335463276,-4.8243532104576206,0.0,0.0,0.0,0.0,nan,0.0,0.0,0.0,0.0,0.0,0.0,3.752553823233029e-14
R,97,63,-0.00974941818124219,-0.00794860408086606,6.854951293371317,2.9935727115331474,-2.053350894168699,0.130859375,0.12134796349286357,-0.16793615316000776,-0.04658818966715472,-0.035163620607454586,0.03438912874096873,0.0,-0.003998293195262685,-0.00649480068516693,0.022506493533370076,0.0,3.752553823233029e-14
R,97,64,-0.052943081244532605,-0.0019665290597468106,6.892213392257132,1.9563187710629442,-4.82334459449827,0.00390625,0.03345031841673943,-0.08299088794399587,-0.04954056952724528,-0.03291861632672283,0.003889509698216098,0.0,5.082945586318787e-05,-0.0024585031068807225,0.0,0.0,3.752553823233029e-14
R,97,65,-0.03805429701005592,-0.007852910877188275,6.969255326006015,2.7126461160499544,-2.7120103595879135,0.0390625,0.1984091266126066,-0.4564364422394477,-0.25802731562684755,-0.07351621133426021,0.023801475737485808,0.0,-0.0017143188005580411,-0.00690152406101259,0.007645542822851728,0.0,3.752553823233029e-14
R,97,66,-0.029436792714737488,-0.00969745904943436,7.052186296830537,2.514607747568083,-2.3168997912912155,0.095703125,0.18420568008850915,-0.37429801921196115,-0.1900923391234386,-0.061831851005552455,0.034275318228738416,0.0,-0.0069829957764322515,-0.008772163440769462,0.032056201957149665,0.0,3.752553823233029e-14
R,97,67,-0.03322715143299227,-0.010808302102629706,6.662590976041184,2.3778680221692157,-2.9239906665943374,0.03125,0.3256667063904993,-0.1397606722524221,0.18590603413807827,-0.018379138565239195,0.018041803543245864,0.0,-0.006031432972474935,-0.00788422092341998,0.01192427224266193,0.0,3.752553823233029e-14
R,97,68,-0.028770783071547845,0.0,1.7281054923349664,0.1420503758229966,-3.5990601400032576,0.0,0.0,0.0,0.0,nan,0.0,0.0,0.0,0.0,0.0,0.0,3.752553823233029e-14
R,97,69,-0.03816286140195467,0.0002549013244083091,6.69412592132859,2.193771362580212,-2.0637781218031948,0.095703125,1.7176559347115927,-0.604571257509241,1.1130846772023375,-0.03445526034788533,-0.022750988832845043,0.0,0.0006261910721892783,-0.004423997901373087,0.009784814034569413,0.0,3.752553823233029e-14
R,97,70,-0.025209172134908635,-0.005702840902664984,6.787476411721867,3.1411088585569282,-2.4261804088713674,0.11328125,0.21406018966938023,-0.1578540842203368,0.056206105449078336,-0.025133301502154332,0.02926015614969014,0.0,-0.0031227743682727444,-0.00478894019883859,0.02439279261598123,0.0,3.752553823233029e-14
R,97,71,-0.04297351153472475,-0.0028211399826710594,6.305452123691172,2.9863154854369864,-5.325418125439606,0.01171875,0.06199540097419279,-0.10920853411814356,-0.04721313314394138,-0.0347800829051365,0.002140766700963584,0.0,-0.0009624865792551535,-0.0001026320075782554,0.00048125605346009144,0.0,3.752553823233029e-14
R,97,72,-0.029367179083121708,0.0,1.9873864938811214,0.24845444364771999,-3.539870908247309,0.0,0.0,0.0,0.0,nan,0.0,0.0,0.0,0.0,0.0,0.0,3.752553823233029e-14
R,97,73,-0.060585487211269815,-0.0014666145229688381,5.881888580019041,1.7505815718854216,-4.9532091935963525,0.0,0.03712865296332582,-0.09569604174978777,-0.05856738878645018,-0.04221750746256678,0.00036347823898169135,0.0,7.576737251599519e-05,8.637014135200267e-05,0.0,0.0,3.752553823233029e-14
R,97,74,-0.012523590633408072,-0.0004551088249710901,7.105490078792388,3.4600417042283187,-0.24656281959268317,0.451171875,2.2332124260046657,-1.5013058297374313,0.7319065962672227,-0.07069360356338547,0.0027232196927873373,0.0,-0.002752614955402444,-0.0005017482933685748,0.016712503668362366,0.0,3.752553823233029e-14
R,97,75,-0.030759383742647792,0.0,1.9017590965380784,0.17308813374869383,-3.190193715044284,0.0,0.0,0.0,0.0,nan,0.0,0.0,0.0,0.0,0.0,0.0,3.752553823233029e-14
R,97,76,-0.01995847303876463,-0.006557173109304508,6.905312473179318,2.703666859005076,-2.7661437746709847,0.044921875,0.10437721986037098,-0.2805977751576315,-0.176220555297256,-0.06288803563575518,0.028992128063793685,0.0,-0.0036767651717387446,-0.006230288806085699,0.021109503266381658,0.0,3.752553823233029e-14
R,97,77,-0.042856776888250035,-0.004289748739378111,6.853304257442586,2.231652246233557,-4.758786906333765,0.001953125,0.09538003266004727,-0.07527141913823221,0.020108613521806262,-0.017781621516038335,0.007484570122702162,0.0,0.00017754918887791915,-0.0015063844478632122,-8.772193146833795e-06,0.0,3.752553823233029e-14
R,97,78,-0.010713675777656228,-0.018721986181659257,6.3704803686855636,5.0750754757313175,-0.0824489007955756,0.52734375,0.5526523110921528,-0.604701739197719,-0.052049428105554796,-0.06384296451547553,0.11944254261170859,0.0,-0.01274911875017486,-0.018156449261628703,0.11113610879969059,0.0,3.752553823233029e-14
R,97,79,0.0055295677877290235,-0.00889116372669302,7.0941563173359405,2.3036700817742912,0.4318235774529462,0.642578125,0.583828643203971,0.07207689430866526,0.6559055375126306,0.006648483828899275,0.08327595237772718,0.0,-0.00528558885228644,-0.009211184814812071,0.04247719197725513,0.0,3.752553823233029e-14
R,97,80,-0.026991210921291246,-0.0033863663786029732,6.622322793686176,2.145913338140567,-3.6459425340337672,0.005859375,0.11084486695720416,-0.08401560350719217,0.02682926345003267,-0.019052931963658447,0.010523542313532964,0.0,-0.001486332511617826,-0.004469370890676925,0.008363860800644884,0.0,3.752553823233029e-14
R,97,81,-0.06217660324791166,-0.0016760801377038617,6.115264041325408,2.1345478399008373,-6.24632559672745,0.001953125,0.032556181194127176,0.012498525487092883,0.045054706681227685,0.005663655677975624,0.0003398939346240371,0.0,0.0,0.0,0.0,0.0,3.752553823233029e-14
R,97,82,-0.045020786280901476,-7.22665928912406e-09,7.041061015988194,1.9756352280344307,-6.728966318771478,0.0,5.366402500346565e-13,-6.965142381547115e-07,-6.965136805092698e-07,-0.06751810949987214,0.0,0.0,-7.041493592289638e-09,-7.22665928912406e-09,0.0,0.0,3.752553823233029e-14
R,97,83,-0.012611758112092392,0.0,0.6790761684980138,0.031469362431855274,-1.441668293419375,0.0,0.0,0.0,0.0,nan,0.0,0.0,0.0,0.0,0.0,0.0,3.752553823233029e-14
R,97,84,0.04473446573015559,-0.002353098543236988,7.4649810137173445,4.177501942126024,3.5174644171576923,0.966796875,3.1394848617248843,-2.0405728867197976,1.098911975005052,-0.07713726068688301,0.044076570373013615,0.0,-0.0038336691440959765,-0.0016345532541556763,0.028380848815458156,0.0,3.752553823233029e-14
R,97,85,-0.08200057661177161,0.0,5.989424660181004,1.8215878054774939,-9.239418706642315,0.0,0.0,0.0,0.0,nan,0.0,0.0,0.0,0.0,0.0,0.0,3.752553823233029e-14
R,97,86,-0.027050642786147067,-0.0053686797587126425,6.178105016556386,1.327291806972446,-2.7375146704585993,0.021484375,0.06222668477377343,-0.11964216894250027,-0.057415484168707565,-0.03881598968081656,0.013626090585917234,0.0,-0.0006094317706291414,-0.0019959917851839256,0.0001520533697879066,0.0,3.752553823233029e-14
R,97,87,-0.04624252480046992,0.0018748674429676948,6.334508328866137,3.3452805830402217,-4.920223001526418,0.0078125,0.34035577740437356,-0.03330122434783685,0.3070545530565383,-0.004505580259570578,-0.00045147520601815274,0.0,-0.002327450056067651,-0.003290672814338383,0.0038882857322251625,0.0,3.752553823233029e-14
R,97,88,-0.04020082206859245,-0.004092745820622559,6.366843337902298,3.3733439587913203,-4.544290376423109,0.015625,0.07456692326518494,-0.19259500023519874,-0.11802807697001327,-0.055388261926576254,0.008406156684845798,0.0,-0.0004822450648728647,-0.002095474477124411,0.0015905771164247107,0.0,3.752553823233029e-14
R,97,89,0.014893568924221933,-0.004685746072565794,7.4580078247085835,2.9805588389978674,2.9525156828301276,0.9375,2.317488438355815,-2.55975948295273,-0.24227104459690452,-0.11272948998187216,0.02944189779562667,0.0,-0.00687029524580831,-0.006871123506559282,0.10075374405311355,0.0,3.752553823233029e-14
R,97,90,-0.03343830515424478,0.009224247472335566,7.211581310282837,2.3556343308424443,-3.0599105920008958,0.037109375,1.2545392618748936,-0.9790228412735843,0.2755164206013134,-0.060602451877464415,-0.03338608108213495,0.0,0.00020249262860841342,0.0036314384487923226,0.0002389173919728222,0.0,3.752553823233029e-14
R,97,91,-0.05676279220642755,0.00937814320664353,6.588756661952367,2.7684961269033987,-4.205573668001429,0.009765625,1.0241902441092097,0.10446716269519823,1.1286574068044075,0.007833503074031821,-0.0050821527823130255,0.0,-0.0029256525674415516,-0.0011643997348129453,0.002231785658455415,0.0,3.752553823233029e-14
R,97,92,0.033149248399036435,-0.001108542884548097,7.6754865411978574,5.578395729268463,5.1545229290273475,0.98046875,3.4768357698005494,-3.6871565249066545,-0.21032075510610326,-0.1288141510717866,-0.01148253948389446,0.0,-0.0007479523646164738,-0.0038575244473076048,0.01386963723539665,0.0,3.752553823233029e-14
R,97,93,-0.0545950313838946,0.0,5.8472769451371285,2.1206383420487334,-6.478712469703766,0.0,0.0,0.0,0.0,nan,0.0,0.0,0.0,0.0,0.0,0.0,3.752553823233029e-14
R,97,94,-0.048053463999167434,-0.0010489971351786633,6.033312229162252,2.1148922145147107,-5.662797922226565,0.0,0.0879921533653934,-0.09720115617308138,-0.009209002807693878,-0.02715586625440507,0.0007492924343934018,0.0,0.0,0.0008172875740066436,0.0,0.0,3.752553823233029e-14
R,97,95,-0.04608544152346885,-0.0004277208208804946,6.500094701645569,1.730089424778465,-5.576852750196956,0.0,0.02052278602367577,0.00602997214225597,0.026552758165919954,0.003237780979879638,0.000864812887327591,0.0,0.0,2.5465155533533936e-05,0.0,0.0,3.752553823233029e-14
R,97,96,-0.022053866058276795,-0.004558163372519395,6.3595336345667475,3.1348468373284075,-2.941708703890431,0.041015625,0.187399864681012,-0.13763714686267525,0.0497627178183464,-0.02499745300899345,0.016555902744270184,0.0,-0.004333398723024494,-0.00776301249900324,0.01985707980411481,0.0,3.752553823233029e-14
R,97,97,-0.03776971912186257,0.009487534603359948,6.674768470084043,2.642434362402626,-2.7553327765488627,0.0390625,2.066621739369088,-0.9114972235850398,1.1551245157840455,-0.04749617673200992,-0.032551353878758474,0.0,-0.002896856305123576,0.005402504089599869,0.011290191284430559,0.0,3.752553823233029e-14
R,97,98,0.011372658798642746,0.009895917905461305,7.623012904232457,3.2557095219206107,1.7220320274457293,0.82421875,2.3853189785736757,-1.452892754398153,0.932426224175515,-0.06170262997391625,-0.07936686995849554,0.0,-0.0036442926357824253,0.00368722408175203,0.01819695861289736,0.0,3.752553823233029e-14
R,97,99,-0.03529672617952777,0.006120600424431043,6.813755165704053,2.0426934072563334,-2.440187320722881,0.09375,2.605412728441299,-1.5474984551558237,1.0579142732854834,-0.07035183649595454,-0.05661516021899153,0.0,0.004054870004085611,0.002429668698192584,-0.0021710210503075537,0.0,3.752553823233029e-14
R,98,0,-0.03635801933965662,0.013544672133367387,6.714767071481828,3.7702233604849997,-1.414322400622059,0.251953125,4.916147146453344,-0.7071677060179653,4.208979440435371,-0.023749202758826762,-0.06635782665958746,0.0,0.007053280621425519,0.011701972075626356,-0.01288221820504739,0.0,3.3306690738754696e-14
R,98,1,-0.051351980584662005,-0.007957281861197357,6.843589735338254,3.3319294969121596,-3.9577635467071177,0.017578125,0.21967445459522567,-0.5730308745958851,-0.35335642000066514,-0.0893252585316436,0.013867192119469187,0.0,-0.0010788406510314694,-0.004106585387935224,0.004821551317151236,0.0,3.3306690738754696e-14
R,98,2,-0.03327125076986927,-0.00011640064094907037,5.097902321151122,0.9143925021794975,-3.6777076107733633,0.0,0.7098605637720995,-0.15079643557560396,0.559064128196507,-0.017554280987380294,0.012106181398521803,0.0,0.0,0.0003183103737906002,0.0,0.0,3.3306690738754696e-14
R,98,3,-0.02636467748171916,0.009911290811051385,7.233114723934606,3.4170295002660103,-1.2076248140070027,0.2578125,1.4381583028989435,-1.395500592160581,0.04265771073836788,-0.08043986434376983,-0.05760693398281721,0.0,-0.0002368740295015431,0.00267866912903331,0.006663613520151051,0.0,3.3306690738754696e-14
R,98,4,-0.03767527927875006,0.014420314148268599,7.286083530465018,2.451674670659333,-3.6186359111289206,0.03515625,3.5764274430382423,-1.962312785398108,1.6141146576401297,-0.0712064578841037,-0.0705033391531346,0.0,0.0012561424733130665,0.001459260427249579,-0.007928070026102558,0.0,3.3306690738754696e-14
R,98,5,-0.04389266687665403,0.0018675384300079212,6.254406934935531,2.931146421366786,-4.756272784549109,0.021484375,0.1713518285931594,0.10327602560772389,0.27462785420087954,0.01994522842760869,-0.00442183786032211,0.0,-0.001447596080819197,0.00013901007518217376,0.0035962444808961065,0.0,3.3306690738754696e-14
R,98,6,-0.06404781372740978,-0.002926648612146339,7.167957249512592,3.402968307537409,-6.341156109979027,0.0,0.04987102716821053,-0.25868509199142753,-0.20881406482321552,-0.08080195009894792,0.0022066732380743846,0.0,-0.0016939770222813182,-0.0027729852732145633,0.0021635020188522066,0.0,3.3306690738754696e-14
R,98,7,0.03546150129654869,-0.007772564989149276,7.5033253488700895,4.2443386400942655,3.606780001212247,0.908203125,1.3958604177076728,-1.2741843109576771,0.12167610675001583,-0.07186666362543483,0.06485249920325951,0.0,-0.006638067952132346,-0.009400485525465952,0.04948820888703297,0.0,3.3306690738754696e-14
R,98,8,-0.032890401452240606,0.00694596365861353,6.704088279051803,2.556404786984224,-4.678246785912121,0.0,0.5421531696588258,-0.21250484385851398,0.32964832580030645,-0.021524749858564445,-0.016860498719735547,0.0,-0.00047610341657766214,0.0015851312323599009,0.0006687139683740838,0.0,3.3306690738754696e-14
R,98,9,-0.04403608375446775,-0.0004257243699426833,4.679707762276414,1.0135453665661773,-4.714632087926041,0.0,0.012229163710037964,-0.04059302143218226,-0.028363857722141006,-0.03921970022276565,0.0,0.0,-0.00037344847340842083,-0.00042571487819612004,0.0,0.0,3.3306690738754696e-14
R,98,10,-0.021052170442748767,-0.005797978875251624,6.858638796638549,2.610150618402014,-1.6211710410497895,0.158203125,0.28670937550511316,-0.17949376976896034,0.10721560573615818,-0.02443770984325695,0.023960703864978915,0.0,-0.004910776005554184,-0.007209439696142148,0.030338355936697786,0.0,3.3306690738754696e-14
R,98,11,0.008738593638814305,0.003625149451701351,7.050391603284675,3.374867538918099,-0.627977411352437,0.3828125,1.174073766113554,-0.9460405577498853,0.22803320836369778,-0.06191827202523341,-0.03972553442589179,0.0,-0.004081508871849463,-2.0631815403954575e-05,0.047958137160495566,0.0,3.3306690738754696e-14
R,98,12,-0.04440321864949139,-0.0013600333501917518,7.186283635304283,2.0128778518491544,-4.255555642124255,0.0078125,0.01869588043746537,-0.0287044302567762,-0.010008549819296775,-0.014606347209423649,0.005036784483204421,0.0,1.4058014241935759e-05,-0.00030352819792787327,-0.0006090665269644887,0.0,3.3306690738754696e-14
R,98,13,-0.01217482497702349,0.0,0.6439484570367167,0.01906982526420071,-1.2237160310341837,0.0,0.0,0.0,0.0,nan,0.0,0.0,0.0,0.0,0.0,0.0,3.3306690738754696e-14
R,98,14,-0.037382797933657584,-0.0010507861815665645,6.119687313861564,1.7766315815294653,-4.662367485831054,0.0,0.3120691324394664,-0.1646804910169234,0.1473886414225447,-0.024085602707645176,0.00848904663228207,0.0,0.0009561114907692356,0.002229358938630141,0.0,0.0,3.3306690738754696e-14
R,98,15,-0.015685971079594182,0.0,0.8622441507448655,0.048661855351312414,-1.612125941327825,0.0,0.0,0.0,0.0,nan,0.0,0.0,0.0,0.0,0.0,0.0,3.3306690738754696e-14
R,98,16,-0.07204659080533168,0.0,6.052201510782342,2.14831252065851,-7.510022969165532,0.0,0.0,0.0,0.0,nan,0.0,0.0,0.0,0.0,0.0,0.0,3.3306690738754696e-14
R,98,17,-0.046756441246098075,0.010571576447175044,6.536230025446275,2.087350385223506,-2.956454681134659,0.048828125,2.9357134203253366,0.0712376540253894,3.0069510743507237,0.0031805004150474436,-0.045364864750173484,0.0,0.008073123082238233,0.011733450687550401,-0.018372357665452265,0.0,3.3306690738754696e-14
R,98,18,-0.03159735116562898,0.0,1.852068432648664,0.13370250636625935,-3.1264337220543563,0.0,0.0,0.0,0.0,nan,0.0,0.0,0.0,0.0,0.0,0.0,3.3306690738754696e-14
R,98,19,-0.04351313847380842,-0.008292173879453904,7.067777295593538,3.463898689932614,-4.071696060616844,0.0234375,0.1787219894229221,-0.24659197392437657,-0.0678699845014421,-0.04126454776414213,0.007994715574988698,0.0,-0.0036635060810391337,-0.004634723060007673,0.003953417199280588,0.0,3.3306690738754696e-14
R,98,20,-0.04190685369491005,-0.001446470156076188,7.789878271693211,5.965089649641688,-4.8111024252058225,0.025390625,0.17957897434022063,-0.3816906361580833,-0.20211166181785245,-0.057812679092649186,0.0028790961840259046,0.0,-0.004975378521725807,-0.00559999441953105,0.01979652962079401,0.0,3.3306690738754696e-14
R,98,21,-0.028490767590037835,0.0,1.520751903361907,0.1220502637039595,-3.305968397810958,0.0,0.0,0.0,0.0,nan,0.0,0.0,0.0,0.0,0.0,0.0,3.3306690738754696e-14
R,98,22,-0.07684077962334859,0.0,6.109685463213494,2.7736714328588086,-9.744221091229067,0.0,0.0,0.0,0.0,nan,0.0,0.0,0.0,0.0,0.0,0.0,3.3306690738754696e-14
R,98,23,-0.03535122321354071,0.0,2.310979182889151,0.4234227734117623,-3.304139481521354,0.0,0.0,0.0,0.0,nan,0.0,0.0,0.0,0.0,0.0,0.0,3.3306690738754696e-14
R,98,24,-0.039878672897838426,0.0017609605097903811,6.9200254128052965,2.814677300370339,-3.9714300641950526,0.009765625,0.7385537642374687,-0.7623144107096445,-0.023760646472190672,-0.06409223061774484,0.006172049061805926,0.0,0.0005968082522942996,0.00712367573375364,-0.0014159989949814095,0.0,3.3306690738754696e-14
R,98,25,0.07635708567014095,0.003625313263372084,7.565957384699792,4.0275610603260645,4.736063437312148,0.974609375,1.7960442479795056,-1.3645259042120652,0.43151834376741505,-0.06728672370395444,-0.030486594035381422,0.0,-0.0050188700128719396,-0.0011583635458529372,0.03579735131159386,0.0,3.3306690738754696e-14
R,98,26,-0.018245987665328096,-0.011242709160685564,7.150406465068304,3.6418966646236814,-2.4439099276472818,0.12890625,0.3436286568043665,-0.5367124060667426,-0.19308374926239225,-0.06402302957970545,0.05459280308832504,0.0,-0.0056644323916288505,-0.005695962383841253,0.025925860789651013,0.0,3.3306690738754696e-14
R,98,27,-0.06461370142204366,0.00042994351593845256,6.88472298490643,2.273377464026578,-6.663629835036057,0.0,0.0009570849219137412,0.04156352711366481,0.04252061203554547,0.09757098551648295,0.0,0.0,0.0003771558127036955,0.0004299380108227061,0.0,0.0,3.3306690738754696e-14
R,98,28,0.002659865113131747,-0.005451141886930358,4.7725150063066355,1.4642488981311559,-0.7483852756492506,0.3125,1.246578007937922,-0.49596866928208094,0.7506093386558348,-0.046539017866672076,0.018710467342196647,0.0,-9.444450852799725e-05,-0.0011599732855274308,-0.0007706296268080743,0.0,3.3306690738754696e-14
R,98,29,-0.03700110759160564,-0.001970586428026821,6.9488917289674905,2.6436076316274466,-4.889437335391137,0.0,0.05755358510761837,-0.10859001320840439,-0.05103642810077247,-0.03256927974607768,0.0033804465473681994,0.0,-0.0005259223333881409,-0.0012213721979141877,0.0011387598767322786,0.0,3.3306690738754696e-14
R,98,30,-0.07359653413836245,0.0,6.287748047669571,1.5318810266370733,-8.145749002309806,0.0,0.0,0.0,0.0,nan,0.0,0.0,0.0,0.0,0.0,0.0,3.3306690738754696e-14
R,98,31,-0.01694067676077552,0.0011650370209429918,7.107544106216582,2.3528236340762168,-1.8881543941375194,0.16015625,0.6226804438802367,-0.34294240537196763,0.2797380385082704,-0.030573067657912,-0.00810816788675178,0.0,-0.00045009303650138957,-0.0018702997388721336,0.011958687626616928,0.0,3.3306690738754696e-14
R,98,32,-0.002392071707914993,-0.004647030753389746,6.269308212573404,1.5546757101861688,-1.0543332537770138,0.201171875,0.2785405837706269,-0.37409637012868013,-0.09555578635804807,-0.056531386429338214,0.02883002091846673,0.0,-0.005468090676918202,-0.0057579830279383725,0.04878955555184628,0.0,3.3306690738754696e-14
R,98,33,-0.035400726466684074,0.0,2.1382121562321426,0.20845627192231006,-3.9054965383708296,0.0,0.0,0.0,0.0,nan,0.0,0.0,0.0,0.0,0.0,0.0,3.3306690738754696e-14
R,98,34,-0.05450825439704798,0.0014521380881291745,6.789081485552638,3.925263278483077,-7.795058460339723,0.001953125,0.03772992137828804,-0.003434081220934984,0.03429584015734832,-0.0013020468030669277,-0.0010367838583054268,0.0,-2.1285635071131874e-06,-2.4155625415376713e-06,0.0,0.0,3.3306690738754696e-14
R,98,35,-0.036172714655401006,-0.005746961086589748,6.9297828104926635,2.794587508452767,-3.8091957034882213,0.009765625,0.09621285939564227,-0.329245231106697,-0.2330323717110474,-0.07658669230554395,0.019653578524091414,0.0,-0.003219283901615904,-0.005428026088116076,0.016940485890034735,0.0,3.3306690738754696e-14
R,98,36,-0.037641346839800645,-0.002244789619963944,6.773631823213084,1.9254163922813199,-3.9645704767375625,0.0,0.060496669188863275,-0.0890748219034542,-0.0285781527146014,-0.026732381348534107,0.003289704151340905,0.0,-0.0006440245461093654,-0.002338912109048486,0.000923540819780605,0.0,3.3306690738754696e-14
R,98,37,-0.03513686545950489,-0.0029736428862689756,7.2578333754960145,3.0832727317171944,-4.432245633891821,0.009765625,0.08044168629585002,-0.12620525266043603,-0.04576356636459877,-0.030654896798919667,0.01201443059423677,0.0,0.00032310337389519946,-0.0031485412659679112,0.00375042572848717,0.0,3.3306690738754696e-14
R,98,38,-0.047683510843129696,-0.0016298087551947485,5.605671159705606,2.58906940787443,-5.060839167124568,0.0,0.023121520346520263,-0.09589085891194181,-0.07276933856542556,-0.056248559093601005,0.0013820181956218248,0.0,-0.00038928756750502386,-0.000264997933058743,0.0002684140563918371,0.0,3.3306690738754696e-14
R,98,39,-0.01199356128674889,-0.020225038466118606,6.41824822137008,2.698067051864786,0.9168846368351793,0.7265625,0.6131690529999014,-0.7440909959595491,-0.13092194295965243,-0.07402687745312378,0.23089726128665236,0.0,-0.01624372048061151,-0.020030026680299715,0.2227593809503406,0.0,3.3306690738754696e-14
R,98,40,-0.021707969113071605,0.011736715026519072,7.569154413565803,2.684661112268798,-1.661677996085861,0.15234375,3.9261454113553262,-2.647142332397846,1.279003078957487,-0.08825041213793905,-0.054413605117595666,0.0,0.003065446856063708,0.0145598477780108,-0.026974999318183028,0.0,3.3306690738754696e-14
R,98,41,-0.03356582251358397,0.00579477730665605,6.473219897845653,3.2467724064514636,-4.104025374576334,0.0078125,0.5446638626872005,-0.31356903869742847,0.23109482398977121,-0.0328184856661338,-0.007969391177359836,0.0,-0.0019886887578705885,-0.0021154260336645947,0.0061153297990726805,0.0,3.3306690738754696e-14
R,98,42,-0.035226850061903583,-0.008686410030763083,7.573906452848736,2.81023365376809,-2.8542603681283487,0.072265625,0.2838243857537351,-0.4517615081290719,-0.16793712237533498,-0.0559801991095905,0.02265460710025827,0.0,-0.004825615194815735,-0.008002445871871176,0.017982746432292713,0.0,3.3306690738754696e-14
R,98,43,-0.031670593216895956,0.009982955208828097,6.217361585182252,2.3417425341589433,-2.87923638595145,0.03515625,3.2060762253486663,-0.8473628907170039,2.358713334631659,-0.038058038197886036,-0.05864331271836928,0.0,0.0001705263344700477,0.004466260126385037,-0.003998059187615935,0.0,3.3306690738754696e-14
R,98,44,-0.05366205334962151,-0.0024047213508830646,6.5241651914001535,2.5371858796705413,-5.720455367893791,0.0,0.037444641291858385,-0.0787377117395257,-0.04129307044767927,-0.03118408514045647,0.003632519092859596,0.0,-0.0012699960464729253,-0.0024419128457505994,0.003669519867612257,0.0,3.3306690738754696e-14
R,98,45,-0.05329610347458509,0.02156781427778028,6.5315160378953045,3.5804006796176653,-3.5473964516009957,0.0390625,3.661587166097209,-1.5921637026385431,2.0694234634586692,-0.06369554193210615,-0.05940076353808401,0.0,0.0016457466301976731,0.013047005561345165,0.0005676813643719018,0.0,3.3306690738754696e-14
R,98,46,-0.02393279075038997,0.0020883973066164047,6.786458299351166,2.887032279260579,-0.7430965204669524,0.34765625,4.303682396173037,-2.1706478170933012,2.133034579079748,-0.0770896508117103,-0.05738938425701112,0.0,0.0014982663525763796,-0.0006405836929286807,-0.002167140620130506,0.0,3.3306690738754696e-14
R,98,47,-0.03618423176224923,0.005108231859687332,7.281102604303713,2.9993619559879154,-2.9439806633765713,0.072265625,3.2645923400852537,-1.1082809113319458,2.1563114287533125,-0.042121926670419786,-0.061142432948141576,0.0,0.00015788903024537026,0.006582303500218422,0.0017224649939720478,0.0,3.3306690738754696e-14
R,98,48,-0.04334769508984339,0.002421455703667137,6.877288208396643,1.8954869020791454,-5.358096770051343,0.0,0.02053966558321351,0.05906852491655791,0.07960819049980472,0.029964857792181145,-0.0018676517688289806,0.0,0.0011525949814721553,0.0013139046410399217,0.0,0.0,3.3306690738754696e-14
R,98,49,-0.013219803736598007,-0.006218588383638473,6.909202135725008,2.456966935832584,-2.9681948578137014,0.033203125,0.1696650345532986,-0.0012981810811595468,0.168366853472115,-0.00022807685014198352,0.04919770725202392,0.0,0.0021464287452842225,-0.003818689584202461,-0.0084314342918645,0.0,3.3306690738754696e-14
R,98,50,-0.020804003033325507,0.0,1.2020013193969856,0.06693754012551392,-2.134757611912586,0.0,0.0,0.0,0.0,nan,0.0,0.0,0.0,0.0,0.0,0.0,3.3306690738754696e-14
R,98,51,-0.04179414273846992,-0.006414648308311037,7.580136295965328,5.071754507338599,-4.620629901258695,0.03125,0.10218674903896352,-0.20266723548670568,-0.10048048644772223,-0.041819539075326054,0.02821070303343997,0.0,-0.0035398787459802847,-0.006091678846763786,0.019766570202628515,0.0,3.3306690738754696e-14
R,98,52,0.08420716217377197,0.0006173800480535937,7.333980809902065,3.1173944489171204,8.581154099713949,1.0,1.2873127251189969,-0.7168732085755365,0.570439516543459,-0.043075522483106886,-0.03193348819605612,0.0,-0.010309986686219677,-0.006746641980090335,0.07297719763212078,0.0,3.3306690738754696e-14
R,98,53,-0.026362443281253926,0.0,1.8115199229505918,0.20816604117049056,-2.745338737060629,0.0,0.0,0.0,0.0,nan,0.0,0.0,0.0,0.0,0.0,0.0,3.3306690738754696e-14
R,98,54,-0.07070389808812215,0.003894218249226878,6.7489270064290166,2.2968127421288953,-5.847373533309455,0.0,3.457000662784048,-0.004787586583230752,3.452213076200799,-0.00019076653135965475,-0.029776318391743297,0.0,0.002958537169675134,0.01115041706836973,-0.0030676890012425314,0.0,3.3306690738754696e-14
R,98,55,-0.05840812554170414,-0.005088280973008549,7.317426355627651,3.692890131852199,-6.644047855876796,0.001953125,0.14248379474931208,-0.21616208843325166,-0.07367829368394041,-0.03912987270672088,0.001256325728415837,0.0,-0.0017075513273344509,-0.0063078908612475715,-0.0002453369013643695,0.0,3.3306690738754696e-14
R,98,56,-0.03918413657054757,0.0003404189138919144,7.323567729325335,4.115993170314199,-2.252513128599452,0.107421875,1.3977215906989353,-0.8478296939358693,0.5498918967630573,-0.04896047111675657,0.002416389187683936,0.0,-0.005489796472230009,-0.004978658961900288,0.012614098559178031,0.0,3.3306690738754696e-14
R,98,57,0.042144786214707054,0.0038483817884391114,7.906261597092805,4.0153881168337815,4.844862829045199,0.984375,1.466627600046419,-2.011071505670377,-0.5444439056239361,-0.10501864494657089,-0.02371153794542886,0.0,0.007903006649624386,0.003955208541003455,-0.06591910352822163,0.0,3.3306690738754696e-14
R,98,58,-0.042990564933405744,-0.004209830464398173,6.9407625609139165,4.99898318011463,-5.26986420122357,0.009765625,0.29007152779566575,-0.3419495419905001,-0.05187801419484117,-0.045737486236573664,0.015860680163628748,0.0,0.00017100156345600687,0.002023151745542775,0.0007102359847223872,0.0,3.3306690738754696e-14
R,98,59,-7.28576202646411e-05,-0.0017550048365332512,7.466572731679496,2.3035159200912485,-0.05629176147980335,0.4375,2.95371872717368,-1.463412500337212,1.4903062268364664,-0.05702048363626048,-0.01984532958486176,0.0,-0.0008947764081127317,0.0013740217305820226,-0.024606699762936154,0.0,3.3306690738754696e-14
R,98,60,-0.023798888126683387,-0.00833105674075564,6.502525312979526,2.7693181249998275,-1.0249420243552776,0.298828125,1.2369622418141653,-0.7415128392318432,0.49544940258233083,-0.05126587880997467,0.05233763431113909,0.0,-0.008661318920029753,-0.00809118581004701,0.06303424363676217,0.0,3.3306690738754696e-14
R,98,61,-0.04923202557308416,0.012962381338239709,5.837746137010044,2.8035905659766347,-5.135989887201964,0.021484375,1.6884426583304646,-0.9839509641815858,0.7044916941488637,-0.06485673725091971,-0.027336648317330917,0.0,0.005141152648265028,0.008773003047596777,-0.014576993978028998,0.0,3.3306690738754696e-14
R,98,62,-0.049926925143933786,0.0,3.4144912691644094,1.0227122337323542,-5.603052788791725,0.0,0.0,0.0,0.0,nan,0.0,0.0,0.0,0.0,0.0,0.0,3.3306690738754696e-14
R,98,63,-0.017698022262108253,-0.012830342058443465,6.851552309135934,2.6759332352176872,-1.1549796520722029,0.294921875,0.39826213628077733,-0.5741447056150932,-0.17588256933431978,-0.06639232560762429,0.05194313408743529,0.0,-0.009184748589706606,-0.012201001531296678,0.0475719241510705,0.0,3.3306690738754696e-14
R,98,64,-0.05490961030427941,0.00018466998747554634,6.888618502637616,3.546977364364833,-6.5040548687084865,0.001953125,0.0434547393884875,0.08367083933149937,0.1271255787199692,0.02913355090261747,-0.0001364767546377664,0.0,0.0,0.0006116370129849222,0.0,0.0,3.3306690738754696e-14
R,98,65,-0.04590720788724421,-0.0003597212801521143,6.950718846524894,1.895668133742051,-4.03291064346763,0.005859375,0.11545032005454364,-0.16719052930430678,-0.05174020924974343,-0.035396016149673276,0.0050872675058716895,0.0,-0.0008002590619405371,-0.0018187317677520497,0.004474903311145743,0.0,3.3306690738754696e-14
R,98,66,-0.039134251764171867,-0.007681275561136475,7.038695846964902,3.092104447950947,-4.086236505109805,0.0234375,0.14967012549072592,-0.438309461705818,-0.2886393362151054,-0.08048057853739556,0.01626386845610903,0.0,-0.0017153827925818516,-0.0032794501989790634,0.005033571773416676,0.0,3.3306690738754696e-14
R,98,67,-0.044035453535621966,-0.003807250442837448,6.67652788117922,3.054089674572329,-5.061778215693756,0.001953125,0.08616809662300039,-0.3022602332954995,-0.2160921366725077,-0.07711291147598,0.0037338714049833196,0.0,1.4076750649481395e-10,-0.0024551778606481237,0.0,0.0,3.3306690738754696e-14
R,98,68,-0.028770783071547845,0.0,1.7281054923349664,0.21318066388090393,-3.7333665114957384,0.0,0.0,0.0,0.0,nan,0.0,0.0,0.0,0.0,0.0,0.0,3.3306690738754696e-14
R,98,69,-0.03790796007754635,-0.004224951825173257,6.776754867029328,2.2043379358027724,-3.745926205104588,0.005859375,0.1467687287660855,0.07855762863102694,0.22532635739712248,0.01512933456682014,0.014271810560778935,0.0,0.0007243459674415989,-0.0019470718079715804,-0.0042888749589504675,0.0,3.3306690738754696e-14
R,98,70,-0.030912013037573623,-0.007288103009326433,6.791615576954413,2.8927541222148614,-3.2643854635123835,0.037109375,0.13890934932707172,-0.09002190068168607,0.048887448645373865,-0.01778194850724256,0.023265231794987754,0.0,-0.001571525386754395,-0.0017014619456580372,0.0064126469156603975,0.0,3.3306690738754696e-14
R,98,71,-0.045794651517395805,0.00487728510012988,6.301707177504963,3.0591248172127123,-3.2228109067667643,0.017578125,2.264865971260267,0.1811475647848092,2.446013536045079,0.00955043234012153,-0.013486026505609114,0.0,0.0009213484695743434,-0.0041585988430634475,0.0015395756455765268,0.0,3.3306690738754696e-14
R,98,72,-0.029367179083121708,0.0,1.9873864938811214,0.23350415584358789,-2.9700679795314366,0.0,0.0,0.0,0.0,nan,0.0,0.0,0.0,0.0,0.0,0.0,3.3306690738754696e-14
R,98,73,-0.062052101734238654,0.0016062805489684476,5.876907850134453,1.8836558490345094,-5.462472334517096,0.0,0.03486332979729591,0.043666927762826,0.078530257560125,0.019897079211158755,-0.0009161211134097796,0.0,-1.9815905145559534e-05,0.0005975226760005616,0.0,0.0,3.3306690738754696e-14
R,98,74,-0.012978699458379159,-0.00764748426912106,7.156807658173041,2.819472500388086,-1.3057720463876579,0.228515625,0.3494563486194677,-0.317326755010518,0.03212959360897827,-0.037502557193175176,0.05105683614597291,0.0,-0.0047460719122830826,-0.005894540780752076,0.0392518074482733,0.0,3.3306690738754696e-14
R,98,75,-0.030759383742647792,0.0,1.9017590965380784,0.22963378148680116,-3.5455011504371097,0.0,0.0,0.0,0.0,nan,0.0,0.0,0.0,0.0,0.0,0.0,3.3306690738754696e-14
R,98,76,-0.026515646148069134,-0.007542983827747499,6.892540881050225,1.8683228100715508,-2.4906398115579744,0.06640625,0.15905203659197076,-0.19193211018398332,-0.03288007359201828,-0.034911513310288605,0.029200374499618948,0.0,-0.002082155752072957,-0.006844910742371693,0.012272908268083471,0.0,3.3306690738754696e-14
R,98,77,-0.04714652562762815,-0.0007676029969230988,6.854771174780562,2.6729977275838657,-6.792899917713372,0.0,0.0056845026106232,0.002079736475718883,0.007764239086348823,0.0020120516092938124,0.000961523787103212,0.0,-0.000550126303189282,-0.0007678249136860153,0.0009618531082692298,0.0,3.3306690738754696e-14
R,98,78,-0.02943566195931546,-0.001191464899439239,6.36639385364294,3.7799615699805527,-1.6629768918582952,0.1875,1.3345102931849113,-1.1439734393667265,0.1905368538181662,-0.07777347051136224,0.00907311958997282,0.0,-0.0002537295984401848,-0.002346000229093134,-0.00466533371473603,0.0,3.3306690738754696e-14
R,98,79,-0.0033615959389640105,-0.016793732008168027,7.140235247686876,3.676455026434134,-1.02111643786026,0.30859375,0.3866761323879306,-0.24560787151743,0.14106826087047608,-0.02765833816020584,0.13116339054632778,0.0,-0.011738912723985221,-0.015089514797163788,0.11539254292176324,0.0,3.3306690738754696e-14
R,98,80,-0.03037757729989422,0.0067091381905792806,6.624348152627963,2.158267180847065,-2.976500397791675,0.01953125,0.25899530472724686,-0.10444162018566905,0.15455368454158247,-0.01549011028577321,-0.012998298747862088,0.0,-0.000787455259379218,-0.003541535142621612,0.003594372319724165,0.0,3.3306690738754696e-14
R,98,81,-0.06385268338561552,-0.0029817927144384685,6.118946723236671,1.6082555358254835,-6.50279549993939,0.0,0.05945253374232042,-0.1816392762471738,-0.1221867425048373,-0.06087204766845337,0.002287741111507732,0.0,0.0,0.0,0.0,0.0,3.3306690738754696e-14
R,98,82,-0.04502079350756076,-0.0033679376066379036,7.041060966527347,2.413143424424791,-3.945263320037797,0.005859375,0.22721664512828038,-0.250261199365622,-0.023044554237365844,-0.03728252773097728,0.0039319426272003775,0.0,8.311234687054672e-05,0.001730378499907639,-0.0005192837640788257,0.0,3.3306690738754696e-14
R,98,83,-0.012611758112092392,0.0,0.6790761684980138,0.034054854291128554,-1.4035295674815735,0.0,0.0,0.0,0.0,nan,0.0,0.0,0.0,0.0,0.0,0.0,3.3306690738754696e-14
R,98,84,0.0423813671869186,-0.007616097543381774,7.538226151434134,3.3698963794527064,6.96819611130198,1.0,3.1381713895257697,-3.225643180491509,-0.08747179096572921,-0.12077549797021625,0.08686040596527976,0.0,-0.011326320524097598,-0.011183147078146273,0.15118656270339426,0.0,3.3306690738754696e-14
R,98,85,-0.08200057661177161,0.0,5.989424660181004,1.8300830024873138,-7.736595038248786,0.0,0.0,0.0,0.0,nan,0.0,0.0,0.0,0.0,0.0,0.0,3.3306690738754696e-14
R,98,86,-0.03241932254485971,0.018153978604051213,6.173456577269373,5.041420159064355,-3.2613667182442327,0.056640625,3.5984599030982123,-2.620885765131603,0.9775741379665845,-0.11190032933883173,-0.07442258092819688,0.0,0.002383869016461065,0.011586922713275053,-0.007356001984428362,0.0,3.3306690738754696e-14
R,98,87,-0.044367657357502234,0.013073228128818384,6.358698791539901,3.5279298108521573,-4.020706874783715,0.009765625,4.207038221379173,-1.3400570144232016,2.8669812069559626,-0.051373221323936825,-0.05089842350068475,0.0,0.003837225173050015,0.008630859577221732,-0.0072994641267006555,0.0,3.3306690738754696e-14
R,98,88,-0.044293567889215,0.0033177034345090732,6.35756761760509,4.530421476279609,-4.001978994870762,0.03515625,1.0430700178870498,-0.29885139635240376,0.7442186215346425,-0.023013229828096764,-0.0027509113583521275,0.0,-0.0014532146733286864,0.0014473798553585853,0.006779685930673919,0.0,3.3306690738754696e-14
R,98,89,0.010207822851656119,-0.008384677568125084,7.441747756328318,2.808139103699563,3.4736970386719843,0.970703125,1.3479422821213332,-0.9384990193490281,0.4094432627722995,-0.054311679654292025,0.0680128776298201,0.0,-0.006241282702255691,-0.010205699430691903,0.08086546610309167,0.0,3.3306690738754696e-14
R,98,90,-0.024214057681909217,-0.01060451349954116,7.23065843581496,3.984994546149805,-1.965254156032578,0.169921875,0.8624665918711862,-0.953249474030071,-0.09078288215887653,-0.07097862652574749,0.04787596575714356,0.0,0.0028548009915390815,-0.005193347035002467,-0.00852704761635458,0.0,3.3306690738754696e-14
R,98,91,-0.04738464899978402,-0.0033292341880932883,6.673857337194593,1.8136779073296974,-4.959772738660798,0.001953125,0.08552981015369351,-0.1505834023201409,-0.06505359216646411,-0.03857548872716236,0.003968930935769885,0.0,8.455735554221341e-05,9.63868668600762e-05,0.0,0.0,3.3306690738754696e-14
R,98,92,0.03204070551448834,0.003418676448356041,7.661773481968998,3.212398709747779,7.4021058449538994,1.0,4.950166044111065,-2.8737798106012353,2.076386233509801,-0.08429160091088388,-0.01982888697563584,0.0,-0.005612344357860838,-0.0013397632846488487,0.05181312161217091,0.0,3.3306690738754696e-14
R,98,93,-0.0545950313838946,-0.0032039677630842658,5.8472769451371285,1.9622548462251004,-4.283573701863734,0.001953125,0.055744052039004094,-0.16249434167517202,-0.10675028963615318,-0.05885119908888175,0.0016447738088540263,0.0,0.0,-0.003170513082072924,0.0,0.0,3.3306690738754696e-14
R,98,94,-0.0491024611343461,0.0036804487745958313,6.0325490011893885,2.0661123218411652,-4.220177227178876,0.001953125,0.787942852799869,0.29649023687467096,1.0844330896745475,0.02768421305374916,0.015370598180811627,0.0,1.4031431827770206e-07,-7.836261217135796e-06,0.0,0.0,3.3306690738754696e-14
R,98,95,-0.046513162344349344,-0.0009161001404320327,6.502136870946868,2.9358297381932585,-5.048282323591249,0.001953125,0.033451722170639256,-0.014098871774745232,0.019352850395911503,-0.005927738236012978,0.0018496328639629887,0.0,9.818385089082375e-09,-0.0020117026495946834,0.0,0.0,3.3306690738754696e-14
R,98,96,-0.026612029430796203,-0.0067690992117771746,6.363444882059095,3.298227994028739,-3.4572552240474947,0.03515625,0.12133823812717079,-0.15468343034253235,-0.033345192215371355,-0.03489174340189097,0.01956960201464723,0.0,0.00048056973804593814,-0.0031311756895273887,0.004412985912487206,0.0,3.3306690738754696e-14
R,98,97,-0.028282184518502618,-0.0029176329213553296,6.760743941683646,2.503681462438812,-4.220465738910612,0.01171875,0.07141773276898315,-0.11899122189904979,-0.0475734891300732,-0.032929672497146775,0.009240653267226282,0.0,-0.0005181340235808142,-0.0010145046479158979,0.0012801734962452033,0.0,3.3306690738754696e-14
R,98,98,0.021268576704104057,-0.011104493019585666,7.6839281596244815,3.236426948494951,1.474814491270119,0.791015625,2.4297570434308815,-2.184284111039758,0.24547293239110957,-0.0911831120175236,0.0646725251347275,0.0,-0.004280604838715256,-0.01031007990452648,0.035871793570618836,0.0,3.3306690738754696e-14
R,98,99,-0.029176125755096722,-0.008426815566090972,6.890948681527395,3.8537972296279905,-2.6204773472433907,0.10546875,0.38236474474025994,-0.3487491974125018,0.03361554732776284,-0.04092279466035472,0.0364173221636677,0.0,-0.00271296856133594,-0.005720227048929089,0.02123741463367529,0.0,3.3306690738754696e-14
R,99,0,-0.02281334720628922,0.00962541887826532,7.021187667673612,2.4030235646265132,-2.1103099619670127,0.103515625,2.2340829596856393,-1.5614564137976845,0.6726265458879581,-0.07439429643514532,-0.05729333326946308,0.0,0.0015218910266134003,0.006231192057505406,-0.01491758696752306,0.0,3.645694857112858e-14
R,99,1,-0.059309262445859365,-0.0001184983498298644,6.817724257083624,4.008521097106249,-7.788790486317057,0.0,9.796275839777226e-05,-0.003410923075351253,-0.0033129603169328448,-0.02527388439092267,9.022579989135833e-05,0.0,0.0,0.0,0.0,0.0,3.645694857112858e-14
R,99,2,-0.033387651410818335,0.0007086448489533259,5.152443323724629,1.1679820038577642,-3.5369930503766644,0.0,0.10851501790189298,0.057139122908503266,0.165654140810382,0.016832376142342783,-0.00026265050831562225,0.0,0.0003040287697795251,-0.002228734528272275,-0.0008120425416058849,0.0,3.645694857112858e-14
R,99,3,-0.016453386670667786,-0.0009284528610221203,7.236062901905839,4.243545329039533,-2.2191752407586116,0.142578125,0.9115325658538463,-0.269228010687905,0.6423045551659499,-0.019485063191135805,0.003801374375461306,0.0,-0.0008299323906853994,-0.0013498648438274236,0.0026977464107833817,0.0,3.645694857112858e-14
R,99,4,-0.023254965130481465,0.007225765432868158,7.39602108370127,3.9069621143424365,-1.4504409730612087,0.166015625,2.1630657938735807,-1.3971026787666267,0.7659631151069775,-0.06421926406904047,-0.03690263093342432,0.0,0.0004410766176041928,0.007396513406630982,0.0036989388919126467,0.0,3.645694857112858e-14
R,99,5,-0.04202512844664611,0.008853283840510689,6.2763232837363105,3.326795669770759,-1.6451564356378,0.23046875,3.5854147612155947,-0.22952827306465806,3.3558864881509365,-0.009656754420412946,-0.00866345420285964,0.0,0.009443360933940367,0.006121325260256546,-0.03128072097464415,0.0,3.645694857112858e-14
R,99,6,-0.06697446233955612,-0.00019574504678567634,7.153376619891959,2.3900665770096876,-7.5183538247089565,0.0,0.02807879718818576,-0.09755364664320232,-0.0694748494550339,-0.0406923875271589,0.00031686960260498843,0.0,-0.0002283830613958678,-0.0005708767710121742,0.0005705843596797331,0.0,3.645694857112858e-14
R,99,7,0.027688936307399395,-0.0012521845143723754,7.511429118200242,4.161928851382958,3.6135836266578187,0.955078125,0.8010473991817405,-1.439376684145269,-0.6383292849635467,-0.10705150741607644,-0.002359412893228519,0.0,0.0011208037578064847,-0.00017303413658143583,0.0075898596507594385,0.0,3.645694857112858e-14
R,99,8,-0.025944437793627078,-0.000815003058974347,6.728628982127048,3.34540000999694,-2.7470641667525544,0.076171875,0.5555307391109621,-0.21719719874110277,0.3383335403698453,-0.02165427235706605,0.012269931632682002,0.0,-0.0007480479695487348,-0.0012481158779448758,0.00576514779772549,0.0,3.645694857112858e-14
R,99,9,-0.04446180812441043,-0.00462196381470546,4.676676264462613,1.3695236898760024,-3.193350438673711,0.001953125,0.5051282776602554,-0.13570171094495725,0.3694265667153047,-0.02041348618997115,0.009146638993806754,0.0,0.0,-0.003203505700277712,0.0,0.0,3.645694857112858e-14
R,99,10,-0.02685014931800039,-0.005674724330507454,6.86645044753777,3.0610537329118395,-3.689570250297896,0.01953125,0.11252498265742719,-0.2660394595210751,-0.1535144768636485,-0.05775097138833106,0.014553767312343023,0.0,-0.0005369985920712066,-0.0017615970367359653,0.002898780203321253,0.0,3.645694857112858e-14
R,99,11,0.012363743090515657,-0.009268735192804634,7.06654476869925,3.426300399630246,0.7868222337403359,0.638671875,0.8590122947084038,-0.9680360301666056,-0.10902373545822286,-0.07390174984782825,0.11012312236927528,0.0,-0.0047961698707453876,-0.009316624566982143,0.09402735874598274,0.0,3.645694857112858e-14
R,99,12,-0.04576325199968314,-0.0014213793028226736,7.1855872367693685,2.896941024602686,-4.334715992537438,0.021484375,0.05314677499780823,0.008533486329946494,0.06168026132777271,0.0025757029598170223,0.006527519500656891,0.0,8.216575546686392e-05,-0.0011221397217570706,0.0025747468100908518,0.0,3.645694857112858e-14
R,99,13,-0.01217482497702349,0.0,0.6439484570367167,0.02724612456491355,-1.290933659001166,0.0,0.0,0.0,0.0,nan,0.0,0.0,0.0,0.0,0.0,0.0,3.645694857112858e-14
R,99,14,-0.03843358411522415,0.007907844174765997,6.131717659910697,2.3186244886679677,-3.764406400048451,0.013671875,2.087192789613008,-0.38854937145433766,1.6986434181586532,-0.02193071459267168,-0.010325872971383796,0.0,0.002023057646956473,0.01161118079334282,-0.006815807471637873,0.0,3.645694857112858e-14
R,99,15,-0.015685971079594182,0.0,0.8622441507448655,0.04480812691294878,-1.573645608276706,0.0,0.0,0.0,0.0,nan,0.0,0.0,0.0,0.0,0.0,0.0,3.645694857112858e-14
R,99,16,-0.07204659080533168,-0.00163571733912472,6.052201510782342,2.5350048559875273,-6.77069772257482,0.001953125,0.03656742045293183,-0.1500668623990154,-0.11349944194609662,-0.06483272328702412,0.00021991150929542537,0.0,-0.00030946078037900123,-0.0016354184959449663,0.00021991150929542537,0.0,3.645694857112858e-14
R,99,17,-0.03618486479892305,-0.007523112477670393,6.762340868360315,2.988358991342089,-1.1529448842125198,0.28125,0.5907051464770466,-0.01286323562451322,0.577841910852527,-0.0012374788743230152,0.04115408831086468,0.0,-0.002384918597624851,-0.003980723757306305,0.012991356893800283,0.0,3.645694857112858e-14
R,99,18,-0.03159735116562898,0.0,1.852068432648664,0.17739152373624303,-3.6550525820860646,0.0,0.0,0.0,0.0,nan,0.0,0.0,0.0,0.0,0.0,0.0,3.645694857112858e-14
R,99,19,-0.051805312353262335,-0.0075808202029144685,7.062974296683095,2.959851791024557,-4.105701598293734,0.009765625,0.19040303452254567,-0.36433113698867825,-0.17392810246613521,-0.05910738349449119,0.007337894428968555,0.0,-0.003139185525339729,-0.006794796934887666,0.0029023687714950725,0.0,3.645694857112858e-14
R,99,20,-0.04335332385098623,-0.006352597603465111,7.776894741860671,3.583117050925876,-3.745687339925585,0.0625,0.2231068949127731,-0.34454160397416705,-0.12143470906138276,-0.04689742079692355,0.018168127793042936,0.0,0.0006639671358113575,-0.0032659028429592647,0.0009129012320960241,0.0,3.645694857112858e-14
R,99,21,-0.028490767590037835,0.0,1.520751903361907,0.1262382654756681,-2.795343758264516,0.0,0.0,0.0,0.0,nan,0.0,0.0,0.0,0.0,0.0,0.0,3.645694857112858e-14
R,99,22,-0.07684077962334859,0.0,6.109685463213494,1.801112092188404,-9.931320001311613,0.0,0.0,0.0,0.0,nan,0.0,0.0,0.0,0.0,0.0,0.0,3.645694857112858e-14
R,99,23,-0.03535122321354071,0.0,2.310979182889151,0.40457471484712765,-3.9621002657271447,0.0,0.0,0.0,0.0,nan,0.0,0.0,0.0,0.0,0.0,0.0,3.645694857112858e-14
R,99,24,-0.03811771238804804,-0.001921596666759296,6.918308396378332,2.2156032517620283,-5.060150591917173,0.00390625,0.03351170139628322,-0.1065094212596289,-0.07299771986330938,-0.04204940673327577,0.004809578553767614,0.0,0.00020672295296226737,-0.002526428612083822,0.0,0.0,3.645694857112858e-14
R,99,25,0.07998239893351304,-0.007102603994748534,7.594420945066235,3.957803063790192,8.429702852401867,1.0,1.163627443879414,-1.1307228271980898,0.0329046166813427,-0.06901198525403347,0.04627446917796015,0.0,-0.0071687405622785205,-0.011827932018623337,0.07512299272891274,0.0,3.645694857112858e-14
R,99,26,-0.02948869682601368,0.014588115561476735,7.13689210135814,2.470003948907054,-3.3526803020690905,0.025390625,0.8912574088381542,-0.6364113405003382,0.25484606833782664,-0.047227744686751026,-0.08632614138990731,0.0,0.0001718671764861864,0.004921865718197479,-0.0023113244003477675,0.0,3.645694857112858e-14
R,99,27,-0.06418375790610521,0.0,6.887810333548279,2.531876820777151,-8.76457400009904,0.0,0.0,0.0,0.0,nan,0.0,0.0,0.0,0.0,0.0,0.0,3.645694857112858e-14
R,99,28,-0.0027912767737986116,0.004504001015345924,4.850516346130364,1.8821848918257424,1.631322258975474,0.88671875,2.0975776641113275,-0.8547360521904781,1.2428416119208592,-0.060835212518560236,-0.04150931046807745,0.0,-0.00015945395264735666,0.0038426978276591556,-0.021011059173787597,0.0,3.645694857112858e-14
R,99,29,-0.03897169401963246,-0.0005149894084807992,6.945218487046468,4.220665098484449,-7.569518038544379,0.0,0.0010783037468289351,-0.029915647356314246,-0.028837343609481536,-0.06558612006832554,0.0005416394799055576,0.0,-4.3640505375188525e-05,-4.973877344591713e-05,0.0,0.0,3.645694857112858e-14
R,99,30,-0.07359653413836245,-0.0013448860799218543,6.287748047669571,2.877211429208654,-7.218492286775458,0.0,0.02284206743718542,-0.11755554772963914,-0.09471348029244098,-0.06185150875977048,5.4784793943468026e-05,0.0,-0.0005321839035248708,-0.0013040944412361045,5.4269805186581945e-05,0.0,3.645694857112858e-14
R,99,31,-0.015775639739832533,0.004586658134735913,7.127195890413168,3.2357680913180404,0.1623301191411716,0.53515625,2.6523965487328347,-2.3228761269990486,0.3295204217337755,-0.10005945484131058,-0.047033984654311724,0.0,0.004710254226192402,0.0063959573409211245,-0.009167336393519623,0.0,3.645694857112858e-14
R,99,32,-0.007039102461304742,0.0065042617422653905,6.261682655475465,2.54125979131062,-0.15146153771996518,0.443359375,2.235388484769745,-1.4755310212456914,0.7598574635240496,-0.07880445873588524,-0.07598228616427245,0.0,0.0045247675952201204,0.007513113884359121,-0.04931309608253674,0.0,3.645694857112858e-14
R,99,33,-0.035400726466684074,0.0,2.1382121562321426,0.4703999841945254,-4.376107373066072,0.0,0.0,0.0,0.0,nan,0.0,0.0,0.0,0.0,0.0,0.0,3.645694857112858e-14
R,99,34,-0.0530561163089188,0.00813424226240334,6.791606824429029,3.3833360512028006,-6.7923211704231745,0.009765625,2.2014305086560846,0.3832649612814891,2.5846954699375644,0.01901709145205891,-0.015600279129107247,0.0,0.00041813913660067857,0.014245101915034818,-0.0013265376031642892,0.0,3.645694857112858e-14
R,99,35,-0.041919675741990764,0.007732367459316349,6.912948533649629,2.605857353171375,-3.656109777957799,0.037109375,2.3117010884499094,-1.0262450860421222,1.2854560024078054,-0.04881934323722278,-0.017745775122121197,0.0,0.0037024301558148533,0.008902368186904729,-0.023824965532607642,0.0,3.645694857112858e-14
R,99,36,-0.03988613645976459,-0.0018727682358335852,6.771521979860245,2.81696486692766,-5.585379561598988,0.0,0.026111386097450215,-0.10146663564979622,-0.07535524955230954,-0.04636518630404055,0.0029337105846119252,0.0,-0.00042595342098621233,-0.0022381910470989073,0.003309162286435412,0.0,3.645694857112858e-14
R,99,37,-0.03811050834577386,0.009039033070324408,7.254679988814067,2.604372004137675,-3.567155360426441,0.03515625,3.7539417839448332,-1.440303154191803,2.3136386297530507,-0.051234427702310174,-0.027166462753867953,0.0,0.0006600557562334723,0.010066315493717488,-0.0021625188336571255,0.0,3.645694857112858e-14
R,99,38,-0.04931331959832445,-0.002774158609248171,5.599176708426853,2.0946044157578867,-4.926288478972213,0.001953125,0.036197988497065174,-0.16112206815199537,-0.12492407965493157,-0.07562382491235589,0.0017051483898816687,0.0,-8.909335854102154e-13,-0.0026690229871227144,0.0,0.0,3.645694857112858e-14
R,99,39,-0.0322185997528675,-0.007773319267749777,6.408040908745866,2.9025606424704695,-2.2323384981305865,0.072265625,0.15740602144751153,-0.15625449873108557,0.0011515227164267117,-0.030730284980145316,0.047684346421835506,0.0,-0.003108719962293268,-0.00707782072529472,0.029701315641646353,0.0,3.645694857112858e-14
R,99,40,-0.009971254086552535,0.006572877795851847,7.653175916922344,3.5669109615496946,-1.2743137540907552,0.23046875,2.5901681747812484,-2.6562458405683915,-0.06607766578714092,-0.10782825921870196,-0.043123628471273746,0.0,0.004518280852403686,0.006258614681057077,-0.013094272496759887,0.0,3.645694857112858e-14
R,99,41,-0.027771045206927924,0.008602148285959016,6.49104542195282,4.184680869063108,-0.5261174281683019,0.400390625,3.050278367562738,-1.2601477812223523,1.7901305863403891,-0.05557853537043569,-0.04623643343106968,0.0,0.0015509012217785774,0.00012163333803054887,-0.015239643474770248,0.0,3.645694857112858e-14
R,99,42,-0.043913260092666655,-0.0005435485763789942,7.562811767730861,3.01735961669003,-6.558922773681967,0.0,0.009245293923288243,-0.0026658097684778576,0.006579484154798365,-0.00183297063214329,0.001760673694346114,0.0,0.0002664230862545974,0.00039742643059294025,0.00014293763991985177,0.0,3.645694857112858e-14
R,99,43,-0.021687638008067868,-0.0025171315147065124,6.404240658776935,2.9796854995281032,-3.833460126715921,0.01953125,0.12684804011417974,0.10675678877640996,0.23360482889059853,0.02340216202871376,0.0076199497034252954,0.0,-0.00200724188055444,-0.004917087877699062,0.007885479939193307,0.0,3.645694857112858e-14
R,99,44,-0.05606677470050458,-0.0008181820015365992,6.520999798668124,2.011099248941606,-5.352644878624714,0.005859375,0.027221072720734887,-0.10001288045783216,-0.07279180773708305,-0.04647925252658451,0.0006383407761532643,0.0,-0.0002935873531636649,-0.0006144175714901079,0.0004888784138321503,0.0,3.645694857112858e-14
R,99,45,-0.03172828919680481,-0.0014363321078124094,6.688058404106699,2.2283545999357806,-2.908874995041107,0.060546875,0.5666949215910967,-0.6336465075267491,-0.06695158593565509,-0.06292776866331395,0.012493719765160515,0.0,0.004329989297173374,-0.0001395291667960236,-0.020180188389718905,0.0,3.645694857112858e-14
R,99,46,-0.021844393443773567,-0.007128939080739295,6.941833390964671,2.082626602102179,-1.1799815272686558,0.267578125,0.4652332455413629,-0.23069418549191412,0.2345390600494568,-0.024361111294824208,0.044641940683547016,0.0,-0.004795525653931617,-0.007763031917828795,0.02941843755845114,0.0,3.645694857112858e-14
R,99,47,-0.0310759999025619,-0.005213257126472732,7.42770264369486,3.9968335296456745,-2.551981421471148,0.119140625,0.8109958292964325,-0.6025967418804852,0.20839908741595536,-0.04504358660673375,0.02644288773252861,0.0,-0.0013048170606322987,-0.007456567066787549,0.013022832967199933,0.0,3.645694857112858e-14
R,99,48,-0.040926239386176254,-0.0037255096852147392,6.883073535263975,2.827505629255908,-4.940216797584104,0.0,0.08948118491038688,-0.11504713556154261,-0.02556595065114209,-0.02793814338204228,0.006329629947134649,0.0,-1.0406801284632967e-05,-0.00175162619282729,0.0,0.0,3.645694857112858e-14
R,99,49,-0.019438392120236483,0.0012302546667194074,6.9213756584785315,2.4223323574240405,-0.6821942454790924,0.330078125,2.7433541693180623,-1.5187504091229667,1.224603760195123,-0.06624041604280859,-0.03470547727252614,0.0,-0.0030651544031422163,0.0035704721356486697,0.010949366376912071,0.0,3.645694857112858e-14
R,99,50,-0.020804003033325507,0.0,1.2020013193969856,0.2026384964517101,-2.2334504511758353,0.0,0.0,0.0,0.0,nan,0.0,0.0,0.0,0.0,0.0,0.0,3.645694857112858e-14
R,99,51,-0.048208791046780955,0.0015792024906492157,7.573505514552904,4.561052027874739,-7.066726132877349,0.0,0.04280556645571889,-0.07231979919786237,-0.02951423274213738,-0.0230770422778886,-0.00448948999051802,0.0,0.0002779355391070641,0.0006702278516077428,-0.0009426938699433053,0.0,3.645694857112858e-14
R,99,52,0.08482454222182556,-0.0033834159289375674,7.37276841061451,5.932094506221623,6.365837671348551,0.998046875,1.4283572587744884,-1.4074710398106554,0.020886218963838132,-0.07986572832506714,0.004915438434382023,0.0,-0.009843623004218566,-0.0035922811704801228,0.09158567634937322,0.0,3.645694857112858e-14
R,99,53,-0.026362443281253926,0.0,1.8115199229505918,0.2486073432507212,-2.8418255496539078,0.0,0.0,0.0,0.0,nan,0.0,0.0,0.0,0.0,0.0,0.0,3.645694857112858e-14
R,99,54,-0.06680967983889527,-0.002501093683298567,7.000016343860043,3.3084181756581024,-5.680544641119882,0.00390625,0.3516769995583593,-0.25893061400808404,0.09274638555027792,-0.031187629678973542,0.006017612822953019,0.0,-0.0017843935665022936,-0.0027963805588736863,0.003467352237047913,0.0,3.645694857112858e-14
R,99,55,-0.0634964065147127,-0.00019277419867611725,7.312390182173694,3.0536090501446225,-6.770778590779695,0.0,0.0025331794317507116,0.03828047490332946,0.04081365433508921,0.05200618395811488,3.511287830100116e-05,0.0,6.900696388008642e-07,7.799241516016879e-07,0.0,0.0,3.645694857112858e-14
R,99,56,-0.03884371765665566,-0.003434632266668576,7.361014616394842,5.245665156883764,-5.517648546640286,0.005859375,0.02314895673551466,-0.15831742995373063,-0.13516847321822212,-0.07067980517988538,0.00550288468270849,0.0,-0.002480533441815063,-0.0028920555222100583,0.00423559938274894,0.0,3.645694857112858e-14
R,99,57,0.04599316800314617,0.00018048475048628175,7.87175511153901,4.475382057236142,5.492329699898319,0.99609375,1.003178033422032,-1.6952105142480616,-0.6920324808260361,-0.10750608828763088,-0.005487108316766793,0.0,0.0010530329556637972,0.00197860565829763,-0.00068839190160889,0.0,3.645694857112858e-14
R,99,58,-0.047200395397803914,-0.0008748438365134392,6.9370243557875355,4.019226811427933,-5.16097528282043,0.0078125,0.014988371025066017,-0.006751651745307712,0.008236719279736349,-0.003974931056894394,0.001233717937165876,0.0,-0.00014115389707772662,-0.0021303215260336486,0.0003699645416297104,0.0,3.645694857112858e-14
R,99,59,-0.0018278624567978929,-0.003272014770916533,7.565713091592641,4.562792408938082,2.8267931454299413,0.904296875,3.6849206326121484,-1.9316872654468829,1.7532333671652722,-0.06650325220199974,0.006500127516519266,0.0,0.0004107983538177701,-0.003823245701211391,-0.015116241701121972,0.0,3.645694857112858e-14
R,99,60,-0.032129944867439024,0.0023855077937585127,6.540511054078405,2.6925268476922395,-4.3670946073059635,0.009765625,0.25116035157982924,-0.13678654946775853,0.1143738021120555,-0.02086537399516239,-0.012073028701023098,0.0,0.0004631539323243634,0.0022520787392657404,-0.00321558888257721,0.0,3.645694857112858e-14
R,99,61,-0.03626964423484442,-0.0034927049559604637,5.897776839990181,2.270660965110956,-3.6078717711142407,0.021484375,0.3771642096254211,-0.03747342651370245,0.3396907831117346,-0.0051729685447017585,0.004297106677401928,0.0,-0.002319055542250922,-0.003088760419424427,0.007256071015424573,0.0,3.645694857112858e-14
R,99,62,-0.049926925143933786,0.0,3.4144912691644094,0.5441405114333464,-5.5495164870678595,0.0,0.0,0.0,0.0,nan,0.0,0.0,0.0,0.0,0.0,0.0,3.645694857112858e-14
R,99,63,-0.03052836432055171,-0.006181980725159522,6.838705029133193,3.3951790288902273,-3.231518940260428,0.078125,0.127946706604213,-0.3579975952619821,-0.23005088865775747,-0.07317482392791101,0.017116141256687572,0.0,-0.002176382430420466,-0.0049300122668590116,0.010607318900898182,0.0,3.645694857112858e-14
R,99,64,-0.05472494031680387,-0.002067719679667345,6.897839549714192,2.585824537898479,-5.078071964787929,0.001953125,0.034585156811235286,-0.09990924215992796,-0.06532408534868495,-0.03894195104319177,0.0027295384807171676,0.0,4.362155610876043e-06,4.965535555704856e-06,0.0,0.0,3.645694857112858e-14
R,99,65,-0.04626692916739632,-0.0023739417051265037,6.94699591724269,3.339664319876957,-5.299284002435971,0.001953125,0.12450899796938793,-0.09488097670639715,0.029628021262979587,-0.01935315337221876,0.002942165688156094,0.0,-0.00024591552377090434,-0.003001163589887052,-0.00016711595308617272,0.0,3.645694857112858e-14
R,99,66,-0.04681552732530834,-0.00041141781738871186,7.018162144740306,2.869650273208114,-6.850657828068982,0.0,0.0011227771150373528,-0.021421990467124136,-0.020299213352089396,-0.04554698691798104,0.00047970365718778596,0.0,-5.721028469916022e-05,-6.521100828408357e-05,0.0,0.0,3.645694857112858e-14
R,99,67,-0.04784270397845942,-0.0018925136046535206,6.660325248176021,3.456657768957916,-5.2494600978190995,0.025390625,0.32471006174133366,-0.1935746482345165,0.13113541350683988,-0.025502054648166687,0.0008590977668361491,0.0,0.001284452847042359,0.0028157403054249195,-0.0011823979723947864,0.0,3.645694857112858e-14
R,99,68,-0.028770783071547845,0.0,1.7281054923349664,0.14941565124931877,-3.2336703996684926,0.0,0.0,0.0,0.0,nan,0.0,0.0,0.0,0.0,0.0,0.0,3.645694857112858e-14
R,99,69,-0.04213291190271961,-0.0041779104764029795,6.793359469747115,5.706106009739639,-5.008397355125662,0.01171875,0.08374510623755013,-0.23758145365772343,-0.1538363474201745,-0.0604252178506077,0.009734525368106681,0.0,0.0006298763970075276,-0.005450434048261557,-0.0005569421884482227,0.0,3.645694857112858e-14
R,99,70,-0.03820011604690006,0.0027088230418689336,6.79521372686505,2.6112635620610827,-3.489757583851521,0.009765625,0.7015191724414587,-0.0683818842306173,0.6331372882108184,-0.0060074224668785065,-0.01466511461374484,0.0,-0.0018712479280167124,-0.0013369346085468985,0.005203847913064852,0.0,3.645694857112858e-14
R,99,71,-0.040917366417265934,-0.005802187217981627,6.4928827871033254,2.229833368199314,-3.778715596648591,0.005859375,0.30122960106871866,-0.11842530027847663,0.1828043007902167,-0.01661606233481394,0.009790842542598167,0.0,0.0008597728839439306,-0.0005428123147757288,0.006231154293555812,0.0,3.645694857112858e-14
R,99,72,-0.029367179083121708,0.0,1.9873864938811214,0.374381949097862,-3.223116317517161,0.0,0.0,0.0,0.0,nan,0.0,0.0,0.0,0.0,0.0,0.0,3.645694857112858e-14
R,99,73,-0.060445821185270206,-0.0017233352414130392,5.8835853131005145,1.79000772528538,-6.2898112406916855,0.0,0.028027934099387468,-0.038630276653605876,-0.010602342554236088,-0.019609215697130557,0.0009087744364680631,0.0,4.700160140174022e-05,5.3577318627800684e-05,0.0,0.0,3.645694857112858e-14
R,99,74,-0.020626183727500223,-0.011058952703237718,7.1590519937833434,3.2721322955261725,-1.8846594592461545,0.138671875,0.2864762049945448,-0.5199443943485242,-0.23346818935399938,-0.06784644720691355,0.049482824848026755,0.0,-0.004177077380935938,-0.007776721739613709,0.022359416650543022,0.0,3.645694857112858e-14
R,99,75,-0.030759383742647792,0.0,1.9017590965380784,0.23198426928638194,-3.2575452302322483,0.0,0.0,0.0,0.0,nan,0.0,0.0,0.0,0.0,0.0,0.0,3.645694857112858e-14
R,99,76,-0.03405862997581663,0.0014422817696552585,6.890155275707261,3.195219116074629,-1.2838016685549043,0.244140625,1.9191064260965294,-0.43179613469271727,1.4873102914038085,-0.022618834120679512,-0.007168266093548125,0.0,-0.0014902879034447585,0.0033844177383909884,0.010865611643782667,0.0,3.645694857112858e-14
R,99,77,-0.04791412862455125,0.00011473956652592258,6.855337489700185,2.564055455015101,-5.135266868508938,0.001953125,0.06946887237517174,-0.09477011738456122,-0.02530124500938058,-0.026225118430948303,0.0004738926026091818,0.0,2.515454809549645e-05,6.163856823131566e-05,-5.566358349655334e-05,0.0,3.645694857112858e-14
R,99,78,-0.0306271268587547,-0.0022047519719772166,6.381340576518445,1.8991460439079926,-3.6949320304724296,0.009765625,0.031127177852550952,-0.12450299879050863,-0.0933758209379505,-0.05529272819309336,0.009718844766624867,0.0,-3.153569827079585e-05,-0.0008209836864157944,0.0016722540305004927,0.0,3.645694857112858e-14
R,99,79,-0.020155327947131995,-0.006776882703944665,7.150106828095685,2.5251658473045433,-2.354551430813922,0.083984375,0.11831351400993109,-0.3091214759567923,-0.19080796194683103,-0.0628448183728989,0.03551457805482998,0.0,-0.003276782913287336,-0.005065399286594377,0.02196887352380998,0.0,3.645694857112858e-14
R,99,80,-0.02366843910931493,-0.0020120510138143333,6.6360034758706306,3.0221001407554433,-5.862479425761705,0.0,0.008978876872104864,-0.0341521911761697,-0.02517331430406955,-0.027156322922913357,8.588118619786033e-05,0.0,-0.0017262855642410592,-0.001967888715366176,0.0,0.0,3.645694857112858e-14
R,99,81,-0.066834476100054,0.0,6.10895426888301,1.8648596333176521,-8.126113665966452,0.0,0.0,0.0,0.0,nan,0.0,0.0,0.0,0.0,0.0,0.0,3.645694857112858e-14
R,99,82,-0.04838873111419867,-0.003261787576701297,7.0394243358471895,2.786962325967592,-5.059733823690554,0.00390625,0.04403349455607801,-0.09439854848561044,-0.050365053929503745,-0.03195262916063992,0.002291167087676796,0.0,-9.156696310407026e-05,-0.0032753532578885356,0.0006631439012503348,0.0,3.645694857112858e-14
R,99,83,-0.012611758112092392,0.0,0.6790761684980138,0.03274262633876895,-1.4031350834778271,0.0,0.0,0.0,0.0,nan,0.0,0.0,0.0,0.0,0.0,0.0,3.645694857112858e-14
R,99,84,0.03476526964353682,0.0017043247427530011,7.53242203538807,3.1127430738353215,1.7562286958653373,0.81640625,1.4696262456154536,-1.4049206226294226,0.06470562298601834,-0.07692786809640297,-0.031125646777029572,0.0,-0.0012667431305720925,-0.0014464598447078494,0.022571789337798902,0.0,3.645694857112858e-14
R,99,85,-0.08200057661177161,0.0,5.989424660181004,3.2817687572225815,-8.097692940655765,0.0,0.0,0.0,0.0,nan,0.0,0.0,0.0,0.0,0.0,0.0,3.645694857112858e-14
R,99,86,-0.014265343940808504,7.97952356040299e-05,6.2521308567077405,2.4447003913090173,-1.0974192745485163,0.267578125,1.831558889842222,-0.9069876632625342,0.9245712265796868,-0.053596062081493825,-0.006810570994892177,0.0,-0.003333698138889378,-0.0029014030921367924,0.020727637706081697,0.0,3.645694857112858e-14
R,99,87,-0.031294429228683855,-0.0035352666883338778,6.580275946226492,2.9422367374250076,-2.885007543217634,0.06640625,0.38627408274704494,0.1439847965077405,0.5302588792548022,0.017603326737180777,0.009909237804032278,0.0,-0.0011550467849646136,-0.005333219270865736,0.001281395618580758,0.0,3.645694857112858e-14
R,99,88,-0.040975864454705926,0.005502897546815507,6.415830782833623,2.999293833778246,-3.75061282599201,0.01953125,2.101299986205783,-0.3390860453881793,1.7622139408175883,-0.018229845666031762,-0.02395658689030411,0.0,0.0015336722446813744,0.0042706471658118745,-0.007182862009396939,0.0,3.645694857112858e-14
R,99,89,0.0018231452835310365,0.0005300045075793118,7.469206981439854,3.109181396785061,0.9420748784091428,0.7265625,1.0324058985035265,-0.8562259994895107,0.17617989901403064,-0.056410335465691505,0.002590242495338119,0.0,-0.005076307994349176,-0.0054834851891465254,0.04286532041947414,0.0,3.645694857112858e-14
R,99,90,-0.03481857118145037,-0.002711775685810955,7.224378072420017,4.095218605657589,-1.9764425156513248,0.208984375,0.665878443775383,0.07743989951617335,0.7433183432915413,0.006568055915675632,0.0055247560846553015,0.0,0.002713496988170456,-0.004063618924006656,-0.019366504946440186,0.0,3.645694857112858e-14
R,99,91,-0.050713883187877305,-0.005087238260181716,6.668981793726808,2.3978891957279473,-4.434297349250816,0.0078125,0.09559873891269823,-0.22811288718367048,-0.13251414827095687,-0.05531389133770887,0.003636922026124182,0.0,-0.0019527895172971941,-0.005953034406985004,0.0018057463037665933,0.0,3.645694857112858e-14
R,99,92,0.03545938196284438,-0.005667538850911103,7.796098968234892,4.2273668169881855,7.2969393658602755,1.0,3.4957504748659307,-2.98890835260119,0.506842122264743,-0.1025262438118472,0.06865699635916721,0.0,-0.010938038345612973,-0.0076761235668898874,0.11604304704505942,0.0,3.645694857112858e-14
R,99,93,-0.05779899914697886,0.0,5.838141603583801,2.3613637897424695,-6.358412128995073,0.0,0.0,0.0,0.0,nan,0.0,0.0,0.0,0.0,0.0,0.0,3.645694857112858e-14
R,99,94,-0.04542201235975027,0.006201599110551942,6.12177102981038,2.264711833460916,-5.18257270982838,0.001953125,0.7776693953242563,-0.13057888490978348,0.6470905104144578,-0.012093955719188249,-0.007803039946117351,0.0,0.00039715162213780085,0.0026926357102787053,0.0,0.0,3.645694857112858e-14
R,99,95,-0.047429262484781375,0.011652116326535619,6.5036248922368385,5.358901162116419,-3.5141109018844334,0.08203125,4.07569889601441,-0.1417298152148317,3.933969080799571,-0.005397276840309589,-0.06220744658228228,0.0,-0.0006307262656449966,0.009304633446938201,0.006099587663587301,0.0,3.645694857112858e-14
R,99,96,-0.033381128642573386,-0.0013044111127207857,6.360824284225176,2.2559450545335586,-5.290930893983338,0.0,0.005164798048059364,-0.05350319833998103,-0.04833840029190384,-0.058520722299089084,0.002307160982331948,0.0,-3.222599309306041e-05,-0.00040817780388481746,9.894582676917726e-05,0.0,3.645694857112858e-14
R,99,97,-0.031199817439857946,0.006884382368799401,6.757224663712318,3.5278898826291725,-2.902036304511961,0.048828125,1.9214154007102753,-0.42675950197154455,1.494655898738742,-0.02278107488906324,-0.02419164773095991,0.0,-0.002836559325909807,0.00044780363659625307,0.012051523673403371,0.0,3.645694857112858e-14
R,99,98,0.010164083684518415,-0.021171555062451535,7.699884732556792,5.548719288837171,2.1649788120619844,0.8203125,1.0196980456356513,-1.0571478193273003,-0.037449773691633936,-0.06798071144276994,0.15286911007536969,0.0,-0.010312037720240723,-0.01649587105067459,0.09898469095003595,0.0,3.645694857112858e-14
R,99,99,-0.03760294132118769,-0.008214800956401246,6.89338735882236,3.3970543750733904,-3.0810891913556175,0.0625,0.24172845982365473,-0.5002847295698761,-0.25855626974622226,-0.07380583115725518,0.026890371138750802,0.0,-0.0029605290763690707,-0.007556794137914893,0.009845479365613861,0.0,3.645694857112858e-14
R,100,0,-0.013187928328023896,-0.015952410370842638,7.068925152424516,4.820818280328281,0.36434822060811584,0.583984375,0.9543997566213587,-0.7279083121996297,0.2264914444217112,-0.052702126592720326,0.11007123985583385,0.0,-0.008907994644167569,-0.014768079845879935,0.08693056887338446,0.0,4.5347406385509714e-14
R,100,1,-0.059427760795689226,-6.596093620011201e-08,6.817481286025618,3.8792719793893284,-5.006492014644957,0.00390625,1.4027896866473566,-0.7927538641452707,0.6100358225020841,-0.04908944650104055,0.008952671669707486,0.0,0.0006325911096183164,0.00664419887508135,-0.0011142187052172272,0.0,4.5347406385509714e-14
R,100,2,-0.032679006561865,0.0009154608439103517,5.168493624355639,1.9015312989815005,-3.6149052307711504,0.005859375,0.08685198476838814,0.013655655312192289,0.10050764008058977,0.004482586633003424,-0.0009535150531901115,0.0,-0.000643342583186625,-0.0006647869969704198,0.0004452679093008452,0.0,4.5347406385509714e-14
R,100,3,-0.017381839531689904,-0.011544832680310356,7.280309806285987,2.5262903078061356,-1.911920979616314,0.119140625,0.2085414501665614,-0.42247335648826234,-0.21393190632171866,-0.06353649806407857,0.05397349679117237,0.0,-0.005050714243313393,-0.008874752723734362,0.03050975033156355,0.0,4.5347406385509714e-14
R,100,4,-0.01602919969761332,0.0028034577054888866,7.447623176937773,2.559201910791163,-0.40329442617699207,0.408203125,3.056786456171083,-1.6786417384496568,1.378144717721426,-0.06445814108955147,-0.04213236414154914,0.0,-0.003243813677820108,0.006621253136064316,0.02356720064901882,0.0,4.5347406385509714e-14
R,100,5,-0.033171844606135426,-0.00666505123426389,6.538204680959558,4.09135476515139,-4.224680121507164,0.0390625,0.16072841916253272,-0.1797337345370812,-0.01900531537454242,-0.03428425792923573,0.01717753971076075,0.0,-0.0028297896682191524,-0.003917064073865897,0.00786641810629448,0.0,4.5347406385509714e-14
R,100,6,-0.06717020738634179,-0.0007764982290015669,7.148518882717026,3.885257290695765,-8.687244718720557,0.0,0.039259654544973675,-0.0022433771735039937,0.037016277371499484,-0.0007919230708508612,7.757349117093904e-05,0.0,0.0,0.0,0.0,0.0,4.5347406385509714e-14
R,100,7,0.02643675179302702,-0.005798158044417887,7.468817718540393,3.551106091146867,3.0783617727133876,0.95703125,1.36227162992388,-0.8790550163366802,0.48321661358722423,-0.05041994231283107,0.03502526053153537,0.0,-0.0018188921331988683,-0.0032636308936403427,0.02233003551018438,0.0,4.5347406385509714e-14
R,100,8,-0.026759440852601426,-0.007794000620699111,6.753723529986249,2.733206509139159,-1.6567114570957822,0.162109375,0.383995678576091,-0.3665637120251545,0.017431966550944367,-0.04379383998874877,0.025477220658253575,0.0,-0.002681211840247354,-0.0059254460920273025,0.0115331688476827,0.0,4.5347406385509714e-14
R,100,9,-0.049083771939115894,-8.892315148915846e-05,4.7160075751957065,1.624467606066585,-6.439863095845139,0.0,0.00011008594408035916,-0.0015173439866489934,-0.001407258042572579,-0.015332522920401189,0.0,0.0,-7.800699898195621e-05,-8.892255645688999e-05,0.0,0.0,4.5347406385509714e-14
R,100,10,-0.03252487364850785,-0.004364596168823813,6.855262742712929,1.908669822153669,-2.5110340932533224,0.056640625,1.4051250064428396,0.07343104022235697,1.4785560466651972,0.004518227542775225,0.02459640296771184,0.0,0.0034156372982430856,0.00019575567751194397,-0.02519708264519127,0.0,4.5347406385509714e-14
R,100,11,0.003095007897711036,0.005021887292152357,7.058826477012487,3.8951299899454437,1.186272788160439,0.724609375,2.3810928058807708,-2.4725077343982003,-0.09141492851743038,-0.11349768299599865,-0.03410799090062652,0.0,-0.0008727845074181268,-0.0005496460972627033,-0.02598232918234665,0.0,4.5347406385509714e-14
R,100,12,-0.04718463130250582,-0.0018597257848322953,7.189877898723359,2.792018079683887,-6.3352102884673425,0.00390625,0.020277084890365064,-0.006755892359651969,0.013521192530667747,-0.0032993504740222307,0.004418515144640404,0.0,3.1318547167311596e-05,-0.0009050811527324218,0.0,0.0,4.5347406385509714e-14
R,100,13,-0.01217482497702349,0.0,0.6439484570367167,0.0200448126951971,-1.2677091254127326,0.0,0.0,0.0,0.0,nan,0.0,0.0,0.0,0.0,0.0,0.0,4.5347406385509714e-14
R,100,14,-0.030525739940458152,-0.005440032222673947,6.268700413883197,3.2177054853255465,-3.17371662323525,0.115234375,0.3669158831436293,-0.2593596976633403,0.10755618548030554,-0.034151652636341706,0.018597741399144527,0.0,-0.0025072280276970337,0.00025280800556564553,0.009542388690553839,0.0,4.5347406385509714e-14
R,100,15,-0.015685971079594182,0.0,0.8622441507448655,0.03795646647009009,-1.700946044981839,0.0,0.0,0.0,0.0,nan,0.0,0.0,0.0,0.0,0.0,0.0,4.5347406385509714e-14
R,100,16,-0.07368230814445641,0.0,6.042817528700495,1.8209926972117723,-6.812587146487837,0.0,0.0,0.0,0.0,nan,0.0,0.0,0.0,0.0,0.0,0.0,4.5347406385509714e-14
R,100,17,-0.04370797727659344,-0.00868793253399344,6.8049317359359796,2.756654827105496,-3.1658924972913054,0.041015625,0.1967847007531929,-0.32447479402427615,-0.1276900932710774,-0.053744191193608015,0.023354721658928785,0.0,-0.002531968617794129,-0.004591518361867571,0.005185470276623768,0.0,4.5347406385509714e-14
R,100,18,-0.03159735116562898,0.0,1.852068432648664,0.3987240332794741,-2.9689834448945485,0.001953125,0.0,0.0,0.0,nan,0.0,0.0,0.0,0.0,0.0,0.0,4.5347406385509714e-14
R,100,19,-0.05938613255617681,-0.0073125071293342935,7.05065087868772,3.6234113892848594,-5.094346415588624,0.01171875,0.18795528624517333,-0.37448946582075937,-0.18653417957555973,-0.06125663372976952,0.00958923007868527,0.0,-0.0033207351844998343,-0.004487966995263691,0.006291281122529347,0.0,4.5347406385509714e-14
R,100,20,-0.049705921454451345,-0.0008197424398234485,7.769083415494956,3.900656063208009,-4.93433583053507,0.0078125,0.19694552988480257,0.11989293956995964,0.31683846945475125,0.017386844275590924,0.00218412683545505,0.0,-0.0008087879796963829,-0.0006010402766874829,0.0008328256480534639,0.0,4.5347406385509714e-14
R,100,21,-0.028490767590037835,0.0,1.520751903361907,0.12384194651529945,-2.981097305179448,0.0,0.0,0.0,0.0,nan,0.0,0.0,0.0,0.0,0.0,0.0,4.5347406385509714e-14
R,100,22,-0.07684077962334859,0.0,6.109685463213494,2.797515999732017,-7.931991204059488,0.0,0.0,0.0,0.0,nan,0.0,0.0,0.0,0.0,0.0,0.0,4.5347406385509714e-14
R,100,23,-0.03535122321354071,0.0,2.310979182889151,0.4571912591201845,-3.740194039924537,0.0,0.0,0.0,0.0,nan,0.0,0.0,0.0,0.0,0.0,0.0,4.5347406385509714e-14
R,100,24,-0.040039309054807334,-0.004278000560004462,6.91303069192779,3.2710131470392545,-4.4578487993961184,0.017578125,0.877042097660086,-1.0659630150093116,-0.1889209173492361,-0.08232532159738222,0.015756756971429725,0.0,0.0020807787986996114,-0.0001749642032503901,-0.003781979193117664,0.0,4.5347406385509714e-14
R,100,25,0.0728797949387645,-0.001116143724453768,7.596587003881551,1.8122648291096621,7.732077763470732,1.0,1.5042331951933383,-1.3565654760924182,0.1476677191009088,-0.07280055064930327,-0.002230626239338067,0.0,-0.008072825911155204,-0.0029793933920199385,0.0743638376195729,0.0,4.5347406385509714e-14
R,100,26,-0.014900581264536951,-0.008135322796505891,7.1547239593688055,6.549406897702312,-0.4965868902775728,0.40234375,1.0106059752650876,-0.7466452801647258,0.2639606951003586,-0.051903962561370386,0.07364251788888901,0.0,-0.011403311518956703,-0.011513357152190509,0.10419858477627089,0.0,4.5347406385509714e-14
R,100,27,-0.06418375790610521,-0.003342267172396238,6.887810333548279,2.615496644138996,-7.960914323795828,0.0,0.060235938015697627,-0.28485795114204693,-0.22462201312633567,-0.08425376792155216,0.005380646160964567,0.0,0.0,0.0,0.0,0.0,4.5347406385509714e-14
R,100,28,0.001712724241547314,4.6096922734268626e-05,4.976982061048514,1.17060568745671,0.3815960074981362,0.65625,2.3119472889532156,-1.1827945050528246,1.1291527839003734,-0.078149150787805,-0.03177604856582929,0.0,-0.0033868422835662297,-0.003650304959128149,0.02396806546953925,0.0,4.5347406385509714e-14
R,100,29,-0.039486683428113255,0.0029049640601424105,6.9431421193291545,4.530453138215914,-7.359279079903011,0.001953125,0.07580538899017643,0.17545042787642817,0.25125581686658904,0.045890029910921996,-0.004004910107719779,0.0,-5.2235367793771876e-05,-5.953820124088859e-05,0.0,0.0,4.5347406385509714e-14
R,100,30,-0.07494142021828432,-0.0038501985152240136,6.280211941541468,3.245937029496524,-7.993620484397397,0.0,0.07825343381248884,-0.3038063250578488,-0.22555289124537126,-0.08646509310733037,0.0007180189752398669,0.0,0.0,0.0,0.0,0.0,4.5347406385509714e-14
R,100,31,-0.011188981605096624,0.0025088115792511498,7.1502756367888445,4.189145569829407,1.363705353383119,0.748046875,2.6782098432346713,-1.7462659521355877,0.9319438910990883,-0.07461657423713729,-0.017739938237584827,0.0,-0.005484187336615108,-0.0024917940042115025,0.032558119268392985,0.0,4.5347406385509714e-14
R,100,32,-0.0005348407190393452,0.0010744800728927548,6.322066682771254,3.2903973025827837,1.2072490305892583,0.734375,3.0410240280006104,-2.485981675295904,0.555042352704703,-0.11274542531377132,-0.0368248326179591,0.0,-0.004596044737419495,-0.0011019608063717761,0.054364004978058954,0.0,4.5347406385509714e-14
R,100,33,-0.035400726466684074,0.0,2.1382121562321426,0.3021858259493723,-4.269854159500872,0.0,0.0,0.0,0.0,nan,0.0,0.0,0.0,0.0,0.0,0.0,4.5347406385509714e-14
R,100,34,-0.04492187404651545,-0.0011952850041520191,6.97929930061525,3.50416476621057,-6.351139005604517,0.0,0.048814680378098434,-0.07193045423132689,-0.023115773853213284,-0.02332360936859908,0.0017169592148152234,0.0,-0.0003565331076153635,-0.00040262539179672537,-0.00019666493780710973,0.0,4.5347406385509714e-14
R,100,35,-0.03418730828267441,-0.0021893375813930274,7.005306091192329,4.349532673428879,-4.703829950168277,0.009765625,0.05450050395792493,-0.13343368677203324,-0.07893318281413286,-0.04079511059394587,0.0074358728224524565,0.0,-0.00102837926320086,-0.002596056989409126,0.006962055957045847,0.0,4.5347406385509714e-14
R,100,36,-0.041758904695598176,-0.004453569086638907,6.765955562533507,3.176876285251114,-3.712155382709602,0.01171875,0.12228904629925379,-0.21876054473854326,-0.09647149843932112,-0.046229168316125675,0.004540615514852474,0.0,-0.0020298974796991837,-0.005597641312918742,0.0023330514216751046,0.0,4.5347406385509714e-14
R,100,37,-0.029071475275449468,0.0016962275996812225,7.412423380369765,2.066776343335849,-2.638740017114187,0.0546875,0.7131916706644016,-0.1480530991040096,0.5651385715603752,-0.011825626510126743,-0.00822378250713485,0.0,-0.0016641370605110734,-0.002458581638360817,-0.0011969733500648816,0.0,4.5347406385509714e-14
R,100,38,-0.052087478207572625,0.0,5.588009997533544,1.7518085989630152,-6.357389516841719,0.0,0.0,0.0,0.0,nan,0.0,0.0,0.0,0.0,0.0,0.0,4.5347406385509714e-14
R,100,39,-0.03999191902061729,-0.0036563019912322563,6.408130757941583,3.0475579619473483,-4.7989071995624215,0.0234375,0.07908272293277316,-0.15850489654309557,-0.07942217361032533,-0.04397851040104492,0.018763311349769673,0.0,-0.0007840201505856313,-0.0017185827250335824,0.003930490403182701,0.0,4.5347406385509714e-14
R,100,40,-0.0033983762907006834,-0.0008042183587757818,7.648857689196016,2.6805712231281342,-0.7869300208659433,0.318359375,0.4274199283980722,-0.203267403852783,0.2241525245452891,-0.020324214995281708,0.011748986986337953,0.0,-0.005348696510606845,-0.007543438597705827,0.031079423307845935,0.0,4.5347406385509714e-14
R,100,41,-0.019168896920968927,-0.0074702970119242505,6.627503395411808,3.385559899932092,-3.292573846319969,0.033203125,0.27663225893573434,-0.319933558404636,-0.04330129946891503,-0.04589109603718195,0.02163754118879441,0.0,-0.0014832924464325496,-0.004291836772522958,0.008273911056755422,0.0,4.5347406385509714e-14
R,100,42,-0.04445680866904565,-0.000999590358815669,7.563246744506171,3.0460838281010587,-4.768582377952383,0.001953125,0.1547885949701137,-0.2347679294755572,-0.07997933450543115,-0.03944854830132678,0.0029725495340523324,0.0,0.0005105979484030786,-0.0011920080545010298,-0.0011718800451852925,0.0,4.5347406385509714e-14
R,100,43,-0.024204769522774377,0.01240068219634831,6.422453055057875,3.563958515749449,-2.361354618439192,0.119140625,3.992211008639697,-1.926534671648307,2.0656763369913804,-0.0750652873278163,-0.06293796978918245,0.0,0.0015390640922361147,0.008934456218709358,-0.021181881723344717,0.0,4.5347406385509714e-14
R,100,44,-0.056884956702041176,-0.00481169864175099,6.515416070098105,3.7296274121170203,-5.3135997629745635,0.0078125,0.09266649728522332,-0.3127578432578536,-0.2200913459726479,-0.07884509587100072,0.004169208476040433,0.0,-0.0012010760808468092,-0.0023899311919955584,0.001553424409784167,0.0,4.5347406385509714e-14
R,100,45,-0.03316462130461722,0.011221766076687336,6.683051221620749,2.501765926758032,-4.585562266350873,0.0078125,1.4703721497154598,-0.9475708474827259,0.5228013022327502,-0.058464638874625004,-0.028092878395362408,0.0,0.000538756024785211,0.004358430954467546,-0.0010058877274820145,0.0,4.5347406385509714e-14
R,100,46,-0.02897333252451285,-0.007709183071692298,6.9587060498315,3.6333160561405378,-1.7369844063243163,0.212890625,1.2328037473122007,-0.43531462294329626,0.7974891243688873,-0.028170710211571828,0.023428287756877504,0.0,0.0011135856956134746,-0.005033187735015027,0.01229847760142094,0.0,4.5347406385509714e-14
R,100,47,-0.03628925702903463,-0.001130785524895017,7.441717923340522,3.7814755886335547,-1.9472789594470872,0.1484375,1.73804325745827,-0.6399777369173463,1.0980655205409207,-0.032616050876579906,0.00310709022231161,0.0,0.002529566363405973,0.0008194195323419386,-0.011821962716998698,0.0,4.5347406385509714e-14
R,100,48,-0.044651749071390995,0.013214482471159174,6.8812161237095415,3.995642132777501,-3.82468091677907,0.05859375,2.776833653410472,-0.8281547782278631,1.9486788751825657,-0.03611115554964314,-0.04802450700420547,0.0,0.0032103189377619638,0.015251558526350498,-0.02365457555179702,0.0,4.5347406385509714e-14
R,100,49,-0.018208137453517077,-0.016308300593970412,7.009282756885632,3.1995039625070754,-1.1218090649978174,0.28515625,0.9398693134486504,-1.0770078859408803,-0.1371385724922476,-0.07924677047664931,0.14993428734410222,0.0,-0.0025828742418154286,-0.010608498962585367,0.05372371600384554,0.0,4.5347406385509714e-14
R,100,50,-0.020804003033325507,0.0,1.2020013193969856,0.07262405585849574,-2.2097526420394042,0.0,0.0,0.0,0.0,nan,0.0,0.0,0.0,0.0,0.0,0.0,4.5347406385509714e-14
R,100,51,-0.04662958855613174,-0.008297636286517113,7.57155674522889,2.7339495017581004,-2.752776306565692,0.11328125,0.2386290697746979,-0.42933622961653883,-0.19070715984188524,-0.05803910232651526,0.02448095430697782,0.0,-0.005510206639660374,-0.006835549759040188,0.020348560366935487,0.0,4.5347406385509714e-14
R,100,52,0.08144112629288801,-0.0018136350937515474,7.374184718022668,3.4767547064734647,8.459280587016297,1.0,1.9643282497225663,-0.5249484861161275,1.439379763606432,-0.025396019306193625,-0.009848309557518318,0.0,-0.009563897483122693,-0.004727177285382582,0.0807430283808127,0.0,4.5347406385509714e-14
R,100,53,-0.026362443281253926,0.0,1.8115199229505918,0.12121497951914353,-2.868045344052535,0.0,0.0,0.0,0.0,nan,0.0,0.0,0.0,0.0,0.0,0.0,4.5347406385509714e-14
R,100,54,-0.06931077352219384,1.5352604962999405e-05,7.006637938402269,2.416163491381159,-8.035946223651017,0.0,5.023690709022624e-06,4.566233291941244e-05,5.068602359870056e-05,0.0014538077422702523,0.0,0.0,1.3467139440911764e-05,1.5352604962999405e-05,0.0,0.0,4.5347406385509714e-14
R,100,55,-0.06368918071338882,0.0028014826181547237,7.315180368978288,4.534452954981407,-8.241358477382157,0.0,0.04394949154276209,0.2838547811974933,0.32780427274023793,0.09254740626413964,-0.00046837994456785167,0.0,0.0,0.0,0.0,0.0,4.5347406385509714e-14
R,100,56,-0.04227834992332423,0.0031915239380247615,7.351827508147908,4.055145499737144,-4.361356511763979,0.01171875,0.47444295548925164,-0.34779928115496295,0.12664367433428936,-0.03434087638096207,-0.009094710270523342,0.0,-0.0010684179384989707,-0.0017791747912418274,0.0026981357646232262,0.0,4.5347406385509714e-14
R,100,57,0.04617365275363245,0.01236164806494123,7.827675009555168,2.8821528679368216,6.763499160743822,1.0,1.2772444270849368,-0.7270439049437931,0.5502005221411537,-0.041092337632756534,-0.04988798050104353,0.0,0.00887132117327847,0.011300753655131288,-0.056172958188792484,0.0,4.5347406385509714e-14
R,100,58,-0.048075239234317356,-0.0009023707058002738,6.937618008514825,3.2882441446573423,-7.50794300609299,0.0,0.00894930342193467,-0.04849505427849756,-0.03954575085655421,-0.036945577047633724,0.0011319389819096067,0.0,2.1576889427093672e-06,2.4545310856299303e-06,0.0,0.0,4.5347406385509714e-14
R,100,59,-0.005099877227714425,0.007114285334716203,7.680706214369975,2.84180147637644,-0.3807588574270724,0.396484375,2.6050144579309173,-2.7913332078941235,-0.1863187499632133,-0.11258368613428064,-0.0994087694729047,0.0,-0.001933699062925482,-0.001095668851140006,0.04315281679970538,0.0,4.5347406385509714e-14
R,100,60,-0.029744437073680515,0.0061975607174218125,6.549248708869886,4.081459300941491,-2.6597835288008085,0.103515625,2.2095021119119544,-0.971886839886078,1.2376152720259057,-0.049916831695555844,-0.03128109677306806,0.0,-0.0021123440542118155,0.0037328309357764406,0.009402621886226153,0.0,4.5347406385509714e-14
R,100,61,-0.03976234919080488,-0.00228124308545821,5.926505077820848,1.8902691986577853,-3.2300087225534533,0.013671875,0.14957702428030928,0.1376346735147258,0.28721169779502986,0.03002387587816732,0.00448913002539169,0.0,0.0005164326756464423,-0.002242276803186468,-0.002152865297879291,0.0,4.5347406385509714e-14
R,100,62,-0.049926925143933786,0.0,3.4144912691644094,0.7112803654667488,-4.874020781862622,0.0,0.0,0.0,0.0,nan,0.0,0.0,0.0,0.0,0.0,0.0,4.5347406385509714e-14
R,100,63,-0.03671034504571123,-0.014504265438295185,6.821864524221649,3.6426005015812786,-2.048809859380789,0.171875,0.5141703294102764,-1.2935354452119912,-0.7793651158017241,-0.1322183525925989,0.03985903216722871,0.0,-0.005862618794300051,-0.007780509417471524,0.022527657455944542,0.0,4.5347406385509714e-14
R,100,64,-0.05679265999647121,0.0034104740280916377,6.893102811379836,2.902577957860453,-6.144215919447371,0.001953125,0.7647622869054644,-0.20198567739103168,0.5627766095144437,-0.016753771648305164,0.004948310908145686,0.0,0.0,0.004952690539112712,0.0,0.0,4.5347406385509714e-14
R,100,65,-0.04864087087252283,0.021013414158135537,6.949128024108463,4.499035765304435,-5.360388199503605,0.01171875,2.833322541955613,-0.7174071210641484,2.1159154208914472,-0.030666016593017115,-0.06675727696908668,0.0,0.003910112162587638,0.019433969279519684,-0.020310287922933244,0.0,4.5347406385509714e-14
R,100,66,-0.047226945142697055,-0.009091354968237585,7.016715804171762,3.6897390078137544,-3.227762199316453,0.033203125,0.1823768960240234,-0.687295807375401,-0.5049189113513748,-0.1146819059906114,0.015676763248395884,0.0,-0.005843428341292139,-0.00804205203508455,0.01448291379119198,0.0,4.5347406385509714e-14
R,100,67,-0.04973521758311294,-0.002220838511991076,6.670162503642458,3.732438005991305,-6.916882847611684,0.0,0.0253582342351832,-0.07752227095049047,-0.052164036715325324,-0.03649224413359193,0.001429653836594295,0.0,4.732673521490996e-05,5.395755876207305e-05,0.0,0.0,4.5347406385509714e-14
R,100,68,-0.028770783071547845,0.0,1.7281054923349664,0.14712631529819498,-3.227792195232518,0.0,0.0,0.0,0.0,nan,0.0,0.0,0.0,0.0,0.0,0.0,4.5347406385509714e-14
R,100,69,-0.04631082237912259,0.0020917023941773505,6.7820274651303665,2.8331633408210557,-3.8213659906078123,0.017578125,0.8235454104459908,-0.3211922487446694,0.5023531617013148,-0.026093464207629577,-0.002197719068976642,0.0,0.0025386125639577546,0.00012640437044141484,-0.009184396173486495,0.0,4.5347406385509714e-14
R,100,70,-0.03549129300503112,-0.00284584576113456,6.841642118818115,3.12705224851973,-6.133347723874422,0.0,0.09294640124350936,-0.10204567691136368,-0.009099275667814766,-0.024461775316315593,0.010995665364232316,0.0,0.0005422483019935257,-0.0016955880311092626,0.0,0.0,4.5347406385509714e-14
R,100,71,-0.04671955363524756,-0.007053365023721757,6.506944842846976,3.2002142051677795,-3.350307507841249,0.0390625,0.19227376007633362,-0.40381668327886716,-0.2115429232025079,-0.07076477443461734,0.008476999985500003,0.0,-0.003338819982858769,-0.007059459026744924,0.006256546901289955,0.0,4.5347406385509714e-14
R,100,72,-0.029367179083121708,0.0,1.9873864938811214,0.34439228692273854,-2.9886176334304713,0.0,0.0,0.0,0.0,nan,0.0,0.0,0.0,0.0,0.0,0.0,4.5347406385509714e-14
R,100,73,-0.06216915642668325,0.0028543724293573487,5.882684233747197,1.6619091767063836,-5.623552139255467,0.001953125,0.3055373501008559,0.011857215095087997,0.3173945651959329,0.001823244916813142,0.0012463187332399377,0.0,0.0,0.0007619557752837047,0.0,0.0,4.5347406385509714e-14
R,100,74,-0.031685136430737934,-0.0058371614941650635,7.142727578477235,3.033140253379216,-2.496493886632197,0.123046875,0.19414901250370736,-0.2892843714246499,-0.09513535892094893,-0.045958230219537856,0.023013056457360993,0.0,-0.003818227401339124,-0.0035022677120836376,0.019842721223145635,0.0,4.5347406385509714e-14
R,100,75,-0.030759383742647792,0.0,1.9017590965380784,0.24602272890207,-3.8277340683689354,0.0,0.0,0.0,0.0,nan,0.0,0.0,0.0,0.0,0.0,0.0,4.5347406385509714e-14
R,100,76,-0.03261634820616137,-0.002967278080483752,6.9972530334953875,3.499269633466191,-5.819712601192945,0.0,0.01662720606862724,-0.07557630758692269,-0.05894910151828725,-0.041881136229903734,0.004347565960186569,0.0,-0.0010601407875629792,-0.001250875356515966,0.0002874454084074035,0.0,4.5347406385509714e-14
R,100,77,-0.04779938905802533,0.011603457168005161,6.853491872956402,3.4624446931593944,-3.613678966630949,0.046875,4.924123031651881,-2.431729985302179,2.4923930463496973,-0.07994825785831126,-0.04042729572524953,0.0,0.0027065984267470155,0.013717992673681859,-0.0065922241811826555,0.0,4.5347406385509714e-14
R,100,78,-0.03283187883073192,-0.0014869560544662384,6.374020060572669,3.0578592638413182,-4.42905807268476,0.001953125,0.017312657788928907,-0.045434101225767236,-0.028121443436845084,-0.02708673427988588,0.0037341151846097837,0.0,-9.658330184590471e-05,-0.00013064856004199772,0.0005377931579506533,0.0,4.5347406385509714e-14
R,100,79,-0.026932210651076666,-0.004601104393389378,7.136751340157068,5.100577636005161,-5.132729853599051,0.01171875,0.06711295821398044,-0.15574231601281835,-0.08862935779885817,-0.04211849813929384,0.018777364149259717,0.0,-0.0016824774205333039,-0.0027072832147366295,0.008396552499020927,0.0,4.5347406385509714e-14
R,100,80,-0.025680490123129264,-0.013081540651984722,6.634106482222231,3.606323358672336,-0.04133020971444352,0.490234375,1.5500571512023722,-1.664856902617298,-0.11479975141495657,-0.10078377510387586,0.04045283932706978,0.0,-0.004752627930577789,-0.011496348049056873,0.0056737214437690385,0.0,4.5347406385509714e-14
R,100,81,-0.066834476100054,-0.002945276619765517,6.10895426888301,2.3741159540815153,-7.077780745257643,0.0,0.05363972982571481,-0.20945293628011025,-0.1558132064544182,-0.07401952477042943,0.0011383828210015932,0.0,0.0,0.0,0.0,0.0,4.5347406385509714e-14
R,100,82,-0.051650518690899955,0.014463839057164172,7.035846070387565,4.467663191376113,-4.695965561302185,0.025390625,2.34969581728683,-0.3894406906340172,1.9602551266527968,-0.018054654404326895,-0.02551970125558851,0.0,0.001117290841611233,0.0017729919109486375,-0.0032398226455365264,0.0,4.5347406385509714e-14
R,100,83,-0.012611758112092392,0.0,0.6790761684980138,0.019478691869302713,-1.335195426340748,0.0,0.0,0.0,0.0,nan,0.0,0.0,0.0,0.0,0.0,0.0,4.5347406385509714e-14
R,100,84,0.03646959438628983,-0.00401160823027139,7.536715952069958,4.368352709232609,1.9477948372121139,0.763671875,1.8590563690317405,-1.8449577410451132,0.014098627986633971,-0.0897693334627118,0.04392509885815902,0.0,-0.0062404729643294925,-0.008635146735231294,0.06407060835153987,0.0,4.5347406385509714e-14
R,100,85,-0.08200057661177161,0.0,5.989424660181004,3.296077748028841,-9.589253484930886,0.0,0.0,0.0,0.0,nan,0.0,0.0,0.0,0.0,0.0,0.0,4.5347406385509714e-14
R,100,86,-0.014185548705204476,-0.006432826041270115,6.325639214812741,1.7334404868003748,-3.061777617281236,0.01171875,0.11684562151758365,-0.10392637461637926,0.012919246901212489,-0.024031735880365297,0.024865004703275403,0.0,-0.0028706916613261955,-0.0059008538370033765,0.017398226206453943,0.0,4.5347406385509714e-14
R,100,87,-0.03482969591701773,-0.002227903591185225,6.620444879896045,3.7541589234055963,-5.002939667476414,0.005859375,0.07680762627237002,-0.20031389024132604,-0.12350626396897013,-0.05458731383827,0.006228456999457673,0.0,-0.0016476212166063138,-0.0034138433244083662,0.005014156136194363,0.0,4.5347406385509714e-14
R,100,88,-0.03547296690789042,0.006799570788309802,6.551724854935004,2.703181040513498,-1.8970003337594918,0.09765625,1.5985891528945408,-0.696421362687697,0.9021677902068532,-0.042035673244153374,-0.027740665777311567,0.0,-0.0043027302698257185,-0.0009353069602796938,0.026448731742976184,0.0,4.5347406385509714e-14
R,100,89,0.002353149791110345,-0.012490673550557262,7.480991433667324,3.8196368628063344,-0.7541385427371233,0.376953125,0.3229302752809329,-0.008081844233075619,0.31484843104786364,-0.0009505324357687459,0.08409207134095056,0.0,-0.0062619258894060035,-0.010257321263563837,0.05350300118907092,0.0,4.5347406385509714e-14
R,100,90,-0.03753034686726133,-0.002363217231040649,7.275641337817217,4.019588376236658,-3.172621459028399,0.099609375,0.7022892500314448,-0.3415828796347279,0.36070637039673414,-0.028011528504195717,0.007984570774472774,0.0,0.0020656391543711,0.0005781699865296181,-0.010701952355114674,0.0,4.5347406385509714e-14
R,100,91,-0.055801121448059016,-0.00104821664834189,6.659039271305485,2.9582919279655084,-6.643154129614356,0.001953125,0.12793411219712136,-0.18924353935783503,-0.06130942716073662,-0.03972704938826584,0.003921588629229001,0.0,0.0,0.0015143441123655064,0.0,0.0,4.5347406385509714e-14
R,100,92,0.029791843111933284,0.008089841332771273,7.828537618532461,3.6099672116627644,3.740519642750798,0.982421875,3.6320618121273878,-3.264945309853854,0.3671165022735394,-0.1094179709542902,-0.09939713767939659,0.0,-0.00016227337544812476,0.005015489009287081,-0.006738864314292793,0.0,4.5347406385509714e-14
R,100,93,-0.05779899914697886,0.0,5.838141603583801,2.454470890131903,-4.580678869449415,0.0,0.0,0.0,0.0,nan,0.0,0.0,0.0,0.0,0.0,0.0,4.5347406385509714e-14
R,100,94,-0.039220413249198345,0.004630199311252779,6.174396411945065,2.918431961119446,-3.5705202639734237,0.025390625,5.542042248210936,-0.9727805244394166,4.56926172377154,-0.03346227365938716,-0.041932044846683836,0.0,0.008265565420144264,0.011161490475926109,-0.03262706707509214,0.0,4.5347406385509714e-14
R,100,95,-0.03577714615824575,-0.00559434738643548,6.799345984704868,3.018712361332759,-4.723656164950448,0.01171875,0.18200932223223637,-0.12384847240361473,0.058160849828603034,-0.021347484234819254,0.012356272135872193,0.0,-0.000840207896544598,-0.004275240279806596,0.0017943245019590454,0.0,4.5347406385509714e-14
R,100,96,-0.03468553975529417,-0.0010883234120098804,6.357023452410477,2.1808223890739296,-5.223986930311549,0.0,0.004250122668778795,-0.04324130187015788,-0.038991179201396164,-0.05216920504823458,0.0014976411488881825,0.0,-0.0005577829225720572,-0.0007744750886447539,0.0011111021148673538,0.0,4.5347406385509714e-14
R,100,97,-0.02431543507105855,0.012751715397863156,6.866930977854721,1.9282745117742968,-2.3234037459326227,0.048828125,1.9288075593200738,-1.7496426648418633,0.17916489447816986,-0.09173017728031391,-0.06317938786898959,0.0,0.0021742007439960226,0.010342589483858616,-0.01568086678751919,0.0,4.5347406385509714e-14
R,100,98,-0.011007471377933125,-0.00459314435695943,7.697452508523164,4.828663863356222,-2.0677379007562244,0.181640625,0.45822565069840787,-0.5328350565479029,-0.07460940584947906,-0.051130033628512414,0.014852153322369473,0.0,-0.0012052942126631802,-0.004777002288318152,0.010879237135802066,0.0,4.5347406385509714e-14
R,100,99,-0.04581774227758893,0.020773135929259175,6.874607844017409,2.839521528244283,-3.9072563768205373,0.015625,3.744022552407346,-1.1825649710058515,2.561457581401484,-0.04445062354649996,-0.11555115542276884,0.0,0.00405369230646807,0.010648652162138448,-0.021881401571032744,0.0,4.5347406385509714e-14
