arm,cond,seed,slot,lr,task,iv,online_acc,memo_acc,acc,dead_frac_l1,zeroout_l1,zbar_l1,zsd_l1,zbar_min_l1,mob_l1,eff_rank_l1,dead_frac_l2,zeroout_l2,zbar_l2,zsd_l2,zbar_min_l2,mob_l2,eff_rank_l2,w_norm_l1,w_norm_l2,w_norm_l3,hit99,hit999,correct_at_hit_plus_500,hit_plus_500_observed,min_correct_after_hit,switch_step,pin_step,pf_disp_l1,pf_disp_l2,pf_disp_l3,pf_P_same,pf_mv_same,pf_mv_restored
LR,std,0,0,0.001,1,none,0.9846354167,1,1,0,0,-0.8018727303,12.2008028,-5.926781654,0.5207501054,71.62369856,0,0,-1.740431786,7.88548851,-6.853103161,0.4615001082,72.26437184,2.590800762,0.8362320065,1.05070281,1600,1700,1200,1,1199,2200,2200,0.00214823755,0.01521058492,0.02190165255,0,1,1
LR,std,0,0,0.001,2,none,0.980975,1,1,0,0,-1.661277056,18.69247627,-9.747772217,0.5095001459,72.12395614,0,0,-10.48287964,12.9694128,-23.8917942,0.2822500169,80.30096223,3.878370047,1.03362751,1.218651295,1700,2500,1200,1,1200,3000,3000,0.0009150851621,0.01084854677,0.01146658656,0,1,1
LR,std,0,0,0.001,3,none,0.982275,1,1,0,0,-2.769958973,21.9916153,-9.543196678,0.4960001111,74.11308288,0,0,-18.49998856,16.80941582,-29.49188232,0.1997499615,81.04273687,4.809802055,1.164360642,1.262427092,1500,2000,1200,1,1053,2500,2500,0.01285100251,0.1023564393,0.06955454945,0,1,1
LR,std,0,0,0.001,4,none,0.98101875,1,1,0,0,-2.337495089,23.24248314,-9.734150887,0.4997501373,74.22999464,0,0,-22.44734192,18.27633858,-39.00620651,0.179499954,76.4427937,5.24407053,1.232810378,1.272644639,1600,2100,1200,1,1199,2600,2600,0.003424717511,0.03183351767,0.05441710083,0,1,1
LR,std,0,0,0.001,5,none,0.9812583333,1,1,0,0,-3.566149235,24.26229668,-10.28411579,0.490750134,76.23544216,0,0,-24.33256912,19.37740898,-40.62143326,0.1674999595,76.80249232,5.825842857,1.310425878,1.333838344,1500,1900,1091,1,1091,2400,2400,0.2029346696,0.5799877154,0.3692118589,0,1,1
LR,std,0,0,0.001,6,none,0.9813458333,1,1,0,0,-3.757142782,23.95232201,-12.36117744,0.4847500622,76.79854295,0,0,-24.69655037,19.5886879,-43.18270111,0.1689999551,75.96522078,6.107651234,1.329218864,1.30533886,1500,2100,1200,1,1200,2600,2600,0.00470580482,0.04049644032,0.06260247136,0,1,1
LR,std,0,0,0.001,7,none,0.98341875,1,1,0,0,-3.795889616,25.17034149,-11.52276516,0.4862501025,76.99827535,0,0,-30.23718452,21.73343277,-43.18383408,0.1524999589,72.62550642,6.494091511,1.364120603,1.291438937,1500,1900,1200,1,1200,2400,2400,0.005169418436,0.04301373954,0.08605594891,0,1,1
LR,std,0,0,0.001,8,none,0.9832958333,1,1,0,0,-4.595233917,26.66645813,-15.49887753,0.4855001569,76.89265994,0,0,-31.86604309,23.67761421,-45.53809357,0.1494999677,73.8975131,6.731600285,1.374891639,1.276352406,1600,1800,1200,1,1200,2300,2300,0.007687474557,0.06411307644,0.1330420719,0,1,1
LR,std,0,0,0.001,9,none,0.983,1,1,0,0,-4.570960522,27.28381729,-11.21602345,0.4825001061,77.54468133,0,0,-31.32944107,22.47640419,-46.88487244,0.1434999555,73.59728776,6.989104748,1.380992174,1.282120466,1600,1800,1200,1,1200,2300,2300,0.006632894078,0.06302105006,0.1294615773,0,1,1
LR,std,0,0,0.001,10,none,0.98095,1,1,0,0,-4.482662201,27.43984222,-14.4697628,0.4817501009,77.87027982,0,0,-33.02126312,23.02353668,-50.78161621,0.1352499723,72.51672107,7.370047092,1.423536181,1.305143356,1600,1900,1133,1,1123,2400,2400,0.1627536872,0.5136406797,0.3655950054,0,1,1
LR,std,0,0,0.001,11,none,0.98118125,1,1,0,0,-4.698454857,27.10883713,-14.614048,0.4810000658,78.63213128,0,0,-32.00569916,22.67764282,-50.82546234,0.1457499564,73.35683705,7.585846424,1.42917335,1.285293102,1700,2100,1200,1,1198,2600,2600,0.00566476234,0.04916009312,0.1075034931,0,1,1
LR,std,0,0,0.001,12,none,0.9828791667,1,1,0,0,-5.168415546,28.3059082,-14.52318096,0.4795000851,78.02380274,0,0,-34.97108078,24.59277916,-52.58893967,0.136749953,71.67108522,7.824697495,1.442772746,1.254834294,1600,2000,1200,1,1195,2500,2500,0.01424550673,0.07937108197,0.1230313659,0,1,1
LR,std,0,0,0.001,13,none,0.98366875,1,1,0,0,-5.265354156,27.92171669,-15.7056303,0.4765001535,78.74548978,0,0,-33.13319016,24.74285698,-52.92250061,0.1464999467,74.30404854,8.035888672,1.444131017,1.262205124,1800,2000,1200,1,1198,2500,2500,0.004714289738,0.04072293098,0.09177063677,0,1,1
LR,std,0,0,0.001,14,none,0.98245625,1,1,0,0,-5.08890152,28.5929203,-15.15244293,0.4825001061,78.64806636,0,0,-34.094841,23.65907669,-50.03588104,0.1442499608,73.18500505,8.208662987,1.437595248,1.21320188,1600,1900,1200,1,1200,2400,2400,0.005398339864,0.05466533258,0.1319898571,0,1,1
LR,std,0,0,0.001,15,none,0.9830854167,1,1,0,0,-5.596633434,28.51927948,-14.73621273,0.4682501256,79.84773176,0,0,-32.8598175,24.12504387,-50.66442871,0.1487499475,75.2005036,8.442008018,1.437939644,1.212492108,1600,1800,1200,1,1200,2300,2300,0.007131589468,0.06333419731,0.1392896556,0,1,1
LR,std,0,0,0.001,16,none,0.9827520833,1,1,0,0,-5.592967033,28.21945381,-15.30169487,0.4690001011,79.64977451,0,0,-36.05337906,25.23616028,-48.1950264,0.1359999627,72.75016447,8.584295273,1.457100034,1.230419636,1700,1800,1200,1,1200,2300,2300,0.008626186609,0.07439915162,0.1671027721,0,1,1
LR,std,0,0,0.001,17,none,0.9827770833,1,1,0,0,-6.268572807,29.99483109,-15.68224335,0.4690001011,79.04611745,0,0,-35.38247299,25.6953125,-56.19828415,0.1419999599,74.01615818,8.744799614,1.457820296,1.229424,1700,1900,1200,1,1200,2400,2400,0.007245798949,0.06457068809,0.1418194729,0,1,1
LR,std,0,0,0.001,18,none,0.98356875,1,1,0,0,-5.94290781,30.05987358,-14.69566154,0.4727500975,79.32787426,0,0,-36.07474136,25.04013634,-48.85474014,0.1382499486,72.06685885,8.911534309,1.454367161,1.240420341,1500,1800,1200,1,1200,2300,2300,0.007592572677,0.06334998078,0.1507473199,0,1,1
LR,std,0,0,0.001,19,none,0.9831166667,1,1,0,0,-6.356117249,29.62797546,-17.48143196,0.4667500854,79.63967997,0,0,-35.78575134,26.54543877,-49.65177536,0.1487499475,74.85653445,9.102694511,1.467702985,1.23082459,1600,2100,1200,1,1200,2600,2600,0.004140567477,0.03669549026,0.09019518588,0,1,1
LR,std,0,0,0.001,20,none,0.9833729167,1,1,0,0,-7.165522575,29.99528122,-17.32793427,0.4690001011,79.8977047,0,0,-35.63774872,25.8857975,-52.49098969,0.1427499503,74.03758144,9.297271729,1.452269554,1.212445378,1600,1800,1200,1,1198,2300,2300,0.007062004521,0.06866600956,0.1448336377,0,1,1
LR,std,0,0,0.001,21,none,0.9817895833,1,1,0,0,-6.69840765,30.38399696,-15.6788044,0.4652501643,80.16346238,0,0,-35.58553314,26.19827461,-52.72600555,0.1509999633,76.36728388,9.395379066,1.450060964,1.183060527,1700,2000,1200,1,1199,2500,2500,0.004928668307,0.04822268102,0.1218873301,0,1,1
LR,std,0,0,0.001,22,none,0.9820354167,1,1,0,0,-6.976351261,30.5270977,-16.95281029,0.4600001276,80.57249074,0,0,-34.85394669,25.98744774,-53.02977371,0.1464999616,75.74381368,9.569742203,1.455432177,1.194979072,1700,1800,1200,1,1198,2300,2300,0.007452026678,0.06831115994,0.1610809915,0,1,1
LR,std,0,0,0.001,23,none,0.983375,1,1,0,0,-7.999336243,31.11047173,-19.15626907,0.4510000646,79.94654271,0,0,-36.25632858,26.6605835,-58.35256577,0.141999945,74.61035612,9.701629639,1.466779709,1.222328186,1500,1900,1200,1,1200,2400,2400,0.006644545851,0.05833187239,0.1388382375,0,1,1
LR,std,0,0,0.001,24,none,0.9825958333,1,1,0,0,-7.837132454,31.23867035,-19.13097382,0.4570001364,79.92089406,0,0,-36.16111374,26.69636917,-56.34396744,0.1427499503,74.70147601,9.903414726,1.473571539,1.226511717,1700,1800,1200,1,1195,2300,2300,0.008222557568,0.08695636631,0.1771503098,0,1,1
LR,std,0,0,0.001,25,none,0.9820083333,1,1,0,0,-7.65076828,31.78977394,-19.10930634,0.4600001276,79.7436431,0,0,-37.11713791,27.73803711,-53.48178864,0.1502499431,74.0817288,10.08827114,1.482957721,1.203555107,1800,2200,1200,1,1199,2700,2700,0.002834642745,0.03068529503,0.07178628826,0,1,1
LR,std,0,0,0.001,26,none,0.9820375,1,1,0,0,-8.423823357,31.69473457,-19.68793869,0.454750061,80.30642007,0,0,-36.16299057,26.89212227,-56.34687805,0.1449999511,74.43696904,10.22985458,1.492997289,1.256154895,1700,1900,1200,1,1199,2400,2400,0.01386474444,0.08360769753,0.2033782142,0,1,1
LR,std,0,0,0.001,27,none,0.98286875,1,1,0,0,-8.563685417,31.7424221,-20.90710831,0.45325014,80.37637572,0,0,-36.32627106,27.08645439,-55.11129761,0.1457499713,75.85659121,10.30365372,1.484905958,1.226557374,1500,1800,1200,1,1199,2300,2300,0.007471213357,0.07243988788,0.1789075241,0,1,1
LR,std,0,0,0.001,28,none,0.9833104167,1,1,0,0,-8.205024719,32.0527916,-18.82645798,0.4495000839,80.43868979,0,0,-38.10611343,28.28663254,-54.94827652,0.1389999539,73.48849533,10.45736599,1.491711736,1.25962162,1700,1800,1200,1,1199,2300,2300,0.008626160903,0.0777583313,0.1818251327,0,1,1
LR,std,0,0,0.001,29,none,0.9832979167,1,1,0,0,-9.136956215,32.67805862,-20.04493523,0.4540001154,80.59358815,0,0,-37.18701935,27.58808708,-54.53406906,0.1374999583,73.81667617,10.57231522,1.480215549,1.25990665,1600,1800,1200,1,1199,2300,2300,0.008977727578,0.08472416935,0.1892479947,0,1,1
LR,std,0,0,0.001,30,none,0.9817270833,1,1,0,0,-9.303675652,32.95962906,-18.52283669,0.4397501349,80.36808945,0,0,-39.58703613,28.27851677,-54.17937469,0.1457499564,73.56386943,10.76979923,1.484187007,1.274974227,1700,2000,1200,1,1200,2500,2500,0.006669016676,0.06368118405,0.1478272167,0,1,1
LR,std,0,0,0.001,31,none,0.9829791667,1,1,0,0,-9.665221214,32.85111618,-20.98721313,0.4427500963,80.25696935,0,0,-38.45918655,28.16692162,-53.20977402,0.1404999644,71.89929624,10.85560608,1.481841087,1.272065997,1700,1800,1200,1,1200,2300,2300,0.008319688699,0.08191914802,0.1729704251,0,1,1
LR,std,0,0,0.001,32,none,0.9819291667,1,1,0,0,-9.699461937,32.37179565,-23.43841743,0.4375001192,81.08210707,0,0,-36.19036484,27.83421326,-55.12284088,0.1419999599,73.90629255,10.9102459,1.459999204,1.274629712,1700,1800,1200,1,1200,2300,2300,0.01053229117,0.09004304709,0.2100281444,0,1,1
LR,std,0,0,0.001,33,none,0.9821708333,1,1,0,0,-10.38467598,33.80690765,-19.66104126,0.434500128,80.49434424,0,0,-39.51870728,28.49608612,-61.99571609,0.1352499723,71.13781794,11.07111645,1.485187769,1.297501206,1700,2000,1200,1,1199,2500,2500,0.008755318147,0.0720690889,0.1681191893,0,1,1
LR,std,0,0,0.001,34,none,0.9826375,1,1,0,0,-9.308794022,33.21743774,-19.34239006,0.4427500367,80.45985684,0,0,-37.51805496,27.48431396,-55.6796875,0.1419999599,74.63460518,11.14138508,1.486383438,1.306704402,1500,1900,1200,1,1199,2400,2400,0.006479207304,0.07191599334,0.1611401707,0,1,1
LR,std,0,0,0.001,35,none,0.9820541667,1,1,0,0,-10.88594723,34.28330231,-20.77930832,0.4360001087,80.2718837,0,0,-41.07514572,27.43388176,-60.57193375,0.1284999698,72.1242312,11.30708027,1.50624454,1.326075912,1800,2300,1200,1,1200,2800,2800,0.005477342021,0.05451495049,0.1114326468,0,1,1
LR,std,0,0,0.001,36,none,0.98166875,1,1,0,0,-10.27338696,33.43139267,-23.21086884,0.4397500753,81.09673025,0,0,-39.51643372,27.43571091,-58.24498749,0.1389999539,73.46641326,11.44214439,1.499314666,1.305546045,1800,2100,1200,1,1200,2600,2600,0.00725512389,0.06820189099,0.145526006,0,1,1
LR,std,0,0,0.001,37,none,0.9822,1,1,0,0,-10.51104069,34.91334534,-24.00950623,0.4397501349,80.80286113,0,0,-39.44789124,28.21971512,-56.47670746,0.1359999627,71.79415944,11.52700329,1.502754331,1.310588956,1600,2000,1200,1,1200,2500,2500,0.00787627914,0.07083508792,0.1614102321,0,1,1
LR,std,0,0,0.001,38,none,0.9830416667,1,1,0,0,-11.1642971,33.93659973,-21.45961952,0.4390000403,81.23126166,0,0,-38.76033783,28.6229496,-54.88671875,0.1419999599,73.66338375,11.63029575,1.479468465,1.291767955,1700,2100,1200,1,1200,2600,2600,0.005416335438,0.05593688434,0.1127729523,0,1,1
LR,std,0,0,0.001,39,none,0.9818979167,1,1,0,0,-11.44699287,34.41346741,-22.16612434,0.4240001142,81.18760853,0,0,-37.28093719,27.54105568,-53.50811386,0.1419999599,74.12252362,11.77890491,1.484351873,1.302018642,1700,2000,1200,1,1200,2500,2500,0.006653476542,0.07156786152,0.1737637801,0,1,1
LR,std,0,0,0.001,40,none,0.9817604167,1,1,0,0,-10.70629311,33.74701309,-21.4112339,0.431500107,82.13993582,0,0,-37.7267189,26.81852341,-55.57582092,0.1397499442,74.94949943,11.84222984,1.484188199,1.283625007,1800,2100,1200,1,1200,2600,2600,0.005429960503,0.05995035854,0.1262964042,0,1,1
LR,std,0,0,0.001,41,none,0.9808166667,1,1,0,0,-11.75332928,34.71129227,-20.93533516,0.4285001159,81.58976448,0,0,-40.66059494,28.20327568,-57.52878952,0.133749947,72.63845457,12.09601307,1.507147789,1.322211981,1600,2000,1165,1,1125,2500,2500,0.101179873,0.3813449138,0.3472889443,0,1,1
LR,std,0,0,0.001,42,none,0.979875,1,1,0,0,-11.79302883,34.48429489,-23.55529594,0.4337501228,81.6571258,0,0,-41.5933342,28.63076591,-53.01964951,0.133749947,72.55255429,12.22263813,1.520242929,1.303676248,1900,2400,1200,1,1200,2900,2900,0.006080326594,0.06116077165,0.1214248555,0,1,1
LR,std,0,0,0.001,43,none,0.9821979167,1,1,0,0,-11.56249237,34.46839905,-24.38204575,0.418000102,81.82457121,0,0,-40.05199814,28.53286362,-54.98278809,0.1292499602,72.21128779,12.27396584,1.508915663,1.301810622,1600,2000,1200,1,1199,2500,2500,0.006759030187,0.06942724949,0.1668307123,0,1,1
LR,std,0,0,0.001,44,none,0.98216875,1,1,0,0,-12.16710854,35.61739731,-22.08753395,0.4217500985,81.55864074,0,0,-39.10887146,29.4030304,-51.49089432,0.1397499591,74.51458163,12.38555622,1.50581193,1.316225052,1600,1900,1200,1,1200,2400,2400,0.01023920069,0.09081353391,0.1889680956,0,1,1
LR,std,0,0,0.001,45,none,0.98203125,1,1,0,0,-12.77980614,35.99827576,-22.09859848,0.4247500598,81.25525927,0,0,-40.75368118,28.88859558,-53.75334167,0.1352499574,73.86586652,12.44655037,1.487949371,1.312892079,1700,2100,1200,1,1199,2600,2600,0.006068422652,0.06313606667,0.1504391222,0,1,1
LR,std,0,0,0.001,46,none,0.9830625,1,1,0,0,-11.63149261,36.21146774,-25.2076149,0.4285000861,81.35077306,0,0,-39.36335754,30.47258759,-57.10184479,0.1389999539,72.99366336,12.53031158,1.47792244,1.301237941,1500,2000,1200,1,1200,2500,2500,0.005666301453,0.06507594915,0.1444600005,0,1,1
LR,std,0,0,0.001,47,none,0.9832916667,1,1,0,0,-12.2337532,35.70977783,-26.08541107,0.4285000861,81.16583422,0,0,-40.59250259,29.00465012,-53.81957626,0.1404999495,73.03773167,12.64778614,1.479624629,1.31410718,1700,1900,1200,1,1199,2400,2400,0.008777067063,0.08287653144,0.1853773926,0,1,1
LR,std,0,0,0.001,48,none,0.98239375,1,1,0,0,-12.88898754,36.27823639,-25.25508118,0.4270000756,81.1593357,0,0,-42.20046997,29.95834732,-59.70134354,0.1292499602,72.42198803,12.74205017,1.481750131,1.338911533,1700,2000,1199,1,1198,2500,2500,0.00795876044,0.08133866256,0.1814940802,0,1,1
LR,std,0,0,0.001,49,none,0.98228125,1,1,0,0,-12.81270027,35.64459991,-24.19368172,0.4135001004,81.66057948,0,0,-42.15378189,28.35511589,-54.1952095,0.1269999743,71.79820766,12.80721951,1.483456492,1.362701416,1700,2000,1199,1,1196,2500,2500,0.009556241333,0.08486557423,0.184947336,0,1,1
LR,std,0,0,0.001,50,none,0.9823833333,1,1,0,0,-13.53248215,35.85886383,-22.40243912,0.418000102,81.41507312,0,0,-39.66483307,29.6110878,-54.42966843,0.133749947,72.15758875,12.88531876,1.46737206,1.344734669,1600,2000,1200,1,1200,2500,2500,0.007654486717,0.07562832639,0.1703809236,0,1,1
LR,std,1,1,0.001,1,none,0.98424375,1,1,0,0,-0.8998110294,11.88684177,-6.040984154,0.5162501335,71.798152,0,0,-1.518348336,7.313972473,-7.851362705,0.4690001011,71.41259746,2.552478313,0.8121201992,1.03944838,1500,1600,1200,1,1200,2100,2100,0.002514370335,0.01850333878,0.03298642841,0,1,1
LR,std,1,1,0.001,2,none,0.9822541667,1,1,0,0,-2.149002552,17.6013298,-7.893373489,0.4975001216,73.16579502,0,0,-9.65666008,12.37772179,-23.5330162,0.2785000205,78.86587501,3.664835691,0.9983540177,1.20443511,2000,2000,1200,1,1200,2500,2500,0.001705176748,0.01849524374,0.01911723738,0,1,1
LR,std,1,1,0.001,3,none,0.9822708333,1,1,0,0,-3.133595705,20.07553291,-9.813821793,0.4945001304,74.15018647,0,0,-13.0691967,14.65456963,-27.9485817,0.2529999912,80.54849935,4.340912342,1.104901075,1.218218327,1600,2000,1200,1,1193,2500,2500,0.002111269502,0.02159729435,0.03018061659,0,1,1
LR,std,1,1,0.001,4,none,0.9833958333,1,1,0,0,-3.642824411,22.81550789,-11.22253609,0.4937501252,74.05501081,0,0,-18.20101547,16.85632515,-31.59955788,0.2027499676,79.40575517,4.864303112,1.176169991,1.245377421,1500,1600,1200,1,1200,2100,2100,0.005426376566,0.05256857385,0.07802700547,0,1,1
LR,std,1,1,0.001,5,none,0.983025,1,1,0,0,-4.346563339,23.11399078,-13.44615555,0.4795001447,76.31139734,0,0,-21.00426483,17.83475113,-36.40554428,0.1899999529,79.88183655,5.420140266,1.240345955,1.228101015,1600,2100,1200,1,1200,2600,2600,0.001898790795,0.02109685523,0.03036469419,0,1,1
LR,std,1,1,0.001,6,none,0.98305,1,1,0,0,-4.34207201,23.92101479,-13.62174225,0.4802500904,76.57920923,0,0,-22.99090195,19.03787804,-37.06166077,0.1862499863,78.15240875,5.80495739,1.273701549,1.215855718,1500,1700,1200,1,1200,2200,2200,0.005780563565,0.0527327783,0.09949706525,0,1,1
LR,std,1,1,0.001,7,none,0.9826770833,1,1,0,0,-4.647781849,24.77709579,-16.58066559,0.4832501411,76.83810718,0,0,-23.93123055,20.33523369,-41.69166183,0.1847499609,78.29623054,6.118519306,1.305798411,1.218328238,1700,1900,1200,1,1198,2400,2400,0.004454561276,0.03792244163,0.08122305981,0,1,1
LR,std,1,1,0.001,8,none,0.9829270833,1,1,0,0,-5.13928175,27.10208511,-14.47304726,0.487750113,75.84141731,0,0,-27.29911613,21.02994728,-44.72251129,0.1697499603,75.56790301,6.4197855,1.320248842,1.202642441,1600,1900,1200,1,1200,2400,2400,0.003431012381,0.03447401428,0.08329235524,0,1,1
LR,std,1,1,0.001,9,none,0.9830708333,1,1,0,0,-4.850048065,26.18205452,-17.10098267,0.4780001044,77.08977149,0,0,-27.53865623,21.38555527,-43.04287338,0.1652499586,75.80188651,6.765888691,1.362861991,1.209433436,1500,1800,1200,1,1200,2300,2300,0.005129069609,0.04460359277,0.1013410317,0,1,1
LR,std,1,1,0.001,10,none,0.9829416667,1,1,0,0,-4.809592247,25.33920288,-17.4754715,0.4787501097,78.79168761,0,0,-27.23917961,20.80139542,-44.35809326,0.1614999473,78.34706961,7.026648521,1.373113513,1.185714126,1700,1900,1200,1,1200,2400,2400,0.004210621228,0.03983286882,0.08106481243,0,1,1
LR,std,1,1,0.001,11,none,0.9840854167,1,1,0,0,-5.774672985,27.19766426,-15.77947617,0.4795001447,78.61270083,0,0,-28.89624977,22.05009651,-46.2401886,0.1569999456,75.11848441,7.280274391,1.388680935,1.191575885,1500,1900,1200,1,1200,2400,2400,0.00447553031,0.03592973538,0.08894223142,0,1,1
LR,std,1,1,0.001,12,none,0.9827458333,1,1,0,0,-5.584858418,27.45041466,-17.65583611,0.4720001221,79.02932806,0,0,-27.58210754,22.43191147,-49.8558197,0.1749999523,80.32677273,7.516666889,1.393082142,1.148620009,1400,1700,1200,1,1199,2200,2200,0.005347288477,0.05252462487,0.1175366584,0,1,1
LR,std,1,1,0.001,13,none,0.9824145833,1,1,0,0,-6.137438297,28.34940147,-17.38013649,0.4705000818,78.85653991,0,0,-31.02675819,23.29722786,-47.51129913,0.1577499658,76.65745191,7.776652336,1.427075148,1.146060705,1600,1900,1200,1,1192,2400,2400,0.00460568105,0.045231443,0.1014997423,0,1,1
LR,std,1,1,0.001,14,none,0.9836895833,1,1,0,0,-6.579801083,29.09412956,-21.17511749,0.4630000889,78.795999,0,0,-30.6315403,23.56480026,-51.18829727,0.1607499719,77.75978763,7.970055103,1.429259896,1.170701742,1500,1700,1200,1,1200,2200,2200,0.005189860401,0.05168411287,0.1382771242,0,1,1
LR,std,1,1,0.001,15,none,0.9833291667,1,1,0,0,-7.255607128,29.82093239,-18.3086853,0.4645001292,78.98239284,0,0,-32.52082443,24.24079132,-49.98210907,0.1517499536,75.57889722,8.232932091,1.444937825,1.184592485,1500,1900,1200,1,1200,2400,2400,0.003735584612,0.03819478613,0.09379470352,0,1,1
LR,std,1,1,0.001,16,none,0.9827291667,1,1,0,0,-7.285486221,30.45162201,-21.28388405,0.4615001082,78.5043309,0,0,-34.241745,24.67427826,-51.62164307,0.1494999528,75.92391202,8.376553535,1.446289182,1.178497195,1400,1800,1200,1,1200,2300,2300,0.005885718586,0.05468727654,0.1455626705,0,1,1
LR,std,1,1,0.001,17,none,0.9836104167,1,1,0,0,-7.474530697,30.07101822,-18.48322296,0.4615001082,79.14850218,0,0,-34.1951828,24.19450951,-48.83161545,0.1479999572,76.54957644,8.563277245,1.459518433,1.210751414,1500,1700,1200,1,1200,2200,2200,0.007513903397,0.07375551119,0.1711604816,0,1,1
LR,std,1,1,0.001,18,none,0.982175,1,1,0,0,-8.269441605,30.78442764,-18.41941643,0.4562501013,78.66961977,0,0,-37.55836868,25.07406044,-52.53815079,0.133749947,73.36092747,8.73991394,1.499633431,1.222719431,1600,2000,1200,1,1200,2500,2500,0.006170034434,0.05463401624,0.1431383439,0,1,1
LR,std,1,1,0.001,19,none,0.98303125,1,1,0,0,-9.140751839,31.67425156,-18.7500782,0.4487501085,78.93932794,0,0,-36.72877121,25.92471504,-53.59856796,0.1382499486,72.68233537,8.936449051,1.473968863,1.252380013,1600,1800,1200,1,1199,2300,2300,0.006978200424,0.06382804183,0.1807236635,0,1,1
LR,std,1,1,0.001,20,none,0.9824854167,1,1,0,0,-9.557787895,31.2789669,-19.49800682,0.4472500682,79.20175208,0,0,-36.54969025,25.73732376,-52.7806778,0.1404999495,73.06692738,9.113862038,1.494926333,1.265827537,1600,1900,1200,1,1200,2400,2400,0.007598170181,0.06632177564,0.1714074955,0,1,1
LR,std,1,1,0.001,21,none,0.9825395833,1,1,0,0,-9.392762184,31.11920357,-20.2810154,0.4382501245,79.75245312,0,0,-35.88959122,24.97725487,-56.25931168,0.1412499547,72.95678995,9.288760185,1.493519187,1.269641638,1600,2000,1200,1,1200,2500,2500,0.006223969384,0.05457605,0.1192755008,0,1,1
LR,std,1,1,0.001,22,none,0.98253125,1,1,0,0,-9.478377342,31.40242767,-19.54911995,0.4427500963,79.44157079,0,0,-36.21341705,25.42428207,-52.05529404,0.1389999688,73.738378,9.465920448,1.476071835,1.27636683,1600,2000,1200,1,1200,2500,2500,0.00687126046,0.06524805708,0.1469584925,0,1,1
LR,std,1,1,0.001,23,none,0.9835229167,1,1,0,0,-9.737470627,31.30474472,-23.05384254,0.4427500963,80.35947672,0,0,-36.0629425,25.97844124,-48.16093826,0.1412499547,75.28204673,9.629232407,1.485322356,1.270167947,1700,2000,1200,1,1200,2500,2500,0.005927345353,0.04993214362,0.1088700144,0,1,1
LR,std,1,1,0.001,24,none,0.9835208333,1,1,0,0,-10.08585644,32.06982803,-23.35634613,0.4427500963,79.53675311,0,0,-36.25567627,27.27321815,-52.50389481,0.1419999599,73.23086679,9.795730591,1.484973788,1.283343673,1500,1900,1200,1,1200,2400,2400,0.0055433055,0.05605181626,0.1368810218,0,1,1
LR,std,1,1,0.001,25,none,0.9818625,1,1,0,0,-10.7575264,33.07837296,-24.93479538,0.4360000789,80.0668142,0,0,-36.19597244,27.15760422,-47.06702042,0.1494999528,74.64049983,9.951544762,1.494311094,1.284015775,1700,2000,1200,1,1200,2500,2500,0.008806697906,0.06770107317,0.1511333233,0,1,1
LR,std,1,1,0.001,26,none,0.9825083333,1,1,0,0,-11.18506718,33.48989105,-22.21823311,0.434500128,79.80655403,0,0,-34.66685486,27.21405029,-52.27810669,0.1487499624,76.23653885,10.08608437,1.479837179,1.262749195,1600,1900,1200,1,1200,2400,2400,0.00715796044,0.06868772319,0.1513118876,0,1,1
LR,std,1,1,0.001,27,none,0.98239375,1,1,0,0,-11.42952538,33.40525818,-21.11083031,0.4300001264,79.62212488,0,0,-37.31337738,25.88920784,-54.06581497,0.1359999627,73.46724833,10.21055412,1.484396935,1.291395903,1600,1700,1200,1,1196,2200,2200,0.01854598583,0.1394351768,0.2986305639,0,1,1
LR,std,1,1,0.001,28,none,0.98258125,1,1,0,0,-11.19414902,33.60378647,-21.52441788,0.4337501228,79.61815675,0,0,-38.1703186,26.82141685,-55.65845871,0.1352499574,72.51922163,10.3516407,1.495380521,1.32206583,1600,1900,1200,1,1200,2400,2400,0.01018251248,0.08298453453,0.1975133838,0,1,1
LR,std,1,1,0.001,29,none,0.983375,1,1,0,0,-11.3641243,33.13100052,-19.88453674,0.4292500913,80.41954928,0,0,-36.01243973,26.35135269,-53.09300995,0.1397499591,73.63733447,10.40852928,1.48349762,1.339794517,1500,1900,1200,1,1199,2400,2400,0.008069495085,0.06972854856,0.1559170242,0,1,1
LR,std,1,1,0.001,30,none,0.98359375,1,1,0,0,-11.34119797,34.13168716,-22.5877018,0.434500128,79.97694439,0,0,-38.10816193,27.52347374,-50.18989563,0.141999945,74.18656969,10.57243538,1.503663659,1.33520484,1700,1900,1200,1,1200,2400,2400,0.008419931322,0.07721341179,0.169945631,0,1,1
LR,std,1,1,0.001,31,none,0.9812666667,1,1,0,0,-11.85280228,34.29581833,-24.66771126,0.4307501316,79.72320458,0,0,-39.76160431,28.50475693,-57.9039917,0.133749947,71.65568799,10.78789806,1.509802699,1.338761687,1900,2500,1200,1,1199,3000,3000,0.004249606389,0.03780237981,0.08025847091,0,1,1
LR,std,1,1,0.001,32,none,0.9821770833,1,1,0,0,-12.90649128,34.38825989,-24.27964592,0.421000123,80.22992051,0,0,-38.3010025,28.34523964,-52.43754578,0.1374999583,72.57435764,10.89380741,1.509122252,1.319792271,1700,1900,1200,1,1199,2400,2400,0.007236190313,0.07441097579,0.1636249714,0,1,1
LR,std,1,1,0.001,33,none,0.9820458333,1,1,0,0,-12.39365959,35.40260696,-23.50623131,0.4255000949,80.06271782,0,0,-40.70050049,27.89995384,-58.04375076,0.133749947,72.19550226,11.02179813,1.501333356,1.328901052,1700,2300,1200,1,1199,2800,2800,0.005253458787,0.05020419186,0.1130193146,0,1,1
LR,std,1,1,0.001,34,none,0.9827291667,1,1,0,0,-12.35334301,35.13031387,-23.37202454,0.4247501194,80.53777951,0,0,-38.75532913,28.29363251,-55.11901093,0.1374999583,73.0322886,11.14435005,1.489898205,1.329897761,1600,1700,1200,1,1200,2200,2200,0.01403419623,0.1195226622,0.2585319199,0,1,1
LR,std,1,1,0.001,35,none,0.9817916667,1,1,0,0,-12.28384209,35.55188751,-26.21308899,0.4165000916,80.53443642,0,0,-40.25595856,28.03781509,-54.64707184,0.1299999505,71.87654977,11.27223778,1.488493443,1.350278735,1800,2000,1200,1,1200,2500,2500,0.01031990892,0.08930555217,0.1832661794,0,1,1
LR,std,1,1,0.001,36,none,0.9828895833,1,1,0,0,-12.1201334,34.71055222,-29.2973938,0.4157501161,80.70921683,0,0,-39.26426315,27.76604462,-55.12556076,0.1322499663,70.91577904,11.29203606,1.494019032,1.389499784,1600,1800,1200,1,1200,2300,2300,0.009560428167,0.09016275011,0.2218084515,0,1,1
LR,std,1,1,0.001,37,none,0.9825666667,1,1,0,0,-11.41264629,34.12031937,-25.39249039,0.4300001264,80.97339979,0,0,-38.69313812,27.16244507,-52.26211166,0.1359999627,72.10126778,11.43752956,1.497538328,1.370293617,1600,2000,1200,1,1200,2500,2500,0.008813761898,0.07839196581,0.1594975588,0,1,1
LR,std,1,1,0.001,38,none,0.98205625,1,1,0,0,-13.60978794,35.31868744,-24.36149788,0.4165000916,81.17932216,0,0,-39.1400795,28.16207886,-58.39263153,0.1352499723,74.21724018,11.53852272,1.499586582,1.353268147,1700,2100,1200,1,1200,2600,2600,0.006237068842,0.0619572365,0.1407753872,0,1,1
LR,std,1,1,0.001,39,none,0.9836458333,1,1,0,0,-12.64903259,34.42438126,-26.95052528,0.4195000827,81.42301085,0,0,-38.74644852,27.40576553,-52.39621353,0.1404999495,72.89327409,11.6756773,1.491322398,1.376025081,1700,1800,1200,1,1200,2300,2300,0.0113822862,0.09645964766,0.2067239351,0,1,1
LR,std,1,1,0.001,40,none,0.9816166667,1,1,0,0,-12.09427357,35.69465256,-26.86798286,0.4217500985,81.15241076,0,0,-38.55630875,27.01531792,-52.673172,0.1374999583,73.69099872,11.72380924,1.470490217,1.361278296,1600,2000,1200,1,1200,2500,2500,0.007921659873,0.08657668578,0.1529327048,0,1,1
LR,std,1,1,0.001,41,none,0.9821020833,1,1,0,0,-13.2599802,36.12934494,-27.01288414,0.4120001197,80.82148952,0,0,-39.50894547,28.51853561,-55.04508591,0.1344999522,70.9702888,11.88626003,1.493650317,1.376011252,1900,2100,1200,1,1200,2600,2600,0.006498062356,0.07076843321,0.1532097215,0,1,1
LR,std,1,1,0.001,42,none,0.9815229167,1,1,0,0,-13.86676598,36.72943497,-22.53622055,0.4097501338,80.79858888,0,0,-41.14838791,28.3335247,-56.18769836,0.1307499707,70.70643922,11.98160934,1.492511511,1.403802514,1800,2000,1200,1,1200,2500,2500,0.009481673095,0.09558561299,0.2014977323,0,1,1
LR,std,1,1,0.001,43,none,0.9823083333,1,1,0,0,-14.04603577,36.39250946,-27.45841217,0.4112500846,81.21837463,0,0,-40.29388046,29.28613853,-54.19832993,0.1374999583,73.76783471,12.13541222,1.491243005,1.383887291,1800,2200,1200,1,1200,2700,2700,0.005216782249,0.0588381854,0.09874526541,0,1,1
LR,std,1,1,0.001,44,none,0.9802583333,1,1,0,0,-13.74561596,35.26574707,-28.42438126,0.4120001197,81.49499362,0,0,-37.59548569,27.72499657,-56.37741089,0.1434999555,74.7027435,12.22876358,1.470849395,1.383986712,1800,2100,1200,1,1200,2600,2600,0.007296850204,0.07444632874,0.1498777374,0,1,1
LR,std,1,1,0.001,45,none,0.98181875,1,1,0,0,-13.59262562,35.97013092,-27.5635128,0.409750104,81.00293545,0,0,-39.07065201,29.25626183,-55.69977951,0.1434999555,73.95788141,12.3209095,1.474268556,1.379305482,1800,2000,1200,1,1200,2500,2500,0.008101970906,0.0797585082,0.159028047,0,1,1
LR,std,1,1,0.001,46,none,0.982075,1,1,0,0,-14.79361343,36.49207306,-25.73994637,0.4090000987,81.44790213,0,0,-39.11175919,28.75977516,-56.64531326,0.1397499442,72.99274732,12.37362957,1.47687602,1.400876641,1600,1900,1200,1,1200,2400,2400,0.009574973982,0.1029523544,0.2142853413,0,1,1
LR,std,1,1,0.001,47,none,0.9820145833,1,1,0,0,-14.24205399,36.40324783,-25.50524712,0.406750083,81.10620902,0,0,-41.03171158,27.59128761,-59.94610977,0.1307499558,72.27685293,12.55014706,1.489463091,1.449983358,1600,1800,1190,1,1122,2300,2300,0.07355234408,0.3588515712,0.3672465428,0,1,1
LR,std,1,1,0.001,48,none,0.9806083333,1,1,0,0,-14.61971188,35.36189651,-25.37440491,0.4045001268,81.90621968,0,0,-39.84390259,27.50278091,-59.16684341,0.131499961,71.77014322,12.63406467,1.487380385,1.462516189,1800,2400,1200,1,1200,2900,2900,0.005948704999,0.05838360399,0.1149193777,0,1,1
LR,std,1,1,0.001,49,none,0.9831166667,1,1,0,0,-12.95806789,36.63364029,-32.72509003,0.417250067,81.46712383,0,0,-40.66020966,28.4337635,-58.16440201,0.131499961,71.9734384,12.65884781,1.486945271,1.468507648,1600,1800,1200,1,1199,2300,2300,0.01167768361,0.1042795488,0.2215148451,0,1,1
LR,std,1,1,0.001,50,none,0.9824291667,1,1,0,0,-15.02314186,37.52263641,-27.51747704,0.4165000916,80.78241739,0,0,-42.07998276,28.69891739,-62.49336624,0.1292499602,71.57123375,12.76571083,1.489000201,1.483042002,1600,2100,1200,1,1200,2600,2600,0.007782935087,0.0800461034,0.1654008237,0,1,1
LR,std,2,2,0.001,1,none,0.98398125,1,1,0,0,-1.390597105,12.80822277,-6.399217129,0.5042501092,72.11937621,0,0,-2.466221809,8.078360558,-9.557934761,0.4397501349,73.8644798,2.723446846,0.8355234861,1.110145569,1400,2000,1200,1,1192,2500,2500,0.001914831178,0.01216513491,0.01272358022,0,1,1
LR,std,2,2,0.001,2,none,0.981525,1,1,0,0,-2.687573671,18.22945213,-8.287090302,0.4877501428,73.79077612,0,0,-11.16290188,13.23888779,-19.19663811,0.2732500136,80.69029829,4.012785912,1.031964421,1.240141749,1900,2500,1200,1,1200,3000,3000,0.0009752420801,0.01233638331,0.01102967171,0,1,1
LR,std,2,2,0.001,3,none,0.98221875,1,1,0,0,-3.328415155,20.88767815,-9.941516876,0.4930000901,75.16224359,0,0,-15.41049194,15.11990643,-27.45600319,0.2132499814,80.24243288,4.66640377,1.145412326,1.25893867,1800,2000,1200,1,1200,2500,2500,0.002000527384,0.02197938959,0.0304375569,0,1,1
LR,std,2,2,0.001,4,none,0.9827854167,1,1,0,0,-2.896574259,21.98114586,-10.45102787,0.4945001304,75.95727978,0,0,-18.29757118,16.48963356,-33.00751495,0.2057499439,79.22497309,5.200707912,1.217081547,1.255249739,1800,1900,1200,1,1200,2400,2400,0.003305624351,0.03107524905,0.04868207322,0,1,1
LR,std,2,2,0.001,5,none,0.9819708333,1,1,0,0,-3.599361181,23.51553154,-11.38327217,0.4885001183,75.29587577,0,0,-24.09927559,18.53621864,-38.08940887,0.1749999523,77.12830519,5.62106657,1.267444611,1.257671356,1700,1900,1200,1,1197,2400,2400,0.004810667533,0.04232774564,0.07499268175,0,1,1
LR,std,2,2,0.001,6,none,0.9832666667,1,1,0,0,-4.122694969,24.24844933,-13.77664375,0.4825001061,76.12896761,0,0,-24.14011383,19.78817749,-40.97478485,0.1779999584,76.84397401,5.992434502,1.297158599,1.220160484,1500,1900,1200,1,1200,2400,2400,0.003525001564,0.03245410076,0.05963682988,0,1,1
LR,std,2,2,0.001,7,none,0.9836104167,1,1,0,0,-4.197084427,25.2404747,-15.44797039,0.4825001061,76.71925118,0,0,-24.92355156,20.49858475,-42.89500809,0.1674999595,75.23443479,6.347634792,1.326126218,1.212731361,1600,1900,1200,1,1200,2400,2400,0.00404701612,0.03854561161,0.07487315561,0,1,1
LR,std,2,2,0.001,8,none,0.9823083333,1,1,0,0,-4.86751461,26.89842987,-14.57855701,0.4802500904,77.24677172,0,0,-28.5739975,22.03695488,-46.95760345,0.1532499641,78.01277882,6.903169155,1.395354271,1.203426242,1500,2700,1200,1,1200,3200,3200,0.001673136367,0.01664095167,0.02225861696,0,1,1
LR,std,2,2,0.001,9,none,0.9811520833,1,1,0,0,-6.40975523,27.33332443,-14.57529354,0.4645001292,77.90957734,0,0,-28.23360825,22.77106285,-45.53371811,0.1697499603,77.51468331,7.258009434,1.414689898,1.13642478,1600,2200,1200,1,1200,2700,2700,0.002501017963,0.02624132678,0.05251154309,0,1,1
LR,std,2,2,0.001,10,none,0.9823375,1,1,0,0,-6.449341774,27.80681801,-14.43913269,0.4570001364,77.63783242,0,0,-29.24542809,23.64371872,-47.95199585,0.1659999639,78.00130188,7.463301182,1.426442146,1.120435357,1700,1900,1200,1,1199,2400,2400,0.003933485381,0.04024112042,0.09712539872,0,1,1
LR,std,2,2,0.001,11,none,0.98175625,1,1,0,0,-6.934617519,28.82620049,-15.12496471,0.4600001276,78.11519656,0,0,-30.6702652,23.9431076,-48.92786407,0.1622499675,77.95769014,7.747105598,1.435195208,1.117780566,1800,1900,1200,1,1200,2400,2400,0.004976212715,0.0423017224,0.1129658958,0,1,1
LR,std,2,2,0.001,12,none,0.98228125,1,1,0,0,-6.244811535,29.27989006,-15.5787859,0.4675001204,77.68464547,0,0,-33.70887375,24.61394501,-52.42582703,0.1569999605,76.40702494,7.960688591,1.473857403,1.122668624,1600,2000,1200,1,1199,2500,2500,0.006265455862,0.04045392399,0.1122072537,0,1,1
LR,std,2,2,0.001,13,none,0.9839770833,1,1,0,0,-7.306238174,29.42764091,-18.14174843,0.4592500925,78.41127543,0,0,-32.33673477,25.57628441,-50.94567108,0.1644999534,77.98835735,8.188333511,1.477164388,1.150708914,1500,1800,1200,1,1199,2300,2300,0.006638864089,0.05394497557,0.1375925903,0,1,1
LR,std,2,2,0.001,14,none,0.9826666667,1,1,0,0,-7.547706127,31.46883011,-15.94256592,0.4585000575,77.68977767,0,0,-35.71162033,26.52530861,-55.27746201,0.1532499641,76.37565803,8.552283287,1.50831008,1.181025624,1700,2000,1195,1,1139,2500,2500,0.04455867512,0.192767854,0.2038621244,0,1,1
LR,std,2,2,0.001,15,none,0.9808854167,1,1,0,0,-8.04165554,31.10246086,-18.91374588,0.4547501206,78.45406544,0,0,-35.20346832,25.99102211,-52.92118073,0.1532499492,76.55206296,8.742185593,1.527355075,1.180198193,1800,2500,1200,1,1200,3000,3000,0.003105215321,0.02939460764,0.07071668606,0,1,1
LR,std,2,2,0.001,16,none,0.9827395833,1,1,0,0,-8.363294601,32.13033676,-21.19873047,0.4532500803,78.11834207,0,0,-36.02396393,27.94779205,-56.74636841,0.1464999616,75.2529509,8.896961212,1.52349329,1.158542037,1500,1900,1200,1,1200,2400,2400,0.005237327983,0.04910366074,0.1515977298,0,1,1
LR,std,2,2,0.001,17,none,0.98201875,1,1,0,0,-8.46966362,30.66716194,-19.4902153,0.4570000768,79.69559735,0,0,-35.21501923,26.31638336,-52.49625778,0.1517499536,77.09647041,9.102950096,1.532342672,1.189332008,1700,2000,1200,1,1200,2500,2500,0.005215741932,0.04793606675,0.1344510572,0,1,1
LR,std,2,2,0.001,18,none,0.98208125,1,1,0,0,-9.402143478,31.87146187,-19.24724197,0.4427500963,79.05503494,0,0,-37.32693481,29.10010147,-52.73952866,0.1479999572,75.60586573,9.293079376,1.552974701,1.196660995,1800,2000,1200,1,1173,2500,2500,0.00674686892,0.05888014668,0.1290424449,0,1,1
LR,std,2,2,0.001,19,none,0.9818229167,1,1,0,0,-9.877301216,32.61823654,-20.09713554,0.4435001314,78.69869575,0,0,-38.68063736,29.05102348,-56.70178604,0.141999945,74.51273122,9.559770584,1.559208393,1.19784832,1800,2300,1200,1,1200,2800,2800,0.003522287298,0.03548802581,0.08844204271,0,1,1
LR,std,2,2,0.001,20,none,0.9814541667,1,1,0,0,-9.756627083,32.74629211,-20.61903954,0.4352501035,79.23390437,0,0,-38.71316528,27.75930595,-53.47706604,0.1442499608,75.8216449,9.723207474,1.573437929,1.215276003,1900,2000,1200,1,1165,2500,2500,0.009708802894,0.08254069522,0.163964127,0,1,1
LR,std,2,2,0.001,21,none,0.9815104167,1,1,0,0,-10.82041836,33.38601303,-21.49584198,0.4472501278,78.85139489,0,0,-39.34095001,29.42503929,-59.36886978,0.1434999555,75.33859397,9.926169395,1.573341012,1.206830382,1800,2000,1200,1,1200,2500,2500,0.0071300628,0.05963683667,0.1688780071,0,1,1
LR,std,2,2,0.001,22,none,0.9812375,1,1,0,0,-9.934182167,33.20246887,-25.33485794,0.4412501156,79.71160983,0,0,-37.60383987,28.70065498,-53.26425171,0.1449999511,76.03999335,10.05999279,1.568330646,1.222332716,1800,2300,1200,1,1200,2800,2800,0.003775937652,0.03844174734,0.1058350943,0,1,1
LR,std,2,2,0.001,23,none,0.9817895833,1,1,0,0,-11.0422287,33.97605133,-21.58945084,0.4367500842,79.53332133,0,0,-39.81587219,30.06039429,-57.81535339,0.1434999555,75.2391049,10.26570034,1.569536805,1.2128824,1800,2100,1200,1,1200,2600,2600,0.00559461485,0.0507576396,0.1552140156,0,1,1
LR,std,2,2,0.001,24,none,0.9820229167,1,1,0,0,-11.32789993,34.76983261,-21.5383625,0.434500128,78.51544613,0,0,-41.60536194,30.37465668,-58.09725571,0.1329999566,71.85535579,10.38553333,1.583386898,1.218104243,1600,2000,1200,1,1200,2500,2500,0.006422971013,0.05990177438,0.1758325369,0,1,1
LR,std,2,2,0.001,25,none,0.98263125,1,1,0,0,-10.7142601,33.40055847,-24.36416435,0.431500107,80.04157978,0,0,-41.04529572,29.24882507,-58.99063873,0.1382499635,74.93292979,10.50389957,1.581282377,1.247458458,1700,2100,1200,1,1198,2600,2600,0.005351787233,0.04924399332,0.1323448625,0,1,1
LR,std,2,2,0.001,26,none,0.9818020833,1,1,0,0,-11.1600275,34.34178543,-24.21774864,0.4352500439,79.60904479,0,0,-42.5660553,29.4013195,-59.21803665,0.1382499486,73.84828546,10.62378025,1.584326625,1.230130434,1900,2200,1200,1,1200,2700,2700,0.005496920238,0.05124256561,0.1320976041,0,1,1
LR,std,2,2,0.001,27,none,0.9828583333,1,1,0,0,-11.60440636,34.23484421,-23.76265335,0.4337501228,79.90135021,0,0,-39.88666534,30.01248741,-60.63478088,0.1494999528,74.09975771,10.81898499,1.57501924,1.232092738,1800,2100,1200,1,1200,2600,2600,0.004872408132,0.04589221732,0.1246184716,0,1,1
LR,std,2,2,0.001,28,none,0.9832895833,1,1,0,0,-11.54597664,33.87788391,-23.01227951,0.4322501123,80.53023574,0,0,-40.26924515,28.9745388,-54.69398499,0.1412499547,75.11784083,10.88503075,1.569835544,1.259321332,1600,1800,1200,1,1198,2300,2300,0.01119254922,0.08788898746,0.2204127313,0,1,1
LR,std,2,2,0.001,29,none,0.9824270833,1,1,0,0,-11.63684082,34.40503311,-22.64844513,0.4292500913,80.44986524,0,0,-39.82509232,28.97529411,-61.79449463,0.1397499442,74.57529818,10.99205208,1.575268984,1.289801359,1600,2000,1200,1,1200,2500,2500,0.01562481339,0.07327274546,0.1902284016,0,1,1
LR,std,2,2,0.001,30,none,0.98224375,1,1,0,0,-12.04548836,34.5659256,-22.72502518,0.4225001037,80.42625262,0,0,-40.72953033,29.35984993,-55.5585022,0.1382499635,73.28894732,11.1215229,1.57491827,1.30004549,1800,2100,1200,1,1199,2600,2600,0.006978097635,0.06190236783,0.1460913264,0,1,1
LR,std,2,2,0.001,31,none,0.98201875,1,1,0,0,-12.31436443,35.43450928,-23.09739113,0.420250088,80.38789422,0,0,-41.82344437,28.69714928,-62.28082275,0.1404999644,73.42745055,11.26519966,1.564222574,1.31826067,1700,1800,1200,1,1200,2300,2300,0.01171086895,0.1096008507,0.2490501149,0,1,1
LR,std,2,2,0.001,32,none,0.97945,1,1,0,0,-12.32162952,34.62872314,-22.84277344,0.4195001125,80.70071272,0,0,-40.90585327,29.39953613,-52.43945694,0.141999945,74.46815945,11.38023472,1.56495142,1.3316046,1900,2300,1200,1,1200,2800,2800,0.005384798702,0.05499490805,0.1175418825,0,1,1
LR,std,2,2,0.001,33,none,0.9805,1,1,0,0,-12.96044445,35.19085312,-23.69279671,0.4165000916,80.70376645,0,0,-39.91143417,29.2314949,-56.09457016,0.1329999566,72.98123389,11.49918365,1.580454111,1.340505242,1900,2100,1200,1,1199,2600,2600,0.01036523082,0.09151274826,0.1799044938,0,1,1
LR,std,2,2,0.001,34,none,0.9814020833,1,1,0,0,-12.8652916,35.74013519,-23.8280468,0.4157500863,80.29373478,0,0,-42.98912048,29.48399925,-61.02551651,0.1359999627,72.58326741,11.66602421,1.564087391,1.364408493,1800,2200,1200,1,1199,2700,2700,0.00759224442,0.06659928662,0.1625442332,0,1,1
LR,std,2,2,0.001,35,none,0.98175625,1,1,0,0,-13.30672073,36.5559082,-24.65986633,0.4135000706,79.66447059,0,0,-42.0305481,29.51796532,-56.78082275,0.1397499442,72.37572478,11.7425251,1.547301531,1.326598644,1900,2200,1200,1,1199,2700,2700,0.007020034628,0.0749484776,0.1385718496,0,1,1
LR,std,2,2,0.001,36,none,0.98218125,1,1,0,0,-13.65248585,35.79322433,-24.75183678,0.4135001004,80.9194814,0,0,-39.53312683,29.26028252,-55.99217606,0.1329999566,73.39833565,11.8464222,1.556896687,1.355641127,1700,1900,1200,1,1200,2400,2400,0.0121322012,0.0902891118,0.2150092673,0,1,1
LR,std,2,2,0.001,37,none,0.9812770833,1,1,0,0,-13.81277561,36.22084045,-28.45949554,0.4142501056,80.84608887,0,0,-38.81362534,29.38876724,-60.92784119,0.1404999644,75.74956397,12.02316475,1.566001773,1.361801147,1800,2400,1200,1,1199,2900,2900,0.005712488309,0.05171623857,0.1092312996,0,1,1
LR,std,2,2,0.001,38,none,0.9819729167,1,1,0,0,-13.29705238,36.6593399,-27.12757492,0.4172500968,80.10599834,0,0,-42.86002731,31.74064636,-61.55044556,0.1374999583,72.8991161,12.18459797,1.571289062,1.325961351,1900,2300,1200,1,1200,2800,2800,0.004818246425,0.04695512428,0.1184244225,0,1,1
LR,std,2,2,0.001,39,none,0.9813229167,1,1,0,0,-13.47167206,37.06866837,-26.14842415,0.4127500951,81.14186618,0,0,-41.63127518,29.9081192,-57.41332245,0.1389999539,74.99012839,12.25118351,1.565016627,1.322957754,2000,2100,1200,1,1198,2600,2600,0.01080185502,0.08467965198,0.1856221662,0,1,1
LR,std,2,2,0.001,40,none,0.9823604167,1,1,0,0,-14.12355709,36.13340759,-27.6894207,0.4150000811,80.71155348,0,0,-44.68349457,30.83976746,-67.13438416,0.1307499558,71.96396153,12.3340044,1.574716449,1.370815873,1700,2100,1200,1,1199,2600,2600,0.008839960867,0.08055142133,0.1852830986,0,1,1
LR,std,2,2,0.001,41,none,0.98219375,1,1,0,0,-14.68829155,37.25228882,-27.12970924,0.4127500951,81.04061926,0,0,-42.27329254,29.73457527,-66.40394592,0.1292499602,72.00417333,12.43049335,1.561189771,1.374362826,1800,2100,1200,1,1200,2600,2600,0.009982519415,0.08744639913,0.1812041234,0,1,1
LR,std,2,2,0.001,42,none,0.98115,1,1,0,0,-14.0773735,37.11828232,-29.42649841,0.4135001004,80.93290035,0,0,-44.79135513,30.78043175,-57.53335953,0.1254999638,70.00362017,12.5962925,1.586417556,1.360575557,1700,2600,1200,1,1200,3100,3100,0.00283864616,0.03170473923,0.06911072373,0,1,1
LR,std,2,2,0.001,43,none,0.9812354167,1,1,0,0,-14.18824577,36.75078583,-26.47213936,0.4090000987,81.64771026,0,0,-41.82846451,29.24515915,-58.4310112,0.1329999566,72.9559077,12.70020962,1.563628912,1.367470145,1800,2100,1200,1,1200,2600,2600,0.009313509947,0.08902972611,0.1919793061,0,1,1
LR,std,2,2,0.001,44,none,0.9815333333,1,1,0,0,-15.27863026,37.21664047,-27.23250008,0.4082500935,80.94598572,0,0,-41.15382767,29.76504326,-60.49258041,0.1344999671,73.02008712,12.76119328,1.558790326,1.364158273,1800,2400,1200,1,1200,2900,2900,0.005062220798,0.04954749886,0.1192172494,0,1,1
LR,std,2,2,0.001,45,none,0.9831020833,1,1,0,0,-14.73539066,38.1139679,-28.58235168,0.4112501144,80.81992312,0,0,-43.69112778,30.45848465,-58.70226669,0.1382499486,72.66980684,12.91272449,1.559516072,1.34432447,1600,2100,1200,1,1200,2600,2600,0.005818222262,0.06290701792,0.124185683,0,1,1
LR,std,2,2,0.001,46,none,0.9820354167,1,1,0,0,-15.47150707,37.3816452,-31.80722809,0.4060000777,81.4635623,0,0,-40.63838577,29.79978561,-56.20606232,0.1434999555,73.92335904,12.97546387,1.549747944,1.337081313,1700,2200,1200,1,1200,2700,2700,0.005018664454,0.05292674835,0.1232442707,0,1,1
LR,std,2,2,0.001,47,none,0.98191875,1,1,0,0,-14.97190952,38.3598671,-30.02845383,0.406750083,81.62782187,0,0,-40.81227875,29.48841667,-56.14891434,0.1389999539,74.14148868,13.09988976,1.555635214,1.357849479,1700,2100,1200,1,1200,2600,2600,0.008112710596,0.07237019887,0.1709719945,0,1,1
LR,std,2,2,0.001,48,none,0.9813708333,1,1,0,0,-14.44183826,38.04169083,-31.40162849,0.409750104,81.40672234,0,0,-41.74710464,31.08389091,-52.62170792,0.1434999555,73.19746241,13.19425869,1.55364871,1.364077926,1800,2200,1200,1,1199,2700,2700,0.005309866204,0.06061304184,0.1475132555,0,1,1
LR,std,2,2,0.001,49,none,0.9803645833,1,1,0,0,-15.96407127,38.45114899,-34.0348587,0.4037500918,80.88615969,0,0,-41.09301376,30.65706825,-54.34714508,0.141999945,73.80523272,13.32006836,1.547375321,1.400242329,1800,1900,1135,1,1135,2400,2400,0.121135384,0.4553090027,0.4299562439,0,1,1
LR,std,2,2,0.001,50,none,0.9788479167,1,1,0,0,-17.14199638,39.86475372,-31.75473404,0.4060001075,80.31342619,0,0,-42.9728508,31.43658829,-61.83035278,0.1329999566,71.04825107,13.35072708,1.540815711,1.429053545,1900,2200,1200,1,1200,2700,2700,0.01050812197,0.09505501337,0.210877232,0,1,1
LR,std,3,3,0.001,1,none,0.9838645833,1,1,0,0,-1.068241954,12.42816257,-5.47371769,0.5102501512,72.14927004,0,0,-2.15654254,8.224045753,-8.816603661,0.4247500598,72.61637275,2.718853474,0.8475011587,1.040902138,1800,1900,1200,1,1199,2400,2400,0.00162831811,0.01493849436,0.01885439761,0,1,1
LR,std,3,3,0.001,2,none,0.9829479167,1,1,0,0,-1.949081063,17.56950569,-6.833836555,0.5050000548,72.89660473,0,0,-10.76283073,12.18785954,-19.51491356,0.2740000486,76.93403105,3.661939859,1.004108071,1.213524818,1700,1900,1200,1,1200,2400,2400,0.002692085957,0.02479285116,0.03931266922,0,1,1
LR,std,3,3,0.001,3,none,0.9833354167,1,1,0,0,-2.56801033,20.07735062,-9.505175591,0.4952501059,73.99454441,0,0,-14.61506176,14.96972847,-28.19635391,0.22299999,77.84223413,4.312013626,1.115958095,1.26870954,1400,1700,1200,1,1200,2200,2200,0.003414431774,0.03469034779,0.05240199726,0,1,1
LR,std,3,3,0.001,4,none,0.9842229167,1,1,0,0,-2.458032608,21.3692646,-10.14891911,0.5057500601,74.60757828,0,0,-19.58850861,16.31039429,-31.05019569,0.1862499565,76.90810525,4.876532078,1.18897593,1.298695207,1600,1800,1200,1,1200,2300,2300,0.003758146517,0.03433269464,0.05685088386,0,1,1
LR,std,3,3,0.001,5,none,0.9834395833,1,1,0,0,-3.300071001,23.20577812,-10.83442688,0.4892500937,75.33833147,0,0,-22.86915398,17.72101212,-37.20158386,0.1749999672,75.1173685,5.259194851,1.235659719,1.302939057,1400,1500,1200,1,1188,2000,2000,0.009821846924,0.08251111872,0.1261635891,0,1,1
LR,std,3,3,0.001,6,none,0.983125,1,1,0,0,-3.473847628,23.99920082,-9.24310112,0.4937501252,74.71432923,0,0,-24.1198597,18.93589211,-39.85662079,0.1682499498,74.38859671,5.666052341,1.275997281,1.291214585,1600,1800,1200,1,1199,2300,2300,0.006397360599,0.0523164985,0.08875709198,0,1,1
LR,std,3,3,0.001,7,none,0.98354375,1,1,0,0,-3.886059999,24.07494164,-10.31943226,0.491500169,76.59280447,0,0,-25.27462959,18.8800602,-41.70302582,0.1712499708,74.92879805,5.997533798,1.302991152,1.264819145,1600,1800,1200,1,1200,2300,2300,0.004207144259,0.04196611066,0.07180599475,0,1,1
LR,std,3,3,0.001,8,none,0.9832583333,1,1,0,0,-3.520232916,24.53399658,-11.63855267,0.4847501218,76.7571335,0,0,-27.16050529,21.08688545,-44.31423569,0.1659999639,74.58922748,6.287133217,1.334845901,1.27116251,1600,1700,1200,1,1199,2200,2200,0.009902747269,0.07049692319,0.1299869834,0,1,1
LR,std,3,3,0.001,9,none,0.9826458333,1,1,0,0,-3.881927967,25.43521881,-12.26294518,0.4945001304,77.15458525,0,0,-27.78640366,20.65600777,-43.80513382,0.1614999622,75.84819311,6.599599361,1.348203421,1.244679332,1800,2000,1200,1,1200,2500,2500,0.004353716624,0.03988174921,0.08291912648,0,1,1
LR,std,3,3,0.001,10,none,0.9827791667,1,1,0,0,-4.591919422,26.14400864,-15.84089088,0.4840001166,77.16294521,0,0,-27.96546936,21.91101646,-49.03781509,0.1644999534,74.77585228,6.903436184,1.368570566,1.23090148,1600,2100,1200,1,1199,2600,2600,0.01149607083,0.04904553629,0.08405821629,0,1,1
LR,std,3,3,0.001,11,none,0.9831145833,1,1,0,0,-4.52660799,26.18925095,-12.70097637,0.4847501218,77.75067453,0,0,-30.77282715,21.9358387,-43.5552597,0.1569999605,75.74465449,7.182997704,1.379150987,1.223644853,1600,1800,1200,1,1200,2300,2300,0.007175444849,0.05633642502,0.128656138,0,1,1
LR,std,3,3,0.001,12,none,0.9827208333,1,1,0,0,-4.390817165,26.74015236,-11.03466034,0.4900000989,77.93872728,0,0,-29.91007805,22.02736855,-47.60829544,0.1502499729,73.88191929,7.442336082,1.403358579,1.21336472,1600,1900,1200,1,1200,2400,2400,0.005619177238,0.04988777886,0.110236818,0,1,1
LR,std,3,3,0.001,13,none,0.98274375,1,1,0,0,-5.567074299,26.88737488,-17.32888985,0.4735001326,77.64764848,0,0,-30.22196007,23.26556015,-46.60972977,0.1569999456,75.21911169,7.717488289,1.402045488,1.183017731,1500,2000,1200,1,1200,2500,2500,0.003977102017,0.03684827488,0.0886670049,0,1,1
LR,std,3,3,0.001,14,none,0.9835895833,1,1,0,0,-6.002529144,27.41697502,-16.52619743,0.4652500451,78.65830343,0,0,-29.18674469,23.41871643,-46.49653244,0.165999949,76.79141683,7.890841961,1.410876393,1.180899858,1500,1700,1200,1,1199,2200,2200,0.005314205609,0.05042224559,0.1258883365,0,1,1
LR,std,3,3,0.001,15,none,0.9837854167,1,1,0,0,-5.979121208,28.2813549,-15.16369152,0.4615001082,79.45184786,0,0,-29.71753311,23.2069397,-44.26890182,0.1614999622,78.10221708,8.094055176,1.419041872,1.18366909,1500,1700,1200,1,1200,2200,2200,0.00643381298,0.05596567936,0.1396390135,0,1,1
LR,std,3,3,0.001,16,none,0.9814333333,1,1,0,0,-6.467098236,28.64428139,-14.60270405,0.4727501571,78.59123826,0,0,-32.9274025,24.10151672,-47.87472153,0.1599999517,76.71760866,8.294419289,1.440607309,1.228265285,1600,1700,1197,1,1195,2200,2200,0.03484743469,0.145084911,0.2442908219,0,1,1
LR,std,3,3,0.001,17,none,0.9823770833,1,1,0,0,-6.085928917,29.39224243,-15.36611176,0.4727501571,79.11172571,0,0,-36.87757111,24.8392849,-53.23960876,0.1359999627,74.0426081,8.542681694,1.474382997,1.292049527,1500,2000,1179,1,1177,2500,2500,0.0672660789,0.2070475138,0.2159458335,0,1,1
LR,std,3,3,0.001,18,none,0.9824666667,1,1,0,0,-6.352371693,29.24743843,-15.48398495,0.4690001011,79.42560263,0,0,-35.8588829,25.50810242,-50.38809204,0.1389999688,71.85810654,8.737571716,1.476037383,1.28492105,1600,1900,1200,1,1200,2400,2400,0.007508587299,0.06539451548,0.1714463065,0,1,1
LR,std,3,3,0.001,19,none,0.9835708333,1,1,0,0,-7.604918003,29.55055809,-15.67114925,0.4607501328,79.67601754,0,0,-35.71383667,25.2632103,-49.22007751,0.1404999644,72.37638528,8.866292953,1.46048224,1.278891087,1500,1700,1200,1,1200,2200,2200,0.01128953047,0.08437859644,0.1919260399,0,1,1
LR,std,3,3,0.001,20,none,0.98311875,1,1,0,0,-7.94956255,29.08647919,-16.68780708,0.4517501295,79.40265989,0,0,-34.74245453,26.10325623,-51.03698349,0.1487499475,75.09266827,9.007059097,1.456401825,1.289062262,1600,1800,1200,1,1197,2300,2300,0.01052761258,0.08121245894,0.1740983336,0,1,1
LR,std,3,3,0.001,21,none,0.9806083333,1,1,0,0,-7.584782124,30.6284256,-19.22471619,0.4472501874,79.41545632,0,0,-36.12765503,25.95873451,-57.35440063,0.1382499635,73.57691709,9.275485039,1.485375881,1.385993361,1700,2000,1011,1,1011,2500,2500,0.4184670542,0.9107490469,0.62011309,0,1,1
LR,std,3,3,0.001,22,none,0.981475,1,1,0,0,-8.431237221,30.91664886,-17.93219566,0.4525001049,79.9583507,0,0,-36.83680344,26.46944618,-54.60211945,0.1404999644,72.95100025,9.416402817,1.486752152,1.361151099,1700,2400,1200,1,1200,2900,2900,0.004346075445,0.0406189753,0.08884280101,0,1,1
LR,std,3,3,0.001,23,none,0.9830458333,1,1,0,0,-8.425115585,30.97437668,-17.43363953,0.4420001209,79.83644743,0,0,-36.26014328,26.80109215,-50.3546257,0.1397499591,72.73263537,9.50796032,1.474877119,1.343625188,1500,1700,1200,1,1200,2200,2200,0.01042395233,0.09521970411,0.2241441722,0,1,1
LR,std,3,3,0.001,24,none,0.9827145833,1,1,0,0,-9.599877357,31.01381493,-16.77106094,0.4427500963,79.65407236,0,0,-36.41123581,26.42404366,-53.09044266,0.1412499547,73.54760947,9.683427811,1.470223069,1.38643527,1700,1800,1200,1,1198,2300,2300,0.01283287773,0.08771821834,0.1898412511,0,1,1
LR,std,3,3,0.001,25,none,0.9823645833,1,1,0,0,-9.841973305,31.28999519,-18.32930374,0.4352501631,78.94178419,0,0,-40.2274437,27.478508,-55.05965042,0.1299999505,70.00315003,9.861423492,1.485038638,1.382665992,1700,2000,1200,1,1200,2500,2500,0.007723023419,0.07659013509,0.1696376776,0,1,1
LR,std,3,3,0.001,26,none,0.98369375,1,1,0,0,-9.275466919,31.46838951,-18.73864174,0.4360000789,79.83642288,0,0,-37.87540817,27.37094879,-54.34261703,0.133749947,71.11781478,9.960128784,1.474526405,1.383146167,1500,1900,1200,1,1200,2400,2400,0.007066262999,0.06617049755,0.1465390521,0,1,1
LR,std,3,3,0.001,27,none,0.9819854167,1,1,0,0,-9.676837921,31.53992081,-17.28171921,0.4375001192,80.34433026,0,0,-39.3066864,26.28717613,-52.72294235,0.1299999505,69.9908657,10.10168076,1.466109991,1.388960958,1700,2100,1200,1,1193,2600,2600,0.008682387588,0.06748926914,0.1412599606,0,1,1
LR,std,3,3,0.001,28,none,0.9827395833,1,1,0,0,-10.04831314,31.8279171,-18.18783569,0.4382501245,80.56172842,0,0,-38.17329788,26.64016342,-51.78513718,0.131499961,70.36076402,10.22981739,1.462002754,1.407544374,1700,1800,1200,1,1199,2300,2300,0.01358635852,0.102268449,0.2118665418,0,1,1
LR,std,3,3,0.001,29,none,0.9826604167,1,1,0,0,-9.473387718,31.73062325,-20.02321243,0.4390000999,80.80080201,0,0,-37.87108994,26.42258263,-54.07574081,0.1329999566,71.89194418,10.37488461,1.470080733,1.404800415,1700,2000,1200,1,1198,2500,2500,0.00821339431,0.07319716615,0.144262112,0,1,1
LR,std,3,3,0.001,30,none,0.9838791667,1,1,0,0,-10.14871407,32.05553055,-20.70348167,0.4270000756,80.83752621,0,0,-37.65996552,25.55309486,-54.18201828,0.1322499663,71.11477812,10.48509312,1.450566292,1.410347819,1600,1900,1200,1,1200,2400,2400,0.007276110748,0.07013750772,0.1464762268,0,1,1
LR,std,3,3,0.001,31,none,0.9840020833,1,1,0,0,-10.14379025,32.0610199,-21.20825958,0.4367500842,80.88122824,0,0,-37.11832809,26.36529922,-54.27575302,0.133749947,72.61843891,10.58928871,1.450959563,1.390251756,1600,1900,1200,1,1200,2400,2400,0.00766847336,0.07744973403,0.1466900147,0,1,1
LR,std,3,3,0.001,32,none,0.9828583333,1,1,0,0,-10.2055912,33.53304672,-20.41435242,0.4277501404,79.8782667,0,0,-39.79161453,27.95754433,-54.85290527,0.1307499558,70.75186329,10.71463871,1.462475181,1.398357153,1800,2100,1200,1,1200,2600,2600,0.007421696436,0.06789836314,0.1422346177,0,1,1
LR,std,3,3,0.001,33,none,0.9829666667,1,1,0,0,-10.98854923,33.08618164,-20.89108467,0.4240001142,80.61799169,0,0,-37.57875824,27.21280861,-58.16687012,0.1382499635,72.48147158,10.92686462,1.466769934,1.38161552,1600,2200,1200,1,1200,2700,2700,0.004921058919,0.05575646381,0.09989344937,0,1,1
LR,std,3,3,0.001,34,none,0.9829020833,1,1,0,0,-10.89612198,33.49480057,-21.52512741,0.4247500598,80.44178303,0,0,-39.12508392,26.66321373,-55.13867188,0.1404999644,72.49859129,11.00977421,1.467962623,1.35517931,1700,2100,1200,1,1199,2600,2600,0.006610277346,0.06038077805,0.1325868951,0,1,1
LR,std,3,3,0.001,35,none,0.98223125,1,1,0,0,-10.7727766,33.50321198,-25.00910187,0.4330000877,80.62953945,0,0,-39.19299698,27.20326424,-64.02669525,0.1352499574,72.34115556,11.11916065,1.467173696,1.381557107,1700,1900,1200,1,1198,2400,2400,0.01067127981,0.09234258673,0.2018436011,0,1,1
LR,std,3,3,0.001,36,none,0.98213125,1,1,0,0,-10.34919262,33.28884888,-21.59355927,0.4307501316,80.74996287,0,0,-39.11591339,28.24346542,-54.02967453,0.1397499591,73.31550442,11.24867249,1.491359115,1.359391809,1600,2100,1200,1,1200,2600,2600,0.007560525953,0.07459699828,0.1589459625,0,1,1
LR,std,3,3,0.001,37,none,0.9823291667,1,1,0,0,-11.52184391,33.51182556,-21.90822601,0.4240001142,81.31224398,0,0,-36.87170029,27.82500839,-53.40904236,0.1479999572,75.808298,11.38375378,1.488743305,1.340297341,1700,2100,1200,1,1200,2600,2600,0.006206186237,0.06928219048,0.1254310463,0,1,1
LR,std,3,3,0.001,38,none,0.981275,1,1,0,0,-11.8042469,33.56491089,-21.63798141,0.4247500896,81.6196381,0,0,-39.97763443,27.49376869,-54.17824936,0.1374999583,73.26641467,11.52533531,1.491680384,1.329358459,1800,2100,1200,1,1199,2600,2600,0.008137431732,0.07466963942,0.1507290886,0,1,1
LR,std,3,3,0.001,39,none,0.9826041667,1,1,0,0,-12.16765213,34.29079819,-21.4393425,0.418000102,80.98126657,0,0,-39.2743187,29.04167366,-52.45397949,0.133749947,71.32823819,11.60526562,1.480238914,1.377815723,1600,1800,1200,1,1200,2300,2300,0.0109503806,0.1091661908,0.2318159688,0,1,1
LR,std,3,3,0.001,40,none,0.9825145833,1,1,0,0,-11.70904732,34.02202225,-24.34573555,0.4262501001,81.12555428,0,0,-39.35491562,27.1275177,-56.20011139,0.1329999566,72.42529455,11.68135643,1.480860233,1.386784196,1600,1900,1200,1,1199,2400,2400,0.008229999383,0.08431528828,0.1906985006,0,1,1
LR,std,3,3,0.001,41,none,0.9822708333,1,1,0,0,-12.85676575,33.87302399,-24.51879883,0.4097501338,81.50071081,0,0,-37.53302002,27.1766777,-58.28962326,0.138999939,72.34616992,11.84259987,1.472245336,1.398821712,1700,2100,1200,1,1200,2600,2600,0.006451834425,0.06729386321,0.1397207746,0,1,1
LR,std,3,3,0.001,42,none,0.9828458333,1,1,0,0,-13.19711971,34.50800705,-28.90228653,0.4127500951,81.57273744,0,0,-38.58391953,28.31873131,-58.28833389,0.1397499591,72.01670708,11.94575405,1.469634056,1.379438043,1500,2000,1200,1,1199,2500,2500,0.008953024449,0.07747809226,0.1561472153,0,1,1
LR,std,3,3,0.001,43,none,0.9816,1,1,0,0,-12.66007042,34.63069153,-23.04733849,0.418000102,81.89303648,0,0,-38.11646652,27.15477943,-55.73744965,0.133749947,73.47783988,12.05405998,1.478535175,1.388853073,1700,2100,1200,1,1200,2600,2600,0.007234843625,0.07469721367,0.1345608203,0,1,1
LR,std,3,3,0.001,44,none,0.98125,1,1,0,0,-12.53671551,34.71606064,-26.31657982,0.4172500968,81.88966502,0,0,-38.72558975,27.98655891,-55.18359375,0.1382499635,73.83831049,12.19775581,1.494856477,1.374852777,1800,2100,1200,1,1195,2600,2600,0.006351370782,0.06534871095,0.1363175686,0,1,1
LR,std,3,3,0.001,45,none,0.98200625,1,1,0,0,-12.70555019,34.93503571,-24.70815086,0.418000102,81.67183511,0,0,-39.90492249,28.76238632,-55.12459946,0.1344999671,72.29969642,12.29584217,1.495141625,1.377322435,1700,2000,1200,1,1200,2500,2500,0.007891799339,0.08501423704,0.1783567756,0,1,1
LR,std,3,3,0.001,46,none,0.9812520833,1,1,0,0,-13.13967705,35.62591553,-26.78370094,0.4210000634,81.18275744,0,0,-41.7593689,29.6549263,-59.18125153,0.1374999583,71.76414791,12.38133907,1.498476386,1.383974075,1700,2200,1200,1,1200,2700,2700,0.004681358287,0.05664948695,0.1397316194,0,1,1
LR,std,3,3,0.001,47,none,0.9820875,1,1,0,0,-12.98777294,35.84082794,-22.83913803,0.4135001302,81.58770039,0,0,-40.86601639,28.67091942,-63.13207245,0.131499961,72.01762458,12.52580738,1.512763739,1.386750579,1700,2300,1200,1,1200,2800,2800,0.005111578338,0.05142632811,0.1173236909,0,1,1
LR,std,3,3,0.001,48,none,0.98414375,1,1,0,0,-13.27805042,35.5665741,-23.13418961,0.4142501056,81.41122838,0,0,-41.04222107,28.3052597,-57.4070015,0.131499961,70.94310985,12.61653328,1.494950414,1.400830626,1600,1900,1200,1,1200,2400,2400,0.008307696692,0.08054774075,0.1888265567,0,1,1
LR,std,3,3,0.001,49,none,0.9823854167,1,1,0,0,-13.70483589,35.52742767,-23.70294571,0.4120000899,81.14349194,0,0,-41.07606888,27.3150177,-59.52729416,0.1254999638,71.26191332,12.7052393,1.494778395,1.417951465,1700,1800,1200,1,1199,2300,2300,0.01577142884,0.1369912636,0.2945481428,0,1,1
LR,std,3,3,0.001,50,none,0.982175,1,1,0,0,-13.88656902,34.76166153,-22.98463821,0.4127500951,81.44780857,0,0,-39.8371315,28.5332222,-54.99391937,0.1359999478,72.48024661,12.78151989,1.498677492,1.436484098,1600,1900,1200,1,1200,2400,2400,0.009524117295,0.09268720707,0.2063952179,0,1,1
LR,std,4,4,0.001,1,none,0.9838708333,1,1,0,0,-0.6878623366,11.41177654,-2.855329752,0.5215001106,71.55932229,0,0,-0.9603592157,7.469658852,-6.60929203,0.4892501533,71.29949024,2.534048557,0.8202208877,1.056226373,1500,1700,1200,1,1199,2200,2200,0.002252212593,0.01467848955,0.02738782034,0,1,1
LR,std,4,4,0.001,2,none,0.9825708333,1,1,0,0,-1.220712543,16.70052147,-6.228488922,0.5170000792,72.04405517,0,0,-9.574529648,12.22635937,-19.1269455,0.2905000448,76.73394786,3.590788841,0.9744611979,1.19023335,1600,2100,1200,1,1200,2600,2600,0.001771784791,0.01688274831,0.02615863063,0,1,1
LR,std,4,4,0.001,3,none,0.98064375,1,1,0,0,-1.846292734,20.13873291,-9.386987686,0.5095001459,74.65944394,0,0,-17.61069298,15.76315212,-28.18353844,0.2140000015,80.07253698,4.647988796,1.147840738,1.279302478,1600,2700,1200,1,1200,3200,3200,0.001094095037,0.01263534647,0.01299749738,0,1,1
LR,std,4,4,0.001,4,none,0.9816916667,1,1,0,0,-1.963825703,21.40420914,-6.851998806,0.5117501616,75.58622888,0,0,-19.91815376,16.77078247,-34.10258484,0.1854999661,78.19905806,5.153125763,1.22184968,1.254069328,1700,1900,1200,1,1200,2400,2400,0.004133011652,0.0394380953,0.05877806003,0,1,1
LR,std,4,4,0.001,5,none,0.9820791667,1,1,0,0,-2.543245554,22.870821,-11.02525902,0.5027500987,76.03023592,0,0,-24.36454582,19.42508888,-43.33635712,0.1704999655,78.17311208,5.802645206,1.302489519,1.241208315,1600,2400,1200,1,1200,2900,2900,0.002031072423,0.02300175522,0.03199934442,0,1,1
LR,std,4,4,0.001,6,none,0.98216875,1,1,0,0,-2.53902626,23.59035492,-9.24120903,0.5087501407,76.66194491,0,0,-24.68763161,20.10068512,-47.31360245,0.1682499647,76.27914238,6.102899075,1.325583577,1.207551241,1500,1800,1200,1,1198,2300,2300,0.005994400227,0.05271630908,0.1097793385,0,1,1
LR,std,4,4,0.001,7,none,0.9809375,1,1,0,0,-2.329310894,25.21589088,-9.27884388,0.5072500706,76.81387677,0,0,-30.07909584,21.35568047,-51.95000458,0.1494999528,76.18167718,6.700740814,1.394515395,1.232685089,1900,2700,1200,1,1200,3200,3200,0.001973707774,0.01956960663,0.03058811843,0,1,1
LR,std,4,4,0.001,8,none,0.9813291667,1,1,0,0,-3.341750145,25.55263138,-10.23809719,0.4892500937,77.81039166,0,0,-30.11193466,21.99138832,-47.9356842,0.1404999644,75.57078925,7.046565056,1.405562639,1.19228065,1600,1900,1200,1,1126,2400,2400,0.01527276915,0.1045392939,0.1372433947,0,1,1
LR,std,4,4,0.001,9,none,0.98199375,1,1,0,0,-3.592660427,26.51450348,-11.57934284,0.490750134,77.4119183,0,0,-32.02593994,23.03448677,-52.3022995,0.1464999616,75.0651671,7.301115513,1.429469109,1.180314302,1600,2100,1200,1,1199,2600,2600,0.00520665344,0.04332650945,0.1098928641,0,1,1
LR,std,4,4,0.001,10,none,0.98278125,1,1,0,0,-4.05817318,26.93788147,-12.79843903,0.4885000587,77.8909562,0,0,-32.80237198,23.42264175,-50.77698517,0.1479999572,73.70207185,7.50383997,1.446764112,1.17665565,1600,2000,1200,1,1200,2500,2500,0.006748273961,0.04479316814,0.1101886528,0,1,1
LR,std,4,4,0.001,11,none,0.9837604167,1,1,0,0,-4.711158276,27.73509407,-13.0284605,0.4855000973,77.84086509,0,0,-33.03870773,23.94686699,-49.6911087,0.1539999694,75.99014195,7.761396885,1.443138957,1.144121885,1700,1800,1200,1,1199,2300,2300,0.006192683644,0.05570717659,0.123670682,0,1,1
LR,std,4,4,0.001,12,none,0.98119375,1,1,0,0,-4.897346973,28.04294586,-12.4079752,0.4810000658,78.1770238,0,0,-33.75798798,23.10584831,-52.20349884,0.1427499354,74.15624539,7.981144428,1.458432317,1.136562943,1600,1900,1200,1,1200,2400,2400,0.006178522326,0.05941797143,0.1387771139,0,1,1
LR,std,4,4,0.001,13,none,0.9824291667,1,1,0,0,-5.18074131,28.2738781,-12.60395718,0.4742500782,78.14492573,0,0,-34.35378265,24.66295242,-53.25391388,0.141999945,75.31148383,8.203640938,1.463152647,1.175665021,1500,1800,1200,1,1200,2300,2300,0.009608270181,0.06788320667,0.185464907,0,1,1
LR,std,4,4,0.001,14,none,0.98366875,1,1,0,0,-4.77785635,28.37701988,-13.39409637,0.477250129,78.36036462,0,0,-35.85126877,25.13798714,-49.06461334,0.1464999616,74.64335648,8.371355057,1.471717834,1.199382782,1500,1800,1200,1,1200,2300,2300,0.008391188862,0.06138489385,0.1728604321,0,1,1
LR,std,4,4,0.001,15,none,0.98285625,1,1,0,0,-5.720611095,28.29669189,-14.46998692,0.4675001204,78.88815347,0,0,-33.58491135,24.95562935,-49.83324814,0.1539999545,76.42224414,8.572862625,1.48843503,1.212050438,1600,2000,1200,1,1200,2500,2500,0.006154386181,0.0500596444,0.1066468674,0,1,1
LR,std,4,4,0.001,16,none,0.9820375,1,1,0,0,-6.362299919,28.92447662,-13.83069706,0.4652500451,79.23550276,0,0,-34.63924026,24.79985046,-52.31727982,0.1464999616,75.17876702,8.741102219,1.477119207,1.178861141,1800,2100,1200,1,1200,2600,2600,0.004786527658,0.04152900843,0.09610692005,0,1,1
LR,std,4,4,0.001,17,none,0.9827541667,1,1,0,0,-5.948406696,29.34332848,-14.11920929,0.4705000818,79.30004843,0,0,-35.72221375,25.33825874,-50.61554337,0.1509999633,76.18670639,8.963963509,1.486817002,1.178244591,1500,1900,1200,1,1200,2400,2400,0.004670749847,0.04761315346,0.136367145,0,1,1
LR,std,4,4,0.001,18,none,0.9826541667,1,1,0,0,-6.05935812,29.63997269,-14.6749382,0.4765000939,79.02274842,0,0,-34.12356567,26.00419617,-55.31333542,0.1532499492,77.10751361,9.134807587,1.489942431,1.173697472,1700,1900,1200,1,1199,2400,2400,0.007663466545,0.05643813111,0.148917881,0,1,1
LR,std,4,4,0.001,19,none,0.9818541667,1,1,0,0,-6.890026093,31.18030739,-13.86544323,0.4697500765,78.87668618,0,0,-37.28415298,26.34607697,-58.78013229,0.1404999644,74.53790139,9.371516228,1.494833112,1.190325379,1800,2000,1200,1,1197,2500,2500,0.006377450743,0.05504729602,0.1402078756,0,1,1
LR,std,4,4,0.001,20,none,0.9828604167,1,1,0,0,-8.040904999,31.43826103,-14.83640289,0.4577501118,78.79074242,0,0,-38.13952637,28.85440826,-55.68011856,0.1449999511,75.61825244,9.531215668,1.506202936,1.197948813,1700,2200,1200,1,1197,2700,2700,0.004608422135,0.03976930042,0.09448444204,0,1,1
LR,std,4,4,0.001,21,none,0.98184375,1,1,0,0,-7.491255283,30.88248253,-16.00854111,0.4622500837,79.97310931,0,0,-36.88128281,26.40255928,-57.56085587,0.1434999555,76.59198852,9.640529633,1.50419116,1.152597189,1600,2000,1200,1,1200,2500,2500,0.005552774653,0.0525242485,0.1390787766,0,1,1
LR,std,4,4,0.001,22,none,0.9819291667,1,1,0,0,-6.81277895,31.49633789,-16.02347755,0.4712501168,79.29928812,0,0,-38.63152313,26.79733467,-61.51194,0.1374999583,74.53772623,9.855026245,1.515849352,1.182786822,1700,2100,1200,1,1200,2600,2600,0.005377173188,0.04581396673,0.1284508449,0,1,1
LR,std,4,4,0.001,23,none,0.9825854167,1,1,0,0,-6.991733551,32.04544449,-16.11392403,0.4697500765,79.94834578,0,0,-38.91173935,27.43439484,-54.5942421,0.1389999539,73.48522038,10.0283432,1.519955158,1.179718375,1700,2000,1200,1,1200,2500,2500,0.004579286879,0.04695235029,0.1422360279,0,1,1
LR,std,4,4,0.001,24,none,0.9822708333,1,1,0,0,-7.581930637,31.62896347,-17.26197624,0.463750124,79.88994198,0,0,-38.81261063,27.82302094,-55.75247574,0.1397499591,75.62124836,10.12174892,1.51501298,1.203880548,1700,1900,1200,1,1200,2400,2400,0.007371623327,0.07446452117,0.1850274078,0,1,1
LR,std,4,4,0.001,25,none,0.9815604167,1,1,0,0,-8.319536209,31.79942322,-17.55065727,0.45325014,79.58726129,0,0,-37.87528229,28.40914917,-59.12810135,0.1397499591,74.53883886,10.29807568,1.532699704,1.229143858,1800,2000,1200,1,1199,2500,2500,0.007190922065,0.06529212793,0.1767544885,0,1,1
LR,std,4,4,0.001,26,none,0.98249375,1,1,0,0,-8.591499329,31.66611099,-17.58471489,0.4525001049,80.25230078,0,0,-39.48479843,27.14117813,-54.03641891,0.1374999583,72.97852898,10.45322323,1.541460037,1.236031175,1700,2100,1200,1,1200,2600,2600,0.005254211869,0.05004670215,0.131600742,0,1,1
LR,std,4,4,0.001,27,none,0.9812208333,0.9991666675,0.9991666675,0,0,-8.651035309,32.07452393,-17.92846489,0.4502501488,80.19022454,0,0,-41.11532974,27.53294945,-55.91182327,0.136749953,73.65614294,10.58679008,1.535158396,1.237250924,1600,1900,1199,1,1199,2400,2400,0.008229355728,0.07511585849,0.1991571808,0,1,1
LR,std,4,4,0.001,28,none,0.982625,1,1,0,0,-8.739600182,32.89717102,-18.44338417,0.4555000961,80.31975903,0,0,-41.49353027,28.40574265,-60.52713776,0.136749953,73.82780981,10.71730709,1.533375025,1.231128097,1500,2000,1200,1,1200,2500,2500,0.00552232668,0.05748932531,0.1519202024,0,1,1
LR,std,4,4,0.001,29,none,0.9817916667,1,1,0,0,-8.9798069,32.17931747,-16.30895615,0.4540001452,80.62046265,0,0,-41.05657196,27.91212654,-62.00544357,0.1329999566,73.85826594,10.88891506,1.554363847,1.224445224,1800,2300,1200,1,1200,2800,2800,0.003397805467,0.03772237521,0.09111284263,0,1,1
LR,std,4,4,0.001,30,none,0.9823520833,1,1,0,0,-8.798583031,32.80975342,-17.53019905,0.4397500753,80.69061281,0,0,-38.81375122,28.50329971,-59.05297089,0.141999945,74.9910456,10.99151611,1.543432117,1.247055411,1600,1900,1200,1,1199,2400,2400,0.007093268509,0.06783470353,0.1809507457,0,1,1
LR,std,4,4,0.001,31,none,0.9823270833,1,1,0,0,-9.561948776,33.66375732,-17.6166935,0.4442501068,80.61191693,0,0,-39.98184204,27.96860504,-55.58353043,0.1434999555,74.94909017,11.1236372,1.561582088,1.232391596,1800,2400,1200,1,1200,2900,2900,0.004429466711,0.03716400552,0.09131312388,0,1,1
LR,std,4,4,0.001,32,none,0.9824208333,1,1,0,0,-9.277802467,32.35421371,-17.68198204,0.4427501559,81.06935389,0,0,-39.86668015,28.74022675,-55.42556,0.1479999423,75.65320643,11.27068424,1.532783151,1.197942853,1500,2200,1200,1,1199,2700,2700,0.003479228853,0.04042951886,0.1121618395,0,1,1
LR,std,4,4,0.001,33,none,0.9815833333,1,1,0,0,-10.18259907,33.8130188,-18.38170052,0.4390000999,80.73697867,0,0,-41.48410797,28.13980484,-58.12810516,0.1404999644,74.91449508,11.37999725,1.537087917,1.219034553,1700,2000,1200,1,1200,2500,2500,0.007328891594,0.06995022685,0.1784430509,0,1,1
LR,std,4,4,0.001,34,none,0.982775,1,1,0,0,-10.16122246,34.02791595,-19.38554382,0.4442501068,80.85177472,0,0,-40.60108566,28.50479889,-61.21516418,0.1389999539,74.92231433,11.48167324,1.533477426,1.232571363,1600,1900,1200,1,1198,2400,2400,0.008660515459,0.07787615661,0.2012985637,0,1,1
LR,std,4,4,0.001,35,none,0.98278125,1,1,0,0,-10.04520035,33.4333992,-20.41607666,0.4420001209,81.61517419,0,0,-39.45533752,27.95061111,-54.58039093,0.1404999495,74.72896946,11.61410141,1.53689754,1.275653005,1600,1800,1200,1,1197,2300,2300,0.009875501172,0.0987059614,0.207396408,0,1,1
LR,std,4,4,0.001,36,none,0.9810354167,1,1,0,0,-10.72860813,34.06335068,-20.00630951,0.4360001087,80.96789961,0,0,-39.46359634,28.50998497,-59.45846558,0.1359999627,73.13438488,11.72396374,1.532724977,1.288030386,1700,2000,1200,1,1193,2500,2500,0.009110045216,0.08202786309,0.1833551286,0,1,1
LR,std,4,4,0.001,37,none,0.98104375,1,1,0,0,-10.46621609,35.15015793,-20.82857513,0.4345000684,80.49323167,0,0,-41.78010559,28.75032616,-61.45198059,0.1352499723,73.73073484,11.81463909,1.54140389,1.311937451,1800,2200,1200,1,1200,2700,2700,0.007678305428,0.06215707566,0.1534900235,0,1,1
LR,std,4,4,0.001,38,none,0.9809625,1,1,0,0,-10.68228054,34.45862198,-20.93107033,0.4360000789,81.14845382,0,0,-39.73575592,29.5391674,-53.95949173,0.1412499547,75.19395041,11.9360733,1.544038057,1.291993618,1800,2300,1200,1,1200,2800,2800,0.004769117132,0.0519689644,0.1182496015,0,1,1
LR,std,4,4,0.001,39,none,0.9814979167,1,1,0,0,-11.44702816,34.65016174,-18.72137451,0.4345000684,81.09017842,0,0,-41.18345642,29.04011917,-59.4251976,0.136749953,72.58544653,12.07663059,1.548649073,1.300636649,1800,2000,1200,1,1199,2500,2500,0.008611215631,0.07883342437,0.185453076,0,1,1
LR,std,4,4,0.001,40,none,0.982875,1,1,0,0,-11.63756371,33.6994133,-19.347929,0.4300001264,81.62358894,0,0,-39.04641724,29.03847504,-56.58147812,0.1427499354,75.20520488,12.1981535,1.529148936,1.314342141,1800,2100,1200,1,1200,2600,2600,0.004865004317,0.05010086279,0.1253385983,0,1,1
LR,std,4,4,0.001,41,none,0.9826354167,1,1,0,0,-11.91950512,34.64476013,-19.40077209,0.434500128,81.68121977,0,0,-41.18531418,28.942379,-58.79492188,0.1412499547,75.41944972,12.26196671,1.528934956,1.320132375,1700,2200,1200,1,1200,2700,2700,0.004331904685,0.04718655049,0.1051474247,0,1,1
LR,std,4,4,0.001,42,none,0.9827270833,1,1,0,0,-11.39169121,34.52281952,-19.49421692,0.4262501001,82.43295156,0,0,-41.72871017,28.500597,-59.31336594,0.1374999583,72.94899084,12.40507889,1.55203414,1.325112462,1700,2100,1200,1,1200,2600,2600,0.008358298312,0.06868939386,0.1706924177,0,1,1
LR,std,4,4,0.001,43,none,0.9819770833,1,1,0,0,-12.28177261,35.75491333,-20.34878349,0.4195001125,81.47248001,0,0,-44.49212265,29.88885689,-60.22876358,0.1269999444,72.69093703,12.52623653,1.561778188,1.389662623,1700,2100,1099,1,1099,2600,2600,0.1815984978,0.534027297,0.4329374148,0,1,1
LR,std,4,4,0.001,44,none,0.9816083333,1,1,0,0,-12.21889305,36.16747665,-21.33013535,0.431500107,80.9232802,0,0,-45.10028839,30.75170708,-64.92506409,0.1307499558,71.60488264,12.59852982,1.556405187,1.380578995,1800,2200,1200,1,1200,2700,2700,0.007443405281,0.07122536599,0.176514313,0,1,1
LR,std,4,4,0.001,45,none,0.98283125,1,1,0,0,-10.94900608,36.1866951,-20.79776001,0.4352501035,81.14322117,0,0,-45.72158813,31.28769493,-59.96031952,0.131499961,71.78569254,12.66716194,1.545373559,1.375327706,1700,2200,1200,1,1199,2700,2700,0.005638728117,0.05774798925,0.1449589648,0,1,1
LR,std,4,4,0.001,46,none,0.9820729167,1,1,0,0,-11.35515022,35.40350342,-21.33288383,0.4315001667,81.70786264,0,0,-43.07286072,29.5038166,-62.10390854,0.1329999417,73.44647536,12.79937077,1.541243196,1.365826845,1800,2400,1200,1,1199,2900,2900,0.004329045344,0.04590477534,0.1087292778,0,1,1
LR,std,4,4,0.001,47,none,0.9819916667,1,1,0,0,-12.07810402,34.78810501,-21.07078171,0.4255000949,82.00303038,0,0,-41.53055954,29.12672806,-64.26560974,0.1307499558,71.72876042,12.92912769,1.544121146,1.376142859,1800,2000,1200,1,1200,2500,2500,0.009222276112,0.09500832178,0.2160850989,0,1,1
LR,std,4,4,0.001,48,none,0.9817229167,1,1,0,0,-12.64243221,35.45985413,-22.63555527,0.4232500792,81.90761789,0,0,-41.38266754,28.98722267,-58.50331497,0.1322499514,73.39001354,13.02455139,1.537430406,1.382977009,1800,1900,1199,1,1198,2400,2400,0.009786581441,0.1049735961,0.2208479153,0,1,1
LR,std,4,4,0.001,49,none,0.9826895833,1,1,0,0,-12.66962147,35.26305389,-23.13518906,0.420250088,81.79155607,0,0,-41.42509079,29.41231346,-57.31021118,0.1329999566,73.34599124,13.06857872,1.542368174,1.40763092,1700,2100,1200,1,1200,2600,2600,0.007003332367,0.06560794483,0.1594962628,0,1,1
LR,std,4,4,0.001,50,none,0.9810458333,1,1,0,0,-12.2547226,35.52177811,-23.75953484,0.4240001142,82.34537489,0,0,-43.44616699,29.43646431,-59.77338028,0.1277499646,72.043754,13.17343616,1.546605349,1.419898391,1900,2100,1200,1,1199,2600,2600,0.008848443897,0.09184961516,0.1976634735,0,1,1
LR,std,5,5,0.001,1,none,0.9840208333,1,1,0,0,-0.6990126967,11.40927124,-4.649122238,0.5185000896,71.48559484,0,0,-0.7998799682,7.160672665,-9.80378437,0.5050001144,70.1756589,2.441135645,0.8008642197,1.03704083,1300,1600,1200,1,1200,2100,2100,0.002002468367,0.01462474845,0.03024410575,0,1,1
LR,std,5,5,0.001,2,none,0.98379375,1,1,0,0,-2.646673918,17.22219086,-9.695801735,0.4855000973,70.94721913,0,0,-7.952112675,11.55602074,-17.60560608,0.3047500551,79.19056805,3.393738985,0.9465940595,1.157492161,1400,1600,1200,1,1200,2100,2100,0.002936056772,0.02736937368,0.05026934129,0,1,1
LR,std,5,5,0.001,3,none,0.98278125,1,1,0,0,-2.957661629,20.03671074,-9.600384712,0.4885000587,72.66464291,0,0,-14.07042694,14.15876198,-24.82852554,0.2275000066,79.48356408,4.129979134,1.072422266,1.237711549,1600,1700,1200,1,1198,2200,2200,0.003778411056,0.03661045334,0.04937556871,0,1,1
LR,std,5,5,0.001,4,none,0.9806333333,1,1,0,0,-3.948632479,23.23481178,-11.83532906,0.4772500694,73.01910683,0,0,-20.1138649,17.14233208,-31.38919258,0.1974999607,78.12564674,4.955188751,1.187491417,1.329667449,1500,1900,1082,1,998,2400,2400,0.2135319944,0.6867557666,0.4021046715,0,1,1
LR,std,5,5,0.001,5,none,0.98114375,1,1,0,0,-3.610428095,22.60702515,-12.06333065,0.4840001166,74.78854109,0,0,-19.62202263,17.68095589,-32.95401764,0.201249972,79.23367466,5.270374298,1.227754712,1.310477376,1700,2100,1200,1,1200,2600,2600,0.00353403936,0.03781458175,0.05406224672,0,1,1
LR,std,5,5,0.001,6,none,0.981825,1,1,0,0,-4.026236057,24.53255463,-13.83958721,0.4787501097,74.90983298,0,0,-23.71653938,19.47262764,-34.42818451,0.171999976,78.45563758,5.760248184,1.285055876,1.337977767,1700,1900,1069,1,1069,2400,2400,0.1782953317,0.449949762,0.2500081482,0,1,1
LR,std,5,5,0.001,7,none,0.98226875,1,1,0,0,-4.048110485,24.2406311,-11.9654789,0.4817501307,76.47005401,0,0,-26.10830879,20.56991386,-45.38364029,0.1674999595,77.40079154,6.279404163,1.333586812,1.282933354,1500,2500,1200,1,1200,3000,3000,0.001550849373,0.01779997962,0.02187779906,0,1,1
LR,std,5,5,0.001,8,none,0.98264375,1,1,0,0,-4.32407093,25.16678429,-13.3343544,0.4787501097,77.01714547,0,0,-27.99627686,20.59400177,-43.46179962,0.157749936,74.6857681,6.503858089,1.369563103,1.256250978,1700,1900,1200,1,1200,2400,2400,0.005531596029,0.05072750704,0.1006135634,0,1,1
LR,std,5,5,0.001,9,none,0.98305625,1,1,0,0,-4.793916225,25.09402084,-12.54789448,0.4750001132,77.10096331,0,0,-27.77476311,21.35087013,-40.8988533,0.1599999666,76.43965108,6.807817459,1.376685023,1.236037135,1500,1800,1200,1,1200,2300,2300,0.005661620968,0.05239031498,0.1071890707,0,1,1
LR,std,5,5,0.001,10,none,0.9832604167,1,1,0,0,-4.681984425,25.71292496,-14.82307529,0.4757501483,78.27760631,0,0,-27.79936218,22.44077301,-39.52169418,0.1682499498,77.71845061,7.100346088,1.375505924,1.194200754,1500,2200,1200,1,1200,2700,2700,0.002060019865,0.02074442167,0.04583516918,0,1,1
LR,std,5,5,0.001,11,none,0.9831604167,1,1,0,0,-5.647707462,26.49933243,-13.28437519,0.4690001011,78.63513078,0,0,-29.77330399,22.18436432,-47.16150284,0.1517499387,74.77769436,7.362495899,1.403070092,1.220142722,1600,1700,1200,1,1200,2200,2200,0.007787637789,0.05852635209,0.1479859101,0,1,1
LR,std,5,5,0.001,12,none,0.9826541667,1,1,0,0,-5.429568291,27.25290108,-17.06101036,0.4630000889,77.99217856,0,0,-29.95617294,23.11844635,-47.5368309,0.1517499536,76.4408006,7.616942883,1.418769002,1.208104849,1500,2100,1200,1,1200,2600,2600,0.003107872908,0.02928237243,0.06905437005,0,1,1
LR,std,5,5,0.001,13,none,0.9835875,1,1,0,0,-5.997198105,26.86706161,-13.61071587,0.4585001171,79.08011791,0,0,-29.17171288,23.27509499,-53.57488632,0.1562499553,78.79016238,7.805640221,1.427205801,1.190961242,1400,1700,1200,1,1199,2200,2200,0.00680421714,0.05996238217,0.125853811,0,1,1
LR,std,5,5,0.001,14,none,0.9830458333,1,1,0,0,-5.719112873,28.38119125,-16.15288162,0.4660001099,78.46196691,0,0,-32.04830933,23.93997002,-51.81615448,0.1599999666,77.36959392,8.009134293,1.440606952,1.193936706,1600,1900,1199,1,1199,2400,2400,0.006095517361,0.05003371369,0.1176057301,0,1,1
LR,std,5,5,0.001,15,none,0.9827770833,1,1,0,0,-5.872018814,29.12446594,-14.67578506,0.4690001607,78.65761694,0,0,-32.34922028,24.9251461,-50.44118118,0.1524999589,75.08407758,8.210225105,1.432895422,1.189266682,1500,1800,1200,1,1200,2300,2300,0.006049209451,0.05139596923,0.1342206506,0,1,1
LR,std,5,5,0.001,16,none,0.9814375,1,1,0,0,-6.543315411,29.52441216,-15.04747772,0.4592501521,79.03651906,0,0,-33.36548233,26.23331642,-51.81761932,0.1584999561,78.35204011,8.545344353,1.47371912,1.142441511,1600,2500,1200,1,1200,3000,3000,0.001603449781,0.01867268575,0.03422256684,0,1,1
LR,std,5,5,0.001,17,none,0.9820395833,1,1,0,0,-6.917607784,29.47060013,-20.18013573,0.4630000889,79.08462212,0,0,-34.11153793,26.12102699,-49.46652603,0.1584999561,76.58369272,8.717350006,1.466588974,1.130439162,1600,1800,1200,1,1200,2300,2300,0.006734622808,0.05653958353,0.1551186283,0,1,1
LR,std,5,5,0.001,18,none,0.982775,1,1,0,0,-7.06844759,29.99360275,-18.32761383,0.4585000575,79.10815053,0,0,-33.94043732,26.65160751,-51.72754669,0.1509999633,76.96704634,8.888419151,1.483093977,1.157910943,1700,2000,1200,1,1200,2500,2500,0.004607974059,0.0438645023,0.1117574579,0,1,1
LR,std,5,5,0.001,19,none,0.9826958333,1,1,0,0,-7.7484231,30.68010521,-20.07909775,0.4487501085,78.54429454,0,0,-35.23057556,28.52851677,-53.43048477,0.1584999561,77.28135542,9.080186844,1.484429598,1.128627658,1600,1900,1200,1,1200,2400,2400,0.005191017266,0.05013307935,0.119677183,0,1,1
LR,std,5,5,0.001,20,none,0.9811916667,1,1,0,0,-8.144761086,31.83551598,-18.90256882,0.4555000961,78.66861341,0,0,-37.2540741,27.70730591,-58.90795898,0.1449999511,75.90366866,9.316905975,1.50450027,1.187029839,1600,2100,1200,1,1200,2600,2600,0.005586530647,0.05130180044,0.139550158,0,1,1
LR,std,5,5,0.001,21,none,0.9827145833,1,1,0,0,-8.343782425,31.44488716,-17.56413078,0.4555000961,79.05643027,0,0,-36.49666977,28.18361092,-52.98544312,0.1547499448,76.39791375,9.440516472,1.500516534,1.206431031,1700,1900,1200,1,1200,2400,2400,0.006773367134,0.06413651862,0.15330733,0,1,1
LR,std,5,5,0.001,22,none,0.9816791667,1,1,0,0,-8.653087616,31.47080231,-17.79032516,0.4420001209,79.67002089,0,0,-37.56869125,27.80428123,-54.04356766,0.1464999616,77.0692563,9.681049347,1.527972579,1.207106233,1900,2000,1200,1,1187,2500,2500,0.01159528691,0.08090985782,0.1562215825,0,1,1
LR,std,5,5,0.001,23,none,0.98094375,1,1,0,0,-8.999743462,31.88360977,-17.93865967,0.4390000999,79.81537594,0,0,-38.97294617,28.78358078,-56.63664246,0.1449999511,75.15344855,9.809311867,1.53215301,1.208510399,1800,2100,1200,1,1200,2600,2600,0.005294634263,0.05155631429,0.1295920013,0,1,1
LR,std,5,5,0.001,24,none,0.9816166667,1,1,0,0,-9.508469582,31.99926949,-18.11367035,0.4337500632,79.96209403,0,0,-38.08213425,27.99966049,-54.23883057,0.1442499608,73.9865306,10.00249004,1.534829617,1.206590295,1800,1900,1200,1,1199,2400,2400,0.008590435219,0.07853532392,0.1784572838,0,1,1
LR,std,5,5,0.001,25,none,0.98210625,1,1,0,0,-9.026926041,32.4245224,-22.79389,0.4465000927,79.21939878,0,0,-38.24871445,28.86625671,-57.59373093,0.1464999616,74.00068974,10.14010143,1.529600024,1.226001143,1700,2000,1200,1,1199,2500,2500,0.007838662519,0.06101393814,0.1619302258,0,1,1
LR,std,5,5,0.001,26,none,0.98225,1,1,0,0,-9.786816597,32.45255661,-21.79330254,0.4382501245,79.84613376,0,0,-37.97667313,28.76917648,-56.24101639,0.1404999644,74.96072175,10.25622463,1.526042223,1.238589048,1900,2000,1200,1,1199,2500,2500,0.00695619074,0.06222155695,0.1557610021,0,1,1
LR,std,5,5,0.001,27,none,0.9815875,1,1,0,0,-9.461315155,33.08649445,-22.95861053,0.4435000718,79.5889891,0,0,-39.93962097,28.66796684,-56.29005432,0.1374999583,73.2273656,10.43501854,1.544153929,1.25580883,1700,2000,1200,1,1200,2500,2500,0.007456669696,0.06894220714,0.169359389,0,1,1
LR,std,5,5,0.001,28,none,0.9824458333,1,1,0,0,-10.25311375,32.69284058,-21.82562637,0.4285000861,80.04212747,0,0,-38.75489044,28.57595825,-59.27166748,0.1442499608,74.0423329,10.49580574,1.525919795,1.251391292,1600,1900,1200,1,1199,2400,2400,0.008239771687,0.07884657622,0.1829472898,0,1,1
LR,std,5,5,0.001,29,none,0.9821145833,1,1,0,0,-9.982964516,32.86766052,-21.50387001,0.4337501228,80.47777771,0,0,-40.51405716,28.30341721,-56.94273758,0.136749953,72.3655279,10.68062115,1.531897545,1.270338178,1600,2000,1200,1,1200,2500,2500,0.007353441614,0.07076960437,0.1609093181,0,1,1
LR,std,5,5,0.001,30,none,0.9829041667,1,1,0,0,-9.532444954,32.68486023,-19.51724243,0.4360001087,80.71859708,0,0,-38.54418945,28.74164772,-59.30263138,0.1457499415,76.23955699,10.79665184,1.546883702,1.26357007,1500,2300,1200,1,1200,2800,2800,0.003262711207,0.0333942344,0.07199985564,0,1,1
LR,std,5,5,0.001,31,none,0.9819541667,1,1,0,0,-9.852826118,32.9360199,-18.41821671,0.4367500842,80.85681578,0,0,-39.45900726,28.74369812,-61.11785126,0.1329999566,72.93705138,10.98177242,1.548968673,1.2523278,1800,2000,1200,1,1199,2500,2500,0.007257261552,0.06596517218,0.1725658449,0,1,1
LR,std,5,5,0.001,32,none,0.9824375,1,1,0,0,-10.64161873,32.81703949,-22.3578949,0.430750072,80.29047932,0,0,-40.88381958,29.59812546,-60.14483261,0.1344999671,73.26612752,11.07442379,1.550648689,1.303752542,1700,2000,1200,1,1200,2500,2500,0.006699925458,0.06634957188,0.1510014223,0,1,1
LR,std,5,5,0.001,33,none,0.9821604167,1,1,0,0,-10.61032295,33.98410416,-23.4264431,0.4390000999,80.39243047,0,0,-40.62014008,30.55138206,-53.49943161,0.1412499547,73.46508752,11.21306038,1.554461241,1.291806936,1800,2200,1200,1,1200,2700,2700,0.006135859786,0.05363358116,0.1300060906,0,1,1
LR,std,5,5,0.001,34,none,0.9820708333,1,1,0,0,-10.64783859,33.43817139,-22.84295654,0.4322501123,80.97224851,0,0,-40.1154747,29.10461426,-57.06933594,0.136749953,73.9146511,11.31277657,1.538538456,1.280155897,1700,2000,1200,1,1199,2500,2500,0.007858920074,0.07190107148,0.1822276006,0,1,1
LR,std,5,5,0.001,35,none,0.9824145833,1,1,0,0,-10.66096401,33.26600266,-27.21458054,0.4277501106,80.65297077,0,0,-39.3555603,28.96951866,-61.52804184,0.1434999555,74.32818458,11.40775394,1.51339829,1.298833609,1800,2000,1200,1,1200,2500,2500,0.006497653038,0.06281249999,0.1389711439,0,1,1
LR,std,5,5,0.001,36,none,0.981475,1,1,0,0,-10.90128803,34.455616,-24.77194023,0.4367500842,80.78721695,0,0,-39.39061356,29.7485733,-56.14466095,0.1404999644,74.05530004,11.55004883,1.53666544,1.275000691,1800,2100,1200,1,1200,2600,2600,0.005468399533,0.0571614359,0.1305230352,0,1,1
LR,std,5,5,0.001,37,none,0.9824604167,1,1,0,0,-10.97836399,34.45153809,-20.65998268,0.4277501404,80.85083587,0,0,-41.98516464,29.90820694,-54.77363586,0.1404999644,73.21936061,11.68590927,1.533904552,1.266575456,1700,2200,1200,1,1200,2700,2700,0.003412605463,0.04280514274,0.09611427494,0,1,1
LR,std,5,5,0.001,38,none,0.982275,1,1,0,0,-12.1546402,35.04340744,-27.23171806,0.4240001142,80.11151274,0,0,-40.717453,29.40264702,-59.0309639,0.1352499574,71.87516758,11.7729187,1.511827588,1.307755947,1600,1800,1200,1,1200,2300,2300,0.01205248544,0.1071418528,0.2545471515,0,1,1
LR,std,5,5,0.001,39,none,0.981725,1,1,0,0,-11.55391026,34.11639786,-25.97305107,0.4247500896,80.89004434,0,0,-40.00107574,29.53285408,-53.00420761,0.1389999539,73.24169223,11.90257168,1.515298605,1.317269206,1700,2000,1200,1,1199,2500,2500,0.007426790102,0.07389052237,0.1745046412,0,1,1
LR,std,5,5,0.001,40,none,0.98168125,1,1,0,0,-12.44598198,34.82826614,-23.12960243,0.4165000916,80.61931552,0,0,-40.95489502,29.0404892,-54.51499176,0.136749953,73.1183977,11.99326324,1.502383232,1.313261986,1700,2100,1200,1,1200,2600,2600,0.006826893539,0.06654763357,0.1555544566,0,1,1
LR,std,5,5,0.001,41,none,0.9818875,1,1,0,0,-12.23503971,35.37004089,-22.63631248,0.4255001545,80.76869324,0,0,-39.83839417,29.09045219,-56.88425827,0.1434999555,74.51894793,12.10065937,1.521611929,1.324144125,1800,2400,1200,1,1200,2900,2900,0.003811961733,0.04355083508,0.08741315122,0,1,1
LR,std,5,5,0.001,42,none,0.98220625,1,1,0,0,-12.60775948,34.98081589,-23.54742432,0.4150000811,80.84085971,0,0,-39.39684677,30.19567871,-53.67664337,0.1397499591,74.1109243,12.18631458,1.504625201,1.304986,1600,1900,1200,1,1199,2400,2400,0.007818364866,0.0815973691,0.1785507269,0,1,1
LR,std,5,5,0.001,43,none,0.9815791667,1,1,0,0,-12.97095203,35.17694473,-26.68117142,0.4165000916,81.10591513,0,0,-39.95249176,29.41418648,-59.51987076,0.1434999555,74.10283612,12.2830925,1.508953214,1.294400573,1800,2200,1200,1,1198,2700,2700,0.004853007425,0.05490428332,0.1270553587,0,1,1
LR,std,5,5,0.001,44,none,0.9812125,1,1,0,0,-12.94083977,35.4113884,-23.84809303,0.4120001197,81.24528676,0,0,-39.01903152,29.43165398,-55.50485229,0.141999945,74.86398023,12.40112782,1.505942583,1.327618599,2000,2200,1200,1,1200,2700,2700,0.006395871282,0.06093742999,0.1309793276,0,1,1
LR,std,5,5,0.001,45,none,0.9817208333,1,1,0,0,-11.94974709,34.74451065,-25.50272369,0.4187501073,81.64830581,0,0,-39.72451019,28.84420776,-57.68754578,0.1374999583,74.56942393,12.45790291,1.499292254,1.338853478,1700,1900,1200,1,1200,2400,2400,0.009894598075,0.09461177349,0.218384299,0,1,1
LR,std,5,5,0.001,46,none,0.9827791667,1,1,0,0,-13.32509613,35.91018677,-23.58883286,0.4210000932,81.74301478,0,0,-40.09582138,28.72479439,-57.34461594,0.1389999688,73.02812784,12.59350872,1.486310363,1.347162962,1700,1900,1200,1,1199,2400,2400,0.007491936819,0.08177154207,0.1877352102,0,1,1
LR,std,5,5,0.001,47,none,0.982425,1,1,0,0,-14.53230667,36.35017014,-26.83644485,0.4172500968,81.20855599,0,0,-40.67062759,28.55063057,-59.38768387,0.1352499425,72.22308917,12.64086056,1.460589647,1.371781468,1600,1800,1200,1,1200,2300,2300,0.008520318277,0.0956428233,0.2223181905,0,1,1
LR,std,5,5,0.001,48,none,0.9804770833,1,1,0,0,-14.2472086,36.14620972,-23.25207138,0.4120001197,81.33730198,0,0,-40.30095673,29.30031204,-55.60752869,0.1389999539,73.95047462,12.75890064,1.488098621,1.365310073,2300,2300,1200,1,1200,2800,2800,0.00559627731,0.05973592314,0.1103956286,0,1,1
LR,std,5,5,0.001,49,none,0.9816208333,1,1,0,0,-12.9049511,36.74053192,-23.64904976,0.4195001125,81.35187991,0,0,-41.08268356,28.61875916,-53.73160172,0.131499961,71.99879298,12.87729263,1.519544601,1.387815952,1700,2200,1200,1,1199,2700,2700,0.008301409769,0.07051126892,0.1462157684,0,1,1
LR,std,5,5,0.001,50,none,0.9816770833,1,1,0,0,-13.39563751,36.23289108,-25.03705597,0.4157501161,82.24956842,0,0,-38.72685623,29.17144012,-50.62382126,0.1404999644,75.23640695,12.97707462,1.500856519,1.351238012,1800,2100,1200,1,1199,2600,2600,0.006829956091,0.07070460977,0.1383781322,0,1,1
LR,std,6,6,0.001,1,none,0.9852145833,1,1,0,0,-0.3992856443,11.84305191,-4.124628067,0.5267500877,69.92215829,0,0,-0.7305282354,7.177004814,-8.460508347,0.5072501302,69.67334729,2.384076595,0.7930125594,1.059314609,1300,1400,1200,1,1200,1900,1900,0.002900055844,0.02031124362,0.03799211372,0,1,1
LR,std,6,6,0.001,2,none,0.9836145833,1,1,0,0,-1.218660951,16.78105545,-6.279946327,0.5102501512,72.65786601,0,0,-8.80257988,11.3704567,-19.77206421,0.2927500308,79.96597509,3.496053696,0.974270165,1.224574924,1800,2000,1200,1,1200,2500,2500,0.001513528736,0.0159353842,0.02009148326,0,1,1
LR,std,6,6,0.001,3,none,0.982975,1,1,0,0,-1.79150641,19.0984726,-6.716112614,0.5087501407,73.65115341,0,0,-14.72802734,14.12330532,-27.26500511,0.2199999839,78.07641429,4.19290781,1.074880362,1.240629196,1400,1700,1200,1,1200,2200,2200,0.002941513693,0.02766529746,0.04750429452,0,1,1
LR,std,6,6,0.001,4,none,0.9826375,1,1,0,0,-2.263521433,20.8618679,-7.75877285,0.5057501197,74.16435663,0,0,-18.08398247,15.46154404,-32.15332794,0.201249972,78.59755641,4.753369331,1.152216792,1.244388819,1600,1700,1200,1,1199,2200,2200,0.004964102568,0.04864292877,0.06826371994,0,1,1
LR,std,6,6,0.001,5,none,0.9829833333,1,1,0,0,-2.712918043,22.22838974,-8.957313538,0.5020001531,75.39919938,0,0,-21.22952461,17.32162094,-35.60979843,0.1832499653,78.05815756,5.212750435,1.207906961,1.242140532,1500,1900,1200,1,1200,2400,2400,0.002635952355,0.03012781955,0.04616674721,0,1,1
LR,std,6,6,0.001,6,none,0.9836979167,1,1,0,0,-3.294756651,22.72143745,-8.429203033,0.4975001216,76.18725719,0,0,-23.77574158,18.02841187,-35.8415451,0.1667499542,74.02819006,5.632283211,1.265170336,1.247416019,1400,1800,1200,1,1200,2300,2300,0.004561440447,0.03885506998,0.07158006806,0,1,1
LR,std,6,6,0.001,7,none,0.9838645833,1,1,0,0,-3.13700676,23.34423065,-10.7692728,0.4990001023,77.10918768,0,0,-22.5750885,18.72039032,-39.57611465,0.1802499741,78.31883923,5.941411972,1.28325665,1.201696396,1400,1700,1200,1,1200,2200,2200,0.004325823937,0.04019320186,0.06999589676,0,1,1
LR,std,6,6,0.001,8,none,0.9837479167,1,1,0,0,-3.375972509,24.25493622,-11.30487156,0.4937501252,76.55072961,0,0,-26.13142967,19.68997383,-40.85048294,0.1667499542,76.7558926,6.282661438,1.310679793,1.181581259,1400,1600,1200,1,1199,2100,2100,0.006094089556,0.05637028114,0.1119472329,0,1,1
LR,std,6,6,0.001,9,none,0.98348125,1,1,0,0,-3.873526812,25.3409481,-11.66682625,0.4937501252,76.78747797,0,0,-29.01162148,21.0386982,-43.00592041,0.1547499597,73.22877991,6.58371973,1.343547463,1.185346603,1700,1800,1200,1,1199,2300,2300,0.004888214843,0.04381748982,0.08433234913,0,1,1
LR,std,6,6,0.001,10,none,0.9836291667,1,1,0,0,-4.375828743,26.0983429,-12.27422428,0.491500169,77.03845936,0,0,-27.96429825,21.40632057,-43.98014069,0.1607499421,76.39536862,6.862299442,1.351540923,1.193194985,1400,1700,1200,1,1194,2200,2200,0.00563686378,0.05295925608,0.1203711695,0,1,1
LR,std,6,6,0.001,11,none,0.9829395833,1,1,0,0,-4.142327309,26.14603806,-13.2681551,0.490750134,78.00583009,0,0,-27.95525169,21.20060349,-50.92373276,0.1652499586,76.76188334,7.083462238,1.358869433,1.167146564,1600,1700,1200,1,1198,2200,2200,0.006829809574,0.06307938001,0.1199514394,0,1,1
LR,std,6,6,0.001,12,none,0.9828770833,1,1,0,0,-4.086164474,26.97361374,-13.08364773,0.4810001254,77.88819816,0,0,-29.43012047,21.86615944,-48.62271118,0.1622499675,76.17082316,7.323982239,1.371032119,1.184653044,1400,1700,1200,1,1200,2200,2200,0.007689187079,0.06291073311,0.1409036851,0,1,1
LR,std,6,6,0.001,13,none,0.98304375,1,1,0,0,-4.591754436,26.63287354,-12.92089272,0.4802500904,77.96425123,0,0,-31.13923645,22.62513733,-56.42731094,0.1614999473,76.39428115,7.550931454,1.387725949,1.186865687,1500,1800,1200,1,1199,2300,2300,0.005910870783,0.05640947108,0.1279997704,0,1,1
LR,std,6,6,0.001,14,none,0.9833416667,1,1,0,0,-4.879061699,27.37380791,-14.54153347,0.4787501097,78.22882118,0,0,-32.20001221,22.99667549,-54.01218033,0.1494999528,74.91164005,7.82854557,1.412355185,1.200801492,1400,1800,1200,1,1200,2300,2300,0.006898559417,0.05118858228,0.114913081,0,1,1
LR,std,6,6,0.001,15,none,0.9832854167,1,1,0,0,-4.72262907,26.94402504,-14.58917809,0.4855000973,79.77367732,0,0,-30.66378021,22.0622406,-52.2873497,0.1494999528,74.87007821,8.002609253,1.426057935,1.183818579,1500,1800,1200,1,1199,2300,2300,0.00694355519,0.05842640769,0.1303879658,0,1,1
LR,std,6,6,0.001,16,none,0.9827979167,1,1,0,0,-4.894186974,27.88771629,-14.42556381,0.4810001254,79.05858529,0,0,-33.53069687,23.3221035,-55.43447495,0.1487499475,73.88599687,8.209872246,1.427056551,1.18734467,1500,1800,1200,1,1200,2300,2300,0.006138854954,0.05811280145,0.1414594278,0,1,1
LR,std,6,6,0.001,17,none,0.9834458333,1,1,0,0,-6.055056095,28.4030304,-12.21958447,0.4727500975,78.94514586,0,0,-35.30892563,23.36627769,-52.11161804,0.1404999644,73.40123696,8.342238426,1.417885065,1.204465389,1500,1700,1200,1,1200,2200,2200,0.008646736568,0.07361877701,0.1866098226,0,1,1
LR,std,6,6,0.001,18,none,0.9833208333,1,1,0,0,-6.04426384,29.10661125,-13.88079453,0.4765000939,78.82514693,0,0,-35.79253387,24.0739212,-49.91185379,0.1427499503,74.03296702,8.518595695,1.421349049,1.243485808,1500,1600,1200,1,1196,2100,2100,0.01051898226,0.08770532626,0.2179626626,0,1,1
LR,std,6,6,0.001,19,none,0.9830770833,1,1,0,0,-5.647907734,28.79921532,-14.91739941,0.4750001132,79.61903204,0,0,-34.57907104,23.74322891,-50.9355011,0.1404999644,73.80883351,8.63247776,1.425899863,1.239571452,1500,1700,1200,1,1200,2200,2200,0.007674480291,0.07068543069,0.1675217657,0,1,1
LR,std,6,6,0.001,20,none,0.983275,1,1,0,0,-5.88270998,28.40296364,-13.78975964,0.4720001221,80.12488894,0,0,-33.92579651,23.59552574,-51.55037689,0.1449999511,73.89556924,8.849975586,1.43457818,1.246307492,1600,1700,1200,1,1200,2200,2200,0.00874332565,0.07540645755,0.1681595736,0,1,1
LR,std,6,6,0.001,21,none,0.984175,1,1,0,0,-5.937014103,28.21267128,-16.48527527,0.4682501256,80.11888533,0,0,-35.318367,24.09100723,-53.14020538,0.1389999688,74.65063433,9.038239479,1.446245074,1.282094598,1500,1900,1200,1,1199,2400,2400,0.006112328059,0.05537085547,0.134247144,0,1,1
LR,std,6,6,0.001,22,none,0.9839645833,1,1,0,0,-6.23378706,29.53471565,-14.62469482,0.4690001011,79.8382977,0,0,-35.68225479,24.85607338,-54.68231964,0.1389999539,74.17066844,9.161171913,1.441101193,1.261668921,1500,1800,1200,1,1200,2300,2300,0.008440349533,0.06773959563,0.1503989917,0,1,1
LR,std,6,6,0.001,23,none,0.983625,1,1,0,0,-6.943699837,28.86838913,-13.7367382,0.4652501047,80.95566705,0,0,-34.87890625,24.05583954,-48.8152504,0.1412499547,74.5658656,9.32199192,1.440971255,1.26972127,1400,1800,1200,1,1195,2300,2300,0.006480617749,0.0610008404,0.1336395177,0,1,1
LR,std,6,6,0.001,24,none,0.9837916667,1,1,0,0,-7.271125793,30.379179,-15.19764233,0.4510000646,80.7584891,0,0,-36.1819191,25.0562458,-50.59989166,0.1434999555,74.60458451,9.494082451,1.446322203,1.288563728,1400,1700,1200,1,1200,2200,2200,0.009072822014,0.0843003642,0.1858407986,0,1,1
LR,std,6,6,0.001,25,none,0.9839416667,1,1,0,0,-7.93004179,29.56691933,-14.79573631,0.4577501118,80.04731612,0,0,-37.0419426,26.30298805,-52.87663651,0.136749953,72.74096066,9.614812851,1.446415424,1.296833754,1400,1800,1200,1,1200,2300,2300,0.006122169205,0.06604434413,0.1552996183,0,1,1
LR,std,6,6,0.001,26,none,0.9836145833,1,1,0,0,-7.732402325,31.4799614,-17.03271294,0.4562501013,80.40195209,0,0,-40.47526932,26.10733986,-62.34995651,0.1277499646,71.49407128,9.846743584,1.479048014,1.300313115,1500,1800,1198,1,1139,2300,2300,0.03443440004,0.1715863269,0.2207748907,0,1,1
LR,std,6,6,0.001,27,none,0.9820166667,1,1,0,0,-6.968997478,30.40924454,-16.08362007,0.4555000961,81.16394964,0,0,-37.00121689,26.05442619,-55.67895508,0.1292499602,71.86163954,9.974718094,1.473208308,1.30309689,1600,2000,1200,1,1200,2500,2500,0.006876580948,0.06467934047,0.1357482767,0,1,1
LR,std,6,6,0.001,28,none,0.9836125,1,1,0,0,-7.940793037,30.58428764,-17.5398674,0.4540001154,81.19571296,0,0,-36.62639999,25.35771179,-53.36060715,0.1359999627,73.42897796,10.07229996,1.466110587,1.307077646,1500,1800,1200,1,1200,2300,2300,0.008164938442,0.071234646,0.1646198767,0,1,1
LR,std,6,6,0.001,29,none,0.983375,1,1,0,0,-8.013611794,31.21958923,-17.51022339,0.4525001049,80.48084909,0,0,-40.17381668,25.49530792,-55.80144501,0.1239999533,69.67411048,10.2128315,1.478012562,1.352247834,1500,1700,1200,1,1200,2200,2200,0.01234426647,0.1050236038,0.2371095739,0,1,1
LR,std,6,6,0.001,30,none,0.9824895833,1,1,0,0,-8.195778847,30.93815041,-19.1291256,0.4510000646,80.6251649,0,0,-40.42839432,25.93294907,-55.2622261,0.1239999533,69.50610947,10.36575317,1.465248346,1.362852693,1600,1800,1200,1,1200,2300,2300,0.01145686628,0.09914384603,0.1914218708,0,1,1
LR,std,6,6,0.001,31,none,0.98338125,1,1,0,0,-8.599741936,31.03978157,-20.51633072,0.4472501278,80.8428887,0,0,-37.94142151,25.74183273,-53.11590576,0.1277499497,70.6037153,10.44217491,1.462638974,1.367632151,1500,1900,1200,1,1200,2400,2400,0.007488532813,0.06251880979,0.1438067401,0,1,1
LR,std,6,6,0.001,32,none,0.9832041667,1,1,0,0,-9.128000259,31.5539093,-17.73579216,0.4487501085,81.56622382,0,0,-36.08500671,25.35758209,-51.1347084,0.1307499409,72.1525765,10.56599426,1.436505795,1.353226423,1500,1800,1200,1,1197,2300,2300,0.01079013086,0.08986162794,0.179358777,0,1,1
LR,std,6,6,0.001,33,none,0.9842041667,1,1,0,0,-9.271580696,31.05314827,-19.2058239,0.4495001435,81.4315485,0,0,-37.09835434,25.83045006,-51.16644669,0.1359999627,72.20529823,10.66960716,1.437386274,1.367039323,1400,1600,1200,1,1198,2100,2100,0.01089918086,0.09877962615,0.2225183074,0,1,1
LR,std,6,6,0.001,34,none,0.98330625,1,1,0,0,-9.44792366,31.13782883,-17.86435318,0.434500128,81.52647811,0,0,-37.86140823,26.3498764,-51.49021149,0.1292499602,69.97124176,10.80337429,1.442936301,1.430211425,1500,1800,1200,1,1200,2300,2300,0.01173040441,0.09509021672,0.2148786918,0,1,1
LR,std,6,6,0.001,35,none,0.9834104167,1,1,0,0,-10.20524311,31.75129318,-18.92596436,0.4412501156,81.07181366,0,0,-38.08639526,26.27310562,-50.87991714,0.1344999671,72.35079923,10.87397289,1.436085105,1.434307098,1500,1800,1200,1,1196,2300,2300,0.009424392064,0.08391503531,0.1743308091,0,1,1
LR,std,6,6,0.001,36,none,0.9827854167,1,1,0,0,-10.13677883,32.63892746,-19.7440033,0.4382501245,80.75448332,0,0,-39.97775269,26.60548782,-52.92931747,0.1224999651,67.34031286,10.99639511,1.427499056,1.457626224,1600,1800,1200,1,1199,2300,2300,0.01084515127,0.09583316978,0.1983731199,0,1,1
LR,std,6,6,0.001,37,none,0.98345,1,1,0,0,-9.872503281,31.48310089,-18.19742966,0.4330000877,81.33943483,0,0,-36.65014267,26.20076942,-53.09573746,0.1322499663,70.47935248,11.08652496,1.409388781,1.447583914,1500,1700,1200,1,1200,2200,2200,0.01021903734,0.09575974601,0.1922690589,0,1,1
LR,std,6,6,0.001,38,none,0.9825729167,1,1,0,0,-10.57511616,32.46712875,-17.78624153,0.4322500825,81.82618102,0,0,-38.0664978,25.95624352,-48.97766876,0.1269999593,69.79655171,11.16443157,1.41678977,1.460353136,1700,1900,1200,1,1200,2400,2400,0.009007674289,0.091039961,0.1734258026,0,1,1
LR,std,6,6,0.001,39,none,0.983225,1,1,0,0,-10.65219879,31.95362282,-18.84481239,0.4277501106,81.8530696,0,0,-37.64492416,26.14946556,-51.89646149,0.1322499663,70.85509418,11.31728172,1.424422979,1.43280232,1600,2000,1200,1,1199,2500,2500,0.007476680432,0.07290632688,0.1275150661,0,1,1
LR,std,6,6,0.001,40,none,0.9833604167,1,1,0,0,-10.8553791,32.57661438,-19.1652832,0.4352500439,80.90296259,0,0,-39.3203392,26.55800438,-57.86543274,0.1284999698,68.18262192,11.3680563,1.419255495,1.452635288,1500,1900,1200,1,1199,2400,2400,0.007879160998,0.08204484742,0.173490106,0,1,1
LR,std,6,6,0.001,41,none,0.98286875,1,1,0,0,-10.02080917,32.3378334,-21.3181057,0.4337501228,82.08170249,0,0,-36.75389099,24.6627636,-49.93621826,0.1307499558,70.7184477,11.52326393,1.41308248,1.454517841,1700,1800,1200,1,1199,2300,2300,0.01203977059,0.1172196654,0.2036929552,0,1,1
LR,std,6,6,0.001,42,none,0.98310625,1,1,0,0,-11.22842598,32.44024658,-20.00936317,0.431500107,81.75807835,0,0,-37.49006653,25.52082634,-49.80500031,0.1314999461,71.04672974,11.59782887,1.416751623,1.440067768,1600,1900,1200,1,1200,2400,2400,0.00787340316,0.08605666451,0.1680869219,0,1,1
LR,std,6,6,0.001,43,none,0.9838291667,1,1,0,0,-10.404212,32.59623718,-20.47724724,0.4292500913,82.20188091,0,0,-35.67092133,25.30183792,-51.42927933,0.1352499574,72.31747056,11.66231441,1.401044726,1.455473542,1600,1800,1200,1,1200,2300,2300,0.008818979927,0.0860837456,0.1603966253,0,1,1
LR,std,6,6,0.001,44,none,0.9827833333,1,1,0,0,-11.11426163,32.58832932,-18.43597412,0.4255001247,82.05323155,0,0,-35.92644119,25.74574661,-51.79150391,0.133749947,73.21192542,11.78300095,1.397370815,1.44292748,1600,1900,1200,1,1199,2400,2400,0.007439390847,0.08118736891,0.1459234708,0,1,1
LR,std,6,6,0.001,45,none,0.98334375,1,1,0,0,-11.27836514,32.95385361,-21.80835342,0.4270000756,82.07096766,0,0,-38.54317093,25.16836548,-49.96759415,0.1299999505,70.8757724,11.90116596,1.405713439,1.441436529,1600,2000,1200,1,1200,2500,2500,0.005668841325,0.06748316017,0.1214133861,0,1,1
LR,std,6,6,0.001,46,none,0.9829979167,1,1,0,0,-11.6509943,33.42570114,-25.42303467,0.4262501299,81.99556462,0,0,-33.98028564,26.16273117,-49.72544479,0.1434999555,74.4453982,11.94693375,1.395696998,1.39909339,1600,1900,1200,1,1199,2400,2400,0.007111382867,0.07779033894,0.1351364825,0,1,1
LR,std,6,6,0.001,47,none,0.9823916667,1,1,0,0,-11.1392765,33.5390892,-26.4674778,0.4240001142,82.35479807,0,0,-35.48439026,24.6243,-49.66122437,0.1382499635,73.51881399,12.06987381,1.408220649,1.416061282,1500,1700,1200,1,1200,2200,2200,0.01085343942,0.1197634674,0.2071155187,0,1,1
LR,std,6,6,0.001,48,none,0.9819541667,1,1,0,0,-12.05373573,33.65111542,-23.42529678,0.4232500792,81.66861696,0,0,-37.63671875,25.79691696,-51.40429306,0.1344999671,72.85396033,12.14861298,1.413461566,1.429155707,1700,2100,1200,1,1200,2600,2600,0.005971017918,0.06730048014,0.1374594162,0,1,1
LR,std,6,6,0.001,49,none,0.9840229167,1,1,0,0,-12.28532124,33.26552963,-22.5473156,0.418000102,82.27489734,0,0,-36.57213593,25.95132637,-50.13624191,0.133749947,72.28248414,12.2494154,1.405754805,1.417110682,1400,1700,1200,1,1199,2200,2200,0.01242346543,0.1129784412,0.2020981771,0,1,1
LR,std,6,6,0.001,50,none,0.9836354167,1,1,0,0,-11.2746563,33.35826874,-24.02840805,0.4225001037,82.56174313,0,0,-36.08026886,25.19570732,-51.00793839,0.1374999583,74.62641273,12.35780239,1.417080283,1.455630422,1600,2000,1200,1,1199,2500,2500,0.008371930656,0.0762388024,0.1379928006,0,1,1
LR,std,7,7,0.001,1,none,0.983725,1,1,0,0,-0.9988253117,12.71096325,-5.670637608,0.511750102,72.01560744,0,0,-1.934026361,8.196119308,-7.134984493,0.4540001452,72.39935047,2.736617804,0.842063427,1.073679566,1900,2000,1200,1,1197,2500,2500,0.001333404373,0.01071939993,0.0140713481,0,1,1
LR,std,7,7,0.001,2,none,0.9838854167,1,1,0,0,-2.110184908,17.12909698,-7.493421555,0.5027501583,72.33514752,0,0,-8.442484856,11.5751791,-21.12832642,0.3010000587,80.62404678,3.55012393,0.9862725735,1.208338261,1600,1600,1200,1,1196,2100,2100,0.003985745583,0.03091655147,0.04923400224,0,1,1
LR,std,7,7,0.001,3,none,0.9844958333,1,1,0,0,-2.190667868,19.0410347,-7.352777481,0.5020001531,73.94182797,0,0,-13.52388477,14.62468529,-24.43324852,0.2357500046,80.09898918,4.22497797,1.106149912,1.254668117,1400,1700,1200,1,1200,2200,2200,0.00328639026,0.02975775067,0.05127023453,0,1,1
LR,std,7,7,0.001,4,none,0.9822479167,1,1,0,0,-2.718044996,21.83800888,-10.36168861,0.4997501373,75.10437117,0,0,-19.46432686,17.48144531,-33.73161697,0.192999959,79.62535323,5.100758076,1.213939905,1.285393834,1700,2500,1200,1,1200,3000,3000,0.001594875933,0.01991560776,0.02061987725,0,1,1
LR,std,7,7,0.001,5,none,0.9821145833,1,1,0,0,-3.164183378,23.45173645,-10.98084736,0.4945001304,76.05301214,0,0,-24.2250843,20.18029785,-38.59873962,0.1734999567,80.19909681,5.743753433,1.298489451,1.280064344,1600,2000,1181,1,1043,2500,2500,0.07140230472,0.2653336823,0.1895554434,0,1,1
LR,std,7,7,0.001,6,none,0.98106875,1,1,0,0,-3.573573112,24.2535553,-11.30805397,0.4840001464,76.0908193,0,0,-25.95050812,20.38116455,-40.90661621,0.1637499481,76.26638564,5.966301918,1.320847988,1.27441144,1700,1900,1200,1,1199,2400,2400,0.0101524091,0.06435302302,0.1206976427,0,1,1
LR,std,7,7,0.001,7,none,0.9831895833,1,1,0,0,-4.601308346,25.18074989,-12.64521694,0.4772500694,76.36269373,0,0,-26.43434715,21.04691696,-44.43608856,0.160749957,75.53432169,6.332061768,1.348402262,1.267989039,1500,2000,1200,1,1200,2500,2500,0.003747888263,0.03416436222,0.06851414437,0,1,1
LR,std,7,7,0.001,8,none,0.98293125,1,1,0,0,-3.951594353,25.64237595,-11.22743607,0.4892501533,77.29380597,0,0,-27.25082016,20.96746254,-43.53308868,0.1562499553,76.46929926,6.677295208,1.373183608,1.255974889,1600,1900,1200,1,1198,2400,2400,0.005913064008,0.044972655,0.08178645986,0,1,1
LR,std,7,7,0.001,9,none,0.983125,1,1,0,0,-5.013415813,25.76722336,-13.54249668,0.4742500782,77.70917476,0,0,-27.4372406,21.4651165,-42.90313339,0.1599999517,74.82192591,6.921214104,1.369665384,1.215085864,1500,1800,1200,1,1199,2300,2300,0.005140746934,0.04772461475,0.09734883688,0,1,1
LR,std,7,7,0.001,10,none,0.9828666667,1,1,0,0,-5.461597919,26.14697075,-12.98348045,0.4720001221,78.263441,0,0,-27.70847702,21.89123726,-43.86065674,0.1629999578,77.65282055,7.214084148,1.391235232,1.225761294,1500,1800,1200,1,1199,2300,2300,0.007537235741,0.0585986551,0.1252446009,0,1,1
LR,std,7,7,0.001,11,none,0.9829708333,1,1,0,0,-5.90438509,27.20675087,-14.84523773,0.4690001607,78.61123784,0,0,-28.07831383,23.2344532,-44.40473938,0.1704999655,79.2695439,7.528146744,1.428649902,1.217866182,1700,2200,1200,1,1200,2700,2700,0.002810225055,0.02957402762,0.05839122609,0,1,1
LR,std,7,7,0.001,12,none,0.9821729167,1,1,0,0,-5.833608627,27.75364685,-16.49304008,0.4682500958,78.93501608,0,0,-32.44387436,23.94726372,-44.02720261,0.1524999589,78.51591463,7.846206188,1.454388738,1.237049699,1600,1800,1121,1,1121,2300,2300,0.1583417979,0.4513099771,0.3534325219,0,1,1
LR,std,7,7,0.001,13,none,0.9812604167,1,1,0,0,-5.163534641,28.57078552,-14.5659771,0.4765001535,78.18030044,0,0,-34.27112198,24.91611099,-49.20173264,0.1419999599,74.67934014,8.026888847,1.472566843,1.241077423,1700,2000,1200,1,1200,2500,2500,0.006547179188,0.0555197059,0.127208721,0,1,1
LR,std,7,7,0.001,14,none,0.98259375,1,1,0,0,-5.209987164,28.04250145,-16.52979469,0.4765001535,79.48807078,0,0,-34.79640198,24.67326164,-53.44226837,0.1457499415,73.99994055,8.254878998,1.476612091,1.244027734,1500,1900,1200,1,1200,2400,2400,0.00645156429,0.05886123143,0.1426044019,0,1,1
LR,std,7,7,0.001,15,none,0.98281875,1,1,0,0,-6.047063351,28.4879303,-15.0779171,0.4735001326,78.90335231,0,0,-35.93292999,25.40466499,-51.39521408,0.1419999599,73.5324549,8.484834671,1.485918999,1.281492829,1500,1600,1178,1,1178,2100,2100,0.1044619897,0.26955065,0.3347513799,0,1,1
LR,std,7,7,0.001,16,none,0.9832083333,1,1,0,0,-6.233477116,28.63960075,-16.26387978,0.4667500854,79.13520146,0,0,-36.72097397,24.39271164,-53.95081329,0.1344999671,71.63161713,8.635463715,1.493233562,1.303527594,1600,1900,1200,1,1198,2400,2400,0.00984889152,0.0718813745,0.1461271213,0,1,1
LR,std,7,7,0.001,17,none,0.9824604167,1,1,0,0,-7.049019337,28.69557953,-15.37678051,0.4555000961,79.72496709,0,0,-34.62376785,24.93723106,-50.76246262,0.1427499652,73.63224088,8.833850861,1.493045688,1.295745373,1600,1900,1200,1,1199,2400,2400,0.007862250651,0.06214440901,0.1421641241,0,1,1
LR,std,7,7,0.001,18,none,0.98168125,1,1,0,0,-7.268273354,29.5130043,-16.03449631,0.4525001049,79.84389771,0,0,-33.56056595,26.11727333,-49.10397339,0.1434999555,74.04024109,8.932412148,1.493455887,1.268293619,1800,1900,1200,1,1199,2400,2400,0.005691721874,0.05722757735,0.1280247095,0,1,1
LR,std,7,7,0.001,19,none,0.9830895833,1,1,0,0,-8.63651371,29.60025787,-16.82837296,0.4487501085,79.98471838,0,0,-33.84008026,25.48983574,-48.41136169,0.1494999528,74.89970276,9.149404526,1.49200666,1.263229132,1400,1900,1200,1,1193,2400,2400,0.008485065934,0.05782261652,0.1202302994,0,1,1
LR,std,7,7,0.001,20,none,0.9818625,1,1,0,0,-8.678188324,31.09696198,-17.92873383,0.45325014,79.0210881,0,0,-37.48350143,26.35209465,-54.98894501,0.1299999654,72.14717859,9.357193947,1.508940101,1.344867826,1700,2000,1072,1,1072,2500,2500,0.2605755362,0.6407004328,0.5427623025,0,1,1
LR,std,7,7,0.001,21,none,0.98160625,1,1,0,0,-9.157349586,30.98890877,-18.04708099,0.4502500892,79.5912114,0,0,-38.18300629,25.94138527,-58.176754,0.1307499558,70.71014393,9.508152008,1.492337346,1.35577929,1600,1800,1200,1,1199,2300,2300,0.01573106197,0.1050968433,0.223968001,0,1,1
LR,std,7,7,0.001,22,none,0.9805729167,1,1,0,0,-8.607110977,30.9958744,-20.83395958,0.4495001435,79.21731521,0,0,-37.83890915,26.62178612,-53.50851822,0.1284999698,72.19786193,9.703102112,1.512887001,1.404364467,1600,2100,1063,1,1063,2600,2600,0.3255299467,0.6565288656,0.5052303373,0,1,1
LR,std,7,7,0.001,23,none,0.9828270833,1,1,0,0,-8.855283737,31.29333115,-18.19349861,0.4487501085,79.35441595,0,0,-38.00652313,27.0389576,-55.33304214,0.1359999627,72.72520571,9.782803535,1.500890255,1.382601619,1700,1800,1200,1,1200,2300,2300,0.01235269266,0.1000950384,0.197922705,0,1,1
LR,std,7,7,0.001,24,none,0.9830645833,1,1,0,0,-9.124142647,31.08679008,-20.00470352,0.4405000806,80.04514669,0,0,-38.05168533,25.59707451,-55.38313293,0.1382499486,73.14275538,9.871602058,1.490549684,1.367990613,1500,1800,1200,1,1199,2300,2300,0.009636943057,0.08247839098,0.1864272571,0,1,1
LR,std,7,7,0.001,25,none,0.9825625,1,1,0,0,-8.912337303,31.13931274,-19.73947906,0.4405000806,79.96197673,0,0,-38.96412659,26.70830536,-52.55737686,0.1292499602,71.50603958,10.014781,1.499548316,1.378859639,1600,2100,1200,1,1196,2600,2600,0.007055486827,0.05619548423,0.1202602836,0,1,1
LR,std,7,7,0.001,26,none,0.9832666667,1,1,0,0,-9.891739845,31.3293705,-23.8507309,0.4360001087,79.83198614,0,0,-39.05942154,27.43785095,-51.96484756,0.133749947,70.71575095,10.15458107,1.49443996,1.375580907,1500,1900,1200,1,1200,2400,2400,0.006706867928,0.06867079074,0.153792703,0,1,1
LR,std,7,7,0.001,27,none,0.98349375,1,1,0,0,-9.476068497,31.50598526,-20.72027016,0.4390001595,80.42042984,0,0,-39.76158142,25.68636703,-54.19403839,0.1299999505,70.96088913,10.31161976,1.502817869,1.415162683,1700,2000,1200,1,1196,2500,2500,0.01393822398,0.08377322252,0.1557965414,0,1,1
LR,std,7,7,0.001,28,none,0.98323125,1,1,0,0,-9.992279053,32.26294327,-20.21122932,0.4397500753,80.71972131,0,0,-38.85226822,26.36927605,-56.38699341,0.124749966,69.04966547,10.40572071,1.497688055,1.397611618,1700,1800,1200,1,1200,2300,2300,0.01258974115,0.0919716482,0.1888968768,0,1,1
LR,std,7,7,0.001,29,none,0.9830354167,1,1,0,0,-10.14249229,32.85484314,-19.01942825,0.4382501245,80.11182895,0,0,-40.26438904,26.9456234,-60.20198059,0.1277499646,69.97552791,10.58378124,1.502137065,1.422524571,1600,1900,1157,1,1157,2400,2400,0.09752527393,0.292797995,0.2825415202,0,1,1
LR,std,7,7,0.001,30,none,0.9826729167,1,1,0,0,-9.951588631,31.51046753,-21.2735672,0.4352500439,81.02712436,0,0,-37.86446762,25.66538048,-58.44427872,0.1299999505,71.70411528,10.67064953,1.495240808,1.427457213,1700,1900,1200,1,1200,2400,2400,0.01072628576,0.09209728111,0.1886138495,0,1,1
LR,std,7,7,0.001,31,none,0.9820833333,1,1,0,0,-10.95557213,32.37871552,-20.66072273,0.4337501228,81.22684635,0,0,-38.43793869,26.70374489,-56.97698212,0.1299999505,71.76121621,10.88793278,1.517596841,1.41380775,1700,2500,1200,1,1199,3000,3000,0.003508910566,0.03527076137,0.06125192064,0,1,1
LR,std,7,7,0.001,32,none,0.9822145833,1,1,0,0,-11.8121891,32.68614197,-19.69245148,0.4255000949,80.92004524,0,0,-37.69822311,27.89266396,-51.35285568,0.1352499723,71.46424144,11.00835609,1.502420187,1.371196508,1800,2000,1200,1,1200,2500,2500,0.00756197026,0.07099167858,0.1458466503,0,1,1
LR,std,7,7,0.001,33,none,0.98221875,1,1,0,0,-11.65882397,33.34914398,-21.48435211,0.4255000949,80.55707255,0,0,-38.60824966,27.69314766,-52.1617012,0.1344999522,70.57795421,11.14219761,1.484576225,1.402025223,1700,1900,1200,1,1200,2400,2400,0.01182561723,0.0924232044,0.1962139587,0,1,1
LR,std,7,7,0.001,34,none,0.9827291667,1,1,0,0,-11.35846233,33.6800766,-23.31884766,0.4277501404,80.27745623,0,0,-40.58607864,27.14011192,-56.75834656,0.1269999593,70.80251688,11.19501591,1.482376218,1.418224335,1500,1800,1200,1,1199,2300,2300,0.01076572168,0.09873954413,0.2082776409,0,1,1
LR,std,7,7,0.001,35,none,0.9819895833,1,1,0,0,-11.18365955,32.73098373,-21.31529999,0.4300001264,80.72357924,0,0,-39.7145462,26.69411278,-50.68157196,0.1292499602,71.1501059,11.31261635,1.487963438,1.422298551,1700,2200,1200,1,1200,2700,2700,0.006806378964,0.06076499156,0.1261672743,0,1,1
LR,std,7,7,0.001,36,none,0.9822666667,1,1,0,0,-12.18153858,33.81230164,-21.93966484,0.4232500792,80.73811398,0,0,-38.16924667,28.21444511,-50.6068306,0.1344999522,71.29907899,11.47124672,1.493438721,1.398664951,1700,2000,1200,1,1196,2500,2500,0.00791251845,0.08292160648,0.1536245493,0,1,1
LR,std,7,7,0.001,37,none,0.9826458333,1,1,0,0,-11.266922,32.70154572,-24.62801933,0.4210000634,81.36809981,0,0,-37.29541779,26.22373772,-53.56445312,0.1284999698,72.28509942,11.55481148,1.479746103,1.411852956,1700,1900,1200,1,1200,2400,2400,0.009415573383,0.08562775816,0.1693466473,0,1,1
LR,std,7,7,0.001,38,none,0.982575,1,1,0,0,-11.83773804,33.38517761,-22.9728756,0.4247500598,81.15665824,0,0,-37.47589493,26.44787788,-51.06467056,0.136749953,72.39440143,11.68259811,1.495452881,1.402015448,1600,2200,1200,1,1200,2700,2700,0.004548528243,0.05162830936,0.1080322107,0,1,1
LR,std,7,7,0.001,39,none,0.9813479167,1,1,0,0,-12.34094143,33.52945328,-22.10958099,0.4247501194,81.49899909,0,0,-36.2806778,26.91619492,-53.26059341,0.1434999555,75.34695272,11.7713213,1.482558608,1.383216381,1800,2200,1185,1,1185,2700,2700,0.05694599279,0.1607680697,0.1665112444,0,1,1
LR,std,7,7,0.001,40,none,0.98216875,1,1,0,0,-12.71586418,33.63150406,-22.77353287,0.420250088,81.314907,0,0,-37.34591293,26.88331795,-50.70445251,0.136749953,73.91897043,11.91083717,1.479273677,1.370018125,1700,2000,1200,1,1200,2500,2500,0.007764929708,0.07639378097,0.1634423319,0,1,1
LR,std,7,7,0.001,41,none,0.9826895833,1,1,0,0,-12.21080112,35.38968658,-22.85474968,0.4217501283,81.1384744,0,0,-39.46995163,28.02920341,-52.64690018,0.1322499663,72.60577958,12.01859474,1.489261746,1.356457829,1600,2000,1200,1,1200,2500,2500,0.006591575129,0.06393792451,0.1434602948,0,1,1
LR,std,7,7,0.001,42,none,0.9819333333,1,1,0,0,-13.98526096,35.2604599,-23.47617149,0.4105000794,81.3238568,0,0,-38.68241119,27.29738808,-53.91821671,0.1307499409,71.60421436,12.1073761,1.492242336,1.373143792,1700,2000,1200,1,1199,2500,2500,0.009992124513,0.09094178836,0.1851794063,0,1,1
LR,std,7,7,0.001,43,none,0.9812979167,1,1,0,0,-13.90334988,35.75693893,-24.6984024,0.4135001004,81.27517582,0,0,-37.62441635,27.55427361,-51.27841568,0.1412499696,74.39214101,12.20150375,1.48003459,1.417624235,1700,2100,1072,1,1072,2600,2600,0.2714175919,0.6180894448,0.4116832671,0,1,1
LR,std,7,7,0.001,44,none,0.9808229167,1,1,0,0,-14.21906948,35.68761826,-24.82270813,0.4045000672,80.47128159,0,0,-39.07508087,28.64733505,-56.29056168,0.1299999505,72.0384299,12.31915283,1.487431884,1.395783663,1800,2200,1200,1,1199,2700,2700,0.006840384664,0.07196132988,0.1417645678,0,1,1
LR,std,7,7,0.001,45,none,0.9823479167,1,1,0,0,-13.37448597,35.24640274,-28.33992577,0.4105000794,80.67659772,0,0,-39.25101089,28.9106102,-52.72673798,0.1359999627,71.66035362,12.41227055,1.488252401,1.394237995,1700,2100,1200,1,1200,2600,2600,0.01064570225,0.08307555218,0.1557960458,0,1,1
LR,std,7,7,0.001,46,none,0.9823895833,1,1,0,0,-14.49379921,36.90028,-26.73833084,0.4037500918,80.77313447,0,0,-38.63927841,28.20090103,-50.51214218,0.1389999539,73.15450234,12.52010632,1.467682004,1.371998668,1800,2000,1200,1,1195,2500,2500,0.008379227762,0.08874844339,0.1754052404,0,1,1
LR,std,7,7,0.001,47,none,0.9806375,1,1,0,0,-14.60438061,35.68817902,-26.72635078,0.4090000987,81.45656067,0,0,-37.3193512,27.00386238,-50.644104,0.1382499486,73.35268347,12.66363335,1.471244454,1.376162887,1800,2100,1200,1,1200,2600,2600,0.007852555227,0.08893883113,0.1661648151,0,1,1
LR,std,7,7,0.001,48,none,0.98304375,1,1,0,0,-14.49463558,35.87316895,-26.12335396,0.4082500935,81.43285418,0,0,-37.20638657,28.84487915,-49.5981369,0.1494999528,75.63110943,12.75398159,1.466447949,1.390132308,1700,2100,1200,1,1199,2600,2600,0.004709197565,0.05443638777,0.1084458345,0,1,1
LR,std,7,7,0.001,49,none,0.9808083333,1,1,0,0,-13.54960442,36.32462311,-27.88444138,0.4165001214,81.32892078,0,0,-37.8764534,27.18851852,-52.5386734,0.1404999644,74.42717456,12.85385036,1.487143874,1.38481164,1800,2400,1200,1,1200,2900,2900,0.003786630589,0.04272949763,0.09426450024,0,1,1
LR,std,7,7,0.001,50,none,0.98211875,1,1,0,0,-14.79244041,36.1807251,-32.35671616,0.4000000954,80.93270049,0,0,-37.62033463,28.98844147,-56.97856903,0.1457499564,75.5632174,13.02017975,1.47653842,1.365298986,2000,2200,1200,1,1199,2700,2700,0.004994676838,0.05680984671,0.120596072,0,1,1
LR,std,8,8,0.001,1,none,0.9831145833,1,1,0,0,-0.9687321186,13.23889256,-4.653399467,0.5200001001,71.80052749,0,0,-2.974799395,8.918832779,-13.07853603,0.434500128,74.11233862,2.871742487,0.8603451848,1.078693509,1400,2100,1200,1,1200,2600,2600,0.001606690639,0.01441033691,0.01612489055,0,1,1
LR,std,8,8,0.001,2,none,0.9828625,1,1,0,0,-1.890677571,18.26456451,-8.497807503,0.5080001354,73.28248521,0,0,-10.49710369,12.95282364,-22.76089287,0.2725000083,81.39171629,3.877748966,1.026999831,1.24385035,2000,2200,1200,1,1200,2700,2700,0.001335527227,0.01543244952,0.01874537108,0,1,1
LR,std,8,8,0.001,3,none,0.98174375,1,1,0,0,-2.075887203,20.46472931,-9.694004059,0.5020001531,73.89939877,0,0,-16.29178047,15.25013828,-29.23516655,0.2319999933,79.92312716,4.604828358,1.125852466,1.273379922,1700,2100,1199,1,1199,2600,2600,0.003009905813,0.0255346842,0.03543027192,0,1,1
LR,std,8,8,0.001,4,none,0.983,1,1,0,0,-2.175029993,23.10355377,-9.784796715,0.5035000443,74.64940655,0,0,-23.41495514,18.21037865,-35.55656815,0.1764999628,77.06882817,5.300116062,1.237424016,1.278201342,1800,2300,1200,1,1200,2800,2800,0.002171807609,0.02296481089,0.03102930174,0,1,1
LR,std,8,8,0.001,5,none,0.9806916667,1,1,0,0,-2.771517277,24.91105652,-11.10219955,0.4990001023,76.10448565,0,0,-26.05955124,20.16783905,-42.00405884,0.155499965,76.68146988,6.00009346,1.312741518,1.260557652,1800,2700,1200,1,1200,3200,3200,0.002560463085,0.02814431517,0.03434368599,0,1,1
LR,std,8,8,0.001,6,none,0.98275625,1,1,0,0,-3.552209854,25.15575218,-12.02882385,0.490750134,76.20221397,0,0,-26.86946678,20.39361382,-42.73156357,0.1682499647,77.69684815,6.286034584,1.334656715,1.220341563,1500,1900,1200,1,1200,2400,2400,0.004093228636,0.0387462671,0.0879842484,0,1,1
LR,std,8,8,0.001,7,none,0.9830083333,1,1,0,0,-3.874101639,25.28668785,-13.55564117,0.4922501147,77.31019948,0,0,-28.60095787,21.49634743,-46.82909012,0.1539999694,75.58823179,6.623942852,1.367311716,1.224820137,1500,1900,1200,1,1199,2400,2400,0.005759004517,0.04673511341,0.09384968129,0,1,1
LR,std,8,8,0.001,8,none,0.98175,1,1,0,0,-3.966345787,25.6263237,-12.55462265,0.487000078,77.93260856,0,0,-28.14985657,21.74624825,-43.13135529,0.1637499481,77.98228212,6.855303288,1.389855862,1.158752799,1600,1900,1200,1,1200,2400,2400,0.005775609594,0.04663439623,0.1027420458,0,1,1
LR,std,8,8,0.001,9,none,0.9831458333,1,1,0,0,-4.322217464,26.95344162,-14.22498417,0.4825001061,77.57319283,0,0,-29.93307304,22.18196869,-49.47525024,0.155499965,74.54342095,7.147460461,1.402305961,1.178661823,1500,1900,1200,1,1200,2400,2400,0.005134541022,0.04439795369,0.1107346493,0,1,1
LR,std,8,8,0.001,10,none,0.9823520833,1,1,0,0,-4.40686512,27.07478714,-14.45858765,0.4840001166,78.09194942,0,0,-33.08874893,23.14260101,-47.11254501,0.1397499591,72.94521238,7.444797993,1.435668826,1.202480078,1700,2000,1200,1,1200,2500,2500,0.005492253053,0.04424814002,0.1147956599,0,1,1
LR,std,8,8,0.001,11,none,0.98321875,1,1,0,0,-4.918857574,28.38648224,-15.75313854,0.4802500606,77.7454478,0,0,-33.27151108,24.85099792,-50.85226059,0.157749936,75.22836678,7.682764053,1.437300086,1.184265494,1500,1900,1200,1,1200,2400,2400,0.005581156229,0.04999388949,0.1244551096,0,1,1
LR,std,8,8,0.001,12,none,0.9818229167,1,1,0,0,-4.951678753,28.81129074,-14.11179924,0.4832500815,78.03954788,0,0,-32.03860474,24.10789871,-50.59075165,0.1599999517,77.28261355,7.916879654,1.436528206,1.172271848,1700,2100,1200,1,1193,2600,2600,0.004696597708,0.04172979908,0.09322774066,0,1,1
LR,std,8,8,0.001,13,none,0.9812854167,1,1,0,0,-5.807458878,28.42850113,-13.58092117,0.4727500975,78.74505497,0,0,-32.59033966,24.23066521,-49.80830383,0.1547499597,75.86483756,8.142328262,1.455160975,1.185242772,1800,1900,1200,1,1200,2400,2400,0.005606851813,0.05236869861,0.1396409352,0,1,1
LR,std,8,8,0.001,14,none,0.98161875,1,1,0,0,-6.118647575,28.85580826,-14.33960819,0.4727500975,78.10759043,0,0,-33.71790314,24.19366455,-60.93313217,0.1517499536,75.38971448,8.360460281,1.46144557,1.198028207,1600,1900,1200,1,1200,2400,2400,0.006910768543,0.05806658573,0.1516479836,0,1,1
LR,std,8,8,0.001,15,none,0.9819729167,1,1,0,0,-6.537905216,29.55135155,-15.18707371,0.4712501168,78.41258487,0,0,-36.05293655,25.66892815,-56.05242157,0.1457499415,74.57721013,8.545845032,1.464784861,1.211531997,1600,2000,1200,1,1200,2500,2500,0.004867804666,0.04385076709,0.1237629063,0,1,1
LR,std,8,8,0.001,16,none,0.9818291667,1,1,0,0,-6.82742548,29.94219208,-16.33021164,0.4555000961,79.13617861,0,0,-32.71885681,24.44860268,-49.03979492,0.1517499536,77.19809834,8.748205185,1.453084946,1.201421857,1600,1800,1200,1,1196,2300,2300,0.009592525034,0.07037188752,0.16591101,0,1,1
LR,std,8,8,0.001,17,none,0.9832979167,1,1,0,0,-6.824761391,29.15736389,-18.86366844,0.4675001204,79.09621589,0,0,-33.82455826,24.7374897,-53.85388947,0.1539999396,76.58128647,8.906443596,1.462074876,1.22909987,1600,1800,1200,1,1199,2300,2300,0.008596350927,0.06687278363,0.174247297,0,1,1
LR,std,8,8,0.001,18,none,0.98169375,1,1,0,0,-6.858968258,30.45415306,-17.26922989,0.4630000889,79.55965287,0,0,-34.99515152,24.85014725,-50.96186447,0.1457499415,76.16562436,9.09227562,1.469247937,1.190563083,1700,2100,1199,1,1199,2600,2600,0.006959076188,0.05277992701,0.116022183,0,1,1
LR,std,8,8,0.001,19,none,0.9820354167,1,1,0,0,-6.336899757,30.92565727,-16.46367073,0.4765000939,79.36490573,0,0,-36.65259552,25.6950798,-57.28299713,0.1382499635,74.61119285,9.298817635,1.482702017,1.195582271,1600,2100,1200,1,1199,2600,2600,0.004915706785,0.04285084776,0.1144913093,0,1,1
LR,std,8,8,0.001,20,none,0.9831791667,1,1,0,0,-6.964271069,31.53181076,-17.4853096,0.4622501731,78.88000355,0,0,-37.85018158,27.1229763,-60.95226669,0.141999945,75.58538391,9.466389656,1.499628663,1.212511778,1600,1800,1200,1,1200,2300,2300,0.008641652213,0.07461673185,0.1941981883,0,1,1
LR,std,8,8,0.001,21,none,0.9824104167,1,1,0,0,-6.873288155,31.41073418,-16.75027084,0.4652501047,79.79404695,0,0,-37.5019989,26.49413681,-55.23196793,0.1412499547,75.86679757,9.596302032,1.498277426,1.230333209,1600,2000,1200,1,1200,2500,2500,0.005176338634,0.04976435842,0.1341444804,0,1,1
LR,std,8,8,0.001,22,none,0.9822125,1,1,0,0,-6.534836769,31.67113686,-21.36576271,0.4705000818,79.60296854,0,0,-39.27926636,27.13746452,-56.54487228,0.136749953,72.44304265,9.787162781,1.495071292,1.232368588,1500,2100,1200,1,1200,2600,2600,0.006362886136,0.05059556286,0.1427022109,0,1,1
LR,std,8,8,0.001,23,none,0.9826666667,1,1,0,0,-7.78642416,31.45913315,-18.23152351,0.4570001364,80.23608091,0,0,-38.21639252,26.66917419,-57.29809952,0.1434999555,73.48305878,9.921019554,1.496927857,1.246384501,1600,1700,1200,1,1200,2200,2200,0.01193095296,0.09514514716,0.2316368319,0,1,1
LR,std,8,8,0.001,24,none,0.9828104167,1,1,0,0,-7.502990246,32.39191055,-21.16497612,0.4630001485,79.78500565,0,0,-38.60769653,26.8605957,-55.56282043,0.1382499635,73.74823622,10.05333996,1.495345473,1.280129433,1500,2000,1200,1,1200,2500,2500,0.006383719907,0.05805622251,0.1428128951,0,1,1
LR,std,8,8,0.001,25,none,0.9816083333,1,1,0,0,-7.795905113,32.21591187,-18.81154633,0.4615001082,79.90167897,0,0,-39.86131287,27.25754356,-54.29040527,0.136749953,73.48369077,10.18711472,1.502845645,1.293357372,1700,1800,1200,1,1199,2300,2300,0.01096580624,0.09577536026,0.2356443737,0,1,1
LR,std,8,8,0.001,26,none,0.98314375,1,1,0,0,-8.491756439,32.97797775,-18.99493599,0.4570001364,80.24615297,0,0,-40.11979294,28.08605766,-57.52956009,0.1359999627,72.65883233,10.3245306,1.500064015,1.294908166,1600,2100,1200,1,1199,2600,2600,0.007322997871,0.05532870677,0.1288261841,0,1,1
LR,std,8,8,0.001,27,none,0.9813875,1,1,0,0,-8.680230141,32.24874878,-17.77969933,0.4517500997,80.90484944,0,0,-40.24577713,26.91913414,-53.65549469,0.1307499409,72.10929697,10.48488617,1.498981237,1.321468949,1800,2000,1200,1,1200,2500,2500,0.009436591203,0.08083553704,0.1760189762,0,1,1
LR,std,8,8,0.001,28,none,0.9812666667,1,1,0,0,-8.902198792,32.91856766,-20.38176155,0.4555000961,80.73999613,0,0,-37.86286545,26.46822166,-53.28435135,0.1412499547,75.07744032,10.58992386,1.500079989,1.291621804,1800,2100,1200,1,1199,2600,2600,0.005710495143,0.05711562995,0.1306987113,0,1,1
LR,std,8,8,0.001,29,none,0.9823708333,1,1,0,0,-9.259259224,33.03688812,-21.41386223,0.4442501068,80.68108353,0,0,-37.42801666,26.69738579,-55.19039154,0.1404999644,74.97959945,10.76515579,1.50232935,1.268930316,1700,2200,1200,1,1199,2700,2700,0.005009596317,0.04595256729,0.09546723117,0,1,1
LR,std,8,8,0.001,30,none,0.9839291667,1,1,0,0,-9.400938988,33.61851501,-20.23230934,0.4450000525,80.72015777,0,0,-37.86151123,27.25179482,-56.22709656,0.1479999572,75.68554753,10.85972309,1.496818781,1.261697888,1600,1800,1200,1,1199,2300,2300,0.006456239565,0.06535730964,0.1505951386,0,1,1
LR,std,8,8,0.001,31,none,0.9826645833,1,1,0,0,-9.572067261,33.46209335,-20.12673759,0.4435000718,80.65429284,0,0,-37.79623032,27.62034988,-59.73054886,0.1449999511,75.88875741,10.98995876,1.497971416,1.248836398,1600,2200,1200,1,1199,2700,2700,0.003388827912,0.03752576582,0.09522949389,0,1,1
LR,std,8,8,0.001,32,none,0.98345,1,1,0,0,-9.486362457,32.82693481,-20.9543438,0.4472500682,81.41154135,0,0,-38.13531876,26.89656258,-55.0853157,0.1389999539,75.61428401,11.1023283,1.486077666,1.262144446,1400,1700,1200,1,1200,2200,2200,0.007906520752,0.08045779572,0.1978279842,0,1,1
LR,std,8,8,0.001,33,none,0.98209375,1,1,0,0,-10.25145721,34.06388474,-22.37138939,0.4397501349,80.72723889,0,0,-40.54336548,27.30896378,-57.07811356,0.1359999627,75.41341029,11.21941566,1.506681085,1.282871485,1600,2100,1200,1,1200,2600,2600,0.005702659901,0.05564510655,0.1448837221,0,1,1
LR,std,8,8,0.001,34,none,0.98229375,1,1,0,0,-9.793885231,33.52180481,-21.2643528,0.4390000999,81.75074518,0,0,-39.39034653,27.12301826,-59.86224747,0.1329999566,74.52428795,11.36985874,1.505707741,1.292159677,1700,2100,1199,1,1199,2600,2600,0.008319881716,0.06030455441,0.1406666555,0,1,1
LR,std,8,8,0.001,35,none,0.9826833333,1,1,0,0,-10.02026081,34.05884171,-23.76552963,0.4390000999,81.25814404,0,0,-38.50807953,27.92662811,-55.25336838,0.1412499547,75.38399647,11.46623516,1.504097104,1.291934609,1600,2000,1200,1,1199,2500,2500,0.007647658041,0.06484564407,0.1596751987,0,1,1
LR,std,8,8,0.001,36,none,0.98283125,1,1,0,0,-10.18968964,34.81593323,-22.34280014,0.4390000999,80.63609576,0,0,-39.94635391,28.57917404,-55.12364578,0.1359999627,73.52676771,11.50394058,1.496105075,1.282981634,1700,2000,1200,1,1200,2500,2500,0.006606224687,0.06277653908,0.1526559222,0,1,1
LR,std,8,8,0.001,37,none,0.9825541667,1,1,0,0,-10.21754932,34.86117172,-20.73830223,0.4405001402,81.10730512,0,0,-40.44684219,27.87604523,-53.66569901,0.1344999522,73.89002339,11.71945858,1.491095304,1.282162309,1800,2100,1199,1,1199,2600,2600,0.005587386672,0.05275497056,0.1294059166,0,1,1
LR,std,8,8,0.001,38,none,0.98193125,1,1,0,0,-10.42275715,35.33542633,-23.8495388,0.4337501228,80.74669135,0,0,-39.92765045,28.22471428,-56.48946762,0.133749947,72.55381223,11.78574753,1.484126925,1.298925757,1600,2000,1200,1,1200,2500,2500,0.005806287266,0.06372956389,0.1584394659,0,1,1
LR,std,8,8,0.001,39,none,0.98241875,1,1,0,0,-11.83240604,35.63344955,-22.40732384,0.4285000861,80.82449891,0,0,-39.93581772,28.01388741,-56.68795013,0.136749953,73.34423423,11.96553516,1.491475701,1.316877604,1700,2000,1200,1,1199,2500,2500,0.006837087989,0.07242380907,0.1776166843,0,1,1
LR,std,8,8,0.001,40,none,0.98201875,1,1,0,0,-10.93913555,34.46911621,-21.93091774,0.431500107,81.38877516,0,0,-39.22499084,28.09999275,-56.62765884,0.1352499723,74.14531231,12.03428268,1.495031834,1.323025107,1800,2000,1200,1,1200,2500,2500,0.007113124054,0.07321328912,0.1754616989,0,1,1
LR,std,8,8,0.001,41,none,0.9814895833,1,1,0,0,-11.11996841,35.35019302,-24.54500771,0.4337501228,81.42379626,0,0,-41.16876984,28.34134674,-62.77757263,0.1359999478,72.67088689,12.1192894,1.499222398,1.336843848,1700,2000,1200,1,1198,2500,2500,0.009646495582,0.08481928888,0.1919347653,0,1,1
LR,std,8,8,0.001,42,none,0.9817479167,1,1,0,0,-12.0746212,35.2497406,-25.90313911,0.4277501106,81.4968852,0,0,-38.52622986,28.08409691,-57.32025528,0.1457499564,74.67128266,12.24047756,1.489187717,1.324941754,1800,2100,1200,1,1199,2600,2600,0.007127196115,0.07149644236,0.139244567,0,1,1
LR,std,8,8,0.001,43,none,0.98126875,1,1,0,0,-11.99123478,35.92859268,-22.86441231,0.4300001264,81.37140395,0,0,-41.04317856,29.08462143,-54.3517952,0.1307499409,71.84881973,12.30381203,1.503200769,1.334801674,1800,2000,1200,1,1193,2500,2500,0.008070585246,0.07747825275,0.176560739,0,1,1
LR,std,8,8,0.001,44,none,0.9822770833,1,1,0,0,-12.54852581,35.9984169,-23.78479195,0.4247500896,81.17354036,0,0,-41.1734314,28.43178749,-62.03946686,0.1307499558,71.59868499,12.46248913,1.50058043,1.359212279,1700,1900,1200,1,1200,2400,2400,0.00973361252,0.09776925677,0.2260025789,0,1,1
LR,std,8,8,0.001,45,none,0.9818458333,1,1,0,0,-13.21586132,36.93341827,-22.40873528,0.4232500792,80.79205104,0,0,-40.23865509,29.20156288,-57.28549576,0.1412499696,73.77100738,12.55362988,1.483345389,1.347248673,1900,2200,1200,1,1195,2700,2700,0.00686039895,0.0670396336,0.1521905854,0,1,1
LR,std,8,8,0.001,46,none,0.9825833333,1,1,0,0,-13.26152229,35.87059021,-20.80075836,0.4217500985,81.24437774,0,0,-39.97387314,29.15018082,-58.22690964,0.1344999522,72.43715637,12.61252117,1.48977077,1.376019835,1800,2000,1200,1,1199,2500,2500,0.007995635224,0.08223337054,0.1842643681,0,1,1
LR,std,8,8,0.001,47,none,0.98199375,1,1,0,0,-12.84542465,37.07474136,-21.95329857,0.4202501178,81.33033088,0,0,-43.0681572,29.77474976,-58.67722321,0.131499961,71.38728378,12.68606758,1.496042013,1.390635729,1600,1900,1200,1,1199,2400,2400,0.01280076582,0.09991501293,0.2482223555,0,1,1
LR,std,8,8,0.001,48,none,0.9817458333,1,1,0,0,-13.10844612,35.88610458,-25.52440834,0.4255000949,81.82498339,0,0,-39.03858185,28.5814476,-56.0950737,0.1382499635,73.52933879,12.79703045,1.481361747,1.421762347,1700,1900,1200,1,1199,2400,2400,0.009612147702,0.09940090756,0.1983892204,0,1,1
LR,std,8,8,0.001,49,none,0.9814166667,1,1,0,0,-12.35709,35.76920319,-24.74043846,0.4127500951,81.75110036,0,0,-41.01245499,28.6961956,-55.13235092,0.131499961,72.68654829,12.86487484,1.494239926,1.4015553,1800,2300,1200,1,1200,2800,2800,0.004166058103,0.04752246568,0.1122936319,0,1,1
LR,std,8,8,0.001,50,none,0.98208125,1,1,0,0,-13.54362106,36.40851212,-25.85252762,0.4150001109,81.55818188,0,0,-42.23503494,28.91000366,-54.21343994,0.1262499541,70.25598442,12.96309853,1.49532342,1.405640841,1600,1900,1200,1,1199,2400,2400,0.011463575,0.1137769907,0.2291629229,0,1,1
LR,std,9,9,0.001,1,none,0.9826916667,1,1,0,0,-0.8439193964,13.95773125,-5.270800114,0.5185001493,72.31166427,0,0,-3.446815729,10.33994675,-11.81985855,0.4292500913,73.80696678,3.094586849,0.8929824233,1.076838732,2700,2800,1200,1,1200,3300,3300,0.0009343205479,0.007637009472,0.007411826981,0,1,1
LR,std,9,9,0.001,2,none,0.9815416667,1,1,0,0,-1.078245044,18.00606155,-6.432192326,0.5185000896,73.34288697,0,0,-11.35056019,12.95845509,-21.88624001,0.2650000453,79.64615264,3.899670362,1.030786991,1.205994487,1500,1700,1200,1,1200,2200,2200,0.004094046082,0.03655339186,0.06794726885,0,1,1
LR,std,9,9,0.001,3,none,0.9814708333,1,1,0,0,-1.660580754,21.74487114,-9.079663277,0.5110000968,73.75737711,0,0,-17.29001427,16.37944221,-30.71347809,0.211749956,79.38959298,4.74169302,1.173254609,1.254557729,1700,2400,1200,1,1200,2900,2900,0.001425938387,0.01913560082,0.01991762912,0,1,1
LR,std,9,9,0.001,4,none,0.98205,1,1,0,0,-2.556766748,22.0939045,-7.189284801,0.4952501059,75.47807136,0,0,-20.25927353,17.82958412,-33.68502808,0.1989999861,80.19755402,5.21560812,1.226635337,1.258126259,1600,1900,1200,1,1194,2400,2400,0.003738299187,0.03716468138,0.06531543733,0,1,1
LR,std,9,9,0.001,5,none,0.9830291667,1,1,0,0,-2.661685467,24.13736153,-10.9368,0.4990001619,75.74562131,0,0,-24.28536797,19.43048859,-37.67340851,0.1674999595,77.01489498,5.680625916,1.27898705,1.243397832,1600,1900,1200,1,1200,2400,2400,0.003440410358,0.03389920697,0.06460985554,0,1,1
LR,std,9,9,0.001,6,none,0.9824541667,1,1,0,0,-3.33326745,24.00631905,-12.22174072,0.491500169,77.07292606,0,0,-24.77607536,19.67396736,-41.10713196,0.1787499487,77.1686312,6.01765871,1.317116261,1.243383169,1700,1900,1200,1,1200,2400,2400,0.004726130147,0.04092576246,0.07274173646,0,1,1
LR,std,9,9,0.001,7,none,0.9830708333,1,1,0,0,-3.830347061,24.17567825,-11.44646358,0.487750113,77.40716417,0,0,-26.25922966,20.33544731,-41.89229202,0.1629999578,77.15290253,6.340982437,1.347081542,1.230674982,1700,2000,1200,1,1200,2500,2500,0.004160393196,0.03569364239,0.06781681914,0,1,1
LR,std,9,9,0.001,8,none,0.98245,1,1,0,0,-3.677622557,25.35843277,-10.34456921,0.4862501025,77.450517,0,0,-28.87228966,21.01530647,-48.05582047,0.1487499475,74.4120728,6.766300678,1.386406779,1.205734372,1700,2100,1200,1,1200,2600,2600,0.003288571788,0.0292768136,0.06604434898,0,1,1
LR,std,9,9,0.001,9,none,0.9836416667,1,1,0,0,-4.620520115,25.52840614,-14.40861511,0.4802500606,78.3228205,0,0,-28.26857567,21.60407257,-45.65693283,0.1554999501,76.67663526,7.002500534,1.405832887,1.193139076,1400,1700,1200,1,1199,2200,2200,0.005908021999,0.0506894827,0.1140420054,0,1,1
LR,std,9,9,0.001,10,none,0.9813166667,1,1,0,0,-4.049769878,26.9907589,-14.60899448,0.491500169,78.08898387,0,0,-30.77866554,22.82068825,-48.88464355,0.1562499553,77.07466377,7.406136036,1.437973738,1.259617567,1500,1900,1100,1,1100,2400,2400,0.2346530912,0.5560324241,0.3788395489,0,1,1
LR,std,9,9,0.001,11,none,0.9814354167,1,1,0,0,-4.585798264,28.11238289,-15.34237194,0.4847500622,77.63326978,0,0,-34.04122543,23.00479317,-54.05923462,0.1427499503,73.44298975,7.557211399,1.434965014,1.26214695,1700,1800,1200,1,1194,2300,2300,0.01177873762,0.08910410297,0.2213063789,0,1,1
LR,std,9,9,0.001,12,none,0.9797479167,1,1,0,0,-5.521312237,28.29612923,-14.14323235,0.4742501378,78.23646205,0,0,-35.0836792,25.39369965,-50.55120468,0.141999945,74.40732481,7.844089508,1.457767606,1.355441928,1600,1700,976,1,976,2200,2200,0.5956660277,1.049423768,0.7445226001,0,1,1
LR,std,9,9,0.001,13,none,0.980825,1,1,0,0,-5.694227219,28.27693367,-14.58942699,0.4697501361,78.31311027,0,0,-36.12440109,24.7455368,-46.20248032,0.1352499723,70.73434564,8.012827873,1.450435877,1.34901464,1700,2000,1200,1,1200,2500,2500,0.01393807831,0.08331076203,0.162655678,0,1,1
LR,std,9,9,0.001,14,none,0.9816854167,1,1,0,0,-6.282294273,27.89998436,-14.09163284,0.4645000696,79.28105535,0,0,-34.72813416,23.99314308,-48.83802795,0.1397499442,72.46695788,8.24587822,1.463996768,1.344385624,1800,1900,1155,1,1155,2400,2400,0.1376621795,0.2755619716,0.2546966973,0,1,1
LR,std,9,9,0.001,15,none,0.9815625,1,1,0,0,-5.736116886,28.67171097,-14.33059597,0.463750124,79.08642437,0,0,-35.31467819,24.50092125,-51.57816696,0.141999945,73.67524425,8.391689301,1.455061793,1.323697567,1700,2300,1200,1,1200,2800,2800,0.004151282801,0.03986667284,0.07825608602,0,1,1
LR,std,9,9,0.001,16,none,0.9823291667,1,1,0,0,-7.03155756,29.35225105,-15.52191162,0.463750124,78.68302454,0,0,-36.14246368,25.85281944,-56.32619858,0.1389999539,71.68686171,8.572702408,1.448894262,1.306380391,1700,1800,1200,1,1200,2300,2300,0.01136034515,0.08533633893,0.1783277432,0,1,1
LR,std,9,9,0.001,17,none,0.9828270833,1,1,0,0,-7.309652805,29.45429611,-14.66826248,0.4630000889,79.38575688,0,0,-34.71983719,25.41381454,-51.05316544,0.1442499608,73.83680002,8.741428375,1.450152755,1.289992094,1700,2000,1200,1,1199,2500,2500,0.008482075228,0.0639931443,0.1235245386,0,1,1
LR,std,9,9,0.001,18,none,0.9821895833,1,1,0,0,-7.572711945,30.47115517,-15.8944149,0.4600001276,79.02115746,0,0,-34.79498672,25.64292717,-50.66994476,0.1419999599,73.6745666,9.021217346,1.464164376,1.349499226,1700,1800,1119,1,1119,2300,2300,0.1731600778,0.557791561,0.4481923714,0,1,1
LR,std,9,9,0.001,19,none,0.9813875,1,1,0,0,-8.056243896,30.38842964,-19.9038353,0.4562501013,79.24816975,0,0,-35.45999908,25.28101158,-51.44900513,0.1389999539,72.40758962,9.159332275,1.460804224,1.360243559,1700,1900,1200,1,1199,2400,2400,0.01199112344,0.1003424872,0.2084790732,0,1,1
LR,std,9,9,0.001,20,none,0.9817708333,1,1,0,0,-8.232365608,30.98812866,-20.71809959,0.45325014,79.25251874,0,0,-36.44432068,26.11495018,-51.7591095,0.1427499503,73.55600701,9.347808838,1.476385951,1.349306345,1800,2200,1200,1,1200,2700,2700,0.004389588215,0.04516954665,0.09144390949,0,1,1
LR,std,9,9,0.001,21,none,0.9826916667,1,1,0,0,-8.096676826,30.38364601,-18.61823273,0.4510000646,80.01322188,0,0,-34.36300278,26.06642151,-47.99744797,0.1517499536,76.4666599,9.46579361,1.447886467,1.296783686,1700,1900,1200,1,1199,2400,2400,0.007868639705,0.06308654971,0.123557966,0,1,1
LR,std,9,9,0.001,22,none,0.98216875,1,1,0,0,-7.835242748,31.43041992,-18.48578835,0.4457500875,79.8376079,0,0,-35.05944061,25.54910851,-50.01434708,0.1449999511,73.44825885,9.645109177,1.471361637,1.301243067,1700,1900,1200,1,1198,2400,2400,0.009902801318,0.07797460133,0.1785448172,0,1,1
LR,std,9,9,0.001,23,none,0.9820104167,1,1,0,0,-9.26864624,31.5353756,-23.64967918,0.4405000806,79.68708583,0,0,-37.16529083,25.91718864,-49.21772385,0.1404999644,74.70607999,9.780054092,1.49075675,1.321852803,1700,2100,1200,1,1199,2600,2600,0.007734308562,0.06422107443,0.139731212,0,1,1
LR,std,9,9,0.001,24,none,0.9821,1,1,0,0,-8.682217598,31.08235741,-19.54372025,0.4465000629,80.24557364,0,0,-34.37144089,25.78059196,-53.2112236,0.1434999555,75.81070665,9.910601616,1.483637929,1.318055391,1600,2000,1200,1,1200,2500,2500,0.006695870819,0.05799935273,0.1254792946,0,1,1
LR,std,9,9,0.001,25,none,0.9831666667,1,1,0,0,-8.665036201,31.81882668,-17.88930702,0.4480001032,80.39224913,0,0,-37.41913986,26.28413773,-54.03010941,0.1359999627,72.95753225,10.10767651,1.485637665,1.306507587,1600,2000,1200,1,1200,2500,2500,0.006398951912,0.05707590488,0.13567339,0,1,1
LR,std,9,9,0.001,26,none,0.9828833333,1,1,0,0,-9.60282135,32.70967484,-17.85585976,0.4465000927,80.03988945,0,0,-38.22390747,27.37026215,-52.24755859,0.1412499547,73.0326929,10.21257687,1.471948624,1.314097762,1600,1900,1200,1,1200,2400,2400,0.007018588172,0.06674118611,0.159740328,0,1,1
LR,std,9,9,0.001,27,none,0.9811479167,1,1,0,0,-9.584492683,32.85639572,-19.08024979,0.4472501278,80.53834498,0,0,-38.92705917,27.95534897,-54.68452072,0.1412499696,75.13194412,10.47606564,1.48807621,1.28534925,1800,2700,1200,1,1196,3200,3200,0.003159343956,0.02770526171,0.04693775015,0,1,1
LR,std,9,9,0.001,28,none,0.9817,1,1,0,0,-9.462817192,33.07626724,-19.22715569,0.4397501349,80.50873926,0,0,-36.45930481,27.45576859,-52.21505356,0.1397499591,75.49103919,10.64330864,1.480243325,1.248218179,1700,2100,1200,1,1199,2600,2600,0.004829248038,0.05282056236,0.1354267336,0,1,1
LR,std,9,9,0.001,29,none,0.9818395833,1,1,0,0,-9.296994209,33.41302872,-20.00324059,0.4442501068,80.28334109,0,0,-36.51050186,26.81024551,-61.81996155,0.1449999511,75.91989063,10.73987103,1.490760446,1.241586328,1600,2000,1200,1,1199,2500,2500,0.00605230647,0.06166915299,0.1525079343,0,1,1
LR,std,9,9,0.001,30,none,0.9827833333,1,1,0,0,-9.231366158,33.95513153,-20.84049988,0.4457500875,80.49770823,0,0,-37.39863205,28.38245201,-55.71830368,0.1442499608,75.5109427,10.87738705,1.499269366,1.235104322,1800,2000,1200,1,1198,2500,2500,0.004945730401,0.05397824358,0.1308562771,0,1,1
LR,std,9,9,0.001,31,none,0.98195625,1,1,0,0,-9.579693794,33.49959946,-19.71353531,0.4382501245,80.69666589,0,0,-38.87875748,27.66521454,-52.63448334,0.1434999555,76.39832479,10.99884129,1.507023096,1.248507738,1500,1900,1200,1,1179,2400,2400,0.009471629416,0.07996905718,0.1566733303,0,1,1
LR,std,9,9,0.001,32,none,0.9811291667,1,1,0,0,-10.06863976,33.15434647,-21.7830925,0.4375001192,80.98557268,0,0,-36.58875656,28.51489067,-51.15892029,0.1494999528,75.78378079,11.12726879,1.50597167,1.287058592,1800,1900,1200,1,1200,2400,2400,0.008777042288,0.07983677953,0.2143852945,0,1,1
LR,std,9,9,0.001,33,none,0.98174375,1,1,0,0,-10.93043327,34.17760086,-24.31593513,0.4367500842,80.47987918,0,0,-39.33585358,28.10295105,-55.72700119,0.1389999688,74.09844401,11.24580574,1.497094631,1.315268517,1700,2000,1200,1,1198,2500,2500,0.008559818208,0.07665059133,0.1791287515,0,1,1
LR,std,9,9,0.001,34,none,0.9821666667,1,1,0,0,-11.46718311,34.27192307,-21.89980888,0.4262501001,80.71090295,0,0,-39.13539124,28.47095108,-52.01654053,0.1389999688,73.231255,11.35022068,1.511219025,1.316132069,1700,2200,1200,1,1198,2700,2700,0.005063538014,0.05348306017,0.1338613802,0,1,1
LR,std,9,9,0.001,35,none,0.9825208333,1,1,0,0,-10.7689085,34.42007828,-21.42228508,0.4390000403,80.92285973,0,0,-41.11701202,27.84476089,-51.82798767,0.1344999522,73.68064268,11.50569725,1.491100907,1.3148669,1600,2000,1199,1,1199,2500,2500,0.007220546309,0.07622017579,0.1484201198,0,1,1
LR,std,9,9,0.001,36,none,0.98155,1,1,0,0,-11.14939117,35.55935287,-22.49735069,0.4270001352,81.08907682,0,0,-41.33066559,30.68075943,-51.48387909,0.1412499547,73.01204619,11.66796017,1.512231827,1.306105018,1700,2700,1200,1,1200,3200,3200,0.001820816499,0.02180482603,0.04475274056,0,1,1
LR,std,9,9,0.001,37,none,0.980975,1,1,0,0,-11.16101742,34.08918381,-23.28869438,0.4322500825,81.48183888,0,0,-37.41723251,28.68491745,-53.15840912,0.1472499669,76.02098137,11.79044247,1.502799153,1.272242069,1700,1900,1200,1,1198,2400,2400,0.007956460807,0.07775303789,0.189525082,0,1,1
LR,std,9,9,0.001,38,none,0.98183125,1,1,0,0,-11.10628414,35.04442596,-22.09326553,0.4330000877,81.12427799,0,0,-39.70332718,30.08415604,-57.22841263,0.1427499503,74.82258737,11.88350105,1.488816619,1.269544721,1600,2000,1200,1,1200,2500,2500,0.005057125972,0.05786329623,0.1443207656,0,1,1
LR,std,9,9,0.001,39,none,0.9814125,1,1,0,0,-11.77198982,35.75621414,-22.84147263,0.4315001667,80.88516687,0,0,-40.09611511,29.74953461,-59.50972748,0.1374999583,74.88019928,11.95101929,1.518491864,1.296522379,1600,2000,1200,1,1199,2500,2500,0.006349384757,0.06864421411,0.1742405584,0,1,1
LR,std,9,9,0.001,40,none,0.9809020833,1,1,0,0,-11.95734692,35.22753525,-23.38994598,0.431500107,81.63396394,0,0,-40.08355713,29.73480988,-56.76293182,0.1412499547,74.53659174,12.06509399,1.498419285,1.313843608,1800,2000,1200,1,1199,2500,2500,0.009130286047,0.08916423281,0.1991623288,0,1,1
LR,std,9,9,0.001,41,none,0.9821541667,1,1,0,0,-12.0014658,35.77667999,-22.70790482,0.4270001352,81.41070651,0,0,-39.87508011,30.26151657,-58.10257339,0.144999966,75.67500762,12.18128681,1.505944133,1.322012067,1800,2100,1200,1,1199,2600,2600,0.006414984571,0.06532023805,0.1571425059,0,1,1
LR,std,9,9,0.001,42,none,0.98175,1,1,0,0,-12.45938683,34.98507309,-25.52939224,0.4240001142,81.34820057,0,0,-39.83681488,28.90510178,-63.37743759,0.1344999671,73.73126117,12.3139801,1.498214245,1.342653871,1800,2100,1200,1,1200,2600,2600,0.006840067688,0.0710990311,0.1640328721,0,1,1
LR,std,9,9,0.001,43,none,0.9809645833,1,1,0,0,-12.79363155,36.82584381,-27.69038391,0.4300000668,81.28764725,0,0,-40.55030823,30.76234627,-61.95459747,0.1442499608,75.8327178,12.5240593,1.530189514,1.303652406,1600,2800,1200,1,1200,3300,3300,0.001747736338,0.02060177368,0.0356581674,0,1,1
LR,std,9,9,0.001,44,none,0.98110625,1,1,0,0,-12.83625984,36.61780167,-26.0778656,0.4285000861,80.51965278,0,0,-42.40221405,30.45886803,-61.34842682,0.1397499591,73.89758334,12.6037035,1.530341387,1.278055668,1800,2100,1200,1,1200,2600,2600,0.005672950662,0.06033746012,0.1700940884,0,1,1
LR,std,9,9,0.001,45,none,0.9808458333,1,1,0,0,-12.72627449,37.15740585,-25.25752258,0.4210000932,81.02347348,0,0,-41.20740891,29.07521439,-59.67816544,0.1382499635,75.05727692,12.7110548,1.522247314,1.297521591,1900,2200,1200,1,1200,2700,2700,0.005051078298,0.05698393381,0.1519912604,0,1,1
LR,std,9,9,0.001,46,none,0.9805583333,1,1,0,0,-14.08514023,37.63223267,-24.38479805,0.4052501023,80.84340289,0,0,-41.87947845,30.73397636,-57.70205307,0.1397499591,76.12866803,12.81523132,1.535477757,1.28416872,1800,2400,1200,1,1200,2900,2900,0.004263662878,0.04986858212,0.1121420364,0,1,1
LR,std,9,9,0.001,47,none,0.9816416667,1,1,0,0,-12.90794754,38.61381531,-26.60982895,0.4225001037,80.4557595,0,0,-43.06593323,31.82525635,-63.52565384,0.1427499503,74.44838772,12.95276928,1.54461062,1.292496324,1800,2200,1200,1,1199,2700,2700,0.005901360482,0.0628979927,0.1586177041,0,1,1
LR,std,9,9,0.001,48,none,0.9817166667,1,1,0,0,-12.03271484,37.91260147,-24.97639656,0.4262501001,81.02749735,0,0,-43.28010559,30.85447311,-64.94792175,0.1359999478,73.83345359,13.04605198,1.554669619,1.295978069,1900,2200,1200,1,1200,2700,2700,0.004704259096,0.0487967212,0.1387686482,0,1,1
LR,std,9,9,0.001,49,none,0.9813958333,1,1,0,0,-13.01055336,37.64586639,-26.17523003,0.4225000739,81.05866213,0,0,-42.10959244,29.60481071,-61.5214653,0.1322499663,72.79280208,13.17838764,1.552449107,1.318958282,1700,2100,1200,1,1199,2600,2600,0.007905968683,0.07899494088,0.1984165932,0,1,1
LR,std,9,9,0.001,50,none,0.9822458333,1,1,0,0,-13.6704216,37.77576828,-29.56447411,0.418000102,81.92066361,0,0,-41.02695465,29.89526749,-55.26778793,0.1389999688,74.78342286,13.26196098,1.536437869,1.310583234,1900,2200,1200,1,1200,2700,2700,0.005928269461,0.06539830753,0.141354784,0,1,1
