arm,cond,seed,slot,lr,task,iv,online_acc,memo_acc,acc,dead_frac_l1,zeroout_l1,zbar_l1,zsd_l1,zbar_min_l1,mob_l1,eff_rank_l1,dead_frac_l2,zeroout_l2,zbar_l2,zsd_l2,zbar_min_l2,mob_l2,eff_rank_l2,w_norm_l1,w_norm_l2,w_norm_l3,hit99,hit999,acc_at_hit_plus_500,min_correct_after_hit
LR,std,0,0,0.001,1,none,0.9822583333,1,1,0,0,-1.956481934,16.8210907,-8.773367882,0.4937501252,72.03502524,0,0,-7.564565659,13.2348814,-16.43795776,0.3617500961,76.07417549,3.653212309,0.9934191704,1.275191903,1600,1700,1200,883
LR,std,0,0,0.001,2,none,0.9786354167,1,1,0,0,-3.287904978,24.37611008,-10.1079607,0.4937501252,73.89307598,0,0,-23.99666595,21.85112953,-33.94071198,0.1974999756,78.80399888,5.596037388,1.273625255,1.330919743,1700,2700,1200,988
LR,std,0,0,0.001,3,none,0.9870229167,1,1,0,0,-4.129442215,25.59447098,-10.58581257,0.4885001183,75.88026323,0,0,-27.05736542,24.32979774,-44.76820755,0.2019999623,74.24634306,6.515197754,1.392282724,1.227894902,1000,1300,1200,865
LR,std,0,0,0.001,4,none,0.9907020833,1,1,0,0,-4.316626549,28.31155968,-11.47806931,0.4862501025,76.4289091,0,0,-29.73998833,28.35948563,-47.25797653,0.2102499753,78.7281823,7.403812885,1.494872689,1.089386463,700,1100,1200,674
LR,std,0,0,0.001,5,none,0.9926395833,1,1,0,0,-4.475078583,28.71258736,-13.81750965,0.4810001254,77.00072478,0,0,-31.73067093,29.99523735,-52.83594513,0.2214999944,71.68110205,8.052797318,1.584235072,1.038485765,600,800,1200,741
LR,std,0,0,0.001,6,none,0.9933479167,1,1,0,0,-5.421390057,31.71614265,-16.96894646,0.4705000818,76.99985955,0,0,-32.89141846,33.69337082,-54.41583252,0.2124999762,77.7831805,8.632842064,1.632464409,0.9841989279,600,700,1200,961
LR,std,0,0,0.001,7,none,0.9940229167,1,1,0,0,-4.786101818,31.3324604,-18.12930679,0.4870001376,77.89999538,0,0,-34.41521072,34.03276825,-57.76395416,0.2327499986,77.2108804,9.214741707,1.698194504,0.970906198,500,600,1200,878
LR,std,0,0,0.001,8,none,0.9939770833,1,1,0,0,-5.719175339,33.21839142,-14.62056637,0.4757500887,78.34428949,0,0,-36.1701889,36.25249481,-67.74815369,0.2192499787,80.74609544,9.838832855,1.77758503,0.9427650571,600,600,1200,872
LR,std,0,0,0.001,9,none,0.9946854167,1,1,0,0,-4.811401367,33.717556,-14.14141273,0.4832500815,78.73730935,0,0,-40.63742828,37.77316666,-63.8546257,0.2079999745,77.99445268,10.25896549,1.818319917,0.9450851083,400,500,1200,1030
LR,std,0,0,0.001,10,none,0.9952666667,1,1,0,0,-6.44416523,35.16944504,-14.12082863,0.4697501361,78.57604659,0,0,-42.2146225,39.48925781,-76.18695831,0.2147499621,77.59915573,10.72648048,1.861977816,0.929605484,400,500,1200,801
LR,std,0,0,0.001,11,none,0.9953104167,1,1,0,0,-5.898449421,36.11598969,-15.81630611,0.4780001044,78.81835599,0,0,-46.26675797,40.93466568,-70.26215363,0.2004999518,74.45192189,11.13685131,1.905045033,0.9232156277,400,500,1200,833
LR,std,0,0,0.001,12,none,0.995175,1,1,0,0,-6.781512737,36.42221069,-15.46178055,0.4825001061,79.24601083,0,0,-41.29211044,42.45827866,-77.25458527,0.2117499858,80.72095954,11.53823376,1.971133947,0.9504820108,500,500,1200,816
LR,std,0,0,0.001,13,none,0.9956666667,1,1,0,0,-7.198442459,37.59513855,-17.10616302,0.4697501361,78.78110481,0,0,-47.69181061,43.84317017,-77.46620178,0.2057499737,77.09523104,11.98978996,1.979923606,0.9324452877,400,500,1200,901
LR,std,0,0,0.001,14,none,0.9954166667,1,1,0,0,-7.0116539,39.35905457,-14.33757401,0.4810000658,78.82814514,0,0,-49.88817978,44.9445076,-82.83407593,0.2034999579,80.03195547,12.3742218,2.019701481,0.9235366583,400,500,1200,974
LR,std,0,0,0.001,15,none,0.9960625,1,1,0,0,-7.784023762,39.7226181,-15.50248909,0.4690001011,79.36723514,0,0,-50.56839752,45.48669434,-79.43436432,0.1982499659,77.92231536,12.75123596,2.0235219,0.9084952474,400,400,1200,970
LR,std,0,0,0.001,16,none,0.99619375,1,1,0,0,-8.352031708,40.13248825,-19.0906105,0.4630000889,79.02359349,0,0,-45.18109512,46.34017563,-80.7399826,0.2207500041,83.0405297,12.99368286,2.03489399,0.9451708794,300,400,1200,1059
LR,std,0,0,0.001,17,none,0.9963395833,1,1,0,0,-8.476695061,41.01387024,-20.86826134,0.4622501135,78.73293996,0,0,-53.60131454,48.5033989,-98.49144745,0.206499964,75.11227422,13.3992939,2.055350304,0.9553870559,300,400,1200,946
LR,std,0,0,0.001,18,none,0.99635,1,1,0,0,-9.065174103,41.57821655,-17.13817024,0.4547501206,79.23452977,0,0,-49.68923187,48.64572144,-81.12140656,0.2117499709,80.95205373,13.65546036,2.085859776,0.9568484426,300,400,1200,836
LR,std,0,0,0.001,19,none,0.9963583333,1,1,0,0,-8.420459747,41.64560699,-19.62830734,0.4727500975,79.41431244,0,0,-54.53246307,50.65310287,-93.21330261,0.1989999712,79.10663858,13.95140839,2.109508514,0.9706341028,300,400,1200,1039
LR,std,0,0,0.001,20,none,0.9965833333,1,1,0,0,-8.15085125,43.33052063,-17.19130516,0.4720000923,79.00857282,0,0,-52.69179916,50.71392441,-98.2098999,0.2109999806,72.4850964,14.21787071,2.110519886,0.9670203328,300,400,1200,1003
LR,std,0,0,0.001,21,none,0.9966791667,1,1,0,0,-8.795178413,44.12645721,-20.47198868,0.4652501047,79.2802066,0,0,-54.89968872,52.49968719,-93.49228668,0.2140000015,79.27265083,14.61313343,2.133360863,0.960996449,300,400,1200,885
LR,std,0,0,0.001,22,none,0.99658125,1,1,0,0,-9.092376709,44.83509827,-19.99008369,0.4645001292,79.28851936,0,0,-52.89117432,52.16889572,-93.24147034,0.2109999657,79.70394796,14.85212612,2.131499529,0.9802822471,300,400,1200,1000
LR,std,0,0,0.001,23,none,0.9967791667,1,1,0,0,-8.6689291,44.67162704,-19.74726486,0.4607501328,79.73969635,0,0,-53.75162125,53.60428619,-86.0700531,0.2102499753,79.66676881,15.0810442,2.174734592,0.9910866618,300,500,1200,830
LR,std,0,0,0.001,24,none,0.9966708333,1,1,0,0,-9.937265396,44.2937088,-21.10596466,0.4607500732,79.12646379,0,0,-56.26769638,52.91961288,-94.78755188,0.2049999684,76.68866339,15.28786182,2.172421694,0.9829409122,300,400,1200,849
LR,std,0,0,0.001,25,none,0.9967104167,1,1,0,0,-8.892361641,44.52489853,-20.18479729,0.4615001678,79.88577268,0,0,-55.91108322,54.85641479,-103.4969101,0.2109999955,79.01266005,15.59766388,2.192318201,0.9955518246,300,400,1200,941
LR,std,0,0,0.001,26,none,0.9969375,1,1,0,0,-8.979756355,44.4667244,-21.58460426,0.4667500854,78.89136679,0,0,-56.3057251,53.62054062,-98.41093445,0.2087499648,79.15114902,15.81189537,2.205704212,0.9962176085,300,400,1200,942
LR,std,0,0,0.001,27,none,0.99685,1,1,0,0,-9.340691566,45.67033768,-20.94614029,0.4652501047,80.09370207,0,0,-56.69822311,55.87275696,-99.08893585,0.2184999585,77.73939631,16.14299774,2.230006695,1.001835227,300,400,1200,962
LR,std,0,0,0.001,28,none,0.99675625,1,1,0,0,-9.670403481,46.45551682,-20.76886368,0.4615001082,79.00068336,0,0,-62.64127731,55.15054321,-111.3355789,0.192999959,79.83051026,16.38755226,2.245871067,0.9975934029,300,300,1200,880
LR,std,0,0,0.001,29,none,0.9969833333,1,1,0,0,-10.62625694,46.08943939,-20.64981461,0.4577501118,79.05282116,0,0,-58.99990845,57.93137741,-109.9590683,0.1982499808,80.22892576,16.59440804,2.256018639,1.007210851,300,400,1200,967
LR,std,0,0,0.001,30,none,0.99710625,1,1,0,0,-10.78757572,47.92121887,-21.38995171,0.4555000961,79.52839911,0,0,-56.87948608,56.856884,-106.462616,0.2139999717,77.96662471,16.86062813,2.225741386,0.9704903364,300,300,1200,1081
LR,std,0,0,0.001,31,none,0.99705,1,1,0,0,-11.01358604,48.80333328,-22.65995216,0.4540001154,79.20353817,0,0,-58.88976669,57.61011505,-107.2103806,0.1862499565,78.97042107,17.14047813,2.270244837,1.044481158,300,300,1200,882
LR,std,0,0,0.001,32,none,0.9968583333,1,1,0,0,-10.69327354,48.20366669,-21.29603767,0.4562501013,78.88382285,0,0,-62.6807518,58.82645798,-114.3374252,0.2027499825,80.73752734,17.2226429,2.252393961,1.030312061,300,400,1200,1086
LR,std,0,0,0.001,33,none,0.9970854167,1,1,0,0,-11.13566875,48.50027084,-23.19325829,0.4570001364,79.30875785,0,0,-61.36876297,60.57726288,-112.798439,0.1899999529,78.67994714,17.60129547,2.297449589,1.049975157,300,400,1200,958
LR,std,0,0,0.001,34,none,0.9971395833,1,1,0,0,-10.87299824,50.38424683,-21.67158508,0.4570000768,79.24711665,0,0,-63.16360855,59.66818619,-124.3883896,0.1899999529,76.67450646,17.757864,2.271049261,1.040313482,300,300,1200,925
LR,std,0,0,0.001,35,none,0.9971145833,1,1,0,0,-10.87920952,49.4263916,-23.31708145,0.45325014,78.76028812,0,0,-61.53397751,62.90932083,-117.1024399,0.2027499676,78.52573448,18.00857353,2.321903467,1.019343257,300,400,1200,1113
LR,std,0,0,0.001,36,none,0.9971020833,1,1,0,0,-10.95394611,49.02306366,-19.9707489,0.4577501416,79.06649569,0,0,-63.19203186,60.87496185,-127.8383255,0.1952499747,79.42397211,18.18395042,2.306336403,1.032827735,300,300,1200,1008
LR,std,0,0,0.001,37,none,0.9972395833,1,1,0,0,-11.05273056,49.0742836,-24.06651115,0.4585000575,79.93392801,0,0,-63.95299149,59.79520416,-125.9425583,0.1922499686,78.2844632,18.421175,2.300669432,1.052268386,300,300,1200,1133
LR,std,0,0,0.001,38,none,0.9970479167,1,1,0,0,-12.30210781,50.58738708,-25.12794304,0.4487501085,79.36709095,0,0,-60.66856766,62.10554886,-114.9496765,0.1937499642,79.8052507,18.59525299,2.313925743,1.006537557,300,400,1200,1019
LR,std,0,0,0.001,39,none,0.9972229167,1,1,0,0,-12.85063553,50.91637421,-22.95318031,0.4540001452,78.83910395,0,0,-62.6260643,60.68024445,-140.5246429,0.1952499747,78.40871101,18.76748848,2.316919327,1.06660521,300,400,1200,951
LR,std,0,0,0.001,40,none,0.9972916667,1,1,0,0,-12.31815147,51.35042191,-24.41861343,0.4465001523,79.22793594,0,0,-66.02492523,61.9557724,-112.4480515,0.1907499582,78.44222939,18.91802979,2.295484781,1.051329851,300,400,1200,981
LR,std,0,0,0.001,41,none,0.9969770833,1,1,0,0,-12.23383808,52.08160019,-24.79115295,0.45325014,79.46104791,0,0,-63.17086792,63.65534973,-146.3932343,0.192999959,77.06239859,19.2365036,2.323468685,1.074725866,300,400,1200,855
LR,std,0,0,0.001,42,none,0.9970958333,1,1,0,0,-12.7815094,52.46217346,-29.58727646,0.4442501068,79.46220644,0,0,-64.18877411,64.74833679,-116.376503,0.2102499753,78.23951622,19.24922752,2.290029526,1.083557248,300,300,1200,907
LR,std,0,0,0.001,43,none,0.9973479167,1,1,0,0,-12.74713612,52.23542023,-28.59178543,0.4502500892,79.36766319,0,0,-62.29095078,64.33901215,-152.3051147,0.2087499797,76.93850705,19.57293701,2.290358543,1.105839014,300,300,1200,1072
LR,std,0,0,0.001,44,none,0.9971333333,1,1,0,0,-11.96474266,52.23639297,-23.62450409,0.4547501206,79.37389035,0,0,-74.68309784,64.83753967,-138.6643066,0.179499954,72.07858754,19.74832344,2.31699276,1.086261272,300,300,1200,1110
LR,std,0,0,0.001,45,none,0.9972833333,1,1,0,0,-11.87801456,53.21097183,-28.40285301,0.4585001171,79.20805835,0,0,-64.69487,67.73433685,-162.1491699,0.1967499703,71.62903619,19.94753265,2.266207933,1.09787941,300,300,1200,1082
LR,std,0,0,0.001,46,none,0.99725,1,1,0,0,-12.49159622,52.86984634,-25.28726196,0.4555000961,79.61911361,0,0,-65.48703003,64.49258423,-137.7843018,0.1922499835,74.85250789,20.18683243,2.295353651,1.09551692,300,400,1200,928
LR,std,0,0,0.001,47,none,0.9973833333,1,1,0,0,-12.8925333,54.35641861,-26.36475563,0.4577501416,79.35636247,0,0,-72.54226685,67.31481171,-163.1791229,0.1899999529,75.1245833,20.38842773,2.356609821,1.110927105,300,400,1200,936
LR,std,0,0,0.001,48,none,0.9974895833,1,1,0,0,-12.13358402,52.36872864,-26.81198692,0.4540001154,80.03634292,0,0,-63.82876968,65.23976898,-118.1410217,0.2169999778,74.83769636,20.52732277,2.340447903,1.126026988,200,400,1200,976
LR,std,0,0,0.001,49,none,0.9973479167,1,1,0,0,-12.53422832,53.95438766,-28.87327576,0.4510000646,79.30486604,0,0,-69.41964722,67.83774567,-157.4309692,0.2072499841,75.58752724,20.71474075,2.382297516,1.121267915,300,400,1200,933
LR,std,0,0,0.001,50,none,0.99736875,1,1,0,0,-12.34196758,53.99728775,-27.84265327,0.4502500892,79.89048244,0,0,-68.01819611,66.50978088,-135.0927887,0.1952499747,72.60875552,20.91811562,2.364255667,1.156215191,300,300,1200,1020
LR,std,1,1,0.001,1,none,0.9817333333,1,1,0,0,-1.93086791,15.96608543,-7.461750031,0.5065000653,73.08196738,0,0,-6.360985279,11.92180729,-20.22499275,0.3595000803,75.45490492,3.580106497,0.9872994423,1.243994594,1500,1600,1200,815
LR,std,1,1,0.001,2,none,0.9810770833,1,1,0,0,-3.699411631,24.03171539,-12.05465889,0.491500169,74.43248415,0,0,-21.58727264,20.525383,-40.0097847,0.2139999717,74.92492111,5.297008991,1.238255978,1.317753673,1700,1800,1200,620
LR,std,1,1,0.001,3,none,0.9881895833,1,1,0,0,-4.030836105,25.79639053,-10.83892059,0.4892500937,76.45656836,0,0,-25.18330002,23.34431267,-37.87322998,0.209499985,74.08913657,6.388788223,1.382550716,1.165557981,900,1000,1200,943
LR,std,1,1,0.001,4,none,0.98994375,1,1,0,0,-4.559428692,28.79697227,-18.47186279,0.4885000587,76.13194594,0,0,-26.75160217,26.72808266,-52.21175766,0.2267499864,75.63352112,7.219487667,1.477024674,1.08069694,900,1000,1200,732
LR,std,1,1,0.001,5,none,0.9921458333,1,1,0,0,-5.755006313,30.14665604,-15.35132885,0.477250129,76.68330576,0,0,-30.61159897,30.15171432,-55.62285233,0.2244999707,71.30703127,7.971779823,1.569688559,1.063871622,600,700,1200,927
LR,std,1,1,0.001,6,none,0.9924104167,1,1,0,0,-6.133184433,32.56139755,-16.20034599,0.4757501483,77.39680708,0,0,-31.98698044,32.63111496,-56.50839996,0.2199999839,75.55655851,8.593257904,1.663953543,1.033153176,700,800,1200,778
LR,std,1,1,0.001,7,none,0.9938291667,1,1,0,0,-7.060797691,32.88436127,-16.78438377,0.4720000923,77.62413625,0,0,-35.51519775,35.33320236,-58.71130371,0.2109999657,77.35235687,9.16383934,1.717438459,0.9962554574,500,600,1200,953
LR,std,1,1,0.001,8,none,0.99365,1,1,0,0,-6.921539783,34.75148773,-19.29939461,0.4825001061,76.94892157,0,0,-37.4408989,38.07992172,-66.36502075,0.2177499682,78.30143463,9.675200462,1.790275693,0.9731265903,500,600,1200,1038
LR,std,1,1,0.001,9,none,0.994625,1,1,0,0,-7.424468994,35.80414581,-19.32739258,0.4690001607,76.81721235,0,0,-42.27332687,39.78131866,-69.34501648,0.2207500041,77.59741459,10.16600132,1.866648197,0.937420547,500,600,1200,1042
LR,std,1,1,0.001,10,none,0.9948541667,1,1,0,0,-7.201826572,37.31732178,-19.8085041,0.4780001044,77.45642338,0,0,-41.54021072,40.23774719,-74.17262268,0.2214999944,77.59774938,10.64398766,1.886803269,0.947535038,400,500,1200,788
LR,std,1,1,0.001,11,none,0.9951145833,1,1,0,0,-7.986850739,36.91876221,-20.73895645,0.4697501361,77.57518456,0,0,-41.89216995,41.4406929,-76.78495789,0.2147499919,77.46404378,11.06885719,1.932596922,0.942987442,400,500,1200,916
LR,std,1,1,0.001,12,none,0.9952666667,1,1,0,0,-7.18900919,38.46031952,-21.59972,0.473500073,77.98854054,0,0,-43.32954025,43.84038925,-79.98696899,0.2199999988,72.28377755,11.58930874,1.969952345,0.9611706734,400,500,1200,1055
LR,std,1,1,0.001,13,none,0.9955645833,1,1,0,0,-8.423547745,38.9332695,-20.5740509,0.4630000889,77.51584404,0,0,-45.52505493,44.93764114,-76.73281097,0.2222499847,77.51630543,11.85683918,2.024573088,0.9622122049,300,500,1200,873
LR,std,1,1,0.001,14,none,0.99576875,1,1,0,0,-8.393847466,40.40505981,-23.13385773,0.4727500379,77.60778587,0,0,-44.72972107,46.49004745,-68.38326263,0.2372500151,78.2660597,12.23567772,2.028516769,0.9586243629,300,400,1200,864
LR,std,1,1,0.001,15,none,0.995825,1,1,0,0,-9.292058945,39.85159683,-21.05545616,0.4690001011,78.43178172,0,0,-48.94554138,45.67695999,-81.69484711,0.2132499814,74.4231127,12.69558907,2.049865007,0.9743282199,400,500,1200,984
LR,std,1,1,0.001,16,none,0.9961291667,1,1,0,0,-9.369246483,42.2227211,-23.46409607,0.4682501256,77.96893416,0,0,-51.4805603,49.99750137,-84.70897675,0.1974999607,77.59456409,12.9595499,2.086267233,0.9578765035,400,400,1200,1081
LR,std,1,1,0.001,17,none,0.99600625,1,1,0,0,-9.353142738,41.77618408,-24.14650726,0.4667500854,79.81135015,0,0,-51.66034317,48.3044281,-88.30477905,0.2072499841,70.07054031,13.37269878,2.085259199,0.9501587152,400,600,1200,866
LR,std,1,1,0.001,18,none,0.9963020833,1,1,0,0,-9.50858593,42.83782578,-25.24777412,0.4592500925,78.98575836,0,0,-49.32789993,50.06442642,-79.53458405,0.2132499963,72.319913,13.68681431,2.100969315,0.9791503549,300,400,1200,1087
LR,std,1,1,0.001,19,none,0.9962625,1,1,0,0,-10.30638218,42.72127914,-21.84819031,0.4570001364,79.90359107,0,0,-51.34148026,50.38058472,-83.59778595,0.2079999894,74.9385491,13.99493217,2.127864122,0.9868412614,300,400,1200,950
LR,std,1,1,0.001,20,none,0.9965125,1,1,0,0,-10.44820404,44.93437195,-24.877882,0.4600001276,78.56415714,0,0,-55.16008759,53.87371826,-92.60466766,0.2199999988,79.00631805,14.31576061,2.169930935,0.9964507222,400,500,1200,988
LR,std,1,1,0.001,21,none,0.99661875,1,1,0,0,-9.970913887,44.88697052,-26.05768585,0.4570001364,79.52238604,0,0,-56.01294327,52.48203659,-92.86934662,0.192999959,77.15121143,14.6827631,2.188929558,1.002662897,300,400,1200,1025
LR,std,1,1,0.001,22,none,0.9963645833,1,1,0,0,-10.23470592,45.85448837,-28.83041,0.4652501047,78.59172086,0,0,-56.88142776,54.61559296,-102.7402115,0.2019999772,77.40880728,14.96334553,2.174926043,1.023971677,300,400,1200,908
LR,std,1,1,0.001,23,none,0.9965729167,1,1,0,0,-10.55933571,44.7652092,-25.0147171,0.4585000575,79.82536626,0,0,-55.89300919,54.1026268,-97.05221558,0.2132499814,72.05133374,15.28313637,2.20615077,1.006800175,300,400,1200,1097
LR,std,1,1,0.001,24,none,0.9967625,1,1,0,0,-10.6885252,47.53744507,-25.77175903,0.4607501328,79.11589283,0,0,-62.01239777,57.47994995,-110.8536453,0.2027499527,69.3673934,15.52122593,2.228012323,1.009545803,300,400,1200,1048
LR,std,1,1,0.001,25,none,0.9970041667,1,1,0,0,-10.14640713,46.38511276,-24.46783638,0.466750145,80.06672555,0,0,-60.84914398,56.36996841,-99.59149933,0.2079999745,66.13956316,15.78554058,2.22559762,1.013389826,300,400,1200,883
LR,std,1,1,0.001,26,none,0.9967125,1,1,0,0,-11.35731125,48.78860855,-28.77013779,0.4547501206,79.36063271,0,0,-59.18149948,58.78697968,-131.0565948,0.2094999701,73.09320962,16.05583954,2.220228195,1.035492659,300,500,1200,920
LR,std,1,1,0.001,27,none,0.99681875,1,1,0,0,-10.83699703,48.67022324,-23.74732208,0.463750124,80.43250333,0,0,-57.5362587,58.1056633,-97.27389526,0.2042499781,73.32089471,16.35227203,2.253240585,1.049665451,300,400,1200,788
LR,std,1,1,0.001,28,none,0.9969458333,1,1,0,0,-10.6020174,49.41215515,-27.57167435,0.4615001082,79.31258705,0,0,-63.1127243,60.46017075,-136.6320801,0.2087499797,70.06961547,16.52420425,2.253154516,1.070106268,300,300,1200,1021
LR,std,1,1,0.001,29,none,0.9968625,1,1,0,0,-11.76216698,50.16352463,-24.49531555,0.4555000961,80.13248271,0,0,-62.58067703,60.64868546,-105.2705917,0.2004999667,71.36868343,16.88963699,2.263184309,1.048135638,300,400,1200,939
LR,std,1,1,0.001,30,none,0.9969958333,1,1,0,0,-10.90239334,50.87502289,-29.09459305,0.4607501328,79.63969475,0,0,-59.83943558,62.58576965,-116.0023041,0.2154999822,68.26418885,17.07134819,2.299448252,1.075790882,300,400,1200,1084
LR,std,1,1,0.001,31,none,0.9969979167,1,1,0,0,-11.96674824,49.85987473,-29.07446671,0.4630000889,80.43837959,0,0,-63.63822937,61.42121887,-115.5731506,0.1952499747,66.7774753,17.29321098,2.29714942,1.068937063,300,400,1200,1004
LR,std,1,1,0.001,32,none,0.99726875,1,1,0,0,-11.62652969,50.68195343,-28.17264748,0.4600001276,79.93159131,0,0,-66.24953461,62.38372421,-120.4494324,0.2049999982,70.40961137,17.56756401,2.324601889,1.070538044,300,300,1200,916
LR,std,1,1,0.001,33,none,0.9970645833,1,1,0,0,-13.03100395,50.40409088,-28.28700829,0.4547501206,79.79852135,0,0,-71.20423126,62.45737839,-119.5612259,0.1779999584,70.99138929,17.82925987,2.320037127,1.07333982,300,400,1200,929
LR,std,1,1,0.001,34,none,0.99726875,1,1,0,0,-11.48432636,51.81367493,-28.49015427,0.4660001099,80.07696932,0,0,-63.29747391,62.26322556,-132.0062561,0.2042499781,68.94555156,18.05696297,2.362476826,1.071751356,300,400,1200,1015
LR,std,1,1,0.001,35,none,0.9970479167,1,1,0,0,-11.34425831,51.22110367,-27.31045341,0.4622501135,79.72886826,0,0,-67.01972961,63.01386642,-129.3565979,0.2117499858,68.07401316,18.28941536,2.322076797,1.099842787,300,400,1200,849
LR,std,1,1,0.001,36,none,0.9970458333,1,1,0,0,-12.99415302,53.67218399,-29.97715569,0.4495000839,79.4520461,0,0,-67.94250488,65.838974,-143.0805817,0.201249972,66.47844473,18.46446419,2.395623446,1.133500338,300,400,1200,1108
LR,std,1,1,0.001,37,none,0.9973833333,1,1,0,0,-13.12134838,53.62636566,-27.28613472,0.4585001171,79.56471514,0,0,-66.81330872,64.49626923,-134.200882,0.1989999563,74.25431184,18.71201134,2.374343634,1.125103831,300,300,1200,1015
LR,std,1,1,0.001,38,none,0.99725625,1,1,0,0,-12.97283745,54.45344925,-32.54372406,0.4592500925,79.25062997,0,0,-67.92398071,67.20695496,-129.2492981,0.1982499659,75.28245626,18.91932678,2.366141319,1.127341747,300,400,1200,1088
LR,std,1,1,0.001,39,none,0.9973645833,1,1,0,0,-13.37503624,53.62979889,-28.43541145,0.4510001838,79.67644908,0,0,-68.44736481,65.4468689,-119.8308334,0.1997499615,75.5005149,19.11843109,2.346713305,1.110728025,300,300,1200,974
LR,std,1,1,0.001,40,none,0.99729375,1,1,0,0,-13.09296417,55.58322906,-28.9991188,0.4562501013,79.26411064,0,0,-68.04376984,67.52198792,-124.829628,0.2049999833,78.65010671,19.34617996,2.398447275,1.102433085,300,300,1200,856
LR,std,1,1,0.001,41,none,0.9972854167,1,1,0,0,-14.50884628,53.95390701,-30.66436005,0.4472500682,79.06081648,0,0,-70.64359283,68.65709686,-127.5679474,0.2057499737,79.02487576,19.52289009,2.3684237,1.119834185,300,400,1200,1120
LR,std,1,1,0.001,42,none,0.9974770833,1,1,0,0,-12.48739624,55.52185059,-32.93277359,0.4555000961,79.65160512,0,0,-65.32976532,65.98880005,-132.5471649,0.2109999955,75.5279165,19.7425251,2.366556406,1.122714877,200,300,1200,1139
LR,std,1,1,0.001,43,none,0.99739375,1,1,0,0,-12.21829987,53.52913666,-29.24933434,0.4532500803,80.25045795,0,0,-65.89559174,65.73178864,-131.2507477,0.2079999894,78.01649127,19.92187119,2.375767708,1.145273566,300,300,1200,1006
LR,std,1,1,0.001,44,none,0.9974375,1,1,0,0,-12.67176437,55.31638718,-32.83124924,0.4495001435,80.05952865,0,0,-70.11109924,66.04207611,-140.0597229,0.1914999634,77.35680196,20.21615601,2.40815568,1.154333353,300,300,1200,1079
LR,std,1,1,0.001,45,none,0.9977145833,1,1,0,0,-14.18088055,56.07817841,-29.94895935,0.4502500892,79.63988221,0,0,-67.76367188,68.48130798,-145.3306122,0.2034999579,77.71641039,20.32324219,2.373416662,1.15292418,200,300,1200,1096
LR,std,1,1,0.001,46,none,0.9974395833,1,1,0,0,-14.75240612,55.97568893,-33.995327,0.4472501278,79.42037282,0,0,-70.65245056,70.05239105,-145.7959137,0.1914999634,78.52049114,20.51967239,2.420380116,1.144260049,400,400,1200,954
LR,std,1,1,0.001,47,none,0.99746875,1,1,0,0,-14.95348644,55.20110703,-34.80791855,0.4487501085,80.28232021,0,0,-65.60883331,66.19490814,-132.9421387,0.1989999563,79.43968247,20.68667412,2.411359787,1.19299376,300,300,1200,1091
LR,std,1,1,0.001,48,none,0.9975,1,1,0,0,-14.60788441,56.36102295,-38.30120468,0.4510001242,79.63059675,0,0,-66.73763275,68.30156708,-143.1486664,0.1952499598,78.69512926,20.90591812,2.421420336,1.166554451,200,400,1200,1079
LR,std,1,1,0.001,49,none,0.9975729167,1,1,0,0,-14.39125156,56.37406158,-31.9414463,0.4495001435,79.98001706,0,0,-68.30473328,69.17129517,-141.6702881,0.2147499621,74.48983047,21.1421814,2.391136169,1.196662903,200,300,1200,996
LR,std,1,1,0.001,50,none,0.99756875,1,1,0,0,-15.10467529,56.30606461,-32.38711166,0.4442501068,79.62681059,0,0,-66.0513916,68.74581909,-139.1435547,0.2049999684,75.0258316,21.28651237,2.410298586,1.194357991,300,300,1200,1007
LR,std,2,2,0.001,1,none,0.9818020833,1,1,0,0,-2.585354567,17.28269386,-10.20638275,0.4937501252,72.48089832,0,0,-7.248851299,13.36138344,-16.59329224,0.3670000732,76.68559946,3.730238199,0.9868544936,1.306160569,1400,2000,1200,910
LR,std,2,2,0.001,2,none,0.9789854167,1,1,0,0,-4.800830841,24.55489922,-12.82314777,0.4690001011,75.38628629,0,0,-20.62462044,20.55963516,-34.77155685,0.2184999585,72.96447067,5.554288864,1.258801699,1.393281937,1700,2100,1200,560
LR,std,2,2,0.001,3,none,0.9879895833,1,1,0,0,-4.471599102,26.98179436,-14.15128899,0.4840001166,76.14265078,0,0,-27.95031929,24.80369186,-55.87171936,0.2012499869,74.98848946,6.595785141,1.39317131,1.293866515,1200,1300,1200,676
LR,std,2,2,0.001,4,none,0.9903333333,1,1,0,0,-6.761879444,29.16819763,-15.15727901,0.4645001292,76.4110983,0,0,-28.71554756,27.72952271,-50.78121948,0.2087499499,79.88825762,7.42380619,1.519481778,1.200387239,900,1000,1200,727
LR,std,2,2,0.001,5,none,0.9919125,1,1,0,0,-5.413523674,29.77210045,-17.86740112,0.48025015,77.48792746,0,0,-34.77828979,30.23051453,-53.30446243,0.1899999827,69.57465003,8.126030922,1.589255571,1.138477445,700,800,1200,979
LR,std,2,2,0.001,6,none,0.9929145833,1,1,0,0,-7.216876984,31.65200615,-16.19954872,0.4630000889,76.24501652,0,0,-33.06246567,32.30651474,-62.30197906,0.22299999,78.90174833,8.747226715,1.672706962,1.067609668,600,700,1200,1013
LR,std,2,2,0.001,7,none,0.9937854167,1,1,0,0,-6.895952225,32.67230606,-19.21598625,0.4660001099,76.82697017,0,0,-36.74327469,34.19545364,-59.1368103,0.2109999806,73.45854197,9.284017563,1.740103245,1.009855151,500,600,1200,1065
LR,std,2,2,0.001,8,none,0.99395,1,1,0,0,-8.130354881,34.96639633,-19.36245346,0.4577501118,77.0379564,0,0,-37.07277298,35.82649231,-68.85198975,0.2184999585,77.80689213,9.793203354,1.813720465,1.053440094,600,700,1200,1013
LR,std,2,2,0.001,9,none,0.9944645833,1,1,0,0,-8.139420509,34.7364769,-22.18673706,0.4652500451,77.46700565,0,0,-41.58050919,37.46899414,-73.05613708,0.2124999762,78.06328199,10.27115345,1.850180984,1.000768542,500,700,1200,925
LR,std,2,2,0.001,10,none,0.99474375,1,1,0,0,-9.292939186,35.95968246,-19.12597084,0.4510001242,77.11898585,0,0,-39.78047562,40.10611343,-67.26141357,0.2199999839,78.68432636,10.67773151,1.910320282,0.9825555682,400,500,1200,874
LR,std,2,2,0.001,11,none,0.99531875,1,1,0,0,-9.116991997,36.26338196,-23.31547165,0.4592501521,77.35641215,0,0,-42.15761948,40.59900665,-72.31958771,0.2199999839,78.44800403,11.1279211,1.917298913,0.9785829186,400,500,1200,973
LR,std,2,2,0.001,12,none,0.9950458333,1,1,0,0,-10.11074543,38.41090775,-21.70118141,0.4495000839,77.27505038,0,0,-42.40983582,42.2707634,-70.02207184,0.2192499787,79.63474268,11.61868191,1.99448061,0.9916861653,500,600,1200,1043
LR,std,2,2,0.001,13,none,0.9955875,1,1,0,0,-9.879598618,38.86449814,-24.4121418,0.4660001099,77.26951983,0,0,-42.46195984,43.49957657,-75.920578,0.217749998,75.18058153,12.07206345,2.015450001,1.004477501,400,500,1200,1028
LR,std,2,2,0.001,14,none,0.9954604167,1,1,0,0,-10.82518101,39.54539871,-21.38334656,0.4465000927,76.14397422,0,0,-46.45138931,45.95205307,-81.05793762,0.2079999596,77.62760702,12.44899845,2.041915655,0.9773186445,400,500,1200,917
LR,std,2,2,0.001,15,none,0.9958958333,1,1,0,0,-10.63218784,40.30371094,-24.49219131,0.4510000646,75.62065296,0,0,-45.11619186,45.67890549,-81.02159119,0.2199999839,77.04972245,12.76665974,2.048519611,0.9927681684,300,400,1200,1100
LR,std,2,2,0.001,16,none,0.99595625,1,1,0,0,-9.927008629,40.40667725,-23.73195076,0.4502500892,77.32645067,0,0,-47.34384155,47.57718658,-81.08209991,0.2102499753,77.02861368,13.15528584,2.081485033,1.011621594,300,400,1200,770
LR,std,2,2,0.001,17,none,0.9963291667,1,1,0,0,-10.30893898,41.15864182,-23.99443054,0.454750061,75.1997185,0,0,-54.18230438,49.41543961,-88.28022766,0.1997499615,76.45475419,13.4675951,2.112012148,0.9837639332,400,500,1200,935
LR,std,2,2,0.001,18,none,0.9962416667,1,1,0,0,-11.03838062,43.63685608,-25.82792664,0.4517500997,74.91018645,0,0,-52.77074432,49.95546722,-85.46357727,0.1997499615,75.65810852,13.77344036,2.144735098,1.006593943,400,400,1200,1085
LR,std,2,2,0.001,19,none,0.9962729167,1,1,0,0,-10.79661751,42.97488022,-25.38943672,0.4562501013,75.30505846,0,0,-56.97317886,51.31651688,-102.0899582,0.1974999756,76.33740097,14.05194283,2.17812109,1.011184692,400,600,1200,896
LR,std,2,2,0.001,20,none,0.9963166667,1,1,0,0,-11.12975979,44.37226105,-25.84227562,0.4472500682,75.92393447,0,0,-53.92695999,52.16610718,-97.82443237,0.2019999772,78.8327745,14.31831169,2.188853264,1.027964473,400,400,1200,905
LR,std,2,2,0.001,21,none,0.9966833333,1,1,0,0,-11.13371372,43.70672226,-29.4064827,0.4487501085,75.39191742,0,0,-57.17302704,52.00217819,-89.7651062,0.1899999827,78.07154463,14.6251936,2.190015554,1.022748113,300,400,1200,1034
LR,std,2,2,0.001,22,none,0.9966729167,1,1,0,0,-12.41889286,44.47307205,-26.09490204,0.4450001121,75.80864624,0,0,-54.96723938,52.75032806,-93.65479279,0.1907499731,77.8292226,14.88645554,2.188729286,1.012020111,300,400,1200,1117
LR,std,2,2,0.001,23,none,0.9965479167,1,1,0,0,-12.78987312,45.68955612,-26.65348053,0.4472501278,75.60973815,0,0,-52.9373436,52.26890945,-97.48608398,0.2109999806,80.01620323,15.15753937,2.190775394,1.012055516,300,400,1200,1056
LR,std,2,2,0.001,24,none,0.9966770833,1,1,0,0,-11.85335636,45.80842972,-26.98532486,0.4457501471,77.04541996,0,0,-57.96461868,54.06306076,-98.67761993,0.1847499609,74.90872922,15.46722126,2.21494031,0.9986615181,300,400,1200,960
LR,std,2,2,0.001,25,none,0.9967729167,1,1,0,0,-12.62227058,45.42141724,-25.65440178,0.4457501471,75.7147052,0,0,-57.64577484,54.40340805,-106.6538086,0.1974999607,77.82113947,15.70676327,2.190679073,1.035657167,300,400,1200,866
LR,std,2,2,0.001,26,none,0.9966791667,1,1,0,0,-12.37855721,46.19768524,-30.87014771,0.4442501068,76.64024339,0,0,-55.4679451,51.80555344,-89.23156738,0.1967499852,77.78579356,15.90263653,2.206222773,1.027268767,400,400,1200,853
LR,std,2,2,0.001,27,none,0.99645,1,1,0,0,-11.55631733,46.5230217,-30.97662163,0.4502500594,76.29366514,0,0,-58.53392029,55.41124344,-97.30574799,0.1944999546,77.66327684,16.22417068,2.217336655,1.026601672,300,400,1200,930
LR,std,2,2,0.001,28,none,0.9969291667,1,1,0,0,-12.63666439,46.57051468,-27.90250397,0.4435000718,77.06616149,0,0,-58.62401199,56.28230286,-105.2719269,0.1944999695,77.1289003,16.38723946,2.256678104,1.029039383,300,400,1200,870
LR,std,2,2,0.001,29,none,0.9970020833,1,1,0,0,-12.94575691,47.79728317,-29.55335045,0.4487501085,77.40626982,0,0,-57.81390762,56.56691742,-96.28623962,0.2012499571,76.87725277,16.73430634,2.253843307,1.038707733,300,300,1200,1113
LR,std,2,2,0.001,30,none,0.9967625,1,1,0,0,-12.92233276,47.20817566,-25.96704483,0.4442501068,77.39718933,0,0,-59.95211792,55.04238129,-107.6148453,0.1974999607,79.81732493,16.87067986,2.260050058,1.039135218,300,400,1200,1082
LR,std,2,2,0.001,31,none,0.99693125,1,1,0,0,-12.62970924,47.74191666,-26.09477806,0.4472500682,77.60144527,0,0,-61.10668182,57.02025986,-107.3754425,0.1922499686,77.58909778,17.18404007,2.24129653,1.02117753,300,400,1200,886
LR,std,2,2,0.001,32,none,0.9970854167,1,1,0,0,-12.5852766,47.5851059,-30.11137772,0.4472500682,77.57674488,0,0,-60.63014603,57.86308289,-108.9351425,0.1967499554,79.27536206,17.4295826,2.273125172,1.035762429,300,400,1200,1020
LR,std,2,2,0.001,33,none,0.99709375,1,1,0,0,-12.17866993,50.68350601,-31.75522804,0.4472500682,78.26138821,0,0,-61.75455856,59.32976913,-110.1034241,0.1974999607,78.55928777,17.71082687,2.28731823,1.046696901,300,400,1200,1058
LR,std,2,2,0.001,34,none,0.9972041667,1,1,0,0,-13.14241791,49.47658539,-28.5157299,0.4420001209,78.26399714,0,0,-60.44729233,58.08746719,-112.8286972,0.1892499626,77.01057361,17.93091202,2.29616189,1.038783431,300,400,1200,1094
LR,std,2,2,0.001,35,none,0.9970458333,1,1,0,0,-13.28436565,50.1939888,-33.49774933,0.4442501068,78.22157562,0,0,-66.03455353,59.68572998,-116.0748749,0.1862499863,75.40384636,18.19598007,2.296849966,1.048211932,300,300,1200,995
LR,std,2,2,0.001,36,none,0.9970125,1,1,0,0,-14.00190258,50.8272438,-27.30151176,0.4435001314,77.57506351,0,0,-64.777565,59.1384964,-112.426384,0.1847499609,75.5981798,18.28665543,2.293977261,1.05066812,300,400,1200,990
LR,std,2,2,0.001,37,none,0.9969541667,1,1,0,0,-13.42787838,52.23952866,-33.16778183,0.4495000839,77.43738941,0,0,-66.05529022,60.78620148,-119.5258789,0.1802499741,75.46041734,18.60426331,2.30844903,1.046962619,300,400,1200,1022
LR,std,2,2,0.001,38,none,0.9972729167,1,1,0,0,-14.8332901,52.2073822,-32.42218781,0.4352501035,78.25916654,0,0,-55.84587479,59.20901108,-112.3711472,0.2169999927,79.40686088,18.77873802,2.281147242,1.05508709,300,400,1200,1049
LR,std,2,2,0.001,39,none,0.9972770833,1,1,0,0,-14.76861382,52.54631042,-34.92193985,0.4420000911,78.19834015,0,0,-63.42895508,60.88045883,-124.0493011,0.2019999772,75.90968523,19.03480148,2.279244423,1.088960171,300,500,1200,1007
LR,std,2,2,0.001,40,none,0.9972708333,1,1,0,0,-15.13960457,51.56201172,-37.13952255,0.4390000999,78.32962714,0,0,-62.72280121,58.2722702,-111.3261261,0.209499985,79.61040108,19.1137104,2.29213047,1.062131047,300,400,1200,909
LR,std,2,2,0.001,41,none,0.9972875,1,1,0,0,-15.57488823,52.46523666,-32.78043747,0.4382501245,78.2474256,0,0,-56.67235184,60.56216812,-139.1338654,0.2079999894,74.7366634,19.44684601,2.282182693,1.090661407,300,300,1200,1042
LR,std,2,2,0.001,42,none,0.99725625,1,1,0,0,-15.60882664,51.69321442,-32.82177353,0.4360000789,78.02240783,0,0,-63.81278229,60.79471588,-119.4029999,0.1937499791,79.26280217,19.58875275,2.275658607,1.079622746,300,400,1200,1070
LR,std,2,2,0.001,43,none,0.997375,1,1,0,0,-15.68099499,54.12161636,-31.18774796,0.4367500842,77.95103796,0,0,-62.84925842,62.1633873,-107.2345963,0.1974999607,76.38367095,19.79390907,2.309247017,1.115985751,300,300,1200,1005
LR,std,2,2,0.001,44,none,0.9973041667,1,1,0,0,-15.47920609,53.40234375,-31.93209076,0.4390000999,77.11385875,0,0,-62.37308884,60.88321304,-129.1849365,0.1937499642,78.28612196,20.02856255,2.329767466,1.099592566,300,400,1200,939
LR,std,2,2,0.001,45,none,0.9972270833,1,1,0,0,-14.76745796,53.19153595,-33.23432541,0.4390000999,77.94262294,0,0,-61.48846436,62.76184845,-122.2173615,0.2034999579,77.09238506,20.23774147,2.33259511,1.141813159,300,500,1200,1122
LR,std,2,2,0.001,46,none,0.9974020833,1,1,0,0,-15.70815754,52.95807648,-31.80297661,0.4337501228,77.21079152,0,0,-56.3027153,60.7905426,-107.5761566,0.2072499692,77.0754651,20.33470535,2.33827281,1.116803169,300,300,1200,1000
LR,std,2,2,0.001,47,none,0.9973354167,1,1,0,0,-14.83879566,52.90085602,-34.79483795,0.4322500825,77.44273165,0,0,-60.64656448,62.36671829,-123.3213043,0.1982499808,72.52278836,20.56123734,2.361528397,1.137408853,300,300,1200,1124
LR,std,2,2,0.001,48,none,0.9974625,1,1,0,0,-16.54126358,54.08420563,-34.02994919,0.4375001192,76.4756892,0,0,-67.02198029,60.82814026,-127.7507553,0.1944999546,76.55184902,20.7293148,2.334191322,1.114357233,200,300,1200,1013
LR,std,2,2,0.001,49,none,0.9974166667,1,1,0,0,-15.59729862,55.40709305,-36.6680603,0.4405000806,77.86795819,0,0,-59.62983322,64.75701141,-134.0835114,0.2019999623,75.30010355,20.76723289,2.349419594,1.133362532,300,400,1200,1016
LR,std,2,2,0.001,50,none,0.9975645833,1,1,0,0,-15.98567581,55.50351715,-36.10757065,0.4307501316,77.64211897,0,0,-61.3310318,62.19723129,-112.9177399,0.1937499642,77.75428102,20.9663372,2.32605505,1.127696037,200,400,1200,991
LR,std,3,3,0.001,1,none,0.9818666667,1,1,0,0,-1.946430683,16.52050591,-7.180484295,0.4997501373,72.42699046,0,0,-8.151245117,13.79714108,-20.11034584,0.3557500839,75.62361829,3.682543993,1.002203703,1.297854185,1800,1900,1200,929
LR,std,3,3,0.001,2,none,0.9795395833,1,1,0,0,-3.822339773,25.26821136,-11.81241226,0.4847501218,74.39604949,0,0,-23.054142,21.81401253,-38.98389816,0.2102499753,78.15684309,5.627048492,1.283132553,1.377824783,1400,2600,1200,882
LR,std,3,3,0.001,3,none,0.9874604167,1,1,0,0,-4.501881599,26.48775482,-12.3678484,0.4840001166,76.10536646,0,0,-27.4736557,25.24157524,-48.39088821,0.2162499726,74.35663908,6.643981457,1.413530827,1.261811137,1100,1200,1200,646
LR,std,3,3,0.001,4,none,0.9899666667,1,1,0,0,-4.660979748,29.47464752,-14.33754063,0.4847500622,76.95448536,0,0,-30.78562546,28.24397278,-48.45436859,0.2042499781,66.61366117,7.455180168,1.533640146,1.202041388,800,1000,1200,909
LR,std,3,3,0.001,5,none,0.9919708333,1,1,0,0,-5.102465153,31.5140934,-14.00217152,0.4817501009,76.80703415,0,0,-33.33407593,31.86312866,-56.12762451,0.2109999955,75.7313044,8.173553467,1.606900215,1.146872044,700,800,1200,774
LR,std,3,3,0.001,6,none,0.9925666667,1,1,0,0,-5.565696239,32.84735107,-16.03341293,0.4742500782,77.36050676,0,0,-36.02018356,34.39049911,-65.28375244,0.2117499858,78.92932405,8.788352966,1.71045506,1.136386275,600,700,1200,945
LR,std,3,3,0.001,7,none,0.9938041667,1,1,0,0,-6.59649086,33.33202362,-14.43231201,0.4765000939,77.53594374,0,0,-39.48631668,37.4509201,-61.51999664,0.2109999955,76.77296512,9.395235062,1.760676384,1.057765961,500,600,1200,710
LR,std,3,3,0.001,8,none,0.9943270833,1,1,0,0,-6.544599533,34.26205063,-18.17695045,0.4720001221,78.13013696,0,0,-40.38476181,37.29631042,-61.90029907,0.2184999883,73.81020001,9.989011765,1.834182739,1.060079217,500,700,1200,904
LR,std,3,3,0.001,9,none,0.9947479167,1,1,0,0,-7.845684528,35.4757576,-17.60318756,0.4705001414,78.02096194,0,0,-41.37644577,39.277771,-64.88535309,0.2177499682,74.83099477,10.39679813,1.866587877,1.024589062,500,500,1200,1004
LR,std,3,3,0.001,10,none,0.9942895833,1,1,0,0,-7.625132084,36.51724243,-20.09181404,0.4690001607,77.30688039,0,0,-43.47592545,40.98986816,-69.23712921,0.2102499902,78.68727017,10.8544054,1.921620369,1.006512046,500,600,1200,965
LR,std,3,3,0.001,11,none,0.9952375,1,1,0,0,-7.957670212,36.5504303,-18.52163696,0.4690001607,78.6102632,0,0,-39.45148468,40.82548523,-72.0260849,0.228249982,77.75059302,11.26028538,1.942848682,0.9707961082,500,500,1200,994
LR,std,3,3,0.001,12,none,0.9952645833,1,1,0,0,-8.148156166,39.33918762,-20.56005669,0.4750001132,78.33179831,0,0,-45.6122551,44.50166702,-82.43842316,0.2214999944,78.01373322,11.68010426,2.007484913,0.9878909588,400,600,1200,1012
LR,std,3,3,0.001,13,none,0.99551875,1,1,0,0,-9.500747681,39.30070114,-18.38258934,0.4682500958,77.98305616,0,0,-43.72296143,45.22116852,-75.50065613,0.2245000005,75.07378252,12.09055614,2.042191505,1.025084019,400,500,1200,1018
LR,std,3,3,0.001,14,none,0.9955895833,1,1,0,0,-9.018475533,39.25016403,-22.26052856,0.4697501361,78.19858445,0,0,-46.24034119,46.8779335,-81.29093933,0.22299999,74.28750865,12.48455811,2.070359945,1.005609512,400,400,1200,946
LR,std,3,3,0.001,15,none,0.9961125,1,1,0,0,-9.019166946,40.62779999,-19.52872467,0.4645001292,77.93602059,0,0,-50.37232971,48.5917244,-88.26405334,0.2027499825,78.77075861,12.87328148,2.096523762,0.9775208831,300,400,1200,932
LR,std,3,3,0.001,16,none,0.9960625,1,1,0,0,-9.371548653,41.51438522,-22.53264999,0.4622501135,78.2915707,0,0,-50.16187286,48.63428497,-84.47858429,0.2140000015,79.99934703,13.13532925,2.123484373,1.033708692,400,400,1200,915
LR,std,3,3,0.001,17,none,0.99610625,1,1,0,0,-9.666917801,42.51460648,-18.76265907,0.4570000768,78.02356272,0,0,-52.43315125,50.03284073,-88.67680359,0.2117499709,78.80678512,13.53071594,2.144527912,1.052719355,300,400,1200,953
LR,std,3,3,0.001,18,none,0.9964020833,1,1,0,0,-10.03808594,42.5500946,-23.35606194,0.4570000768,78.1016306,0,0,-47.82540131,49.52561188,-97.57897186,0.2334999889,78.23511079,13.73606586,2.157722235,1.042562008,300,500,1200,853
LR,std,3,3,0.001,19,none,0.9963645833,1,1,0,0,-10.1081686,43.36513519,-21.31215668,0.4630000889,78.71603439,0,0,-51.82941437,52.61882401,-84.77200317,0.2154999524,79.93466809,14.19739914,2.199638367,1.071731687,300,400,1200,920
LR,std,3,3,0.001,20,none,0.9965791667,1,1,0,0,-10.65240192,43.72118759,-22.95034218,0.4622501135,78.5517504,0,0,-51.3883667,53.5599823,-97.58341217,0.2199999839,80.0462897,14.42258263,2.189597607,1.053352356,300,400,1200,999
LR,std,3,3,0.001,21,none,0.996575,1,1,0,0,-9.793861389,43.5843544,-23.45110703,0.4660001099,78.63886592,0,0,-53.13742447,54.31533432,-95.30470276,0.2139999717,78.32969023,14.72531891,2.196565628,1.059895635,300,400,1200,911
LR,std,3,3,0.001,22,none,0.99658125,1,1,0,0,-10.93090248,45.90630722,-24.68344688,0.4585000575,78.56838772,0,0,-51.89236069,55.26286697,-104.8461227,0.2357499748,81.62157823,14.95546436,2.226772785,1.064993739,300,400,1200,1079
LR,std,3,3,0.001,23,none,0.9965,1,1,0,0,-10.75031471,44.33049774,-24.07719803,0.4585000575,78.04646952,0,0,-57.26425934,55.44945526,-110.5423965,0.2162499726,80.18105311,15.26182079,2.218942165,1.081365108,300,400,1200,948
LR,std,3,3,0.001,24,none,0.9964125,1,1,0,0,-11.30003738,46.89290619,-24.22397232,0.4562501013,79.17527469,0,0,-58.49489594,57.08930588,-103.3328094,0.2132499814,81.06481556,15.59074974,2.250692606,1.083398223,300,400,1200,975
LR,std,3,3,0.001,25,none,0.9968041667,1,1,0,0,-10.2177496,46.24269104,-22.67575645,0.4600001276,78.02034529,0,0,-58.01001358,58.44754028,-97.19390869,0.2147499919,77.42598227,15.85732365,2.229937077,1.083405137,300,400,1200,1004
LR,std,3,3,0.001,26,none,0.9967041667,1,1,0,0,-11.82906914,48.95608902,-23.76332283,0.4615001082,78.11298289,0,0,-56.15785217,59.89352036,-108.2246933,0.2147499919,79.96063181,16.12122154,2.295835018,1.117087841,300,300,1200,1078
LR,std,3,3,0.001,27,none,0.9967270833,1,1,0,0,-11.28125477,47.47745514,-25.3299675,0.4585000575,78.57860974,0,0,-59.21427155,59.49456406,-118.8745117,0.217749998,77.33917322,16.44215584,2.28513813,1.116376162,300,400,1200,1018
LR,std,3,3,0.001,28,none,0.9969729167,1,1,0,0,-11.27632332,48.51826096,-24.29019356,0.4562501013,78.34618142,0,0,-57.10113525,59.90393066,-108.0419617,0.228249982,80.03841938,16.69605637,2.310748577,1.109286547,300,400,1200,916
LR,std,3,3,0.001,29,none,0.9969145833,1,1,0,0,-12.14355469,48.34875488,-24.60861969,0.4517500997,78.17493267,0,0,-63.77829742,60.55267715,-99.05912018,0.2034999728,78.73756703,16.92713928,2.312134266,1.148918748,300,400,1200,1054
LR,std,3,3,0.001,30,none,0.9969916667,1,1,0,0,-12.80979729,48.78558731,-24.69199562,0.4517500997,77.971948,0,0,-54.93745422,61.18638992,-115.5320358,0.2297499925,79.60493326,17.18662071,2.318605661,1.099627256,300,500,1200,895
LR,std,3,3,0.001,31,none,0.9970916667,1,1,0,0,-13.71970272,49.14842606,-24.11624146,0.4525001049,77.45233295,0,0,-71.03195953,62.40784454,-126.8113174,0.1937499493,76.04082298,17.44864845,2.330461264,1.087234259,300,400,1200,921
LR,std,3,3,0.001,32,none,0.99704375,1,1,0,0,-11.96721363,49.83930206,-25.3006916,0.4555000961,78.24523395,0,0,-61.25912857,63.69715881,-116.400444,0.2207499743,80.27339094,17.66164207,2.34098959,1.144862056,300,400,1200,884
LR,std,3,3,0.001,33,none,0.9971020833,1,1,0,0,-12.7790432,48.692276,-22.6121788,0.4562501013,79.03157753,0,0,-59.74776077,61.87821579,-131.119812,0.2140000015,77.52147903,17.90857315,2.34327054,1.134238124,300,400,1200,950
LR,std,3,3,0.001,34,none,0.9971895833,1,1,0,0,-12.47552395,50.71878052,-26.1044693,0.4442501068,78.85570235,0,0,-62.9020462,63.01916504,-110.4278183,0.217749998,78.40152486,18.07390785,2.345964193,1.144371986,300,400,1200,1022
LR,std,3,3,0.001,35,none,0.9971854167,1,1,0,0,-12.45853806,50.4707222,-22.87655449,0.4525001049,78.54112762,0,0,-66.29494476,65.42580414,-143.4147949,0.209499985,70.86779548,18.34473801,2.369517088,1.21566081,300,400,1200,1071
LR,std,3,3,0.001,36,none,0.9972208333,1,1,0,0,-12.79747391,50.6631813,-27.72483063,0.4510000646,78.25475301,0,0,-61.61399841,63.96910858,-121.5975266,0.2102499753,75.65147503,18.62594032,2.411425114,1.209303021,300,400,1200,958
LR,std,3,3,0.001,37,none,0.99709375,1,1,0,0,-13.62096691,51.08828354,-25.15187454,0.4465001523,77.85508326,0,0,-59.98876572,65.39332581,-147.0480804,0.2259999663,76.6515732,18.81094742,2.377835751,1.229097843,300,400,1200,981
LR,std,3,3,0.001,38,none,0.9972145833,1,1,0,0,-13.38690567,50.22579575,-25.84405899,0.4420000911,78.54776293,0,0,-59.3351059,63.21628189,-107.5616608,0.2072499692,78.64490191,18.95423126,2.402916193,1.245087624,300,400,1200,1020
LR,std,3,3,0.001,39,none,0.9972645833,1,1,0,0,-14.10091209,51.3323288,-23.77974129,0.4435000718,78.81272821,0,0,-67.0118103,65.90109253,-119.8452606,0.2072499692,77.30465623,19.215868,2.396517515,1.279377103,300,300,1200,1029
LR,std,3,3,0.001,40,none,0.9973208333,1,1,0,0,-14.0535717,51.33355713,-27.25677299,0.4412501156,78.39715141,0,0,-65.04191589,66.4677124,-123.3017883,0.1989999712,77.28678217,19.32510567,2.414354324,1.248568654,300,400,1200,918
LR,std,3,3,0.001,41,none,0.99735,1,1,0,0,-13.82445145,52.4377327,-24.60292244,0.4480001032,78.81147395,0,0,-64.22186279,67.1788559,-133.3110962,0.2004999816,74.7363632,19.5680542,2.421304226,1.294081926,300,300,1200,1152
LR,std,3,3,0.001,42,none,0.9972333333,1,1,0,0,-13.91155338,51.90499115,-29.20578766,0.4450001121,78.66035108,0,0,-64.56906128,67.06410217,-134.0256805,0.2102499753,75.32825787,19.79213715,2.434507608,1.27730608,300,300,1200,1073
LR,std,3,3,0.001,43,none,0.9972875,1,1,0,0,-13.08376026,51.79018021,-25.13137817,0.4502501488,79.47938362,0,0,-70.03870392,68.07219696,-132.8928986,0.2072499841,77.59054482,19.92426491,2.464006186,1.276851058,300,400,1200,1072
LR,std,3,3,0.001,44,none,0.99735,1,1,0,0,-14.90383148,51.95894623,-25.47405243,0.4457501471,78.75999039,0,0,-70.28894806,69.05948639,-132.4825745,0.1922499835,76.60433571,20.08793259,2.461545706,1.296177268,300,300,1200,1026
LR,std,3,3,0.001,45,none,0.9973291667,1,1,0,0,-13.20796108,52.12138367,-25.48101807,0.4510000646,78.7826088,0,0,-66.20406342,67.51047516,-137.7205353,0.2177499682,79.46355185,20.15153694,2.43604207,1.268748999,300,300,1200,1095
LR,std,3,3,0.001,46,none,0.9974916667,1,1,0,0,-15.31045914,54.05376434,-29.76833153,0.4435001314,79.04706114,0,0,-62.39849091,66.86452484,-121.3267441,0.2094999701,79.11299835,20.54465675,2.441042662,1.298374414,300,300,1200,1123
LR,std,3,3,0.001,47,none,0.99738125,1,1,0,0,-14.77246094,54.87061691,-28.63467789,0.4450001121,78.54448731,0,0,-65.71130371,69.3020401,-152.6376343,0.2004999667,76.62052517,20.68447876,2.433502436,1.291361213,300,400,1200,1017
LR,std,3,3,0.001,48,none,0.99740625,1,1,0,0,-13.94848347,53.54377365,-32.9262085,0.4555000961,77.8158292,0,0,-66.52209473,70.97696686,-132.0683441,0.2147499919,71.7240702,20.92152405,2.472633839,1.272017598,400,400,1200,950
LR,std,3,3,0.001,49,none,0.99741875,1,1,0,0,-13.91252327,52.07850647,-30.12255287,0.4442501068,79.24588384,0,0,-63.44537735,69.19535065,-121.9166946,0.2132499814,76.96962389,21.01847649,2.433802366,1.30009234,300,300,1200,1105
LR,std,3,3,0.001,50,none,0.9974479167,1,1,0,0,-15.30158901,55.00336075,-32.95985794,0.4450001121,78.63017182,0,0,-69.86768341,69.7479248,-128.6757507,0.2064999938,75.06949769,21.25034332,2.455630302,1.312683105,200,400,1200,925
LR,std,4,4,0.001,1,none,0.98135625,1,1,0,0,-1.428835392,16.16219139,-4.707997322,0.5095001459,72.61123601,0,0,-7.462558746,13.01299667,-20.92027092,0.361000061,75.16204256,3.631729603,1.002825141,1.321236849,1500,1700,1200,660
LR,std,4,4,0.001,2,none,0.97941875,1,1,0,0,-2.254367352,23.37664986,-9.272681236,0.503500104,75.00138117,0,0,-22.61195183,20.83950615,-37.53753281,0.2132499814,77.50642503,5.59052372,1.271532178,1.362449288,1800,2000,1183,952
LR,std,4,4,0.001,3,none,0.9869666667,1,1,0,0,-2.76759696,25.3488903,-10.29550838,0.4967500865,76.86609439,0,0,-28.36554146,23.84265137,-49.97213745,0.1959999949,67.40795945,6.599073887,1.392180681,1.272288322,1200,1500,1200,647
LR,std,4,4,0.001,4,none,0.9910541667,1,1,0,0,-3.570403814,28.20266533,-9.371296883,0.4952501059,76.69335715,0,0,-29.58820343,26.90760231,-48.65505219,0.2162499726,77.24608098,7.408482552,1.519266248,1.154443502,800,900,1200,738
LR,std,4,4,0.001,5,none,0.99273125,1,1,0,0,-3.552486181,29.17996407,-11.23177242,0.4982501268,77.40153535,0,0,-31.91972733,29.81199265,-55.56062698,0.1974999607,72.88689963,8.044340134,1.587162018,1.103926659,700,700,1200,924
LR,std,4,4,0.001,6,none,0.9928770833,1,1,0,0,-4.603320599,31.09731483,-10.38626289,0.487750113,76.97768857,0,0,-35.9192009,33.22045517,-57.51589203,0.2109999806,75.37747319,8.640983582,1.68743813,1.024517536,600,800,1190,918
LR,std,4,4,0.001,7,none,0.9935145833,1,1,0,0,-4.498514175,31.21227837,-14.20695686,0.4885001183,77.65740113,0,0,-34.50011826,34.5862236,-60.88178635,0.2147499621,74.56147083,9.301353455,1.7333076,1.018046856,500,600,1200,940
LR,std,4,4,0.001,8,none,0.9939583333,1,1,0,0,-4.95527029,32.55228424,-11.96585274,0.4862501025,77.96075376,0,0,-37.00272751,35.95527649,-65.58505249,0.217749998,77.35920193,9.759270668,1.775262952,0.9905283451,500,600,1200,1032
LR,std,4,4,0.001,9,none,0.9944020833,1,1,0,0,-4.437409878,32.47863388,-14.2966671,0.4877501428,78.8240838,0,0,-36.91128159,36.41859436,-69.5581665,0.2184999883,74.03879096,10.22146702,1.846540689,0.9836254716,500,600,1200,888
LR,std,4,4,0.001,10,none,0.9951479167,1,1,0,0,-5.576205254,34.90842056,-12.25829792,0.4802500904,77.92749224,0,0,-39.74708176,39.37257385,-66.54927063,0.22299999,75.16315773,10.63784313,1.867359161,0.964174509,400,600,1200,817
LR,std,4,4,0.001,11,none,0.9953770833,1,1,0,0,-5.975741386,36.12277222,-14.71099949,0.4825001061,78.44466507,0,0,-40.50349045,40.62999725,-69.60288239,0.2169999927,78.57096015,11.15624714,1.933699369,0.9755358696,400,500,1200,733
LR,std,4,4,0.001,12,none,0.9952854167,1,1,0,0,-6.478761196,36.57607269,-14.75263023,0.4772500694,78.51969456,0,0,-41.70930862,42.10752487,-77.63761902,0.2222499698,78.48492611,11.49106789,1.951029301,0.9881873131,400,500,1200,832
LR,std,4,4,0.001,13,none,0.9955083333,1,1,0,0,-5.256254196,38.18751907,-14.87060928,0.4937501252,78.63452947,0,0,-50.32934189,43.75917816,-77.97075653,0.1997499615,79.81941725,11.88189697,2.006100655,0.9560595751,400,500,1200,888
LR,std,4,4,0.001,14,none,0.9959166667,1,1,0,0,-7.042632103,38.64961243,-14.02287674,0.4727500379,79.01471966,0,0,-44.42565155,44.35865021,-74.6236496,0.2154999822,71.19575922,12.18747425,2.028814077,0.9873870015,400,500,1200,1033
LR,std,4,4,0.001,15,none,0.99614375,1,1,0,0,-6.461177826,38.22121429,-16.30151749,0.4757501483,79.13740123,0,0,-45.45240402,45.51581573,-84.3117981,0.2057499737,79.93982791,12.59892941,2.052821398,1.00311625,300,400,1200,847
LR,std,4,4,0.001,16,none,0.9958645833,1,1,0,0,-7.394625664,39.16150284,-14.34982491,0.4705000818,79.47875403,0,0,-44.12150955,46.08037567,-78.14363861,0.2297500223,76.54649209,12.86371803,2.064550161,1.039521098,400,500,1200,880
LR,std,4,4,0.001,17,none,0.9962354167,1,1,0,0,-6.448638439,39.43580246,-17.22935295,0.4787501097,78.58390952,0,0,-50.01598358,47.79880905,-86.46943665,0.2072499692,79.37588707,13.22949791,2.116270065,1.038576484,400,600,1200,856
LR,std,4,4,0.001,18,none,0.99653125,1,1,0,0,-7.856723785,41.72751999,-16.78204155,0.4727501571,78.31693109,0,0,-53.84305954,48.76402664,-90.64291382,0.1974999607,77.83498901,13.45466709,2.116564751,1.051141381,400,500,1200,829
LR,std,4,4,0.001,19,none,0.9963854167,1,1,0,0,-6.818856716,41.16275787,-19.33272171,0.4780001044,78.09580362,0,0,-51.84192657,49.7939682,-101.2023773,0.2072499841,80.35485804,13.79140854,2.143364191,1.040329695,300,400,1200,935
LR,std,4,4,0.001,20,none,0.9964833333,1,1,0,0,-7.857179642,41.94987488,-16.53013802,0.4712501168,78.8924088,0,0,-50.27388763,49.96135712,-99.03173065,0.2245000005,77.72104842,14.08810043,2.146107435,1.055601597,300,400,1200,1081
LR,std,4,4,0.001,21,none,0.9966708333,1,1,0,0,-6.730298042,40.59461212,-18.89088631,0.4780001044,78.5818256,0,0,-53.12334061,51.09796524,-97.52737427,0.217749998,80.37187533,14.43922615,2.191450834,1.059579372,300,400,1200,1087
LR,std,4,4,0.001,22,none,0.9965916667,1,1,0,0,-8.085259438,41.59612656,-16.97565842,0.4720001221,78.64258803,0,0,-52.4016571,52.33869934,-91.87734222,0.2057499588,80.59212699,14.67254257,2.168280602,1.076417327,300,400,1200,794
LR,std,4,4,0.001,23,none,0.99665,1,1,0,0,-8.025278091,42.3619957,-23.25318146,0.4720001221,78.82672462,0,0,-54.39797592,51.96170807,-91.08625793,0.2072499692,78.14717757,14.96746826,2.214585066,1.089474082,400,400,1200,1101
LR,std,4,4,0.001,24,none,0.9966416667,1,1,0,0,-8.848088264,43.80918503,-18.50150299,0.4727501571,78.86260656,0,0,-54.46382141,53.04075241,-96.42192841,0.2214999944,80.13169917,15.19835281,2.192729235,1.085618496,300,400,1200,955
LR,std,4,4,0.001,25,none,0.9967666667,1,1,0,0,-8.136940002,43.8838768,-22.95404816,0.473500073,77.87096104,0,0,-54.9430809,53.50758743,-106.1561508,0.2072499692,77.2940465,15.45250225,2.188461065,1.115806937,400,400,1200,959
LR,std,4,4,0.001,26,none,0.9967520833,1,1,0,0,-8.256158829,44.15430832,-19.52469826,0.4720000923,78.07159901,0,0,-55.06410217,53.39972687,-106.8671875,0.2072499841,79.03967667,15.73707962,2.224667311,1.127071142,300,400,1200,1048
LR,std,4,4,0.001,27,none,0.9968208333,1,1,0,0,-8.131500244,43.53648758,-23.54957008,0.4705000818,78.13681932,0,0,-58.59732437,55.21760941,-108.2201614,0.206499964,79.43759758,15.92700768,2.244143009,1.098519564,300,400,1200,1020
LR,std,4,4,0.001,28,none,0.9968416667,1,1,0,0,-8.801401138,45.14461899,-18.03414345,0.4675001204,78.44985912,0,0,-56.94346619,55.13664246,-100.3421021,0.2034999728,80.979223,16.22013855,2.230270624,1.13548398,300,400,1200,893
LR,std,4,4,0.001,29,none,0.9968208333,1,1,0,0,-9.136798859,45.01638031,-21.36316872,0.4660001099,78.59908083,0,0,-57.90356827,55.40436554,-111.8132172,0.1974999756,77.92422422,16.45611572,2.24963069,1.117246985,400,400,1200,929
LR,std,4,4,0.001,30,none,0.9967958333,1,1,0,0,-9.899438858,45.91406631,-21.31617355,0.4622500837,77.99376643,0,0,-57.40646744,55.97178268,-106.4309158,0.1952499747,80.5837025,16.74180603,2.26210618,1.088746428,300,400,1200,1105
LR,std,4,4,0.001,31,none,0.9968666667,1,1,0,0,-8.811332703,44.8579216,-21.13150787,0.4645001292,79.65512401,0,0,-59.05640793,56.79433823,-129.1374512,0.2034999728,76.67460755,16.93233299,2.27711463,1.094267726,300,300,1200,1079
LR,std,4,4,0.001,32,none,0.99693125,1,1,0,0,-9.374731064,46.20530319,-18.93162918,0.4675001204,79.21694894,0,0,-60.61744308,57.78984833,-121.3918228,0.2019999772,78.92376557,17.1576519,2.244803905,1.099945545,300,300,1200,996
LR,std,4,4,0.001,33,none,0.9972,1,1,0,0,-8.711752892,46.86148834,-24.44520187,0.4727500975,79.25790645,0,0,-57.65045547,57.99267578,-116.7508621,0.2049999535,80.78208708,17.33730507,2.270704031,1.113742709,400,400,1200,993
LR,std,4,4,0.001,34,none,0.99714375,1,1,0,0,-10.49338245,48.27832031,-23.09931946,0.4630000889,79.18405248,0,0,-59.59923172,60.13024521,-133.7201233,0.2057499737,78.70658272,17.5646286,2.262748957,1.113660812,300,400,1200,906
LR,std,4,4,0.001,35,none,0.9971104167,1,1,0,0,-10.27025223,46.86325455,-22.68279266,0.4630000889,79.4137446,0,0,-58.43547058,57.03911209,-115.5827103,0.2072499692,76.59512251,17.78695488,2.303917408,1.118684411,300,300,1200,892
LR,std,4,4,0.001,36,none,0.9971145833,1,1,0,0,-10.42135811,48.57395554,-20.25785446,0.463750124,77.47680065,0,0,-62.21687698,60.10076523,-123.6496124,0.2034999728,75.86578897,17.92899895,2.283620358,1.120846152,300,300,1200,964
LR,std,4,4,0.001,37,none,0.9971708333,1,1,0,0,-10.11929703,48.35629654,-22.97891045,0.4615001082,78.56421921,0,0,-61.634655,60.02432632,-128.1289978,0.2117499709,75.09937454,18.26891899,2.330835104,1.142093301,300,400,1200,1110
LR,std,4,4,0.001,38,none,0.99715625,1,1,0,0,-10.40805244,47.99511337,-21.29193115,0.4562501013,78.33875792,0,0,-61.6165123,60.19781876,-119.4979706,0.2094999701,77.38276897,18.39256477,2.30031848,1.138295412,300,300,1200,1120
LR,std,4,4,0.001,39,none,0.9973708333,1,1,0,0,-10.24835587,47.98919678,-24.68590546,0.4622500837,78.54255928,0,0,-62.06711578,61.15724182,-120.9924622,0.201249972,76.6304917,18.62977409,2.330747366,1.142279267,300,400,1200,952
LR,std,4,4,0.001,40,none,0.9971916667,1,1,0,0,-11.73103905,48.9312706,-20.86936951,0.4577501118,77.21714554,0,0,-63.5790062,60.3098793,-121.420929,0.2124999762,79.23757687,18.73005295,2.295248985,1.115286231,300,300,1200,1125
LR,std,4,4,0.001,41,none,0.9973125,1,1,0,0,-11.11405945,50.75455093,-27.02583694,0.4600001276,78.38151898,0,0,-65.87197113,64.05925751,-112.0389633,0.1922499835,77.89503493,18.9829483,2.360987186,1.101161718,300,400,1200,980
LR,std,4,4,0.001,42,none,0.9971333333,1,1,0,0,-12.22234726,49.66174698,-27.54090881,0.4607501328,77.92644306,0,0,-62.837677,62.73066711,-113.4353256,0.2049999684,79.38979722,19.08527565,2.330602646,1.079686761,300,400,1200,1141
LR,std,4,4,0.001,43,none,0.9973520833,1,1,0,0,-12.31772614,50.68162918,-25.65888786,0.45325014,78.64115216,0,0,-56.70281219,62.67776108,-114.7889328,0.2064999789,79.81688891,19.39853668,2.364079475,1.060080409,300,400,1200,1083
LR,std,4,4,0.001,44,none,0.9972,1,1,0,0,-11.77710342,51.18762589,-23.3549099,0.4622500837,77.80906173,0,0,-62.89884186,64.33330536,-111.2359161,0.1982499808,78.28183801,19.55236435,2.38320899,1.051321864,400,500,1200,1100
LR,std,4,4,0.001,45,none,0.99729375,1,1,0,0,-10.99731827,52.22388458,-23.90860367,0.4532500803,78.83174458,0,0,-61.0498848,64.00569916,-118.5732346,0.2012499869,78.01127561,19.83519936,2.382709026,1.084358692,300,300,1200,1052
LR,std,4,4,0.001,46,none,0.99750625,1,1,0,0,-12.18872356,52.13023758,-24.28668022,0.4555000961,78.53854224,0,0,-67.95562744,63.35404205,-128.9854279,0.1862499565,73.37962726,19.95950699,2.361949205,1.115389466,300,400,1200,1054
LR,std,4,4,0.001,47,none,0.99745625,1,1,0,0,-10.9508791,52.18250656,-25.45210075,0.4600001276,79.52236567,0,0,-69.53233337,65.72267151,-124.9369278,0.1899999827,75.00987743,20.171278,2.37547946,1.099784374,200,300,1200,966
LR,std,4,4,0.001,48,none,0.99735,1,1,0,0,-12.18223858,52.71460342,-23.22945404,0.4585001171,78.56562246,0,0,-63.58944321,63.89440918,-133.4768066,0.1959999651,77.11217467,20.34707451,2.352811813,1.103458047,300,300,1200,1118
LR,std,4,4,0.001,49,none,0.9973729167,1,1,0,0,-12.07902718,52.85385895,-25.96823692,0.4562501013,79.83694403,0,0,-63.80049515,65.59841156,-140.3314667,0.1892499626,77.10268803,20.6192131,2.377520084,1.103534341,300,400,1200,1090
LR,std,4,4,0.001,50,none,0.9974770833,1,1,0,0,-12.12335491,52.85649109,-23.69597054,0.4660000801,79.07352723,0,0,-64.81773376,65.84663391,-115.8784637,0.1974999607,77.47259163,20.69476509,2.362645388,1.125873685,200,300,1200,1023
LR,std,5,5,0.001,1,none,0.9818229167,1,1,0,0,-2.073890924,15.83433342,-7.186792374,0.4975001216,72.95980762,0,0,-6.677743912,12.19318962,-17.94221878,0.3625000715,71.98452762,3.488804579,0.9750592113,1.315016389,1300,1600,1200,893
LR,std,5,5,0.001,2,none,0.98001875,1,1,0,0,-3.189168692,23.99893761,-12.4853096,0.4967500865,74.34388574,0,0,-22.86058426,21.6361351,-35.29482651,0.2139999717,79.80041968,5.404466152,1.248408914,1.341705084,1500,1800,1192,736
LR,std,5,5,0.001,3,none,0.9867541667,1,1,0,0,-3.719183922,25.26215744,-12.25179672,0.4870001376,76.20917227,0,0,-26.62761879,24.24716187,-47.45504379,0.2034999579,71.49900132,6.406867504,1.384123087,1.23170805,1200,1500,1200,874
LR,std,5,5,0.001,4,none,0.9890958333,1,1,0,0,-5.315217495,27.91254425,-16.15670013,0.4795001447,76.48710773,0,0,-28.99747086,28.54199791,-52.40835571,0.2275000066,78.82093093,7.337750435,1.486174703,1.155432105,800,1000,1171,717
LR,std,5,5,0.001,5,none,0.99189375,1,1,0,0,-5.147956848,29.85287476,-13.81300831,0.4802500904,76.59686748,0,0,-32.50332642,30.70791245,-52.54343796,0.2072499841,74.78882862,8.022774696,1.583003998,1.082675934,700,1000,1200,890
LR,std,5,5,0.001,6,none,0.99301875,1,1,0,0,-5.049833298,30.74703026,-17.80856514,0.4832500815,77.45511379,0,0,-34.00293732,32.37493896,-52.41980743,0.2139999717,78.90784761,8.657863617,1.661099315,1.011121631,600,700,1200,608
LR,std,5,5,0.001,7,none,0.9935166667,1,1,0,0,-5.833846092,32.18236542,-13.95595741,0.477250129,77.52438032,0,0,-35.62155151,35.23338699,-57.06657791,0.2222500145,69.90670689,9.256791115,1.733049512,0.9785435796,500,600,1200,780
LR,std,5,5,0.001,8,none,0.994,1,1,0,0,-6.849057674,34.20280075,-19.25022125,0.4742500782,77.51997394,0,0,-37.44207001,37.54674911,-57.77257919,0.2305000126,76.95055594,9.804057121,1.79384315,0.9823952913,500,700,1200,848
LR,std,5,5,0.001,9,none,0.9944083333,1,1,0,0,-6.094595909,33.99716949,-15.33028221,0.4727501571,77.01419334,0,0,-37.72911835,37.93304825,-59.29785919,0.2237499803,78.46780731,10.27018452,1.857645988,0.9690732956,500,600,1200,891
LR,std,5,5,0.001,10,none,0.9948354167,1,1,0,0,-6.966705799,35.12153244,-21.59563255,0.4742500782,78.05540662,0,0,-41.49839401,40.30239868,-60.03904343,0.2102499604,78.26273009,10.70251942,1.888638496,0.9617262483,400,500,1200,989
LR,std,5,5,0.001,11,none,0.9952375,1,1,0,0,-6.820833206,36.71763611,-16.11799431,0.4742501378,76.82468293,0,0,-41.14002609,43.00360489,-76.83705902,0.2237499803,74.77967734,11.13532829,1.943885446,0.956251502,400,500,1200,1069
LR,std,5,5,0.001,12,none,0.99516875,1,1,0,0,-6.588347435,36.18968964,-20.71844482,0.4787501097,76.89244454,0,0,-42.19715881,43.21681976,-73.86660004,0.2237499803,77.5258267,11.54086304,1.949778318,0.9395334721,400,500,1200,801
LR,std,5,5,0.001,13,none,0.9955229167,1,1,0,0,-6.949756622,36.87152863,-18.88775063,0.473500073,78.24633099,0,0,-41.15775681,45.05216599,-78.44926453,0.2267499864,72.76730519,11.98313618,2.022894621,0.9672939777,400,500,1200,849
LR,std,5,5,0.001,14,none,0.9958125,1,1,0,0,-8.097094536,38.90974426,-21.83338928,0.4682501256,77.80850624,0,0,-48.55838013,46.41743469,-77.58605957,0.2049999833,75.99084375,12.43665218,2.031111956,0.9998807311,300,400,1200,1055
LR,std,5,5,0.001,15,none,0.9962395833,1,1,0,0,-8.13093853,41.00162506,-18.67816734,0.4645001292,77.03449155,0,0,-45.90758514,46.91765213,-88.68353271,0.2079999596,74.69060897,12.77418041,2.061589003,0.9927223921,300,500,1200,1024
LR,std,5,5,0.001,16,none,0.9957083333,1,1,0,0,-8.153808594,40.73511124,-24.64541054,0.4705000818,77.1814189,0,0,-52.3086319,49.83724976,-92.48004913,0.201249972,76.36009402,13.15764332,2.090990782,1.018091917,400,600,1200,869
LR,std,5,5,0.001,17,none,0.9960854167,1,1,0,0,-7.99677515,41.84905624,-20.22091675,0.4727500975,77.98021403,0,0,-50.88148117,49.96855545,-91.11993408,0.206499964,73.99154382,13.45768738,2.113265038,1.036438465,400,400,1200,840
LR,std,5,5,0.001,18,none,0.9961520833,1,1,0,0,-8.854150772,42.08649826,-22.87515831,0.4682500958,77.69415929,0,0,-52.4506073,49.7986145,-106.0653763,0.2057499737,75.88983354,13.8385067,2.126935244,1.010888934,400,500,1200,1058
LR,std,5,5,0.001,19,none,0.9963958333,1,1,0,0,-9.158115387,42.65248108,-18.6739521,0.4600001276,77.49867843,0,0,-51.38179779,50.80643082,-96.84426117,0.2094999701,78.17273338,14.10883141,2.163809299,1.029590845,400,400,1200,850
LR,std,5,5,0.001,20,none,0.996375,1,1,0,0,-8.795057297,43.37506866,-24.54528236,0.4622501135,76.92083328,0,0,-57.484375,52.45887756,-95.7614975,0.1937499642,76.7501259,14.41639519,2.157753468,1.02299428,400,400,1200,1084
LR,std,5,5,0.001,21,none,0.9965458333,1,1,0,0,-8.452746391,43.73871613,-21.73040771,0.4660000801,76.91561051,0,0,-54.22952652,52.48324203,-94.75672913,0.2019999772,76.36434275,14.60908413,2.166270256,1.031737447,300,400,1200,1087
LR,std,5,5,0.001,22,none,0.9962395833,1,1,0,0,-9.73526001,44.21619415,-22.94425964,0.4660000801,77.41951336,0,0,-51.5555954,53.02951431,-106.7585449,0.2214999944,77.74509599,14.94202709,2.161126614,1.027240276,400,400,1200,1038
LR,std,5,5,0.001,23,none,0.9966770833,1,1,0,0,-9.737930298,45.11348724,-23.36664963,0.4592501521,77.93124504,0,0,-56.58599091,53.13515472,-87.98342896,0.1997499615,75.28851937,15.19931698,2.194666862,1.044800878,300,400,1200,850
LR,std,5,5,0.001,24,none,0.9966604167,1,1,0,0,-9.581927299,44.3082962,-22.33687592,0.4630000889,76.94685898,0,0,-56.43100357,54.23994827,-102.1265411,0.1952499747,78.78173675,15.38970947,2.1930058,1.048281193,300,400,1200,1081
LR,std,5,5,0.001,25,none,0.9967604167,1,1,0,0,-9.73375988,45.23675537,-20.38877106,0.4630000889,76.66803908,0,0,-53.44104767,54.80687714,-102.9536743,0.2079999894,76.20366041,15.66018105,2.187993526,1.043962359,300,300,1200,1067
LR,std,5,5,0.001,26,none,0.9968895833,1,1,0,0,-9.36103344,45.3405571,-23.32905579,0.4615001082,76.25732058,0,0,-55.05335999,54.25178909,-100.2750549,0.206499964,77.75723201,15.99622059,2.205414295,1.073952675,300,500,1200,1054
LR,std,5,5,0.001,27,none,0.9969916667,1,1,0,0,-10.30482006,46.05520248,-22.74333954,0.4547501206,76.31049825,0,0,-55.19240189,57.28504562,-98.15299988,0.2154999822,76.78249304,16.26915932,2.195820332,1.104458332,300,400,1200,997
LR,std,5,5,0.001,28,none,0.9967375,1,1,0,0,-10.86856174,45.88781738,-24.67977524,0.4682500958,76.80625572,0,0,-55.00083542,58.0977211,-106.6059494,0.2094999701,77.30958009,16.5427494,2.233658314,1.088820577,300,400,1200,1107
LR,std,5,5,0.001,29,none,0.99680625,1,1,0,0,-10.45709324,47.23102188,-26.73293686,0.4585001171,77.35934852,0,0,-53.98197556,56.91941833,-94.20806122,0.2192499787,78.39091128,16.81106758,2.233886719,1.091760874,300,400,1200,1039
LR,std,5,5,0.001,30,none,0.99690625,1,1,0,0,-11.03416824,47.7965889,-24.10848045,0.4622501135,76.23478069,0,0,-54.93703079,58.16540146,-112.6853561,0.2079999894,79.18447806,16.92852211,2.210642576,1.106579065,300,400,1200,931
LR,std,5,5,0.001,31,none,0.9969541667,1,1,0,0,-11.23861217,47.84646988,-24.33953476,0.4562501013,77.88929026,0,0,-56.48077774,59.83375168,-110.3175812,0.2072499841,75.3412337,17.1907177,2.257723808,1.09578526,300,400,1200,1007
LR,std,5,5,0.001,32,none,0.9968645833,1,1,0,0,-10.67672825,47.87590408,-25.85214615,0.4652501047,77.78135317,0,0,-53.42932892,56.29855728,-100.3627625,0.2207500041,79.08338521,17.3827343,2.241286993,1.111828923,300,400,1200,957
LR,std,5,5,0.001,33,none,0.9970375,1,1,0,0,-11.40318966,50.30673599,-25.75844383,0.45325014,76.2965611,0,0,-62.57156372,59.57459259,-118.0092468,0.1959999651,74.69594616,17.61791801,2.245510101,1.120627761,300,400,1200,888
LR,std,5,5,0.001,34,none,0.99714375,1,1,0,0,-10.77385616,47.92956924,-26.23670959,0.463750124,76.60038554,0,0,-59.33779526,60.4569664,-106.2727661,0.2079999596,77.06156804,17.9946537,2.243579626,1.120509386,300,400,1200,1081
LR,std,5,5,0.001,35,none,0.9972208333,1,1,0,0,-11.47348976,49.24390411,-28.22891998,0.454750061,77.47549579,0,0,-60.86471558,60.93601608,-112.1143875,0.198249951,75.04196289,18.11124229,2.293473244,1.149753928,300,300,1200,1115
LR,std,5,5,0.001,36,none,0.99713125,1,1,0,0,-11.86498928,48.49440384,-25.59099579,0.4600001276,77.3390281,0,0,-61.99780273,61.12702179,-125.1529999,0.2034999728,76.9355068,18.33065414,2.28546381,1.172190309,300,400,1200,1052
LR,std,5,5,0.001,37,none,0.99713125,1,1,0,0,-12.11398125,50.2003746,-25.96178818,0.4555000961,76.66342084,0,0,-60.89924622,61.17335129,-118.4585724,0.2012499869,78.18763783,18.47902489,2.281463623,1.143517256,300,400,1200,918
LR,std,5,5,0.001,38,none,0.99704375,1,1,0,0,-11.52099133,49.20547867,-26.09106255,0.454750061,77.75433538,0,0,-56.19299698,59.00172806,-108.5176086,0.2192499638,77.72014148,18.76226234,2.261305571,1.166740537,300,500,1200,1025
LR,std,5,5,0.001,39,none,0.9971375,1,1,0,0,-11.46057796,49.70999527,-26.63392067,0.4502500892,77.62897142,0,0,-60.15942383,59.40088272,-127.5968933,0.2004999667,76.10458552,18.98720169,2.27976656,1.185112476,300,400,1200,938
LR,std,5,5,0.001,40,none,0.99740625,1,1,0,0,-12.27838421,50.50386047,-27.41788101,0.4622500837,77.27978432,0,0,-60.74343872,63.07666016,-127.720108,0.2117499858,75.76571052,19.16846466,2.273881674,1.194548368,300,300,1200,995
LR,std,5,5,0.001,41,none,0.9972166667,1,1,0,0,-12.09333992,50.78981018,-26.72350883,0.4517500997,76.8946794,0,0,-66.08631897,64.31928253,-127.894928,0.1967499703,73.58136472,19.34677124,2.339895487,1.212748647,300,300,1200,1076
LR,std,5,5,0.001,42,none,0.9971583333,1,1,0,0,-12.53644371,51.0553894,-27.16292763,0.4577501416,77.23964916,0,0,-64.13095093,63.62705994,-121.6288834,0.1982499808,75.10687286,19.66818237,2.293021917,1.24058938,400,400,1200,1054
LR,std,5,5,0.001,43,none,0.9972833333,1,1,0,0,-11.99612331,51.86220932,-28.192276,0.4525001049,77.08868434,0,0,-65.60082245,64.35123444,-125.5552368,0.2057499737,70.33249355,19.8035965,2.342728376,1.242451668,300,400,1200,1042
LR,std,5,5,0.001,44,none,0.9973395833,1,1,0,0,-12.70194244,52.18852234,-30.72684288,0.4607501328,77.3392923,0,0,-66.76599121,64.6770401,-125.5131836,0.1997499615,73.19358005,20.06604385,2.280736208,1.247643232,200,300,1200,1073
LR,std,5,5,0.001,45,none,0.99723125,1,1,0,0,-13.07940769,53.41677094,-32.5385704,0.4502501488,77.81943596,0,0,-67.89195251,65.51624298,-119.3964386,0.2102499753,73.75244895,20.18439102,2.338415146,1.228455901,300,300,1200,1118
LR,std,5,5,0.001,46,none,0.9975,1,1,0,0,-13.73523426,52.87794876,-31.53671265,0.4442501068,78.18737815,0,0,-60.82871246,65.0865097,-118.0639191,0.2109999657,76.77438729,20.32538223,2.306601524,1.237374902,300,300,1200,1048
LR,std,5,5,0.001,47,none,0.9973,1,1,0,0,-12.81872845,52.86907196,-28.56891632,0.4517500997,78.03931351,0,0,-61.8705864,66.9263382,-126.4194336,0.1967499554,74.40083855,20.49620056,2.335892439,1.290817857,300,300,1200,896
LR,std,5,5,0.001,48,none,0.997225,1,1,0,0,-12.32506752,52.02887726,-28.28511047,0.4502500892,78.03320141,0,0,-68.16101074,66.75215149,-127.322998,0.2057499737,79.1741527,20.80975723,2.321601391,1.247915626,300,500,1200,873
LR,std,5,5,0.001,49,none,0.9975125,1,1,0,0,-12.20954132,55.70441437,-29.32600403,0.4502500892,77.89068686,0,0,-70.05921936,66.04975128,-143.4615784,0.1899999678,76.21488191,20.8435173,2.272468567,1.279945016,300,400,1200,1065
LR,std,5,5,0.001,50,none,0.997325,1,1,0,0,-12.99684811,55.27715302,-27.65247536,0.4472501278,77.86758106,0,0,-65.85323334,64.04572296,-125.45681,0.228249982,76.56425115,21.16941452,2.320488214,1.264651775,300,300,1200,1002
LR,std,6,6,0.001,1,none,0.982675,1,1,0,0,-1.5684582,16.00991058,-8.257948875,0.5132501125,71.61798101,0,0,-6.672194958,12.8133316,-22.29081345,0.361000061,75.11494297,3.506937265,0.9912722707,1.310495019,1300,1400,1200,522
LR,std,6,6,0.001,2,none,0.9807458333,1,1,0,0,-2.70014286,23.36921501,-10.32471561,0.5027500987,74.57210673,0,0,-22.33761787,20.78636932,-41.42469025,0.217749998,75.48124973,5.318573475,1.255160451,1.334879518,1700,1900,1200,750
LR,std,6,6,0.001,3,none,0.9875583333,1,1,0,0,-2.624494314,24.72661591,-12.75309944,0.5087501407,76.10591709,0,0,-26.52718735,23.4318161,-42.38141251,0.2042499632,63.56763208,6.295050144,1.370580912,1.210250497,1000,1200,1200,785
LR,std,6,6,0.001,4,none,0.9911729167,1,1,0,0,-3.641102076,27.70630264,-10.96577454,0.491500169,76.30589619,0,0,-30.41225052,26.91115379,-53.45192719,0.1959999651,74.84176354,7.114976406,1.491437793,1.137494802,900,1000,1200,703
LR,std,6,6,0.001,5,none,0.99219375,1,1,0,0,-3.919214725,28.19901466,-14.13087559,0.4892501533,76.9103838,0,0,-33.30284119,29.0769825,-46.68918228,0.2057499737,74.26816719,7.907483578,1.545641065,1.069669604,600,800,1200,671
LR,std,6,6,0.001,6,none,0.9928104167,1,1,0,0,-4.431462288,30.39801216,-12.75954628,0.490750134,77.44372912,0,0,-36.03509903,33.43287277,-60.5244751,0.2087499499,66.89839388,8.53499794,1.642286301,1.021129489,500,700,1200,1009
LR,std,6,6,0.001,7,none,0.9942958333,1,1,0,0,-4.787911892,32.01231384,-13.00930977,0.4900000989,77.34108769,0,0,-38.63460541,34.22203064,-64.22648621,0.201249972,74.49010128,9.149317741,1.713597536,0.9952052236,500,600,1200,923
LR,std,6,6,0.001,8,none,0.99460625,1,1,0,0,-4.996964455,33.78304672,-16.78366089,0.4900000989,77.31534592,0,0,-39.61698532,36.57176208,-66.27160645,0.2034999579,73.41074544,9.723601341,1.754456997,0.9918525815,500,600,1200,898
LR,std,6,6,0.001,9,none,0.9949354167,1,1,0,0,-5.15848732,34.25144577,-14.64783764,0.4885001183,77.77688351,0,0,-42.30132294,37.47948074,-66.58634949,0.2102499753,74.70710744,10.15370941,1.81507957,0.9398745894,400,500,1200,1071
LR,std,6,6,0.001,10,none,0.9953625,1,1,0,0,-5.660064697,36.06520081,-13.82527351,0.4870001376,77.85143826,0,0,-43.20308685,39.27075577,-72.28929901,0.2072499841,80.04461917,10.67337894,1.839765906,0.9415109158,400,500,1200,1021
LR,std,6,6,0.001,11,none,0.9950583333,1,1,0,0,-5.868993282,36.88919067,-17.52376747,0.4832501411,77.42990174,0,0,-44.04249573,41.28564072,-77.45817566,0.1982499808,80.13736829,11.07256794,1.885337591,0.9424313903,400,500,1200,1030
LR,std,6,6,0.001,12,none,0.9953708333,1,1,0,0,-6.197359562,37.30352783,-15.24330807,0.4840001166,78.17177362,0,0,-43.98369598,42.05755615,-76.89025116,0.2109999657,76.31627055,11.50285625,1.927083969,0.942229867,400,500,1200,1079
LR,std,6,6,0.001,13,none,0.9956270833,1,1,0,0,-6.618418217,38.02321243,-16.65813065,0.4810001254,77.96088885,0,0,-43.67217636,42.93127441,-80.87024689,0.2184999585,76.57174669,11.86319828,1.945009112,0.9495918155,400,500,1200,1015
LR,std,6,6,0.001,14,none,0.9959291667,1,1,0,0,-7.080890656,38.94258118,-15.39058113,0.4780001044,78.91138659,0,0,-46.59084702,44.74317932,-82.65823364,0.2124999911,75.54129397,12.31382751,1.966855168,0.9303438663,300,400,1200,888
LR,std,6,6,0.001,15,none,0.9959,1,1,0,0,-6.614138126,38.45435715,-15.78362656,0.4750000536,78.79529133,0,0,-44.07907486,44.76367569,-79.09728241,0.2102499753,79.30654089,12.54194355,2.004154682,0.9388103485,400,500,1200,1045
LR,std,6,6,0.001,16,none,0.9962604167,1,1,0,0,-6.423338413,39.87629318,-15.04226398,0.4855000973,78.98829601,0,0,-49.70513153,44.84876251,-87.81733704,0.2064999789,80.05244423,12.92420387,2.01403594,0.938811779,300,400,1200,991
LR,std,6,6,0.001,17,none,0.99605625,1,1,0,0,-6.869177341,40.50727844,-18.04326248,0.4757501483,78.56198449,0,0,-51.11148453,45.5306778,-87.00791931,0.1982499808,79.81339227,13.23446941,2.022827387,0.962266624,400,400,1200,1079
LR,std,6,6,0.001,18,none,0.9963979167,1,1,0,0,-7.089148998,40.74373627,-16.95071983,0.4765001535,78.84100451,0,0,-46.78480148,47.41735077,-88.7697525,0.2154999822,79.9066731,13.60427666,2.039379597,0.9355807304,300,400,1200,976
LR,std,6,6,0.001,19,none,0.9962854167,1,1,0,0,-6.937270641,42.26191711,-20.90222359,0.4795001447,77.98528085,0,0,-54.45231628,48.19913483,-93.90365601,0.201249972,79.3776612,13.90173054,2.051986456,0.9449370503,300,400,1200,1090
LR,std,6,6,0.001,20,none,0.9963770833,1,1,0,0,-7.545280933,42.85116577,-18.43879128,0.4742500782,77.82642694,0,0,-54.57804871,49.37255859,-111.4952621,0.2087499797,76.24762063,14.23001289,2.089421034,0.9595281482,300,400,1200,1082
LR,std,6,6,0.001,21,none,0.9969125,1,1,0,0,-7.78695488,43.4010582,-19.44792938,0.4720000923,78.22936597,0,0,-54.63030243,51.37403107,-91.22943878,0.2087499499,76.54896202,14.50874138,2.092870474,0.9751814008,300,400,1200,1005
LR,std,6,6,0.001,22,none,0.9965416667,1,1,0,0,-8.548745155,43.68700409,-17.83883095,0.4697500765,78.1025869,0,0,-54.02151489,51.99589539,-94.42311096,0.2132499814,78.13843902,14.79740715,2.132684946,0.9648404121,300,400,1200,919
LR,std,6,6,0.001,23,none,0.9970354167,1,1,0,0,-9.207522392,45.70736694,-21.06572723,0.4712501168,76.96340405,0,0,-55.52518463,53.17974091,-110.0039062,0.206499964,78.43090014,15.0287447,2.127651453,0.9703348875,300,400,1200,986
LR,std,6,6,0.001,24,none,0.99665625,1,1,0,0,-9.187870026,44.80044174,-18.05982018,0.4645001292,77.48822432,0,0,-55.91867447,53.33586502,-105.812645,0.2004999667,80.15511558,15.37546539,2.163208961,0.9954596758,300,400,1200,898
LR,std,6,6,0.001,25,none,0.996575,1,1,0,0,-9.733657837,45.60884094,-21.7928009,0.4690001607,78.32802758,0,0,-54.65389633,53.24267197,-98.78097534,0.1959999651,79.19171245,15.57779408,2.130773783,1.010325551,300,400,1200,875
LR,std,6,6,0.001,26,none,0.9966916667,1,1,0,0,-8.861813545,44.73190308,-18.18353653,0.4705000818,79.01632241,0,0,-60.28027344,54.18185806,-115.1128159,0.1914999634,79.34315209,15.9395256,2.202163458,1.003797412,300,400,1200,857
LR,std,6,6,0.001,27,none,0.99691875,1,1,0,0,-8.792637825,45.21712875,-19.63159943,0.4675000608,78.95241801,0,0,-58.44563293,53.2076683,-103.6282349,0.1884999573,75.99272067,16.16279984,2.186572075,1.013048172,300,400,1200,872
LR,std,6,6,0.001,28,none,0.99689375,1,1,0,0,-8.65383625,46.92316437,-20.00492477,0.4705000818,78.94120907,0,0,-58.55961609,55.98553467,-127.5565948,0.1899999529,78.24440703,16.44452667,2.235989809,0.9869940877,300,400,1200,993
LR,std,6,6,0.001,29,none,0.99714375,1,1,0,0,-10.1323967,47.5030098,-23.03600693,0.4660001099,79.20486867,0,0,-56.78907776,58.13272858,-118.55336,0.206499964,78.5676525,16.70816422,2.229764938,1.050194263,300,400,1200,1035
LR,std,6,6,0.001,30,none,0.99683125,1,1,0,0,-9.715547562,48.57989883,-21.54155731,0.4682501256,79.54401676,0,0,-59.26422501,57.14910889,-136.8078766,0.1914999634,76.72804956,17.10346031,2.249722958,1.000632167,300,400,1200,881
LR,std,6,6,0.001,31,none,0.9971416667,1,1,0,0,-10.27817917,48.51685333,-23.67708778,0.4600001276,79.17989077,0,0,-57.30885696,57.51034164,-104.8723984,0.2094999701,77.85128715,17.27436829,2.24016571,1.031416893,300,400,1200,1107
LR,std,6,6,0.001,32,none,0.9969708333,1,1,0,0,-9.93459034,48.10115433,-20.01791,0.4652500451,79.80420061,0,0,-57.52833557,58.39953995,-120.8806534,0.2049999833,80.44969409,17.52079773,2.287862062,1.059721231,300,400,1200,1007
LR,std,6,6,0.001,33,none,0.9972229167,1,1,0,0,-10.12315178,47.97818756,-23.3652935,0.4607501328,79.240701,0,0,-63.68688202,59.16368484,-113.1303787,0.1989999712,77.7447595,17.77093124,2.241623402,1.01891315,300,400,1200,1049
LR,std,6,6,0.001,34,none,0.9970354167,1,1,0,0,-10.47095299,48.4522171,-22.94601059,0.4645001292,79.41710464,0,0,-59.45951843,60.80763245,-130.8362885,0.2124999613,77.23434088,18.06170845,2.292901516,1.041138887,300,300,1200,980
LR,std,6,6,0.001,35,none,0.9972770833,1,1,0,0,-10.77873325,49.38061523,-22.22862053,0.4667500854,79.25714099,0,0,-62.95362854,60.98963928,-117.6243286,0.2019999772,75.53169542,18.21813202,2.258957624,1.05046308,300,400,1200,1013
LR,std,6,6,0.001,36,none,0.9971083333,1,1,0,0,-11.44456291,49.46159363,-23.49695778,0.4585001171,79.71128989,0,0,-60.04399109,59.9400444,-120.7411499,0.2162499726,79.45527692,18.52906609,2.285084248,1.044454455,300,300,1200,981
LR,std,6,6,0.001,37,none,0.9971604167,1,1,0,0,-10.88361645,50.59749603,-23.06928825,0.4622501135,78.78582624,0,0,-65.49409485,60.64853287,-117.8987045,0.1959999651,77.95342972,18.68924713,2.258083344,1.053254008,300,300,1200,1065
LR,std,6,6,0.001,38,none,0.9972958333,1,1,0,0,-11.58940601,49.26405334,-24.44800186,0.4622500837,79.61974113,0,0,-59.69503403,63.16662979,-128.2612,0.2162499726,73.23631835,18.96508217,2.313713789,1.036444902,300,300,1200,1058
LR,std,6,6,0.001,39,none,0.99736875,1,1,0,0,-11.34497261,50.52068329,-23.68378639,0.4622501135,79.17875083,0,0,-69.07289886,61.56765747,-129.7805023,0.1922499686,75.17393294,19.09473228,2.267160892,1.058730721,200,400,1200,1093
LR,std,6,6,0.001,40,none,0.9973916667,1,1,0,0,-11.26307964,51.47349167,-23.30372238,0.4615001678,79.13221795,0,0,-63.64444733,62.88273239,-136.9807587,0.2019999772,79.47211905,19.27467728,2.330158234,1.089629173,300,300,1200,929
LR,std,6,6,0.001,41,none,0.997175,1,1,0,0,-11.83654022,52.08236313,-24.76384926,0.4630000889,79.84569239,0,0,-65.83517456,64.23161316,-117.8050842,0.1989999861,74.21230511,19.59087372,2.315732956,1.107964754,300,400,1200,979
LR,std,6,6,0.001,42,none,0.9974645833,1,1,0,0,-11.0853548,52.59852982,-25.35425568,0.4675001204,79.21593506,0,0,-65.66962433,63.00702667,-132.395401,0.1892499626,79.25449746,19.74734116,2.310693026,1.097436309,300,400,1200,1074
LR,std,6,6,0.001,43,none,0.9975895833,1,1,0,0,-11.40634346,51.68371582,-25.74900818,0.4607501328,79.6930826,0,0,-66.39650726,62.79356003,-120.8538589,0.1989999861,75.89750775,19.96775055,2.288142443,1.120634794,300,300,1200,1002
LR,std,6,6,0.001,44,none,0.9972145833,1,1,0,0,-12.15442371,53.08441544,-27.01272774,0.4630000889,80.08647841,0,0,-65.68140411,65.33398438,-168.3771667,0.2094999701,70.57619212,20.09738731,2.306256771,1.151713848,300,300,1200,1032
LR,std,6,6,0.001,45,none,0.9975458333,1,1,0,0,-12.40635872,52.82924271,-25.37489891,0.4622500837,79.21447019,0,0,-67.32992554,65.57758331,-132.3080444,0.2004999816,74.34984276,20.3737011,2.316167593,1.154503226,300,400,1200,1094
LR,std,6,6,0.001,46,none,0.99746875,1,1,0,0,-11.61586761,55.15742874,-25.43224335,0.4697501361,79.63362273,0,0,-69.77755737,66.73325348,-163.9217224,0.1914999634,69.41072423,20.46967888,2.337012291,1.157144189,300,300,1200,1141
LR,std,6,6,0.001,47,none,0.9974020833,1,1,0,0,-11.64025116,55.69266129,-28.7400074,0.4570001364,78.78074278,0,0,-72.2612915,67.69654083,-146.0386047,0.1854999661,72.06923869,20.84022903,2.331192493,1.171969175,300,400,1200,1000
LR,std,6,6,0.001,48,none,0.9974854167,1,1,0,0,-11.70385647,55.37408829,-27.32595825,0.4645001292,79.08138833,0,0,-73.29541779,67.7035675,-162.0553741,0.1967499703,72.30754442,20.87470818,2.318463326,1.199287176,300,300,1200,1059
LR,std,6,6,0.001,49,none,0.9974083333,1,1,0,0,-12.59718132,55.87813187,-24.71084976,0.4630000889,78.82277702,0,0,-75.14359283,69.45484161,-151.2198486,0.1764999628,75.89366505,21.16379356,2.315013409,1.206858754,300,300,1200,970
LR,std,6,6,0.001,50,none,0.9974,1,1,0,0,-12.55105209,55.37867737,-25.7673912,0.4630000889,79.66070121,0,0,-65.60466003,68.07330322,-150.5995941,0.2169999778,78.18337397,21.48934937,2.334904432,1.20371151,300,300,1200,995
LR,std,7,7,0.001,1,none,0.9814104167,1,1,0,0,-1.880218148,16.96611023,-6.833805561,0.4967500865,72.69406416,0,0,-7.627387047,13.24009609,-18.03999138,0.3482500911,76.54420227,3.732453108,1.004415631,1.272811532,1900,2000,1200,503
LR,std,7,7,0.001,2,none,0.97910625,1,1,0,0,-3.146011591,23.63629723,-11.32228947,0.4975001216,75.33946678,0,0,-21.38180542,20.42026711,-36.81703949,0.2139999717,75.65317017,5.596936703,1.274149776,1.336051226,1500,1800,1195,905
LR,std,7,7,0.001,3,none,0.9876083333,1,1,0,0,-3.888098717,26.02626228,-12.0322113,0.4892500937,76.6205394,0,0,-24.8467083,24.47348022,-46.18241119,0.2124999762,69.22131596,6.607224464,1.417953491,1.215884924,1000,1300,1200,671
LR,std,7,7,0.001,4,none,0.9899791667,1,1,0,0,-4.759833813,28.77865601,-15.0788908,0.487750113,77.19912998,0,0,-28.35389328,27.59968948,-42.58935165,0.217749998,71.90715999,7.558065891,1.525543332,1.164216161,800,1100,1200,741
LR,std,7,7,0.001,5,none,0.99221875,1,1,0,0,-5.039073944,29.7385006,-14.27563667,0.4847500622,77.51661833,0,0,-32.56340408,31.28177452,-53.65296173,0.2132499516,75.9179376,8.268399239,1.599424958,1.099879742,600,900,1200,844
LR,std,7,7,0.001,6,none,0.99376875,1,1,0,0,-5.409276009,32.84211349,-17.50218391,0.4810001254,77.79217323,0,0,-34.39228439,33.5590477,-64.58132172,0.2109999955,76.90283087,8.894943237,1.682374358,1.021687031,600,800,1198,1031
LR,std,7,7,0.001,7,none,0.9935791667,1,1,0,0,-5.561242104,32.92801666,-18.16737938,0.4802500904,77.92279092,0,0,-38.84513855,36.57910156,-64.14865112,0.2027499676,80.29100068,9.468248367,1.730973959,0.9949018955,500,800,1200,792
LR,std,7,7,0.001,8,none,0.99403125,1,1,0,0,-5.676496983,34.0512085,-18.97525024,0.4825001061,77.79652749,0,0,-38.38120651,36.78227234,-61.62836075,0.2079999596,80.16404502,10.01608086,1.827617645,0.9252497554,500,600,1200,734
LR,std,7,7,0.001,9,none,0.9945645833,1,1,0,0,-5.290086269,34.35941315,-15.79605675,0.487000078,78.76988079,0,0,-39.34494781,38.41914749,-63.67940903,0.2147499919,77.09115256,10.52399921,1.865509272,0.9453077912,400,600,1200,823
LR,std,7,7,0.001,10,none,0.9952875,1,1,0,0,-6.658294201,35.98443985,-21.46745491,0.4735001326,78.0132267,0,0,-41.58110046,41.07801819,-76.32540894,0.2094999552,76.19263382,10.98463726,1.923322678,0.9502886534,400,500,1200,779
LR,std,7,7,0.001,11,none,0.995675,1,1,0,0,-7.304604053,36.48608017,-19.06616402,0.4705000818,78.39326623,0,0,-45.32638931,43.96380615,-68.16356659,0.2267499864,74.75494688,11.42265224,1.943091512,0.9458101988,400,500,1200,1014
LR,std,7,7,0.001,12,none,0.9955625,1,1,0,0,-6.325161934,38.41949463,-17.9611187,0.4750001132,78.27435186,0,0,-45.14651489,43.79945755,-84.38380432,0.2094999701,80.63760778,11.85197735,1.995611906,0.9756227732,300,500,1200,1034
LR,std,7,7,0.001,13,none,0.99591875,1,1,0,0,-7.249132633,38.26387787,-19.61417961,0.4667500854,79.09746508,0,0,-46.19088745,43.88967133,-74.15117645,0.2117499858,81.26121889,12.20304012,2.01401782,0.9624994993,400,500,1200,952
LR,std,7,7,0.001,14,none,0.9960875,1,1,0,0,-7.234070778,39.7561264,-19.72079086,0.4742501378,78.5271855,0,0,-46.43400192,46.08687973,-90.09315491,0.22299999,80.37492736,12.62341309,2.034445763,0.9497638345,300,400,1200,983
LR,std,7,7,0.001,15,none,0.9961125,1,1,0,0,-7.862060547,40.66713333,-21.65672302,0.4720001221,78.9352952,0,0,-46.78437424,47.1271553,-80.49836731,0.2207499743,72.69805344,12.95528603,2.051371098,0.9670495987,300,500,1200,909
LR,std,7,7,0.001,16,none,0.9960229167,1,1,0,0,-7.136446953,41.57828522,-21.44773865,0.4832501411,78.04055215,0,0,-53.42956161,49.49604797,-91.72337341,0.1959999651,72.33168441,13.34699154,2.071141481,0.9673264027,400,400,1200,1093
LR,std,7,7,0.001,17,none,0.9961979167,1,1,0,0,-7.933149815,40.41304779,-22.45251274,0.463750124,78.90073504,0,0,-50.28801727,49.96147537,-77.56329346,0.2169999778,79.60275857,13.61488724,2.114910841,0.9917986989,400,400,1200,1017
LR,std,7,7,0.001,18,none,0.9963708333,1,1,0,0,-8.261162758,42.38944626,-20.88336945,0.4735001326,78.94178273,0,0,-52.37182236,50.42075348,-97.81036377,0.2094999701,77.57549556,14.04179478,2.144160271,1.003849745,300,500,1200,883
LR,std,7,7,0.001,19,none,0.99639375,1,1,0,0,-8.957536697,42.81163788,-20.79951859,0.4592500925,78.80985044,0,0,-52.78473663,52.51698303,-88.35799408,0.2124999613,71.5770142,14.27276039,2.136727333,1.026621222,400,400,1200,1002
LR,std,7,7,0.001,20,none,0.9964770833,1,1,0,0,-9.250714302,42.6598053,-20.32274437,0.4675001204,78.42462837,0,0,-53.84039688,53.37869263,-101.6270447,0.2147499621,76.59755141,14.62612629,2.172344685,1.015282273,300,400,1200,925
LR,std,7,7,0.001,21,none,0.99655,1,1,0,0,-9.592106819,45.49863815,-22.93144989,0.4585000575,78.26065499,0,0,-57.5842514,54.81657028,-92.6664505,0.2027499825,74.17315291,14.91410351,2.19754982,1.026277304,300,400,1200,1100
LR,std,7,7,0.001,22,none,0.9966916667,1,1,0,0,-9.27453804,44.71909332,-23.02643585,0.4682501256,77.73464055,0,0,-55.11769485,54.26643753,-103.1884308,0.2117499709,74.11144739,15.29058075,2.227195024,1.024147391,400,400,1200,1076
LR,std,7,7,0.001,23,none,0.996475,1,1,0,0,-9.27576828,45.57623291,-21.08434296,0.4630000889,77.79241736,0,0,-60.69558716,55.37891388,-104.8073883,0.2019999474,74.26996059,15.4497366,2.241054773,0.9984784722,400,500,1200,840
LR,std,7,7,0.001,24,none,0.9965541667,1,1,0,0,-9.193042755,44.17493439,-21.89029121,0.4705000818,78.97270158,0,0,-55.25190735,53.63959503,-103.4631958,0.2109999657,76.42301281,15.76891899,2.236647367,1.040174365,300,400,1200,1096
LR,std,7,7,0.001,25,none,0.9969270833,1,1,0,0,-10.38137722,45.85469818,-23.25598335,0.4592500925,78.62987141,0,0,-54.87955093,57.36343002,-95.15541077,0.2019999772,76.6413187,15.9931612,2.272226572,1.028742194,300,400,1200,940
LR,std,7,7,0.001,26,none,0.9967083333,1,1,0,0,-10.29607487,46.92818451,-22.82238007,0.463750124,78.92640039,0,0,-59.51950836,55.68144608,-108.2418976,0.1907499731,80.82160007,16.28869629,2.238033533,1.061623812,300,400,1200,1095
LR,std,7,7,0.001,27,none,0.9966375,1,1,0,0,-10.79356766,46.17464066,-21.93198204,0.4600001276,79.49284251,0,0,-58.20980453,57.86214066,-95.53491211,0.217749998,78.6193492,16.48105812,2.252681017,1.063577175,300,300,1200,848
LR,std,7,7,0.001,28,none,0.99684375,1,1,0,0,-10.83669472,47.43553925,-23.03549194,0.4585001171,79.70076179,0,0,-61.11531448,57.20056152,-98.93890381,0.1967499703,78.52246037,16.81074142,2.281591415,1.07690382,300,400,1200,1090
LR,std,7,7,0.001,29,none,0.9970166667,1,1,0,0,-10.5133152,47.33320236,-22.75344086,0.4555000961,79.66826018,0,0,-55.85495758,57.83934021,-100.7070084,0.2109999955,81.25404336,17.07167053,2.265002489,1.085076928,300,400,1200,1062
LR,std,7,7,0.001,30,none,0.9969083333,1,1,0,0,-10.03329468,48.03030014,-22.24679375,0.4607501328,79.30683028,0,0,-62.95423889,59.31484222,-113.2995377,0.1937499642,77.41831669,17.30982208,2.295102358,1.093094349,300,400,1200,940
LR,std,7,7,0.001,31,none,0.9970041667,1,1,0,0,-10.80748749,48.11842346,-24.51848602,0.4540001154,80.00748374,0,0,-61.48614883,58.65490341,-115.3283081,0.2027499676,77.71243991,17.5133934,2.28041482,1.081868052,300,300,1200,1112
LR,std,7,7,0.001,32,none,0.9970479167,1,1,0,0,-10.97421169,48.75114059,-26.00369644,0.4592500925,79.02011728,0,0,-61.76270294,60.60745621,-120.5525055,0.1937499493,78.17827749,17.77991867,2.281232119,1.113955855,300,300,1200,1080
LR,std,7,7,0.001,33,none,0.997,1,1,0,0,-11.1580925,48.8475647,-24.09228516,0.4517501295,79.49241617,0,0,-60.92651749,61.08039856,-113.8971939,0.209499985,77.625319,17.96846771,2.286424875,1.143698812,300,400,1200,1066
LR,std,7,7,0.001,34,none,0.9971395833,1,1,0,0,-12.32453823,50.95602798,-26.13850021,0.4577501118,79.53789642,0,0,-57.86865997,61.1161499,-116.2724915,0.2244999707,73.72073865,18.26329994,2.31560111,1.147042632,300,400,1200,973
LR,std,7,7,0.001,35,none,0.9971229167,1,1,0,0,-10.99939632,50.33269501,-24.39043045,0.4562501013,79.83611518,0,0,-62.50111008,62.83600998,-117.2482605,0.2042499781,75.72850888,18.43116951,2.336435795,1.143370509,300,400,1200,1090
LR,std,7,7,0.001,36,none,0.9972083333,1,1,0,0,-10.13220882,49.78134155,-25.42937469,0.4622500837,80.0822665,0,0,-62.41483688,61.91491318,-122.9724731,0.1997499764,77.96018268,18.66738892,2.336354971,1.143188596,300,400,1200,1088
LR,std,7,7,0.001,37,none,0.9972979167,1,1,0,0,-11.93638229,51.8062973,-23.05477333,0.45325014,79.62379446,0,0,-61.69420242,60.97682571,-120.4480591,0.2072499692,75.52487619,18.81424904,2.309689283,1.136488795,300,300,1200,1026
LR,std,7,7,0.001,38,none,0.9973729167,1,1,0,0,-12.47912598,52.15253448,-32.85366058,0.4532500803,79.97823384,0,0,-58.52697372,62.54415512,-124.4267731,0.2064999938,73.44867981,19.15621758,2.373750448,1.149940014,300,300,1200,1021
LR,std,7,7,0.001,39,none,0.9973729167,1,1,0,0,-12.16058159,52.38494873,-25.76457977,0.4442501068,79.90249283,0,0,-61.18014526,62.87724686,-116.9182816,0.2169999778,71.34197126,19.34739685,2.322168827,1.167242765,300,300,1200,1081
LR,std,7,7,0.001,40,none,0.9971708333,1,1,0,0,-11.56365585,53.20620728,-29.57873154,0.4547501802,80.2612577,0,0,-65.68704987,64.80088043,-121.667038,0.2012499869,74.913887,19.55728722,2.365938902,1.169574499,300,400,1200,1095
LR,std,7,7,0.001,41,none,0.9974458333,1,1,0,0,-13.08204651,52.27303314,-28.68888664,0.4480001032,79.7416614,0,0,-64.2455368,64.04262543,-119.331749,0.2027499676,75.55872136,19.81053162,2.353939533,1.145433664,200,300,1200,1087
LR,std,7,7,0.001,42,none,0.99735625,1,1,0,0,-11.94588757,52.59365082,-25.66153145,0.4540001154,79.75792711,0,0,-64.14900208,65.74427032,-119.0503693,0.2109999955,75.70936723,19.99586868,2.404307604,1.190912008,300,300,1200,1073
LR,std,7,7,0.001,43,none,0.9975458333,1,1,0,0,-12.44427109,53.88711166,-26.66671371,0.4502500594,80.09195957,0,0,-67.73868561,67.70736694,-119.489769,0.2019999772,72.60890874,20.24334145,2.357287169,1.20956862,300,400,1200,868
LR,std,7,7,0.001,44,none,0.99723125,1,1,0,0,-12.42976379,53.82184982,-28.73066139,0.4495000839,79.58265189,0,0,-64.01160431,66.56259155,-126.574913,0.2109999955,76.51655497,20.41073799,2.349186659,1.227996826,300,400,1200,989
LR,std,7,7,0.001,45,none,0.9973083333,1,1,0,0,-13.24732304,54.17879868,-28.18927765,0.4495001435,79.89456954,0,0,-69.194664,65.45492554,-119.3826828,0.2012499869,75.0559761,20.68523407,2.364981651,1.233067036,300,300,1200,1019
LR,std,7,7,0.001,46,none,0.9973104167,1,1,0,0,-12.82777977,53.98197937,-28.13902473,0.4525001049,80.7648449,0,0,-63.1361084,64.88409424,-117.1103134,0.1997499615,75.51580992,20.88833046,2.388725758,1.25328815,300,300,1200,899
LR,std,7,7,0.001,47,none,0.9976083333,1,1,0,0,-15.73581409,54.05768967,-27.86824608,0.4442501068,79.75181949,0,0,-67.43571472,66.23132324,-116.5289612,0.1967499852,74.92274075,21.03639984,2.367013454,1.227346301,300,500,1200,985
LR,std,7,7,0.001,48,none,0.9974166667,1,1,0,0,-14.11475086,56.36369705,-30.54164696,0.4487501085,78.97896762,0,0,-70.21381378,67.7767868,-134.4594116,0.1884999573,77.78154758,21.2597599,2.365339279,1.262099981,300,400,1200,1091
LR,std,7,7,0.001,49,none,0.9974416667,1,1,0,0,-15.00317097,56.12487793,-29.51584053,0.4480001032,79.8499859,0,0,-66.99499512,69.33634949,-173.6364899,0.2027499825,76.60210751,21.39080238,2.365546465,1.26104331,300,400,1200,1031
LR,std,7,7,0.001,50,none,0.9975395833,1,1,0,0,-14.72787476,55.86193466,-32.11320114,0.4487501085,79.59519127,0,0,-66.45037842,68.64466858,-142.9905396,0.2049999833,75.33001255,21.61996269,2.376830101,1.287121177,300,400,1200,1025
LR,std,8,8,0.001,1,none,0.98105625,1,1,0,0,-1.699763417,17.34164238,-7.949130058,0.5057501197,72.38960212,0,0,-9.239178658,14.12604523,-19.61858559,0.3302500844,75.97993022,3.788887024,1.012984157,1.325615525,1400,2100,1200,500
LR,std,8,8,0.001,2,none,0.9805958333,1,1,0,0,-3.456598282,25.09811592,-12.48249912,0.4982501268,74.28883355,0,0,-25.13942719,22.40116119,-41.50679779,0.2027499676,77.42819141,5.577061653,1.300027013,1.391408682,1800,1900,1200,865
LR,std,8,8,0.001,3,none,0.9871979167,1,1,0,0,-3.163481474,26.01835251,-11.56461811,0.4960001111,76.46652643,0,0,-29.54346657,25.23925591,-52.74728775,0.2080000043,77.44419732,6.710850716,1.424233675,1.289432168,900,2000,1200,855
LR,std,8,8,0.001,4,none,0.9899770833,1,1,0,0,-4.211418152,28.85135841,-13.02616596,0.490750134,76.72728451,0,0,-31.93918037,28.6512928,-54.54998779,0.1952499747,76.07118509,7.58363533,1.534579992,1.215302706,900,1100,1200,700
LR,std,8,8,0.001,5,none,0.9923666667,1,1,0,0,-4.666444778,30.48795128,-14.41997433,0.4892500937,77.15311829,0,0,-34.49432373,32.80390167,-62.14506531,0.2162499726,78.26948704,8.260990143,1.619827509,1.163321614,600,800,1200,783
LR,std,8,8,0.001,6,none,0.99244375,1,1,0,0,-4.901182652,32.20699692,-15.76617432,0.4847501218,77.79539285,0,0,-36.94470215,34.62521362,-57.51955795,0.206499964,75.34534626,8.97287941,1.696008325,1.102422833,600,700,1200,696
LR,std,8,8,0.001,7,none,0.9933291667,1,1,0,0,-5.557250977,33.00297928,-15.23569489,0.4810000658,78.17879265,0,0,-40.29322052,35.71789932,-62.82145309,0.2004999667,77.12975337,9.475532532,1.766237855,1.035340786,600,700,1200,949
LR,std,8,8,0.001,8,none,0.994325,1,1,0,0,-5.828931808,34.71258163,-16.19770813,0.4802500904,78.33188782,0,0,-38.6079483,37.20620346,-71.34573364,0.2184999883,78.80528439,9.977105141,1.822650194,1.022925019,500,600,1200,705
LR,std,8,8,0.001,9,none,0.9947145833,1,1,0,0,-6.673509598,35.44884491,-18.33221054,0.4810000658,78.61441957,0,0,-42.2576828,39.16564178,-71.97781372,0.2207499743,73.84087252,10.47064018,1.868281007,1.025346041,500,600,1200,965
LR,std,8,8,0.001,10,none,0.9952270833,1,1,0,0,-6.486552238,36.6089325,-15.12532902,0.4772500694,78.53257255,0,0,-43.84063721,41.05371857,-69.84319305,0.2079999596,79.4452943,10.94946957,1.897448778,1.019021153,400,500,1200,1008
LR,std,8,8,0.001,11,none,0.9949666667,1,1,0,0,-6.645153999,36.8775444,-17.66413498,0.4817501009,78.97351374,0,0,-45.61620712,41.95520782,-73.37343597,0.2154999822,74.09001575,11.34653473,1.960944295,0.9943751693,500,500,1200,1065
LR,std,8,8,0.001,12,none,0.99543125,1,1,0,0,-6.756976604,39.50191116,-18.66747856,0.4765000939,79.27999929,0,0,-45.44793701,43.95376968,-77.66825867,0.2124999762,80.29265168,11.87822056,1.998125792,0.9733180404,400,500,1200,728
LR,std,8,8,0.001,13,none,0.9957729167,1,1,0,0,-8.352887154,39.41030502,-18.14915657,0.4705000818,79.71163329,0,0,-49.42413712,45.61429214,-81.21819305,0.206499964,75.26881784,12.24341869,2.01290226,0.9609048367,400,500,1200,849
LR,std,8,8,0.001,14,none,0.99586875,1,1,0,0,-7.241624355,40.10821533,-20.32192039,0.4780001044,79.18267028,0,0,-49.14913177,47.38973236,-82.26284027,0.2094999701,82.20314844,12.60748005,2.043339014,0.9603353143,400,400,1200,835
LR,std,8,8,0.001,15,none,0.99610625,1,1,0,0,-8.09450531,40.86159134,-16.89500618,0.4765001535,79.42233889,0,0,-49.27939224,46.88396835,-80.9908905,0.2087499797,78.1010994,12.90186501,2.063971758,0.9940226674,400,500,1200,1054
LR,std,8,8,0.001,16,none,0.9958,1,1,0,0,-7.462732792,41.60866547,-20.96025085,0.4757501483,79.13347249,0,0,-52.13405609,48.28295898,-86.30135345,0.2079999596,77.80366958,13.24177361,2.093380213,1.01863873,300,500,1200,1034
LR,std,8,8,0.001,17,none,0.99611875,1,1,0,0,-8.391016006,42.87275696,-17.98840141,0.4697501659,79.33007894,0,0,-53.51170349,49.91088867,-94.78187561,0.1967499703,75.45756734,13.63757515,2.123893976,1.043861985,300,400,1200,772
LR,std,8,8,0.001,18,none,0.9960958333,1,1,0,0,-8.20686245,42.8909111,-21.73560143,0.4720001221,79.66174563,0,0,-55.73133469,50.47582245,-77.41771698,0.2019999772,80.72774076,13.89184761,2.125626802,1.0686059,400,400,1200,812
LR,std,8,8,0.001,19,none,0.9962041667,1,1,0,0,-9.040047646,43.24176407,-18.26861382,0.4682501256,79.22938804,0,0,-57.42012405,52.00421524,-104.4733124,0.1922499686,80.51403545,14.25482464,2.158311129,1.042650938,300,400,1200,863
LR,std,8,8,0.001,20,none,0.9961979167,1,1,0,0,-8.13963604,44.43880844,-22.72432518,0.4750001132,79.44451972,0,0,-57.50293732,52.96725845,-95.10819244,0.1982499659,80.12221882,14.54878521,2.148380995,1.046631455,400,500,1200,1106
LR,std,8,8,0.001,21,none,0.9965375,1,1,0,0,-9.496564865,44.60556412,-19.16663551,0.4675001204,79.69946762,0,0,-59.1264534,52.94690323,-106.3278275,0.1952499747,77.17905926,14.78637981,2.195120096,1.033395767,300,400,1200,1071
LR,std,8,8,0.001,22,none,0.9962541667,1,1,0,0,-8.500411034,44.8589592,-25.89791489,0.4712501168,80.27399921,0,0,-55.71741486,52.83165741,-86.73858643,0.2132499814,76.36741323,15.20390415,2.167448521,1.069354892,400,400,1200,955
LR,std,8,8,0.001,23,none,0.996625,1,1,0,0,-9.401461601,45.3516922,-19.7532196,0.4682501256,79.99168547,0,0,-56.76281357,54.0472641,-88.29668427,0.198249951,76.97010477,15.39055824,2.17570138,1.050323129,300,400,1200,950
LR,std,8,8,0.001,24,none,0.9966666667,1,1,0,0,-9.282877922,45.57192612,-23.65536308,0.4675001204,80.06013054,0,0,-58.01083374,54.82542038,-95.73924255,0.2057499588,77.14162549,15.74884796,2.183890104,1.08121109,400,400,1200,902
LR,std,8,8,0.001,25,none,0.9967395833,1,1,0,0,-10.43983078,47.1741333,-21.82155228,0.463750124,79.97110052,0,0,-57.9173584,54.50800323,-95.71708679,0.2102499753,74.6472518,16.10428047,2.203747749,1.083469868,400,400,1200,980
LR,std,8,8,0.001,26,none,0.9968583333,1,1,0,0,-9.572144508,47.26449585,-23.73386383,0.4675001204,80.02018106,0,0,-60.19459152,57.23139191,-101.8585281,0.2027499527,75.81145336,16.28522873,2.229581118,1.123174667,300,400,1200,958
LR,std,8,8,0.001,27,none,0.9970520833,1,1,0,0,-10.77983189,46.73364258,-21.62059975,0.4615001082,79.9304936,0,0,-53.71937561,57.73812103,-99.74677277,0.2297499925,82.27942954,16.56921768,2.226689577,1.091219664,300,400,1200,916
LR,std,8,8,0.001,28,none,0.9968208333,1,1,0,0,-9.690331459,47.02743149,-23.32019806,0.4667500854,80.58456637,0,0,-55.95183563,57.58204269,-91.22362518,0.2192499787,82.33875913,16.82470894,2.22704196,1.12244916,300,500,1200,917
LR,std,8,8,0.001,29,none,0.99705625,1,1,0,0,-10.42996502,48.64484787,-24.02872467,0.4645001292,80.34405649,0,0,-64.11691284,57.31287766,-118.5122299,0.1922499686,79.90758558,17.05934525,2.224841356,1.105796456,300,400,1200,1002
LR,std,8,8,0.001,30,none,0.99695625,1,1,0,0,-11.3891592,49.46899033,-22.12441063,0.4592500925,80.54823731,0,0,-62.0776825,58.13962173,-105.9121704,0.2124999762,81.82293555,17.37002182,2.231179953,1.124410152,300,400,1200,1082
LR,std,8,8,0.001,31,none,0.9968416667,1,1,0,0,-11.05786514,48.48637009,-22.17471123,0.463750124,80.41996067,0,0,-62.75150681,58.53183746,-121.1466827,0.2027499676,75.75679801,17.60103989,2.240954399,1.151175737,300,400,1200,1090
LR,std,8,8,0.001,32,none,0.9969,1,1,0,0,-10.69624329,50.50209045,-25.0683403,0.4652501047,79.96323803,0,0,-61.53403091,58.5595665,-117.2585983,0.2087499797,75.88533052,17.81717491,2.272941828,1.153294802,300,300,1200,1078
LR,std,8,8,0.001,33,none,0.99716875,1,1,0,0,-10.62558746,48.63504791,-22.68570709,0.4705000818,79.69956035,0,0,-64.89163208,58.91440964,-142.2618103,0.19599998,77.8922797,18.05864525,2.25406146,1.154753685,300,400,1200,866
LR,std,8,8,0.001,34,none,0.9970833333,1,1,0,0,-10.40237999,49.74481964,-25.41417503,0.4652501047,80.35033135,0,0,-65.03601074,59.98881531,-106.5577316,0.1974999756,78.87822275,18.27883339,2.305811882,1.179852009,300,300,1200,1123
LR,std,8,8,0.001,35,none,0.9972145833,1,1,0,0,-11.69018936,49.88335037,-26.5204525,0.4630000889,80.6227454,0,0,-66.20264435,58.80946732,-119.5927353,0.1899999827,77.79083966,18.55302238,2.274131536,1.173380852,300,300,1200,1056
LR,std,8,8,0.001,36,none,0.99730625,1,1,0,0,-11.97011375,51.66384125,-24.78671265,0.4592500925,80.1334531,0,0,-61.67049026,62.22305679,-134.3284302,0.192999959,80.8182586,18.76420975,2.29577446,1.170124769,300,300,1200,1093
LR,std,8,8,0.001,37,none,0.9970270833,1,1,0,0,-12.05419636,51.58375931,-23.03513527,0.4585000575,80.83710248,0,0,-64.41590881,62.75361633,-125.1772308,0.1959999651,76.91595497,18.94221687,2.289271116,1.160213947,300,400,1200,1052
LR,std,8,8,0.001,38,none,0.9972625,1,1,0,0,-12.27046871,52.40359116,-27.47063828,0.4562501013,80.7457454,0,0,-58.69774246,61.86365891,-107.921463,0.2252499908,79.64031261,19.17518234,2.325008869,1.174255967,300,500,1200,979
LR,std,8,8,0.001,39,none,0.9971833333,1,1,0,0,-12.69698143,52.08890915,-25.92300224,0.4577501118,81.09133352,0,0,-65.21443939,63.24892426,-113.1797714,0.2004999518,73.76379922,19.39650726,2.31709671,1.172691226,300,500,1200,1121
LR,std,8,8,0.001,40,none,0.9971979167,1,1,0,0,-12.61321354,53.45028687,-25.92815399,0.4562501013,80.50608161,0,0,-62.07863617,66.10175323,-105.9555359,0.2162500024,73.27559079,19.65560341,2.295979023,1.181834102,300,300,1200,1045
LR,std,8,8,0.001,41,none,0.997325,1,1,0,0,-13.42342281,53.66397476,-23.73106766,0.4502500892,80.09525379,0,0,-66.306427,64.80123138,-123.9615402,0.2139999717,73.49104191,19.82470894,2.31854558,1.205474496,300,400,1200,876
LR,std,8,8,0.001,42,none,0.9973291667,1,1,0,0,-12.02880192,54.38297272,-25.72865486,0.4510000646,80.46682984,0,0,-64.36248016,64.48055267,-132.9924164,0.2102499753,76.72823764,19.97889709,2.31896162,1.205909848,200,300,1200,941
LR,std,8,8,0.001,43,none,0.9975291667,1,1,0,0,-13.273139,53.1970253,-27.16707993,0.4570001364,80.91628108,0,0,-67.89997101,65.56555176,-111.4482956,0.2139999717,71.53540368,20.19194031,2.335531712,1.185432434,300,300,1200,1048
LR,std,8,8,0.001,44,none,0.9974125,1,1,0,0,-13.11304188,53.79676437,-26.26665115,0.4502501488,80.38795569,0,0,-69.16372681,66.57259369,-136.7339935,0.2079999745,76.73027357,20.37097931,2.310190439,1.195722222,300,300,1200,1121
LR,std,8,8,0.001,45,none,0.9973875,1,1,0,0,-13.11114979,53.46242142,-23.11172295,0.4517500997,80.97800034,0,0,-69.01317596,67.40512085,-133.8055725,0.2087499797,76.57332379,20.62919044,2.380479813,1.226063013,300,400,1200,1089
LR,std,8,8,0.001,46,none,0.9973333333,1,1,0,0,-12.99699593,54.69930267,-25.0657692,0.4487501085,79.83866869,0,0,-71.48242188,69.07959747,-151.0358582,0.2027499825,80.23454518,20.78930092,2.350454807,1.234885335,300,300,1200,1033
LR,std,8,8,0.001,47,none,0.9972604167,1,1,0,0,-13.43304443,55.84410477,-24.42701912,0.4510000646,80.28801239,0,0,-74.52207184,68.21057892,-142.7108459,0.1974999607,79.03617554,21.00406647,2.372272253,1.237102151,300,300,1200,1063
LR,std,8,8,0.001,48,none,0.9972666667,1,1,0,0,-12.15366745,53.03694153,-25.98212051,0.4562501013,80.44520507,0,0,-67.35681152,67.36833954,-140.4406128,0.2087499797,78.43645348,21.16531563,2.361887693,1.225370765,300,400,1200,1047
LR,std,8,8,0.001,49,none,0.9974708333,1,1,0,0,-13.51203632,55.92173767,-28.27838516,0.4517500997,80.93307342,0,0,-65.95021057,68.72237396,-132.6548004,0.2087499797,77.91638936,21.45247269,2.365626812,1.221095681,300,400,1200,1090
LR,std,8,8,0.001,50,none,0.9974041667,1,1,0,0,-13.31726837,55.04408264,-25.95669174,0.4502500892,80.38514285,0,0,-67.1550827,68.63814545,-151.1106873,0.2094999701,77.69069447,21.591259,2.35415864,1.250759125,300,400,1200,988
LR,std,9,9,0.001,1,none,0.9807270833,1,1,0,0,-1.614527702,18.06529427,-7.936010838,0.5102500916,72.48514097,0,0,-10.40424919,15.31754112,-19.57620239,0.3167500496,76.22176706,3.964938402,1.033186197,1.281714439,2700,2800,1200,955
LR,std,9,9,0.001,2,none,0.9788458333,1,1,0,0,-2.879657507,25.25467491,-10.30845356,0.5042501092,74.69008795,0,0,-26.69218445,23.04242706,-43.61542892,0.2027499676,75.7940459,5.808559418,1.319402456,1.370460987,1700,2500,1200,911
LR,std,9,9,0.001,3,none,0.98849375,1,1,0,0,-3.105656385,27.11554718,-12.09280109,0.4997501373,75.5206367,0,0,-29.99863625,27.41298676,-48.24645233,0.2027499676,77.3782189,6.710602283,1.425655127,1.266447306,1000,1200,1200,766
LR,std,9,9,0.001,4,none,0.9906020833,1,1,0,0,-3.133116722,28.54630661,-12.4422121,0.4975001216,76.61897625,0,0,-33.7091217,29.77342987,-54.86371994,0.1922499686,80.27551309,7.501061916,1.52963531,1.150336742,800,1000,1200,782
LR,std,9,9,0.001,5,none,0.9932458333,1,1,0,0,-4.279717922,30.9294548,-13.28436089,0.4967500865,76.87343982,0,0,-36.63644791,33.93247986,-64.11540222,0.2102499753,78.80151324,8.236990929,1.604851127,1.112304926,500,600,1200,1002
LR,std,9,9,0.001,6,none,0.9934041667,1,1,0,0,-4.563330173,31.38764381,-15.06545258,0.4900000989,77.52618935,0,0,-38.45564651,34.0854454,-62.46867371,0.1944999546,75.97568124,8.861292839,1.677312732,1.052231312,500,700,1200,933
LR,std,9,9,0.001,7,none,0.9943604167,1,1,0,0,-4.83873558,34.20541382,-13.47894764,0.4937501252,77.13713725,0,0,-40.17671967,37.31222153,-70.56884003,0.2102499604,74.96464286,9.371005058,1.743304968,1.011521459,400,700,1200,1000
LR,std,9,9,0.001,8,none,0.99438125,1,1,0,0,-5.552612782,34.05734634,-15.61238289,0.4832501411,77.86607478,0,0,-43.99009323,39.92678833,-80.18105316,0.1997499615,75.95335819,9.922816277,1.792092681,0.9917106032,500,600,1200,679
LR,std,9,9,0.001,9,none,0.99520625,1,1,0,0,-5.70584631,36.24714661,-13.91807842,0.4885001183,77.19352111,0,0,-46.90378189,41.53974915,-80.96038055,0.1974999607,80.57570015,10.39183235,1.847404003,0.9818379879,500,500,1200,1016
LR,std,9,9,0.001,10,none,0.9950208333,1,1,0,0,-5.212506771,36.35857773,-15.12561226,0.4900000989,78.53017217,0,0,-44.91767502,40.49554062,-79.08033752,0.1967499703,74.69314165,10.91558075,1.893943787,0.9623622298,500,600,1200,1007
LR,std,9,9,0.001,11,none,0.9952625,1,1,0,0,-5.993457794,38.38452911,-13.72602558,0.487000078,78.086929,0,0,-48.64894104,45.52630234,-78.05670929,0.1974999756,68.3328111,11.30113411,1.933494329,1.005411148,400,500,1200,1032
LR,std,9,9,0.001,12,none,0.9957104167,1,1,0,0,-6.098974705,39.0930748,-17.8907032,0.4922501147,78.5672313,0,0,-50.93268204,45.01699829,-94.26767731,0.2027499676,73.94802082,11.73212337,1.978259206,0.9868761897,400,400,1200,706
LR,std,9,9,0.001,13,none,0.9958895833,1,1,0,0,-6.204799175,38.96864319,-17.4371891,0.4840001166,78.0965123,0,0,-49.59103775,46.9004097,-97.57130432,0.2124999762,73.7825942,12.11824512,2.005239248,0.9648169875,400,500,1200,1024
LR,std,9,9,0.001,14,none,0.9954666667,1,1,0,0,-6.839995384,40.58255005,-15.86933994,0.4802500904,77.84809459,0,0,-51.90631485,48.23769379,-87.46789551,0.1967499852,80.55428514,12.44347095,2.02219367,0.9665544033,400,500,1200,949
LR,std,9,9,0.001,15,none,0.9961125,1,1,0,0,-6.853508472,40.96297455,-15.62689686,0.4832500815,77.54907657,0,0,-55.72689056,50.5147171,-93.80627441,0.1967499554,67.53138734,12.81187153,2.049686432,0.9818908572,400,500,1200,1086
LR,std,9,9,0.001,16,none,0.99620625,1,1,0,0,-6.69111681,41.3623085,-18.17967415,0.4832501411,78.37796535,0,0,-54.49411392,49.24708939,-89.62057495,0.1892499775,77.100298,13.11244869,2.067344904,0.9743492007,300,400,1200,771
LR,std,9,9,0.001,17,none,0.9966020833,1,1,0,0,-7.590603828,42.9257164,-20.85157204,0.4832501411,76.94816404,0,0,-59.41407776,53.07040787,-95.46516418,0.1907499731,75.59992775,13.42098236,2.095717907,0.996109128,300,400,1200,1066
LR,std,9,9,0.001,18,none,0.9962145833,1,1,0,0,-7.16892767,42.43878174,-19.39573288,0.4750001132,78.00642151,0,0,-52.90930939,50.33541489,-92.31111145,0.2019999772,78.46451071,13.69898319,2.072130203,1.012711406,300,600,1200,812
LR,std,9,9,0.001,19,none,0.9966208333,1,1,0,0,-7.148907185,45.16381836,-19.63101196,0.4795001447,77.71989225,0,0,-56.76361465,54.70850754,-100.5460739,0.2079999745,78.46672987,14.09379101,2.114880562,1.019908428,300,400,1200,1082
LR,std,9,9,0.001,20,none,0.9963770833,1,1,0,0,-7.921500683,42.78879929,-19.88796997,0.4705000818,78.18835035,0,0,-55.21413422,53.80055237,-102.3668594,0.2049999833,74.62914507,14.355546,2.11026144,1.025167227,300,500,1200,944
LR,std,9,9,0.001,21,none,0.9967583333,1,1,0,0,-7.858916283,44.2886467,-21.32899475,0.4795000851,76.78325353,0,0,-60.84215164,55.43104172,-104.7321014,0.2004999667,73.97843099,14.64569473,2.149421215,1.063708067,300,300,1200,1083
LR,std,9,9,0.001,22,none,0.9967270833,1,1,0,0,-8.668477058,45.22817612,-18.62130165,0.473500073,76.83430179,0,0,-59.62823105,54.29893494,-99.22234344,0.1937499791,74.28009084,14.94599915,2.164416075,1.041885018,300,400,1200,979
LR,std,9,9,0.001,23,none,0.99663125,1,1,0,0,-8.219970703,45.67823029,-19.64608765,0.4750001132,77.52923799,0,0,-61.07659149,55.86000824,-85.10329437,0.1997499615,79.31234689,15.34648991,2.174891233,1.047997117,300,400,1200,881
LR,std,9,9,0.001,24,none,0.9968791667,1,1,0,0,-8.717279434,46.26105881,-22.3472023,0.4712501168,78.29606116,0,0,-59.52528763,55.92980576,-104.6190491,0.2004999816,79.10526539,15.5325098,2.179956675,1.073101401,300,400,1200,1012
LR,std,9,9,0.001,25,none,0.9968666667,1,1,0,0,-8.638027191,47.30221176,-22.07591438,0.4727500379,77.64251058,0,0,-60.37505341,56.1688652,-106.4855423,0.2034999728,75.15276258,15.84908009,2.203864098,1.131672144,300,400,1200,1000
LR,std,9,9,0.001,26,none,0.9966791667,1,1,0,0,-8.909999847,46.3056488,-20.99374962,0.4690001011,78.68339478,0,0,-60.5784111,56.91276932,-104.694603,0.1914999634,77.80967521,16.08945084,2.212063551,1.104410887,300,400,1200,1114
LR,std,9,9,0.001,27,none,0.9971875,1,1,0,0,-9.143209457,46.82052231,-23.01590919,0.4735001624,75.46007368,0,0,-64.959198,60.57470703,-112.5839767,0.1989999712,76.16950593,16.31202888,2.226683617,1.10024488,300,500,1200,1018
LR,std,9,9,0.001,28,none,0.99678125,1,1,0,0,-9.382669449,46.17831802,-22.28097343,0.4727501571,77.41612221,0,0,-65.12930298,58.78334808,-113.440239,0.1952499747,81.59825448,16.58018303,2.237394094,1.111459732,300,400,1200,1063
LR,std,9,9,0.001,29,none,0.9972729167,1,1,0,0,-9.338155746,48.69490814,-23.02379036,0.4697500765,77.17515033,0,0,-65.20716095,60.23758316,-132.026123,0.2027499527,77.60399449,16.7836895,2.281230688,1.130379438,300,300,1200,863
LR,std,9,9,0.001,30,none,0.9968895833,1,1,0,0,-9.306311607,47.88056183,-23.49675751,0.4720001221,77.84405375,0,0,-65.18597412,59.65620041,-108.8369446,0.1922499686,76.28548447,17.10639763,2.262619972,1.169605374,300,400,1200,1019
LR,std,9,9,0.001,31,none,0.9970208333,1,1,0,0,-9.163631439,49.96165848,-22.50498199,0.4727500975,78.06815359,0,0,-65.80902863,62.71899796,-121.3645096,0.1959999651,77.32064312,17.33562851,2.275668144,1.145855069,300,400,1200,1006
LR,std,9,9,0.001,32,none,0.9968666667,1,1,0,0,-9.36919117,48.00605011,-22.95658875,0.4735001624,78.58291912,0,0,-64.70773315,61.39228058,-109.0516663,0.1914999634,74.9657035,17.59978485,2.27944088,1.157714009,300,400,1200,936
LR,std,9,9,0.001,33,none,0.9974083333,1,1,0,0,-9.613720894,50.59196854,-24.91622543,0.4705000818,77.58151051,0,0,-68.57629395,64.05404663,-121.4952927,0.2019999772,76.26268248,17.82876396,2.288923979,1.183108449,300,400,1200,933
LR,std,9,9,0.001,34,none,0.99716875,1,1,0,0,-9.37563324,50.7673645,-23.66565132,0.4667500854,78.16952959,0,0,-67.65755463,62.71961975,-119.8993912,0.1817499548,74.40846366,18.06295967,2.293049335,1.187450409,300,400,1200,1041
LR,std,9,9,0.001,35,none,0.9973166667,1,1,0,0,-10.592103,50.70809174,-26.71020126,0.4682500958,77.76213932,0,0,-69.13896942,65.33561707,-114.0445862,0.2012499869,79.43510406,18.26036453,2.307823181,1.174139619,300,400,1200,1064
LR,std,9,9,0.001,36,none,0.99691875,1,1,0,0,-9.967755318,51.22063828,-24.57533836,0.463750124,78.27830619,0,0,-68.79423523,64.17805481,-124.8780746,0.1944999546,79.95182704,18.32808304,2.325457096,1.195109963,300,400,1200,944
LR,std,9,9,0.001,37,none,0.9971916667,1,1,0,0,-10.4885807,51.09460831,-27.98431396,0.463750124,77.49985691,0,0,-71.18746948,65.72556305,-145.8329315,0.1922499686,76.88440513,18.60684395,2.306555986,1.20004189,300,400,1200,941
LR,std,9,9,0.001,38,none,0.9974354167,1,1,0,0,-10.21728039,51.07029343,-27.79175758,0.463750124,78.72050782,0,0,-63.54708481,63.43397522,-132.2616272,0.2049999833,78.93364547,18.74831009,2.314771652,1.185619235,300,300,1200,1029
LR,std,9,9,0.001,39,none,0.99725,1,1,0,0,-10.32335663,53.83882904,-28.09565735,0.4622501135,77.65472507,0,0,-67.56647491,66.96219635,-147.6016388,0.1967499703,78.78025495,19.03584671,2.312978268,1.153185606,300,500,1200,878
LR,std,9,9,0.001,40,none,0.9970854167,1,1,0,0,-11.16103172,51.25889206,-24.76265526,0.4645001292,79.44493084,0,0,-61.84760666,65.3020401,-124.8920975,0.2087499797,76.52113267,19.34371567,2.363572121,1.20756495,300,400,1200,884
LR,std,9,9,0.001,41,none,0.99746875,1,1,0,0,-11.63004875,53.28198624,-32.53850555,0.4592501521,78.15273864,0,0,-68.76577759,68.88150787,-161.7729797,0.2140000015,77.0992892,19.51286316,2.367260933,1.203356981,300,400,1200,1018
LR,std,9,9,0.001,42,none,0.9973354167,1,1,0,0,-11.04685783,52.47307587,-24.7830162,0.4630000889,78.67003245,0,0,-71.0242691,67.44114685,-138.1231995,0.1997499615,79.1736751,19.75410843,2.383556128,1.214253068,300,300,1200,1113
LR,std,9,9,0.001,43,none,0.997525,1,1,0,0,-12.34190464,53.25060654,-29.7063427,0.4585001171,78.58228308,0,0,-69.01626587,69.73957825,-127.9301605,0.2042499781,77.62964991,19.83434868,2.393212318,1.23686254,200,400,1200,1017
LR,std,9,9,0.001,44,none,0.99726875,1,1,0,0,-11.6829319,53.38478088,-26.62460899,0.4555000961,79.2731514,0,0,-66.37007141,67.73920441,-124.602829,0.2154999822,80.66241776,20.16306686,2.38211751,1.218816876,300,300,1200,952
LR,std,9,9,0.001,45,none,0.9973916667,1,1,0,0,-11.26944542,54.6232338,-27.33172035,0.4577501118,78.86274557,0,0,-68.50705719,67.99156952,-131.6317444,0.2049999833,73.65210878,20.22517776,2.379908323,1.175784945,300,400,1200,1056
LR,std,9,9,0.001,46,none,0.9973229167,1,1,0,0,-11.37722111,53.83750534,-25.82754517,0.4592500925,79.2512254,0,0,-64.11865997,67.58889771,-148.5754242,0.2079999894,74.25554655,20.52796173,2.396635771,1.238011956,300,300,1200,1113
LR,std,9,9,0.001,47,none,0.9976458333,1,1,0,0,-12.10043335,56.59490967,-32.55305862,0.4577501118,78.73929654,0,0,-65.84151459,70.04033661,-142.0355988,0.2064999938,70.30799349,20.71841049,2.393831253,1.263374686,300,300,1200,969
LR,std,9,9,0.001,48,none,0.9974541667,1,1,0,0,-11.67672539,53.11903,-27.33179665,0.4577501416,79.18740853,0,0,-71.26592255,68.85082245,-131.7907257,0.1937499493,74.00191225,20.84834099,2.414782047,1.260824919,300,300,1200,1062
LR,std,9,9,0.001,49,none,0.9977145833,1,1,0,0,-12.95739651,54.97394943,-27.85377312,0.4585000575,78.93393576,0,0,-73.13343048,70.29307556,-125.991478,0.1982499808,76.05983713,20.98522568,2.429988146,1.290766478,200,300,1200,1001
LR,std,9,9,0.001,50,none,0.9975416667,1,1,0,0,-11.6202364,54.56765747,-26.22691154,0.4577501118,78.8910057,0,0,-70.31678772,69.73448181,-140.0262299,0.1989999712,77.6830636,21.24613571,2.426344156,1.292254329,300,300,1200,1070
