zbar_cur,sigma_cur,between_cur,pos_frac,zbar_inv,sigma_inv,between_inv,pos_frac_inv,var_off,var_wid,var_cross,rowmean,rowmean_sd,cnorm,bias,bias_sd,star,star_sd,eps_max,w2col,gate_mean,ce_probe,acc,gbar,gvar_mean,gbar_var,pooled_var,g3_ident,cov,cov_abs,cov10,cov50,q10_med,hard_dead,gmin,gmax,gcorr,gcorr_degenerate,task,step,clamp,correct_seq,acc_seq,ce0,ce20,correct_fresh,acc_fresh,param_sha,fresh_param_sha,secs,vmrss_kb,maxrss_kb,cpu,arm,seed
-0.0031882857951820508,0.14957482492798968,0.014023550194155483,0.4903515625,0.0018571483294823454,0.14901757487379858,0.008186451213341314,0.5047778320312499,0.0006230852649092172,0.021542160719908266,4.0991636450676864e-05,3.269348996091484e-05,0.0007544502443837767,0.5770275063743799,-0.005053114285110496,0.021187091793182216,-0.0017040647117253483,0.08097695255081551,0.11908336583487214,0.5769676836200517,0.025838219136931004,2.3012945652008057,0.11349999904632568,0.02583821905660443,0.0012912654823662205,0.00019471108370130438,0.0014859765660675361,1.1275702593849246e-17,0.99669921875,0.99669921875,0.95080078125,0.9999609375,0.0003822147846221924,0,0.0,0.6668174862861633,0.9999356623348147,0,1,625,ref,1135,0.1135,2.301818370819092,2.301527976989746,1135,0.1135,9321813849c6a10defd3c19d9ea19ac9466923c39e2d1fc169bcc5454b5e2fc9,9321813849c6a10defd3c19d9ea19ac9466923c39e2d1fc169bcc5454b5e2fc9,2.202119000023231,1028608,1073480,15,V06,4
0.0051784633748899345,0.1474178654795193,0.020133667104733913,0.5037890625,0.0018270615876119479,0.14901149663759108,0.00817068782613136,0.5046923828125,0.0006218416586707229,0.021542089032552694,4.049543895140249e-05,3.2413230338365267e-05,0.0007537076600854219,0.5770274172004958,-0.0050545202224748205,0.021189360523922944,-0.0017341798315739787,0.08091433382334028,0.1190934266271084,0.5769674136493991,0.0296468351141084,2.301326274871826,0.11349999904632568,0.029646835145540534,0.0015894337786253668,0.0004746016382203361,0.0020640354168457147,1.1709383462843448e-17,0.99388671875,0.99388671875,0.93111328125,0.999921875,0.0003460049629211426,0,0.0,0.7685492038726807,0.9999383497160643,0,2,625,ref,1135,0.1135,2.301295518875122,2.301421880722046,,,520535a867618aca707600f67f6440ed0af062e3df6b796608a19a113d94f486,,3.1478053689934313,965568,1073480,15,V06,4
0.002069248476721841,0.15189790250164922,0.01531133074879722,0.50376953125,0.0018309074945636761,0.149010520058864,0.008169767374547436,0.50471923828125,0.0006217440159431867,0.021542123097760425,4.02679745095022e-05,3.246185720570139e-05,0.0007536462810926195,0.5770274659733696,-0.005054859779411345,0.021190023911815955,-0.0017295381586234005,0.08091573568745956,0.1190894534830566,0.5769674200126532,0.027219061765354127,2.3016607761383057,0.11349999904632568,0.027219061923678966,0.0014206805052628538,0.0002517081585252518,0.0016723886637881036,1.951563910473908e-18,0.996328125,0.996328125,0.9420703125,0.99986328125,0.0003740966320037842,0,0.0,0.6984462738037109,0.9999311539553658,0,3,625,ref,1135,0.1135,2.3013250827789307,2.301396608352661,,,46bd687734a45f5cd8133af817733e1be44c7102029da1a3ce505adaf67bee71,,4.148557594977319,1057316,1073480,15,V06,4
-0.005068116867562367,0.1497359809909064,0.016925469169789337,0.49279296875,0.0017855228357523778,0.14901033587383547,0.008173193843632656,0.50469482421875,0.0006218800613155177,0.021542235844167586,3.9964291750156524e-05,3.209103135258787e-05,0.0007537447626289037,0.5770276723585193,-0.005057972844952019,0.021193834864308373,-0.0017706378131349826,0.0809480258420058,0.11907573235170574,0.5769676109292375,0.02789164561778307,2.301334857940674,0.11349999904632568,0.027891645873896777,0.0014333343710949114,0.0003955418800957765,0.001828876251190694,6.071532165918825e-18,0.9944921875,0.9944921875,0.9412890625,0.99982421875,0.0003820776939392091,0,0.0,0.6738553047180176,0.9999529659237977,0,4,625,ref,1135,0.1135,2.301661491394043,2.30169939994812,,,41f19857a4e95bbe29ee080daf9696fde98183ea9ff4ebbb28f8217e8f9e408f,,5.097828151076101,1087944,1087292,15,V06,4
-0.015139113271764539,0.15183442199758868,0.014973449435825584,0.45908203125,0.0017678093434708054,0.1490080781545327,0.008171270797219106,0.5046337890625,0.0006213790826277439,0.021542143996385817,3.988427629376872e-05,3.1926849416636745e-05,0.0007534475223186397,0.5770262568581659,-0.005059586107672658,0.021193611377493315,-0.001789069514120004,0.08092041700716761,0.11906771022707129,0.5769670624226793,0.027144011061172934,2.301032304763794,0.11349999904632568,0.027144010979682207,0.001359952422398927,0.00020947830038906768,0.001569430722788,5.204170427930421e-18,0.99693359375,0.99693359375,0.94337890625,0.99994140625,0.0003580689430236817,0,0.0,0.5893268585205078,0.9999184448967077,0,5,625,ref,1135,0.1135,2.3013358116149902,2.301506280899048,,,d0eb0829ef591036b3ff25af6f9268a2570207a037f737f22c3d8dc2ebf7134b,,6.024964887066744,1030608,1087292,15,V06,4
0.004201422124971311,0.15148855806486156,0.01858761457449446,0.501015625,0.00185366385642191,0.14900160870049386,0.008160487985233738,0.50491943359375,0.0006203689284643154,0.021541746055116894,3.936441175387499e-05,3.271589920247311e-05,0.0007527998690628899,0.5770237283988154,-0.005055144382931758,0.021193732060734903,-0.0017037992558761323,0.08085419138731378,0.11907273991333162,0.5769659567695206,0.029391214695060626,2.3017539978027344,0.11349999904632568,0.029391214683419094,0.0016898347668169048,0.00043880879946078496,0.002128643566277708,1.8214596497756474e-17,0.99291015625,0.99291015625,0.93427734375,0.99974609375,0.000403130054473877,0,0.0,0.9659520983695984,0.999920627698504,0,6,625,ref,1135,0.1135,2.3010332584381104,2.3010494709014893,,,5f81d24f57e0d45e5bdb6ceed0aa0694c7e0e2e2d348a43f512888d764e31867,,6.987635156023316,965580,1087292,15,V06,4
0.01206065464204093,0.1452671413065636,0.013969283323418893,0.5190625,0.0018676549198012294,0.14899970241573188,0.008156741909491916,0.50495361328125,0.0006199990986628934,0.02154161053183817,3.930168947558831e-05,3.2869314608345174e-05,0.0007525683378337435,0.577021652686253,-0.005054858872754266,0.021194532123392992,-0.0016877982072167964,0.08083863211564128,0.11906833292756742,0.576965245511907,0.025019993889145553,2.301809787750244,0.11349999904632568,0.025019993860041723,0.0011365561885668073,0.00018311624628088185,0.0013196724348476943,5.204170427930421e-18,0.99828125,0.99828125,0.9523046875,0.99998046875,0.0003560721874237061,0,0.0,0.5099287629127502,0.9999442043424831,0,7,625,ref,1135,0.1135,2.3017542362213135,2.3017942905426025,,,bd81aac7821ff33863ae1cb0f0f000868c8a559397d8610a8844550b66b23283,,7.931188193033449,1057332,1087292,15,V06,4
0.00831049372986887,0.15025413629289747,0.015863561495358697,0.5114453125,0.0018648684718239495,0.14899500851429207,0.008142155805071978,0.5049267578125001,0.0006191546929907558,0.021541532234139665,3.8825635043544784e-05,3.285052003101491e-05,0.0007520555271975896,0.5770209664617845,-0.0050561689911410215,0.021192971743850743,-0.0016910336009799388,0.08078493852536169,0.11906657843754513,0.5769646742393912,0.027298694492783396,2.300898790359497,0.11349999904632568,0.02729869446833618,0.0014111549966918876,0.0002955511725631976,0.0017067061692550769,8.456776945386935e-18,0.9959375,0.9959375,0.94181640625,0.99984375,0.0003273129463195801,0,0.0,0.6321309804916382,0.9999250160436168,0,8,625,ref,1135,0.1135,2.301809549331665,2.301300287246704,,,6bb5f891c4b688734d0d23ec7192ed3b7e8dd34c659cae31f1232d238dc8707f,,8.8419602480717,1087964,1087304,15,V06,4
-0.010095360792945205,0.15100883300093604,0.0171360284825284,0.4713671875,0.0018971623913401003,0.14899526207684327,0.00814421431440131,0.5049365234375,0.0006191157600071345,0.02154158944528352,3.8882916056561754e-05,3.315518689805237e-05,0.0007520184663590971,0.5770221985614488,-0.0050547398487105965,0.021192617305712633,-0.001658395051346543,0.08078278096019167,0.11908122560617646,0.5769651195661812,0.02835478953202255,2.3015260696411133,0.11349999904632568,0.028354789533186705,0.0014924786550726853,0.000418577556380553,0.0019110562114532368,1.5178830414797062e-18,0.994140625,0.994140625,0.93765625,0.9998828125,0.0003738701343536377,0,0.0,0.6339085102081299,0.9999009887168219,0,9,625,ref,1135,0.1135,2.3008973598480225,2.300628662109375,,,86d84d763ac6bf20d48aa73dc89c4813591ff43b1a922e2451536fb10382d993,,9.785927589051425,1030628,1087304,15,V06,4
-2.602535534927508e-05,0.14779411029587616,0.013203330675550476,0.5049609375,0.001952743879426212,0.14899114670117483,0.008134342680191533,0.50507568359375,0.0006184528260550805,0.021541621473423218,3.8287495852707636e-05,3.366559908388116e-05,0.0007515922651269987,0.5770218503684086,-0.005051584686443675,0.021192550139683478,-0.0016029543816209735,0.08074501584152323,0.11908233530244855,0.5769649010602429,0.024882844877429307,2.300886631011963,0.11349999904632568,0.02488284489605576,0.0011972617958507096,0.00020642601845328619,0.0014036878143039936,2.168404344971009e-18,0.99755859375,0.99755859375,0.9503125,1.0,0.00033481121063232426,0,0.0,0.4856991767883301,0.9999446022522743,0,10,625,ref,1135,0.1135,2.301528215408325,2.3019051551818848,,,b9522f67fe1a899af3c368f13653334a187553c933ff239572c293173c932f6f,,10.731995364069007,965596,1087304,15,V06,4
-0.017201604925170793,0.14875530070329973,0.0174442509240293,0.47265625,0.0019726238501913016,0.14899309413538941,0.008144314547947543,0.5050830078124999,0.000619210374149719,0.021541571458489547,3.8160267397746144e-05,3.3880703259568744e-05,0.0007520437031607498,0.5770235570640123,-0.005051330704591237,0.0211989277957792,-0.0015806655986909818,0.08082297709195248,0.11907698945405074,0.5769657681178816,0.02823727280134335,2.301614761352539,0.11349999904632568,0.028237272948026658,0.001450351043225058,0.0004266343264911772,0.0018769853697162447,9.540979117872439e-18,0.9947265625,0.9947265625,0.93703125,0.99982421875,0.00035282373428344724,0,0.0,0.8002324104309082,0.9998986632883143,0,11,625,ref,1135,0.1135,2.3008854389190674,2.3007705211639404,,,b146cf2f96e23d23310b4bdc6197f5c0488bf796f2d5d0e695926487f506df8b,,11.657769934972748,1057348,1087304,15,V06,4
-0.01362006687932083,0.14613440538538267,0.016503833391404862,0.46931640625,0.0020233894229370287,0.14898948411648885,0.008135991710241187,0.5051513671875,0.0006188309475583155,0.021541423380174774,3.761204956439245e-05,3.437829634062586e-05,0.0007517902001582269,0.5770222735308228,-0.0050491995524498635,0.02120093064196468,-0.001527562100133671,0.0808083040314017,0.11908340091049188,0.576965182060353,0.02698289911961183,2.301720142364502,0.11349999904632568,0.026982899309368803,0.0013563144824719911,0.0002680311891960373,0.0016243456716680308,2.3852447794681098e-18,0.99638671875,0.99638671875,0.94375,0.99994140625,0.000406944751739502,0,0.0,0.5704988241195679,0.9999231469965733,0,12,625,ref,1135,0.1135,2.3016157150268555,2.3010780811309814,,,1cdbe1e8ef5711d194d1a3b5f80edf59b7f61082f95a4f37e114642d650bb4cf,,12.595215006032959,1087976,1087324,15,V06,4
0.002154066446505889,0.14926501904493922,0.016679122832770697,0.50765625,0.0020083152900922884,0.14899105801949328,0.008141966015719138,0.50513427734375,0.0006195129044193737,0.021541733640306416,3.708882504221909e-05,3.423417298958949e-05,0.0007522117644539485,0.5770246069631055,-0.005050207482418046,0.021202542905591856,-0.001543333710818724,0.08085999244195716,0.11908881660663581,0.5769662725414519,0.027630480012157933,2.3007044792175293,0.11349999904632568,0.027630479956278577,0.00141065272740994,0.0002605649097491529,0.0016712176371590792,1.3660947373317356e-17,0.996015625,0.996015625,0.9410546875,0.9999609375,0.00042253136634826663,0,0.0,0.5074032545089722,0.9998827358964841,0,13,625,ref,1135,0.1135,2.3017189502716064,2.3015987873077393,,,88cc7c5096eace45b139e05d8ca1e83a15234004838e6bbdb1abb0cb632d1ff0,,13.51555453601759,1030640,1087324,15,V06,4
-0.012897968453305254,0.14922172873253992,0.021041503919049385,0.4846875,0.0020955938785556017,0.14898669567458597,0.008139331903851056,0.5053369140624999,0.0006192809169666186,0.02154177255082776,3.598202023731129e-05,3.506040451409587e-05,0.0007520325552762239,0.5770239723552075,-0.005046589644043706,0.02120449944881878,-0.0014550785229912177,0.08085238263807301,0.11909235853087116,0.5769660376542777,0.030741359684616328,2.3017001152038574,0.11349999904632568,0.030741359654348342,0.0017169496995956643,0.000523567643835836,0.0022405173434314964,3.903127820947816e-18,0.9932421875,0.9932421875,0.9262109375,0.99970703125,0.0003798365592956543,0,0.0,0.8583998680114746,0.9998890393497568,0,14,625,ref,1135,0.1135,2.3007068634033203,2.300804376602173,,,0803426511088640215432d40c605d122780233f72666be3d7ec4b1632be51b0,,14.466809571022168,965612,1087324,15,V06,4
-0.009217812090029791,0.14762487685019404,0.014011733753659949,0.4758984375,0.0020769778439176543,0.14898456187148998,0.008134263240596157,0.50533447265625,0.0006184663363286559,0.021541824041326044,3.6109298385129704e-05,3.491095787739021e-05,0.000751543675070512,0.5770238116377382,-0.0050477408795268274,0.02120508856030983,-0.0014715387449270344,0.08080712489902962,0.11908682563406073,0.5769658329302392,0.025470455875620246,2.301769971847534,0.11349999904632568,0.025470455815084277,0.0012270722446136887,0.00025503422698004594,0.001482106471593746,1.1275702593849246e-17,0.9971484375,0.9971484375,0.948203125,0.999921875,0.0003126323223114014,0,0.0,0.5862098932266235,0.9998907834466739,0,15,625,ref,1135,0.1135,2.3017003536224365,2.3018667697906494,,,7f7b84112e13c275da7c9b9372f9d51e587cf34816fb0998fb3f360fdbad1d03,,15.42017214000225,1057364,1087324,15,V06,4
0.013516240870751255,0.1512270882065407,0.02029096693006337,0.5259375,0.0020597347137575293,0.1489854613050193,0.008139510208650069,0.50528564453125,0.0006193414368828076,0.021541841386675264,3.54848567113256e-05,3.4751809954109526e-05,0.0007520837036428971,0.5770244890236378,-0.0050486619508592415,0.021202809453320415,-0.0014887625812810357,0.08085944340127449,0.1190862806509435,0.5769662167125708,0.03066297945799306,2.3018007278442383,0.11349999904632568,0.030662979263579474,0.0017251978068879336,0.0004412165901408134,0.0021664143970287464,4.336808689942018e-19,0.99337890625,0.99337890625,0.926328125,0.99994140625,0.00038308501243591316,0,0.0,0.5706878900527954,0.9999356503704274,0,16,625,ref,1135,0.1135,2.3017690181732178,2.3018507957458496,1135,0.1135,0eaba9909b25679b5805138bdfb7150e539f6a8c543e00e0cdf70f8d85505302,,17.155007724068128,1087992,1087336,15,V06,4
-0.014495509852268457,0.1477798961733951,0.016863990292931806,0.46087890625,0.002055296695524781,0.1489843476991967,0.008141184719985688,0.5052685546875,0.0006198432922708197,0.0215418751246101,3.461744247421646e-05,3.471702673408211e-05,0.0007523906065975232,0.5770258265754711,-0.005049652656307444,0.02120457455563821,-0.0014933164036779944,0.08090590513487829,0.11907440888826573,0.576966848390785,0.027586946445517242,2.301372766494751,0.11349999904632568,0.027586946575902403,0.001365255271753644,0.00034564689536479274,0.0017109021671184292,7.589415207398531e-18,0.99583984375,0.99583984375,0.94046875,0.99998046875,0.00035543441772460936,0,0.0,0.6147006750106812,0.9999157505668547,0,17,625,ref,1135,0.1135,2.3018007278442383,2.302161455154419,1135,0.1135,f16f81fb92288bd367053a43d970599f47d5c8066bc0b2ab09eca7638cdd42f8,,18.82780831400305,1030660,1087336,15,V06,4
-0.0071402498523379454,0.1513517358496718,0.018456508623347467,0.4709765625,0.0020505476218677867,0.14898522311545645,0.00814887173755221,0.50526611328125,0.0006200848317111982,0.021541518088794617,3.4993786256518865e-05,3.467611097067687e-05,0.0007525393859613744,0.5770217734520747,-0.005051541792636271,0.02120630081220418,-0.0014993968612802893,0.08093336166257371,0.11907673878850805,0.57696563849825,0.029313751982990653,2.3015670776367188,0.11349999904632568,0.029313751986483113,0.0015981272564571213,0.00042938742916202014,0.002027514685619146,4.336808689942018e-18,0.99412109375,0.99412109375,0.9301953125,0.9998828125,0.00035831332206726074,0,0.0,0.5469679832458496,0.9999183923576402,0,18,625,ref,1135,0.1135,2.3013756275177,2.301604747772217,1135,0.1135,9b8b84a8bb63b9535c6a4d5b6a322d994f09e1713dae33d5a80ffb0e0a7234bb,,20.571750257047825,965632,1087336,15,V06,4
-0.010784748376563104,0.14951292147676035,0.015432335652566251,0.476328125,0.002110139113377436,0.14898452240678015,0.008152976379480474,0.5053784179687499,0.0006198693324915005,0.021541677308832004,3.484127545287054e-05,3.5246198537684605e-05,0.0007523818412385388,0.5770187879183786,-0.005049200860376004,0.021207423619354904,-0.001438657406092005,0.08092568682337585,0.11908589569364547,0.576964594658315,0.026921755041694268,2.3015999794006348,0.11349999904632568,0.02692175504285842,0.0012612342922402441,0.00014548784000284918,0.0014067221322430854,7.806255641895632e-18,0.9979296875,0.9979296875,0.94646484375,1.0,0.00039476156234741216,0,0.0,0.44033944606781006,0.9999462331763405,0,19,625,ref,1135,0.1135,2.3015670776367188,2.3012144565582275,1135,0.1135,85f95cd7197fc18aba444b16ee59564a48d64bcec1223ffda59f8456a59b26b1,,22.268505627987906,1057384,1087336,15,V06,4
-0.0005301207542622341,0.14990431537373275,0.01713513619217824,0.4878515625,0.0021460152661120003,0.14897941922906457,0.008142235642350924,0.5055029296875,0.0006188097445463871,0.02154141798884102,3.463962044197078e-05,3.559601460410564e-05,0.0007517206199798594,0.5770160070714647,-0.005048097395629157,0.0212069715342449,-0.0014017195489504852,0.08086078118956569,0.11908636996897039,0.5769634612348284,0.028070854669203983,2.300997495651245,0.11349999904632568,0.028070854829857127,0.0014417118124242254,0.00032642871113760006,0.0017681405235618342,8.673617379884035e-18,0.99560546875,0.99560546875,0.9391796875,0.99990234375,0.00036176443099975595,0,0.0,0.644434928894043,0.9999468475701584,0,20,625,ref,1135,0.1135,2.3015997409820557,2.3018147945404053,1135,0.1135,47b5e9a2e5585c8f657da8015ad6f92336de48e16170c41d6a7136b6826ff04a,,23.97958036698401,1088156,1087360,15,V06,4
-0.012450539420514333,0.1475815139829188,0.016367378379762956,0.47267578125,0.002165795040843783,0.14897920397645384,0.008144346589400928,0.5055810546874999,0.0006192003641151568,0.021541429859517874,3.4172993824805475e-05,3.576714434165814e-05,0.0007519502533117603,0.5770185250619155,-0.005046912830148358,0.021208456781743264,-0.0013830048276120871,0.08089523018987375,0.11902659817384267,0.5769643158987436,0.027179470852715895,2.3010177612304688,0.11349999904632568,0.027179470888804645,0.0012913809808257914,0.00026619096408384094,0.0015575719449096401,7.806255641895632e-18,0.99671875,0.99671875,0.94537109375,1.0,0.00041487216949462894,0,0.0,0.49706971645355225,0.9999402218617819,0,21,625,ref,1135,0.1135,2.3009955883026123,2.301117420196533,,,93083d77e52f0e9398e299adef255cbe4debbc859edfb9a4485d088d12856c9f,,24.871595974080265,1030824,1087360,15,V06,4
0.00025958952644601017,0.15443405876665053,0.020967536377688015,0.49595703125,0.0021805630867760273,0.1489760893575368,0.008140445373072725,0.505634765625,0.0006186311458039524,0.021541299391631855,3.394466282898544e-05,3.5889244624061026e-05,0.0007515979447874329,0.5770159072021578,-0.005047302561870311,0.02120817434889532,-0.001370886873578236,0.08086108741136466,0.11902814878593483,0.5769632499518293,0.03164955649059266,2.301614284515381,0.11349999904632568,0.03164955654530786,0.0018915096386756284,0.0006044913243040542,0.002496000962979667,1.5612511283791264e-17,0.9912109375,0.9912109375,0.92244140625,0.99955078125,0.0003792703151702881,0,0.0,0.8059288263320923,0.9999267816066293,0,22,625,ref,1135,0.1135,2.3010199069976807,2.3008670806884766,,,903adf7fecb48f5e39663772267bc29a083e3cdd0f1628b3dca81ab82bc428de,,25.788265106035396,966468,1087360,15,V06,4
-0.019463369972957133,0.1499514734886208,0.01766378641586497,0.447421875,0.0021263568243648145,0.1489777027100143,0.008145005676492319,0.505537109375,0.0006190703723441558,0.02154143561093727,3.384992147197654e-05,3.539960328698372e-05,0.0007518885344694303,0.5770181020121015,-0.005049553251883481,0.02121159216149035,-0.0014232953507536494,0.0809097319331284,0.11902798341215226,0.5769641482486678,0.028693095000926407,2.3010945320129395,0.11349999904632568,0.02869309514993802,0.0016131569599307039,0.0003421452708590711,0.0019553022307897683,6.5052130349130266e-18,0.9947265625,0.9947265625,0.93443359375,0.99970703125,0.0003452360630035401,0,0.0,0.7637925744056702,0.9998912501639394,0,23,625,ref,1135,0.1135,2.301612615585327,2.3012468814849854,,,7abb4602e9df741fd8f1583e8f59b3ab4b14d6defcc60c1afe3260acb74c3275,,26.706830881070346,1057548,1087360,15,V06,4
-0.001818645558471132,0.14640116563643416,0.01526713928672657,0.49369140625,0.0021931566595015783,0.14897494448568785,0.008141733479073852,0.5057568359375,0.0006189113380136995,0.021541152316879725,3.347042962035238e-05,3.6011383893921336e-05,0.0007517626806407133,0.5770161342841003,-0.0050457738901604895,0.021211799949302872,-0.0013568465223227878,0.08090099199861182,0.1190196355603197,0.5769634784914319,0.02605794355738908,2.301079034805298,0.11349999904632568,0.02605794383096509,0.0012421293688461086,0.00020697961066487886,0.0014491089795109855,1.951563910473908e-18,0.9972265625,0.9972265625,0.94873046875,1.0,0.0003567636013031006,0,0.0,0.4470784664154053,0.9999109287468059,0,24,625,ref,1135,0.1135,2.3010969161987305,2.3013153076171875,,,b51c350d204f07177711291bd32355afd6e0b9e577ebb6869ce780f2196e1534,,27.60321120498702,1088184,1087360,15,V06,4
0.002638974092315077,0.14868770057555375,0.01576778446616657,0.5060546875,0.002221262650442152,0.14897127820337014,0.008136963880643326,0.5057348632812501,0.0006177143760367762,0.02154086585861365,3.386149489547147e-05,3.627770923274214e-05,0.000751020894834967,0.5770112872731304,-0.005044930186704733,0.021213493256949698,-0.001328721033917617,0.08083646605959274,0.1190171479830691,0.5769616940905373,0.02688137941644527,2.301529884338379,0.11349999904632568,0.026881379539845512,0.001297446415092089,0.00025082087851321634,0.0015482672936052962,9.107298248878237e-18,0.99681640625,0.99681640625,0.9447265625,0.9999609375,0.0004367351531982422,0,0.0,0.5751363635063171,0.9999002044014423,0,25,625,ref,1135,0.1135,2.3010804653167725,2.3009002208709717,,,31671ab4874fb08bb19bdf944a22a49b267ddebd8c9488dcbde093d66e1e613e,,28.518049829057418,1030852,1087360,15,V06,4
-0.008454446224529658,0.14667095612927364,0.013277246723509953,0.4766796875,0.0021781440820672227,0.1489699704010725,0.008134910024081957,0.5057080078124999,0.0006178030834182064,0.02154090282818041,3.334616969779774e-05,3.588152207070538e-05,0.0007510939757249119,0.5770110769266207,-0.005048126452020369,0.021212242646791245,-0.0013725018451959503,0.08083982772611692,0.11900554270413498,0.5769616955962791,0.024746073661372065,2.3011014461517334,0.11349999904632568,0.024746073663700373,0.0011824120278647546,0.00024287812885953548,0.001425290156724292,1.951563910473908e-18,0.99693359375,0.99693359375,0.952109375,1.0,0.00031225085258483886,0,0.0,0.47866290807724,0.9999418208829592,0,26,625,ref,1135,0.1135,2.301527738571167,2.301309823989868,,,873d0fac937e21de7c96c79d5adabd7fd607ad02068bb534221250c070f5935e,,29.434650965966284,966896,1087360,15,V06,4
-0.009999591180740551,0.1466049541265286,0.016060026451584445,0.48107421875,0.0021422041645123113,0.14897557783014292,0.008151012619322783,0.5055834960937501,0.0006198099141801359,0.021541029984933423,3.288289071141442e-05,3.5564072575357006e-05,0.0007523307418124784,0.5770142702321784,-0.005050281787698623,0.021212935464088815,-0.0014071760125510578,0.08097400479324623,0.11901159703219275,0.5769631666909482,0.0267204530374147,2.3015098571777344,0.11349999904632568,0.026720452898880465,0.0012446022855159167,0.00028714024908719913,0.0015317425346031016,1.431146867680866e-17,0.997109375,0.997109375,0.94509765625,0.9999609375,0.00034771561622619633,0,0.0,0.5247769355773926,0.9999583087814619,0,27,625,ref,1135,0.1135,2.301100015640259,2.301089286804199,,,787857d3a3f7cf6935b200b4b9b7115a5c4ac1b83fcb1774233d7f5a0b091882,,30.38249647896737,1057576,1087360,15,V06,4
0.007907029022453134,0.14604205216566696,0.013146115195626425,0.5192578125,0.002156971154821917,0.1489748961328031,0.008147689641457304,0.5056396484375,0.000619760612381877,0.02154108387036192,3.2675195035678717e-05,3.5695202803068924e-05,0.0007522945424018436,0.5770143442219463,-0.005049762044509407,0.021210369821150477,-0.0013932235757674438,0.08096097462986912,0.11901811188567518,0.5769632036508863,0.02453310407465324,2.301759958267212,0.11349999904632568,0.024533103975700216,0.0011312992504065443,0.00019056028043107673,0.0013218595308376227,1.5178830414797062e-18,0.9976953125,0.9976953125,0.95515625,0.999921875,0.0003543615341186524,0,0.0,0.6273903846740723,0.9999545150339005,0,28,625,ref,1135,0.1135,2.301511526107788,2.301363229751587,,,f61c83a1d2d826a3bab68267186f9c80d5635f0ea8a81fbd09832391fc58261f,,31.284274709993042,1088204,1087460,15,V06,4
-0.003925818687285865,0.1477200635288797,0.01483363205790452,0.49037109375,0.002134957617289781,0.14897624620123315,0.008151666385159545,0.5055908203125,0.0006201897414540784,0.02154131135078232,3.242083997402934e-05,3.550454734025112e-05,0.0007525645509665573,0.5770169465058536,-0.005051861167594325,0.02121239079800647,-0.0014148530272809546,0.0809978731512221,0.119015525828905,0.5769641330432314,0.026024943604134022,2.301517963409424,0.11349999904632568,0.026024943550582977,0.0012512277215016685,0.0002465925383572725,0.0014978202598589336,7.37257477290143e-18,0.99689453125,0.99689453125,0.9462109375,0.9999609375,0.00034942626953125003,0,0.0,0.5741690397262573,0.9999379403027845,0,29,625,ref,1135,0.1135,2.3017590045928955,2.301753282546997,,,b09f11d383a4284a645be40c5bef8c973b5749c2a38d1ef7954ffd0c7f9929de,,32.178888375055976,1030868,1087460,15,V06,4
-0.007514989428527095,0.14711395246620243,0.020206924257431345,0.4841796875,0.002194026162427003,0.14897654423307005,0.008149922635813975,0.50570068359375,0.0006199737341684512,0.021541438068010486,3.259892944894205e-05,3.606513936038143e-05,0.000752406530023906,0.5770171630163888,-0.005049286936409772,0.02121256309992135,-0.0013548529762128381,0.08098765838487502,0.11901253593226435,0.5769641046224382,0.029658844822552054,2.3010005950927734,0.11349999904632568,0.029658844920340925,0.0016266011731018832,0.00041922856004183057,0.002045829733143709,4.7704895589362195e-18,0.99408203125,0.99408203125,0.93296875,0.99978515625,0.0004358232021331787,0,0.0,0.7033926248550415,0.9999142899497222,0,30,625,ref,1135,0.1135,2.3015191555023193,2.3012776374816895,,,f74725a7d7deb01b7df065518839afd57dd304774f559f020e8bd4c6ff568758,,33.100806697038934,967440,1087460,15,V06,4
-0.011780359912427566,0.15242558971937642,0.01708639602449094,0.47568359375,0.002180348780007556,0.14897962690589714,0.008161664694439165,0.50569580078125,0.0006209283164994865,0.02154147764012353,3.25232763972916e-05,3.5937202936592774e-05,0.0007529929993174185,0.5770164040460677,-0.005050196972733829,0.021214580763884244,-0.00136886853984591,0.0810618978541833,0.1190068441206657,0.5769641607523388,0.028667715656338258,2.3015525341033936,0.11349999904632568,0.028667715823976325,0.0014980454382630952,0.00033348181384561395,0.0018315272521087056,3.686287386450715e-18,0.99529296875,0.99529296875,0.93611328125,0.99998046875,0.00035514831542968753,0,0.0,0.5949544906616211,0.9999209015344092,0,31,625,ref,1135,0.1135,2.3010013103485107,2.3009376525878906,,,a82d0ef0ccfd31aff7106a38c644066f02f442323543ea875012c78f147b6d6a,,34.01267003302928,1057592,1087460,15,V06,4
0.009139002161017134,0.15045511323960448,0.02068745461464599,0.51455078125,0.0022181639483744675,0.14897962233584394,0.00817216362407028,0.5057470703125,0.0006216933163490479,0.02154162563494085,3.1608920040795136e-05,3.628730430192467e-05,0.000753440985825292,0.5770186598826538,-0.005048428848822368,0.021220379953919948,-0.0013312367981436284,0.08113890682104655,0.11900007077071544,0.5769651619065983,0.030713961456203833,2.3013713359832764,0.11349999904632568,0.030713961434084922,0.0017148274742968378,0.00042559239172572496,0.00214041986602256,3.0357660829594124e-18,0.99373046875,0.99373046875,0.92484375,0.9998828125,0.00035157203674316404,0,0.0,0.7350176572799683,0.9998881577820182,0,32,625,ref,1135,0.1135,2.3015518188476562,2.301400661468506,,,3d9178c4094f0f6cd30b35679dace065046df3fd4328409152bfe6fd99e28a65,,34.90364553697873,1088220,1087464,15,V06,4
-0.00876833272750489,0.14626690518347912,0.01586253837459913,0.4822265625,0.002249296315076942,0.14897741135285683,0.008170175168729019,0.50575439453125,0.000621909205536827,0.02154138172746684,3.097816039465129e-05,3.660573251407846e-05,0.000753556696864523,0.5770153728269857,-0.005046962207895831,0.021217500671368905,-0.001297151067932273,0.08114429039383646,0.11899311705909832,0.5769640306980818,0.02648837965913117,2.3011953830718994,0.11349999904632568,0.02648837963119149,0.0012969405831823933,0.00025643513847896653,0.0015533757216613605,6.505213034913027e-19,0.99701171875,0.99701171875,0.94447265625,0.999921875,0.00035879611968994143,0,0.0,0.5369812250137329,0.999844676093441,0,33,625,ref,1135,0.1135,2.3013737201690674,2.3012239933013916,,,80955f4f14acd00cc529c87fb8a6806b0e2867b2ae8c551c7bd77b9adc3b8968,,35.80790009407792,1030888,1087464,14,V06,4
-0.002449796091684757,0.15325739301287494,0.016920808183056746,0.49078125,0.002213565882889399,0.1489863593785457,0.008193802753197555,0.50571044921875,0.0006243666278384027,0.021541652618216015,3.091603481875307e-05,3.626698724377471e-05,0.0007550638901802591,0.5770192130296694,-0.005049404823730583,0.021215815821002945,-0.0013342940080319876,0.08129531556951995,0.11899052719320946,0.5769658198407059,0.02864368204260245,2.3012356758117676,0.11349999904632568,0.02864368211943656,0.0015151312672718495,0.0002721428598857201,0.0017872741271575707,1.0842021724855044e-18,0.99572265625,0.99572265625,0.93884765625,0.9998828125,0.00043293237686157224,0,0.0,0.633823573589325,0.9998124876364802,0,34,625,ref,1135,0.1135,2.301192045211792,2.301044225692749,,,ac599359f8396985f767f879da7a33a83cdb2c2f91a7429950f3fe115853a6e7,,36.73706576204859,967460,1087464,14,V06,4
-0.0022247299279185427,0.15074475268948348,0.017491096247415967,0.4896484375,0.002186484766383543,0.148988440371735,0.008200915731847495,0.50563720703125,0.0006252966391462689,0.02154157919007151,3.0679535184262814e-05,3.6038397911242445e-05,0.0007556382582446143,0.5770194630939788,-0.005051645931525854,0.021215004311140043,-0.0013599513068644536,0.08135307104006145,0.11898057467395189,0.576966086254098,0.028521796740824355,2.3014485836029053,0.11349999904632568,0.028521796769928186,0.0014267110303358434,0.0002721252982737904,0.00169883632860964,6.071532165918825e-18,0.99646484375,0.99646484375,0.9384765625,0.9999609375,0.00040568113327026366,0,0.0,0.631733238697052,0.9999141582547109,0,35,625,ref,1135,0.1135,2.301238536834717,2.3013341426849365,,,ab20cbffb9c2fdda0a13a8651d333e1116e8c797c5bcf20dd375c04f72202721,,38.97064372699242,1057608,1087464,24,V06,4
-0.003735064076242489,0.1476223858041705,0.015405095565813438,0.50126953125,0.0021775560356289327,0.1489881644839993,0.008200702123421322,0.5056127929687501,0.0006255159175617183,0.021541553944657895,3.0403294091616745e-05,3.595984813284954e-05,0.0007557747826879224,0.5770192900187322,-0.005052187748369761,0.021213962921515048,-0.0013685395911283526,0.08136341244606961,0.11898043027317934,0.5769660316743681,0.026417201037984343,2.301577568054199,0.11349999904632568,0.026417201100848615,0.0012580687571128236,0.00020912737722944864,0.0014671961343422782,6.071532165918825e-18,0.99767578125,0.99767578125,0.94595703125,0.9999609375,0.0003590762615203858,0,0.0,0.5518738627433777,0.9999471572622589,0,36,625,ref,1135,0.1135,2.3014492988586426,2.301495313644409,,,bf432399a2abe5231520a25acebf05967acf32a1b265f02be7f5675551bf9fe1,,41.63263824605383,1088232,1087464,24,V06,4
0.016104093756555513,0.1463142026384754,0.01261421334973947,0.527109375,0.0022129841118651294,0.14899169620156832,0.008213317847459765,0.50572021484375,0.0006265135822835302,0.021541716022078498,3.0295932658400963e-05,3.628665346847984e-05,0.0007563630084946593,0.5770214229589412,-0.005049917884171009,0.021214458350305318,-0.0013327925034462384,0.08143234788521231,0.11897375792183833,0.5769667877053607,0.02435450635734014,2.301516532897949,0.11349999904632568,0.024354506387608124,0.001115864114341166,0.00018665032979394816,0.0013025144441351124,1.734723475976807e-18,0.9978125,0.9978125,0.954140625,1.0,0.00032097101211547857,0,0.0,0.4944392442703247,0.9999644875898688,0,37,625,ref,1135,0.1135,2.301577091217041,2.301421642303467,,,1eaa8b0126bd8d9739658b40899cac32a34ec0e7ac2c87a505adb1e11fccc2c0,,44.26328308705706,1030896,1087464,24,V06,4
0.01330318609025417,0.14996882588694152,0.019186066660996197,0.53529296875,0.002232460741974265,0.14899427893955985,0.008233077237240828,0.50580810546875,0.0006270762351296456,0.021541610216297816,3.060870529190854e-05,3.645623186012701e-05,0.000756695196028576,0.5770213127389137,-0.00504872301738942,0.021221007937159125,-0.0013142263972870149,0.08150104653770136,0.11897981496759898,0.5769668715763139,0.029664269462227822,2.3011488914489746,0.11349999904632568,0.02966426950530149,0.0014951695900706887,0.0003289222160638216,0.001824091806134501,9.107298248878237e-18,0.9961328125,0.9961328125,0.93080078125,0.99998046875,0.0004034161567687988,0,0.0,0.5558320879936218,0.999934661697255,0,38,625,ref,1135,0.1135,2.3015170097351074,2.301649808883667,,,0b620648c057c6b9686dbfacf8d6f46332a4ab34d2948cae69f712af3074048d,,46.9089106679894,967468,1087464,24,V06,4
0.0027678010934171927,0.1511449681665938,0.014326078659864913,0.5058984375,0.0023193095240059813,0.1489983678088397,0.00824417944488787,0.50600830078125,0.0006285747113293657,0.021541436883447417,3.0502014921501667e-05,3.725605268213128e-05,0.0007575619498985976,0.5770228152013374,-0.005043631380685838,0.021219488306921108,-0.0012272028657040468,0.08158900250146543,0.11897898300682735,0.5769676950584224,0.02635744071332738,2.3010032176971436,0.11349999904632568,0.0263574406132102,0.001385394776186486,0.000277919756340597,0.0016633145325270645,1.8648277366750676e-17,0.99615234375,0.99615234375,0.9443359375,0.999921875,0.0003531396389007568,0,0.0,0.5912263989448547,0.9999086836039581,0,39,625,ref,1135,0.1135,2.3011486530303955,2.3010241985321045,,,25d3d18db407db2f93026b46eb7278ef9cdab41f55b67d83cead62c095174abb,,49.57168692396954,1057616,1087464,24,V06,4
0.0017626659265656242,0.14613566752019086,0.015155640744143859,0.49650390625,0.002308604236933731,0.1489990382170563,0.008253834195602583,0.50601806640625,0.0006290609564121422,0.021541279875652644,3.03725575430052e-05,3.7160816579618014e-05,0.0007578602901628002,0.5770226738239554,-0.005044894285965711,0.02122230792689136,-0.0012382215489346433,0.08163704811434917,0.11898247450222904,0.5769677617523155,0.025921885023126378,2.3009049892425537,0.11349999904632568,0.025921884957933797,0.001238945180323905,0.00021391975188549502,0.0014528649322093931,6.938893903907228e-18,0.99734375,0.99734375,0.9481640625,1.0,0.00038051605224609375,0,0.0,0.47486400604248047,0.9999286041801914,0,40,625,ref,1135,0.1135,2.30100417137146,2.300947666168213,,,c18435c5e79fb1b9131fdc7830bec6b9071131028e2ec321f6abaf676334cd3b,,52.23374336899724,1088252,1087464,24,V06,4
-0.02095779381191566,0.1498700345480005,0.018946365935965756,0.45671875,0.002348971758677586,0.14899709465766123,0.008246106453424917,0.5060791015625,0.0006283322947528689,0.021541072746924447,3.0729174746747126e-05,3.7534569209913474e-05,0.0007574017503795807,0.5770189270633107,-0.00504300239495933,0.021219597801148245,-0.0011980432563070565,0.08158074714930556,0.11907425819390244,0.5769663375837006,0.02965162876062095,2.301764488220215,0.11349999904632568,0.029651628704741598,0.0015173730716964422,0.0003504236169533697,0.0018677966886498283,1.6479873021779667e-17,0.99578125,0.99578125,0.9300390625,0.99994140625,0.0003935039043426514,0,0.0,0.5853021740913391,0.9998809686386333,0,41,625,ref,1135,0.1135,2.3009068965911865,2.300950765609741,,,4bf13cf638a34111c4118a1056c444489b8759c9fc89b1ae6171aefe77ca8278,,54.86679023900069,1030924,1087464,24,V06,4
0.00756099891303392,0.14905196827558254,0.01549929910726917,0.5074609375,0.002472507690747725,0.14899845773936507,0.008250467113057623,0.5063208007812501,0.000628628791324736,0.021540848328606678,3.106328877795288e-05,3.8671144000027075e-05,0.0007575237022381714,0.5770170412962321,-0.00503692956030136,0.021220235264522803,-0.0010755421871442683,0.0815997183184976,0.11907244198465419,0.5769658116333546,0.02680852423189208,2.301663398742676,0.11349999904632568,0.026808524132939056,0.0013247030429183074,0.00019463698762954782,0.001519340030547864,8.890457814381136e-18,0.99716796875,0.99716796875,0.94484375,0.99998046875,0.0003620505332946777,0,0.0,0.5104547739028931,0.9999142063793219,0,42,625,ref,1135,0.1135,2.3017642498016357,2.301469326019287,,,653a1f31095fbb9c267a2502e9a45c68f58e672a66f65908bda41b811e2fa54c,,56.33739098999649,967336,1087464,3,V06,4
-0.021030350975649453,0.15179850594545172,0.014272358548220232,0.4525,0.002431278621152379,0.14900657956200936,0.008274555684284533,0.50629638671875,0.0006307499814472759,0.021541232558286754,3.097821303539017e-05,3.829658602843953e-05,0.0007588230079303076,0.5770209749611889,-0.005039785222616047,0.021221845719253136,-0.0011167667484799182,0.08174806547696767,0.1190842966425074,0.5769676701961679,0.02679875638685189,2.3013641834259033,0.11349999904632568,0.026798756351927296,0.0013346918146956521,0.0001771317980787628,0.0015118236127743912,2.3852447794681098e-17,0.9971875,0.9971875,0.94521484375,1.0,0.00037584304809570315,0,0.0,0.490908682346344,0.999874188517192,0,43,625,ref,1135,0.1135,2.3016605377197266,2.3016090393066406,,,2e91fbb85319afec791e00358480f70493e3183bed532f241e97656ae32f2ed4,,57.33554835501127,1057648,1087464,3,V06,4
0.010800048338779122,0.15002221639519905,0.016399405829133143,0.521796875,0.002414951438752922,0.14901184238844292,0.008296699613039266,0.5062817382812501,0.0006323289934852283,0.021541184599154627,3.101557935830195e-05,3.8131967956212983e-05,0.0007597829244370525,0.5770213777115528,-0.0050409531619516204,0.02122392958438596,-0.00113479780292559,0.08185867899699943,0.11908684129817682,0.5769681304998234,0.027655927952146157,2.301725387573242,0.11349999904632568,0.02765592799289152,0.0014309557036873907,0.00032853551814871027,0.0017594912218360853,1.5612511283791264e-17,0.99525390625,0.99525390625,0.93951171875,0.99986328125,0.0004060029983520508,0,0.0,0.5829459428787231,0.999951597706031,0,44,625,ref,1135,0.1135,2.301366090774536,2.3016061782836914,,,a3eb93b03694ebac8eeee7ac0504bc484335efddcd031b08d88925faafcd7bfd,,58.3209801960038,1088276,1087464,3,V06,4
-0.0065178038170697295,0.1506913978083417,0.01275957648572985,0.48791015625,0.0023448425398344104,0.1490171799934442,0.0083154540206803,0.50617919921875,0.0006342604178823678,0.02154141591582753,3.0443599488643382e-05,3.7473411710632775e-05,0.0007609780372054515,0.5770254252551885,-0.005045305601670407,0.021227621361334974,-0.0012066113034227561,0.08200087291092217,0.11908870041871253,0.5769698773988489,0.025205336570506914,2.300732135772705,0.11349999904632568,0.025205336797516794,0.0012392419092253299,0.00020860133137857325,0.001447843240603903,2.168404344971009e-19,0.99689453125,0.99689453125,0.951484375,0.99994140625,0.00035552978515625,0,0.0,0.5309449434280396,0.9999282623770669,0,45,625,ref,1135,0.1135,2.301724433898926,2.301846504211426,,,d3f830a51fdee757f4138260ff09e993a185222c355023e9732fc22691867ec7,,59.31589346204419,1030936,1087464,3,V06,4
-0.0024513741253142586,0.15171098771715705,0.01681603119438428,0.5,0.0023375962845970165,0.1490206269851751,0.008327340974893621,0.50620361328125,0.0006356349252518084,0.021541456257084056,3.0056084718831656e-05,3.741789760388305e-05,0.000761806875761849,0.5770265636259634,-0.005046423159365076,0.0212281900421871,-0.0012134156047397548,0.08209198090444396,0.11908614615213961,0.5769705803422507,0.028230377942090854,2.3019306659698486,0.11349999904632568,0.028230377885047345,0.001461342536903262,0.0003373584755323307,0.0017987010124355723,2.0383000842727483e-17,0.994921875,0.994921875,0.93873046875,0.99984375,0.00041515231132507326,0,0.0,0.6769462823867798,0.9999171487616115,0,46,625,ref,1135,0.1135,2.3007333278656006,2.300778865814209,,,923f46088808d37a95f002c13d97cbbb1c5302bdbadcb8d9565441d9ef54114f,,60.31134742801078,967508,1087464,3,V06,4
-0.007688544740554979,0.14905588008552412,0.016754698029568926,0.48767578125,0.0023782185309126204,0.149023843084823,0.008342888205001288,0.506318359375,0.0006367773023111495,0.02154166953130216,2.9658974156640557e-05,3.780116917498287e-05,0.0007624738816398427,0.5770256253693224,-0.005043454035767354,0.021230373373964783,-0.0011711849800536795,0.08217591910581346,0.11908792906168618,0.5769705939988712,0.027688053094316274,2.301316738128662,0.11349999904632568,0.027688053040765225,0.0013533796853404862,0.000266782764810152,0.001620162450150648,9.75781955236954e-18,0.99681640625,0.99681640625,0.94150390625,0.999921875,0.0003652632236480713,0,0.0,0.7309454083442688,0.9999312748496442,0,47,625,ref,1135,0.1135,2.301931619644165,2.301952600479126,,,5409ce76ae81411ab16a5c22db2c0ea574dd6865bdc4df6a5f09e8877479c849,,61.333932628971525,1057660,1087464,3,V06,4
0.007239164098363984,0.14863340439892048,0.01441896066046463,0.51158203125,0.0023554523692922848,0.14903017010122854,0.008369801528405515,0.50630126953125,0.0006388604414387874,0.02154167792597655,2.9453232985779975e-05,3.7586721660496514e-05,0.0007637336778560637,0.5770275469398786,-0.005045145266631152,0.021235085718460313,-0.0011948437450584547,0.08232865527031757,0.11909417988376216,0.576971722937785,0.025918248299276456,2.301046848297119,0.11349999904632568,0.025918248316738755,0.0013471606737476094,0.000310713859771288,0.001657874533518862,3.5344990823027445e-17,0.99546875,0.99546875,0.9487109375,0.99984375,0.00029814243316650396,0,0.0,0.6811121702194214,0.9999461314892102,0,48,625,ref,1135,0.1135,2.301316738128662,2.3016364574432373,,,e0b1e22ebaa42b770316e027944f48638183d93b3ade841fe68fa36d278bc49c,,62.32501406199299,1088292,1087464,3,V06,4
0.0024469728157084326,0.1502113218037944,0.013341642272217345,0.5082421875,0.0023196299312631557,0.14903917950262988,0.008394707928499567,0.506162109375,0.0006408400331800091,0.021542040550557,2.9796443080119433e-05,3.727939994880836e-05,0.0007649339273070168,0.5770306453083571,-0.005048165726184379,0.021235554497768986,-0.0012293455682914761,0.08245779212264397,0.11910219326328059,0.5769730959603201,0.025488571176538244,2.3012375831604004,0.11349999904632568,0.025488571339519695,0.0012380595690837605,0.0002265979803449167,0.0014646575494286773,2.168404344971009e-19,0.99685546875,0.99685546875,0.94916015625,0.999921875,0.0003810703754425049,0,0.0,0.6115984916687012,0.9998972218342944,0,49,625,ref,1135,0.1135,2.3010458946228027,2.3013808727264404,,,fda96a72a871d7e8133a3a45936561698175a45fa49b814b8f7c1326a61288dc,,63.32394414499868,1030956,1087464,3,V06,4
-0.004382819480781968,0.15012416758298658,0.01762132210161707,0.4887890625,0.002329532579919392,0.14904358044745813,0.008410657765967208,0.5061914062499999,0.0006423304615140155,0.02154205763970494,2.960077137896997e-05,3.736931682496012e-05,0.000765820657992999,0.5770319441960144,-0.005047121434472501,0.02123930230281092,-0.001219090388538087,0.08256963000619945,0.11910703368314139,0.5769738975474062,0.028427218684228137,2.3013851642608643,0.11349999904632568,0.02842721888097003,0.0016011466201980898,0.0004423644639454888,0.0020435110841436044,2.5587171270657905e-17,0.99357421875,0.99357421875,0.93556640625,0.99986328125,0.0003435492515563965,0,0.0,0.6551114916801453,0.9999130242849932,0,50,625,ref,1135,0.1135,2.301238536834717,2.3012092113494873,,,29e1742574d42b11df702b5fe680c4df25224a3a6cb541ab5bd88b4fa63ca84f,,64.38955921807792,967528,1087464,3,V06,4
-0.013475089164987308,0.15214386497071575,0.013110619896631233,0.4739453125,0.002368228793589304,0.14904332092833456,0.008411855809226612,0.5062695312500001,0.0006422342006865669,0.021541918669715488,2.9758642944474552e-05,3.774860364910815e-05,0.0007657445321569336,0.5770307095663563,-0.005045067478204146,0.021238423231651638,-0.001178183119939904,0.08255961295708458,0.1191084426899828,0.5769734404146137,0.025851230248808862,2.301110029220581,0.11349999904632568,0.025851230231346563,0.0013316945388498409,0.00021511037433019137,0.001546804913180041,8.890457814381136e-18,0.99642578125,0.99642578125,0.9474609375,0.999921875,0.0003526270389556885,0,0.0,0.577363133430481,0.9998958201383781,0,51,625,ref,1135,0.1135,2.301387310028076,2.3011934757232666,,,a3f2d28685bdf8384698d8707f78698eb71587d86c9c1420060accca946a754d,,65.40131690597627,1057680,1087464,3,V06,4
0.011970950613484039,0.15246080550910993,0.01680945602060707,0.5228515625,0.002366566339453212,0.14904577506360384,0.008430044709476454,0.506259765625,0.0006435699175956772,0.021542024211119514,2.9048935595202583e-05,3.775755134469869e-05,0.000766541907658431,0.5770336179469696,-0.005046222610399127,0.02124201609144089,-0.0011784216697774774,0.08265983767008607,0.11910958593678588,0.5769748082417169,0.028508280669339,2.301187753677368,0.11349999904632568,0.028508280619280412,0.001447253877484556,0.00023754326613546132,0.0016847971436200321,1.474514954580286e-17,0.9965234375,0.9965234375,0.93701171875,0.99998046875,0.0003816366195678711,0,0.0,0.5181663036346436,0.9999268203498607,0,52,625,ref,1135,0.1135,2.3011081218719482,2.300889253616333,,,c6494f154acced9313499bf4ec3baa350eb153817fca481cd2aa1c515ba614d6,,66.3909227179829,1088312,1087464,3,V06,4
0.009061533077243958,0.14755001878804358,0.014901948527062685,0.516640625,0.0023904808553653054,0.14905635619350527,0.00845885653110729,0.5062451171875,0.0006462564150541798,0.021542486684794655,2.9054221836281366e-05,3.7995034095774216e-05,0.0007681323189745912,0.5770398722436092,-0.005045852847397328,0.021243962478741576,-0.001153724693403026,0.08283325608876974,0.11909932852285718,0.5769774208071994,0.0260759469831828,2.3008968830108643,0.11349999904632568,0.026075946944765747,0.0013115869145709017,0.00023922314048932031,0.001550810055060227,4.9873299934333204e-18,0.99669921875,0.99669921875,0.9455078125,0.9999609375,0.00036219954490661625,0,0.0,0.6339897513389587,0.9998802334037998,0,53,625,ref,1135,0.1135,2.3011858463287354,2.301461935043335,,,c06359772befb7118dc13930e5e45b0db9388a312b20cee5c9defec57ffe97e9,,67.39432144002058,1030980,1087464,3,V06,4
-0.01198110086434379,0.14880828139598293,0.016612152591479922,0.472421875,0.0024218701454852254,0.14906277975217422,0.008481123212358388,0.50630126953125,0.0006481003373064817,0.021542616149880428,2.899582025829492e-05,3.8266651241860734e-05,0.0007692165830594777,0.577041311289367,-0.0050441407551988955,0.02124415566479152,-0.0011241887350981394,0.08295059638388216,0.11912086283126841,0.5769782843999153,0.02756130787660368,2.301499128341675,0.11349999904632568,0.027561307933647184,0.0014254650336368224,0.00037002315694727796,0.0017954881905841076,7.15573433840433e-18,0.995390625,0.995390625,0.93884765625,0.9998828125,0.00034839510917663576,0,0.0,0.7660602331161499,0.999944301306718,0,54,625,ref,1135,0.1135,2.3008992671966553,2.3007445335388184,,,99d52d822b8e374df73dd06c8dace59e5dd5152c4aae3946506a0ec1d297051d,,68.40038469003048,967952,1087464,3,V06,4
0.005954887298825013,0.14903202288119055,0.013458950520417656,0.51546875,0.0023922300299556044,0.14906226925315252,0.008481566239580799,0.5062524414062499,0.000648592405312361,0.021542534584608298,2.843312497867501e-05,3.799844089306581e-05,0.0007695225534914789,0.5770426080987927,-0.005047064111568034,0.021244576790990663,-0.001154586972713758,0.08298751846767795,0.11912381987454297,0.5769789090798666,0.025348433866165577,2.3014583587646484,0.11349999904632568,0.02534843373228796,0.0012168218014038292,0.00021194317687809241,0.0014287649782819215,2.168404344971009e-19,0.99765625,0.99765625,0.94837890625,0.9999609375,0.00031202435493469247,0,0.0,0.578477144241333,0.9999517902696278,0,55,625,ref,1135,0.1135,2.301500082015991,2.301222562789917,,,3c675436f035d9deeec82ff2939a9f451065d6608b772b1e623b7ecfd04daf06,,69.42340637405869,1057700,1087464,3,V06,4
-0.013986393438646447,0.1491820058614054,0.017244281806985035,0.48025390625,0.0023920346087750355,0.14906495260941696,0.008496481449061092,0.50628173828125,0.0006497775273107424,0.021542369151036026,2.8213418100951517e-05,3.800918371244185e-05,0.0007702264593248033,0.5770416638511273,-0.0050472773227375,0.021249316074854422,-0.0011536997129732308,0.08308507079370686,0.11912455196038393,0.5769789548565413,0.028130879855016246,2.3017611503601074,0.11349999904632568,0.028130879699019715,0.0014897914756338481,0.00029800084825771627,0.0017877923238915695,4.9873299934333204e-18,0.99552734375,0.99552734375,0.9385546875,0.9998828125,0.0004269480705261231,0,0.0,0.5378847122192383,0.9998988966636712,0,56,625,ref,1135,0.1135,2.301459312438965,2.301564931869507,,,c979ae90dd50760dc557b3ba895e72c61fad982eeeb4aa156b785e1b90057eaf,,70.39381222601514,1088328,1087464,3,V06,4
0.008775985102975788,0.15241060673230175,0.017395389662030816,0.51255859375,0.0023561646495254013,0.14906576766145804,0.008498081988133642,0.50625244140625,0.00065011299584377,0.02154227680012292,2.821329253310187e-05,3.767249895309997e-05,0.000770442281514259,0.5770417133546586,-0.005050110511365347,0.021250964579059492,-0.0011910221516318099,0.08311699015926703,0.11912386129714994,0.5769791919898544,0.028838865341385828,2.3017752170562744,0.11349999904632568,0.028838865164434537,0.0015441543074161028,0.0002984321535777312,0.0018425864609938386,4.553649124439119e-18,0.995546875,0.995546875,0.93466796875,0.99994140625,0.00042090415954589846,0,0.0,0.5683972835540771,0.9998505951858006,0,57,625,ref,1135,0.1135,2.301760673522949,2.301947593688965,,,3693cbf4d67470c33aa7169c494d073886435b1c9859c0ed6559d3727156cf58,,71.40687778498977,1030992,1087464,3,V06,4
0.0021636504031644034,0.14872502128699389,0.013722728349896886,0.50626953125,0.002361883430209798,0.14907282766256383,0.008516630351171102,0.5062231445312501,0.0006517689956965129,0.021542675519398147,2.826343221779673e-05,3.7727326194315414e-05,0.0007714225753992399,0.5770439512022254,-0.005049912061076611,0.021252988270224222,-0.0011852073187231039,0.08323043754789561,0.11912878563731358,0.5769801980904148,0.025444605516968297,2.301661491394043,0.11349999904632568,0.02544460543198511,0.0012217005229574283,0.0002338495614164934,0.001455550084373927,5.421010862427522e-18,0.99724609375,0.99724609375,0.94818359375,0.99998046875,0.00036130547523498534,0,0.0,0.5070786476135254,0.9999154889582126,0,58,625,ref,1135,0.1135,2.301774740219116,2.3020265102386475,,,8307a2d7f74e74cf105e75499d9605965764b90a7d3a21d0290ec4b8451f243d,,72.45658747607376,967960,1087464,3,V06,4
0.01672985196981277,0.15215421158079104,0.016050273957848287,0.5371875,0.002425367517662217,0.1490718476331362,0.00851439006524044,0.50633056640625,0.0006518172839413377,0.02154258164835367,2.8016824461967563e-05,3.8272163913264176e-05,0.0007714243819840606,0.5770451838514759,-0.005047025374951772,0.021251840555054555,-0.0011265086488549902,0.08322752265181757,0.1191280393820194,0.5769805198627549,0.027982136013451963,2.301525354385376,0.11349999904632568,0.02798213595408015,0.0014860046841306054,0.00027873352563125974,0.0017647382097618774,1.235990476633475e-17,0.9955078125,0.9955078125,0.93796875,0.999921875,0.0003893017768859863,0,0.0,0.7286499738693237,0.9999206490297918,0,59,625,ref,1135,0.1135,2.3016624450683594,2.301632881164551,,,d054e93e9485eddc55120a6f8046442dcb660dedfc04a6a5bf9eed96c011cee2,,73.4798461580649,1057712,1087464,3,V06,4
-0.021601421404469693,0.1506939916024433,0.015604509352853608,0.45283203125,0.0023952181448153643,0.1490791669876254,0.00854778714317463,0.5063671875,0.0006543588494738685,0.02154277435664327,2.746482360716956e-05,3.798243973292434e-05,0.0007729448735825039,0.577048690872721,-0.005049305203719996,0.021254700510364165,-0.001158467188697697,0.08340016484492495,0.11914004256924647,0.5769823245859471,0.027496769618010147,2.3019001483917236,0.11349999904632568,0.027496769762365147,0.0014127754617225558,0.00027022313114029035,0.001682998592862833,1.3227266504323154e-17,0.99611328125,0.99611328125,0.94060546875,0.99990234375,0.00038802027702331546,0,0.0,0.6171057820320129,0.9999051322766764,0,60,625,ref,1135,0.1135,2.301523447036743,2.3011975288391113,,,1f1882fa3e8d642c04ea10121aa697e72b78ed465f548a43bc99fb21a87cb3da,,74.51861766306683,1088344,1087464,3,V06,4
0.0014837969023964947,0.14745472005088173,0.01799414426146025,0.51173828125,0.002373545809772527,0.1490869184828027,0.008576226461653352,0.50628662109375,0.0006567313820220514,0.02154290408278248,2.7273797893325532e-05,3.778764416813226e-05,0.000774357760671757,0.5770510651614286,-0.005050340035231784,0.021257171119371716,-0.0011794564516251643,0.08355875314630282,0.11914032439374404,0.5769835746985378,0.02818748146877624,2.301079034805298,0.11349999904632568,0.02818748160614632,0.0013720716989842092,0.00028128283872265843,0.0016533545377068603,7.37257477290143e-18,0.9967578125,0.9967578125,0.9387109375,0.99998046875,0.00039886832237243656,0,0.0,0.524985671043396,0.9998974579726508,0,61,625,ref,1135,0.1135,2.3019018173217773,2.3019096851348877,,,fea74e18c156cf638aa588fe18c049c67882d17476bb2e62638b5cb8816ca207,,75.56298793107271,1031008,1087464,3,V06,4
-0.0015461472514145338,0.1525049955488175,0.015244753875960707,0.4994140625,0.002437451199596545,0.14908811123592805,0.00858023405717362,0.506474609375,0.0006573765733394618,0.02154283418694551,2.7054151611489004e-05,3.837339085516523e-05,0.0007747101564554978,0.5770478879338438,-0.005046944407513365,0.021257364081702864,-0.0011160582149878245,0.08359856639462343,0.11913825248540344,0.5769826417922183,0.027295311684720217,2.3013975620269775,0.11349999904632568,0.027295311774360016,0.0014704461275129607,0.00024173010626149375,0.0017121762337744476,6.7220534694101275e-18,0.99599609375,0.99599609375,0.94064453125,0.999921875,0.00039446353912353516,0,0.0,0.5943787097930908,0.9998913474398904,0,62,625,ref,1135,0.1135,2.301081657409668,2.3010411262512207,,,6c87f73cd8e5b6b081cf70c151cbabbd25e52c6e7f525091d54fec9308d7d352,,76.63806078303605,969184,1087464,3,V06,4
0.015165429686890124,0.14979811169268542,0.01583598694816848,0.532890625,0.0025058765610054532,0.14909574432345382,0.00859902740794882,0.5065625,0.0006596601876409457,0.02154313414971957,2.6746638004200084e-05,3.901182777977627e-05,0.0007760260593905366,0.5770496920856293,-0.00504311214783229,0.021257417492196524,-0.0010468258737443869,0.0837385835297214,0.11913868006724865,0.576983765546049,0.027303008615272118,2.301597833633423,0.11349999904632568,0.027303008604794742,0.0013921472880006564,0.00027977519392900546,0.001671922481929661,6.505213034913027e-19,0.9963671875,0.9963671875,0.94140625,0.99990234375,0.00036773085594177246,0,0.0,0.7019979953765869,0.9999004929057262,0,63,625,ref,1135,0.1135,2.3013954162597656,2.3013057708740234,,,8f2687629ebbd8f233b2b7d99786458d2cebae25b7d235285465d167e5b9a529,,77.67686019500252,1057732,1087464,3,V06,4
-0.01495398097441295,0.14903459528682814,0.01366734177921048,0.47375,0.002499397987377524,0.14910135072571465,0.00861615992194522,0.5065576171875,0.0006615233275866422,0.021543327676973523,2.636178367240591e-05,3.8947145584123016e-05,0.0007771271981673048,0.5770537539727829,-0.005043520129984245,0.02125865507875331,-0.0010538597584848187,0.08385672535007647,0.11914641111477246,0.5769855136292958,0.025613934010034426,2.301168203353882,0.11349999904632568,0.025613933859858662,0.0012589208773555593,0.00026745589888805063,0.0015263767762436096,2.168404344971009e-19,0.996953125,0.996953125,0.94716796875,0.99990234375,0.0003321290016174317,0,0.0,0.6713695526123047,0.9999324153287127,0,64,625,ref,1135,0.1135,2.301597833633423,2.3013484477996826,,,b20b9afb5762f2d3b2363cd5172581be3649f96e14d4f2acf88dd9c258d8989e,,78.68048102699686,1088360,1087480,3,V06,4
-0.008198257737013943,0.15167406394543953,0.01684911906183576,0.48419921875,0.0024931655909869893,0.14910643483766436,0.008631850000497331,0.5065869140624999,0.0006626385273990668,0.02154335430246535,2.673608013423458e-05,3.8889860498426664e-05,0.0007777864753606745,0.5770552460491132,-0.005043251292663626,0.021261331847372368,-0.0010594590799946557,0.08393840847274607,0.11916277111535795,0.576986372812209,0.028292152900248765,2.301409959793091,0.11349999904632568,0.02829215302830562,0.0014844119937820212,0.00030144578520655533,0.0017858577789885818,5.204170427930421e-18,0.99572265625,0.99572265625,0.93779296875,0.99984375,0.0003728389739990234,0,0.0,0.6545299291610718,0.9998438502087201,0,65,625,ref,1135,0.1135,2.3011693954467773,2.3013293743133545,,,3b939d38328cc96eda0cb3bc8368be70b8c3a4a9c88567d348081f75f507ce72,,79.91770790796727,1031020,1087480,17,V06,4
0.016770915469081764,0.14743678887494038,0.015334111077113792,0.5421875,0.0025163530327709373,0.14910818803893958,0.008639609384953279,0.50666748046875,0.0006634179988696838,0.021543239225101134,2.6594516284946706e-05,3.9111662202355334e-05,0.000778233829379574,0.5770536619837568,-0.00504168244311586,0.0212598822794734,-0.0010351693492315016,0.08398277270749277,0.11915207972182187,0.5769859597077305,0.02649723184877075,2.301272392272949,0.11349999904632568,0.02649723203154281,0.0012866776817040183,0.00029328408235025877,0.001579961764054274,3.0357660829594124e-18,0.9963671875,0.9963671875,0.94572265625,0.99994140625,0.00040860772132873536,0,0.0,0.5382992029190063,0.9999126696523011,0,66,625,ref,1135,0.1135,2.3014116287231445,2.3013689517974854,,,14011226bd31997041295477cf506afe3331cb89b49d59f3180bc8f7eeb4e1be,,81.33762468304485,968392,1087480,2,V06,4
0.006127723146608863,0.14861083361589902,0.015809092179938505,0.5125,0.0025128824147497707,0.14911369271014527,0.008657389193262097,0.5066284179687499,0.0006656000665129667,0.021543244752065104,2.604853507755411e-05,3.907207176661759e-05,0.0007795178473025831,0.577055734713274,-0.005041878423653543,0.021258072460706868,-0.0010394208873764083,0.08410705301322104,0.11916391421430114,0.5769870947089843,0.026927320588147268,2.3004214763641357,0.11349999904632568,0.02692732057883404,0.0013122928643072495,0.0001761398784666406,0.001488432742773891,8.673617379884035e-19,0.99755859375,0.99755859375,0.94521484375,0.999921875,0.00038284659385681165,0,0.0,0.532189130783081,0.9999232174467897,0,67,625,ref,1135,0.1135,2.3012709617614746,2.3013575077056885,,,4c0158051d8fe032753ab484c837ca3fe4befdd43e067b05a302544aaec55a5e,,82.33316351205576,1057744,1087480,3,V06,4
0.01187332484096249,0.14644019775746708,0.014128389586606387,0.5251171875,0.002507259948588948,0.1491196036019097,0.008680302339657659,0.5066235351562499,0.000667526667614719,0.02154353011421268,2.559939656328437e-05,3.902569722957971e-05,0.0007806503519836511,0.577056439668787,-0.0050422116718254984,0.02126128582429833,-0.0010445046416481497,0.08424225339710498,0.11917371657331477,0.576987766852442,0.025353342506568878,2.3013055324554443,0.11349999904632568,0.025353342437883838,0.0012218845752841137,0.00021245258554568954,0.001434337160829794,9.107298248878237e-18,0.997109375,0.997109375,0.95171875,0.999921875,0.00036723613739013676,0,0.0,0.5158497095108032,0.9998927782356547,0,68,625,ref,1135,0.1135,2.300421953201294,2.300528049468994,,,edce267a97f6c08583f475f8542eb273379d709b119e5c7a3ffdec53b4cd9b46,,83.30287754104938,1088368,1087480,3,V06,4
0.004512068040456976,0.14927659903702614,0.015453633773381402,0.51712890625,0.002463340337350568,0.14912685897960515,0.008703839604779372,0.5065576171874999,0.0006697170606942952,0.021543777420527085,2.5325587901661688e-05,3.863188254379564e-05,0.0007819528503371406,0.5770573061884341,-0.005044784144847654,0.021264610839049004,-0.0010874186293570137,0.084393969057435,0.1191707871127422,0.5769885341700697,0.026760608692420647,2.3012609481811523,0.11349999904632568,0.02676060871570371,0.0014074435535485355,0.0003081547500795123,0.001715598303628048,2.168404344971009e-19,0.99546875,0.99546875,0.94357421875,0.99986328125,0.0003387570381164551,0,0.0,0.6166921854019165,0.9999199936337413,0,69,625,ref,1135,0.1135,2.3013057708740234,2.301503896713257,,,dd9088d1d94c0aa0f10308741e078d7da07c95b7cae8c7ede3e53a5d0783d6a7,,84.29879843303934,1031028,1087480,3,V06,4
0.003487775285943383,0.15280440686086288,0.017117106179570348,0.51388671875,0.0024241914791899035,0.14912898700988664,0.008718135148801398,0.50647705078125,0.0006711759691411549,0.021543746119189678,2.4532678264104537e-05,3.8257220090405065e-05,0.0007828245646520871,0.5770577916495886,-0.005047297333949246,0.02126681247363177,-0.0011283114203668521,0.0844951679482014,0.11918332690056808,0.576988983330909,0.028675920226378368,2.3016490936279297,0.11349999904632568,0.028675920135574417,0.001552930004285412,0.000306515888981873,0.0018594458932672778,7.15573433840433e-18,0.99486328125,0.99486328125,0.936953125,0.9998828125,0.00035459995269775395,0,0.0,0.5891032814979553,0.9999258755758019,0,70,625,ref,1135,0.1135,2.3012609481811523,2.3009674549102783,,,8ae7e4a3d2bb821fb7443395cea47ec62a9f44d4e4054f5e725c50348e4c03f9,,85.32862953003496,968400,1087480,3,V06,4
-0.014432416866691717,0.1495558449672944,0.020526793350986918,0.48306640625,0.0023803160730453644,0.1491387030118378,0.008751017368575276,0.5064111328125,0.0006737619659874396,0.02154391482736103,2.467594270468544e-05,3.786441862783278e-05,0.000784353856430299,0.5770578131998024,-0.0050492920185206455,0.02127078014496654,-0.0011705438272562251,0.08467638145415847,0.11918447858396616,0.576989653390311,0.030441543326014654,2.3016414642333984,0.11349999904632568,0.030441543504130097,0.0016889863490569456,0.0007226457310381357,0.0024116320800950733,7.806255641895632e-18,0.99111328125,0.99111328125,0.93134765625,0.99947265625,0.00040317773818969725,0,0.0,0.8536728024482727,0.9998970994377675,0,71,625,ref,1135,0.1135,2.301649570465088,2.301682710647583,,,7f04b4faa5f72292307d8c2275fcdb9c6a9412d9b38982191d32bc5fe472e82f,,86.48574425303377,1057752,1087480,2,V06,4
-0.010272469654398314,0.15062704373631716,0.019957278076659625,0.46669921875,0.0024241788455769495,0.14914426890592528,0.008763153423194144,0.50642578125,0.0006752858842316018,0.02154384850784693,2.4878555404422545e-05,3.829550654468419e-05,0.0007852215423457348,0.5770582431361545,-0.005047128372243605,0.0212709790295756,-0.0011242204780613047,0.08476835353638386,0.11917690884933388,0.5769900350675955,0.030244439357193186,2.3011772632598877,0.11349999904632568,0.030244439467787744,0.001660348229921354,0.0004821671341219066,0.0021425153640432307,2.992397996059992e-17,0.9935546875,0.9935546875,0.9286328125,0.9998046875,0.0004182100296020508,0,0.0,0.7029918432235718,0.9998814315893406,0,72,625,ref,1135,0.1135,2.301640748977661,2.3015239238739014,,,4276a41dc39b11cbb33cf29a65074255b99e1ba743613c821a39d830e2801d14,,87.61212659801822,1088376,1087480,2,V06,4
0.011991801780205522,0.14756093528912578,0.01445576749267949,0.52783203125,0.0024125029032369604,0.14915218024719834,0.008788749334126914,0.5065380859374999,0.0006771695728400248,0.021544090139365767,2.5113160286960586e-05,3.819620472407185e-05,0.000786323386227076,0.5770611778224567,-0.005047675938694738,0.021274318514762726,-0.0011349403057288353,0.08489992978421669,0.1191724819940306,0.5769914558619129,0.025823773423908278,2.301180601119995,0.11349999904632568,0.025823773455340416,0.0012470757165260974,0.00019026567031234492,0.0014373413868384386,3.686287386450715e-18,0.99712890625,0.99712890625,0.95189453125,0.99994140625,0.0004268229007720947,0,0.0,0.6352769732475281,0.999850967423095,0,73,625,ref,1135,0.1135,2.3011765480041504,2.3010168075561523,,,6fcf70cbaf6833eb47ca31031dd8e9ffc59902f9293fa35f3e2d047f8b7673c9,,89.12297586805653,1031040,1087480,17,V06,4
0.0008378377427867506,0.1525891745526909,0.017815203767928237,0.49927734375,0.002449467773882782,0.14915861285731277,0.008811750081820592,0.50654541015625,0.0006795021507951883,0.021544099679401497,2.4689959321027815e-05,3.8556625547961976e-05,0.0007876621364220061,0.5770641214193637,-0.005045175832347013,0.02127282414773986,-0.00109551947883609,0.08503338087273202,0.11916586331751493,0.5769929573620457,0.02911956644267775,2.301459550857544,0.11349999904632568,0.02911956631112844,0.001570534133811028,0.0002861001170489095,0.0018566342508599628,2.5370330836160804e-17,0.99560546875,0.99560546875,0.9355078125,0.99986328125,0.00043001770973205566,0,0.0,0.671514093875885,0.9998590286410423,0,74,625,ref,1135,0.1135,2.3011810779571533,2.3012678623199463,,,721af295c8787227dfbeafffc2612582141108062274796de6147a7e0107c7db,,91.92210831306875,969216,1087480,17,V06,4
0.001077588092793751,0.1486946368267006,0.013356453301909385,0.50384765625,0.0025004107706519414,0.14916600356022006,0.008835179637411482,0.506669921875,0.0006813793606193775,0.021544110395935966,2.5006861572240727e-05,3.903127161604689e-05,0.0007887286518228568,0.5770650218069825,-0.005042444176506251,0.021275096570771136,-0.0010441661183767915,0.08515758366331026,0.11916457580528556,0.5769937584241502,0.02518651470192708,2.3013291358947754,0.11349999904632568,0.025186514755478128,0.0011940735718413626,0.00019424395357454322,0.0013883175254159178,1.1926223897340549e-17,0.99755859375,0.99755859375,0.95111328125,1.0,0.00037151575088500977,0,0.0,0.4680938124656677,0.9999191681391719,0,75,625,ref,1135,0.1135,2.3014609813690186,2.301180601119995,,,1cf3aab0cb5942bc3f658e5911fb45db2162bd448d95c1fc7ad53886bc2a4105,,93.5965996630257,1057764,1087480,7,V06,4
0.017394743671549293,0.14913788984970278,0.01503684951066293,0.5310546875,0.0024930638766813827,0.14917257524453448,0.008853468948457626,0.50662109375,0.0006829988045129787,0.02154429339085592,2.5165009717404487e-05,3.8970399990096445e-05,0.0007896706857759959,0.5770658423658062,-0.0050435886485502126,0.021275933056840203,-0.0010515461465869574,0.08526125010308656,0.11916968369073516,0.5769944284995924,0.02663855206454173,2.301473617553711,0.11349999904632568,0.026638552192598582,0.0013368556361719026,0.0003590625236701665,0.001695918159842086,1.691355389077387e-17,0.99560546875,0.99560546875,0.94416015625,0.9999609375,0.0003688931465148926,0,0.0,0.6773231625556946,0.9999468033279505,0,76,625,ref,1135,0.1135,2.3013291358947754,2.3014910221099854,,,343c38672ce02c13decc6cd8ba85e2349959d53168e10f2527f877ddfabc46f9,,96.16682166606188,1088392,1087480,22,V06,4
-0.0070047055377554105,0.14809719239727584,0.01727956137479565,0.4872265625,0.002503339493533447,0.14918001722256585,0.008871888689810328,0.506650390625,0.0006848999441359204,0.02154436299043706,2.541460395206825e-05,3.908189414542722e-05,0.0007907661238474844,0.5770644827784152,-0.005044694150565192,0.021273388186442168,-0.0010412304312956222,0.08536357737110771,0.11916509639344428,0.5769943958429112,0.02783417681697756,2.301682472229004,0.11349999904632568,0.02783417667145841,0.0013604795215447487,0.00035962111342428306,0.0017201006349690231,8.673617379884035e-18,0.995703125,0.995703125,0.93919921875,0.99998046875,0.00040698647499084475,0,0.0,0.52341228723526,0.9999252398400885,0,77,625,ref,1135,0.1135,2.3014745712280273,2.301255464553833,,,00adc0706748aae58c665410aae7e769021b7913e06cda50d2472d07a2dff0e8,,99.07485981099308,1031056,1087480,22,V06,4
0.002645916601208431,0.15126287039764347,0.01879350728571399,0.5078515625,0.002483983017863628,0.1491886207670596,0.008904831191350139,0.50660400390625,0.0006878489258367256,0.021544295189510527,2.5100451030275116e-05,3.8906400559817936e-05,0.0007924794853793149,0.5770671506150581,-0.005045344258542172,0.02127607482597969,-0.0010598577181763925,0.08555734017344988,0.11915526096638802,0.5769959117145579,0.02953655791701749,2.301483631134033,0.11349999904632568,0.02953655769000761,0.001522413762375312,0.000326782836933874,0.0018491965993091789,7.15573433840433e-18,0.995625,0.995625,0.9323828125,0.99994140625,0.0004035294055938721,0,0.0,0.5344212055206299,0.9999160309319568,0,78,625,ref,1135,0.1135,2.3016812801361084,2.301844835281372,,,feb0d0eeef38fb33bfb727c41a67f6c279162c0348efb9048bf4ee6a2c8cef54,,101.93304688401986,969840,1087480,22,V06,4
0.0010043437659915766,0.14689090015129425,0.010670652989389429,0.50265625,0.0024725282023779684,0.14919698179481142,0.008931792946539483,0.50664306640625,0.00069022801077834,0.0215445390908355,2.497227506745094e-05,3.8809126015404655e-05,0.0007938568483368182,0.5770702030897096,-0.005046257955254987,0.02128070573863626,-0.001070736006367754,0.08572109316340168,0.11915226018362697,0.5769974725510667,0.022941272285534067,2.3010518550872803,0.11349999904632568,0.022941272456664594,0.0010026731745076166,8.395354863047826e-05,0.0010866267231381043,9.540979117872439e-18,0.998984375,0.998984375,0.96171875,1.0,0.00034965872764587403,0,0.0,0.43251633644104004,0.9999393936079789,0,79,625,ref,1135,0.1135,2.301483154296875,2.3013978004455566,,,527399a7bf163f011b2fa8c54dcbf2e802e572e4486f7231dacaaf0996b5c7ad,,104.91006769705564,1057776,1087480,22,V06,4
-0.009930680768622684,0.15159209690747813,0.015059118019352946,0.4700390625,0.002447629771079276,0.14919630478574636,0.008933023617410982,0.50654541015625,0.0006903395632775229,0.02154459376307042,2.4604035373378953e-05,3.8588345638917834e-05,0.0007939319109834149,0.5770712860427283,-0.005048395799822174,0.021281448931489148,-0.0010954901096020026,0.08573715023303598,0.11914746088497848,0.5769978875741397,0.02706601477577351,2.3006703853607178,0.11349999904632568,0.02706601453013718,0.001330330047045526,0.00020425830557168828,0.001534588352617196,1.8214596497756474e-17,0.9972265625,0.9972265625,0.9432421875,0.9999609375,0.00041916370391845706,0,0.0,0.5449469089508057,0.9999294365131682,0,80,625,ref,1135,0.1135,2.3010528087615967,2.30145525932312,,,3ba2f5c4dfcd709e6e74b5db1ae979d6b885366c0d5666e56e9d251cccdda144,,107.7573276059702,1088404,1087480,19,V06,4
-0.0031477523367839395,0.15034150248186479,0.014917870166780136,0.5014453125,0.0024433584288773356,0.1492004094569677,0.008949311468045796,0.5064892578125,0.0006919729883778916,0.021544451601755794,2.4337591993125234e-05,3.8564644363513676e-05,0.0007948739909882238,0.577070361722387,-0.00504871551413089,0.021277950957540835,-0.0010982377307012091,0.08582288047619155,0.11915002942840755,0.5769977505698897,0.026616022654343395,2.3014426231384277,0.11349999904632568,0.02661602262640372,0.001369253932375387,0.00025010317816426595,0.0016193571105396355,1.734723475976807e-17,0.99599609375,0.99599609375,0.94634765625,0.999921875,0.0003766953945159912,0,0.0,0.5957558155059814,0.9998302205483572,0,81,625,ref,1135,0.1135,2.300670862197876,2.3008882999420166,,,a10200da826c10c83ae9cd15c04c42961a5e3078b025873dca772a6afa9cabc6,,110.5262469680747,1038880,1087480,19,V06,4
-0.010714724766447,0.14586829444223143,0.011576347390029502,0.48455078125,0.0024500553012280386,0.14920169293572283,0.008961747272567806,0.50650634765625,0.0006926265053718464,0.021544536534508624,2.3982135005247302e-05,3.8620690162463955e-05,0.0007952474153311039,0.577070621501344,-0.005048159663565457,0.021281572358823657,-0.0010919406711278384,0.08587847586421697,0.11914956641693321,0.5769980241236194,0.02342908671591431,2.3013293743133545,0.11349999904632568,0.02342908673803322,0.0010486858341012227,0.0001852461032200413,0.0012339319373212611,2.8189256484623115e-18,0.99822265625,0.99822265625,0.95724609375,0.99998046875,0.0003195703029632569,0,0.0,0.5259357690811157,0.9999351391949264,0,82,625,ref,1135,0.1135,2.301443576812744,2.3015589714050293,,,4f06234419ebd6d7e405db6a5178f8e0d9a09810f3c399888dad16651ca599da,,113.32182896602899,969856,1087480,19,V06,4
0.008229674429235265,0.14838747193775015,0.014425686809571767,0.51548828125,0.002411148645816454,0.14920530597980558,0.008977569743410291,0.50635009765625,0.000694346896357704,0.021544653637849673,2.3222798320035446e-05,3.826139767687781e-05,0.0007962541188981646,0.5770737778073644,-0.005050567747093737,0.02128471427761816,-0.0011311538906942531,0.08600006531021184,0.11916055794544567,0.5769995834313768,0.025920203459681945,2.301090955734253,0.11349999904632568,0.025920203347923235,0.0012309111765575538,0.0002243143655354255,0.0014552255420929921,1.2793585635328952e-17,0.9971875,0.9971875,0.94845703125,1.0,0.00033354759216308594,0,0.0,0.46482300758361816,0.9999199800274331,0,83,625,ref,1135,0.1135,2.3013272285461426,2.301537275314331,,,dc736bd1ef741f23bb0804c8be0f3b599f2f6ca23d477ff3835a93e6cbd0b041,,116.00194991007447,1057792,1087480,19,V06,4
0.006756089220019048,0.15144117976251617,0.013333385569764449,0.52357421875,0.002510780442518056,0.14920296332332444,0.008975004163645274,0.5065307617187499,0.0006943215174504962,0.02154435231144335,2.2850435567451803e-05,3.9177652528279004e-05,0.0007961949764429214,0.5770722701737357,-0.005044837308814749,0.021284259247981666,-0.0010315643103394024,0.0859951124571285,0.11916319404188644,0.5769990142953573,0.025780257509322838,2.3011715412139893,0.11349999904632568,0.025780257619917393,0.0012752380981195255,0.00016793512304427653,0.001443173221163791,1.1058862159352145e-17,0.99708984375,0.99708984375,0.9505859375,1.0,0.0003915369510650635,0,0.0,0.48900067806243896,0.9999078484749228,0,84,625,ref,1135,0.1135,2.301093578338623,2.300795555114746,,,5f7bf226317b794d46863be868c36bbe44ebd1423838e33ebed743ad3e188e31,,118.70259077497758,1088420,1087480,19,V06,4
-0.0069507987616870106,0.15099874462931315,0.020945886432638554,0.475859375,0.0025448769307163588,0.14921443469829443,0.009003431754354028,0.5065869140625,0.0006976785459550188,0.021544849482345967,2.241949403058705e-05,3.947571637142483e-05,0.0007981074098389747,0.5770750784433286,-0.005043755564838648,0.021285070382463633,-0.0009999495584793927,0.08619875435180528,0.11917398779531851,0.5770005592864216,0.030982523983111604,2.3012044429779053,0.11349999904632568,0.030982524110004305,0.001658661388722116,0.0005134272519797744,0.0021720886407019073,1.691355389077387e-17,0.99357421875,0.99357421875,0.92759765625,0.9996484375,0.00040012001991271976,0,0.0,0.6790611743927002,0.9997830693523907,0,85,625,ref,1135,0.1135,2.3011696338653564,2.3011813163757324,,,59bf0a78df18bdee94ae030a3343f1ef93a671aa67dd854e88881b3381ac72cb,,121.40553514508065,1031080,1087480,19,V06,4
0.00022852596670129788,0.14929944464324346,0.01997887381402901,0.50447265625,0.002664764400666613,0.14922914040240068,0.009042039826179911,0.5067333984375,0.0007017954540907865,0.02154503032301003,2.25105681386002e-05,4.055326490202869e-05,0.0008004105854006462,0.5770791601879575,-0.005037111772689968,0.021289854749367187,-0.0008829240526918536,0.08645807955167054,0.11917875747570135,0.5770028690079552,0.029916851149173453,2.301121950149536,0.11349999904632568,0.02991685118060559,0.001643908164931426,0.0004153778040708645,0.0020592859690022718,1.8648277366750676e-17,0.9937109375,0.9937109375,0.93015625,0.999921875,0.00039181709289550783,0,0.0,0.5905234813690186,0.9997955416279842,0,86,625,ref,1135,0.1135,2.301203966140747,2.3012983798980713,,,f93f6d4ae3774e1d476ab12222e68c4bdc4d538cddda784c164d92e1b43d0867,,124.14486713102087,969868,1087480,19,V06,4
0.003264241469590714,0.15059818697587216,0.020213809764851903,0.50138671875,0.002650889660052318,0.1492348176447675,0.009061979019538629,0.5067211914062499,0.0007037922863446188,0.021544832908643348,2.240560247904792e-05,4.0426357675319276e-05,0.0008015578179774844,0.5770785237634187,-0.0050384020467754455,0.021290256506190982,-0.0008972144253895875,0.08658197148250889,0.1191786104054896,0.5770030677664978,0.030335483435774222,2.3011622428894043,0.11349999904632568,0.030335483504459262,0.0017503967931974756,0.0004787081416736878,0.002229104934871171,7.37257477290143e-18,0.99298828125,0.99298828125,0.9309765625,0.99953125,0.00044487118721008305,0,0.0,0.7894521951675415,0.9999268496413382,0,87,625,ref,1135,0.1135,2.301124334335327,2.3013010025024414,,,16e2c7ac8815e436240ce21e4613fe1df253c2b373cbd94cd9399d4c857b7bf3,,126.94670822797343,1057804,1087480,19,V06,4
0.008434117167601231,0.1492260218943418,0.01645294043324995,0.51283203125,0.002673672931284127,0.149242082482078,0.009088421076375123,0.506826171875,0.0007063544733394477,0.021544905878058258,2.1938832189659467e-05,4.064748698931335e-05,0.0008030080875917237,0.5770808720796452,-0.005037883457262069,0.021292462384719796,-0.000874043832814434,0.08674336156411155,0.11918487903070414,0.5770044725077755,0.027518054732354358,2.3013439178466797,0.11349999904632568,0.027518054825486617,0.0013714797083797723,0.000246877170560409,0.0016183568789401796,1.734723475976807e-18,0.99658203125,0.99658203125,0.9410546875,0.9999609375,0.0004027009010314942,0,0.0,0.5443546772003174,0.9999187685910242,0,88,625,ref,1135,0.1135,2.3011624813079834,2.301250457763672,,,6e4b4fddfab652742cab0da2e808006d6bdad49ba0ef7997882e410aa950e06b,,129.7540647239657,1088432,1087480,19,V06,4
-0.013106794125198981,0.14849866961640784,0.015314297961681746,0.46943359375,0.0026735290102966568,0.14925463861784807,0.009128077102742655,0.5068505859374999,0.0007104992747623273,0.021545313156547286,2.1134717634814025e-05,4.064376131768185e-05,0.000805366825096181,0.5770860452640716,-0.005038091079331935,0.02129160677088698,-0.0008746331045339068,0.08698289083800469,0.1191995446715014,0.5770069695563612,0.026636899433797226,2.3014793395996094,0.11349999904632568,0.02663689958746545,0.0013126247403272085,0.00022691292754086867,0.0015395376678680876,1.0408340855860843e-17,0.9966796875,0.9966796875,0.94462890625,1.0,0.0004077732563018799,0,0.0,0.4663512110710144,0.9998541478468814,0,89,625,ref,1135,0.1135,2.301342725753784,2.301520824432373,,,4610a750d6b0d896d29b0118a6df1ea097b1718b62d7767d89ca10b53e2b3ea7,,132.79534540697932,1038908,1087480,17,V06,4
-0.01134277341488202,0.14791681567119697,0.01665868465345399,0.48138671875,0.002682989038960565,0.14925770827595305,0.009142263421007393,0.5068896484375001,0.0007119352053487128,0.021545399692010348,2.052858243044834e-05,4.072421356452874e-05,0.0008061782546055701,0.5770855763785314,-0.005036872731288895,0.021290899802531793,-0.0008651734043653342,0.08706812106614553,0.11919893583842503,0.5770071142140389,0.02741980036254972,2.3015427589416504,0.11349999904632568,0.027419800317147747,0.00136096967767001,0.00030434485540530915,0.0016653145330753122,6.938893903907228e-18,0.99607421875,0.99607421875,0.94087890625,1.0,0.0003522753715515137,0,0.0,0.4752681851387024,0.9999336655042004,0,90,625,ref,1135,0.1135,2.3014822006225586,2.3014564514160156,,,e49081f4aba269750d39c95b2238bf1b07bee5946f2256f5b5c6923075b791cb,,135.69858753401786,969084,1087480,17,V06,4
-0.00026580935196819145,0.14956303934517953,0.015356642851594982,0.5007421875,0.002710259887449721,0.14926910779823876,0.009177976708826674,0.506962890625,0.0007150258115370494,0.021545552410984496,2.0688320360681213e-05,4.096359461112521e-05,0.0008079185774702589,0.5770854587639515,-0.005036974069662392,0.02129057443482968,-0.0008407530721267675,0.08725027910653024,0.11919201639708207,0.577007618606934,0.026784233753569423,2.301034927368164,0.11349999904632568,0.026784233653452248,0.0013172359015642349,0.00014902913945886043,0.0014662650410230762,1.9081958235744878e-17,0.99783203125,0.99783203125,0.945859375,0.99994140625,0.0003748953342437744,0,0.0,0.5527058839797974,0.9999216021746502,0,91,625,ref,1135,0.1135,2.3015427589416504,2.3020827770233154,,,f39fec97a87389c00697e0eb30e22bb5f91d8d87b1e61d799174d3953df62f0d,,138.57081401499454,1057816,1087480,17,V06,4
0.0014810974459284647,0.14857131407810456,0.02000850782555389,0.51677734375,0.0027603069964492618,0.14927792131251158,0.009211475446652389,0.5071386718750001,0.00071793919958693,0.02154543139091313,2.0527200884342433e-05,4.1398566117473516e-05,0.0008095449413460796,0.577086278280374,-0.00503388847107999,0.021293074240802946,-0.0007931099442162959,0.08743403325409209,0.1191874701221246,0.577008480629343,0.029816791837802156,2.300825834274292,0.11349999904632568,0.029816791726043446,0.0015388859739325948,0.000347999133505783,0.0018868851074383584,1.929879867024198e-17,0.9951171875,0.9951171875,0.93076171875,0.99994140625,0.00040793418884277344,0,0.0,0.5317492485046387,0.9998766958787476,0,92,625,ref,1135,0.1135,2.301034927368164,2.3011837005615234,,,df4994efa814713d23d5f005cf22fa58fb91f1f2deb248215bc3df2120788d9d,,141.48089670704212,1088444,1087480,17,V06,4
-0.003773569463361651,0.14849076499380473,0.017429935337083716,0.4866015625,0.002813764596441962,0.14929041115238292,0.009259020342253014,0.5073315429687499,0.0007225355828179407,0.021545432336741395,1.9658942488203723e-05,4.190332316903207e-05,0.0008121131052777089,0.5770878888851595,-0.005029893858591095,0.02130014113994333,-0.0007374091238491248,0.08773080338427013,0.1191913689153841,0.5770099391607282,0.02795241925632581,2.3006112575531006,0.11349999904632568,0.02795241915155202,0.001495137097074705,0.0004619358591027425,0.0019570729561774526,5.204170427930421e-18,0.9944921875,0.9944921875,0.93884765625,0.99955078125,0.0003777503967285157,0,0.0,0.8798543214797974,0.9997759053147214,0,93,625,ref,1135,0.1135,2.3008265495300293,2.301229238510132,,,8d1bdcb77313c3ed0e37d37475ae0f332c7e8b0481473b94aa7aa46d317bd589,,144.28574501199182,1038920,1087480,17,V06,4
-0.0031668286787703104,0.15229313268784092,0.02022128473733875,0.49806640625,0.002955192076202536,0.14929406223665406,0.009279163262904259,0.5075439453125,0.0007242421341976167,0.021545602254726202,1.887263019811352e-05,4.325653230283215e-05,0.0008130032825350282,0.5770899837752139,-0.005021223155781626,0.02130058107943589,-0.0005901186383957135,0.08783072727628985,0.11918773275828363,0.5770109404085658,0.030732880039140584,2.301309823989868,0.11349999904632568,0.030732880000723526,0.0016642590295289467,0.00043128360732807647,0.002095542636857021,2.6020852139652106e-18,0.99376953125,0.99376953125,0.928125,0.99978515625,0.0004259347915649414,0,0.0,0.7270746231079102,0.9997994324513739,0,94,625,ref,1135,0.1135,2.3006107807159424,2.3007755279541016,,,b03e7ab13e18b208381ca94667b2b23f71c214fb78f321b5dc9b65c4fceca12e,,147.17542211397085,969896,1087480,17,V06,4
-0.013552841636639435,0.14777127573635837,0.01665973699341984,0.4742578125,0.002853550201407931,0.14931130636109222,0.009331223392616874,0.5073876953125,0.0007293125658955741,0.021545870956592418,1.8682684767949756e-05,4.230670707358358e-05,0.0008159020775142224,0.5770947250749876,-0.005025655733188614,0.021301929293008833,-0.0006918492339282745,0.08814048532951607,0.11919147297475176,0.5770137091023081,0.02738678834633902,2.30134654045105,0.11349999904632568,0.027386788463918493,0.0014277602897598243,0.00046275560955447127,0.0018905158993142933,2.168404344971009e-18,0.9939453125,0.9939453125,0.93958984375,0.99990234375,0.00032386183738708496,0,0.0,0.5870730876922607,0.9998185674694086,0,95,625,ref,1135,0.1135,2.30130934715271,2.301344156265259,,,b7a41bea8b51684d93415f1dbdc9b504ade136b5fe44dd3cdfdb7dec784c8439,,150.04477077606134,1057832,1087480,17,V06,4
-0.0006271285764579237,0.15039156930347783,0.01739782520742409,0.50361328125,0.0028447239506470836,0.14931697751800466,0.009351226110386635,0.50735595703125,0.0007310333381206378,0.021545754534479156,1.8771902512515182e-05,4.222811357259893e-05,0.000816870699691662,0.5770926279676519,-0.005026198655832559,0.021302919894877016,-0.0007004431028388347,0.08825275919911361,0.1192112081629797,0.5770133175359625,0.028311147725908085,2.3014862537384033,0.11349999904632568,0.02831114785047248,0.0016113202507153047,0.00042945148185252844,0.0020407717325678486,1.5612511283791264e-17,0.99365234375,0.99365234375,0.93697265625,0.99970703125,0.00037159919738769535,0,0.0,0.6596680879592896,0.9997951715843406,0,96,625,ref,1135,0.1135,2.30134916305542,2.3015663623809814,,,b968b0841088c7eb655420a9137ef80c212ff0449751d74f48199d3fe4fd80ca,,152.8561897589825,1088460,1087480,17,V06,4
-0.04116237564176865,0.1507325657096916,0.015575773194923261,0.4089453125,0.0027701118649188588,0.14932672386714538,0.009384101840680921,0.5072314453125,0.000733739176547733,0.021545741525934435,1.8989758412520903e-05,4.154312985050687e-05,0.0008184201711257332,0.5770935477583045,-0.005030798407969997,0.021302853215513215,-0.0007752110886212759,0.08841642810608512,0.11919443121187179,0.5770141256130846,0.02831550356000662,2.3008477687835693,0.11349999904632568,0.028315503488993272,0.0015198802501862213,0.00040182958414049843,0.0019217098343267088,1.0842021724855044e-17,0.99443359375,0.99443359375,0.9373046875,0.9996875,0.0003769159317016602,0,0.0,0.7422215938568115,0.9998713276962328,0,97,625,ref,1135,0.1135,2.301485776901245,2.3016419410705566,,,8e2405f406bbfddd0f2e54476385293f4f6eb27e7ab8775e969fec0c70351fb6,,155.69027982803527,1038940,1087480,17,V06,4
0.004601288576461589,0.14468210342470317,0.012141960229656102,0.51240234375,0.002778286920264642,0.1493336706892389,0.009407878173475895,0.5072534179687501,0.0007361062271827422,0.021545784341030983,1.865463330832586e-05,4.1620119018586e-05,0.000819738715008455,0.5770942460500887,-0.00503044810378924,0.021303400324468008,-0.0007669741825262299,0.0885584145164042,0.11919750599429407,0.5770148452788109,0.023518683558795602,2.301710367202759,0.11349999904632568,0.023518683541333303,0.0010747787494918553,0.000166118438763313,0.0012408971882551772,8.890457814381136e-18,0.9978515625,0.9978515625,0.958671875,1.0,0.0003390312194824219,0,0.0,0.47079193592071533,0.9998893325587902,0,98,625,ref,1135,0.1135,2.3008487224578857,2.301119565963745,,,5fb46966cf63093cea081cc09c9ec609b4181ac2bc9ab0f54563ee1004d4e203,,158.59716286498588,969912,1087480,17,V06,4
0.0011478596001286351,0.1481415300240568,0.013616596142845211,0.50060546875,0.002739391367482521,0.1493382357905613,0.009423940506326426,0.50724853515625,0.0007376367957775846,0.02154580227669775,1.8469596561947752e-05,4.127016571732287e-05,0.0008206103736114465,0.5770940157390695,-0.005032608947949484,0.02130574859331097,-0.0008049834771180775,0.08866114510652498,0.11919827284678952,0.5770151379227529,0.025258824380580337,2.3009753227233887,0.11349999904632568,0.025258824380580337,0.001195779086293462,0.0001719904393075727,0.0013677695256010167,1.7997756063259374e-17,0.9976953125,0.9976953125,0.95052734375,1.0,0.0003620564937591553,0,0.0,0.49542462825775146,0.9999291689038644,0,99,625,ref,1135,0.1135,2.3017115592956543,2.3019165992736816,,,1a8a16cf662d1188c5f7373800c5e2ae68c93f41f54500f8b2ae0fd1cf6af4df,,161.44439396099187,1057848,1087480,17,V06,4
0.0032552125997427693,0.14827744266930393,0.014645614458463914,0.499921875,0.0027458077509422162,0.14934752977615123,0.009455561152296265,0.507275390625,0.0007408331547288604,0.02154587857119027,1.7972924319249087e-05,4.132640682735666e-05,0.0008223880664283735,0.5770969079613222,-0.005031874983105808,0.021307587929022955,-0.0007984882960264411,0.08885556163461081,0.11919696656786417,0.5770168112833917,0.02600522242835723,2.3010201454162598,0.11349999904632568,0.026005222458625212,0.0012941485956778612,0.00020026475908297995,0.0014944133547608331,8.023096076392733e-18,0.996796875,0.996796875,0.9488671875,0.99998046875,0.0003851115703582764,0,0.0,0.7231833934783936,0.9999420845505317,0,100,625,ref,1135,0.1135,2.300973415374756,2.300990581512451,,,1b58180d050f6f5e192f35786f022221880e742063d42067a9c7f0a99414ac8d,,164.2310802830616,1088476,1087480,17,V06,4
-0.016913991133797733,0.15017527404991268,0.018651806027008166,0.46751953125,0.0027485110308398323,0.14935787957692837,0.009488182076728498,0.50722900390625,0.0007437940992049145,0.021545897445559712,1.8084646951605902e-05,4.135012911951665e-05,0.0008240328299591407,0.5770973214188158,-0.0050316364888567475,0.021312883250811744,-0.0007958197420764079,0.08905143169702309,0.1192019621318351,0.5770176797440086,0.029392734444700183,2.3014347553253174,0.11349999904632568,0.029392734469147398,0.0015528196730612196,0.0003372653275066485,0.0018900850005678844,1.6263032587282567e-17,0.99490234375,0.99490234375,0.93421875,0.99994140625,0.0004001975059509277,0,0.0,0.5563338994979858,0.9998697975841894,0,101,625,ref,1135,0.1135,2.3010215759277344,2.3010408878326416,1135,0.1135,1163ad7f00026e478b53533e21f4552121a1e311a1785caca8140013d05cb296,,169.92754502000753,1038952,1087480,17,V06,4
-0.024420091721489033,0.14836227851616213,0.01667912554627462,0.4477734375,0.0027098733603310586,0.1493626147581822,0.00950537419056861,0.5071826171875,0.0007451616422181665,0.02154567440500355,1.8354640179424118e-05,4.097389888590867e-05,0.000824810698888832,0.5770959719853205,-0.005034021353349089,0.021316859333453363,-0.0008367448084519302,0.08915008722928486,0.11918846454198036,0.5770175527207091,0.02786383469356224,2.301332712173462,0.11349999904632568,0.02786383459577337,0.001337374695215537,0.0003176991555799575,0.0016550738507954917,2.6020852139652106e-18,0.9962890625,0.9962890625,0.94154296875,0.9999609375,0.00037763714790344237,0,0.0,0.5284854769706726,0.9998751229403973,0,102,625,ref,1135,0.1135,2.301436185836792,2.301126718521118,1135,0.1135,4b9eb24069ba22b12dd68495491f68387cf502337cef6f80628632ba25b790c3,,175.71583489398472,967528,1087480,17,V06,4
0.0016103950800521343,0.1502149765714197,0.01950341075289021,0.50443359375,0.002642086917148169,0.1493785145408649,0.00955638638728308,0.507109375,0.0007500184959942632,0.021546018163175716,1.7903947265409946e-05,4.0365720123180254e-05,0.0008275308323260244,0.5771007013807711,-0.005038437593029812,0.02132011200300507,-0.0009034615498011062,0.0894503040632095,0.11919024587945092,0.5770202490605447,0.029763830213341863,2.302168607711792,0.11349999904632568,0.02976383033557795,0.0015923738690364116,0.0005225772826492571,0.0021149511516856613,7.37257477290143e-18,0.9932421875,0.9932421875,0.9303515625,0.99970703125,0.0003772497177124024,0,0.0,0.6449315547943115,0.999856582321062,0,103,625,ref,1135,0.1135,2.3013293743133545,2.3013064861297607,1135,0.1135,60431100e182b9c00a7d8c482a4fb0abeab8c73def41af20f5fa1ba674fa145e,,181.40681261906866,1059276,1087480,17,V06,4
0.004076560904110789,0.15296303359197855,0.019788246369756013,0.51845703125,0.0025411468102161795,0.14939862717348676,0.009617728616404378,0.50701416015625,0.0007559238022444652,0.02154615524946243,1.7870749615601197e-05,3.939744487989196e-05,0.000830836447726112,0.5771055683407967,-0.00504458095645532,0.021323063168625037,-0.0010087929104190484,0.08980514239898836,0.11917586114236237,0.5770231110531315,0.03058523728628643,2.3014471530914307,0.11349999904632568,0.030585237118648367,0.0016662835534255473,0.0003769974328776262,0.002043280986303183,9.540979117872439e-18,0.9938671875,0.9938671875,0.92869140625,0.9999609375,0.00037607550621032715,0,0.0,0.5354259610176086,0.9998487144742649,0,104,625,ref,1135,0.1135,2.302168846130371,2.301737070083618,1135,0.1135,063780f8e7c574aab2cab251039a43f6cd6bf051b82cdbb6c54e4b59336e66ff,,183.3060373350745,967532,1087480,9,V06,4
0.003945905742641802,0.14973657700499093,0.024989043120187328,0.51306640625,0.002545541288675737,0.14941999864609265,0.009682109013132142,0.5070629882812501,0.0007619105221637439,0.021546758932515616,1.7666540718963602e-05,3.9492869906257394e-05,0.0008341228197421889,0.5771099259103594,-0.005044688775669783,0.021329054862938096,-0.0009991255987367642,0.09017118478931899,0.1191751203073336,0.5770259726190998,0.03351791141438298,2.3019604682922363,0.11349999904632568,0.033517911415547136,0.0018463811035724156,0.0006103470818797716,0.002456728185452187,4.336808689942018e-19,0.991796875,0.991796875,0.91529296875,0.99984375,0.00042284131050109865,0,0.0,0.6274089813232422,0.99986303979862,0,105,625,ref,1135,0.1135,2.301448106765747,2.3017539978027344,1135,0.1135,12cfd719c4d8a2985300d1995fc8f1578c1ccfb4bf01aeb9f0597d851666341e,,185.12059578998014,1059280,1087480,9,V06,4
0.0002798212199506489,0.14740847161469242,0.01835527000986472,0.50501953125,0.0025436177279547297,0.14943065344150958,0.00971665730985783,0.5070556640625,0.0007657285259251964,0.021546897934497693,1.689372753365147e-05,3.947731136866795e-05,0.0008362155491358965,0.5771123696615642,-0.005045728200348094,0.021328688097070225,-0.0010017588059613469,0.09038983586288923,0.11917597986332809,0.5770274627212089,0.028413953043054788,2.3010001182556152,0.11349999904632568,0.028413953011622653,0.0014309104292856817,0.00032941871976489693,0.0017603291490505609,1.7780915628762273e-17,0.9960546875,0.9960546875,0.9355078125,0.99990234375,0.0003803849220275879,0,0.0,0.656600832939148,0.9999145835275512,0,106,625,ref,1135,0.1135,2.3019626140594482,2.302133321762085,1135,0.1135,cc65bfe6021f2812547d3f935e1abb74e4735afdbb7396fda1501b6cdecd1cfc,,186.95232322998345,967540,1087480,9,V06,4
-0.006276369238288211,0.1462258878191988,0.01672937374401096,0.488984375,0.0025512728701165355,0.14944553479050693,0.009760600908638565,0.5070776367187501,0.0007698399612448082,0.021547288878055654,1.6839029520149287e-05,3.956255734699311e-05,0.0008384584668384087,0.577116529700438,-0.005046555752633139,0.021333104983023567,-0.0009938539467576218,0.09064018860913783,0.11918399776996724,0.5770297022643721,0.027061174805276096,2.3013927936553955,0.11349999904632568,0.027061174642294645,0.0013312111044815422,0.00027965070706766575,0.0016108618115492227,1.474514954580286e-17,0.99666015625,0.99666015625,0.9424609375,0.9999609375,0.0003206014633178711,0,0.0,0.5785090327262878,0.9999347967338906,0,107,625,ref,1135,0.1135,2.3009989261627197,2.300736904144287,1135,0.1135,538c0e5f1151103e7f2dac407d93dbd28285ce48103837960a340bae2cbd1597,,188.78233632503543,1059288,1087480,9,V06,4
-0.024007879053946902,0.1500873794609315,0.016372787083060333,0.44611328125,0.002504851539146205,0.14946014251445108,0.009809161313791854,0.50698974609375,0.0007741129579590353,0.021547460878152715,1.6760364328283266e-05,3.914043482407491e-05,0.0008408071015321925,0.5771178751171528,-0.005049485274357721,0.021336251250348135,-0.0010400247760631832,0.09089544180543997,0.11918622130999908,0.5770310479206685,0.027997681041015313,2.3014402389526367,0.11349999904632568,0.027997680871048942,0.0014098349720488442,0.00024955919038992973,0.0016593941624387571,1.691355389077387e-17,0.99662109375,0.99662109375,0.9387890625,0.9999609375,0.00037820935249328614,0,0.0,0.6367639303207397,0.9998588705040067,0,108,625,ref,1135,0.1135,2.30139422416687,2.3016974925994873,1135,0.1135,0c32b97811637b99b6c50820a2c9103689c0713d0667de3506d54465ded14c2b,,190.6649395530112,967548,1087480,9,V06,4
0.0021018871434009523,0.15161516848090814,0.01857007368274514,0.49962890625,0.002552853606784733,0.14947625818984264,0.009864270830510922,0.50707763671875,0.0007784943248091281,0.02154785999678694,1.679744084042853e-05,3.9594663567092334e-05,0.0008431671011794948,0.5771209179627904,-0.005046570469858125,0.021341877918730726,-0.0009905797730488197,0.09116462054480114,0.11918898847469675,0.5770330544440035,0.029402379064122214,2.30265212059021,0.11349999904632568,0.029402379199163987,0.0016227552937625007,0.0004844010222431564,0.0021071563160056607,3.469446951953614e-18,0.99330078125,0.99330078125,0.9326953125,0.9997265625,0.00034011006355285647,0,0.0,0.6692309379577637,0.9997974942073948,0,109,625,ref,1135,0.1135,2.3014402389526367,2.300950050354004,1135,0.1135,95661ac4e51e7a01b9499a43165823fc6be04c9699c4128c2c4d33994fb8b9b6,,192.6703395730583,1059296,1087480,9,V06,4
-0.01119546731158567,0.1522521437432311,0.016376608071263503,0.4853515625,0.0025572710041044024,0.14948794183538466,0.009904938924196798,0.50712158203125,0.0007821748077239793,0.021547734997338988,1.6734949116377372e-05,3.96342086984389e-05,0.0008451604003016475,0.5771196300098296,-0.0050463334051892164,0.021343293034209992,-0.0009862917916553904,0.09137987356580436,0.11918085411755522,0.577033436800871,0.02813111014897004,2.301570415496826,0.11349999904632568,0.02813111014897004,0.001441055412559396,0.0002965448602901207,0.0017376002728495153,1.5178830414797062e-18,0.995703125,0.995703125,0.9381640625,0.99994140625,0.00038192868232727055,0,0.0,0.7354070544242859,0.9998908427213848,0,110,625,ref,1135,0.1135,2.302654266357422,2.3024301528930664,1135,0.1135,1dfed0dc6d87d6acc31b6057a9352f8c38b56bccc5e800c75341cda6d89f6f76,,194.75692054105457,967556,1087480,9,V06,4
-0.019989443674809745,0.15176572132511393,0.02011268349204489,0.4689453125,0.002474673844682408,0.14951177980379807,0.009979499861140682,0.50705078125,0.0007888156950802258,0.021547842909043425,1.7113695975743217e-05,3.887414923807735e-05,0.0008487836521579889,0.5771236646599706,-0.005049797118408606,0.021348726267751677,-0.00106761433287125,0.09177751761042503,0.11916707118638696,0.5770362867927089,0.030769883597968145,2.300781011581421,0.11349999904632568,0.03076988363522105,0.0017687057409330493,0.0005810333149931476,0.0023497390559262,3.0357660829594124e-18,0.99189453125,0.99189453125,0.9276171875,0.99955078125,0.00043843984603881837,0,0.0,0.826459527015686,0.9998826872220477,0,111,625,ref,1135,0.1135,2.3015682697296143,2.3015999794006348,1135,0.1135,2eb96c09ad9cce95672b35c451f2ffa9eeb2b751a5c573f686aa9b2562d592db,,198.58435576199554,1059300,1087480,24,V06,4
-0.011054697873903332,0.1499208043253222,0.021250295111050768,0.489921875,0.0023700191882913887,0.14952867998745448,0.010035130093345827,0.5069873046875,0.0007943046082596584,0.021548045286418672,1.647624411223837e-05,3.7934650837717405e-05,0.0008517801639734125,0.577126599722925,-0.005055306828580797,0.021349003819199724,-0.001169364203414302,0.09209222994979716,0.11913000316680358,0.5770384571604343,0.03097707425127737,2.301053762435913,0.11349999904632568,0.03097707449924201,0.00175926453686696,0.0006504332719280751,0.002409697808795037,2.168404344971009e-18,0.9912890625,0.9912890625,0.9241015625,0.99958984375,0.0003694415092468262,0,0.0,0.6296781301498413,0.9997281842915144,0,112,625,ref,1135,0.1135,2.300781726837158,2.301377773284912,1135,0.1135,36ba234703f60e38fe3c662815001aca1e54c0aba46cb6049658980fd4b33b13,,204.0187170440331,967560,1087480,24,V06,4
-0.007585325086285174,0.15113808073830098,0.0172913021979204,0.48044921875,0.002433319689795652,0.14954351287482268,0.010082394189223099,0.507001953125,0.000798681577596989,0.021548505260475307,1.607540486995871e-05,3.855457029261503e-05,0.0008541006662754175,0.5771280575894265,-0.005052456512348726,0.021355587383891136,-0.001103010694698341,0.0923654080506005,0.11910924473908832,0.5770400556241013,0.02848677756381221,2.3017992973327637,0.11349999904632568,0.028486777659272777,0.001467413528662675,0.00031012652438460104,0.001777540053047269,6.938893903907228e-18,0.995703125,0.995703125,0.93787109375,0.999921875,0.000375741720199585,0,0.0,0.5592637658119202,0.9998770807433693,0,113,625,ref,1135,0.1135,2.301055669784546,2.3007724285125732,1135,0.1135,02d60422d22fd4ddea1e88cd7e929a2c9fd0e7fa45316a697ee68ae41ffc2f41,,209.56138684100006,1059308,1087480,24,V06,4
-0.007959758997505489,0.15136418192977785,0.020274353157609903,0.47970703125,0.0024092734389516645,0.14955820396269467,0.010126337102336935,0.50697021484375,0.000803148871572774,0.02154861802497468,1.5889475999532985e-05,3.831736552427492e-05,0.000856501469676684,0.5771269974113302,-0.005053153267363086,0.02135736129729476,-0.001128006187142202,0.09261980566209699,0.11910270083050951,0.5770406750798494,0.030521865567425265,2.301194906234741,0.11349999904632568,0.030521865644259377,0.001697691228903033,0.0008221476258680259,0.0025198388547710594,8.673617379884035e-19,0.99150390625,0.99150390625,0.93044921875,0.99900390625,0.0003679156303405762,0,0.0,0.9443312883377075,0.999880625978363,0,114,625,ref,1135,0.1135,2.3018007278442383,2.3020875453948975,1135,0.1135,c3a9effae416a205c8928003e326ed7d776fa6f986494d8c08d87a2f05e39c06,,215.02103482699022,967568,1087480,24,V06,4
-0.006509714099253789,0.15427934356362916,0.019153196937830404,0.4813671875,0.002472667885323868,0.1495760105390768,0.010183157417457588,0.5070263671875,0.0008082980565386106,0.02154911462203078,1.557025021662255e-05,3.887959162055092e-05,0.0008592229251096799,0.5771322991142219,-0.005050865019438788,0.02136035074086993,-0.0010681247281495803,0.09291353082006502,0.11910922272482645,0.577043703089929,0.030414488308597356,2.3022067546844482,0.11349999904632568,0.030414488350506873,0.0016997953637557588,0.0004718879786196645,0.002171683342375412,1.1275702593849246e-17,0.99306640625,0.99306640625,0.9286328125,0.9998046875,0.00042856931686401377,0,0.0,0.7523045539855957,0.9997776897931163,0,115,625,ref,1135,0.1135,2.30119252204895,2.3010385036468506,1135,0.1135,23ba270ecf97dca5597c6eb9893bbb5618c168b5cfaec6120c447f71f1f44522,,220.52849721896928,1059316,1087480,24,V06,4
0.004637782927626872,0.1487752034250716,0.018303648217966966,0.5086328125,0.002445883205030568,0.1495973299119816,0.01025077092952673,0.5069873046875001,0.0008148277144781235,0.021549762372304385,1.4771030011764414e-05,3.862454752915369e-05,0.0008627049998865261,0.5771371046811419,-0.00505350800929591,0.021367424169174594,-0.0010968938766550884,0.09330406948778759,0.11908780660116661,0.5770466745109474,0.028662545097758993,2.3016178607940674,0.11349999904632568,0.028662544859107585,0.0015210540301465857,0.00033562025963299963,0.0018566742897795747,1.0625181290357943e-17,0.9947265625,0.9947265625,0.93708984375,0.9998828125,0.00043078660964965824,0,0.0,0.57492995262146,0.9998878137369471,0,116,625,ref,1135,0.1135,2.3022067546844482,2.301947832107544,1135,0.1135,334b775a872b05b387c262fc63c9fd89d68c1834dbc56d9e3a43afd7c1ad605a,,226.17519952799194,967576,1087480,16,V06,4
-0.015871595015803357,0.1494585313196764,0.01593807376215013,0.46263671875,0.00232861666002369,0.14961728087348272,0.010311089918153627,0.50685791015625,0.0008210062345448525,0.021550244418423833,1.4080083005935073e-05,3.747518019882548e-05,0.0008660266321358579,0.577142086380915,-0.005060778099577874,0.02136999945985455,-0.0012219026412694767,0.0936571942146631,0.11910073254168435,0.5770496323204954,0.027315888550365344,2.3016693592071533,0.11349999904632568,0.027315888607408852,0.0014050150855998594,0.0002805247966537766,0.0016855398822536337,2.3852447794681098e-18,0.99591796875,0.99591796875,0.9430078125,0.99982421875,0.00036249160766601565,0,0.0,0.6481455564498901,0.9995000833302298,0,117,625,ref,1135,0.1135,2.301618814468384,2.301827907562256,1135,0.1135,d1c3a1a02713424585644252d35482b97ea186a9f21727d5bf4d22c7246e2f1d,,228.6085559449857,1059324,1087480,11,V06,4
-0.013286575467319968,0.15147893017431463,0.01517752366100966,0.4662109375,0.0023576348010394955,0.14963443945704283,0.010362138881358111,0.50696044921875,0.0008262490225887193,0.02155055608275412,1.3660366280574383e-05,3.773817851150036e-05,0.0008687811486229368,0.5771474543138818,-0.005059093142626807,0.02137258362836049,-0.0011932767126473576,0.0939551605876318,0.11910137536875359,0.5770525437086071,0.027164096313063057,2.302091121673584,0.11349999904632568,0.02716409633983858,0.0014081580086173508,0.00022353236519402422,0.001631690373811373,1.951563910473908e-18,0.99603515625,0.99603515625,0.9430078125,0.9999609375,0.00041080117225646975,0,0.0,0.5482316613197327,0.9998751921338647,0,118,625,ref,1135,0.1135,2.3016698360443115,2.3018908500671387,1135,0.1135,67e60c6e1198f2e8c063449c41e1058ab9b96df41604c8ea88fb3d6d7b090088,,230.9699576050043,967580,1087480,3,V06,4
-0.007277220860916339,0.15424964622520068,0.020685836764699067,0.4938671875,0.0022336467013160627,0.14968246422089154,0.010510058738856222,0.506923828125,0.0008401428165806365,0.0215516100914129,1.308718724493542e-05,3.6568854270143644e-05,0.0008761184504372416,0.577157239785159,-0.005065077692270279,0.021383408762236066,-0.0013190442789203294,0.09475288757571683,0.11909985263644443,0.5770589856369448,0.03146241981885396,2.301064968109131,0.11349999904632568,0.031462419810704884,0.0018824328094407994,0.0005163645674590179,0.0023987973768998055,1.1709383462843448e-17,0.99248046875,0.99248046875,0.9255078125,0.99947265625,0.000397258996963501,0,0.0,0.8867748379707336,0.9992543645694022,0,119,625,ref,1135,0.1135,2.3020873069763184,2.301968812942505,1135,0.1135,e55eb46c4d97d23890c5cab2ccd4b835e0112ece0c5575931cc97c2ea9a8d072,,232.96674583805725,1059328,1087480,3,V06,4
0.004587611004682164,0.14980881359134027,0.018198975199576042,0.5080078125,0.002243589049938534,0.1497031246714502,0.010578110876986664,0.5068847656250001,0.0008472378229446389,0.02155192615283741,1.1861560613714138e-05,3.666158359076843e-05,0.0008798126420833252,0.5771631362658363,-0.005065118307247758,0.021386887312898468,-0.00130958590519853,0.0951460820885125,0.11910187302370134,0.5770623425496857,0.028791166053852065,2.301546812057495,0.11349999904632568,0.028791166197042913,0.0015351863792645653,0.0004083435313888976,0.0019435299106534542,8.673617379884035e-18,0.99451171875,0.99451171875,0.93625,0.99982421875,0.000408858060836792,0,0.0,0.7011023163795471,0.9997633436778104,0,120,625,ref,1135,0.1135,2.3010692596435547,2.301290512084961,1135,0.1135,be63433561ec64590b1e40e74ea584200c24d8031f87139f2c1bb4b40c6b6956,,236.705923513975,968528,1087480,17,V06,4
