step,run_id,loss
501000,A_w100_T10000_std_lr0.01_s0_none,1.45695
501000,A_w100_T10000_std_lr0.01_s1_none,0.651154
501000,A_w100_T10000_std_lr0.01_s2_none,1.38036
501000,A_w100_T10000_std_lr0.01_s3_none,0.236481
501000,A_w100_T10000_std_lr0.01_s4_none,0.545501
501000,A_w100_T10000_std_lr0.01_s5_none,1.16515
501000,A_w100_T10000_std_lr0.01_s6_none,0.496702
501000,A_w100_T10000_std_lr0.01_s7_none,0.249992
501000,A_w100_T10000_std_lr0.01_s8_none,0.292963
501000,A_w100_T10000_std_lr0.01_s9_none,1.33526
502000,A_w100_T10000_std_lr0.01_s0_none,0.643606
502000,A_w100_T10000_std_lr0.01_s1_none,0.484351
502000,A_w100_T10000_std_lr0.01_s2_none,1.04177
502000,A_w100_T10000_std_lr0.01_s3_none,0.153585
502000,A_w100_T10000_std_lr0.01_s4_none,0.249112
502000,A_w100_T10000_std_lr0.01_s5_none,0.797875
502000,A_w100_T10000_std_lr0.01_s6_none,0.119139
502000,A_w100_T10000_std_lr0.01_s7_none,0.0713317
502000,A_w100_T10000_std_lr0.01_s8_none,0.0594083
502000,A_w100_T10000_std_lr0.01_s9_none,1.16859
503000,A_w100_T10000_std_lr0.01_s0_none,0.529587
503000,A_w100_T10000_std_lr0.01_s1_none,0.482553
503000,A_w100_T10000_std_lr0.01_s2_none,0.989625
503000,A_w100_T10000_std_lr0.01_s3_none,0.12251
503000,A_w100_T10000_std_lr0.01_s4_none,0.207013
503000,A_w100_T10000_std_lr0.01_s5_none,0.668685
503000,A_w100_T10000_std_lr0.01_s6_none,0.0725215
503000,A_w100_T10000_std_lr0.01_s7_none,0.0642565
503000,A_w100_T10000_std_lr0.01_s8_none,0.0416528
503000,A_w100_T10000_std_lr0.01_s9_none,1.1318
504000,A_w100_T10000_std_lr0.01_s0_none,0.424858
504000,A_w100_T10000_std_lr0.01_s1_none,0.443642
504000,A_w100_T10000_std_lr0.01_s2_none,0.726532
504000,A_w100_T10000_std_lr0.01_s3_none,0.121835
504000,A_w100_T10000_std_lr0.01_s4_none,0.212579
504000,A_w100_T10000_std_lr0.01_s5_none,0.659743
504000,A_w100_T10000_std_lr0.01_s6_none,0.0422811
504000,A_w100_T10000_std_lr0.01_s7_none,0.0591687
504000,A_w100_T10000_std_lr0.01_s8_none,0.0182418
504000,A_w100_T10000_std_lr0.01_s9_none,1.19824
505000,A_w100_T10000_std_lr0.01_s0_none,0.37736
505000,A_w100_T10000_std_lr0.01_s1_none,0.359408
505000,A_w100_T10000_std_lr0.01_s2_none,0.55578
505000,A_w100_T10000_std_lr0.01_s3_none,0.134544
505000,A_w100_T10000_std_lr0.01_s4_none,0.194873
505000,A_w100_T10000_std_lr0.01_s5_none,0.576315
505000,A_w100_T10000_std_lr0.01_s6_none,0.023245
505000,A_w100_T10000_std_lr0.01_s7_none,0.0592506
505000,A_w100_T10000_std_lr0.01_s8_none,0.00737009
505000,A_w100_T10000_std_lr0.01_s9_none,1.11294
506000,A_w100_T10000_std_lr0.01_s0_none,0.312269
506000,A_w100_T10000_std_lr0.01_s1_none,0.347172
506000,A_w100_T10000_std_lr0.01_s2_none,0.510474
506000,A_w100_T10000_std_lr0.01_s3_none,0.111513
506000,A_w100_T10000_std_lr0.01_s4_none,0.188231
506000,A_w100_T10000_std_lr0.01_s5_none,0.565722
506000,A_w100_T10000_std_lr0.01_s6_none,0.011498
506000,A_w100_T10000_std_lr0.01_s7_none,0.0607232
506000,A_w100_T10000_std_lr0.01_s8_none,0.00287992
506000,A_w100_T10000_std_lr0.01_s9_none,1.06029
507000,A_w100_T10000_std_lr0.01_s0_none,0.250546
507000,A_w100_T10000_std_lr0.01_s1_none,0.315335
507000,A_w100_T10000_std_lr0.01_s2_none,0.459173
507000,A_w100_T10000_std_lr0.01_s3_none,0.127744
507000,A_w100_T10000_std_lr0.01_s4_none,0.146607
507000,A_w100_T10000_std_lr0.01_s5_none,0.569978
507000,A_w100_T10000_std_lr0.01_s6_none,0.00920205
507000,A_w100_T10000_std_lr0.01_s7_none,0.0627366
507000,A_w100_T10000_std_lr0.01_s8_none,0.00125421
507000,A_w100_T10000_std_lr0.01_s9_none,1.19232
508000,A_w100_T10000_std_lr0.01_s0_none,0.243959
508000,A_w100_T10000_std_lr0.01_s1_none,0.309287
508000,A_w100_T10000_std_lr0.01_s2_none,0.549503
508000,A_w100_T10000_std_lr0.01_s3_none,0.120916
508000,A_w100_T10000_std_lr0.01_s4_none,0.130334
508000,A_w100_T10000_std_lr0.01_s5_none,0.514644
508000,A_w100_T10000_std_lr0.01_s6_none,0.00684602
508000,A_w100_T10000_std_lr0.01_s7_none,0.052461
508000,A_w100_T10000_std_lr0.01_s8_none,0.000718069
508000,A_w100_T10000_std_lr0.01_s9_none,1.10874
509000,A_w100_T10000_std_lr0.01_s0_none,0.216441
509000,A_w100_T10000_std_lr0.01_s1_none,0.300823
509000,A_w100_T10000_std_lr0.01_s2_none,0.520327
509000,A_w100_T10000_std_lr0.01_s3_none,0.119539
509000,A_w100_T10000_std_lr0.01_s4_none,0.126012
509000,A_w100_T10000_std_lr0.01_s5_none,0.477535
509000,A_w100_T10000_std_lr0.01_s6_none,0.00619541
509000,A_w100_T10000_std_lr0.01_s7_none,0.0558714
509000,A_w100_T10000_std_lr0.01_s8_none,0.000257126
509000,A_w100_T10000_std_lr0.01_s9_none,1.10023
510000,A_w100_T10000_std_lr0.01_s0_none,0.149683
510000,A_w100_T10000_std_lr0.01_s1_none,0.31721
510000,A_w100_T10000_std_lr0.01_s2_none,0.55455
510000,A_w100_T10000_std_lr0.01_s3_none,0.122561
510000,A_w100_T10000_std_lr0.01_s4_none,0.126854
510000,A_w100_T10000_std_lr0.01_s5_none,0.520885
510000,A_w100_T10000_std_lr0.01_s6_none,0.0042161
510000,A_w100_T10000_std_lr0.01_s7_none,0.0610877
510000,A_w100_T10000_std_lr0.01_s8_none,0.000114548
510000,A_w100_T10000_std_lr0.01_s9_none,1.10776
511000,A_w100_T10000_std_lr0.01_s0_none,1.25471
511000,A_w100_T10000_std_lr0.01_s1_none,0.949253
511000,A_w100_T10000_std_lr0.01_s2_none,1.08949
511000,A_w100_T10000_std_lr0.01_s3_none,0.820324
511000,A_w100_T10000_std_lr0.01_s4_none,1.01614
511000,A_w100_T10000_std_lr0.01_s5_none,0.294431
511000,A_w100_T10000_std_lr0.01_s6_none,0.406482
511000,A_w100_T10000_std_lr0.01_s7_none,0.199714
511000,A_w100_T10000_std_lr0.01_s8_none,0.512282
511000,A_w100_T10000_std_lr0.01_s9_none,0.957627
512000,A_w100_T10000_std_lr0.01_s0_none,0.807299
512000,A_w100_T10000_std_lr0.01_s1_none,0.706866
512000,A_w100_T10000_std_lr0.01_s2_none,0.954384
512000,A_w100_T10000_std_lr0.01_s3_none,0.657123
512000,A_w100_T10000_std_lr0.01_s4_none,0.759086
512000,A_w100_T10000_std_lr0.01_s5_none,0.122984
512000,A_w100_T10000_std_lr0.01_s6_none,0.0873263
512000,A_w100_T10000_std_lr0.01_s7_none,0.0519431
512000,A_w100_T10000_std_lr0.01_s8_none,0.0979778
512000,A_w100_T10000_std_lr0.01_s9_none,0.858849
513000,A_w100_T10000_std_lr0.01_s0_none,0.625025
513000,A_w100_T10000_std_lr0.01_s1_none,0.576036
513000,A_w100_T10000_std_lr0.01_s2_none,0.858761
513000,A_w100_T10000_std_lr0.01_s3_none,0.520063
513000,A_w100_T10000_std_lr0.01_s4_none,0.740557
513000,A_w100_T10000_std_lr0.01_s5_none,0.0961919
513000,A_w100_T10000_std_lr0.01_s6_none,0.0422868
513000,A_w100_T10000_std_lr0.01_s7_none,0.0326096
513000,A_w100_T10000_std_lr0.01_s8_none,0.032072
513000,A_w100_T10000_std_lr0.01_s9_none,0.821956
514000,A_w100_T10000_std_lr0.01_s0_none,0.538362
514000,A_w100_T10000_std_lr0.01_s1_none,0.531791
514000,A_w100_T10000_std_lr0.01_s2_none,0.862443
514000,A_w100_T10000_std_lr0.01_s3_none,0.419403
514000,A_w100_T10000_std_lr0.01_s4_none,0.685967
514000,A_w100_T10000_std_lr0.01_s5_none,0.083162
514000,A_w100_T10000_std_lr0.01_s6_none,0.0296478
514000,A_w100_T10000_std_lr0.01_s7_none,0.0306242
514000,A_w100_T10000_std_lr0.01_s8_none,0.0198953
514000,A_w100_T10000_std_lr0.01_s9_none,0.871806
515000,A_w100_T10000_std_lr0.01_s0_none,0.482505
515000,A_w100_T10000_std_lr0.01_s1_none,0.570578
515000,A_w100_T10000_std_lr0.01_s2_none,0.839071
515000,A_w100_T10000_std_lr0.01_s3_none,0.417017
515000,A_w100_T10000_std_lr0.01_s4_none,0.641717
515000,A_w100_T10000_std_lr0.01_s5_none,0.0862349
515000,A_w100_T10000_std_lr0.01_s6_none,0.0161985
515000,A_w100_T10000_std_lr0.01_s7_none,0.0253435
515000,A_w100_T10000_std_lr0.01_s8_none,0.00723223
515000,A_w100_T10000_std_lr0.01_s9_none,0.897119
516000,A_w100_T10000_std_lr0.01_s0_none,0.467317
516000,A_w100_T10000_std_lr0.01_s1_none,0.465379
516000,A_w100_T10000_std_lr0.01_s2_none,0.846241
516000,A_w100_T10000_std_lr0.01_s3_none,0.388398
516000,A_w100_T10000_std_lr0.01_s4_none,0.676743
516000,A_w100_T10000_std_lr0.01_s5_none,0.0713442
516000,A_w100_T10000_std_lr0.01_s6_none,0.0155265
516000,A_w100_T10000_std_lr0.01_s7_none,0.0192422
516000,A_w100_T10000_std_lr0.01_s8_none,0.003583
516000,A_w100_T10000_std_lr0.01_s9_none,0.827216
517000,A_w100_T10000_std_lr0.01_s0_none,0.442572
517000,A_w100_T10000_std_lr0.01_s1_none,0.51628
517000,A_w100_T10000_std_lr0.01_s2_none,0.843072
517000,A_w100_T10000_std_lr0.01_s3_none,0.367598
517000,A_w100_T10000_std_lr0.01_s4_none,0.674108
517000,A_w100_T10000_std_lr0.01_s5_none,0.0753394
517000,A_w100_T10000_std_lr0.01_s6_none,0.0066073
517000,A_w100_T10000_std_lr0.01_s7_none,0.0178764
517000,A_w100_T10000_std_lr0.01_s8_none,0.00181729
517000,A_w100_T10000_std_lr0.01_s9_none,0.840147
518000,A_w100_T10000_std_lr0.01_s0_none,0.440118
518000,A_w100_T10000_std_lr0.01_s1_none,0.499021
518000,A_w100_T10000_std_lr0.01_s2_none,0.888747
518000,A_w100_T10000_std_lr0.01_s3_none,0.45945
518000,A_w100_T10000_std_lr0.01_s4_none,0.642875
518000,A_w100_T10000_std_lr0.01_s5_none,0.0663438
518000,A_w100_T10000_std_lr0.01_s6_none,0.00674597
518000,A_w100_T10000_std_lr0.01_s7_none,0.0160115
518000,A_w100_T10000_std_lr0.01_s8_none,0.000761476
518000,A_w100_T10000_std_lr0.01_s9_none,0.820352
519000,A_w100_T10000_std_lr0.01_s0_none,0.484079
519000,A_w100_T10000_std_lr0.01_s1_none,0.452392
519000,A_w100_T10000_std_lr0.01_s2_none,0.889626
519000,A_w100_T10000_std_lr0.01_s3_none,0.418789
519000,A_w100_T10000_std_lr0.01_s4_none,0.705088
519000,A_w100_T10000_std_lr0.01_s5_none,0.0640584
519000,A_w100_T10000_std_lr0.01_s6_none,0.00460357
519000,A_w100_T10000_std_lr0.01_s7_none,0.0176313
519000,A_w100_T10000_std_lr0.01_s8_none,0.000317125
519000,A_w100_T10000_std_lr0.01_s9_none,0.841406
520000,A_w100_T10000_std_lr0.01_s0_none,0.425298
520000,A_w100_T10000_std_lr0.01_s1_none,0.4472
520000,A_w100_T10000_std_lr0.01_s2_none,0.836395
520000,A_w100_T10000_std_lr0.01_s3_none,0.355638
520000,A_w100_T10000_std_lr0.01_s4_none,0.691775
520000,A_w100_T10000_std_lr0.01_s5_none,0.0560305
520000,A_w100_T10000_std_lr0.01_s6_none,0.00265562
520000,A_w100_T10000_std_lr0.01_s7_none,0.0165448
520000,A_w100_T10000_std_lr0.01_s8_none,0.000148543
520000,A_w100_T10000_std_lr0.01_s9_none,0.787972
521000,A_w100_T10000_std_lr0.01_s0_none,1.02233
521000,A_w100_T10000_std_lr0.01_s1_none,0.736672
521000,A_w100_T10000_std_lr0.01_s2_none,0.793141
521000,A_w100_T10000_std_lr0.01_s3_none,0.563054
521000,A_w100_T10000_std_lr0.01_s4_none,1.62421
521000,A_w100_T10000_std_lr0.01_s5_none,0.906383
521000,A_w100_T10000_std_lr0.01_s6_none,0.316664
521000,A_w100_T10000_std_lr0.01_s7_none,0.495826
521000,A_w100_T10000_std_lr0.01_s8_none,0.309089
521000,A_w100_T10000_std_lr0.01_s9_none,0.645037
522000,A_w100_T10000_std_lr0.01_s0_none,0.72416
522000,A_w100_T10000_std_lr0.01_s1_none,0.556163
522000,A_w100_T10000_std_lr0.01_s2_none,0.673916
522000,A_w100_T10000_std_lr0.01_s3_none,0.567873
522000,A_w100_T10000_std_lr0.01_s4_none,1.29111
522000,A_w100_T10000_std_lr0.01_s5_none,0.503378
522000,A_w100_T10000_std_lr0.01_s6_none,0.0483833
522000,A_w100_T10000_std_lr0.01_s7_none,0.271031
522000,A_w100_T10000_std_lr0.01_s8_none,0.00852322
522000,A_w100_T10000_std_lr0.01_s9_none,0.527463
523000,A_w100_T10000_std_lr0.01_s0_none,0.628689
523000,A_w100_T10000_std_lr0.01_s1_none,0.512291
523000,A_w100_T10000_std_lr0.01_s2_none,0.60546
523000,A_w100_T10000_std_lr0.01_s3_none,0.513181
523000,A_w100_T10000_std_lr0.01_s4_none,1.07511
523000,A_w100_T10000_std_lr0.01_s5_none,0.443545
523000,A_w100_T10000_std_lr0.01_s6_none,0.0165569
523000,A_w100_T10000_std_lr0.01_s7_none,0.222966
523000,A_w100_T10000_std_lr0.01_s8_none,0.000911714
523000,A_w100_T10000_std_lr0.01_s9_none,0.533925
524000,A_w100_T10000_std_lr0.01_s0_none,0.587362
524000,A_w100_T10000_std_lr0.01_s1_none,0.55711
524000,A_w100_T10000_std_lr0.01_s2_none,0.606273
524000,A_w100_T10000_std_lr0.01_s3_none,0.555893
524000,A_w100_T10000_std_lr0.01_s4_none,1.07046
524000,A_w100_T10000_std_lr0.01_s5_none,0.399762
524000,A_w100_T10000_std_lr0.01_s6_none,0.0104829
524000,A_w100_T10000_std_lr0.01_s7_none,0.190227
524000,A_w100_T10000_std_lr0.01_s8_none,0.000107748
524000,A_w100_T10000_std_lr0.01_s9_none,0.465907
525000,A_w100_T10000_std_lr0.01_s0_none,0.585031
525000,A_w100_T10000_std_lr0.01_s1_none,0.554501
525000,A_w100_T10000_std_lr0.01_s2_none,0.602242
525000,A_w100_T10000_std_lr0.01_s3_none,0.530081
525000,A_w100_T10000_std_lr0.01_s4_none,1.21203
525000,A_w100_T10000_std_lr0.01_s5_none,0.342348
525000,A_w100_T10000_std_lr0.01_s6_none,0.00678983
525000,A_w100_T10000_std_lr0.01_s7_none,0.151081
525000,A_w100_T10000_std_lr0.01_s8_none,8.01706e-06
525000,A_w100_T10000_std_lr0.01_s9_none,0.55327
526000,A_w100_T10000_std_lr0.01_s0_none,0.564519
526000,A_w100_T10000_std_lr0.01_s1_none,0.509089
526000,A_w100_T10000_std_lr0.01_s2_none,0.56783
526000,A_w100_T10000_std_lr0.01_s3_none,0.535221
526000,A_w100_T10000_std_lr0.01_s4_none,1.1353
526000,A_w100_T10000_std_lr0.01_s5_none,0.276385
526000,A_w100_T10000_std_lr0.01_s6_none,0.00368799
526000,A_w100_T10000_std_lr0.01_s7_none,0.128574
526000,A_w100_T10000_std_lr0.01_s8_none,9.49259e-07
526000,A_w100_T10000_std_lr0.01_s9_none,0.534732
527000,A_w100_T10000_std_lr0.01_s0_none,0.530529
527000,A_w100_T10000_std_lr0.01_s1_none,0.505797
527000,A_w100_T10000_std_lr0.01_s2_none,0.581766
527000,A_w100_T10000_std_lr0.01_s3_none,0.523017
527000,A_w100_T10000_std_lr0.01_s4_none,1.09019
527000,A_w100_T10000_std_lr0.01_s5_none,0.275187
527000,A_w100_T10000_std_lr0.01_s6_none,0.00228973
527000,A_w100_T10000_std_lr0.01_s7_none,0.127634
527000,A_w100_T10000_std_lr0.01_s8_none,1.22658e-07
527000,A_w100_T10000_std_lr0.01_s9_none,0.51654
528000,A_w100_T10000_std_lr0.01_s0_none,0.542729
528000,A_w100_T10000_std_lr0.01_s1_none,0.524523
528000,A_w100_T10000_std_lr0.01_s2_none,0.536247
528000,A_w100_T10000_std_lr0.01_s3_none,0.531208
528000,A_w100_T10000_std_lr0.01_s4_none,1.05692
528000,A_w100_T10000_std_lr0.01_s5_none,0.243835
528000,A_w100_T10000_std_lr0.01_s6_none,0.00111279
528000,A_w100_T10000_std_lr0.01_s7_none,0.0823966
528000,A_w100_T10000_std_lr0.01_s8_none,1.09661e-08
528000,A_w100_T10000_std_lr0.01_s9_none,0.548324
529000,A_w100_T10000_std_lr0.01_s0_none,0.616067
529000,A_w100_T10000_std_lr0.01_s1_none,0.47076
529000,A_w100_T10000_std_lr0.01_s2_none,0.54914
529000,A_w100_T10000_std_lr0.01_s3_none,0.510448
529000,A_w100_T10000_std_lr0.01_s4_none,1.05473
529000,A_w100_T10000_std_lr0.01_s5_none,0.266853
529000,A_w100_T10000_std_lr0.01_s6_none,0.000524014
529000,A_w100_T10000_std_lr0.01_s7_none,0.0875773
529000,A_w100_T10000_std_lr0.01_s8_none,1.49678e-09
529000,A_w100_T10000_std_lr0.01_s9_none,0.526669
530000,A_w100_T10000_std_lr0.01_s0_none,0.545335
530000,A_w100_T10000_std_lr0.01_s1_none,0.471017
530000,A_w100_T10000_std_lr0.01_s2_none,0.628934
530000,A_w100_T10000_std_lr0.01_s3_none,0.542745
530000,A_w100_T10000_std_lr0.01_s4_none,1.07617
530000,A_w100_T10000_std_lr0.01_s5_none,0.259649
530000,A_w100_T10000_std_lr0.01_s6_none,0.000405464
530000,A_w100_T10000_std_lr0.01_s7_none,0.0757768
530000,A_w100_T10000_std_lr0.01_s8_none,8.60396e-11
530000,A_w100_T10000_std_lr0.01_s9_none,0.491741
531000,A_w100_T10000_std_lr0.01_s0_none,0.564314
531000,A_w100_T10000_std_lr0.01_s1_none,1.00614
531000,A_w100_T10000_std_lr0.01_s2_none,0.877017
531000,A_w100_T10000_std_lr0.01_s3_none,0.755289
531000,A_w100_T10000_std_lr0.01_s4_none,1.63023
531000,A_w100_T10000_std_lr0.01_s5_none,0.441477
531000,A_w100_T10000_std_lr0.01_s6_none,0.397251
531000,A_w100_T10000_std_lr0.01_s7_none,0.755966
531000,A_w100_T10000_std_lr0.01_s8_none,0.328767
531000,A_w100_T10000_std_lr0.01_s9_none,0.946303
532000,A_w100_T10000_std_lr0.01_s0_none,0.320668
532000,A_w100_T10000_std_lr0.01_s1_none,0.592713
532000,A_w100_T10000_std_lr0.01_s2_none,0.357974
532000,A_w100_T10000_std_lr0.01_s3_none,0.78352
532000,A_w100_T10000_std_lr0.01_s4_none,1.3024
532000,A_w100_T10000_std_lr0.01_s5_none,0.282799
532000,A_w100_T10000_std_lr0.01_s6_none,0.0832747
532000,A_w100_T10000_std_lr0.01_s7_none,0.456954
532000,A_w100_T10000_std_lr0.01_s8_none,0.0719065
532000,A_w100_T10000_std_lr0.01_s9_none,0.819952
533000,A_w100_T10000_std_lr0.01_s0_none,0.222891
533000,A_w100_T10000_std_lr0.01_s1_none,0.59892
533000,A_w100_T10000_std_lr0.01_s2_none,0.239135
533000,A_w100_T10000_std_lr0.01_s3_none,0.721404
533000,A_w100_T10000_std_lr0.01_s4_none,1.21064
533000,A_w100_T10000_std_lr0.01_s5_none,0.211301
533000,A_w100_T10000_std_lr0.01_s6_none,0.0574823
533000,A_w100_T10000_std_lr0.01_s7_none,0.365596
533000,A_w100_T10000_std_lr0.01_s8_none,0.0337795
533000,A_w100_T10000_std_lr0.01_s9_none,0.810756
534000,A_w100_T10000_std_lr0.01_s0_none,0.197796
534000,A_w100_T10000_std_lr0.01_s1_none,0.550695
534000,A_w100_T10000_std_lr0.01_s2_none,0.229225
534000,A_w100_T10000_std_lr0.01_s3_none,0.695211
534000,A_w100_T10000_std_lr0.01_s4_none,1.1737
534000,A_w100_T10000_std_lr0.01_s5_none,0.18783
534000,A_w100_T10000_std_lr0.01_s6_none,0.0423123
534000,A_w100_T10000_std_lr0.01_s7_none,0.212605
534000,A_w100_T10000_std_lr0.01_s8_none,0.0165455
534000,A_w100_T10000_std_lr0.01_s9_none,0.813249
535000,A_w100_T10000_std_lr0.01_s0_none,0.148087
535000,A_w100_T10000_std_lr0.01_s1_none,0.537817
535000,A_w100_T10000_std_lr0.01_s2_none,0.179334
535000,A_w100_T10000_std_lr0.01_s3_none,0.717833
535000,A_w100_T10000_std_lr0.01_s4_none,1.09496
535000,A_w100_T10000_std_lr0.01_s5_none,0.161499
535000,A_w100_T10000_std_lr0.01_s6_none,0.0312238
535000,A_w100_T10000_std_lr0.01_s7_none,0.19883
535000,A_w100_T10000_std_lr0.01_s8_none,0.0116526
535000,A_w100_T10000_std_lr0.01_s9_none,0.848883
536000,A_w100_T10000_std_lr0.01_s0_none,0.121379
536000,A_w100_T10000_std_lr0.01_s1_none,0.544374
536000,A_w100_T10000_std_lr0.01_s2_none,0.175294
536000,A_w100_T10000_std_lr0.01_s3_none,0.69603
536000,A_w100_T10000_std_lr0.01_s4_none,1.14769
536000,A_w100_T10000_std_lr0.01_s5_none,0.125426
536000,A_w100_T10000_std_lr0.01_s6_none,0.0280233
536000,A_w100_T10000_std_lr0.01_s7_none,0.109513
536000,A_w100_T10000_std_lr0.01_s8_none,0.00510005
536000,A_w100_T10000_std_lr0.01_s9_none,0.88943
537000,A_w100_T10000_std_lr0.01_s0_none,0.1153
537000,A_w100_T10000_std_lr0.01_s1_none,0.571548
537000,A_w100_T10000_std_lr0.01_s2_none,0.12846
537000,A_w100_T10000_std_lr0.01_s3_none,0.703675
537000,A_w100_T10000_std_lr0.01_s4_none,1.1746
537000,A_w100_T10000_std_lr0.01_s5_none,0.0972153
537000,A_w100_T10000_std_lr0.01_s6_none,0.0303535
537000,A_w100_T10000_std_lr0.01_s7_none,0.0857871
537000,A_w100_T10000_std_lr0.01_s8_none,0.00194039
537000,A_w100_T10000_std_lr0.01_s9_none,0.858483
538000,A_w100_T10000_std_lr0.01_s0_none,0.103051
538000,A_w100_T10000_std_lr0.01_s1_none,0.477371
538000,A_w100_T10000_std_lr0.01_s2_none,0.12698
538000,A_w100_T10000_std_lr0.01_s3_none,0.69652
538000,A_w100_T10000_std_lr0.01_s4_none,1.25328
538000,A_w100_T10000_std_lr0.01_s5_none,0.0941704
538000,A_w100_T10000_std_lr0.01_s6_none,0.0239564
538000,A_w100_T10000_std_lr0.01_s7_none,0.0743063
538000,A_w100_T10000_std_lr0.01_s8_none,0.00107332
538000,A_w100_T10000_std_lr0.01_s9_none,0.835714
539000,A_w100_T10000_std_lr0.01_s0_none,0.103919
539000,A_w100_T10000_std_lr0.01_s1_none,0.52234
539000,A_w100_T10000_std_lr0.01_s2_none,0.130743
539000,A_w100_T10000_std_lr0.01_s3_none,0.653868
539000,A_w100_T10000_std_lr0.01_s4_none,1.04673
539000,A_w100_T10000_std_lr0.01_s5_none,0.0873196
539000,A_w100_T10000_std_lr0.01_s6_none,0.02051
539000,A_w100_T10000_std_lr0.01_s7_none,0.0628963
539000,A_w100_T10000_std_lr0.01_s8_none,0.000509376
539000,A_w100_T10000_std_lr0.01_s9_none,0.846836
540000,A_w100_T10000_std_lr0.01_s0_none,0.113497
540000,A_w100_T10000_std_lr0.01_s1_none,0.519544
540000,A_w100_T10000_std_lr0.01_s2_none,0.124241
540000,A_w100_T10000_std_lr0.01_s3_none,0.692921
540000,A_w100_T10000_std_lr0.01_s4_none,1.11299
540000,A_w100_T10000_std_lr0.01_s5_none,0.0933557
540000,A_w100_T10000_std_lr0.01_s6_none,0.0171709
540000,A_w100_T10000_std_lr0.01_s7_none,0.0495883
540000,A_w100_T10000_std_lr0.01_s8_none,0.000176831
540000,A_w100_T10000_std_lr0.01_s9_none,0.788795
541000,A_w100_T10000_std_lr0.01_s0_none,0.349387
541000,A_w100_T10000_std_lr0.01_s1_none,1.15613
541000,A_w100_T10000_std_lr0.01_s2_none,1.26832
541000,A_w100_T10000_std_lr0.01_s3_none,0.502853
541000,A_w100_T10000_std_lr0.01_s4_none,0.974842
541000,A_w100_T10000_std_lr0.01_s5_none,0.540178
541000,A_w100_T10000_std_lr0.01_s6_none,0.384882
541000,A_w100_T10000_std_lr0.01_s7_none,1.0684
541000,A_w100_T10000_std_lr0.01_s8_none,0.272918
541000,A_w100_T10000_std_lr0.01_s9_none,1.71995
542000,A_w100_T10000_std_lr0.01_s0_none,0.273178
542000,A_w100_T10000_std_lr0.01_s1_none,1.01034
542000,A_w100_T10000_std_lr0.01_s2_none,0.556043
542000,A_w100_T10000_std_lr0.01_s3_none,0.499676
542000,A_w100_T10000_std_lr0.01_s4_none,0.856459
542000,A_w100_T10000_std_lr0.01_s5_none,0.268174
542000,A_w100_T10000_std_lr0.01_s6_none,0.149601
542000,A_w100_T10000_std_lr0.01_s7_none,0.641416
542000,A_w100_T10000_std_lr0.01_s8_none,0.035885
542000,A_w100_T10000_std_lr0.01_s9_none,1.2297
543000,A_w100_T10000_std_lr0.01_s0_none,0.236537
543000,A_w100_T10000_std_lr0.01_s1_none,0.912177
543000,A_w100_T10000_std_lr0.01_s2_none,0.410046
543000,A_w100_T10000_std_lr0.01_s3_none,0.491717
543000,A_w100_T10000_std_lr0.01_s4_none,0.886724
543000,A_w100_T10000_std_lr0.01_s5_none,0.198764
543000,A_w100_T10000_std_lr0.01_s6_none,0.104846
543000,A_w100_T10000_std_lr0.01_s7_none,0.61923
543000,A_w100_T10000_std_lr0.01_s8_none,0.0215777
543000,A_w100_T10000_std_lr0.01_s9_none,1.04364
544000,A_w100_T10000_std_lr0.01_s0_none,0.230351
544000,A_w100_T10000_std_lr0.01_s1_none,0.839929
544000,A_w100_T10000_std_lr0.01_s2_none,0.346727
544000,A_w100_T10000_std_lr0.01_s3_none,0.439625
544000,A_w100_T10000_std_lr0.01_s4_none,0.678558
544000,A_w100_T10000_std_lr0.01_s5_none,0.184172
544000,A_w100_T10000_std_lr0.01_s6_none,0.0920905
544000,A_w100_T10000_std_lr0.01_s7_none,0.500016
544000,A_w100_T10000_std_lr0.01_s8_none,0.0130414
544000,A_w100_T10000_std_lr0.01_s9_none,1.05077
545000,A_w100_T10000_std_lr0.01_s0_none,0.219845
545000,A_w100_T10000_std_lr0.01_s1_none,0.838184
545000,A_w100_T10000_std_lr0.01_s2_none,0.284755
545000,A_w100_T10000_std_lr0.01_s3_none,0.490153
545000,A_w100_T10000_std_lr0.01_s4_none,0.790661
545000,A_w100_T10000_std_lr0.01_s5_none,0.164752
545000,A_w100_T10000_std_lr0.01_s6_none,0.0848389
545000,A_w100_T10000_std_lr0.01_s7_none,0.421146
545000,A_w100_T10000_std_lr0.01_s8_none,0.00722294
545000,A_w100_T10000_std_lr0.01_s9_none,0.992909
546000,A_w100_T10000_std_lr0.01_s0_none,0.207036
546000,A_w100_T10000_std_lr0.01_s1_none,0.835833
546000,A_w100_T10000_std_lr0.01_s2_none,0.258285
546000,A_w100_T10000_std_lr0.01_s3_none,0.474
546000,A_w100_T10000_std_lr0.01_s4_none,0.677693
546000,A_w100_T10000_std_lr0.01_s5_none,0.144297
546000,A_w100_T10000_std_lr0.01_s6_none,0.0768933
546000,A_w100_T10000_std_lr0.01_s7_none,0.325202
546000,A_w100_T10000_std_lr0.01_s8_none,0.00620352
546000,A_w100_T10000_std_lr0.01_s9_none,0.930021
547000,A_w100_T10000_std_lr0.01_s0_none,0.207758
547000,A_w100_T10000_std_lr0.01_s1_none,0.800076
547000,A_w100_T10000_std_lr0.01_s2_none,0.224692
547000,A_w100_T10000_std_lr0.01_s3_none,0.488733
547000,A_w100_T10000_std_lr0.01_s4_none,0.720855
547000,A_w100_T10000_std_lr0.01_s5_none,0.114013
547000,A_w100_T10000_std_lr0.01_s6_none,0.0692097
547000,A_w100_T10000_std_lr0.01_s7_none,0.350002
547000,A_w100_T10000_std_lr0.01_s8_none,0.00359746
547000,A_w100_T10000_std_lr0.01_s9_none,1.01432
548000,A_w100_T10000_std_lr0.01_s0_none,0.218112
548000,A_w100_T10000_std_lr0.01_s1_none,0.739784
548000,A_w100_T10000_std_lr0.01_s2_none,0.224302
548000,A_w100_T10000_std_lr0.01_s3_none,0.451851
548000,A_w100_T10000_std_lr0.01_s4_none,0.757629
548000,A_w100_T10000_std_lr0.01_s5_none,0.0945422
548000,A_w100_T10000_std_lr0.01_s6_none,0.0665009
548000,A_w100_T10000_std_lr0.01_s7_none,0.315031
548000,A_w100_T10000_std_lr0.01_s8_none,0.00274769
548000,A_w100_T10000_std_lr0.01_s9_none,1.03714
549000,A_w100_T10000_std_lr0.01_s0_none,0.207176
549000,A_w100_T10000_std_lr0.01_s1_none,0.682097
549000,A_w100_T10000_std_lr0.01_s2_none,0.245401
549000,A_w100_T10000_std_lr0.01_s3_none,0.448994
549000,A_w100_T10000_std_lr0.01_s4_none,0.578767
549000,A_w100_T10000_std_lr0.01_s5_none,0.0756626
549000,A_w100_T10000_std_lr0.01_s6_none,0.0645745
549000,A_w100_T10000_std_lr0.01_s7_none,0.302099
549000,A_w100_T10000_std_lr0.01_s8_none,0.00252502
549000,A_w100_T10000_std_lr0.01_s9_none,0.982538
550000,A_w100_T10000_std_lr0.01_s0_none,0.196366
550000,A_w100_T10000_std_lr0.01_s1_none,0.696383
550000,A_w100_T10000_std_lr0.01_s2_none,0.199294
550000,A_w100_T10000_std_lr0.01_s3_none,0.434196
550000,A_w100_T10000_std_lr0.01_s4_none,0.662359
550000,A_w100_T10000_std_lr0.01_s5_none,0.0715123
550000,A_w100_T10000_std_lr0.01_s6_none,0.0603559
550000,A_w100_T10000_std_lr0.01_s7_none,0.260242
550000,A_w100_T10000_std_lr0.01_s8_none,0.00188679
550000,A_w100_T10000_std_lr0.01_s9_none,1.11963
551000,A_w100_T10000_std_lr0.01_s0_none,0.443745
551000,A_w100_T10000_std_lr0.01_s1_none,0.927374
551000,A_w100_T10000_std_lr0.01_s2_none,0.247363
551000,A_w100_T10000_std_lr0.01_s3_none,0.370259
551000,A_w100_T10000_std_lr0.01_s4_none,1.44381
551000,A_w100_T10000_std_lr0.01_s5_none,0.978992
551000,A_w100_T10000_std_lr0.01_s6_none,0.342296
551000,A_w100_T10000_std_lr0.01_s7_none,0.556623
551000,A_w100_T10000_std_lr0.01_s8_none,0.210801
551000,A_w100_T10000_std_lr0.01_s9_none,0.760331
552000,A_w100_T10000_std_lr0.01_s0_none,0.287864
552000,A_w100_T10000_std_lr0.01_s1_none,0.761517
552000,A_w100_T10000_std_lr0.01_s2_none,0.00741826
552000,A_w100_T10000_std_lr0.01_s3_none,0.205496
552000,A_w100_T10000_std_lr0.01_s4_none,1.12517
552000,A_w100_T10000_std_lr0.01_s5_none,0.321192
552000,A_w100_T10000_std_lr0.01_s6_none,0.0829506
552000,A_w100_T10000_std_lr0.01_s7_none,0.248381
552000,A_w100_T10000_std_lr0.01_s8_none,0.082732
552000,A_w100_T10000_std_lr0.01_s9_none,0.633627
553000,A_w100_T10000_std_lr0.01_s0_none,0.237948
553000,A_w100_T10000_std_lr0.01_s1_none,0.769979
553000,A_w100_T10000_std_lr0.01_s2_none,0.00165293
553000,A_w100_T10000_std_lr0.01_s3_none,0.175229
553000,A_w100_T10000_std_lr0.01_s4_none,0.950948
553000,A_w100_T10000_std_lr0.01_s5_none,0.216789
553000,A_w100_T10000_std_lr0.01_s6_none,0.057215
553000,A_w100_T10000_std_lr0.01_s7_none,0.147756
553000,A_w100_T10000_std_lr0.01_s8_none,0.0646317
553000,A_w100_T10000_std_lr0.01_s9_none,0.605702
554000,A_w100_T10000_std_lr0.01_s0_none,0.214132
554000,A_w100_T10000_std_lr0.01_s1_none,0.732113
554000,A_w100_T10000_std_lr0.01_s2_none,0.000575396
554000,A_w100_T10000_std_lr0.01_s3_none,0.18099
554000,A_w100_T10000_std_lr0.01_s4_none,0.923908
554000,A_w100_T10000_std_lr0.01_s5_none,0.160743
554000,A_w100_T10000_std_lr0.01_s6_none,0.0429399
554000,A_w100_T10000_std_lr0.01_s7_none,0.116055
554000,A_w100_T10000_std_lr0.01_s8_none,0.0482521
554000,A_w100_T10000_std_lr0.01_s9_none,0.553707
555000,A_w100_T10000_std_lr0.01_s0_none,0.225127
555000,A_w100_T10000_std_lr0.01_s1_none,0.752092
555000,A_w100_T10000_std_lr0.01_s2_none,0.00042001
555000,A_w100_T10000_std_lr0.01_s3_none,0.151824
555000,A_w100_T10000_std_lr0.01_s4_none,0.785642
555000,A_w100_T10000_std_lr0.01_s5_none,0.12606
555000,A_w100_T10000_std_lr0.01_s6_none,0.0362679
555000,A_w100_T10000_std_lr0.01_s7_none,0.0894894
555000,A_w100_T10000_std_lr0.01_s8_none,0.040081
555000,A_w100_T10000_std_lr0.01_s9_none,0.56513
556000,A_w100_T10000_std_lr0.01_s0_none,0.220236
556000,A_w100_T10000_std_lr0.01_s1_none,0.741838
556000,A_w100_T10000_std_lr0.01_s2_none,0.000353406
556000,A_w100_T10000_std_lr0.01_s3_none,0.151595
556000,A_w100_T10000_std_lr0.01_s4_none,0.708182
556000,A_w100_T10000_std_lr0.01_s5_none,0.0980105
556000,A_w100_T10000_std_lr0.01_s6_none,0.029947
556000,A_w100_T10000_std_lr0.01_s7_none,0.0753854
556000,A_w100_T10000_std_lr0.01_s8_none,0.0369176
556000,A_w100_T10000_std_lr0.01_s9_none,0.568641
557000,A_w100_T10000_std_lr0.01_s0_none,0.203098
557000,A_w100_T10000_std_lr0.01_s1_none,0.706906
557000,A_w100_T10000_std_lr0.01_s2_none,0.000121435
557000,A_w100_T10000_std_lr0.01_s3_none,0.139149
557000,A_w100_T10000_std_lr0.01_s4_none,0.664149
557000,A_w100_T10000_std_lr0.01_s5_none,0.0673733
557000,A_w100_T10000_std_lr0.01_s6_none,0.0264918
557000,A_w100_T10000_std_lr0.01_s7_none,0.0562795
557000,A_w100_T10000_std_lr0.01_s8_none,0.0310885
557000,A_w100_T10000_std_lr0.01_s9_none,0.577067
558000,A_w100_T10000_std_lr0.01_s0_none,0.20567
558000,A_w100_T10000_std_lr0.01_s1_none,0.628166
558000,A_w100_T10000_std_lr0.01_s2_none,7.76119e-05
558000,A_w100_T10000_std_lr0.01_s3_none,0.130963
558000,A_w100_T10000_std_lr0.01_s4_none,0.747281
558000,A_w100_T10000_std_lr0.01_s5_none,0.0662243
558000,A_w100_T10000_std_lr0.01_s6_none,0.0221054
558000,A_w100_T10000_std_lr0.01_s7_none,0.0545596
558000,A_w100_T10000_std_lr0.01_s8_none,0.0250337
558000,A_w100_T10000_std_lr0.01_s9_none,0.56392
559000,A_w100_T10000_std_lr0.01_s0_none,0.213553
559000,A_w100_T10000_std_lr0.01_s1_none,0.633652
559000,A_w100_T10000_std_lr0.01_s2_none,5.18671e-05
559000,A_w100_T10000_std_lr0.01_s3_none,0.130403
559000,A_w100_T10000_std_lr0.01_s4_none,0.663284
559000,A_w100_T10000_std_lr0.01_s5_none,0.0616094
559000,A_w100_T10000_std_lr0.01_s6_none,0.0229981
559000,A_w100_T10000_std_lr0.01_s7_none,0.0480376
559000,A_w100_T10000_std_lr0.01_s8_none,0.0262098
559000,A_w100_T10000_std_lr0.01_s9_none,0.539541
560000,A_w100_T10000_std_lr0.01_s0_none,0.19652
560000,A_w100_T10000_std_lr0.01_s1_none,0.534014
560000,A_w100_T10000_std_lr0.01_s2_none,2.9707e-05
560000,A_w100_T10000_std_lr0.01_s3_none,0.136253
560000,A_w100_T10000_std_lr0.01_s4_none,0.588086
560000,A_w100_T10000_std_lr0.01_s5_none,0.0517794
560000,A_w100_T10000_std_lr0.01_s6_none,0.0227972
560000,A_w100_T10000_std_lr0.01_s7_none,0.0396631
560000,A_w100_T10000_std_lr0.01_s8_none,0.0217662
560000,A_w100_T10000_std_lr0.01_s9_none,0.556948
561000,A_w100_T10000_std_lr0.01_s0_none,0.347343
561000,A_w100_T10000_std_lr0.01_s1_none,1.06044
561000,A_w100_T10000_std_lr0.01_s2_none,0.289998
561000,A_w100_T10000_std_lr0.01_s3_none,0.421252
561000,A_w100_T10000_std_lr0.01_s4_none,0.795435
561000,A_w100_T10000_std_lr0.01_s5_none,0.826937
561000,A_w100_T10000_std_lr0.01_s6_none,0.489241
561000,A_w100_T10000_std_lr0.01_s7_none,0.69943
561000,A_w100_T10000_std_lr0.01_s8_none,0.208679
561000,A_w100_T10000_std_lr0.01_s9_none,0.686259
562000,A_w100_T10000_std_lr0.01_s0_none,0.220553
562000,A_w100_T10000_std_lr0.01_s1_none,0.894529
562000,A_w100_T10000_std_lr0.01_s2_none,0.0122793
562000,A_w100_T10000_std_lr0.01_s3_none,0.267501
562000,A_w100_T10000_std_lr0.01_s4_none,0.2455
562000,A_w100_T10000_std_lr0.01_s5_none,0.466389
562000,A_w100_T10000_std_lr0.01_s6_none,0.274553
562000,A_w100_T10000_std_lr0.01_s7_none,0.19863
562000,A_w100_T10000_std_lr0.01_s8_none,0.100891
562000,A_w100_T10000_std_lr0.01_s9_none,0.598279
563000,A_w100_T10000_std_lr0.01_s0_none,0.19795
563000,A_w100_T10000_std_lr0.01_s1_none,0.882975
563000,A_w100_T10000_std_lr0.01_s2_none,0.00219447
563000,A_w100_T10000_std_lr0.01_s3_none,0.212649
563000,A_w100_T10000_std_lr0.01_s4_none,0.192799
563000,A_w100_T10000_std_lr0.01_s5_none,0.429675
563000,A_w100_T10000_std_lr0.01_s6_none,0.246659
563000,A_w100_T10000_std_lr0.01_s7_none,0.125559
563000,A_w100_T10000_std_lr0.01_s8_none,0.0606296
563000,A_w100_T10000_std_lr0.01_s9_none,0.606999
564000,A_w100_T10000_std_lr0.01_s0_none,0.186955
564000,A_w100_T10000_std_lr0.01_s1_none,0.856959
564000,A_w100_T10000_std_lr0.01_s2_none,0.000632882
564000,A_w100_T10000_std_lr0.01_s3_none,0.190205
564000,A_w100_T10000_std_lr0.01_s4_none,0.121498
564000,A_w100_T10000_std_lr0.01_s5_none,0.391562
564000,A_w100_T10000_std_lr0.01_s6_none,0.258036
564000,A_w100_T10000_std_lr0.01_s7_none,0.0771037
564000,A_w100_T10000_std_lr0.01_s8_none,0.0486353
564000,A_w100_T10000_std_lr0.01_s9_none,0.573532
565000,A_w100_T10000_std_lr0.01_s0_none,0.182171
565000,A_w100_T10000_std_lr0.01_s1_none,0.945377
565000,A_w100_T10000_std_lr0.01_s2_none,0.000235253
565000,A_w100_T10000_std_lr0.01_s3_none,0.159829
565000,A_w100_T10000_std_lr0.01_s4_none,0.144159
565000,A_w100_T10000_std_lr0.01_s5_none,0.36908
565000,A_w100_T10000_std_lr0.01_s6_none,0.236036
565000,A_w100_T10000_std_lr0.01_s7_none,0.0715503
565000,A_w100_T10000_std_lr0.01_s8_none,0.0447695
565000,A_w100_T10000_std_lr0.01_s9_none,0.561555
566000,A_w100_T10000_std_lr0.01_s0_none,0.204203
566000,A_w100_T10000_std_lr0.01_s1_none,0.850175
566000,A_w100_T10000_std_lr0.01_s2_none,6.00411e-05
566000,A_w100_T10000_std_lr0.01_s3_none,0.17949
566000,A_w100_T10000_std_lr0.01_s4_none,0.0661816
566000,A_w100_T10000_std_lr0.01_s5_none,0.340447
566000,A_w100_T10000_std_lr0.01_s6_none,0.237651
566000,A_w100_T10000_std_lr0.01_s7_none,0.0639821
566000,A_w100_T10000_std_lr0.01_s8_none,0.04055
566000,A_w100_T10000_std_lr0.01_s9_none,0.579362
567000,A_w100_T10000_std_lr0.01_s0_none,0.194207
567000,A_w100_T10000_std_lr0.01_s1_none,0.933531
567000,A_w100_T10000_std_lr0.01_s2_none,2.11457e-05
567000,A_w100_T10000_std_lr0.01_s3_none,0.137613
567000,A_w100_T10000_std_lr0.01_s4_none,0.0829078
567000,A_w100_T10000_std_lr0.01_s5_none,0.295239
567000,A_w100_T10000_std_lr0.01_s6_none,0.258826
567000,A_w100_T10000_std_lr0.01_s7_none,0.0461696
567000,A_w100_T10000_std_lr0.01_s8_none,0.0425341
567000,A_w100_T10000_std_lr0.01_s9_none,0.567124
568000,A_w100_T10000_std_lr0.01_s0_none,0.182841
568000,A_w100_T10000_std_lr0.01_s1_none,0.826901
568000,A_w100_T10000_std_lr0.01_s2_none,6.56323e-06
568000,A_w100_T10000_std_lr0.01_s3_none,0.134283
568000,A_w100_T10000_std_lr0.01_s4_none,0.0638998
568000,A_w100_T10000_std_lr0.01_s5_none,0.296809
568000,A_w100_T10000_std_lr0.01_s6_none,0.231287
568000,A_w100_T10000_std_lr0.01_s7_none,0.0390987
568000,A_w100_T10000_std_lr0.01_s8_none,0.0360749
568000,A_w100_T10000_std_lr0.01_s9_none,0.63533
569000,A_w100_T10000_std_lr0.01_s0_none,0.178787
569000,A_w100_T10000_std_lr0.01_s1_none,0.858426
569000,A_w100_T10000_std_lr0.01_s2_none,2.5575e-06
569000,A_w100_T10000_std_lr0.01_s3_none,0.121931
569000,A_w100_T10000_std_lr0.01_s4_none,0.032857
569000,A_w100_T10000_std_lr0.01_s5_none,0.270288
569000,A_w100_T10000_std_lr0.01_s6_none,0.274506
569000,A_w100_T10000_std_lr0.01_s7_none,0.0286712
569000,A_w100_T10000_std_lr0.01_s8_none,0.0326258
569000,A_w100_T10000_std_lr0.01_s9_none,0.619612
570000,A_w100_T10000_std_lr0.01_s0_none,0.182065
570000,A_w100_T10000_std_lr0.01_s1_none,0.885302
570000,A_w100_T10000_std_lr0.01_s2_none,8.68192e-07
570000,A_w100_T10000_std_lr0.01_s3_none,0.125176
570000,A_w100_T10000_std_lr0.01_s4_none,0.0364887
570000,A_w100_T10000_std_lr0.01_s5_none,0.263688
570000,A_w100_T10000_std_lr0.01_s6_none,0.242967
570000,A_w100_T10000_std_lr0.01_s7_none,0.0202192
570000,A_w100_T10000_std_lr0.01_s8_none,0.0281363
570000,A_w100_T10000_std_lr0.01_s9_none,0.552262
571000,A_w100_T10000_std_lr0.01_s0_none,0.610929
571000,A_w100_T10000_std_lr0.01_s1_none,0.729553
571000,A_w100_T10000_std_lr0.01_s2_none,0.308002
571000,A_w100_T10000_std_lr0.01_s3_none,0.566956
571000,A_w100_T10000_std_lr0.01_s4_none,1.22645
571000,A_w100_T10000_std_lr0.01_s5_none,1.02025
571000,A_w100_T10000_std_lr0.01_s6_none,0.455139
571000,A_w100_T10000_std_lr0.01_s7_none,0.329176
571000,A_w100_T10000_std_lr0.01_s8_none,0.385529
571000,A_w100_T10000_std_lr0.01_s9_none,1.14416
572000,A_w100_T10000_std_lr0.01_s0_none,0.31407
572000,A_w100_T10000_std_lr0.01_s1_none,0.53818
572000,A_w100_T10000_std_lr0.01_s2_none,0.0342052
572000,A_w100_T10000_std_lr0.01_s3_none,0.188318
572000,A_w100_T10000_std_lr0.01_s4_none,0.770493
572000,A_w100_T10000_std_lr0.01_s5_none,0.656656
572000,A_w100_T10000_std_lr0.01_s6_none,0.376437
572000,A_w100_T10000_std_lr0.01_s7_none,0.0694115
572000,A_w100_T10000_std_lr0.01_s8_none,0.0989672
572000,A_w100_T10000_std_lr0.01_s9_none,1.07105
573000,A_w100_T10000_std_lr0.01_s0_none,0.205173
573000,A_w100_T10000_std_lr0.01_s1_none,0.480161
573000,A_w100_T10000_std_lr0.01_s2_none,0.0212487
573000,A_w100_T10000_std_lr0.01_s3_none,0.130216
573000,A_w100_T10000_std_lr0.01_s4_none,0.657312
573000,A_w100_T10000_std_lr0.01_s5_none,0.565842
573000,A_w100_T10000_std_lr0.01_s6_none,0.331546
573000,A_w100_T10000_std_lr0.01_s7_none,0.0260157
573000,A_w100_T10000_std_lr0.01_s8_none,0.0745406
573000,A_w100_T10000_std_lr0.01_s9_none,1.13707
574000,A_w100_T10000_std_lr0.01_s0_none,0.152957
574000,A_w100_T10000_std_lr0.01_s1_none,0.56921
574000,A_w100_T10000_std_lr0.01_s2_none,0.00914973
574000,A_w100_T10000_std_lr0.01_s3_none,0.0940133
574000,A_w100_T10000_std_lr0.01_s4_none,0.540892
574000,A_w100_T10000_std_lr0.01_s5_none,0.407019
574000,A_w100_T10000_std_lr0.01_s6_none,0.278775
574000,A_w100_T10000_std_lr0.01_s7_none,0.0139869
574000,A_w100_T10000_std_lr0.01_s8_none,0.0600661
574000,A_w100_T10000_std_lr0.01_s9_none,0.92322
575000,A_w100_T10000_std_lr0.01_s0_none,0.163108
575000,A_w100_T10000_std_lr0.01_s1_none,0.577478
575000,A_w100_T10000_std_lr0.01_s2_none,0.00578889
575000,A_w100_T10000_std_lr0.01_s3_none,0.0622143
575000,A_w100_T10000_std_lr0.01_s4_none,0.511109
575000,A_w100_T10000_std_lr0.01_s5_none,0.438415
575000,A_w100_T10000_std_lr0.01_s6_none,0.262609
575000,A_w100_T10000_std_lr0.01_s7_none,0.00792402
575000,A_w100_T10000_std_lr0.01_s8_none,0.0539535
575000,A_w100_T10000_std_lr0.01_s9_none,0.925477
576000,A_w100_T10000_std_lr0.01_s0_none,0.16693
576000,A_w100_T10000_std_lr0.01_s1_none,0.53707
576000,A_w100_T10000_std_lr0.01_s2_none,0.00383678
576000,A_w100_T10000_std_lr0.01_s3_none,0.0436268
576000,A_w100_T10000_std_lr0.01_s4_none,0.510116
576000,A_w100_T10000_std_lr0.01_s5_none,0.34645
576000,A_w100_T10000_std_lr0.01_s6_none,0.236894
576000,A_w100_T10000_std_lr0.01_s7_none,0.00315438
576000,A_w100_T10000_std_lr0.01_s8_none,0.0359232
576000,A_w100_T10000_std_lr0.01_s9_none,0.723726
577000,A_w100_T10000_std_lr0.01_s0_none,0.16239
577000,A_w100_T10000_std_lr0.01_s1_none,0.516698
577000,A_w100_T10000_std_lr0.01_s2_none,0.00205099
577000,A_w100_T10000_std_lr0.01_s3_none,0.0260193
577000,A_w100_T10000_std_lr0.01_s4_none,0.475106
577000,A_w100_T10000_std_lr0.01_s5_none,0.335335
577000,A_w100_T10000_std_lr0.01_s6_none,0.236487
577000,A_w100_T10000_std_lr0.01_s7_none,0.00149811
577000,A_w100_T10000_std_lr0.01_s8_none,0.0283478
577000,A_w100_T10000_std_lr0.01_s9_none,0.843075
578000,A_w100_T10000_std_lr0.01_s0_none,0.149875
578000,A_w100_T10000_std_lr0.01_s1_none,0.511713
578000,A_w100_T10000_std_lr0.01_s2_none,0.00108523
578000,A_w100_T10000_std_lr0.01_s3_none,0.0144198
578000,A_w100_T10000_std_lr0.01_s4_none,0.446873
578000,A_w100_T10000_std_lr0.01_s5_none,0.341402
578000,A_w100_T10000_std_lr0.01_s6_none,0.219832
578000,A_w100_T10000_std_lr0.01_s7_none,0.000592059
578000,A_w100_T10000_std_lr0.01_s8_none,0.0233608
578000,A_w100_T10000_std_lr0.01_s9_none,0.786868
579000,A_w100_T10000_std_lr0.01_s0_none,0.138821
579000,A_w100_T10000_std_lr0.01_s1_none,0.531534
579000,A_w100_T10000_std_lr0.01_s2_none,0.000764413
579000,A_w100_T10000_std_lr0.01_s3_none,0.00974382
579000,A_w100_T10000_std_lr0.01_s4_none,0.350811
579000,A_w100_T10000_std_lr0.01_s5_none,0.322805
579000,A_w100_T10000_std_lr0.01_s6_none,0.210689
579000,A_w100_T10000_std_lr0.01_s7_none,0.000264997
579000,A_w100_T10000_std_lr0.01_s8_none,0.02284
579000,A_w100_T10000_std_lr0.01_s9_none,0.813768
580000,A_w100_T10000_std_lr0.01_s0_none,0.147036
580000,A_w100_T10000_std_lr0.01_s1_none,0.503584
580000,A_w100_T10000_std_lr0.01_s2_none,0.000447006
580000,A_w100_T10000_std_lr0.01_s3_none,0.00792187
580000,A_w100_T10000_std_lr0.01_s4_none,0.303741
580000,A_w100_T10000_std_lr0.01_s5_none,0.248732
580000,A_w100_T10000_std_lr0.01_s6_none,0.208788
580000,A_w100_T10000_std_lr0.01_s7_none,0.000174315
580000,A_w100_T10000_std_lr0.01_s8_none,0.0169297
580000,A_w100_T10000_std_lr0.01_s9_none,0.808689
581000,A_w100_T10000_std_lr0.01_s0_none,0.462054
581000,A_w100_T10000_std_lr0.01_s1_none,0.99811
581000,A_w100_T10000_std_lr0.01_s2_none,0.18768
581000,A_w100_T10000_std_lr0.01_s3_none,0.780496
581000,A_w100_T10000_std_lr0.01_s4_none,1.81474
581000,A_w100_T10000_std_lr0.01_s5_none,0.469961
581000,A_w100_T10000_std_lr0.01_s6_none,0.703223
581000,A_w100_T10000_std_lr0.01_s7_none,1.04173
581000,A_w100_T10000_std_lr0.01_s8_none,0.320309
581000,A_w100_T10000_std_lr0.01_s9_none,0.810562
582000,A_w100_T10000_std_lr0.01_s0_none,0.274312
582000,A_w100_T10000_std_lr0.01_s1_none,0.888073
582000,A_w100_T10000_std_lr0.01_s2_none,0.00251759
582000,A_w100_T10000_std_lr0.01_s3_none,0.6175
582000,A_w100_T10000_std_lr0.01_s4_none,1.44085
582000,A_w100_T10000_std_lr0.01_s5_none,0.239774
582000,A_w100_T10000_std_lr0.01_s6_none,0.509989
582000,A_w100_T10000_std_lr0.01_s7_none,0.576466
582000,A_w100_T10000_std_lr0.01_s8_none,0.0982868
582000,A_w100_T10000_std_lr0.01_s9_none,0.340928
583000,A_w100_T10000_std_lr0.01_s0_none,0.19829
583000,A_w100_T10000_std_lr0.01_s1_none,0.658662
583000,A_w100_T10000_std_lr0.01_s2_none,0.000188276
583000,A_w100_T10000_std_lr0.01_s3_none,0.523321
583000,A_w100_T10000_std_lr0.01_s4_none,1.41448
583000,A_w100_T10000_std_lr0.01_s5_none,0.146544
583000,A_w100_T10000_std_lr0.01_s6_none,0.447713
583000,A_w100_T10000_std_lr0.01_s7_none,0.559052
583000,A_w100_T10000_std_lr0.01_s8_none,0.081041
583000,A_w100_T10000_std_lr0.01_s9_none,0.31701
584000,A_w100_T10000_std_lr0.01_s0_none,0.159043
584000,A_w100_T10000_std_lr0.01_s1_none,0.475891
584000,A_w100_T10000_std_lr0.01_s2_none,1.77082e-05
584000,A_w100_T10000_std_lr0.01_s3_none,0.52613
584000,A_w100_T10000_std_lr0.01_s4_none,1.3759
584000,A_w100_T10000_std_lr0.01_s5_none,0.103272
584000,A_w100_T10000_std_lr0.01_s6_none,0.377429
584000,A_w100_T10000_std_lr0.01_s7_none,0.422126
584000,A_w100_T10000_std_lr0.01_s8_none,0.0708978
584000,A_w100_T10000_std_lr0.01_s9_none,0.341332
585000,A_w100_T10000_std_lr0.01_s0_none,0.121775
585000,A_w100_T10000_std_lr0.01_s1_none,0.482618
585000,A_w100_T10000_std_lr0.01_s2_none,1.81109e-06
585000,A_w100_T10000_std_lr0.01_s3_none,0.504069
585000,A_w100_T10000_std_lr0.01_s4_none,1.32863
585000,A_w100_T10000_std_lr0.01_s5_none,0.0835512
585000,A_w100_T10000_std_lr0.01_s6_none,0.405282
585000,A_w100_T10000_std_lr0.01_s7_none,0.295414
585000,A_w100_T10000_std_lr0.01_s8_none,0.0566995
585000,A_w100_T10000_std_lr0.01_s9_none,0.313925
586000,A_w100_T10000_std_lr0.01_s0_none,0.0893162
586000,A_w100_T10000_std_lr0.01_s1_none,0.44662
586000,A_w100_T10000_std_lr0.01_s2_none,1.1225e-07
586000,A_w100_T10000_std_lr0.01_s3_none,0.540541
586000,A_w100_T10000_std_lr0.01_s4_none,1.37384
586000,A_w100_T10000_std_lr0.01_s5_none,0.064142
586000,A_w100_T10000_std_lr0.01_s6_none,0.272315
586000,A_w100_T10000_std_lr0.01_s7_none,0.198163
586000,A_w100_T10000_std_lr0.01_s8_none,0.0492233
586000,A_w100_T10000_std_lr0.01_s9_none,0.309472
587000,A_w100_T10000_std_lr0.01_s0_none,0.0857716
587000,A_w100_T10000_std_lr0.01_s1_none,0.443859
587000,A_w100_T10000_std_lr0.01_s2_none,6.65974e-09
587000,A_w100_T10000_std_lr0.01_s3_none,0.553163
587000,A_w100_T10000_std_lr0.01_s4_none,1.30745
587000,A_w100_T10000_std_lr0.01_s5_none,0.0443885
587000,A_w100_T10000_std_lr0.01_s6_none,0.299322
587000,A_w100_T10000_std_lr0.01_s7_none,0.17195
587000,A_w100_T10000_std_lr0.01_s8_none,0.037654
587000,A_w100_T10000_std_lr0.01_s9_none,0.317732
588000,A_w100_T10000_std_lr0.01_s0_none,0.0825484
588000,A_w100_T10000_std_lr0.01_s1_none,0.391878
588000,A_w100_T10000_std_lr0.01_s2_none,3.22695e-10
588000,A_w100_T10000_std_lr0.01_s3_none,0.51929
588000,A_w100_T10000_std_lr0.01_s4_none,1.32131
588000,A_w100_T10000_std_lr0.01_s5_none,0.0451514
588000,A_w100_T10000_std_lr0.01_s6_none,0.299599
588000,A_w100_T10000_std_lr0.01_s7_none,0.115027
588000,A_w100_T10000_std_lr0.01_s8_none,0.0387984
588000,A_w100_T10000_std_lr0.01_s9_none,0.307375
589000,A_w100_T10000_std_lr0.01_s0_none,0.078307
589000,A_w100_T10000_std_lr0.01_s1_none,0.418858
589000,A_w100_T10000_std_lr0.01_s2_none,1.49552e-11
589000,A_w100_T10000_std_lr0.01_s3_none,0.533517
589000,A_w100_T10000_std_lr0.01_s4_none,1.36546
589000,A_w100_T10000_std_lr0.01_s5_none,0.0385477
589000,A_w100_T10000_std_lr0.01_s6_none,0.285784
589000,A_w100_T10000_std_lr0.01_s7_none,0.103166
589000,A_w100_T10000_std_lr0.01_s8_none,0.029023
589000,A_w100_T10000_std_lr0.01_s9_none,0.298073
590000,A_w100_T10000_std_lr0.01_s0_none,0.0737148
590000,A_w100_T10000_std_lr0.01_s1_none,0.413063
590000,A_w100_T10000_std_lr0.01_s2_none,1.54881e-12
590000,A_w100_T10000_std_lr0.01_s3_none,0.479245
590000,A_w100_T10000_std_lr0.01_s4_none,1.22596
590000,A_w100_T10000_std_lr0.01_s5_none,0.0382242
590000,A_w100_T10000_std_lr0.01_s6_none,0.268551
590000,A_w100_T10000_std_lr0.01_s7_none,0.105086
590000,A_w100_T10000_std_lr0.01_s8_none,0.0247646
590000,A_w100_T10000_std_lr0.01_s9_none,0.307978
591000,A_w100_T10000_std_lr0.01_s0_none,0.508813
591000,A_w100_T10000_std_lr0.01_s1_none,0.808511
591000,A_w100_T10000_std_lr0.01_s2_none,0.138607
591000,A_w100_T10000_std_lr0.01_s3_none,0.856643
591000,A_w100_T10000_std_lr0.01_s4_none,1.25166
591000,A_w100_T10000_std_lr0.01_s5_none,0.389848
591000,A_w100_T10000_std_lr0.01_s6_none,0.244243
591000,A_w100_T10000_std_lr0.01_s7_none,0.884271
591000,A_w100_T10000_std_lr0.01_s8_none,0.186673
591000,A_w100_T10000_std_lr0.01_s9_none,1.02024
592000,A_w100_T10000_std_lr0.01_s0_none,0.265596
592000,A_w100_T10000_std_lr0.01_s1_none,0.847658
592000,A_w100_T10000_std_lr0.01_s2_none,0.00251734
592000,A_w100_T10000_std_lr0.01_s3_none,0.5211
592000,A_w100_T10000_std_lr0.01_s4_none,0.846226
592000,A_w100_T10000_std_lr0.01_s5_none,0.131372
592000,A_w100_T10000_std_lr0.01_s6_none,0.154157
592000,A_w100_T10000_std_lr0.01_s7_none,0.340222
592000,A_w100_T10000_std_lr0.01_s8_none,0.0984829
592000,A_w100_T10000_std_lr0.01_s9_none,0.833801
593000,A_w100_T10000_std_lr0.01_s0_none,0.269569
593000,A_w100_T10000_std_lr0.01_s1_none,0.847538
593000,A_w100_T10000_std_lr0.01_s2_none,0.000362879
593000,A_w100_T10000_std_lr0.01_s3_none,0.518703
593000,A_w100_T10000_std_lr0.01_s4_none,0.954009
593000,A_w100_T10000_std_lr0.01_s5_none,0.0989212
593000,A_w100_T10000_std_lr0.01_s6_none,0.147156
593000,A_w100_T10000_std_lr0.01_s7_none,0.277333
593000,A_w100_T10000_std_lr0.01_s8_none,0.0875242
593000,A_w100_T10000_std_lr0.01_s9_none,0.792141
594000,A_w100_T10000_std_lr0.01_s0_none,0.25663
594000,A_w100_T10000_std_lr0.01_s1_none,0.816774
594000,A_w100_T10000_std_lr0.01_s2_none,0.000111062
594000,A_w100_T10000_std_lr0.01_s3_none,0.504509
594000,A_w100_T10000_std_lr0.01_s4_none,0.854672
594000,A_w100_T10000_std_lr0.01_s5_none,0.0590002
594000,A_w100_T10000_std_lr0.01_s6_none,0.128899
594000,A_w100_T10000_std_lr0.01_s7_none,0.21319
594000,A_w100_T10000_std_lr0.01_s8_none,0.0715943
594000,A_w100_T10000_std_lr0.01_s9_none,0.787813
595000,A_w100_T10000_std_lr0.01_s0_none,0.220269
595000,A_w100_T10000_std_lr0.01_s1_none,0.87028
595000,A_w100_T10000_std_lr0.01_s2_none,5.32318e-05
595000,A_w100_T10000_std_lr0.01_s3_none,0.431754
595000,A_w100_T10000_std_lr0.01_s4_none,0.869681
595000,A_w100_T10000_std_lr0.01_s5_none,0.0333247
595000,A_w100_T10000_std_lr0.01_s6_none,0.136558
595000,A_w100_T10000_std_lr0.01_s7_none,0.200542
595000,A_w100_T10000_std_lr0.01_s8_none,0.0594118
595000,A_w100_T10000_std_lr0.01_s9_none,0.723512
596000,A_w100_T10000_std_lr0.01_s0_none,0.22433
596000,A_w100_T10000_std_lr0.01_s1_none,0.850078
596000,A_w100_T10000_std_lr0.01_s2_none,1.73598e-05
596000,A_w100_T10000_std_lr0.01_s3_none,0.385998
596000,A_w100_T10000_std_lr0.01_s4_none,0.834674
596000,A_w100_T10000_std_lr0.01_s5_none,0.0269611
596000,A_w100_T10000_std_lr0.01_s6_none,0.127964
596000,A_w100_T10000_std_lr0.01_s7_none,0.18069
596000,A_w100_T10000_std_lr0.01_s8_none,0.0495703
596000,A_w100_T10000_std_lr0.01_s9_none,0.778994
597000,A_w100_T10000_std_lr0.01_s0_none,0.20521
597000,A_w100_T10000_std_lr0.01_s1_none,0.834493
597000,A_w100_T10000_std_lr0.01_s2_none,7.24353e-06
597000,A_w100_T10000_std_lr0.01_s3_none,0.451369
597000,A_w100_T10000_std_lr0.01_s4_none,0.786952
597000,A_w100_T10000_std_lr0.01_s5_none,0.0197515
597000,A_w100_T10000_std_lr0.01_s6_none,0.126916
597000,A_w100_T10000_std_lr0.01_s7_none,0.138254
597000,A_w100_T10000_std_lr0.01_s8_none,0.0406084
597000,A_w100_T10000_std_lr0.01_s9_none,0.763467
598000,A_w100_T10000_std_lr0.01_s0_none,0.212146
598000,A_w100_T10000_std_lr0.01_s1_none,0.833898
598000,A_w100_T10000_std_lr0.01_s2_none,1.75258e-06
598000,A_w100_T10000_std_lr0.01_s3_none,0.424112
598000,A_w100_T10000_std_lr0.01_s4_none,0.76218
598000,A_w100_T10000_std_lr0.01_s5_none,0.012983
598000,A_w100_T10000_std_lr0.01_s6_none,0.124703
598000,A_w100_T10000_std_lr0.01_s7_none,0.128473
598000,A_w100_T10000_std_lr0.01_s8_none,0.0343771
598000,A_w100_T10000_std_lr0.01_s9_none,0.788359
599000,A_w100_T10000_std_lr0.01_s0_none,0.216836
599000,A_w100_T10000_std_lr0.01_s1_none,0.782219
599000,A_w100_T10000_std_lr0.01_s2_none,8.05633e-07
599000,A_w100_T10000_std_lr0.01_s3_none,0.413838
599000,A_w100_T10000_std_lr0.01_s4_none,0.719688
599000,A_w100_T10000_std_lr0.01_s5_none,0.00823125
599000,A_w100_T10000_std_lr0.01_s6_none,0.124015
599000,A_w100_T10000_std_lr0.01_s7_none,0.0854904
599000,A_w100_T10000_std_lr0.01_s8_none,0.0272034
599000,A_w100_T10000_std_lr0.01_s9_none,0.784149
600000,A_w100_T10000_std_lr0.01_s0_none,0.173367
600000,A_w100_T10000_std_lr0.01_s1_none,0.82852
600000,A_w100_T10000_std_lr0.01_s2_none,2.85051e-07
600000,A_w100_T10000_std_lr0.01_s3_none,0.405591
600000,A_w100_T10000_std_lr0.01_s4_none,0.704542
600000,A_w100_T10000_std_lr0.01_s5_none,0.00446836
600000,A_w100_T10000_std_lr0.01_s6_none,0.114202
600000,A_w100_T10000_std_lr0.01_s7_none,0.0733758
600000,A_w100_T10000_std_lr0.01_s8_none,0.0224343
600000,A_w100_T10000_std_lr0.01_s9_none,0.698797
601000,A_w100_T10000_std_lr0.01_s0_none,1.44205
601000,A_w100_T10000_std_lr0.01_s1_none,0.509978
601000,A_w100_T10000_std_lr0.01_s2_none,0.160807
601000,A_w100_T10000_std_lr0.01_s3_none,0.424641
601000,A_w100_T10000_std_lr0.01_s4_none,1.50521
601000,A_w100_T10000_std_lr0.01_s5_none,0.262557
601000,A_w100_T10000_std_lr0.01_s6_none,0.395154
601000,A_w100_T10000_std_lr0.01_s7_none,0.699238
601000,A_w100_T10000_std_lr0.01_s8_none,0.446943
601000,A_w100_T10000_std_lr0.01_s9_none,0.764236
602000,A_w100_T10000_std_lr0.01_s0_none,1.0763
602000,A_w100_T10000_std_lr0.01_s1_none,0.431979
602000,A_w100_T10000_std_lr0.01_s2_none,0.00666086
602000,A_w100_T10000_std_lr0.01_s3_none,0.169109
602000,A_w100_T10000_std_lr0.01_s4_none,1.34477
602000,A_w100_T10000_std_lr0.01_s5_none,0.0353769
602000,A_w100_T10000_std_lr0.01_s6_none,0.297218
602000,A_w100_T10000_std_lr0.01_s7_none,0.354965
602000,A_w100_T10000_std_lr0.01_s8_none,0.330711
602000,A_w100_T10000_std_lr0.01_s9_none,0.719188
603000,A_w100_T10000_std_lr0.01_s0_none,0.970584
603000,A_w100_T10000_std_lr0.01_s1_none,0.408454
603000,A_w100_T10000_std_lr0.01_s2_none,0.000429567
603000,A_w100_T10000_std_lr0.01_s3_none,0.127098
603000,A_w100_T10000_std_lr0.01_s4_none,1.2231
603000,A_w100_T10000_std_lr0.01_s5_none,0.00905587
603000,A_w100_T10000_std_lr0.01_s6_none,0.262976
603000,A_w100_T10000_std_lr0.01_s7_none,0.291941
603000,A_w100_T10000_std_lr0.01_s8_none,0.305947
603000,A_w100_T10000_std_lr0.01_s9_none,0.628802
604000,A_w100_T10000_std_lr0.01_s0_none,1.00856
604000,A_w100_T10000_std_lr0.01_s1_none,0.40765
604000,A_w100_T10000_std_lr0.01_s2_none,3.2247e-05
604000,A_w100_T10000_std_lr0.01_s3_none,0.0702723
604000,A_w100_T10000_std_lr0.01_s4_none,0.93118
604000,A_w100_T10000_std_lr0.01_s5_none,0.00154373
604000,A_w100_T10000_std_lr0.01_s6_none,0.253085
604000,A_w100_T10000_std_lr0.01_s7_none,0.256531
604000,A_w100_T10000_std_lr0.01_s8_none,0.311458
604000,A_w100_T10000_std_lr0.01_s9_none,0.631302
605000,A_w100_T10000_std_lr0.01_s0_none,0.916191
605000,A_w100_T10000_std_lr0.01_s1_none,0.451251
605000,A_w100_T10000_std_lr0.01_s2_none,2.10863e-06
605000,A_w100_T10000_std_lr0.01_s3_none,0.0581583
605000,A_w100_T10000_std_lr0.01_s4_none,0.77492
605000,A_w100_T10000_std_lr0.01_s5_none,0.000150313
605000,A_w100_T10000_std_lr0.01_s6_none,0.271474
605000,A_w100_T10000_std_lr0.01_s7_none,0.20475
605000,A_w100_T10000_std_lr0.01_s8_none,0.26352
605000,A_w100_T10000_std_lr0.01_s9_none,0.568267
606000,A_w100_T10000_std_lr0.01_s0_none,0.961973
606000,A_w100_T10000_std_lr0.01_s1_none,0.41449
606000,A_w100_T10000_std_lr0.01_s2_none,1.14319e-07
606000,A_w100_T10000_std_lr0.01_s3_none,0.0391397
606000,A_w100_T10000_std_lr0.01_s4_none,0.765521
606000,A_w100_T10000_std_lr0.01_s5_none,2.38376e-05
606000,A_w100_T10000_std_lr0.01_s6_none,0.25831
606000,A_w100_T10000_std_lr0.01_s7_none,0.195139
606000,A_w100_T10000_std_lr0.01_s8_none,0.284451
606000,A_w100_T10000_std_lr0.01_s9_none,0.565982
607000,A_w100_T10000_std_lr0.01_s0_none,1.00747
607000,A_w100_T10000_std_lr0.01_s1_none,0.44718
607000,A_w100_T10000_std_lr0.01_s2_none,6.73107e-09
607000,A_w100_T10000_std_lr0.01_s3_none,0.0306553
607000,A_w100_T10000_std_lr0.01_s4_none,0.66281
607000,A_w100_T10000_std_lr0.01_s5_none,3.55895e-06
607000,A_w100_T10000_std_lr0.01_s6_none,0.269962
607000,A_w100_T10000_std_lr0.01_s7_none,0.204744
607000,A_w100_T10000_std_lr0.01_s8_none,0.26665
607000,A_w100_T10000_std_lr0.01_s9_none,0.634263
608000,A_w100_T10000_std_lr0.01_s0_none,0.883479
608000,A_w100_T10000_std_lr0.01_s1_none,0.395472
608000,A_w100_T10000_std_lr0.01_s2_none,4.30617e-10
608000,A_w100_T10000_std_lr0.01_s3_none,0.0153049
608000,A_w100_T10000_std_lr0.01_s4_none,0.735396
608000,A_w100_T10000_std_lr0.01_s5_none,4.45262e-07
608000,A_w100_T10000_std_lr0.01_s6_none,0.244112
608000,A_w100_T10000_std_lr0.01_s7_none,0.167839
608000,A_w100_T10000_std_lr0.01_s8_none,0.272947
608000,A_w100_T10000_std_lr0.01_s9_none,0.628905
609000,A_w100_T10000_std_lr0.01_s0_none,0.936724
609000,A_w100_T10000_std_lr0.01_s1_none,0.418916
609000,A_w100_T10000_std_lr0.01_s2_none,5.01718e-11
609000,A_w100_T10000_std_lr0.01_s3_none,0.00926251
609000,A_w100_T10000_std_lr0.01_s4_none,0.706921
609000,A_w100_T10000_std_lr0.01_s5_none,6.32608e-08
609000,A_w100_T10000_std_lr0.01_s6_none,0.267159
609000,A_w100_T10000_std_lr0.01_s7_none,0.163399
609000,A_w100_T10000_std_lr0.01_s8_none,0.296494
609000,A_w100_T10000_std_lr0.01_s9_none,0.563779
610000,A_w100_T10000_std_lr0.01_s0_none,0.930229
610000,A_w100_T10000_std_lr0.01_s1_none,0.383892
610000,A_w100_T10000_std_lr0.01_s2_none,4.34651e-12
610000,A_w100_T10000_std_lr0.01_s3_none,0.00630514
610000,A_w100_T10000_std_lr0.01_s4_none,0.654558
610000,A_w100_T10000_std_lr0.01_s5_none,1.06709e-08
610000,A_w100_T10000_std_lr0.01_s6_none,0.256491
610000,A_w100_T10000_std_lr0.01_s7_none,0.155121
610000,A_w100_T10000_std_lr0.01_s8_none,0.276051
610000,A_w100_T10000_std_lr0.01_s9_none,0.580922
611000,A_w100_T10000_std_lr0.01_s0_none,0.48511
611000,A_w100_T10000_std_lr0.01_s1_none,0.631359
611000,A_w100_T10000_std_lr0.01_s2_none,0.107982
611000,A_w100_T10000_std_lr0.01_s3_none,0.378961
611000,A_w100_T10000_std_lr0.01_s4_none,1.04608
611000,A_w100_T10000_std_lr0.01_s5_none,0.383152
611000,A_w100_T10000_std_lr0.01_s6_none,0.540106
611000,A_w100_T10000_std_lr0.01_s7_none,0.899597
611000,A_w100_T10000_std_lr0.01_s8_none,0.0600474
611000,A_w100_T10000_std_lr0.01_s9_none,0.976845
612000,A_w100_T10000_std_lr0.01_s0_none,0.262173
612000,A_w100_T10000_std_lr0.01_s1_none,0.33134
612000,A_w100_T10000_std_lr0.01_s2_none,0.00055141
612000,A_w100_T10000_std_lr0.01_s3_none,0.264207
612000,A_w100_T10000_std_lr0.01_s4_none,0.724634
612000,A_w100_T10000_std_lr0.01_s5_none,0.102611
612000,A_w100_T10000_std_lr0.01_s6_none,0.373512
612000,A_w100_T10000_std_lr0.01_s7_none,0.601971
612000,A_w100_T10000_std_lr0.01_s8_none,0.0195461
612000,A_w100_T10000_std_lr0.01_s9_none,0.946255
613000,A_w100_T10000_std_lr0.01_s0_none,0.243744
613000,A_w100_T10000_std_lr0.01_s1_none,0.291559
613000,A_w100_T10000_std_lr0.01_s2_none,1.90151e-05
613000,A_w100_T10000_std_lr0.01_s3_none,0.202755
613000,A_w100_T10000_std_lr0.01_s4_none,0.678631
613000,A_w100_T10000_std_lr0.01_s5_none,0.055718
613000,A_w100_T10000_std_lr0.01_s6_none,0.31442
613000,A_w100_T10000_std_lr0.01_s7_none,0.568585
613000,A_w100_T10000_std_lr0.01_s8_none,0.0158633
613000,A_w100_T10000_std_lr0.01_s9_none,0.851997
614000,A_w100_T10000_std_lr0.01_s0_none,0.217914
614000,A_w100_T10000_std_lr0.01_s1_none,0.24368
614000,A_w100_T10000_std_lr0.01_s2_none,6.25679e-07
614000,A_w100_T10000_std_lr0.01_s3_none,0.205715
614000,A_w100_T10000_std_lr0.01_s4_none,0.718084
614000,A_w100_T10000_std_lr0.01_s5_none,0.0266615
614000,A_w100_T10000_std_lr0.01_s6_none,0.228588
614000,A_w100_T10000_std_lr0.01_s7_none,0.431207
614000,A_w100_T10000_std_lr0.01_s8_none,0.0166384
614000,A_w100_T10000_std_lr0.01_s9_none,0.850444
615000,A_w100_T10000_std_lr0.01_s0_none,0.215696
615000,A_w100_T10000_std_lr0.01_s1_none,0.212125
615000,A_w100_T10000_std_lr0.01_s2_none,2.46448e-08
615000,A_w100_T10000_std_lr0.01_s3_none,0.184885
615000,A_w100_T10000_std_lr0.01_s4_none,0.690494
615000,A_w100_T10000_std_lr0.01_s5_none,0.0204847
615000,A_w100_T10000_std_lr0.01_s6_none,0.167583
615000,A_w100_T10000_std_lr0.01_s7_none,0.469543
615000,A_w100_T10000_std_lr0.01_s8_none,0.0144183
615000,A_w100_T10000_std_lr0.01_s9_none,0.833124
616000,A_w100_T10000_std_lr0.01_s0_none,0.188574
616000,A_w100_T10000_std_lr0.01_s1_none,0.216735
616000,A_w100_T10000_std_lr0.01_s2_none,1.20639e-09
616000,A_w100_T10000_std_lr0.01_s3_none,0.157595
616000,A_w100_T10000_std_lr0.01_s4_none,0.65254
616000,A_w100_T10000_std_lr0.01_s5_none,0.0147161
616000,A_w100_T10000_std_lr0.01_s6_none,0.142003
616000,A_w100_T10000_std_lr0.01_s7_none,0.455219
616000,A_w100_T10000_std_lr0.01_s8_none,0.012687
616000,A_w100_T10000_std_lr0.01_s9_none,0.85981
617000,A_w100_T10000_std_lr0.01_s0_none,0.173547
617000,A_w100_T10000_std_lr0.01_s1_none,0.194588
617000,A_w100_T10000_std_lr0.01_s2_none,4.2397e-11
617000,A_w100_T10000_std_lr0.01_s3_none,0.165128
617000,A_w100_T10000_std_lr0.01_s4_none,0.668418
617000,A_w100_T10000_std_lr0.01_s5_none,0.0111868
617000,A_w100_T10000_std_lr0.01_s6_none,0.105029
617000,A_w100_T10000_std_lr0.01_s7_none,0.365455
617000,A_w100_T10000_std_lr0.01_s8_none,0.0120742
617000,A_w100_T10000_std_lr0.01_s9_none,0.893404
618000,A_w100_T10000_std_lr0.01_s0_none,0.158082
618000,A_w100_T10000_std_lr0.01_s1_none,0.160229
618000,A_w100_T10000_std_lr0.01_s2_none,2.03335e-12
618000,A_w100_T10000_std_lr0.01_s3_none,0.141305
618000,A_w100_T10000_std_lr0.01_s4_none,0.642494
618000,A_w100_T10000_std_lr0.01_s5_none,0.00764749
618000,A_w100_T10000_std_lr0.01_s6_none,0.0706463
618000,A_w100_T10000_std_lr0.01_s7_none,0.362115
618000,A_w100_T10000_std_lr0.01_s8_none,0.0107247
618000,A_w100_T10000_std_lr0.01_s9_none,0.870252
619000,A_w100_T10000_std_lr0.01_s0_none,0.161248
619000,A_w100_T10000_std_lr0.01_s1_none,0.161502
619000,A_w100_T10000_std_lr0.01_s2_none,1.66871e-13
619000,A_w100_T10000_std_lr0.01_s3_none,0.153855
619000,A_w100_T10000_std_lr0.01_s4_none,0.636547
619000,A_w100_T10000_std_lr0.01_s5_none,0.0051182
619000,A_w100_T10000_std_lr0.01_s6_none,0.0636575
619000,A_w100_T10000_std_lr0.01_s7_none,0.367924
619000,A_w100_T10000_std_lr0.01_s8_none,0.00967512
619000,A_w100_T10000_std_lr0.01_s9_none,0.847839
620000,A_w100_T10000_std_lr0.01_s0_none,0.142432
620000,A_w100_T10000_std_lr0.01_s1_none,0.155649
620000,A_w100_T10000_std_lr0.01_s2_none,1.66636e-13
620000,A_w100_T10000_std_lr0.01_s3_none,0.1564
620000,A_w100_T10000_std_lr0.01_s4_none,0.620022
620000,A_w100_T10000_std_lr0.01_s5_none,0.00440702
620000,A_w100_T10000_std_lr0.01_s6_none,0.0618549
620000,A_w100_T10000_std_lr0.01_s7_none,0.549732
620000,A_w100_T10000_std_lr0.01_s8_none,0.0104998
620000,A_w100_T10000_std_lr0.01_s9_none,0.856459
621000,A_w100_T10000_std_lr0.01_s0_none,1.49782
621000,A_w100_T10000_std_lr0.01_s1_none,0.782742
621000,A_w100_T10000_std_lr0.01_s2_none,0.0603533
621000,A_w100_T10000_std_lr0.01_s3_none,0.494738
621000,A_w100_T10000_std_lr0.01_s4_none,0.644122
621000,A_w100_T10000_std_lr0.01_s5_none,0.433518
621000,A_w100_T10000_std_lr0.01_s6_none,1.02392
621000,A_w100_T10000_std_lr0.01_s7_none,0.765395
621000,A_w100_T10000_std_lr0.01_s8_none,0.585679
621000,A_w100_T10000_std_lr0.01_s9_none,1.01596
622000,A_w100_T10000_std_lr0.01_s0_none,1.3587
622000,A_w100_T10000_std_lr0.01_s1_none,0.585458
622000,A_w100_T10000_std_lr0.01_s2_none,3.77514e-05
622000,A_w100_T10000_std_lr0.01_s3_none,0.305645
622000,A_w100_T10000_std_lr0.01_s4_none,0.44244
622000,A_w100_T10000_std_lr0.01_s5_none,0.148496
622000,A_w100_T10000_std_lr0.01_s6_none,0.461247
622000,A_w100_T10000_std_lr0.01_s7_none,0.446168
622000,A_w100_T10000_std_lr0.01_s8_none,0.306749
622000,A_w100_T10000_std_lr0.01_s9_none,0.804438
623000,A_w100_T10000_std_lr0.01_s0_none,1.22777
623000,A_w100_T10000_std_lr0.01_s1_none,0.529435
623000,A_w100_T10000_std_lr0.01_s2_none,4.82262e-06
623000,A_w100_T10000_std_lr0.01_s3_none,0.326976
623000,A_w100_T10000_std_lr0.01_s4_none,0.318039
623000,A_w100_T10000_std_lr0.01_s5_none,0.0729371
623000,A_w100_T10000_std_lr0.01_s6_none,0.438543
623000,A_w100_T10000_std_lr0.01_s7_none,0.375821
623000,A_w100_T10000_std_lr0.01_s8_none,0.263205
623000,A_w100_T10000_std_lr0.01_s9_none,0.765569
624000,A_w100_T10000_std_lr0.01_s0_none,1.4104
624000,A_w100_T10000_std_lr0.01_s1_none,0.554822
624000,A_w100_T10000_std_lr0.01_s2_none,3.35518e-07
624000,A_w100_T10000_std_lr0.01_s3_none,0.302345
624000,A_w100_T10000_std_lr0.01_s4_none,0.28256
624000,A_w100_T10000_std_lr0.01_s5_none,0.0530731
624000,A_w100_T10000_std_lr0.01_s6_none,0.33639
624000,A_w100_T10000_std_lr0.01_s7_none,0.304124
624000,A_w100_T10000_std_lr0.01_s8_none,0.240478
624000,A_w100_T10000_std_lr0.01_s9_none,0.753787
625000,A_w100_T10000_std_lr0.01_s0_none,1.33659
625000,A_w100_T10000_std_lr0.01_s1_none,0.523783
625000,A_w100_T10000_std_lr0.01_s2_none,2.34233e-08
625000,A_w100_T10000_std_lr0.01_s3_none,0.284172
625000,A_w100_T10000_std_lr0.01_s4_none,0.263298
625000,A_w100_T10000_std_lr0.01_s5_none,0.0389835
625000,A_w100_T10000_std_lr0.01_s6_none,0.261496
625000,A_w100_T10000_std_lr0.01_s7_none,0.282621
625000,A_w100_T10000_std_lr0.01_s8_none,0.251841
625000,A_w100_T10000_std_lr0.01_s9_none,0.717102
626000,A_w100_T10000_std_lr0.01_s0_none,1.24191
626000,A_w100_T10000_std_lr0.01_s1_none,0.51796
626000,A_w100_T10000_std_lr0.01_s2_none,1.03352e-09
626000,A_w100_T10000_std_lr0.01_s3_none,0.310508
626000,A_w100_T10000_std_lr0.01_s4_none,0.263434
626000,A_w100_T10000_std_lr0.01_s5_none,0.026043
626000,A_w100_T10000_std_lr0.01_s6_none,0.247167
626000,A_w100_T10000_std_lr0.01_s7_none,0.242534
626000,A_w100_T10000_std_lr0.01_s8_none,0.28129
626000,A_w100_T10000_std_lr0.01_s9_none,0.654161
627000,A_w100_T10000_std_lr0.01_s0_none,1.28711
627000,A_w100_T10000_std_lr0.01_s1_none,0.449243
627000,A_w100_T10000_std_lr0.01_s2_none,6.88853e-11
627000,A_w100_T10000_std_lr0.01_s3_none,0.280666
627000,A_w100_T10000_std_lr0.01_s4_none,0.24828
627000,A_w100_T10000_std_lr0.01_s5_none,0.0157629
627000,A_w100_T10000_std_lr0.01_s6_none,0.267266
627000,A_w100_T10000_std_lr0.01_s7_none,0.266985
627000,A_w100_T10000_std_lr0.01_s8_none,0.238356
627000,A_w100_T10000_std_lr0.01_s9_none,0.697652
628000,A_w100_T10000_std_lr0.01_s0_none,1.17365
628000,A_w100_T10000_std_lr0.01_s1_none,0.488201
628000,A_w100_T10000_std_lr0.01_s2_none,3.35022e-12
628000,A_w100_T10000_std_lr0.01_s3_none,0.295354
628000,A_w100_T10000_std_lr0.01_s4_none,0.24509
628000,A_w100_T10000_std_lr0.01_s5_none,0.00938734
628000,A_w100_T10000_std_lr0.01_s6_none,0.259682
628000,A_w100_T10000_std_lr0.01_s7_none,0.242128
628000,A_w100_T10000_std_lr0.01_s8_none,0.249386
628000,A_w100_T10000_std_lr0.01_s9_none,0.597592
629000,A_w100_T10000_std_lr0.01_s0_none,1.31722
629000,A_w100_T10000_std_lr0.01_s1_none,0.439186
629000,A_w100_T10000_std_lr0.01_s2_none,2.73673e-13
629000,A_w100_T10000_std_lr0.01_s3_none,0.299717
629000,A_w100_T10000_std_lr0.01_s4_none,0.24117
629000,A_w100_T10000_std_lr0.01_s5_none,0.0078159
629000,A_w100_T10000_std_lr0.01_s6_none,0.242115
629000,A_w100_T10000_std_lr0.01_s7_none,0.246197
629000,A_w100_T10000_std_lr0.01_s8_none,0.260718
629000,A_w100_T10000_std_lr0.01_s9_none,0.628803
630000,A_w100_T10000_std_lr0.01_s0_none,1.22134
630000,A_w100_T10000_std_lr0.01_s1_none,0.456364
630000,A_w100_T10000_std_lr0.01_s2_none,1.46663e-13
630000,A_w100_T10000_std_lr0.01_s3_none,0.307158
630000,A_w100_T10000_std_lr0.01_s4_none,0.226493
630000,A_w100_T10000_std_lr0.01_s5_none,0.0061988
630000,A_w100_T10000_std_lr0.01_s6_none,0.202732
630000,A_w100_T10000_std_lr0.01_s7_none,0.253165
630000,A_w100_T10000_std_lr0.01_s8_none,0.232317
630000,A_w100_T10000_std_lr0.01_s9_none,0.62245
631000,A_w100_T10000_std_lr0.01_s0_none,1.22875
631000,A_w100_T10000_std_lr0.01_s1_none,0.583199
631000,A_w100_T10000_std_lr0.01_s2_none,0.110445
631000,A_w100_T10000_std_lr0.01_s3_none,0.278304
631000,A_w100_T10000_std_lr0.01_s4_none,0.868141
631000,A_w100_T10000_std_lr0.01_s5_none,0.24158
631000,A_w100_T10000_std_lr0.01_s6_none,0.940582
631000,A_w100_T10000_std_lr0.01_s7_none,0.678068
631000,A_w100_T10000_std_lr0.01_s8_none,0.461167
631000,A_w100_T10000_std_lr0.01_s9_none,0.802682
632000,A_w100_T10000_std_lr0.01_s0_none,1.14174
632000,A_w100_T10000_std_lr0.01_s1_none,0.409875
632000,A_w100_T10000_std_lr0.01_s2_none,0.0103205
632000,A_w100_T10000_std_lr0.01_s3_none,0.175863
632000,A_w100_T10000_std_lr0.01_s4_none,0.60238
632000,A_w100_T10000_std_lr0.01_s5_none,0.0252569
632000,A_w100_T10000_std_lr0.01_s6_none,0.758074
632000,A_w100_T10000_std_lr0.01_s7_none,0.596763
632000,A_w100_T10000_std_lr0.01_s8_none,0.244311
632000,A_w100_T10000_std_lr0.01_s9_none,0.43934
633000,A_w100_T10000_std_lr0.01_s0_none,1.02291
633000,A_w100_T10000_std_lr0.01_s1_none,0.360587
633000,A_w100_T10000_std_lr0.01_s2_none,0.00494796
633000,A_w100_T10000_std_lr0.01_s3_none,0.202288
633000,A_w100_T10000_std_lr0.01_s4_none,0.558004
633000,A_w100_T10000_std_lr0.01_s5_none,0.0262094
633000,A_w100_T10000_std_lr0.01_s6_none,0.594907
633000,A_w100_T10000_std_lr0.01_s7_none,0.6306
633000,A_w100_T10000_std_lr0.01_s8_none,0.233709
633000,A_w100_T10000_std_lr0.01_s9_none,0.36697
634000,A_w100_T10000_std_lr0.01_s0_none,1.05085
634000,A_w100_T10000_std_lr0.01_s1_none,0.320701
634000,A_w100_T10000_std_lr0.01_s2_none,0.00194081
634000,A_w100_T10000_std_lr0.01_s3_none,0.180759
634000,A_w100_T10000_std_lr0.01_s4_none,0.406207
634000,A_w100_T10000_std_lr0.01_s5_none,0.030716
634000,A_w100_T10000_std_lr0.01_s6_none,0.684997
634000,A_w100_T10000_std_lr0.01_s7_none,0.648941
634000,A_w100_T10000_std_lr0.01_s8_none,0.197645
634000,A_w100_T10000_std_lr0.01_s9_none,0.267319
635000,A_w100_T10000_std_lr0.01_s0_none,1.0513
635000,A_w100_T10000_std_lr0.01_s1_none,0.282074
635000,A_w100_T10000_std_lr0.01_s2_none,0.000852029
635000,A_w100_T10000_std_lr0.01_s3_none,0.170083
635000,A_w100_T10000_std_lr0.01_s4_none,0.384236
635000,A_w100_T10000_std_lr0.01_s5_none,0.0235664
635000,A_w100_T10000_std_lr0.01_s6_none,0.671778
635000,A_w100_T10000_std_lr0.01_s7_none,0.682725
635000,A_w100_T10000_std_lr0.01_s8_none,0.195056
635000,A_w100_T10000_std_lr0.01_s9_none,0.250641
636000,A_w100_T10000_std_lr0.01_s0_none,1.03987
636000,A_w100_T10000_std_lr0.01_s1_none,0.260312
636000,A_w100_T10000_std_lr0.01_s2_none,0.00034813
636000,A_w100_T10000_std_lr0.01_s3_none,0.198048
636000,A_w100_T10000_std_lr0.01_s4_none,0.302233
636000,A_w100_T10000_std_lr0.01_s5_none,0.0205468
636000,A_w100_T10000_std_lr0.01_s6_none,0.657043
636000,A_w100_T10000_std_lr0.01_s7_none,0.548253
636000,A_w100_T10000_std_lr0.01_s8_none,0.186274
636000,A_w100_T10000_std_lr0.01_s9_none,0.220068
637000,A_w100_T10000_std_lr0.01_s0_none,1.01509
637000,A_w100_T10000_std_lr0.01_s1_none,0.27734
637000,A_w100_T10000_std_lr0.01_s2_none,0.000132986
637000,A_w100_T10000_std_lr0.01_s3_none,0.214805
637000,A_w100_T10000_std_lr0.01_s4_none,0.275256
637000,A_w100_T10000_std_lr0.01_s5_none,0.0245881
637000,A_w100_T10000_std_lr0.01_s6_none,0.5998
637000,A_w100_T10000_std_lr0.01_s7_none,0.638868
637000,A_w100_T10000_std_lr0.01_s8_none,0.15965
637000,A_w100_T10000_std_lr0.01_s9_none,0.223092
638000,A_w100_T10000_std_lr0.01_s0_none,1.00092
638000,A_w100_T10000_std_lr0.01_s1_none,0.289406
638000,A_w100_T10000_std_lr0.01_s2_none,5.13942e-05
638000,A_w100_T10000_std_lr0.01_s3_none,0.211773
638000,A_w100_T10000_std_lr0.01_s4_none,0.190107
638000,A_w100_T10000_std_lr0.01_s5_none,0.0218737
638000,A_w100_T10000_std_lr0.01_s6_none,0.558472
638000,A_w100_T10000_std_lr0.01_s7_none,0.597443
638000,A_w100_T10000_std_lr0.01_s8_none,0.171191
638000,A_w100_T10000_std_lr0.01_s9_none,0.198907
639000,A_w100_T10000_std_lr0.01_s0_none,0.935593
639000,A_w100_T10000_std_lr0.01_s1_none,0.267467
639000,A_w100_T10000_std_lr0.01_s2_none,2.04169e-05
639000,A_w100_T10000_std_lr0.01_s3_none,0.176662
639000,A_w100_T10000_std_lr0.01_s4_none,0.182902
639000,A_w100_T10000_std_lr0.01_s5_none,0.0261158
639000,A_w100_T10000_std_lr0.01_s6_none,0.570449
639000,A_w100_T10000_std_lr0.01_s7_none,0.573454
639000,A_w100_T10000_std_lr0.01_s8_none,0.15764
639000,A_w100_T10000_std_lr0.01_s9_none,0.193316
640000,A_w100_T10000_std_lr0.01_s0_none,1.04223
640000,A_w100_T10000_std_lr0.01_s1_none,0.270046
640000,A_w100_T10000_std_lr0.01_s2_none,6.42521e-06
640000,A_w100_T10000_std_lr0.01_s3_none,0.190477
640000,A_w100_T10000_std_lr0.01_s4_none,0.174734
640000,A_w100_T10000_std_lr0.01_s5_none,0.0213901
640000,A_w100_T10000_std_lr0.01_s6_none,0.572317
640000,A_w100_T10000_std_lr0.01_s7_none,0.581292
640000,A_w100_T10000_std_lr0.01_s8_none,0.133432
640000,A_w100_T10000_std_lr0.01_s9_none,0.182747
641000,A_w100_T10000_std_lr0.01_s0_none,0.948571
641000,A_w100_T10000_std_lr0.01_s1_none,0.600053
641000,A_w100_T10000_std_lr0.01_s2_none,0.205369
641000,A_w100_T10000_std_lr0.01_s3_none,0.621723
641000,A_w100_T10000_std_lr0.01_s4_none,0.849047
641000,A_w100_T10000_std_lr0.01_s5_none,0.216633
641000,A_w100_T10000_std_lr0.01_s6_none,0.635421
641000,A_w100_T10000_std_lr0.01_s7_none,1.14343
641000,A_w100_T10000_std_lr0.01_s8_none,1.02244
641000,A_w100_T10000_std_lr0.01_s9_none,0.592699
642000,A_w100_T10000_std_lr0.01_s0_none,0.539346
642000,A_w100_T10000_std_lr0.01_s1_none,0.560907
642000,A_w100_T10000_std_lr0.01_s2_none,0.00375124
642000,A_w100_T10000_std_lr0.01_s3_none,0.501714
642000,A_w100_T10000_std_lr0.01_s4_none,0.427678
642000,A_w100_T10000_std_lr0.01_s5_none,0.00506242
642000,A_w100_T10000_std_lr0.01_s6_none,0.323785
642000,A_w100_T10000_std_lr0.01_s7_none,1.11545
642000,A_w100_T10000_std_lr0.01_s8_none,0.46114
642000,A_w100_T10000_std_lr0.01_s9_none,0.256824
643000,A_w100_T10000_std_lr0.01_s0_none,0.517778
643000,A_w100_T10000_std_lr0.01_s1_none,0.509867
643000,A_w100_T10000_std_lr0.01_s2_none,0.000333203
643000,A_w100_T10000_std_lr0.01_s3_none,0.523458
643000,A_w100_T10000_std_lr0.01_s4_none,0.376482
643000,A_w100_T10000_std_lr0.01_s5_none,0.00082076
643000,A_w100_T10000_std_lr0.01_s6_none,0.25465
643000,A_w100_T10000_std_lr0.01_s7_none,1.24216
643000,A_w100_T10000_std_lr0.01_s8_none,0.272161
643000,A_w100_T10000_std_lr0.01_s9_none,0.211635
644000,A_w100_T10000_std_lr0.01_s0_none,0.538171
644000,A_w100_T10000_std_lr0.01_s1_none,0.453399
644000,A_w100_T10000_std_lr0.01_s2_none,3.40418e-05
644000,A_w100_T10000_std_lr0.01_s3_none,0.575593
644000,A_w100_T10000_std_lr0.01_s4_none,0.309496
644000,A_w100_T10000_std_lr0.01_s5_none,9.89793e-05
644000,A_w100_T10000_std_lr0.01_s6_none,0.205797
644000,A_w100_T10000_std_lr0.01_s7_none,1.18111
644000,A_w100_T10000_std_lr0.01_s8_none,0.250074
644000,A_w100_T10000_std_lr0.01_s9_none,0.170289
645000,A_w100_T10000_std_lr0.01_s0_none,0.517983
645000,A_w100_T10000_std_lr0.01_s1_none,0.484853
645000,A_w100_T10000_std_lr0.01_s2_none,2.41478e-06
645000,A_w100_T10000_std_lr0.01_s3_none,0.5714
645000,A_w100_T10000_std_lr0.01_s4_none,0.208662
645000,A_w100_T10000_std_lr0.01_s5_none,1.15746e-05
645000,A_w100_T10000_std_lr0.01_s6_none,0.157779
645000,A_w100_T10000_std_lr0.01_s7_none,1.29479
645000,A_w100_T10000_std_lr0.01_s8_none,0.213135
645000,A_w100_T10000_std_lr0.01_s9_none,0.147175
646000,A_w100_T10000_std_lr0.01_s0_none,0.492908
646000,A_w100_T10000_std_lr0.01_s1_none,0.432371
646000,A_w100_T10000_std_lr0.01_s2_none,2.61732e-07
646000,A_w100_T10000_std_lr0.01_s3_none,0.506193
646000,A_w100_T10000_std_lr0.01_s4_none,0.158021
646000,A_w100_T10000_std_lr0.01_s5_none,1.93803e-06
646000,A_w100_T10000_std_lr0.01_s6_none,0.134348
646000,A_w100_T10000_std_lr0.01_s7_none,1.03692
646000,A_w100_T10000_std_lr0.01_s8_none,0.229105
646000,A_w100_T10000_std_lr0.01_s9_none,0.112657
647000,A_w100_T10000_std_lr0.01_s0_none,0.388389
647000,A_w100_T10000_std_lr0.01_s1_none,0.455393
647000,A_w100_T10000_std_lr0.01_s2_none,1.96758e-08
647000,A_w100_T10000_std_lr0.01_s3_none,0.501493
647000,A_w100_T10000_std_lr0.01_s4_none,0.156972
647000,A_w100_T10000_std_lr0.01_s5_none,2.26598e-07
647000,A_w100_T10000_std_lr0.01_s6_none,0.107114
647000,A_w100_T10000_std_lr0.01_s7_none,1.13814
647000,A_w100_T10000_std_lr0.01_s8_none,0.212453
647000,A_w100_T10000_std_lr0.01_s9_none,0.102377
648000,A_w100_T10000_std_lr0.01_s0_none,0.370393
648000,A_w100_T10000_std_lr0.01_s1_none,0.438515
648000,A_w100_T10000_std_lr0.01_s2_none,1.38921e-09
648000,A_w100_T10000_std_lr0.01_s3_none,0.540425
648000,A_w100_T10000_std_lr0.01_s4_none,0.16073
648000,A_w100_T10000_std_lr0.01_s5_none,2.72535e-08
648000,A_w100_T10000_std_lr0.01_s6_none,0.0969151
648000,A_w100_T10000_std_lr0.01_s7_none,1.2513
648000,A_w100_T10000_std_lr0.01_s8_none,0.214805
648000,A_w100_T10000_std_lr0.01_s9_none,0.127713
649000,A_w100_T10000_std_lr0.01_s0_none,0.363882
649000,A_w100_T10000_std_lr0.01_s1_none,0.489683
649000,A_w100_T10000_std_lr0.01_s2_none,2.06895e-10
649000,A_w100_T10000_std_lr0.01_s3_none,0.548126
649000,A_w100_T10000_std_lr0.01_s4_none,0.153784
649000,A_w100_T10000_std_lr0.01_s5_none,4.06076e-09
649000,A_w100_T10000_std_lr0.01_s6_none,0.0742868
649000,A_w100_T10000_std_lr0.01_s7_none,1.17686
649000,A_w100_T10000_std_lr0.01_s8_none,0.208406
649000,A_w100_T10000_std_lr0.01_s9_none,0.0960487
650000,A_w100_T10000_std_lr0.01_s0_none,0.363235
650000,A_w100_T10000_std_lr0.01_s1_none,0.472458
650000,A_w100_T10000_std_lr0.01_s2_none,2.01319e-11
650000,A_w100_T10000_std_lr0.01_s3_none,0.566354
650000,A_w100_T10000_std_lr0.01_s4_none,0.139992
650000,A_w100_T10000_std_lr0.01_s5_none,3.08046e-10
650000,A_w100_T10000_std_lr0.01_s6_none,0.0603254
650000,A_w100_T10000_std_lr0.01_s7_none,1.22575
650000,A_w100_T10000_std_lr0.01_s8_none,0.222098
650000,A_w100_T10000_std_lr0.01_s9_none,0.0976218
651000,A_w100_T10000_std_lr0.01_s0_none,0.851632
651000,A_w100_T10000_std_lr0.01_s1_none,0.642667
651000,A_w100_T10000_std_lr0.01_s2_none,0.176928
651000,A_w100_T10000_std_lr0.01_s3_none,1.29452
651000,A_w100_T10000_std_lr0.01_s4_none,0.267049
651000,A_w100_T10000_std_lr0.01_s5_none,0.339271
651000,A_w100_T10000_std_lr0.01_s6_none,0.858128
651000,A_w100_T10000_std_lr0.01_s7_none,1.2897
651000,A_w100_T10000_std_lr0.01_s8_none,0.662922
651000,A_w100_T10000_std_lr0.01_s9_none,0.727806
652000,A_w100_T10000_std_lr0.01_s0_none,0.798589
652000,A_w100_T10000_std_lr0.01_s1_none,0.492467
652000,A_w100_T10000_std_lr0.01_s2_none,0.033764
652000,A_w100_T10000_std_lr0.01_s3_none,1.18256
652000,A_w100_T10000_std_lr0.01_s4_none,0.135272
652000,A_w100_T10000_std_lr0.01_s5_none,0.043077
652000,A_w100_T10000_std_lr0.01_s6_none,0.656407
652000,A_w100_T10000_std_lr0.01_s7_none,0.949957
652000,A_w100_T10000_std_lr0.01_s8_none,0.254663
652000,A_w100_T10000_std_lr0.01_s9_none,0.52235
653000,A_w100_T10000_std_lr0.01_s0_none,0.765845
653000,A_w100_T10000_std_lr0.01_s1_none,0.404734
653000,A_w100_T10000_std_lr0.01_s2_none,0.0174188
653000,A_w100_T10000_std_lr0.01_s3_none,0.975043
653000,A_w100_T10000_std_lr0.01_s4_none,0.108405
653000,A_w100_T10000_std_lr0.01_s5_none,0.0192449
653000,A_w100_T10000_std_lr0.01_s6_none,0.653408
653000,A_w100_T10000_std_lr0.01_s7_none,0.886946
653000,A_w100_T10000_std_lr0.01_s8_none,0.290643
653000,A_w100_T10000_std_lr0.01_s9_none,0.433776
654000,A_w100_T10000_std_lr0.01_s0_none,0.771288
654000,A_w100_T10000_std_lr0.01_s1_none,0.414757
654000,A_w100_T10000_std_lr0.01_s2_none,0.00975664
654000,A_w100_T10000_std_lr0.01_s3_none,0.726528
654000,A_w100_T10000_std_lr0.01_s4_none,0.0960694
654000,A_w100_T10000_std_lr0.01_s5_none,0.00934677
654000,A_w100_T10000_std_lr0.01_s6_none,0.584831
654000,A_w100_T10000_std_lr0.01_s7_none,0.879464
654000,A_w100_T10000_std_lr0.01_s8_none,0.23323
654000,A_w100_T10000_std_lr0.01_s9_none,0.284837
655000,A_w100_T10000_std_lr0.01_s0_none,0.71458
655000,A_w100_T10000_std_lr0.01_s1_none,0.377344
655000,A_w100_T10000_std_lr0.01_s2_none,0.00644566
655000,A_w100_T10000_std_lr0.01_s3_none,0.595445
655000,A_w100_T10000_std_lr0.01_s4_none,0.0862737
655000,A_w100_T10000_std_lr0.01_s5_none,0.00433253
655000,A_w100_T10000_std_lr0.01_s6_none,0.640051
655000,A_w100_T10000_std_lr0.01_s7_none,0.865063
655000,A_w100_T10000_std_lr0.01_s8_none,0.220776
655000,A_w100_T10000_std_lr0.01_s9_none,0.257855
656000,A_w100_T10000_std_lr0.01_s0_none,0.776605
656000,A_w100_T10000_std_lr0.01_s1_none,0.406883
656000,A_w100_T10000_std_lr0.01_s2_none,0.00441537
656000,A_w100_T10000_std_lr0.01_s3_none,0.560977
656000,A_w100_T10000_std_lr0.01_s4_none,0.0801843
656000,A_w100_T10000_std_lr0.01_s5_none,0.00255722
656000,A_w100_T10000_std_lr0.01_s6_none,0.592767
656000,A_w100_T10000_std_lr0.01_s7_none,0.829444
656000,A_w100_T10000_std_lr0.01_s8_none,0.184538
656000,A_w100_T10000_std_lr0.01_s9_none,0.254408
657000,A_w100_T10000_std_lr0.01_s0_none,0.779807
657000,A_w100_T10000_std_lr0.01_s1_none,0.399183
657000,A_w100_T10000_std_lr0.01_s2_none,0.00329795
657000,A_w100_T10000_std_lr0.01_s3_none,0.576977
657000,A_w100_T10000_std_lr0.01_s4_none,0.0810296
657000,A_w100_T10000_std_lr0.01_s5_none,0.00142469
657000,A_w100_T10000_std_lr0.01_s6_none,0.694751
657000,A_w100_T10000_std_lr0.01_s7_none,0.831508
657000,A_w100_T10000_std_lr0.01_s8_none,0.202563
657000,A_w100_T10000_std_lr0.01_s9_none,0.231341
658000,A_w100_T10000_std_lr0.01_s0_none,0.731917
658000,A_w100_T10000_std_lr0.01_s1_none,0.375852
658000,A_w100_T10000_std_lr0.01_s2_none,0.0022391
658000,A_w100_T10000_std_lr0.01_s3_none,0.531628
658000,A_w100_T10000_std_lr0.01_s4_none,0.0821673
658000,A_w100_T10000_std_lr0.01_s5_none,0.000823051
658000,A_w100_T10000_std_lr0.01_s6_none,0.585638
658000,A_w100_T10000_std_lr0.01_s7_none,0.761483
658000,A_w100_T10000_std_lr0.01_s8_none,0.218167
658000,A_w100_T10000_std_lr0.01_s9_none,0.232759
659000,A_w100_T10000_std_lr0.01_s0_none,0.687301
659000,A_w100_T10000_std_lr0.01_s1_none,0.35824
659000,A_w100_T10000_std_lr0.01_s2_none,0.00145709
659000,A_w100_T10000_std_lr0.01_s3_none,0.573164
659000,A_w100_T10000_std_lr0.01_s4_none,0.0755637
659000,A_w100_T10000_std_lr0.01_s5_none,0.000699303
659000,A_w100_T10000_std_lr0.01_s6_none,0.656226
659000,A_w100_T10000_std_lr0.01_s7_none,0.809046
659000,A_w100_T10000_std_lr0.01_s8_none,0.193078
659000,A_w100_T10000_std_lr0.01_s9_none,0.243443
660000,A_w100_T10000_std_lr0.01_s0_none,0.791333
660000,A_w100_T10000_std_lr0.01_s1_none,0.421402
660000,A_w100_T10000_std_lr0.01_s2_none,0.000844786
660000,A_w100_T10000_std_lr0.01_s3_none,0.53685
660000,A_w100_T10000_std_lr0.01_s4_none,0.0729134
660000,A_w100_T10000_std_lr0.01_s5_none,0.000468107
660000,A_w100_T10000_std_lr0.01_s6_none,0.60892
660000,A_w100_T10000_std_lr0.01_s7_none,0.759869
660000,A_w100_T10000_std_lr0.01_s8_none,0.203057
660000,A_w100_T10000_std_lr0.01_s9_none,0.25403
661000,A_w100_T10000_std_lr0.01_s0_none,0.860103
661000,A_w100_T10000_std_lr0.01_s1_none,0.598995
661000,A_w100_T10000_std_lr0.01_s2_none,0.177389
661000,A_w100_T10000_std_lr0.01_s3_none,0.905605
661000,A_w100_T10000_std_lr0.01_s4_none,0.493431
661000,A_w100_T10000_std_lr0.01_s5_none,0.745198
661000,A_w100_T10000_std_lr0.01_s6_none,0.989729
661000,A_w100_T10000_std_lr0.01_s7_none,1.57259
661000,A_w100_T10000_std_lr0.01_s8_none,0.529137
661000,A_w100_T10000_std_lr0.01_s9_none,1.0763
662000,A_w100_T10000_std_lr0.01_s0_none,0.56066
662000,A_w100_T10000_std_lr0.01_s1_none,0.2261
662000,A_w100_T10000_std_lr0.01_s2_none,0.0205469
662000,A_w100_T10000_std_lr0.01_s3_none,0.79236
662000,A_w100_T10000_std_lr0.01_s4_none,0.12303
662000,A_w100_T10000_std_lr0.01_s5_none,0.458778
662000,A_w100_T10000_std_lr0.01_s6_none,0.56435
662000,A_w100_T10000_std_lr0.01_s7_none,1.31683
662000,A_w100_T10000_std_lr0.01_s8_none,0.254368
662000,A_w100_T10000_std_lr0.01_s9_none,0.80941
663000,A_w100_T10000_std_lr0.01_s0_none,0.567631
663000,A_w100_T10000_std_lr0.01_s1_none,0.155869
663000,A_w100_T10000_std_lr0.01_s2_none,0.0101266
663000,A_w100_T10000_std_lr0.01_s3_none,0.821657
663000,A_w100_T10000_std_lr0.01_s4_none,0.120414
663000,A_w100_T10000_std_lr0.01_s5_none,0.422546
663000,A_w100_T10000_std_lr0.01_s6_none,0.491624
663000,A_w100_T10000_std_lr0.01_s7_none,1.19361
663000,A_w100_T10000_std_lr0.01_s8_none,0.227528
663000,A_w100_T10000_std_lr0.01_s9_none,0.714375
664000,A_w100_T10000_std_lr0.01_s0_none,0.573595
664000,A_w100_T10000_std_lr0.01_s1_none,0.152073
664000,A_w100_T10000_std_lr0.01_s2_none,0.00670136
664000,A_w100_T10000_std_lr0.01_s3_none,0.796256
664000,A_w100_T10000_std_lr0.01_s4_none,0.112636
664000,A_w100_T10000_std_lr0.01_s5_none,0.396308
664000,A_w100_T10000_std_lr0.01_s6_none,0.365939
664000,A_w100_T10000_std_lr0.01_s7_none,1.15786
664000,A_w100_T10000_std_lr0.01_s8_none,0.16545
664000,A_w100_T10000_std_lr0.01_s9_none,0.670335
665000,A_w100_T10000_std_lr0.01_s0_none,0.510659
665000,A_w100_T10000_std_lr0.01_s1_none,0.141047
665000,A_w100_T10000_std_lr0.01_s2_none,0.00480983
665000,A_w100_T10000_std_lr0.01_s3_none,0.758695
665000,A_w100_T10000_std_lr0.01_s4_none,0.0963151
665000,A_w100_T10000_std_lr0.01_s5_none,0.398438
665000,A_w100_T10000_std_lr0.01_s6_none,0.331089
665000,A_w100_T10000_std_lr0.01_s7_none,1.1319
665000,A_w100_T10000_std_lr0.01_s8_none,0.186497
665000,A_w100_T10000_std_lr0.01_s9_none,0.640555
666000,A_w100_T10000_std_lr0.01_s0_none,0.536579
666000,A_w100_T10000_std_lr0.01_s1_none,0.125902
666000,A_w100_T10000_std_lr0.01_s2_none,0.00431828
666000,A_w100_T10000_std_lr0.01_s3_none,0.829769
666000,A_w100_T10000_std_lr0.01_s4_none,0.104319
666000,A_w100_T10000_std_lr0.01_s5_none,0.394602
666000,A_w100_T10000_std_lr0.01_s6_none,0.307403
666000,A_w100_T10000_std_lr0.01_s7_none,1.06792
666000,A_w100_T10000_std_lr0.01_s8_none,0.177016
666000,A_w100_T10000_std_lr0.01_s9_none,0.669421
667000,A_w100_T10000_std_lr0.01_s0_none,0.515608
667000,A_w100_T10000_std_lr0.01_s1_none,0.143147
667000,A_w100_T10000_std_lr0.01_s2_none,0.00303703
667000,A_w100_T10000_std_lr0.01_s3_none,0.839796
667000,A_w100_T10000_std_lr0.01_s4_none,0.11405
667000,A_w100_T10000_std_lr0.01_s5_none,0.367568
667000,A_w100_T10000_std_lr0.01_s6_none,0.270896
667000,A_w100_T10000_std_lr0.01_s7_none,1.02684
667000,A_w100_T10000_std_lr0.01_s8_none,0.178
667000,A_w100_T10000_std_lr0.01_s9_none,0.613258
668000,A_w100_T10000_std_lr0.01_s0_none,0.521789
668000,A_w100_T10000_std_lr0.01_s1_none,0.126794
668000,A_w100_T10000_std_lr0.01_s2_none,0.00250036
668000,A_w100_T10000_std_lr0.01_s3_none,0.782559
668000,A_w100_T10000_std_lr0.01_s4_none,0.101738
668000,A_w100_T10000_std_lr0.01_s5_none,0.394837
668000,A_w100_T10000_std_lr0.01_s6_none,0.236482
668000,A_w100_T10000_std_lr0.01_s7_none,1.12251
668000,A_w100_T10000_std_lr0.01_s8_none,0.189925
668000,A_w100_T10000_std_lr0.01_s9_none,0.609522
669000,A_w100_T10000_std_lr0.01_s0_none,0.525066
669000,A_w100_T10000_std_lr0.01_s1_none,0.128545
669000,A_w100_T10000_std_lr0.01_s2_none,0.00193519
669000,A_w100_T10000_std_lr0.01_s3_none,0.764984
669000,A_w100_T10000_std_lr0.01_s4_none,0.0900299
669000,A_w100_T10000_std_lr0.01_s5_none,0.386276
669000,A_w100_T10000_std_lr0.01_s6_none,0.235875
669000,A_w100_T10000_std_lr0.01_s7_none,0.88477
669000,A_w100_T10000_std_lr0.01_s8_none,0.179893
669000,A_w100_T10000_std_lr0.01_s9_none,0.559385
670000,A_w100_T10000_std_lr0.01_s0_none,0.514215
670000,A_w100_T10000_std_lr0.01_s1_none,0.126666
670000,A_w100_T10000_std_lr0.01_s2_none,0.001894
670000,A_w100_T10000_std_lr0.01_s3_none,0.83599
670000,A_w100_T10000_std_lr0.01_s4_none,0.0877737
670000,A_w100_T10000_std_lr0.01_s5_none,0.350106
670000,A_w100_T10000_std_lr0.01_s6_none,0.219411
670000,A_w100_T10000_std_lr0.01_s7_none,0.867068
670000,A_w100_T10000_std_lr0.01_s8_none,0.151586
670000,A_w100_T10000_std_lr0.01_s9_none,0.484146
671000,A_w100_T10000_std_lr0.01_s0_none,0.379748
671000,A_w100_T10000_std_lr0.01_s1_none,0.509748
671000,A_w100_T10000_std_lr0.01_s2_none,0.116376
671000,A_w100_T10000_std_lr0.01_s3_none,0.608979
671000,A_w100_T10000_std_lr0.01_s4_none,1.07386
671000,A_w100_T10000_std_lr0.01_s5_none,0.819987
671000,A_w100_T10000_std_lr0.01_s6_none,0.423279
671000,A_w100_T10000_std_lr0.01_s7_none,0.89356
671000,A_w100_T10000_std_lr0.01_s8_none,0.823342
671000,A_w100_T10000_std_lr0.01_s9_none,0.923145
672000,A_w100_T10000_std_lr0.01_s0_none,0.333275
672000,A_w100_T10000_std_lr0.01_s1_none,0.411576
672000,A_w100_T10000_std_lr0.01_s2_none,0.0317568
672000,A_w100_T10000_std_lr0.01_s3_none,0.377057
672000,A_w100_T10000_std_lr0.01_s4_none,0.67978
672000,A_w100_T10000_std_lr0.01_s5_none,0.341503
672000,A_w100_T10000_std_lr0.01_s6_none,0.272012
672000,A_w100_T10000_std_lr0.01_s7_none,0.497255
672000,A_w100_T10000_std_lr0.01_s8_none,0.604835
672000,A_w100_T10000_std_lr0.01_s9_none,0.679691
673000,A_w100_T10000_std_lr0.01_s0_none,0.338009
673000,A_w100_T10000_std_lr0.01_s1_none,0.397273
673000,A_w100_T10000_std_lr0.01_s2_none,0.0153957
673000,A_w100_T10000_std_lr0.01_s3_none,0.303865
673000,A_w100_T10000_std_lr0.01_s4_none,0.451362
673000,A_w100_T10000_std_lr0.01_s5_none,0.298693
673000,A_w100_T10000_std_lr0.01_s6_none,0.259714
673000,A_w100_T10000_std_lr0.01_s7_none,0.362127
673000,A_w100_T10000_std_lr0.01_s8_none,0.538073
673000,A_w100_T10000_std_lr0.01_s9_none,0.651823
674000,A_w100_T10000_std_lr0.01_s0_none,0.336681
674000,A_w100_T10000_std_lr0.01_s1_none,0.41491
674000,A_w100_T10000_std_lr0.01_s2_none,0.00574069
674000,A_w100_T10000_std_lr0.01_s3_none,0.301917
674000,A_w100_T10000_std_lr0.01_s4_none,0.422155
674000,A_w100_T10000_std_lr0.01_s5_none,0.280993
674000,A_w100_T10000_std_lr0.01_s6_none,0.228387
674000,A_w100_T10000_std_lr0.01_s7_none,0.353658
674000,A_w100_T10000_std_lr0.01_s8_none,0.504395
674000,A_w100_T10000_std_lr0.01_s9_none,0.636748
675000,A_w100_T10000_std_lr0.01_s0_none,0.324253
675000,A_w100_T10000_std_lr0.01_s1_none,0.372736
675000,A_w100_T10000_std_lr0.01_s2_none,0.00342723
675000,A_w100_T10000_std_lr0.01_s3_none,0.264911
675000,A_w100_T10000_std_lr0.01_s4_none,0.449745
675000,A_w100_T10000_std_lr0.01_s5_none,0.263837
675000,A_w100_T10000_std_lr0.01_s6_none,0.21449
675000,A_w100_T10000_std_lr0.01_s7_none,0.312624
675000,A_w100_T10000_std_lr0.01_s8_none,0.496507
675000,A_w100_T10000_std_lr0.01_s9_none,0.533713
676000,A_w100_T10000_std_lr0.01_s0_none,0.333697
676000,A_w100_T10000_std_lr0.01_s1_none,0.374066
676000,A_w100_T10000_std_lr0.01_s2_none,0.002177
676000,A_w100_T10000_std_lr0.01_s3_none,0.25138
676000,A_w100_T10000_std_lr0.01_s4_none,0.361406
676000,A_w100_T10000_std_lr0.01_s5_none,0.234878
676000,A_w100_T10000_std_lr0.01_s6_none,0.193729
676000,A_w100_T10000_std_lr0.01_s7_none,0.295265
676000,A_w100_T10000_std_lr0.01_s8_none,0.458599
676000,A_w100_T10000_std_lr0.01_s9_none,0.579864
677000,A_w100_T10000_std_lr0.01_s0_none,0.325943
677000,A_w100_T10000_std_lr0.01_s1_none,0.342557
677000,A_w100_T10000_std_lr0.01_s2_none,0.00131551
677000,A_w100_T10000_std_lr0.01_s3_none,0.246305
677000,A_w100_T10000_std_lr0.01_s4_none,0.35312
677000,A_w100_T10000_std_lr0.01_s5_none,0.241779
677000,A_w100_T10000_std_lr0.01_s6_none,0.211088
677000,A_w100_T10000_std_lr0.01_s7_none,0.322655
677000,A_w100_T10000_std_lr0.01_s8_none,0.487519
677000,A_w100_T10000_std_lr0.01_s9_none,0.558475
678000,A_w100_T10000_std_lr0.01_s0_none,0.329917
678000,A_w100_T10000_std_lr0.01_s1_none,0.377566
678000,A_w100_T10000_std_lr0.01_s2_none,0.00109225
678000,A_w100_T10000_std_lr0.01_s3_none,0.227893
678000,A_w100_T10000_std_lr0.01_s4_none,0.359968
678000,A_w100_T10000_std_lr0.01_s5_none,0.23538
678000,A_w100_T10000_std_lr0.01_s6_none,0.191435
678000,A_w100_T10000_std_lr0.01_s7_none,0.311799
678000,A_w100_T10000_std_lr0.01_s8_none,0.459902
678000,A_w100_T10000_std_lr0.01_s9_none,0.561682
679000,A_w100_T10000_std_lr0.01_s0_none,0.324478
679000,A_w100_T10000_std_lr0.01_s1_none,0.395676
679000,A_w100_T10000_std_lr0.01_s2_none,0.000743446
679000,A_w100_T10000_std_lr0.01_s3_none,0.201647
679000,A_w100_T10000_std_lr0.01_s4_none,0.402966
679000,A_w100_T10000_std_lr0.01_s5_none,0.220255
679000,A_w100_T10000_std_lr0.01_s6_none,0.193753
679000,A_w100_T10000_std_lr0.01_s7_none,0.316091
679000,A_w100_T10000_std_lr0.01_s8_none,0.488652
679000,A_w100_T10000_std_lr0.01_s9_none,0.600184
680000,A_w100_T10000_std_lr0.01_s0_none,0.334042
680000,A_w100_T10000_std_lr0.01_s1_none,0.376552
680000,A_w100_T10000_std_lr0.01_s2_none,0.00067955
680000,A_w100_T10000_std_lr0.01_s3_none,0.188524
680000,A_w100_T10000_std_lr0.01_s4_none,0.324614
680000,A_w100_T10000_std_lr0.01_s5_none,0.188797
680000,A_w100_T10000_std_lr0.01_s6_none,0.190697
680000,A_w100_T10000_std_lr0.01_s7_none,0.303691
680000,A_w100_T10000_std_lr0.01_s8_none,0.478837
680000,A_w100_T10000_std_lr0.01_s9_none,0.507836
681000,A_w100_T10000_std_lr0.01_s0_none,0.680974
681000,A_w100_T10000_std_lr0.01_s1_none,0.870126
681000,A_w100_T10000_std_lr0.01_s2_none,0.241033
681000,A_w100_T10000_std_lr0.01_s3_none,0.462307
681000,A_w100_T10000_std_lr0.01_s4_none,1.10602
681000,A_w100_T10000_std_lr0.01_s5_none,0.432036
681000,A_w100_T10000_std_lr0.01_s6_none,0.238399
681000,A_w100_T10000_std_lr0.01_s7_none,0.881816
681000,A_w100_T10000_std_lr0.01_s8_none,0.69763
681000,A_w100_T10000_std_lr0.01_s9_none,1.24854
682000,A_w100_T10000_std_lr0.01_s0_none,0.618911
682000,A_w100_T10000_std_lr0.01_s1_none,0.639576
682000,A_w100_T10000_std_lr0.01_s2_none,0.119507
682000,A_w100_T10000_std_lr0.01_s3_none,0.0883996
682000,A_w100_T10000_std_lr0.01_s4_none,0.638325
682000,A_w100_T10000_std_lr0.01_s5_none,0.08784
682000,A_w100_T10000_std_lr0.01_s6_none,0.0423736
682000,A_w100_T10000_std_lr0.01_s7_none,0.699088
682000,A_w100_T10000_std_lr0.01_s8_none,0.574889
682000,A_w100_T10000_std_lr0.01_s9_none,1.00708
683000,A_w100_T10000_std_lr0.01_s0_none,0.596133
683000,A_w100_T10000_std_lr0.01_s1_none,0.545417
683000,A_w100_T10000_std_lr0.01_s2_none,0.102512
683000,A_w100_T10000_std_lr0.01_s3_none,0.0479185
683000,A_w100_T10000_std_lr0.01_s4_none,0.41152
683000,A_w100_T10000_std_lr0.01_s5_none,0.044894
683000,A_w100_T10000_std_lr0.01_s6_none,0.0241675
683000,A_w100_T10000_std_lr0.01_s7_none,0.486232
683000,A_w100_T10000_std_lr0.01_s8_none,0.579104
683000,A_w100_T10000_std_lr0.01_s9_none,0.888052
684000,A_w100_T10000_std_lr0.01_s0_none,0.483656
684000,A_w100_T10000_std_lr0.01_s1_none,0.531939
684000,A_w100_T10000_std_lr0.01_s2_none,0.0658829
684000,A_w100_T10000_std_lr0.01_s3_none,0.0284425
684000,A_w100_T10000_std_lr0.01_s4_none,0.281661
684000,A_w100_T10000_std_lr0.01_s5_none,0.0230433
684000,A_w100_T10000_std_lr0.01_s6_none,0.0166201
684000,A_w100_T10000_std_lr0.01_s7_none,0.520202
684000,A_w100_T10000_std_lr0.01_s8_none,0.532308
684000,A_w100_T10000_std_lr0.01_s9_none,0.932513
685000,A_w100_T10000_std_lr0.01_s0_none,0.428453
685000,A_w100_T10000_std_lr0.01_s1_none,0.47281
685000,A_w100_T10000_std_lr0.01_s2_none,0.0711782
685000,A_w100_T10000_std_lr0.01_s3_none,0.0225488
685000,A_w100_T10000_std_lr0.01_s4_none,0.234314
685000,A_w100_T10000_std_lr0.01_s5_none,0.0137717
685000,A_w100_T10000_std_lr0.01_s6_none,0.0147118
685000,A_w100_T10000_std_lr0.01_s7_none,0.515589
685000,A_w100_T10000_std_lr0.01_s8_none,0.538449
685000,A_w100_T10000_std_lr0.01_s9_none,0.910265
686000,A_w100_T10000_std_lr0.01_s0_none,0.386473
686000,A_w100_T10000_std_lr0.01_s1_none,0.470831
686000,A_w100_T10000_std_lr0.01_s2_none,0.052916
686000,A_w100_T10000_std_lr0.01_s3_none,0.0200734
686000,A_w100_T10000_std_lr0.01_s4_none,0.218727
686000,A_w100_T10000_std_lr0.01_s5_none,0.00807592
686000,A_w100_T10000_std_lr0.01_s6_none,0.014265
686000,A_w100_T10000_std_lr0.01_s7_none,0.513129
686000,A_w100_T10000_std_lr0.01_s8_none,0.414273
686000,A_w100_T10000_std_lr0.01_s9_none,0.887054
687000,A_w100_T10000_std_lr0.01_s0_none,0.376722
687000,A_w100_T10000_std_lr0.01_s1_none,0.494176
687000,A_w100_T10000_std_lr0.01_s2_none,0.0511038
687000,A_w100_T10000_std_lr0.01_s3_none,0.0160839
687000,A_w100_T10000_std_lr0.01_s4_none,0.170247
687000,A_w100_T10000_std_lr0.01_s5_none,0.00476231
687000,A_w100_T10000_std_lr0.01_s6_none,0.015453
687000,A_w100_T10000_std_lr0.01_s7_none,0.568998
687000,A_w100_T10000_std_lr0.01_s8_none,0.454465
687000,A_w100_T10000_std_lr0.01_s9_none,0.865963
688000,A_w100_T10000_std_lr0.01_s0_none,0.397009
688000,A_w100_T10000_std_lr0.01_s1_none,0.47745
688000,A_w100_T10000_std_lr0.01_s2_none,0.0430141
688000,A_w100_T10000_std_lr0.01_s3_none,0.0132155
688000,A_w100_T10000_std_lr0.01_s4_none,0.138549
688000,A_w100_T10000_std_lr0.01_s5_none,0.00299396
688000,A_w100_T10000_std_lr0.01_s6_none,0.0179748
688000,A_w100_T10000_std_lr0.01_s7_none,0.55086
688000,A_w100_T10000_std_lr0.01_s8_none,0.473238
688000,A_w100_T10000_std_lr0.01_s9_none,0.843108
689000,A_w100_T10000_std_lr0.01_s0_none,0.405223
689000,A_w100_T10000_std_lr0.01_s1_none,0.406398
689000,A_w100_T10000_std_lr0.01_s2_none,0.0419193
689000,A_w100_T10000_std_lr0.01_s3_none,0.0150366
689000,A_w100_T10000_std_lr0.01_s4_none,0.122303
689000,A_w100_T10000_std_lr0.01_s5_none,0.00183159
689000,A_w100_T10000_std_lr0.01_s6_none,0.0162362
689000,A_w100_T10000_std_lr0.01_s7_none,0.561438
689000,A_w100_T10000_std_lr0.01_s8_none,0.453376
689000,A_w100_T10000_std_lr0.01_s9_none,0.843205
690000,A_w100_T10000_std_lr0.01_s0_none,0.401035
690000,A_w100_T10000_std_lr0.01_s1_none,0.376684
690000,A_w100_T10000_std_lr0.01_s2_none,0.0305706
690000,A_w100_T10000_std_lr0.01_s3_none,0.0131526
690000,A_w100_T10000_std_lr0.01_s4_none,0.0857081
690000,A_w100_T10000_std_lr0.01_s5_none,0.00117375
690000,A_w100_T10000_std_lr0.01_s6_none,0.0153654
690000,A_w100_T10000_std_lr0.01_s7_none,0.50177
690000,A_w100_T10000_std_lr0.01_s8_none,0.46869
690000,A_w100_T10000_std_lr0.01_s9_none,0.800804
691000,A_w100_T10000_std_lr0.01_s0_none,0.986793
691000,A_w100_T10000_std_lr0.01_s1_none,0.560575
691000,A_w100_T10000_std_lr0.01_s2_none,0.369751
691000,A_w100_T10000_std_lr0.01_s3_none,0.890916
691000,A_w100_T10000_std_lr0.01_s4_none,1.21222
691000,A_w100_T10000_std_lr0.01_s5_none,0.557179
691000,A_w100_T10000_std_lr0.01_s6_none,0.403079
691000,A_w100_T10000_std_lr0.01_s7_none,1.29353
691000,A_w100_T10000_std_lr0.01_s8_none,0.911161
691000,A_w100_T10000_std_lr0.01_s9_none,0.621907
692000,A_w100_T10000_std_lr0.01_s0_none,0.607336
692000,A_w100_T10000_std_lr0.01_s1_none,0.476077
692000,A_w100_T10000_std_lr0.01_s2_none,0.306589
692000,A_w100_T10000_std_lr0.01_s3_none,0.52575
692000,A_w100_T10000_std_lr0.01_s4_none,0.56067
692000,A_w100_T10000_std_lr0.01_s5_none,0.16962
692000,A_w100_T10000_std_lr0.01_s6_none,0.198178
692000,A_w100_T10000_std_lr0.01_s7_none,1.00432
692000,A_w100_T10000_std_lr0.01_s8_none,0.665849
692000,A_w100_T10000_std_lr0.01_s9_none,0.442062
693000,A_w100_T10000_std_lr0.01_s0_none,0.543149
693000,A_w100_T10000_std_lr0.01_s1_none,0.467169
693000,A_w100_T10000_std_lr0.01_s2_none,0.315503
693000,A_w100_T10000_std_lr0.01_s3_none,0.394795
693000,A_w100_T10000_std_lr0.01_s4_none,0.410901
693000,A_w100_T10000_std_lr0.01_s5_none,0.10699
693000,A_w100_T10000_std_lr0.01_s6_none,0.138373
693000,A_w100_T10000_std_lr0.01_s7_none,1.02245
693000,A_w100_T10000_std_lr0.01_s8_none,0.491358
693000,A_w100_T10000_std_lr0.01_s9_none,0.34482
694000,A_w100_T10000_std_lr0.01_s0_none,0.485262
694000,A_w100_T10000_std_lr0.01_s1_none,0.467649
694000,A_w100_T10000_std_lr0.01_s2_none,0.273327
694000,A_w100_T10000_std_lr0.01_s3_none,0.358048
694000,A_w100_T10000_std_lr0.01_s4_none,0.309071
694000,A_w100_T10000_std_lr0.01_s5_none,0.089975
694000,A_w100_T10000_std_lr0.01_s6_none,0.0909533
694000,A_w100_T10000_std_lr0.01_s7_none,0.986876
694000,A_w100_T10000_std_lr0.01_s8_none,0.339485
694000,A_w100_T10000_std_lr0.01_s9_none,0.36186
695000,A_w100_T10000_std_lr0.01_s0_none,0.518954
695000,A_w100_T10000_std_lr0.01_s1_none,0.502797
695000,A_w100_T10000_std_lr0.01_s2_none,0.248235
695000,A_w100_T10000_std_lr0.01_s3_none,0.28664
695000,A_w100_T10000_std_lr0.01_s4_none,0.270386
695000,A_w100_T10000_std_lr0.01_s5_none,0.0731993
695000,A_w100_T10000_std_lr0.01_s6_none,0.064215
695000,A_w100_T10000_std_lr0.01_s7_none,0.884151
695000,A_w100_T10000_std_lr0.01_s8_none,0.280576
695000,A_w100_T10000_std_lr0.01_s9_none,0.389826
696000,A_w100_T10000_std_lr0.01_s0_none,0.475612
696000,A_w100_T10000_std_lr0.01_s1_none,0.465216
696000,A_w100_T10000_std_lr0.01_s2_none,0.24656
696000,A_w100_T10000_std_lr0.01_s3_none,0.262612
696000,A_w100_T10000_std_lr0.01_s4_none,0.236126
696000,A_w100_T10000_std_lr0.01_s5_none,0.0630673
696000,A_w100_T10000_std_lr0.01_s6_none,0.0454859
696000,A_w100_T10000_std_lr0.01_s7_none,0.976939
696000,A_w100_T10000_std_lr0.01_s8_none,0.265474
696000,A_w100_T10000_std_lr0.01_s9_none,0.394668
697000,A_w100_T10000_std_lr0.01_s0_none,0.521442
697000,A_w100_T10000_std_lr0.01_s1_none,0.437413
697000,A_w100_T10000_std_lr0.01_s2_none,0.209767
697000,A_w100_T10000_std_lr0.01_s3_none,0.23744
697000,A_w100_T10000_std_lr0.01_s4_none,0.226624
697000,A_w100_T10000_std_lr0.01_s5_none,0.054252
697000,A_w100_T10000_std_lr0.01_s6_none,0.0332065
697000,A_w100_T10000_std_lr0.01_s7_none,0.931347
697000,A_w100_T10000_std_lr0.01_s8_none,0.271956
697000,A_w100_T10000_std_lr0.01_s9_none,0.355117
698000,A_w100_T10000_std_lr0.01_s0_none,0.482843
698000,A_w100_T10000_std_lr0.01_s1_none,0.421732
698000,A_w100_T10000_std_lr0.01_s2_none,0.20168
698000,A_w100_T10000_std_lr0.01_s3_none,0.222289
698000,A_w100_T10000_std_lr0.01_s4_none,0.241931
698000,A_w100_T10000_std_lr0.01_s5_none,0.0465086
698000,A_w100_T10000_std_lr0.01_s6_none,0.0245841
698000,A_w100_T10000_std_lr0.01_s7_none,0.92521
698000,A_w100_T10000_std_lr0.01_s8_none,0.252604
698000,A_w100_T10000_std_lr0.01_s9_none,0.374414
699000,A_w100_T10000_std_lr0.01_s0_none,0.452156
699000,A_w100_T10000_std_lr0.01_s1_none,0.376163
699000,A_w100_T10000_std_lr0.01_s2_none,0.192263
699000,A_w100_T10000_std_lr0.01_s3_none,0.174836
699000,A_w100_T10000_std_lr0.01_s4_none,0.204664
699000,A_w100_T10000_std_lr0.01_s5_none,0.0474969
699000,A_w100_T10000_std_lr0.01_s6_none,0.021009
699000,A_w100_T10000_std_lr0.01_s7_none,0.82158
699000,A_w100_T10000_std_lr0.01_s8_none,0.219787
699000,A_w100_T10000_std_lr0.01_s9_none,0.383617
700000,A_w100_T10000_std_lr0.01_s0_none,0.490474
700000,A_w100_T10000_std_lr0.01_s1_none,0.446967
700000,A_w100_T10000_std_lr0.01_s2_none,0.20753
700000,A_w100_T10000_std_lr0.01_s3_none,0.144107
700000,A_w100_T10000_std_lr0.01_s4_none,0.19959
700000,A_w100_T10000_std_lr0.01_s5_none,0.0433496
700000,A_w100_T10000_std_lr0.01_s6_none,0.0155462
700000,A_w100_T10000_std_lr0.01_s7_none,0.890668
700000,A_w100_T10000_std_lr0.01_s8_none,0.193913
700000,A_w100_T10000_std_lr0.01_s9_none,0.410941
701000,A_w100_T10000_std_lr0.01_s0_none,0.673288
701000,A_w100_T10000_std_lr0.01_s1_none,0.898682
701000,A_w100_T10000_std_lr0.01_s2_none,0.307337
701000,A_w100_T10000_std_lr0.01_s3_none,0.617785
701000,A_w100_T10000_std_lr0.01_s4_none,1.44311
701000,A_w100_T10000_std_lr0.01_s5_none,0.312162
701000,A_w100_T10000_std_lr0.01_s6_none,0.638802
701000,A_w100_T10000_std_lr0.01_s7_none,0.626149
701000,A_w100_T10000_std_lr0.01_s8_none,0.55941
701000,A_w100_T10000_std_lr0.01_s9_none,0.780371
702000,A_w100_T10000_std_lr0.01_s0_none,0.581368
702000,A_w100_T10000_std_lr0.01_s1_none,0.526433
702000,A_w100_T10000_std_lr0.01_s2_none,0.224697
702000,A_w100_T10000_std_lr0.01_s3_none,0.224061
702000,A_w100_T10000_std_lr0.01_s4_none,0.834727
702000,A_w100_T10000_std_lr0.01_s5_none,0.115047
702000,A_w100_T10000_std_lr0.01_s6_none,0.215295
702000,A_w100_T10000_std_lr0.01_s7_none,0.425343
702000,A_w100_T10000_std_lr0.01_s8_none,0.238734
702000,A_w100_T10000_std_lr0.01_s9_none,0.673748
703000,A_w100_T10000_std_lr0.01_s0_none,0.388607
703000,A_w100_T10000_std_lr0.01_s1_none,0.515953
703000,A_w100_T10000_std_lr0.01_s2_none,0.148802
703000,A_w100_T10000_std_lr0.01_s3_none,0.243669
703000,A_w100_T10000_std_lr0.01_s4_none,0.648831
703000,A_w100_T10000_std_lr0.01_s5_none,0.0792969
703000,A_w100_T10000_std_lr0.01_s6_none,0.173267
703000,A_w100_T10000_std_lr0.01_s7_none,0.334662
703000,A_w100_T10000_std_lr0.01_s8_none,0.134039
703000,A_w100_T10000_std_lr0.01_s9_none,0.669456
704000,A_w100_T10000_std_lr0.01_s0_none,0.344967
704000,A_w100_T10000_std_lr0.01_s1_none,0.450707
704000,A_w100_T10000_std_lr0.01_s2_none,0.118256
704000,A_w100_T10000_std_lr0.01_s3_none,0.198587
704000,A_w100_T10000_std_lr0.01_s4_none,0.599168
704000,A_w100_T10000_std_lr0.01_s5_none,0.0708651
704000,A_w100_T10000_std_lr0.01_s6_none,0.156744
704000,A_w100_T10000_std_lr0.01_s7_none,0.315702
704000,A_w100_T10000_std_lr0.01_s8_none,0.112536
704000,A_w100_T10000_std_lr0.01_s9_none,0.698067
705000,A_w100_T10000_std_lr0.01_s0_none,0.295101
705000,A_w100_T10000_std_lr0.01_s1_none,0.414143
705000,A_w100_T10000_std_lr0.01_s2_none,0.107762
705000,A_w100_T10000_std_lr0.01_s3_none,0.212316
705000,A_w100_T10000_std_lr0.01_s4_none,0.615974
705000,A_w100_T10000_std_lr0.01_s5_none,0.0674304
705000,A_w100_T10000_std_lr0.01_s6_none,0.137714
705000,A_w100_T10000_std_lr0.01_s7_none,0.323247
705000,A_w100_T10000_std_lr0.01_s8_none,0.101244
705000,A_w100_T10000_std_lr0.01_s9_none,0.608983
706000,A_w100_T10000_std_lr0.01_s0_none,0.352575
706000,A_w100_T10000_std_lr0.01_s1_none,0.370374
706000,A_w100_T10000_std_lr0.01_s2_none,0.102817
706000,A_w100_T10000_std_lr0.01_s3_none,0.20573
706000,A_w100_T10000_std_lr0.01_s4_none,0.543886
706000,A_w100_T10000_std_lr0.01_s5_none,0.0509244
706000,A_w100_T10000_std_lr0.01_s6_none,0.128624
706000,A_w100_T10000_std_lr0.01_s7_none,0.309468
706000,A_w100_T10000_std_lr0.01_s8_none,0.0888513
706000,A_w100_T10000_std_lr0.01_s9_none,0.587287
707000,A_w100_T10000_std_lr0.01_s0_none,0.285901
707000,A_w100_T10000_std_lr0.01_s1_none,0.390732
707000,A_w100_T10000_std_lr0.01_s2_none,0.0879377
707000,A_w100_T10000_std_lr0.01_s3_none,0.181535
707000,A_w100_T10000_std_lr0.01_s4_none,0.523957
707000,A_w100_T10000_std_lr0.01_s5_none,0.0538807
707000,A_w100_T10000_std_lr0.01_s6_none,0.110984
707000,A_w100_T10000_std_lr0.01_s7_none,0.294481
707000,A_w100_T10000_std_lr0.01_s8_none,0.0917738
707000,A_w100_T10000_std_lr0.01_s9_none,0.537621
708000,A_w100_T10000_std_lr0.01_s0_none,0.276822
708000,A_w100_T10000_std_lr0.01_s1_none,0.418548
708000,A_w100_T10000_std_lr0.01_s2_none,0.103308
708000,A_w100_T10000_std_lr0.01_s3_none,0.220358
708000,A_w100_T10000_std_lr0.01_s4_none,0.525788
708000,A_w100_T10000_std_lr0.01_s5_none,0.0430941
708000,A_w100_T10000_std_lr0.01_s6_none,0.10776
708000,A_w100_T10000_std_lr0.01_s7_none,0.291462
708000,A_w100_T10000_std_lr0.01_s8_none,0.0779435
708000,A_w100_T10000_std_lr0.01_s9_none,0.621404
709000,A_w100_T10000_std_lr0.01_s0_none,0.274368
709000,A_w100_T10000_std_lr0.01_s1_none,0.362226
709000,A_w100_T10000_std_lr0.01_s2_none,0.0901831
709000,A_w100_T10000_std_lr0.01_s3_none,0.167592
709000,A_w100_T10000_std_lr0.01_s4_none,0.565145
709000,A_w100_T10000_std_lr0.01_s5_none,0.0471923
709000,A_w100_T10000_std_lr0.01_s6_none,0.0937811
709000,A_w100_T10000_std_lr0.01_s7_none,0.277966
709000,A_w100_T10000_std_lr0.01_s8_none,0.0784287
709000,A_w100_T10000_std_lr0.01_s9_none,0.581579
710000,A_w100_T10000_std_lr0.01_s0_none,0.224353
710000,A_w100_T10000_std_lr0.01_s1_none,0.430222
710000,A_w100_T10000_std_lr0.01_s2_none,0.10436
710000,A_w100_T10000_std_lr0.01_s3_none,0.201172
710000,A_w100_T10000_std_lr0.01_s4_none,0.50596
710000,A_w100_T10000_std_lr0.01_s5_none,0.0362655
710000,A_w100_T10000_std_lr0.01_s6_none,0.0804521
710000,A_w100_T10000_std_lr0.01_s7_none,0.288669
710000,A_w100_T10000_std_lr0.01_s8_none,0.0722696
710000,A_w100_T10000_std_lr0.01_s9_none,0.608339
711000,A_w100_T10000_std_lr0.01_s0_none,0.919147
711000,A_w100_T10000_std_lr0.01_s1_none,0.896457
711000,A_w100_T10000_std_lr0.01_s2_none,0.189809
711000,A_w100_T10000_std_lr0.01_s3_none,0.845892
711000,A_w100_T10000_std_lr0.01_s4_none,0.4673
711000,A_w100_T10000_std_lr0.01_s5_none,0.305132
711000,A_w100_T10000_std_lr0.01_s6_none,0.651545
711000,A_w100_T10000_std_lr0.01_s7_none,0.553554
711000,A_w100_T10000_std_lr0.01_s8_none,0.438335
711000,A_w100_T10000_std_lr0.01_s9_none,1.0604
712000,A_w100_T10000_std_lr0.01_s0_none,0.80021
712000,A_w100_T10000_std_lr0.01_s1_none,0.369042
712000,A_w100_T10000_std_lr0.01_s2_none,0.0996853
712000,A_w100_T10000_std_lr0.01_s3_none,0.555278
712000,A_w100_T10000_std_lr0.01_s4_none,0.234851
712000,A_w100_T10000_std_lr0.01_s5_none,0.131362
712000,A_w100_T10000_std_lr0.01_s6_none,0.617716
712000,A_w100_T10000_std_lr0.01_s7_none,0.43751
712000,A_w100_T10000_std_lr0.01_s8_none,0.102591
712000,A_w100_T10000_std_lr0.01_s9_none,0.83583
713000,A_w100_T10000_std_lr0.01_s0_none,0.806215
713000,A_w100_T10000_std_lr0.01_s1_none,0.32813
713000,A_w100_T10000_std_lr0.01_s2_none,0.0936273
713000,A_w100_T10000_std_lr0.01_s3_none,0.415557
713000,A_w100_T10000_std_lr0.01_s4_none,0.189209
713000,A_w100_T10000_std_lr0.01_s5_none,0.103241
713000,A_w100_T10000_std_lr0.01_s6_none,0.490452
713000,A_w100_T10000_std_lr0.01_s7_none,0.432844
713000,A_w100_T10000_std_lr0.01_s8_none,0.0412863
713000,A_w100_T10000_std_lr0.01_s9_none,0.785016
714000,A_w100_T10000_std_lr0.01_s0_none,0.700556
714000,A_w100_T10000_std_lr0.01_s1_none,0.255442
714000,A_w100_T10000_std_lr0.01_s2_none,0.0825003
714000,A_w100_T10000_std_lr0.01_s3_none,0.370152
714000,A_w100_T10000_std_lr0.01_s4_none,0.167786
714000,A_w100_T10000_std_lr0.01_s5_none,0.0871713
714000,A_w100_T10000_std_lr0.01_s6_none,0.473942
714000,A_w100_T10000_std_lr0.01_s7_none,0.415361
714000,A_w100_T10000_std_lr0.01_s8_none,0.0315078
714000,A_w100_T10000_std_lr0.01_s9_none,0.74494
715000,A_w100_T10000_std_lr0.01_s0_none,0.737534
715000,A_w100_T10000_std_lr0.01_s1_none,0.227515
715000,A_w100_T10000_std_lr0.01_s2_none,0.07596
715000,A_w100_T10000_std_lr0.01_s3_none,0.347005
715000,A_w100_T10000_std_lr0.01_s4_none,0.134183
715000,A_w100_T10000_std_lr0.01_s5_none,0.0757889
715000,A_w100_T10000_std_lr0.01_s6_none,0.396981
715000,A_w100_T10000_std_lr0.01_s7_none,0.385263
715000,A_w100_T10000_std_lr0.01_s8_none,0.0239895
715000,A_w100_T10000_std_lr0.01_s9_none,0.743234
716000,A_w100_T10000_std_lr0.01_s0_none,0.680751
716000,A_w100_T10000_std_lr0.01_s1_none,0.241942
716000,A_w100_T10000_std_lr0.01_s2_none,0.0730041
716000,A_w100_T10000_std_lr0.01_s3_none,0.312786
716000,A_w100_T10000_std_lr0.01_s4_none,0.129562
716000,A_w100_T10000_std_lr0.01_s5_none,0.0605329
716000,A_w100_T10000_std_lr0.01_s6_none,0.306487
716000,A_w100_T10000_std_lr0.01_s7_none,0.391904
716000,A_w100_T10000_std_lr0.01_s8_none,0.0218785
716000,A_w100_T10000_std_lr0.01_s9_none,0.678738
717000,A_w100_T10000_std_lr0.01_s0_none,0.740867
717000,A_w100_T10000_std_lr0.01_s1_none,0.228554
717000,A_w100_T10000_std_lr0.01_s2_none,0.0680042
717000,A_w100_T10000_std_lr0.01_s3_none,0.334006
717000,A_w100_T10000_std_lr0.01_s4_none,0.103896
717000,A_w100_T10000_std_lr0.01_s5_none,0.0511651
717000,A_w100_T10000_std_lr0.01_s6_none,0.335243
717000,A_w100_T10000_std_lr0.01_s7_none,0.432397
717000,A_w100_T10000_std_lr0.01_s8_none,0.0205411
717000,A_w100_T10000_std_lr0.01_s9_none,0.580655
718000,A_w100_T10000_std_lr0.01_s0_none,0.678163
718000,A_w100_T10000_std_lr0.01_s1_none,0.22544
718000,A_w100_T10000_std_lr0.01_s2_none,0.0721685
718000,A_w100_T10000_std_lr0.01_s3_none,0.309009
718000,A_w100_T10000_std_lr0.01_s4_none,0.0973838
718000,A_w100_T10000_std_lr0.01_s5_none,0.0418306
718000,A_w100_T10000_std_lr0.01_s6_none,0.306144
718000,A_w100_T10000_std_lr0.01_s7_none,0.411327
718000,A_w100_T10000_std_lr0.01_s8_none,0.0155678
718000,A_w100_T10000_std_lr0.01_s9_none,0.577345
719000,A_w100_T10000_std_lr0.01_s0_none,0.606762
719000,A_w100_T10000_std_lr0.01_s1_none,0.205948
719000,A_w100_T10000_std_lr0.01_s2_none,0.0671848
719000,A_w100_T10000_std_lr0.01_s3_none,0.265401
719000,A_w100_T10000_std_lr0.01_s4_none,0.0902427
719000,A_w100_T10000_std_lr0.01_s5_none,0.0328599
719000,A_w100_T10000_std_lr0.01_s6_none,0.254249
719000,A_w100_T10000_std_lr0.01_s7_none,0.396445
719000,A_w100_T10000_std_lr0.01_s8_none,0.015604
719000,A_w100_T10000_std_lr0.01_s9_none,0.518422
720000,A_w100_T10000_std_lr0.01_s0_none,0.674215
720000,A_w100_T10000_std_lr0.01_s1_none,0.256161
720000,A_w100_T10000_std_lr0.01_s2_none,0.0655221
720000,A_w100_T10000_std_lr0.01_s3_none,0.274507
720000,A_w100_T10000_std_lr0.01_s4_none,0.0839455
720000,A_w100_T10000_std_lr0.01_s5_none,0.028389
720000,A_w100_T10000_std_lr0.01_s6_none,0.228551
720000,A_w100_T10000_std_lr0.01_s7_none,0.410655
720000,A_w100_T10000_std_lr0.01_s8_none,0.0145167
720000,A_w100_T10000_std_lr0.01_s9_none,0.507813
721000,A_w100_T10000_std_lr0.01_s0_none,0.602608
721000,A_w100_T10000_std_lr0.01_s1_none,1.41756
721000,A_w100_T10000_std_lr0.01_s2_none,0.135477
721000,A_w100_T10000_std_lr0.01_s3_none,0.997705
721000,A_w100_T10000_std_lr0.01_s4_none,1.31375
721000,A_w100_T10000_std_lr0.01_s5_none,0.338865
721000,A_w100_T10000_std_lr0.01_s6_none,0.564831
721000,A_w100_T10000_std_lr0.01_s7_none,0.311205
721000,A_w100_T10000_std_lr0.01_s8_none,0.632446
721000,A_w100_T10000_std_lr0.01_s9_none,1.32807
722000,A_w100_T10000_std_lr0.01_s0_none,0.411204
722000,A_w100_T10000_std_lr0.01_s1_none,0.977557
722000,A_w100_T10000_std_lr0.01_s2_none,0.0533065
722000,A_w100_T10000_std_lr0.01_s3_none,0.634767
722000,A_w100_T10000_std_lr0.01_s4_none,0.713887
722000,A_w100_T10000_std_lr0.01_s5_none,0.1152
722000,A_w100_T10000_std_lr0.01_s6_none,0.216549
722000,A_w100_T10000_std_lr0.01_s7_none,0.274274
722000,A_w100_T10000_std_lr0.01_s8_none,0.450668
722000,A_w100_T10000_std_lr0.01_s9_none,0.828949
723000,A_w100_T10000_std_lr0.01_s0_none,0.383956
723000,A_w100_T10000_std_lr0.01_s1_none,0.894403
723000,A_w100_T10000_std_lr0.01_s2_none,0.0323661
723000,A_w100_T10000_std_lr0.01_s3_none,0.475049
723000,A_w100_T10000_std_lr0.01_s4_none,0.535633
723000,A_w100_T10000_std_lr0.01_s5_none,0.0596149
723000,A_w100_T10000_std_lr0.01_s6_none,0.148017
723000,A_w100_T10000_std_lr0.01_s7_none,0.253089
723000,A_w100_T10000_std_lr0.01_s8_none,0.497395
723000,A_w100_T10000_std_lr0.01_s9_none,0.725285
724000,A_w100_T10000_std_lr0.01_s0_none,0.430739
724000,A_w100_T10000_std_lr0.01_s1_none,0.868654
724000,A_w100_T10000_std_lr0.01_s2_none,0.0328876
724000,A_w100_T10000_std_lr0.01_s3_none,0.3905
724000,A_w100_T10000_std_lr0.01_s4_none,0.542918
724000,A_w100_T10000_std_lr0.01_s5_none,0.034456
724000,A_w100_T10000_std_lr0.01_s6_none,0.127248
724000,A_w100_T10000_std_lr0.01_s7_none,0.25231
724000,A_w100_T10000_std_lr0.01_s8_none,0.500627
724000,A_w100_T10000_std_lr0.01_s9_none,0.634611
725000,A_w100_T10000_std_lr0.01_s0_none,0.340877
725000,A_w100_T10000_std_lr0.01_s1_none,0.894374
725000,A_w100_T10000_std_lr0.01_s2_none,0.0247503
725000,A_w100_T10000_std_lr0.01_s3_none,0.344117
725000,A_w100_T10000_std_lr0.01_s4_none,0.503907
725000,A_w100_T10000_std_lr0.01_s5_none,0.0171938
725000,A_w100_T10000_std_lr0.01_s6_none,0.128579
725000,A_w100_T10000_std_lr0.01_s7_none,0.234317
725000,A_w100_T10000_std_lr0.01_s8_none,0.445013
725000,A_w100_T10000_std_lr0.01_s9_none,0.651602
726000,A_w100_T10000_std_lr0.01_s0_none,0.363977
726000,A_w100_T10000_std_lr0.01_s1_none,0.955288
726000,A_w100_T10000_std_lr0.01_s2_none,0.0225405
726000,A_w100_T10000_std_lr0.01_s3_none,0.294007
726000,A_w100_T10000_std_lr0.01_s4_none,0.430764
726000,A_w100_T10000_std_lr0.01_s5_none,0.0100073
726000,A_w100_T10000_std_lr0.01_s6_none,0.135142
726000,A_w100_T10000_std_lr0.01_s7_none,0.215021
726000,A_w100_T10000_std_lr0.01_s8_none,0.425069
726000,A_w100_T10000_std_lr0.01_s9_none,0.611384
727000,A_w100_T10000_std_lr0.01_s0_none,0.34894
727000,A_w100_T10000_std_lr0.01_s1_none,0.93152
727000,A_w100_T10000_std_lr0.01_s2_none,0.0148535
727000,A_w100_T10000_std_lr0.01_s3_none,0.250469
727000,A_w100_T10000_std_lr0.01_s4_none,0.439252
727000,A_w100_T10000_std_lr0.01_s5_none,0.00759546
727000,A_w100_T10000_std_lr0.01_s6_none,0.0905023
727000,A_w100_T10000_std_lr0.01_s7_none,0.198303
727000,A_w100_T10000_std_lr0.01_s8_none,0.424035
727000,A_w100_T10000_std_lr0.01_s9_none,0.596407
728000,A_w100_T10000_std_lr0.01_s0_none,0.356816
728000,A_w100_T10000_std_lr0.01_s1_none,0.91794
728000,A_w100_T10000_std_lr0.01_s2_none,0.0123486
728000,A_w100_T10000_std_lr0.01_s3_none,0.209766
728000,A_w100_T10000_std_lr0.01_s4_none,0.485277
728000,A_w100_T10000_std_lr0.01_s5_none,0.00455229
728000,A_w100_T10000_std_lr0.01_s6_none,0.109227
728000,A_w100_T10000_std_lr0.01_s7_none,0.183696
728000,A_w100_T10000_std_lr0.01_s8_none,0.449598
728000,A_w100_T10000_std_lr0.01_s9_none,0.619736
729000,A_w100_T10000_std_lr0.01_s0_none,0.310391
729000,A_w100_T10000_std_lr0.01_s1_none,0.842371
729000,A_w100_T10000_std_lr0.01_s2_none,0.00972813
729000,A_w100_T10000_std_lr0.01_s3_none,0.195519
729000,A_w100_T10000_std_lr0.01_s4_none,0.425623
729000,A_w100_T10000_std_lr0.01_s5_none,0.0032177
729000,A_w100_T10000_std_lr0.01_s6_none,0.142379
729000,A_w100_T10000_std_lr0.01_s7_none,0.17639
729000,A_w100_T10000_std_lr0.01_s8_none,0.398257
729000,A_w100_T10000_std_lr0.01_s9_none,0.591052
730000,A_w100_T10000_std_lr0.01_s0_none,0.357871
730000,A_w100_T10000_std_lr0.01_s1_none,0.869202
730000,A_w100_T10000_std_lr0.01_s2_none,0.00657523
730000,A_w100_T10000_std_lr0.01_s3_none,0.142384
730000,A_w100_T10000_std_lr0.01_s4_none,0.413131
730000,A_w100_T10000_std_lr0.01_s5_none,0.00231284
730000,A_w100_T10000_std_lr0.01_s6_none,0.121963
730000,A_w100_T10000_std_lr0.01_s7_none,0.172127
730000,A_w100_T10000_std_lr0.01_s8_none,0.421837
730000,A_w100_T10000_std_lr0.01_s9_none,0.586188
731000,A_w100_T10000_std_lr0.01_s0_none,0.505482
731000,A_w100_T10000_std_lr0.01_s1_none,0.817489
731000,A_w100_T10000_std_lr0.01_s2_none,0.458491
731000,A_w100_T10000_std_lr0.01_s3_none,0.817519
731000,A_w100_T10000_std_lr0.01_s4_none,0.665918
731000,A_w100_T10000_std_lr0.01_s5_none,0.285096
731000,A_w100_T10000_std_lr0.01_s6_none,0.925152
731000,A_w100_T10000_std_lr0.01_s7_none,0.416467
731000,A_w100_T10000_std_lr0.01_s8_none,1.15442
731000,A_w100_T10000_std_lr0.01_s9_none,0.51119
732000,A_w100_T10000_std_lr0.01_s0_none,0.239352
732000,A_w100_T10000_std_lr0.01_s1_none,0.305655
732000,A_w100_T10000_std_lr0.01_s2_none,0.214371
732000,A_w100_T10000_std_lr0.01_s3_none,0.348102
732000,A_w100_T10000_std_lr0.01_s4_none,0.38
732000,A_w100_T10000_std_lr0.01_s5_none,0.154703
732000,A_w100_T10000_std_lr0.01_s6_none,0.635195
732000,A_w100_T10000_std_lr0.01_s7_none,0.342597
732000,A_w100_T10000_std_lr0.01_s8_none,0.538665
732000,A_w100_T10000_std_lr0.01_s9_none,0.323157
733000,A_w100_T10000_std_lr0.01_s0_none,0.167067
733000,A_w100_T10000_std_lr0.01_s1_none,0.231255
733000,A_w100_T10000_std_lr0.01_s2_none,0.164046
733000,A_w100_T10000_std_lr0.01_s3_none,0.285489
733000,A_w100_T10000_std_lr0.01_s4_none,0.296002
733000,A_w100_T10000_std_lr0.01_s5_none,0.157331
733000,A_w100_T10000_std_lr0.01_s6_none,0.52189
733000,A_w100_T10000_std_lr0.01_s7_none,0.293052
733000,A_w100_T10000_std_lr0.01_s8_none,0.380516
733000,A_w100_T10000_std_lr0.01_s9_none,0.290805
734000,A_w100_T10000_std_lr0.01_s0_none,0.142569
734000,A_w100_T10000_std_lr0.01_s1_none,0.133697
734000,A_w100_T10000_std_lr0.01_s2_none,0.132654
734000,A_w100_T10000_std_lr0.01_s3_none,0.216138
734000,A_w100_T10000_std_lr0.01_s4_none,0.280407
734000,A_w100_T10000_std_lr0.01_s5_none,0.118668
734000,A_w100_T10000_std_lr0.01_s6_none,0.587104
734000,A_w100_T10000_std_lr0.01_s7_none,0.290798
734000,A_w100_T10000_std_lr0.01_s8_none,0.217739
734000,A_w100_T10000_std_lr0.01_s9_none,0.233384
735000,A_w100_T10000_std_lr0.01_s0_none,0.138184
735000,A_w100_T10000_std_lr0.01_s1_none,0.102182
735000,A_w100_T10000_std_lr0.01_s2_none,0.114262
735000,A_w100_T10000_std_lr0.01_s3_none,0.187558
735000,A_w100_T10000_std_lr0.01_s4_none,0.260447
735000,A_w100_T10000_std_lr0.01_s5_none,0.0742108
735000,A_w100_T10000_std_lr0.01_s6_none,0.441092
735000,A_w100_T10000_std_lr0.01_s7_none,0.254229
735000,A_w100_T10000_std_lr0.01_s8_none,0.188043
735000,A_w100_T10000_std_lr0.01_s9_none,0.239963
736000,A_w100_T10000_std_lr0.01_s0_none,0.120863
736000,A_w100_T10000_std_lr0.01_s1_none,0.0720755
736000,A_w100_T10000_std_lr0.01_s2_none,0.118183
736000,A_w100_T10000_std_lr0.01_s3_none,0.177257
736000,A_w100_T10000_std_lr0.01_s4_none,0.250067
736000,A_w100_T10000_std_lr0.01_s5_none,0.0623937
736000,A_w100_T10000_std_lr0.01_s6_none,0.368875
736000,A_w100_T10000_std_lr0.01_s7_none,0.245192
736000,A_w100_T10000_std_lr0.01_s8_none,0.167151
736000,A_w100_T10000_std_lr0.01_s9_none,0.196424
737000,A_w100_T10000_std_lr0.01_s0_none,0.107345
737000,A_w100_T10000_std_lr0.01_s1_none,0.0334672
737000,A_w100_T10000_std_lr0.01_s2_none,0.0898333
737000,A_w100_T10000_std_lr0.01_s3_none,0.172642
737000,A_w100_T10000_std_lr0.01_s4_none,0.255149
737000,A_w100_T10000_std_lr0.01_s5_none,0.0394449
737000,A_w100_T10000_std_lr0.01_s6_none,0.366811
737000,A_w100_T10000_std_lr0.01_s7_none,0.253897
737000,A_w100_T10000_std_lr0.01_s8_none,0.161677
737000,A_w100_T10000_std_lr0.01_s9_none,0.197976
738000,A_w100_T10000_std_lr0.01_s0_none,0.119999
738000,A_w100_T10000_std_lr0.01_s1_none,0.0389409
738000,A_w100_T10000_std_lr0.01_s2_none,0.0815898
738000,A_w100_T10000_std_lr0.01_s3_none,0.156832
738000,A_w100_T10000_std_lr0.01_s4_none,0.235602
738000,A_w100_T10000_std_lr0.01_s5_none,0.0323232
738000,A_w100_T10000_std_lr0.01_s6_none,0.36354
738000,A_w100_T10000_std_lr0.01_s7_none,0.259232
738000,A_w100_T10000_std_lr0.01_s8_none,0.143326
738000,A_w100_T10000_std_lr0.01_s9_none,0.163971
739000,A_w100_T10000_std_lr0.01_s0_none,0.104554
739000,A_w100_T10000_std_lr0.01_s1_none,0.0143617
739000,A_w100_T10000_std_lr0.01_s2_none,0.0654062
739000,A_w100_T10000_std_lr0.01_s3_none,0.153992
739000,A_w100_T10000_std_lr0.01_s4_none,0.231407
739000,A_w100_T10000_std_lr0.01_s5_none,0.0169616
739000,A_w100_T10000_std_lr0.01_s6_none,0.343332
739000,A_w100_T10000_std_lr0.01_s7_none,0.249883
739000,A_w100_T10000_std_lr0.01_s8_none,0.139929
739000,A_w100_T10000_std_lr0.01_s9_none,0.149377
740000,A_w100_T10000_std_lr0.01_s0_none,0.0974209
740000,A_w100_T10000_std_lr0.01_s1_none,0.0251154
740000,A_w100_T10000_std_lr0.01_s2_none,0.0648637
740000,A_w100_T10000_std_lr0.01_s3_none,0.150355
740000,A_w100_T10000_std_lr0.01_s4_none,0.230248
740000,A_w100_T10000_std_lr0.01_s5_none,0.00976357
740000,A_w100_T10000_std_lr0.01_s6_none,0.335567
740000,A_w100_T10000_std_lr0.01_s7_none,0.261378
740000,A_w100_T10000_std_lr0.01_s8_none,0.116882
740000,A_w100_T10000_std_lr0.01_s9_none,0.139865
741000,A_w100_T10000_std_lr0.01_s0_none,0.347705
741000,A_w100_T10000_std_lr0.01_s1_none,0.743595
741000,A_w100_T10000_std_lr0.01_s2_none,0.168054
741000,A_w100_T10000_std_lr0.01_s3_none,0.632397
741000,A_w100_T10000_std_lr0.01_s4_none,1.65722
741000,A_w100_T10000_std_lr0.01_s5_none,0.234943
741000,A_w100_T10000_std_lr0.01_s6_none,0.691178
741000,A_w100_T10000_std_lr0.01_s7_none,0.675945
741000,A_w100_T10000_std_lr0.01_s8_none,1.29228
741000,A_w100_T10000_std_lr0.01_s9_none,0.402057
742000,A_w100_T10000_std_lr0.01_s0_none,0.199894
742000,A_w100_T10000_std_lr0.01_s1_none,0.453672
742000,A_w100_T10000_std_lr0.01_s2_none,0.0199728
742000,A_w100_T10000_std_lr0.01_s3_none,0.390043
742000,A_w100_T10000_std_lr0.01_s4_none,1.03291
742000,A_w100_T10000_std_lr0.01_s5_none,0.139208
742000,A_w100_T10000_std_lr0.01_s6_none,0.466594
742000,A_w100_T10000_std_lr0.01_s7_none,0.613778
742000,A_w100_T10000_std_lr0.01_s8_none,0.942711
742000,A_w100_T10000_std_lr0.01_s9_none,0.233232
743000,A_w100_T10000_std_lr0.01_s0_none,0.174072
743000,A_w100_T10000_std_lr0.01_s1_none,0.370031
743000,A_w100_T10000_std_lr0.01_s2_none,0.0128544
743000,A_w100_T10000_std_lr0.01_s3_none,0.315689
743000,A_w100_T10000_std_lr0.01_s4_none,0.842655
743000,A_w100_T10000_std_lr0.01_s5_none,0.123651
743000,A_w100_T10000_std_lr0.01_s6_none,0.413237
743000,A_w100_T10000_std_lr0.01_s7_none,0.498192
743000,A_w100_T10000_std_lr0.01_s8_none,0.9468
743000,A_w100_T10000_std_lr0.01_s9_none,0.160156
744000,A_w100_T10000_std_lr0.01_s0_none,0.162571
744000,A_w100_T10000_std_lr0.01_s1_none,0.377283
744000,A_w100_T10000_std_lr0.01_s2_none,0.00917532
744000,A_w100_T10000_std_lr0.01_s3_none,0.300328
744000,A_w100_T10000_std_lr0.01_s4_none,0.684963
744000,A_w100_T10000_std_lr0.01_s5_none,0.108513
744000,A_w100_T10000_std_lr0.01_s6_none,0.374532
744000,A_w100_T10000_std_lr0.01_s7_none,0.4282
744000,A_w100_T10000_std_lr0.01_s8_none,0.892597
744000,A_w100_T10000_std_lr0.01_s9_none,0.125375
745000,A_w100_T10000_std_lr0.01_s0_none,0.139481
745000,A_w100_T10000_std_lr0.01_s1_none,0.381419
745000,A_w100_T10000_std_lr0.01_s2_none,0.00701635
745000,A_w100_T10000_std_lr0.01_s3_none,0.303286
745000,A_w100_T10000_std_lr0.01_s4_none,0.651539
745000,A_w100_T10000_std_lr0.01_s5_none,0.100671
745000,A_w100_T10000_std_lr0.01_s6_none,0.331992
745000,A_w100_T10000_std_lr0.01_s7_none,0.439831
745000,A_w100_T10000_std_lr0.01_s8_none,0.869898
745000,A_w100_T10000_std_lr0.01_s9_none,0.11653
746000,A_w100_T10000_std_lr0.01_s0_none,0.0880449
746000,A_w100_T10000_std_lr0.01_s1_none,0.37676
746000,A_w100_T10000_std_lr0.01_s2_none,0.0048717
746000,A_w100_T10000_std_lr0.01_s3_none,0.267105
746000,A_w100_T10000_std_lr0.01_s4_none,0.620754
746000,A_w100_T10000_std_lr0.01_s5_none,0.0825159
746000,A_w100_T10000_std_lr0.01_s6_none,0.33663
746000,A_w100_T10000_std_lr0.01_s7_none,0.422566
746000,A_w100_T10000_std_lr0.01_s8_none,0.850211
746000,A_w100_T10000_std_lr0.01_s9_none,0.107278
747000,A_w100_T10000_std_lr0.01_s0_none,0.071538
747000,A_w100_T10000_std_lr0.01_s1_none,0.357571
747000,A_w100_T10000_std_lr0.01_s2_none,0.00396537
747000,A_w100_T10000_std_lr0.01_s3_none,0.258359
747000,A_w100_T10000_std_lr0.01_s4_none,0.446756
747000,A_w100_T10000_std_lr0.01_s5_none,0.066609
747000,A_w100_T10000_std_lr0.01_s6_none,0.317749
747000,A_w100_T10000_std_lr0.01_s7_none,0.3869
747000,A_w100_T10000_std_lr0.01_s8_none,0.821348
747000,A_w100_T10000_std_lr0.01_s9_none,0.0871871
748000,A_w100_T10000_std_lr0.01_s0_none,0.0635304
748000,A_w100_T10000_std_lr0.01_s1_none,0.330532
748000,A_w100_T10000_std_lr0.01_s2_none,0.00318881
748000,A_w100_T10000_std_lr0.01_s3_none,0.235003
748000,A_w100_T10000_std_lr0.01_s4_none,0.446391
748000,A_w100_T10000_std_lr0.01_s5_none,0.0477319
748000,A_w100_T10000_std_lr0.01_s6_none,0.319414
748000,A_w100_T10000_std_lr0.01_s7_none,0.39474
748000,A_w100_T10000_std_lr0.01_s8_none,0.827807
748000,A_w100_T10000_std_lr0.01_s9_none,0.0893179
749000,A_w100_T10000_std_lr0.01_s0_none,0.0570233
749000,A_w100_T10000_std_lr0.01_s1_none,0.290761
749000,A_w100_T10000_std_lr0.01_s2_none,0.00257811
749000,A_w100_T10000_std_lr0.01_s3_none,0.239572
749000,A_w100_T10000_std_lr0.01_s4_none,0.355978
749000,A_w100_T10000_std_lr0.01_s5_none,0.040999
749000,A_w100_T10000_std_lr0.01_s6_none,0.332693
749000,A_w100_T10000_std_lr0.01_s7_none,0.414258
749000,A_w100_T10000_std_lr0.01_s8_none,0.819166
749000,A_w100_T10000_std_lr0.01_s9_none,0.0837468
750000,A_w100_T10000_std_lr0.01_s0_none,0.0609582
750000,A_w100_T10000_std_lr0.01_s1_none,0.202053
750000,A_w100_T10000_std_lr0.01_s2_none,0.00219986
750000,A_w100_T10000_std_lr0.01_s3_none,0.238296
750000,A_w100_T10000_std_lr0.01_s4_none,0.355419
750000,A_w100_T10000_std_lr0.01_s5_none,0.0303478
750000,A_w100_T10000_std_lr0.01_s6_none,0.317823
750000,A_w100_T10000_std_lr0.01_s7_none,0.403268
750000,A_w100_T10000_std_lr0.01_s8_none,0.779545
750000,A_w100_T10000_std_lr0.01_s9_none,0.0773016
751000,A_w100_T10000_std_lr0.01_s0_none,0.417334
751000,A_w100_T10000_std_lr0.01_s1_none,0.852711
751000,A_w100_T10000_std_lr0.01_s2_none,0.243109
751000,A_w100_T10000_std_lr0.01_s3_none,1.1014
751000,A_w100_T10000_std_lr0.01_s4_none,2.90417
751000,A_w100_T10000_std_lr0.01_s5_none,0.359463
751000,A_w100_T10000_std_lr0.01_s6_none,0.417258
751000,A_w100_T10000_std_lr0.01_s7_none,0.336979
751000,A_w100_T10000_std_lr0.01_s8_none,0.726446
751000,A_w100_T10000_std_lr0.01_s9_none,0.614789
752000,A_w100_T10000_std_lr0.01_s0_none,0.215088
752000,A_w100_T10000_std_lr0.01_s1_none,0.568533
752000,A_w100_T10000_std_lr0.01_s2_none,0.0522615
752000,A_w100_T10000_std_lr0.01_s3_none,0.965374
752000,A_w100_T10000_std_lr0.01_s4_none,2.76759
752000,A_w100_T10000_std_lr0.01_s5_none,0.142955
752000,A_w100_T10000_std_lr0.01_s6_none,0.251277
752000,A_w100_T10000_std_lr0.01_s7_none,0.342177
752000,A_w100_T10000_std_lr0.01_s8_none,0.388036
752000,A_w100_T10000_std_lr0.01_s9_none,0.423952
753000,A_w100_T10000_std_lr0.01_s0_none,0.179517
753000,A_w100_T10000_std_lr0.01_s1_none,0.528292
753000,A_w100_T10000_std_lr0.01_s2_none,0.0319084
753000,A_w100_T10000_std_lr0.01_s3_none,0.949212
753000,A_w100_T10000_std_lr0.01_s4_none,2.30895
753000,A_w100_T10000_std_lr0.01_s5_none,0.132391
753000,A_w100_T10000_std_lr0.01_s6_none,0.269599
753000,A_w100_T10000_std_lr0.01_s7_none,0.328056
753000,A_w100_T10000_std_lr0.01_s8_none,0.308435
753000,A_w100_T10000_std_lr0.01_s9_none,0.422033
754000,A_w100_T10000_std_lr0.01_s0_none,0.197376
754000,A_w100_T10000_std_lr0.01_s1_none,0.477477
754000,A_w100_T10000_std_lr0.01_s2_none,0.0243861
754000,A_w100_T10000_std_lr0.01_s3_none,0.937536
754000,A_w100_T10000_std_lr0.01_s4_none,1.91167
754000,A_w100_T10000_std_lr0.01_s5_none,0.120355
754000,A_w100_T10000_std_lr0.01_s6_none,0.205081
754000,A_w100_T10000_std_lr0.01_s7_none,0.316611
754000,A_w100_T10000_std_lr0.01_s8_none,0.297267
754000,A_w100_T10000_std_lr0.01_s9_none,0.42634
755000,A_w100_T10000_std_lr0.01_s0_none,0.169099
755000,A_w100_T10000_std_lr0.01_s1_none,0.477157
755000,A_w100_T10000_std_lr0.01_s2_none,0.0209329
755000,A_w100_T10000_std_lr0.01_s3_none,1.08305
755000,A_w100_T10000_std_lr0.01_s4_none,1.75798
755000,A_w100_T10000_std_lr0.01_s5_none,0.117108
755000,A_w100_T10000_std_lr0.01_s6_none,0.248506
755000,A_w100_T10000_std_lr0.01_s7_none,0.298404
755000,A_w100_T10000_std_lr0.01_s8_none,0.256755
755000,A_w100_T10000_std_lr0.01_s9_none,0.448461
756000,A_w100_T10000_std_lr0.01_s0_none,0.145311
756000,A_w100_T10000_std_lr0.01_s1_none,0.445378
756000,A_w100_T10000_std_lr0.01_s2_none,0.0153626
756000,A_w100_T10000_std_lr0.01_s3_none,0.978844
756000,A_w100_T10000_std_lr0.01_s4_none,1.79023
756000,A_w100_T10000_std_lr0.01_s5_none,0.123775
756000,A_w100_T10000_std_lr0.01_s6_none,0.227832
756000,A_w100_T10000_std_lr0.01_s7_none,0.334142
756000,A_w100_T10000_std_lr0.01_s8_none,0.221017
756000,A_w100_T10000_std_lr0.01_s9_none,0.422063
757000,A_w100_T10000_std_lr0.01_s0_none,0.145044
757000,A_w100_T10000_std_lr0.01_s1_none,0.464502
757000,A_w100_T10000_std_lr0.01_s2_none,0.0115875
757000,A_w100_T10000_std_lr0.01_s3_none,0.929635
757000,A_w100_T10000_std_lr0.01_s4_none,1.57936
757000,A_w100_T10000_std_lr0.01_s5_none,0.111374
757000,A_w100_T10000_std_lr0.01_s6_none,0.207328
757000,A_w100_T10000_std_lr0.01_s7_none,0.343656
757000,A_w100_T10000_std_lr0.01_s8_none,0.197011
757000,A_w100_T10000_std_lr0.01_s9_none,0.373476
758000,A_w100_T10000_std_lr0.01_s0_none,0.146712
758000,A_w100_T10000_std_lr0.01_s1_none,0.44885
758000,A_w100_T10000_std_lr0.01_s2_none,0.00916124
758000,A_w100_T10000_std_lr0.01_s3_none,0.960947
758000,A_w100_T10000_std_lr0.01_s4_none,1.5821
758000,A_w100_T10000_std_lr0.01_s5_none,0.107433
758000,A_w100_T10000_std_lr0.01_s6_none,0.215683
758000,A_w100_T10000_std_lr0.01_s7_none,0.271849
758000,A_w100_T10000_std_lr0.01_s8_none,0.202886
758000,A_w100_T10000_std_lr0.01_s9_none,0.432109
759000,A_w100_T10000_std_lr0.01_s0_none,0.138215
759000,A_w100_T10000_std_lr0.01_s1_none,0.44227
759000,A_w100_T10000_std_lr0.01_s2_none,0.00594039
759000,A_w100_T10000_std_lr0.01_s3_none,0.967405
759000,A_w100_T10000_std_lr0.01_s4_none,1.64849
759000,A_w100_T10000_std_lr0.01_s5_none,0.107511
759000,A_w100_T10000_std_lr0.01_s6_none,0.225984
759000,A_w100_T10000_std_lr0.01_s7_none,0.365024
759000,A_w100_T10000_std_lr0.01_s8_none,0.164394
759000,A_w100_T10000_std_lr0.01_s9_none,0.33256
760000,A_w100_T10000_std_lr0.01_s0_none,0.147318
760000,A_w100_T10000_std_lr0.01_s1_none,0.412253
760000,A_w100_T10000_std_lr0.01_s2_none,0.00611959
760000,A_w100_T10000_std_lr0.01_s3_none,0.924459
760000,A_w100_T10000_std_lr0.01_s4_none,1.69988
760000,A_w100_T10000_std_lr0.01_s5_none,0.102456
760000,A_w100_T10000_std_lr0.01_s6_none,0.21786
760000,A_w100_T10000_std_lr0.01_s7_none,0.34695
760000,A_w100_T10000_std_lr0.01_s8_none,0.209204
760000,A_w100_T10000_std_lr0.01_s9_none,0.294269
761000,A_w100_T10000_std_lr0.01_s0_none,0.450598
761000,A_w100_T10000_std_lr0.01_s1_none,1.01958
761000,A_w100_T10000_std_lr0.01_s2_none,0.396155
761000,A_w100_T10000_std_lr0.01_s3_none,1.14981
761000,A_w100_T10000_std_lr0.01_s4_none,2.76823
761000,A_w100_T10000_std_lr0.01_s5_none,0.288684
761000,A_w100_T10000_std_lr0.01_s6_none,0.525493
761000,A_w100_T10000_std_lr0.01_s7_none,0.608511
761000,A_w100_T10000_std_lr0.01_s8_none,0.486072
761000,A_w100_T10000_std_lr0.01_s9_none,0.66321
762000,A_w100_T10000_std_lr0.01_s0_none,0.272122
762000,A_w100_T10000_std_lr0.01_s1_none,0.85841
762000,A_w100_T10000_std_lr0.01_s2_none,0.190131
762000,A_w100_T10000_std_lr0.01_s3_none,0.58638
762000,A_w100_T10000_std_lr0.01_s4_none,2.20888
762000,A_w100_T10000_std_lr0.01_s5_none,0.143275
762000,A_w100_T10000_std_lr0.01_s6_none,0.450954
762000,A_w100_T10000_std_lr0.01_s7_none,0.580709
762000,A_w100_T10000_std_lr0.01_s8_none,0.30269
762000,A_w100_T10000_std_lr0.01_s9_none,0.302095
763000,A_w100_T10000_std_lr0.01_s0_none,0.269966
763000,A_w100_T10000_std_lr0.01_s1_none,0.809723
763000,A_w100_T10000_std_lr0.01_s2_none,0.151514
763000,A_w100_T10000_std_lr0.01_s3_none,0.48926
763000,A_w100_T10000_std_lr0.01_s4_none,2.1381
763000,A_w100_T10000_std_lr0.01_s5_none,0.111858
763000,A_w100_T10000_std_lr0.01_s6_none,0.431803
763000,A_w100_T10000_std_lr0.01_s7_none,0.63009
763000,A_w100_T10000_std_lr0.01_s8_none,0.273297
763000,A_w100_T10000_std_lr0.01_s9_none,0.240815
764000,A_w100_T10000_std_lr0.01_s0_none,0.230551
764000,A_w100_T10000_std_lr0.01_s1_none,0.793972
764000,A_w100_T10000_std_lr0.01_s2_none,0.0803543
764000,A_w100_T10000_std_lr0.01_s3_none,0.412036
764000,A_w100_T10000_std_lr0.01_s4_none,2.05869
764000,A_w100_T10000_std_lr0.01_s5_none,0.103662
764000,A_w100_T10000_std_lr0.01_s6_none,0.387951
764000,A_w100_T10000_std_lr0.01_s7_none,0.572452
764000,A_w100_T10000_std_lr0.01_s8_none,0.196243
764000,A_w100_T10000_std_lr0.01_s9_none,0.206554
765000,A_w100_T10000_std_lr0.01_s0_none,0.29349
765000,A_w100_T10000_std_lr0.01_s1_none,0.762147
765000,A_w100_T10000_std_lr0.01_s2_none,0.0611756
765000,A_w100_T10000_std_lr0.01_s3_none,0.330889
765000,A_w100_T10000_std_lr0.01_s4_none,2.13514
765000,A_w100_T10000_std_lr0.01_s5_none,0.104195
765000,A_w100_T10000_std_lr0.01_s6_none,0.409911
765000,A_w100_T10000_std_lr0.01_s7_none,0.596105
765000,A_w100_T10000_std_lr0.01_s8_none,0.136374
765000,A_w100_T10000_std_lr0.01_s9_none,0.165206
766000,A_w100_T10000_std_lr0.01_s0_none,0.266297
766000,A_w100_T10000_std_lr0.01_s1_none,0.846687
766000,A_w100_T10000_std_lr0.01_s2_none,0.0407077
766000,A_w100_T10000_std_lr0.01_s3_none,0.332817
766000,A_w100_T10000_std_lr0.01_s4_none,2.1337
766000,A_w100_T10000_std_lr0.01_s5_none,0.0836375
766000,A_w100_T10000_std_lr0.01_s6_none,0.358711
766000,A_w100_T10000_std_lr0.01_s7_none,0.567893
766000,A_w100_T10000_std_lr0.01_s8_none,0.120466
766000,A_w100_T10000_std_lr0.01_s9_none,0.150537
767000,A_w100_T10000_std_lr0.01_s0_none,0.251207
767000,A_w100_T10000_std_lr0.01_s1_none,0.735633
767000,A_w100_T10000_std_lr0.01_s2_none,0.0322362
767000,A_w100_T10000_std_lr0.01_s3_none,0.272665
767000,A_w100_T10000_std_lr0.01_s4_none,2.01831
767000,A_w100_T10000_std_lr0.01_s5_none,0.0763472
767000,A_w100_T10000_std_lr0.01_s6_none,0.341923
767000,A_w100_T10000_std_lr0.01_s7_none,0.614316
767000,A_w100_T10000_std_lr0.01_s8_none,0.10093
767000,A_w100_T10000_std_lr0.01_s9_none,0.152418
768000,A_w100_T10000_std_lr0.01_s0_none,0.2712
768000,A_w100_T10000_std_lr0.01_s1_none,0.780177
768000,A_w100_T10000_std_lr0.01_s2_none,0.0216093
768000,A_w100_T10000_std_lr0.01_s3_none,0.268975
768000,A_w100_T10000_std_lr0.01_s4_none,2.14863
768000,A_w100_T10000_std_lr0.01_s5_none,0.0810994
768000,A_w100_T10000_std_lr0.01_s6_none,0.365039
768000,A_w100_T10000_std_lr0.01_s7_none,0.616966
768000,A_w100_T10000_std_lr0.01_s8_none,0.0829084
768000,A_w100_T10000_std_lr0.01_s9_none,0.154955
769000,A_w100_T10000_std_lr0.01_s0_none,0.254284
769000,A_w100_T10000_std_lr0.01_s1_none,0.771596
769000,A_w100_T10000_std_lr0.01_s2_none,0.0198751
769000,A_w100_T10000_std_lr0.01_s3_none,0.289169
769000,A_w100_T10000_std_lr0.01_s4_none,2.14896
769000,A_w100_T10000_std_lr0.01_s5_none,0.0788229
769000,A_w100_T10000_std_lr0.01_s6_none,0.329079
769000,A_w100_T10000_std_lr0.01_s7_none,0.589615
769000,A_w100_T10000_std_lr0.01_s8_none,0.0808279
769000,A_w100_T10000_std_lr0.01_s9_none,0.1454
770000,A_w100_T10000_std_lr0.01_s0_none,0.236515
770000,A_w100_T10000_std_lr0.01_s1_none,0.760548
770000,A_w100_T10000_std_lr0.01_s2_none,0.0138607
770000,A_w100_T10000_std_lr0.01_s3_none,0.268115
770000,A_w100_T10000_std_lr0.01_s4_none,1.96742
770000,A_w100_T10000_std_lr0.01_s5_none,0.0740448
770000,A_w100_T10000_std_lr0.01_s6_none,0.366348
770000,A_w100_T10000_std_lr0.01_s7_none,0.624558
770000,A_w100_T10000_std_lr0.01_s8_none,0.0778527
770000,A_w100_T10000_std_lr0.01_s9_none,0.144965
771000,A_w100_T10000_std_lr0.01_s0_none,0.229141
771000,A_w100_T10000_std_lr0.01_s1_none,0.753638
771000,A_w100_T10000_std_lr0.01_s2_none,0.19911
771000,A_w100_T10000_std_lr0.01_s3_none,0.668586
771000,A_w100_T10000_std_lr0.01_s4_none,2.73998
771000,A_w100_T10000_std_lr0.01_s5_none,0.303493
771000,A_w100_T10000_std_lr0.01_s6_none,0.655261
771000,A_w100_T10000_std_lr0.01_s7_none,1.98401
771000,A_w100_T10000_std_lr0.01_s8_none,0.516047
771000,A_w100_T10000_std_lr0.01_s9_none,0.55041
772000,A_w100_T10000_std_lr0.01_s0_none,0.105981
772000,A_w100_T10000_std_lr0.01_s1_none,0.578393
772000,A_w100_T10000_std_lr0.01_s2_none,0.0161931
772000,A_w100_T10000_std_lr0.01_s3_none,0.532923
772000,A_w100_T10000_std_lr0.01_s4_none,2.45796
772000,A_w100_T10000_std_lr0.01_s5_none,0.148267
772000,A_w100_T10000_std_lr0.01_s6_none,0.493499
772000,A_w100_T10000_std_lr0.01_s7_none,1.82359
772000,A_w100_T10000_std_lr0.01_s8_none,0.322425
772000,A_w100_T10000_std_lr0.01_s9_none,0.189545
773000,A_w100_T10000_std_lr0.01_s0_none,0.0738575
773000,A_w100_T10000_std_lr0.01_s1_none,0.564777
773000,A_w100_T10000_std_lr0.01_s2_none,0.00732869
773000,A_w100_T10000_std_lr0.01_s3_none,0.537503
773000,A_w100_T10000_std_lr0.01_s4_none,2.44668
773000,A_w100_T10000_std_lr0.01_s5_none,0.148476
773000,A_w100_T10000_std_lr0.01_s6_none,0.419032
773000,A_w100_T10000_std_lr0.01_s7_none,1.85586
773000,A_w100_T10000_std_lr0.01_s8_none,0.270772
773000,A_w100_T10000_std_lr0.01_s9_none,0.147436
774000,A_w100_T10000_std_lr0.01_s0_none,0.0693244
774000,A_w100_T10000_std_lr0.01_s1_none,0.544063
774000,A_w100_T10000_std_lr0.01_s2_none,0.00348266
774000,A_w100_T10000_std_lr0.01_s3_none,0.52452
774000,A_w100_T10000_std_lr0.01_s4_none,2.30736
774000,A_w100_T10000_std_lr0.01_s5_none,0.121969
774000,A_w100_T10000_std_lr0.01_s6_none,0.384523
774000,A_w100_T10000_std_lr0.01_s7_none,1.77142
774000,A_w100_T10000_std_lr0.01_s8_none,0.263799
774000,A_w100_T10000_std_lr0.01_s9_none,0.109979
775000,A_w100_T10000_std_lr0.01_s0_none,0.0525934
775000,A_w100_T10000_std_lr0.01_s1_none,0.484958
775000,A_w100_T10000_std_lr0.01_s2_none,0.00211576
775000,A_w100_T10000_std_lr0.01_s3_none,0.585439
775000,A_w100_T10000_std_lr0.01_s4_none,2.32294
775000,A_w100_T10000_std_lr0.01_s5_none,0.123974
775000,A_w100_T10000_std_lr0.01_s6_none,0.400849
775000,A_w100_T10000_std_lr0.01_s7_none,1.86541
775000,A_w100_T10000_std_lr0.01_s8_none,0.257218
775000,A_w100_T10000_std_lr0.01_s9_none,0.0805817
776000,A_w100_T10000_std_lr0.01_s0_none,0.0543925
776000,A_w100_T10000_std_lr0.01_s1_none,0.505046
776000,A_w100_T10000_std_lr0.01_s2_none,0.00140122
776000,A_w100_T10000_std_lr0.01_s3_none,0.553328
776000,A_w100_T10000_std_lr0.01_s4_none,2.27761
776000,A_w100_T10000_std_lr0.01_s5_none,0.118644
776000,A_w100_T10000_std_lr0.01_s6_none,0.332933
776000,A_w100_T10000_std_lr0.01_s7_none,1.82498
776000,A_w100_T10000_std_lr0.01_s8_none,0.237654
776000,A_w100_T10000_std_lr0.01_s9_none,0.0706354
777000,A_w100_T10000_std_lr0.01_s0_none,0.0481004
777000,A_w100_T10000_std_lr0.01_s1_none,0.484055
777000,A_w100_T10000_std_lr0.01_s2_none,0.000799813
777000,A_w100_T10000_std_lr0.01_s3_none,0.541396
777000,A_w100_T10000_std_lr0.01_s4_none,2.26989
777000,A_w100_T10000_std_lr0.01_s5_none,0.107662
777000,A_w100_T10000_std_lr0.01_s6_none,0.35572
777000,A_w100_T10000_std_lr0.01_s7_none,1.86018
777000,A_w100_T10000_std_lr0.01_s8_none,0.248858
777000,A_w100_T10000_std_lr0.01_s9_none,0.0547656
778000,A_w100_T10000_std_lr0.01_s0_none,0.0386604
778000,A_w100_T10000_std_lr0.01_s1_none,0.482245
778000,A_w100_T10000_std_lr0.01_s2_none,0.000554704
778000,A_w100_T10000_std_lr0.01_s3_none,0.523215
778000,A_w100_T10000_std_lr0.01_s4_none,2.33088
778000,A_w100_T10000_std_lr0.01_s5_none,0.10666
778000,A_w100_T10000_std_lr0.01_s6_none,0.375655
778000,A_w100_T10000_std_lr0.01_s7_none,1.8338
778000,A_w100_T10000_std_lr0.01_s8_none,0.242877
778000,A_w100_T10000_std_lr0.01_s9_none,0.0460093
779000,A_w100_T10000_std_lr0.01_s0_none,0.0326304
779000,A_w100_T10000_std_lr0.01_s1_none,0.458117
779000,A_w100_T10000_std_lr0.01_s2_none,0.000335822
779000,A_w100_T10000_std_lr0.01_s3_none,0.525144
779000,A_w100_T10000_std_lr0.01_s4_none,2.39734
779000,A_w100_T10000_std_lr0.01_s5_none,0.0879855
779000,A_w100_T10000_std_lr0.01_s6_none,0.349042
779000,A_w100_T10000_std_lr0.01_s7_none,1.87732
779000,A_w100_T10000_std_lr0.01_s8_none,0.236642
779000,A_w100_T10000_std_lr0.01_s9_none,0.0447738
780000,A_w100_T10000_std_lr0.01_s0_none,0.035773
780000,A_w100_T10000_std_lr0.01_s1_none,0.496668
780000,A_w100_T10000_std_lr0.01_s2_none,0.000223037
780000,A_w100_T10000_std_lr0.01_s3_none,0.504507
780000,A_w100_T10000_std_lr0.01_s4_none,2.3583
780000,A_w100_T10000_std_lr0.01_s5_none,0.0914443
780000,A_w100_T10000_std_lr0.01_s6_none,0.334425
780000,A_w100_T10000_std_lr0.01_s7_none,1.77268
780000,A_w100_T10000_std_lr0.01_s8_none,0.238534
780000,A_w100_T10000_std_lr0.01_s9_none,0.0340151
781000,A_w100_T10000_std_lr0.01_s0_none,0.559644
781000,A_w100_T10000_std_lr0.01_s1_none,1.03455
781000,A_w100_T10000_std_lr0.01_s2_none,0.207806
781000,A_w100_T10000_std_lr0.01_s3_none,1.00391
781000,A_w100_T10000_std_lr0.01_s4_none,1.39059
781000,A_w100_T10000_std_lr0.01_s5_none,0.332412
781000,A_w100_T10000_std_lr0.01_s6_none,0.897621
781000,A_w100_T10000_std_lr0.01_s7_none,0.46811
781000,A_w100_T10000_std_lr0.01_s8_none,0.58906
781000,A_w100_T10000_std_lr0.01_s9_none,0.478955
782000,A_w100_T10000_std_lr0.01_s0_none,0.448071
782000,A_w100_T10000_std_lr0.01_s1_none,0.928228
782000,A_w100_T10000_std_lr0.01_s2_none,0.0701911
782000,A_w100_T10000_std_lr0.01_s3_none,0.652307
782000,A_w100_T10000_std_lr0.01_s4_none,1.05893
782000,A_w100_T10000_std_lr0.01_s5_none,0.113113
782000,A_w100_T10000_std_lr0.01_s6_none,0.644221
782000,A_w100_T10000_std_lr0.01_s7_none,0.431617
782000,A_w100_T10000_std_lr0.01_s8_none,0.217923
782000,A_w100_T10000_std_lr0.01_s9_none,0.0526058
783000,A_w100_T10000_std_lr0.01_s0_none,0.404976
783000,A_w100_T10000_std_lr0.01_s1_none,0.91657
783000,A_w100_T10000_std_lr0.01_s2_none,0.0188402
783000,A_w100_T10000_std_lr0.01_s3_none,0.58007
783000,A_w100_T10000_std_lr0.01_s4_none,1.03299
783000,A_w100_T10000_std_lr0.01_s5_none,0.0788
783000,A_w100_T10000_std_lr0.01_s6_none,0.611039
783000,A_w100_T10000_std_lr0.01_s7_none,0.441766
783000,A_w100_T10000_std_lr0.01_s8_none,0.127036
783000,A_w100_T10000_std_lr0.01_s9_none,0.0195008
784000,A_w100_T10000_std_lr0.01_s0_none,0.456991
784000,A_w100_T10000_std_lr0.01_s1_none,0.777392
784000,A_w100_T10000_std_lr0.01_s2_none,0.00886361
784000,A_w100_T10000_std_lr0.01_s3_none,0.536229
784000,A_w100_T10000_std_lr0.01_s4_none,0.908141
784000,A_w100_T10000_std_lr0.01_s5_none,0.063452
784000,A_w100_T10000_std_lr0.01_s6_none,0.608185
784000,A_w100_T10000_std_lr0.01_s7_none,0.449759
784000,A_w100_T10000_std_lr0.01_s8_none,0.103267
784000,A_w100_T10000_std_lr0.01_s9_none,0.00649778
785000,A_w100_T10000_std_lr0.01_s0_none,0.444535
785000,A_w100_T10000_std_lr0.01_s1_none,0.915501
785000,A_w100_T10000_std_lr0.01_s2_none,0.00563312
785000,A_w100_T10000_std_lr0.01_s3_none,0.559384
785000,A_w100_T10000_std_lr0.01_s4_none,0.862632
785000,A_w100_T10000_std_lr0.01_s5_none,0.0569188
785000,A_w100_T10000_std_lr0.01_s6_none,0.542708
785000,A_w100_T10000_std_lr0.01_s7_none,0.455604
785000,A_w100_T10000_std_lr0.01_s8_none,0.0923007
785000,A_w100_T10000_std_lr0.01_s9_none,0.00243319
786000,A_w100_T10000_std_lr0.01_s0_none,0.40859
786000,A_w100_T10000_std_lr0.01_s1_none,0.880953
786000,A_w100_T10000_std_lr0.01_s2_none,0.0037371
786000,A_w100_T10000_std_lr0.01_s3_none,0.589683
786000,A_w100_T10000_std_lr0.01_s4_none,0.90803
786000,A_w100_T10000_std_lr0.01_s5_none,0.0583861
786000,A_w100_T10000_std_lr0.01_s6_none,0.567448
786000,A_w100_T10000_std_lr0.01_s7_none,0.470891
786000,A_w100_T10000_std_lr0.01_s8_none,0.0803382
786000,A_w100_T10000_std_lr0.01_s9_none,0.000745426
787000,A_w100_T10000_std_lr0.01_s0_none,0.426788
787000,A_w100_T10000_std_lr0.01_s1_none,0.789156
787000,A_w100_T10000_std_lr0.01_s2_none,0.00268484
787000,A_w100_T10000_std_lr0.01_s3_none,0.640886
787000,A_w100_T10000_std_lr0.01_s4_none,0.937252
787000,A_w100_T10000_std_lr0.01_s5_none,0.062226
787000,A_w100_T10000_std_lr0.01_s6_none,0.549061
787000,A_w100_T10000_std_lr0.01_s7_none,0.482163
787000,A_w100_T10000_std_lr0.01_s8_none,0.0891459
787000,A_w100_T10000_std_lr0.01_s9_none,0.000232009
788000,A_w100_T10000_std_lr0.01_s0_none,0.469827
788000,A_w100_T10000_std_lr0.01_s1_none,0.817138
788000,A_w100_T10000_std_lr0.01_s2_none,0.00208359
788000,A_w100_T10000_std_lr0.01_s3_none,0.540748
788000,A_w100_T10000_std_lr0.01_s4_none,0.87848
788000,A_w100_T10000_std_lr0.01_s5_none,0.0708366
788000,A_w100_T10000_std_lr0.01_s6_none,0.542208
788000,A_w100_T10000_std_lr0.01_s7_none,0.463324
788000,A_w100_T10000_std_lr0.01_s8_none,0.0746456
788000,A_w100_T10000_std_lr0.01_s9_none,0.00010067
789000,A_w100_T10000_std_lr0.01_s0_none,0.417039
789000,A_w100_T10000_std_lr0.01_s1_none,0.823161
789000,A_w100_T10000_std_lr0.01_s2_none,0.00133396
789000,A_w100_T10000_std_lr0.01_s3_none,0.533642
789000,A_w100_T10000_std_lr0.01_s4_none,0.8771
789000,A_w100_T10000_std_lr0.01_s5_none,0.0511131
789000,A_w100_T10000_std_lr0.01_s6_none,0.538831
789000,A_w100_T10000_std_lr0.01_s7_none,0.467362
789000,A_w100_T10000_std_lr0.01_s8_none,0.0773538
789000,A_w100_T10000_std_lr0.01_s9_none,3.27826e-05
790000,A_w100_T10000_std_lr0.01_s0_none,0.391957
790000,A_w100_T10000_std_lr0.01_s1_none,0.717576
790000,A_w100_T10000_std_lr0.01_s2_none,0.000929748
790000,A_w100_T10000_std_lr0.01_s3_none,0.522916
790000,A_w100_T10000_std_lr0.01_s4_none,0.935882
790000,A_w100_T10000_std_lr0.01_s5_none,0.0570549
790000,A_w100_T10000_std_lr0.01_s6_none,0.531076
790000,A_w100_T10000_std_lr0.01_s7_none,0.486538
790000,A_w100_T10000_std_lr0.01_s8_none,0.0664784
790000,A_w100_T10000_std_lr0.01_s9_none,1.05402e-05
791000,A_w100_T10000_std_lr0.01_s0_none,0.161864
791000,A_w100_T10000_std_lr0.01_s1_none,0.572169
791000,A_w100_T10000_std_lr0.01_s2_none,0.381087
791000,A_w100_T10000_std_lr0.01_s3_none,0.953375
791000,A_w100_T10000_std_lr0.01_s4_none,0.670416
791000,A_w100_T10000_std_lr0.01_s5_none,0.135635
791000,A_w100_T10000_std_lr0.01_s6_none,0.527094
791000,A_w100_T10000_std_lr0.01_s7_none,0.827677
791000,A_w100_T10000_std_lr0.01_s8_none,0.799756
791000,A_w100_T10000_std_lr0.01_s9_none,0.316652
792000,A_w100_T10000_std_lr0.01_s0_none,0.0694686
792000,A_w100_T10000_std_lr0.01_s1_none,0.498223
792000,A_w100_T10000_std_lr0.01_s2_none,0.189713
792000,A_w100_T10000_std_lr0.01_s3_none,0.646037
792000,A_w100_T10000_std_lr0.01_s4_none,0.451162
792000,A_w100_T10000_std_lr0.01_s5_none,0.00678592
792000,A_w100_T10000_std_lr0.01_s6_none,0.400899
792000,A_w100_T10000_std_lr0.01_s7_none,0.786108
792000,A_w100_T10000_std_lr0.01_s8_none,0.577678
792000,A_w100_T10000_std_lr0.01_s9_none,0.0353425
793000,A_w100_T10000_std_lr0.01_s0_none,0.051809
793000,A_w100_T10000_std_lr0.01_s1_none,0.544838
793000,A_w100_T10000_std_lr0.01_s2_none,0.175111
793000,A_w100_T10000_std_lr0.01_s3_none,0.654274
793000,A_w100_T10000_std_lr0.01_s4_none,0.384739
793000,A_w100_T10000_std_lr0.01_s5_none,0.00135576
793000,A_w100_T10000_std_lr0.01_s6_none,0.383093
793000,A_w100_T10000_std_lr0.01_s7_none,0.804841
793000,A_w100_T10000_std_lr0.01_s8_none,0.61249
793000,A_w100_T10000_std_lr0.01_s9_none,0.0165716
794000,A_w100_T10000_std_lr0.01_s0_none,0.0241844
794000,A_w100_T10000_std_lr0.01_s1_none,0.529894
794000,A_w100_T10000_std_lr0.01_s2_none,0.18518
794000,A_w100_T10000_std_lr0.01_s3_none,0.581504
794000,A_w100_T10000_std_lr0.01_s4_none,0.343035
794000,A_w100_T10000_std_lr0.01_s5_none,0.000737816
794000,A_w100_T10000_std_lr0.01_s6_none,0.370146
794000,A_w100_T10000_std_lr0.01_s7_none,0.833344
794000,A_w100_T10000_std_lr0.01_s8_none,0.589226
794000,A_w100_T10000_std_lr0.01_s9_none,0.00531016
795000,A_w100_T10000_std_lr0.01_s0_none,0.0183871
795000,A_w100_T10000_std_lr0.01_s1_none,0.522655
795000,A_w100_T10000_std_lr0.01_s2_none,0.200505
795000,A_w100_T10000_std_lr0.01_s3_none,0.610811
795000,A_w100_T10000_std_lr0.01_s4_none,0.336824
795000,A_w100_T10000_std_lr0.01_s5_none,0.000304859
795000,A_w100_T10000_std_lr0.01_s6_none,0.348148
795000,A_w100_T10000_std_lr0.01_s7_none,0.796658
795000,A_w100_T10000_std_lr0.01_s8_none,0.640724
795000,A_w100_T10000_std_lr0.01_s9_none,0.00205379
796000,A_w100_T10000_std_lr0.01_s0_none,0.0178731
796000,A_w100_T10000_std_lr0.01_s1_none,0.507953
796000,A_w100_T10000_std_lr0.01_s2_none,0.164007
796000,A_w100_T10000_std_lr0.01_s3_none,0.575138
796000,A_w100_T10000_std_lr0.01_s4_none,0.322134
796000,A_w100_T10000_std_lr0.01_s5_none,0.000245979
796000,A_w100_T10000_std_lr0.01_s6_none,0.338242
796000,A_w100_T10000_std_lr0.01_s7_none,0.779053
796000,A_w100_T10000_std_lr0.01_s8_none,0.544616
796000,A_w100_T10000_std_lr0.01_s9_none,0.00100821
797000,A_w100_T10000_std_lr0.01_s0_none,0.0136822
797000,A_w100_T10000_std_lr0.01_s1_none,0.481573
797000,A_w100_T10000_std_lr0.01_s2_none,0.179998
797000,A_w100_T10000_std_lr0.01_s3_none,0.589705
797000,A_w100_T10000_std_lr0.01_s4_none,0.342517
797000,A_w100_T10000_std_lr0.01_s5_none,0.000159258
797000,A_w100_T10000_std_lr0.01_s6_none,0.352923
797000,A_w100_T10000_std_lr0.01_s7_none,0.798161
797000,A_w100_T10000_std_lr0.01_s8_none,0.568109
797000,A_w100_T10000_std_lr0.01_s9_none,0.000412011
798000,A_w100_T10000_std_lr0.01_s0_none,0.0148
798000,A_w100_T10000_std_lr0.01_s1_none,0.540179
798000,A_w100_T10000_std_lr0.01_s2_none,0.140304
798000,A_w100_T10000_std_lr0.01_s3_none,0.560934
798000,A_w100_T10000_std_lr0.01_s4_none,0.316459
798000,A_w100_T10000_std_lr0.01_s5_none,0.000120132
798000,A_w100_T10000_std_lr0.01_s6_none,0.345512
798000,A_w100_T10000_std_lr0.01_s7_none,0.799004
798000,A_w100_T10000_std_lr0.01_s8_none,0.5707
798000,A_w100_T10000_std_lr0.01_s9_none,0.000145673
799000,A_w100_T10000_std_lr0.01_s0_none,0.0114571
799000,A_w100_T10000_std_lr0.01_s1_none,0.558054
799000,A_w100_T10000_std_lr0.01_s2_none,0.153867
799000,A_w100_T10000_std_lr0.01_s3_none,0.52785
799000,A_w100_T10000_std_lr0.01_s4_none,0.348652
799000,A_w100_T10000_std_lr0.01_s5_none,6.84019e-05
799000,A_w100_T10000_std_lr0.01_s6_none,0.333067
799000,A_w100_T10000_std_lr0.01_s7_none,0.796357
799000,A_w100_T10000_std_lr0.01_s8_none,0.558274
799000,A_w100_T10000_std_lr0.01_s9_none,7.63637e-05
800000,A_w100_T10000_std_lr0.01_s0_none,0.00683501
800000,A_w100_T10000_std_lr0.01_s1_none,0.542251
800000,A_w100_T10000_std_lr0.01_s2_none,0.156671
800000,A_w100_T10000_std_lr0.01_s3_none,0.47595
800000,A_w100_T10000_std_lr0.01_s4_none,0.359082
800000,A_w100_T10000_std_lr0.01_s5_none,6.23578e-05
800000,A_w100_T10000_std_lr0.01_s6_none,0.308487
800000,A_w100_T10000_std_lr0.01_s7_none,0.772715
800000,A_w100_T10000_std_lr0.01_s8_none,0.564602
800000,A_w100_T10000_std_lr0.01_s9_none,2.51975e-05
801000,A_w100_T10000_std_lr0.01_s0_none,0.485628
801000,A_w100_T10000_std_lr0.01_s1_none,1.0563
801000,A_w100_T10000_std_lr0.01_s2_none,0.398795
801000,A_w100_T10000_std_lr0.01_s3_none,1.15953
801000,A_w100_T10000_std_lr0.01_s4_none,1.98591
801000,A_w100_T10000_std_lr0.01_s5_none,0.13811
801000,A_w100_T10000_std_lr0.01_s6_none,1.02177
801000,A_w100_T10000_std_lr0.01_s7_none,0.493129
801000,A_w100_T10000_std_lr0.01_s8_none,1.66131
801000,A_w100_T10000_std_lr0.01_s9_none,0.341685
802000,A_w100_T10000_std_lr0.01_s0_none,0.376265
802000,A_w100_T10000_std_lr0.01_s1_none,0.955742
802000,A_w100_T10000_std_lr0.01_s2_none,0.27384
802000,A_w100_T10000_std_lr0.01_s3_none,1.03055
802000,A_w100_T10000_std_lr0.01_s4_none,1.98104
802000,A_w100_T10000_std_lr0.01_s5_none,0.0248089
802000,A_w100_T10000_std_lr0.01_s6_none,0.67337
802000,A_w100_T10000_std_lr0.01_s7_none,0.433925
802000,A_w100_T10000_std_lr0.01_s8_none,1.44234
802000,A_w100_T10000_std_lr0.01_s9_none,0.115908
803000,A_w100_T10000_std_lr0.01_s0_none,0.366092
803000,A_w100_T10000_std_lr0.01_s1_none,1.00182
803000,A_w100_T10000_std_lr0.01_s2_none,0.23406
803000,A_w100_T10000_std_lr0.01_s3_none,0.97923
803000,A_w100_T10000_std_lr0.01_s4_none,1.83479
803000,A_w100_T10000_std_lr0.01_s5_none,0.0169409
803000,A_w100_T10000_std_lr0.01_s6_none,0.58617
803000,A_w100_T10000_std_lr0.01_s7_none,0.437443
803000,A_w100_T10000_std_lr0.01_s8_none,1.56999
803000,A_w100_T10000_std_lr0.01_s9_none,0.0756969
804000,A_w100_T10000_std_lr0.01_s0_none,0.345933
804000,A_w100_T10000_std_lr0.01_s1_none,1.07402
804000,A_w100_T10000_std_lr0.01_s2_none,0.230737
804000,A_w100_T10000_std_lr0.01_s3_none,1.07099
804000,A_w100_T10000_std_lr0.01_s4_none,1.75101
804000,A_w100_T10000_std_lr0.01_s5_none,0.0109425
804000,A_w100_T10000_std_lr0.01_s6_none,0.666784
804000,A_w100_T10000_std_lr0.01_s7_none,0.415111
804000,A_w100_T10000_std_lr0.01_s8_none,1.51106
804000,A_w100_T10000_std_lr0.01_s9_none,0.0583431
805000,A_w100_T10000_std_lr0.01_s0_none,0.331044
805000,A_w100_T10000_std_lr0.01_s1_none,0.990715
805000,A_w100_T10000_std_lr0.01_s2_none,0.222249
805000,A_w100_T10000_std_lr0.01_s3_none,1.05552
805000,A_w100_T10000_std_lr0.01_s4_none,1.88835
805000,A_w100_T10000_std_lr0.01_s5_none,0.00841905
805000,A_w100_T10000_std_lr0.01_s6_none,0.551293
805000,A_w100_T10000_std_lr0.01_s7_none,0.389297
805000,A_w100_T10000_std_lr0.01_s8_none,1.5392
805000,A_w100_T10000_std_lr0.01_s9_none,0.0627807
806000,A_w100_T10000_std_lr0.01_s0_none,0.304559
806000,A_w100_T10000_std_lr0.01_s1_none,0.974666
806000,A_w100_T10000_std_lr0.01_s2_none,0.199294
806000,A_w100_T10000_std_lr0.01_s3_none,0.997259
806000,A_w100_T10000_std_lr0.01_s4_none,1.95794
806000,A_w100_T10000_std_lr0.01_s5_none,0.00383005
806000,A_w100_T10000_std_lr0.01_s6_none,0.532208
806000,A_w100_T10000_std_lr0.01_s7_none,0.413254
806000,A_w100_T10000_std_lr0.01_s8_none,1.47693
806000,A_w100_T10000_std_lr0.01_s9_none,0.0558258
807000,A_w100_T10000_std_lr0.01_s0_none,0.260921
807000,A_w100_T10000_std_lr0.01_s1_none,1.07619
807000,A_w100_T10000_std_lr0.01_s2_none,0.213712
807000,A_w100_T10000_std_lr0.01_s3_none,1.036
807000,A_w100_T10000_std_lr0.01_s4_none,1.82338
807000,A_w100_T10000_std_lr0.01_s5_none,0.00254486
807000,A_w100_T10000_std_lr0.01_s6_none,0.6094
807000,A_w100_T10000_std_lr0.01_s7_none,0.434547
807000,A_w100_T10000_std_lr0.01_s8_none,1.51338
807000,A_w100_T10000_std_lr0.01_s9_none,0.057618
808000,A_w100_T10000_std_lr0.01_s0_none,0.270703
808000,A_w100_T10000_std_lr0.01_s1_none,0.971554
808000,A_w100_T10000_std_lr0.01_s2_none,0.20781
808000,A_w100_T10000_std_lr0.01_s3_none,0.955627
808000,A_w100_T10000_std_lr0.01_s4_none,1.79747
808000,A_w100_T10000_std_lr0.01_s5_none,0.00177454
808000,A_w100_T10000_std_lr0.01_s6_none,0.510496
808000,A_w100_T10000_std_lr0.01_s7_none,0.428814
808000,A_w100_T10000_std_lr0.01_s8_none,1.43154
808000,A_w100_T10000_std_lr0.01_s9_none,0.0533173
809000,A_w100_T10000_std_lr0.01_s0_none,0.286442
809000,A_w100_T10000_std_lr0.01_s1_none,0.939126
809000,A_w100_T10000_std_lr0.01_s2_none,0.182235
809000,A_w100_T10000_std_lr0.01_s3_none,0.876935
809000,A_w100_T10000_std_lr0.01_s4_none,1.73438
809000,A_w100_T10000_std_lr0.01_s5_none,0.000937293
809000,A_w100_T10000_std_lr0.01_s6_none,0.534033
809000,A_w100_T10000_std_lr0.01_s7_none,0.395448
809000,A_w100_T10000_std_lr0.01_s8_none,1.42926
809000,A_w100_T10000_std_lr0.01_s9_none,0.0525434
810000,A_w100_T10000_std_lr0.01_s0_none,0.261956
810000,A_w100_T10000_std_lr0.01_s1_none,0.959098
810000,A_w100_T10000_std_lr0.01_s2_none,0.16653
810000,A_w100_T10000_std_lr0.01_s3_none,0.872272
810000,A_w100_T10000_std_lr0.01_s4_none,1.78652
810000,A_w100_T10000_std_lr0.01_s5_none,0.000616872
810000,A_w100_T10000_std_lr0.01_s6_none,0.618278
810000,A_w100_T10000_std_lr0.01_s7_none,0.457645
810000,A_w100_T10000_std_lr0.01_s8_none,1.55294
810000,A_w100_T10000_std_lr0.01_s9_none,0.059285
811000,A_w100_T10000_std_lr0.01_s0_none,0.237416
811000,A_w100_T10000_std_lr0.01_s1_none,0.572115
811000,A_w100_T10000_std_lr0.01_s2_none,0.304712
811000,A_w100_T10000_std_lr0.01_s3_none,1.24527
811000,A_w100_T10000_std_lr0.01_s4_none,0.821317
811000,A_w100_T10000_std_lr0.01_s5_none,0.999497
811000,A_w100_T10000_std_lr0.01_s6_none,0.707092
811000,A_w100_T10000_std_lr0.01_s7_none,0.53671
811000,A_w100_T10000_std_lr0.01_s8_none,1.36824
811000,A_w100_T10000_std_lr0.01_s9_none,0.371299
812000,A_w100_T10000_std_lr0.01_s0_none,0.0633105
812000,A_w100_T10000_std_lr0.01_s1_none,0.522082
812000,A_w100_T10000_std_lr0.01_s2_none,0.240778
812000,A_w100_T10000_std_lr0.01_s3_none,0.920577
812000,A_w100_T10000_std_lr0.01_s4_none,0.715226
812000,A_w100_T10000_std_lr0.01_s5_none,0.401534
812000,A_w100_T10000_std_lr0.01_s6_none,0.511787
812000,A_w100_T10000_std_lr0.01_s7_none,0.468644
812000,A_w100_T10000_std_lr0.01_s8_none,1.33512
812000,A_w100_T10000_std_lr0.01_s9_none,0.092223
813000,A_w100_T10000_std_lr0.01_s0_none,0.0341865
813000,A_w100_T10000_std_lr0.01_s1_none,0.532187
813000,A_w100_T10000_std_lr0.01_s2_none,0.221427
813000,A_w100_T10000_std_lr0.01_s3_none,0.940472
813000,A_w100_T10000_std_lr0.01_s4_none,0.671194
813000,A_w100_T10000_std_lr0.01_s5_none,0.227318
813000,A_w100_T10000_std_lr0.01_s6_none,0.427511
813000,A_w100_T10000_std_lr0.01_s7_none,0.444798
813000,A_w100_T10000_std_lr0.01_s8_none,1.36253
813000,A_w100_T10000_std_lr0.01_s9_none,0.0520744
814000,A_w100_T10000_std_lr0.01_s0_none,0.0260074
814000,A_w100_T10000_std_lr0.01_s1_none,0.539549
814000,A_w100_T10000_std_lr0.01_s2_none,0.203515
814000,A_w100_T10000_std_lr0.01_s3_none,0.946419
814000,A_w100_T10000_std_lr0.01_s4_none,0.611181
814000,A_w100_T10000_std_lr0.01_s5_none,0.159744
814000,A_w100_T10000_std_lr0.01_s6_none,0.400776
814000,A_w100_T10000_std_lr0.01_s7_none,0.452384
814000,A_w100_T10000_std_lr0.01_s8_none,1.3714
814000,A_w100_T10000_std_lr0.01_s9_none,0.029847
815000,A_w100_T10000_std_lr0.01_s0_none,0.0232418
815000,A_w100_T10000_std_lr0.01_s1_none,0.556443
815000,A_w100_T10000_std_lr0.01_s2_none,0.184061
815000,A_w100_T10000_std_lr0.01_s3_none,0.979003
815000,A_w100_T10000_std_lr0.01_s4_none,0.654725
815000,A_w100_T10000_std_lr0.01_s5_none,0.130946
815000,A_w100_T10000_std_lr0.01_s6_none,0.358774
815000,A_w100_T10000_std_lr0.01_s7_none,0.492006
815000,A_w100_T10000_std_lr0.01_s8_none,1.34682
815000,A_w100_T10000_std_lr0.01_s9_none,0.0119844
816000,A_w100_T10000_std_lr0.01_s0_none,0.0230475
816000,A_w100_T10000_std_lr0.01_s1_none,0.530088
816000,A_w100_T10000_std_lr0.01_s2_none,0.168878
816000,A_w100_T10000_std_lr0.01_s3_none,0.953069
816000,A_w100_T10000_std_lr0.01_s4_none,0.650114
816000,A_w100_T10000_std_lr0.01_s5_none,0.124132
816000,A_w100_T10000_std_lr0.01_s6_none,0.335206
816000,A_w100_T10000_std_lr0.01_s7_none,0.473663
816000,A_w100_T10000_std_lr0.01_s8_none,1.4608
816000,A_w100_T10000_std_lr0.01_s9_none,0.00980102
817000,A_w100_T10000_std_lr0.01_s0_none,0.0194509
817000,A_w100_T10000_std_lr0.01_s1_none,0.562762
817000,A_w100_T10000_std_lr0.01_s2_none,0.140618
817000,A_w100_T10000_std_lr0.01_s3_none,0.940513
817000,A_w100_T10000_std_lr0.01_s4_none,0.651908
817000,A_w100_T10000_std_lr0.01_s5_none,0.12959
817000,A_w100_T10000_std_lr0.01_s6_none,0.369394
817000,A_w100_T10000_std_lr0.01_s7_none,0.448728
817000,A_w100_T10000_std_lr0.01_s8_none,1.45789
817000,A_w100_T10000_std_lr0.01_s9_none,0.00357177
818000,A_w100_T10000_std_lr0.01_s0_none,0.0148041
818000,A_w100_T10000_std_lr0.01_s1_none,0.567468
818000,A_w100_T10000_std_lr0.01_s2_none,0.1523
818000,A_w100_T10000_std_lr0.01_s3_none,0.913149
818000,A_w100_T10000_std_lr0.01_s4_none,0.648832
818000,A_w100_T10000_std_lr0.01_s5_none,0.120899
818000,A_w100_T10000_std_lr0.01_s6_none,0.34818
818000,A_w100_T10000_std_lr0.01_s7_none,0.449617
818000,A_w100_T10000_std_lr0.01_s8_none,1.36963
818000,A_w100_T10000_std_lr0.01_s9_none,0.00152708
819000,A_w100_T10000_std_lr0.01_s0_none,0.0141483
819000,A_w100_T10000_std_lr0.01_s1_none,0.565079
819000,A_w100_T10000_std_lr0.01_s2_none,0.124604
819000,A_w100_T10000_std_lr0.01_s3_none,0.92395
819000,A_w100_T10000_std_lr0.01_s4_none,0.588978
819000,A_w100_T10000_std_lr0.01_s5_none,0.1074
819000,A_w100_T10000_std_lr0.01_s6_none,0.357655
819000,A_w100_T10000_std_lr0.01_s7_none,0.457078
819000,A_w100_T10000_std_lr0.01_s8_none,1.4289
819000,A_w100_T10000_std_lr0.01_s9_none,0.000996847
820000,A_w100_T10000_std_lr0.01_s0_none,0.012468
820000,A_w100_T10000_std_lr0.01_s1_none,0.565808
820000,A_w100_T10000_std_lr0.01_s2_none,0.130725
820000,A_w100_T10000_std_lr0.01_s3_none,0.933992
820000,A_w100_T10000_std_lr0.01_s4_none,0.605574
820000,A_w100_T10000_std_lr0.01_s5_none,0.109518
820000,A_w100_T10000_std_lr0.01_s6_none,0.358748
820000,A_w100_T10000_std_lr0.01_s7_none,0.459269
820000,A_w100_T10000_std_lr0.01_s8_none,1.44094
820000,A_w100_T10000_std_lr0.01_s9_none,0.000638641
821000,A_w100_T10000_std_lr0.01_s0_none,0.547447
821000,A_w100_T10000_std_lr0.01_s1_none,1.39466
821000,A_w100_T10000_std_lr0.01_s2_none,0.326305
821000,A_w100_T10000_std_lr0.01_s3_none,1.19935
821000,A_w100_T10000_std_lr0.01_s4_none,0.884454
821000,A_w100_T10000_std_lr0.01_s5_none,0.397846
821000,A_w100_T10000_std_lr0.01_s6_none,0.485004
821000,A_w100_T10000_std_lr0.01_s7_none,0.891634
821000,A_w100_T10000_std_lr0.01_s8_none,1.18098
821000,A_w100_T10000_std_lr0.01_s9_none,0.512403
822000,A_w100_T10000_std_lr0.01_s0_none,0.233392
822000,A_w100_T10000_std_lr0.01_s1_none,0.99215
822000,A_w100_T10000_std_lr0.01_s2_none,0.13737
822000,A_w100_T10000_std_lr0.01_s3_none,0.868716
822000,A_w100_T10000_std_lr0.01_s4_none,0.627948
822000,A_w100_T10000_std_lr0.01_s5_none,0.107798
822000,A_w100_T10000_std_lr0.01_s6_none,0.219664
822000,A_w100_T10000_std_lr0.01_s7_none,0.643737
822000,A_w100_T10000_std_lr0.01_s8_none,1.1503
822000,A_w100_T10000_std_lr0.01_s9_none,0.24522
823000,A_w100_T10000_std_lr0.01_s0_none,0.167255
823000,A_w100_T10000_std_lr0.01_s1_none,1.0597
823000,A_w100_T10000_std_lr0.01_s2_none,0.126959
823000,A_w100_T10000_std_lr0.01_s3_none,0.833744
823000,A_w100_T10000_std_lr0.01_s4_none,0.583054
823000,A_w100_T10000_std_lr0.01_s5_none,0.0861173
823000,A_w100_T10000_std_lr0.01_s6_none,0.177422
823000,A_w100_T10000_std_lr0.01_s7_none,0.563619
823000,A_w100_T10000_std_lr0.01_s8_none,1.21324
823000,A_w100_T10000_std_lr0.01_s9_none,0.240273
824000,A_w100_T10000_std_lr0.01_s0_none,0.146746
824000,A_w100_T10000_std_lr0.01_s1_none,1.00613
824000,A_w100_T10000_std_lr0.01_s2_none,0.126983
824000,A_w100_T10000_std_lr0.01_s3_none,0.784078
824000,A_w100_T10000_std_lr0.01_s4_none,0.553719
824000,A_w100_T10000_std_lr0.01_s5_none,0.0777606
824000,A_w100_T10000_std_lr0.01_s6_none,0.155205
824000,A_w100_T10000_std_lr0.01_s7_none,0.585821
824000,A_w100_T10000_std_lr0.01_s8_none,1.24591
824000,A_w100_T10000_std_lr0.01_s9_none,0.197854
825000,A_w100_T10000_std_lr0.01_s0_none,0.123778
825000,A_w100_T10000_std_lr0.01_s1_none,0.908205
825000,A_w100_T10000_std_lr0.01_s2_none,0.115629
825000,A_w100_T10000_std_lr0.01_s3_none,0.77547
825000,A_w100_T10000_std_lr0.01_s4_none,0.557524
825000,A_w100_T10000_std_lr0.01_s5_none,0.0698059
825000,A_w100_T10000_std_lr0.01_s6_none,0.160721
825000,A_w100_T10000_std_lr0.01_s7_none,0.561294
825000,A_w100_T10000_std_lr0.01_s8_none,1.20831
825000,A_w100_T10000_std_lr0.01_s9_none,0.144994
826000,A_w100_T10000_std_lr0.01_s0_none,0.125744
826000,A_w100_T10000_std_lr0.01_s1_none,0.988661
826000,A_w100_T10000_std_lr0.01_s2_none,0.107395
826000,A_w100_T10000_std_lr0.01_s3_none,0.697876
826000,A_w100_T10000_std_lr0.01_s4_none,0.557596
826000,A_w100_T10000_std_lr0.01_s5_none,0.0615035
826000,A_w100_T10000_std_lr0.01_s6_none,0.127476
826000,A_w100_T10000_std_lr0.01_s7_none,0.52219
826000,A_w100_T10000_std_lr0.01_s8_none,1.21071
826000,A_w100_T10000_std_lr0.01_s9_none,0.108429
827000,A_w100_T10000_std_lr0.01_s0_none,0.128591
827000,A_w100_T10000_std_lr0.01_s1_none,1.39735
827000,A_w100_T10000_std_lr0.01_s2_none,0.127739
827000,A_w100_T10000_std_lr0.01_s3_none,0.744595
827000,A_w100_T10000_std_lr0.01_s4_none,0.598911
827000,A_w100_T10000_std_lr0.01_s5_none,0.0518063
827000,A_w100_T10000_std_lr0.01_s6_none,0.159253
827000,A_w100_T10000_std_lr0.01_s7_none,0.57689
827000,A_w100_T10000_std_lr0.01_s8_none,1.25517
827000,A_w100_T10000_std_lr0.01_s9_none,0.125259
828000,A_w100_T10000_std_lr0.01_s0_none,0.0849129
828000,A_w100_T10000_std_lr0.01_s1_none,1.36571
828000,A_w100_T10000_std_lr0.01_s2_none,0.105658
828000,A_w100_T10000_std_lr0.01_s3_none,0.724945
828000,A_w100_T10000_std_lr0.01_s4_none,0.541468
828000,A_w100_T10000_std_lr0.01_s5_none,0.0527911
828000,A_w100_T10000_std_lr0.01_s6_none,0.149697
828000,A_w100_T10000_std_lr0.01_s7_none,0.58244
828000,A_w100_T10000_std_lr0.01_s8_none,1.24394
828000,A_w100_T10000_std_lr0.01_s9_none,0.115232
829000,A_w100_T10000_std_lr0.01_s0_none,0.0995715
829000,A_w100_T10000_std_lr0.01_s1_none,1.48374
829000,A_w100_T10000_std_lr0.01_s2_none,0.114588
829000,A_w100_T10000_std_lr0.01_s3_none,0.821176
829000,A_w100_T10000_std_lr0.01_s4_none,0.490446
829000,A_w100_T10000_std_lr0.01_s5_none,0.0492906
829000,A_w100_T10000_std_lr0.01_s6_none,0.139293
829000,A_w100_T10000_std_lr0.01_s7_none,0.521991
829000,A_w100_T10000_std_lr0.01_s8_none,1.26822
829000,A_w100_T10000_std_lr0.01_s9_none,0.123165
830000,A_w100_T10000_std_lr0.01_s0_none,0.097511
830000,A_w100_T10000_std_lr0.01_s1_none,1.40607
830000,A_w100_T10000_std_lr0.01_s2_none,0.127139
830000,A_w100_T10000_std_lr0.01_s3_none,0.729204
830000,A_w100_T10000_std_lr0.01_s4_none,0.507315
830000,A_w100_T10000_std_lr0.01_s5_none,0.0463333
830000,A_w100_T10000_std_lr0.01_s6_none,0.151465
830000,A_w100_T10000_std_lr0.01_s7_none,0.547885
830000,A_w100_T10000_std_lr0.01_s8_none,1.23196
830000,A_w100_T10000_std_lr0.01_s9_none,0.108838
831000,A_w100_T10000_std_lr0.01_s0_none,0.234393
831000,A_w100_T10000_std_lr0.01_s1_none,2.13588
831000,A_w100_T10000_std_lr0.01_s2_none,0.400741
831000,A_w100_T10000_std_lr0.01_s3_none,1.484
831000,A_w100_T10000_std_lr0.01_s4_none,0.585687
831000,A_w100_T10000_std_lr0.01_s5_none,0.54259
831000,A_w100_T10000_std_lr0.01_s6_none,0.591363
831000,A_w100_T10000_std_lr0.01_s7_none,0.536431
831000,A_w100_T10000_std_lr0.01_s8_none,1.98365
831000,A_w100_T10000_std_lr0.01_s9_none,0.548975
832000,A_w100_T10000_std_lr0.01_s0_none,0.178045
832000,A_w100_T10000_std_lr0.01_s1_none,1.59605
832000,A_w100_T10000_std_lr0.01_s2_none,0.307444
832000,A_w100_T10000_std_lr0.01_s3_none,1.31056
832000,A_w100_T10000_std_lr0.01_s4_none,0.504275
832000,A_w100_T10000_std_lr0.01_s5_none,0.368908
832000,A_w100_T10000_std_lr0.01_s6_none,0.371798
832000,A_w100_T10000_std_lr0.01_s7_none,0.394133
832000,A_w100_T10000_std_lr0.01_s8_none,2.15584
832000,A_w100_T10000_std_lr0.01_s9_none,0.315624
833000,A_w100_T10000_std_lr0.01_s0_none,0.158494
833000,A_w100_T10000_std_lr0.01_s1_none,1.46725
833000,A_w100_T10000_std_lr0.01_s2_none,0.231559
833000,A_w100_T10000_std_lr0.01_s3_none,1.37959
833000,A_w100_T10000_std_lr0.01_s4_none,0.504988
833000,A_w100_T10000_std_lr0.01_s5_none,0.317894
833000,A_w100_T10000_std_lr0.01_s6_none,0.296639
833000,A_w100_T10000_std_lr0.01_s7_none,0.450451
833000,A_w100_T10000_std_lr0.01_s8_none,2.06574
833000,A_w100_T10000_std_lr0.01_s9_none,0.252235
834000,A_w100_T10000_std_lr0.01_s0_none,0.159975
834000,A_w100_T10000_std_lr0.01_s1_none,1.33277
834000,A_w100_T10000_std_lr0.01_s2_none,0.241931
834000,A_w100_T10000_std_lr0.01_s3_none,1.35085
834000,A_w100_T10000_std_lr0.01_s4_none,0.497166
834000,A_w100_T10000_std_lr0.01_s5_none,0.291442
834000,A_w100_T10000_std_lr0.01_s6_none,0.254891
834000,A_w100_T10000_std_lr0.01_s7_none,0.347808
834000,A_w100_T10000_std_lr0.01_s8_none,2.14428
834000,A_w100_T10000_std_lr0.01_s9_none,0.227946
835000,A_w100_T10000_std_lr0.01_s0_none,0.155711
835000,A_w100_T10000_std_lr0.01_s1_none,1.38664
835000,A_w100_T10000_std_lr0.01_s2_none,0.20738
835000,A_w100_T10000_std_lr0.01_s3_none,1.33719
835000,A_w100_T10000_std_lr0.01_s4_none,0.519371
835000,A_w100_T10000_std_lr0.01_s5_none,0.230268
835000,A_w100_T10000_std_lr0.01_s6_none,0.258534
835000,A_w100_T10000_std_lr0.01_s7_none,0.398526
835000,A_w100_T10000_std_lr0.01_s8_none,1.9477
835000,A_w100_T10000_std_lr0.01_s9_none,0.218047
836000,A_w100_T10000_std_lr0.01_s0_none,0.159112
836000,A_w100_T10000_std_lr0.01_s1_none,1.37823
836000,A_w100_T10000_std_lr0.01_s2_none,0.240826
836000,A_w100_T10000_std_lr0.01_s3_none,1.35745
836000,A_w100_T10000_std_lr0.01_s4_none,0.469091
836000,A_w100_T10000_std_lr0.01_s5_none,0.165774
836000,A_w100_T10000_std_lr0.01_s6_none,0.243318
836000,A_w100_T10000_std_lr0.01_s7_none,0.362904
836000,A_w100_T10000_std_lr0.01_s8_none,1.97415
836000,A_w100_T10000_std_lr0.01_s9_none,0.185173
837000,A_w100_T10000_std_lr0.01_s0_none,0.138873
837000,A_w100_T10000_std_lr0.01_s1_none,1.35125
837000,A_w100_T10000_std_lr0.01_s2_none,0.221556
837000,A_w100_T10000_std_lr0.01_s3_none,1.28027
837000,A_w100_T10000_std_lr0.01_s4_none,0.4864
837000,A_w100_T10000_std_lr0.01_s5_none,0.122989
837000,A_w100_T10000_std_lr0.01_s6_none,0.289072
837000,A_w100_T10000_std_lr0.01_s7_none,0.363614
837000,A_w100_T10000_std_lr0.01_s8_none,2.16715
837000,A_w100_T10000_std_lr0.01_s9_none,0.205277
838000,A_w100_T10000_std_lr0.01_s0_none,0.148809
838000,A_w100_T10000_std_lr0.01_s1_none,1.34158
838000,A_w100_T10000_std_lr0.01_s2_none,0.186193
838000,A_w100_T10000_std_lr0.01_s3_none,1.37583
838000,A_w100_T10000_std_lr0.01_s4_none,0.469719
838000,A_w100_T10000_std_lr0.01_s5_none,0.0885301
838000,A_w100_T10000_std_lr0.01_s6_none,0.298116
838000,A_w100_T10000_std_lr0.01_s7_none,0.374537
838000,A_w100_T10000_std_lr0.01_s8_none,2.09082
838000,A_w100_T10000_std_lr0.01_s9_none,0.189022
839000,A_w100_T10000_std_lr0.01_s0_none,0.137775
839000,A_w100_T10000_std_lr0.01_s1_none,1.25796
839000,A_w100_T10000_std_lr0.01_s2_none,0.197751
839000,A_w100_T10000_std_lr0.01_s3_none,1.30277
839000,A_w100_T10000_std_lr0.01_s4_none,0.46171
839000,A_w100_T10000_std_lr0.01_s5_none,0.0885683
839000,A_w100_T10000_std_lr0.01_s6_none,0.269258
839000,A_w100_T10000_std_lr0.01_s7_none,0.417085
839000,A_w100_T10000_std_lr0.01_s8_none,2.06901
839000,A_w100_T10000_std_lr0.01_s9_none,0.180022
840000,A_w100_T10000_std_lr0.01_s0_none,0.145931
840000,A_w100_T10000_std_lr0.01_s1_none,1.19771
840000,A_w100_T10000_std_lr0.01_s2_none,0.227595
840000,A_w100_T10000_std_lr0.01_s3_none,1.28399
840000,A_w100_T10000_std_lr0.01_s4_none,0.486444
840000,A_w100_T10000_std_lr0.01_s5_none,0.0845828
840000,A_w100_T10000_std_lr0.01_s6_none,0.278975
840000,A_w100_T10000_std_lr0.01_s7_none,0.396129
840000,A_w100_T10000_std_lr0.01_s8_none,1.99601
840000,A_w100_T10000_std_lr0.01_s9_none,0.18014
841000,A_w100_T10000_std_lr0.01_s0_none,0.375274
841000,A_w100_T10000_std_lr0.01_s1_none,0.827842
841000,A_w100_T10000_std_lr0.01_s2_none,0.507158
841000,A_w100_T10000_std_lr0.01_s3_none,1.626
841000,A_w100_T10000_std_lr0.01_s4_none,0.576877
841000,A_w100_T10000_std_lr0.01_s5_none,0.855465
841000,A_w100_T10000_std_lr0.01_s6_none,0.830252
841000,A_w100_T10000_std_lr0.01_s7_none,0.374721
841000,A_w100_T10000_std_lr0.01_s8_none,1.65675
841000,A_w100_T10000_std_lr0.01_s9_none,0.559296
842000,A_w100_T10000_std_lr0.01_s0_none,0.304844
842000,A_w100_T10000_std_lr0.01_s1_none,0.59267
842000,A_w100_T10000_std_lr0.01_s2_none,0.35531
842000,A_w100_T10000_std_lr0.01_s3_none,1.37176
842000,A_w100_T10000_std_lr0.01_s4_none,0.474466
842000,A_w100_T10000_std_lr0.01_s5_none,0.350049
842000,A_w100_T10000_std_lr0.01_s6_none,0.392197
842000,A_w100_T10000_std_lr0.01_s7_none,0.373249
842000,A_w100_T10000_std_lr0.01_s8_none,1.62704
842000,A_w100_T10000_std_lr0.01_s9_none,0.310301
843000,A_w100_T10000_std_lr0.01_s0_none,0.335203
843000,A_w100_T10000_std_lr0.01_s1_none,0.517848
843000,A_w100_T10000_std_lr0.01_s2_none,0.336389
843000,A_w100_T10000_std_lr0.01_s3_none,1.161
843000,A_w100_T10000_std_lr0.01_s4_none,0.477011
843000,A_w100_T10000_std_lr0.01_s5_none,0.293766
843000,A_w100_T10000_std_lr0.01_s6_none,0.261663
843000,A_w100_T10000_std_lr0.01_s7_none,0.357556
843000,A_w100_T10000_std_lr0.01_s8_none,1.7491
843000,A_w100_T10000_std_lr0.01_s9_none,0.259519
844000,A_w100_T10000_std_lr0.01_s0_none,0.326717
844000,A_w100_T10000_std_lr0.01_s1_none,0.504899
844000,A_w100_T10000_std_lr0.01_s2_none,0.307168
844000,A_w100_T10000_std_lr0.01_s3_none,1.0029
844000,A_w100_T10000_std_lr0.01_s4_none,0.47927
844000,A_w100_T10000_std_lr0.01_s5_none,0.246253
844000,A_w100_T10000_std_lr0.01_s6_none,0.190764
844000,A_w100_T10000_std_lr0.01_s7_none,0.344184
844000,A_w100_T10000_std_lr0.01_s8_none,1.67862
844000,A_w100_T10000_std_lr0.01_s9_none,0.226154
845000,A_w100_T10000_std_lr0.01_s0_none,0.338743
845000,A_w100_T10000_std_lr0.01_s1_none,0.453876
845000,A_w100_T10000_std_lr0.01_s2_none,0.307033
845000,A_w100_T10000_std_lr0.01_s3_none,0.939861
845000,A_w100_T10000_std_lr0.01_s4_none,0.413618
845000,A_w100_T10000_std_lr0.01_s5_none,0.264586
845000,A_w100_T10000_std_lr0.01_s6_none,0.172383
845000,A_w100_T10000_std_lr0.01_s7_none,0.34904
845000,A_w100_T10000_std_lr0.01_s8_none,1.70906
845000,A_w100_T10000_std_lr0.01_s9_none,0.210274
846000,A_w100_T10000_std_lr0.01_s0_none,0.319278
846000,A_w100_T10000_std_lr0.01_s1_none,0.502954
846000,A_w100_T10000_std_lr0.01_s2_none,0.342441
846000,A_w100_T10000_std_lr0.01_s3_none,1.01287
846000,A_w100_T10000_std_lr0.01_s4_none,0.466326
846000,A_w100_T10000_std_lr0.01_s5_none,0.247849
846000,A_w100_T10000_std_lr0.01_s6_none,0.16536
846000,A_w100_T10000_std_lr0.01_s7_none,0.326624
846000,A_w100_T10000_std_lr0.01_s8_none,1.67482
846000,A_w100_T10000_std_lr0.01_s9_none,0.198744
847000,A_w100_T10000_std_lr0.01_s0_none,0.324426
847000,A_w100_T10000_std_lr0.01_s1_none,0.531232
847000,A_w100_T10000_std_lr0.01_s2_none,0.306174
847000,A_w100_T10000_std_lr0.01_s3_none,0.947189
847000,A_w100_T10000_std_lr0.01_s4_none,0.410516
847000,A_w100_T10000_std_lr0.01_s5_none,0.24977
847000,A_w100_T10000_std_lr0.01_s6_none,0.151014
847000,A_w100_T10000_std_lr0.01_s7_none,0.348501
847000,A_w100_T10000_std_lr0.01_s8_none,1.68117
847000,A_w100_T10000_std_lr0.01_s9_none,0.186707
848000,A_w100_T10000_std_lr0.01_s0_none,0.307589
848000,A_w100_T10000_std_lr0.01_s1_none,0.478461
848000,A_w100_T10000_std_lr0.01_s2_none,0.336924
848000,A_w100_T10000_std_lr0.01_s3_none,1.00499
848000,A_w100_T10000_std_lr0.01_s4_none,0.392082
848000,A_w100_T10000_std_lr0.01_s5_none,0.241029
848000,A_w100_T10000_std_lr0.01_s6_none,0.142577
848000,A_w100_T10000_std_lr0.01_s7_none,0.351859
848000,A_w100_T10000_std_lr0.01_s8_none,1.61011
848000,A_w100_T10000_std_lr0.01_s9_none,0.17545
849000,A_w100_T10000_std_lr0.01_s0_none,0.323217
849000,A_w100_T10000_std_lr0.01_s1_none,0.48491
849000,A_w100_T10000_std_lr0.01_s2_none,0.349995
849000,A_w100_T10000_std_lr0.01_s3_none,0.994288
849000,A_w100_T10000_std_lr0.01_s4_none,0.38874
849000,A_w100_T10000_std_lr0.01_s5_none,0.214427
849000,A_w100_T10000_std_lr0.01_s6_none,0.158583
849000,A_w100_T10000_std_lr0.01_s7_none,0.31528
849000,A_w100_T10000_std_lr0.01_s8_none,1.55058
849000,A_w100_T10000_std_lr0.01_s9_none,0.162507
850000,A_w100_T10000_std_lr0.01_s0_none,0.319285
850000,A_w100_T10000_std_lr0.01_s1_none,0.500802
850000,A_w100_T10000_std_lr0.01_s2_none,0.314736
850000,A_w100_T10000_std_lr0.01_s3_none,0.985571
850000,A_w100_T10000_std_lr0.01_s4_none,0.427363
850000,A_w100_T10000_std_lr0.01_s5_none,0.179343
850000,A_w100_T10000_std_lr0.01_s6_none,0.152262
850000,A_w100_T10000_std_lr0.01_s7_none,0.327091
850000,A_w100_T10000_std_lr0.01_s8_none,1.70508
850000,A_w100_T10000_std_lr0.01_s9_none,0.144135
851000,A_w100_T10000_std_lr0.01_s0_none,0.225872
851000,A_w100_T10000_std_lr0.01_s1_none,0.943075
851000,A_w100_T10000_std_lr0.01_s2_none,0.328908
851000,A_w100_T10000_std_lr0.01_s3_none,0.996722
851000,A_w100_T10000_std_lr0.01_s4_none,0.971783
851000,A_w100_T10000_std_lr0.01_s5_none,0.382964
851000,A_w100_T10000_std_lr0.01_s6_none,0.515
851000,A_w100_T10000_std_lr0.01_s7_none,0.526448
851000,A_w100_T10000_std_lr0.01_s8_none,0.944201
851000,A_w100_T10000_std_lr0.01_s9_none,0.772404
852000,A_w100_T10000_std_lr0.01_s0_none,0.19724
852000,A_w100_T10000_std_lr0.01_s1_none,0.526334
852000,A_w100_T10000_std_lr0.01_s2_none,0.204215
852000,A_w100_T10000_std_lr0.01_s3_none,1.04882
852000,A_w100_T10000_std_lr0.01_s4_none,0.7621
852000,A_w100_T10000_std_lr0.01_s5_none,0.162945
852000,A_w100_T10000_std_lr0.01_s6_none,0.375491
852000,A_w100_T10000_std_lr0.01_s7_none,0.308918
852000,A_w100_T10000_std_lr0.01_s8_none,0.919083
852000,A_w100_T10000_std_lr0.01_s9_none,0.329113
853000,A_w100_T10000_std_lr0.01_s0_none,0.164357
853000,A_w100_T10000_std_lr0.01_s1_none,0.490624
853000,A_w100_T10000_std_lr0.01_s2_none,0.182909
853000,A_w100_T10000_std_lr0.01_s3_none,1.02925
853000,A_w100_T10000_std_lr0.01_s4_none,0.595798
853000,A_w100_T10000_std_lr0.01_s5_none,0.123442
853000,A_w100_T10000_std_lr0.01_s6_none,0.335138
853000,A_w100_T10000_std_lr0.01_s7_none,0.258318
853000,A_w100_T10000_std_lr0.01_s8_none,0.960067
853000,A_w100_T10000_std_lr0.01_s9_none,0.259592
854000,A_w100_T10000_std_lr0.01_s0_none,0.160618
854000,A_w100_T10000_std_lr0.01_s1_none,0.445294
854000,A_w100_T10000_std_lr0.01_s2_none,0.1453
854000,A_w100_T10000_std_lr0.01_s3_none,0.961302
854000,A_w100_T10000_std_lr0.01_s4_none,0.42644
854000,A_w100_T10000_std_lr0.01_s5_none,0.115555
854000,A_w100_T10000_std_lr0.01_s6_none,0.334126
854000,A_w100_T10000_std_lr0.01_s7_none,0.248
854000,A_w100_T10000_std_lr0.01_s8_none,0.947627
854000,A_w100_T10000_std_lr0.01_s9_none,0.155182
855000,A_w100_T10000_std_lr0.01_s0_none,0.175135
855000,A_w100_T10000_std_lr0.01_s1_none,0.49168
855000,A_w100_T10000_std_lr0.01_s2_none,0.145635
855000,A_w100_T10000_std_lr0.01_s3_none,0.903227
855000,A_w100_T10000_std_lr0.01_s4_none,0.423623
855000,A_w100_T10000_std_lr0.01_s5_none,0.0888235
855000,A_w100_T10000_std_lr0.01_s6_none,0.322295
855000,A_w100_T10000_std_lr0.01_s7_none,0.223232
855000,A_w100_T10000_std_lr0.01_s8_none,0.95627
855000,A_w100_T10000_std_lr0.01_s9_none,0.134538
856000,A_w100_T10000_std_lr0.01_s0_none,0.162476
856000,A_w100_T10000_std_lr0.01_s1_none,0.455941
856000,A_w100_T10000_std_lr0.01_s2_none,0.136488
856000,A_w100_T10000_std_lr0.01_s3_none,0.898634
856000,A_w100_T10000_std_lr0.01_s4_none,0.392038
856000,A_w100_T10000_std_lr0.01_s5_none,0.0917514
856000,A_w100_T10000_std_lr0.01_s6_none,0.308559
856000,A_w100_T10000_std_lr0.01_s7_none,0.170696
856000,A_w100_T10000_std_lr0.01_s8_none,0.914037
856000,A_w100_T10000_std_lr0.01_s9_none,0.0599678
857000,A_w100_T10000_std_lr0.01_s0_none,0.169212
857000,A_w100_T10000_std_lr0.01_s1_none,0.475661
857000,A_w100_T10000_std_lr0.01_s2_none,0.126134
857000,A_w100_T10000_std_lr0.01_s3_none,0.927685
857000,A_w100_T10000_std_lr0.01_s4_none,0.360005
857000,A_w100_T10000_std_lr0.01_s5_none,0.0727735
857000,A_w100_T10000_std_lr0.01_s6_none,0.291578
857000,A_w100_T10000_std_lr0.01_s7_none,0.157257
857000,A_w100_T10000_std_lr0.01_s8_none,0.944772
857000,A_w100_T10000_std_lr0.01_s9_none,0.0524159
858000,A_w100_T10000_std_lr0.01_s0_none,0.181229
858000,A_w100_T10000_std_lr0.01_s1_none,0.48718
858000,A_w100_T10000_std_lr0.01_s2_none,0.121682
858000,A_w100_T10000_std_lr0.01_s3_none,0.823883
858000,A_w100_T10000_std_lr0.01_s4_none,0.426574
858000,A_w100_T10000_std_lr0.01_s5_none,0.0782401
858000,A_w100_T10000_std_lr0.01_s6_none,0.334738
858000,A_w100_T10000_std_lr0.01_s7_none,0.133965
858000,A_w100_T10000_std_lr0.01_s8_none,0.941342
858000,A_w100_T10000_std_lr0.01_s9_none,0.0354243
859000,A_w100_T10000_std_lr0.01_s0_none,0.188017
859000,A_w100_T10000_std_lr0.01_s1_none,0.49057
859000,A_w100_T10000_std_lr0.01_s2_none,0.118317
859000,A_w100_T10000_std_lr0.01_s3_none,0.916712
859000,A_w100_T10000_std_lr0.01_s4_none,0.396411
859000,A_w100_T10000_std_lr0.01_s5_none,0.0698528
859000,A_w100_T10000_std_lr0.01_s6_none,0.296445
859000,A_w100_T10000_std_lr0.01_s7_none,0.129115
859000,A_w100_T10000_std_lr0.01_s8_none,0.943093
859000,A_w100_T10000_std_lr0.01_s9_none,0.0132995
860000,A_w100_T10000_std_lr0.01_s0_none,0.184637
860000,A_w100_T10000_std_lr0.01_s1_none,0.469338
860000,A_w100_T10000_std_lr0.01_s2_none,0.12853
860000,A_w100_T10000_std_lr0.01_s3_none,0.744275
860000,A_w100_T10000_std_lr0.01_s4_none,0.398195
860000,A_w100_T10000_std_lr0.01_s5_none,0.0683435
860000,A_w100_T10000_std_lr0.01_s6_none,0.307556
860000,A_w100_T10000_std_lr0.01_s7_none,0.111495
860000,A_w100_T10000_std_lr0.01_s8_none,0.950301
860000,A_w100_T10000_std_lr0.01_s9_none,0.043098
861000,A_w100_T10000_std_lr0.01_s0_none,0.431226
861000,A_w100_T10000_std_lr0.01_s1_none,0.522757
861000,A_w100_T10000_std_lr0.01_s2_none,0.661826
861000,A_w100_T10000_std_lr0.01_s3_none,1.88576
861000,A_w100_T10000_std_lr0.01_s4_none,2.25414
861000,A_w100_T10000_std_lr0.01_s5_none,0.396031
861000,A_w100_T10000_std_lr0.01_s6_none,0.837754
861000,A_w100_T10000_std_lr0.01_s7_none,0.443284
861000,A_w100_T10000_std_lr0.01_s8_none,2.21895
861000,A_w100_T10000_std_lr0.01_s9_none,0.976572
862000,A_w100_T10000_std_lr0.01_s0_none,0.367115
862000,A_w100_T10000_std_lr0.01_s1_none,0.182851
862000,A_w100_T10000_std_lr0.01_s2_none,0.609343
862000,A_w100_T10000_std_lr0.01_s3_none,1.72349
862000,A_w100_T10000_std_lr0.01_s4_none,2.11568
862000,A_w100_T10000_std_lr0.01_s5_none,0.14117
862000,A_w100_T10000_std_lr0.01_s6_none,0.521005
862000,A_w100_T10000_std_lr0.01_s7_none,0.274832
862000,A_w100_T10000_std_lr0.01_s8_none,2.06597
862000,A_w100_T10000_std_lr0.01_s9_none,0.400051
863000,A_w100_T10000_std_lr0.01_s0_none,0.374454
863000,A_w100_T10000_std_lr0.01_s1_none,0.135783
863000,A_w100_T10000_std_lr0.01_s2_none,0.547284
863000,A_w100_T10000_std_lr0.01_s3_none,1.75244
863000,A_w100_T10000_std_lr0.01_s4_none,1.94188
863000,A_w100_T10000_std_lr0.01_s5_none,0.113112
863000,A_w100_T10000_std_lr0.01_s6_none,0.479081
863000,A_w100_T10000_std_lr0.01_s7_none,0.271425
863000,A_w100_T10000_std_lr0.01_s8_none,2.24329
863000,A_w100_T10000_std_lr0.01_s9_none,0.245734
864000,A_w100_T10000_std_lr0.01_s0_none,0.347429
864000,A_w100_T10000_std_lr0.01_s1_none,0.109927
864000,A_w100_T10000_std_lr0.01_s2_none,0.509455
864000,A_w100_T10000_std_lr0.01_s3_none,1.56167
864000,A_w100_T10000_std_lr0.01_s4_none,1.89095
864000,A_w100_T10000_std_lr0.01_s5_none,0.107002
864000,A_w100_T10000_std_lr0.01_s6_none,0.419836
864000,A_w100_T10000_std_lr0.01_s7_none,0.272999
864000,A_w100_T10000_std_lr0.01_s8_none,2.10356
864000,A_w100_T10000_std_lr0.01_s9_none,0.185884
865000,A_w100_T10000_std_lr0.01_s0_none,0.356275
865000,A_w100_T10000_std_lr0.01_s1_none,0.0902465
865000,A_w100_T10000_std_lr0.01_s2_none,0.483933
865000,A_w100_T10000_std_lr0.01_s3_none,1.69543
865000,A_w100_T10000_std_lr0.01_s4_none,1.90088
865000,A_w100_T10000_std_lr0.01_s5_none,0.116654
865000,A_w100_T10000_std_lr0.01_s6_none,0.385004
865000,A_w100_T10000_std_lr0.01_s7_none,0.273647
865000,A_w100_T10000_std_lr0.01_s8_none,2.08537
865000,A_w100_T10000_std_lr0.01_s9_none,0.135988
866000,A_w100_T10000_std_lr0.01_s0_none,0.379836
866000,A_w100_T10000_std_lr0.01_s1_none,0.0742333
866000,A_w100_T10000_std_lr0.01_s2_none,0.545497
866000,A_w100_T10000_std_lr0.01_s3_none,1.62917
866000,A_w100_T10000_std_lr0.01_s4_none,1.97726
866000,A_w100_T10000_std_lr0.01_s5_none,0.109889
866000,A_w100_T10000_std_lr0.01_s6_none,0.403651
866000,A_w100_T10000_std_lr0.01_s7_none,0.284524
866000,A_w100_T10000_std_lr0.01_s8_none,2.14027
866000,A_w100_T10000_std_lr0.01_s9_none,0.107355
867000,A_w100_T10000_std_lr0.01_s0_none,0.320373
867000,A_w100_T10000_std_lr0.01_s1_none,0.0690456
867000,A_w100_T10000_std_lr0.01_s2_none,0.612235
867000,A_w100_T10000_std_lr0.01_s3_none,1.56277
867000,A_w100_T10000_std_lr0.01_s4_none,1.89037
867000,A_w100_T10000_std_lr0.01_s5_none,0.116524
867000,A_w100_T10000_std_lr0.01_s6_none,0.387261
867000,A_w100_T10000_std_lr0.01_s7_none,0.265502
867000,A_w100_T10000_std_lr0.01_s8_none,1.9859
867000,A_w100_T10000_std_lr0.01_s9_none,0.106371
868000,A_w100_T10000_std_lr0.01_s0_none,0.318457
868000,A_w100_T10000_std_lr0.01_s1_none,0.0677878
868000,A_w100_T10000_std_lr0.01_s2_none,0.537672
868000,A_w100_T10000_std_lr0.01_s3_none,1.67225
868000,A_w100_T10000_std_lr0.01_s4_none,1.90534
868000,A_w100_T10000_std_lr0.01_s5_none,0.0916046
868000,A_w100_T10000_std_lr0.01_s6_none,0.367755
868000,A_w100_T10000_std_lr0.01_s7_none,0.268737
868000,A_w100_T10000_std_lr0.01_s8_none,2.13994
868000,A_w100_T10000_std_lr0.01_s9_none,0.0999437
869000,A_w100_T10000_std_lr0.01_s0_none,0.356679
869000,A_w100_T10000_std_lr0.01_s1_none,0.0613823
869000,A_w100_T10000_std_lr0.01_s2_none,0.485162
869000,A_w100_T10000_std_lr0.01_s3_none,1.52275
869000,A_w100_T10000_std_lr0.01_s4_none,1.8866
869000,A_w100_T10000_std_lr0.01_s5_none,0.109654
869000,A_w100_T10000_std_lr0.01_s6_none,0.402699
869000,A_w100_T10000_std_lr0.01_s7_none,0.269946
869000,A_w100_T10000_std_lr0.01_s8_none,2.1678
869000,A_w100_T10000_std_lr0.01_s9_none,0.0901724
870000,A_w100_T10000_std_lr0.01_s0_none,0.357848
870000,A_w100_T10000_std_lr0.01_s1_none,0.0569364
870000,A_w100_T10000_std_lr0.01_s2_none,0.464953
870000,A_w100_T10000_std_lr0.01_s3_none,1.55496
870000,A_w100_T10000_std_lr0.01_s4_none,1.79924
870000,A_w100_T10000_std_lr0.01_s5_none,0.106149
870000,A_w100_T10000_std_lr0.01_s6_none,0.365934
870000,A_w100_T10000_std_lr0.01_s7_none,0.275885
870000,A_w100_T10000_std_lr0.01_s8_none,2.12969
870000,A_w100_T10000_std_lr0.01_s9_none,0.0784556
871000,A_w100_T10000_std_lr0.01_s0_none,1.07708
871000,A_w100_T10000_std_lr0.01_s1_none,0.366593
871000,A_w100_T10000_std_lr0.01_s2_none,0.551004
871000,A_w100_T10000_std_lr0.01_s3_none,1.87999
871000,A_w100_T10000_std_lr0.01_s4_none,1.85916
871000,A_w100_T10000_std_lr0.01_s5_none,0.224296
871000,A_w100_T10000_std_lr0.01_s6_none,1.04484
871000,A_w100_T10000_std_lr0.01_s7_none,0.658193
871000,A_w100_T10000_std_lr0.01_s8_none,1.97099
871000,A_w100_T10000_std_lr0.01_s9_none,0.60963
872000,A_w100_T10000_std_lr0.01_s0_none,0.974943
872000,A_w100_T10000_std_lr0.01_s1_none,0.0813257
872000,A_w100_T10000_std_lr0.01_s2_none,0.432026
872000,A_w100_T10000_std_lr0.01_s3_none,1.93271
872000,A_w100_T10000_std_lr0.01_s4_none,1.44843
872000,A_w100_T10000_std_lr0.01_s5_none,0.0636011
872000,A_w100_T10000_std_lr0.01_s6_none,0.869558
872000,A_w100_T10000_std_lr0.01_s7_none,0.596154
872000,A_w100_T10000_std_lr0.01_s8_none,1.67161
872000,A_w100_T10000_std_lr0.01_s9_none,0.139005
873000,A_w100_T10000_std_lr0.01_s0_none,0.943881
873000,A_w100_T10000_std_lr0.01_s1_none,0.0583954
873000,A_w100_T10000_std_lr0.01_s2_none,0.370562
873000,A_w100_T10000_std_lr0.01_s3_none,1.82244
873000,A_w100_T10000_std_lr0.01_s4_none,1.24235
873000,A_w100_T10000_std_lr0.01_s5_none,0.0337616
873000,A_w100_T10000_std_lr0.01_s6_none,0.786726
873000,A_w100_T10000_std_lr0.01_s7_none,0.491543
873000,A_w100_T10000_std_lr0.01_s8_none,1.7725
873000,A_w100_T10000_std_lr0.01_s9_none,0.120473
874000,A_w100_T10000_std_lr0.01_s0_none,0.929463
874000,A_w100_T10000_std_lr0.01_s1_none,0.0380566
874000,A_w100_T10000_std_lr0.01_s2_none,0.37225
874000,A_w100_T10000_std_lr0.01_s3_none,1.94469
874000,A_w100_T10000_std_lr0.01_s4_none,1.33119
874000,A_w100_T10000_std_lr0.01_s5_none,0.0281332
874000,A_w100_T10000_std_lr0.01_s6_none,0.814179
874000,A_w100_T10000_std_lr0.01_s7_none,0.437945
874000,A_w100_T10000_std_lr0.01_s8_none,1.84949
874000,A_w100_T10000_std_lr0.01_s9_none,0.125421
875000,A_w100_T10000_std_lr0.01_s0_none,0.66251
875000,A_w100_T10000_std_lr0.01_s1_none,0.0295851
875000,A_w100_T10000_std_lr0.01_s2_none,0.422665
875000,A_w100_T10000_std_lr0.01_s3_none,1.8378
875000,A_w100_T10000_std_lr0.01_s4_none,1.18019
875000,A_w100_T10000_std_lr0.01_s5_none,0.0151039
875000,A_w100_T10000_std_lr0.01_s6_none,0.75656
875000,A_w100_T10000_std_lr0.01_s7_none,0.399641
875000,A_w100_T10000_std_lr0.01_s8_none,1.72399
875000,A_w100_T10000_std_lr0.01_s9_none,0.100528
876000,A_w100_T10000_std_lr0.01_s0_none,0.630781
876000,A_w100_T10000_std_lr0.01_s1_none,0.0283856
876000,A_w100_T10000_std_lr0.01_s2_none,0.425459
876000,A_w100_T10000_std_lr0.01_s3_none,1.75196
876000,A_w100_T10000_std_lr0.01_s4_none,1.24047
876000,A_w100_T10000_std_lr0.01_s5_none,0.00680296
876000,A_w100_T10000_std_lr0.01_s6_none,0.78152
876000,A_w100_T10000_std_lr0.01_s7_none,0.387283
876000,A_w100_T10000_std_lr0.01_s8_none,1.71523
876000,A_w100_T10000_std_lr0.01_s9_none,0.0932765
877000,A_w100_T10000_std_lr0.01_s0_none,0.561345
877000,A_w100_T10000_std_lr0.01_s1_none,0.0310091
877000,A_w100_T10000_std_lr0.01_s2_none,0.422511
877000,A_w100_T10000_std_lr0.01_s3_none,1.88004
877000,A_w100_T10000_std_lr0.01_s4_none,1.229
877000,A_w100_T10000_std_lr0.01_s5_none,0.00433146
877000,A_w100_T10000_std_lr0.01_s6_none,0.791769
877000,A_w100_T10000_std_lr0.01_s7_none,0.365341
877000,A_w100_T10000_std_lr0.01_s8_none,1.78661
877000,A_w100_T10000_std_lr0.01_s9_none,0.111201
878000,A_w100_T10000_std_lr0.01_s0_none,0.577496
878000,A_w100_T10000_std_lr0.01_s1_none,0.0159316
878000,A_w100_T10000_std_lr0.01_s2_none,0.41639
878000,A_w100_T10000_std_lr0.01_s3_none,1.73616
878000,A_w100_T10000_std_lr0.01_s4_none,1.31725
878000,A_w100_T10000_std_lr0.01_s5_none,0.0025811
878000,A_w100_T10000_std_lr0.01_s6_none,0.769787
878000,A_w100_T10000_std_lr0.01_s7_none,0.386944
878000,A_w100_T10000_std_lr0.01_s8_none,1.64507
878000,A_w100_T10000_std_lr0.01_s9_none,0.0983303
879000,A_w100_T10000_std_lr0.01_s0_none,0.58033
879000,A_w100_T10000_std_lr0.01_s1_none,0.01383
879000,A_w100_T10000_std_lr0.01_s2_none,0.410248
879000,A_w100_T10000_std_lr0.01_s3_none,1.7939
879000,A_w100_T10000_std_lr0.01_s4_none,1.28238
879000,A_w100_T10000_std_lr0.01_s5_none,0.000863234
879000,A_w100_T10000_std_lr0.01_s6_none,0.760957
879000,A_w100_T10000_std_lr0.01_s7_none,0.344402
879000,A_w100_T10000_std_lr0.01_s8_none,1.77014
879000,A_w100_T10000_std_lr0.01_s9_none,0.0949937
880000,A_w100_T10000_std_lr0.01_s0_none,0.565401
880000,A_w100_T10000_std_lr0.01_s1_none,0.0127855
880000,A_w100_T10000_std_lr0.01_s2_none,0.410037
880000,A_w100_T10000_std_lr0.01_s3_none,1.65145
880000,A_w100_T10000_std_lr0.01_s4_none,1.25556
880000,A_w100_T10000_std_lr0.01_s5_none,0.000613337
880000,A_w100_T10000_std_lr0.01_s6_none,0.768473
880000,A_w100_T10000_std_lr0.01_s7_none,0.298734
880000,A_w100_T10000_std_lr0.01_s8_none,1.77598
880000,A_w100_T10000_std_lr0.01_s9_none,0.0821519
881000,A_w100_T10000_std_lr0.01_s0_none,1.01057
881000,A_w100_T10000_std_lr0.01_s1_none,0.471603
881000,A_w100_T10000_std_lr0.01_s2_none,0.552859
881000,A_w100_T10000_std_lr0.01_s3_none,1.30646
881000,A_w100_T10000_std_lr0.01_s4_none,1.39616
881000,A_w100_T10000_std_lr0.01_s5_none,0.357627
881000,A_w100_T10000_std_lr0.01_s6_none,0.782866
881000,A_w100_T10000_std_lr0.01_s7_none,0.414536
881000,A_w100_T10000_std_lr0.01_s8_none,1.26401
881000,A_w100_T10000_std_lr0.01_s9_none,0.611622
882000,A_w100_T10000_std_lr0.01_s0_none,0.800067
882000,A_w100_T10000_std_lr0.01_s1_none,0.163819
882000,A_w100_T10000_std_lr0.01_s2_none,0.46331
882000,A_w100_T10000_std_lr0.01_s3_none,1.383
882000,A_w100_T10000_std_lr0.01_s4_none,1.15153
882000,A_w100_T10000_std_lr0.01_s5_none,0.0533066
882000,A_w100_T10000_std_lr0.01_s6_none,0.590129
882000,A_w100_T10000_std_lr0.01_s7_none,0.324182
882000,A_w100_T10000_std_lr0.01_s8_none,1.2514
882000,A_w100_T10000_std_lr0.01_s9_none,0.107647
883000,A_w100_T10000_std_lr0.01_s0_none,0.735415
883000,A_w100_T10000_std_lr0.01_s1_none,0.106995
883000,A_w100_T10000_std_lr0.01_s2_none,0.406736
883000,A_w100_T10000_std_lr0.01_s3_none,1.24049
883000,A_w100_T10000_std_lr0.01_s4_none,1.06881
883000,A_w100_T10000_std_lr0.01_s5_none,0.0314832
883000,A_w100_T10000_std_lr0.01_s6_none,0.484206
883000,A_w100_T10000_std_lr0.01_s7_none,0.319435
883000,A_w100_T10000_std_lr0.01_s8_none,1.31412
883000,A_w100_T10000_std_lr0.01_s9_none,0.0542526
884000,A_w100_T10000_std_lr0.01_s0_none,0.694685
884000,A_w100_T10000_std_lr0.01_s1_none,0.0796649
884000,A_w100_T10000_std_lr0.01_s2_none,0.400512
884000,A_w100_T10000_std_lr0.01_s3_none,1.34391
884000,A_w100_T10000_std_lr0.01_s4_none,1.0059
884000,A_w100_T10000_std_lr0.01_s5_none,0.0194697
884000,A_w100_T10000_std_lr0.01_s6_none,0.47139
884000,A_w100_T10000_std_lr0.01_s7_none,0.301124
884000,A_w100_T10000_std_lr0.01_s8_none,1.21827
884000,A_w100_T10000_std_lr0.01_s9_none,0.0383105
885000,A_w100_T10000_std_lr0.01_s0_none,0.729226
885000,A_w100_T10000_std_lr0.01_s1_none,0.0689937
885000,A_w100_T10000_std_lr0.01_s2_none,0.393856
885000,A_w100_T10000_std_lr0.01_s3_none,1.40162
885000,A_w100_T10000_std_lr0.01_s4_none,0.943464
885000,A_w100_T10000_std_lr0.01_s5_none,0.0130088
885000,A_w100_T10000_std_lr0.01_s6_none,0.47573
885000,A_w100_T10000_std_lr0.01_s7_none,0.313339
885000,A_w100_T10000_std_lr0.01_s8_none,1.33063
885000,A_w100_T10000_std_lr0.01_s9_none,0.0226171
886000,A_w100_T10000_std_lr0.01_s0_none,0.648942
886000,A_w100_T10000_std_lr0.01_s1_none,0.0651442
886000,A_w100_T10000_std_lr0.01_s2_none,0.414912
886000,A_w100_T10000_std_lr0.01_s3_none,1.31001
886000,A_w100_T10000_std_lr0.01_s4_none,1.0604
886000,A_w100_T10000_std_lr0.01_s5_none,0.0094432
886000,A_w100_T10000_std_lr0.01_s6_none,0.470888
886000,A_w100_T10000_std_lr0.01_s7_none,0.292435
886000,A_w100_T10000_std_lr0.01_s8_none,1.17696
886000,A_w100_T10000_std_lr0.01_s9_none,0.0144926
887000,A_w100_T10000_std_lr0.01_s0_none,0.681962
887000,A_w100_T10000_std_lr0.01_s1_none,0.0431756
887000,A_w100_T10000_std_lr0.01_s2_none,0.441827
887000,A_w100_T10000_std_lr0.01_s3_none,1.38165
887000,A_w100_T10000_std_lr0.01_s4_none,1.02347
887000,A_w100_T10000_std_lr0.01_s5_none,0.00699517
887000,A_w100_T10000_std_lr0.01_s6_none,0.447157
887000,A_w100_T10000_std_lr0.01_s7_none,0.28376
887000,A_w100_T10000_std_lr0.01_s8_none,1.29855
887000,A_w100_T10000_std_lr0.01_s9_none,0.00653409
888000,A_w100_T10000_std_lr0.01_s0_none,0.61853
888000,A_w100_T10000_std_lr0.01_s1_none,0.052547
888000,A_w100_T10000_std_lr0.01_s2_none,0.397749
888000,A_w100_T10000_std_lr0.01_s3_none,1.23945
888000,A_w100_T10000_std_lr0.01_s4_none,1.04344
888000,A_w100_T10000_std_lr0.01_s5_none,0.00397002
888000,A_w100_T10000_std_lr0.01_s6_none,0.448806
888000,A_w100_T10000_std_lr0.01_s7_none,0.292707
888000,A_w100_T10000_std_lr0.01_s8_none,1.28499
888000,A_w100_T10000_std_lr0.01_s9_none,0.00406744
889000,A_w100_T10000_std_lr0.01_s0_none,0.652433
889000,A_w100_T10000_std_lr0.01_s1_none,0.0226262
889000,A_w100_T10000_std_lr0.01_s2_none,0.403115
889000,A_w100_T10000_std_lr0.01_s3_none,1.27459
889000,A_w100_T10000_std_lr0.01_s4_none,1.00083
889000,A_w100_T10000_std_lr0.01_s5_none,0.00313507
889000,A_w100_T10000_std_lr0.01_s6_none,0.452876
889000,A_w100_T10000_std_lr0.01_s7_none,0.274733
889000,A_w100_T10000_std_lr0.01_s8_none,1.23949
889000,A_w100_T10000_std_lr0.01_s9_none,0.00230283
890000,A_w100_T10000_std_lr0.01_s0_none,0.663659
890000,A_w100_T10000_std_lr0.01_s1_none,0.0128052
890000,A_w100_T10000_std_lr0.01_s2_none,0.4388
890000,A_w100_T10000_std_lr0.01_s3_none,1.30019
890000,A_w100_T10000_std_lr0.01_s4_none,1.042
890000,A_w100_T10000_std_lr0.01_s5_none,0.00234592
890000,A_w100_T10000_std_lr0.01_s6_none,0.450484
890000,A_w100_T10000_std_lr0.01_s7_none,0.286282
890000,A_w100_T10000_std_lr0.01_s8_none,1.32227
890000,A_w100_T10000_std_lr0.01_s9_none,0.000813338
891000,A_w100_T10000_std_lr0.01_s0_none,1.48936
891000,A_w100_T10000_std_lr0.01_s1_none,0.950407
891000,A_w100_T10000_std_lr0.01_s2_none,0.592538
891000,A_w100_T10000_std_lr0.01_s3_none,1.53673
891000,A_w100_T10000_std_lr0.01_s4_none,0.694914
891000,A_w100_T10000_std_lr0.01_s5_none,0.174372
891000,A_w100_T10000_std_lr0.01_s6_none,1.07595
891000,A_w100_T10000_std_lr0.01_s7_none,0.830653
891000,A_w100_T10000_std_lr0.01_s8_none,1.39189
891000,A_w100_T10000_std_lr0.01_s9_none,0.721801
892000,A_w100_T10000_std_lr0.01_s0_none,1.02222
892000,A_w100_T10000_std_lr0.01_s1_none,0.22706
892000,A_w100_T10000_std_lr0.01_s2_none,0.420734
892000,A_w100_T10000_std_lr0.01_s3_none,1.39667
892000,A_w100_T10000_std_lr0.01_s4_none,0.19759
892000,A_w100_T10000_std_lr0.01_s5_none,0.0341355
892000,A_w100_T10000_std_lr0.01_s6_none,0.7904
892000,A_w100_T10000_std_lr0.01_s7_none,0.653749
892000,A_w100_T10000_std_lr0.01_s8_none,1.45339
892000,A_w100_T10000_std_lr0.01_s9_none,0.249214
893000,A_w100_T10000_std_lr0.01_s0_none,1.02088
893000,A_w100_T10000_std_lr0.01_s1_none,0.147756
893000,A_w100_T10000_std_lr0.01_s2_none,0.422714
893000,A_w100_T10000_std_lr0.01_s3_none,1.42764
893000,A_w100_T10000_std_lr0.01_s4_none,0.138833
893000,A_w100_T10000_std_lr0.01_s5_none,0.0133243
893000,A_w100_T10000_std_lr0.01_s6_none,0.796559
893000,A_w100_T10000_std_lr0.01_s7_none,0.611549
893000,A_w100_T10000_std_lr0.01_s8_none,1.51105
893000,A_w100_T10000_std_lr0.01_s9_none,0.194457
894000,A_w100_T10000_std_lr0.01_s0_none,0.999374
894000,A_w100_T10000_std_lr0.01_s1_none,0.0859004
894000,A_w100_T10000_std_lr0.01_s2_none,0.396695
894000,A_w100_T10000_std_lr0.01_s3_none,1.3367
894000,A_w100_T10000_std_lr0.01_s4_none,0.127665
894000,A_w100_T10000_std_lr0.01_s5_none,0.00463988
894000,A_w100_T10000_std_lr0.01_s6_none,0.778777
894000,A_w100_T10000_std_lr0.01_s7_none,0.646953
894000,A_w100_T10000_std_lr0.01_s8_none,1.57539
894000,A_w100_T10000_std_lr0.01_s9_none,0.113463
895000,A_w100_T10000_std_lr0.01_s0_none,0.982324
895000,A_w100_T10000_std_lr0.01_s1_none,0.0723084
895000,A_w100_T10000_std_lr0.01_s2_none,0.402793
895000,A_w100_T10000_std_lr0.01_s3_none,1.45273
895000,A_w100_T10000_std_lr0.01_s4_none,0.117201
895000,A_w100_T10000_std_lr0.01_s5_none,0.0029163
895000,A_w100_T10000_std_lr0.01_s6_none,0.730387
895000,A_w100_T10000_std_lr0.01_s7_none,0.626352
895000,A_w100_T10000_std_lr0.01_s8_none,1.46479
895000,A_w100_T10000_std_lr0.01_s9_none,0.0983518
896000,A_w100_T10000_std_lr0.01_s0_none,0.960866
896000,A_w100_T10000_std_lr0.01_s1_none,0.0553673
896000,A_w100_T10000_std_lr0.01_s2_none,0.419063
896000,A_w100_T10000_std_lr0.01_s3_none,1.43751
896000,A_w100_T10000_std_lr0.01_s4_none,0.104431
896000,A_w100_T10000_std_lr0.01_s5_none,0.00126757
896000,A_w100_T10000_std_lr0.01_s6_none,0.721251
896000,A_w100_T10000_std_lr0.01_s7_none,0.615162
896000,A_w100_T10000_std_lr0.01_s8_none,1.50466
896000,A_w100_T10000_std_lr0.01_s9_none,0.0678667
897000,A_w100_T10000_std_lr0.01_s0_none,0.908764
897000,A_w100_T10000_std_lr0.01_s1_none,0.0514984
897000,A_w100_T10000_std_lr0.01_s2_none,0.374466
897000,A_w100_T10000_std_lr0.01_s3_none,1.36262
897000,A_w100_T10000_std_lr0.01_s4_none,0.094055
897000,A_w100_T10000_std_lr0.01_s5_none,0.000914984
897000,A_w100_T10000_std_lr0.01_s6_none,0.675707
897000,A_w100_T10000_std_lr0.01_s7_none,0.566784
897000,A_w100_T10000_std_lr0.01_s8_none,1.55832
897000,A_w100_T10000_std_lr0.01_s9_none,0.0489702
898000,A_w100_T10000_std_lr0.01_s0_none,0.935951
898000,A_w100_T10000_std_lr0.01_s1_none,0.0448288
898000,A_w100_T10000_std_lr0.01_s2_none,0.433341
898000,A_w100_T10000_std_lr0.01_s3_none,1.45198
898000,A_w100_T10000_std_lr0.01_s4_none,0.0767629
898000,A_w100_T10000_std_lr0.01_s5_none,0.000496804
898000,A_w100_T10000_std_lr0.01_s6_none,0.603578
898000,A_w100_T10000_std_lr0.01_s7_none,0.574625
898000,A_w100_T10000_std_lr0.01_s8_none,1.42401
898000,A_w100_T10000_std_lr0.01_s9_none,0.0322684
899000,A_w100_T10000_std_lr0.01_s0_none,0.946983
899000,A_w100_T10000_std_lr0.01_s1_none,0.0440401
899000,A_w100_T10000_std_lr0.01_s2_none,0.400678
899000,A_w100_T10000_std_lr0.01_s3_none,1.49668
899000,A_w100_T10000_std_lr0.01_s4_none,0.0776013
899000,A_w100_T10000_std_lr0.01_s5_none,0.000266942
899000,A_w100_T10000_std_lr0.01_s6_none,0.626171
899000,A_w100_T10000_std_lr0.01_s7_none,0.549755
899000,A_w100_T10000_std_lr0.01_s8_none,1.30949
899000,A_w100_T10000_std_lr0.01_s9_none,0.0238914
900000,A_w100_T10000_std_lr0.01_s0_none,0.957887
900000,A_w100_T10000_std_lr0.01_s1_none,0.0434791
900000,A_w100_T10000_std_lr0.01_s2_none,0.387185
900000,A_w100_T10000_std_lr0.01_s3_none,1.48679
900000,A_w100_T10000_std_lr0.01_s4_none,0.0760953
900000,A_w100_T10000_std_lr0.01_s5_none,0.000150897
900000,A_w100_T10000_std_lr0.01_s6_none,0.602642
900000,A_w100_T10000_std_lr0.01_s7_none,0.625261
900000,A_w100_T10000_std_lr0.01_s8_none,1.44557
900000,A_w100_T10000_std_lr0.01_s9_none,0.0136186
901000,A_w100_T10000_std_lr0.01_s0_none,0.6317
901000,A_w100_T10000_std_lr0.01_s1_none,0.179428
901000,A_w100_T10000_std_lr0.01_s2_none,0.973497
901000,A_w100_T10000_std_lr0.01_s3_none,1.8634
901000,A_w100_T10000_std_lr0.01_s4_none,0.86596
901000,A_w100_T10000_std_lr0.01_s5_none,0.376652
901000,A_w100_T10000_std_lr0.01_s6_none,0.675123
901000,A_w100_T10000_std_lr0.01_s7_none,0.662018
901000,A_w100_T10000_std_lr0.01_s8_none,1.2918
901000,A_w100_T10000_std_lr0.01_s9_none,0.974584
902000,A_w100_T10000_std_lr0.01_s0_none,0.439512
902000,A_w100_T10000_std_lr0.01_s1_none,0.00720557
902000,A_w100_T10000_std_lr0.01_s2_none,0.805192
902000,A_w100_T10000_std_lr0.01_s3_none,1.79356
902000,A_w100_T10000_std_lr0.01_s4_none,0.384931
902000,A_w100_T10000_std_lr0.01_s5_none,0.18665
902000,A_w100_T10000_std_lr0.01_s6_none,0.361781
902000,A_w100_T10000_std_lr0.01_s7_none,0.484555
902000,A_w100_T10000_std_lr0.01_s8_none,1.39884
902000,A_w100_T10000_std_lr0.01_s9_none,0.459133
903000,A_w100_T10000_std_lr0.01_s0_none,0.405834
903000,A_w100_T10000_std_lr0.01_s1_none,0.00152556
903000,A_w100_T10000_std_lr0.01_s2_none,0.832138
903000,A_w100_T10000_std_lr0.01_s3_none,1.78855
903000,A_w100_T10000_std_lr0.01_s4_none,0.373732
903000,A_w100_T10000_std_lr0.01_s5_none,0.176887
903000,A_w100_T10000_std_lr0.01_s6_none,0.377191
903000,A_w100_T10000_std_lr0.01_s7_none,0.415601
903000,A_w100_T10000_std_lr0.01_s8_none,1.34147
903000,A_w100_T10000_std_lr0.01_s9_none,0.349251
904000,A_w100_T10000_std_lr0.01_s0_none,0.411085
904000,A_w100_T10000_std_lr0.01_s1_none,0.000327031
904000,A_w100_T10000_std_lr0.01_s2_none,0.822022
904000,A_w100_T10000_std_lr0.01_s3_none,1.83748
904000,A_w100_T10000_std_lr0.01_s4_none,0.326729
904000,A_w100_T10000_std_lr0.01_s5_none,0.172109
904000,A_w100_T10000_std_lr0.01_s6_none,0.329298
904000,A_w100_T10000_std_lr0.01_s7_none,0.398149
904000,A_w100_T10000_std_lr0.01_s8_none,1.24965
904000,A_w100_T10000_std_lr0.01_s9_none,0.274832
905000,A_w100_T10000_std_lr0.01_s0_none,0.414662
905000,A_w100_T10000_std_lr0.01_s1_none,8.1342e-05
905000,A_w100_T10000_std_lr0.01_s2_none,0.831736
905000,A_w100_T10000_std_lr0.01_s3_none,1.80611
905000,A_w100_T10000_std_lr0.01_s4_none,0.330092
905000,A_w100_T10000_std_lr0.01_s5_none,0.176087
905000,A_w100_T10000_std_lr0.01_s6_none,0.360613
905000,A_w100_T10000_std_lr0.01_s7_none,0.413194
905000,A_w100_T10000_std_lr0.01_s8_none,1.2413
905000,A_w100_T10000_std_lr0.01_s9_none,0.268072
906000,A_w100_T10000_std_lr0.01_s0_none,0.371222
906000,A_w100_T10000_std_lr0.01_s1_none,1.42774e-05
906000,A_w100_T10000_std_lr0.01_s2_none,0.85201
906000,A_w100_T10000_std_lr0.01_s3_none,1.79937
906000,A_w100_T10000_std_lr0.01_s4_none,0.284144
906000,A_w100_T10000_std_lr0.01_s5_none,0.167826
906000,A_w100_T10000_std_lr0.01_s6_none,0.343522
906000,A_w100_T10000_std_lr0.01_s7_none,0.406205
906000,A_w100_T10000_std_lr0.01_s8_none,1.37263
906000,A_w100_T10000_std_lr0.01_s9_none,0.24879
907000,A_w100_T10000_std_lr0.01_s0_none,0.383331
907000,A_w100_T10000_std_lr0.01_s1_none,1.02997e-05
907000,A_w100_T10000_std_lr0.01_s2_none,0.802451
907000,A_w100_T10000_std_lr0.01_s3_none,1.73147
907000,A_w100_T10000_std_lr0.01_s4_none,0.296352
907000,A_w100_T10000_std_lr0.01_s5_none,0.187992
907000,A_w100_T10000_std_lr0.01_s6_none,0.315685
907000,A_w100_T10000_std_lr0.01_s7_none,0.353227
907000,A_w100_T10000_std_lr0.01_s8_none,1.43111
907000,A_w100_T10000_std_lr0.01_s9_none,0.23303
908000,A_w100_T10000_std_lr0.01_s0_none,0.402578
908000,A_w100_T10000_std_lr0.01_s1_none,3.10612e-06
908000,A_w100_T10000_std_lr0.01_s2_none,0.756982
908000,A_w100_T10000_std_lr0.01_s3_none,1.74105
908000,A_w100_T10000_std_lr0.01_s4_none,0.28826
908000,A_w100_T10000_std_lr0.01_s5_none,0.162642
908000,A_w100_T10000_std_lr0.01_s6_none,0.34375
908000,A_w100_T10000_std_lr0.01_s7_none,0.332788
908000,A_w100_T10000_std_lr0.01_s8_none,1.27941
908000,A_w100_T10000_std_lr0.01_s9_none,0.20451
909000,A_w100_T10000_std_lr0.01_s0_none,0.371713
909000,A_w100_T10000_std_lr0.01_s1_none,1.04099e-06
909000,A_w100_T10000_std_lr0.01_s2_none,0.773895
909000,A_w100_T10000_std_lr0.01_s3_none,1.79772
909000,A_w100_T10000_std_lr0.01_s4_none,0.292467
909000,A_w100_T10000_std_lr0.01_s5_none,0.150109
909000,A_w100_T10000_std_lr0.01_s6_none,0.326074
909000,A_w100_T10000_std_lr0.01_s7_none,0.352797
909000,A_w100_T10000_std_lr0.01_s8_none,1.42073
909000,A_w100_T10000_std_lr0.01_s9_none,0.228879
910000,A_w100_T10000_std_lr0.01_s0_none,0.396746
910000,A_w100_T10000_std_lr0.01_s1_none,4.31499e-07
910000,A_w100_T10000_std_lr0.01_s2_none,0.853426
910000,A_w100_T10000_std_lr0.01_s3_none,1.71997
910000,A_w100_T10000_std_lr0.01_s4_none,0.281206
910000,A_w100_T10000_std_lr0.01_s5_none,0.14658
910000,A_w100_T10000_std_lr0.01_s6_none,0.317191
910000,A_w100_T10000_std_lr0.01_s7_none,0.353577
910000,A_w100_T10000_std_lr0.01_s8_none,1.32927
910000,A_w100_T10000_std_lr0.01_s9_none,0.215598
911000,A_w100_T10000_std_lr0.01_s0_none,0.586127
911000,A_w100_T10000_std_lr0.01_s1_none,0.37694
911000,A_w100_T10000_std_lr0.01_s2_none,0.702744
911000,A_w100_T10000_std_lr0.01_s3_none,1.75227
911000,A_w100_T10000_std_lr0.01_s4_none,0.906249
911000,A_w100_T10000_std_lr0.01_s5_none,0.327566
911000,A_w100_T10000_std_lr0.01_s6_none,0.60103
911000,A_w100_T10000_std_lr0.01_s7_none,1.16878
911000,A_w100_T10000_std_lr0.01_s8_none,0.994424
911000,A_w100_T10000_std_lr0.01_s9_none,0.974111
912000,A_w100_T10000_std_lr0.01_s0_none,0.39207
912000,A_w100_T10000_std_lr0.01_s1_none,0.0881309
912000,A_w100_T10000_std_lr0.01_s2_none,0.58771
912000,A_w100_T10000_std_lr0.01_s3_none,1.69662
912000,A_w100_T10000_std_lr0.01_s4_none,0.962318
912000,A_w100_T10000_std_lr0.01_s5_none,0.190766
912000,A_w100_T10000_std_lr0.01_s6_none,0.411486
912000,A_w100_T10000_std_lr0.01_s7_none,0.733569
912000,A_w100_T10000_std_lr0.01_s8_none,0.943858
912000,A_w100_T10000_std_lr0.01_s9_none,0.264075
913000,A_w100_T10000_std_lr0.01_s0_none,0.310423
913000,A_w100_T10000_std_lr0.01_s1_none,0.0340331
913000,A_w100_T10000_std_lr0.01_s2_none,0.542106
913000,A_w100_T10000_std_lr0.01_s3_none,1.64019
913000,A_w100_T10000_std_lr0.01_s4_none,0.714436
913000,A_w100_T10000_std_lr0.01_s5_none,0.189985
913000,A_w100_T10000_std_lr0.01_s6_none,0.328457
913000,A_w100_T10000_std_lr0.01_s7_none,0.671616
913000,A_w100_T10000_std_lr0.01_s8_none,0.951984
913000,A_w100_T10000_std_lr0.01_s9_none,0.141936
914000,A_w100_T10000_std_lr0.01_s0_none,0.28842
914000,A_w100_T10000_std_lr0.01_s1_none,0.0202481
914000,A_w100_T10000_std_lr0.01_s2_none,0.467977
914000,A_w100_T10000_std_lr0.01_s3_none,1.65203
914000,A_w100_T10000_std_lr0.01_s4_none,0.71533
914000,A_w100_T10000_std_lr0.01_s5_none,0.159786
914000,A_w100_T10000_std_lr0.01_s6_none,0.301636
914000,A_w100_T10000_std_lr0.01_s7_none,0.62787
914000,A_w100_T10000_std_lr0.01_s8_none,0.979455
914000,A_w100_T10000_std_lr0.01_s9_none,0.0694515
915000,A_w100_T10000_std_lr0.01_s0_none,0.272854
915000,A_w100_T10000_std_lr0.01_s1_none,0.0152772
915000,A_w100_T10000_std_lr0.01_s2_none,0.463109
915000,A_w100_T10000_std_lr0.01_s3_none,1.51158
915000,A_w100_T10000_std_lr0.01_s4_none,0.604034
915000,A_w100_T10000_std_lr0.01_s5_none,0.148422
915000,A_w100_T10000_std_lr0.01_s6_none,0.256889
915000,A_w100_T10000_std_lr0.01_s7_none,0.628354
915000,A_w100_T10000_std_lr0.01_s8_none,0.904337
915000,A_w100_T10000_std_lr0.01_s9_none,0.0517007
916000,A_w100_T10000_std_lr0.01_s0_none,0.274148
916000,A_w100_T10000_std_lr0.01_s1_none,0.0116018
916000,A_w100_T10000_std_lr0.01_s2_none,0.429197
916000,A_w100_T10000_std_lr0.01_s3_none,1.56924
916000,A_w100_T10000_std_lr0.01_s4_none,0.585594
916000,A_w100_T10000_std_lr0.01_s5_none,0.178469
916000,A_w100_T10000_std_lr0.01_s6_none,0.219311
916000,A_w100_T10000_std_lr0.01_s7_none,0.577167
916000,A_w100_T10000_std_lr0.01_s8_none,0.935502
916000,A_w100_T10000_std_lr0.01_s9_none,0.038801
917000,A_w100_T10000_std_lr0.01_s0_none,0.258231
917000,A_w100_T10000_std_lr0.01_s1_none,0.00837269
917000,A_w100_T10000_std_lr0.01_s2_none,0.441025
917000,A_w100_T10000_std_lr0.01_s3_none,1.55585
917000,A_w100_T10000_std_lr0.01_s4_none,0.752802
917000,A_w100_T10000_std_lr0.01_s5_none,0.126103
917000,A_w100_T10000_std_lr0.01_s6_none,0.203958
917000,A_w100_T10000_std_lr0.01_s7_none,0.611526
917000,A_w100_T10000_std_lr0.01_s8_none,0.95618
917000,A_w100_T10000_std_lr0.01_s9_none,0.024251
918000,A_w100_T10000_std_lr0.01_s0_none,0.263794
918000,A_w100_T10000_std_lr0.01_s1_none,0.00521391
918000,A_w100_T10000_std_lr0.01_s2_none,0.471647
918000,A_w100_T10000_std_lr0.01_s3_none,1.61266
918000,A_w100_T10000_std_lr0.01_s4_none,0.705665
918000,A_w100_T10000_std_lr0.01_s5_none,0.0985098
918000,A_w100_T10000_std_lr0.01_s6_none,0.170029
918000,A_w100_T10000_std_lr0.01_s7_none,0.597179
918000,A_w100_T10000_std_lr0.01_s8_none,0.890263
918000,A_w100_T10000_std_lr0.01_s9_none,0.0131485
919000,A_w100_T10000_std_lr0.01_s0_none,0.261366
919000,A_w100_T10000_std_lr0.01_s1_none,0.00422758
919000,A_w100_T10000_std_lr0.01_s2_none,0.450783
919000,A_w100_T10000_std_lr0.01_s3_none,1.62361
919000,A_w100_T10000_std_lr0.01_s4_none,0.573478
919000,A_w100_T10000_std_lr0.01_s5_none,0.143284
919000,A_w100_T10000_std_lr0.01_s6_none,0.151542
919000,A_w100_T10000_std_lr0.01_s7_none,0.573534
919000,A_w100_T10000_std_lr0.01_s8_none,0.984342
919000,A_w100_T10000_std_lr0.01_s9_none,0.00805979
920000,A_w100_T10000_std_lr0.01_s0_none,0.246687
920000,A_w100_T10000_std_lr0.01_s1_none,0.00302039
920000,A_w100_T10000_std_lr0.01_s2_none,0.461974
920000,A_w100_T10000_std_lr0.01_s3_none,1.61339
920000,A_w100_T10000_std_lr0.01_s4_none,0.696554
920000,A_w100_T10000_std_lr0.01_s5_none,0.181896
920000,A_w100_T10000_std_lr0.01_s6_none,0.124218
920000,A_w100_T10000_std_lr0.01_s7_none,0.523034
920000,A_w100_T10000_std_lr0.01_s8_none,0.955682
920000,A_w100_T10000_std_lr0.01_s9_none,0.00381095
921000,A_w100_T10000_std_lr0.01_s0_none,1.20727
921000,A_w100_T10000_std_lr0.01_s1_none,0.153074
921000,A_w100_T10000_std_lr0.01_s2_none,0.765239
921000,A_w100_T10000_std_lr0.01_s3_none,0.531698
921000,A_w100_T10000_std_lr0.01_s4_none,1.22531
921000,A_w100_T10000_std_lr0.01_s5_none,0.384696
921000,A_w100_T10000_std_lr0.01_s6_none,0.330528
921000,A_w100_T10000_std_lr0.01_s7_none,0.861215
921000,A_w100_T10000_std_lr0.01_s8_none,0.912436
921000,A_w100_T10000_std_lr0.01_s9_none,1.37963
922000,A_w100_T10000_std_lr0.01_s0_none,1.06921
922000,A_w100_T10000_std_lr0.01_s1_none,0.0261689
922000,A_w100_T10000_std_lr0.01_s2_none,0.613912
922000,A_w100_T10000_std_lr0.01_s3_none,0.262621
922000,A_w100_T10000_std_lr0.01_s4_none,0.910832
922000,A_w100_T10000_std_lr0.01_s5_none,0.155583
922000,A_w100_T10000_std_lr0.01_s6_none,0.169346
922000,A_w100_T10000_std_lr0.01_s7_none,0.758157
922000,A_w100_T10000_std_lr0.01_s8_none,0.999266
922000,A_w100_T10000_std_lr0.01_s9_none,0.590938
923000,A_w100_T10000_std_lr0.01_s0_none,1.05089
923000,A_w100_T10000_std_lr0.01_s1_none,0.0152416
923000,A_w100_T10000_std_lr0.01_s2_none,0.569799
923000,A_w100_T10000_std_lr0.01_s3_none,0.268668
923000,A_w100_T10000_std_lr0.01_s4_none,0.937247
923000,A_w100_T10000_std_lr0.01_s5_none,0.142993
923000,A_w100_T10000_std_lr0.01_s6_none,0.179286
923000,A_w100_T10000_std_lr0.01_s7_none,0.733834
923000,A_w100_T10000_std_lr0.01_s8_none,0.905966
923000,A_w100_T10000_std_lr0.01_s9_none,0.4948
924000,A_w100_T10000_std_lr0.01_s0_none,1.04589
924000,A_w100_T10000_std_lr0.01_s1_none,0.0124885
924000,A_w100_T10000_std_lr0.01_s2_none,0.623903
924000,A_w100_T10000_std_lr0.01_s3_none,0.294765
924000,A_w100_T10000_std_lr0.01_s4_none,0.78882
924000,A_w100_T10000_std_lr0.01_s5_none,0.159415
924000,A_w100_T10000_std_lr0.01_s6_none,0.179367
924000,A_w100_T10000_std_lr0.01_s7_none,0.770921
924000,A_w100_T10000_std_lr0.01_s8_none,0.90796
924000,A_w100_T10000_std_lr0.01_s9_none,0.42778
925000,A_w100_T10000_std_lr0.01_s0_none,1.09744
925000,A_w100_T10000_std_lr0.01_s1_none,0.0111792
925000,A_w100_T10000_std_lr0.01_s2_none,0.623689
925000,A_w100_T10000_std_lr0.01_s3_none,0.279473
925000,A_w100_T10000_std_lr0.01_s4_none,0.8033
925000,A_w100_T10000_std_lr0.01_s5_none,0.13144
925000,A_w100_T10000_std_lr0.01_s6_none,0.13386
925000,A_w100_T10000_std_lr0.01_s7_none,0.697167
925000,A_w100_T10000_std_lr0.01_s8_none,0.900456
925000,A_w100_T10000_std_lr0.01_s9_none,0.363902
926000,A_w100_T10000_std_lr0.01_s0_none,1.02977
926000,A_w100_T10000_std_lr0.01_s1_none,0.0100663
926000,A_w100_T10000_std_lr0.01_s2_none,0.546392
926000,A_w100_T10000_std_lr0.01_s3_none,0.266334
926000,A_w100_T10000_std_lr0.01_s4_none,0.876439
926000,A_w100_T10000_std_lr0.01_s5_none,0.10111
926000,A_w100_T10000_std_lr0.01_s6_none,0.135281
926000,A_w100_T10000_std_lr0.01_s7_none,0.749728
926000,A_w100_T10000_std_lr0.01_s8_none,0.96426
926000,A_w100_T10000_std_lr0.01_s9_none,0.323409
927000,A_w100_T10000_std_lr0.01_s0_none,1.05908
927000,A_w100_T10000_std_lr0.01_s1_none,0.00981162
927000,A_w100_T10000_std_lr0.01_s2_none,0.629916
927000,A_w100_T10000_std_lr0.01_s3_none,0.243205
927000,A_w100_T10000_std_lr0.01_s4_none,0.788131
927000,A_w100_T10000_std_lr0.01_s5_none,0.0760151
927000,A_w100_T10000_std_lr0.01_s6_none,0.121822
927000,A_w100_T10000_std_lr0.01_s7_none,0.712262
927000,A_w100_T10000_std_lr0.01_s8_none,0.863932
927000,A_w100_T10000_std_lr0.01_s9_none,0.281836
928000,A_w100_T10000_std_lr0.01_s0_none,1.05594
928000,A_w100_T10000_std_lr0.01_s1_none,0.00866032
928000,A_w100_T10000_std_lr0.01_s2_none,0.571598
928000,A_w100_T10000_std_lr0.01_s3_none,0.265464
928000,A_w100_T10000_std_lr0.01_s4_none,0.787504
928000,A_w100_T10000_std_lr0.01_s5_none,0.0842962
928000,A_w100_T10000_std_lr0.01_s6_none,0.148717
928000,A_w100_T10000_std_lr0.01_s7_none,0.784862
928000,A_w100_T10000_std_lr0.01_s8_none,0.884123
928000,A_w100_T10000_std_lr0.01_s9_none,0.243649
929000,A_w100_T10000_std_lr0.01_s0_none,1.00594
929000,A_w100_T10000_std_lr0.01_s1_none,0.00674532
929000,A_w100_T10000_std_lr0.01_s2_none,0.563597
929000,A_w100_T10000_std_lr0.01_s3_none,0.260099
929000,A_w100_T10000_std_lr0.01_s4_none,0.781927
929000,A_w100_T10000_std_lr0.01_s5_none,0.0551618
929000,A_w100_T10000_std_lr0.01_s6_none,0.14224
929000,A_w100_T10000_std_lr0.01_s7_none,0.744513
929000,A_w100_T10000_std_lr0.01_s8_none,0.918021
929000,A_w100_T10000_std_lr0.01_s9_none,0.22563
930000,A_w100_T10000_std_lr0.01_s0_none,1.05532
930000,A_w100_T10000_std_lr0.01_s1_none,0.00571317
930000,A_w100_T10000_std_lr0.01_s2_none,0.602536
930000,A_w100_T10000_std_lr0.01_s3_none,0.260771
930000,A_w100_T10000_std_lr0.01_s4_none,0.769773
930000,A_w100_T10000_std_lr0.01_s5_none,0.0580718
930000,A_w100_T10000_std_lr0.01_s6_none,0.133307
930000,A_w100_T10000_std_lr0.01_s7_none,0.714943
930000,A_w100_T10000_std_lr0.01_s8_none,0.836361
930000,A_w100_T10000_std_lr0.01_s9_none,0.225492
931000,A_w100_T10000_std_lr0.01_s0_none,0.688676
931000,A_w100_T10000_std_lr0.01_s1_none,0.238576
931000,A_w100_T10000_std_lr0.01_s2_none,0.938685
931000,A_w100_T10000_std_lr0.01_s3_none,0.632157
931000,A_w100_T10000_std_lr0.01_s4_none,2.13481
931000,A_w100_T10000_std_lr0.01_s5_none,0.494559
931000,A_w100_T10000_std_lr0.01_s6_none,0.485966
931000,A_w100_T10000_std_lr0.01_s7_none,0.868287
931000,A_w100_T10000_std_lr0.01_s8_none,0.816604
931000,A_w100_T10000_std_lr0.01_s9_none,0.778991
932000,A_w100_T10000_std_lr0.01_s0_none,0.595343
932000,A_w100_T10000_std_lr0.01_s1_none,0.0392797
932000,A_w100_T10000_std_lr0.01_s2_none,0.896115
932000,A_w100_T10000_std_lr0.01_s3_none,0.331086
932000,A_w100_T10000_std_lr0.01_s4_none,2.12969
932000,A_w100_T10000_std_lr0.01_s5_none,0.245798
932000,A_w100_T10000_std_lr0.01_s6_none,0.321098
932000,A_w100_T10000_std_lr0.01_s7_none,0.474182
932000,A_w100_T10000_std_lr0.01_s8_none,0.534302
932000,A_w100_T10000_std_lr0.01_s9_none,0.193802
933000,A_w100_T10000_std_lr0.01_s0_none,0.59607
933000,A_w100_T10000_std_lr0.01_s1_none,0.0237701
933000,A_w100_T10000_std_lr0.01_s2_none,0.879649
933000,A_w100_T10000_std_lr0.01_s3_none,0.252243
933000,A_w100_T10000_std_lr0.01_s4_none,2.09441
933000,A_w100_T10000_std_lr0.01_s5_none,0.108952
933000,A_w100_T10000_std_lr0.01_s6_none,0.223492
933000,A_w100_T10000_std_lr0.01_s7_none,0.483115
933000,A_w100_T10000_std_lr0.01_s8_none,0.443416
933000,A_w100_T10000_std_lr0.01_s9_none,0.217443
934000,A_w100_T10000_std_lr0.01_s0_none,0.63924
934000,A_w100_T10000_std_lr0.01_s1_none,0.0161123
934000,A_w100_T10000_std_lr0.01_s2_none,0.904002
934000,A_w100_T10000_std_lr0.01_s3_none,0.228695
934000,A_w100_T10000_std_lr0.01_s4_none,2.04004
934000,A_w100_T10000_std_lr0.01_s5_none,0.0679577
934000,A_w100_T10000_std_lr0.01_s6_none,0.189178
934000,A_w100_T10000_std_lr0.01_s7_none,0.430432
934000,A_w100_T10000_std_lr0.01_s8_none,0.390312
934000,A_w100_T10000_std_lr0.01_s9_none,0.145734
935000,A_w100_T10000_std_lr0.01_s0_none,0.562778
935000,A_w100_T10000_std_lr0.01_s1_none,0.0150575
935000,A_w100_T10000_std_lr0.01_s2_none,0.883368
935000,A_w100_T10000_std_lr0.01_s3_none,0.220255
935000,A_w100_T10000_std_lr0.01_s4_none,2.00529
935000,A_w100_T10000_std_lr0.01_s5_none,0.0491535
935000,A_w100_T10000_std_lr0.01_s6_none,0.188064
935000,A_w100_T10000_std_lr0.01_s7_none,0.371251
935000,A_w100_T10000_std_lr0.01_s8_none,0.316187
935000,A_w100_T10000_std_lr0.01_s9_none,0.158577
936000,A_w100_T10000_std_lr0.01_s0_none,0.57169
936000,A_w100_T10000_std_lr0.01_s1_none,0.00933452
936000,A_w100_T10000_std_lr0.01_s2_none,0.9403
936000,A_w100_T10000_std_lr0.01_s3_none,0.217762
936000,A_w100_T10000_std_lr0.01_s4_none,2.00426
936000,A_w100_T10000_std_lr0.01_s5_none,0.0457103
936000,A_w100_T10000_std_lr0.01_s6_none,0.185867
936000,A_w100_T10000_std_lr0.01_s7_none,0.358716
936000,A_w100_T10000_std_lr0.01_s8_none,0.301328
936000,A_w100_T10000_std_lr0.01_s9_none,0.160262
937000,A_w100_T10000_std_lr0.01_s0_none,0.572958
937000,A_w100_T10000_std_lr0.01_s1_none,0.00835002
937000,A_w100_T10000_std_lr0.01_s2_none,0.876585
937000,A_w100_T10000_std_lr0.01_s3_none,0.203832
937000,A_w100_T10000_std_lr0.01_s4_none,1.89671
937000,A_w100_T10000_std_lr0.01_s5_none,0.0295769
937000,A_w100_T10000_std_lr0.01_s6_none,0.167788
937000,A_w100_T10000_std_lr0.01_s7_none,0.404803
937000,A_w100_T10000_std_lr0.01_s8_none,0.278036
937000,A_w100_T10000_std_lr0.01_s9_none,0.165518
938000,A_w100_T10000_std_lr0.01_s0_none,0.553453
938000,A_w100_T10000_std_lr0.01_s1_none,0.00728842
938000,A_w100_T10000_std_lr0.01_s2_none,0.905918
938000,A_w100_T10000_std_lr0.01_s3_none,0.227077
938000,A_w100_T10000_std_lr0.01_s4_none,2.03489
938000,A_w100_T10000_std_lr0.01_s5_none,0.0251872
938000,A_w100_T10000_std_lr0.01_s6_none,0.164589
938000,A_w100_T10000_std_lr0.01_s7_none,0.393312
938000,A_w100_T10000_std_lr0.01_s8_none,0.30106
938000,A_w100_T10000_std_lr0.01_s9_none,0.167948
939000,A_w100_T10000_std_lr0.01_s0_none,0.580307
939000,A_w100_T10000_std_lr0.01_s1_none,0.00513823
939000,A_w100_T10000_std_lr0.01_s2_none,0.848727
939000,A_w100_T10000_std_lr0.01_s3_none,0.20827
939000,A_w100_T10000_std_lr0.01_s4_none,1.95741
939000,A_w100_T10000_std_lr0.01_s5_none,0.0216376
939000,A_w100_T10000_std_lr0.01_s6_none,0.15065
939000,A_w100_T10000_std_lr0.01_s7_none,0.384898
939000,A_w100_T10000_std_lr0.01_s8_none,0.264119
939000,A_w100_T10000_std_lr0.01_s9_none,0.174769
940000,A_w100_T10000_std_lr0.01_s0_none,0.578465
940000,A_w100_T10000_std_lr0.01_s1_none,0.00403356
940000,A_w100_T10000_std_lr0.01_s2_none,0.881154
940000,A_w100_T10000_std_lr0.01_s3_none,0.204812
940000,A_w100_T10000_std_lr0.01_s4_none,1.95757
940000,A_w100_T10000_std_lr0.01_s5_none,0.0142058
940000,A_w100_T10000_std_lr0.01_s6_none,0.1414
940000,A_w100_T10000_std_lr0.01_s7_none,0.422715
940000,A_w100_T10000_std_lr0.01_s8_none,0.266126
940000,A_w100_T10000_std_lr0.01_s9_none,0.145124
941000,A_w100_T10000_std_lr0.01_s0_none,1.33538
941000,A_w100_T10000_std_lr0.01_s1_none,0.297563
941000,A_w100_T10000_std_lr0.01_s2_none,0.680342
941000,A_w100_T10000_std_lr0.01_s3_none,0.790048
941000,A_w100_T10000_std_lr0.01_s4_none,1.13796
941000,A_w100_T10000_std_lr0.01_s5_none,0.306299
941000,A_w100_T10000_std_lr0.01_s6_none,0.628092
941000,A_w100_T10000_std_lr0.01_s7_none,1.76519
941000,A_w100_T10000_std_lr0.01_s8_none,0.801614
941000,A_w100_T10000_std_lr0.01_s9_none,0.295966
942000,A_w100_T10000_std_lr0.01_s0_none,1.11591
942000,A_w100_T10000_std_lr0.01_s1_none,0.103422
942000,A_w100_T10000_std_lr0.01_s2_none,0.701932
942000,A_w100_T10000_std_lr0.01_s3_none,0.7465
942000,A_w100_T10000_std_lr0.01_s4_none,1.05154
942000,A_w100_T10000_std_lr0.01_s5_none,0.0525494
942000,A_w100_T10000_std_lr0.01_s6_none,0.446083
942000,A_w100_T10000_std_lr0.01_s7_none,1.61344
942000,A_w100_T10000_std_lr0.01_s8_none,0.523753
942000,A_w100_T10000_std_lr0.01_s9_none,0.0344116
943000,A_w100_T10000_std_lr0.01_s0_none,1.16191
943000,A_w100_T10000_std_lr0.01_s1_none,0.0722479
943000,A_w100_T10000_std_lr0.01_s2_none,0.678675
943000,A_w100_T10000_std_lr0.01_s3_none,0.660426
943000,A_w100_T10000_std_lr0.01_s4_none,1.07185
943000,A_w100_T10000_std_lr0.01_s5_none,0.0365906
943000,A_w100_T10000_std_lr0.01_s6_none,0.411301
943000,A_w100_T10000_std_lr0.01_s7_none,1.37055
943000,A_w100_T10000_std_lr0.01_s8_none,0.417891
943000,A_w100_T10000_std_lr0.01_s9_none,0.0113046
944000,A_w100_T10000_std_lr0.01_s0_none,0.824884
944000,A_w100_T10000_std_lr0.01_s1_none,0.0589687
944000,A_w100_T10000_std_lr0.01_s2_none,0.73562
944000,A_w100_T10000_std_lr0.01_s3_none,0.684484
944000,A_w100_T10000_std_lr0.01_s4_none,0.812826
944000,A_w100_T10000_std_lr0.01_s5_none,0.0317275
944000,A_w100_T10000_std_lr0.01_s6_none,0.331679
944000,A_w100_T10000_std_lr0.01_s7_none,0.99618
944000,A_w100_T10000_std_lr0.01_s8_none,0.428417
944000,A_w100_T10000_std_lr0.01_s9_none,0.00645978
945000,A_w100_T10000_std_lr0.01_s0_none,0.65262
945000,A_w100_T10000_std_lr0.01_s1_none,0.0521004
945000,A_w100_T10000_std_lr0.01_s2_none,0.63331
945000,A_w100_T10000_std_lr0.01_s3_none,0.665849
945000,A_w100_T10000_std_lr0.01_s4_none,0.827585
945000,A_w100_T10000_std_lr0.01_s5_none,0.0216031
945000,A_w100_T10000_std_lr0.01_s6_none,0.282817
945000,A_w100_T10000_std_lr0.01_s7_none,0.946317
945000,A_w100_T10000_std_lr0.01_s8_none,0.353188
945000,A_w100_T10000_std_lr0.01_s9_none,0.00498995
946000,A_w100_T10000_std_lr0.01_s0_none,0.674906
946000,A_w100_T10000_std_lr0.01_s1_none,0.0473402
946000,A_w100_T10000_std_lr0.01_s2_none,0.751361
946000,A_w100_T10000_std_lr0.01_s3_none,0.697206
946000,A_w100_T10000_std_lr0.01_s4_none,0.830628
946000,A_w100_T10000_std_lr0.01_s5_none,0.0120334
946000,A_w100_T10000_std_lr0.01_s6_none,0.247044
946000,A_w100_T10000_std_lr0.01_s7_none,0.848428
946000,A_w100_T10000_std_lr0.01_s8_none,0.243182
946000,A_w100_T10000_std_lr0.01_s9_none,0.00246179
947000,A_w100_T10000_std_lr0.01_s0_none,0.660488
947000,A_w100_T10000_std_lr0.01_s1_none,0.0440102
947000,A_w100_T10000_std_lr0.01_s2_none,0.700708
947000,A_w100_T10000_std_lr0.01_s3_none,0.633855
947000,A_w100_T10000_std_lr0.01_s4_none,0.681374
947000,A_w100_T10000_std_lr0.01_s5_none,0.0102149
947000,A_w100_T10000_std_lr0.01_s6_none,0.232082
947000,A_w100_T10000_std_lr0.01_s7_none,0.917667
947000,A_w100_T10000_std_lr0.01_s8_none,0.211973
947000,A_w100_T10000_std_lr0.01_s9_none,0.00184607
948000,A_w100_T10000_std_lr0.01_s0_none,0.640568
948000,A_w100_T10000_std_lr0.01_s1_none,0.0377545
948000,A_w100_T10000_std_lr0.01_s2_none,0.741124
948000,A_w100_T10000_std_lr0.01_s3_none,0.665996
948000,A_w100_T10000_std_lr0.01_s4_none,0.837516
948000,A_w100_T10000_std_lr0.01_s5_none,0.0102701
948000,A_w100_T10000_std_lr0.01_s6_none,0.19981
948000,A_w100_T10000_std_lr0.01_s7_none,0.978572
948000,A_w100_T10000_std_lr0.01_s8_none,0.352851
948000,A_w100_T10000_std_lr0.01_s9_none,0.00115877
949000,A_w100_T10000_std_lr0.01_s0_none,0.68169
949000,A_w100_T10000_std_lr0.01_s1_none,0.0325797
949000,A_w100_T10000_std_lr0.01_s2_none,0.651432
949000,A_w100_T10000_std_lr0.01_s3_none,0.713653
949000,A_w100_T10000_std_lr0.01_s4_none,0.722839
949000,A_w100_T10000_std_lr0.01_s5_none,0.00925724
949000,A_w100_T10000_std_lr0.01_s6_none,0.19768
949000,A_w100_T10000_std_lr0.01_s7_none,1.00259
949000,A_w100_T10000_std_lr0.01_s8_none,0.198186
949000,A_w100_T10000_std_lr0.01_s9_none,0.000216852
950000,A_w100_T10000_std_lr0.01_s0_none,0.608052
950000,A_w100_T10000_std_lr0.01_s1_none,0.0221909
950000,A_w100_T10000_std_lr0.01_s2_none,0.68756
950000,A_w100_T10000_std_lr0.01_s3_none,0.706341
950000,A_w100_T10000_std_lr0.01_s4_none,0.733021
950000,A_w100_T10000_std_lr0.01_s5_none,0.0091542
950000,A_w100_T10000_std_lr0.01_s6_none,0.180965
950000,A_w100_T10000_std_lr0.01_s7_none,0.957712
950000,A_w100_T10000_std_lr0.01_s8_none,0.210588
950000,A_w100_T10000_std_lr0.01_s9_none,0.000127182
951000,A_w100_T10000_std_lr0.01_s0_none,0.289592
951000,A_w100_T10000_std_lr0.01_s1_none,0.206215
951000,A_w100_T10000_std_lr0.01_s2_none,0.56672
951000,A_w100_T10000_std_lr0.01_s3_none,0.607043
951000,A_w100_T10000_std_lr0.01_s4_none,1.2848
951000,A_w100_T10000_std_lr0.01_s5_none,0.315015
951000,A_w100_T10000_std_lr0.01_s6_none,0.475617
951000,A_w100_T10000_std_lr0.01_s7_none,0.660043
951000,A_w100_T10000_std_lr0.01_s8_none,1.73352
951000,A_w100_T10000_std_lr0.01_s9_none,0.409259
952000,A_w100_T10000_std_lr0.01_s0_none,0.0973723
952000,A_w100_T10000_std_lr0.01_s1_none,0.0426014
952000,A_w100_T10000_std_lr0.01_s2_none,0.404249
952000,A_w100_T10000_std_lr0.01_s3_none,0.459776
952000,A_w100_T10000_std_lr0.01_s4_none,0.85617
952000,A_w100_T10000_std_lr0.01_s5_none,0.0143741
952000,A_w100_T10000_std_lr0.01_s6_none,0.142944
952000,A_w100_T10000_std_lr0.01_s7_none,0.432744
952000,A_w100_T10000_std_lr0.01_s8_none,1.6306
952000,A_w100_T10000_std_lr0.01_s9_none,0.313968
953000,A_w100_T10000_std_lr0.01_s0_none,0.0720879
953000,A_w100_T10000_std_lr0.01_s1_none,0.0199339
953000,A_w100_T10000_std_lr0.01_s2_none,0.317061
953000,A_w100_T10000_std_lr0.01_s3_none,0.473199
953000,A_w100_T10000_std_lr0.01_s4_none,0.758297
953000,A_w100_T10000_std_lr0.01_s5_none,0.0013426
953000,A_w100_T10000_std_lr0.01_s6_none,0.0841289
953000,A_w100_T10000_std_lr0.01_s7_none,0.283455
953000,A_w100_T10000_std_lr0.01_s8_none,1.54743
953000,A_w100_T10000_std_lr0.01_s9_none,0.256123
954000,A_w100_T10000_std_lr0.01_s0_none,0.0609189
954000,A_w100_T10000_std_lr0.01_s1_none,0.0138246
954000,A_w100_T10000_std_lr0.01_s2_none,0.310204
954000,A_w100_T10000_std_lr0.01_s3_none,0.441473
954000,A_w100_T10000_std_lr0.01_s4_none,0.619145
954000,A_w100_T10000_std_lr0.01_s5_none,0.00019661
954000,A_w100_T10000_std_lr0.01_s6_none,0.0692377
954000,A_w100_T10000_std_lr0.01_s7_none,0.240687
954000,A_w100_T10000_std_lr0.01_s8_none,1.72431
954000,A_w100_T10000_std_lr0.01_s9_none,0.292737
955000,A_w100_T10000_std_lr0.01_s0_none,0.0540677
955000,A_w100_T10000_std_lr0.01_s1_none,0.0062026
955000,A_w100_T10000_std_lr0.01_s2_none,0.287319
955000,A_w100_T10000_std_lr0.01_s3_none,0.444289
955000,A_w100_T10000_std_lr0.01_s4_none,0.578151
955000,A_w100_T10000_std_lr0.01_s5_none,4.86541e-05
955000,A_w100_T10000_std_lr0.01_s6_none,0.0612599
955000,A_w100_T10000_std_lr0.01_s7_none,0.241147
955000,A_w100_T10000_std_lr0.01_s8_none,1.49198
955000,A_w100_T10000_std_lr0.01_s9_none,0.312831
956000,A_w100_T10000_std_lr0.01_s0_none,0.0529237
956000,A_w100_T10000_std_lr0.01_s1_none,0.00498241
956000,A_w100_T10000_std_lr0.01_s2_none,0.304604
956000,A_w100_T10000_std_lr0.01_s3_none,0.483249
956000,A_w100_T10000_std_lr0.01_s4_none,0.603582
956000,A_w100_T10000_std_lr0.01_s5_none,1.51588e-05
956000,A_w100_T10000_std_lr0.01_s6_none,0.0552341
956000,A_w100_T10000_std_lr0.01_s7_none,0.235092
956000,A_w100_T10000_std_lr0.01_s8_none,1.59623
956000,A_w100_T10000_std_lr0.01_s9_none,0.312543
957000,A_w100_T10000_std_lr0.01_s0_none,0.051812
957000,A_w100_T10000_std_lr0.01_s1_none,0.00340588
957000,A_w100_T10000_std_lr0.01_s2_none,0.298976
957000,A_w100_T10000_std_lr0.01_s3_none,0.480388
957000,A_w100_T10000_std_lr0.01_s4_none,0.617083
957000,A_w100_T10000_std_lr0.01_s5_none,3.14863e-06
957000,A_w100_T10000_std_lr0.01_s6_none,0.0554876
957000,A_w100_T10000_std_lr0.01_s7_none,0.248245
957000,A_w100_T10000_std_lr0.01_s8_none,1.63437
957000,A_w100_T10000_std_lr0.01_s9_none,0.284618
958000,A_w100_T10000_std_lr0.01_s0_none,0.0461586
958000,A_w100_T10000_std_lr0.01_s1_none,0.0026973
958000,A_w100_T10000_std_lr0.01_s2_none,0.289254
958000,A_w100_T10000_std_lr0.01_s3_none,0.513007
958000,A_w100_T10000_std_lr0.01_s4_none,0.537256
958000,A_w100_T10000_std_lr0.01_s5_none,8.01773e-07
958000,A_w100_T10000_std_lr0.01_s6_none,0.0512504
958000,A_w100_T10000_std_lr0.01_s7_none,0.244228
958000,A_w100_T10000_std_lr0.01_s8_none,1.61839
958000,A_w100_T10000_std_lr0.01_s9_none,0.353398
959000,A_w100_T10000_std_lr0.01_s0_none,0.0478891
959000,A_w100_T10000_std_lr0.01_s1_none,0.00173676
959000,A_w100_T10000_std_lr0.01_s2_none,0.293944
959000,A_w100_T10000_std_lr0.01_s3_none,0.486482
959000,A_w100_T10000_std_lr0.01_s4_none,0.576502
959000,A_w100_T10000_std_lr0.01_s5_none,2.64086e-07
959000,A_w100_T10000_std_lr0.01_s6_none,0.0582032
959000,A_w100_T10000_std_lr0.01_s7_none,0.223388
959000,A_w100_T10000_std_lr0.01_s8_none,1.64066
959000,A_w100_T10000_std_lr0.01_s9_none,0.31757
960000,A_w100_T10000_std_lr0.01_s0_none,0.0437481
960000,A_w100_T10000_std_lr0.01_s1_none,0.00169224
960000,A_w100_T10000_std_lr0.01_s2_none,0.293533
960000,A_w100_T10000_std_lr0.01_s3_none,0.435251
960000,A_w100_T10000_std_lr0.01_s4_none,0.514216
960000,A_w100_T10000_std_lr0.01_s5_none,1.09629e-07
960000,A_w100_T10000_std_lr0.01_s6_none,0.0586396
960000,A_w100_T10000_std_lr0.01_s7_none,0.22981
960000,A_w100_T10000_std_lr0.01_s8_none,1.5513
960000,A_w100_T10000_std_lr0.01_s9_none,0.32958
961000,A_w100_T10000_std_lr0.01_s0_none,0.64997
961000,A_w100_T10000_std_lr0.01_s1_none,0.615075
961000,A_w100_T10000_std_lr0.01_s2_none,0.730198
961000,A_w100_T10000_std_lr0.01_s3_none,0.647155
961000,A_w100_T10000_std_lr0.01_s4_none,0.544827
961000,A_w100_T10000_std_lr0.01_s5_none,0.210158
961000,A_w100_T10000_std_lr0.01_s6_none,0.70219
961000,A_w100_T10000_std_lr0.01_s7_none,0.560402
961000,A_w100_T10000_std_lr0.01_s8_none,0.693895
961000,A_w100_T10000_std_lr0.01_s9_none,1.07332
962000,A_w100_T10000_std_lr0.01_s0_none,0.365939
962000,A_w100_T10000_std_lr0.01_s1_none,0.305811
962000,A_w100_T10000_std_lr0.01_s2_none,0.524099
962000,A_w100_T10000_std_lr0.01_s3_none,0.511131
962000,A_w100_T10000_std_lr0.01_s4_none,0.455613
962000,A_w100_T10000_std_lr0.01_s5_none,0.0280839
962000,A_w100_T10000_std_lr0.01_s6_none,0.549628
962000,A_w100_T10000_std_lr0.01_s7_none,0.289264
962000,A_w100_T10000_std_lr0.01_s8_none,0.52601
962000,A_w100_T10000_std_lr0.01_s9_none,0.63996
963000,A_w100_T10000_std_lr0.01_s0_none,0.271916
963000,A_w100_T10000_std_lr0.01_s1_none,0.247678
963000,A_w100_T10000_std_lr0.01_s2_none,0.459667
963000,A_w100_T10000_std_lr0.01_s3_none,0.513102
963000,A_w100_T10000_std_lr0.01_s4_none,0.391026
963000,A_w100_T10000_std_lr0.01_s5_none,0.0111534
963000,A_w100_T10000_std_lr0.01_s6_none,0.555016
963000,A_w100_T10000_std_lr0.01_s7_none,0.269362
963000,A_w100_T10000_std_lr0.01_s8_none,0.553091
963000,A_w100_T10000_std_lr0.01_s9_none,0.522496
964000,A_w100_T10000_std_lr0.01_s0_none,0.237105
964000,A_w100_T10000_std_lr0.01_s1_none,0.246364
964000,A_w100_T10000_std_lr0.01_s2_none,0.441147
964000,A_w100_T10000_std_lr0.01_s3_none,0.466108
964000,A_w100_T10000_std_lr0.01_s4_none,0.365367
964000,A_w100_T10000_std_lr0.01_s5_none,0.00516274
964000,A_w100_T10000_std_lr0.01_s6_none,0.420312
964000,A_w100_T10000_std_lr0.01_s7_none,0.185497
964000,A_w100_T10000_std_lr0.01_s8_none,0.481428
964000,A_w100_T10000_std_lr0.01_s9_none,0.445185
965000,A_w100_T10000_std_lr0.01_s0_none,0.228206
965000,A_w100_T10000_std_lr0.01_s1_none,0.231109
965000,A_w100_T10000_std_lr0.01_s2_none,0.423464
965000,A_w100_T10000_std_lr0.01_s3_none,0.472168
965000,A_w100_T10000_std_lr0.01_s4_none,0.299188
965000,A_w100_T10000_std_lr0.01_s5_none,0.00317514
965000,A_w100_T10000_std_lr0.01_s6_none,0.49266
965000,A_w100_T10000_std_lr0.01_s7_none,0.202538
965000,A_w100_T10000_std_lr0.01_s8_none,0.492399
965000,A_w100_T10000_std_lr0.01_s9_none,0.391079
966000,A_w100_T10000_std_lr0.01_s0_none,0.203393
966000,A_w100_T10000_std_lr0.01_s1_none,0.209362
966000,A_w100_T10000_std_lr0.01_s2_none,0.401776
966000,A_w100_T10000_std_lr0.01_s3_none,0.461424
966000,A_w100_T10000_std_lr0.01_s4_none,0.267295
966000,A_w100_T10000_std_lr0.01_s5_none,0.00156143
966000,A_w100_T10000_std_lr0.01_s6_none,0.462229
966000,A_w100_T10000_std_lr0.01_s7_none,0.157726
966000,A_w100_T10000_std_lr0.01_s8_none,0.453215
966000,A_w100_T10000_std_lr0.01_s9_none,0.394183
967000,A_w100_T10000_std_lr0.01_s0_none,0.187667
967000,A_w100_T10000_std_lr0.01_s1_none,0.225778
967000,A_w100_T10000_std_lr0.01_s2_none,0.363519
967000,A_w100_T10000_std_lr0.01_s3_none,0.443073
967000,A_w100_T10000_std_lr0.01_s4_none,0.235748
967000,A_w100_T10000_std_lr0.01_s5_none,0.000956643
967000,A_w100_T10000_std_lr0.01_s6_none,0.44129
967000,A_w100_T10000_std_lr0.01_s7_none,0.142612
967000,A_w100_T10000_std_lr0.01_s8_none,0.374758
967000,A_w100_T10000_std_lr0.01_s9_none,0.383189
968000,A_w100_T10000_std_lr0.01_s0_none,0.166878
968000,A_w100_T10000_std_lr0.01_s1_none,0.202886
968000,A_w100_T10000_std_lr0.01_s2_none,0.372574
968000,A_w100_T10000_std_lr0.01_s3_none,0.443114
968000,A_w100_T10000_std_lr0.01_s4_none,0.248181
968000,A_w100_T10000_std_lr0.01_s5_none,0.000621018
968000,A_w100_T10000_std_lr0.01_s6_none,0.490053
968000,A_w100_T10000_std_lr0.01_s7_none,0.121755
968000,A_w100_T10000_std_lr0.01_s8_none,0.328734
968000,A_w100_T10000_std_lr0.01_s9_none,0.327008
969000,A_w100_T10000_std_lr0.01_s0_none,0.164828
969000,A_w100_T10000_std_lr0.01_s1_none,0.186705
969000,A_w100_T10000_std_lr0.01_s2_none,0.386872
969000,A_w100_T10000_std_lr0.01_s3_none,0.466128
969000,A_w100_T10000_std_lr0.01_s4_none,0.22387
969000,A_w100_T10000_std_lr0.01_s5_none,0.000459711
969000,A_w100_T10000_std_lr0.01_s6_none,0.382719
969000,A_w100_T10000_std_lr0.01_s7_none,0.104192
969000,A_w100_T10000_std_lr0.01_s8_none,0.419497
969000,A_w100_T10000_std_lr0.01_s9_none,0.371871
970000,A_w100_T10000_std_lr0.01_s0_none,0.160419
970000,A_w100_T10000_std_lr0.01_s1_none,0.154373
970000,A_w100_T10000_std_lr0.01_s2_none,0.359355
970000,A_w100_T10000_std_lr0.01_s3_none,0.474062
970000,A_w100_T10000_std_lr0.01_s4_none,0.211874
970000,A_w100_T10000_std_lr0.01_s5_none,0.00034756
970000,A_w100_T10000_std_lr0.01_s6_none,0.40668
970000,A_w100_T10000_std_lr0.01_s7_none,0.0921969
970000,A_w100_T10000_std_lr0.01_s8_none,0.334668
970000,A_w100_T10000_std_lr0.01_s9_none,0.404449
971000,A_w100_T10000_std_lr0.01_s0_none,0.410625
971000,A_w100_T10000_std_lr0.01_s1_none,0.602599
971000,A_w100_T10000_std_lr0.01_s2_none,0.302899
971000,A_w100_T10000_std_lr0.01_s3_none,0.416742
971000,A_w100_T10000_std_lr0.01_s4_none,0.985016
971000,A_w100_T10000_std_lr0.01_s5_none,0.0875725
971000,A_w100_T10000_std_lr0.01_s6_none,0.419239
971000,A_w100_T10000_std_lr0.01_s7_none,0.647563
971000,A_w100_T10000_std_lr0.01_s8_none,0.812549
971000,A_w100_T10000_std_lr0.01_s9_none,1.10611
972000,A_w100_T10000_std_lr0.01_s0_none,0.2647
972000,A_w100_T10000_std_lr0.01_s1_none,0.272371
972000,A_w100_T10000_std_lr0.01_s2_none,0.143629
972000,A_w100_T10000_std_lr0.01_s3_none,0.358625
972000,A_w100_T10000_std_lr0.01_s4_none,0.71101
972000,A_w100_T10000_std_lr0.01_s5_none,0.0020795
972000,A_w100_T10000_std_lr0.01_s6_none,0.199982
972000,A_w100_T10000_std_lr0.01_s7_none,0.464072
972000,A_w100_T10000_std_lr0.01_s8_none,0.640897
972000,A_w100_T10000_std_lr0.01_s9_none,0.583321
973000,A_w100_T10000_std_lr0.01_s0_none,0.240054
973000,A_w100_T10000_std_lr0.01_s1_none,0.200644
973000,A_w100_T10000_std_lr0.01_s2_none,0.116619
973000,A_w100_T10000_std_lr0.01_s3_none,0.339226
973000,A_w100_T10000_std_lr0.01_s4_none,0.594872
973000,A_w100_T10000_std_lr0.01_s5_none,0.000801314
973000,A_w100_T10000_std_lr0.01_s6_none,0.159123
973000,A_w100_T10000_std_lr0.01_s7_none,0.421762
973000,A_w100_T10000_std_lr0.01_s8_none,0.560837
973000,A_w100_T10000_std_lr0.01_s9_none,0.478306
974000,A_w100_T10000_std_lr0.01_s0_none,0.198204
974000,A_w100_T10000_std_lr0.01_s1_none,0.155992
974000,A_w100_T10000_std_lr0.01_s2_none,0.103835
974000,A_w100_T10000_std_lr0.01_s3_none,0.347194
974000,A_w100_T10000_std_lr0.01_s4_none,0.643168
974000,A_w100_T10000_std_lr0.01_s5_none,0.000315255
974000,A_w100_T10000_std_lr0.01_s6_none,0.136136
974000,A_w100_T10000_std_lr0.01_s7_none,0.426055
974000,A_w100_T10000_std_lr0.01_s8_none,0.51462
974000,A_w100_T10000_std_lr0.01_s9_none,0.373611
975000,A_w100_T10000_std_lr0.01_s0_none,0.189144
975000,A_w100_T10000_std_lr0.01_s1_none,0.129662
975000,A_w100_T10000_std_lr0.01_s2_none,0.0888228
975000,A_w100_T10000_std_lr0.01_s3_none,0.341229
975000,A_w100_T10000_std_lr0.01_s4_none,0.623396
975000,A_w100_T10000_std_lr0.01_s5_none,0.000112261
975000,A_w100_T10000_std_lr0.01_s6_none,0.109076
975000,A_w100_T10000_std_lr0.01_s7_none,0.434483
975000,A_w100_T10000_std_lr0.01_s8_none,0.537147
975000,A_w100_T10000_std_lr0.01_s9_none,0.362718
976000,A_w100_T10000_std_lr0.01_s0_none,0.184907
976000,A_w100_T10000_std_lr0.01_s1_none,0.107383
976000,A_w100_T10000_std_lr0.01_s2_none,0.0888496
976000,A_w100_T10000_std_lr0.01_s3_none,0.342859
976000,A_w100_T10000_std_lr0.01_s4_none,0.616813
976000,A_w100_T10000_std_lr0.01_s5_none,4.81694e-05
976000,A_w100_T10000_std_lr0.01_s6_none,0.075467
976000,A_w100_T10000_std_lr0.01_s7_none,0.428121
976000,A_w100_T10000_std_lr0.01_s8_none,0.443062
976000,A_w100_T10000_std_lr0.01_s9_none,0.306916
977000,A_w100_T10000_std_lr0.01_s0_none,0.183598
977000,A_w100_T10000_std_lr0.01_s1_none,0.110247
977000,A_w100_T10000_std_lr0.01_s2_none,0.0757293
977000,A_w100_T10000_std_lr0.01_s3_none,0.338846
977000,A_w100_T10000_std_lr0.01_s4_none,0.536817
977000,A_w100_T10000_std_lr0.01_s5_none,1.83275e-05
977000,A_w100_T10000_std_lr0.01_s6_none,0.0489624
977000,A_w100_T10000_std_lr0.01_s7_none,0.421603
977000,A_w100_T10000_std_lr0.01_s8_none,0.464245
977000,A_w100_T10000_std_lr0.01_s9_none,0.273457
978000,A_w100_T10000_std_lr0.01_s0_none,0.183171
978000,A_w100_T10000_std_lr0.01_s1_none,0.108868
978000,A_w100_T10000_std_lr0.01_s2_none,0.0771134
978000,A_w100_T10000_std_lr0.01_s3_none,0.340013
978000,A_w100_T10000_std_lr0.01_s4_none,0.544682
978000,A_w100_T10000_std_lr0.01_s5_none,7.54682e-06
978000,A_w100_T10000_std_lr0.01_s6_none,0.043574
978000,A_w100_T10000_std_lr0.01_s7_none,0.397204
978000,A_w100_T10000_std_lr0.01_s8_none,0.452851
978000,A_w100_T10000_std_lr0.01_s9_none,0.268209
979000,A_w100_T10000_std_lr0.01_s0_none,0.181342
979000,A_w100_T10000_std_lr0.01_s1_none,0.104186
979000,A_w100_T10000_std_lr0.01_s2_none,0.0752954
979000,A_w100_T10000_std_lr0.01_s3_none,0.333682
979000,A_w100_T10000_std_lr0.01_s4_none,0.592981
979000,A_w100_T10000_std_lr0.01_s5_none,3.18414e-06
979000,A_w100_T10000_std_lr0.01_s6_none,0.0379323
979000,A_w100_T10000_std_lr0.01_s7_none,0.348519
979000,A_w100_T10000_std_lr0.01_s8_none,0.451769
979000,A_w100_T10000_std_lr0.01_s9_none,0.244924
980000,A_w100_T10000_std_lr0.01_s0_none,0.174403
980000,A_w100_T10000_std_lr0.01_s1_none,0.084823
980000,A_w100_T10000_std_lr0.01_s2_none,0.0661308
980000,A_w100_T10000_std_lr0.01_s3_none,0.356938
980000,A_w100_T10000_std_lr0.01_s4_none,0.555331
980000,A_w100_T10000_std_lr0.01_s5_none,1.26281e-06
980000,A_w100_T10000_std_lr0.01_s6_none,0.0352249
980000,A_w100_T10000_std_lr0.01_s7_none,0.337504
980000,A_w100_T10000_std_lr0.01_s8_none,0.488164
980000,A_w100_T10000_std_lr0.01_s9_none,0.268323
981000,A_w100_T10000_std_lr0.01_s0_none,0.446404
981000,A_w100_T10000_std_lr0.01_s1_none,1.13497
981000,A_w100_T10000_std_lr0.01_s2_none,0.714166
981000,A_w100_T10000_std_lr0.01_s3_none,0.49056
981000,A_w100_T10000_std_lr0.01_s4_none,0.89698
981000,A_w100_T10000_std_lr0.01_s5_none,0.094023
981000,A_w100_T10000_std_lr0.01_s6_none,0.943893
981000,A_w100_T10000_std_lr0.01_s7_none,0.351121
981000,A_w100_T10000_std_lr0.01_s8_none,1.11299
981000,A_w100_T10000_std_lr0.01_s9_none,1.73369
982000,A_w100_T10000_std_lr0.01_s0_none,0.260486
982000,A_w100_T10000_std_lr0.01_s1_none,0.688717
982000,A_w100_T10000_std_lr0.01_s2_none,0.427831
982000,A_w100_T10000_std_lr0.01_s3_none,0.364508
982000,A_w100_T10000_std_lr0.01_s4_none,0.786189
982000,A_w100_T10000_std_lr0.01_s5_none,0.00498968
982000,A_w100_T10000_std_lr0.01_s6_none,0.660935
982000,A_w100_T10000_std_lr0.01_s7_none,0.154757
982000,A_w100_T10000_std_lr0.01_s8_none,0.807737
982000,A_w100_T10000_std_lr0.01_s9_none,1.14673
983000,A_w100_T10000_std_lr0.01_s0_none,0.200401
983000,A_w100_T10000_std_lr0.01_s1_none,0.629946
983000,A_w100_T10000_std_lr0.01_s2_none,0.439944
983000,A_w100_T10000_std_lr0.01_s3_none,0.340835
983000,A_w100_T10000_std_lr0.01_s4_none,0.695984
983000,A_w100_T10000_std_lr0.01_s5_none,0.00411886
983000,A_w100_T10000_std_lr0.01_s6_none,0.600765
983000,A_w100_T10000_std_lr0.01_s7_none,0.0987722
983000,A_w100_T10000_std_lr0.01_s8_none,0.845759
983000,A_w100_T10000_std_lr0.01_s9_none,1.0049
984000,A_w100_T10000_std_lr0.01_s0_none,0.170325
984000,A_w100_T10000_std_lr0.01_s1_none,0.644264
984000,A_w100_T10000_std_lr0.01_s2_none,0.439781
984000,A_w100_T10000_std_lr0.01_s3_none,0.320088
984000,A_w100_T10000_std_lr0.01_s4_none,0.658542
984000,A_w100_T10000_std_lr0.01_s5_none,0.00298829
984000,A_w100_T10000_std_lr0.01_s6_none,0.570405
984000,A_w100_T10000_std_lr0.01_s7_none,0.0800427
984000,A_w100_T10000_std_lr0.01_s8_none,0.770555
984000,A_w100_T10000_std_lr0.01_s9_none,1.1045
985000,A_w100_T10000_std_lr0.01_s0_none,0.151573
985000,A_w100_T10000_std_lr0.01_s1_none,0.533551
985000,A_w100_T10000_std_lr0.01_s2_none,0.424402
985000,A_w100_T10000_std_lr0.01_s3_none,0.312915
985000,A_w100_T10000_std_lr0.01_s4_none,0.6101
985000,A_w100_T10000_std_lr0.01_s5_none,0.00212005
985000,A_w100_T10000_std_lr0.01_s6_none,0.497682
985000,A_w100_T10000_std_lr0.01_s7_none,0.0743453
985000,A_w100_T10000_std_lr0.01_s8_none,0.642313
985000,A_w100_T10000_std_lr0.01_s9_none,0.988899
986000,A_w100_T10000_std_lr0.01_s0_none,0.155513
986000,A_w100_T10000_std_lr0.01_s1_none,0.504216
986000,A_w100_T10000_std_lr0.01_s2_none,0.417006
986000,A_w100_T10000_std_lr0.01_s3_none,0.306841
986000,A_w100_T10000_std_lr0.01_s4_none,0.630737
986000,A_w100_T10000_std_lr0.01_s5_none,0.00163054
986000,A_w100_T10000_std_lr0.01_s6_none,0.515765
986000,A_w100_T10000_std_lr0.01_s7_none,0.0583303
986000,A_w100_T10000_std_lr0.01_s8_none,0.643333
986000,A_w100_T10000_std_lr0.01_s9_none,1.16368
987000,A_w100_T10000_std_lr0.01_s0_none,0.144057
987000,A_w100_T10000_std_lr0.01_s1_none,0.464476
987000,A_w100_T10000_std_lr0.01_s2_none,0.40465
987000,A_w100_T10000_std_lr0.01_s3_none,0.305524
987000,A_w100_T10000_std_lr0.01_s4_none,0.580944
987000,A_w100_T10000_std_lr0.01_s5_none,0.00134545
987000,A_w100_T10000_std_lr0.01_s6_none,0.542475
987000,A_w100_T10000_std_lr0.01_s7_none,0.0523553
987000,A_w100_T10000_std_lr0.01_s8_none,0.679365
987000,A_w100_T10000_std_lr0.01_s9_none,1.05502
988000,A_w100_T10000_std_lr0.01_s0_none,0.118028
988000,A_w100_T10000_std_lr0.01_s1_none,0.491368
988000,A_w100_T10000_std_lr0.01_s2_none,0.387694
988000,A_w100_T10000_std_lr0.01_s3_none,0.329888
988000,A_w100_T10000_std_lr0.01_s4_none,0.574708
988000,A_w100_T10000_std_lr0.01_s5_none,0.0011869
988000,A_w100_T10000_std_lr0.01_s6_none,0.517723
988000,A_w100_T10000_std_lr0.01_s7_none,0.0643977
988000,A_w100_T10000_std_lr0.01_s8_none,0.589834
988000,A_w100_T10000_std_lr0.01_s9_none,0.942739
989000,A_w100_T10000_std_lr0.01_s0_none,0.118155
989000,A_w100_T10000_std_lr0.01_s1_none,0.457252
989000,A_w100_T10000_std_lr0.01_s2_none,0.371915
989000,A_w100_T10000_std_lr0.01_s3_none,0.330208
989000,A_w100_T10000_std_lr0.01_s4_none,0.606373
989000,A_w100_T10000_std_lr0.01_s5_none,0.00104634
989000,A_w100_T10000_std_lr0.01_s6_none,0.540634
989000,A_w100_T10000_std_lr0.01_s7_none,0.0585757
989000,A_w100_T10000_std_lr0.01_s8_none,0.655665
989000,A_w100_T10000_std_lr0.01_s9_none,0.991968
990000,A_w100_T10000_std_lr0.01_s0_none,0.116051
990000,A_w100_T10000_std_lr0.01_s1_none,0.407111
990000,A_w100_T10000_std_lr0.01_s2_none,0.398525
990000,A_w100_T10000_std_lr0.01_s3_none,0.314998
990000,A_w100_T10000_std_lr0.01_s4_none,0.547321
990000,A_w100_T10000_std_lr0.01_s5_none,0.00095854
990000,A_w100_T10000_std_lr0.01_s6_none,0.490376
990000,A_w100_T10000_std_lr0.01_s7_none,0.0515201
990000,A_w100_T10000_std_lr0.01_s8_none,0.64068
990000,A_w100_T10000_std_lr0.01_s9_none,1.05592
991000,A_w100_T10000_std_lr0.01_s0_none,0.533009
991000,A_w100_T10000_std_lr0.01_s1_none,0.901867
991000,A_w100_T10000_std_lr0.01_s2_none,0.805516
991000,A_w100_T10000_std_lr0.01_s3_none,0.665566
991000,A_w100_T10000_std_lr0.01_s4_none,0.812399
991000,A_w100_T10000_std_lr0.01_s5_none,0.335031
991000,A_w100_T10000_std_lr0.01_s6_none,0.448236
991000,A_w100_T10000_std_lr0.01_s7_none,0.55258
991000,A_w100_T10000_std_lr0.01_s8_none,0.641559
991000,A_w100_T10000_std_lr0.01_s9_none,1.16969
992000,A_w100_T10000_std_lr0.01_s0_none,0.384924
992000,A_w100_T10000_std_lr0.01_s1_none,0.561372
992000,A_w100_T10000_std_lr0.01_s2_none,0.720399
992000,A_w100_T10000_std_lr0.01_s3_none,0.527439
992000,A_w100_T10000_std_lr0.01_s4_none,0.628653
992000,A_w100_T10000_std_lr0.01_s5_none,0.0839898
992000,A_w100_T10000_std_lr0.01_s6_none,0.31026
992000,A_w100_T10000_std_lr0.01_s7_none,0.190742
992000,A_w100_T10000_std_lr0.01_s8_none,0.426358
992000,A_w100_T10000_std_lr0.01_s9_none,0.726701
993000,A_w100_T10000_std_lr0.01_s0_none,0.27264
993000,A_w100_T10000_std_lr0.01_s1_none,0.454074
993000,A_w100_T10000_std_lr0.01_s2_none,0.668764
993000,A_w100_T10000_std_lr0.01_s3_none,0.547268
993000,A_w100_T10000_std_lr0.01_s4_none,0.554688
993000,A_w100_T10000_std_lr0.01_s5_none,0.0590583
993000,A_w100_T10000_std_lr0.01_s6_none,0.279769
993000,A_w100_T10000_std_lr0.01_s7_none,0.171305
993000,A_w100_T10000_std_lr0.01_s8_none,0.367582
993000,A_w100_T10000_std_lr0.01_s9_none,0.599682
994000,A_w100_T10000_std_lr0.01_s0_none,0.214295
994000,A_w100_T10000_std_lr0.01_s1_none,0.397679
994000,A_w100_T10000_std_lr0.01_s2_none,0.641508
994000,A_w100_T10000_std_lr0.01_s3_none,0.440521
994000,A_w100_T10000_std_lr0.01_s4_none,0.627646
994000,A_w100_T10000_std_lr0.01_s5_none,0.0423222
994000,A_w100_T10000_std_lr0.01_s6_none,0.276576
994000,A_w100_T10000_std_lr0.01_s7_none,0.169574
994000,A_w100_T10000_std_lr0.01_s8_none,0.343069
994000,A_w100_T10000_std_lr0.01_s9_none,0.642311
995000,A_w100_T10000_std_lr0.01_s0_none,0.185932
995000,A_w100_T10000_std_lr0.01_s1_none,0.389431
995000,A_w100_T10000_std_lr0.01_s2_none,0.636588
995000,A_w100_T10000_std_lr0.01_s3_none,0.375184
995000,A_w100_T10000_std_lr0.01_s4_none,0.571057
995000,A_w100_T10000_std_lr0.01_s5_none,0.0322876
995000,A_w100_T10000_std_lr0.01_s6_none,0.247457
995000,A_w100_T10000_std_lr0.01_s7_none,0.153424
995000,A_w100_T10000_std_lr0.01_s8_none,0.273213
995000,A_w100_T10000_std_lr0.01_s9_none,0.622577
996000,A_w100_T10000_std_lr0.01_s0_none,0.177056
996000,A_w100_T10000_std_lr0.01_s1_none,0.371318
996000,A_w100_T10000_std_lr0.01_s2_none,0.569002
996000,A_w100_T10000_std_lr0.01_s3_none,0.382555
996000,A_w100_T10000_std_lr0.01_s4_none,0.621496
996000,A_w100_T10000_std_lr0.01_s5_none,0.022345
996000,A_w100_T10000_std_lr0.01_s6_none,0.230386
996000,A_w100_T10000_std_lr0.01_s7_none,0.152593
996000,A_w100_T10000_std_lr0.01_s8_none,0.24223
996000,A_w100_T10000_std_lr0.01_s9_none,0.61293
997000,A_w100_T10000_std_lr0.01_s0_none,0.18654
997000,A_w100_T10000_std_lr0.01_s1_none,0.330768
997000,A_w100_T10000_std_lr0.01_s2_none,0.539383
997000,A_w100_T10000_std_lr0.01_s3_none,0.347839
997000,A_w100_T10000_std_lr0.01_s4_none,0.61826
997000,A_w100_T10000_std_lr0.01_s5_none,0.0145283
997000,A_w100_T10000_std_lr0.01_s6_none,0.235688
997000,A_w100_T10000_std_lr0.01_s7_none,0.15635
997000,A_w100_T10000_std_lr0.01_s8_none,0.218693
997000,A_w100_T10000_std_lr0.01_s9_none,0.601784
998000,A_w100_T10000_std_lr0.01_s0_none,0.183916
998000,A_w100_T10000_std_lr0.01_s1_none,0.312997
998000,A_w100_T10000_std_lr0.01_s2_none,0.462127
998000,A_w100_T10000_std_lr0.01_s3_none,0.335525
998000,A_w100_T10000_std_lr0.01_s4_none,0.596403
998000,A_w100_T10000_std_lr0.01_s5_none,0.00908881
998000,A_w100_T10000_std_lr0.01_s6_none,0.205511
998000,A_w100_T10000_std_lr0.01_s7_none,0.14885
998000,A_w100_T10000_std_lr0.01_s8_none,0.204262
998000,A_w100_T10000_std_lr0.01_s9_none,0.62525
999000,A_w100_T10000_std_lr0.01_s0_none,0.166841
999000,A_w100_T10000_std_lr0.01_s1_none,0.250649
999000,A_w100_T10000_std_lr0.01_s2_none,0.436116
999000,A_w100_T10000_std_lr0.01_s3_none,0.379063
999000,A_w100_T10000_std_lr0.01_s4_none,0.58845
999000,A_w100_T10000_std_lr0.01_s5_none,0.00606337
999000,A_w100_T10000_std_lr0.01_s6_none,0.181189
999000,A_w100_T10000_std_lr0.01_s7_none,0.15182
999000,A_w100_T10000_std_lr0.01_s8_none,0.189702
999000,A_w100_T10000_std_lr0.01_s9_none,0.598782
1000000,A_w100_T10000_std_lr0.01_s0_none,0.153069
1000000,A_w100_T10000_std_lr0.01_s1_none,0.28724
1000000,A_w100_T10000_std_lr0.01_s2_none,0.457592
1000000,A_w100_T10000_std_lr0.01_s3_none,0.338526
1000000,A_w100_T10000_std_lr0.01_s4_none,0.603401
1000000,A_w100_T10000_std_lr0.01_s5_none,0.00434708
1000000,A_w100_T10000_std_lr0.01_s6_none,0.244455
1000000,A_w100_T10000_std_lr0.01_s7_none,0.153434
1000000,A_w100_T10000_std_lr0.01_s8_none,0.204336
1000000,A_w100_T10000_std_lr0.01_s9_none,0.550984
