step,run_id,loss
1000,B_w5_K10000_c0.0_lr0.01_bfull_s0,0.139134
1000,B_w5_K10000_c0.0_lr0.01_bfull_s1,0.173653
1000,B_w5_K10000_c0.0_lr0.01_bfull_s2,0.165963
1000,B_w5_K10000_c0.0_lr0.01_bfull_s3,0.365559
1000,B_w5_K10000_c0.0_lr0.01_bfull_s4,0.285583
1000,B_w5_K10000_c2.0_lr0.01_bfull_s0,0.24816
1000,B_w5_K10000_c2.0_lr0.01_bfull_s1,0.171246
1000,B_w5_K10000_c2.0_lr0.01_bfull_s2,0.293744
1000,B_w5_K10000_c2.0_lr0.01_bfull_s3,0.251354
1000,B_w5_K10000_c2.0_lr0.01_bfull_s4,0.292904
2000,B_w5_K10000_c0.0_lr0.01_bfull_s0,0.0410479
2000,B_w5_K10000_c0.0_lr0.01_bfull_s1,0.0967841
2000,B_w5_K10000_c0.0_lr0.01_bfull_s2,0.05848
2000,B_w5_K10000_c0.0_lr0.01_bfull_s3,0.105077
2000,B_w5_K10000_c0.0_lr0.01_bfull_s4,0.151414
2000,B_w5_K10000_c2.0_lr0.01_bfull_s0,0.127376
2000,B_w5_K10000_c2.0_lr0.01_bfull_s1,0.0808089
2000,B_w5_K10000_c2.0_lr0.01_bfull_s2,0.124433
2000,B_w5_K10000_c2.0_lr0.01_bfull_s3,0.110426
2000,B_w5_K10000_c2.0_lr0.01_bfull_s4,0.170144
3000,B_w5_K10000_c0.0_lr0.01_bfull_s0,0.0265164
3000,B_w5_K10000_c0.0_lr0.01_bfull_s1,0.0649112
3000,B_w5_K10000_c0.0_lr0.01_bfull_s2,0.0337628
3000,B_w5_K10000_c0.0_lr0.01_bfull_s3,0.0921387
3000,B_w5_K10000_c0.0_lr0.01_bfull_s4,0.110333
3000,B_w5_K10000_c2.0_lr0.01_bfull_s0,0.037168
3000,B_w5_K10000_c2.0_lr0.01_bfull_s1,0.0437555
3000,B_w5_K10000_c2.0_lr0.01_bfull_s2,0.106554
3000,B_w5_K10000_c2.0_lr0.01_bfull_s3,0.0755712
3000,B_w5_K10000_c2.0_lr0.01_bfull_s4,0.123952
4000,B_w5_K10000_c0.0_lr0.01_bfull_s0,0.0186048
4000,B_w5_K10000_c0.0_lr0.01_bfull_s1,0.0464587
4000,B_w5_K10000_c0.0_lr0.01_bfull_s2,0.0206192
4000,B_w5_K10000_c0.0_lr0.01_bfull_s3,0.0910993
4000,B_w5_K10000_c0.0_lr0.01_bfull_s4,0.0942211
4000,B_w5_K10000_c2.0_lr0.01_bfull_s0,0.0312343
4000,B_w5_K10000_c2.0_lr0.01_bfull_s1,0.0352782
4000,B_w5_K10000_c2.0_lr0.01_bfull_s2,0.0866899
4000,B_w5_K10000_c2.0_lr0.01_bfull_s3,0.0503161
4000,B_w5_K10000_c2.0_lr0.01_bfull_s4,0.0790514
5000,B_w5_K10000_c0.0_lr0.01_bfull_s0,0.0152739
5000,B_w5_K10000_c0.0_lr0.01_bfull_s1,0.0335243
5000,B_w5_K10000_c0.0_lr0.01_bfull_s2,0.0138689
5000,B_w5_K10000_c0.0_lr0.01_bfull_s3,0.0905003
5000,B_w5_K10000_c0.0_lr0.01_bfull_s4,0.0792587
5000,B_w5_K10000_c2.0_lr0.01_bfull_s0,0.0308759
5000,B_w5_K10000_c2.0_lr0.01_bfull_s1,0.0326419
5000,B_w5_K10000_c2.0_lr0.01_bfull_s2,0.0604434
5000,B_w5_K10000_c2.0_lr0.01_bfull_s3,0.0369902
5000,B_w5_K10000_c2.0_lr0.01_bfull_s4,0.0458047
6000,B_w5_K10000_c0.0_lr0.01_bfull_s0,0.0142557
6000,B_w5_K10000_c0.0_lr0.01_bfull_s1,0.0243095
6000,B_w5_K10000_c0.0_lr0.01_bfull_s2,0.0107854
6000,B_w5_K10000_c0.0_lr0.01_bfull_s3,0.0898078
6000,B_w5_K10000_c0.0_lr0.01_bfull_s4,0.0584579
6000,B_w5_K10000_c2.0_lr0.01_bfull_s0,0.0307217
6000,B_w5_K10000_c2.0_lr0.01_bfull_s1,0.0311103
6000,B_w5_K10000_c2.0_lr0.01_bfull_s2,0.0349314
6000,B_w5_K10000_c2.0_lr0.01_bfull_s3,0.0256092
6000,B_w5_K10000_c2.0_lr0.01_bfull_s4,0.026748
7000,B_w5_K10000_c0.0_lr0.01_bfull_s0,0.0138737
7000,B_w5_K10000_c0.0_lr0.01_bfull_s1,0.0177855
7000,B_w5_K10000_c0.0_lr0.01_bfull_s2,0.00948056
7000,B_w5_K10000_c0.0_lr0.01_bfull_s3,0.089605
7000,B_w5_K10000_c0.0_lr0.01_bfull_s4,0.0422198
7000,B_w5_K10000_c2.0_lr0.01_bfull_s0,0.0305256
7000,B_w5_K10000_c2.0_lr0.01_bfull_s1,0.0298427
7000,B_w5_K10000_c2.0_lr0.01_bfull_s2,0.0185224
7000,B_w5_K10000_c2.0_lr0.01_bfull_s3,0.0175138
7000,B_w5_K10000_c2.0_lr0.01_bfull_s4,0.017886
8000,B_w5_K10000_c0.0_lr0.01_bfull_s0,0.0136533
8000,B_w5_K10000_c0.0_lr0.01_bfull_s1,0.0134712
8000,B_w5_K10000_c0.0_lr0.01_bfull_s2,0.00892814
8000,B_w5_K10000_c0.0_lr0.01_bfull_s3,0.0892169
8000,B_w5_K10000_c0.0_lr0.01_bfull_s4,0.0355811
8000,B_w5_K10000_c2.0_lr0.01_bfull_s0,0.0301874
8000,B_w5_K10000_c2.0_lr0.01_bfull_s1,0.0286879
8000,B_w5_K10000_c2.0_lr0.01_bfull_s2,0.0110803
8000,B_w5_K10000_c2.0_lr0.01_bfull_s3,0.012595
8000,B_w5_K10000_c2.0_lr0.01_bfull_s4,0.0134757
9000,B_w5_K10000_c0.0_lr0.01_bfull_s0,0.0135183
9000,B_w5_K10000_c0.0_lr0.01_bfull_s1,0.0104813
9000,B_w5_K10000_c0.0_lr0.01_bfull_s2,0.00861693
9000,B_w5_K10000_c0.0_lr0.01_bfull_s3,0.0886966
9000,B_w5_K10000_c0.0_lr0.01_bfull_s4,0.0333866
9000,B_w5_K10000_c2.0_lr0.01_bfull_s0,0.0299905
9000,B_w5_K10000_c2.0_lr0.01_bfull_s1,0.0274496
9000,B_w5_K10000_c2.0_lr0.01_bfull_s2,0.00765987
9000,B_w5_K10000_c2.0_lr0.01_bfull_s3,0.00953781
9000,B_w5_K10000_c2.0_lr0.01_bfull_s4,0.011103
10000,B_w5_K10000_c0.0_lr0.01_bfull_s0,0.0134249
10000,B_w5_K10000_c0.0_lr0.01_bfull_s1,0.00849684
10000,B_w5_K10000_c0.0_lr0.01_bfull_s2,0.00838521
10000,B_w5_K10000_c0.0_lr0.01_bfull_s3,0.0883458
10000,B_w5_K10000_c0.0_lr0.01_bfull_s4,0.032437
10000,B_w5_K10000_c2.0_lr0.01_bfull_s0,0.0293994
10000,B_w5_K10000_c2.0_lr0.01_bfull_s1,0.0262625
10000,B_w5_K10000_c2.0_lr0.01_bfull_s2,0.00592256
10000,B_w5_K10000_c2.0_lr0.01_bfull_s3,0.00745826
10000,B_w5_K10000_c2.0_lr0.01_bfull_s4,0.00980386
11000,B_w5_K10000_c0.0_lr0.01_bfull_s0,0.454701
11000,B_w5_K10000_c0.0_lr0.01_bfull_s1,0.184387
11000,B_w5_K10000_c0.0_lr0.01_bfull_s2,0.462247
11000,B_w5_K10000_c0.0_lr0.01_bfull_s3,0.292406
11000,B_w5_K10000_c0.0_lr0.01_bfull_s4,0.291578
11000,B_w5_K10000_c2.0_lr0.01_bfull_s0,0.37123
11000,B_w5_K10000_c2.0_lr0.01_bfull_s1,0.288108
11000,B_w5_K10000_c2.0_lr0.01_bfull_s2,0.20589
11000,B_w5_K10000_c2.0_lr0.01_bfull_s3,0.0853532
11000,B_w5_K10000_c2.0_lr0.01_bfull_s4,0.368772
12000,B_w5_K10000_c0.0_lr0.01_bfull_s0,0.233095
12000,B_w5_K10000_c0.0_lr0.01_bfull_s1,0.0423542
12000,B_w5_K10000_c0.0_lr0.01_bfull_s2,0.199227
12000,B_w5_K10000_c0.0_lr0.01_bfull_s3,0.158838
12000,B_w5_K10000_c0.0_lr0.01_bfull_s4,0.0744572
12000,B_w5_K10000_c2.0_lr0.01_bfull_s0,0.138534
12000,B_w5_K10000_c2.0_lr0.01_bfull_s1,0.0871545
12000,B_w5_K10000_c2.0_lr0.01_bfull_s2,0.041216
12000,B_w5_K10000_c2.0_lr0.01_bfull_s3,0.04395
12000,B_w5_K10000_c2.0_lr0.01_bfull_s4,0.0973407
13000,B_w5_K10000_c0.0_lr0.01_bfull_s0,0.173628
13000,B_w5_K10000_c0.0_lr0.01_bfull_s1,0.032927
13000,B_w5_K10000_c0.0_lr0.01_bfull_s2,0.180779
13000,B_w5_K10000_c0.0_lr0.01_bfull_s3,0.112654
13000,B_w5_K10000_c0.0_lr0.01_bfull_s4,0.0563143
13000,B_w5_K10000_c2.0_lr0.01_bfull_s0,0.0445853
13000,B_w5_K10000_c2.0_lr0.01_bfull_s1,0.0584303
13000,B_w5_K10000_c2.0_lr0.01_bfull_s2,0.0379084
13000,B_w5_K10000_c2.0_lr0.01_bfull_s3,0.0337413
13000,B_w5_K10000_c2.0_lr0.01_bfull_s4,0.0785522
14000,B_w5_K10000_c0.0_lr0.01_bfull_s0,0.118831
14000,B_w5_K10000_c0.0_lr0.01_bfull_s1,0.0289088
14000,B_w5_K10000_c0.0_lr0.01_bfull_s2,0.168055
14000,B_w5_K10000_c0.0_lr0.01_bfull_s3,0.0701869
14000,B_w5_K10000_c0.0_lr0.01_bfull_s4,0.0447256
14000,B_w5_K10000_c2.0_lr0.01_bfull_s0,0.00980394
14000,B_w5_K10000_c2.0_lr0.01_bfull_s1,0.0537747
14000,B_w5_K10000_c2.0_lr0.01_bfull_s2,0.0375541
14000,B_w5_K10000_c2.0_lr0.01_bfull_s3,0.0300671
14000,B_w5_K10000_c2.0_lr0.01_bfull_s4,0.0758688
15000,B_w5_K10000_c0.0_lr0.01_bfull_s0,0.0630688
15000,B_w5_K10000_c0.0_lr0.01_bfull_s1,0.0252041
15000,B_w5_K10000_c0.0_lr0.01_bfull_s2,0.160251
15000,B_w5_K10000_c0.0_lr0.01_bfull_s3,0.0537387
15000,B_w5_K10000_c0.0_lr0.01_bfull_s4,0.0334642
15000,B_w5_K10000_c2.0_lr0.01_bfull_s0,0.00627821
15000,B_w5_K10000_c2.0_lr0.01_bfull_s1,0.0517983
15000,B_w5_K10000_c2.0_lr0.01_bfull_s2,0.0374209
15000,B_w5_K10000_c2.0_lr0.01_bfull_s3,0.0286522
15000,B_w5_K10000_c2.0_lr0.01_bfull_s4,0.0751364
16000,B_w5_K10000_c0.0_lr0.01_bfull_s0,0.032698
16000,B_w5_K10000_c0.0_lr0.01_bfull_s1,0.0224772
16000,B_w5_K10000_c0.0_lr0.01_bfull_s2,0.155782
16000,B_w5_K10000_c0.0_lr0.01_bfull_s3,0.0473517
16000,B_w5_K10000_c0.0_lr0.01_bfull_s4,0.0244205
16000,B_w5_K10000_c2.0_lr0.01_bfull_s0,0.00583043
16000,B_w5_K10000_c2.0_lr0.01_bfull_s1,0.0496924
16000,B_w5_K10000_c2.0_lr0.01_bfull_s2,0.0371437
16000,B_w5_K10000_c2.0_lr0.01_bfull_s3,0.0280509
16000,B_w5_K10000_c2.0_lr0.01_bfull_s4,0.0745406
17000,B_w5_K10000_c0.0_lr0.01_bfull_s0,0.0226498
17000,B_w5_K10000_c0.0_lr0.01_bfull_s1,0.0204402
17000,B_w5_K10000_c0.0_lr0.01_bfull_s2,0.1528
17000,B_w5_K10000_c0.0_lr0.01_bfull_s3,0.0442102
17000,B_w5_K10000_c0.0_lr0.01_bfull_s4,0.0190257
17000,B_w5_K10000_c2.0_lr0.01_bfull_s0,0.00565087
17000,B_w5_K10000_c2.0_lr0.01_bfull_s1,0.0478288
17000,B_w5_K10000_c2.0_lr0.01_bfull_s2,0.0367847
17000,B_w5_K10000_c2.0_lr0.01_bfull_s3,0.0277349
17000,B_w5_K10000_c2.0_lr0.01_bfull_s4,0.073875
18000,B_w5_K10000_c0.0_lr0.01_bfull_s0,0.0202467
18000,B_w5_K10000_c0.0_lr0.01_bfull_s1,0.0190362
18000,B_w5_K10000_c0.0_lr0.01_bfull_s2,0.150234
18000,B_w5_K10000_c0.0_lr0.01_bfull_s3,0.0417963
18000,B_w5_K10000_c0.0_lr0.01_bfull_s4,0.0164987
18000,B_w5_K10000_c2.0_lr0.01_bfull_s0,0.00558831
18000,B_w5_K10000_c2.0_lr0.01_bfull_s1,0.0455266
18000,B_w5_K10000_c2.0_lr0.01_bfull_s2,0.036493
18000,B_w5_K10000_c2.0_lr0.01_bfull_s3,0.0275404
18000,B_w5_K10000_c2.0_lr0.01_bfull_s4,0.0736159
19000,B_w5_K10000_c0.0_lr0.01_bfull_s0,0.0196268
19000,B_w5_K10000_c0.0_lr0.01_bfull_s1,0.0178373
19000,B_w5_K10000_c0.0_lr0.01_bfull_s2,0.14769
19000,B_w5_K10000_c0.0_lr0.01_bfull_s3,0.0399752
19000,B_w5_K10000_c0.0_lr0.01_bfull_s4,0.0155395
19000,B_w5_K10000_c2.0_lr0.01_bfull_s0,0.00550485
19000,B_w5_K10000_c2.0_lr0.01_bfull_s1,0.0437696
19000,B_w5_K10000_c2.0_lr0.01_bfull_s2,0.0361433
19000,B_w5_K10000_c2.0_lr0.01_bfull_s3,0.0273063
19000,B_w5_K10000_c2.0_lr0.01_bfull_s4,0.0729402
20000,B_w5_K10000_c0.0_lr0.01_bfull_s0,0.0193442
20000,B_w5_K10000_c0.0_lr0.01_bfull_s1,0.0168172
20000,B_w5_K10000_c0.0_lr0.01_bfull_s2,0.144792
20000,B_w5_K10000_c0.0_lr0.01_bfull_s3,0.0381427
20000,B_w5_K10000_c0.0_lr0.01_bfull_s4,0.0152314
20000,B_w5_K10000_c2.0_lr0.01_bfull_s0,0.00549996
20000,B_w5_K10000_c2.0_lr0.01_bfull_s1,0.0421796
20000,B_w5_K10000_c2.0_lr0.01_bfull_s2,0.0355706
20000,B_w5_K10000_c2.0_lr0.01_bfull_s3,0.0270101
20000,B_w5_K10000_c2.0_lr0.01_bfull_s4,0.0720368
21000,B_w5_K10000_c0.0_lr0.01_bfull_s0,0.55976
21000,B_w5_K10000_c0.0_lr0.01_bfull_s1,0.450164
21000,B_w5_K10000_c0.0_lr0.01_bfull_s2,0.239998
21000,B_w5_K10000_c0.0_lr0.01_bfull_s3,0.258964
21000,B_w5_K10000_c0.0_lr0.01_bfull_s4,0.233759
21000,B_w5_K10000_c2.0_lr0.01_bfull_s0,0.19185
21000,B_w5_K10000_c2.0_lr0.01_bfull_s1,0.199144
21000,B_w5_K10000_c2.0_lr0.01_bfull_s2,0.159634
21000,B_w5_K10000_c2.0_lr0.01_bfull_s3,0.371701
21000,B_w5_K10000_c2.0_lr0.01_bfull_s4,0.335883
22000,B_w5_K10000_c0.0_lr0.01_bfull_s0,0.197856
22000,B_w5_K10000_c0.0_lr0.01_bfull_s1,0.290713
22000,B_w5_K10000_c0.0_lr0.01_bfull_s2,0.0695358
22000,B_w5_K10000_c0.0_lr0.01_bfull_s3,0.159766
22000,B_w5_K10000_c0.0_lr0.01_bfull_s4,0.0972067
22000,B_w5_K10000_c2.0_lr0.01_bfull_s0,0.0990978
22000,B_w5_K10000_c2.0_lr0.01_bfull_s1,0.0955254
22000,B_w5_K10000_c2.0_lr0.01_bfull_s2,0.0681261
22000,B_w5_K10000_c2.0_lr0.01_bfull_s3,0.140407
22000,B_w5_K10000_c2.0_lr0.01_bfull_s4,0.119287
23000,B_w5_K10000_c0.0_lr0.01_bfull_s0,0.119985
23000,B_w5_K10000_c0.0_lr0.01_bfull_s1,0.271275
23000,B_w5_K10000_c0.0_lr0.01_bfull_s2,0.0382849
23000,B_w5_K10000_c0.0_lr0.01_bfull_s3,0.114452
23000,B_w5_K10000_c0.0_lr0.01_bfull_s4,0.0933117
23000,B_w5_K10000_c2.0_lr0.01_bfull_s0,0.0867132
23000,B_w5_K10000_c2.0_lr0.01_bfull_s1,0.0776646
23000,B_w5_K10000_c2.0_lr0.01_bfull_s2,0.05279
23000,B_w5_K10000_c2.0_lr0.01_bfull_s3,0.0892624
23000,B_w5_K10000_c2.0_lr0.01_bfull_s4,0.0696269
24000,B_w5_K10000_c0.0_lr0.01_bfull_s0,0.0393253
24000,B_w5_K10000_c0.0_lr0.01_bfull_s1,0.248088
24000,B_w5_K10000_c0.0_lr0.01_bfull_s2,0.0298533
24000,B_w5_K10000_c0.0_lr0.01_bfull_s3,0.0516132
24000,B_w5_K10000_c0.0_lr0.01_bfull_s4,0.0914583
24000,B_w5_K10000_c2.0_lr0.01_bfull_s0,0.0776259
24000,B_w5_K10000_c2.0_lr0.01_bfull_s1,0.061981
24000,B_w5_K10000_c2.0_lr0.01_bfull_s2,0.0436087
24000,B_w5_K10000_c2.0_lr0.01_bfull_s3,0.0723576
24000,B_w5_K10000_c2.0_lr0.01_bfull_s4,0.0388315
25000,B_w5_K10000_c0.0_lr0.01_bfull_s0,0.0149494
25000,B_w5_K10000_c0.0_lr0.01_bfull_s1,0.19862
25000,B_w5_K10000_c0.0_lr0.01_bfull_s2,0.0244283
25000,B_w5_K10000_c0.0_lr0.01_bfull_s3,0.0349347
25000,B_w5_K10000_c0.0_lr0.01_bfull_s4,0.0890162
25000,B_w5_K10000_c2.0_lr0.01_bfull_s0,0.0670452
25000,B_w5_K10000_c2.0_lr0.01_bfull_s1,0.0536102
25000,B_w5_K10000_c2.0_lr0.01_bfull_s2,0.0360835
25000,B_w5_K10000_c2.0_lr0.01_bfull_s3,0.0655107
25000,B_w5_K10000_c2.0_lr0.01_bfull_s4,0.0279785
26000,B_w5_K10000_c0.0_lr0.01_bfull_s0,0.00934139
26000,B_w5_K10000_c0.0_lr0.01_bfull_s1,0.127179
26000,B_w5_K10000_c0.0_lr0.01_bfull_s2,0.0202222
26000,B_w5_K10000_c0.0_lr0.01_bfull_s3,0.0326343
26000,B_w5_K10000_c0.0_lr0.01_bfull_s4,0.0850605
26000,B_w5_K10000_c2.0_lr0.01_bfull_s0,0.0536529
26000,B_w5_K10000_c2.0_lr0.01_bfull_s1,0.0509208
26000,B_w5_K10000_c2.0_lr0.01_bfull_s2,0.0297911
26000,B_w5_K10000_c2.0_lr0.01_bfull_s3,0.0610795
26000,B_w5_K10000_c2.0_lr0.01_bfull_s4,0.0241945
27000,B_w5_K10000_c0.0_lr0.01_bfull_s0,0.0076245
27000,B_w5_K10000_c0.0_lr0.01_bfull_s1,0.0713012
27000,B_w5_K10000_c0.0_lr0.01_bfull_s2,0.0171056
27000,B_w5_K10000_c0.0_lr0.01_bfull_s3,0.0318141
27000,B_w5_K10000_c0.0_lr0.01_bfull_s4,0.0784974
27000,B_w5_K10000_c2.0_lr0.01_bfull_s0,0.039895
27000,B_w5_K10000_c2.0_lr0.01_bfull_s1,0.0497007
27000,B_w5_K10000_c2.0_lr0.01_bfull_s2,0.0251428
27000,B_w5_K10000_c2.0_lr0.01_bfull_s3,0.0579341
27000,B_w5_K10000_c2.0_lr0.01_bfull_s4,0.0224924
28000,B_w5_K10000_c0.0_lr0.01_bfull_s0,0.00690215
28000,B_w5_K10000_c0.0_lr0.01_bfull_s1,0.0507051
28000,B_w5_K10000_c0.0_lr0.01_bfull_s2,0.0145979
28000,B_w5_K10000_c0.0_lr0.01_bfull_s3,0.0311909
28000,B_w5_K10000_c0.0_lr0.01_bfull_s4,0.0695871
28000,B_w5_K10000_c2.0_lr0.01_bfull_s0,0.0296896
28000,B_w5_K10000_c2.0_lr0.01_bfull_s1,0.049232
28000,B_w5_K10000_c2.0_lr0.01_bfull_s2,0.022118
28000,B_w5_K10000_c2.0_lr0.01_bfull_s3,0.0548729
28000,B_w5_K10000_c2.0_lr0.01_bfull_s4,0.0215597
29000,B_w5_K10000_c0.0_lr0.01_bfull_s0,0.00659528
29000,B_w5_K10000_c0.0_lr0.01_bfull_s1,0.0446982
29000,B_w5_K10000_c0.0_lr0.01_bfull_s2,0.0127999
29000,B_w5_K10000_c0.0_lr0.01_bfull_s3,0.0308912
29000,B_w5_K10000_c0.0_lr0.01_bfull_s4,0.0620879
29000,B_w5_K10000_c2.0_lr0.01_bfull_s0,0.02411
29000,B_w5_K10000_c2.0_lr0.01_bfull_s1,0.0488724
29000,B_w5_K10000_c2.0_lr0.01_bfull_s2,0.0202214
29000,B_w5_K10000_c2.0_lr0.01_bfull_s3,0.0521501
29000,B_w5_K10000_c2.0_lr0.01_bfull_s4,0.0209786
30000,B_w5_K10000_c0.0_lr0.01_bfull_s0,0.00644518
30000,B_w5_K10000_c0.0_lr0.01_bfull_s1,0.0423784
30000,B_w5_K10000_c0.0_lr0.01_bfull_s2,0.0112664
30000,B_w5_K10000_c0.0_lr0.01_bfull_s3,0.0306219
30000,B_w5_K10000_c0.0_lr0.01_bfull_s4,0.058039
30000,B_w5_K10000_c2.0_lr0.01_bfull_s0,0.0205266
30000,B_w5_K10000_c2.0_lr0.01_bfull_s1,0.0484409
30000,B_w5_K10000_c2.0_lr0.01_bfull_s2,0.0189435
30000,B_w5_K10000_c2.0_lr0.01_bfull_s3,0.0499481
30000,B_w5_K10000_c2.0_lr0.01_bfull_s4,0.02054
31000,B_w5_K10000_c0.0_lr0.01_bfull_s0,0.181847
31000,B_w5_K10000_c0.0_lr0.01_bfull_s1,0.363904
31000,B_w5_K10000_c0.0_lr0.01_bfull_s2,0.448751
31000,B_w5_K10000_c0.0_lr0.01_bfull_s3,0.492008
31000,B_w5_K10000_c0.0_lr0.01_bfull_s4,0.278133
31000,B_w5_K10000_c2.0_lr0.01_bfull_s0,0.394618
31000,B_w5_K10000_c2.0_lr0.01_bfull_s1,0.304742
31000,B_w5_K10000_c2.0_lr0.01_bfull_s2,0.442341
31000,B_w5_K10000_c2.0_lr0.01_bfull_s3,0.308659
31000,B_w5_K10000_c2.0_lr0.01_bfull_s4,0.198655
32000,B_w5_K10000_c0.0_lr0.01_bfull_s0,0.0946579
32000,B_w5_K10000_c0.0_lr0.01_bfull_s1,0.237563
32000,B_w5_K10000_c0.0_lr0.01_bfull_s2,0.124988
32000,B_w5_K10000_c0.0_lr0.01_bfull_s3,0.23531
32000,B_w5_K10000_c0.0_lr0.01_bfull_s4,0.0687377
32000,B_w5_K10000_c2.0_lr0.01_bfull_s0,0.185192
32000,B_w5_K10000_c2.0_lr0.01_bfull_s1,0.166254
32000,B_w5_K10000_c2.0_lr0.01_bfull_s2,0.215996
32000,B_w5_K10000_c2.0_lr0.01_bfull_s3,0.200118
32000,B_w5_K10000_c2.0_lr0.01_bfull_s4,0.0930737
33000,B_w5_K10000_c0.0_lr0.01_bfull_s0,0.0844956
33000,B_w5_K10000_c0.0_lr0.01_bfull_s1,0.227084
33000,B_w5_K10000_c0.0_lr0.01_bfull_s2,0.031702
33000,B_w5_K10000_c0.0_lr0.01_bfull_s3,0.176453
33000,B_w5_K10000_c0.0_lr0.01_bfull_s4,0.0440712
33000,B_w5_K10000_c2.0_lr0.01_bfull_s0,0.165218
33000,B_w5_K10000_c2.0_lr0.01_bfull_s1,0.0991153
33000,B_w5_K10000_c2.0_lr0.01_bfull_s2,0.16942
33000,B_w5_K10000_c2.0_lr0.01_bfull_s3,0.178624
33000,B_w5_K10000_c2.0_lr0.01_bfull_s4,0.0751263
34000,B_w5_K10000_c0.0_lr0.01_bfull_s0,0.0730959
34000,B_w5_K10000_c0.0_lr0.01_bfull_s1,0.216809
34000,B_w5_K10000_c0.0_lr0.01_bfull_s2,0.0216918
34000,B_w5_K10000_c0.0_lr0.01_bfull_s3,0.154544
34000,B_w5_K10000_c0.0_lr0.01_bfull_s4,0.0255661
34000,B_w5_K10000_c2.0_lr0.01_bfull_s0,0.124629
34000,B_w5_K10000_c2.0_lr0.01_bfull_s1,0.0547497
34000,B_w5_K10000_c2.0_lr0.01_bfull_s2,0.124799
34000,B_w5_K10000_c2.0_lr0.01_bfull_s3,0.119524
34000,B_w5_K10000_c2.0_lr0.01_bfull_s4,0.0695917
35000,B_w5_K10000_c0.0_lr0.01_bfull_s0,0.0598999
35000,B_w5_K10000_c0.0_lr0.01_bfull_s1,0.205728
35000,B_w5_K10000_c0.0_lr0.01_bfull_s2,0.0185913
35000,B_w5_K10000_c0.0_lr0.01_bfull_s3,0.150174
35000,B_w5_K10000_c0.0_lr0.01_bfull_s4,0.0208766
35000,B_w5_K10000_c2.0_lr0.01_bfull_s0,0.0853612
35000,B_w5_K10000_c2.0_lr0.01_bfull_s1,0.0424944
35000,B_w5_K10000_c2.0_lr0.01_bfull_s2,0.0848067
35000,B_w5_K10000_c2.0_lr0.01_bfull_s3,0.0763175
35000,B_w5_K10000_c2.0_lr0.01_bfull_s4,0.0653824
36000,B_w5_K10000_c0.0_lr0.01_bfull_s0,0.0478462
36000,B_w5_K10000_c0.0_lr0.01_bfull_s1,0.19537
36000,B_w5_K10000_c0.0_lr0.01_bfull_s2,0.016541
36000,B_w5_K10000_c0.0_lr0.01_bfull_s3,0.147346
36000,B_w5_K10000_c0.0_lr0.01_bfull_s4,0.0200816
36000,B_w5_K10000_c2.0_lr0.01_bfull_s0,0.0494846
36000,B_w5_K10000_c2.0_lr0.01_bfull_s1,0.0384314
36000,B_w5_K10000_c2.0_lr0.01_bfull_s2,0.0534152
36000,B_w5_K10000_c2.0_lr0.01_bfull_s3,0.0687546
36000,B_w5_K10000_c2.0_lr0.01_bfull_s4,0.0612625
37000,B_w5_K10000_c0.0_lr0.01_bfull_s0,0.0386469
37000,B_w5_K10000_c0.0_lr0.01_bfull_s1,0.182043
37000,B_w5_K10000_c0.0_lr0.01_bfull_s2,0.0151176
37000,B_w5_K10000_c0.0_lr0.01_bfull_s3,0.145737
37000,B_w5_K10000_c0.0_lr0.01_bfull_s4,0.0198055
37000,B_w5_K10000_c2.0_lr0.01_bfull_s0,0.0353863
37000,B_w5_K10000_c2.0_lr0.01_bfull_s1,0.0363848
37000,B_w5_K10000_c2.0_lr0.01_bfull_s2,0.0380289
37000,B_w5_K10000_c2.0_lr0.01_bfull_s3,0.0664311
37000,B_w5_K10000_c2.0_lr0.01_bfull_s4,0.0576293
38000,B_w5_K10000_c0.0_lr0.01_bfull_s0,0.03339
38000,B_w5_K10000_c0.0_lr0.01_bfull_s1,0.135772
38000,B_w5_K10000_c0.0_lr0.01_bfull_s2,0.0139702
38000,B_w5_K10000_c0.0_lr0.01_bfull_s3,0.142326
38000,B_w5_K10000_c0.0_lr0.01_bfull_s4,0.0196397
38000,B_w5_K10000_c2.0_lr0.01_bfull_s0,0.0315554
38000,B_w5_K10000_c2.0_lr0.01_bfull_s1,0.0353794
38000,B_w5_K10000_c2.0_lr0.01_bfull_s2,0.0270887
38000,B_w5_K10000_c2.0_lr0.01_bfull_s3,0.0658554
38000,B_w5_K10000_c2.0_lr0.01_bfull_s4,0.0542142
39000,B_w5_K10000_c0.0_lr0.01_bfull_s0,0.0304326
39000,B_w5_K10000_c0.0_lr0.01_bfull_s1,0.0717915
39000,B_w5_K10000_c0.0_lr0.01_bfull_s2,0.0130365
39000,B_w5_K10000_c0.0_lr0.01_bfull_s3,0.137356
39000,B_w5_K10000_c0.0_lr0.01_bfull_s4,0.019295
39000,B_w5_K10000_c2.0_lr0.01_bfull_s0,0.0301889
39000,B_w5_K10000_c2.0_lr0.01_bfull_s1,0.0348984
39000,B_w5_K10000_c2.0_lr0.01_bfull_s2,0.0193356
39000,B_w5_K10000_c2.0_lr0.01_bfull_s3,0.0655999
39000,B_w5_K10000_c2.0_lr0.01_bfull_s4,0.0518654
40000,B_w5_K10000_c0.0_lr0.01_bfull_s0,0.0287347
40000,B_w5_K10000_c0.0_lr0.01_bfull_s1,0.0324726
40000,B_w5_K10000_c0.0_lr0.01_bfull_s2,0.0123812
40000,B_w5_K10000_c0.0_lr0.01_bfull_s3,0.128891
40000,B_w5_K10000_c0.0_lr0.01_bfull_s4,0.0189778
40000,B_w5_K10000_c2.0_lr0.01_bfull_s0,0.0296225
40000,B_w5_K10000_c2.0_lr0.01_bfull_s1,0.0343335
40000,B_w5_K10000_c2.0_lr0.01_bfull_s2,0.0155242
40000,B_w5_K10000_c2.0_lr0.01_bfull_s3,0.0657258
40000,B_w5_K10000_c2.0_lr0.01_bfull_s4,0.0493264
41000,B_w5_K10000_c0.0_lr0.01_bfull_s0,0.295911
41000,B_w5_K10000_c0.0_lr0.01_bfull_s1,0.218923
41000,B_w5_K10000_c0.0_lr0.01_bfull_s2,0.401852
41000,B_w5_K10000_c0.0_lr0.01_bfull_s3,0.383873
41000,B_w5_K10000_c0.0_lr0.01_bfull_s4,0.353917
41000,B_w5_K10000_c2.0_lr0.01_bfull_s0,0.115886
41000,B_w5_K10000_c2.0_lr0.01_bfull_s1,0.319246
41000,B_w5_K10000_c2.0_lr0.01_bfull_s2,0.309759
41000,B_w5_K10000_c2.0_lr0.01_bfull_s3,0.243809
41000,B_w5_K10000_c2.0_lr0.01_bfull_s4,0.133447
42000,B_w5_K10000_c0.0_lr0.01_bfull_s0,0.117192
42000,B_w5_K10000_c0.0_lr0.01_bfull_s1,0.108585
42000,B_w5_K10000_c0.0_lr0.01_bfull_s2,0.183728
42000,B_w5_K10000_c0.0_lr0.01_bfull_s3,0.11331
42000,B_w5_K10000_c0.0_lr0.01_bfull_s4,0.148309
42000,B_w5_K10000_c2.0_lr0.01_bfull_s0,0.0347346
42000,B_w5_K10000_c2.0_lr0.01_bfull_s1,0.171937
42000,B_w5_K10000_c2.0_lr0.01_bfull_s2,0.117742
42000,B_w5_K10000_c2.0_lr0.01_bfull_s3,0.106816
42000,B_w5_K10000_c2.0_lr0.01_bfull_s4,0.0451209
43000,B_w5_K10000_c0.0_lr0.01_bfull_s0,0.100758
43000,B_w5_K10000_c0.0_lr0.01_bfull_s1,0.0845292
43000,B_w5_K10000_c0.0_lr0.01_bfull_s2,0.154225
43000,B_w5_K10000_c0.0_lr0.01_bfull_s3,0.0808173
43000,B_w5_K10000_c0.0_lr0.01_bfull_s4,0.103463
43000,B_w5_K10000_c2.0_lr0.01_bfull_s0,0.0330013
43000,B_w5_K10000_c2.0_lr0.01_bfull_s1,0.1412
43000,B_w5_K10000_c2.0_lr0.01_bfull_s2,0.0755043
43000,B_w5_K10000_c2.0_lr0.01_bfull_s3,0.0932721
43000,B_w5_K10000_c2.0_lr0.01_bfull_s4,0.0367575
44000,B_w5_K10000_c0.0_lr0.01_bfull_s0,0.0959654
44000,B_w5_K10000_c0.0_lr0.01_bfull_s1,0.0837314
44000,B_w5_K10000_c0.0_lr0.01_bfull_s2,0.147429
44000,B_w5_K10000_c0.0_lr0.01_bfull_s3,0.0717116
44000,B_w5_K10000_c0.0_lr0.01_bfull_s4,0.0752226
44000,B_w5_K10000_c2.0_lr0.01_bfull_s0,0.0325082
44000,B_w5_K10000_c2.0_lr0.01_bfull_s1,0.107495
44000,B_w5_K10000_c2.0_lr0.01_bfull_s2,0.056066
44000,B_w5_K10000_c2.0_lr0.01_bfull_s3,0.0881516
44000,B_w5_K10000_c2.0_lr0.01_bfull_s4,0.0340018
45000,B_w5_K10000_c0.0_lr0.01_bfull_s0,0.089167
45000,B_w5_K10000_c0.0_lr0.01_bfull_s1,0.0835046
45000,B_w5_K10000_c0.0_lr0.01_bfull_s2,0.145964
45000,B_w5_K10000_c0.0_lr0.01_bfull_s3,0.0699844
45000,B_w5_K10000_c0.0_lr0.01_bfull_s4,0.0632909
45000,B_w5_K10000_c2.0_lr0.01_bfull_s0,0.0320824
45000,B_w5_K10000_c2.0_lr0.01_bfull_s1,0.0842477
45000,B_w5_K10000_c2.0_lr0.01_bfull_s2,0.0526398
45000,B_w5_K10000_c2.0_lr0.01_bfull_s3,0.0839725
45000,B_w5_K10000_c2.0_lr0.01_bfull_s4,0.0322167
46000,B_w5_K10000_c0.0_lr0.01_bfull_s0,0.071179
46000,B_w5_K10000_c0.0_lr0.01_bfull_s1,0.0834669
46000,B_w5_K10000_c0.0_lr0.01_bfull_s2,0.145314
46000,B_w5_K10000_c0.0_lr0.01_bfull_s3,0.0688383
46000,B_w5_K10000_c0.0_lr0.01_bfull_s4,0.057822
46000,B_w5_K10000_c2.0_lr0.01_bfull_s0,0.0314169
46000,B_w5_K10000_c2.0_lr0.01_bfull_s1,0.0735427
46000,B_w5_K10000_c2.0_lr0.01_bfull_s2,0.0513291
46000,B_w5_K10000_c2.0_lr0.01_bfull_s3,0.078271
46000,B_w5_K10000_c2.0_lr0.01_bfull_s4,0.0307375
47000,B_w5_K10000_c0.0_lr0.01_bfull_s0,0.0428399
47000,B_w5_K10000_c0.0_lr0.01_bfull_s1,0.0832791
47000,B_w5_K10000_c0.0_lr0.01_bfull_s2,0.144373
47000,B_w5_K10000_c0.0_lr0.01_bfull_s3,0.0680667
47000,B_w5_K10000_c0.0_lr0.01_bfull_s4,0.054473
47000,B_w5_K10000_c2.0_lr0.01_bfull_s0,0.0306451
47000,B_w5_K10000_c2.0_lr0.01_bfull_s1,0.0695175
47000,B_w5_K10000_c2.0_lr0.01_bfull_s2,0.0502394
47000,B_w5_K10000_c2.0_lr0.01_bfull_s3,0.0709876
47000,B_w5_K10000_c2.0_lr0.01_bfull_s4,0.0292135
48000,B_w5_K10000_c0.0_lr0.01_bfull_s0,0.0257845
48000,B_w5_K10000_c0.0_lr0.01_bfull_s1,0.083246
48000,B_w5_K10000_c0.0_lr0.01_bfull_s2,0.143709
48000,B_w5_K10000_c0.0_lr0.01_bfull_s3,0.0664993
48000,B_w5_K10000_c0.0_lr0.01_bfull_s4,0.0511744
48000,B_w5_K10000_c2.0_lr0.01_bfull_s0,0.0297105
48000,B_w5_K10000_c2.0_lr0.01_bfull_s1,0.0683369
48000,B_w5_K10000_c2.0_lr0.01_bfull_s2,0.0489932
48000,B_w5_K10000_c2.0_lr0.01_bfull_s3,0.0621325
48000,B_w5_K10000_c2.0_lr0.01_bfull_s4,0.0281874
49000,B_w5_K10000_c0.0_lr0.01_bfull_s0,0.0206662
49000,B_w5_K10000_c0.0_lr0.01_bfull_s1,0.0832794
49000,B_w5_K10000_c0.0_lr0.01_bfull_s2,0.142548
49000,B_w5_K10000_c0.0_lr0.01_bfull_s3,0.0640397
49000,B_w5_K10000_c0.0_lr0.01_bfull_s4,0.0453889
49000,B_w5_K10000_c2.0_lr0.01_bfull_s0,0.0282837
49000,B_w5_K10000_c2.0_lr0.01_bfull_s1,0.0673067
49000,B_w5_K10000_c2.0_lr0.01_bfull_s2,0.0474713
49000,B_w5_K10000_c2.0_lr0.01_bfull_s3,0.0533389
49000,B_w5_K10000_c2.0_lr0.01_bfull_s4,0.0271092
50000,B_w5_K10000_c0.0_lr0.01_bfull_s0,0.0189632
50000,B_w5_K10000_c0.0_lr0.01_bfull_s1,0.0831201
50000,B_w5_K10000_c0.0_lr0.01_bfull_s2,0.14157
50000,B_w5_K10000_c0.0_lr0.01_bfull_s3,0.0613562
50000,B_w5_K10000_c0.0_lr0.01_bfull_s4,0.0329984
50000,B_w5_K10000_c2.0_lr0.01_bfull_s0,0.0265399
50000,B_w5_K10000_c2.0_lr0.01_bfull_s1,0.0663094
50000,B_w5_K10000_c2.0_lr0.01_bfull_s2,0.0461992
50000,B_w5_K10000_c2.0_lr0.01_bfull_s3,0.0465133
50000,B_w5_K10000_c2.0_lr0.01_bfull_s4,0.0262925
51000,B_w5_K10000_c0.0_lr0.01_bfull_s0,0.257344
51000,B_w5_K10000_c0.0_lr0.01_bfull_s1,0.194485
51000,B_w5_K10000_c0.0_lr0.01_bfull_s2,0.359141
51000,B_w5_K10000_c0.0_lr0.01_bfull_s3,0.459245
51000,B_w5_K10000_c0.0_lr0.01_bfull_s4,0.221026
51000,B_w5_K10000_c2.0_lr0.01_bfull_s0,0.27533
51000,B_w5_K10000_c2.0_lr0.01_bfull_s1,0.486417
51000,B_w5_K10000_c2.0_lr0.01_bfull_s2,0.437884
51000,B_w5_K10000_c2.0_lr0.01_bfull_s3,0.316526
51000,B_w5_K10000_c2.0_lr0.01_bfull_s4,0.188526
52000,B_w5_K10000_c0.0_lr0.01_bfull_s0,0.0797513
52000,B_w5_K10000_c0.0_lr0.01_bfull_s1,0.14808
52000,B_w5_K10000_c0.0_lr0.01_bfull_s2,0.128234
52000,B_w5_K10000_c0.0_lr0.01_bfull_s3,0.170876
52000,B_w5_K10000_c0.0_lr0.01_bfull_s4,0.0356071
52000,B_w5_K10000_c2.0_lr0.01_bfull_s0,0.11489
52000,B_w5_K10000_c2.0_lr0.01_bfull_s1,0.278866
52000,B_w5_K10000_c2.0_lr0.01_bfull_s2,0.084255
52000,B_w5_K10000_c2.0_lr0.01_bfull_s3,0.186954
52000,B_w5_K10000_c2.0_lr0.01_bfull_s4,0.144932
53000,B_w5_K10000_c0.0_lr0.01_bfull_s0,0.0722858
53000,B_w5_K10000_c0.0_lr0.01_bfull_s1,0.141466
53000,B_w5_K10000_c0.0_lr0.01_bfull_s2,0.123894
53000,B_w5_K10000_c0.0_lr0.01_bfull_s3,0.13394
53000,B_w5_K10000_c0.0_lr0.01_bfull_s4,0.0182497
53000,B_w5_K10000_c2.0_lr0.01_bfull_s0,0.0875739
53000,B_w5_K10000_c2.0_lr0.01_bfull_s1,0.224752
53000,B_w5_K10000_c2.0_lr0.01_bfull_s2,0.0445106
53000,B_w5_K10000_c2.0_lr0.01_bfull_s3,0.120331
53000,B_w5_K10000_c2.0_lr0.01_bfull_s4,0.135484
54000,B_w5_K10000_c0.0_lr0.01_bfull_s0,0.0711105
54000,B_w5_K10000_c0.0_lr0.01_bfull_s1,0.133636
54000,B_w5_K10000_c0.0_lr0.01_bfull_s2,0.122559
54000,B_w5_K10000_c0.0_lr0.01_bfull_s3,0.0826902
54000,B_w5_K10000_c0.0_lr0.01_bfull_s4,0.0161019
54000,B_w5_K10000_c2.0_lr0.01_bfull_s0,0.067092
54000,B_w5_K10000_c2.0_lr0.01_bfull_s1,0.196393
54000,B_w5_K10000_c2.0_lr0.01_bfull_s2,0.0395301
54000,B_w5_K10000_c2.0_lr0.01_bfull_s3,0.0751089
54000,B_w5_K10000_c2.0_lr0.01_bfull_s4,0.125275
55000,B_w5_K10000_c0.0_lr0.01_bfull_s0,0.0696524
55000,B_w5_K10000_c0.0_lr0.01_bfull_s1,0.124763
55000,B_w5_K10000_c0.0_lr0.01_bfull_s2,0.121018
55000,B_w5_K10000_c0.0_lr0.01_bfull_s3,0.0433186
55000,B_w5_K10000_c0.0_lr0.01_bfull_s4,0.0156541
55000,B_w5_K10000_c2.0_lr0.01_bfull_s0,0.055564
55000,B_w5_K10000_c2.0_lr0.01_bfull_s1,0.172425
55000,B_w5_K10000_c2.0_lr0.01_bfull_s2,0.0378947
55000,B_w5_K10000_c2.0_lr0.01_bfull_s3,0.060056
55000,B_w5_K10000_c2.0_lr0.01_bfull_s4,0.110682
56000,B_w5_K10000_c0.0_lr0.01_bfull_s0,0.067855
56000,B_w5_K10000_c0.0_lr0.01_bfull_s1,0.115258
56000,B_w5_K10000_c0.0_lr0.01_bfull_s2,0.118625
56000,B_w5_K10000_c0.0_lr0.01_bfull_s3,0.0270728
56000,B_w5_K10000_c0.0_lr0.01_bfull_s4,0.0154229
56000,B_w5_K10000_c2.0_lr0.01_bfull_s0,0.0475441
56000,B_w5_K10000_c2.0_lr0.01_bfull_s1,0.143037
56000,B_w5_K10000_c2.0_lr0.01_bfull_s2,0.0373873
56000,B_w5_K10000_c2.0_lr0.01_bfull_s3,0.0534986
56000,B_w5_K10000_c2.0_lr0.01_bfull_s4,0.0989467
57000,B_w5_K10000_c0.0_lr0.01_bfull_s0,0.0651323
57000,B_w5_K10000_c0.0_lr0.01_bfull_s1,0.108292
57000,B_w5_K10000_c0.0_lr0.01_bfull_s2,0.11454
57000,B_w5_K10000_c0.0_lr0.01_bfull_s3,0.0203878
57000,B_w5_K10000_c0.0_lr0.01_bfull_s4,0.01534
57000,B_w5_K10000_c2.0_lr0.01_bfull_s0,0.039831
57000,B_w5_K10000_c2.0_lr0.01_bfull_s1,0.132627
57000,B_w5_K10000_c2.0_lr0.01_bfull_s2,0.0371749
57000,B_w5_K10000_c2.0_lr0.01_bfull_s3,0.0506593
57000,B_w5_K10000_c2.0_lr0.01_bfull_s4,0.0926183
58000,B_w5_K10000_c0.0_lr0.01_bfull_s0,0.0611076
58000,B_w5_K10000_c0.0_lr0.01_bfull_s1,0.100771
58000,B_w5_K10000_c0.0_lr0.01_bfull_s2,0.107542
58000,B_w5_K10000_c0.0_lr0.01_bfull_s3,0.0169403
58000,B_w5_K10000_c0.0_lr0.01_bfull_s4,0.015303
58000,B_w5_K10000_c2.0_lr0.01_bfull_s0,0.0307595
58000,B_w5_K10000_c2.0_lr0.01_bfull_s1,0.127014
58000,B_w5_K10000_c2.0_lr0.01_bfull_s2,0.0370918
58000,B_w5_K10000_c2.0_lr0.01_bfull_s3,0.0491482
58000,B_w5_K10000_c2.0_lr0.01_bfull_s4,0.0890824
59000,B_w5_K10000_c0.0_lr0.01_bfull_s0,0.0545091
59000,B_w5_K10000_c0.0_lr0.01_bfull_s1,0.0866934
59000,B_w5_K10000_c0.0_lr0.01_bfull_s2,0.0942821
59000,B_w5_K10000_c0.0_lr0.01_bfull_s3,0.0147558
59000,B_w5_K10000_c0.0_lr0.01_bfull_s4,0.0153509
59000,B_w5_K10000_c2.0_lr0.01_bfull_s0,0.0206608
59000,B_w5_K10000_c2.0_lr0.01_bfull_s1,0.121188
59000,B_w5_K10000_c2.0_lr0.01_bfull_s2,0.0370306
59000,B_w5_K10000_c2.0_lr0.01_bfull_s3,0.0484794
59000,B_w5_K10000_c2.0_lr0.01_bfull_s4,0.0856646
60000,B_w5_K10000_c0.0_lr0.01_bfull_s0,0.0430834
60000,B_w5_K10000_c0.0_lr0.01_bfull_s1,0.0629684
60000,B_w5_K10000_c0.0_lr0.01_bfull_s2,0.0757765
60000,B_w5_K10000_c0.0_lr0.01_bfull_s3,0.0133607
60000,B_w5_K10000_c0.0_lr0.01_bfull_s4,0.0153066
60000,B_w5_K10000_c2.0_lr0.01_bfull_s0,0.0121217
60000,B_w5_K10000_c2.0_lr0.01_bfull_s1,0.110707
60000,B_w5_K10000_c2.0_lr0.01_bfull_s2,0.0368631
60000,B_w5_K10000_c2.0_lr0.01_bfull_s3,0.0480636
60000,B_w5_K10000_c2.0_lr0.01_bfull_s4,0.0817325
61000,B_w5_K10000_c0.0_lr0.01_bfull_s0,0.439464
61000,B_w5_K10000_c0.0_lr0.01_bfull_s1,0.144546
61000,B_w5_K10000_c0.0_lr0.01_bfull_s2,0.247939
61000,B_w5_K10000_c0.0_lr0.01_bfull_s3,0.408045
61000,B_w5_K10000_c0.0_lr0.01_bfull_s4,0.265606
61000,B_w5_K10000_c2.0_lr0.01_bfull_s0,0.25372
61000,B_w5_K10000_c2.0_lr0.01_bfull_s1,0.165036
61000,B_w5_K10000_c2.0_lr0.01_bfull_s2,0.389658
61000,B_w5_K10000_c2.0_lr0.01_bfull_s3,0.299017
61000,B_w5_K10000_c2.0_lr0.01_bfull_s4,0.363097
62000,B_w5_K10000_c0.0_lr0.01_bfull_s0,0.214474
62000,B_w5_K10000_c0.0_lr0.01_bfull_s1,0.119452
62000,B_w5_K10000_c0.0_lr0.01_bfull_s2,0.102459
62000,B_w5_K10000_c0.0_lr0.01_bfull_s3,0.123135
62000,B_w5_K10000_c0.0_lr0.01_bfull_s4,0.10044
62000,B_w5_K10000_c2.0_lr0.01_bfull_s0,0.128639
62000,B_w5_K10000_c2.0_lr0.01_bfull_s1,0.121584
62000,B_w5_K10000_c2.0_lr0.01_bfull_s2,0.279794
62000,B_w5_K10000_c2.0_lr0.01_bfull_s3,0.103504
62000,B_w5_K10000_c2.0_lr0.01_bfull_s4,0.300049
63000,B_w5_K10000_c0.0_lr0.01_bfull_s0,0.152005
63000,B_w5_K10000_c0.0_lr0.01_bfull_s1,0.104237
63000,B_w5_K10000_c0.0_lr0.01_bfull_s2,0.0847412
63000,B_w5_K10000_c0.0_lr0.01_bfull_s3,0.108897
63000,B_w5_K10000_c0.0_lr0.01_bfull_s4,0.0412735
63000,B_w5_K10000_c2.0_lr0.01_bfull_s0,0.120072
63000,B_w5_K10000_c2.0_lr0.01_bfull_s1,0.115886
63000,B_w5_K10000_c2.0_lr0.01_bfull_s2,0.252943
63000,B_w5_K10000_c2.0_lr0.01_bfull_s3,0.0601021
63000,B_w5_K10000_c2.0_lr0.01_bfull_s4,0.251285
64000,B_w5_K10000_c0.0_lr0.01_bfull_s0,0.106642
64000,B_w5_K10000_c0.0_lr0.01_bfull_s1,0.0810806
64000,B_w5_K10000_c0.0_lr0.01_bfull_s2,0.0747479
64000,B_w5_K10000_c0.0_lr0.01_bfull_s3,0.105588
64000,B_w5_K10000_c0.0_lr0.01_bfull_s4,0.0322249
64000,B_w5_K10000_c2.0_lr0.01_bfull_s0,0.115564
64000,B_w5_K10000_c2.0_lr0.01_bfull_s1,0.106042
64000,B_w5_K10000_c2.0_lr0.01_bfull_s2,0.234076
64000,B_w5_K10000_c2.0_lr0.01_bfull_s3,0.0510871
64000,B_w5_K10000_c2.0_lr0.01_bfull_s4,0.21797
65000,B_w5_K10000_c0.0_lr0.01_bfull_s0,0.0748729
65000,B_w5_K10000_c0.0_lr0.01_bfull_s1,0.0630224
65000,B_w5_K10000_c0.0_lr0.01_bfull_s2,0.0699685
65000,B_w5_K10000_c0.0_lr0.01_bfull_s3,0.0984323
65000,B_w5_K10000_c0.0_lr0.01_bfull_s4,0.0285675
65000,B_w5_K10000_c2.0_lr0.01_bfull_s0,0.111294
65000,B_w5_K10000_c2.0_lr0.01_bfull_s1,0.0786864
65000,B_w5_K10000_c2.0_lr0.01_bfull_s2,0.222524
65000,B_w5_K10000_c2.0_lr0.01_bfull_s3,0.0426516
65000,B_w5_K10000_c2.0_lr0.01_bfull_s4,0.210773
66000,B_w5_K10000_c0.0_lr0.01_bfull_s0,0.0534644
66000,B_w5_K10000_c0.0_lr0.01_bfull_s1,0.0556666
66000,B_w5_K10000_c0.0_lr0.01_bfull_s2,0.0663336
66000,B_w5_K10000_c0.0_lr0.01_bfull_s3,0.0847649
66000,B_w5_K10000_c0.0_lr0.01_bfull_s4,0.0253457
66000,B_w5_K10000_c2.0_lr0.01_bfull_s0,0.105263
66000,B_w5_K10000_c2.0_lr0.01_bfull_s1,0.0406057
66000,B_w5_K10000_c2.0_lr0.01_bfull_s2,0.211925
66000,B_w5_K10000_c2.0_lr0.01_bfull_s3,0.0356921
66000,B_w5_K10000_c2.0_lr0.01_bfull_s4,0.204078
67000,B_w5_K10000_c0.0_lr0.01_bfull_s0,0.0431419
67000,B_w5_K10000_c0.0_lr0.01_bfull_s1,0.0533016
67000,B_w5_K10000_c0.0_lr0.01_bfull_s2,0.0626281
67000,B_w5_K10000_c0.0_lr0.01_bfull_s3,0.0700086
67000,B_w5_K10000_c0.0_lr0.01_bfull_s4,0.0225042
67000,B_w5_K10000_c2.0_lr0.01_bfull_s0,0.095464
67000,B_w5_K10000_c2.0_lr0.01_bfull_s1,0.0283803
67000,B_w5_K10000_c2.0_lr0.01_bfull_s2,0.190061
67000,B_w5_K10000_c2.0_lr0.01_bfull_s3,0.0300648
67000,B_w5_K10000_c2.0_lr0.01_bfull_s4,0.194923
68000,B_w5_K10000_c0.0_lr0.01_bfull_s0,0.0363235
68000,B_w5_K10000_c0.0_lr0.01_bfull_s1,0.0524079
68000,B_w5_K10000_c0.0_lr0.01_bfull_s2,0.0585624
68000,B_w5_K10000_c0.0_lr0.01_bfull_s3,0.057889
68000,B_w5_K10000_c0.0_lr0.01_bfull_s4,0.0203196
68000,B_w5_K10000_c2.0_lr0.01_bfull_s0,0.0806002
68000,B_w5_K10000_c2.0_lr0.01_bfull_s1,0.0242481
68000,B_w5_K10000_c2.0_lr0.01_bfull_s2,0.136572
68000,B_w5_K10000_c2.0_lr0.01_bfull_s3,0.0256307
68000,B_w5_K10000_c2.0_lr0.01_bfull_s4,0.176969
69000,B_w5_K10000_c0.0_lr0.01_bfull_s0,0.0311714
69000,B_w5_K10000_c0.0_lr0.01_bfull_s1,0.051805
69000,B_w5_K10000_c0.0_lr0.01_bfull_s2,0.0533105
69000,B_w5_K10000_c0.0_lr0.01_bfull_s3,0.0483721
69000,B_w5_K10000_c0.0_lr0.01_bfull_s4,0.0187329
69000,B_w5_K10000_c2.0_lr0.01_bfull_s0,0.0663417
69000,B_w5_K10000_c2.0_lr0.01_bfull_s1,0.0219794
69000,B_w5_K10000_c2.0_lr0.01_bfull_s2,0.0517435
69000,B_w5_K10000_c2.0_lr0.01_bfull_s3,0.0216586
69000,B_w5_K10000_c2.0_lr0.01_bfull_s4,0.15249
70000,B_w5_K10000_c0.0_lr0.01_bfull_s0,0.0269967
70000,B_w5_K10000_c0.0_lr0.01_bfull_s1,0.0513048
70000,B_w5_K10000_c0.0_lr0.01_bfull_s2,0.0471071
70000,B_w5_K10000_c0.0_lr0.01_bfull_s3,0.0407695
70000,B_w5_K10000_c0.0_lr0.01_bfull_s4,0.0175561
70000,B_w5_K10000_c2.0_lr0.01_bfull_s0,0.0591808
70000,B_w5_K10000_c2.0_lr0.01_bfull_s1,0.0207183
70000,B_w5_K10000_c2.0_lr0.01_bfull_s2,0.0301552
70000,B_w5_K10000_c2.0_lr0.01_bfull_s3,0.0181066
70000,B_w5_K10000_c2.0_lr0.01_bfull_s4,0.136284
71000,B_w5_K10000_c0.0_lr0.01_bfull_s0,0.419545
71000,B_w5_K10000_c0.0_lr0.01_bfull_s1,0.24777
71000,B_w5_K10000_c0.0_lr0.01_bfull_s2,0.395487
71000,B_w5_K10000_c0.0_lr0.01_bfull_s3,0.403988
71000,B_w5_K10000_c0.0_lr0.01_bfull_s4,0.283748
71000,B_w5_K10000_c2.0_lr0.01_bfull_s0,0.275866
71000,B_w5_K10000_c2.0_lr0.01_bfull_s1,0.193336
71000,B_w5_K10000_c2.0_lr0.01_bfull_s2,0.189608
71000,B_w5_K10000_c2.0_lr0.01_bfull_s3,0.0825999
71000,B_w5_K10000_c2.0_lr0.01_bfull_s4,0.332113
72000,B_w5_K10000_c0.0_lr0.01_bfull_s0,0.1579
72000,B_w5_K10000_c0.0_lr0.01_bfull_s1,0.228779
72000,B_w5_K10000_c0.0_lr0.01_bfull_s2,0.163985
72000,B_w5_K10000_c0.0_lr0.01_bfull_s3,0.177086
72000,B_w5_K10000_c0.0_lr0.01_bfull_s4,0.104789
72000,B_w5_K10000_c2.0_lr0.01_bfull_s0,0.192385
72000,B_w5_K10000_c2.0_lr0.01_bfull_s1,0.119859
72000,B_w5_K10000_c2.0_lr0.01_bfull_s2,0.0927024
72000,B_w5_K10000_c2.0_lr0.01_bfull_s3,0.0148123
72000,B_w5_K10000_c2.0_lr0.01_bfull_s4,0.103155
73000,B_w5_K10000_c0.0_lr0.01_bfull_s0,0.108837
73000,B_w5_K10000_c0.0_lr0.01_bfull_s1,0.227455
73000,B_w5_K10000_c0.0_lr0.01_bfull_s2,0.118362
73000,B_w5_K10000_c0.0_lr0.01_bfull_s3,0.0977103
73000,B_w5_K10000_c0.0_lr0.01_bfull_s4,0.0742782
73000,B_w5_K10000_c2.0_lr0.01_bfull_s0,0.175561
73000,B_w5_K10000_c2.0_lr0.01_bfull_s1,0.0753707
73000,B_w5_K10000_c2.0_lr0.01_bfull_s2,0.0811544
73000,B_w5_K10000_c2.0_lr0.01_bfull_s3,0.0128769
73000,B_w5_K10000_c2.0_lr0.01_bfull_s4,0.0564463
74000,B_w5_K10000_c0.0_lr0.01_bfull_s0,0.0544267
74000,B_w5_K10000_c0.0_lr0.01_bfull_s1,0.223666
74000,B_w5_K10000_c0.0_lr0.01_bfull_s2,0.077398
74000,B_w5_K10000_c0.0_lr0.01_bfull_s3,0.0832874
74000,B_w5_K10000_c0.0_lr0.01_bfull_s4,0.0617955
74000,B_w5_K10000_c2.0_lr0.01_bfull_s0,0.165384
74000,B_w5_K10000_c2.0_lr0.01_bfull_s1,0.0713378
74000,B_w5_K10000_c2.0_lr0.01_bfull_s2,0.0669546
74000,B_w5_K10000_c2.0_lr0.01_bfull_s3,0.0124027
74000,B_w5_K10000_c2.0_lr0.01_bfull_s4,0.0441676
75000,B_w5_K10000_c0.0_lr0.01_bfull_s0,0.0298312
75000,B_w5_K10000_c0.0_lr0.01_bfull_s1,0.2094
75000,B_w5_K10000_c0.0_lr0.01_bfull_s2,0.0692601
75000,B_w5_K10000_c0.0_lr0.01_bfull_s3,0.0690299
75000,B_w5_K10000_c0.0_lr0.01_bfull_s4,0.0502583
75000,B_w5_K10000_c2.0_lr0.01_bfull_s0,0.155797
75000,B_w5_K10000_c2.0_lr0.01_bfull_s1,0.070757
75000,B_w5_K10000_c2.0_lr0.01_bfull_s2,0.0526358
75000,B_w5_K10000_c2.0_lr0.01_bfull_s3,0.0120572
75000,B_w5_K10000_c2.0_lr0.01_bfull_s4,0.0426612
76000,B_w5_K10000_c0.0_lr0.01_bfull_s0,0.0239036
76000,B_w5_K10000_c0.0_lr0.01_bfull_s1,0.188056
76000,B_w5_K10000_c0.0_lr0.01_bfull_s2,0.0666163
76000,B_w5_K10000_c0.0_lr0.01_bfull_s3,0.0540182
76000,B_w5_K10000_c0.0_lr0.01_bfull_s4,0.0386418
76000,B_w5_K10000_c2.0_lr0.01_bfull_s0,0.142632
76000,B_w5_K10000_c2.0_lr0.01_bfull_s1,0.0709634
76000,B_w5_K10000_c2.0_lr0.01_bfull_s2,0.0411398
76000,B_w5_K10000_c2.0_lr0.01_bfull_s3,0.0117913
76000,B_w5_K10000_c2.0_lr0.01_bfull_s4,0.0421182
77000,B_w5_K10000_c0.0_lr0.01_bfull_s0,0.0209226
77000,B_w5_K10000_c0.0_lr0.01_bfull_s1,0.17628
77000,B_w5_K10000_c0.0_lr0.01_bfull_s2,0.0638792
77000,B_w5_K10000_c0.0_lr0.01_bfull_s3,0.0440709
77000,B_w5_K10000_c0.0_lr0.01_bfull_s4,0.0307129
77000,B_w5_K10000_c2.0_lr0.01_bfull_s0,0.123554
77000,B_w5_K10000_c2.0_lr0.01_bfull_s1,0.0706779
77000,B_w5_K10000_c2.0_lr0.01_bfull_s2,0.0334147
77000,B_w5_K10000_c2.0_lr0.01_bfull_s3,0.0115231
77000,B_w5_K10000_c2.0_lr0.01_bfull_s4,0.0418044
78000,B_w5_K10000_c0.0_lr0.01_bfull_s0,0.0192955
78000,B_w5_K10000_c0.0_lr0.01_bfull_s1,0.173277
78000,B_w5_K10000_c0.0_lr0.01_bfull_s2,0.059563
78000,B_w5_K10000_c0.0_lr0.01_bfull_s3,0.0395361
78000,B_w5_K10000_c0.0_lr0.01_bfull_s4,0.0268158
78000,B_w5_K10000_c2.0_lr0.01_bfull_s0,0.102246
78000,B_w5_K10000_c2.0_lr0.01_bfull_s1,0.0705595
78000,B_w5_K10000_c2.0_lr0.01_bfull_s2,0.0289769
78000,B_w5_K10000_c2.0_lr0.01_bfull_s3,0.0111177
78000,B_w5_K10000_c2.0_lr0.01_bfull_s4,0.041293
79000,B_w5_K10000_c0.0_lr0.01_bfull_s0,0.0183153
79000,B_w5_K10000_c0.0_lr0.01_bfull_s1,0.172095
79000,B_w5_K10000_c0.0_lr0.01_bfull_s2,0.0528879
79000,B_w5_K10000_c0.0_lr0.01_bfull_s3,0.0372975
79000,B_w5_K10000_c0.0_lr0.01_bfull_s4,0.024977
79000,B_w5_K10000_c2.0_lr0.01_bfull_s0,0.0865325
79000,B_w5_K10000_c2.0_lr0.01_bfull_s1,0.0705012
79000,B_w5_K10000_c2.0_lr0.01_bfull_s2,0.026666
79000,B_w5_K10000_c2.0_lr0.01_bfull_s3,0.0107914
79000,B_w5_K10000_c2.0_lr0.01_bfull_s4,0.0410803
80000,B_w5_K10000_c0.0_lr0.01_bfull_s0,0.0178481
80000,B_w5_K10000_c0.0_lr0.01_bfull_s1,0.169751
80000,B_w5_K10000_c0.0_lr0.01_bfull_s2,0.0445524
80000,B_w5_K10000_c0.0_lr0.01_bfull_s3,0.035892
80000,B_w5_K10000_c0.0_lr0.01_bfull_s4,0.0241858
80000,B_w5_K10000_c2.0_lr0.01_bfull_s0,0.0759884
80000,B_w5_K10000_c2.0_lr0.01_bfull_s1,0.0701547
80000,B_w5_K10000_c2.0_lr0.01_bfull_s2,0.0253103
80000,B_w5_K10000_c2.0_lr0.01_bfull_s3,0.0104186
80000,B_w5_K10000_c2.0_lr0.01_bfull_s4,0.0403798
81000,B_w5_K10000_c0.0_lr0.01_bfull_s0,0.417532
81000,B_w5_K10000_c0.0_lr0.01_bfull_s1,0.135861
81000,B_w5_K10000_c0.0_lr0.01_bfull_s2,0.454514
81000,B_w5_K10000_c0.0_lr0.01_bfull_s3,0.400964
81000,B_w5_K10000_c0.0_lr0.01_bfull_s4,0.236594
81000,B_w5_K10000_c2.0_lr0.01_bfull_s0,0.138234
81000,B_w5_K10000_c2.0_lr0.01_bfull_s1,0.227329
81000,B_w5_K10000_c2.0_lr0.01_bfull_s2,0.249753
81000,B_w5_K10000_c2.0_lr0.01_bfull_s3,0.321783
81000,B_w5_K10000_c2.0_lr0.01_bfull_s4,0.259731
82000,B_w5_K10000_c0.0_lr0.01_bfull_s0,0.102533
82000,B_w5_K10000_c0.0_lr0.01_bfull_s1,0.11244
82000,B_w5_K10000_c0.0_lr0.01_bfull_s2,0.166415
82000,B_w5_K10000_c0.0_lr0.01_bfull_s3,0.13452
82000,B_w5_K10000_c0.0_lr0.01_bfull_s4,0.0638563
82000,B_w5_K10000_c2.0_lr0.01_bfull_s0,0.0797501
82000,B_w5_K10000_c2.0_lr0.01_bfull_s1,0.15756
82000,B_w5_K10000_c2.0_lr0.01_bfull_s2,0.079349
82000,B_w5_K10000_c2.0_lr0.01_bfull_s3,0.106929
82000,B_w5_K10000_c2.0_lr0.01_bfull_s4,0.0950082
83000,B_w5_K10000_c0.0_lr0.01_bfull_s0,0.0844102
83000,B_w5_K10000_c0.0_lr0.01_bfull_s1,0.111966
83000,B_w5_K10000_c0.0_lr0.01_bfull_s2,0.155818
83000,B_w5_K10000_c0.0_lr0.01_bfull_s3,0.0829709
83000,B_w5_K10000_c0.0_lr0.01_bfull_s4,0.0578775
83000,B_w5_K10000_c2.0_lr0.01_bfull_s0,0.0631201
83000,B_w5_K10000_c2.0_lr0.01_bfull_s1,0.120724
83000,B_w5_K10000_c2.0_lr0.01_bfull_s2,0.0704543
83000,B_w5_K10000_c2.0_lr0.01_bfull_s3,0.0904164
83000,B_w5_K10000_c2.0_lr0.01_bfull_s4,0.0763471
84000,B_w5_K10000_c0.0_lr0.01_bfull_s0,0.0782577
84000,B_w5_K10000_c0.0_lr0.01_bfull_s1,0.112329
84000,B_w5_K10000_c0.0_lr0.01_bfull_s2,0.148026
84000,B_w5_K10000_c0.0_lr0.01_bfull_s3,0.0629408
84000,B_w5_K10000_c0.0_lr0.01_bfull_s4,0.0548243
84000,B_w5_K10000_c2.0_lr0.01_bfull_s0,0.0512453
84000,B_w5_K10000_c2.0_lr0.01_bfull_s1,0.0595973
84000,B_w5_K10000_c2.0_lr0.01_bfull_s2,0.0646176
84000,B_w5_K10000_c2.0_lr0.01_bfull_s3,0.0759958
84000,B_w5_K10000_c2.0_lr0.01_bfull_s4,0.0475904
85000,B_w5_K10000_c0.0_lr0.01_bfull_s0,0.074665
85000,B_w5_K10000_c0.0_lr0.01_bfull_s1,0.111813
85000,B_w5_K10000_c0.0_lr0.01_bfull_s2,0.132641
85000,B_w5_K10000_c0.0_lr0.01_bfull_s3,0.0583413
85000,B_w5_K10000_c0.0_lr0.01_bfull_s4,0.0511548
85000,B_w5_K10000_c2.0_lr0.01_bfull_s0,0.0464225
85000,B_w5_K10000_c2.0_lr0.01_bfull_s1,0.0278415
85000,B_w5_K10000_c2.0_lr0.01_bfull_s2,0.0612955
85000,B_w5_K10000_c2.0_lr0.01_bfull_s3,0.0532268
85000,B_w5_K10000_c2.0_lr0.01_bfull_s4,0.0238599
86000,B_w5_K10000_c0.0_lr0.01_bfull_s0,0.071064
86000,B_w5_K10000_c0.0_lr0.01_bfull_s1,0.111563
86000,B_w5_K10000_c0.0_lr0.01_bfull_s2,0.100883
86000,B_w5_K10000_c0.0_lr0.01_bfull_s3,0.0571144
86000,B_w5_K10000_c0.0_lr0.01_bfull_s4,0.0472308
86000,B_w5_K10000_c2.0_lr0.01_bfull_s0,0.0443414
86000,B_w5_K10000_c2.0_lr0.01_bfull_s1,0.0236018
86000,B_w5_K10000_c2.0_lr0.01_bfull_s2,0.0592229
86000,B_w5_K10000_c2.0_lr0.01_bfull_s3,0.0335786
86000,B_w5_K10000_c2.0_lr0.01_bfull_s4,0.0191172
87000,B_w5_K10000_c0.0_lr0.01_bfull_s0,0.0651383
87000,B_w5_K10000_c0.0_lr0.01_bfull_s1,0.110936
87000,B_w5_K10000_c0.0_lr0.01_bfull_s2,0.0627367
87000,B_w5_K10000_c0.0_lr0.01_bfull_s3,0.0566445
87000,B_w5_K10000_c0.0_lr0.01_bfull_s4,0.0435191
87000,B_w5_K10000_c2.0_lr0.01_bfull_s0,0.0428864
87000,B_w5_K10000_c2.0_lr0.01_bfull_s1,0.0232273
87000,B_w5_K10000_c2.0_lr0.01_bfull_s2,0.057406
87000,B_w5_K10000_c2.0_lr0.01_bfull_s3,0.0247757
87000,B_w5_K10000_c2.0_lr0.01_bfull_s4,0.0187054
88000,B_w5_K10000_c0.0_lr0.01_bfull_s0,0.0570909
88000,B_w5_K10000_c0.0_lr0.01_bfull_s1,0.108883
88000,B_w5_K10000_c0.0_lr0.01_bfull_s2,0.0453692
88000,B_w5_K10000_c0.0_lr0.01_bfull_s3,0.0564284
88000,B_w5_K10000_c0.0_lr0.01_bfull_s4,0.0399027
88000,B_w5_K10000_c2.0_lr0.01_bfull_s0,0.0410579
88000,B_w5_K10000_c2.0_lr0.01_bfull_s1,0.0232153
88000,B_w5_K10000_c2.0_lr0.01_bfull_s2,0.0553937
88000,B_w5_K10000_c2.0_lr0.01_bfull_s3,0.0201165
88000,B_w5_K10000_c2.0_lr0.01_bfull_s4,0.0186092
89000,B_w5_K10000_c0.0_lr0.01_bfull_s0,0.0491549
89000,B_w5_K10000_c0.0_lr0.01_bfull_s1,0.10259
89000,B_w5_K10000_c0.0_lr0.01_bfull_s2,0.0408462
89000,B_w5_K10000_c0.0_lr0.01_bfull_s3,0.0561724
89000,B_w5_K10000_c0.0_lr0.01_bfull_s4,0.0366942
89000,B_w5_K10000_c2.0_lr0.01_bfull_s0,0.0389355
89000,B_w5_K10000_c2.0_lr0.01_bfull_s1,0.0230743
89000,B_w5_K10000_c2.0_lr0.01_bfull_s2,0.0532281
89000,B_w5_K10000_c2.0_lr0.01_bfull_s3,0.0164655
89000,B_w5_K10000_c2.0_lr0.01_bfull_s4,0.018566
90000,B_w5_K10000_c0.0_lr0.01_bfull_s0,0.0434014
90000,B_w5_K10000_c0.0_lr0.01_bfull_s1,0.0775817
90000,B_w5_K10000_c0.0_lr0.01_bfull_s2,0.0391787
90000,B_w5_K10000_c0.0_lr0.01_bfull_s3,0.0559701
90000,B_w5_K10000_c0.0_lr0.01_bfull_s4,0.0325605
90000,B_w5_K10000_c2.0_lr0.01_bfull_s0,0.0363606
90000,B_w5_K10000_c2.0_lr0.01_bfull_s1,0.0231265
90000,B_w5_K10000_c2.0_lr0.01_bfull_s2,0.0500847
90000,B_w5_K10000_c2.0_lr0.01_bfull_s3,0.0129052
90000,B_w5_K10000_c2.0_lr0.01_bfull_s4,0.0185044
91000,B_w5_K10000_c0.0_lr0.01_bfull_s0,0.251179
91000,B_w5_K10000_c0.0_lr0.01_bfull_s1,0.155603
91000,B_w5_K10000_c0.0_lr0.01_bfull_s2,0.155795
91000,B_w5_K10000_c0.0_lr0.01_bfull_s3,0.145595
91000,B_w5_K10000_c0.0_lr0.01_bfull_s4,0.284475
91000,B_w5_K10000_c2.0_lr0.01_bfull_s0,0.18092
91000,B_w5_K10000_c2.0_lr0.01_bfull_s1,0.130427
91000,B_w5_K10000_c2.0_lr0.01_bfull_s2,0.216534
91000,B_w5_K10000_c2.0_lr0.01_bfull_s3,0.281976
91000,B_w5_K10000_c2.0_lr0.01_bfull_s4,0.339762
92000,B_w5_K10000_c0.0_lr0.01_bfull_s0,0.0761585
92000,B_w5_K10000_c0.0_lr0.01_bfull_s1,0.133942
92000,B_w5_K10000_c0.0_lr0.01_bfull_s2,0.0986404
92000,B_w5_K10000_c0.0_lr0.01_bfull_s3,0.0725041
92000,B_w5_K10000_c0.0_lr0.01_bfull_s4,0.081236
92000,B_w5_K10000_c2.0_lr0.01_bfull_s0,0.156664
92000,B_w5_K10000_c2.0_lr0.01_bfull_s1,0.0847453
92000,B_w5_K10000_c2.0_lr0.01_bfull_s2,0.0992538
92000,B_w5_K10000_c2.0_lr0.01_bfull_s3,0.128481
92000,B_w5_K10000_c2.0_lr0.01_bfull_s4,0.127403
93000,B_w5_K10000_c0.0_lr0.01_bfull_s0,0.0459985
93000,B_w5_K10000_c0.0_lr0.01_bfull_s1,0.132296
93000,B_w5_K10000_c0.0_lr0.01_bfull_s2,0.0982505
93000,B_w5_K10000_c0.0_lr0.01_bfull_s3,0.0639777
93000,B_w5_K10000_c0.0_lr0.01_bfull_s4,0.056626
93000,B_w5_K10000_c2.0_lr0.01_bfull_s0,0.155501
93000,B_w5_K10000_c2.0_lr0.01_bfull_s1,0.0804625
93000,B_w5_K10000_c2.0_lr0.01_bfull_s2,0.0937593
93000,B_w5_K10000_c2.0_lr0.01_bfull_s3,0.0919752
93000,B_w5_K10000_c2.0_lr0.01_bfull_s4,0.0905642
94000,B_w5_K10000_c0.0_lr0.01_bfull_s0,0.0302499
94000,B_w5_K10000_c0.0_lr0.01_bfull_s1,0.122778
94000,B_w5_K10000_c0.0_lr0.01_bfull_s2,0.0981339
94000,B_w5_K10000_c0.0_lr0.01_bfull_s3,0.0591253
94000,B_w5_K10000_c0.0_lr0.01_bfull_s4,0.0509539
94000,B_w5_K10000_c2.0_lr0.01_bfull_s0,0.155043
94000,B_w5_K10000_c2.0_lr0.01_bfull_s1,0.0744346
94000,B_w5_K10000_c2.0_lr0.01_bfull_s2,0.0910523
94000,B_w5_K10000_c2.0_lr0.01_bfull_s3,0.0813868
94000,B_w5_K10000_c2.0_lr0.01_bfull_s4,0.0826096
95000,B_w5_K10000_c0.0_lr0.01_bfull_s0,0.0248428
95000,B_w5_K10000_c0.0_lr0.01_bfull_s1,0.0854264
95000,B_w5_K10000_c0.0_lr0.01_bfull_s2,0.0978556
95000,B_w5_K10000_c0.0_lr0.01_bfull_s3,0.0544462
95000,B_w5_K10000_c0.0_lr0.01_bfull_s4,0.0491483
95000,B_w5_K10000_c2.0_lr0.01_bfull_s0,0.154628
95000,B_w5_K10000_c2.0_lr0.01_bfull_s1,0.0661679
95000,B_w5_K10000_c2.0_lr0.01_bfull_s2,0.089603
95000,B_w5_K10000_c2.0_lr0.01_bfull_s3,0.0761772
95000,B_w5_K10000_c2.0_lr0.01_bfull_s4,0.0796249
96000,B_w5_K10000_c0.0_lr0.01_bfull_s0,0.0234492
96000,B_w5_K10000_c0.0_lr0.01_bfull_s1,0.0430041
96000,B_w5_K10000_c0.0_lr0.01_bfull_s2,0.0974096
96000,B_w5_K10000_c0.0_lr0.01_bfull_s3,0.049427
96000,B_w5_K10000_c0.0_lr0.01_bfull_s4,0.0470258
96000,B_w5_K10000_c2.0_lr0.01_bfull_s0,0.153197
96000,B_w5_K10000_c2.0_lr0.01_bfull_s1,0.0579705
96000,B_w5_K10000_c2.0_lr0.01_bfull_s2,0.0886246
96000,B_w5_K10000_c2.0_lr0.01_bfull_s3,0.066459
96000,B_w5_K10000_c2.0_lr0.01_bfull_s4,0.0769098
97000,B_w5_K10000_c0.0_lr0.01_bfull_s0,0.022938
97000,B_w5_K10000_c0.0_lr0.01_bfull_s1,0.0367545
97000,B_w5_K10000_c0.0_lr0.01_bfull_s2,0.0968555
97000,B_w5_K10000_c0.0_lr0.01_bfull_s3,0.044449
97000,B_w5_K10000_c0.0_lr0.01_bfull_s4,0.0436503
97000,B_w5_K10000_c2.0_lr0.01_bfull_s0,0.150253
97000,B_w5_K10000_c2.0_lr0.01_bfull_s1,0.0514035
97000,B_w5_K10000_c2.0_lr0.01_bfull_s2,0.0873254
97000,B_w5_K10000_c2.0_lr0.01_bfull_s3,0.0459643
97000,B_w5_K10000_c2.0_lr0.01_bfull_s4,0.0740245
98000,B_w5_K10000_c0.0_lr0.01_bfull_s0,0.0225409
98000,B_w5_K10000_c0.0_lr0.01_bfull_s1,0.0362707
98000,B_w5_K10000_c0.0_lr0.01_bfull_s2,0.0963787
98000,B_w5_K10000_c0.0_lr0.01_bfull_s3,0.0406987
98000,B_w5_K10000_c0.0_lr0.01_bfull_s4,0.0366557
98000,B_w5_K10000_c2.0_lr0.01_bfull_s0,0.144755
98000,B_w5_K10000_c2.0_lr0.01_bfull_s1,0.0467346
98000,B_w5_K10000_c2.0_lr0.01_bfull_s2,0.0858686
98000,B_w5_K10000_c2.0_lr0.01_bfull_s3,0.0254659
98000,B_w5_K10000_c2.0_lr0.01_bfull_s4,0.0706439
99000,B_w5_K10000_c0.0_lr0.01_bfull_s0,0.0221224
99000,B_w5_K10000_c0.0_lr0.01_bfull_s1,0.0358542
99000,B_w5_K10000_c0.0_lr0.01_bfull_s2,0.094809
99000,B_w5_K10000_c0.0_lr0.01_bfull_s3,0.0377337
99000,B_w5_K10000_c0.0_lr0.01_bfull_s4,0.0247483
99000,B_w5_K10000_c2.0_lr0.01_bfull_s0,0.130842
99000,B_w5_K10000_c2.0_lr0.01_bfull_s1,0.0434797
99000,B_w5_K10000_c2.0_lr0.01_bfull_s2,0.0839105
99000,B_w5_K10000_c2.0_lr0.01_bfull_s3,0.0175348
99000,B_w5_K10000_c2.0_lr0.01_bfull_s4,0.0664394
100000,B_w5_K10000_c0.0_lr0.01_bfull_s0,0.0215729
100000,B_w5_K10000_c0.0_lr0.01_bfull_s1,0.0352131
100000,B_w5_K10000_c0.0_lr0.01_bfull_s2,0.0932051
100000,B_w5_K10000_c0.0_lr0.01_bfull_s3,0.0355063
100000,B_w5_K10000_c0.0_lr0.01_bfull_s4,0.0133328
100000,B_w5_K10000_c2.0_lr0.01_bfull_s0,0.108104
100000,B_w5_K10000_c2.0_lr0.01_bfull_s1,0.0417196
100000,B_w5_K10000_c2.0_lr0.01_bfull_s2,0.0798891
100000,B_w5_K10000_c2.0_lr0.01_bfull_s3,0.0143424
100000,B_w5_K10000_c2.0_lr0.01_bfull_s4,0.0630199
101000,B_w5_K10000_c0.0_lr0.01_bfull_s0,0.266926
101000,B_w5_K10000_c0.0_lr0.01_bfull_s1,0.143732
101000,B_w5_K10000_c0.0_lr0.01_bfull_s2,0.135238
101000,B_w5_K10000_c0.0_lr0.01_bfull_s3,0.520937
101000,B_w5_K10000_c0.0_lr0.01_bfull_s4,0.186192
101000,B_w5_K10000_c2.0_lr0.01_bfull_s0,0.164781
101000,B_w5_K10000_c2.0_lr0.01_bfull_s1,0.113096
101000,B_w5_K10000_c2.0_lr0.01_bfull_s2,0.255433
101000,B_w5_K10000_c2.0_lr0.01_bfull_s3,0.351397
101000,B_w5_K10000_c2.0_lr0.01_bfull_s4,0.19505
102000,B_w5_K10000_c0.0_lr0.01_bfull_s0,0.132099
102000,B_w5_K10000_c0.0_lr0.01_bfull_s1,0.121585
102000,B_w5_K10000_c0.0_lr0.01_bfull_s2,0.110062
102000,B_w5_K10000_c0.0_lr0.01_bfull_s3,0.219321
102000,B_w5_K10000_c0.0_lr0.01_bfull_s4,0.106501
102000,B_w5_K10000_c2.0_lr0.01_bfull_s0,0.137333
102000,B_w5_K10000_c2.0_lr0.01_bfull_s1,0.0573734
102000,B_w5_K10000_c2.0_lr0.01_bfull_s2,0.113087
102000,B_w5_K10000_c2.0_lr0.01_bfull_s3,0.231166
102000,B_w5_K10000_c2.0_lr0.01_bfull_s4,0.070602
103000,B_w5_K10000_c0.0_lr0.01_bfull_s0,0.0805377
103000,B_w5_K10000_c0.0_lr0.01_bfull_s1,0.121116
103000,B_w5_K10000_c0.0_lr0.01_bfull_s2,0.105991
103000,B_w5_K10000_c0.0_lr0.01_bfull_s3,0.133907
103000,B_w5_K10000_c0.0_lr0.01_bfull_s4,0.081222
103000,B_w5_K10000_c2.0_lr0.01_bfull_s0,0.137291
103000,B_w5_K10000_c2.0_lr0.01_bfull_s1,0.0454788
103000,B_w5_K10000_c2.0_lr0.01_bfull_s2,0.0728581
103000,B_w5_K10000_c2.0_lr0.01_bfull_s3,0.185836
103000,B_w5_K10000_c2.0_lr0.01_bfull_s4,0.0553844
104000,B_w5_K10000_c0.0_lr0.01_bfull_s0,0.0556582
104000,B_w5_K10000_c0.0_lr0.01_bfull_s1,0.120367
104000,B_w5_K10000_c0.0_lr0.01_bfull_s2,0.096403
104000,B_w5_K10000_c0.0_lr0.01_bfull_s3,0.0992832
104000,B_w5_K10000_c0.0_lr0.01_bfull_s4,0.0671695
104000,B_w5_K10000_c2.0_lr0.01_bfull_s0,0.137187
104000,B_w5_K10000_c2.0_lr0.01_bfull_s1,0.036447
104000,B_w5_K10000_c2.0_lr0.01_bfull_s2,0.0448212
104000,B_w5_K10000_c2.0_lr0.01_bfull_s3,0.158318
104000,B_w5_K10000_c2.0_lr0.01_bfull_s4,0.0542549
105000,B_w5_K10000_c0.0_lr0.01_bfull_s0,0.0505782
105000,B_w5_K10000_c0.0_lr0.01_bfull_s1,0.120525
105000,B_w5_K10000_c0.0_lr0.01_bfull_s2,0.0757273
105000,B_w5_K10000_c0.0_lr0.01_bfull_s3,0.0830761
105000,B_w5_K10000_c0.0_lr0.01_bfull_s4,0.0617943
105000,B_w5_K10000_c2.0_lr0.01_bfull_s0,0.136919
105000,B_w5_K10000_c2.0_lr0.01_bfull_s1,0.0283854
105000,B_w5_K10000_c2.0_lr0.01_bfull_s2,0.0358116
105000,B_w5_K10000_c2.0_lr0.01_bfull_s3,0.119222
105000,B_w5_K10000_c2.0_lr0.01_bfull_s4,0.0534416
106000,B_w5_K10000_c0.0_lr0.01_bfull_s0,0.0489954
106000,B_w5_K10000_c0.0_lr0.01_bfull_s1,0.120087
106000,B_w5_K10000_c0.0_lr0.01_bfull_s2,0.0589952
106000,B_w5_K10000_c0.0_lr0.01_bfull_s3,0.0757077
106000,B_w5_K10000_c0.0_lr0.01_bfull_s4,0.0584929
106000,B_w5_K10000_c2.0_lr0.01_bfull_s0,0.137047
106000,B_w5_K10000_c2.0_lr0.01_bfull_s1,0.0218136
106000,B_w5_K10000_c2.0_lr0.01_bfull_s2,0.0332122
106000,B_w5_K10000_c2.0_lr0.01_bfull_s3,0.077564
106000,B_w5_K10000_c2.0_lr0.01_bfull_s4,0.0526555
107000,B_w5_K10000_c0.0_lr0.01_bfull_s0,0.0468341
107000,B_w5_K10000_c0.0_lr0.01_bfull_s1,0.119244
107000,B_w5_K10000_c0.0_lr0.01_bfull_s2,0.0536468
107000,B_w5_K10000_c0.0_lr0.01_bfull_s3,0.0720268
107000,B_w5_K10000_c0.0_lr0.01_bfull_s4,0.0537629
107000,B_w5_K10000_c2.0_lr0.01_bfull_s0,0.137032
107000,B_w5_K10000_c2.0_lr0.01_bfull_s1,0.0177384
107000,B_w5_K10000_c2.0_lr0.01_bfull_s2,0.0320453
107000,B_w5_K10000_c2.0_lr0.01_bfull_s3,0.0576356
107000,B_w5_K10000_c2.0_lr0.01_bfull_s4,0.0520894
108000,B_w5_K10000_c0.0_lr0.01_bfull_s0,0.043336
108000,B_w5_K10000_c0.0_lr0.01_bfull_s1,0.118907
108000,B_w5_K10000_c0.0_lr0.01_bfull_s2,0.050954
108000,B_w5_K10000_c0.0_lr0.01_bfull_s3,0.0685935
108000,B_w5_K10000_c0.0_lr0.01_bfull_s4,0.0469039
108000,B_w5_K10000_c2.0_lr0.01_bfull_s0,0.137227
108000,B_w5_K10000_c2.0_lr0.01_bfull_s1,0.015501
108000,B_w5_K10000_c2.0_lr0.01_bfull_s2,0.031225
108000,B_w5_K10000_c2.0_lr0.01_bfull_s3,0.0410067
108000,B_w5_K10000_c2.0_lr0.01_bfull_s4,0.0512031
109000,B_w5_K10000_c0.0_lr0.01_bfull_s0,0.0363538
109000,B_w5_K10000_c0.0_lr0.01_bfull_s1,0.117863
109000,B_w5_K10000_c0.0_lr0.01_bfull_s2,0.0472733
109000,B_w5_K10000_c0.0_lr0.01_bfull_s3,0.0636898
109000,B_w5_K10000_c0.0_lr0.01_bfull_s4,0.037542
109000,B_w5_K10000_c2.0_lr0.01_bfull_s0,0.136605
109000,B_w5_K10000_c2.0_lr0.01_bfull_s1,0.0143837
109000,B_w5_K10000_c2.0_lr0.01_bfull_s2,0.0301879
109000,B_w5_K10000_c2.0_lr0.01_bfull_s3,0.0232176
109000,B_w5_K10000_c2.0_lr0.01_bfull_s4,0.0500829
110000,B_w5_K10000_c0.0_lr0.01_bfull_s0,0.0269125
110000,B_w5_K10000_c0.0_lr0.01_bfull_s1,0.116969
110000,B_w5_K10000_c0.0_lr0.01_bfull_s2,0.0428318
110000,B_w5_K10000_c0.0_lr0.01_bfull_s3,0.0560254
110000,B_w5_K10000_c0.0_lr0.01_bfull_s4,0.0277834
110000,B_w5_K10000_c2.0_lr0.01_bfull_s0,0.136833
110000,B_w5_K10000_c2.0_lr0.01_bfull_s1,0.0138779
110000,B_w5_K10000_c2.0_lr0.01_bfull_s2,0.0291769
110000,B_w5_K10000_c2.0_lr0.01_bfull_s3,0.0104341
110000,B_w5_K10000_c2.0_lr0.01_bfull_s4,0.0490342
111000,B_w5_K10000_c0.0_lr0.01_bfull_s0,0.286403
111000,B_w5_K10000_c0.0_lr0.01_bfull_s1,0.224974
111000,B_w5_K10000_c0.0_lr0.01_bfull_s2,0.226564
111000,B_w5_K10000_c0.0_lr0.01_bfull_s3,0.315271
111000,B_w5_K10000_c0.0_lr0.01_bfull_s4,0.285933
111000,B_w5_K10000_c2.0_lr0.01_bfull_s0,0.22133
111000,B_w5_K10000_c2.0_lr0.01_bfull_s1,0.320465
111000,B_w5_K10000_c2.0_lr0.01_bfull_s2,0.373248
111000,B_w5_K10000_c2.0_lr0.01_bfull_s3,0.254817
111000,B_w5_K10000_c2.0_lr0.01_bfull_s4,0.238911
112000,B_w5_K10000_c0.0_lr0.01_bfull_s0,0.0997422
112000,B_w5_K10000_c0.0_lr0.01_bfull_s1,0.207881
112000,B_w5_K10000_c0.0_lr0.01_bfull_s2,0.163456
112000,B_w5_K10000_c0.0_lr0.01_bfull_s3,0.1441
112000,B_w5_K10000_c0.0_lr0.01_bfull_s4,0.105328
112000,B_w5_K10000_c2.0_lr0.01_bfull_s0,0.204727
112000,B_w5_K10000_c2.0_lr0.01_bfull_s1,0.200767
112000,B_w5_K10000_c2.0_lr0.01_bfull_s2,0.245826
112000,B_w5_K10000_c2.0_lr0.01_bfull_s3,0.115672
112000,B_w5_K10000_c2.0_lr0.01_bfull_s4,0.0587184
113000,B_w5_K10000_c0.0_lr0.01_bfull_s0,0.0852307
113000,B_w5_K10000_c0.0_lr0.01_bfull_s1,0.206944
113000,B_w5_K10000_c0.0_lr0.01_bfull_s2,0.133245
113000,B_w5_K10000_c0.0_lr0.01_bfull_s3,0.121444
113000,B_w5_K10000_c0.0_lr0.01_bfull_s4,0.0593011
113000,B_w5_K10000_c2.0_lr0.01_bfull_s0,0.202459
113000,B_w5_K10000_c2.0_lr0.01_bfull_s1,0.129081
113000,B_w5_K10000_c2.0_lr0.01_bfull_s2,0.227632
113000,B_w5_K10000_c2.0_lr0.01_bfull_s3,0.0954121
113000,B_w5_K10000_c2.0_lr0.01_bfull_s4,0.0464572
114000,B_w5_K10000_c0.0_lr0.01_bfull_s0,0.0704073
114000,B_w5_K10000_c0.0_lr0.01_bfull_s1,0.20517
114000,B_w5_K10000_c0.0_lr0.01_bfull_s2,0.0897295
114000,B_w5_K10000_c0.0_lr0.01_bfull_s3,0.0961969
114000,B_w5_K10000_c0.0_lr0.01_bfull_s4,0.0476244
114000,B_w5_K10000_c2.0_lr0.01_bfull_s0,0.199711
114000,B_w5_K10000_c2.0_lr0.01_bfull_s1,0.0950377
114000,B_w5_K10000_c2.0_lr0.01_bfull_s2,0.212972
114000,B_w5_K10000_c2.0_lr0.01_bfull_s3,0.0752735
114000,B_w5_K10000_c2.0_lr0.01_bfull_s4,0.0405615
115000,B_w5_K10000_c0.0_lr0.01_bfull_s0,0.0616298
115000,B_w5_K10000_c0.0_lr0.01_bfull_s1,0.193379
115000,B_w5_K10000_c0.0_lr0.01_bfull_s2,0.061956
115000,B_w5_K10000_c0.0_lr0.01_bfull_s3,0.0663821
115000,B_w5_K10000_c0.0_lr0.01_bfull_s4,0.0448727
115000,B_w5_K10000_c2.0_lr0.01_bfull_s0,0.191308
115000,B_w5_K10000_c2.0_lr0.01_bfull_s1,0.0839193
115000,B_w5_K10000_c2.0_lr0.01_bfull_s2,0.200306
115000,B_w5_K10000_c2.0_lr0.01_bfull_s3,0.0556551
115000,B_w5_K10000_c2.0_lr0.01_bfull_s4,0.0383426
116000,B_w5_K10000_c0.0_lr0.01_bfull_s0,0.0577658
116000,B_w5_K10000_c0.0_lr0.01_bfull_s1,0.137586
116000,B_w5_K10000_c0.0_lr0.01_bfull_s2,0.0489465
116000,B_w5_K10000_c0.0_lr0.01_bfull_s3,0.0440058
116000,B_w5_K10000_c0.0_lr0.01_bfull_s4,0.0442994
116000,B_w5_K10000_c2.0_lr0.01_bfull_s0,0.167736
116000,B_w5_K10000_c2.0_lr0.01_bfull_s1,0.0792635
116000,B_w5_K10000_c2.0_lr0.01_bfull_s2,0.183457
116000,B_w5_K10000_c2.0_lr0.01_bfull_s3,0.0449698
116000,B_w5_K10000_c2.0_lr0.01_bfull_s4,0.037512
117000,B_w5_K10000_c0.0_lr0.01_bfull_s0,0.0557133
117000,B_w5_K10000_c0.0_lr0.01_bfull_s1,0.100289
117000,B_w5_K10000_c0.0_lr0.01_bfull_s2,0.0398964
117000,B_w5_K10000_c0.0_lr0.01_bfull_s3,0.0301636
117000,B_w5_K10000_c0.0_lr0.01_bfull_s4,0.043806
117000,B_w5_K10000_c2.0_lr0.01_bfull_s0,0.136076
117000,B_w5_K10000_c2.0_lr0.01_bfull_s1,0.0771966
117000,B_w5_K10000_c2.0_lr0.01_bfull_s2,0.149324
117000,B_w5_K10000_c2.0_lr0.01_bfull_s3,0.0414435
117000,B_w5_K10000_c2.0_lr0.01_bfull_s4,0.0372574
118000,B_w5_K10000_c0.0_lr0.01_bfull_s0,0.0543641
118000,B_w5_K10000_c0.0_lr0.01_bfull_s1,0.098423
118000,B_w5_K10000_c0.0_lr0.01_bfull_s2,0.0344845
118000,B_w5_K10000_c0.0_lr0.01_bfull_s3,0.022004
118000,B_w5_K10000_c0.0_lr0.01_bfull_s4,0.0433756
118000,B_w5_K10000_c2.0_lr0.01_bfull_s0,0.117013
118000,B_w5_K10000_c2.0_lr0.01_bfull_s1,0.0755303
118000,B_w5_K10000_c2.0_lr0.01_bfull_s2,0.103536
118000,B_w5_K10000_c2.0_lr0.01_bfull_s3,0.0404394
118000,B_w5_K10000_c2.0_lr0.01_bfull_s4,0.0370792
119000,B_w5_K10000_c0.0_lr0.01_bfull_s0,0.0532964
119000,B_w5_K10000_c0.0_lr0.01_bfull_s1,0.0986373
119000,B_w5_K10000_c0.0_lr0.01_bfull_s2,0.031408
119000,B_w5_K10000_c0.0_lr0.01_bfull_s3,0.0175293
119000,B_w5_K10000_c0.0_lr0.01_bfull_s4,0.042704
119000,B_w5_K10000_c2.0_lr0.01_bfull_s0,0.111723
119000,B_w5_K10000_c2.0_lr0.01_bfull_s1,0.0744039
119000,B_w5_K10000_c2.0_lr0.01_bfull_s2,0.072794
119000,B_w5_K10000_c2.0_lr0.01_bfull_s3,0.0402592
119000,B_w5_K10000_c2.0_lr0.01_bfull_s4,0.0368266
120000,B_w5_K10000_c0.0_lr0.01_bfull_s0,0.0519523
120000,B_w5_K10000_c0.0_lr0.01_bfull_s1,0.0982514
120000,B_w5_K10000_c0.0_lr0.01_bfull_s2,0.0290419
120000,B_w5_K10000_c0.0_lr0.01_bfull_s3,0.015016
120000,B_w5_K10000_c0.0_lr0.01_bfull_s4,0.0416617
120000,B_w5_K10000_c2.0_lr0.01_bfull_s0,0.110274
120000,B_w5_K10000_c2.0_lr0.01_bfull_s1,0.0728879
120000,B_w5_K10000_c2.0_lr0.01_bfull_s2,0.0448394
120000,B_w5_K10000_c2.0_lr0.01_bfull_s3,0.0400596
120000,B_w5_K10000_c2.0_lr0.01_bfull_s4,0.0366044
121000,B_w5_K10000_c0.0_lr0.01_bfull_s0,0.270725
121000,B_w5_K10000_c0.0_lr0.01_bfull_s1,0.320012
121000,B_w5_K10000_c0.0_lr0.01_bfull_s2,0.181415
121000,B_w5_K10000_c0.0_lr0.01_bfull_s3,0.238184
121000,B_w5_K10000_c0.0_lr0.01_bfull_s4,0.288633
121000,B_w5_K10000_c2.0_lr0.01_bfull_s0,0.122784
121000,B_w5_K10000_c2.0_lr0.01_bfull_s1,0.276901
121000,B_w5_K10000_c2.0_lr0.01_bfull_s2,0.345222
121000,B_w5_K10000_c2.0_lr0.01_bfull_s3,0.214152
121000,B_w5_K10000_c2.0_lr0.01_bfull_s4,0.427836
122000,B_w5_K10000_c0.0_lr0.01_bfull_s0,0.116491
122000,B_w5_K10000_c0.0_lr0.01_bfull_s1,0.215463
122000,B_w5_K10000_c0.0_lr0.01_bfull_s2,0.128504
122000,B_w5_K10000_c0.0_lr0.01_bfull_s3,0.106541
122000,B_w5_K10000_c0.0_lr0.01_bfull_s4,0.0787728
122000,B_w5_K10000_c2.0_lr0.01_bfull_s0,0.0968232
122000,B_w5_K10000_c2.0_lr0.01_bfull_s1,0.081145
122000,B_w5_K10000_c2.0_lr0.01_bfull_s2,0.176726
122000,B_w5_K10000_c2.0_lr0.01_bfull_s3,0.138701
122000,B_w5_K10000_c2.0_lr0.01_bfull_s4,0.276724
123000,B_w5_K10000_c0.0_lr0.01_bfull_s0,0.0884607
123000,B_w5_K10000_c0.0_lr0.01_bfull_s1,0.169689
123000,B_w5_K10000_c0.0_lr0.01_bfull_s2,0.126083
123000,B_w5_K10000_c0.0_lr0.01_bfull_s3,0.0957646
123000,B_w5_K10000_c0.0_lr0.01_bfull_s4,0.0631053
123000,B_w5_K10000_c2.0_lr0.01_bfull_s0,0.0945852
123000,B_w5_K10000_c2.0_lr0.01_bfull_s1,0.0440148
123000,B_w5_K10000_c2.0_lr0.01_bfull_s2,0.144594
123000,B_w5_K10000_c2.0_lr0.01_bfull_s3,0.126395
123000,B_w5_K10000_c2.0_lr0.01_bfull_s4,0.258789
124000,B_w5_K10000_c0.0_lr0.01_bfull_s0,0.0738179
124000,B_w5_K10000_c0.0_lr0.01_bfull_s1,0.155315
124000,B_w5_K10000_c0.0_lr0.01_bfull_s2,0.122381
124000,B_w5_K10000_c0.0_lr0.01_bfull_s3,0.0903716
124000,B_w5_K10000_c0.0_lr0.01_bfull_s4,0.0584892
124000,B_w5_K10000_c2.0_lr0.01_bfull_s0,0.0906192
124000,B_w5_K10000_c2.0_lr0.01_bfull_s1,0.0312162
124000,B_w5_K10000_c2.0_lr0.01_bfull_s2,0.117158
124000,B_w5_K10000_c2.0_lr0.01_bfull_s3,0.114367
124000,B_w5_K10000_c2.0_lr0.01_bfull_s4,0.236086
125000,B_w5_K10000_c0.0_lr0.01_bfull_s0,0.0590188
125000,B_w5_K10000_c0.0_lr0.01_bfull_s1,0.14814
125000,B_w5_K10000_c0.0_lr0.01_bfull_s2,0.112622
125000,B_w5_K10000_c0.0_lr0.01_bfull_s3,0.0833241
125000,B_w5_K10000_c0.0_lr0.01_bfull_s4,0.0533313
125000,B_w5_K10000_c2.0_lr0.01_bfull_s0,0.0833419
125000,B_w5_K10000_c2.0_lr0.01_bfull_s1,0.0251582
125000,B_w5_K10000_c2.0_lr0.01_bfull_s2,0.0770697
125000,B_w5_K10000_c2.0_lr0.01_bfull_s3,0.105467
125000,B_w5_K10000_c2.0_lr0.01_bfull_s4,0.196083
126000,B_w5_K10000_c0.0_lr0.01_bfull_s0,0.0480119
126000,B_w5_K10000_c0.0_lr0.01_bfull_s1,0.142234
126000,B_w5_K10000_c0.0_lr0.01_bfull_s2,0.0906818
126000,B_w5_K10000_c0.0_lr0.01_bfull_s3,0.0728841
126000,B_w5_K10000_c0.0_lr0.01_bfull_s4,0.0474996
126000,B_w5_K10000_c2.0_lr0.01_bfull_s0,0.0719143
126000,B_w5_K10000_c2.0_lr0.01_bfull_s1,0.0203908
126000,B_w5_K10000_c2.0_lr0.01_bfull_s2,0.0326717
126000,B_w5_K10000_c2.0_lr0.01_bfull_s3,0.0994074
126000,B_w5_K10000_c2.0_lr0.01_bfull_s4,0.178557
127000,B_w5_K10000_c0.0_lr0.01_bfull_s0,0.0417646
127000,B_w5_K10000_c0.0_lr0.01_bfull_s1,0.137652
127000,B_w5_K10000_c0.0_lr0.01_bfull_s2,0.0723535
127000,B_w5_K10000_c0.0_lr0.01_bfull_s3,0.0589527
127000,B_w5_K10000_c0.0_lr0.01_bfull_s4,0.0413491
127000,B_w5_K10000_c2.0_lr0.01_bfull_s0,0.0589469
127000,B_w5_K10000_c2.0_lr0.01_bfull_s1,0.0165348
127000,B_w5_K10000_c2.0_lr0.01_bfull_s2,0.0170587
127000,B_w5_K10000_c2.0_lr0.01_bfull_s3,0.0947874
127000,B_w5_K10000_c2.0_lr0.01_bfull_s4,0.17354
128000,B_w5_K10000_c0.0_lr0.01_bfull_s0,0.0373094
128000,B_w5_K10000_c0.0_lr0.01_bfull_s1,0.134033
128000,B_w5_K10000_c0.0_lr0.01_bfull_s2,0.068155
128000,B_w5_K10000_c0.0_lr0.01_bfull_s3,0.046451
128000,B_w5_K10000_c0.0_lr0.01_bfull_s4,0.0368152
128000,B_w5_K10000_c2.0_lr0.01_bfull_s0,0.0472001
128000,B_w5_K10000_c2.0_lr0.01_bfull_s1,0.0138283
128000,B_w5_K10000_c2.0_lr0.01_bfull_s2,0.0139469
128000,B_w5_K10000_c2.0_lr0.01_bfull_s3,0.091379
128000,B_w5_K10000_c2.0_lr0.01_bfull_s4,0.16756
129000,B_w5_K10000_c0.0_lr0.01_bfull_s0,0.0335836
129000,B_w5_K10000_c0.0_lr0.01_bfull_s1,0.132465
129000,B_w5_K10000_c0.0_lr0.01_bfull_s2,0.0671237
129000,B_w5_K10000_c0.0_lr0.01_bfull_s3,0.0402101
129000,B_w5_K10000_c0.0_lr0.01_bfull_s4,0.032818
129000,B_w5_K10000_c2.0_lr0.01_bfull_s0,0.0381576
129000,B_w5_K10000_c2.0_lr0.01_bfull_s1,0.0121628
129000,B_w5_K10000_c2.0_lr0.01_bfull_s2,0.0129815
129000,B_w5_K10000_c2.0_lr0.01_bfull_s3,0.0889879
129000,B_w5_K10000_c2.0_lr0.01_bfull_s4,0.159065
130000,B_w5_K10000_c0.0_lr0.01_bfull_s0,0.0298317
130000,B_w5_K10000_c0.0_lr0.01_bfull_s1,0.131022
130000,B_w5_K10000_c0.0_lr0.01_bfull_s2,0.066756
130000,B_w5_K10000_c0.0_lr0.01_bfull_s3,0.0376848
130000,B_w5_K10000_c0.0_lr0.01_bfull_s4,0.0277239
130000,B_w5_K10000_c2.0_lr0.01_bfull_s0,0.0320647
130000,B_w5_K10000_c2.0_lr0.01_bfull_s1,0.0111579
130000,B_w5_K10000_c2.0_lr0.01_bfull_s2,0.0124795
130000,B_w5_K10000_c2.0_lr0.01_bfull_s3,0.085149
130000,B_w5_K10000_c2.0_lr0.01_bfull_s4,0.150147
131000,B_w5_K10000_c0.0_lr0.01_bfull_s0,0.220067
131000,B_w5_K10000_c0.0_lr0.01_bfull_s1,0.361354
131000,B_w5_K10000_c0.0_lr0.01_bfull_s2,0.33778
131000,B_w5_K10000_c0.0_lr0.01_bfull_s3,0.360144
131000,B_w5_K10000_c0.0_lr0.01_bfull_s4,0.356912
131000,B_w5_K10000_c2.0_lr0.01_bfull_s0,0.215583
131000,B_w5_K10000_c2.0_lr0.01_bfull_s1,0.355703
131000,B_w5_K10000_c2.0_lr0.01_bfull_s2,0.213395
131000,B_w5_K10000_c2.0_lr0.01_bfull_s3,0.107051
131000,B_w5_K10000_c2.0_lr0.01_bfull_s4,0.1896
132000,B_w5_K10000_c0.0_lr0.01_bfull_s0,0.0910331
132000,B_w5_K10000_c0.0_lr0.01_bfull_s1,0.300605
132000,B_w5_K10000_c0.0_lr0.01_bfull_s2,0.255023
132000,B_w5_K10000_c0.0_lr0.01_bfull_s3,0.166942
132000,B_w5_K10000_c0.0_lr0.01_bfull_s4,0.157428
132000,B_w5_K10000_c2.0_lr0.01_bfull_s0,0.181898
132000,B_w5_K10000_c2.0_lr0.01_bfull_s1,0.135053
132000,B_w5_K10000_c2.0_lr0.01_bfull_s2,0.114863
132000,B_w5_K10000_c2.0_lr0.01_bfull_s3,0.066795
132000,B_w5_K10000_c2.0_lr0.01_bfull_s4,0.050442
133000,B_w5_K10000_c0.0_lr0.01_bfull_s0,0.0424828
133000,B_w5_K10000_c0.0_lr0.01_bfull_s1,0.299743
133000,B_w5_K10000_c0.0_lr0.01_bfull_s2,0.189037
133000,B_w5_K10000_c0.0_lr0.01_bfull_s3,0.101133
133000,B_w5_K10000_c0.0_lr0.01_bfull_s4,0.124766
133000,B_w5_K10000_c2.0_lr0.01_bfull_s0,0.170565
133000,B_w5_K10000_c2.0_lr0.01_bfull_s1,0.112277
133000,B_w5_K10000_c2.0_lr0.01_bfull_s2,0.0986608
133000,B_w5_K10000_c2.0_lr0.01_bfull_s3,0.0631871
133000,B_w5_K10000_c2.0_lr0.01_bfull_s4,0.0476775
134000,B_w5_K10000_c0.0_lr0.01_bfull_s0,0.0271349
134000,B_w5_K10000_c0.0_lr0.01_bfull_s1,0.298538
134000,B_w5_K10000_c0.0_lr0.01_bfull_s2,0.166891
134000,B_w5_K10000_c0.0_lr0.01_bfull_s3,0.0423243
134000,B_w5_K10000_c0.0_lr0.01_bfull_s4,0.114834
134000,B_w5_K10000_c2.0_lr0.01_bfull_s0,0.145301
134000,B_w5_K10000_c2.0_lr0.01_bfull_s1,0.0995289
134000,B_w5_K10000_c2.0_lr0.01_bfull_s2,0.0840509
134000,B_w5_K10000_c2.0_lr0.01_bfull_s3,0.0587299
134000,B_w5_K10000_c2.0_lr0.01_bfull_s4,0.0469895
135000,B_w5_K10000_c0.0_lr0.01_bfull_s0,0.0203888
135000,B_w5_K10000_c0.0_lr0.01_bfull_s1,0.293206
135000,B_w5_K10000_c0.0_lr0.01_bfull_s2,0.158792
135000,B_w5_K10000_c0.0_lr0.01_bfull_s3,0.0270736
135000,B_w5_K10000_c0.0_lr0.01_bfull_s4,0.110187
135000,B_w5_K10000_c2.0_lr0.01_bfull_s0,0.111203
135000,B_w5_K10000_c2.0_lr0.01_bfull_s1,0.0864569
135000,B_w5_K10000_c2.0_lr0.01_bfull_s2,0.0696215
135000,B_w5_K10000_c2.0_lr0.01_bfull_s3,0.0503603
135000,B_w5_K10000_c2.0_lr0.01_bfull_s4,0.0464793
136000,B_w5_K10000_c0.0_lr0.01_bfull_s0,0.0147479
136000,B_w5_K10000_c0.0_lr0.01_bfull_s1,0.261423
136000,B_w5_K10000_c0.0_lr0.01_bfull_s2,0.146526
136000,B_w5_K10000_c0.0_lr0.01_bfull_s3,0.0243563
136000,B_w5_K10000_c0.0_lr0.01_bfull_s4,0.0986367
136000,B_w5_K10000_c2.0_lr0.01_bfull_s0,0.0951166
136000,B_w5_K10000_c2.0_lr0.01_bfull_s1,0.0752266
136000,B_w5_K10000_c2.0_lr0.01_bfull_s2,0.0600694
136000,B_w5_K10000_c2.0_lr0.01_bfull_s3,0.0370157
136000,B_w5_K10000_c2.0_lr0.01_bfull_s4,0.0463438
137000,B_w5_K10000_c0.0_lr0.01_bfull_s0,0.0106808
137000,B_w5_K10000_c0.0_lr0.01_bfull_s1,0.154121
137000,B_w5_K10000_c0.0_lr0.01_bfull_s2,0.133839
137000,B_w5_K10000_c0.0_lr0.01_bfull_s3,0.0232807
137000,B_w5_K10000_c0.0_lr0.01_bfull_s4,0.0570168
137000,B_w5_K10000_c2.0_lr0.01_bfull_s0,0.085692
137000,B_w5_K10000_c2.0_lr0.01_bfull_s1,0.0655147
137000,B_w5_K10000_c2.0_lr0.01_bfull_s2,0.0557747
137000,B_w5_K10000_c2.0_lr0.01_bfull_s3,0.0238744
137000,B_w5_K10000_c2.0_lr0.01_bfull_s4,0.045847
138000,B_w5_K10000_c0.0_lr0.01_bfull_s0,0.00830405
138000,B_w5_K10000_c0.0_lr0.01_bfull_s1,0.12038
138000,B_w5_K10000_c0.0_lr0.01_bfull_s2,0.125371
138000,B_w5_K10000_c0.0_lr0.01_bfull_s3,0.0226408
138000,B_w5_K10000_c0.0_lr0.01_bfull_s4,0.0199087
138000,B_w5_K10000_c2.0_lr0.01_bfull_s0,0.0665898
138000,B_w5_K10000_c2.0_lr0.01_bfull_s1,0.0566068
138000,B_w5_K10000_c2.0_lr0.01_bfull_s2,0.0541633
138000,B_w5_K10000_c2.0_lr0.01_bfull_s3,0.0177797
138000,B_w5_K10000_c2.0_lr0.01_bfull_s4,0.0454939
139000,B_w5_K10000_c0.0_lr0.01_bfull_s0,0.00697281
139000,B_w5_K10000_c0.0_lr0.01_bfull_s1,0.1058
139000,B_w5_K10000_c0.0_lr0.01_bfull_s2,0.117651
139000,B_w5_K10000_c0.0_lr0.01_bfull_s3,0.0219653
139000,B_w5_K10000_c0.0_lr0.01_bfull_s4,0.011611
139000,B_w5_K10000_c2.0_lr0.01_bfull_s0,0.0460626
139000,B_w5_K10000_c2.0_lr0.01_bfull_s1,0.0501398
139000,B_w5_K10000_c2.0_lr0.01_bfull_s2,0.0532327
139000,B_w5_K10000_c2.0_lr0.01_bfull_s3,0.016337
139000,B_w5_K10000_c2.0_lr0.01_bfull_s4,0.0453828
140000,B_w5_K10000_c0.0_lr0.01_bfull_s0,0.00623326
140000,B_w5_K10000_c0.0_lr0.01_bfull_s1,0.0979551
140000,B_w5_K10000_c0.0_lr0.01_bfull_s2,0.107236
140000,B_w5_K10000_c0.0_lr0.01_bfull_s3,0.0211983
140000,B_w5_K10000_c0.0_lr0.01_bfull_s4,0.0085744
140000,B_w5_K10000_c2.0_lr0.01_bfull_s0,0.0392766
140000,B_w5_K10000_c2.0_lr0.01_bfull_s1,0.0475278
140000,B_w5_K10000_c2.0_lr0.01_bfull_s2,0.0526991
140000,B_w5_K10000_c2.0_lr0.01_bfull_s3,0.0161012
140000,B_w5_K10000_c2.0_lr0.01_bfull_s4,0.0450391
141000,B_w5_K10000_c0.0_lr0.01_bfull_s0,0.417422
141000,B_w5_K10000_c0.0_lr0.01_bfull_s1,0.175943
141000,B_w5_K10000_c0.0_lr0.01_bfull_s2,0.348444
141000,B_w5_K10000_c0.0_lr0.01_bfull_s3,0.103092
141000,B_w5_K10000_c0.0_lr0.01_bfull_s4,0.339652
141000,B_w5_K10000_c2.0_lr0.01_bfull_s0,0.165887
141000,B_w5_K10000_c2.0_lr0.01_bfull_s1,0.307007
141000,B_w5_K10000_c2.0_lr0.01_bfull_s2,0.407358
141000,B_w5_K10000_c2.0_lr0.01_bfull_s3,0.107001
141000,B_w5_K10000_c2.0_lr0.01_bfull_s4,0.30019
142000,B_w5_K10000_c0.0_lr0.01_bfull_s0,0.136368
142000,B_w5_K10000_c0.0_lr0.01_bfull_s1,0.123889
142000,B_w5_K10000_c0.0_lr0.01_bfull_s2,0.227405
142000,B_w5_K10000_c0.0_lr0.01_bfull_s3,0.0627837
142000,B_w5_K10000_c0.0_lr0.01_bfull_s4,0.124893
142000,B_w5_K10000_c2.0_lr0.01_bfull_s0,0.136847
142000,B_w5_K10000_c2.0_lr0.01_bfull_s1,0.115828
142000,B_w5_K10000_c2.0_lr0.01_bfull_s2,0.210311
142000,B_w5_K10000_c2.0_lr0.01_bfull_s3,0.0780391
142000,B_w5_K10000_c2.0_lr0.01_bfull_s4,0.171558
143000,B_w5_K10000_c0.0_lr0.01_bfull_s0,0.0793394
143000,B_w5_K10000_c0.0_lr0.01_bfull_s1,0.0985929
143000,B_w5_K10000_c0.0_lr0.01_bfull_s2,0.201894
143000,B_w5_K10000_c0.0_lr0.01_bfull_s3,0.0533793
143000,B_w5_K10000_c0.0_lr0.01_bfull_s4,0.102837
143000,B_w5_K10000_c2.0_lr0.01_bfull_s0,0.133473
143000,B_w5_K10000_c2.0_lr0.01_bfull_s1,0.0808098
143000,B_w5_K10000_c2.0_lr0.01_bfull_s2,0.13349
143000,B_w5_K10000_c2.0_lr0.01_bfull_s3,0.0464779
143000,B_w5_K10000_c2.0_lr0.01_bfull_s4,0.148885
144000,B_w5_K10000_c0.0_lr0.01_bfull_s0,0.0713812
144000,B_w5_K10000_c0.0_lr0.01_bfull_s1,0.0471763
144000,B_w5_K10000_c0.0_lr0.01_bfull_s2,0.193294
144000,B_w5_K10000_c0.0_lr0.01_bfull_s3,0.0477466
144000,B_w5_K10000_c0.0_lr0.01_bfull_s4,0.0994268
144000,B_w5_K10000_c2.0_lr0.01_bfull_s0,0.119254
144000,B_w5_K10000_c2.0_lr0.01_bfull_s1,0.068104
144000,B_w5_K10000_c2.0_lr0.01_bfull_s2,0.0548312
144000,B_w5_K10000_c2.0_lr0.01_bfull_s3,0.029148
144000,B_w5_K10000_c2.0_lr0.01_bfull_s4,0.127645
145000,B_w5_K10000_c0.0_lr0.01_bfull_s0,0.0705648
145000,B_w5_K10000_c0.0_lr0.01_bfull_s1,0.0254802
145000,B_w5_K10000_c0.0_lr0.01_bfull_s2,0.174578
145000,B_w5_K10000_c0.0_lr0.01_bfull_s3,0.0441742
145000,B_w5_K10000_c0.0_lr0.01_bfull_s4,0.0980339
145000,B_w5_K10000_c2.0_lr0.01_bfull_s0,0.0791841
145000,B_w5_K10000_c2.0_lr0.01_bfull_s1,0.0638495
145000,B_w5_K10000_c2.0_lr0.01_bfull_s2,0.0214969
145000,B_w5_K10000_c2.0_lr0.01_bfull_s3,0.0271319
145000,B_w5_K10000_c2.0_lr0.01_bfull_s4,0.10861
146000,B_w5_K10000_c0.0_lr0.01_bfull_s0,0.0697865
146000,B_w5_K10000_c0.0_lr0.01_bfull_s1,0.0226382
146000,B_w5_K10000_c0.0_lr0.01_bfull_s2,0.145577
146000,B_w5_K10000_c0.0_lr0.01_bfull_s3,0.0415248
146000,B_w5_K10000_c0.0_lr0.01_bfull_s4,0.0971913
146000,B_w5_K10000_c2.0_lr0.01_bfull_s0,0.0520356
146000,B_w5_K10000_c2.0_lr0.01_bfull_s1,0.0605328
146000,B_w5_K10000_c2.0_lr0.01_bfull_s2,0.0131624
146000,B_w5_K10000_c2.0_lr0.01_bfull_s3,0.0268415
146000,B_w5_K10000_c2.0_lr0.01_bfull_s4,0.0964592
147000,B_w5_K10000_c0.0_lr0.01_bfull_s0,0.0693543
147000,B_w5_K10000_c0.0_lr0.01_bfull_s1,0.0208509
147000,B_w5_K10000_c0.0_lr0.01_bfull_s2,0.127268
147000,B_w5_K10000_c0.0_lr0.01_bfull_s3,0.0394419
147000,B_w5_K10000_c0.0_lr0.01_bfull_s4,0.0957392
147000,B_w5_K10000_c2.0_lr0.01_bfull_s0,0.0486414
147000,B_w5_K10000_c2.0_lr0.01_bfull_s1,0.0566967
147000,B_w5_K10000_c2.0_lr0.01_bfull_s2,0.0114507
147000,B_w5_K10000_c2.0_lr0.01_bfull_s3,0.0268653
147000,B_w5_K10000_c2.0_lr0.01_bfull_s4,0.0900691
148000,B_w5_K10000_c0.0_lr0.01_bfull_s0,0.069412
148000,B_w5_K10000_c0.0_lr0.01_bfull_s1,0.0183917
148000,B_w5_K10000_c0.0_lr0.01_bfull_s2,0.122366
148000,B_w5_K10000_c0.0_lr0.01_bfull_s3,0.0375141
148000,B_w5_K10000_c0.0_lr0.01_bfull_s4,0.0931027
148000,B_w5_K10000_c2.0_lr0.01_bfull_s0,0.0482067
148000,B_w5_K10000_c2.0_lr0.01_bfull_s1,0.0524153
148000,B_w5_K10000_c2.0_lr0.01_bfull_s2,0.0106141
148000,B_w5_K10000_c2.0_lr0.01_bfull_s3,0.026721
148000,B_w5_K10000_c2.0_lr0.01_bfull_s4,0.0844768
149000,B_w5_K10000_c0.0_lr0.01_bfull_s0,0.069009
149000,B_w5_K10000_c0.0_lr0.01_bfull_s1,0.0153485
149000,B_w5_K10000_c0.0_lr0.01_bfull_s2,0.120138
149000,B_w5_K10000_c0.0_lr0.01_bfull_s3,0.0359523
149000,B_w5_K10000_c0.0_lr0.01_bfull_s4,0.0834153
149000,B_w5_K10000_c2.0_lr0.01_bfull_s0,0.048142
149000,B_w5_K10000_c2.0_lr0.01_bfull_s1,0.0477514
149000,B_w5_K10000_c2.0_lr0.01_bfull_s2,0.00998391
149000,B_w5_K10000_c2.0_lr0.01_bfull_s3,0.0267936
149000,B_w5_K10000_c2.0_lr0.01_bfull_s4,0.0796558
150000,B_w5_K10000_c0.0_lr0.01_bfull_s0,0.0688311
150000,B_w5_K10000_c0.0_lr0.01_bfull_s1,0.0127729
150000,B_w5_K10000_c0.0_lr0.01_bfull_s2,0.115376
150000,B_w5_K10000_c0.0_lr0.01_bfull_s3,0.0341132
150000,B_w5_K10000_c0.0_lr0.01_bfull_s4,0.0536729
150000,B_w5_K10000_c2.0_lr0.01_bfull_s0,0.0479257
150000,B_w5_K10000_c2.0_lr0.01_bfull_s1,0.0435717
150000,B_w5_K10000_c2.0_lr0.01_bfull_s2,0.00941491
150000,B_w5_K10000_c2.0_lr0.01_bfull_s3,0.0266626
150000,B_w5_K10000_c2.0_lr0.01_bfull_s4,0.0763232
151000,B_w5_K10000_c0.0_lr0.01_bfull_s0,0.257309
151000,B_w5_K10000_c0.0_lr0.01_bfull_s1,0.305809
151000,B_w5_K10000_c0.0_lr0.01_bfull_s2,0.112995
151000,B_w5_K10000_c0.0_lr0.01_bfull_s3,0.276602
151000,B_w5_K10000_c0.0_lr0.01_bfull_s4,0.368294
151000,B_w5_K10000_c2.0_lr0.01_bfull_s0,0.24157
151000,B_w5_K10000_c2.0_lr0.01_bfull_s1,0.236699
151000,B_w5_K10000_c2.0_lr0.01_bfull_s2,0.248289
151000,B_w5_K10000_c2.0_lr0.01_bfull_s3,0.177792
151000,B_w5_K10000_c2.0_lr0.01_bfull_s4,0.320021
152000,B_w5_K10000_c0.0_lr0.01_bfull_s0,0.0955536
152000,B_w5_K10000_c0.0_lr0.01_bfull_s1,0.274501
152000,B_w5_K10000_c0.0_lr0.01_bfull_s2,0.0798554
152000,B_w5_K10000_c0.0_lr0.01_bfull_s3,0.0860751
152000,B_w5_K10000_c0.0_lr0.01_bfull_s4,0.160599
152000,B_w5_K10000_c2.0_lr0.01_bfull_s0,0.219278
152000,B_w5_K10000_c2.0_lr0.01_bfull_s1,0.155254
152000,B_w5_K10000_c2.0_lr0.01_bfull_s2,0.113364
152000,B_w5_K10000_c2.0_lr0.01_bfull_s3,0.154749
152000,B_w5_K10000_c2.0_lr0.01_bfull_s4,0.169756
153000,B_w5_K10000_c0.0_lr0.01_bfull_s0,0.0570361
153000,B_w5_K10000_c0.0_lr0.01_bfull_s1,0.274035
153000,B_w5_K10000_c0.0_lr0.01_bfull_s2,0.0744597
153000,B_w5_K10000_c0.0_lr0.01_bfull_s3,0.0468945
153000,B_w5_K10000_c0.0_lr0.01_bfull_s4,0.144364
153000,B_w5_K10000_c2.0_lr0.01_bfull_s0,0.214485
153000,B_w5_K10000_c2.0_lr0.01_bfull_s1,0.141091
153000,B_w5_K10000_c2.0_lr0.01_bfull_s2,0.0792194
153000,B_w5_K10000_c2.0_lr0.01_bfull_s3,0.128242
153000,B_w5_K10000_c2.0_lr0.01_bfull_s4,0.154551
154000,B_w5_K10000_c0.0_lr0.01_bfull_s0,0.0333837
154000,B_w5_K10000_c0.0_lr0.01_bfull_s1,0.274144
154000,B_w5_K10000_c0.0_lr0.01_bfull_s2,0.0611654
154000,B_w5_K10000_c0.0_lr0.01_bfull_s3,0.0311288
154000,B_w5_K10000_c0.0_lr0.01_bfull_s4,0.120808
154000,B_w5_K10000_c2.0_lr0.01_bfull_s0,0.199907
154000,B_w5_K10000_c2.0_lr0.01_bfull_s1,0.121744
154000,B_w5_K10000_c2.0_lr0.01_bfull_s2,0.0708356
154000,B_w5_K10000_c2.0_lr0.01_bfull_s3,0.0788785
154000,B_w5_K10000_c2.0_lr0.01_bfull_s4,0.128119
155000,B_w5_K10000_c0.0_lr0.01_bfull_s0,0.0189192
155000,B_w5_K10000_c0.0_lr0.01_bfull_s1,0.273914
155000,B_w5_K10000_c0.0_lr0.01_bfull_s2,0.0432226
155000,B_w5_K10000_c0.0_lr0.01_bfull_s3,0.0222467
155000,B_w5_K10000_c0.0_lr0.01_bfull_s4,0.094644
155000,B_w5_K10000_c2.0_lr0.01_bfull_s0,0.157591
155000,B_w5_K10000_c2.0_lr0.01_bfull_s1,0.0942282
155000,B_w5_K10000_c2.0_lr0.01_bfull_s2,0.0685363
155000,B_w5_K10000_c2.0_lr0.01_bfull_s3,0.0627795
155000,B_w5_K10000_c2.0_lr0.01_bfull_s4,0.100841
156000,B_w5_K10000_c0.0_lr0.01_bfull_s0,0.0120394
156000,B_w5_K10000_c0.0_lr0.01_bfull_s1,0.270782
156000,B_w5_K10000_c0.0_lr0.01_bfull_s2,0.0355976
156000,B_w5_K10000_c0.0_lr0.01_bfull_s3,0.0153181
156000,B_w5_K10000_c0.0_lr0.01_bfull_s4,0.0717361
156000,B_w5_K10000_c2.0_lr0.01_bfull_s0,0.100946
156000,B_w5_K10000_c2.0_lr0.01_bfull_s1,0.0785301
156000,B_w5_K10000_c2.0_lr0.01_bfull_s2,0.066815
156000,B_w5_K10000_c2.0_lr0.01_bfull_s3,0.0613579
156000,B_w5_K10000_c2.0_lr0.01_bfull_s4,0.0940005
157000,B_w5_K10000_c0.0_lr0.01_bfull_s0,0.00842333
157000,B_w5_K10000_c0.0_lr0.01_bfull_s1,0.266625
157000,B_w5_K10000_c0.0_lr0.01_bfull_s2,0.0335075
157000,B_w5_K10000_c0.0_lr0.01_bfull_s3,0.0101302
157000,B_w5_K10000_c0.0_lr0.01_bfull_s4,0.054511
157000,B_w5_K10000_c2.0_lr0.01_bfull_s0,0.0696524
157000,B_w5_K10000_c2.0_lr0.01_bfull_s1,0.0706399
157000,B_w5_K10000_c2.0_lr0.01_bfull_s2,0.065673
157000,B_w5_K10000_c2.0_lr0.01_bfull_s3,0.060959
157000,B_w5_K10000_c2.0_lr0.01_bfull_s4,0.0927271
158000,B_w5_K10000_c0.0_lr0.01_bfull_s0,0.00596216
158000,B_w5_K10000_c0.0_lr0.01_bfull_s1,0.249814
158000,B_w5_K10000_c0.0_lr0.01_bfull_s2,0.0314648
158000,B_w5_K10000_c0.0_lr0.01_bfull_s3,0.00695323
158000,B_w5_K10000_c0.0_lr0.01_bfull_s4,0.0395149
158000,B_w5_K10000_c2.0_lr0.01_bfull_s0,0.0608146
158000,B_w5_K10000_c2.0_lr0.01_bfull_s1,0.0646229
158000,B_w5_K10000_c2.0_lr0.01_bfull_s2,0.0638053
158000,B_w5_K10000_c2.0_lr0.01_bfull_s3,0.0603984
158000,B_w5_K10000_c2.0_lr0.01_bfull_s4,0.0916925
159000,B_w5_K10000_c0.0_lr0.01_bfull_s0,0.00412159
159000,B_w5_K10000_c0.0_lr0.01_bfull_s1,0.199084
159000,B_w5_K10000_c0.0_lr0.01_bfull_s2,0.0286727
159000,B_w5_K10000_c0.0_lr0.01_bfull_s3,0.00522088
159000,B_w5_K10000_c0.0_lr0.01_bfull_s4,0.0285874
159000,B_w5_K10000_c2.0_lr0.01_bfull_s0,0.0582435
159000,B_w5_K10000_c2.0_lr0.01_bfull_s1,0.0563729
159000,B_w5_K10000_c2.0_lr0.01_bfull_s2,0.0610369
159000,B_w5_K10000_c2.0_lr0.01_bfull_s3,0.0605383
159000,B_w5_K10000_c2.0_lr0.01_bfull_s4,0.0908225
160000,B_w5_K10000_c0.0_lr0.01_bfull_s0,0.00281205
160000,B_w5_K10000_c0.0_lr0.01_bfull_s1,0.152746
160000,B_w5_K10000_c0.0_lr0.01_bfull_s2,0.025054
160000,B_w5_K10000_c0.0_lr0.01_bfull_s3,0.00432049
160000,B_w5_K10000_c0.0_lr0.01_bfull_s4,0.0222425
160000,B_w5_K10000_c2.0_lr0.01_bfull_s0,0.0572378
160000,B_w5_K10000_c2.0_lr0.01_bfull_s1,0.0457938
160000,B_w5_K10000_c2.0_lr0.01_bfull_s2,0.0567615
160000,B_w5_K10000_c2.0_lr0.01_bfull_s3,0.0605167
160000,B_w5_K10000_c2.0_lr0.01_bfull_s4,0.0898378
161000,B_w5_K10000_c0.0_lr0.01_bfull_s0,0.400866
161000,B_w5_K10000_c0.0_lr0.01_bfull_s1,0.219101
161000,B_w5_K10000_c0.0_lr0.01_bfull_s2,0.161432
161000,B_w5_K10000_c0.0_lr0.01_bfull_s3,0.354019
161000,B_w5_K10000_c0.0_lr0.01_bfull_s4,0.317617
161000,B_w5_K10000_c2.0_lr0.01_bfull_s0,0.129271
161000,B_w5_K10000_c2.0_lr0.01_bfull_s1,0.319463
161000,B_w5_K10000_c2.0_lr0.01_bfull_s2,0.43635
161000,B_w5_K10000_c2.0_lr0.01_bfull_s3,0.17803
161000,B_w5_K10000_c2.0_lr0.01_bfull_s4,0.0967777
162000,B_w5_K10000_c0.0_lr0.01_bfull_s0,0.166004
162000,B_w5_K10000_c0.0_lr0.01_bfull_s1,0.156329
162000,B_w5_K10000_c0.0_lr0.01_bfull_s2,0.144565
162000,B_w5_K10000_c0.0_lr0.01_bfull_s3,0.198034
162000,B_w5_K10000_c0.0_lr0.01_bfull_s4,0.0783125
162000,B_w5_K10000_c2.0_lr0.01_bfull_s0,0.0806563
162000,B_w5_K10000_c2.0_lr0.01_bfull_s1,0.126157
162000,B_w5_K10000_c2.0_lr0.01_bfull_s2,0.336954
162000,B_w5_K10000_c2.0_lr0.01_bfull_s3,0.151077
162000,B_w5_K10000_c2.0_lr0.01_bfull_s4,0.0431441
163000,B_w5_K10000_c0.0_lr0.01_bfull_s0,0.153306
163000,B_w5_K10000_c0.0_lr0.01_bfull_s1,0.116812
163000,B_w5_K10000_c0.0_lr0.01_bfull_s2,0.144073
163000,B_w5_K10000_c0.0_lr0.01_bfull_s3,0.169316
163000,B_w5_K10000_c0.0_lr0.01_bfull_s4,0.0447934
163000,B_w5_K10000_c2.0_lr0.01_bfull_s0,0.0783076
163000,B_w5_K10000_c2.0_lr0.01_bfull_s1,0.0811946
163000,B_w5_K10000_c2.0_lr0.01_bfull_s2,0.33192
163000,B_w5_K10000_c2.0_lr0.01_bfull_s3,0.145268
163000,B_w5_K10000_c2.0_lr0.01_bfull_s4,0.0391905
164000,B_w5_K10000_c0.0_lr0.01_bfull_s0,0.152265
164000,B_w5_K10000_c0.0_lr0.01_bfull_s1,0.0454733
164000,B_w5_K10000_c0.0_lr0.01_bfull_s2,0.143372
164000,B_w5_K10000_c0.0_lr0.01_bfull_s3,0.150926
164000,B_w5_K10000_c0.0_lr0.01_bfull_s4,0.0408701
164000,B_w5_K10000_c2.0_lr0.01_bfull_s0,0.0758009
164000,B_w5_K10000_c2.0_lr0.01_bfull_s1,0.0616389
164000,B_w5_K10000_c2.0_lr0.01_bfull_s2,0.307078
164000,B_w5_K10000_c2.0_lr0.01_bfull_s3,0.126201
164000,B_w5_K10000_c2.0_lr0.01_bfull_s4,0.0364606
165000,B_w5_K10000_c0.0_lr0.01_bfull_s0,0.151362
165000,B_w5_K10000_c0.0_lr0.01_bfull_s1,0.03097
165000,B_w5_K10000_c0.0_lr0.01_bfull_s2,0.14297
165000,B_w5_K10000_c0.0_lr0.01_bfull_s3,0.13734
165000,B_w5_K10000_c0.0_lr0.01_bfull_s4,0.0403587
165000,B_w5_K10000_c2.0_lr0.01_bfull_s0,0.0729841
165000,B_w5_K10000_c2.0_lr0.01_bfull_s1,0.0493237
165000,B_w5_K10000_c2.0_lr0.01_bfull_s2,0.177831
165000,B_w5_K10000_c2.0_lr0.01_bfull_s3,0.0914885
165000,B_w5_K10000_c2.0_lr0.01_bfull_s4,0.0348032
166000,B_w5_K10000_c0.0_lr0.01_bfull_s0,0.149834
166000,B_w5_K10000_c0.0_lr0.01_bfull_s1,0.0298299
166000,B_w5_K10000_c0.0_lr0.01_bfull_s2,0.141469
166000,B_w5_K10000_c0.0_lr0.01_bfull_s3,0.122993
166000,B_w5_K10000_c0.0_lr0.01_bfull_s4,0.0404988
166000,B_w5_K10000_c2.0_lr0.01_bfull_s0,0.0685336
166000,B_w5_K10000_c2.0_lr0.01_bfull_s1,0.0395923
166000,B_w5_K10000_c2.0_lr0.01_bfull_s2,0.107716
166000,B_w5_K10000_c2.0_lr0.01_bfull_s3,0.0721372
166000,B_w5_K10000_c2.0_lr0.01_bfull_s4,0.0341778
167000,B_w5_K10000_c0.0_lr0.01_bfull_s0,0.148749
167000,B_w5_K10000_c0.0_lr0.01_bfull_s1,0.0295327
167000,B_w5_K10000_c0.0_lr0.01_bfull_s2,0.137148
167000,B_w5_K10000_c0.0_lr0.01_bfull_s3,0.0921373
167000,B_w5_K10000_c0.0_lr0.01_bfull_s4,0.0403286
167000,B_w5_K10000_c2.0_lr0.01_bfull_s0,0.0621507
167000,B_w5_K10000_c2.0_lr0.01_bfull_s1,0.0326904
167000,B_w5_K10000_c2.0_lr0.01_bfull_s2,0.10321
167000,B_w5_K10000_c2.0_lr0.01_bfull_s3,0.065629
167000,B_w5_K10000_c2.0_lr0.01_bfull_s4,0.0338291
168000,B_w5_K10000_c0.0_lr0.01_bfull_s0,0.144429
168000,B_w5_K10000_c0.0_lr0.01_bfull_s1,0.0293448
168000,B_w5_K10000_c0.0_lr0.01_bfull_s2,0.127668
168000,B_w5_K10000_c0.0_lr0.01_bfull_s3,0.0500094
168000,B_w5_K10000_c0.0_lr0.01_bfull_s4,0.0401785
168000,B_w5_K10000_c2.0_lr0.01_bfull_s0,0.0537639
168000,B_w5_K10000_c2.0_lr0.01_bfull_s1,0.0278962
168000,B_w5_K10000_c2.0_lr0.01_bfull_s2,0.10109
168000,B_w5_K10000_c2.0_lr0.01_bfull_s3,0.0607983
168000,B_w5_K10000_c2.0_lr0.01_bfull_s4,0.0336976
169000,B_w5_K10000_c0.0_lr0.01_bfull_s0,0.131462
169000,B_w5_K10000_c0.0_lr0.01_bfull_s1,0.0291651
169000,B_w5_K10000_c0.0_lr0.01_bfull_s2,0.111996
169000,B_w5_K10000_c0.0_lr0.01_bfull_s3,0.0277446
169000,B_w5_K10000_c0.0_lr0.01_bfull_s4,0.0399347
169000,B_w5_K10000_c2.0_lr0.01_bfull_s0,0.0438853
169000,B_w5_K10000_c2.0_lr0.01_bfull_s1,0.0232421
169000,B_w5_K10000_c2.0_lr0.01_bfull_s2,0.0991566
169000,B_w5_K10000_c2.0_lr0.01_bfull_s3,0.0551085
169000,B_w5_K10000_c2.0_lr0.01_bfull_s4,0.0334478
170000,B_w5_K10000_c0.0_lr0.01_bfull_s0,0.100868
170000,B_w5_K10000_c0.0_lr0.01_bfull_s1,0.0290066
170000,B_w5_K10000_c0.0_lr0.01_bfull_s2,0.0998273
170000,B_w5_K10000_c0.0_lr0.01_bfull_s3,0.0197864
170000,B_w5_K10000_c0.0_lr0.01_bfull_s4,0.039859
170000,B_w5_K10000_c2.0_lr0.01_bfull_s0,0.0349999
170000,B_w5_K10000_c2.0_lr0.01_bfull_s1,0.0174422
170000,B_w5_K10000_c2.0_lr0.01_bfull_s2,0.0971134
170000,B_w5_K10000_c2.0_lr0.01_bfull_s3,0.0477538
170000,B_w5_K10000_c2.0_lr0.01_bfull_s4,0.0333088
171000,B_w5_K10000_c0.0_lr0.01_bfull_s0,0.427266
171000,B_w5_K10000_c0.0_lr0.01_bfull_s1,0.154258
171000,B_w5_K10000_c0.0_lr0.01_bfull_s2,0.109642
171000,B_w5_K10000_c0.0_lr0.01_bfull_s3,0.26132
171000,B_w5_K10000_c0.0_lr0.01_bfull_s4,0.469387
171000,B_w5_K10000_c2.0_lr0.01_bfull_s0,0.188397
171000,B_w5_K10000_c2.0_lr0.01_bfull_s1,0.0831346
171000,B_w5_K10000_c2.0_lr0.01_bfull_s2,0.411575
171000,B_w5_K10000_c2.0_lr0.01_bfull_s3,0.188157
171000,B_w5_K10000_c2.0_lr0.01_bfull_s4,0.244881
172000,B_w5_K10000_c0.0_lr0.01_bfull_s0,0.116552
172000,B_w5_K10000_c0.0_lr0.01_bfull_s1,0.133731
172000,B_w5_K10000_c0.0_lr0.01_bfull_s2,0.0523205
172000,B_w5_K10000_c0.0_lr0.01_bfull_s3,0.152724
172000,B_w5_K10000_c0.0_lr0.01_bfull_s4,0.205485
172000,B_w5_K10000_c2.0_lr0.01_bfull_s0,0.151588
172000,B_w5_K10000_c2.0_lr0.01_bfull_s1,0.0458529
172000,B_w5_K10000_c2.0_lr0.01_bfull_s2,0.15246
172000,B_w5_K10000_c2.0_lr0.01_bfull_s3,0.147048
172000,B_w5_K10000_c2.0_lr0.01_bfull_s4,0.125626
173000,B_w5_K10000_c0.0_lr0.01_bfull_s0,0.0938709
173000,B_w5_K10000_c0.0_lr0.01_bfull_s1,0.123535
173000,B_w5_K10000_c0.0_lr0.01_bfull_s2,0.0269822
173000,B_w5_K10000_c0.0_lr0.01_bfull_s3,0.125652
173000,B_w5_K10000_c0.0_lr0.01_bfull_s4,0.146586
173000,B_w5_K10000_c2.0_lr0.01_bfull_s0,0.118106
173000,B_w5_K10000_c2.0_lr0.01_bfull_s1,0.0346977
173000,B_w5_K10000_c2.0_lr0.01_bfull_s2,0.0713351
173000,B_w5_K10000_c2.0_lr0.01_bfull_s3,0.0946769
173000,B_w5_K10000_c2.0_lr0.01_bfull_s4,0.0957341
174000,B_w5_K10000_c0.0_lr0.01_bfull_s0,0.0866553
174000,B_w5_K10000_c0.0_lr0.01_bfull_s1,0.0947761
174000,B_w5_K10000_c0.0_lr0.01_bfull_s2,0.02381
174000,B_w5_K10000_c0.0_lr0.01_bfull_s3,0.0789892
174000,B_w5_K10000_c0.0_lr0.01_bfull_s4,0.105736
174000,B_w5_K10000_c2.0_lr0.01_bfull_s0,0.0979601
174000,B_w5_K10000_c2.0_lr0.01_bfull_s1,0.028269
174000,B_w5_K10000_c2.0_lr0.01_bfull_s2,0.0482945
174000,B_w5_K10000_c2.0_lr0.01_bfull_s3,0.0594141
174000,B_w5_K10000_c2.0_lr0.01_bfull_s4,0.0862082
175000,B_w5_K10000_c0.0_lr0.01_bfull_s0,0.0839912
175000,B_w5_K10000_c0.0_lr0.01_bfull_s1,0.049145
175000,B_w5_K10000_c0.0_lr0.01_bfull_s2,0.0236326
175000,B_w5_K10000_c0.0_lr0.01_bfull_s3,0.0414322
175000,B_w5_K10000_c0.0_lr0.01_bfull_s4,0.0692974
175000,B_w5_K10000_c2.0_lr0.01_bfull_s0,0.0841075
175000,B_w5_K10000_c2.0_lr0.01_bfull_s1,0.0241967
175000,B_w5_K10000_c2.0_lr0.01_bfull_s2,0.041149
175000,B_w5_K10000_c2.0_lr0.01_bfull_s3,0.057103
175000,B_w5_K10000_c2.0_lr0.01_bfull_s4,0.0817435
176000,B_w5_K10000_c0.0_lr0.01_bfull_s0,0.0826611
176000,B_w5_K10000_c0.0_lr0.01_bfull_s1,0.0251583
176000,B_w5_K10000_c0.0_lr0.01_bfull_s2,0.0235619
176000,B_w5_K10000_c0.0_lr0.01_bfull_s3,0.0233889
176000,B_w5_K10000_c0.0_lr0.01_bfull_s4,0.0463728
176000,B_w5_K10000_c2.0_lr0.01_bfull_s0,0.0626379
176000,B_w5_K10000_c2.0_lr0.01_bfull_s1,0.0213436
176000,B_w5_K10000_c2.0_lr0.01_bfull_s2,0.0389913
176000,B_w5_K10000_c2.0_lr0.01_bfull_s3,0.0568521
176000,B_w5_K10000_c2.0_lr0.01_bfull_s4,0.0764284
177000,B_w5_K10000_c0.0_lr0.01_bfull_s0,0.0823601
177000,B_w5_K10000_c0.0_lr0.01_bfull_s1,0.0175246
177000,B_w5_K10000_c0.0_lr0.01_bfull_s2,0.0235697
177000,B_w5_K10000_c0.0_lr0.01_bfull_s3,0.0161229
177000,B_w5_K10000_c0.0_lr0.01_bfull_s4,0.0287696
177000,B_w5_K10000_c2.0_lr0.01_bfull_s0,0.0429472
177000,B_w5_K10000_c2.0_lr0.01_bfull_s1,0.0191206
177000,B_w5_K10000_c2.0_lr0.01_bfull_s2,0.0380621
177000,B_w5_K10000_c2.0_lr0.01_bfull_s3,0.0564578
177000,B_w5_K10000_c2.0_lr0.01_bfull_s4,0.0732244
178000,B_w5_K10000_c0.0_lr0.01_bfull_s0,0.0822049
178000,B_w5_K10000_c0.0_lr0.01_bfull_s1,0.0158434
178000,B_w5_K10000_c0.0_lr0.01_bfull_s2,0.0235444
178000,B_w5_K10000_c0.0_lr0.01_bfull_s3,0.012603
178000,B_w5_K10000_c0.0_lr0.01_bfull_s4,0.0209538
178000,B_w5_K10000_c2.0_lr0.01_bfull_s0,0.0337197
178000,B_w5_K10000_c2.0_lr0.01_bfull_s1,0.0172321
178000,B_w5_K10000_c2.0_lr0.01_bfull_s2,0.0375584
178000,B_w5_K10000_c2.0_lr0.01_bfull_s3,0.0562523
178000,B_w5_K10000_c2.0_lr0.01_bfull_s4,0.0705573
179000,B_w5_K10000_c0.0_lr0.01_bfull_s0,0.0817964
179000,B_w5_K10000_c0.0_lr0.01_bfull_s1,0.0155467
179000,B_w5_K10000_c0.0_lr0.01_bfull_s2,0.0234656
179000,B_w5_K10000_c0.0_lr0.01_bfull_s3,0.0102957
179000,B_w5_K10000_c0.0_lr0.01_bfull_s4,0.0179429
179000,B_w5_K10000_c2.0_lr0.01_bfull_s0,0.0300755
179000,B_w5_K10000_c2.0_lr0.01_bfull_s1,0.0153634
179000,B_w5_K10000_c2.0_lr0.01_bfull_s2,0.037421
179000,B_w5_K10000_c2.0_lr0.01_bfull_s3,0.0556529
179000,B_w5_K10000_c2.0_lr0.01_bfull_s4,0.0690765
180000,B_w5_K10000_c0.0_lr0.01_bfull_s0,0.0820081
180000,B_w5_K10000_c0.0_lr0.01_bfull_s1,0.0154188
180000,B_w5_K10000_c0.0_lr0.01_bfull_s2,0.0235005
180000,B_w5_K10000_c0.0_lr0.01_bfull_s3,0.00858197
180000,B_w5_K10000_c0.0_lr0.01_bfull_s4,0.0161292
180000,B_w5_K10000_c2.0_lr0.01_bfull_s0,0.0280037
180000,B_w5_K10000_c2.0_lr0.01_bfull_s1,0.0136952
180000,B_w5_K10000_c2.0_lr0.01_bfull_s2,0.0371674
180000,B_w5_K10000_c2.0_lr0.01_bfull_s3,0.055349
180000,B_w5_K10000_c2.0_lr0.01_bfull_s4,0.0681837
181000,B_w5_K10000_c0.0_lr0.01_bfull_s0,0.23423
181000,B_w5_K10000_c0.0_lr0.01_bfull_s1,0.256314
181000,B_w5_K10000_c0.0_lr0.01_bfull_s2,0.306654
181000,B_w5_K10000_c0.0_lr0.01_bfull_s3,0.230056
181000,B_w5_K10000_c0.0_lr0.01_bfull_s4,0.258791
181000,B_w5_K10000_c2.0_lr0.01_bfull_s0,0.248983
181000,B_w5_K10000_c2.0_lr0.01_bfull_s1,0.559719
181000,B_w5_K10000_c2.0_lr0.01_bfull_s2,0.227362
181000,B_w5_K10000_c2.0_lr0.01_bfull_s3,0.29553
181000,B_w5_K10000_c2.0_lr0.01_bfull_s4,0.219679
182000,B_w5_K10000_c0.0_lr0.01_bfull_s0,0.101584
182000,B_w5_K10000_c0.0_lr0.01_bfull_s1,0.226531
182000,B_w5_K10000_c0.0_lr0.01_bfull_s2,0.272147
182000,B_w5_K10000_c0.0_lr0.01_bfull_s3,0.060586
182000,B_w5_K10000_c0.0_lr0.01_bfull_s4,0.0728895
182000,B_w5_K10000_c2.0_lr0.01_bfull_s0,0.211224
182000,B_w5_K10000_c2.0_lr0.01_bfull_s1,0.243512
182000,B_w5_K10000_c2.0_lr0.01_bfull_s2,0.126186
182000,B_w5_K10000_c2.0_lr0.01_bfull_s3,0.243845
182000,B_w5_K10000_c2.0_lr0.01_bfull_s4,0.109705
183000,B_w5_K10000_c0.0_lr0.01_bfull_s0,0.0646313
183000,B_w5_K10000_c0.0_lr0.01_bfull_s1,0.217313
183000,B_w5_K10000_c0.0_lr0.01_bfull_s2,0.26388
183000,B_w5_K10000_c0.0_lr0.01_bfull_s3,0.0331989
183000,B_w5_K10000_c0.0_lr0.01_bfull_s4,0.0290669
183000,B_w5_K10000_c2.0_lr0.01_bfull_s0,0.207398
183000,B_w5_K10000_c2.0_lr0.01_bfull_s1,0.146469
183000,B_w5_K10000_c2.0_lr0.01_bfull_s2,0.118053
183000,B_w5_K10000_c2.0_lr0.01_bfull_s3,0.242462
183000,B_w5_K10000_c2.0_lr0.01_bfull_s4,0.101992
184000,B_w5_K10000_c0.0_lr0.01_bfull_s0,0.0446148
184000,B_w5_K10000_c0.0_lr0.01_bfull_s1,0.200659
184000,B_w5_K10000_c0.0_lr0.01_bfull_s2,0.252737
184000,B_w5_K10000_c0.0_lr0.01_bfull_s3,0.0229508
184000,B_w5_K10000_c0.0_lr0.01_bfull_s4,0.0194706
184000,B_w5_K10000_c2.0_lr0.01_bfull_s0,0.195618
184000,B_w5_K10000_c2.0_lr0.01_bfull_s1,0.0926379
184000,B_w5_K10000_c2.0_lr0.01_bfull_s2,0.107672
184000,B_w5_K10000_c2.0_lr0.01_bfull_s3,0.24199
184000,B_w5_K10000_c2.0_lr0.01_bfull_s4,0.0927738
185000,B_w5_K10000_c0.0_lr0.01_bfull_s0,0.0359195
185000,B_w5_K10000_c0.0_lr0.01_bfull_s1,0.174902
185000,B_w5_K10000_c0.0_lr0.01_bfull_s2,0.235909
185000,B_w5_K10000_c0.0_lr0.01_bfull_s3,0.020413
185000,B_w5_K10000_c0.0_lr0.01_bfull_s4,0.0174083
185000,B_w5_K10000_c2.0_lr0.01_bfull_s0,0.158812
185000,B_w5_K10000_c2.0_lr0.01_bfull_s1,0.0860309
185000,B_w5_K10000_c2.0_lr0.01_bfull_s2,0.0917913
185000,B_w5_K10000_c2.0_lr0.01_bfull_s3,0.240274
185000,B_w5_K10000_c2.0_lr0.01_bfull_s4,0.0836764
186000,B_w5_K10000_c0.0_lr0.01_bfull_s0,0.0259356
186000,B_w5_K10000_c0.0_lr0.01_bfull_s1,0.153349
186000,B_w5_K10000_c0.0_lr0.01_bfull_s2,0.19661
186000,B_w5_K10000_c0.0_lr0.01_bfull_s3,0.019676
186000,B_w5_K10000_c0.0_lr0.01_bfull_s4,0.0164183
186000,B_w5_K10000_c2.0_lr0.01_bfull_s0,0.0973948
186000,B_w5_K10000_c2.0_lr0.01_bfull_s1,0.0840247
186000,B_w5_K10000_c2.0_lr0.01_bfull_s2,0.0749883
186000,B_w5_K10000_c2.0_lr0.01_bfull_s3,0.239138
186000,B_w5_K10000_c2.0_lr0.01_bfull_s4,0.0774468
187000,B_w5_K10000_c0.0_lr0.01_bfull_s0,0.0147031
187000,B_w5_K10000_c0.0_lr0.01_bfull_s1,0.142372
187000,B_w5_K10000_c0.0_lr0.01_bfull_s2,0.123314
187000,B_w5_K10000_c0.0_lr0.01_bfull_s3,0.0191288
187000,B_w5_K10000_c0.0_lr0.01_bfull_s4,0.0153845
187000,B_w5_K10000_c2.0_lr0.01_bfull_s0,0.0530297
187000,B_w5_K10000_c2.0_lr0.01_bfull_s1,0.0834429
187000,B_w5_K10000_c2.0_lr0.01_bfull_s2,0.0573532
187000,B_w5_K10000_c2.0_lr0.01_bfull_s3,0.234893
187000,B_w5_K10000_c2.0_lr0.01_bfull_s4,0.0729444
188000,B_w5_K10000_c0.0_lr0.01_bfull_s0,0.00798075
188000,B_w5_K10000_c0.0_lr0.01_bfull_s1,0.130475
188000,B_w5_K10000_c0.0_lr0.01_bfull_s2,0.0896831
188000,B_w5_K10000_c0.0_lr0.01_bfull_s3,0.0182901
188000,B_w5_K10000_c0.0_lr0.01_bfull_s4,0.0144552
188000,B_w5_K10000_c2.0_lr0.01_bfull_s0,0.0288055
188000,B_w5_K10000_c2.0_lr0.01_bfull_s1,0.0820858
188000,B_w5_K10000_c2.0_lr0.01_bfull_s2,0.0393406
188000,B_w5_K10000_c2.0_lr0.01_bfull_s3,0.227798
188000,B_w5_K10000_c2.0_lr0.01_bfull_s4,0.0678412
189000,B_w5_K10000_c0.0_lr0.01_bfull_s0,0.00538139
189000,B_w5_K10000_c0.0_lr0.01_bfull_s1,0.118042
189000,B_w5_K10000_c0.0_lr0.01_bfull_s2,0.0808307
189000,B_w5_K10000_c0.0_lr0.01_bfull_s3,0.0168391
189000,B_w5_K10000_c0.0_lr0.01_bfull_s4,0.0134289
189000,B_w5_K10000_c2.0_lr0.01_bfull_s0,0.0207578
189000,B_w5_K10000_c2.0_lr0.01_bfull_s1,0.0808571
189000,B_w5_K10000_c2.0_lr0.01_bfull_s2,0.0277018
189000,B_w5_K10000_c2.0_lr0.01_bfull_s3,0.2144
189000,B_w5_K10000_c2.0_lr0.01_bfull_s4,0.061625
190000,B_w5_K10000_c0.0_lr0.01_bfull_s0,0.004272
190000,B_w5_K10000_c0.0_lr0.01_bfull_s1,0.113547
190000,B_w5_K10000_c0.0_lr0.01_bfull_s2,0.0765591
190000,B_w5_K10000_c0.0_lr0.01_bfull_s3,0.014623
190000,B_w5_K10000_c0.0_lr0.01_bfull_s4,0.0125627
190000,B_w5_K10000_c2.0_lr0.01_bfull_s0,0.0175302
190000,B_w5_K10000_c2.0_lr0.01_bfull_s1,0.0775112
190000,B_w5_K10000_c2.0_lr0.01_bfull_s2,0.0219418
190000,B_w5_K10000_c2.0_lr0.01_bfull_s3,0.190319
190000,B_w5_K10000_c2.0_lr0.01_bfull_s4,0.0529524
191000,B_w5_K10000_c0.0_lr0.01_bfull_s0,0.396072
191000,B_w5_K10000_c0.0_lr0.01_bfull_s1,0.272403
191000,B_w5_K10000_c0.0_lr0.01_bfull_s2,0.295965
191000,B_w5_K10000_c0.0_lr0.01_bfull_s3,0.365868
191000,B_w5_K10000_c0.0_lr0.01_bfull_s4,0.531596
191000,B_w5_K10000_c2.0_lr0.01_bfull_s0,0.103221
191000,B_w5_K10000_c2.0_lr0.01_bfull_s1,0.339476
191000,B_w5_K10000_c2.0_lr0.01_bfull_s2,0.233387
191000,B_w5_K10000_c2.0_lr0.01_bfull_s3,0.250066
191000,B_w5_K10000_c2.0_lr0.01_bfull_s4,0.213225
192000,B_w5_K10000_c0.0_lr0.01_bfull_s0,0.0592429
192000,B_w5_K10000_c0.0_lr0.01_bfull_s1,0.200567
192000,B_w5_K10000_c0.0_lr0.01_bfull_s2,0.163469
192000,B_w5_K10000_c0.0_lr0.01_bfull_s3,0.116512
192000,B_w5_K10000_c0.0_lr0.01_bfull_s4,0.229178
192000,B_w5_K10000_c2.0_lr0.01_bfull_s0,0.0625525
192000,B_w5_K10000_c2.0_lr0.01_bfull_s1,0.136513
192000,B_w5_K10000_c2.0_lr0.01_bfull_s2,0.122507
192000,B_w5_K10000_c2.0_lr0.01_bfull_s3,0.227304
192000,B_w5_K10000_c2.0_lr0.01_bfull_s4,0.140487
193000,B_w5_K10000_c0.0_lr0.01_bfull_s0,0.0452981
193000,B_w5_K10000_c0.0_lr0.01_bfull_s1,0.147902
193000,B_w5_K10000_c0.0_lr0.01_bfull_s2,0.141972
193000,B_w5_K10000_c0.0_lr0.01_bfull_s3,0.0920221
193000,B_w5_K10000_c0.0_lr0.01_bfull_s4,0.176878
193000,B_w5_K10000_c2.0_lr0.01_bfull_s0,0.0621043
193000,B_w5_K10000_c2.0_lr0.01_bfull_s1,0.0790271
193000,B_w5_K10000_c2.0_lr0.01_bfull_s2,0.118014
193000,B_w5_K10000_c2.0_lr0.01_bfull_s3,0.223845
193000,B_w5_K10000_c2.0_lr0.01_bfull_s4,0.137571
194000,B_w5_K10000_c0.0_lr0.01_bfull_s0,0.0349599
194000,B_w5_K10000_c0.0_lr0.01_bfull_s1,0.135963
194000,B_w5_K10000_c0.0_lr0.01_bfull_s2,0.122891
194000,B_w5_K10000_c0.0_lr0.01_bfull_s3,0.0870961
194000,B_w5_K10000_c0.0_lr0.01_bfull_s4,0.132253
194000,B_w5_K10000_c2.0_lr0.01_bfull_s0,0.0620871
194000,B_w5_K10000_c2.0_lr0.01_bfull_s1,0.0490666
194000,B_w5_K10000_c2.0_lr0.01_bfull_s2,0.113417
194000,B_w5_K10000_c2.0_lr0.01_bfull_s3,0.211794
194000,B_w5_K10000_c2.0_lr0.01_bfull_s4,0.135946
195000,B_w5_K10000_c0.0_lr0.01_bfull_s0,0.0193029
195000,B_w5_K10000_c0.0_lr0.01_bfull_s1,0.127125
195000,B_w5_K10000_c0.0_lr0.01_bfull_s2,0.113217
195000,B_w5_K10000_c0.0_lr0.01_bfull_s3,0.0826978
195000,B_w5_K10000_c0.0_lr0.01_bfull_s4,0.0830837
195000,B_w5_K10000_c2.0_lr0.01_bfull_s0,0.0619957
195000,B_w5_K10000_c2.0_lr0.01_bfull_s1,0.0296279
195000,B_w5_K10000_c2.0_lr0.01_bfull_s2,0.106427
195000,B_w5_K10000_c2.0_lr0.01_bfull_s3,0.16308
195000,B_w5_K10000_c2.0_lr0.01_bfull_s4,0.134731
196000,B_w5_K10000_c0.0_lr0.01_bfull_s0,0.00750346
196000,B_w5_K10000_c0.0_lr0.01_bfull_s1,0.100977
196000,B_w5_K10000_c0.0_lr0.01_bfull_s2,0.109177
196000,B_w5_K10000_c0.0_lr0.01_bfull_s3,0.0744447
196000,B_w5_K10000_c0.0_lr0.01_bfull_s4,0.0684189
196000,B_w5_K10000_c2.0_lr0.01_bfull_s0,0.06185
196000,B_w5_K10000_c2.0_lr0.01_bfull_s1,0.0140897
196000,B_w5_K10000_c2.0_lr0.01_bfull_s2,0.0975071
196000,B_w5_K10000_c2.0_lr0.01_bfull_s3,0.0952465
196000,B_w5_K10000_c2.0_lr0.01_bfull_s4,0.13243
197000,B_w5_K10000_c0.0_lr0.01_bfull_s0,0.00310712
197000,B_w5_K10000_c0.0_lr0.01_bfull_s1,0.0536269
197000,B_w5_K10000_c0.0_lr0.01_bfull_s2,0.107055
197000,B_w5_K10000_c0.0_lr0.01_bfull_s3,0.0624663
197000,B_w5_K10000_c0.0_lr0.01_bfull_s4,0.0657757
197000,B_w5_K10000_c2.0_lr0.01_bfull_s0,0.0616463
197000,B_w5_K10000_c2.0_lr0.01_bfull_s1,0.00795682
197000,B_w5_K10000_c2.0_lr0.01_bfull_s2,0.0859953
197000,B_w5_K10000_c2.0_lr0.01_bfull_s3,0.0523522
197000,B_w5_K10000_c2.0_lr0.01_bfull_s4,0.130225
198000,B_w5_K10000_c0.0_lr0.01_bfull_s0,0.00193515
198000,B_w5_K10000_c0.0_lr0.01_bfull_s1,0.0297718
198000,B_w5_K10000_c0.0_lr0.01_bfull_s2,0.103753
198000,B_w5_K10000_c0.0_lr0.01_bfull_s3,0.0518329
198000,B_w5_K10000_c0.0_lr0.01_bfull_s4,0.0645374
198000,B_w5_K10000_c2.0_lr0.01_bfull_s0,0.0612898
198000,B_w5_K10000_c2.0_lr0.01_bfull_s1,0.00646724
198000,B_w5_K10000_c2.0_lr0.01_bfull_s2,0.0735794
198000,B_w5_K10000_c2.0_lr0.01_bfull_s3,0.0364792
198000,B_w5_K10000_c2.0_lr0.01_bfull_s4,0.126314
199000,B_w5_K10000_c0.0_lr0.01_bfull_s0,0.00159357
199000,B_w5_K10000_c0.0_lr0.01_bfull_s1,0.0232117
199000,B_w5_K10000_c0.0_lr0.01_bfull_s2,0.0926722
199000,B_w5_K10000_c0.0_lr0.01_bfull_s3,0.0462878
199000,B_w5_K10000_c0.0_lr0.01_bfull_s4,0.064058
199000,B_w5_K10000_c2.0_lr0.01_bfull_s0,0.0612968
199000,B_w5_K10000_c2.0_lr0.01_bfull_s1,0.00590667
199000,B_w5_K10000_c2.0_lr0.01_bfull_s2,0.0596164
199000,B_w5_K10000_c2.0_lr0.01_bfull_s3,0.0316403
199000,B_w5_K10000_c2.0_lr0.01_bfull_s4,0.120069
200000,B_w5_K10000_c0.0_lr0.01_bfull_s0,0.00146788
200000,B_w5_K10000_c0.0_lr0.01_bfull_s1,0.0201248
200000,B_w5_K10000_c0.0_lr0.01_bfull_s2,0.0664411
200000,B_w5_K10000_c0.0_lr0.01_bfull_s3,0.0442975
200000,B_w5_K10000_c0.0_lr0.01_bfull_s4,0.0636185
200000,B_w5_K10000_c2.0_lr0.01_bfull_s0,0.0609938
200000,B_w5_K10000_c2.0_lr0.01_bfull_s1,0.00561699
200000,B_w5_K10000_c2.0_lr0.01_bfull_s2,0.0450275
200000,B_w5_K10000_c2.0_lr0.01_bfull_s3,0.0296839
200000,B_w5_K10000_c2.0_lr0.01_bfull_s4,0.110308
201000,B_w5_K10000_c0.0_lr0.01_bfull_s0,0.278412
201000,B_w5_K10000_c0.0_lr0.01_bfull_s1,0.19638
201000,B_w5_K10000_c0.0_lr0.01_bfull_s2,0.227484
201000,B_w5_K10000_c0.0_lr0.01_bfull_s3,0.266413
201000,B_w5_K10000_c0.0_lr0.01_bfull_s4,0.339838
201000,B_w5_K10000_c2.0_lr0.01_bfull_s0,0.16745
201000,B_w5_K10000_c2.0_lr0.01_bfull_s1,0.266933
201000,B_w5_K10000_c2.0_lr0.01_bfull_s2,0.442684
201000,B_w5_K10000_c2.0_lr0.01_bfull_s3,0.184712
201000,B_w5_K10000_c2.0_lr0.01_bfull_s4,0.245876
202000,B_w5_K10000_c0.0_lr0.01_bfull_s0,0.0799452
202000,B_w5_K10000_c0.0_lr0.01_bfull_s1,0.144092
202000,B_w5_K10000_c0.0_lr0.01_bfull_s2,0.0770303
202000,B_w5_K10000_c0.0_lr0.01_bfull_s3,0.109889
202000,B_w5_K10000_c0.0_lr0.01_bfull_s4,0.0851342
202000,B_w5_K10000_c2.0_lr0.01_bfull_s0,0.14976
202000,B_w5_K10000_c2.0_lr0.01_bfull_s1,0.128794
202000,B_w5_K10000_c2.0_lr0.01_bfull_s2,0.18902
202000,B_w5_K10000_c2.0_lr0.01_bfull_s3,0.137914
202000,B_w5_K10000_c2.0_lr0.01_bfull_s4,0.176585
203000,B_w5_K10000_c0.0_lr0.01_bfull_s0,0.0486528
203000,B_w5_K10000_c0.0_lr0.01_bfull_s1,0.115801
203000,B_w5_K10000_c0.0_lr0.01_bfull_s2,0.0410552
203000,B_w5_K10000_c0.0_lr0.01_bfull_s3,0.0718178
203000,B_w5_K10000_c0.0_lr0.01_bfull_s4,0.0655845
203000,B_w5_K10000_c2.0_lr0.01_bfull_s0,0.148423
203000,B_w5_K10000_c2.0_lr0.01_bfull_s1,0.0951065
203000,B_w5_K10000_c2.0_lr0.01_bfull_s2,0.133595
203000,B_w5_K10000_c2.0_lr0.01_bfull_s3,0.137162
203000,B_w5_K10000_c2.0_lr0.01_bfull_s4,0.169396
204000,B_w5_K10000_c0.0_lr0.01_bfull_s0,0.0394472
204000,B_w5_K10000_c0.0_lr0.01_bfull_s1,0.0658471
204000,B_w5_K10000_c0.0_lr0.01_bfull_s2,0.0318114
204000,B_w5_K10000_c0.0_lr0.01_bfull_s3,0.0516534
204000,B_w5_K10000_c0.0_lr0.01_bfull_s4,0.0613896
204000,B_w5_K10000_c2.0_lr0.01_bfull_s0,0.147015
204000,B_w5_K10000_c2.0_lr0.01_bfull_s1,0.0762444
204000,B_w5_K10000_c2.0_lr0.01_bfull_s2,0.0679987
204000,B_w5_K10000_c2.0_lr0.01_bfull_s3,0.137208
204000,B_w5_K10000_c2.0_lr0.01_bfull_s4,0.160843
205000,B_w5_K10000_c0.0_lr0.01_bfull_s0,0.033038
205000,B_w5_K10000_c0.0_lr0.01_bfull_s1,0.0316987
205000,B_w5_K10000_c0.0_lr0.01_bfull_s2,0.0282681
205000,B_w5_K10000_c0.0_lr0.01_bfull_s3,0.0337097
205000,B_w5_K10000_c0.0_lr0.01_bfull_s4,0.0560403
205000,B_w5_K10000_c2.0_lr0.01_bfull_s0,0.146608
205000,B_w5_K10000_c2.0_lr0.01_bfull_s1,0.0711376
205000,B_w5_K10000_c2.0_lr0.01_bfull_s2,0.0562185
205000,B_w5_K10000_c2.0_lr0.01_bfull_s3,0.136719
205000,B_w5_K10000_c2.0_lr0.01_bfull_s4,0.151089
206000,B_w5_K10000_c0.0_lr0.01_bfull_s0,0.02623
206000,B_w5_K10000_c0.0_lr0.01_bfull_s1,0.0219389
206000,B_w5_K10000_c0.0_lr0.01_bfull_s2,0.0253174
206000,B_w5_K10000_c0.0_lr0.01_bfull_s3,0.0208234
206000,B_w5_K10000_c0.0_lr0.01_bfull_s4,0.0460559
206000,B_w5_K10000_c2.0_lr0.01_bfull_s0,0.14495
206000,B_w5_K10000_c2.0_lr0.01_bfull_s1,0.0686336
206000,B_w5_K10000_c2.0_lr0.01_bfull_s2,0.0539231
206000,B_w5_K10000_c2.0_lr0.01_bfull_s3,0.136066
206000,B_w5_K10000_c2.0_lr0.01_bfull_s4,0.142374
207000,B_w5_K10000_c0.0_lr0.01_bfull_s0,0.0199741
207000,B_w5_K10000_c0.0_lr0.01_bfull_s1,0.0181883
207000,B_w5_K10000_c0.0_lr0.01_bfull_s2,0.0227509
207000,B_w5_K10000_c0.0_lr0.01_bfull_s3,0.0147321
207000,B_w5_K10000_c0.0_lr0.01_bfull_s4,0.0331002
207000,B_w5_K10000_c2.0_lr0.01_bfull_s0,0.143551
207000,B_w5_K10000_c2.0_lr0.01_bfull_s1,0.0646887
207000,B_w5_K10000_c2.0_lr0.01_bfull_s2,0.052103
207000,B_w5_K10000_c2.0_lr0.01_bfull_s3,0.134951
207000,B_w5_K10000_c2.0_lr0.01_bfull_s4,0.132375
208000,B_w5_K10000_c0.0_lr0.01_bfull_s0,0.0152376
208000,B_w5_K10000_c0.0_lr0.01_bfull_s1,0.0155571
208000,B_w5_K10000_c0.0_lr0.01_bfull_s2,0.0201318
208000,B_w5_K10000_c0.0_lr0.01_bfull_s3,0.0125102
208000,B_w5_K10000_c0.0_lr0.01_bfull_s4,0.0237904
208000,B_w5_K10000_c2.0_lr0.01_bfull_s0,0.140728
208000,B_w5_K10000_c2.0_lr0.01_bfull_s1,0.0583011
208000,B_w5_K10000_c2.0_lr0.01_bfull_s2,0.0502527
208000,B_w5_K10000_c2.0_lr0.01_bfull_s3,0.130875
208000,B_w5_K10000_c2.0_lr0.01_bfull_s4,0.101663
209000,B_w5_K10000_c0.0_lr0.01_bfull_s0,0.0123379
209000,B_w5_K10000_c0.0_lr0.01_bfull_s1,0.0135009
209000,B_w5_K10000_c0.0_lr0.01_bfull_s2,0.0178672
209000,B_w5_K10000_c0.0_lr0.01_bfull_s3,0.0115885
209000,B_w5_K10000_c0.0_lr0.01_bfull_s4,0.0190048
209000,B_w5_K10000_c2.0_lr0.01_bfull_s0,0.134268
209000,B_w5_K10000_c2.0_lr0.01_bfull_s1,0.0477909
209000,B_w5_K10000_c2.0_lr0.01_bfull_s2,0.0474051
209000,B_w5_K10000_c2.0_lr0.01_bfull_s3,0.118097
209000,B_w5_K10000_c2.0_lr0.01_bfull_s4,0.0507872
210000,B_w5_K10000_c0.0_lr0.01_bfull_s0,0.0105829
210000,B_w5_K10000_c0.0_lr0.01_bfull_s1,0.0119699
210000,B_w5_K10000_c0.0_lr0.01_bfull_s2,0.0158879
210000,B_w5_K10000_c0.0_lr0.01_bfull_s3,0.0111764
210000,B_w5_K10000_c0.0_lr0.01_bfull_s4,0.0160967
210000,B_w5_K10000_c2.0_lr0.01_bfull_s0,0.118056
210000,B_w5_K10000_c2.0_lr0.01_bfull_s1,0.0354371
210000,B_w5_K10000_c2.0_lr0.01_bfull_s2,0.0441124
210000,B_w5_K10000_c2.0_lr0.01_bfull_s3,0.0887927
210000,B_w5_K10000_c2.0_lr0.01_bfull_s4,0.0325999
211000,B_w5_K10000_c0.0_lr0.01_bfull_s0,0.463169
211000,B_w5_K10000_c0.0_lr0.01_bfull_s1,0.188581
211000,B_w5_K10000_c0.0_lr0.01_bfull_s2,0.336777
211000,B_w5_K10000_c0.0_lr0.01_bfull_s3,0.405427
211000,B_w5_K10000_c0.0_lr0.01_bfull_s4,0.292299
211000,B_w5_K10000_c2.0_lr0.01_bfull_s0,0.175466
211000,B_w5_K10000_c2.0_lr0.01_bfull_s1,0.353996
211000,B_w5_K10000_c2.0_lr0.01_bfull_s2,0.264947
211000,B_w5_K10000_c2.0_lr0.01_bfull_s3,0.0424129
211000,B_w5_K10000_c2.0_lr0.01_bfull_s4,0.253973
212000,B_w5_K10000_c0.0_lr0.01_bfull_s0,0.116361
212000,B_w5_K10000_c0.0_lr0.01_bfull_s1,0.141875
212000,B_w5_K10000_c0.0_lr0.01_bfull_s2,0.069222
212000,B_w5_K10000_c0.0_lr0.01_bfull_s3,0.184385
212000,B_w5_K10000_c0.0_lr0.01_bfull_s4,0.0920163
212000,B_w5_K10000_c2.0_lr0.01_bfull_s0,0.160911
212000,B_w5_K10000_c2.0_lr0.01_bfull_s1,0.0723084
212000,B_w5_K10000_c2.0_lr0.01_bfull_s2,0.0987887
212000,B_w5_K10000_c2.0_lr0.01_bfull_s3,0.0333143
212000,B_w5_K10000_c2.0_lr0.01_bfull_s4,0.143056
213000,B_w5_K10000_c0.0_lr0.01_bfull_s0,0.0281136
213000,B_w5_K10000_c0.0_lr0.01_bfull_s1,0.114603
213000,B_w5_K10000_c0.0_lr0.01_bfull_s2,0.0241689
213000,B_w5_K10000_c0.0_lr0.01_bfull_s3,0.166434
213000,B_w5_K10000_c0.0_lr0.01_bfull_s4,0.0587779
213000,B_w5_K10000_c2.0_lr0.01_bfull_s0,0.160256
213000,B_w5_K10000_c2.0_lr0.01_bfull_s1,0.0428707
213000,B_w5_K10000_c2.0_lr0.01_bfull_s2,0.0491275
213000,B_w5_K10000_c2.0_lr0.01_bfull_s3,0.0332009
213000,B_w5_K10000_c2.0_lr0.01_bfull_s4,0.136601
214000,B_w5_K10000_c0.0_lr0.01_bfull_s0,0.0133241
214000,B_w5_K10000_c0.0_lr0.01_bfull_s1,0.0986657
214000,B_w5_K10000_c0.0_lr0.01_bfull_s2,0.0130563
214000,B_w5_K10000_c0.0_lr0.01_bfull_s3,0.140131
214000,B_w5_K10000_c0.0_lr0.01_bfull_s4,0.0485958
214000,B_w5_K10000_c2.0_lr0.01_bfull_s0,0.159035
214000,B_w5_K10000_c2.0_lr0.01_bfull_s1,0.0412738
214000,B_w5_K10000_c2.0_lr0.01_bfull_s2,0.0166442
214000,B_w5_K10000_c2.0_lr0.01_bfull_s3,0.0332071
214000,B_w5_K10000_c2.0_lr0.01_bfull_s4,0.129728
215000,B_w5_K10000_c0.0_lr0.01_bfull_s0,0.010046
215000,B_w5_K10000_c0.0_lr0.01_bfull_s1,0.090089
215000,B_w5_K10000_c0.0_lr0.01_bfull_s2,0.00976759
215000,B_w5_K10000_c0.0_lr0.01_bfull_s3,0.119358
215000,B_w5_K10000_c0.0_lr0.01_bfull_s4,0.045617
215000,B_w5_K10000_c2.0_lr0.01_bfull_s0,0.157724
215000,B_w5_K10000_c2.0_lr0.01_bfull_s1,0.0410738
215000,B_w5_K10000_c2.0_lr0.01_bfull_s2,0.0109388
215000,B_w5_K10000_c2.0_lr0.01_bfull_s3,0.0332551
215000,B_w5_K10000_c2.0_lr0.01_bfull_s4,0.116835
216000,B_w5_K10000_c0.0_lr0.01_bfull_s0,0.00877272
216000,B_w5_K10000_c0.0_lr0.01_bfull_s1,0.0754213
216000,B_w5_K10000_c0.0_lr0.01_bfull_s2,0.00830888
216000,B_w5_K10000_c0.0_lr0.01_bfull_s3,0.110624
216000,B_w5_K10000_c0.0_lr0.01_bfull_s4,0.0426309
216000,B_w5_K10000_c2.0_lr0.01_bfull_s0,0.154645
216000,B_w5_K10000_c2.0_lr0.01_bfull_s1,0.0408279
216000,B_w5_K10000_c2.0_lr0.01_bfull_s2,0.0101993
216000,B_w5_K10000_c2.0_lr0.01_bfull_s3,0.0331359
216000,B_w5_K10000_c2.0_lr0.01_bfull_s4,0.0952506
217000,B_w5_K10000_c0.0_lr0.01_bfull_s0,0.00820481
217000,B_w5_K10000_c0.0_lr0.01_bfull_s1,0.0566606
217000,B_w5_K10000_c0.0_lr0.01_bfull_s2,0.00754921
217000,B_w5_K10000_c0.0_lr0.01_bfull_s3,0.10619
217000,B_w5_K10000_c0.0_lr0.01_bfull_s4,0.0391795
217000,B_w5_K10000_c2.0_lr0.01_bfull_s0,0.149081
217000,B_w5_K10000_c2.0_lr0.01_bfull_s1,0.0408359
217000,B_w5_K10000_c2.0_lr0.01_bfull_s2,0.0101545
217000,B_w5_K10000_c2.0_lr0.01_bfull_s3,0.0332076
217000,B_w5_K10000_c2.0_lr0.01_bfull_s4,0.073521
218000,B_w5_K10000_c0.0_lr0.01_bfull_s0,0.00791399
218000,B_w5_K10000_c0.0_lr0.01_bfull_s1,0.0446409
218000,B_w5_K10000_c0.0_lr0.01_bfull_s2,0.00716353
218000,B_w5_K10000_c0.0_lr0.01_bfull_s3,0.103453
218000,B_w5_K10000_c0.0_lr0.01_bfull_s4,0.0357584
218000,B_w5_K10000_c2.0_lr0.01_bfull_s0,0.141606
218000,B_w5_K10000_c2.0_lr0.01_bfull_s1,0.0405889
218000,B_w5_K10000_c2.0_lr0.01_bfull_s2,0.0101638
218000,B_w5_K10000_c2.0_lr0.01_bfull_s3,0.0331703
218000,B_w5_K10000_c2.0_lr0.01_bfull_s4,0.0621558
219000,B_w5_K10000_c0.0_lr0.01_bfull_s0,0.00775699
219000,B_w5_K10000_c0.0_lr0.01_bfull_s1,0.0400774
219000,B_w5_K10000_c0.0_lr0.01_bfull_s2,0.0069661
219000,B_w5_K10000_c0.0_lr0.01_bfull_s3,0.100841
219000,B_w5_K10000_c0.0_lr0.01_bfull_s4,0.0327854
219000,B_w5_K10000_c2.0_lr0.01_bfull_s0,0.13387
219000,B_w5_K10000_c2.0_lr0.01_bfull_s1,0.0405701
219000,B_w5_K10000_c2.0_lr0.01_bfull_s2,0.0100854
219000,B_w5_K10000_c2.0_lr0.01_bfull_s3,0.0331969
219000,B_w5_K10000_c2.0_lr0.01_bfull_s4,0.0573648
220000,B_w5_K10000_c0.0_lr0.01_bfull_s0,0.0076374
220000,B_w5_K10000_c0.0_lr0.01_bfull_s1,0.0382844
220000,B_w5_K10000_c0.0_lr0.01_bfull_s2,0.00685264
220000,B_w5_K10000_c0.0_lr0.01_bfull_s3,0.0975867
220000,B_w5_K10000_c0.0_lr0.01_bfull_s4,0.0307444
220000,B_w5_K10000_c2.0_lr0.01_bfull_s0,0.126953
220000,B_w5_K10000_c2.0_lr0.01_bfull_s1,0.0404948
220000,B_w5_K10000_c2.0_lr0.01_bfull_s2,0.0101463
220000,B_w5_K10000_c2.0_lr0.01_bfull_s3,0.033134
220000,B_w5_K10000_c2.0_lr0.01_bfull_s4,0.0542721
221000,B_w5_K10000_c0.0_lr0.01_bfull_s0,0.308995
221000,B_w5_K10000_c0.0_lr0.01_bfull_s1,0.159802
221000,B_w5_K10000_c0.0_lr0.01_bfull_s2,0.399162
221000,B_w5_K10000_c0.0_lr0.01_bfull_s3,0.342505
221000,B_w5_K10000_c0.0_lr0.01_bfull_s4,0.479854
221000,B_w5_K10000_c2.0_lr0.01_bfull_s0,0.138799
221000,B_w5_K10000_c2.0_lr0.01_bfull_s1,0.289508
221000,B_w5_K10000_c2.0_lr0.01_bfull_s2,0.259602
221000,B_w5_K10000_c2.0_lr0.01_bfull_s3,0.192033
221000,B_w5_K10000_c2.0_lr0.01_bfull_s4,0.227831
222000,B_w5_K10000_c0.0_lr0.01_bfull_s0,0.103363
222000,B_w5_K10000_c0.0_lr0.01_bfull_s1,0.122663
222000,B_w5_K10000_c0.0_lr0.01_bfull_s2,0.129387
222000,B_w5_K10000_c0.0_lr0.01_bfull_s3,0.181907
222000,B_w5_K10000_c0.0_lr0.01_bfull_s4,0.223961
222000,B_w5_K10000_c2.0_lr0.01_bfull_s0,0.108635
222000,B_w5_K10000_c2.0_lr0.01_bfull_s1,0.107264
222000,B_w5_K10000_c2.0_lr0.01_bfull_s2,0.149412
222000,B_w5_K10000_c2.0_lr0.01_bfull_s3,0.17937
222000,B_w5_K10000_c2.0_lr0.01_bfull_s4,0.0961646
223000,B_w5_K10000_c0.0_lr0.01_bfull_s0,0.0700842
223000,B_w5_K10000_c0.0_lr0.01_bfull_s1,0.107365
223000,B_w5_K10000_c0.0_lr0.01_bfull_s2,0.0320309
223000,B_w5_K10000_c0.0_lr0.01_bfull_s3,0.153528
223000,B_w5_K10000_c0.0_lr0.01_bfull_s4,0.197964
223000,B_w5_K10000_c2.0_lr0.01_bfull_s0,0.0775223
223000,B_w5_K10000_c2.0_lr0.01_bfull_s1,0.0856979
223000,B_w5_K10000_c2.0_lr0.01_bfull_s2,0.128912
223000,B_w5_K10000_c2.0_lr0.01_bfull_s3,0.177541
223000,B_w5_K10000_c2.0_lr0.01_bfull_s4,0.0641146
224000,B_w5_K10000_c0.0_lr0.01_bfull_s0,0.0548341
224000,B_w5_K10000_c0.0_lr0.01_bfull_s1,0.0825109
224000,B_w5_K10000_c0.0_lr0.01_bfull_s2,0.0130602
224000,B_w5_K10000_c0.0_lr0.01_bfull_s3,0.127499
224000,B_w5_K10000_c0.0_lr0.01_bfull_s4,0.193135
224000,B_w5_K10000_c2.0_lr0.01_bfull_s0,0.0658455
224000,B_w5_K10000_c2.0_lr0.01_bfull_s1,0.0804057
224000,B_w5_K10000_c2.0_lr0.01_bfull_s2,0.0908714
224000,B_w5_K10000_c2.0_lr0.01_bfull_s3,0.174769
224000,B_w5_K10000_c2.0_lr0.01_bfull_s4,0.0428513
225000,B_w5_K10000_c0.0_lr0.01_bfull_s0,0.0419997
225000,B_w5_K10000_c0.0_lr0.01_bfull_s1,0.0702281
225000,B_w5_K10000_c0.0_lr0.01_bfull_s2,0.0106073
225000,B_w5_K10000_c0.0_lr0.01_bfull_s3,0.0865378
225000,B_w5_K10000_c0.0_lr0.01_bfull_s4,0.191148
225000,B_w5_K10000_c2.0_lr0.01_bfull_s0,0.0645991
225000,B_w5_K10000_c2.0_lr0.01_bfull_s1,0.0771784
225000,B_w5_K10000_c2.0_lr0.01_bfull_s2,0.0643633
225000,B_w5_K10000_c2.0_lr0.01_bfull_s3,0.168428
225000,B_w5_K10000_c2.0_lr0.01_bfull_s4,0.03379
226000,B_w5_K10000_c0.0_lr0.01_bfull_s0,0.0309645
226000,B_w5_K10000_c0.0_lr0.01_bfull_s1,0.0670943
226000,B_w5_K10000_c0.0_lr0.01_bfull_s2,0.0101655
226000,B_w5_K10000_c0.0_lr0.01_bfull_s3,0.0510736
226000,B_w5_K10000_c0.0_lr0.01_bfull_s4,0.188508
226000,B_w5_K10000_c2.0_lr0.01_bfull_s0,0.0644783
226000,B_w5_K10000_c2.0_lr0.01_bfull_s1,0.071037
226000,B_w5_K10000_c2.0_lr0.01_bfull_s2,0.0553011
226000,B_w5_K10000_c2.0_lr0.01_bfull_s3,0.153198
226000,B_w5_K10000_c2.0_lr0.01_bfull_s4,0.0302386
227000,B_w5_K10000_c0.0_lr0.01_bfull_s0,0.0232523
227000,B_w5_K10000_c0.0_lr0.01_bfull_s1,0.0653681
227000,B_w5_K10000_c0.0_lr0.01_bfull_s2,0.0101422
227000,B_w5_K10000_c0.0_lr0.01_bfull_s3,0.0430358
227000,B_w5_K10000_c0.0_lr0.01_bfull_s4,0.185621
227000,B_w5_K10000_c2.0_lr0.01_bfull_s0,0.064403
227000,B_w5_K10000_c2.0_lr0.01_bfull_s1,0.0618026
227000,B_w5_K10000_c2.0_lr0.01_bfull_s2,0.0506594
227000,B_w5_K10000_c2.0_lr0.01_bfull_s3,0.12106
227000,B_w5_K10000_c2.0_lr0.01_bfull_s4,0.0285508
228000,B_w5_K10000_c0.0_lr0.01_bfull_s0,0.0183574
228000,B_w5_K10000_c0.0_lr0.01_bfull_s1,0.0634204
228000,B_w5_K10000_c0.0_lr0.01_bfull_s2,0.0100921
228000,B_w5_K10000_c0.0_lr0.01_bfull_s3,0.0401604
228000,B_w5_K10000_c0.0_lr0.01_bfull_s4,0.179968
228000,B_w5_K10000_c2.0_lr0.01_bfull_s0,0.0640488
228000,B_w5_K10000_c2.0_lr0.01_bfull_s1,0.0510192
228000,B_w5_K10000_c2.0_lr0.01_bfull_s2,0.0467396
228000,B_w5_K10000_c2.0_lr0.01_bfull_s3,0.0900133
228000,B_w5_K10000_c2.0_lr0.01_bfull_s4,0.027738
229000,B_w5_K10000_c0.0_lr0.01_bfull_s0,0.0152837
229000,B_w5_K10000_c0.0_lr0.01_bfull_s1,0.0607834
229000,B_w5_K10000_c0.0_lr0.01_bfull_s2,0.0100772
229000,B_w5_K10000_c0.0_lr0.01_bfull_s3,0.0383961
229000,B_w5_K10000_c0.0_lr0.01_bfull_s4,0.172483
229000,B_w5_K10000_c2.0_lr0.01_bfull_s0,0.0636115
229000,B_w5_K10000_c2.0_lr0.01_bfull_s1,0.0426345
229000,B_w5_K10000_c2.0_lr0.01_bfull_s2,0.0423503
229000,B_w5_K10000_c2.0_lr0.01_bfull_s3,0.073442
229000,B_w5_K10000_c2.0_lr0.01_bfull_s4,0.0274813
230000,B_w5_K10000_c0.0_lr0.01_bfull_s0,0.0133042
230000,B_w5_K10000_c0.0_lr0.01_bfull_s1,0.0576371
230000,B_w5_K10000_c0.0_lr0.01_bfull_s2,0.010042
230000,B_w5_K10000_c0.0_lr0.01_bfull_s3,0.0360317
230000,B_w5_K10000_c0.0_lr0.01_bfull_s4,0.162033
230000,B_w5_K10000_c2.0_lr0.01_bfull_s0,0.0633613
230000,B_w5_K10000_c2.0_lr0.01_bfull_s1,0.0381516
230000,B_w5_K10000_c2.0_lr0.01_bfull_s2,0.0375351
230000,B_w5_K10000_c2.0_lr0.01_bfull_s3,0.0661882
230000,B_w5_K10000_c2.0_lr0.01_bfull_s4,0.0272241
231000,B_w5_K10000_c0.0_lr0.01_bfull_s0,0.144922
231000,B_w5_K10000_c0.0_lr0.01_bfull_s1,0.189317
231000,B_w5_K10000_c0.0_lr0.01_bfull_s2,0.315804
231000,B_w5_K10000_c0.0_lr0.01_bfull_s3,0.33116
231000,B_w5_K10000_c0.0_lr0.01_bfull_s4,0.160428
231000,B_w5_K10000_c2.0_lr0.01_bfull_s0,0.0541829
231000,B_w5_K10000_c2.0_lr0.01_bfull_s1,0.269496
231000,B_w5_K10000_c2.0_lr0.01_bfull_s2,0.12516
231000,B_w5_K10000_c2.0_lr0.01_bfull_s3,0.292241
231000,B_w5_K10000_c2.0_lr0.01_bfull_s4,0.46378
232000,B_w5_K10000_c0.0_lr0.01_bfull_s0,0.0564853
232000,B_w5_K10000_c0.0_lr0.01_bfull_s1,0.164363
232000,B_w5_K10000_c0.0_lr0.01_bfull_s2,0.0869447
232000,B_w5_K10000_c0.0_lr0.01_bfull_s3,0.210898
232000,B_w5_K10000_c0.0_lr0.01_bfull_s4,0.0906272
232000,B_w5_K10000_c2.0_lr0.01_bfull_s0,0.0423097
232000,B_w5_K10000_c2.0_lr0.01_bfull_s1,0.0917417
232000,B_w5_K10000_c2.0_lr0.01_bfull_s2,0.0835454
232000,B_w5_K10000_c2.0_lr0.01_bfull_s3,0.248609
232000,B_w5_K10000_c2.0_lr0.01_bfull_s4,0.138759
233000,B_w5_K10000_c0.0_lr0.01_bfull_s0,0.038776
233000,B_w5_K10000_c0.0_lr0.01_bfull_s1,0.163112
233000,B_w5_K10000_c0.0_lr0.01_bfull_s2,0.0666519
233000,B_w5_K10000_c0.0_lr0.01_bfull_s3,0.147475
233000,B_w5_K10000_c0.0_lr0.01_bfull_s4,0.0857184
233000,B_w5_K10000_c2.0_lr0.01_bfull_s0,0.0399887
233000,B_w5_K10000_c2.0_lr0.01_bfull_s1,0.0678417
233000,B_w5_K10000_c2.0_lr0.01_bfull_s2,0.0743499
233000,B_w5_K10000_c2.0_lr0.01_bfull_s3,0.225517
233000,B_w5_K10000_c2.0_lr0.01_bfull_s4,0.0882384
234000,B_w5_K10000_c0.0_lr0.01_bfull_s0,0.0325828
234000,B_w5_K10000_c0.0_lr0.01_bfull_s1,0.160032
234000,B_w5_K10000_c0.0_lr0.01_bfull_s2,0.0580654
234000,B_w5_K10000_c0.0_lr0.01_bfull_s3,0.121718
234000,B_w5_K10000_c0.0_lr0.01_bfull_s4,0.0785664
234000,B_w5_K10000_c2.0_lr0.01_bfull_s0,0.0364661
234000,B_w5_K10000_c2.0_lr0.01_bfull_s1,0.0507587
234000,B_w5_K10000_c2.0_lr0.01_bfull_s2,0.0690293
234000,B_w5_K10000_c2.0_lr0.01_bfull_s3,0.207976
234000,B_w5_K10000_c2.0_lr0.01_bfull_s4,0.0731105
235000,B_w5_K10000_c0.0_lr0.01_bfull_s0,0.0301004
235000,B_w5_K10000_c0.0_lr0.01_bfull_s1,0.152693
235000,B_w5_K10000_c0.0_lr0.01_bfull_s2,0.0475242
235000,B_w5_K10000_c0.0_lr0.01_bfull_s3,0.107952
235000,B_w5_K10000_c0.0_lr0.01_bfull_s4,0.0681342
235000,B_w5_K10000_c2.0_lr0.01_bfull_s0,0.0318384
235000,B_w5_K10000_c2.0_lr0.01_bfull_s1,0.0431959
235000,B_w5_K10000_c2.0_lr0.01_bfull_s2,0.0651951
235000,B_w5_K10000_c2.0_lr0.01_bfull_s3,0.19485
235000,B_w5_K10000_c2.0_lr0.01_bfull_s4,0.0684304
236000,B_w5_K10000_c0.0_lr0.01_bfull_s0,0.0288249
236000,B_w5_K10000_c0.0_lr0.01_bfull_s1,0.138452
236000,B_w5_K10000_c0.0_lr0.01_bfull_s2,0.0375305
236000,B_w5_K10000_c0.0_lr0.01_bfull_s3,0.097807
236000,B_w5_K10000_c0.0_lr0.01_bfull_s4,0.0562266
236000,B_w5_K10000_c2.0_lr0.01_bfull_s0,0.0273233
236000,B_w5_K10000_c2.0_lr0.01_bfull_s1,0.040713
236000,B_w5_K10000_c2.0_lr0.01_bfull_s2,0.0609858
236000,B_w5_K10000_c2.0_lr0.01_bfull_s3,0.18034
236000,B_w5_K10000_c2.0_lr0.01_bfull_s4,0.0667369
237000,B_w5_K10000_c0.0_lr0.01_bfull_s0,0.027878
237000,B_w5_K10000_c0.0_lr0.01_bfull_s1,0.122231
237000,B_w5_K10000_c0.0_lr0.01_bfull_s2,0.0299654
237000,B_w5_K10000_c0.0_lr0.01_bfull_s3,0.0861935
237000,B_w5_K10000_c0.0_lr0.01_bfull_s4,0.0459628
237000,B_w5_K10000_c2.0_lr0.01_bfull_s0,0.024461
237000,B_w5_K10000_c2.0_lr0.01_bfull_s1,0.0397163
237000,B_w5_K10000_c2.0_lr0.01_bfull_s2,0.0563786
237000,B_w5_K10000_c2.0_lr0.01_bfull_s3,0.16459
237000,B_w5_K10000_c2.0_lr0.01_bfull_s4,0.0656823
238000,B_w5_K10000_c0.0_lr0.01_bfull_s0,0.0268486
238000,B_w5_K10000_c0.0_lr0.01_bfull_s1,0.108053
238000,B_w5_K10000_c0.0_lr0.01_bfull_s2,0.0237227
238000,B_w5_K10000_c0.0_lr0.01_bfull_s3,0.0689078
238000,B_w5_K10000_c0.0_lr0.01_bfull_s4,0.039288
238000,B_w5_K10000_c2.0_lr0.01_bfull_s0,0.0229145
238000,B_w5_K10000_c2.0_lr0.01_bfull_s1,0.0393561
238000,B_w5_K10000_c2.0_lr0.01_bfull_s2,0.0508497
238000,B_w5_K10000_c2.0_lr0.01_bfull_s3,0.156507
238000,B_w5_K10000_c2.0_lr0.01_bfull_s4,0.0649653
239000,B_w5_K10000_c0.0_lr0.01_bfull_s0,0.025661
239000,B_w5_K10000_c0.0_lr0.01_bfull_s1,0.090088
239000,B_w5_K10000_c0.0_lr0.01_bfull_s2,0.018115
239000,B_w5_K10000_c0.0_lr0.01_bfull_s3,0.0503601
239000,B_w5_K10000_c0.0_lr0.01_bfull_s4,0.0353284
239000,B_w5_K10000_c2.0_lr0.01_bfull_s0,0.022428
239000,B_w5_K10000_c2.0_lr0.01_bfull_s1,0.0389692
239000,B_w5_K10000_c2.0_lr0.01_bfull_s2,0.0446543
239000,B_w5_K10000_c2.0_lr0.01_bfull_s3,0.152624
239000,B_w5_K10000_c2.0_lr0.01_bfull_s4,0.0640603
240000,B_w5_K10000_c0.0_lr0.01_bfull_s0,0.0243038
240000,B_w5_K10000_c0.0_lr0.01_bfull_s1,0.0688203
240000,B_w5_K10000_c0.0_lr0.01_bfull_s2,0.0136436
240000,B_w5_K10000_c0.0_lr0.01_bfull_s3,0.0362379
240000,B_w5_K10000_c0.0_lr0.01_bfull_s4,0.0331201
240000,B_w5_K10000_c2.0_lr0.01_bfull_s0,0.0221986
240000,B_w5_K10000_c2.0_lr0.01_bfull_s1,0.0388535
240000,B_w5_K10000_c2.0_lr0.01_bfull_s2,0.0382023
240000,B_w5_K10000_c2.0_lr0.01_bfull_s3,0.150816
240000,B_w5_K10000_c2.0_lr0.01_bfull_s4,0.0623241
241000,B_w5_K10000_c0.0_lr0.01_bfull_s0,0.193848
241000,B_w5_K10000_c0.0_lr0.01_bfull_s1,0.210011
241000,B_w5_K10000_c0.0_lr0.01_bfull_s2,0.229639
241000,B_w5_K10000_c0.0_lr0.01_bfull_s3,0.341361
241000,B_w5_K10000_c0.0_lr0.01_bfull_s4,0.382493
241000,B_w5_K10000_c2.0_lr0.01_bfull_s0,0.204515
241000,B_w5_K10000_c2.0_lr0.01_bfull_s1,0.153439
241000,B_w5_K10000_c2.0_lr0.01_bfull_s2,0.373379
241000,B_w5_K10000_c2.0_lr0.01_bfull_s3,0.0533582
241000,B_w5_K10000_c2.0_lr0.01_bfull_s4,0.313733
242000,B_w5_K10000_c0.0_lr0.01_bfull_s0,0.0831105
242000,B_w5_K10000_c0.0_lr0.01_bfull_s1,0.179852
242000,B_w5_K10000_c0.0_lr0.01_bfull_s2,0.0769225
242000,B_w5_K10000_c0.0_lr0.01_bfull_s3,0.257234
242000,B_w5_K10000_c0.0_lr0.01_bfull_s4,0.140123
242000,B_w5_K10000_c2.0_lr0.01_bfull_s0,0.175048
242000,B_w5_K10000_c2.0_lr0.01_bfull_s1,0.0415624
242000,B_w5_K10000_c2.0_lr0.01_bfull_s2,0.183974
242000,B_w5_K10000_c2.0_lr0.01_bfull_s3,0.0348551
242000,B_w5_K10000_c2.0_lr0.01_bfull_s4,0.13703
243000,B_w5_K10000_c0.0_lr0.01_bfull_s0,0.0744231
243000,B_w5_K10000_c0.0_lr0.01_bfull_s1,0.178455
243000,B_w5_K10000_c0.0_lr0.01_bfull_s2,0.0556279
243000,B_w5_K10000_c0.0_lr0.01_bfull_s3,0.218382
243000,B_w5_K10000_c0.0_lr0.01_bfull_s4,0.0687392
243000,B_w5_K10000_c2.0_lr0.01_bfull_s0,0.120513
243000,B_w5_K10000_c2.0_lr0.01_bfull_s1,0.0318915
243000,B_w5_K10000_c2.0_lr0.01_bfull_s2,0.177953
243000,B_w5_K10000_c2.0_lr0.01_bfull_s3,0.0347366
243000,B_w5_K10000_c2.0_lr0.01_bfull_s4,0.106218
244000,B_w5_K10000_c0.0_lr0.01_bfull_s0,0.0700382
244000,B_w5_K10000_c0.0_lr0.01_bfull_s1,0.178256
244000,B_w5_K10000_c0.0_lr0.01_bfull_s2,0.0472985
244000,B_w5_K10000_c0.0_lr0.01_bfull_s3,0.171594
244000,B_w5_K10000_c0.0_lr0.01_bfull_s4,0.0350229
244000,B_w5_K10000_c2.0_lr0.01_bfull_s0,0.0612091
244000,B_w5_K10000_c2.0_lr0.01_bfull_s1,0.0294734
244000,B_w5_K10000_c2.0_lr0.01_bfull_s2,0.173654
244000,B_w5_K10000_c2.0_lr0.01_bfull_s3,0.0348102
244000,B_w5_K10000_c2.0_lr0.01_bfull_s4,0.0764896
245000,B_w5_K10000_c0.0_lr0.01_bfull_s0,0.0669091
245000,B_w5_K10000_c0.0_lr0.01_bfull_s1,0.176624
245000,B_w5_K10000_c0.0_lr0.01_bfull_s2,0.0433293
245000,B_w5_K10000_c0.0_lr0.01_bfull_s3,0.145702
245000,B_w5_K10000_c0.0_lr0.01_bfull_s4,0.0314431
245000,B_w5_K10000_c2.0_lr0.01_bfull_s0,0.052055
245000,B_w5_K10000_c2.0_lr0.01_bfull_s1,0.0285684
245000,B_w5_K10000_c2.0_lr0.01_bfull_s2,0.167649
245000,B_w5_K10000_c2.0_lr0.01_bfull_s3,0.034643
245000,B_w5_K10000_c2.0_lr0.01_bfull_s4,0.0505555
246000,B_w5_K10000_c0.0_lr0.01_bfull_s0,0.0636002
246000,B_w5_K10000_c0.0_lr0.01_bfull_s1,0.174092
246000,B_w5_K10000_c0.0_lr0.01_bfull_s2,0.0412041
246000,B_w5_K10000_c0.0_lr0.01_bfull_s3,0.131429
246000,B_w5_K10000_c0.0_lr0.01_bfull_s4,0.0305931
246000,B_w5_K10000_c2.0_lr0.01_bfull_s0,0.0513939
246000,B_w5_K10000_c2.0_lr0.01_bfull_s1,0.0279433
246000,B_w5_K10000_c2.0_lr0.01_bfull_s2,0.157988
246000,B_w5_K10000_c2.0_lr0.01_bfull_s3,0.0347453
246000,B_w5_K10000_c2.0_lr0.01_bfull_s4,0.03442
247000,B_w5_K10000_c0.0_lr0.01_bfull_s0,0.0602007
247000,B_w5_K10000_c0.0_lr0.01_bfull_s1,0.166664
247000,B_w5_K10000_c0.0_lr0.01_bfull_s2,0.0394557
247000,B_w5_K10000_c0.0_lr0.01_bfull_s3,0.122555
247000,B_w5_K10000_c0.0_lr0.01_bfull_s4,0.0304157
247000,B_w5_K10000_c2.0_lr0.01_bfull_s0,0.0507416
247000,B_w5_K10000_c2.0_lr0.01_bfull_s1,0.027664
247000,B_w5_K10000_c2.0_lr0.01_bfull_s2,0.136933
247000,B_w5_K10000_c2.0_lr0.01_bfull_s3,0.0347554
247000,B_w5_K10000_c2.0_lr0.01_bfull_s4,0.026278
248000,B_w5_K10000_c0.0_lr0.01_bfull_s0,0.054229
248000,B_w5_K10000_c0.0_lr0.01_bfull_s1,0.148313
248000,B_w5_K10000_c0.0_lr0.01_bfull_s2,0.0376311
248000,B_w5_K10000_c0.0_lr0.01_bfull_s3,0.117567
248000,B_w5_K10000_c0.0_lr0.01_bfull_s4,0.0301215
248000,B_w5_K10000_c2.0_lr0.01_bfull_s0,0.0506952
248000,B_w5_K10000_c2.0_lr0.01_bfull_s1,0.0271618
248000,B_w5_K10000_c2.0_lr0.01_bfull_s2,0.102638
248000,B_w5_K10000_c2.0_lr0.01_bfull_s3,0.0346085
248000,B_w5_K10000_c2.0_lr0.01_bfull_s4,0.0215264
249000,B_w5_K10000_c0.0_lr0.01_bfull_s0,0.0457319
249000,B_w5_K10000_c0.0_lr0.01_bfull_s1,0.126362
249000,B_w5_K10000_c0.0_lr0.01_bfull_s2,0.0351748
249000,B_w5_K10000_c0.0_lr0.01_bfull_s3,0.114913
249000,B_w5_K10000_c0.0_lr0.01_bfull_s4,0.03013
249000,B_w5_K10000_c2.0_lr0.01_bfull_s0,0.0500534
249000,B_w5_K10000_c2.0_lr0.01_bfull_s1,0.0268549
249000,B_w5_K10000_c2.0_lr0.01_bfull_s2,0.0756881
249000,B_w5_K10000_c2.0_lr0.01_bfull_s3,0.034551
249000,B_w5_K10000_c2.0_lr0.01_bfull_s4,0.0179439
250000,B_w5_K10000_c0.0_lr0.01_bfull_s0,0.0352429
250000,B_w5_K10000_c0.0_lr0.01_bfull_s1,0.114558
250000,B_w5_K10000_c0.0_lr0.01_bfull_s2,0.0319852
250000,B_w5_K10000_c0.0_lr0.01_bfull_s3,0.113851
250000,B_w5_K10000_c0.0_lr0.01_bfull_s4,0.0300458
250000,B_w5_K10000_c2.0_lr0.01_bfull_s0,0.0496052
250000,B_w5_K10000_c2.0_lr0.01_bfull_s1,0.0262603
250000,B_w5_K10000_c2.0_lr0.01_bfull_s2,0.0648842
250000,B_w5_K10000_c2.0_lr0.01_bfull_s3,0.0344639
250000,B_w5_K10000_c2.0_lr0.01_bfull_s4,0.0149828
251000,B_w5_K10000_c0.0_lr0.01_bfull_s0,0.202987
251000,B_w5_K10000_c0.0_lr0.01_bfull_s1,0.139747
251000,B_w5_K10000_c0.0_lr0.01_bfull_s2,0.336171
251000,B_w5_K10000_c0.0_lr0.01_bfull_s3,0.0679063
251000,B_w5_K10000_c0.0_lr0.01_bfull_s4,0.217063
251000,B_w5_K10000_c2.0_lr0.01_bfull_s0,0.283431
251000,B_w5_K10000_c2.0_lr0.01_bfull_s1,0.454394
251000,B_w5_K10000_c2.0_lr0.01_bfull_s2,0.310598
251000,B_w5_K10000_c2.0_lr0.01_bfull_s3,0.111915
251000,B_w5_K10000_c2.0_lr0.01_bfull_s4,0.495493
252000,B_w5_K10000_c0.0_lr0.01_bfull_s0,0.0579269
252000,B_w5_K10000_c0.0_lr0.01_bfull_s1,0.108475
252000,B_w5_K10000_c0.0_lr0.01_bfull_s2,0.138234
252000,B_w5_K10000_c0.0_lr0.01_bfull_s3,0.0369068
252000,B_w5_K10000_c0.0_lr0.01_bfull_s4,0.0901599
252000,B_w5_K10000_c2.0_lr0.01_bfull_s0,0.248743
252000,B_w5_K10000_c2.0_lr0.01_bfull_s1,0.200449
252000,B_w5_K10000_c2.0_lr0.01_bfull_s2,0.108649
252000,B_w5_K10000_c2.0_lr0.01_bfull_s3,0.106349
252000,B_w5_K10000_c2.0_lr0.01_bfull_s4,0.154919
253000,B_w5_K10000_c0.0_lr0.01_bfull_s0,0.0425998
253000,B_w5_K10000_c0.0_lr0.01_bfull_s1,0.10705
253000,B_w5_K10000_c0.0_lr0.01_bfull_s2,0.12258
253000,B_w5_K10000_c0.0_lr0.01_bfull_s3,0.0365748
253000,B_w5_K10000_c0.0_lr0.01_bfull_s4,0.0663782
253000,B_w5_K10000_c2.0_lr0.01_bfull_s0,0.241864
253000,B_w5_K10000_c2.0_lr0.01_bfull_s1,0.15512
253000,B_w5_K10000_c2.0_lr0.01_bfull_s2,0.0875925
253000,B_w5_K10000_c2.0_lr0.01_bfull_s3,0.105818
253000,B_w5_K10000_c2.0_lr0.01_bfull_s4,0.0853562
254000,B_w5_K10000_c0.0_lr0.01_bfull_s0,0.034935
254000,B_w5_K10000_c0.0_lr0.01_bfull_s1,0.104395
254000,B_w5_K10000_c0.0_lr0.01_bfull_s2,0.111828
254000,B_w5_K10000_c0.0_lr0.01_bfull_s3,0.0362548
254000,B_w5_K10000_c0.0_lr0.01_bfull_s4,0.0523169
254000,B_w5_K10000_c2.0_lr0.01_bfull_s0,0.209065
254000,B_w5_K10000_c2.0_lr0.01_bfull_s1,0.0807406
254000,B_w5_K10000_c2.0_lr0.01_bfull_s2,0.0701981
254000,B_w5_K10000_c2.0_lr0.01_bfull_s3,0.10375
254000,B_w5_K10000_c2.0_lr0.01_bfull_s4,0.0557751
255000,B_w5_K10000_c0.0_lr0.01_bfull_s0,0.0279317
255000,B_w5_K10000_c0.0_lr0.01_bfull_s1,0.0968249
255000,B_w5_K10000_c0.0_lr0.01_bfull_s2,0.0972645
255000,B_w5_K10000_c0.0_lr0.01_bfull_s3,0.0359737
255000,B_w5_K10000_c0.0_lr0.01_bfull_s4,0.0422327
255000,B_w5_K10000_c2.0_lr0.01_bfull_s0,0.153261
255000,B_w5_K10000_c2.0_lr0.01_bfull_s1,0.0405594
255000,B_w5_K10000_c2.0_lr0.01_bfull_s2,0.0643604
255000,B_w5_K10000_c2.0_lr0.01_bfull_s3,0.0992308
255000,B_w5_K10000_c2.0_lr0.01_bfull_s4,0.0480349
256000,B_w5_K10000_c0.0_lr0.01_bfull_s0,0.0216561
256000,B_w5_K10000_c0.0_lr0.01_bfull_s1,0.0767163
256000,B_w5_K10000_c0.0_lr0.01_bfull_s2,0.0766264
256000,B_w5_K10000_c0.0_lr0.01_bfull_s3,0.0356224
256000,B_w5_K10000_c0.0_lr0.01_bfull_s4,0.0371872
256000,B_w5_K10000_c2.0_lr0.01_bfull_s0,0.134766
256000,B_w5_K10000_c2.0_lr0.01_bfull_s1,0.0314298
256000,B_w5_K10000_c2.0_lr0.01_bfull_s2,0.0629414
256000,B_w5_K10000_c2.0_lr0.01_bfull_s3,0.0882814
256000,B_w5_K10000_c2.0_lr0.01_bfull_s4,0.0444135
257000,B_w5_K10000_c0.0_lr0.01_bfull_s0,0.0173912
257000,B_w5_K10000_c0.0_lr0.01_bfull_s1,0.0536931
257000,B_w5_K10000_c0.0_lr0.01_bfull_s2,0.0506457
257000,B_w5_K10000_c0.0_lr0.01_bfull_s3,0.0351657
257000,B_w5_K10000_c0.0_lr0.01_bfull_s4,0.0346368
257000,B_w5_K10000_c2.0_lr0.01_bfull_s0,0.130277
257000,B_w5_K10000_c2.0_lr0.01_bfull_s1,0.0287953
257000,B_w5_K10000_c2.0_lr0.01_bfull_s2,0.0616944
257000,B_w5_K10000_c2.0_lr0.01_bfull_s3,0.0682464
257000,B_w5_K10000_c2.0_lr0.01_bfull_s4,0.0414045
258000,B_w5_K10000_c0.0_lr0.01_bfull_s0,0.0149196
258000,B_w5_K10000_c0.0_lr0.01_bfull_s1,0.0473056
258000,B_w5_K10000_c0.0_lr0.01_bfull_s2,0.0311176
258000,B_w5_K10000_c0.0_lr0.01_bfull_s3,0.0346173
258000,B_w5_K10000_c0.0_lr0.01_bfull_s4,0.0338059
258000,B_w5_K10000_c2.0_lr0.01_bfull_s0,0.122623
258000,B_w5_K10000_c2.0_lr0.01_bfull_s1,0.027669
258000,B_w5_K10000_c2.0_lr0.01_bfull_s2,0.0609248
258000,B_w5_K10000_c2.0_lr0.01_bfull_s3,0.0513258
258000,B_w5_K10000_c2.0_lr0.01_bfull_s4,0.0394346
259000,B_w5_K10000_c0.0_lr0.01_bfull_s0,0.013551
259000,B_w5_K10000_c0.0_lr0.01_bfull_s1,0.04678
259000,B_w5_K10000_c0.0_lr0.01_bfull_s2,0.0211272
259000,B_w5_K10000_c0.0_lr0.01_bfull_s3,0.0339424
259000,B_w5_K10000_c0.0_lr0.01_bfull_s4,0.0330891
259000,B_w5_K10000_c2.0_lr0.01_bfull_s0,0.109879
259000,B_w5_K10000_c2.0_lr0.01_bfull_s1,0.0268682
259000,B_w5_K10000_c2.0_lr0.01_bfull_s2,0.0601169
259000,B_w5_K10000_c2.0_lr0.01_bfull_s3,0.0440766
259000,B_w5_K10000_c2.0_lr0.01_bfull_s4,0.0384828
260000,B_w5_K10000_c0.0_lr0.01_bfull_s0,0.0128009
260000,B_w5_K10000_c0.0_lr0.01_bfull_s1,0.0468074
260000,B_w5_K10000_c0.0_lr0.01_bfull_s2,0.0156772
260000,B_w5_K10000_c0.0_lr0.01_bfull_s3,0.0334854
260000,B_w5_K10000_c0.0_lr0.01_bfull_s4,0.0327024
260000,B_w5_K10000_c2.0_lr0.01_bfull_s0,0.0941675
260000,B_w5_K10000_c2.0_lr0.01_bfull_s1,0.026368
260000,B_w5_K10000_c2.0_lr0.01_bfull_s2,0.0593515
260000,B_w5_K10000_c2.0_lr0.01_bfull_s3,0.0390265
260000,B_w5_K10000_c2.0_lr0.01_bfull_s4,0.0373704
261000,B_w5_K10000_c0.0_lr0.01_bfull_s0,0.436078
261000,B_w5_K10000_c0.0_lr0.01_bfull_s1,0.249236
261000,B_w5_K10000_c0.0_lr0.01_bfull_s2,0.341326
261000,B_w5_K10000_c0.0_lr0.01_bfull_s3,0.194565
261000,B_w5_K10000_c0.0_lr0.01_bfull_s4,0.250081
261000,B_w5_K10000_c2.0_lr0.01_bfull_s0,0.170869
261000,B_w5_K10000_c2.0_lr0.01_bfull_s1,0.185326
261000,B_w5_K10000_c2.0_lr0.01_bfull_s2,0.259255
261000,B_w5_K10000_c2.0_lr0.01_bfull_s3,0.103721
261000,B_w5_K10000_c2.0_lr0.01_bfull_s4,0.260247
262000,B_w5_K10000_c0.0_lr0.01_bfull_s0,0.113162
262000,B_w5_K10000_c0.0_lr0.01_bfull_s1,0.187592
262000,B_w5_K10000_c0.0_lr0.01_bfull_s2,0.134632
262000,B_w5_K10000_c0.0_lr0.01_bfull_s3,0.164991
262000,B_w5_K10000_c0.0_lr0.01_bfull_s4,0.0356458
262000,B_w5_K10000_c2.0_lr0.01_bfull_s0,0.139551
262000,B_w5_K10000_c2.0_lr0.01_bfull_s1,0.102378
262000,B_w5_K10000_c2.0_lr0.01_bfull_s2,0.0909706
262000,B_w5_K10000_c2.0_lr0.01_bfull_s3,0.0902389
262000,B_w5_K10000_c2.0_lr0.01_bfull_s4,0.109677
263000,B_w5_K10000_c0.0_lr0.01_bfull_s0,0.059143
263000,B_w5_K10000_c0.0_lr0.01_bfull_s1,0.134052
263000,B_w5_K10000_c0.0_lr0.01_bfull_s2,0.101541
263000,B_w5_K10000_c0.0_lr0.01_bfull_s3,0.148799
263000,B_w5_K10000_c0.0_lr0.01_bfull_s4,0.021651
263000,B_w5_K10000_c2.0_lr0.01_bfull_s0,0.139059
263000,B_w5_K10000_c2.0_lr0.01_bfull_s1,0.0723369
263000,B_w5_K10000_c2.0_lr0.01_bfull_s2,0.0431826
263000,B_w5_K10000_c2.0_lr0.01_bfull_s3,0.0895552
263000,B_w5_K10000_c2.0_lr0.01_bfull_s4,0.0650313
264000,B_w5_K10000_c0.0_lr0.01_bfull_s0,0.0366173
264000,B_w5_K10000_c0.0_lr0.01_bfull_s1,0.123888
264000,B_w5_K10000_c0.0_lr0.01_bfull_s2,0.0710146
264000,B_w5_K10000_c0.0_lr0.01_bfull_s3,0.12237
264000,B_w5_K10000_c0.0_lr0.01_bfull_s4,0.0187845
264000,B_w5_K10000_c2.0_lr0.01_bfull_s0,0.137942
264000,B_w5_K10000_c2.0_lr0.01_bfull_s1,0.0542022
264000,B_w5_K10000_c2.0_lr0.01_bfull_s2,0.0330638
264000,B_w5_K10000_c2.0_lr0.01_bfull_s3,0.0890188
264000,B_w5_K10000_c2.0_lr0.01_bfull_s4,0.0556947
265000,B_w5_K10000_c0.0_lr0.01_bfull_s0,0.0257333
265000,B_w5_K10000_c0.0_lr0.01_bfull_s1,0.122795
265000,B_w5_K10000_c0.0_lr0.01_bfull_s2,0.0461707
265000,B_w5_K10000_c0.0_lr0.01_bfull_s3,0.0906358
265000,B_w5_K10000_c0.0_lr0.01_bfull_s4,0.0172773
265000,B_w5_K10000_c2.0_lr0.01_bfull_s0,0.135601
265000,B_w5_K10000_c2.0_lr0.01_bfull_s1,0.0398377
265000,B_w5_K10000_c2.0_lr0.01_bfull_s2,0.0320726
265000,B_w5_K10000_c2.0_lr0.01_bfull_s3,0.0870284
265000,B_w5_K10000_c2.0_lr0.01_bfull_s4,0.0543128
266000,B_w5_K10000_c0.0_lr0.01_bfull_s0,0.0210632
266000,B_w5_K10000_c0.0_lr0.01_bfull_s1,0.122096
266000,B_w5_K10000_c0.0_lr0.01_bfull_s2,0.0359386
266000,B_w5_K10000_c0.0_lr0.01_bfull_s3,0.0690955
266000,B_w5_K10000_c0.0_lr0.01_bfull_s4,0.0158835
266000,B_w5_K10000_c2.0_lr0.01_bfull_s0,0.130629
266000,B_w5_K10000_c2.0_lr0.01_bfull_s1,0.0278123
266000,B_w5_K10000_c2.0_lr0.01_bfull_s2,0.0314814
266000,B_w5_K10000_c2.0_lr0.01_bfull_s3,0.0824955
266000,B_w5_K10000_c2.0_lr0.01_bfull_s4,0.0542523
267000,B_w5_K10000_c0.0_lr0.01_bfull_s0,0.017547
267000,B_w5_K10000_c0.0_lr0.01_bfull_s1,0.121047
267000,B_w5_K10000_c0.0_lr0.01_bfull_s2,0.0319897
267000,B_w5_K10000_c0.0_lr0.01_bfull_s3,0.0578852
267000,B_w5_K10000_c0.0_lr0.01_bfull_s4,0.0146443
267000,B_w5_K10000_c2.0_lr0.01_bfull_s0,0.117044
267000,B_w5_K10000_c2.0_lr0.01_bfull_s1,0.0196773
267000,B_w5_K10000_c2.0_lr0.01_bfull_s2,0.030944
267000,B_w5_K10000_c2.0_lr0.01_bfull_s3,0.0667643
267000,B_w5_K10000_c2.0_lr0.01_bfull_s4,0.0537818
268000,B_w5_K10000_c0.0_lr0.01_bfull_s0,0.0143685
268000,B_w5_K10000_c0.0_lr0.01_bfull_s1,0.118945
268000,B_w5_K10000_c0.0_lr0.01_bfull_s2,0.0299134
268000,B_w5_K10000_c0.0_lr0.01_bfull_s3,0.0514701
268000,B_w5_K10000_c0.0_lr0.01_bfull_s4,0.0135045
268000,B_w5_K10000_c2.0_lr0.01_bfull_s0,0.0854982
268000,B_w5_K10000_c2.0_lr0.01_bfull_s1,0.0143098
268000,B_w5_K10000_c2.0_lr0.01_bfull_s2,0.0304603
268000,B_w5_K10000_c2.0_lr0.01_bfull_s3,0.0330666
268000,B_w5_K10000_c2.0_lr0.01_bfull_s4,0.0538473
269000,B_w5_K10000_c0.0_lr0.01_bfull_s0,0.0118007
269000,B_w5_K10000_c0.0_lr0.01_bfull_s1,0.115796
269000,B_w5_K10000_c0.0_lr0.01_bfull_s2,0.0284489
269000,B_w5_K10000_c0.0_lr0.01_bfull_s3,0.0471014
269000,B_w5_K10000_c0.0_lr0.01_bfull_s4,0.0125588
269000,B_w5_K10000_c2.0_lr0.01_bfull_s0,0.0628375
269000,B_w5_K10000_c2.0_lr0.01_bfull_s1,0.0103255
269000,B_w5_K10000_c2.0_lr0.01_bfull_s2,0.0298469
269000,B_w5_K10000_c2.0_lr0.01_bfull_s3,0.0146609
269000,B_w5_K10000_c2.0_lr0.01_bfull_s4,0.053627
270000,B_w5_K10000_c0.0_lr0.01_bfull_s0,0.0100552
270000,B_w5_K10000_c0.0_lr0.01_bfull_s1,0.11146
270000,B_w5_K10000_c0.0_lr0.01_bfull_s2,0.0276459
270000,B_w5_K10000_c0.0_lr0.01_bfull_s3,0.0425929
270000,B_w5_K10000_c0.0_lr0.01_bfull_s4,0.0117344
270000,B_w5_K10000_c2.0_lr0.01_bfull_s0,0.0571568
270000,B_w5_K10000_c2.0_lr0.01_bfull_s1,0.00709275
270000,B_w5_K10000_c2.0_lr0.01_bfull_s2,0.0290477
270000,B_w5_K10000_c2.0_lr0.01_bfull_s3,0.0126522
270000,B_w5_K10000_c2.0_lr0.01_bfull_s4,0.0537093
271000,B_w5_K10000_c0.0_lr0.01_bfull_s0,0.380796
271000,B_w5_K10000_c0.0_lr0.01_bfull_s1,0.126519
271000,B_w5_K10000_c0.0_lr0.01_bfull_s2,0.295295
271000,B_w5_K10000_c0.0_lr0.01_bfull_s3,0.312172
271000,B_w5_K10000_c0.0_lr0.01_bfull_s4,0.480488
271000,B_w5_K10000_c2.0_lr0.01_bfull_s0,0.135503
271000,B_w5_K10000_c2.0_lr0.01_bfull_s1,0.198401
271000,B_w5_K10000_c2.0_lr0.01_bfull_s2,0.382645
271000,B_w5_K10000_c2.0_lr0.01_bfull_s3,0.262658
271000,B_w5_K10000_c2.0_lr0.01_bfull_s4,0.319633
272000,B_w5_K10000_c0.0_lr0.01_bfull_s0,0.187537
272000,B_w5_K10000_c0.0_lr0.01_bfull_s1,0.097259
272000,B_w5_K10000_c0.0_lr0.01_bfull_s2,0.141463
272000,B_w5_K10000_c0.0_lr0.01_bfull_s3,0.277545
272000,B_w5_K10000_c0.0_lr0.01_bfull_s4,0.157994
272000,B_w5_K10000_c2.0_lr0.01_bfull_s0,0.110853
272000,B_w5_K10000_c2.0_lr0.01_bfull_s1,0.0726364
272000,B_w5_K10000_c2.0_lr0.01_bfull_s2,0.133463
272000,B_w5_K10000_c2.0_lr0.01_bfull_s3,0.225339
272000,B_w5_K10000_c2.0_lr0.01_bfull_s4,0.136475
273000,B_w5_K10000_c0.0_lr0.01_bfull_s0,0.130381
273000,B_w5_K10000_c0.0_lr0.01_bfull_s1,0.0971057
273000,B_w5_K10000_c0.0_lr0.01_bfull_s2,0.109735
273000,B_w5_K10000_c0.0_lr0.01_bfull_s3,0.277154
273000,B_w5_K10000_c0.0_lr0.01_bfull_s4,0.138296
273000,B_w5_K10000_c2.0_lr0.01_bfull_s0,0.107216
273000,B_w5_K10000_c2.0_lr0.01_bfull_s1,0.044906
273000,B_w5_K10000_c2.0_lr0.01_bfull_s2,0.0964261
273000,B_w5_K10000_c2.0_lr0.01_bfull_s3,0.182463
273000,B_w5_K10000_c2.0_lr0.01_bfull_s4,0.134244
274000,B_w5_K10000_c0.0_lr0.01_bfull_s0,0.104061
274000,B_w5_K10000_c0.0_lr0.01_bfull_s1,0.0967434
274000,B_w5_K10000_c0.0_lr0.01_bfull_s2,0.0836402
274000,B_w5_K10000_c0.0_lr0.01_bfull_s3,0.276702
274000,B_w5_K10000_c0.0_lr0.01_bfull_s4,0.12048
274000,B_w5_K10000_c2.0_lr0.01_bfull_s0,0.092435
274000,B_w5_K10000_c2.0_lr0.01_bfull_s1,0.0265047
274000,B_w5_K10000_c2.0_lr0.01_bfull_s2,0.0911641
274000,B_w5_K10000_c2.0_lr0.01_bfull_s3,0.144962
274000,B_w5_K10000_c2.0_lr0.01_bfull_s4,0.131879
275000,B_w5_K10000_c0.0_lr0.01_bfull_s0,0.0814379
275000,B_w5_K10000_c0.0_lr0.01_bfull_s1,0.0962764
275000,B_w5_K10000_c0.0_lr0.01_bfull_s2,0.0517744
275000,B_w5_K10000_c0.0_lr0.01_bfull_s3,0.275774
275000,B_w5_K10000_c0.0_lr0.01_bfull_s4,0.106083
275000,B_w5_K10000_c2.0_lr0.01_bfull_s0,0.0489182
275000,B_w5_K10000_c2.0_lr0.01_bfull_s1,0.0164119
275000,B_w5_K10000_c2.0_lr0.01_bfull_s2,0.0896574
275000,B_w5_K10000_c2.0_lr0.01_bfull_s3,0.127981
275000,B_w5_K10000_c2.0_lr0.01_bfull_s4,0.126775
276000,B_w5_K10000_c0.0_lr0.01_bfull_s0,0.0553896
276000,B_w5_K10000_c0.0_lr0.01_bfull_s1,0.0957644
276000,B_w5_K10000_c0.0_lr0.01_bfull_s2,0.0327349
276000,B_w5_K10000_c0.0_lr0.01_bfull_s3,0.270063
276000,B_w5_K10000_c0.0_lr0.01_bfull_s4,0.0961943
276000,B_w5_K10000_c2.0_lr0.01_bfull_s0,0.0236423
276000,B_w5_K10000_c2.0_lr0.01_bfull_s1,0.0107523
276000,B_w5_K10000_c2.0_lr0.01_bfull_s2,0.0885284
276000,B_w5_K10000_c2.0_lr0.01_bfull_s3,0.106355
276000,B_w5_K10000_c2.0_lr0.01_bfull_s4,0.112378
277000,B_w5_K10000_c0.0_lr0.01_bfull_s0,0.0402879
277000,B_w5_K10000_c0.0_lr0.01_bfull_s1,0.0954724
277000,B_w5_K10000_c0.0_lr0.01_bfull_s2,0.0272667
277000,B_w5_K10000_c0.0_lr0.01_bfull_s3,0.24759
277000,B_w5_K10000_c0.0_lr0.01_bfull_s4,0.0827176
277000,B_w5_K10000_c2.0_lr0.01_bfull_s0,0.0216325
277000,B_w5_K10000_c2.0_lr0.01_bfull_s1,0.00709991
277000,B_w5_K10000_c2.0_lr0.01_bfull_s2,0.0873797
277000,B_w5_K10000_c2.0_lr0.01_bfull_s3,0.0889439
277000,B_w5_K10000_c2.0_lr0.01_bfull_s4,0.0728626
278000,B_w5_K10000_c0.0_lr0.01_bfull_s0,0.0356923
278000,B_w5_K10000_c0.0_lr0.01_bfull_s1,0.0936408
278000,B_w5_K10000_c0.0_lr0.01_bfull_s2,0.0257926
278000,B_w5_K10000_c0.0_lr0.01_bfull_s3,0.20473
278000,B_w5_K10000_c0.0_lr0.01_bfull_s4,0.0637898
278000,B_w5_K10000_c2.0_lr0.01_bfull_s0,0.0214337
278000,B_w5_K10000_c2.0_lr0.01_bfull_s1,0.00486933
278000,B_w5_K10000_c2.0_lr0.01_bfull_s2,0.0868461
278000,B_w5_K10000_c2.0_lr0.01_bfull_s3,0.0840444
278000,B_w5_K10000_c2.0_lr0.01_bfull_s4,0.0325251
279000,B_w5_K10000_c0.0_lr0.01_bfull_s0,0.0337954
279000,B_w5_K10000_c0.0_lr0.01_bfull_s1,0.0901983
279000,B_w5_K10000_c0.0_lr0.01_bfull_s2,0.0251557
279000,B_w5_K10000_c0.0_lr0.01_bfull_s3,0.193157
279000,B_w5_K10000_c0.0_lr0.01_bfull_s4,0.0495481
279000,B_w5_K10000_c2.0_lr0.01_bfull_s0,0.0213862
279000,B_w5_K10000_c2.0_lr0.01_bfull_s1,0.00358541
279000,B_w5_K10000_c2.0_lr0.01_bfull_s2,0.0856593
279000,B_w5_K10000_c2.0_lr0.01_bfull_s3,0.0828862
279000,B_w5_K10000_c2.0_lr0.01_bfull_s4,0.0223203
280000,B_w5_K10000_c0.0_lr0.01_bfull_s0,0.0326016
280000,B_w5_K10000_c0.0_lr0.01_bfull_s1,0.0805022
280000,B_w5_K10000_c0.0_lr0.01_bfull_s2,0.0249344
280000,B_w5_K10000_c0.0_lr0.01_bfull_s3,0.192327
280000,B_w5_K10000_c0.0_lr0.01_bfull_s4,0.0435694
280000,B_w5_K10000_c2.0_lr0.01_bfull_s0,0.0211656
280000,B_w5_K10000_c2.0_lr0.01_bfull_s1,0.00289249
280000,B_w5_K10000_c2.0_lr0.01_bfull_s2,0.0836886
280000,B_w5_K10000_c2.0_lr0.01_bfull_s3,0.0824722
280000,B_w5_K10000_c2.0_lr0.01_bfull_s4,0.02061
281000,B_w5_K10000_c0.0_lr0.01_bfull_s0,0.316812
281000,B_w5_K10000_c0.0_lr0.01_bfull_s1,0.108781
281000,B_w5_K10000_c0.0_lr0.01_bfull_s2,0.363483
281000,B_w5_K10000_c0.0_lr0.01_bfull_s3,0.181293
281000,B_w5_K10000_c0.0_lr0.01_bfull_s4,0.225723
281000,B_w5_K10000_c2.0_lr0.01_bfull_s0,0.142856
281000,B_w5_K10000_c2.0_lr0.01_bfull_s1,0.32218
281000,B_w5_K10000_c2.0_lr0.01_bfull_s2,0.267279
281000,B_w5_K10000_c2.0_lr0.01_bfull_s3,0.125364
281000,B_w5_K10000_c2.0_lr0.01_bfull_s4,0.49024
282000,B_w5_K10000_c0.0_lr0.01_bfull_s0,0.111029
282000,B_w5_K10000_c0.0_lr0.01_bfull_s1,0.0983121
282000,B_w5_K10000_c0.0_lr0.01_bfull_s2,0.145229
282000,B_w5_K10000_c0.0_lr0.01_bfull_s3,0.109411
282000,B_w5_K10000_c0.0_lr0.01_bfull_s4,0.048554
282000,B_w5_K10000_c2.0_lr0.01_bfull_s0,0.126014
282000,B_w5_K10000_c2.0_lr0.01_bfull_s1,0.104459
282000,B_w5_K10000_c2.0_lr0.01_bfull_s2,0.135038
282000,B_w5_K10000_c2.0_lr0.01_bfull_s3,0.0915574
282000,B_w5_K10000_c2.0_lr0.01_bfull_s4,0.227986
283000,B_w5_K10000_c0.0_lr0.01_bfull_s0,0.0480804
283000,B_w5_K10000_c0.0_lr0.01_bfull_s1,0.097108
283000,B_w5_K10000_c0.0_lr0.01_bfull_s2,0.136863
283000,B_w5_K10000_c0.0_lr0.01_bfull_s3,0.0320425
283000,B_w5_K10000_c0.0_lr0.01_bfull_s4,0.0228921
283000,B_w5_K10000_c2.0_lr0.01_bfull_s0,0.124602
283000,B_w5_K10000_c2.0_lr0.01_bfull_s1,0.0872623
283000,B_w5_K10000_c2.0_lr0.01_bfull_s2,0.11052
283000,B_w5_K10000_c2.0_lr0.01_bfull_s3,0.0899453
283000,B_w5_K10000_c2.0_lr0.01_bfull_s4,0.17613
284000,B_w5_K10000_c0.0_lr0.01_bfull_s0,0.0293848
284000,B_w5_K10000_c0.0_lr0.01_bfull_s1,0.094667
284000,B_w5_K10000_c0.0_lr0.01_bfull_s2,0.130849
284000,B_w5_K10000_c0.0_lr0.01_bfull_s3,0.0170372
284000,B_w5_K10000_c0.0_lr0.01_bfull_s4,0.0162781
284000,B_w5_K10000_c2.0_lr0.01_bfull_s0,0.122562
284000,B_w5_K10000_c2.0_lr0.01_bfull_s1,0.0854144
284000,B_w5_K10000_c2.0_lr0.01_bfull_s2,0.0736495
284000,B_w5_K10000_c2.0_lr0.01_bfull_s3,0.087556
284000,B_w5_K10000_c2.0_lr0.01_bfull_s4,0.143854
285000,B_w5_K10000_c0.0_lr0.01_bfull_s0,0.0248414
285000,B_w5_K10000_c0.0_lr0.01_bfull_s1,0.0908015
285000,B_w5_K10000_c0.0_lr0.01_bfull_s2,0.116628
285000,B_w5_K10000_c0.0_lr0.01_bfull_s3,0.0167191
285000,B_w5_K10000_c0.0_lr0.01_bfull_s4,0.0139731
285000,B_w5_K10000_c2.0_lr0.01_bfull_s0,0.118733
285000,B_w5_K10000_c2.0_lr0.01_bfull_s1,0.0850253
285000,B_w5_K10000_c2.0_lr0.01_bfull_s2,0.0520729
285000,B_w5_K10000_c2.0_lr0.01_bfull_s3,0.0830504
285000,B_w5_K10000_c2.0_lr0.01_bfull_s4,0.13146
286000,B_w5_K10000_c0.0_lr0.01_bfull_s0,0.0234244
286000,B_w5_K10000_c0.0_lr0.01_bfull_s1,0.0855
286000,B_w5_K10000_c0.0_lr0.01_bfull_s2,0.0848367
286000,B_w5_K10000_c0.0_lr0.01_bfull_s3,0.0166367
286000,B_w5_K10000_c0.0_lr0.01_bfull_s4,0.0126937
286000,B_w5_K10000_c2.0_lr0.01_bfull_s0,0.109883
286000,B_w5_K10000_c2.0_lr0.01_bfull_s1,0.0848047
286000,B_w5_K10000_c2.0_lr0.01_bfull_s2,0.0458067
286000,B_w5_K10000_c2.0_lr0.01_bfull_s3,0.0746152
286000,B_w5_K10000_c2.0_lr0.01_bfull_s4,0.126105
287000,B_w5_K10000_c0.0_lr0.01_bfull_s0,0.0227667
287000,B_w5_K10000_c0.0_lr0.01_bfull_s1,0.0797129
287000,B_w5_K10000_c0.0_lr0.01_bfull_s2,0.0519041
287000,B_w5_K10000_c0.0_lr0.01_bfull_s3,0.0166838
287000,B_w5_K10000_c0.0_lr0.01_bfull_s4,0.0118403
287000,B_w5_K10000_c2.0_lr0.01_bfull_s0,0.0912226
287000,B_w5_K10000_c2.0_lr0.01_bfull_s1,0.0846999
287000,B_w5_K10000_c2.0_lr0.01_bfull_s2,0.0436471
287000,B_w5_K10000_c2.0_lr0.01_bfull_s3,0.0610936
287000,B_w5_K10000_c2.0_lr0.01_bfull_s4,0.122711
288000,B_w5_K10000_c0.0_lr0.01_bfull_s0,0.022375
288000,B_w5_K10000_c0.0_lr0.01_bfull_s1,0.0738685
288000,B_w5_K10000_c0.0_lr0.01_bfull_s2,0.0397625
288000,B_w5_K10000_c0.0_lr0.01_bfull_s3,0.0166161
288000,B_w5_K10000_c0.0_lr0.01_bfull_s4,0.0109201
288000,B_w5_K10000_c2.0_lr0.01_bfull_s0,0.0728393
288000,B_w5_K10000_c2.0_lr0.01_bfull_s1,0.0839599
288000,B_w5_K10000_c2.0_lr0.01_bfull_s2,0.0425899
288000,B_w5_K10000_c2.0_lr0.01_bfull_s3,0.045256
288000,B_w5_K10000_c2.0_lr0.01_bfull_s4,0.120245
289000,B_w5_K10000_c0.0_lr0.01_bfull_s0,0.0221722
289000,B_w5_K10000_c0.0_lr0.01_bfull_s1,0.0684311
289000,B_w5_K10000_c0.0_lr0.01_bfull_s2,0.0356693
289000,B_w5_K10000_c0.0_lr0.01_bfull_s3,0.0165916
289000,B_w5_K10000_c0.0_lr0.01_bfull_s4,0.0100413
289000,B_w5_K10000_c2.0_lr0.01_bfull_s0,0.064301
289000,B_w5_K10000_c2.0_lr0.01_bfull_s1,0.0828581
289000,B_w5_K10000_c2.0_lr0.01_bfull_s2,0.0416012
289000,B_w5_K10000_c2.0_lr0.01_bfull_s3,0.032424
289000,B_w5_K10000_c2.0_lr0.01_bfull_s4,0.117625
290000,B_w5_K10000_c0.0_lr0.01_bfull_s0,0.0219807
290000,B_w5_K10000_c0.0_lr0.01_bfull_s1,0.0617876
290000,B_w5_K10000_c0.0_lr0.01_bfull_s2,0.0335594
290000,B_w5_K10000_c0.0_lr0.01_bfull_s3,0.0165495
290000,B_w5_K10000_c0.0_lr0.01_bfull_s4,0.00913492
290000,B_w5_K10000_c2.0_lr0.01_bfull_s0,0.0601977
290000,B_w5_K10000_c2.0_lr0.01_bfull_s1,0.0809379
290000,B_w5_K10000_c2.0_lr0.01_bfull_s2,0.0398303
290000,B_w5_K10000_c2.0_lr0.01_bfull_s3,0.0237154
290000,B_w5_K10000_c2.0_lr0.01_bfull_s4,0.115236
291000,B_w5_K10000_c0.0_lr0.01_bfull_s0,0.374136
291000,B_w5_K10000_c0.0_lr0.01_bfull_s1,0.174788
291000,B_w5_K10000_c0.0_lr0.01_bfull_s2,0.467483
291000,B_w5_K10000_c0.0_lr0.01_bfull_s3,0.243696
291000,B_w5_K10000_c0.0_lr0.01_bfull_s4,0.244989
291000,B_w5_K10000_c2.0_lr0.01_bfull_s0,0.167884
291000,B_w5_K10000_c2.0_lr0.01_bfull_s1,0.229471
291000,B_w5_K10000_c2.0_lr0.01_bfull_s2,0.368887
291000,B_w5_K10000_c2.0_lr0.01_bfull_s3,0.153152
291000,B_w5_K10000_c2.0_lr0.01_bfull_s4,0.329493
292000,B_w5_K10000_c0.0_lr0.01_bfull_s0,0.104727
292000,B_w5_K10000_c0.0_lr0.01_bfull_s1,0.162107
292000,B_w5_K10000_c0.0_lr0.01_bfull_s2,0.157434
292000,B_w5_K10000_c0.0_lr0.01_bfull_s3,0.214842
292000,B_w5_K10000_c0.0_lr0.01_bfull_s4,0.0907435
292000,B_w5_K10000_c2.0_lr0.01_bfull_s0,0.149577
292000,B_w5_K10000_c2.0_lr0.01_bfull_s1,0.133204
292000,B_w5_K10000_c2.0_lr0.01_bfull_s2,0.180911
292000,B_w5_K10000_c2.0_lr0.01_bfull_s3,0.127172
292000,B_w5_K10000_c2.0_lr0.01_bfull_s4,0.0786473
293000,B_w5_K10000_c0.0_lr0.01_bfull_s0,0.0785757
293000,B_w5_K10000_c0.0_lr0.01_bfull_s1,0.158267
293000,B_w5_K10000_c0.0_lr0.01_bfull_s2,0.0824715
293000,B_w5_K10000_c0.0_lr0.01_bfull_s3,0.200462
293000,B_w5_K10000_c0.0_lr0.01_bfull_s4,0.0715701
293000,B_w5_K10000_c2.0_lr0.01_bfull_s0,0.146887
293000,B_w5_K10000_c2.0_lr0.01_bfull_s1,0.101348
293000,B_w5_K10000_c2.0_lr0.01_bfull_s2,0.12225
293000,B_w5_K10000_c2.0_lr0.01_bfull_s3,0.123946
293000,B_w5_K10000_c2.0_lr0.01_bfull_s4,0.0585231
294000,B_w5_K10000_c0.0_lr0.01_bfull_s0,0.0598078
294000,B_w5_K10000_c0.0_lr0.01_bfull_s1,0.149621
294000,B_w5_K10000_c0.0_lr0.01_bfull_s2,0.0574009
294000,B_w5_K10000_c0.0_lr0.01_bfull_s3,0.167887
294000,B_w5_K10000_c0.0_lr0.01_bfull_s4,0.0627996
294000,B_w5_K10000_c2.0_lr0.01_bfull_s0,0.14143
294000,B_w5_K10000_c2.0_lr0.01_bfull_s1,0.0734667
294000,B_w5_K10000_c2.0_lr0.01_bfull_s2,0.0892198
294000,B_w5_K10000_c2.0_lr0.01_bfull_s3,0.109579
294000,B_w5_K10000_c2.0_lr0.01_bfull_s4,0.0512026
295000,B_w5_K10000_c0.0_lr0.01_bfull_s0,0.0455609
295000,B_w5_K10000_c0.0_lr0.01_bfull_s1,0.133223
295000,B_w5_K10000_c0.0_lr0.01_bfull_s2,0.0447084
295000,B_w5_K10000_c0.0_lr0.01_bfull_s3,0.142295
295000,B_w5_K10000_c0.0_lr0.01_bfull_s4,0.0485897
295000,B_w5_K10000_c2.0_lr0.01_bfull_s0,0.130938
295000,B_w5_K10000_c2.0_lr0.01_bfull_s1,0.0574349
295000,B_w5_K10000_c2.0_lr0.01_bfull_s2,0.0746474
295000,B_w5_K10000_c2.0_lr0.01_bfull_s3,0.0451054
295000,B_w5_K10000_c2.0_lr0.01_bfull_s4,0.0448288
296000,B_w5_K10000_c0.0_lr0.01_bfull_s0,0.0369107
296000,B_w5_K10000_c0.0_lr0.01_bfull_s1,0.116634
296000,B_w5_K10000_c0.0_lr0.01_bfull_s2,0.0390246
296000,B_w5_K10000_c0.0_lr0.01_bfull_s3,0.13321
296000,B_w5_K10000_c0.0_lr0.01_bfull_s4,0.0301611
296000,B_w5_K10000_c2.0_lr0.01_bfull_s0,0.110373
296000,B_w5_K10000_c2.0_lr0.01_bfull_s1,0.047501
296000,B_w5_K10000_c2.0_lr0.01_bfull_s2,0.0696493
296000,B_w5_K10000_c2.0_lr0.01_bfull_s3,0.00706798
296000,B_w5_K10000_c2.0_lr0.01_bfull_s4,0.0391461
297000,B_w5_K10000_c0.0_lr0.01_bfull_s0,0.0325614
297000,B_w5_K10000_c0.0_lr0.01_bfull_s1,0.104722
297000,B_w5_K10000_c0.0_lr0.01_bfull_s2,0.0359533
297000,B_w5_K10000_c0.0_lr0.01_bfull_s3,0.128017
297000,B_w5_K10000_c0.0_lr0.01_bfull_s4,0.0186921
297000,B_w5_K10000_c2.0_lr0.01_bfull_s0,0.076342
297000,B_w5_K10000_c2.0_lr0.01_bfull_s1,0.0408455
297000,B_w5_K10000_c2.0_lr0.01_bfull_s2,0.0682333
297000,B_w5_K10000_c2.0_lr0.01_bfull_s3,0.00510837
297000,B_w5_K10000_c2.0_lr0.01_bfull_s4,0.0354518
298000,B_w5_K10000_c0.0_lr0.01_bfull_s0,0.0306202
298000,B_w5_K10000_c0.0_lr0.01_bfull_s1,0.0965648
298000,B_w5_K10000_c0.0_lr0.01_bfull_s2,0.0340293
298000,B_w5_K10000_c0.0_lr0.01_bfull_s3,0.125351
298000,B_w5_K10000_c0.0_lr0.01_bfull_s4,0.0140048
298000,B_w5_K10000_c2.0_lr0.01_bfull_s0,0.0469348
298000,B_w5_K10000_c2.0_lr0.01_bfull_s1,0.0364227
298000,B_w5_K10000_c2.0_lr0.01_bfull_s2,0.0681435
298000,B_w5_K10000_c2.0_lr0.01_bfull_s3,0.00467238
298000,B_w5_K10000_c2.0_lr0.01_bfull_s4,0.0334887
299000,B_w5_K10000_c0.0_lr0.01_bfull_s0,0.0296809
299000,B_w5_K10000_c0.0_lr0.01_bfull_s1,0.0834454
299000,B_w5_K10000_c0.0_lr0.01_bfull_s2,0.0320898
299000,B_w5_K10000_c0.0_lr0.01_bfull_s3,0.124266
299000,B_w5_K10000_c0.0_lr0.01_bfull_s4,0.0118236
299000,B_w5_K10000_c2.0_lr0.01_bfull_s0,0.0376475
299000,B_w5_K10000_c2.0_lr0.01_bfull_s1,0.032659
299000,B_w5_K10000_c2.0_lr0.01_bfull_s2,0.0677585
299000,B_w5_K10000_c2.0_lr0.01_bfull_s3,0.00437056
299000,B_w5_K10000_c2.0_lr0.01_bfull_s4,0.0323225
300000,B_w5_K10000_c0.0_lr0.01_bfull_s0,0.0290792
300000,B_w5_K10000_c0.0_lr0.01_bfull_s1,0.0671376
300000,B_w5_K10000_c0.0_lr0.01_bfull_s2,0.0300617
300000,B_w5_K10000_c0.0_lr0.01_bfull_s3,0.123061
300000,B_w5_K10000_c0.0_lr0.01_bfull_s4,0.0106761
300000,B_w5_K10000_c2.0_lr0.01_bfull_s0,0.0361908
300000,B_w5_K10000_c2.0_lr0.01_bfull_s1,0.0290286
300000,B_w5_K10000_c2.0_lr0.01_bfull_s2,0.0675113
300000,B_w5_K10000_c2.0_lr0.01_bfull_s3,0.00422764
300000,B_w5_K10000_c2.0_lr0.01_bfull_s4,0.0319045
301000,B_w5_K10000_c0.0_lr0.01_bfull_s0,0.334163
301000,B_w5_K10000_c0.0_lr0.01_bfull_s1,0.21159
301000,B_w5_K10000_c0.0_lr0.01_bfull_s2,0.237999
301000,B_w5_K10000_c0.0_lr0.01_bfull_s3,0.191441
301000,B_w5_K10000_c0.0_lr0.01_bfull_s4,0.324414
301000,B_w5_K10000_c2.0_lr0.01_bfull_s0,0.184636
301000,B_w5_K10000_c2.0_lr0.01_bfull_s1,0.287375
301000,B_w5_K10000_c2.0_lr0.01_bfull_s2,0.212545
301000,B_w5_K10000_c2.0_lr0.01_bfull_s3,0.236927
301000,B_w5_K10000_c2.0_lr0.01_bfull_s4,0.203282
302000,B_w5_K10000_c0.0_lr0.01_bfull_s0,0.176624
302000,B_w5_K10000_c0.0_lr0.01_bfull_s1,0.175104
302000,B_w5_K10000_c0.0_lr0.01_bfull_s2,0.0435536
302000,B_w5_K10000_c0.0_lr0.01_bfull_s3,0.154344
302000,B_w5_K10000_c0.0_lr0.01_bfull_s4,0.0987919
302000,B_w5_K10000_c2.0_lr0.01_bfull_s0,0.157575
302000,B_w5_K10000_c2.0_lr0.01_bfull_s1,0.152377
302000,B_w5_K10000_c2.0_lr0.01_bfull_s2,0.129039
302000,B_w5_K10000_c2.0_lr0.01_bfull_s3,0.162154
302000,B_w5_K10000_c2.0_lr0.01_bfull_s4,0.0579334
303000,B_w5_K10000_c0.0_lr0.01_bfull_s0,0.133024
303000,B_w5_K10000_c0.0_lr0.01_bfull_s1,0.171691
303000,B_w5_K10000_c0.0_lr0.01_bfull_s2,0.032351
303000,B_w5_K10000_c0.0_lr0.01_bfull_s3,0.129199
303000,B_w5_K10000_c0.0_lr0.01_bfull_s4,0.0717752
303000,B_w5_K10000_c2.0_lr0.01_bfull_s0,0.156613
303000,B_w5_K10000_c2.0_lr0.01_bfull_s1,0.131684
303000,B_w5_K10000_c2.0_lr0.01_bfull_s2,0.0904579
303000,B_w5_K10000_c2.0_lr0.01_bfull_s3,0.122361
303000,B_w5_K10000_c2.0_lr0.01_bfull_s4,0.04488
304000,B_w5_K10000_c0.0_lr0.01_bfull_s0,0.11541
304000,B_w5_K10000_c0.0_lr0.01_bfull_s1,0.16436
304000,B_w5_K10000_c0.0_lr0.01_bfull_s2,0.023288
304000,B_w5_K10000_c0.0_lr0.01_bfull_s3,0.1123
304000,B_w5_K10000_c0.0_lr0.01_bfull_s4,0.0524713
304000,B_w5_K10000_c2.0_lr0.01_bfull_s0,0.156944
304000,B_w5_K10000_c2.0_lr0.01_bfull_s1,0.0958827
304000,B_w5_K10000_c2.0_lr0.01_bfull_s2,0.0667507
304000,B_w5_K10000_c2.0_lr0.01_bfull_s3,0.10989
304000,B_w5_K10000_c2.0_lr0.01_bfull_s4,0.0329575
305000,B_w5_K10000_c0.0_lr0.01_bfull_s0,0.0972031
305000,B_w5_K10000_c0.0_lr0.01_bfull_s1,0.14759
305000,B_w5_K10000_c0.0_lr0.01_bfull_s2,0.0169628
305000,B_w5_K10000_c0.0_lr0.01_bfull_s3,0.100898
305000,B_w5_K10000_c0.0_lr0.01_bfull_s4,0.0386101
305000,B_w5_K10000_c2.0_lr0.01_bfull_s0,0.156662
305000,B_w5_K10000_c2.0_lr0.01_bfull_s1,0.06329
305000,B_w5_K10000_c2.0_lr0.01_bfull_s2,0.0587677
305000,B_w5_K10000_c2.0_lr0.01_bfull_s3,0.102995
305000,B_w5_K10000_c2.0_lr0.01_bfull_s4,0.0223367
306000,B_w5_K10000_c0.0_lr0.01_bfull_s0,0.0689283
306000,B_w5_K10000_c0.0_lr0.01_bfull_s1,0.117978
306000,B_w5_K10000_c0.0_lr0.01_bfull_s2,0.0135414
306000,B_w5_K10000_c0.0_lr0.01_bfull_s3,0.0872645
306000,B_w5_K10000_c0.0_lr0.01_bfull_s4,0.02943
306000,B_w5_K10000_c2.0_lr0.01_bfull_s0,0.155681
306000,B_w5_K10000_c2.0_lr0.01_bfull_s1,0.0343814
306000,B_w5_K10000_c2.0_lr0.01_bfull_s2,0.0559429
306000,B_w5_K10000_c2.0_lr0.01_bfull_s3,0.0929066
306000,B_w5_K10000_c2.0_lr0.01_bfull_s4,0.0152334
307000,B_w5_K10000_c0.0_lr0.01_bfull_s0,0.0440802
307000,B_w5_K10000_c0.0_lr0.01_bfull_s1,0.0882102
307000,B_w5_K10000_c0.0_lr0.01_bfull_s2,0.0117397
307000,B_w5_K10000_c0.0_lr0.01_bfull_s3,0.0771354
307000,B_w5_K10000_c0.0_lr0.01_bfull_s4,0.0242013
307000,B_w5_K10000_c2.0_lr0.01_bfull_s0,0.155283
307000,B_w5_K10000_c2.0_lr0.01_bfull_s1,0.0191486
307000,B_w5_K10000_c2.0_lr0.01_bfull_s2,0.0536539
307000,B_w5_K10000_c2.0_lr0.01_bfull_s3,0.0798171
307000,B_w5_K10000_c2.0_lr0.01_bfull_s4,0.0111918
308000,B_w5_K10000_c0.0_lr0.01_bfull_s0,0.029768
308000,B_w5_K10000_c0.0_lr0.01_bfull_s1,0.0667799
308000,B_w5_K10000_c0.0_lr0.01_bfull_s2,0.0106618
308000,B_w5_K10000_c0.0_lr0.01_bfull_s3,0.0729292
308000,B_w5_K10000_c0.0_lr0.01_bfull_s4,0.0216296
308000,B_w5_K10000_c2.0_lr0.01_bfull_s0,0.153508
308000,B_w5_K10000_c2.0_lr0.01_bfull_s1,0.0146424
308000,B_w5_K10000_c2.0_lr0.01_bfull_s2,0.0518173
308000,B_w5_K10000_c2.0_lr0.01_bfull_s3,0.0691186
308000,B_w5_K10000_c2.0_lr0.01_bfull_s4,0.00912415
309000,B_w5_K10000_c0.0_lr0.01_bfull_s0,0.0199643
309000,B_w5_K10000_c0.0_lr0.01_bfull_s1,0.0562041
309000,B_w5_K10000_c0.0_lr0.01_bfull_s2,0.00978567
309000,B_w5_K10000_c0.0_lr0.01_bfull_s3,0.0715245
309000,B_w5_K10000_c0.0_lr0.01_bfull_s4,0.0207821
309000,B_w5_K10000_c2.0_lr0.01_bfull_s0,0.151037
309000,B_w5_K10000_c2.0_lr0.01_bfull_s1,0.0131357
309000,B_w5_K10000_c2.0_lr0.01_bfull_s2,0.0507062
309000,B_w5_K10000_c2.0_lr0.01_bfull_s3,0.0637514
309000,B_w5_K10000_c2.0_lr0.01_bfull_s4,0.00798546
310000,B_w5_K10000_c0.0_lr0.01_bfull_s0,0.0139336
310000,B_w5_K10000_c0.0_lr0.01_bfull_s1,0.0526439
310000,B_w5_K10000_c0.0_lr0.01_bfull_s2,0.0089752
310000,B_w5_K10000_c0.0_lr0.01_bfull_s3,0.0704034
310000,B_w5_K10000_c0.0_lr0.01_bfull_s4,0.0202565
310000,B_w5_K10000_c2.0_lr0.01_bfull_s0,0.146026
310000,B_w5_K10000_c2.0_lr0.01_bfull_s1,0.0123232
310000,B_w5_K10000_c2.0_lr0.01_bfull_s2,0.0498808
310000,B_w5_K10000_c2.0_lr0.01_bfull_s3,0.0612641
310000,B_w5_K10000_c2.0_lr0.01_bfull_s4,0.00724059
311000,B_w5_K10000_c0.0_lr0.01_bfull_s0,0.202574
311000,B_w5_K10000_c0.0_lr0.01_bfull_s1,0.317521
311000,B_w5_K10000_c0.0_lr0.01_bfull_s2,0.408061
311000,B_w5_K10000_c0.0_lr0.01_bfull_s3,0.206653
311000,B_w5_K10000_c0.0_lr0.01_bfull_s4,0.202498
311000,B_w5_K10000_c2.0_lr0.01_bfull_s0,0.180444
311000,B_w5_K10000_c2.0_lr0.01_bfull_s1,0.409042
311000,B_w5_K10000_c2.0_lr0.01_bfull_s2,0.121402
311000,B_w5_K10000_c2.0_lr0.01_bfull_s3,0.106753
311000,B_w5_K10000_c2.0_lr0.01_bfull_s4,0.161588
312000,B_w5_K10000_c0.0_lr0.01_bfull_s0,0.050775
312000,B_w5_K10000_c0.0_lr0.01_bfull_s1,0.266937
312000,B_w5_K10000_c0.0_lr0.01_bfull_s2,0.11397
312000,B_w5_K10000_c0.0_lr0.01_bfull_s3,0.113549
312000,B_w5_K10000_c0.0_lr0.01_bfull_s4,0.0544293
312000,B_w5_K10000_c2.0_lr0.01_bfull_s0,0.172304
312000,B_w5_K10000_c2.0_lr0.01_bfull_s1,0.210016
312000,B_w5_K10000_c2.0_lr0.01_bfull_s2,0.0498681
312000,B_w5_K10000_c2.0_lr0.01_bfull_s3,0.0736855
312000,B_w5_K10000_c2.0_lr0.01_bfull_s4,0.0762471
313000,B_w5_K10000_c0.0_lr0.01_bfull_s0,0.0267061
313000,B_w5_K10000_c0.0_lr0.01_bfull_s1,0.199604
313000,B_w5_K10000_c0.0_lr0.01_bfull_s2,0.0580892
313000,B_w5_K10000_c0.0_lr0.01_bfull_s3,0.0812315
313000,B_w5_K10000_c0.0_lr0.01_bfull_s4,0.0422695
313000,B_w5_K10000_c2.0_lr0.01_bfull_s0,0.167882
313000,B_w5_K10000_c2.0_lr0.01_bfull_s1,0.197324
313000,B_w5_K10000_c2.0_lr0.01_bfull_s2,0.0484132
313000,B_w5_K10000_c2.0_lr0.01_bfull_s3,0.073194
313000,B_w5_K10000_c2.0_lr0.01_bfull_s4,0.0582251
314000,B_w5_K10000_c0.0_lr0.01_bfull_s0,0.0186447
314000,B_w5_K10000_c0.0_lr0.01_bfull_s1,0.162862
314000,B_w5_K10000_c0.0_lr0.01_bfull_s2,0.0258806
314000,B_w5_K10000_c0.0_lr0.01_bfull_s3,0.0789056
314000,B_w5_K10000_c0.0_lr0.01_bfull_s4,0.0342428
314000,B_w5_K10000_c2.0_lr0.01_bfull_s0,0.15834
314000,B_w5_K10000_c2.0_lr0.01_bfull_s1,0.170072
314000,B_w5_K10000_c2.0_lr0.01_bfull_s2,0.0477827
314000,B_w5_K10000_c2.0_lr0.01_bfull_s3,0.0734333
314000,B_w5_K10000_c2.0_lr0.01_bfull_s4,0.0450324
315000,B_w5_K10000_c0.0_lr0.01_bfull_s0,0.0145844
315000,B_w5_K10000_c0.0_lr0.01_bfull_s1,0.147797
315000,B_w5_K10000_c0.0_lr0.01_bfull_s2,0.015135
315000,B_w5_K10000_c0.0_lr0.01_bfull_s3,0.0782338
315000,B_w5_K10000_c0.0_lr0.01_bfull_s4,0.0265976
315000,B_w5_K10000_c2.0_lr0.01_bfull_s0,0.14321
315000,B_w5_K10000_c2.0_lr0.01_bfull_s1,0.145136
315000,B_w5_K10000_c2.0_lr0.01_bfull_s2,0.0473058
315000,B_w5_K10000_c2.0_lr0.01_bfull_s3,0.0732393
315000,B_w5_K10000_c2.0_lr0.01_bfull_s4,0.035848
316000,B_w5_K10000_c0.0_lr0.01_bfull_s0,0.0123074
316000,B_w5_K10000_c0.0_lr0.01_bfull_s1,0.12511
316000,B_w5_K10000_c0.0_lr0.01_bfull_s2,0.0114088
316000,B_w5_K10000_c0.0_lr0.01_bfull_s3,0.0771922
316000,B_w5_K10000_c0.0_lr0.01_bfull_s4,0.0208242
316000,B_w5_K10000_c2.0_lr0.01_bfull_s0,0.132938
316000,B_w5_K10000_c2.0_lr0.01_bfull_s1,0.13293
316000,B_w5_K10000_c2.0_lr0.01_bfull_s2,0.0458295
316000,B_w5_K10000_c2.0_lr0.01_bfull_s3,0.0732273
316000,B_w5_K10000_c2.0_lr0.01_bfull_s4,0.0302353
317000,B_w5_K10000_c0.0_lr0.01_bfull_s0,0.0109981
317000,B_w5_K10000_c0.0_lr0.01_bfull_s1,0.102878
317000,B_w5_K10000_c0.0_lr0.01_bfull_s2,0.00954209
317000,B_w5_K10000_c0.0_lr0.01_bfull_s3,0.075958
317000,B_w5_K10000_c0.0_lr0.01_bfull_s4,0.0171375
317000,B_w5_K10000_c2.0_lr0.01_bfull_s0,0.129226
317000,B_w5_K10000_c2.0_lr0.01_bfull_s1,0.114846
317000,B_w5_K10000_c2.0_lr0.01_bfull_s2,0.0440329
317000,B_w5_K10000_c2.0_lr0.01_bfull_s3,0.0730598
317000,B_w5_K10000_c2.0_lr0.01_bfull_s4,0.0267298
318000,B_w5_K10000_c0.0_lr0.01_bfull_s0,0.00999101
318000,B_w5_K10000_c0.0_lr0.01_bfull_s1,0.0905653
318000,B_w5_K10000_c0.0_lr0.01_bfull_s2,0.0084841
318000,B_w5_K10000_c0.0_lr0.01_bfull_s3,0.0735041
318000,B_w5_K10000_c0.0_lr0.01_bfull_s4,0.0152237
318000,B_w5_K10000_c2.0_lr0.01_bfull_s0,0.12593
318000,B_w5_K10000_c2.0_lr0.01_bfull_s1,0.0956925
318000,B_w5_K10000_c2.0_lr0.01_bfull_s2,0.0409062
318000,B_w5_K10000_c2.0_lr0.01_bfull_s3,0.0729834
318000,B_w5_K10000_c2.0_lr0.01_bfull_s4,0.0242072
319000,B_w5_K10000_c0.0_lr0.01_bfull_s0,0.00905822
319000,B_w5_K10000_c0.0_lr0.01_bfull_s1,0.0780592
319000,B_w5_K10000_c0.0_lr0.01_bfull_s2,0.00779739
319000,B_w5_K10000_c0.0_lr0.01_bfull_s3,0.0706364
319000,B_w5_K10000_c0.0_lr0.01_bfull_s4,0.0144244
319000,B_w5_K10000_c2.0_lr0.01_bfull_s0,0.120878
319000,B_w5_K10000_c2.0_lr0.01_bfull_s1,0.0815866
319000,B_w5_K10000_c2.0_lr0.01_bfull_s2,0.0363819
319000,B_w5_K10000_c2.0_lr0.01_bfull_s3,0.0731606
319000,B_w5_K10000_c2.0_lr0.01_bfull_s4,0.0222848
320000,B_w5_K10000_c0.0_lr0.01_bfull_s0,0.00819047
320000,B_w5_K10000_c0.0_lr0.01_bfull_s1,0.0588753
320000,B_w5_K10000_c0.0_lr0.01_bfull_s2,0.0073239
320000,B_w5_K10000_c0.0_lr0.01_bfull_s3,0.0664168
320000,B_w5_K10000_c0.0_lr0.01_bfull_s4,0.0141086
320000,B_w5_K10000_c2.0_lr0.01_bfull_s0,0.109223
320000,B_w5_K10000_c2.0_lr0.01_bfull_s1,0.0733476
320000,B_w5_K10000_c2.0_lr0.01_bfull_s2,0.0311881
320000,B_w5_K10000_c2.0_lr0.01_bfull_s3,0.0731433
320000,B_w5_K10000_c2.0_lr0.01_bfull_s4,0.020827
321000,B_w5_K10000_c0.0_lr0.01_bfull_s0,0.373224
321000,B_w5_K10000_c0.0_lr0.01_bfull_s1,0.259066
321000,B_w5_K10000_c0.0_lr0.01_bfull_s2,0.297482
321000,B_w5_K10000_c0.0_lr0.01_bfull_s3,0.323796
321000,B_w5_K10000_c0.0_lr0.01_bfull_s4,0.126543
321000,B_w5_K10000_c2.0_lr0.01_bfull_s0,0.23571
321000,B_w5_K10000_c2.0_lr0.01_bfull_s1,0.279369
321000,B_w5_K10000_c2.0_lr0.01_bfull_s2,0.325827
321000,B_w5_K10000_c2.0_lr0.01_bfull_s3,0.19238
321000,B_w5_K10000_c2.0_lr0.01_bfull_s4,0.427326
322000,B_w5_K10000_c0.0_lr0.01_bfull_s0,0.127772
322000,B_w5_K10000_c0.0_lr0.01_bfull_s1,0.206385
322000,B_w5_K10000_c0.0_lr0.01_bfull_s2,0.0860983
322000,B_w5_K10000_c0.0_lr0.01_bfull_s3,0.28407
322000,B_w5_K10000_c0.0_lr0.01_bfull_s4,0.0341119
322000,B_w5_K10000_c2.0_lr0.01_bfull_s0,0.183729
322000,B_w5_K10000_c2.0_lr0.01_bfull_s1,0.0889064
322000,B_w5_K10000_c2.0_lr0.01_bfull_s2,0.175216
322000,B_w5_K10000_c2.0_lr0.01_bfull_s3,0.166483
322000,B_w5_K10000_c2.0_lr0.01_bfull_s4,0.247729
323000,B_w5_K10000_c0.0_lr0.01_bfull_s0,0.0717369
323000,B_w5_K10000_c0.0_lr0.01_bfull_s1,0.200861
323000,B_w5_K10000_c0.0_lr0.01_bfull_s2,0.0706746
323000,B_w5_K10000_c0.0_lr0.01_bfull_s3,0.257888
323000,B_w5_K10000_c0.0_lr0.01_bfull_s4,0.0336844
323000,B_w5_K10000_c2.0_lr0.01_bfull_s0,0.109588
323000,B_w5_K10000_c2.0_lr0.01_bfull_s1,0.086286
323000,B_w5_K10000_c2.0_lr0.01_bfull_s2,0.146071
323000,B_w5_K10000_c2.0_lr0.01_bfull_s3,0.120843
323000,B_w5_K10000_c2.0_lr0.01_bfull_s4,0.209397
324000,B_w5_K10000_c0.0_lr0.01_bfull_s0,0.0586557
324000,B_w5_K10000_c0.0_lr0.01_bfull_s1,0.181724
324000,B_w5_K10000_c0.0_lr0.01_bfull_s2,0.0691401
324000,B_w5_K10000_c0.0_lr0.01_bfull_s3,0.207654
324000,B_w5_K10000_c0.0_lr0.01_bfull_s4,0.0337107
324000,B_w5_K10000_c2.0_lr0.01_bfull_s0,0.0810102
324000,B_w5_K10000_c2.0_lr0.01_bfull_s1,0.0833866
324000,B_w5_K10000_c2.0_lr0.01_bfull_s2,0.1267
324000,B_w5_K10000_c2.0_lr0.01_bfull_s3,0.0766859
324000,B_w5_K10000_c2.0_lr0.01_bfull_s4,0.168691
325000,B_w5_K10000_c0.0_lr0.01_bfull_s0,0.0394881
325000,B_w5_K10000_c0.0_lr0.01_bfull_s1,0.134003
325000,B_w5_K10000_c0.0_lr0.01_bfull_s2,0.0684762
325000,B_w5_K10000_c0.0_lr0.01_bfull_s3,0.182677
325000,B_w5_K10000_c0.0_lr0.01_bfull_s4,0.0337391
325000,B_w5_K10000_c2.0_lr0.01_bfull_s0,0.0739641
325000,B_w5_K10000_c2.0_lr0.01_bfull_s1,0.0778497
325000,B_w5_K10000_c2.0_lr0.01_bfull_s2,0.111484
325000,B_w5_K10000_c2.0_lr0.01_bfull_s3,0.0716635
325000,B_w5_K10000_c2.0_lr0.01_bfull_s4,0.136605
326000,B_w5_K10000_c0.0_lr0.01_bfull_s0,0.0210857
326000,B_w5_K10000_c0.0_lr0.01_bfull_s1,0.0974392
326000,B_w5_K10000_c0.0_lr0.01_bfull_s2,0.0686376
326000,B_w5_K10000_c0.0_lr0.01_bfull_s3,0.174189
326000,B_w5_K10000_c0.0_lr0.01_bfull_s4,0.0336887
326000,B_w5_K10000_c2.0_lr0.01_bfull_s0,0.0658984
326000,B_w5_K10000_c2.0_lr0.01_bfull_s1,0.0669193
326000,B_w5_K10000_c2.0_lr0.01_bfull_s2,0.0978184
326000,B_w5_K10000_c2.0_lr0.01_bfull_s3,0.0709257
326000,B_w5_K10000_c2.0_lr0.01_bfull_s4,0.109997
327000,B_w5_K10000_c0.0_lr0.01_bfull_s0,0.0103482
327000,B_w5_K10000_c0.0_lr0.01_bfull_s1,0.0804427
327000,B_w5_K10000_c0.0_lr0.01_bfull_s2,0.0680848
327000,B_w5_K10000_c0.0_lr0.01_bfull_s3,0.164464
327000,B_w5_K10000_c0.0_lr0.01_bfull_s4,0.0337177
327000,B_w5_K10000_c2.0_lr0.01_bfull_s0,0.0516023
327000,B_w5_K10000_c2.0_lr0.01_bfull_s1,0.0526361
327000,B_w5_K10000_c2.0_lr0.01_bfull_s2,0.0856653
327000,B_w5_K10000_c2.0_lr0.01_bfull_s3,0.0703587
327000,B_w5_K10000_c2.0_lr0.01_bfull_s4,0.0797905
328000,B_w5_K10000_c0.0_lr0.01_bfull_s0,0.0052799
328000,B_w5_K10000_c0.0_lr0.01_bfull_s1,0.0662641
328000,B_w5_K10000_c0.0_lr0.01_bfull_s2,0.0676727
328000,B_w5_K10000_c0.0_lr0.01_bfull_s3,0.155456
328000,B_w5_K10000_c0.0_lr0.01_bfull_s4,0.033627
328000,B_w5_K10000_c2.0_lr0.01_bfull_s0,0.037519
328000,B_w5_K10000_c2.0_lr0.01_bfull_s1,0.0433445
328000,B_w5_K10000_c2.0_lr0.01_bfull_s2,0.0756402
328000,B_w5_K10000_c2.0_lr0.01_bfull_s3,0.0694152
328000,B_w5_K10000_c2.0_lr0.01_bfull_s4,0.0537763
329000,B_w5_K10000_c0.0_lr0.01_bfull_s0,0.00281083
329000,B_w5_K10000_c0.0_lr0.01_bfull_s1,0.0594497
329000,B_w5_K10000_c0.0_lr0.01_bfull_s2,0.067875
329000,B_w5_K10000_c0.0_lr0.01_bfull_s3,0.149358
329000,B_w5_K10000_c0.0_lr0.01_bfull_s4,0.0335796
329000,B_w5_K10000_c2.0_lr0.01_bfull_s0,0.0307986
329000,B_w5_K10000_c2.0_lr0.01_bfull_s1,0.0395661
329000,B_w5_K10000_c2.0_lr0.01_bfull_s2,0.0683765
329000,B_w5_K10000_c2.0_lr0.01_bfull_s3,0.0682469
329000,B_w5_K10000_c2.0_lr0.01_bfull_s4,0.0379516
330000,B_w5_K10000_c0.0_lr0.01_bfull_s0,0.00154548
330000,B_w5_K10000_c0.0_lr0.01_bfull_s1,0.057735
330000,B_w5_K10000_c0.0_lr0.01_bfull_s2,0.0677132
330000,B_w5_K10000_c0.0_lr0.01_bfull_s3,0.146021
330000,B_w5_K10000_c0.0_lr0.01_bfull_s4,0.0335659
330000,B_w5_K10000_c2.0_lr0.01_bfull_s0,0.0291868
330000,B_w5_K10000_c2.0_lr0.01_bfull_s1,0.03718
330000,B_w5_K10000_c2.0_lr0.01_bfull_s2,0.0641233
330000,B_w5_K10000_c2.0_lr0.01_bfull_s3,0.0671259
330000,B_w5_K10000_c2.0_lr0.01_bfull_s4,0.0287872
331000,B_w5_K10000_c0.0_lr0.01_bfull_s0,0.344967
331000,B_w5_K10000_c0.0_lr0.01_bfull_s1,0.309794
331000,B_w5_K10000_c0.0_lr0.01_bfull_s2,0.292769
331000,B_w5_K10000_c0.0_lr0.01_bfull_s3,0.268386
331000,B_w5_K10000_c0.0_lr0.01_bfull_s4,0.308793
331000,B_w5_K10000_c2.0_lr0.01_bfull_s0,0.140907
331000,B_w5_K10000_c2.0_lr0.01_bfull_s1,0.38593
331000,B_w5_K10000_c2.0_lr0.01_bfull_s2,0.0609047
331000,B_w5_K10000_c2.0_lr0.01_bfull_s3,0.237612
331000,B_w5_K10000_c2.0_lr0.01_bfull_s4,0.26138
332000,B_w5_K10000_c0.0_lr0.01_bfull_s0,0.161459
332000,B_w5_K10000_c0.0_lr0.01_bfull_s1,0.285323
332000,B_w5_K10000_c0.0_lr0.01_bfull_s2,0.103144
332000,B_w5_K10000_c0.0_lr0.01_bfull_s3,0.212584
332000,B_w5_K10000_c0.0_lr0.01_bfull_s4,0.139925
332000,B_w5_K10000_c2.0_lr0.01_bfull_s0,0.100564
332000,B_w5_K10000_c2.0_lr0.01_bfull_s1,0.195089
332000,B_w5_K10000_c2.0_lr0.01_bfull_s2,0.0215949
332000,B_w5_K10000_c2.0_lr0.01_bfull_s3,0.206084
332000,B_w5_K10000_c2.0_lr0.01_bfull_s4,0.14752
333000,B_w5_K10000_c0.0_lr0.01_bfull_s0,0.0735383
333000,B_w5_K10000_c0.0_lr0.01_bfull_s1,0.278943
333000,B_w5_K10000_c0.0_lr0.01_bfull_s2,0.0765327
333000,B_w5_K10000_c0.0_lr0.01_bfull_s3,0.211411
333000,B_w5_K10000_c0.0_lr0.01_bfull_s4,0.0983213
333000,B_w5_K10000_c2.0_lr0.01_bfull_s0,0.0964766
333000,B_w5_K10000_c2.0_lr0.01_bfull_s1,0.0994234
333000,B_w5_K10000_c2.0_lr0.01_bfull_s2,0.019947
333000,B_w5_K10000_c2.0_lr0.01_bfull_s3,0.20359
333000,B_w5_K10000_c2.0_lr0.01_bfull_s4,0.127829
334000,B_w5_K10000_c0.0_lr0.01_bfull_s0,0.0370137
334000,B_w5_K10000_c0.0_lr0.01_bfull_s1,0.260418
334000,B_w5_K10000_c0.0_lr0.01_bfull_s2,0.0581282
334000,B_w5_K10000_c0.0_lr0.01_bfull_s3,0.209819
334000,B_w5_K10000_c0.0_lr0.01_bfull_s4,0.0673216
334000,B_w5_K10000_c2.0_lr0.01_bfull_s0,0.0888781
334000,B_w5_K10000_c2.0_lr0.01_bfull_s1,0.0402063
334000,B_w5_K10000_c2.0_lr0.01_bfull_s2,0.0191488
334000,B_w5_K10000_c2.0_lr0.01_bfull_s3,0.196491
334000,B_w5_K10000_c2.0_lr0.01_bfull_s4,0.0915295
335000,B_w5_K10000_c0.0_lr0.01_bfull_s0,0.028318
335000,B_w5_K10000_c0.0_lr0.01_bfull_s1,0.181503
335000,B_w5_K10000_c0.0_lr0.01_bfull_s2,0.0495719
335000,B_w5_K10000_c0.0_lr0.01_bfull_s3,0.20534
335000,B_w5_K10000_c0.0_lr0.01_bfull_s4,0.0560715
335000,B_w5_K10000_c2.0_lr0.01_bfull_s0,0.0779635
335000,B_w5_K10000_c2.0_lr0.01_bfull_s1,0.0326692
335000,B_w5_K10000_c2.0_lr0.01_bfull_s2,0.0182199
335000,B_w5_K10000_c2.0_lr0.01_bfull_s3,0.184224
335000,B_w5_K10000_c2.0_lr0.01_bfull_s4,0.0540897
336000,B_w5_K10000_c0.0_lr0.01_bfull_s0,0.0251017
336000,B_w5_K10000_c0.0_lr0.01_bfull_s1,0.0652857
336000,B_w5_K10000_c0.0_lr0.01_bfull_s2,0.0473372
336000,B_w5_K10000_c0.0_lr0.01_bfull_s3,0.193224
336000,B_w5_K10000_c0.0_lr0.01_bfull_s4,0.053343
336000,B_w5_K10000_c2.0_lr0.01_bfull_s0,0.0672081
336000,B_w5_K10000_c2.0_lr0.01_bfull_s1,0.031263
336000,B_w5_K10000_c2.0_lr0.01_bfull_s2,0.0168936
336000,B_w5_K10000_c2.0_lr0.01_bfull_s3,0.171564
336000,B_w5_K10000_c2.0_lr0.01_bfull_s4,0.0363004
337000,B_w5_K10000_c0.0_lr0.01_bfull_s0,0.0236827
337000,B_w5_K10000_c0.0_lr0.01_bfull_s1,0.0465277
337000,B_w5_K10000_c0.0_lr0.01_bfull_s2,0.0464693
337000,B_w5_K10000_c0.0_lr0.01_bfull_s3,0.15807
337000,B_w5_K10000_c0.0_lr0.01_bfull_s4,0.05213
337000,B_w5_K10000_c2.0_lr0.01_bfull_s0,0.0602012
337000,B_w5_K10000_c2.0_lr0.01_bfull_s1,0.030351
337000,B_w5_K10000_c2.0_lr0.01_bfull_s2,0.0154197
337000,B_w5_K10000_c2.0_lr0.01_bfull_s3,0.166712
337000,B_w5_K10000_c2.0_lr0.01_bfull_s4,0.0278834
338000,B_w5_K10000_c0.0_lr0.01_bfull_s0,0.0231416
338000,B_w5_K10000_c0.0_lr0.01_bfull_s1,0.0422449
338000,B_w5_K10000_c0.0_lr0.01_bfull_s2,0.0461843
338000,B_w5_K10000_c0.0_lr0.01_bfull_s3,0.11212
338000,B_w5_K10000_c0.0_lr0.01_bfull_s4,0.0515858
338000,B_w5_K10000_c2.0_lr0.01_bfull_s0,0.0564935
338000,B_w5_K10000_c2.0_lr0.01_bfull_s1,0.0298166
338000,B_w5_K10000_c2.0_lr0.01_bfull_s2,0.0135213
338000,B_w5_K10000_c2.0_lr0.01_bfull_s3,0.164793
338000,B_w5_K10000_c2.0_lr0.01_bfull_s4,0.0207718
339000,B_w5_K10000_c0.0_lr0.01_bfull_s0,0.022686
339000,B_w5_K10000_c0.0_lr0.01_bfull_s1,0.0388026
339000,B_w5_K10000_c0.0_lr0.01_bfull_s2,0.0459078
339000,B_w5_K10000_c0.0_lr0.01_bfull_s3,0.0832218
339000,B_w5_K10000_c0.0_lr0.01_bfull_s4,0.050575
339000,B_w5_K10000_c2.0_lr0.01_bfull_s0,0.0549311
339000,B_w5_K10000_c2.0_lr0.01_bfull_s1,0.0293765
339000,B_w5_K10000_c2.0_lr0.01_bfull_s2,0.0116125
339000,B_w5_K10000_c2.0_lr0.01_bfull_s3,0.16359
339000,B_w5_K10000_c2.0_lr0.01_bfull_s4,0.0141
340000,B_w5_K10000_c0.0_lr0.01_bfull_s0,0.022542
340000,B_w5_K10000_c0.0_lr0.01_bfull_s1,0.0357566
340000,B_w5_K10000_c0.0_lr0.01_bfull_s2,0.0455946
340000,B_w5_K10000_c0.0_lr0.01_bfull_s3,0.0722664
340000,B_w5_K10000_c0.0_lr0.01_bfull_s4,0.0498315
340000,B_w5_K10000_c2.0_lr0.01_bfull_s0,0.0540269
340000,B_w5_K10000_c2.0_lr0.01_bfull_s1,0.0292223
340000,B_w5_K10000_c2.0_lr0.01_bfull_s2,0.0100293
340000,B_w5_K10000_c2.0_lr0.01_bfull_s3,0.161967
340000,B_w5_K10000_c2.0_lr0.01_bfull_s4,0.00905306
341000,B_w5_K10000_c0.0_lr0.01_bfull_s0,0.157739
341000,B_w5_K10000_c0.0_lr0.01_bfull_s1,0.176297
341000,B_w5_K10000_c0.0_lr0.01_bfull_s2,0.285773
341000,B_w5_K10000_c0.0_lr0.01_bfull_s3,0.194331
341000,B_w5_K10000_c0.0_lr0.01_bfull_s4,0.233896
341000,B_w5_K10000_c2.0_lr0.01_bfull_s0,0.176019
341000,B_w5_K10000_c2.0_lr0.01_bfull_s1,0.291167
341000,B_w5_K10000_c2.0_lr0.01_bfull_s2,0.193148
341000,B_w5_K10000_c2.0_lr0.01_bfull_s3,0.127715
341000,B_w5_K10000_c2.0_lr0.01_bfull_s4,0.476199
342000,B_w5_K10000_c0.0_lr0.01_bfull_s0,0.066826
342000,B_w5_K10000_c0.0_lr0.01_bfull_s1,0.14031
342000,B_w5_K10000_c0.0_lr0.01_bfull_s2,0.101967
342000,B_w5_K10000_c0.0_lr0.01_bfull_s3,0.160003
342000,B_w5_K10000_c0.0_lr0.01_bfull_s4,0.0190413
342000,B_w5_K10000_c2.0_lr0.01_bfull_s0,0.16049
342000,B_w5_K10000_c2.0_lr0.01_bfull_s1,0.205775
342000,B_w5_K10000_c2.0_lr0.01_bfull_s2,0.159701
342000,B_w5_K10000_c2.0_lr0.01_bfull_s3,0.0985611
342000,B_w5_K10000_c2.0_lr0.01_bfull_s4,0.163803
343000,B_w5_K10000_c0.0_lr0.01_bfull_s0,0.0501012
343000,B_w5_K10000_c0.0_lr0.01_bfull_s1,0.139992
343000,B_w5_K10000_c0.0_lr0.01_bfull_s2,0.0788868
343000,B_w5_K10000_c0.0_lr0.01_bfull_s3,0.143156
343000,B_w5_K10000_c0.0_lr0.01_bfull_s4,0.0102047
343000,B_w5_K10000_c2.0_lr0.01_bfull_s0,0.159901
343000,B_w5_K10000_c2.0_lr0.01_bfull_s1,0.202032
343000,B_w5_K10000_c2.0_lr0.01_bfull_s2,0.151307
343000,B_w5_K10000_c2.0_lr0.01_bfull_s3,0.0965244
343000,B_w5_K10000_c2.0_lr0.01_bfull_s4,0.0589825
344000,B_w5_K10000_c0.0_lr0.01_bfull_s0,0.0426157
344000,B_w5_K10000_c0.0_lr0.01_bfull_s1,0.139377
344000,B_w5_K10000_c0.0_lr0.01_bfull_s2,0.0741293
344000,B_w5_K10000_c0.0_lr0.01_bfull_s3,0.0908482
344000,B_w5_K10000_c0.0_lr0.01_bfull_s4,0.00911031
344000,B_w5_K10000_c2.0_lr0.01_bfull_s0,0.158037
344000,B_w5_K10000_c2.0_lr0.01_bfull_s1,0.198747
344000,B_w5_K10000_c2.0_lr0.01_bfull_s2,0.14275
344000,B_w5_K10000_c2.0_lr0.01_bfull_s3,0.0950628
344000,B_w5_K10000_c2.0_lr0.01_bfull_s4,0.0282614
345000,B_w5_K10000_c0.0_lr0.01_bfull_s0,0.0384386
345000,B_w5_K10000_c0.0_lr0.01_bfull_s1,0.138152
345000,B_w5_K10000_c0.0_lr0.01_bfull_s2,0.0697586
345000,B_w5_K10000_c0.0_lr0.01_bfull_s3,0.0408459
345000,B_w5_K10000_c0.0_lr0.01_bfull_s4,0.00883061
345000,B_w5_K10000_c2.0_lr0.01_bfull_s0,0.154243
345000,B_w5_K10000_c2.0_lr0.01_bfull_s1,0.194909
345000,B_w5_K10000_c2.0_lr0.01_bfull_s2,0.131854
345000,B_w5_K10000_c2.0_lr0.01_bfull_s3,0.0930821
345000,B_w5_K10000_c2.0_lr0.01_bfull_s4,0.0227761
346000,B_w5_K10000_c0.0_lr0.01_bfull_s0,0.0359007
346000,B_w5_K10000_c0.0_lr0.01_bfull_s1,0.137084
346000,B_w5_K10000_c0.0_lr0.01_bfull_s2,0.0626287
346000,B_w5_K10000_c0.0_lr0.01_bfull_s3,0.0289414
346000,B_w5_K10000_c0.0_lr0.01_bfull_s4,0.00871548
346000,B_w5_K10000_c2.0_lr0.01_bfull_s0,0.144337
346000,B_w5_K10000_c2.0_lr0.01_bfull_s1,0.188728
346000,B_w5_K10000_c2.0_lr0.01_bfull_s2,0.113919
346000,B_w5_K10000_c2.0_lr0.01_bfull_s3,0.0884441
346000,B_w5_K10000_c2.0_lr0.01_bfull_s4,0.0201046
347000,B_w5_K10000_c0.0_lr0.01_bfull_s0,0.0346109
347000,B_w5_K10000_c0.0_lr0.01_bfull_s1,0.135097
347000,B_w5_K10000_c0.0_lr0.01_bfull_s2,0.0481455
347000,B_w5_K10000_c0.0_lr0.01_bfull_s3,0.0271696
347000,B_w5_K10000_c0.0_lr0.01_bfull_s4,0.0085946
347000,B_w5_K10000_c2.0_lr0.01_bfull_s0,0.119656
347000,B_w5_K10000_c2.0_lr0.01_bfull_s1,0.181114
347000,B_w5_K10000_c2.0_lr0.01_bfull_s2,0.0867657
347000,B_w5_K10000_c2.0_lr0.01_bfull_s3,0.0799397
347000,B_w5_K10000_c2.0_lr0.01_bfull_s4,0.0180334
348000,B_w5_K10000_c0.0_lr0.01_bfull_s0,0.0338939
348000,B_w5_K10000_c0.0_lr0.01_bfull_s1,0.132366
348000,B_w5_K10000_c0.0_lr0.01_bfull_s2,0.0305876
348000,B_w5_K10000_c0.0_lr0.01_bfull_s3,0.0269056
348000,B_w5_K10000_c0.0_lr0.01_bfull_s4,0.00863133
348000,B_w5_K10000_c2.0_lr0.01_bfull_s0,0.0848159
348000,B_w5_K10000_c2.0_lr0.01_bfull_s1,0.167019
348000,B_w5_K10000_c2.0_lr0.01_bfull_s2,0.0663667
348000,B_w5_K10000_c2.0_lr0.01_bfull_s3,0.0670445
348000,B_w5_K10000_c2.0_lr0.01_bfull_s4,0.0159575
349000,B_w5_K10000_c0.0_lr0.01_bfull_s0,0.0335036
349000,B_w5_K10000_c0.0_lr0.01_bfull_s1,0.128644
349000,B_w5_K10000_c0.0_lr0.01_bfull_s2,0.0198548
349000,B_w5_K10000_c0.0_lr0.01_bfull_s3,0.0267751
349000,B_w5_K10000_c0.0_lr0.01_bfull_s4,0.00861303
349000,B_w5_K10000_c2.0_lr0.01_bfull_s0,0.0652399
349000,B_w5_K10000_c2.0_lr0.01_bfull_s1,0.136514
349000,B_w5_K10000_c2.0_lr0.01_bfull_s2,0.0548787
349000,B_w5_K10000_c2.0_lr0.01_bfull_s3,0.0583718
349000,B_w5_K10000_c2.0_lr0.01_bfull_s4,0.0141557
350000,B_w5_K10000_c0.0_lr0.01_bfull_s0,0.0332614
350000,B_w5_K10000_c0.0_lr0.01_bfull_s1,0.124816
350000,B_w5_K10000_c0.0_lr0.01_bfull_s2,0.0148461
350000,B_w5_K10000_c0.0_lr0.01_bfull_s3,0.0265086
350000,B_w5_K10000_c0.0_lr0.01_bfull_s4,0.00860907
350000,B_w5_K10000_c2.0_lr0.01_bfull_s0,0.0581596
350000,B_w5_K10000_c2.0_lr0.01_bfull_s1,0.0975971
350000,B_w5_K10000_c2.0_lr0.01_bfull_s2,0.0439345
350000,B_w5_K10000_c2.0_lr0.01_bfull_s3,0.0551854
350000,B_w5_K10000_c2.0_lr0.01_bfull_s4,0.0126272
351000,B_w5_K10000_c0.0_lr0.01_bfull_s0,0.168844
351000,B_w5_K10000_c0.0_lr0.01_bfull_s1,0.160709
351000,B_w5_K10000_c0.0_lr0.01_bfull_s2,0.280736
351000,B_w5_K10000_c0.0_lr0.01_bfull_s3,0.254783
351000,B_w5_K10000_c0.0_lr0.01_bfull_s4,0.259088
351000,B_w5_K10000_c2.0_lr0.01_bfull_s0,0.241046
351000,B_w5_K10000_c2.0_lr0.01_bfull_s1,0.252874
351000,B_w5_K10000_c2.0_lr0.01_bfull_s2,0.171366
351000,B_w5_K10000_c2.0_lr0.01_bfull_s3,0.0914808
351000,B_w5_K10000_c2.0_lr0.01_bfull_s4,0.243814
352000,B_w5_K10000_c0.0_lr0.01_bfull_s0,0.0758555
352000,B_w5_K10000_c0.0_lr0.01_bfull_s1,0.146464
352000,B_w5_K10000_c0.0_lr0.01_bfull_s2,0.113442
352000,B_w5_K10000_c0.0_lr0.01_bfull_s3,0.194559
352000,B_w5_K10000_c0.0_lr0.01_bfull_s4,0.128419
352000,B_w5_K10000_c2.0_lr0.01_bfull_s0,0.180728
352000,B_w5_K10000_c2.0_lr0.01_bfull_s1,0.0533025
352000,B_w5_K10000_c2.0_lr0.01_bfull_s2,0.141865
352000,B_w5_K10000_c2.0_lr0.01_bfull_s3,0.0778493
352000,B_w5_K10000_c2.0_lr0.01_bfull_s4,0.216145
353000,B_w5_K10000_c0.0_lr0.01_bfull_s0,0.0659036
353000,B_w5_K10000_c0.0_lr0.01_bfull_s1,0.143951
353000,B_w5_K10000_c0.0_lr0.01_bfull_s2,0.0995223
353000,B_w5_K10000_c0.0_lr0.01_bfull_s3,0.155474
353000,B_w5_K10000_c0.0_lr0.01_bfull_s4,0.104519
353000,B_w5_K10000_c2.0_lr0.01_bfull_s0,0.147656
353000,B_w5_K10000_c2.0_lr0.01_bfull_s1,0.0277079
353000,B_w5_K10000_c2.0_lr0.01_bfull_s2,0.133379
353000,B_w5_K10000_c2.0_lr0.01_bfull_s3,0.0775946
353000,B_w5_K10000_c2.0_lr0.01_bfull_s4,0.165919
354000,B_w5_K10000_c0.0_lr0.01_bfull_s0,0.0601618
354000,B_w5_K10000_c0.0_lr0.01_bfull_s1,0.135828
354000,B_w5_K10000_c0.0_lr0.01_bfull_s2,0.084671
354000,B_w5_K10000_c0.0_lr0.01_bfull_s3,0.146952
354000,B_w5_K10000_c0.0_lr0.01_bfull_s4,0.093761
354000,B_w5_K10000_c2.0_lr0.01_bfull_s0,0.114326
354000,B_w5_K10000_c2.0_lr0.01_bfull_s1,0.0197115
354000,B_w5_K10000_c2.0_lr0.01_bfull_s2,0.121432
354000,B_w5_K10000_c2.0_lr0.01_bfull_s3,0.0773681
354000,B_w5_K10000_c2.0_lr0.01_bfull_s4,0.122777
355000,B_w5_K10000_c0.0_lr0.01_bfull_s0,0.0537509
355000,B_w5_K10000_c0.0_lr0.01_bfull_s1,0.107599
355000,B_w5_K10000_c0.0_lr0.01_bfull_s2,0.0725954
355000,B_w5_K10000_c0.0_lr0.01_bfull_s3,0.145225
355000,B_w5_K10000_c0.0_lr0.01_bfull_s4,0.088915
355000,B_w5_K10000_c2.0_lr0.01_bfull_s0,0.0653798
355000,B_w5_K10000_c2.0_lr0.01_bfull_s1,0.0156252
355000,B_w5_K10000_c2.0_lr0.01_bfull_s2,0.11323
355000,B_w5_K10000_c2.0_lr0.01_bfull_s3,0.0771785
355000,B_w5_K10000_c2.0_lr0.01_bfull_s4,0.108663
356000,B_w5_K10000_c0.0_lr0.01_bfull_s0,0.0476767
356000,B_w5_K10000_c0.0_lr0.01_bfull_s1,0.0478674
356000,B_w5_K10000_c0.0_lr0.01_bfull_s2,0.0659569
356000,B_w5_K10000_c0.0_lr0.01_bfull_s3,0.143688
356000,B_w5_K10000_c0.0_lr0.01_bfull_s4,0.085282
356000,B_w5_K10000_c2.0_lr0.01_bfull_s0,0.0445048
356000,B_w5_K10000_c2.0_lr0.01_bfull_s1,0.0124657
356000,B_w5_K10000_c2.0_lr0.01_bfull_s2,0.108076
356000,B_w5_K10000_c2.0_lr0.01_bfull_s3,0.0771263
356000,B_w5_K10000_c2.0_lr0.01_bfull_s4,0.101712
357000,B_w5_K10000_c0.0_lr0.01_bfull_s0,0.0432631
357000,B_w5_K10000_c0.0_lr0.01_bfull_s1,0.0246037
357000,B_w5_K10000_c0.0_lr0.01_bfull_s2,0.0638207
357000,B_w5_K10000_c0.0_lr0.01_bfull_s3,0.142014
357000,B_w5_K10000_c0.0_lr0.01_bfull_s4,0.0814542
357000,B_w5_K10000_c2.0_lr0.01_bfull_s0,0.0344727
357000,B_w5_K10000_c2.0_lr0.01_bfull_s1,0.00986371
357000,B_w5_K10000_c2.0_lr0.01_bfull_s2,0.102212
357000,B_w5_K10000_c2.0_lr0.01_bfull_s3,0.0764973
357000,B_w5_K10000_c2.0_lr0.01_bfull_s4,0.0966276
358000,B_w5_K10000_c0.0_lr0.01_bfull_s0,0.0398732
358000,B_w5_K10000_c0.0_lr0.01_bfull_s1,0.0207947
358000,B_w5_K10000_c0.0_lr0.01_bfull_s2,0.0628296
358000,B_w5_K10000_c0.0_lr0.01_bfull_s3,0.138892
358000,B_w5_K10000_c0.0_lr0.01_bfull_s4,0.0754259
358000,B_w5_K10000_c2.0_lr0.01_bfull_s0,0.0214105
358000,B_w5_K10000_c2.0_lr0.01_bfull_s1,0.00805255
358000,B_w5_K10000_c2.0_lr0.01_bfull_s2,0.0906537
358000,B_w5_K10000_c2.0_lr0.01_bfull_s3,0.07583
358000,B_w5_K10000_c2.0_lr0.01_bfull_s4,0.090365
359000,B_w5_K10000_c0.0_lr0.01_bfull_s0,0.0365668
359000,B_w5_K10000_c0.0_lr0.01_bfull_s1,0.0187831
359000,B_w5_K10000_c0.0_lr0.01_bfull_s2,0.0626553
359000,B_w5_K10000_c0.0_lr0.01_bfull_s3,0.133521
359000,B_w5_K10000_c0.0_lr0.01_bfull_s4,0.0638508
359000,B_w5_K10000_c2.0_lr0.01_bfull_s0,0.0115997
359000,B_w5_K10000_c2.0_lr0.01_bfull_s1,0.00689191
359000,B_w5_K10000_c2.0_lr0.01_bfull_s2,0.0758407
359000,B_w5_K10000_c2.0_lr0.01_bfull_s3,0.0757516
359000,B_w5_K10000_c2.0_lr0.01_bfull_s4,0.0841412
360000,B_w5_K10000_c0.0_lr0.01_bfull_s0,0.0335922
360000,B_w5_K10000_c0.0_lr0.01_bfull_s1,0.0174219
360000,B_w5_K10000_c0.0_lr0.01_bfull_s2,0.0625729
360000,B_w5_K10000_c0.0_lr0.01_bfull_s3,0.120837
360000,B_w5_K10000_c0.0_lr0.01_bfull_s4,0.0411218
360000,B_w5_K10000_c2.0_lr0.01_bfull_s0,0.00829506
360000,B_w5_K10000_c2.0_lr0.01_bfull_s1,0.00621008
360000,B_w5_K10000_c2.0_lr0.01_bfull_s2,0.0681538
360000,B_w5_K10000_c2.0_lr0.01_bfull_s3,0.0750909
360000,B_w5_K10000_c2.0_lr0.01_bfull_s4,0.0762453
361000,B_w5_K10000_c0.0_lr0.01_bfull_s0,0.444945
361000,B_w5_K10000_c0.0_lr0.01_bfull_s1,0.16252
361000,B_w5_K10000_c0.0_lr0.01_bfull_s2,0.598476
361000,B_w5_K10000_c0.0_lr0.01_bfull_s3,0.419427
361000,B_w5_K10000_c0.0_lr0.01_bfull_s4,0.0804519
361000,B_w5_K10000_c2.0_lr0.01_bfull_s0,0.208295
361000,B_w5_K10000_c2.0_lr0.01_bfull_s1,0.491955
361000,B_w5_K10000_c2.0_lr0.01_bfull_s2,0.10593
361000,B_w5_K10000_c2.0_lr0.01_bfull_s3,0.254686
361000,B_w5_K10000_c2.0_lr0.01_bfull_s4,0.182972
362000,B_w5_K10000_c0.0_lr0.01_bfull_s0,0.158294
362000,B_w5_K10000_c0.0_lr0.01_bfull_s1,0.135757
362000,B_w5_K10000_c0.0_lr0.01_bfull_s2,0.205954
362000,B_w5_K10000_c0.0_lr0.01_bfull_s3,0.3684
362000,B_w5_K10000_c0.0_lr0.01_bfull_s4,0.0376161
362000,B_w5_K10000_c2.0_lr0.01_bfull_s0,0.157569
362000,B_w5_K10000_c2.0_lr0.01_bfull_s1,0.186681
362000,B_w5_K10000_c2.0_lr0.01_bfull_s2,0.078058
362000,B_w5_K10000_c2.0_lr0.01_bfull_s3,0.235158
362000,B_w5_K10000_c2.0_lr0.01_bfull_s4,0.0642594
363000,B_w5_K10000_c0.0_lr0.01_bfull_s0,0.123304
363000,B_w5_K10000_c0.0_lr0.01_bfull_s1,0.134941
363000,B_w5_K10000_c0.0_lr0.01_bfull_s2,0.162553
363000,B_w5_K10000_c0.0_lr0.01_bfull_s3,0.336842
363000,B_w5_K10000_c0.0_lr0.01_bfull_s4,0.0283598
363000,B_w5_K10000_c2.0_lr0.01_bfull_s0,0.153336
363000,B_w5_K10000_c2.0_lr0.01_bfull_s1,0.0744994
363000,B_w5_K10000_c2.0_lr0.01_bfull_s2,0.0776985
363000,B_w5_K10000_c2.0_lr0.01_bfull_s3,0.230722
363000,B_w5_K10000_c2.0_lr0.01_bfull_s4,0.0556706
364000,B_w5_K10000_c0.0_lr0.01_bfull_s0,0.103855
364000,B_w5_K10000_c0.0_lr0.01_bfull_s1,0.133187
364000,B_w5_K10000_c0.0_lr0.01_bfull_s2,0.14994
364000,B_w5_K10000_c0.0_lr0.01_bfull_s3,0.232786
364000,B_w5_K10000_c0.0_lr0.01_bfull_s4,0.0238692
364000,B_w5_K10000_c2.0_lr0.01_bfull_s0,0.143637
364000,B_w5_K10000_c2.0_lr0.01_bfull_s1,0.0395193
364000,B_w5_K10000_c2.0_lr0.01_bfull_s2,0.0773868
364000,B_w5_K10000_c2.0_lr0.01_bfull_s3,0.214931
364000,B_w5_K10000_c2.0_lr0.01_bfull_s4,0.0515399
365000,B_w5_K10000_c0.0_lr0.01_bfull_s0,0.0827954
365000,B_w5_K10000_c0.0_lr0.01_bfull_s1,0.130825
365000,B_w5_K10000_c0.0_lr0.01_bfull_s2,0.147352
365000,B_w5_K10000_c0.0_lr0.01_bfull_s3,0.154421
365000,B_w5_K10000_c0.0_lr0.01_bfull_s4,0.0204294
365000,B_w5_K10000_c2.0_lr0.01_bfull_s0,0.111974
365000,B_w5_K10000_c2.0_lr0.01_bfull_s1,0.021131
365000,B_w5_K10000_c2.0_lr0.01_bfull_s2,0.0766906
365000,B_w5_K10000_c2.0_lr0.01_bfull_s3,0.175949
365000,B_w5_K10000_c2.0_lr0.01_bfull_s4,0.0478052
366000,B_w5_K10000_c0.0_lr0.01_bfull_s0,0.0531137
366000,B_w5_K10000_c0.0_lr0.01_bfull_s1,0.125333
366000,B_w5_K10000_c0.0_lr0.01_bfull_s2,0.146282
366000,B_w5_K10000_c0.0_lr0.01_bfull_s3,0.128113
366000,B_w5_K10000_c0.0_lr0.01_bfull_s4,0.0173729
366000,B_w5_K10000_c2.0_lr0.01_bfull_s0,0.0719888
366000,B_w5_K10000_c2.0_lr0.01_bfull_s1,0.0105521
366000,B_w5_K10000_c2.0_lr0.01_bfull_s2,0.0755516
366000,B_w5_K10000_c2.0_lr0.01_bfull_s3,0.151631
366000,B_w5_K10000_c2.0_lr0.01_bfull_s4,0.0436431
367000,B_w5_K10000_c0.0_lr0.01_bfull_s0,0.0279101
367000,B_w5_K10000_c0.0_lr0.01_bfull_s1,0.115519
367000,B_w5_K10000_c0.0_lr0.01_bfull_s2,0.145133
367000,B_w5_K10000_c0.0_lr0.01_bfull_s3,0.114273
367000,B_w5_K10000_c0.0_lr0.01_bfull_s4,0.0147139
367000,B_w5_K10000_c2.0_lr0.01_bfull_s0,0.0629006
367000,B_w5_K10000_c2.0_lr0.01_bfull_s1,0.00618367
367000,B_w5_K10000_c2.0_lr0.01_bfull_s2,0.0737172
367000,B_w5_K10000_c2.0_lr0.01_bfull_s3,0.137868
367000,B_w5_K10000_c2.0_lr0.01_bfull_s4,0.0376687
368000,B_w5_K10000_c0.0_lr0.01_bfull_s0,0.0168386
368000,B_w5_K10000_c0.0_lr0.01_bfull_s1,0.102857
368000,B_w5_K10000_c0.0_lr0.01_bfull_s2,0.144301
368000,B_w5_K10000_c0.0_lr0.01_bfull_s3,0.0822424
368000,B_w5_K10000_c0.0_lr0.01_bfull_s4,0.012668
368000,B_w5_K10000_c2.0_lr0.01_bfull_s0,0.061159
368000,B_w5_K10000_c2.0_lr0.01_bfull_s1,0.00476877
368000,B_w5_K10000_c2.0_lr0.01_bfull_s2,0.0690156
368000,B_w5_K10000_c2.0_lr0.01_bfull_s3,0.107361
368000,B_w5_K10000_c2.0_lr0.01_bfull_s4,0.0305271
369000,B_w5_K10000_c0.0_lr0.01_bfull_s0,0.0128472
369000,B_w5_K10000_c0.0_lr0.01_bfull_s1,0.0929815
369000,B_w5_K10000_c0.0_lr0.01_bfull_s2,0.14363
369000,B_w5_K10000_c0.0_lr0.01_bfull_s3,0.0409518
369000,B_w5_K10000_c0.0_lr0.01_bfull_s4,0.0113186
369000,B_w5_K10000_c2.0_lr0.01_bfull_s0,0.0590735
369000,B_w5_K10000_c2.0_lr0.01_bfull_s1,0.00430579
369000,B_w5_K10000_c2.0_lr0.01_bfull_s2,0.0587636
369000,B_w5_K10000_c2.0_lr0.01_bfull_s3,0.0818524
369000,B_w5_K10000_c2.0_lr0.01_bfull_s4,0.0236353
370000,B_w5_K10000_c0.0_lr0.01_bfull_s0,0.0111023
370000,B_w5_K10000_c0.0_lr0.01_bfull_s1,0.0883339
370000,B_w5_K10000_c0.0_lr0.01_bfull_s2,0.142504
370000,B_w5_K10000_c0.0_lr0.01_bfull_s3,0.030069
370000,B_w5_K10000_c0.0_lr0.01_bfull_s4,0.0104531
370000,B_w5_K10000_c2.0_lr0.01_bfull_s0,0.0559088
370000,B_w5_K10000_c2.0_lr0.01_bfull_s1,0.00412496
370000,B_w5_K10000_c2.0_lr0.01_bfull_s2,0.0447592
370000,B_w5_K10000_c2.0_lr0.01_bfull_s3,0.0775081
370000,B_w5_K10000_c2.0_lr0.01_bfull_s4,0.0187423
371000,B_w5_K10000_c0.0_lr0.01_bfull_s0,0.455901
371000,B_w5_K10000_c0.0_lr0.01_bfull_s1,0.0869181
371000,B_w5_K10000_c0.0_lr0.01_bfull_s2,0.410066
371000,B_w5_K10000_c0.0_lr0.01_bfull_s3,0.224677
371000,B_w5_K10000_c0.0_lr0.01_bfull_s4,0.389196
371000,B_w5_K10000_c2.0_lr0.01_bfull_s0,0.0813809
371000,B_w5_K10000_c2.0_lr0.01_bfull_s1,0.170529
371000,B_w5_K10000_c2.0_lr0.01_bfull_s2,0.232721
371000,B_w5_K10000_c2.0_lr0.01_bfull_s3,0.179263
371000,B_w5_K10000_c2.0_lr0.01_bfull_s4,0.2644
372000,B_w5_K10000_c0.0_lr0.01_bfull_s0,0.174028
372000,B_w5_K10000_c0.0_lr0.01_bfull_s1,0.072145
372000,B_w5_K10000_c0.0_lr0.01_bfull_s2,0.134902
372000,B_w5_K10000_c0.0_lr0.01_bfull_s3,0.173323
372000,B_w5_K10000_c0.0_lr0.01_bfull_s4,0.100345
372000,B_w5_K10000_c2.0_lr0.01_bfull_s0,0.0649965
372000,B_w5_K10000_c2.0_lr0.01_bfull_s1,0.0706527
372000,B_w5_K10000_c2.0_lr0.01_bfull_s2,0.209104
372000,B_w5_K10000_c2.0_lr0.01_bfull_s3,0.139039
372000,B_w5_K10000_c2.0_lr0.01_bfull_s4,0.151609
373000,B_w5_K10000_c0.0_lr0.01_bfull_s0,0.121991
373000,B_w5_K10000_c0.0_lr0.01_bfull_s1,0.0697415
373000,B_w5_K10000_c0.0_lr0.01_bfull_s2,0.106755
373000,B_w5_K10000_c0.0_lr0.01_bfull_s3,0.172498
373000,B_w5_K10000_c0.0_lr0.01_bfull_s4,0.076372
373000,B_w5_K10000_c2.0_lr0.01_bfull_s0,0.0644527
373000,B_w5_K10000_c2.0_lr0.01_bfull_s1,0.0676923
373000,B_w5_K10000_c2.0_lr0.01_bfull_s2,0.204864
373000,B_w5_K10000_c2.0_lr0.01_bfull_s3,0.138294
373000,B_w5_K10000_c2.0_lr0.01_bfull_s4,0.11422
374000,B_w5_K10000_c0.0_lr0.01_bfull_s0,0.0923487
374000,B_w5_K10000_c0.0_lr0.01_bfull_s1,0.0639788
374000,B_w5_K10000_c0.0_lr0.01_bfull_s2,0.0946536
374000,B_w5_K10000_c0.0_lr0.01_bfull_s3,0.172799
374000,B_w5_K10000_c0.0_lr0.01_bfull_s4,0.0698946
374000,B_w5_K10000_c2.0_lr0.01_bfull_s0,0.0638216
374000,B_w5_K10000_c2.0_lr0.01_bfull_s1,0.0650529
374000,B_w5_K10000_c2.0_lr0.01_bfull_s2,0.194974
374000,B_w5_K10000_c2.0_lr0.01_bfull_s3,0.136471
374000,B_w5_K10000_c2.0_lr0.01_bfull_s4,0.0954097
375000,B_w5_K10000_c0.0_lr0.01_bfull_s0,0.084403
375000,B_w5_K10000_c0.0_lr0.01_bfull_s1,0.052185
375000,B_w5_K10000_c0.0_lr0.01_bfull_s2,0.0680568
375000,B_w5_K10000_c0.0_lr0.01_bfull_s3,0.172799
375000,B_w5_K10000_c0.0_lr0.01_bfull_s4,0.0667045
375000,B_w5_K10000_c2.0_lr0.01_bfull_s0,0.0633417
375000,B_w5_K10000_c2.0_lr0.01_bfull_s1,0.0592113
375000,B_w5_K10000_c2.0_lr0.01_bfull_s2,0.161512
375000,B_w5_K10000_c2.0_lr0.01_bfull_s3,0.13157
375000,B_w5_K10000_c2.0_lr0.01_bfull_s4,0.0903539
376000,B_w5_K10000_c0.0_lr0.01_bfull_s0,0.0815488
376000,B_w5_K10000_c0.0_lr0.01_bfull_s1,0.0395203
376000,B_w5_K10000_c0.0_lr0.01_bfull_s2,0.0371455
376000,B_w5_K10000_c0.0_lr0.01_bfull_s3,0.172782
376000,B_w5_K10000_c0.0_lr0.01_bfull_s4,0.063261
376000,B_w5_K10000_c2.0_lr0.01_bfull_s0,0.0629537
376000,B_w5_K10000_c2.0_lr0.01_bfull_s1,0.0484854
376000,B_w5_K10000_c2.0_lr0.01_bfull_s2,0.108849
376000,B_w5_K10000_c2.0_lr0.01_bfull_s3,0.117113
376000,B_w5_K10000_c2.0_lr0.01_bfull_s4,0.0872025
377000,B_w5_K10000_c0.0_lr0.01_bfull_s0,0.0777414
377000,B_w5_K10000_c0.0_lr0.01_bfull_s1,0.034462
377000,B_w5_K10000_c0.0_lr0.01_bfull_s2,0.0269598
377000,B_w5_K10000_c0.0_lr0.01_bfull_s3,0.172035
377000,B_w5_K10000_c0.0_lr0.01_bfull_s4,0.0580713
377000,B_w5_K10000_c2.0_lr0.01_bfull_s0,0.0622059
377000,B_w5_K10000_c2.0_lr0.01_bfull_s1,0.0349586
377000,B_w5_K10000_c2.0_lr0.01_bfull_s2,0.0935756
377000,B_w5_K10000_c2.0_lr0.01_bfull_s3,0.0883378
377000,B_w5_K10000_c2.0_lr0.01_bfull_s4,0.0828177
378000,B_w5_K10000_c0.0_lr0.01_bfull_s0,0.0699712
378000,B_w5_K10000_c0.0_lr0.01_bfull_s1,0.0336142
378000,B_w5_K10000_c0.0_lr0.01_bfull_s2,0.0255162
378000,B_w5_K10000_c0.0_lr0.01_bfull_s3,0.171668
378000,B_w5_K10000_c0.0_lr0.01_bfull_s4,0.0510659
378000,B_w5_K10000_c2.0_lr0.01_bfull_s0,0.0614607
378000,B_w5_K10000_c2.0_lr0.01_bfull_s1,0.0251625
378000,B_w5_K10000_c2.0_lr0.01_bfull_s2,0.0909464
378000,B_w5_K10000_c2.0_lr0.01_bfull_s3,0.0713533
378000,B_w5_K10000_c2.0_lr0.01_bfull_s4,0.0768907
379000,B_w5_K10000_c0.0_lr0.01_bfull_s0,0.0521734
379000,B_w5_K10000_c0.0_lr0.01_bfull_s1,0.0332612
379000,B_w5_K10000_c0.0_lr0.01_bfull_s2,0.0254615
379000,B_w5_K10000_c0.0_lr0.01_bfull_s3,0.171076
379000,B_w5_K10000_c0.0_lr0.01_bfull_s4,0.042994
379000,B_w5_K10000_c2.0_lr0.01_bfull_s0,0.0602065
379000,B_w5_K10000_c2.0_lr0.01_bfull_s1,0.0205276
379000,B_w5_K10000_c2.0_lr0.01_bfull_s2,0.0898838
379000,B_w5_K10000_c2.0_lr0.01_bfull_s3,0.0668637
379000,B_w5_K10000_c2.0_lr0.01_bfull_s4,0.0687206
380000,B_w5_K10000_c0.0_lr0.01_bfull_s0,0.0292758
380000,B_w5_K10000_c0.0_lr0.01_bfull_s1,0.0329001
380000,B_w5_K10000_c0.0_lr0.01_bfull_s2,0.0253296
380000,B_w5_K10000_c0.0_lr0.01_bfull_s3,0.170505
380000,B_w5_K10000_c0.0_lr0.01_bfull_s4,0.0360581
380000,B_w5_K10000_c2.0_lr0.01_bfull_s0,0.0590697
380000,B_w5_K10000_c2.0_lr0.01_bfull_s1,0.0180324
380000,B_w5_K10000_c2.0_lr0.01_bfull_s2,0.0894987
380000,B_w5_K10000_c2.0_lr0.01_bfull_s3,0.0627168
380000,B_w5_K10000_c2.0_lr0.01_bfull_s4,0.058764
381000,B_w5_K10000_c0.0_lr0.01_bfull_s0,0.208658
381000,B_w5_K10000_c0.0_lr0.01_bfull_s1,0.217076
381000,B_w5_K10000_c0.0_lr0.01_bfull_s2,0.295622
381000,B_w5_K10000_c0.0_lr0.01_bfull_s3,0.101696
381000,B_w5_K10000_c0.0_lr0.01_bfull_s4,0.276836
381000,B_w5_K10000_c2.0_lr0.01_bfull_s0,0.39214
381000,B_w5_K10000_c2.0_lr0.01_bfull_s1,0.247045
381000,B_w5_K10000_c2.0_lr0.01_bfull_s2,0.147332
381000,B_w5_K10000_c2.0_lr0.01_bfull_s3,0.0923892
381000,B_w5_K10000_c2.0_lr0.01_bfull_s4,0.198768
382000,B_w5_K10000_c0.0_lr0.01_bfull_s0,0.0725449
382000,B_w5_K10000_c0.0_lr0.01_bfull_s1,0.201443
382000,B_w5_K10000_c0.0_lr0.01_bfull_s2,0.134282
382000,B_w5_K10000_c0.0_lr0.01_bfull_s3,0.0901068
382000,B_w5_K10000_c0.0_lr0.01_bfull_s4,0.0723034
382000,B_w5_K10000_c2.0_lr0.01_bfull_s0,0.35888
382000,B_w5_K10000_c2.0_lr0.01_bfull_s1,0.0611857
382000,B_w5_K10000_c2.0_lr0.01_bfull_s2,0.122583
382000,B_w5_K10000_c2.0_lr0.01_bfull_s3,0.0724367
382000,B_w5_K10000_c2.0_lr0.01_bfull_s4,0.114328
383000,B_w5_K10000_c0.0_lr0.01_bfull_s0,0.0646815
383000,B_w5_K10000_c0.0_lr0.01_bfull_s1,0.198793
383000,B_w5_K10000_c0.0_lr0.01_bfull_s2,0.0501081
383000,B_w5_K10000_c0.0_lr0.01_bfull_s3,0.0892462
383000,B_w5_K10000_c0.0_lr0.01_bfull_s4,0.0538185
383000,B_w5_K10000_c2.0_lr0.01_bfull_s0,0.330993
383000,B_w5_K10000_c2.0_lr0.01_bfull_s1,0.0293506
383000,B_w5_K10000_c2.0_lr0.01_bfull_s2,0.116343
383000,B_w5_K10000_c2.0_lr0.01_bfull_s3,0.0718525
383000,B_w5_K10000_c2.0_lr0.01_bfull_s4,0.102002
384000,B_w5_K10000_c0.0_lr0.01_bfull_s0,0.0579363
384000,B_w5_K10000_c0.0_lr0.01_bfull_s1,0.19462
384000,B_w5_K10000_c0.0_lr0.01_bfull_s2,0.0272154
384000,B_w5_K10000_c0.0_lr0.01_bfull_s3,0.0880436
384000,B_w5_K10000_c0.0_lr0.01_bfull_s4,0.0455484
384000,B_w5_K10000_c2.0_lr0.01_bfull_s0,0.276137
384000,B_w5_K10000_c2.0_lr0.01_bfull_s1,0.0227851
384000,B_w5_K10000_c2.0_lr0.01_bfull_s2,0.0981039
384000,B_w5_K10000_c2.0_lr0.01_bfull_s3,0.0711413
384000,B_w5_K10000_c2.0_lr0.01_bfull_s4,0.091834
385000,B_w5_K10000_c0.0_lr0.01_bfull_s0,0.0529405
385000,B_w5_K10000_c0.0_lr0.01_bfull_s1,0.182061
385000,B_w5_K10000_c0.0_lr0.01_bfull_s2,0.0215039
385000,B_w5_K10000_c0.0_lr0.01_bfull_s3,0.0850779
385000,B_w5_K10000_c0.0_lr0.01_bfull_s4,0.0380461
385000,B_w5_K10000_c2.0_lr0.01_bfull_s0,0.165664
385000,B_w5_K10000_c2.0_lr0.01_bfull_s1,0.0217945
385000,B_w5_K10000_c2.0_lr0.01_bfull_s2,0.0595097
385000,B_w5_K10000_c2.0_lr0.01_bfull_s3,0.0701813
385000,B_w5_K10000_c2.0_lr0.01_bfull_s4,0.0771781
386000,B_w5_K10000_c0.0_lr0.01_bfull_s0,0.0498835
386000,B_w5_K10000_c0.0_lr0.01_bfull_s1,0.14904
386000,B_w5_K10000_c0.0_lr0.01_bfull_s2,0.0170614
386000,B_w5_K10000_c0.0_lr0.01_bfull_s3,0.0809012
386000,B_w5_K10000_c0.0_lr0.01_bfull_s4,0.0330752
386000,B_w5_K10000_c2.0_lr0.01_bfull_s0,0.11376
386000,B_w5_K10000_c2.0_lr0.01_bfull_s1,0.0217261
386000,B_w5_K10000_c2.0_lr0.01_bfull_s2,0.0320366
386000,B_w5_K10000_c2.0_lr0.01_bfull_s3,0.0684927
386000,B_w5_K10000_c2.0_lr0.01_bfull_s4,0.0568728
387000,B_w5_K10000_c0.0_lr0.01_bfull_s0,0.0485229
387000,B_w5_K10000_c0.0_lr0.01_bfull_s1,0.116577
387000,B_w5_K10000_c0.0_lr0.01_bfull_s2,0.013595
387000,B_w5_K10000_c0.0_lr0.01_bfull_s3,0.0743288
387000,B_w5_K10000_c0.0_lr0.01_bfull_s4,0.0294512
387000,B_w5_K10000_c2.0_lr0.01_bfull_s0,0.106683
387000,B_w5_K10000_c2.0_lr0.01_bfull_s1,0.0216299
387000,B_w5_K10000_c2.0_lr0.01_bfull_s2,0.0207254
387000,B_w5_K10000_c2.0_lr0.01_bfull_s3,0.0660233
387000,B_w5_K10000_c2.0_lr0.01_bfull_s4,0.0401666
388000,B_w5_K10000_c0.0_lr0.01_bfull_s0,0.0477642
388000,B_w5_K10000_c0.0_lr0.01_bfull_s1,0.108012
388000,B_w5_K10000_c0.0_lr0.01_bfull_s2,0.0112089
388000,B_w5_K10000_c0.0_lr0.01_bfull_s3,0.0674839
388000,B_w5_K10000_c0.0_lr0.01_bfull_s4,0.0264799
388000,B_w5_K10000_c2.0_lr0.01_bfull_s0,0.104693
388000,B_w5_K10000_c2.0_lr0.01_bfull_s1,0.0215526
388000,B_w5_K10000_c2.0_lr0.01_bfull_s2,0.0174981
388000,B_w5_K10000_c2.0_lr0.01_bfull_s3,0.0618447
388000,B_w5_K10000_c2.0_lr0.01_bfull_s4,0.0311003
389000,B_w5_K10000_c0.0_lr0.01_bfull_s0,0.0474712
389000,B_w5_K10000_c0.0_lr0.01_bfull_s1,0.106339
389000,B_w5_K10000_c0.0_lr0.01_bfull_s2,0.00982829
389000,B_w5_K10000_c0.0_lr0.01_bfull_s3,0.0625219
389000,B_w5_K10000_c0.0_lr0.01_bfull_s4,0.0241131
389000,B_w5_K10000_c2.0_lr0.01_bfull_s0,0.102839
389000,B_w5_K10000_c2.0_lr0.01_bfull_s1,0.0216132
389000,B_w5_K10000_c2.0_lr0.01_bfull_s2,0.0168773
389000,B_w5_K10000_c2.0_lr0.01_bfull_s3,0.055927
389000,B_w5_K10000_c2.0_lr0.01_bfull_s4,0.0263178
390000,B_w5_K10000_c0.0_lr0.01_bfull_s0,0.0467739
390000,B_w5_K10000_c0.0_lr0.01_bfull_s1,0.10397
390000,B_w5_K10000_c0.0_lr0.01_bfull_s2,0.00899641
390000,B_w5_K10000_c0.0_lr0.01_bfull_s3,0.0595603
390000,B_w5_K10000_c0.0_lr0.01_bfull_s4,0.02206
390000,B_w5_K10000_c2.0_lr0.01_bfull_s0,0.101543
390000,B_w5_K10000_c2.0_lr0.01_bfull_s1,0.0215997
390000,B_w5_K10000_c2.0_lr0.01_bfull_s2,0.0167533
390000,B_w5_K10000_c2.0_lr0.01_bfull_s3,0.0474036
390000,B_w5_K10000_c2.0_lr0.01_bfull_s4,0.023381
391000,B_w5_K10000_c0.0_lr0.01_bfull_s0,0.287853
391000,B_w5_K10000_c0.0_lr0.01_bfull_s1,0.390432
391000,B_w5_K10000_c0.0_lr0.01_bfull_s2,0.390078
391000,B_w5_K10000_c0.0_lr0.01_bfull_s3,0.123058
391000,B_w5_K10000_c0.0_lr0.01_bfull_s4,0.261891
391000,B_w5_K10000_c2.0_lr0.01_bfull_s0,0.220785
391000,B_w5_K10000_c2.0_lr0.01_bfull_s1,0.192794
391000,B_w5_K10000_c2.0_lr0.01_bfull_s2,0.124851
391000,B_w5_K10000_c2.0_lr0.01_bfull_s3,0.0661487
391000,B_w5_K10000_c2.0_lr0.01_bfull_s4,0.117634
392000,B_w5_K10000_c0.0_lr0.01_bfull_s0,0.14478
392000,B_w5_K10000_c0.0_lr0.01_bfull_s1,0.34117
392000,B_w5_K10000_c0.0_lr0.01_bfull_s2,0.170184
392000,B_w5_K10000_c0.0_lr0.01_bfull_s3,0.10912
392000,B_w5_K10000_c0.0_lr0.01_bfull_s4,0.0746836
392000,B_w5_K10000_c2.0_lr0.01_bfull_s0,0.112841
392000,B_w5_K10000_c2.0_lr0.01_bfull_s1,0.04419
392000,B_w5_K10000_c2.0_lr0.01_bfull_s2,0.0981912
392000,B_w5_K10000_c2.0_lr0.01_bfull_s3,0.0525723
392000,B_w5_K10000_c2.0_lr0.01_bfull_s4,0.0772053
393000,B_w5_K10000_c0.0_lr0.01_bfull_s0,0.0999945
393000,B_w5_K10000_c0.0_lr0.01_bfull_s1,0.334976
393000,B_w5_K10000_c0.0_lr0.01_bfull_s2,0.103362
393000,B_w5_K10000_c0.0_lr0.01_bfull_s3,0.108919
393000,B_w5_K10000_c0.0_lr0.01_bfull_s4,0.0471859
393000,B_w5_K10000_c2.0_lr0.01_bfull_s0,0.0854959
393000,B_w5_K10000_c2.0_lr0.01_bfull_s1,0.025016
393000,B_w5_K10000_c2.0_lr0.01_bfull_s2,0.0937268
393000,B_w5_K10000_c2.0_lr0.01_bfull_s3,0.0499435
393000,B_w5_K10000_c2.0_lr0.01_bfull_s4,0.0721415
394000,B_w5_K10000_c0.0_lr0.01_bfull_s0,0.0621016
394000,B_w5_K10000_c0.0_lr0.01_bfull_s1,0.291826
394000,B_w5_K10000_c0.0_lr0.01_bfull_s2,0.0727527
394000,B_w5_K10000_c0.0_lr0.01_bfull_s3,0.108861
394000,B_w5_K10000_c0.0_lr0.01_bfull_s4,0.0412684
394000,B_w5_K10000_c2.0_lr0.01_bfull_s0,0.0816247
394000,B_w5_K10000_c2.0_lr0.01_bfull_s1,0.0210891
394000,B_w5_K10000_c2.0_lr0.01_bfull_s2,0.087569
394000,B_w5_K10000_c2.0_lr0.01_bfull_s3,0.0454649
394000,B_w5_K10000_c2.0_lr0.01_bfull_s4,0.0678859
395000,B_w5_K10000_c0.0_lr0.01_bfull_s0,0.0434278
395000,B_w5_K10000_c0.0_lr0.01_bfull_s1,0.150317
395000,B_w5_K10000_c0.0_lr0.01_bfull_s2,0.0636968
395000,B_w5_K10000_c0.0_lr0.01_bfull_s3,0.109257
395000,B_w5_K10000_c0.0_lr0.01_bfull_s4,0.0399083
395000,B_w5_K10000_c2.0_lr0.01_bfull_s0,0.0800471
395000,B_w5_K10000_c2.0_lr0.01_bfull_s1,0.0200153
395000,B_w5_K10000_c2.0_lr0.01_bfull_s2,0.0820359
395000,B_w5_K10000_c2.0_lr0.01_bfull_s3,0.037774
395000,B_w5_K10000_c2.0_lr0.01_bfull_s4,0.0635764
396000,B_w5_K10000_c0.0_lr0.01_bfull_s0,0.0376138
396000,B_w5_K10000_c0.0_lr0.01_bfull_s1,0.123187
396000,B_w5_K10000_c0.0_lr0.01_bfull_s2,0.0604777
396000,B_w5_K10000_c0.0_lr0.01_bfull_s3,0.108915
396000,B_w5_K10000_c0.0_lr0.01_bfull_s4,0.0393103
396000,B_w5_K10000_c2.0_lr0.01_bfull_s0,0.0792745
396000,B_w5_K10000_c2.0_lr0.01_bfull_s1,0.0197133
396000,B_w5_K10000_c2.0_lr0.01_bfull_s2,0.0791008
396000,B_w5_K10000_c2.0_lr0.01_bfull_s3,0.0281461
396000,B_w5_K10000_c2.0_lr0.01_bfull_s4,0.0595799
397000,B_w5_K10000_c0.0_lr0.01_bfull_s0,0.035557
397000,B_w5_K10000_c0.0_lr0.01_bfull_s1,0.112031
397000,B_w5_K10000_c0.0_lr0.01_bfull_s2,0.0579719
397000,B_w5_K10000_c0.0_lr0.01_bfull_s3,0.108897
397000,B_w5_K10000_c0.0_lr0.01_bfull_s4,0.038799
397000,B_w5_K10000_c2.0_lr0.01_bfull_s0,0.0783726
397000,B_w5_K10000_c2.0_lr0.01_bfull_s1,0.0196674
397000,B_w5_K10000_c2.0_lr0.01_bfull_s2,0.0775689
397000,B_w5_K10000_c2.0_lr0.01_bfull_s3,0.0205978
397000,B_w5_K10000_c2.0_lr0.01_bfull_s4,0.0564179
398000,B_w5_K10000_c0.0_lr0.01_bfull_s0,0.0349348
398000,B_w5_K10000_c0.0_lr0.01_bfull_s1,0.0930839
398000,B_w5_K10000_c0.0_lr0.01_bfull_s2,0.0553559
398000,B_w5_K10000_c0.0_lr0.01_bfull_s3,0.108446
398000,B_w5_K10000_c0.0_lr0.01_bfull_s4,0.0380799
398000,B_w5_K10000_c2.0_lr0.01_bfull_s0,0.0771578
398000,B_w5_K10000_c2.0_lr0.01_bfull_s1,0.0194947
398000,B_w5_K10000_c2.0_lr0.01_bfull_s2,0.075877
398000,B_w5_K10000_c2.0_lr0.01_bfull_s3,0.0171836
398000,B_w5_K10000_c2.0_lr0.01_bfull_s4,0.0541197
399000,B_w5_K10000_c0.0_lr0.01_bfull_s0,0.0341661
399000,B_w5_K10000_c0.0_lr0.01_bfull_s1,0.0688174
399000,B_w5_K10000_c0.0_lr0.01_bfull_s2,0.0518767
399000,B_w5_K10000_c0.0_lr0.01_bfull_s3,0.108047
399000,B_w5_K10000_c0.0_lr0.01_bfull_s4,0.037248
399000,B_w5_K10000_c2.0_lr0.01_bfull_s0,0.0749217
399000,B_w5_K10000_c2.0_lr0.01_bfull_s1,0.019486
399000,B_w5_K10000_c2.0_lr0.01_bfull_s2,0.0742677
399000,B_w5_K10000_c2.0_lr0.01_bfull_s3,0.0160927
399000,B_w5_K10000_c2.0_lr0.01_bfull_s4,0.0527562
400000,B_w5_K10000_c0.0_lr0.01_bfull_s0,0.0341536
400000,B_w5_K10000_c0.0_lr0.01_bfull_s1,0.0557119
400000,B_w5_K10000_c0.0_lr0.01_bfull_s2,0.0464371
400000,B_w5_K10000_c0.0_lr0.01_bfull_s3,0.107714
400000,B_w5_K10000_c0.0_lr0.01_bfull_s4,0.036098
400000,B_w5_K10000_c2.0_lr0.01_bfull_s0,0.0725299
400000,B_w5_K10000_c2.0_lr0.01_bfull_s1,0.0195792
400000,B_w5_K10000_c2.0_lr0.01_bfull_s2,0.0705549
400000,B_w5_K10000_c2.0_lr0.01_bfull_s3,0.0157696
400000,B_w5_K10000_c2.0_lr0.01_bfull_s4,0.0518362
401000,B_w5_K10000_c0.0_lr0.01_bfull_s0,0.259676
401000,B_w5_K10000_c0.0_lr0.01_bfull_s1,0.182534
401000,B_w5_K10000_c0.0_lr0.01_bfull_s2,0.266877
401000,B_w5_K10000_c0.0_lr0.01_bfull_s3,0.284032
401000,B_w5_K10000_c0.0_lr0.01_bfull_s4,0.336888
401000,B_w5_K10000_c2.0_lr0.01_bfull_s0,0.0842564
401000,B_w5_K10000_c2.0_lr0.01_bfull_s1,0.200578
401000,B_w5_K10000_c2.0_lr0.01_bfull_s2,0.208274
401000,B_w5_K10000_c2.0_lr0.01_bfull_s3,0.299968
401000,B_w5_K10000_c2.0_lr0.01_bfull_s4,0.298652
402000,B_w5_K10000_c0.0_lr0.01_bfull_s0,0.107879
402000,B_w5_K10000_c0.0_lr0.01_bfull_s1,0.138113
402000,B_w5_K10000_c0.0_lr0.01_bfull_s2,0.11203
402000,B_w5_K10000_c0.0_lr0.01_bfull_s3,0.218164
402000,B_w5_K10000_c0.0_lr0.01_bfull_s4,0.0725616
402000,B_w5_K10000_c2.0_lr0.01_bfull_s0,0.0624107
402000,B_w5_K10000_c2.0_lr0.01_bfull_s1,0.0148305
402000,B_w5_K10000_c2.0_lr0.01_bfull_s2,0.185451
402000,B_w5_K10000_c2.0_lr0.01_bfull_s3,0.184229
402000,B_w5_K10000_c2.0_lr0.01_bfull_s4,0.112815
403000,B_w5_K10000_c0.0_lr0.01_bfull_s0,0.0782813
403000,B_w5_K10000_c0.0_lr0.01_bfull_s1,0.110725
403000,B_w5_K10000_c0.0_lr0.01_bfull_s2,0.0716594
403000,B_w5_K10000_c0.0_lr0.01_bfull_s3,0.153512
403000,B_w5_K10000_c0.0_lr0.01_bfull_s4,0.0354821
403000,B_w5_K10000_c2.0_lr0.01_bfull_s0,0.0621276
403000,B_w5_K10000_c2.0_lr0.01_bfull_s1,0.00687795
403000,B_w5_K10000_c2.0_lr0.01_bfull_s2,0.174945
403000,B_w5_K10000_c2.0_lr0.01_bfull_s3,0.129551
403000,B_w5_K10000_c2.0_lr0.01_bfull_s4,0.111071
404000,B_w5_K10000_c0.0_lr0.01_bfull_s0,0.064853
404000,B_w5_K10000_c0.0_lr0.01_bfull_s1,0.0713193
404000,B_w5_K10000_c0.0_lr0.01_bfull_s2,0.0593838
404000,B_w5_K10000_c0.0_lr0.01_bfull_s3,0.144439
404000,B_w5_K10000_c0.0_lr0.01_bfull_s4,0.0301158
404000,B_w5_K10000_c2.0_lr0.01_bfull_s0,0.0616557
404000,B_w5_K10000_c2.0_lr0.01_bfull_s1,0.00591052
404000,B_w5_K10000_c2.0_lr0.01_bfull_s2,0.145668
404000,B_w5_K10000_c2.0_lr0.01_bfull_s3,0.090909
404000,B_w5_K10000_c2.0_lr0.01_bfull_s4,0.10768
405000,B_w5_K10000_c0.0_lr0.01_bfull_s0,0.0498607
405000,B_w5_K10000_c0.0_lr0.01_bfull_s1,0.056268
405000,B_w5_K10000_c0.0_lr0.01_bfull_s2,0.0533657
405000,B_w5_K10000_c0.0_lr0.01_bfull_s3,0.139027
405000,B_w5_K10000_c0.0_lr0.01_bfull_s4,0.0283009
405000,B_w5_K10000_c2.0_lr0.01_bfull_s0,0.0613265
405000,B_w5_K10000_c2.0_lr0.01_bfull_s1,0.00558719
405000,B_w5_K10000_c2.0_lr0.01_bfull_s2,0.101765
405000,B_w5_K10000_c2.0_lr0.01_bfull_s3,0.0590561
405000,B_w5_K10000_c2.0_lr0.01_bfull_s4,0.0970145
406000,B_w5_K10000_c0.0_lr0.01_bfull_s0,0.0343416
406000,B_w5_K10000_c0.0_lr0.01_bfull_s1,0.0526439
406000,B_w5_K10000_c0.0_lr0.01_bfull_s2,0.0478151
406000,B_w5_K10000_c0.0_lr0.01_bfull_s3,0.128438
406000,B_w5_K10000_c0.0_lr0.01_bfull_s4,0.026392
406000,B_w5_K10000_c2.0_lr0.01_bfull_s0,0.0602637
406000,B_w5_K10000_c2.0_lr0.01_bfull_s1,0.00539987
406000,B_w5_K10000_c2.0_lr0.01_bfull_s2,0.0655596
406000,B_w5_K10000_c2.0_lr0.01_bfull_s3,0.0305646
406000,B_w5_K10000_c2.0_lr0.01_bfull_s4,0.0691621
407000,B_w5_K10000_c0.0_lr0.01_bfull_s0,0.025295
407000,B_w5_K10000_c0.0_lr0.01_bfull_s1,0.0517626
407000,B_w5_K10000_c0.0_lr0.01_bfull_s2,0.0418108
407000,B_w5_K10000_c0.0_lr0.01_bfull_s3,0.11057
407000,B_w5_K10000_c0.0_lr0.01_bfull_s4,0.0242532
407000,B_w5_K10000_c2.0_lr0.01_bfull_s0,0.0590045
407000,B_w5_K10000_c2.0_lr0.01_bfull_s1,0.00532669
407000,B_w5_K10000_c2.0_lr0.01_bfull_s2,0.0435068
407000,B_w5_K10000_c2.0_lr0.01_bfull_s3,0.0191376
407000,B_w5_K10000_c2.0_lr0.01_bfull_s4,0.0484661
408000,B_w5_K10000_c0.0_lr0.01_bfull_s0,0.0215139
408000,B_w5_K10000_c0.0_lr0.01_bfull_s1,0.0511923
408000,B_w5_K10000_c0.0_lr0.01_bfull_s2,0.0364558
408000,B_w5_K10000_c0.0_lr0.01_bfull_s3,0.0954435
408000,B_w5_K10000_c0.0_lr0.01_bfull_s4,0.0222025
408000,B_w5_K10000_c2.0_lr0.01_bfull_s0,0.0573395
408000,B_w5_K10000_c2.0_lr0.01_bfull_s1,0.0052837
408000,B_w5_K10000_c2.0_lr0.01_bfull_s2,0.0369088
408000,B_w5_K10000_c2.0_lr0.01_bfull_s3,0.0166478
408000,B_w5_K10000_c2.0_lr0.01_bfull_s4,0.0429757
409000,B_w5_K10000_c0.0_lr0.01_bfull_s0,0.0201957
409000,B_w5_K10000_c0.0_lr0.01_bfull_s1,0.0503551
409000,B_w5_K10000_c0.0_lr0.01_bfull_s2,0.0324348
409000,B_w5_K10000_c0.0_lr0.01_bfull_s3,0.0857396
409000,B_w5_K10000_c0.0_lr0.01_bfull_s4,0.0205592
409000,B_w5_K10000_c2.0_lr0.01_bfull_s0,0.0550838
409000,B_w5_K10000_c2.0_lr0.01_bfull_s1,0.00521792
409000,B_w5_K10000_c2.0_lr0.01_bfull_s2,0.0339282
409000,B_w5_K10000_c2.0_lr0.01_bfull_s3,0.0160269
409000,B_w5_K10000_c2.0_lr0.01_bfull_s4,0.0410382
410000,B_w5_K10000_c0.0_lr0.01_bfull_s0,0.019395
410000,B_w5_K10000_c0.0_lr0.01_bfull_s1,0.0493092
410000,B_w5_K10000_c0.0_lr0.01_bfull_s2,0.0301574
410000,B_w5_K10000_c0.0_lr0.01_bfull_s3,0.0796468
410000,B_w5_K10000_c0.0_lr0.01_bfull_s4,0.0194757
410000,B_w5_K10000_c2.0_lr0.01_bfull_s0,0.0521788
410000,B_w5_K10000_c2.0_lr0.01_bfull_s1,0.00515666
410000,B_w5_K10000_c2.0_lr0.01_bfull_s2,0.0316062
410000,B_w5_K10000_c2.0_lr0.01_bfull_s3,0.0158988
410000,B_w5_K10000_c2.0_lr0.01_bfull_s4,0.0397523
411000,B_w5_K10000_c0.0_lr0.01_bfull_s0,0.179341
411000,B_w5_K10000_c0.0_lr0.01_bfull_s1,0.245099
411000,B_w5_K10000_c0.0_lr0.01_bfull_s2,0.391611
411000,B_w5_K10000_c0.0_lr0.01_bfull_s3,0.211664
411000,B_w5_K10000_c0.0_lr0.01_bfull_s4,0.285986
411000,B_w5_K10000_c2.0_lr0.01_bfull_s0,0.131752
411000,B_w5_K10000_c2.0_lr0.01_bfull_s1,0.347389
411000,B_w5_K10000_c2.0_lr0.01_bfull_s2,0.168029
411000,B_w5_K10000_c2.0_lr0.01_bfull_s3,0.278794
411000,B_w5_K10000_c2.0_lr0.01_bfull_s4,0.341229
412000,B_w5_K10000_c0.0_lr0.01_bfull_s0,0.0587971
412000,B_w5_K10000_c0.0_lr0.01_bfull_s1,0.220035
412000,B_w5_K10000_c0.0_lr0.01_bfull_s2,0.128636
412000,B_w5_K10000_c0.0_lr0.01_bfull_s3,0.167195
412000,B_w5_K10000_c0.0_lr0.01_bfull_s4,0.119709
412000,B_w5_K10000_c2.0_lr0.01_bfull_s0,0.124152
412000,B_w5_K10000_c2.0_lr0.01_bfull_s1,0.122589
412000,B_w5_K10000_c2.0_lr0.01_bfull_s2,0.138876
412000,B_w5_K10000_c2.0_lr0.01_bfull_s3,0.209881
412000,B_w5_K10000_c2.0_lr0.01_bfull_s4,0.120508
413000,B_w5_K10000_c0.0_lr0.01_bfull_s0,0.0422248
413000,B_w5_K10000_c0.0_lr0.01_bfull_s1,0.219459
413000,B_w5_K10000_c0.0_lr0.01_bfull_s2,0.105259
413000,B_w5_K10000_c0.0_lr0.01_bfull_s3,0.151445
413000,B_w5_K10000_c0.0_lr0.01_bfull_s4,0.10732
413000,B_w5_K10000_c2.0_lr0.01_bfull_s0,0.122778
413000,B_w5_K10000_c2.0_lr0.01_bfull_s1,0.0692168
413000,B_w5_K10000_c2.0_lr0.01_bfull_s2,0.137251
413000,B_w5_K10000_c2.0_lr0.01_bfull_s3,0.19169
413000,B_w5_K10000_c2.0_lr0.01_bfull_s4,0.10054
414000,B_w5_K10000_c0.0_lr0.01_bfull_s0,0.0332985
414000,B_w5_K10000_c0.0_lr0.01_bfull_s1,0.218688
414000,B_w5_K10000_c0.0_lr0.01_bfull_s2,0.0937143
414000,B_w5_K10000_c0.0_lr0.01_bfull_s3,0.139084
414000,B_w5_K10000_c0.0_lr0.01_bfull_s4,0.0941948
414000,B_w5_K10000_c2.0_lr0.01_bfull_s0,0.121765
414000,B_w5_K10000_c2.0_lr0.01_bfull_s1,0.0544656
414000,B_w5_K10000_c2.0_lr0.01_bfull_s2,0.137358
414000,B_w5_K10000_c2.0_lr0.01_bfull_s3,0.129013
414000,B_w5_K10000_c2.0_lr0.01_bfull_s4,0.0770911
415000,B_w5_K10000_c0.0_lr0.01_bfull_s0,0.0262567
415000,B_w5_K10000_c0.0_lr0.01_bfull_s1,0.216911
415000,B_w5_K10000_c0.0_lr0.01_bfull_s2,0.0807533
415000,B_w5_K10000_c0.0_lr0.01_bfull_s3,0.130215
415000,B_w5_K10000_c0.0_lr0.01_bfull_s4,0.0849355
415000,B_w5_K10000_c2.0_lr0.01_bfull_s0,0.118415
415000,B_w5_K10000_c2.0_lr0.01_bfull_s1,0.0463992
415000,B_w5_K10000_c2.0_lr0.01_bfull_s2,0.136733
415000,B_w5_K10000_c2.0_lr0.01_bfull_s3,0.0722315
415000,B_w5_K10000_c2.0_lr0.01_bfull_s4,0.0544063
416000,B_w5_K10000_c0.0_lr0.01_bfull_s0,0.0201266
416000,B_w5_K10000_c0.0_lr0.01_bfull_s1,0.203216
416000,B_w5_K10000_c0.0_lr0.01_bfull_s2,0.0708274
416000,B_w5_K10000_c0.0_lr0.01_bfull_s3,0.123919
416000,B_w5_K10000_c0.0_lr0.01_bfull_s4,0.0807009
416000,B_w5_K10000_c2.0_lr0.01_bfull_s0,0.111076
416000,B_w5_K10000_c2.0_lr0.01_bfull_s1,0.0400568
416000,B_w5_K10000_c2.0_lr0.01_bfull_s2,0.135234
416000,B_w5_K10000_c2.0_lr0.01_bfull_s3,0.0460414
416000,B_w5_K10000_c2.0_lr0.01_bfull_s4,0.0386709
417000,B_w5_K10000_c0.0_lr0.01_bfull_s0,0.0157449
417000,B_w5_K10000_c0.0_lr0.01_bfull_s1,0.122986
417000,B_w5_K10000_c0.0_lr0.01_bfull_s2,0.0667162
417000,B_w5_K10000_c0.0_lr0.01_bfull_s3,0.117432
417000,B_w5_K10000_c0.0_lr0.01_bfull_s4,0.0788568
417000,B_w5_K10000_c2.0_lr0.01_bfull_s0,0.0970513
417000,B_w5_K10000_c2.0_lr0.01_bfull_s1,0.0364896
417000,B_w5_K10000_c2.0_lr0.01_bfull_s2,0.133345
417000,B_w5_K10000_c2.0_lr0.01_bfull_s3,0.0351943
417000,B_w5_K10000_c2.0_lr0.01_bfull_s4,0.0325084
418000,B_w5_K10000_c0.0_lr0.01_bfull_s0,0.0133736
418000,B_w5_K10000_c0.0_lr0.01_bfull_s1,0.0838099
418000,B_w5_K10000_c0.0_lr0.01_bfull_s2,0.0648235
418000,B_w5_K10000_c0.0_lr0.01_bfull_s3,0.10998
418000,B_w5_K10000_c0.0_lr0.01_bfull_s4,0.078222
418000,B_w5_K10000_c2.0_lr0.01_bfull_s0,0.0817914
418000,B_w5_K10000_c2.0_lr0.01_bfull_s1,0.0349271
418000,B_w5_K10000_c2.0_lr0.01_bfull_s2,0.129854
418000,B_w5_K10000_c2.0_lr0.01_bfull_s3,0.0325322
418000,B_w5_K10000_c2.0_lr0.01_bfull_s4,0.0304986
419000,B_w5_K10000_c0.0_lr0.01_bfull_s0,0.0122455
419000,B_w5_K10000_c0.0_lr0.01_bfull_s1,0.0829096
419000,B_w5_K10000_c0.0_lr0.01_bfull_s2,0.0643658
419000,B_w5_K10000_c0.0_lr0.01_bfull_s3,0.102492
419000,B_w5_K10000_c0.0_lr0.01_bfull_s4,0.077858
419000,B_w5_K10000_c2.0_lr0.01_bfull_s0,0.0702505
419000,B_w5_K10000_c2.0_lr0.01_bfull_s1,0.0343468
419000,B_w5_K10000_c2.0_lr0.01_bfull_s2,0.126555
419000,B_w5_K10000_c2.0_lr0.01_bfull_s3,0.0308206
419000,B_w5_K10000_c2.0_lr0.01_bfull_s4,0.0294495
420000,B_w5_K10000_c0.0_lr0.01_bfull_s0,0.0117131
420000,B_w5_K10000_c0.0_lr0.01_bfull_s1,0.082996
420000,B_w5_K10000_c0.0_lr0.01_bfull_s2,0.0635619
420000,B_w5_K10000_c0.0_lr0.01_bfull_s3,0.095387
420000,B_w5_K10000_c0.0_lr0.01_bfull_s4,0.077461
420000,B_w5_K10000_c2.0_lr0.01_bfull_s0,0.0625499
420000,B_w5_K10000_c2.0_lr0.01_bfull_s1,0.0342147
420000,B_w5_K10000_c2.0_lr0.01_bfull_s2,0.121974
420000,B_w5_K10000_c2.0_lr0.01_bfull_s3,0.0294643
420000,B_w5_K10000_c2.0_lr0.01_bfull_s4,0.0288171
421000,B_w5_K10000_c0.0_lr0.01_bfull_s0,0.287235
421000,B_w5_K10000_c0.0_lr0.01_bfull_s1,0.130569
421000,B_w5_K10000_c0.0_lr0.01_bfull_s2,0.223405
421000,B_w5_K10000_c0.0_lr0.01_bfull_s3,0.296847
421000,B_w5_K10000_c0.0_lr0.01_bfull_s4,0.437529
421000,B_w5_K10000_c2.0_lr0.01_bfull_s0,0.12987
421000,B_w5_K10000_c2.0_lr0.01_bfull_s1,0.216494
421000,B_w5_K10000_c2.0_lr0.01_bfull_s2,0.202883
421000,B_w5_K10000_c2.0_lr0.01_bfull_s3,0.0884353
421000,B_w5_K10000_c2.0_lr0.01_bfull_s4,0.428093
422000,B_w5_K10000_c0.0_lr0.01_bfull_s0,0.128265
422000,B_w5_K10000_c0.0_lr0.01_bfull_s1,0.0959712
422000,B_w5_K10000_c0.0_lr0.01_bfull_s2,0.0971521
422000,B_w5_K10000_c0.0_lr0.01_bfull_s3,0.234289
422000,B_w5_K10000_c0.0_lr0.01_bfull_s4,0.290584
422000,B_w5_K10000_c2.0_lr0.01_bfull_s0,0.112294
422000,B_w5_K10000_c2.0_lr0.01_bfull_s1,0.0628361
422000,B_w5_K10000_c2.0_lr0.01_bfull_s2,0.183776
422000,B_w5_K10000_c2.0_lr0.01_bfull_s3,0.0625181
422000,B_w5_K10000_c2.0_lr0.01_bfull_s4,0.165576
423000,B_w5_K10000_c0.0_lr0.01_bfull_s0,0.0942775
423000,B_w5_K10000_c0.0_lr0.01_bfull_s1,0.0946546
423000,B_w5_K10000_c0.0_lr0.01_bfull_s2,0.0885004
423000,B_w5_K10000_c0.0_lr0.01_bfull_s3,0.190989
423000,B_w5_K10000_c0.0_lr0.01_bfull_s4,0.260106
423000,B_w5_K10000_c2.0_lr0.01_bfull_s0,0.111838
423000,B_w5_K10000_c2.0_lr0.01_bfull_s1,0.0501939
423000,B_w5_K10000_c2.0_lr0.01_bfull_s2,0.173791
423000,B_w5_K10000_c2.0_lr0.01_bfull_s3,0.0614541
423000,B_w5_K10000_c2.0_lr0.01_bfull_s4,0.0764674
424000,B_w5_K10000_c0.0_lr0.01_bfull_s0,0.0825763
424000,B_w5_K10000_c0.0_lr0.01_bfull_s1,0.0922311
424000,B_w5_K10000_c0.0_lr0.01_bfull_s2,0.0769927
424000,B_w5_K10000_c0.0_lr0.01_bfull_s3,0.146636
424000,B_w5_K10000_c0.0_lr0.01_bfull_s4,0.229815
424000,B_w5_K10000_c2.0_lr0.01_bfull_s0,0.110418
424000,B_w5_K10000_c2.0_lr0.01_bfull_s1,0.0440579
424000,B_w5_K10000_c2.0_lr0.01_bfull_s2,0.153012
424000,B_w5_K10000_c2.0_lr0.01_bfull_s3,0.0603615
424000,B_w5_K10000_c2.0_lr0.01_bfull_s4,0.0448988
425000,B_w5_K10000_c0.0_lr0.01_bfull_s0,0.070165
425000,B_w5_K10000_c0.0_lr0.01_bfull_s1,0.0870952
425000,B_w5_K10000_c0.0_lr0.01_bfull_s2,0.065061
425000,B_w5_K10000_c0.0_lr0.01_bfull_s3,0.128268
425000,B_w5_K10000_c0.0_lr0.01_bfull_s4,0.187178
425000,B_w5_K10000_c2.0_lr0.01_bfull_s0,0.106998
425000,B_w5_K10000_c2.0_lr0.01_bfull_s1,0.0409185
425000,B_w5_K10000_c2.0_lr0.01_bfull_s2,0.136455
425000,B_w5_K10000_c2.0_lr0.01_bfull_s3,0.0580682
425000,B_w5_K10000_c2.0_lr0.01_bfull_s4,0.037033
426000,B_w5_K10000_c0.0_lr0.01_bfull_s0,0.0559468
426000,B_w5_K10000_c0.0_lr0.01_bfull_s1,0.0737471
426000,B_w5_K10000_c0.0_lr0.01_bfull_s2,0.0565222
426000,B_w5_K10000_c0.0_lr0.01_bfull_s3,0.124349
426000,B_w5_K10000_c0.0_lr0.01_bfull_s4,0.146785
426000,B_w5_K10000_c2.0_lr0.01_bfull_s0,0.0996994
426000,B_w5_K10000_c2.0_lr0.01_bfull_s1,0.0389564
426000,B_w5_K10000_c2.0_lr0.01_bfull_s2,0.13144
426000,B_w5_K10000_c2.0_lr0.01_bfull_s3,0.0541079
426000,B_w5_K10000_c2.0_lr0.01_bfull_s4,0.0347874
427000,B_w5_K10000_c0.0_lr0.01_bfull_s0,0.0441252
427000,B_w5_K10000_c0.0_lr0.01_bfull_s1,0.0453761
427000,B_w5_K10000_c0.0_lr0.01_bfull_s2,0.0520353
427000,B_w5_K10000_c0.0_lr0.01_bfull_s3,0.120133
427000,B_w5_K10000_c0.0_lr0.01_bfull_s4,0.117778
427000,B_w5_K10000_c2.0_lr0.01_bfull_s0,0.0832886
427000,B_w5_K10000_c2.0_lr0.01_bfull_s1,0.037264
427000,B_w5_K10000_c2.0_lr0.01_bfull_s2,0.126989
427000,B_w5_K10000_c2.0_lr0.01_bfull_s3,0.0468428
427000,B_w5_K10000_c2.0_lr0.01_bfull_s4,0.0339731
428000,B_w5_K10000_c0.0_lr0.01_bfull_s0,0.0372886
428000,B_w5_K10000_c0.0_lr0.01_bfull_s1,0.0263486
428000,B_w5_K10000_c0.0_lr0.01_bfull_s2,0.049885
428000,B_w5_K10000_c0.0_lr0.01_bfull_s3,0.113637
428000,B_w5_K10000_c0.0_lr0.01_bfull_s4,0.0918749
428000,B_w5_K10000_c2.0_lr0.01_bfull_s0,0.0635577
428000,B_w5_K10000_c2.0_lr0.01_bfull_s1,0.0361651
428000,B_w5_K10000_c2.0_lr0.01_bfull_s2,0.114912
428000,B_w5_K10000_c2.0_lr0.01_bfull_s3,0.0365932
428000,B_w5_K10000_c2.0_lr0.01_bfull_s4,0.0336327
429000,B_w5_K10000_c0.0_lr0.01_bfull_s0,0.0337419
429000,B_w5_K10000_c0.0_lr0.01_bfull_s1,0.0230395
429000,B_w5_K10000_c0.0_lr0.01_bfull_s2,0.0491206
429000,B_w5_K10000_c0.0_lr0.01_bfull_s3,0.106725
429000,B_w5_K10000_c0.0_lr0.01_bfull_s4,0.0791872
429000,B_w5_K10000_c2.0_lr0.01_bfull_s0,0.0542892
429000,B_w5_K10000_c2.0_lr0.01_bfull_s1,0.0352968
429000,B_w5_K10000_c2.0_lr0.01_bfull_s2,0.0903658
429000,B_w5_K10000_c2.0_lr0.01_bfull_s3,0.0277258
429000,B_w5_K10000_c2.0_lr0.01_bfull_s4,0.0335869
430000,B_w5_K10000_c0.0_lr0.01_bfull_s0,0.0313774
430000,B_w5_K10000_c0.0_lr0.01_bfull_s1,0.0226243
430000,B_w5_K10000_c0.0_lr0.01_bfull_s2,0.048546
430000,B_w5_K10000_c0.0_lr0.01_bfull_s3,0.102276
430000,B_w5_K10000_c0.0_lr0.01_bfull_s4,0.0736614
430000,B_w5_K10000_c2.0_lr0.01_bfull_s0,0.0520619
430000,B_w5_K10000_c2.0_lr0.01_bfull_s1,0.0344067
430000,B_w5_K10000_c2.0_lr0.01_bfull_s2,0.0732067
430000,B_w5_K10000_c2.0_lr0.01_bfull_s3,0.0233952
430000,B_w5_K10000_c2.0_lr0.01_bfull_s4,0.0335593
431000,B_w5_K10000_c0.0_lr0.01_bfull_s0,0.157735
431000,B_w5_K10000_c0.0_lr0.01_bfull_s1,0.21175
431000,B_w5_K10000_c0.0_lr0.01_bfull_s2,0.281518
431000,B_w5_K10000_c0.0_lr0.01_bfull_s3,0.313523
431000,B_w5_K10000_c0.0_lr0.01_bfull_s4,0.224958
431000,B_w5_K10000_c2.0_lr0.01_bfull_s0,0.176547
431000,B_w5_K10000_c2.0_lr0.01_bfull_s1,0.339776
431000,B_w5_K10000_c2.0_lr0.01_bfull_s2,0.317783
431000,B_w5_K10000_c2.0_lr0.01_bfull_s3,0.231442
431000,B_w5_K10000_c2.0_lr0.01_bfull_s4,0.363594
432000,B_w5_K10000_c0.0_lr0.01_bfull_s0,0.0577129
432000,B_w5_K10000_c0.0_lr0.01_bfull_s1,0.187671
432000,B_w5_K10000_c0.0_lr0.01_bfull_s2,0.116583
432000,B_w5_K10000_c0.0_lr0.01_bfull_s3,0.267178
432000,B_w5_K10000_c0.0_lr0.01_bfull_s4,0.137999
432000,B_w5_K10000_c2.0_lr0.01_bfull_s0,0.159288
432000,B_w5_K10000_c2.0_lr0.01_bfull_s1,0.171659
432000,B_w5_K10000_c2.0_lr0.01_bfull_s2,0.26454
432000,B_w5_K10000_c2.0_lr0.01_bfull_s3,0.17945
432000,B_w5_K10000_c2.0_lr0.01_bfull_s4,0.14046
433000,B_w5_K10000_c0.0_lr0.01_bfull_s0,0.0469227
433000,B_w5_K10000_c0.0_lr0.01_bfull_s1,0.154723
433000,B_w5_K10000_c0.0_lr0.01_bfull_s2,0.0622667
433000,B_w5_K10000_c0.0_lr0.01_bfull_s3,0.266606
433000,B_w5_K10000_c0.0_lr0.01_bfull_s4,0.110905
433000,B_w5_K10000_c2.0_lr0.01_bfull_s0,0.159121
433000,B_w5_K10000_c2.0_lr0.01_bfull_s1,0.11178
433000,B_w5_K10000_c2.0_lr0.01_bfull_s2,0.218535
433000,B_w5_K10000_c2.0_lr0.01_bfull_s3,0.123559
433000,B_w5_K10000_c2.0_lr0.01_bfull_s4,0.0846997
434000,B_w5_K10000_c0.0_lr0.01_bfull_s0,0.0394124
434000,B_w5_K10000_c0.0_lr0.01_bfull_s1,0.0882362
434000,B_w5_K10000_c0.0_lr0.01_bfull_s2,0.0399542
434000,B_w5_K10000_c0.0_lr0.01_bfull_s3,0.265588
434000,B_w5_K10000_c0.0_lr0.01_bfull_s4,0.102497
434000,B_w5_K10000_c2.0_lr0.01_bfull_s0,0.159379
434000,B_w5_K10000_c2.0_lr0.01_bfull_s1,0.0745251
434000,B_w5_K10000_c2.0_lr0.01_bfull_s2,0.158711
434000,B_w5_K10000_c2.0_lr0.01_bfull_s3,0.109691
434000,B_w5_K10000_c2.0_lr0.01_bfull_s4,0.0626448
435000,B_w5_K10000_c0.0_lr0.01_bfull_s0,0.0318647
435000,B_w5_K10000_c0.0_lr0.01_bfull_s1,0.0357632
435000,B_w5_K10000_c0.0_lr0.01_bfull_s2,0.0361793
435000,B_w5_K10000_c0.0_lr0.01_bfull_s3,0.263893
435000,B_w5_K10000_c0.0_lr0.01_bfull_s4,0.0992424
435000,B_w5_K10000_c2.0_lr0.01_bfull_s0,0.159354
435000,B_w5_K10000_c2.0_lr0.01_bfull_s1,0.0294811
435000,B_w5_K10000_c2.0_lr0.01_bfull_s2,0.139215
435000,B_w5_K10000_c2.0_lr0.01_bfull_s3,0.106867
435000,B_w5_K10000_c2.0_lr0.01_bfull_s4,0.048653
436000,B_w5_K10000_c0.0_lr0.01_bfull_s0,0.0248963
436000,B_w5_K10000_c0.0_lr0.01_bfull_s1,0.0298483
436000,B_w5_K10000_c0.0_lr0.01_bfull_s2,0.0333453
436000,B_w5_K10000_c0.0_lr0.01_bfull_s3,0.26155
436000,B_w5_K10000_c0.0_lr0.01_bfull_s4,0.0962653
436000,B_w5_K10000_c2.0_lr0.01_bfull_s0,0.159096
436000,B_w5_K10000_c2.0_lr0.01_bfull_s1,0.0116163
436000,B_w5_K10000_c2.0_lr0.01_bfull_s2,0.132052
436000,B_w5_K10000_c2.0_lr0.01_bfull_s3,0.103763
436000,B_w5_K10000_c2.0_lr0.01_bfull_s4,0.038711
437000,B_w5_K10000_c0.0_lr0.01_bfull_s0,0.0195569
437000,B_w5_K10000_c0.0_lr0.01_bfull_s1,0.0297436
437000,B_w5_K10000_c0.0_lr0.01_bfull_s2,0.0301738
437000,B_w5_K10000_c0.0_lr0.01_bfull_s3,0.256793
437000,B_w5_K10000_c0.0_lr0.01_bfull_s4,0.0938623
437000,B_w5_K10000_c2.0_lr0.01_bfull_s0,0.158591
437000,B_w5_K10000_c2.0_lr0.01_bfull_s1,0.00898296
437000,B_w5_K10000_c2.0_lr0.01_bfull_s2,0.11766
437000,B_w5_K10000_c2.0_lr0.01_bfull_s3,0.0980353
437000,B_w5_K10000_c2.0_lr0.01_bfull_s4,0.0322678
438000,B_w5_K10000_c0.0_lr0.01_bfull_s0,0.016011
438000,B_w5_K10000_c0.0_lr0.01_bfull_s1,0.0296666
438000,B_w5_K10000_c0.0_lr0.01_bfull_s2,0.027524
438000,B_w5_K10000_c0.0_lr0.01_bfull_s3,0.24518
438000,B_w5_K10000_c0.0_lr0.01_bfull_s4,0.0908031
438000,B_w5_K10000_c2.0_lr0.01_bfull_s0,0.157786
438000,B_w5_K10000_c2.0_lr0.01_bfull_s1,0.00828016
438000,B_w5_K10000_c2.0_lr0.01_bfull_s2,0.0926533
438000,B_w5_K10000_c2.0_lr0.01_bfull_s3,0.0795277
438000,B_w5_K10000_c2.0_lr0.01_bfull_s4,0.0279317
439000,B_w5_K10000_c0.0_lr0.01_bfull_s0,0.013471
439000,B_w5_K10000_c0.0_lr0.01_bfull_s1,0.0297663
439000,B_w5_K10000_c0.0_lr0.01_bfull_s2,0.0253271
439000,B_w5_K10000_c0.0_lr0.01_bfull_s3,0.215879
439000,B_w5_K10000_c0.0_lr0.01_bfull_s4,0.0869698
439000,B_w5_K10000_c2.0_lr0.01_bfull_s0,0.157002
439000,B_w5_K10000_c2.0_lr0.01_bfull_s1,0.00795623
439000,B_w5_K10000_c2.0_lr0.01_bfull_s2,0.0762545
439000,B_w5_K10000_c2.0_lr0.01_bfull_s3,0.0474362
439000,B_w5_K10000_c2.0_lr0.01_bfull_s4,0.0250838
440000,B_w5_K10000_c0.0_lr0.01_bfull_s0,0.0112421
440000,B_w5_K10000_c0.0_lr0.01_bfull_s1,0.0298343
440000,B_w5_K10000_c0.0_lr0.01_bfull_s2,0.0237859
440000,B_w5_K10000_c0.0_lr0.01_bfull_s3,0.162543
440000,B_w5_K10000_c0.0_lr0.01_bfull_s4,0.0810825
440000,B_w5_K10000_c2.0_lr0.01_bfull_s0,0.154011
440000,B_w5_K10000_c2.0_lr0.01_bfull_s1,0.00776338
440000,B_w5_K10000_c2.0_lr0.01_bfull_s2,0.0690361
440000,B_w5_K10000_c2.0_lr0.01_bfull_s3,0.0331978
440000,B_w5_K10000_c2.0_lr0.01_bfull_s4,0.0233094
441000,B_w5_K10000_c0.0_lr0.01_bfull_s0,0.29074
441000,B_w5_K10000_c0.0_lr0.01_bfull_s1,0.209477
441000,B_w5_K10000_c0.0_lr0.01_bfull_s2,0.225984
441000,B_w5_K10000_c0.0_lr0.01_bfull_s3,0.182098
441000,B_w5_K10000_c0.0_lr0.01_bfull_s4,0.310539
441000,B_w5_K10000_c2.0_lr0.01_bfull_s0,0.188211
441000,B_w5_K10000_c2.0_lr0.01_bfull_s1,0.26384
441000,B_w5_K10000_c2.0_lr0.01_bfull_s2,0.0982228
441000,B_w5_K10000_c2.0_lr0.01_bfull_s3,0.232748
441000,B_w5_K10000_c2.0_lr0.01_bfull_s4,0.197828
442000,B_w5_K10000_c0.0_lr0.01_bfull_s0,0.0512933
442000,B_w5_K10000_c0.0_lr0.01_bfull_s1,0.169529
442000,B_w5_K10000_c0.0_lr0.01_bfull_s2,0.13544
442000,B_w5_K10000_c0.0_lr0.01_bfull_s3,0.154774
442000,B_w5_K10000_c0.0_lr0.01_bfull_s4,0.0940288
442000,B_w5_K10000_c2.0_lr0.01_bfull_s0,0.167524
442000,B_w5_K10000_c2.0_lr0.01_bfull_s1,0.0876468
442000,B_w5_K10000_c2.0_lr0.01_bfull_s2,0.047699
442000,B_w5_K10000_c2.0_lr0.01_bfull_s3,0.177275
442000,B_w5_K10000_c2.0_lr0.01_bfull_s4,0.0447737
443000,B_w5_K10000_c0.0_lr0.01_bfull_s0,0.0319887
443000,B_w5_K10000_c0.0_lr0.01_bfull_s1,0.169645
443000,B_w5_K10000_c0.0_lr0.01_bfull_s2,0.108642
443000,B_w5_K10000_c0.0_lr0.01_bfull_s3,0.153109
443000,B_w5_K10000_c0.0_lr0.01_bfull_s4,0.0891366
443000,B_w5_K10000_c2.0_lr0.01_bfull_s0,0.14203
443000,B_w5_K10000_c2.0_lr0.01_bfull_s1,0.0495715
443000,B_w5_K10000_c2.0_lr0.01_bfull_s2,0.0479135
443000,B_w5_K10000_c2.0_lr0.01_bfull_s3,0.153396
443000,B_w5_K10000_c2.0_lr0.01_bfull_s4,0.0378909
444000,B_w5_K10000_c0.0_lr0.01_bfull_s0,0.02194
444000,B_w5_K10000_c0.0_lr0.01_bfull_s1,0.169303
444000,B_w5_K10000_c0.0_lr0.01_bfull_s2,0.0933758
444000,B_w5_K10000_c0.0_lr0.01_bfull_s3,0.149278
444000,B_w5_K10000_c0.0_lr0.01_bfull_s4,0.085867
444000,B_w5_K10000_c2.0_lr0.01_bfull_s0,0.125967
444000,B_w5_K10000_c2.0_lr0.01_bfull_s1,0.0344319
444000,B_w5_K10000_c2.0_lr0.01_bfull_s2,0.0473664
444000,B_w5_K10000_c2.0_lr0.01_bfull_s3,0.110997
444000,B_w5_K10000_c2.0_lr0.01_bfull_s4,0.0340948
445000,B_w5_K10000_c0.0_lr0.01_bfull_s0,0.0178757
445000,B_w5_K10000_c0.0_lr0.01_bfull_s1,0.168844
445000,B_w5_K10000_c0.0_lr0.01_bfull_s2,0.0805642
445000,B_w5_K10000_c0.0_lr0.01_bfull_s3,0.13584
445000,B_w5_K10000_c0.0_lr0.01_bfull_s4,0.0807381
445000,B_w5_K10000_c2.0_lr0.01_bfull_s0,0.123073
445000,B_w5_K10000_c2.0_lr0.01_bfull_s1,0.0301435
445000,B_w5_K10000_c2.0_lr0.01_bfull_s2,0.0474376
445000,B_w5_K10000_c2.0_lr0.01_bfull_s3,0.0880274
445000,B_w5_K10000_c2.0_lr0.01_bfull_s4,0.0282208
446000,B_w5_K10000_c0.0_lr0.01_bfull_s0,0.0159951
446000,B_w5_K10000_c0.0_lr0.01_bfull_s1,0.168669
446000,B_w5_K10000_c0.0_lr0.01_bfull_s2,0.0684509
446000,B_w5_K10000_c0.0_lr0.01_bfull_s3,0.10498
446000,B_w5_K10000_c0.0_lr0.01_bfull_s4,0.071496
446000,B_w5_K10000_c2.0_lr0.01_bfull_s0,0.121797
446000,B_w5_K10000_c2.0_lr0.01_bfull_s1,0.0283792
446000,B_w5_K10000_c2.0_lr0.01_bfull_s2,0.0474599
446000,B_w5_K10000_c2.0_lr0.01_bfull_s3,0.0820872
446000,B_w5_K10000_c2.0_lr0.01_bfull_s4,0.0193975
447000,B_w5_K10000_c0.0_lr0.01_bfull_s0,0.0147153
447000,B_w5_K10000_c0.0_lr0.01_bfull_s1,0.168739
447000,B_w5_K10000_c0.0_lr0.01_bfull_s2,0.0580456
447000,B_w5_K10000_c0.0_lr0.01_bfull_s3,0.0871041
447000,B_w5_K10000_c0.0_lr0.01_bfull_s4,0.0562439
447000,B_w5_K10000_c2.0_lr0.01_bfull_s0,0.11971
447000,B_w5_K10000_c2.0_lr0.01_bfull_s1,0.0275549
447000,B_w5_K10000_c2.0_lr0.01_bfull_s2,0.047545
447000,B_w5_K10000_c2.0_lr0.01_bfull_s3,0.0794768
447000,B_w5_K10000_c2.0_lr0.01_bfull_s4,0.0122336
448000,B_w5_K10000_c0.0_lr0.01_bfull_s0,0.0134783
448000,B_w5_K10000_c0.0_lr0.01_bfull_s1,0.16738
448000,B_w5_K10000_c0.0_lr0.01_bfull_s2,0.0498032
448000,B_w5_K10000_c0.0_lr0.01_bfull_s3,0.0848838
448000,B_w5_K10000_c0.0_lr0.01_bfull_s4,0.0396134
448000,B_w5_K10000_c2.0_lr0.01_bfull_s0,0.115418
448000,B_w5_K10000_c2.0_lr0.01_bfull_s1,0.0271291
448000,B_w5_K10000_c2.0_lr0.01_bfull_s2,0.0476388
448000,B_w5_K10000_c2.0_lr0.01_bfull_s3,0.0771189
448000,B_w5_K10000_c2.0_lr0.01_bfull_s4,0.00921936
449000,B_w5_K10000_c0.0_lr0.01_bfull_s0,0.0122454
449000,B_w5_K10000_c0.0_lr0.01_bfull_s1,0.164716
449000,B_w5_K10000_c0.0_lr0.01_bfull_s2,0.0442929
449000,B_w5_K10000_c0.0_lr0.01_bfull_s3,0.0846342
449000,B_w5_K10000_c0.0_lr0.01_bfull_s4,0.0300329
449000,B_w5_K10000_c2.0_lr0.01_bfull_s0,0.103144
449000,B_w5_K10000_c2.0_lr0.01_bfull_s1,0.0266821
449000,B_w5_K10000_c2.0_lr0.01_bfull_s2,0.0475852
449000,B_w5_K10000_c2.0_lr0.01_bfull_s3,0.0749461
449000,B_w5_K10000_c2.0_lr0.01_bfull_s4,0.00836812
450000,B_w5_K10000_c0.0_lr0.01_bfull_s0,0.0113438
450000,B_w5_K10000_c0.0_lr0.01_bfull_s1,0.152058
450000,B_w5_K10000_c0.0_lr0.01_bfull_s2,0.0410224
450000,B_w5_K10000_c0.0_lr0.01_bfull_s3,0.0844559
450000,B_w5_K10000_c0.0_lr0.01_bfull_s4,0.025638
450000,B_w5_K10000_c2.0_lr0.01_bfull_s0,0.0809555
450000,B_w5_K10000_c2.0_lr0.01_bfull_s1,0.0264414
450000,B_w5_K10000_c2.0_lr0.01_bfull_s2,0.047344
450000,B_w5_K10000_c2.0_lr0.01_bfull_s3,0.0725235
450000,B_w5_K10000_c2.0_lr0.01_bfull_s4,0.00813463
451000,B_w5_K10000_c0.0_lr0.01_bfull_s0,0.284253
451000,B_w5_K10000_c0.0_lr0.01_bfull_s1,0.158839
451000,B_w5_K10000_c0.0_lr0.01_bfull_s2,0.380961
451000,B_w5_K10000_c0.0_lr0.01_bfull_s3,0.17142
451000,B_w5_K10000_c0.0_lr0.01_bfull_s4,0.281415
451000,B_w5_K10000_c2.0_lr0.01_bfull_s0,0.163645
451000,B_w5_K10000_c2.0_lr0.01_bfull_s1,0.222788
451000,B_w5_K10000_c2.0_lr0.01_bfull_s2,0.277266
451000,B_w5_K10000_c2.0_lr0.01_bfull_s3,0.176151
451000,B_w5_K10000_c2.0_lr0.01_bfull_s4,0.310777
452000,B_w5_K10000_c0.0_lr0.01_bfull_s0,0.0944416
452000,B_w5_K10000_c0.0_lr0.01_bfull_s1,0.141778
452000,B_w5_K10000_c0.0_lr0.01_bfull_s2,0.122421
452000,B_w5_K10000_c0.0_lr0.01_bfull_s3,0.143644
452000,B_w5_K10000_c0.0_lr0.01_bfull_s4,0.121795
452000,B_w5_K10000_c2.0_lr0.01_bfull_s0,0.141476
452000,B_w5_K10000_c2.0_lr0.01_bfull_s1,0.0493841
452000,B_w5_K10000_c2.0_lr0.01_bfull_s2,0.204729
452000,B_w5_K10000_c2.0_lr0.01_bfull_s3,0.136548
452000,B_w5_K10000_c2.0_lr0.01_bfull_s4,0.122741
453000,B_w5_K10000_c0.0_lr0.01_bfull_s0,0.0571928
453000,B_w5_K10000_c0.0_lr0.01_bfull_s1,0.134186
453000,B_w5_K10000_c0.0_lr0.01_bfull_s2,0.0786169
453000,B_w5_K10000_c0.0_lr0.01_bfull_s3,0.138659
453000,B_w5_K10000_c0.0_lr0.01_bfull_s4,0.0888774
453000,B_w5_K10000_c2.0_lr0.01_bfull_s0,0.134988
453000,B_w5_K10000_c2.0_lr0.01_bfull_s1,0.0470724
453000,B_w5_K10000_c2.0_lr0.01_bfull_s2,0.156871
453000,B_w5_K10000_c2.0_lr0.01_bfull_s3,0.133656
453000,B_w5_K10000_c2.0_lr0.01_bfull_s4,0.103335
454000,B_w5_K10000_c0.0_lr0.01_bfull_s0,0.0405225
454000,B_w5_K10000_c0.0_lr0.01_bfull_s1,0.127011
454000,B_w5_K10000_c0.0_lr0.01_bfull_s2,0.0674348
454000,B_w5_K10000_c0.0_lr0.01_bfull_s3,0.122172
454000,B_w5_K10000_c0.0_lr0.01_bfull_s4,0.0605495
454000,B_w5_K10000_c2.0_lr0.01_bfull_s0,0.103551
454000,B_w5_K10000_c2.0_lr0.01_bfull_s1,0.0467121
454000,B_w5_K10000_c2.0_lr0.01_bfull_s2,0.123962
454000,B_w5_K10000_c2.0_lr0.01_bfull_s3,0.130079
454000,B_w5_K10000_c2.0_lr0.01_bfull_s4,0.0985656
455000,B_w5_K10000_c0.0_lr0.01_bfull_s0,0.0304209
455000,B_w5_K10000_c0.0_lr0.01_bfull_s1,0.120778
455000,B_w5_K10000_c0.0_lr0.01_bfull_s2,0.0531056
455000,B_w5_K10000_c0.0_lr0.01_bfull_s3,0.0895971
455000,B_w5_K10000_c0.0_lr0.01_bfull_s4,0.0483026
455000,B_w5_K10000_c2.0_lr0.01_bfull_s0,0.0382387
455000,B_w5_K10000_c2.0_lr0.01_bfull_s1,0.0462101
455000,B_w5_K10000_c2.0_lr0.01_bfull_s2,0.106353
455000,B_w5_K10000_c2.0_lr0.01_bfull_s3,0.122993
455000,B_w5_K10000_c2.0_lr0.01_bfull_s4,0.0960876
456000,B_w5_K10000_c0.0_lr0.01_bfull_s0,0.0223584
456000,B_w5_K10000_c0.0_lr0.01_bfull_s1,0.112501
456000,B_w5_K10000_c0.0_lr0.01_bfull_s2,0.0405078
456000,B_w5_K10000_c0.0_lr0.01_bfull_s3,0.0737489
456000,B_w5_K10000_c0.0_lr0.01_bfull_s4,0.0462839
456000,B_w5_K10000_c2.0_lr0.01_bfull_s0,0.0250453
456000,B_w5_K10000_c2.0_lr0.01_bfull_s1,0.0455167
456000,B_w5_K10000_c2.0_lr0.01_bfull_s2,0.100026
456000,B_w5_K10000_c2.0_lr0.01_bfull_s3,0.114429
456000,B_w5_K10000_c2.0_lr0.01_bfull_s4,0.093233
457000,B_w5_K10000_c0.0_lr0.01_bfull_s0,0.0163047
457000,B_w5_K10000_c0.0_lr0.01_bfull_s1,0.0980704
457000,B_w5_K10000_c0.0_lr0.01_bfull_s2,0.0352509
457000,B_w5_K10000_c0.0_lr0.01_bfull_s3,0.0716889
457000,B_w5_K10000_c0.0_lr0.01_bfull_s4,0.0457908
457000,B_w5_K10000_c2.0_lr0.01_bfull_s0,0.0246531
457000,B_w5_K10000_c2.0_lr0.01_bfull_s1,0.0445555
457000,B_w5_K10000_c2.0_lr0.01_bfull_s2,0.0968611
457000,B_w5_K10000_c2.0_lr0.01_bfull_s3,0.107889
457000,B_w5_K10000_c2.0_lr0.01_bfull_s4,0.0907706
458000,B_w5_K10000_c0.0_lr0.01_bfull_s0,0.0128534
458000,B_w5_K10000_c0.0_lr0.01_bfull_s1,0.0747458
458000,B_w5_K10000_c0.0_lr0.01_bfull_s2,0.0334718
458000,B_w5_K10000_c0.0_lr0.01_bfull_s3,0.0716399
458000,B_w5_K10000_c0.0_lr0.01_bfull_s4,0.0449917
458000,B_w5_K10000_c2.0_lr0.01_bfull_s0,0.0245472
458000,B_w5_K10000_c2.0_lr0.01_bfull_s1,0.0432658
458000,B_w5_K10000_c2.0_lr0.01_bfull_s2,0.0914301
458000,B_w5_K10000_c2.0_lr0.01_bfull_s3,0.104831
458000,B_w5_K10000_c2.0_lr0.01_bfull_s4,0.0880926
459000,B_w5_K10000_c0.0_lr0.01_bfull_s0,0.0111891
459000,B_w5_K10000_c0.0_lr0.01_bfull_s1,0.0527969
459000,B_w5_K10000_c0.0_lr0.01_bfull_s2,0.0327465
459000,B_w5_K10000_c0.0_lr0.01_bfull_s3,0.0716644
459000,B_w5_K10000_c0.0_lr0.01_bfull_s4,0.0441629
459000,B_w5_K10000_c2.0_lr0.01_bfull_s0,0.0242853
459000,B_w5_K10000_c2.0_lr0.01_bfull_s1,0.0419831
459000,B_w5_K10000_c2.0_lr0.01_bfull_s2,0.0784587
459000,B_w5_K10000_c2.0_lr0.01_bfull_s3,0.102846
459000,B_w5_K10000_c2.0_lr0.01_bfull_s4,0.0842597
460000,B_w5_K10000_c0.0_lr0.01_bfull_s0,0.0104637
460000,B_w5_K10000_c0.0_lr0.01_bfull_s1,0.0436062
460000,B_w5_K10000_c0.0_lr0.01_bfull_s2,0.0322479
460000,B_w5_K10000_c0.0_lr0.01_bfull_s3,0.07164
460000,B_w5_K10000_c0.0_lr0.01_bfull_s4,0.0428405
460000,B_w5_K10000_c2.0_lr0.01_bfull_s0,0.0239735
460000,B_w5_K10000_c2.0_lr0.01_bfull_s1,0.0405822
460000,B_w5_K10000_c2.0_lr0.01_bfull_s2,0.060365
460000,B_w5_K10000_c2.0_lr0.01_bfull_s3,0.101296
460000,B_w5_K10000_c2.0_lr0.01_bfull_s4,0.0811577
461000,B_w5_K10000_c0.0_lr0.01_bfull_s0,0.335033
461000,B_w5_K10000_c0.0_lr0.01_bfull_s1,0.254641
461000,B_w5_K10000_c0.0_lr0.01_bfull_s2,0.199452
461000,B_w5_K10000_c0.0_lr0.01_bfull_s3,0.150938
461000,B_w5_K10000_c0.0_lr0.01_bfull_s4,0.268988
461000,B_w5_K10000_c2.0_lr0.01_bfull_s0,0.284849
461000,B_w5_K10000_c2.0_lr0.01_bfull_s1,0.144691
461000,B_w5_K10000_c2.0_lr0.01_bfull_s2,0.106705
461000,B_w5_K10000_c2.0_lr0.01_bfull_s3,0.225048
461000,B_w5_K10000_c2.0_lr0.01_bfull_s4,0.319247
462000,B_w5_K10000_c0.0_lr0.01_bfull_s0,0.17075
462000,B_w5_K10000_c0.0_lr0.01_bfull_s1,0.2096
462000,B_w5_K10000_c0.0_lr0.01_bfull_s2,0.0336548
462000,B_w5_K10000_c0.0_lr0.01_bfull_s3,0.125187
462000,B_w5_K10000_c0.0_lr0.01_bfull_s4,0.0928651
462000,B_w5_K10000_c2.0_lr0.01_bfull_s0,0.254533
462000,B_w5_K10000_c2.0_lr0.01_bfull_s1,0.0448997
462000,B_w5_K10000_c2.0_lr0.01_bfull_s2,0.0723273
462000,B_w5_K10000_c2.0_lr0.01_bfull_s3,0.190064
462000,B_w5_K10000_c2.0_lr0.01_bfull_s4,0.14059
463000,B_w5_K10000_c0.0_lr0.01_bfull_s0,0.117698
463000,B_w5_K10000_c0.0_lr0.01_bfull_s1,0.160467
463000,B_w5_K10000_c0.0_lr0.01_bfull_s2,0.0235385
463000,B_w5_K10000_c0.0_lr0.01_bfull_s3,0.0972562
463000,B_w5_K10000_c0.0_lr0.01_bfull_s4,0.0585056
463000,B_w5_K10000_c2.0_lr0.01_bfull_s0,0.252596
463000,B_w5_K10000_c2.0_lr0.01_bfull_s1,0.0251076
463000,B_w5_K10000_c2.0_lr0.01_bfull_s2,0.0712954
463000,B_w5_K10000_c2.0_lr0.01_bfull_s3,0.138817
463000,B_w5_K10000_c2.0_lr0.01_bfull_s4,0.128054
464000,B_w5_K10000_c0.0_lr0.01_bfull_s0,0.0853013
464000,B_w5_K10000_c0.0_lr0.01_bfull_s1,0.131492
464000,B_w5_K10000_c0.0_lr0.01_bfull_s2,0.0179668
464000,B_w5_K10000_c0.0_lr0.01_bfull_s3,0.0623199
464000,B_w5_K10000_c0.0_lr0.01_bfull_s4,0.042139
464000,B_w5_K10000_c2.0_lr0.01_bfull_s0,0.248937
464000,B_w5_K10000_c2.0_lr0.01_bfull_s1,0.0221977
464000,B_w5_K10000_c2.0_lr0.01_bfull_s2,0.0698057
464000,B_w5_K10000_c2.0_lr0.01_bfull_s3,0.101247
464000,B_w5_K10000_c2.0_lr0.01_bfull_s4,0.119452
465000,B_w5_K10000_c0.0_lr0.01_bfull_s0,0.0682925
465000,B_w5_K10000_c0.0_lr0.01_bfull_s1,0.123417
465000,B_w5_K10000_c0.0_lr0.01_bfull_s2,0.0152061
465000,B_w5_K10000_c0.0_lr0.01_bfull_s3,0.044033
465000,B_w5_K10000_c0.0_lr0.01_bfull_s4,0.0318196
465000,B_w5_K10000_c2.0_lr0.01_bfull_s0,0.234462
465000,B_w5_K10000_c2.0_lr0.01_bfull_s1,0.0207432
465000,B_w5_K10000_c2.0_lr0.01_bfull_s2,0.0658293
465000,B_w5_K10000_c2.0_lr0.01_bfull_s3,0.0974429
465000,B_w5_K10000_c2.0_lr0.01_bfull_s4,0.10197
466000,B_w5_K10000_c0.0_lr0.01_bfull_s0,0.0596647
466000,B_w5_K10000_c0.0_lr0.01_bfull_s1,0.109509
466000,B_w5_K10000_c0.0_lr0.01_bfull_s2,0.0140247
466000,B_w5_K10000_c0.0_lr0.01_bfull_s3,0.0363052
466000,B_w5_K10000_c0.0_lr0.01_bfull_s4,0.0250765
466000,B_w5_K10000_c2.0_lr0.01_bfull_s0,0.201791
466000,B_w5_K10000_c2.0_lr0.01_bfull_s1,0.0192196
466000,B_w5_K10000_c2.0_lr0.01_bfull_s2,0.0574571
466000,B_w5_K10000_c2.0_lr0.01_bfull_s3,0.0968236
466000,B_w5_K10000_c2.0_lr0.01_bfull_s4,0.0724072
467000,B_w5_K10000_c0.0_lr0.01_bfull_s0,0.0546363
467000,B_w5_K10000_c0.0_lr0.01_bfull_s1,0.0885441
467000,B_w5_K10000_c0.0_lr0.01_bfull_s2,0.0135731
467000,B_w5_K10000_c0.0_lr0.01_bfull_s3,0.0324697
467000,B_w5_K10000_c0.0_lr0.01_bfull_s4,0.0207728
467000,B_w5_K10000_c2.0_lr0.01_bfull_s0,0.180986
467000,B_w5_K10000_c2.0_lr0.01_bfull_s1,0.0175695
467000,B_w5_K10000_c2.0_lr0.01_bfull_s2,0.045072
467000,B_w5_K10000_c2.0_lr0.01_bfull_s3,0.096993
467000,B_w5_K10000_c2.0_lr0.01_bfull_s4,0.0597178
468000,B_w5_K10000_c0.0_lr0.01_bfull_s0,0.0499929
468000,B_w5_K10000_c0.0_lr0.01_bfull_s1,0.076301
468000,B_w5_K10000_c0.0_lr0.01_bfull_s2,0.0133739
468000,B_w5_K10000_c0.0_lr0.01_bfull_s3,0.0302369
468000,B_w5_K10000_c0.0_lr0.01_bfull_s4,0.0179758
468000,B_w5_K10000_c2.0_lr0.01_bfull_s0,0.172803
468000,B_w5_K10000_c2.0_lr0.01_bfull_s1,0.0161101
468000,B_w5_K10000_c2.0_lr0.01_bfull_s2,0.0367689
468000,B_w5_K10000_c2.0_lr0.01_bfull_s3,0.0970291
468000,B_w5_K10000_c2.0_lr0.01_bfull_s4,0.0581686
469000,B_w5_K10000_c0.0_lr0.01_bfull_s0,0.0453207
469000,B_w5_K10000_c0.0_lr0.01_bfull_s1,0.0724687
469000,B_w5_K10000_c0.0_lr0.01_bfull_s2,0.0133077
469000,B_w5_K10000_c0.0_lr0.01_bfull_s3,0.0290653
469000,B_w5_K10000_c0.0_lr0.01_bfull_s4,0.0161795
469000,B_w5_K10000_c2.0_lr0.01_bfull_s0,0.161368
469000,B_w5_K10000_c2.0_lr0.01_bfull_s1,0.0147742
469000,B_w5_K10000_c2.0_lr0.01_bfull_s2,0.0343606
469000,B_w5_K10000_c2.0_lr0.01_bfull_s3,0.0972009
469000,B_w5_K10000_c2.0_lr0.01_bfull_s4,0.0579031
470000,B_w5_K10000_c0.0_lr0.01_bfull_s0,0.0409098
470000,B_w5_K10000_c0.0_lr0.01_bfull_s1,0.0717156
470000,B_w5_K10000_c0.0_lr0.01_bfull_s2,0.0132493
470000,B_w5_K10000_c0.0_lr0.01_bfull_s3,0.0285128
470000,B_w5_K10000_c0.0_lr0.01_bfull_s4,0.0149652
470000,B_w5_K10000_c2.0_lr0.01_bfull_s0,0.124116
470000,B_w5_K10000_c2.0_lr0.01_bfull_s1,0.0138403
470000,B_w5_K10000_c2.0_lr0.01_bfull_s2,0.033874
470000,B_w5_K10000_c2.0_lr0.01_bfull_s3,0.0972445
470000,B_w5_K10000_c2.0_lr0.01_bfull_s4,0.0573925
471000,B_w5_K10000_c0.0_lr0.01_bfull_s0,0.113799
471000,B_w5_K10000_c0.0_lr0.01_bfull_s1,0.0977994
471000,B_w5_K10000_c0.0_lr0.01_bfull_s2,0.55961
471000,B_w5_K10000_c0.0_lr0.01_bfull_s3,0.181045
471000,B_w5_K10000_c0.0_lr0.01_bfull_s4,0.371799
471000,B_w5_K10000_c2.0_lr0.01_bfull_s0,0.137803
471000,B_w5_K10000_c2.0_lr0.01_bfull_s1,0.108343
471000,B_w5_K10000_c2.0_lr0.01_bfull_s2,0.245194
471000,B_w5_K10000_c2.0_lr0.01_bfull_s3,0.188833
471000,B_w5_K10000_c2.0_lr0.01_bfull_s4,0.391327
472000,B_w5_K10000_c0.0_lr0.01_bfull_s0,0.0493539
472000,B_w5_K10000_c0.0_lr0.01_bfull_s1,0.0661358
472000,B_w5_K10000_c0.0_lr0.01_bfull_s2,0.146069
472000,B_w5_K10000_c0.0_lr0.01_bfull_s3,0.135531
472000,B_w5_K10000_c0.0_lr0.01_bfull_s4,0.0968113
472000,B_w5_K10000_c2.0_lr0.01_bfull_s0,0.116841
472000,B_w5_K10000_c2.0_lr0.01_bfull_s1,0.0412171
472000,B_w5_K10000_c2.0_lr0.01_bfull_s2,0.229034
472000,B_w5_K10000_c2.0_lr0.01_bfull_s3,0.141663
472000,B_w5_K10000_c2.0_lr0.01_bfull_s4,0.0830508
473000,B_w5_K10000_c0.0_lr0.01_bfull_s0,0.0467146
473000,B_w5_K10000_c0.0_lr0.01_bfull_s1,0.0623517
473000,B_w5_K10000_c0.0_lr0.01_bfull_s2,0.132763
473000,B_w5_K10000_c0.0_lr0.01_bfull_s3,0.108563
473000,B_w5_K10000_c0.0_lr0.01_bfull_s4,0.0324515
473000,B_w5_K10000_c2.0_lr0.01_bfull_s0,0.116767
473000,B_w5_K10000_c2.0_lr0.01_bfull_s1,0.0324813
473000,B_w5_K10000_c2.0_lr0.01_bfull_s2,0.226557
473000,B_w5_K10000_c2.0_lr0.01_bfull_s3,0.109091
473000,B_w5_K10000_c2.0_lr0.01_bfull_s4,0.0332718
474000,B_w5_K10000_c0.0_lr0.01_bfull_s0,0.0454273
474000,B_w5_K10000_c0.0_lr0.01_bfull_s1,0.0565614
474000,B_w5_K10000_c0.0_lr0.01_bfull_s2,0.128309
474000,B_w5_K10000_c0.0_lr0.01_bfull_s3,0.0954459
474000,B_w5_K10000_c0.0_lr0.01_bfull_s4,0.0270499
474000,B_w5_K10000_c2.0_lr0.01_bfull_s0,0.116741
474000,B_w5_K10000_c2.0_lr0.01_bfull_s1,0.0311731
474000,B_w5_K10000_c2.0_lr0.01_bfull_s2,0.220713
474000,B_w5_K10000_c2.0_lr0.01_bfull_s3,0.0977879
474000,B_w5_K10000_c2.0_lr0.01_bfull_s4,0.0246443
475000,B_w5_K10000_c0.0_lr0.01_bfull_s0,0.0437457
475000,B_w5_K10000_c0.0_lr0.01_bfull_s1,0.0482698
475000,B_w5_K10000_c0.0_lr0.01_bfull_s2,0.119575
475000,B_w5_K10000_c0.0_lr0.01_bfull_s3,0.0856294
475000,B_w5_K10000_c0.0_lr0.01_bfull_s4,0.0252022
475000,B_w5_K10000_c2.0_lr0.01_bfull_s0,0.116594
475000,B_w5_K10000_c2.0_lr0.01_bfull_s1,0.030732
475000,B_w5_K10000_c2.0_lr0.01_bfull_s2,0.195656
475000,B_w5_K10000_c2.0_lr0.01_bfull_s3,0.0962436
475000,B_w5_K10000_c2.0_lr0.01_bfull_s4,0.0220372
476000,B_w5_K10000_c0.0_lr0.01_bfull_s0,0.0408589
476000,B_w5_K10000_c0.0_lr0.01_bfull_s1,0.0400793
476000,B_w5_K10000_c0.0_lr0.01_bfull_s2,0.104972
476000,B_w5_K10000_c0.0_lr0.01_bfull_s3,0.0754499
476000,B_w5_K10000_c0.0_lr0.01_bfull_s4,0.0241415
476000,B_w5_K10000_c2.0_lr0.01_bfull_s0,0.116508
476000,B_w5_K10000_c2.0_lr0.01_bfull_s1,0.0303454
476000,B_w5_K10000_c2.0_lr0.01_bfull_s2,0.138299
476000,B_w5_K10000_c2.0_lr0.01_bfull_s3,0.0964559
476000,B_w5_K10000_c2.0_lr0.01_bfull_s4,0.0209522
477000,B_w5_K10000_c0.0_lr0.01_bfull_s0,0.0361519
477000,B_w5_K10000_c0.0_lr0.01_bfull_s1,0.0336952
477000,B_w5_K10000_c0.0_lr0.01_bfull_s2,0.0866033
477000,B_w5_K10000_c0.0_lr0.01_bfull_s3,0.0660874
477000,B_w5_K10000_c0.0_lr0.01_bfull_s4,0.0230531
477000,B_w5_K10000_c2.0_lr0.01_bfull_s0,0.117196
477000,B_w5_K10000_c2.0_lr0.01_bfull_s1,0.0300818
477000,B_w5_K10000_c2.0_lr0.01_bfull_s2,0.0953634
477000,B_w5_K10000_c2.0_lr0.01_bfull_s3,0.0958311
477000,B_w5_K10000_c2.0_lr0.01_bfull_s4,0.0201689
478000,B_w5_K10000_c0.0_lr0.01_bfull_s0,0.0292013
478000,B_w5_K10000_c0.0_lr0.01_bfull_s1,0.0281801
478000,B_w5_K10000_c0.0_lr0.01_bfull_s2,0.0733674
478000,B_w5_K10000_c0.0_lr0.01_bfull_s3,0.0612983
478000,B_w5_K10000_c0.0_lr0.01_bfull_s4,0.0217755
478000,B_w5_K10000_c2.0_lr0.01_bfull_s0,0.116593
478000,B_w5_K10000_c2.0_lr0.01_bfull_s1,0.0299084
478000,B_w5_K10000_c2.0_lr0.01_bfull_s2,0.0744555
478000,B_w5_K10000_c2.0_lr0.01_bfull_s3,0.09558
478000,B_w5_K10000_c2.0_lr0.01_bfull_s4,0.0195067
479000,B_w5_K10000_c0.0_lr0.01_bfull_s0,0.0218925
479000,B_w5_K10000_c0.0_lr0.01_bfull_s1,0.0227661
479000,B_w5_K10000_c0.0_lr0.01_bfull_s2,0.0654795
479000,B_w5_K10000_c0.0_lr0.01_bfull_s3,0.0591013
479000,B_w5_K10000_c0.0_lr0.01_bfull_s4,0.0204804
479000,B_w5_K10000_c2.0_lr0.01_bfull_s0,0.116606
479000,B_w5_K10000_c2.0_lr0.01_bfull_s1,0.0296142
479000,B_w5_K10000_c2.0_lr0.01_bfull_s2,0.0705931
479000,B_w5_K10000_c2.0_lr0.01_bfull_s3,0.0951833
479000,B_w5_K10000_c2.0_lr0.01_bfull_s4,0.0189032
480000,B_w5_K10000_c0.0_lr0.01_bfull_s0,0.0169636
480000,B_w5_K10000_c0.0_lr0.01_bfull_s1,0.0175704
480000,B_w5_K10000_c0.0_lr0.01_bfull_s2,0.0607589
480000,B_w5_K10000_c0.0_lr0.01_bfull_s3,0.0576811
480000,B_w5_K10000_c0.0_lr0.01_bfull_s4,0.0190209
480000,B_w5_K10000_c2.0_lr0.01_bfull_s0,0.116636
480000,B_w5_K10000_c2.0_lr0.01_bfull_s1,0.0293647
480000,B_w5_K10000_c2.0_lr0.01_bfull_s2,0.0694169
480000,B_w5_K10000_c2.0_lr0.01_bfull_s3,0.0951476
480000,B_w5_K10000_c2.0_lr0.01_bfull_s4,0.0182293
481000,B_w5_K10000_c0.0_lr0.01_bfull_s0,0.221874
481000,B_w5_K10000_c0.0_lr0.01_bfull_s1,0.183726
481000,B_w5_K10000_c0.0_lr0.01_bfull_s2,0.289653
481000,B_w5_K10000_c0.0_lr0.01_bfull_s3,0.211015
481000,B_w5_K10000_c0.0_lr0.01_bfull_s4,0.236339
481000,B_w5_K10000_c2.0_lr0.01_bfull_s0,0.0794418
481000,B_w5_K10000_c2.0_lr0.01_bfull_s1,0.303357
481000,B_w5_K10000_c2.0_lr0.01_bfull_s2,0.0998697
481000,B_w5_K10000_c2.0_lr0.01_bfull_s3,0.140782
481000,B_w5_K10000_c2.0_lr0.01_bfull_s4,0.293549
482000,B_w5_K10000_c0.0_lr0.01_bfull_s0,0.0718358
482000,B_w5_K10000_c0.0_lr0.01_bfull_s1,0.16749
482000,B_w5_K10000_c0.0_lr0.01_bfull_s2,0.0534766
482000,B_w5_K10000_c0.0_lr0.01_bfull_s3,0.182418
482000,B_w5_K10000_c0.0_lr0.01_bfull_s4,0.0774129
482000,B_w5_K10000_c2.0_lr0.01_bfull_s0,0.0747885
482000,B_w5_K10000_c2.0_lr0.01_bfull_s1,0.095794
482000,B_w5_K10000_c2.0_lr0.01_bfull_s2,0.0556014
482000,B_w5_K10000_c2.0_lr0.01_bfull_s3,0.125371
482000,B_w5_K10000_c2.0_lr0.01_bfull_s4,0.167448
483000,B_w5_K10000_c0.0_lr0.01_bfull_s0,0.0678538
483000,B_w5_K10000_c0.0_lr0.01_bfull_s1,0.161125
483000,B_w5_K10000_c0.0_lr0.01_bfull_s2,0.043519
483000,B_w5_K10000_c0.0_lr0.01_bfull_s3,0.177864
483000,B_w5_K10000_c0.0_lr0.01_bfull_s4,0.0718447
483000,B_w5_K10000_c2.0_lr0.01_bfull_s0,0.0745126
483000,B_w5_K10000_c2.0_lr0.01_bfull_s1,0.0255394
483000,B_w5_K10000_c2.0_lr0.01_bfull_s2,0.054396
483000,B_w5_K10000_c2.0_lr0.01_bfull_s3,0.120264
483000,B_w5_K10000_c2.0_lr0.01_bfull_s4,0.14132
484000,B_w5_K10000_c0.0_lr0.01_bfull_s0,0.0647237
484000,B_w5_K10000_c0.0_lr0.01_bfull_s1,0.140992
484000,B_w5_K10000_c0.0_lr0.01_bfull_s2,0.039306
484000,B_w5_K10000_c0.0_lr0.01_bfull_s3,0.163436
484000,B_w5_K10000_c0.0_lr0.01_bfull_s4,0.0704052
484000,B_w5_K10000_c2.0_lr0.01_bfull_s0,0.074256
484000,B_w5_K10000_c2.0_lr0.01_bfull_s1,0.00750652
484000,B_w5_K10000_c2.0_lr0.01_bfull_s2,0.0542877
484000,B_w5_K10000_c2.0_lr0.01_bfull_s3,0.103552
484000,B_w5_K10000_c2.0_lr0.01_bfull_s4,0.127962
485000,B_w5_K10000_c0.0_lr0.01_bfull_s0,0.0586033
485000,B_w5_K10000_c0.0_lr0.01_bfull_s1,0.10513
485000,B_w5_K10000_c0.0_lr0.01_bfull_s2,0.0350532
485000,B_w5_K10000_c0.0_lr0.01_bfull_s3,0.127696
485000,B_w5_K10000_c0.0_lr0.01_bfull_s4,0.0698278
485000,B_w5_K10000_c2.0_lr0.01_bfull_s0,0.0737915
485000,B_w5_K10000_c2.0_lr0.01_bfull_s1,0.00487262
485000,B_w5_K10000_c2.0_lr0.01_bfull_s2,0.0539746
485000,B_w5_K10000_c2.0_lr0.01_bfull_s3,0.0602265
485000,B_w5_K10000_c2.0_lr0.01_bfull_s4,0.102261
486000,B_w5_K10000_c0.0_lr0.01_bfull_s0,0.0472224
486000,B_w5_K10000_c0.0_lr0.01_bfull_s1,0.0841168
486000,B_w5_K10000_c0.0_lr0.01_bfull_s2,0.0299046
486000,B_w5_K10000_c0.0_lr0.01_bfull_s3,0.0969347
486000,B_w5_K10000_c0.0_lr0.01_bfull_s4,0.0695974
486000,B_w5_K10000_c2.0_lr0.01_bfull_s0,0.0732399
486000,B_w5_K10000_c2.0_lr0.01_bfull_s1,0.00440705
486000,B_w5_K10000_c2.0_lr0.01_bfull_s2,0.0539207
486000,B_w5_K10000_c2.0_lr0.01_bfull_s3,0.0369982
486000,B_w5_K10000_c2.0_lr0.01_bfull_s4,0.0768355
487000,B_w5_K10000_c0.0_lr0.01_bfull_s0,0.0349093
487000,B_w5_K10000_c0.0_lr0.01_bfull_s1,0.0637222
487000,B_w5_K10000_c0.0_lr0.01_bfull_s2,0.02434
487000,B_w5_K10000_c0.0_lr0.01_bfull_s3,0.0884057
487000,B_w5_K10000_c0.0_lr0.01_bfull_s4,0.0693482
487000,B_w5_K10000_c2.0_lr0.01_bfull_s0,0.0720583
487000,B_w5_K10000_c2.0_lr0.01_bfull_s1,0.00426319
487000,B_w5_K10000_c2.0_lr0.01_bfull_s2,0.0537162
487000,B_w5_K10000_c2.0_lr0.01_bfull_s3,0.0346774
487000,B_w5_K10000_c2.0_lr0.01_bfull_s4,0.066316
488000,B_w5_K10000_c0.0_lr0.01_bfull_s0,0.029032
488000,B_w5_K10000_c0.0_lr0.01_bfull_s1,0.041982
488000,B_w5_K10000_c0.0_lr0.01_bfull_s2,0.0195118
488000,B_w5_K10000_c0.0_lr0.01_bfull_s3,0.0848623
488000,B_w5_K10000_c0.0_lr0.01_bfull_s4,0.0694484
488000,B_w5_K10000_c2.0_lr0.01_bfull_s0,0.069096
488000,B_w5_K10000_c2.0_lr0.01_bfull_s1,0.00419378
488000,B_w5_K10000_c2.0_lr0.01_bfull_s2,0.0535389
488000,B_w5_K10000_c2.0_lr0.01_bfull_s3,0.0346603
488000,B_w5_K10000_c2.0_lr0.01_bfull_s4,0.0624304
489000,B_w5_K10000_c0.0_lr0.01_bfull_s0,0.0270769
489000,B_w5_K10000_c0.0_lr0.01_bfull_s1,0.0335705
489000,B_w5_K10000_c0.0_lr0.01_bfull_s2,0.0158621
489000,B_w5_K10000_c0.0_lr0.01_bfull_s3,0.0827113
489000,B_w5_K10000_c0.0_lr0.01_bfull_s4,0.0695172
489000,B_w5_K10000_c2.0_lr0.01_bfull_s0,0.0646867
489000,B_w5_K10000_c2.0_lr0.01_bfull_s1,0.00416291
489000,B_w5_K10000_c2.0_lr0.01_bfull_s2,0.0533253
489000,B_w5_K10000_c2.0_lr0.01_bfull_s3,0.0345193
489000,B_w5_K10000_c2.0_lr0.01_bfull_s4,0.0603899
490000,B_w5_K10000_c0.0_lr0.01_bfull_s0,0.0262387
490000,B_w5_K10000_c0.0_lr0.01_bfull_s1,0.0312971
490000,B_w5_K10000_c0.0_lr0.01_bfull_s2,0.0131426
490000,B_w5_K10000_c0.0_lr0.01_bfull_s3,0.0809659
490000,B_w5_K10000_c0.0_lr0.01_bfull_s4,0.0693567
490000,B_w5_K10000_c2.0_lr0.01_bfull_s0,0.0555721
490000,B_w5_K10000_c2.0_lr0.01_bfull_s1,0.00413228
490000,B_w5_K10000_c2.0_lr0.01_bfull_s2,0.0527632
490000,B_w5_K10000_c2.0_lr0.01_bfull_s3,0.0345254
490000,B_w5_K10000_c2.0_lr0.01_bfull_s4,0.0581917
491000,B_w5_K10000_c0.0_lr0.01_bfull_s0,0.293879
491000,B_w5_K10000_c0.0_lr0.01_bfull_s1,0.063996
491000,B_w5_K10000_c0.0_lr0.01_bfull_s2,0.464378
491000,B_w5_K10000_c0.0_lr0.01_bfull_s3,0.230351
491000,B_w5_K10000_c0.0_lr0.01_bfull_s4,0.27727
491000,B_w5_K10000_c2.0_lr0.01_bfull_s0,0.198739
491000,B_w5_K10000_c2.0_lr0.01_bfull_s1,0.24834
491000,B_w5_K10000_c2.0_lr0.01_bfull_s2,0.174622
491000,B_w5_K10000_c2.0_lr0.01_bfull_s3,0.154879
491000,B_w5_K10000_c2.0_lr0.01_bfull_s4,0.154342
492000,B_w5_K10000_c0.0_lr0.01_bfull_s0,0.0805615
492000,B_w5_K10000_c0.0_lr0.01_bfull_s1,0.0344327
492000,B_w5_K10000_c0.0_lr0.01_bfull_s2,0.167214
492000,B_w5_K10000_c0.0_lr0.01_bfull_s3,0.16769
492000,B_w5_K10000_c0.0_lr0.01_bfull_s4,0.0828219
492000,B_w5_K10000_c2.0_lr0.01_bfull_s0,0.185897
492000,B_w5_K10000_c2.0_lr0.01_bfull_s1,0.154365
492000,B_w5_K10000_c2.0_lr0.01_bfull_s2,0.164911
492000,B_w5_K10000_c2.0_lr0.01_bfull_s3,0.128776
492000,B_w5_K10000_c2.0_lr0.01_bfull_s4,0.0389972
493000,B_w5_K10000_c0.0_lr0.01_bfull_s0,0.0459735
493000,B_w5_K10000_c0.0_lr0.01_bfull_s1,0.0341643
493000,B_w5_K10000_c0.0_lr0.01_bfull_s2,0.112057
493000,B_w5_K10000_c0.0_lr0.01_bfull_s3,0.108377
493000,B_w5_K10000_c0.0_lr0.01_bfull_s4,0.0614653
493000,B_w5_K10000_c2.0_lr0.01_bfull_s0,0.182372
493000,B_w5_K10000_c2.0_lr0.01_bfull_s1,0.142121
493000,B_w5_K10000_c2.0_lr0.01_bfull_s2,0.161962
493000,B_w5_K10000_c2.0_lr0.01_bfull_s3,0.10436
493000,B_w5_K10000_c2.0_lr0.01_bfull_s4,0.0344869
494000,B_w5_K10000_c0.0_lr0.01_bfull_s0,0.0390023
494000,B_w5_K10000_c0.0_lr0.01_bfull_s1,0.0340489
494000,B_w5_K10000_c0.0_lr0.01_bfull_s2,0.0981478
494000,B_w5_K10000_c0.0_lr0.01_bfull_s3,0.0741805
494000,B_w5_K10000_c0.0_lr0.01_bfull_s4,0.0523236
494000,B_w5_K10000_c2.0_lr0.01_bfull_s0,0.172473
494000,B_w5_K10000_c2.0_lr0.01_bfull_s1,0.128837
494000,B_w5_K10000_c2.0_lr0.01_bfull_s2,0.156172
494000,B_w5_K10000_c2.0_lr0.01_bfull_s3,0.0753736
494000,B_w5_K10000_c2.0_lr0.01_bfull_s4,0.0334696
495000,B_w5_K10000_c0.0_lr0.01_bfull_s0,0.0292328
495000,B_w5_K10000_c0.0_lr0.01_bfull_s1,0.0341507
495000,B_w5_K10000_c0.0_lr0.01_bfull_s2,0.0942738
495000,B_w5_K10000_c0.0_lr0.01_bfull_s3,0.0623857
495000,B_w5_K10000_c0.0_lr0.01_bfull_s4,0.0437076
495000,B_w5_K10000_c2.0_lr0.01_bfull_s0,0.141164
495000,B_w5_K10000_c2.0_lr0.01_bfull_s1,0.0901241
495000,B_w5_K10000_c2.0_lr0.01_bfull_s2,0.143443
495000,B_w5_K10000_c2.0_lr0.01_bfull_s3,0.0684311
495000,B_w5_K10000_c2.0_lr0.01_bfull_s4,0.0328868
496000,B_w5_K10000_c0.0_lr0.01_bfull_s0,0.0163858
496000,B_w5_K10000_c0.0_lr0.01_bfull_s1,0.0340498
496000,B_w5_K10000_c0.0_lr0.01_bfull_s2,0.0920622
496000,B_w5_K10000_c0.0_lr0.01_bfull_s3,0.0575691
496000,B_w5_K10000_c0.0_lr0.01_bfull_s4,0.0347694
496000,B_w5_K10000_c2.0_lr0.01_bfull_s0,0.0981108
496000,B_w5_K10000_c2.0_lr0.01_bfull_s1,0.0471248
496000,B_w5_K10000_c2.0_lr0.01_bfull_s2,0.128407
496000,B_w5_K10000_c2.0_lr0.01_bfull_s3,0.0670659
496000,B_w5_K10000_c2.0_lr0.01_bfull_s4,0.0326016
497000,B_w5_K10000_c0.0_lr0.01_bfull_s0,0.00796417
497000,B_w5_K10000_c0.0_lr0.01_bfull_s1,0.0340795
497000,B_w5_K10000_c0.0_lr0.01_bfull_s2,0.0897942
497000,B_w5_K10000_c0.0_lr0.01_bfull_s3,0.0524528
497000,B_w5_K10000_c0.0_lr0.01_bfull_s4,0.0270512
497000,B_w5_K10000_c2.0_lr0.01_bfull_s0,0.0749234
497000,B_w5_K10000_c2.0_lr0.01_bfull_s1,0.0372288
497000,B_w5_K10000_c2.0_lr0.01_bfull_s2,0.118727
497000,B_w5_K10000_c2.0_lr0.01_bfull_s3,0.065854
497000,B_w5_K10000_c2.0_lr0.01_bfull_s4,0.0318387
498000,B_w5_K10000_c0.0_lr0.01_bfull_s0,0.00478884
498000,B_w5_K10000_c0.0_lr0.01_bfull_s1,0.0339803
498000,B_w5_K10000_c0.0_lr0.01_bfull_s2,0.0856325
498000,B_w5_K10000_c0.0_lr0.01_bfull_s3,0.0426522
498000,B_w5_K10000_c0.0_lr0.01_bfull_s4,0.0217782
498000,B_w5_K10000_c2.0_lr0.01_bfull_s0,0.0632088
498000,B_w5_K10000_c2.0_lr0.01_bfull_s1,0.0329257
498000,B_w5_K10000_c2.0_lr0.01_bfull_s2,0.112495
498000,B_w5_K10000_c2.0_lr0.01_bfull_s3,0.0631897
498000,B_w5_K10000_c2.0_lr0.01_bfull_s4,0.0309039
499000,B_w5_K10000_c0.0_lr0.01_bfull_s0,0.00366149
499000,B_w5_K10000_c0.0_lr0.01_bfull_s1,0.0339854
499000,B_w5_K10000_c0.0_lr0.01_bfull_s2,0.0771409
499000,B_w5_K10000_c0.0_lr0.01_bfull_s3,0.0253347
499000,B_w5_K10000_c0.0_lr0.01_bfull_s4,0.0185799
499000,B_w5_K10000_c2.0_lr0.01_bfull_s0,0.0579744
499000,B_w5_K10000_c2.0_lr0.01_bfull_s1,0.0282692
499000,B_w5_K10000_c2.0_lr0.01_bfull_s2,0.107996
499000,B_w5_K10000_c2.0_lr0.01_bfull_s3,0.0579079
499000,B_w5_K10000_c2.0_lr0.01_bfull_s4,0.0296312
500000,B_w5_K10000_c0.0_lr0.01_bfull_s0,0.00319654
500000,B_w5_K10000_c0.0_lr0.01_bfull_s1,0.0339831
500000,B_w5_K10000_c0.0_lr0.01_bfull_s2,0.0630512
500000,B_w5_K10000_c0.0_lr0.01_bfull_s3,0.0103868
500000,B_w5_K10000_c0.0_lr0.01_bfull_s4,0.0167517
500000,B_w5_K10000_c2.0_lr0.01_bfull_s0,0.0550635
500000,B_w5_K10000_c2.0_lr0.01_bfull_s1,0.0232524
500000,B_w5_K10000_c2.0_lr0.01_bfull_s2,0.105059
500000,B_w5_K10000_c2.0_lr0.01_bfull_s3,0.050199
500000,B_w5_K10000_c2.0_lr0.01_bfull_s4,0.0276468
501000,B_w5_K10000_c0.0_lr0.01_bfull_s0,0.303385
501000,B_w5_K10000_c0.0_lr0.01_bfull_s1,0.153591
501000,B_w5_K10000_c0.0_lr0.01_bfull_s2,0.224003
501000,B_w5_K10000_c0.0_lr0.01_bfull_s3,0.172882
501000,B_w5_K10000_c0.0_lr0.01_bfull_s4,0.295302
501000,B_w5_K10000_c2.0_lr0.01_bfull_s0,0.245704
501000,B_w5_K10000_c2.0_lr0.01_bfull_s1,0.175214
501000,B_w5_K10000_c2.0_lr0.01_bfull_s2,0.300262
501000,B_w5_K10000_c2.0_lr0.01_bfull_s3,0.191174
501000,B_w5_K10000_c2.0_lr0.01_bfull_s4,0.376536
502000,B_w5_K10000_c0.0_lr0.01_bfull_s0,0.0850563
502000,B_w5_K10000_c0.0_lr0.01_bfull_s1,0.143393
502000,B_w5_K10000_c0.0_lr0.01_bfull_s2,0.114639
502000,B_w5_K10000_c0.0_lr0.01_bfull_s3,0.135546
502000,B_w5_K10000_c0.0_lr0.01_bfull_s4,0.0834064
502000,B_w5_K10000_c2.0_lr0.01_bfull_s0,0.212681
502000,B_w5_K10000_c2.0_lr0.01_bfull_s1,0.134204
502000,B_w5_K10000_c2.0_lr0.01_bfull_s2,0.26253
502000,B_w5_K10000_c2.0_lr0.01_bfull_s3,0.175121
502000,B_w5_K10000_c2.0_lr0.01_bfull_s4,0.170865
503000,B_w5_K10000_c0.0_lr0.01_bfull_s0,0.0613778
503000,B_w5_K10000_c0.0_lr0.01_bfull_s1,0.142936
503000,B_w5_K10000_c0.0_lr0.01_bfull_s2,0.0855974
503000,B_w5_K10000_c0.0_lr0.01_bfull_s3,0.10396
503000,B_w5_K10000_c0.0_lr0.01_bfull_s4,0.0375794
503000,B_w5_K10000_c2.0_lr0.01_bfull_s0,0.199767
503000,B_w5_K10000_c2.0_lr0.01_bfull_s1,0.130143
503000,B_w5_K10000_c2.0_lr0.01_bfull_s2,0.259975
503000,B_w5_K10000_c2.0_lr0.01_bfull_s3,0.169655
503000,B_w5_K10000_c2.0_lr0.01_bfull_s4,0.134698
504000,B_w5_K10000_c0.0_lr0.01_bfull_s0,0.0597247
504000,B_w5_K10000_c0.0_lr0.01_bfull_s1,0.140882
504000,B_w5_K10000_c0.0_lr0.01_bfull_s2,0.0507438
504000,B_w5_K10000_c0.0_lr0.01_bfull_s3,0.0631395
504000,B_w5_K10000_c0.0_lr0.01_bfull_s4,0.0314787
504000,B_w5_K10000_c2.0_lr0.01_bfull_s0,0.146019
504000,B_w5_K10000_c2.0_lr0.01_bfull_s1,0.123065
504000,B_w5_K10000_c2.0_lr0.01_bfull_s2,0.254666
504000,B_w5_K10000_c2.0_lr0.01_bfull_s3,0.146875
504000,B_w5_K10000_c2.0_lr0.01_bfull_s4,0.116585
505000,B_w5_K10000_c0.0_lr0.01_bfull_s0,0.0593269
505000,B_w5_K10000_c0.0_lr0.01_bfull_s1,0.134031
505000,B_w5_K10000_c0.0_lr0.01_bfull_s2,0.0332667
505000,B_w5_K10000_c0.0_lr0.01_bfull_s3,0.0531239
505000,B_w5_K10000_c0.0_lr0.01_bfull_s4,0.0298699
505000,B_w5_K10000_c2.0_lr0.01_bfull_s0,0.0996272
505000,B_w5_K10000_c2.0_lr0.01_bfull_s1,0.107952
505000,B_w5_K10000_c2.0_lr0.01_bfull_s2,0.232465
505000,B_w5_K10000_c2.0_lr0.01_bfull_s3,0.109212
505000,B_w5_K10000_c2.0_lr0.01_bfull_s4,0.10915
506000,B_w5_K10000_c0.0_lr0.01_bfull_s0,0.0592189
506000,B_w5_K10000_c0.0_lr0.01_bfull_s1,0.101814
506000,B_w5_K10000_c0.0_lr0.01_bfull_s2,0.0257373
506000,B_w5_K10000_c0.0_lr0.01_bfull_s3,0.0521723
506000,B_w5_K10000_c0.0_lr0.01_bfull_s4,0.028022
506000,B_w5_K10000_c2.0_lr0.01_bfull_s0,0.0806025
506000,B_w5_K10000_c2.0_lr0.01_bfull_s1,0.0834703
506000,B_w5_K10000_c2.0_lr0.01_bfull_s2,0.200153
506000,B_w5_K10000_c2.0_lr0.01_bfull_s3,0.0977978
506000,B_w5_K10000_c2.0_lr0.01_bfull_s4,0.102387
507000,B_w5_K10000_c0.0_lr0.01_bfull_s0,0.0588736
507000,B_w5_K10000_c0.0_lr0.01_bfull_s1,0.0528337
507000,B_w5_K10000_c0.0_lr0.01_bfull_s2,0.0217094
507000,B_w5_K10000_c0.0_lr0.01_bfull_s3,0.0520154
507000,B_w5_K10000_c0.0_lr0.01_bfull_s4,0.0251956
507000,B_w5_K10000_c2.0_lr0.01_bfull_s0,0.0561603
507000,B_w5_K10000_c2.0_lr0.01_bfull_s1,0.06692
507000,B_w5_K10000_c2.0_lr0.01_bfull_s2,0.187609
507000,B_w5_K10000_c2.0_lr0.01_bfull_s3,0.0965516
507000,B_w5_K10000_c2.0_lr0.01_bfull_s4,0.0914137
508000,B_w5_K10000_c0.0_lr0.01_bfull_s0,0.0588324
508000,B_w5_K10000_c0.0_lr0.01_bfull_s1,0.0430535
508000,B_w5_K10000_c0.0_lr0.01_bfull_s2,0.0193762
508000,B_w5_K10000_c0.0_lr0.01_bfull_s3,0.0517718
508000,B_w5_K10000_c0.0_lr0.01_bfull_s4,0.0211659
508000,B_w5_K10000_c2.0_lr0.01_bfull_s0,0.0409588
508000,B_w5_K10000_c2.0_lr0.01_bfull_s1,0.0610525
508000,B_w5_K10000_c2.0_lr0.01_bfull_s2,0.179266
508000,B_w5_K10000_c2.0_lr0.01_bfull_s3,0.0940446
508000,B_w5_K10000_c2.0_lr0.01_bfull_s4,0.0745524
509000,B_w5_K10000_c0.0_lr0.01_bfull_s0,0.0590144
509000,B_w5_K10000_c0.0_lr0.01_bfull_s1,0.0424218
509000,B_w5_K10000_c0.0_lr0.01_bfull_s2,0.017797
509000,B_w5_K10000_c0.0_lr0.01_bfull_s3,0.051528
509000,B_w5_K10000_c0.0_lr0.01_bfull_s4,0.0166321
509000,B_w5_K10000_c2.0_lr0.01_bfull_s0,0.0352649
509000,B_w5_K10000_c2.0_lr0.01_bfull_s1,0.056658
509000,B_w5_K10000_c2.0_lr0.01_bfull_s2,0.170392
509000,B_w5_K10000_c2.0_lr0.01_bfull_s3,0.0878867
509000,B_w5_K10000_c2.0_lr0.01_bfull_s4,0.060158
510000,B_w5_K10000_c0.0_lr0.01_bfull_s0,0.0587423
510000,B_w5_K10000_c0.0_lr0.01_bfull_s1,0.0424541
510000,B_w5_K10000_c0.0_lr0.01_bfull_s2,0.0167323
510000,B_w5_K10000_c0.0_lr0.01_bfull_s3,0.0514786
510000,B_w5_K10000_c0.0_lr0.01_bfull_s4,0.0125333
510000,B_w5_K10000_c2.0_lr0.01_bfull_s0,0.0314756
510000,B_w5_K10000_c2.0_lr0.01_bfull_s1,0.051978
510000,B_w5_K10000_c2.0_lr0.01_bfull_s2,0.164922
510000,B_w5_K10000_c2.0_lr0.01_bfull_s3,0.0686202
510000,B_w5_K10000_c2.0_lr0.01_bfull_s4,0.0515943
511000,B_w5_K10000_c0.0_lr0.01_bfull_s0,0.288366
511000,B_w5_K10000_c0.0_lr0.01_bfull_s1,0.172731
511000,B_w5_K10000_c0.0_lr0.01_bfull_s2,0.156338
511000,B_w5_K10000_c0.0_lr0.01_bfull_s3,0.0812446
511000,B_w5_K10000_c0.0_lr0.01_bfull_s4,0.258567
511000,B_w5_K10000_c2.0_lr0.01_bfull_s0,0.164544
511000,B_w5_K10000_c2.0_lr0.01_bfull_s1,0.275928
511000,B_w5_K10000_c2.0_lr0.01_bfull_s2,0.093873
511000,B_w5_K10000_c2.0_lr0.01_bfull_s3,0.110393
511000,B_w5_K10000_c2.0_lr0.01_bfull_s4,0.247749
512000,B_w5_K10000_c0.0_lr0.01_bfull_s0,0.131501
512000,B_w5_K10000_c0.0_lr0.01_bfull_s1,0.140821
512000,B_w5_K10000_c0.0_lr0.01_bfull_s2,0.0751657
512000,B_w5_K10000_c0.0_lr0.01_bfull_s3,0.0653456
512000,B_w5_K10000_c0.0_lr0.01_bfull_s4,0.0723395
512000,B_w5_K10000_c2.0_lr0.01_bfull_s0,0.121916
512000,B_w5_K10000_c2.0_lr0.01_bfull_s1,0.0722549
512000,B_w5_K10000_c2.0_lr0.01_bfull_s2,0.0605082
512000,B_w5_K10000_c2.0_lr0.01_bfull_s3,0.0829647
512000,B_w5_K10000_c2.0_lr0.01_bfull_s4,0.0914965
513000,B_w5_K10000_c0.0_lr0.01_bfull_s0,0.104727
513000,B_w5_K10000_c0.0_lr0.01_bfull_s1,0.140215
513000,B_w5_K10000_c0.0_lr0.01_bfull_s2,0.0518814
513000,B_w5_K10000_c0.0_lr0.01_bfull_s3,0.0647544
513000,B_w5_K10000_c0.0_lr0.01_bfull_s4,0.0518284
513000,B_w5_K10000_c2.0_lr0.01_bfull_s0,0.113176
513000,B_w5_K10000_c2.0_lr0.01_bfull_s1,0.0428847
513000,B_w5_K10000_c2.0_lr0.01_bfull_s2,0.0578385
513000,B_w5_K10000_c2.0_lr0.01_bfull_s3,0.0828014
513000,B_w5_K10000_c2.0_lr0.01_bfull_s4,0.0874428
514000,B_w5_K10000_c0.0_lr0.01_bfull_s0,0.0807381
514000,B_w5_K10000_c0.0_lr0.01_bfull_s1,0.140142
514000,B_w5_K10000_c0.0_lr0.01_bfull_s2,0.0438721
514000,B_w5_K10000_c0.0_lr0.01_bfull_s3,0.0645332
514000,B_w5_K10000_c0.0_lr0.01_bfull_s4,0.0416576
514000,B_w5_K10000_c2.0_lr0.01_bfull_s0,0.0840292
514000,B_w5_K10000_c2.0_lr0.01_bfull_s1,0.0242069
514000,B_w5_K10000_c2.0_lr0.01_bfull_s2,0.0529818
514000,B_w5_K10000_c2.0_lr0.01_bfull_s3,0.0822975
514000,B_w5_K10000_c2.0_lr0.01_bfull_s4,0.0855905
515000,B_w5_K10000_c0.0_lr0.01_bfull_s0,0.0616463
515000,B_w5_K10000_c0.0_lr0.01_bfull_s1,0.139404
515000,B_w5_K10000_c0.0_lr0.01_bfull_s2,0.0399933
515000,B_w5_K10000_c0.0_lr0.01_bfull_s3,0.0637082
515000,B_w5_K10000_c0.0_lr0.01_bfull_s4,0.0363009
515000,B_w5_K10000_c2.0_lr0.01_bfull_s0,0.0425874
515000,B_w5_K10000_c2.0_lr0.01_bfull_s1,0.0196502
515000,B_w5_K10000_c2.0_lr0.01_bfull_s2,0.0416093
515000,B_w5_K10000_c2.0_lr0.01_bfull_s3,0.0814174
515000,B_w5_K10000_c2.0_lr0.01_bfull_s4,0.0837912
516000,B_w5_K10000_c0.0_lr0.01_bfull_s0,0.0526902
516000,B_w5_K10000_c0.0_lr0.01_bfull_s1,0.138496
516000,B_w5_K10000_c0.0_lr0.01_bfull_s2,0.0370245
516000,B_w5_K10000_c0.0_lr0.01_bfull_s3,0.0624668
516000,B_w5_K10000_c0.0_lr0.01_bfull_s4,0.0329159
516000,B_w5_K10000_c2.0_lr0.01_bfull_s0,0.029928
516000,B_w5_K10000_c2.0_lr0.01_bfull_s1,0.0191907
516000,B_w5_K10000_c2.0_lr0.01_bfull_s2,0.0262616
516000,B_w5_K10000_c2.0_lr0.01_bfull_s3,0.0788949
516000,B_w5_K10000_c2.0_lr0.01_bfull_s4,0.0817789
517000,B_w5_K10000_c0.0_lr0.01_bfull_s0,0.0496983
517000,B_w5_K10000_c0.0_lr0.01_bfull_s1,0.136724
517000,B_w5_K10000_c0.0_lr0.01_bfull_s2,0.0343755
517000,B_w5_K10000_c0.0_lr0.01_bfull_s3,0.0609054
517000,B_w5_K10000_c0.0_lr0.01_bfull_s4,0.0301951
517000,B_w5_K10000_c2.0_lr0.01_bfull_s0,0.0288894
517000,B_w5_K10000_c2.0_lr0.01_bfull_s1,0.0190409
517000,B_w5_K10000_c2.0_lr0.01_bfull_s2,0.017506
517000,B_w5_K10000_c2.0_lr0.01_bfull_s3,0.0726058
517000,B_w5_K10000_c2.0_lr0.01_bfull_s4,0.079057
518000,B_w5_K10000_c0.0_lr0.01_bfull_s0,0.0482438
518000,B_w5_K10000_c0.0_lr0.01_bfull_s1,0.133415
518000,B_w5_K10000_c0.0_lr0.01_bfull_s2,0.0321854
518000,B_w5_K10000_c0.0_lr0.01_bfull_s3,0.0585215
518000,B_w5_K10000_c0.0_lr0.01_bfull_s4,0.0275098
518000,B_w5_K10000_c2.0_lr0.01_bfull_s0,0.0286785
518000,B_w5_K10000_c2.0_lr0.01_bfull_s1,0.019022
518000,B_w5_K10000_c2.0_lr0.01_bfull_s2,0.0153645
518000,B_w5_K10000_c2.0_lr0.01_bfull_s3,0.0604225
518000,B_w5_K10000_c2.0_lr0.01_bfull_s4,0.0760857
519000,B_w5_K10000_c0.0_lr0.01_bfull_s0,0.0477266
519000,B_w5_K10000_c0.0_lr0.01_bfull_s1,0.126637
519000,B_w5_K10000_c0.0_lr0.01_bfull_s2,0.0306493
519000,B_w5_K10000_c0.0_lr0.01_bfull_s3,0.054904
519000,B_w5_K10000_c0.0_lr0.01_bfull_s4,0.0247262
519000,B_w5_K10000_c2.0_lr0.01_bfull_s0,0.028632
519000,B_w5_K10000_c2.0_lr0.01_bfull_s1,0.0189128
519000,B_w5_K10000_c2.0_lr0.01_bfull_s2,0.0149779
519000,B_w5_K10000_c2.0_lr0.01_bfull_s3,0.0472949
519000,B_w5_K10000_c2.0_lr0.01_bfull_s4,0.0721015
520000,B_w5_K10000_c0.0_lr0.01_bfull_s0,0.0471918
520000,B_w5_K10000_c0.0_lr0.01_bfull_s1,0.108249
520000,B_w5_K10000_c0.0_lr0.01_bfull_s2,0.0292165
520000,B_w5_K10000_c0.0_lr0.01_bfull_s3,0.0497541
520000,B_w5_K10000_c0.0_lr0.01_bfull_s4,0.0218955
520000,B_w5_K10000_c2.0_lr0.01_bfull_s0,0.0287125
520000,B_w5_K10000_c2.0_lr0.01_bfull_s1,0.0189814
520000,B_w5_K10000_c2.0_lr0.01_bfull_s2,0.0149279
520000,B_w5_K10000_c2.0_lr0.01_bfull_s3,0.0410152
520000,B_w5_K10000_c2.0_lr0.01_bfull_s4,0.0668805
521000,B_w5_K10000_c0.0_lr0.01_bfull_s0,0.227077
521000,B_w5_K10000_c0.0_lr0.01_bfull_s1,0.177899
521000,B_w5_K10000_c0.0_lr0.01_bfull_s2,0.358058
521000,B_w5_K10000_c0.0_lr0.01_bfull_s3,0.151903
521000,B_w5_K10000_c0.0_lr0.01_bfull_s4,0.593739
521000,B_w5_K10000_c2.0_lr0.01_bfull_s0,0.235943
521000,B_w5_K10000_c2.0_lr0.01_bfull_s1,0.286941
521000,B_w5_K10000_c2.0_lr0.01_bfull_s2,0.0674885
521000,B_w5_K10000_c2.0_lr0.01_bfull_s3,0.0892637
521000,B_w5_K10000_c2.0_lr0.01_bfull_s4,0.355595
522000,B_w5_K10000_c0.0_lr0.01_bfull_s0,0.0780266
522000,B_w5_K10000_c0.0_lr0.01_bfull_s1,0.128364
522000,B_w5_K10000_c0.0_lr0.01_bfull_s2,0.0911969
522000,B_w5_K10000_c0.0_lr0.01_bfull_s3,0.141633
522000,B_w5_K10000_c0.0_lr0.01_bfull_s4,0.148371
522000,B_w5_K10000_c2.0_lr0.01_bfull_s0,0.205748
522000,B_w5_K10000_c2.0_lr0.01_bfull_s1,0.121853
522000,B_w5_K10000_c2.0_lr0.01_bfull_s2,0.0519289
522000,B_w5_K10000_c2.0_lr0.01_bfull_s3,0.0751349
522000,B_w5_K10000_c2.0_lr0.01_bfull_s4,0.142802
523000,B_w5_K10000_c0.0_lr0.01_bfull_s0,0.0472295
523000,B_w5_K10000_c0.0_lr0.01_bfull_s1,0.0805179
523000,B_w5_K10000_c0.0_lr0.01_bfull_s2,0.0343266
523000,B_w5_K10000_c0.0_lr0.01_bfull_s3,0.140189
523000,B_w5_K10000_c0.0_lr0.01_bfull_s4,0.097937
523000,B_w5_K10000_c2.0_lr0.01_bfull_s0,0.191871
523000,B_w5_K10000_c2.0_lr0.01_bfull_s1,0.116009
523000,B_w5_K10000_c2.0_lr0.01_bfull_s2,0.0508751
523000,B_w5_K10000_c2.0_lr0.01_bfull_s3,0.0750375
523000,B_w5_K10000_c2.0_lr0.01_bfull_s4,0.116711
524000,B_w5_K10000_c0.0_lr0.01_bfull_s0,0.0359122
524000,B_w5_K10000_c0.0_lr0.01_bfull_s1,0.0711871
524000,B_w5_K10000_c0.0_lr0.01_bfull_s2,0.0192926
524000,B_w5_K10000_c0.0_lr0.01_bfull_s3,0.138426
524000,B_w5_K10000_c0.0_lr0.01_bfull_s4,0.0775842
524000,B_w5_K10000_c2.0_lr0.01_bfull_s0,0.159875
524000,B_w5_K10000_c2.0_lr0.01_bfull_s1,0.103253
524000,B_w5_K10000_c2.0_lr0.01_bfull_s2,0.0509103
524000,B_w5_K10000_c2.0_lr0.01_bfull_s3,0.0749216
524000,B_w5_K10000_c2.0_lr0.01_bfull_s4,0.0826802
525000,B_w5_K10000_c0.0_lr0.01_bfull_s0,0.030529
525000,B_w5_K10000_c0.0_lr0.01_bfull_s1,0.064627
525000,B_w5_K10000_c0.0_lr0.01_bfull_s2,0.0143151
525000,B_w5_K10000_c0.0_lr0.01_bfull_s3,0.134487
525000,B_w5_K10000_c0.0_lr0.01_bfull_s4,0.0754583
525000,B_w5_K10000_c2.0_lr0.01_bfull_s0,0.134563
525000,B_w5_K10000_c2.0_lr0.01_bfull_s1,0.0591469
525000,B_w5_K10000_c2.0_lr0.01_bfull_s2,0.0507194
525000,B_w5_K10000_c2.0_lr0.01_bfull_s3,0.0747076
525000,B_w5_K10000_c2.0_lr0.01_bfull_s4,0.0683924
526000,B_w5_K10000_c0.0_lr0.01_bfull_s0,0.0281478
526000,B_w5_K10000_c0.0_lr0.01_bfull_s1,0.0539384
526000,B_w5_K10000_c0.0_lr0.01_bfull_s2,0.0129116
526000,B_w5_K10000_c0.0_lr0.01_bfull_s3,0.127333
526000,B_w5_K10000_c0.0_lr0.01_bfull_s4,0.0752791
526000,B_w5_K10000_c2.0_lr0.01_bfull_s0,0.12277
526000,B_w5_K10000_c2.0_lr0.01_bfull_s1,0.0278608
526000,B_w5_K10000_c2.0_lr0.01_bfull_s2,0.050741
526000,B_w5_K10000_c2.0_lr0.01_bfull_s3,0.0750451
526000,B_w5_K10000_c2.0_lr0.01_bfull_s4,0.0625539
527000,B_w5_K10000_c0.0_lr0.01_bfull_s0,0.0271079
527000,B_w5_K10000_c0.0_lr0.01_bfull_s1,0.0441078
527000,B_w5_K10000_c0.0_lr0.01_bfull_s2,0.0124455
527000,B_w5_K10000_c0.0_lr0.01_bfull_s3,0.113761
527000,B_w5_K10000_c0.0_lr0.01_bfull_s4,0.0750346
527000,B_w5_K10000_c2.0_lr0.01_bfull_s0,0.109412
527000,B_w5_K10000_c2.0_lr0.01_bfull_s1,0.0221713
527000,B_w5_K10000_c2.0_lr0.01_bfull_s2,0.0507248
527000,B_w5_K10000_c2.0_lr0.01_bfull_s3,0.0748574
527000,B_w5_K10000_c2.0_lr0.01_bfull_s4,0.0584607
528000,B_w5_K10000_c0.0_lr0.01_bfull_s0,0.0267192
528000,B_w5_K10000_c0.0_lr0.01_bfull_s1,0.039254
528000,B_w5_K10000_c0.0_lr0.01_bfull_s2,0.0120431
528000,B_w5_K10000_c0.0_lr0.01_bfull_s3,0.0942204
528000,B_w5_K10000_c0.0_lr0.01_bfull_s4,0.0755489
528000,B_w5_K10000_c2.0_lr0.01_bfull_s0,0.0968875
528000,B_w5_K10000_c2.0_lr0.01_bfull_s1,0.0205938
528000,B_w5_K10000_c2.0_lr0.01_bfull_s2,0.0507401
528000,B_w5_K10000_c2.0_lr0.01_bfull_s3,0.0748508
528000,B_w5_K10000_c2.0_lr0.01_bfull_s4,0.053257
529000,B_w5_K10000_c0.0_lr0.01_bfull_s0,0.0266466
529000,B_w5_K10000_c0.0_lr0.01_bfull_s1,0.0375475
529000,B_w5_K10000_c0.0_lr0.01_bfull_s2,0.0117769
529000,B_w5_K10000_c0.0_lr0.01_bfull_s3,0.0747238
529000,B_w5_K10000_c0.0_lr0.01_bfull_s4,0.075212
529000,B_w5_K10000_c2.0_lr0.01_bfull_s0,0.0921177
529000,B_w5_K10000_c2.0_lr0.01_bfull_s1,0.019846
529000,B_w5_K10000_c2.0_lr0.01_bfull_s2,0.0506715
529000,B_w5_K10000_c2.0_lr0.01_bfull_s3,0.0747453
529000,B_w5_K10000_c2.0_lr0.01_bfull_s4,0.047375
530000,B_w5_K10000_c0.0_lr0.01_bfull_s0,0.0263197
530000,B_w5_K10000_c0.0_lr0.01_bfull_s1,0.0367419
530000,B_w5_K10000_c0.0_lr0.01_bfull_s2,0.0115339
530000,B_w5_K10000_c0.0_lr0.01_bfull_s3,0.0633276
530000,B_w5_K10000_c0.0_lr0.01_bfull_s4,0.0752602
530000,B_w5_K10000_c2.0_lr0.01_bfull_s0,0.090678
530000,B_w5_K10000_c2.0_lr0.01_bfull_s1,0.0195661
530000,B_w5_K10000_c2.0_lr0.01_bfull_s2,0.0506105
530000,B_w5_K10000_c2.0_lr0.01_bfull_s3,0.0748003
530000,B_w5_K10000_c2.0_lr0.01_bfull_s4,0.0406012
531000,B_w5_K10000_c0.0_lr0.01_bfull_s0,0.276217
531000,B_w5_K10000_c0.0_lr0.01_bfull_s1,0.0457093
531000,B_w5_K10000_c0.0_lr0.01_bfull_s2,0.258813
531000,B_w5_K10000_c0.0_lr0.01_bfull_s3,0.134245
531000,B_w5_K10000_c0.0_lr0.01_bfull_s4,0.217633
531000,B_w5_K10000_c2.0_lr0.01_bfull_s0,0.141104
531000,B_w5_K10000_c2.0_lr0.01_bfull_s1,0.179396
531000,B_w5_K10000_c2.0_lr0.01_bfull_s2,0.132766
531000,B_w5_K10000_c2.0_lr0.01_bfull_s3,0.140529
531000,B_w5_K10000_c2.0_lr0.01_bfull_s4,0.302527
532000,B_w5_K10000_c0.0_lr0.01_bfull_s0,0.0638766
532000,B_w5_K10000_c0.0_lr0.01_bfull_s1,0.0258307
532000,B_w5_K10000_c0.0_lr0.01_bfull_s2,0.0584737
532000,B_w5_K10000_c0.0_lr0.01_bfull_s3,0.120141
532000,B_w5_K10000_c0.0_lr0.01_bfull_s4,0.112323
532000,B_w5_K10000_c2.0_lr0.01_bfull_s0,0.119127
532000,B_w5_K10000_c2.0_lr0.01_bfull_s1,0.102008
532000,B_w5_K10000_c2.0_lr0.01_bfull_s2,0.124109
532000,B_w5_K10000_c2.0_lr0.01_bfull_s3,0.124321
532000,B_w5_K10000_c2.0_lr0.01_bfull_s4,0.0703556
533000,B_w5_K10000_c0.0_lr0.01_bfull_s0,0.039145
533000,B_w5_K10000_c0.0_lr0.01_bfull_s1,0.025705
533000,B_w5_K10000_c0.0_lr0.01_bfull_s2,0.0520158
533000,B_w5_K10000_c0.0_lr0.01_bfull_s3,0.119307
533000,B_w5_K10000_c0.0_lr0.01_bfull_s4,0.0900477
533000,B_w5_K10000_c2.0_lr0.01_bfull_s0,0.113174
533000,B_w5_K10000_c2.0_lr0.01_bfull_s1,0.098453
533000,B_w5_K10000_c2.0_lr0.01_bfull_s2,0.123211
533000,B_w5_K10000_c2.0_lr0.01_bfull_s3,0.102331
533000,B_w5_K10000_c2.0_lr0.01_bfull_s4,0.0430831
534000,B_w5_K10000_c0.0_lr0.01_bfull_s0,0.0290484
534000,B_w5_K10000_c0.0_lr0.01_bfull_s1,0.0257086
534000,B_w5_K10000_c0.0_lr0.01_bfull_s2,0.0494779
534000,B_w5_K10000_c0.0_lr0.01_bfull_s3,0.118935
534000,B_w5_K10000_c0.0_lr0.01_bfull_s4,0.0691357
534000,B_w5_K10000_c2.0_lr0.01_bfull_s0,0.10404
534000,B_w5_K10000_c2.0_lr0.01_bfull_s1,0.0949457
534000,B_w5_K10000_c2.0_lr0.01_bfull_s2,0.122232
534000,B_w5_K10000_c2.0_lr0.01_bfull_s3,0.0811255
534000,B_w5_K10000_c2.0_lr0.01_bfull_s4,0.0327325
535000,B_w5_K10000_c0.0_lr0.01_bfull_s0,0.0270237
535000,B_w5_K10000_c0.0_lr0.01_bfull_s1,0.0257225
535000,B_w5_K10000_c0.0_lr0.01_bfull_s2,0.046305
535000,B_w5_K10000_c0.0_lr0.01_bfull_s3,0.117996
535000,B_w5_K10000_c0.0_lr0.01_bfull_s4,0.0612378
535000,B_w5_K10000_c2.0_lr0.01_bfull_s0,0.0939076
535000,B_w5_K10000_c2.0_lr0.01_bfull_s1,0.0898013
535000,B_w5_K10000_c2.0_lr0.01_bfull_s2,0.120073
535000,B_w5_K10000_c2.0_lr0.01_bfull_s3,0.075921
535000,B_w5_K10000_c2.0_lr0.01_bfull_s4,0.0299062
536000,B_w5_K10000_c0.0_lr0.01_bfull_s0,0.0264884
536000,B_w5_K10000_c0.0_lr0.01_bfull_s1,0.0256175
536000,B_w5_K10000_c0.0_lr0.01_bfull_s2,0.0434425
536000,B_w5_K10000_c0.0_lr0.01_bfull_s3,0.116725
536000,B_w5_K10000_c0.0_lr0.01_bfull_s4,0.0589435
536000,B_w5_K10000_c2.0_lr0.01_bfull_s0,0.0865252
536000,B_w5_K10000_c2.0_lr0.01_bfull_s1,0.0836746
536000,B_w5_K10000_c2.0_lr0.01_bfull_s2,0.115011
536000,B_w5_K10000_c2.0_lr0.01_bfull_s3,0.0754617
536000,B_w5_K10000_c2.0_lr0.01_bfull_s4,0.0289708
537000,B_w5_K10000_c0.0_lr0.01_bfull_s0,0.0263344
537000,B_w5_K10000_c0.0_lr0.01_bfull_s1,0.025738
537000,B_w5_K10000_c0.0_lr0.01_bfull_s2,0.0405831
537000,B_w5_K10000_c0.0_lr0.01_bfull_s3,0.115617
537000,B_w5_K10000_c0.0_lr0.01_bfull_s4,0.057935
537000,B_w5_K10000_c2.0_lr0.01_bfull_s0,0.0827576
537000,B_w5_K10000_c2.0_lr0.01_bfull_s1,0.0779617
537000,B_w5_K10000_c2.0_lr0.01_bfull_s2,0.1001
537000,B_w5_K10000_c2.0_lr0.01_bfull_s3,0.0755776
537000,B_w5_K10000_c2.0_lr0.01_bfull_s4,0.0284998
538000,B_w5_K10000_c0.0_lr0.01_bfull_s0,0.0262755
538000,B_w5_K10000_c0.0_lr0.01_bfull_s1,0.025723
538000,B_w5_K10000_c0.0_lr0.01_bfull_s2,0.0381923
538000,B_w5_K10000_c0.0_lr0.01_bfull_s3,0.113116
538000,B_w5_K10000_c0.0_lr0.01_bfull_s4,0.0568983
538000,B_w5_K10000_c2.0_lr0.01_bfull_s0,0.0809043
538000,B_w5_K10000_c2.0_lr0.01_bfull_s1,0.0722939
538000,B_w5_K10000_c2.0_lr0.01_bfull_s2,0.072764
538000,B_w5_K10000_c2.0_lr0.01_bfull_s3,0.0756091
538000,B_w5_K10000_c2.0_lr0.01_bfull_s4,0.0280092
539000,B_w5_K10000_c0.0_lr0.01_bfull_s0,0.0261887
539000,B_w5_K10000_c0.0_lr0.01_bfull_s1,0.0257026
539000,B_w5_K10000_c0.0_lr0.01_bfull_s2,0.0361868
539000,B_w5_K10000_c0.0_lr0.01_bfull_s3,0.109576
539000,B_w5_K10000_c0.0_lr0.01_bfull_s4,0.0558719
539000,B_w5_K10000_c2.0_lr0.01_bfull_s0,0.0793574
539000,B_w5_K10000_c2.0_lr0.01_bfull_s1,0.0670648
539000,B_w5_K10000_c2.0_lr0.01_bfull_s2,0.0591732
539000,B_w5_K10000_c2.0_lr0.01_bfull_s3,0.0751273
539000,B_w5_K10000_c2.0_lr0.01_bfull_s4,0.0276279
540000,B_w5_K10000_c0.0_lr0.01_bfull_s0,0.0259044
540000,B_w5_K10000_c0.0_lr0.01_bfull_s1,0.0256749
540000,B_w5_K10000_c0.0_lr0.01_bfull_s2,0.0345737
540000,B_w5_K10000_c0.0_lr0.01_bfull_s3,0.104157
540000,B_w5_K10000_c0.0_lr0.01_bfull_s4,0.0538407
540000,B_w5_K10000_c2.0_lr0.01_bfull_s0,0.077512
540000,B_w5_K10000_c2.0_lr0.01_bfull_s1,0.0616303
540000,B_w5_K10000_c2.0_lr0.01_bfull_s2,0.0573766
540000,B_w5_K10000_c2.0_lr0.01_bfull_s3,0.0752385
540000,B_w5_K10000_c2.0_lr0.01_bfull_s4,0.027357
541000,B_w5_K10000_c0.0_lr0.01_bfull_s0,0.441467
541000,B_w5_K10000_c0.0_lr0.01_bfull_s1,0.10293
541000,B_w5_K10000_c0.0_lr0.01_bfull_s2,0.426243
541000,B_w5_K10000_c0.0_lr0.01_bfull_s3,0.13032
541000,B_w5_K10000_c0.0_lr0.01_bfull_s4,0.452599
541000,B_w5_K10000_c2.0_lr0.01_bfull_s0,0.327323
541000,B_w5_K10000_c2.0_lr0.01_bfull_s1,0.292643
541000,B_w5_K10000_c2.0_lr0.01_bfull_s2,0.110554
541000,B_w5_K10000_c2.0_lr0.01_bfull_s3,0.103979
541000,B_w5_K10000_c2.0_lr0.01_bfull_s4,0.37744
542000,B_w5_K10000_c0.0_lr0.01_bfull_s0,0.187249
542000,B_w5_K10000_c0.0_lr0.01_bfull_s1,0.0953036
542000,B_w5_K10000_c0.0_lr0.01_bfull_s2,0.25147
542000,B_w5_K10000_c0.0_lr0.01_bfull_s3,0.0987033
542000,B_w5_K10000_c0.0_lr0.01_bfull_s4,0.111239
542000,B_w5_K10000_c2.0_lr0.01_bfull_s0,0.269711
542000,B_w5_K10000_c2.0_lr0.01_bfull_s1,0.0864291
542000,B_w5_K10000_c2.0_lr0.01_bfull_s2,0.0918887
542000,B_w5_K10000_c2.0_lr0.01_bfull_s3,0.0887271
542000,B_w5_K10000_c2.0_lr0.01_bfull_s4,0.224333
543000,B_w5_K10000_c0.0_lr0.01_bfull_s0,0.156942
543000,B_w5_K10000_c0.0_lr0.01_bfull_s1,0.0888509
543000,B_w5_K10000_c0.0_lr0.01_bfull_s2,0.228616
543000,B_w5_K10000_c0.0_lr0.01_bfull_s3,0.0650083
543000,B_w5_K10000_c0.0_lr0.01_bfull_s4,0.0758469
543000,B_w5_K10000_c2.0_lr0.01_bfull_s0,0.210125
543000,B_w5_K10000_c2.0_lr0.01_bfull_s1,0.0608268
543000,B_w5_K10000_c2.0_lr0.01_bfull_s2,0.0889282
543000,B_w5_K10000_c2.0_lr0.01_bfull_s3,0.0882482
543000,B_w5_K10000_c2.0_lr0.01_bfull_s4,0.203662
544000,B_w5_K10000_c0.0_lr0.01_bfull_s0,0.0956049
544000,B_w5_K10000_c0.0_lr0.01_bfull_s1,0.0785286
544000,B_w5_K10000_c0.0_lr0.01_bfull_s2,0.205793
544000,B_w5_K10000_c0.0_lr0.01_bfull_s3,0.0490296
544000,B_w5_K10000_c0.0_lr0.01_bfull_s4,0.0659114
544000,B_w5_K10000_c2.0_lr0.01_bfull_s0,0.164452
544000,B_w5_K10000_c2.0_lr0.01_bfull_s1,0.057145
544000,B_w5_K10000_c2.0_lr0.01_bfull_s2,0.0821872
544000,B_w5_K10000_c2.0_lr0.01_bfull_s3,0.0876987
544000,B_w5_K10000_c2.0_lr0.01_bfull_s4,0.156375
545000,B_w5_K10000_c0.0_lr0.01_bfull_s0,0.0549331
545000,B_w5_K10000_c0.0_lr0.01_bfull_s1,0.0699899
545000,B_w5_K10000_c0.0_lr0.01_bfull_s2,0.187604
545000,B_w5_K10000_c0.0_lr0.01_bfull_s3,0.0470692
545000,B_w5_K10000_c0.0_lr0.01_bfull_s4,0.0471531
545000,B_w5_K10000_c2.0_lr0.01_bfull_s0,0.120198
545000,B_w5_K10000_c2.0_lr0.01_bfull_s1,0.0561344
545000,B_w5_K10000_c2.0_lr0.01_bfull_s2,0.0688733
545000,B_w5_K10000_c2.0_lr0.01_bfull_s3,0.0868336
545000,B_w5_K10000_c2.0_lr0.01_bfull_s4,0.111295
546000,B_w5_K10000_c0.0_lr0.01_bfull_s0,0.041958
546000,B_w5_K10000_c0.0_lr0.01_bfull_s1,0.06625
546000,B_w5_K10000_c0.0_lr0.01_bfull_s2,0.173399
546000,B_w5_K10000_c0.0_lr0.01_bfull_s3,0.0467855
546000,B_w5_K10000_c0.0_lr0.01_bfull_s4,0.0199355
546000,B_w5_K10000_c2.0_lr0.01_bfull_s0,0.10912
546000,B_w5_K10000_c2.0_lr0.01_bfull_s1,0.0545859
546000,B_w5_K10000_c2.0_lr0.01_bfull_s2,0.0559317
546000,B_w5_K10000_c2.0_lr0.01_bfull_s3,0.085269
546000,B_w5_K10000_c2.0_lr0.01_bfull_s4,0.091998
547000,B_w5_K10000_c0.0_lr0.01_bfull_s0,0.0385059
547000,B_w5_K10000_c0.0_lr0.01_bfull_s1,0.0650638
547000,B_w5_K10000_c0.0_lr0.01_bfull_s2,0.160519
547000,B_w5_K10000_c0.0_lr0.01_bfull_s3,0.0464498
547000,B_w5_K10000_c0.0_lr0.01_bfull_s4,0.0084949
547000,B_w5_K10000_c2.0_lr0.01_bfull_s0,0.107921
547000,B_w5_K10000_c2.0_lr0.01_bfull_s1,0.0520936
547000,B_w5_K10000_c2.0_lr0.01_bfull_s2,0.0494279
547000,B_w5_K10000_c2.0_lr0.01_bfull_s3,0.080856
547000,B_w5_K10000_c2.0_lr0.01_bfull_s4,0.0785311
548000,B_w5_K10000_c0.0_lr0.01_bfull_s0,0.0378253
548000,B_w5_K10000_c0.0_lr0.01_bfull_s1,0.0643381
548000,B_w5_K10000_c0.0_lr0.01_bfull_s2,0.145852
548000,B_w5_K10000_c0.0_lr0.01_bfull_s3,0.0463983
548000,B_w5_K10000_c0.0_lr0.01_bfull_s4,0.00554174
548000,B_w5_K10000_c2.0_lr0.01_bfull_s0,0.105608
548000,B_w5_K10000_c2.0_lr0.01_bfull_s1,0.0496704
548000,B_w5_K10000_c2.0_lr0.01_bfull_s2,0.0459882
548000,B_w5_K10000_c2.0_lr0.01_bfull_s3,0.0710436
548000,B_w5_K10000_c2.0_lr0.01_bfull_s4,0.0664754
549000,B_w5_K10000_c0.0_lr0.01_bfull_s0,0.0374512
549000,B_w5_K10000_c0.0_lr0.01_bfull_s1,0.0639756
549000,B_w5_K10000_c0.0_lr0.01_bfull_s2,0.128462
549000,B_w5_K10000_c0.0_lr0.01_bfull_s3,0.0464133
549000,B_w5_K10000_c0.0_lr0.01_bfull_s4,0.0042739
549000,B_w5_K10000_c2.0_lr0.01_bfull_s0,0.102594
549000,B_w5_K10000_c2.0_lr0.01_bfull_s1,0.0464408
549000,B_w5_K10000_c2.0_lr0.01_bfull_s2,0.0424036
549000,B_w5_K10000_c2.0_lr0.01_bfull_s3,0.0541091
549000,B_w5_K10000_c2.0_lr0.01_bfull_s4,0.0572709
550000,B_w5_K10000_c0.0_lr0.01_bfull_s0,0.0370805
550000,B_w5_K10000_c0.0_lr0.01_bfull_s1,0.0633552
550000,B_w5_K10000_c0.0_lr0.01_bfull_s2,0.110859
550000,B_w5_K10000_c0.0_lr0.01_bfull_s3,0.0463792
550000,B_w5_K10000_c0.0_lr0.01_bfull_s4,0.00354722
550000,B_w5_K10000_c2.0_lr0.01_bfull_s0,0.0936549
550000,B_w5_K10000_c2.0_lr0.01_bfull_s1,0.0427548
550000,B_w5_K10000_c2.0_lr0.01_bfull_s2,0.0379276
550000,B_w5_K10000_c2.0_lr0.01_bfull_s3,0.04102
550000,B_w5_K10000_c2.0_lr0.01_bfull_s4,0.0517752
551000,B_w5_K10000_c0.0_lr0.01_bfull_s0,0.187131
551000,B_w5_K10000_c0.0_lr0.01_bfull_s1,0.191362
551000,B_w5_K10000_c0.0_lr0.01_bfull_s2,0.134067
551000,B_w5_K10000_c0.0_lr0.01_bfull_s3,0.190923
551000,B_w5_K10000_c0.0_lr0.01_bfull_s4,0.302665
551000,B_w5_K10000_c2.0_lr0.01_bfull_s0,0.146699
551000,B_w5_K10000_c2.0_lr0.01_bfull_s1,0.200551
551000,B_w5_K10000_c2.0_lr0.01_bfull_s2,0.270754
551000,B_w5_K10000_c2.0_lr0.01_bfull_s3,0.179643
551000,B_w5_K10000_c2.0_lr0.01_bfull_s4,0.288106
552000,B_w5_K10000_c0.0_lr0.01_bfull_s0,0.0639058
552000,B_w5_K10000_c0.0_lr0.01_bfull_s1,0.16858
552000,B_w5_K10000_c0.0_lr0.01_bfull_s2,0.0572125
552000,B_w5_K10000_c0.0_lr0.01_bfull_s3,0.152479
552000,B_w5_K10000_c0.0_lr0.01_bfull_s4,0.11434
552000,B_w5_K10000_c2.0_lr0.01_bfull_s0,0.093881
552000,B_w5_K10000_c2.0_lr0.01_bfull_s1,0.136475
552000,B_w5_K10000_c2.0_lr0.01_bfull_s2,0.229712
552000,B_w5_K10000_c2.0_lr0.01_bfull_s3,0.159471
552000,B_w5_K10000_c2.0_lr0.01_bfull_s4,0.0717642
553000,B_w5_K10000_c0.0_lr0.01_bfull_s0,0.050259
553000,B_w5_K10000_c0.0_lr0.01_bfull_s1,0.144345
553000,B_w5_K10000_c0.0_lr0.01_bfull_s2,0.0519143
553000,B_w5_K10000_c0.0_lr0.01_bfull_s3,0.121481
553000,B_w5_K10000_c0.0_lr0.01_bfull_s4,0.0619065
553000,B_w5_K10000_c2.0_lr0.01_bfull_s0,0.0921234
553000,B_w5_K10000_c2.0_lr0.01_bfull_s1,0.103238
553000,B_w5_K10000_c2.0_lr0.01_bfull_s2,0.194723
553000,B_w5_K10000_c2.0_lr0.01_bfull_s3,0.155358
553000,B_w5_K10000_c2.0_lr0.01_bfull_s4,0.0507845
554000,B_w5_K10000_c0.0_lr0.01_bfull_s0,0.0427234
554000,B_w5_K10000_c0.0_lr0.01_bfull_s1,0.0811225
554000,B_w5_K10000_c0.0_lr0.01_bfull_s2,0.0504705
554000,B_w5_K10000_c0.0_lr0.01_bfull_s3,0.108068
554000,B_w5_K10000_c0.0_lr0.01_bfull_s4,0.0285031
554000,B_w5_K10000_c2.0_lr0.01_bfull_s0,0.0920581
554000,B_w5_K10000_c2.0_lr0.01_bfull_s1,0.0769199
554000,B_w5_K10000_c2.0_lr0.01_bfull_s2,0.128193
554000,B_w5_K10000_c2.0_lr0.01_bfull_s3,0.145255
554000,B_w5_K10000_c2.0_lr0.01_bfull_s4,0.0344717
555000,B_w5_K10000_c0.0_lr0.01_bfull_s0,0.0345706
555000,B_w5_K10000_c0.0_lr0.01_bfull_s1,0.0543366
555000,B_w5_K10000_c0.0_lr0.01_bfull_s2,0.0498381
555000,B_w5_K10000_c0.0_lr0.01_bfull_s3,0.104479
555000,B_w5_K10000_c0.0_lr0.01_bfull_s4,0.0247734
555000,B_w5_K10000_c2.0_lr0.01_bfull_s0,0.0916114
555000,B_w5_K10000_c2.0_lr0.01_bfull_s1,0.0598655
555000,B_w5_K10000_c2.0_lr0.01_bfull_s2,0.0917719
555000,B_w5_K10000_c2.0_lr0.01_bfull_s3,0.129674
555000,B_w5_K10000_c2.0_lr0.01_bfull_s4,0.0266601
556000,B_w5_K10000_c0.0_lr0.01_bfull_s0,0.0278783
556000,B_w5_K10000_c0.0_lr0.01_bfull_s1,0.042519
556000,B_w5_K10000_c0.0_lr0.01_bfull_s2,0.0494857
556000,B_w5_K10000_c0.0_lr0.01_bfull_s3,0.10294
556000,B_w5_K10000_c0.0_lr0.01_bfull_s4,0.0240889
556000,B_w5_K10000_c2.0_lr0.01_bfull_s0,0.0910846
556000,B_w5_K10000_c2.0_lr0.01_bfull_s1,0.0504497
556000,B_w5_K10000_c2.0_lr0.01_bfull_s2,0.0843917
556000,B_w5_K10000_c2.0_lr0.01_bfull_s3,0.117524
556000,B_w5_K10000_c2.0_lr0.01_bfull_s4,0.0243423
557000,B_w5_K10000_c0.0_lr0.01_bfull_s0,0.0238642
557000,B_w5_K10000_c0.0_lr0.01_bfull_s1,0.0314483
557000,B_w5_K10000_c0.0_lr0.01_bfull_s2,0.0491302
557000,B_w5_K10000_c0.0_lr0.01_bfull_s3,0.0997196
557000,B_w5_K10000_c0.0_lr0.01_bfull_s4,0.0239412
557000,B_w5_K10000_c2.0_lr0.01_bfull_s0,0.0899099
557000,B_w5_K10000_c2.0_lr0.01_bfull_s1,0.0443967
557000,B_w5_K10000_c2.0_lr0.01_bfull_s2,0.0795345
557000,B_w5_K10000_c2.0_lr0.01_bfull_s3,0.113083
557000,B_w5_K10000_c2.0_lr0.01_bfull_s4,0.0236791
558000,B_w5_K10000_c0.0_lr0.01_bfull_s0,0.0218172
558000,B_w5_K10000_c0.0_lr0.01_bfull_s1,0.0230041
558000,B_w5_K10000_c0.0_lr0.01_bfull_s2,0.0491651
558000,B_w5_K10000_c0.0_lr0.01_bfull_s3,0.0949701
558000,B_w5_K10000_c0.0_lr0.01_bfull_s4,0.0237771
558000,B_w5_K10000_c2.0_lr0.01_bfull_s0,0.087822
558000,B_w5_K10000_c2.0_lr0.01_bfull_s1,0.0398265
558000,B_w5_K10000_c2.0_lr0.01_bfull_s2,0.0710242
558000,B_w5_K10000_c2.0_lr0.01_bfull_s3,0.110853
558000,B_w5_K10000_c2.0_lr0.01_bfull_s4,0.0232692
559000,B_w5_K10000_c0.0_lr0.01_bfull_s0,0.0204266
559000,B_w5_K10000_c0.0_lr0.01_bfull_s1,0.0178311
559000,B_w5_K10000_c0.0_lr0.01_bfull_s2,0.0488286
559000,B_w5_K10000_c0.0_lr0.01_bfull_s3,0.0891298
559000,B_w5_K10000_c0.0_lr0.01_bfull_s4,0.0236343
559000,B_w5_K10000_c2.0_lr0.01_bfull_s0,0.0822388
559000,B_w5_K10000_c2.0_lr0.01_bfull_s1,0.0359722
559000,B_w5_K10000_c2.0_lr0.01_bfull_s2,0.0562754
559000,B_w5_K10000_c2.0_lr0.01_bfull_s3,0.110243
559000,B_w5_K10000_c2.0_lr0.01_bfull_s4,0.0231189
560000,B_w5_K10000_c0.0_lr0.01_bfull_s0,0.0191945
560000,B_w5_K10000_c0.0_lr0.01_bfull_s1,0.0149225
560000,B_w5_K10000_c0.0_lr0.01_bfull_s2,0.0485186
560000,B_w5_K10000_c0.0_lr0.01_bfull_s3,0.0847461
560000,B_w5_K10000_c0.0_lr0.01_bfull_s4,0.0234426
560000,B_w5_K10000_c2.0_lr0.01_bfull_s0,0.0666209
560000,B_w5_K10000_c2.0_lr0.01_bfull_s1,0.0326287
560000,B_w5_K10000_c2.0_lr0.01_bfull_s2,0.0417067
560000,B_w5_K10000_c2.0_lr0.01_bfull_s3,0.109878
560000,B_w5_K10000_c2.0_lr0.01_bfull_s4,0.0230556
561000,B_w5_K10000_c0.0_lr0.01_bfull_s0,0.343435
561000,B_w5_K10000_c0.0_lr0.01_bfull_s1,0.18071
561000,B_w5_K10000_c0.0_lr0.01_bfull_s2,0.233937
561000,B_w5_K10000_c0.0_lr0.01_bfull_s3,0.197255
561000,B_w5_K10000_c0.0_lr0.01_bfull_s4,0.666358
561000,B_w5_K10000_c2.0_lr0.01_bfull_s0,0.114181
561000,B_w5_K10000_c2.0_lr0.01_bfull_s1,0.285427
561000,B_w5_K10000_c2.0_lr0.01_bfull_s2,0.253357
561000,B_w5_K10000_c2.0_lr0.01_bfull_s3,0.199957
561000,B_w5_K10000_c2.0_lr0.01_bfull_s4,0.104864
562000,B_w5_K10000_c0.0_lr0.01_bfull_s0,0.135394
562000,B_w5_K10000_c0.0_lr0.01_bfull_s1,0.154877
562000,B_w5_K10000_c0.0_lr0.01_bfull_s2,0.122125
562000,B_w5_K10000_c0.0_lr0.01_bfull_s3,0.153192
562000,B_w5_K10000_c0.0_lr0.01_bfull_s4,0.220363
562000,B_w5_K10000_c2.0_lr0.01_bfull_s0,0.102009
562000,B_w5_K10000_c2.0_lr0.01_bfull_s1,0.198977
562000,B_w5_K10000_c2.0_lr0.01_bfull_s2,0.203354
562000,B_w5_K10000_c2.0_lr0.01_bfull_s3,0.181138
562000,B_w5_K10000_c2.0_lr0.01_bfull_s4,0.0446111
563000,B_w5_K10000_c0.0_lr0.01_bfull_s0,0.062061
563000,B_w5_K10000_c0.0_lr0.01_bfull_s1,0.15189
563000,B_w5_K10000_c0.0_lr0.01_bfull_s2,0.108639
563000,B_w5_K10000_c0.0_lr0.01_bfull_s3,0.0963934
563000,B_w5_K10000_c0.0_lr0.01_bfull_s4,0.119079
563000,B_w5_K10000_c2.0_lr0.01_bfull_s0,0.100689
563000,B_w5_K10000_c2.0_lr0.01_bfull_s1,0.191242
563000,B_w5_K10000_c2.0_lr0.01_bfull_s2,0.197978
563000,B_w5_K10000_c2.0_lr0.01_bfull_s3,0.173452
563000,B_w5_K10000_c2.0_lr0.01_bfull_s4,0.03758
564000,B_w5_K10000_c0.0_lr0.01_bfull_s0,0.0310368
564000,B_w5_K10000_c0.0_lr0.01_bfull_s1,0.146385
564000,B_w5_K10000_c0.0_lr0.01_bfull_s2,0.085262
564000,B_w5_K10000_c0.0_lr0.01_bfull_s3,0.0408644
564000,B_w5_K10000_c0.0_lr0.01_bfull_s4,0.100923
564000,B_w5_K10000_c2.0_lr0.01_bfull_s0,0.0979875
564000,B_w5_K10000_c2.0_lr0.01_bfull_s1,0.180025
564000,B_w5_K10000_c2.0_lr0.01_bfull_s2,0.178489
564000,B_w5_K10000_c2.0_lr0.01_bfull_s3,0.142238
564000,B_w5_K10000_c2.0_lr0.01_bfull_s4,0.0352914
565000,B_w5_K10000_c0.0_lr0.01_bfull_s0,0.0270477
565000,B_w5_K10000_c0.0_lr0.01_bfull_s1,0.132902
565000,B_w5_K10000_c0.0_lr0.01_bfull_s2,0.0579265
565000,B_w5_K10000_c0.0_lr0.01_bfull_s3,0.0273921
565000,B_w5_K10000_c0.0_lr0.01_bfull_s4,0.0951085
565000,B_w5_K10000_c2.0_lr0.01_bfull_s0,0.0911077
565000,B_w5_K10000_c2.0_lr0.01_bfull_s1,0.145938
565000,B_w5_K10000_c2.0_lr0.01_bfull_s2,0.124969
565000,B_w5_K10000_c2.0_lr0.01_bfull_s3,0.105108
565000,B_w5_K10000_c2.0_lr0.01_bfull_s4,0.0332297
566000,B_w5_K10000_c0.0_lr0.01_bfull_s0,0.0265367
566000,B_w5_K10000_c0.0_lr0.01_bfull_s1,0.114616
566000,B_w5_K10000_c0.0_lr0.01_bfull_s2,0.0370139
566000,B_w5_K10000_c0.0_lr0.01_bfull_s3,0.0262355
566000,B_w5_K10000_c0.0_lr0.01_bfull_s4,0.0926205
566000,B_w5_K10000_c2.0_lr0.01_bfull_s0,0.0766025
566000,B_w5_K10000_c2.0_lr0.01_bfull_s1,0.101404
566000,B_w5_K10000_c2.0_lr0.01_bfull_s2,0.090582
566000,B_w5_K10000_c2.0_lr0.01_bfull_s3,0.0956184
566000,B_w5_K10000_c2.0_lr0.01_bfull_s4,0.0307613
567000,B_w5_K10000_c0.0_lr0.01_bfull_s0,0.0262754
567000,B_w5_K10000_c0.0_lr0.01_bfull_s1,0.0990848
567000,B_w5_K10000_c0.0_lr0.01_bfull_s2,0.0270034
567000,B_w5_K10000_c0.0_lr0.01_bfull_s3,0.0259965
567000,B_w5_K10000_c0.0_lr0.01_bfull_s4,0.0914561
567000,B_w5_K10000_c2.0_lr0.01_bfull_s0,0.058626
567000,B_w5_K10000_c2.0_lr0.01_bfull_s1,0.0907823
567000,B_w5_K10000_c2.0_lr0.01_bfull_s2,0.0861192
567000,B_w5_K10000_c2.0_lr0.01_bfull_s3,0.0880093
567000,B_w5_K10000_c2.0_lr0.01_bfull_s4,0.0286656
568000,B_w5_K10000_c0.0_lr0.01_bfull_s0,0.0262337
568000,B_w5_K10000_c0.0_lr0.01_bfull_s1,0.092463
568000,B_w5_K10000_c0.0_lr0.01_bfull_s2,0.0238102
568000,B_w5_K10000_c0.0_lr0.01_bfull_s3,0.0258191
568000,B_w5_K10000_c0.0_lr0.01_bfull_s4,0.0893032
568000,B_w5_K10000_c2.0_lr0.01_bfull_s0,0.050193
568000,B_w5_K10000_c2.0_lr0.01_bfull_s1,0.0892266
568000,B_w5_K10000_c2.0_lr0.01_bfull_s2,0.0844895
568000,B_w5_K10000_c2.0_lr0.01_bfull_s3,0.0757944
568000,B_w5_K10000_c2.0_lr0.01_bfull_s4,0.026353
569000,B_w5_K10000_c0.0_lr0.01_bfull_s0,0.0261072
569000,B_w5_K10000_c0.0_lr0.01_bfull_s1,0.0898314
569000,B_w5_K10000_c0.0_lr0.01_bfull_s2,0.0229029
569000,B_w5_K10000_c0.0_lr0.01_bfull_s3,0.025821
569000,B_w5_K10000_c0.0_lr0.01_bfull_s4,0.0860133
569000,B_w5_K10000_c2.0_lr0.01_bfull_s0,0.0487493
569000,B_w5_K10000_c2.0_lr0.01_bfull_s1,0.0887011
569000,B_w5_K10000_c2.0_lr0.01_bfull_s2,0.0825118
569000,B_w5_K10000_c2.0_lr0.01_bfull_s3,0.0629596
569000,B_w5_K10000_c2.0_lr0.01_bfull_s4,0.0241854
570000,B_w5_K10000_c0.0_lr0.01_bfull_s0,0.0260145
570000,B_w5_K10000_c0.0_lr0.01_bfull_s1,0.0888183
570000,B_w5_K10000_c0.0_lr0.01_bfull_s2,0.0225841
570000,B_w5_K10000_c0.0_lr0.01_bfull_s3,0.0258348
570000,B_w5_K10000_c0.0_lr0.01_bfull_s4,0.078117
570000,B_w5_K10000_c2.0_lr0.01_bfull_s0,0.0484266
570000,B_w5_K10000_c2.0_lr0.01_bfull_s1,0.0876779
570000,B_w5_K10000_c2.0_lr0.01_bfull_s2,0.0799279
570000,B_w5_K10000_c2.0_lr0.01_bfull_s3,0.0533813
570000,B_w5_K10000_c2.0_lr0.01_bfull_s4,0.0223613
571000,B_w5_K10000_c0.0_lr0.01_bfull_s0,0.348162
571000,B_w5_K10000_c0.0_lr0.01_bfull_s1,0.253584
571000,B_w5_K10000_c0.0_lr0.01_bfull_s2,0.125712
571000,B_w5_K10000_c0.0_lr0.01_bfull_s3,0.293005
571000,B_w5_K10000_c0.0_lr0.01_bfull_s4,0.270481
571000,B_w5_K10000_c2.0_lr0.01_bfull_s0,0.113441
571000,B_w5_K10000_c2.0_lr0.01_bfull_s1,0.396222
571000,B_w5_K10000_c2.0_lr0.01_bfull_s2,0.133977
571000,B_w5_K10000_c2.0_lr0.01_bfull_s3,0.0870753
571000,B_w5_K10000_c2.0_lr0.01_bfull_s4,0.380312
572000,B_w5_K10000_c0.0_lr0.01_bfull_s0,0.119852
572000,B_w5_K10000_c0.0_lr0.01_bfull_s1,0.202244
572000,B_w5_K10000_c0.0_lr0.01_bfull_s2,0.0607459
572000,B_w5_K10000_c0.0_lr0.01_bfull_s3,0.234682
572000,B_w5_K10000_c0.0_lr0.01_bfull_s4,0.038526
572000,B_w5_K10000_c2.0_lr0.01_bfull_s0,0.0902927
572000,B_w5_K10000_c2.0_lr0.01_bfull_s1,0.266502
572000,B_w5_K10000_c2.0_lr0.01_bfull_s2,0.104589
572000,B_w5_K10000_c2.0_lr0.01_bfull_s3,0.0655397
572000,B_w5_K10000_c2.0_lr0.01_bfull_s4,0.071563
573000,B_w5_K10000_c0.0_lr0.01_bfull_s0,0.0884263
573000,B_w5_K10000_c0.0_lr0.01_bfull_s1,0.120021
573000,B_w5_K10000_c0.0_lr0.01_bfull_s2,0.0366585
573000,B_w5_K10000_c0.0_lr0.01_bfull_s3,0.166771
573000,B_w5_K10000_c0.0_lr0.01_bfull_s4,0.0243509
573000,B_w5_K10000_c2.0_lr0.01_bfull_s0,0.0887604
573000,B_w5_K10000_c2.0_lr0.01_bfull_s1,0.21887
573000,B_w5_K10000_c2.0_lr0.01_bfull_s2,0.101481
573000,B_w5_K10000_c2.0_lr0.01_bfull_s3,0.0654211
573000,B_w5_K10000_c2.0_lr0.01_bfull_s4,0.0601489
574000,B_w5_K10000_c0.0_lr0.01_bfull_s0,0.0537225
574000,B_w5_K10000_c0.0_lr0.01_bfull_s1,0.0854488
574000,B_w5_K10000_c0.0_lr0.01_bfull_s2,0.0247263
574000,B_w5_K10000_c0.0_lr0.01_bfull_s3,0.124017
574000,B_w5_K10000_c0.0_lr0.01_bfull_s4,0.0207383
574000,B_w5_K10000_c2.0_lr0.01_bfull_s0,0.0880336
574000,B_w5_K10000_c2.0_lr0.01_bfull_s1,0.192564
574000,B_w5_K10000_c2.0_lr0.01_bfull_s2,0.0967541
574000,B_w5_K10000_c2.0_lr0.01_bfull_s3,0.0648851
574000,B_w5_K10000_c2.0_lr0.01_bfull_s4,0.0466811
575000,B_w5_K10000_c0.0_lr0.01_bfull_s0,0.0388467
575000,B_w5_K10000_c0.0_lr0.01_bfull_s1,0.0793111
575000,B_w5_K10000_c0.0_lr0.01_bfull_s2,0.0179643
575000,B_w5_K10000_c0.0_lr0.01_bfull_s3,0.118973
575000,B_w5_K10000_c0.0_lr0.01_bfull_s4,0.0167354
575000,B_w5_K10000_c2.0_lr0.01_bfull_s0,0.0860822
575000,B_w5_K10000_c2.0_lr0.01_bfull_s1,0.171903
575000,B_w5_K10000_c2.0_lr0.01_bfull_s2,0.0913112
575000,B_w5_K10000_c2.0_lr0.01_bfull_s3,0.0645235
575000,B_w5_K10000_c2.0_lr0.01_bfull_s4,0.034667
576000,B_w5_K10000_c0.0_lr0.01_bfull_s0,0.0354332
576000,B_w5_K10000_c0.0_lr0.01_bfull_s1,0.0766631
576000,B_w5_K10000_c0.0_lr0.01_bfull_s2,0.0140336
576000,B_w5_K10000_c0.0_lr0.01_bfull_s3,0.114778
576000,B_w5_K10000_c0.0_lr0.01_bfull_s4,0.0122368
576000,B_w5_K10000_c2.0_lr0.01_bfull_s0,0.0830232
576000,B_w5_K10000_c2.0_lr0.01_bfull_s1,0.150457
576000,B_w5_K10000_c2.0_lr0.01_bfull_s2,0.0879515
576000,B_w5_K10000_c2.0_lr0.01_bfull_s3,0.0635621
576000,B_w5_K10000_c2.0_lr0.01_bfull_s4,0.029644
577000,B_w5_K10000_c0.0_lr0.01_bfull_s0,0.0326179
577000,B_w5_K10000_c0.0_lr0.01_bfull_s1,0.0731226
577000,B_w5_K10000_c0.0_lr0.01_bfull_s2,0.0118506
577000,B_w5_K10000_c0.0_lr0.01_bfull_s3,0.106499
577000,B_w5_K10000_c0.0_lr0.01_bfull_s4,0.00830315
577000,B_w5_K10000_c2.0_lr0.01_bfull_s0,0.0775348
577000,B_w5_K10000_c2.0_lr0.01_bfull_s1,0.130391
577000,B_w5_K10000_c2.0_lr0.01_bfull_s2,0.0851273
577000,B_w5_K10000_c2.0_lr0.01_bfull_s3,0.0620016
577000,B_w5_K10000_c2.0_lr0.01_bfull_s4,0.0283582
578000,B_w5_K10000_c0.0_lr0.01_bfull_s0,0.028814
578000,B_w5_K10000_c0.0_lr0.01_bfull_s1,0.0661083
578000,B_w5_K10000_c0.0_lr0.01_bfull_s2,0.0105055
578000,B_w5_K10000_c0.0_lr0.01_bfull_s3,0.0870074
578000,B_w5_K10000_c0.0_lr0.01_bfull_s4,0.00560085
578000,B_w5_K10000_c2.0_lr0.01_bfull_s0,0.0683092
578000,B_w5_K10000_c2.0_lr0.01_bfull_s1,0.115224
578000,B_w5_K10000_c2.0_lr0.01_bfull_s2,0.0821702
578000,B_w5_K10000_c2.0_lr0.01_bfull_s3,0.0576825
578000,B_w5_K10000_c2.0_lr0.01_bfull_s4,0.0277676
579000,B_w5_K10000_c0.0_lr0.01_bfull_s0,0.0225466
579000,B_w5_K10000_c0.0_lr0.01_bfull_s1,0.0567368
579000,B_w5_K10000_c0.0_lr0.01_bfull_s2,0.00963333
579000,B_w5_K10000_c0.0_lr0.01_bfull_s3,0.0605683
579000,B_w5_K10000_c0.0_lr0.01_bfull_s4,0.00414692
579000,B_w5_K10000_c2.0_lr0.01_bfull_s0,0.0579114
579000,B_w5_K10000_c2.0_lr0.01_bfull_s1,0.099259
579000,B_w5_K10000_c2.0_lr0.01_bfull_s2,0.0778605
579000,B_w5_K10000_c2.0_lr0.01_bfull_s3,0.0490434
579000,B_w5_K10000_c2.0_lr0.01_bfull_s4,0.027395
580000,B_w5_K10000_c0.0_lr0.01_bfull_s0,0.0149236
580000,B_w5_K10000_c0.0_lr0.01_bfull_s1,0.0482082
580000,B_w5_K10000_c0.0_lr0.01_bfull_s2,0.00905363
580000,B_w5_K10000_c0.0_lr0.01_bfull_s3,0.046388
580000,B_w5_K10000_c0.0_lr0.01_bfull_s4,0.00341632
580000,B_w5_K10000_c2.0_lr0.01_bfull_s0,0.0511112
580000,B_w5_K10000_c2.0_lr0.01_bfull_s1,0.0702277
580000,B_w5_K10000_c2.0_lr0.01_bfull_s2,0.0711431
580000,B_w5_K10000_c2.0_lr0.01_bfull_s3,0.035779
580000,B_w5_K10000_c2.0_lr0.01_bfull_s4,0.0269104
581000,B_w5_K10000_c0.0_lr0.01_bfull_s0,0.419264
581000,B_w5_K10000_c0.0_lr0.01_bfull_s1,0.140692
581000,B_w5_K10000_c0.0_lr0.01_bfull_s2,0.458261
581000,B_w5_K10000_c0.0_lr0.01_bfull_s3,0.163787
581000,B_w5_K10000_c0.0_lr0.01_bfull_s4,0.442386
581000,B_w5_K10000_c2.0_lr0.01_bfull_s0,0.144594
581000,B_w5_K10000_c2.0_lr0.01_bfull_s1,0.284345
581000,B_w5_K10000_c2.0_lr0.01_bfull_s2,0.166747
581000,B_w5_K10000_c2.0_lr0.01_bfull_s3,0.12745
581000,B_w5_K10000_c2.0_lr0.01_bfull_s4,0.318961
582000,B_w5_K10000_c0.0_lr0.01_bfull_s0,0.177659
582000,B_w5_K10000_c0.0_lr0.01_bfull_s1,0.107799
582000,B_w5_K10000_c0.0_lr0.01_bfull_s2,0.178211
582000,B_w5_K10000_c0.0_lr0.01_bfull_s3,0.109657
582000,B_w5_K10000_c0.0_lr0.01_bfull_s4,0.196001
582000,B_w5_K10000_c2.0_lr0.01_bfull_s0,0.126517
582000,B_w5_K10000_c2.0_lr0.01_bfull_s1,0.116196
582000,B_w5_K10000_c2.0_lr0.01_bfull_s2,0.155493
582000,B_w5_K10000_c2.0_lr0.01_bfull_s3,0.116764
582000,B_w5_K10000_c2.0_lr0.01_bfull_s4,0.135207
583000,B_w5_K10000_c0.0_lr0.01_bfull_s0,0.127378
583000,B_w5_K10000_c0.0_lr0.01_bfull_s1,0.107412
583000,B_w5_K10000_c0.0_lr0.01_bfull_s2,0.117498
583000,B_w5_K10000_c0.0_lr0.01_bfull_s3,0.108591
583000,B_w5_K10000_c0.0_lr0.01_bfull_s4,0.171722
583000,B_w5_K10000_c2.0_lr0.01_bfull_s0,0.10329
583000,B_w5_K10000_c2.0_lr0.01_bfull_s1,0.0732135
583000,B_w5_K10000_c2.0_lr0.01_bfull_s2,0.148853
583000,B_w5_K10000_c2.0_lr0.01_bfull_s3,0.114794
583000,B_w5_K10000_c2.0_lr0.01_bfull_s4,0.0953159
584000,B_w5_K10000_c0.0_lr0.01_bfull_s0,0.0849718
584000,B_w5_K10000_c0.0_lr0.01_bfull_s1,0.107141
584000,B_w5_K10000_c0.0_lr0.01_bfull_s2,0.079171
584000,B_w5_K10000_c0.0_lr0.01_bfull_s3,0.10852
584000,B_w5_K10000_c0.0_lr0.01_bfull_s4,0.129466
584000,B_w5_K10000_c2.0_lr0.01_bfull_s0,0.0635709
584000,B_w5_K10000_c2.0_lr0.01_bfull_s1,0.0494574
584000,B_w5_K10000_c2.0_lr0.01_bfull_s2,0.13137
584000,B_w5_K10000_c2.0_lr0.01_bfull_s3,0.1125
584000,B_w5_K10000_c2.0_lr0.01_bfull_s4,0.0721329
585000,B_w5_K10000_c0.0_lr0.01_bfull_s0,0.0624897
585000,B_w5_K10000_c0.0_lr0.01_bfull_s1,0.106719
585000,B_w5_K10000_c0.0_lr0.01_bfull_s2,0.0271108
585000,B_w5_K10000_c0.0_lr0.01_bfull_s3,0.107464
585000,B_w5_K10000_c0.0_lr0.01_bfull_s4,0.0779046
585000,B_w5_K10000_c2.0_lr0.01_bfull_s0,0.0301547
585000,B_w5_K10000_c2.0_lr0.01_bfull_s1,0.0463087
585000,B_w5_K10000_c2.0_lr0.01_bfull_s2,0.0997439
585000,B_w5_K10000_c2.0_lr0.01_bfull_s3,0.107107
585000,B_w5_K10000_c2.0_lr0.01_bfull_s4,0.0584063
586000,B_w5_K10000_c0.0_lr0.01_bfull_s0,0.0423556
586000,B_w5_K10000_c0.0_lr0.01_bfull_s1,0.106115
586000,B_w5_K10000_c0.0_lr0.01_bfull_s2,0.0115463
586000,B_w5_K10000_c0.0_lr0.01_bfull_s3,0.105628
586000,B_w5_K10000_c0.0_lr0.01_bfull_s4,0.0565663
586000,B_w5_K10000_c2.0_lr0.01_bfull_s0,0.0143551
586000,B_w5_K10000_c2.0_lr0.01_bfull_s1,0.0455248
586000,B_w5_K10000_c2.0_lr0.01_bfull_s2,0.071184
586000,B_w5_K10000_c2.0_lr0.01_bfull_s3,0.0981416
586000,B_w5_K10000_c2.0_lr0.01_bfull_s4,0.0408995
587000,B_w5_K10000_c0.0_lr0.01_bfull_s0,0.0244589
587000,B_w5_K10000_c0.0_lr0.01_bfull_s1,0.10533
587000,B_w5_K10000_c0.0_lr0.01_bfull_s2,0.00976673
587000,B_w5_K10000_c0.0_lr0.01_bfull_s3,0.101187
587000,B_w5_K10000_c0.0_lr0.01_bfull_s4,0.0515258
587000,B_w5_K10000_c2.0_lr0.01_bfull_s0,0.0110332
587000,B_w5_K10000_c2.0_lr0.01_bfull_s1,0.0446714
587000,B_w5_K10000_c2.0_lr0.01_bfull_s2,0.0524895
587000,B_w5_K10000_c2.0_lr0.01_bfull_s3,0.0884601
587000,B_w5_K10000_c2.0_lr0.01_bfull_s4,0.0231936
588000,B_w5_K10000_c0.0_lr0.01_bfull_s0,0.0178371
588000,B_w5_K10000_c0.0_lr0.01_bfull_s1,0.103839
588000,B_w5_K10000_c0.0_lr0.01_bfull_s2,0.00940114
588000,B_w5_K10000_c0.0_lr0.01_bfull_s3,0.092383
588000,B_w5_K10000_c0.0_lr0.01_bfull_s4,0.0502381
588000,B_w5_K10000_c2.0_lr0.01_bfull_s0,0.0106391
588000,B_w5_K10000_c2.0_lr0.01_bfull_s1,0.0432043
588000,B_w5_K10000_c2.0_lr0.01_bfull_s2,0.0446595
588000,B_w5_K10000_c2.0_lr0.01_bfull_s3,0.0837228
588000,B_w5_K10000_c2.0_lr0.01_bfull_s4,0.0141072
589000,B_w5_K10000_c0.0_lr0.01_bfull_s0,0.015612
589000,B_w5_K10000_c0.0_lr0.01_bfull_s1,0.101162
589000,B_w5_K10000_c0.0_lr0.01_bfull_s2,0.00928988
589000,B_w5_K10000_c0.0_lr0.01_bfull_s3,0.0810775
589000,B_w5_K10000_c0.0_lr0.01_bfull_s4,0.0489448
589000,B_w5_K10000_c2.0_lr0.01_bfull_s0,0.0106105
589000,B_w5_K10000_c2.0_lr0.01_bfull_s1,0.0414407
589000,B_w5_K10000_c2.0_lr0.01_bfull_s2,0.0426203
589000,B_w5_K10000_c2.0_lr0.01_bfull_s3,0.0816002
589000,B_w5_K10000_c2.0_lr0.01_bfull_s4,0.0111851
590000,B_w5_K10000_c0.0_lr0.01_bfull_s0,0.0147218
590000,B_w5_K10000_c0.0_lr0.01_bfull_s1,0.0964021
590000,B_w5_K10000_c0.0_lr0.01_bfull_s2,0.00920719
590000,B_w5_K10000_c0.0_lr0.01_bfull_s3,0.0746667
590000,B_w5_K10000_c0.0_lr0.01_bfull_s4,0.0474505
590000,B_w5_K10000_c2.0_lr0.01_bfull_s0,0.0105703
590000,B_w5_K10000_c2.0_lr0.01_bfull_s1,0.0389422
590000,B_w5_K10000_c2.0_lr0.01_bfull_s2,0.0422219
590000,B_w5_K10000_c2.0_lr0.01_bfull_s3,0.0811256
590000,B_w5_K10000_c2.0_lr0.01_bfull_s4,0.01029
591000,B_w5_K10000_c0.0_lr0.01_bfull_s0,0.476948
591000,B_w5_K10000_c0.0_lr0.01_bfull_s1,0.171503
591000,B_w5_K10000_c0.0_lr0.01_bfull_s2,0.291056
591000,B_w5_K10000_c0.0_lr0.01_bfull_s3,0.207878
591000,B_w5_K10000_c0.0_lr0.01_bfull_s4,0.15862
591000,B_w5_K10000_c2.0_lr0.01_bfull_s0,0.218833
591000,B_w5_K10000_c2.0_lr0.01_bfull_s1,0.261319
591000,B_w5_K10000_c2.0_lr0.01_bfull_s2,0.0940169
591000,B_w5_K10000_c2.0_lr0.01_bfull_s3,0.18046
591000,B_w5_K10000_c2.0_lr0.01_bfull_s4,0.177027
592000,B_w5_K10000_c0.0_lr0.01_bfull_s0,0.107682
592000,B_w5_K10000_c0.0_lr0.01_bfull_s1,0.160025
592000,B_w5_K10000_c0.0_lr0.01_bfull_s2,0.128704
592000,B_w5_K10000_c0.0_lr0.01_bfull_s3,0.190707
592000,B_w5_K10000_c0.0_lr0.01_bfull_s4,0.0455825
592000,B_w5_K10000_c2.0_lr0.01_bfull_s0,0.194511
592000,B_w5_K10000_c2.0_lr0.01_bfull_s1,0.133799
592000,B_w5_K10000_c2.0_lr0.01_bfull_s2,0.0696772
592000,B_w5_K10000_c2.0_lr0.01_bfull_s3,0.157784
592000,B_w5_K10000_c2.0_lr0.01_bfull_s4,0.0649533
593000,B_w5_K10000_c0.0_lr0.01_bfull_s0,0.0752862
593000,B_w5_K10000_c0.0_lr0.01_bfull_s1,0.159515
593000,B_w5_K10000_c0.0_lr0.01_bfull_s2,0.0871648
593000,B_w5_K10000_c0.0_lr0.01_bfull_s3,0.182223
593000,B_w5_K10000_c0.0_lr0.01_bfull_s4,0.0359629
593000,B_w5_K10000_c2.0_lr0.01_bfull_s0,0.192971
593000,B_w5_K10000_c2.0_lr0.01_bfull_s1,0.0936968
593000,B_w5_K10000_c2.0_lr0.01_bfull_s2,0.0686019
593000,B_w5_K10000_c2.0_lr0.01_bfull_s3,0.121855
593000,B_w5_K10000_c2.0_lr0.01_bfull_s4,0.0413396
594000,B_w5_K10000_c0.0_lr0.01_bfull_s0,0.0565271
594000,B_w5_K10000_c0.0_lr0.01_bfull_s1,0.159222
594000,B_w5_K10000_c0.0_lr0.01_bfull_s2,0.0424225
594000,B_w5_K10000_c0.0_lr0.01_bfull_s3,0.140302
594000,B_w5_K10000_c0.0_lr0.01_bfull_s4,0.0312491
594000,B_w5_K10000_c2.0_lr0.01_bfull_s0,0.189588
594000,B_w5_K10000_c2.0_lr0.01_bfull_s1,0.080936
594000,B_w5_K10000_c2.0_lr0.01_bfull_s2,0.0684784
594000,B_w5_K10000_c2.0_lr0.01_bfull_s3,0.0793369
594000,B_w5_K10000_c2.0_lr0.01_bfull_s4,0.0310388
595000,B_w5_K10000_c0.0_lr0.01_bfull_s0,0.0403785
595000,B_w5_K10000_c0.0_lr0.01_bfull_s1,0.157969
595000,B_w5_K10000_c0.0_lr0.01_bfull_s2,0.011621
595000,B_w5_K10000_c0.0_lr0.01_bfull_s3,0.0608866
595000,B_w5_K10000_c0.0_lr0.01_bfull_s4,0.0270218
595000,B_w5_K10000_c2.0_lr0.01_bfull_s0,0.179568
595000,B_w5_K10000_c2.0_lr0.01_bfull_s1,0.0733013
595000,B_w5_K10000_c2.0_lr0.01_bfull_s2,0.0685912
595000,B_w5_K10000_c2.0_lr0.01_bfull_s3,0.0725431
595000,B_w5_K10000_c2.0_lr0.01_bfull_s4,0.0280793
596000,B_w5_K10000_c0.0_lr0.01_bfull_s0,0.0282498
596000,B_w5_K10000_c0.0_lr0.01_bfull_s1,0.155373
596000,B_w5_K10000_c0.0_lr0.01_bfull_s2,0.00425702
596000,B_w5_K10000_c0.0_lr0.01_bfull_s3,0.032087
596000,B_w5_K10000_c0.0_lr0.01_bfull_s4,0.0221151
596000,B_w5_K10000_c2.0_lr0.01_bfull_s0,0.144078
596000,B_w5_K10000_c2.0_lr0.01_bfull_s1,0.0576312
596000,B_w5_K10000_c2.0_lr0.01_bfull_s2,0.0687599
596000,B_w5_K10000_c2.0_lr0.01_bfull_s3,0.0712056
596000,B_w5_K10000_c2.0_lr0.01_bfull_s4,0.0270874
597000,B_w5_K10000_c0.0_lr0.01_bfull_s0,0.0187939
597000,B_w5_K10000_c0.0_lr0.01_bfull_s1,0.146962
597000,B_w5_K10000_c0.0_lr0.01_bfull_s2,0.00291778
597000,B_w5_K10000_c0.0_lr0.01_bfull_s3,0.0247059
597000,B_w5_K10000_c0.0_lr0.01_bfull_s4,0.0177314
597000,B_w5_K10000_c2.0_lr0.01_bfull_s0,0.097196
597000,B_w5_K10000_c2.0_lr0.01_bfull_s1,0.0326409
597000,B_w5_K10000_c2.0_lr0.01_bfull_s2,0.068441
597000,B_w5_K10000_c2.0_lr0.01_bfull_s3,0.06901
597000,B_w5_K10000_c2.0_lr0.01_bfull_s4,0.0259883
598000,B_w5_K10000_c0.0_lr0.01_bfull_s0,0.0122984
598000,B_w5_K10000_c0.0_lr0.01_bfull_s1,0.119163
598000,B_w5_K10000_c0.0_lr0.01_bfull_s2,0.00246892
598000,B_w5_K10000_c0.0_lr0.01_bfull_s3,0.0218368
598000,B_w5_K10000_c0.0_lr0.01_bfull_s4,0.0146468
598000,B_w5_K10000_c2.0_lr0.01_bfull_s0,0.0833558
598000,B_w5_K10000_c2.0_lr0.01_bfull_s1,0.0202985
598000,B_w5_K10000_c2.0_lr0.01_bfull_s2,0.0681016
598000,B_w5_K10000_c2.0_lr0.01_bfull_s3,0.0641072
598000,B_w5_K10000_c2.0_lr0.01_bfull_s4,0.025149
599000,B_w5_K10000_c0.0_lr0.01_bfull_s0,0.0083547
599000,B_w5_K10000_c0.0_lr0.01_bfull_s1,0.0840705
599000,B_w5_K10000_c0.0_lr0.01_bfull_s2,0.00227316
599000,B_w5_K10000_c0.0_lr0.01_bfull_s3,0.0202433
599000,B_w5_K10000_c0.0_lr0.01_bfull_s4,0.0129852
599000,B_w5_K10000_c2.0_lr0.01_bfull_s0,0.0716102
599000,B_w5_K10000_c2.0_lr0.01_bfull_s1,0.0158312
599000,B_w5_K10000_c2.0_lr0.01_bfull_s2,0.067848
599000,B_w5_K10000_c2.0_lr0.01_bfull_s3,0.0507523
599000,B_w5_K10000_c2.0_lr0.01_bfull_s4,0.0242371
600000,B_w5_K10000_c0.0_lr0.01_bfull_s0,0.00594826
600000,B_w5_K10000_c0.0_lr0.01_bfull_s1,0.0743304
600000,B_w5_K10000_c0.0_lr0.01_bfull_s2,0.00216774
600000,B_w5_K10000_c0.0_lr0.01_bfull_s3,0.0192941
600000,B_w5_K10000_c0.0_lr0.01_bfull_s4,0.0120084
600000,B_w5_K10000_c2.0_lr0.01_bfull_s0,0.0542519
600000,B_w5_K10000_c2.0_lr0.01_bfull_s1,0.0124111
600000,B_w5_K10000_c2.0_lr0.01_bfull_s2,0.0671105
600000,B_w5_K10000_c2.0_lr0.01_bfull_s3,0.0253198
600000,B_w5_K10000_c2.0_lr0.01_bfull_s4,0.023323
601000,B_w5_K10000_c0.0_lr0.01_bfull_s0,0.0915738
601000,B_w5_K10000_c0.0_lr0.01_bfull_s1,0.0798159
601000,B_w5_K10000_c0.0_lr0.01_bfull_s2,0.2364
601000,B_w5_K10000_c0.0_lr0.01_bfull_s3,0.0459612
601000,B_w5_K10000_c0.0_lr0.01_bfull_s4,0.53924
601000,B_w5_K10000_c2.0_lr0.01_bfull_s0,0.200901
601000,B_w5_K10000_c2.0_lr0.01_bfull_s1,0.365849
601000,B_w5_K10000_c2.0_lr0.01_bfull_s2,0.28144
601000,B_w5_K10000_c2.0_lr0.01_bfull_s3,0.15934
601000,B_w5_K10000_c2.0_lr0.01_bfull_s4,0.357868
602000,B_w5_K10000_c0.0_lr0.01_bfull_s0,0.0291597
602000,B_w5_K10000_c0.0_lr0.01_bfull_s1,0.0635718
602000,B_w5_K10000_c0.0_lr0.01_bfull_s2,0.0739945
602000,B_w5_K10000_c0.0_lr0.01_bfull_s3,0.0149325
602000,B_w5_K10000_c0.0_lr0.01_bfull_s4,0.180758
602000,B_w5_K10000_c2.0_lr0.01_bfull_s0,0.151048
602000,B_w5_K10000_c2.0_lr0.01_bfull_s1,0.127087
602000,B_w5_K10000_c2.0_lr0.01_bfull_s2,0.227463
602000,B_w5_K10000_c2.0_lr0.01_bfull_s3,0.123089
602000,B_w5_K10000_c2.0_lr0.01_bfull_s4,0.118409
603000,B_w5_K10000_c0.0_lr0.01_bfull_s0,0.0263029
603000,B_w5_K10000_c0.0_lr0.01_bfull_s1,0.054353
603000,B_w5_K10000_c0.0_lr0.01_bfull_s2,0.0335907
603000,B_w5_K10000_c0.0_lr0.01_bfull_s3,0.0146846
603000,B_w5_K10000_c0.0_lr0.01_bfull_s4,0.137198
603000,B_w5_K10000_c2.0_lr0.01_bfull_s0,0.133809
603000,B_w5_K10000_c2.0_lr0.01_bfull_s1,0.100833
603000,B_w5_K10000_c2.0_lr0.01_bfull_s2,0.166761
603000,B_w5_K10000_c2.0_lr0.01_bfull_s3,0.122667
603000,B_w5_K10000_c2.0_lr0.01_bfull_s4,0.0743514
604000,B_w5_K10000_c0.0_lr0.01_bfull_s0,0.0254205
604000,B_w5_K10000_c0.0_lr0.01_bfull_s1,0.0365357
604000,B_w5_K10000_c0.0_lr0.01_bfull_s2,0.018747
604000,B_w5_K10000_c0.0_lr0.01_bfull_s3,0.0146811
604000,B_w5_K10000_c0.0_lr0.01_bfull_s4,0.112556
604000,B_w5_K10000_c2.0_lr0.01_bfull_s0,0.128049
604000,B_w5_K10000_c2.0_lr0.01_bfull_s1,0.087204
604000,B_w5_K10000_c2.0_lr0.01_bfull_s2,0.151503
604000,B_w5_K10000_c2.0_lr0.01_bfull_s3,0.121677
604000,B_w5_K10000_c2.0_lr0.01_bfull_s4,0.0582942
605000,B_w5_K10000_c0.0_lr0.01_bfull_s0,0.0250999
605000,B_w5_K10000_c0.0_lr0.01_bfull_s1,0.0235028
605000,B_w5_K10000_c0.0_lr0.01_bfull_s2,0.0148104
605000,B_w5_K10000_c0.0_lr0.01_bfull_s3,0.0147058
605000,B_w5_K10000_c0.0_lr0.01_bfull_s4,0.104394
605000,B_w5_K10000_c2.0_lr0.01_bfull_s0,0.124612
605000,B_w5_K10000_c2.0_lr0.01_bfull_s1,0.0789958
605000,B_w5_K10000_c2.0_lr0.01_bfull_s2,0.139989
605000,B_w5_K10000_c2.0_lr0.01_bfull_s3,0.120525
605000,B_w5_K10000_c2.0_lr0.01_bfull_s4,0.0504379
606000,B_w5_K10000_c0.0_lr0.01_bfull_s0,0.0247301
606000,B_w5_K10000_c0.0_lr0.01_bfull_s1,0.0205397
606000,B_w5_K10000_c0.0_lr0.01_bfull_s2,0.012916
606000,B_w5_K10000_c0.0_lr0.01_bfull_s3,0.0146456
606000,B_w5_K10000_c0.0_lr0.01_bfull_s4,0.101413
606000,B_w5_K10000_c2.0_lr0.01_bfull_s0,0.121821
606000,B_w5_K10000_c2.0_lr0.01_bfull_s1,0.0736445
606000,B_w5_K10000_c2.0_lr0.01_bfull_s2,0.119609
606000,B_w5_K10000_c2.0_lr0.01_bfull_s3,0.119081
606000,B_w5_K10000_c2.0_lr0.01_bfull_s4,0.0477032
607000,B_w5_K10000_c0.0_lr0.01_bfull_s0,0.0241755
607000,B_w5_K10000_c0.0_lr0.01_bfull_s1,0.0200524
607000,B_w5_K10000_c0.0_lr0.01_bfull_s2,0.0111405
607000,B_w5_K10000_c0.0_lr0.01_bfull_s3,0.014552
607000,B_w5_K10000_c0.0_lr0.01_bfull_s4,0.0996028
607000,B_w5_K10000_c2.0_lr0.01_bfull_s0,0.11951
607000,B_w5_K10000_c2.0_lr0.01_bfull_s1,0.0699039
607000,B_w5_K10000_c2.0_lr0.01_bfull_s2,0.0975322
607000,B_w5_K10000_c2.0_lr0.01_bfull_s3,0.11553
607000,B_w5_K10000_c2.0_lr0.01_bfull_s4,0.0460062
608000,B_w5_K10000_c0.0_lr0.01_bfull_s0,0.0239323
608000,B_w5_K10000_c0.0_lr0.01_bfull_s1,0.0197647
608000,B_w5_K10000_c0.0_lr0.01_bfull_s2,0.00940991
608000,B_w5_K10000_c0.0_lr0.01_bfull_s3,0.0145497
608000,B_w5_K10000_c0.0_lr0.01_bfull_s4,0.0974232
608000,B_w5_K10000_c2.0_lr0.01_bfull_s0,0.117968
608000,B_w5_K10000_c2.0_lr0.01_bfull_s1,0.0660584
608000,B_w5_K10000_c2.0_lr0.01_bfull_s2,0.089397
608000,B_w5_K10000_c2.0_lr0.01_bfull_s3,0.108176
608000,B_w5_K10000_c2.0_lr0.01_bfull_s4,0.044785
609000,B_w5_K10000_c0.0_lr0.01_bfull_s0,0.0234275
609000,B_w5_K10000_c0.0_lr0.01_bfull_s1,0.0194208
609000,B_w5_K10000_c0.0_lr0.01_bfull_s2,0.00790121
609000,B_w5_K10000_c0.0_lr0.01_bfull_s3,0.0144977
609000,B_w5_K10000_c0.0_lr0.01_bfull_s4,0.0921492
609000,B_w5_K10000_c2.0_lr0.01_bfull_s0,0.116333
609000,B_w5_K10000_c2.0_lr0.01_bfull_s1,0.0610253
609000,B_w5_K10000_c2.0_lr0.01_bfull_s2,0.0875881
609000,B_w5_K10000_c2.0_lr0.01_bfull_s3,0.0860389
609000,B_w5_K10000_c2.0_lr0.01_bfull_s4,0.043377
610000,B_w5_K10000_c0.0_lr0.01_bfull_s0,0.0229109
610000,B_w5_K10000_c0.0_lr0.01_bfull_s1,0.01895
610000,B_w5_K10000_c0.0_lr0.01_bfull_s2,0.00659684
610000,B_w5_K10000_c0.0_lr0.01_bfull_s3,0.0144083
610000,B_w5_K10000_c0.0_lr0.01_bfull_s4,0.0806565
610000,B_w5_K10000_c2.0_lr0.01_bfull_s0,0.114981
610000,B_w5_K10000_c2.0_lr0.01_bfull_s1,0.0513173
610000,B_w5_K10000_c2.0_lr0.01_bfull_s2,0.0868028
610000,B_w5_K10000_c2.0_lr0.01_bfull_s3,0.0493685
610000,B_w5_K10000_c2.0_lr0.01_bfull_s4,0.0417368
611000,B_w5_K10000_c0.0_lr0.01_bfull_s0,0.3513
611000,B_w5_K10000_c0.0_lr0.01_bfull_s1,0.266261
611000,B_w5_K10000_c0.0_lr0.01_bfull_s2,0.511241
611000,B_w5_K10000_c0.0_lr0.01_bfull_s3,0.214769
611000,B_w5_K10000_c0.0_lr0.01_bfull_s4,0.262355
611000,B_w5_K10000_c2.0_lr0.01_bfull_s0,0.0616138
611000,B_w5_K10000_c2.0_lr0.01_bfull_s1,0.151545
611000,B_w5_K10000_c2.0_lr0.01_bfull_s2,0.0447223
611000,B_w5_K10000_c2.0_lr0.01_bfull_s3,0.233621
611000,B_w5_K10000_c2.0_lr0.01_bfull_s4,0.0859502
612000,B_w5_K10000_c0.0_lr0.01_bfull_s0,0.129944
612000,B_w5_K10000_c0.0_lr0.01_bfull_s1,0.171053
612000,B_w5_K10000_c0.0_lr0.01_bfull_s2,0.199254
612000,B_w5_K10000_c0.0_lr0.01_bfull_s3,0.198207
612000,B_w5_K10000_c0.0_lr0.01_bfull_s4,0.12538
612000,B_w5_K10000_c2.0_lr0.01_bfull_s0,0.045313
612000,B_w5_K10000_c2.0_lr0.01_bfull_s1,0.0473655
612000,B_w5_K10000_c2.0_lr0.01_bfull_s2,0.0156584
612000,B_w5_K10000_c2.0_lr0.01_bfull_s3,0.197526
612000,B_w5_K10000_c2.0_lr0.01_bfull_s4,0.0538681
613000,B_w5_K10000_c0.0_lr0.01_bfull_s0,0.088252
613000,B_w5_K10000_c0.0_lr0.01_bfull_s1,0.100755
613000,B_w5_K10000_c0.0_lr0.01_bfull_s2,0.135281
613000,B_w5_K10000_c0.0_lr0.01_bfull_s3,0.180467
613000,B_w5_K10000_c0.0_lr0.01_bfull_s4,0.122682
613000,B_w5_K10000_c2.0_lr0.01_bfull_s0,0.0450758
613000,B_w5_K10000_c2.0_lr0.01_bfull_s1,0.0369549
613000,B_w5_K10000_c2.0_lr0.01_bfull_s2,0.0154649
613000,B_w5_K10000_c2.0_lr0.01_bfull_s3,0.172822
613000,B_w5_K10000_c2.0_lr0.01_bfull_s4,0.0377974
614000,B_w5_K10000_c0.0_lr0.01_bfull_s0,0.0781597
614000,B_w5_K10000_c0.0_lr0.01_bfull_s1,0.0827946
614000,B_w5_K10000_c0.0_lr0.01_bfull_s2,0.0823834
614000,B_w5_K10000_c0.0_lr0.01_bfull_s3,0.148919
614000,B_w5_K10000_c0.0_lr0.01_bfull_s4,0.11953
614000,B_w5_K10000_c2.0_lr0.01_bfull_s0,0.044739
614000,B_w5_K10000_c2.0_lr0.01_bfull_s1,0.0337562
614000,B_w5_K10000_c2.0_lr0.01_bfull_s2,0.0154291
614000,B_w5_K10000_c2.0_lr0.01_bfull_s3,0.113179
614000,B_w5_K10000_c2.0_lr0.01_bfull_s4,0.0267754
615000,B_w5_K10000_c0.0_lr0.01_bfull_s0,0.0732099
615000,B_w5_K10000_c0.0_lr0.01_bfull_s1,0.0668285
615000,B_w5_K10000_c0.0_lr0.01_bfull_s2,0.0769585
615000,B_w5_K10000_c0.0_lr0.01_bfull_s3,0.123989
615000,B_w5_K10000_c0.0_lr0.01_bfull_s4,0.109207
615000,B_w5_K10000_c2.0_lr0.01_bfull_s0,0.0442261
615000,B_w5_K10000_c2.0_lr0.01_bfull_s1,0.0313535
615000,B_w5_K10000_c2.0_lr0.01_bfull_s2,0.0154395
615000,B_w5_K10000_c2.0_lr0.01_bfull_s3,0.0830504
615000,B_w5_K10000_c2.0_lr0.01_bfull_s4,0.020408
616000,B_w5_K10000_c0.0_lr0.01_bfull_s0,0.0688185
616000,B_w5_K10000_c0.0_lr0.01_bfull_s1,0.0523665
616000,B_w5_K10000_c0.0_lr0.01_bfull_s2,0.0756744
616000,B_w5_K10000_c0.0_lr0.01_bfull_s3,0.104709
616000,B_w5_K10000_c0.0_lr0.01_bfull_s4,0.0783457
616000,B_w5_K10000_c2.0_lr0.01_bfull_s0,0.0436601
616000,B_w5_K10000_c2.0_lr0.01_bfull_s1,0.0288183
616000,B_w5_K10000_c2.0_lr0.01_bfull_s2,0.0153689
616000,B_w5_K10000_c2.0_lr0.01_bfull_s3,0.0784328
616000,B_w5_K10000_c2.0_lr0.01_bfull_s4,0.0161048
617000,B_w5_K10000_c0.0_lr0.01_bfull_s0,0.0641734
617000,B_w5_K10000_c0.0_lr0.01_bfull_s1,0.0437765
617000,B_w5_K10000_c0.0_lr0.01_bfull_s2,0.0751241
617000,B_w5_K10000_c0.0_lr0.01_bfull_s3,0.0810022
617000,B_w5_K10000_c0.0_lr0.01_bfull_s4,0.0473263
617000,B_w5_K10000_c2.0_lr0.01_bfull_s0,0.0428588
617000,B_w5_K10000_c2.0_lr0.01_bfull_s1,0.0254772
617000,B_w5_K10000_c2.0_lr0.01_bfull_s2,0.0154375
617000,B_w5_K10000_c2.0_lr0.01_bfull_s3,0.0767323
617000,B_w5_K10000_c2.0_lr0.01_bfull_s4,0.0133069
618000,B_w5_K10000_c0.0_lr0.01_bfull_s0,0.0602421
618000,B_w5_K10000_c0.0_lr0.01_bfull_s1,0.0377073
618000,B_w5_K10000_c0.0_lr0.01_bfull_s2,0.07429
618000,B_w5_K10000_c0.0_lr0.01_bfull_s3,0.0621359
618000,B_w5_K10000_c0.0_lr0.01_bfull_s4,0.0380573
618000,B_w5_K10000_c2.0_lr0.01_bfull_s0,0.0413718
618000,B_w5_K10000_c2.0_lr0.01_bfull_s1,0.0216605
618000,B_w5_K10000_c2.0_lr0.01_bfull_s2,0.0154587
618000,B_w5_K10000_c2.0_lr0.01_bfull_s3,0.0754316
618000,B_w5_K10000_c2.0_lr0.01_bfull_s4,0.0114963
619000,B_w5_K10000_c0.0_lr0.01_bfull_s0,0.0571379
619000,B_w5_K10000_c0.0_lr0.01_bfull_s1,0.0328216
619000,B_w5_K10000_c0.0_lr0.01_bfull_s2,0.0730284
619000,B_w5_K10000_c0.0_lr0.01_bfull_s3,0.0560503
619000,B_w5_K10000_c0.0_lr0.01_bfull_s4,0.0353969
619000,B_w5_K10000_c2.0_lr0.01_bfull_s0,0.0393651
619000,B_w5_K10000_c2.0_lr0.01_bfull_s1,0.0182705
619000,B_w5_K10000_c2.0_lr0.01_bfull_s2,0.0153968
619000,B_w5_K10000_c2.0_lr0.01_bfull_s3,0.0735223
619000,B_w5_K10000_c2.0_lr0.01_bfull_s4,0.0103318
620000,B_w5_K10000_c0.0_lr0.01_bfull_s0,0.0551784
620000,B_w5_K10000_c0.0_lr0.01_bfull_s1,0.0295336
620000,B_w5_K10000_c0.0_lr0.01_bfull_s2,0.0714781
620000,B_w5_K10000_c0.0_lr0.01_bfull_s3,0.0547705
620000,B_w5_K10000_c0.0_lr0.01_bfull_s4,0.0341715
620000,B_w5_K10000_c2.0_lr0.01_bfull_s0,0.0365219
620000,B_w5_K10000_c2.0_lr0.01_bfull_s1,0.0155764
620000,B_w5_K10000_c2.0_lr0.01_bfull_s2,0.01542
620000,B_w5_K10000_c2.0_lr0.01_bfull_s3,0.0715632
620000,B_w5_K10000_c2.0_lr0.01_bfull_s4,0.00969177
621000,B_w5_K10000_c0.0_lr0.01_bfull_s0,0.26854
621000,B_w5_K10000_c0.0_lr0.01_bfull_s1,0.221114
621000,B_w5_K10000_c0.0_lr0.01_bfull_s2,0.304393
621000,B_w5_K10000_c0.0_lr0.01_bfull_s3,0.201289
621000,B_w5_K10000_c0.0_lr0.01_bfull_s4,0.314336
621000,B_w5_K10000_c2.0_lr0.01_bfull_s0,0.290042
621000,B_w5_K10000_c2.0_lr0.01_bfull_s1,0.257391
621000,B_w5_K10000_c2.0_lr0.01_bfull_s2,0.148349
621000,B_w5_K10000_c2.0_lr0.01_bfull_s3,0.172912
621000,B_w5_K10000_c2.0_lr0.01_bfull_s4,0.235366
622000,B_w5_K10000_c0.0_lr0.01_bfull_s0,0.130621
622000,B_w5_K10000_c0.0_lr0.01_bfull_s1,0.179341
622000,B_w5_K10000_c0.0_lr0.01_bfull_s2,0.102459
622000,B_w5_K10000_c0.0_lr0.01_bfull_s3,0.175293
622000,B_w5_K10000_c0.0_lr0.01_bfull_s4,0.103031
622000,B_w5_K10000_c2.0_lr0.01_bfull_s0,0.245318
622000,B_w5_K10000_c2.0_lr0.01_bfull_s1,0.066257
622000,B_w5_K10000_c2.0_lr0.01_bfull_s2,0.142061
622000,B_w5_K10000_c2.0_lr0.01_bfull_s3,0.13619
622000,B_w5_K10000_c2.0_lr0.01_bfull_s4,0.122409
623000,B_w5_K10000_c0.0_lr0.01_bfull_s0,0.100473
623000,B_w5_K10000_c0.0_lr0.01_bfull_s1,0.178808
623000,B_w5_K10000_c0.0_lr0.01_bfull_s2,0.0520697
623000,B_w5_K10000_c0.0_lr0.01_bfull_s3,0.171577
623000,B_w5_K10000_c0.0_lr0.01_bfull_s4,0.0928024
623000,B_w5_K10000_c2.0_lr0.01_bfull_s0,0.201593
623000,B_w5_K10000_c2.0_lr0.01_bfull_s1,0.0518723
623000,B_w5_K10000_c2.0_lr0.01_bfull_s2,0.140633
623000,B_w5_K10000_c2.0_lr0.01_bfull_s3,0.130317
623000,B_w5_K10000_c2.0_lr0.01_bfull_s4,0.0778892
624000,B_w5_K10000_c0.0_lr0.01_bfull_s0,0.0786637
624000,B_w5_K10000_c0.0_lr0.01_bfull_s1,0.179022
624000,B_w5_K10000_c0.0_lr0.01_bfull_s2,0.0430218
624000,B_w5_K10000_c0.0_lr0.01_bfull_s3,0.161631
624000,B_w5_K10000_c0.0_lr0.01_bfull_s4,0.0856517
624000,B_w5_K10000_c2.0_lr0.01_bfull_s0,0.190906
624000,B_w5_K10000_c2.0_lr0.01_bfull_s1,0.0425652
624000,B_w5_K10000_c2.0_lr0.01_bfull_s2,0.138477
624000,B_w5_K10000_c2.0_lr0.01_bfull_s3,0.106931
624000,B_w5_K10000_c2.0_lr0.01_bfull_s4,0.0523978
625000,B_w5_K10000_c0.0_lr0.01_bfull_s0,0.0638033
625000,B_w5_K10000_c0.0_lr0.01_bfull_s1,0.178653
625000,B_w5_K10000_c0.0_lr0.01_bfull_s2,0.0407144
625000,B_w5_K10000_c0.0_lr0.01_bfull_s3,0.137332
625000,B_w5_K10000_c0.0_lr0.01_bfull_s4,0.0719637
625000,B_w5_K10000_c2.0_lr0.01_bfull_s0,0.18504
625000,B_w5_K10000_c2.0_lr0.01_bfull_s1,0.0329898
625000,B_w5_K10000_c2.0_lr0.01_bfull_s2,0.134757
625000,B_w5_K10000_c2.0_lr0.01_bfull_s3,0.0622799
625000,B_w5_K10000_c2.0_lr0.01_bfull_s4,0.0478173
626000,B_w5_K10000_c0.0_lr0.01_bfull_s0,0.0529051
626000,B_w5_K10000_c0.0_lr0.01_bfull_s1,0.17843
626000,B_w5_K10000_c0.0_lr0.01_bfull_s2,0.0398111
626000,B_w5_K10000_c0.0_lr0.01_bfull_s3,0.111368
626000,B_w5_K10000_c0.0_lr0.01_bfull_s4,0.0516425
626000,B_w5_K10000_c2.0_lr0.01_bfull_s0,0.172951
626000,B_w5_K10000_c2.0_lr0.01_bfull_s1,0.0246323
626000,B_w5_K10000_c2.0_lr0.01_bfull_s2,0.130875
626000,B_w5_K10000_c2.0_lr0.01_bfull_s3,0.0492222
626000,B_w5_K10000_c2.0_lr0.01_bfull_s4,0.0469886
627000,B_w5_K10000_c0.0_lr0.01_bfull_s0,0.04545
627000,B_w5_K10000_c0.0_lr0.01_bfull_s1,0.177694
627000,B_w5_K10000_c0.0_lr0.01_bfull_s2,0.0395348
627000,B_w5_K10000_c0.0_lr0.01_bfull_s3,0.100251
627000,B_w5_K10000_c0.0_lr0.01_bfull_s4,0.0370926
627000,B_w5_K10000_c2.0_lr0.01_bfull_s0,0.148833
627000,B_w5_K10000_c2.0_lr0.01_bfull_s1,0.0188712
627000,B_w5_K10000_c2.0_lr0.01_bfull_s2,0.126171
627000,B_w5_K10000_c2.0_lr0.01_bfull_s3,0.0486374
627000,B_w5_K10000_c2.0_lr0.01_bfull_s4,0.0465777
628000,B_w5_K10000_c0.0_lr0.01_bfull_s0,0.0397694
628000,B_w5_K10000_c0.0_lr0.01_bfull_s1,0.177701
628000,B_w5_K10000_c0.0_lr0.01_bfull_s2,0.0394793
628000,B_w5_K10000_c0.0_lr0.01_bfull_s3,0.0947001
628000,B_w5_K10000_c0.0_lr0.01_bfull_s4,0.0319849
628000,B_w5_K10000_c2.0_lr0.01_bfull_s0,0.129616
628000,B_w5_K10000_c2.0_lr0.01_bfull_s1,0.0156529
628000,B_w5_K10000_c2.0_lr0.01_bfull_s2,0.122625
628000,B_w5_K10000_c2.0_lr0.01_bfull_s3,0.0484824
628000,B_w5_K10000_c2.0_lr0.01_bfull_s4,0.046201
629000,B_w5_K10000_c0.0_lr0.01_bfull_s0,0.034711
629000,B_w5_K10000_c0.0_lr0.01_bfull_s1,0.176475
629000,B_w5_K10000_c0.0_lr0.01_bfull_s2,0.0394931
629000,B_w5_K10000_c0.0_lr0.01_bfull_s3,0.0913092
629000,B_w5_K10000_c0.0_lr0.01_bfull_s4,0.0298101
629000,B_w5_K10000_c2.0_lr0.01_bfull_s0,0.124211
629000,B_w5_K10000_c2.0_lr0.01_bfull_s1,0.0137385
629000,B_w5_K10000_c2.0_lr0.01_bfull_s2,0.118871
629000,B_w5_K10000_c2.0_lr0.01_bfull_s3,0.0483099
629000,B_w5_K10000_c2.0_lr0.01_bfull_s4,0.0455876
630000,B_w5_K10000_c0.0_lr0.01_bfull_s0,0.0294953
630000,B_w5_K10000_c0.0_lr0.01_bfull_s1,0.173713
630000,B_w5_K10000_c0.0_lr0.01_bfull_s2,0.0392258
630000,B_w5_K10000_c0.0_lr0.01_bfull_s3,0.0878275
630000,B_w5_K10000_c0.0_lr0.01_bfull_s4,0.028485
630000,B_w5_K10000_c2.0_lr0.01_bfull_s0,0.123248
630000,B_w5_K10000_c2.0_lr0.01_bfull_s1,0.01253
630000,B_w5_K10000_c2.0_lr0.01_bfull_s2,0.109664
630000,B_w5_K10000_c2.0_lr0.01_bfull_s3,0.0483327
630000,B_w5_K10000_c2.0_lr0.01_bfull_s4,0.0451623
631000,B_w5_K10000_c0.0_lr0.01_bfull_s0,0.264211
631000,B_w5_K10000_c0.0_lr0.01_bfull_s1,0.287218
631000,B_w5_K10000_c0.0_lr0.01_bfull_s2,0.422882
631000,B_w5_K10000_c0.0_lr0.01_bfull_s3,0.115387
631000,B_w5_K10000_c0.0_lr0.01_bfull_s4,0.177784
631000,B_w5_K10000_c2.0_lr0.01_bfull_s0,0.104183
631000,B_w5_K10000_c2.0_lr0.01_bfull_s1,0.253589
631000,B_w5_K10000_c2.0_lr0.01_bfull_s2,0.0726116
631000,B_w5_K10000_c2.0_lr0.01_bfull_s3,0.366645
631000,B_w5_K10000_c2.0_lr0.01_bfull_s4,0.167974
632000,B_w5_K10000_c0.0_lr0.01_bfull_s0,0.11037
632000,B_w5_K10000_c0.0_lr0.01_bfull_s1,0.272332
632000,B_w5_K10000_c0.0_lr0.01_bfull_s2,0.16462
632000,B_w5_K10000_c0.0_lr0.01_bfull_s3,0.0980503
632000,B_w5_K10000_c0.0_lr0.01_bfull_s4,0.0654929
632000,B_w5_K10000_c2.0_lr0.01_bfull_s0,0.0724401
632000,B_w5_K10000_c2.0_lr0.01_bfull_s1,0.0958283
632000,B_w5_K10000_c2.0_lr0.01_bfull_s2,0.055099
632000,B_w5_K10000_c2.0_lr0.01_bfull_s3,0.263023
632000,B_w5_K10000_c2.0_lr0.01_bfull_s4,0.0839995
633000,B_w5_K10000_c0.0_lr0.01_bfull_s0,0.0854752
633000,B_w5_K10000_c0.0_lr0.01_bfull_s1,0.264739
633000,B_w5_K10000_c0.0_lr0.01_bfull_s2,0.108621
633000,B_w5_K10000_c0.0_lr0.01_bfull_s3,0.0923117
633000,B_w5_K10000_c0.0_lr0.01_bfull_s4,0.0473506
633000,B_w5_K10000_c2.0_lr0.01_bfull_s0,0.071774
633000,B_w5_K10000_c2.0_lr0.01_bfull_s1,0.068916
633000,B_w5_K10000_c2.0_lr0.01_bfull_s2,0.055039
633000,B_w5_K10000_c2.0_lr0.01_bfull_s3,0.223716
633000,B_w5_K10000_c2.0_lr0.01_bfull_s4,0.0793762
634000,B_w5_K10000_c0.0_lr0.01_bfull_s0,0.0782772
634000,B_w5_K10000_c0.0_lr0.01_bfull_s1,0.24103
634000,B_w5_K10000_c0.0_lr0.01_bfull_s2,0.0423855
634000,B_w5_K10000_c0.0_lr0.01_bfull_s3,0.076343
634000,B_w5_K10000_c0.0_lr0.01_bfull_s4,0.0374583
634000,B_w5_K10000_c2.0_lr0.01_bfull_s0,0.0712159
634000,B_w5_K10000_c2.0_lr0.01_bfull_s1,0.049712
634000,B_w5_K10000_c2.0_lr0.01_bfull_s2,0.0549801
634000,B_w5_K10000_c2.0_lr0.01_bfull_s3,0.180715
634000,B_w5_K10000_c2.0_lr0.01_bfull_s4,0.0738499
635000,B_w5_K10000_c0.0_lr0.01_bfull_s0,0.076622
635000,B_w5_K10000_c0.0_lr0.01_bfull_s1,0.193942
635000,B_w5_K10000_c0.0_lr0.01_bfull_s2,0.0194194
635000,B_w5_K10000_c0.0_lr0.01_bfull_s3,0.0528473
635000,B_w5_K10000_c0.0_lr0.01_bfull_s4,0.0350483
635000,B_w5_K10000_c2.0_lr0.01_bfull_s0,0.069246
635000,B_w5_K10000_c2.0_lr0.01_bfull_s1,0.0380276
635000,B_w5_K10000_c2.0_lr0.01_bfull_s2,0.0547009
635000,B_w5_K10000_c2.0_lr0.01_bfull_s3,0.139281
635000,B_w5_K10000_c2.0_lr0.01_bfull_s4,0.067738
636000,B_w5_K10000_c0.0_lr0.01_bfull_s0,0.075326
636000,B_w5_K10000_c0.0_lr0.01_bfull_s1,0.141314
636000,B_w5_K10000_c0.0_lr0.01_bfull_s2,0.0155254
636000,B_w5_K10000_c0.0_lr0.01_bfull_s3,0.0421338
636000,B_w5_K10000_c0.0_lr0.01_bfull_s4,0.034432
636000,B_w5_K10000_c2.0_lr0.01_bfull_s0,0.0663568
636000,B_w5_K10000_c2.0_lr0.01_bfull_s1,0.030093
636000,B_w5_K10000_c2.0_lr0.01_bfull_s2,0.0546204
636000,B_w5_K10000_c2.0_lr0.01_bfull_s3,0.124321
636000,B_w5_K10000_c2.0_lr0.01_bfull_s4,0.060545
637000,B_w5_K10000_c0.0_lr0.01_bfull_s0,0.0738634
637000,B_w5_K10000_c0.0_lr0.01_bfull_s1,0.123197
637000,B_w5_K10000_c0.0_lr0.01_bfull_s2,0.0141392
637000,B_w5_K10000_c0.0_lr0.01_bfull_s3,0.0389458
637000,B_w5_K10000_c0.0_lr0.01_bfull_s4,0.034281
637000,B_w5_K10000_c2.0_lr0.01_bfull_s0,0.0587381
637000,B_w5_K10000_c2.0_lr0.01_bfull_s1,0.0241732
637000,B_w5_K10000_c2.0_lr0.01_bfull_s2,0.0541992
637000,B_w5_K10000_c2.0_lr0.01_bfull_s3,0.114565
637000,B_w5_K10000_c2.0_lr0.01_bfull_s4,0.0509474
638000,B_w5_K10000_c0.0_lr0.01_bfull_s0,0.070994
638000,B_w5_K10000_c0.0_lr0.01_bfull_s1,0.116735
638000,B_w5_K10000_c0.0_lr0.01_bfull_s2,0.0135789
638000,B_w5_K10000_c0.0_lr0.01_bfull_s3,0.0374425
638000,B_w5_K10000_c0.0_lr0.01_bfull_s4,0.0342658
638000,B_w5_K10000_c2.0_lr0.01_bfull_s0,0.043258
638000,B_w5_K10000_c2.0_lr0.01_bfull_s1,0.0197774
638000,B_w5_K10000_c2.0_lr0.01_bfull_s2,0.0539156
638000,B_w5_K10000_c2.0_lr0.01_bfull_s3,0.108396
638000,B_w5_K10000_c2.0_lr0.01_bfull_s4,0.0410903
639000,B_w5_K10000_c0.0_lr0.01_bfull_s0,0.0637392
639000,B_w5_K10000_c0.0_lr0.01_bfull_s1,0.11379
639000,B_w5_K10000_c0.0_lr0.01_bfull_s2,0.0131727
639000,B_w5_K10000_c0.0_lr0.01_bfull_s3,0.0364425
639000,B_w5_K10000_c0.0_lr0.01_bfull_s4,0.0342133
639000,B_w5_K10000_c2.0_lr0.01_bfull_s0,0.0250172
639000,B_w5_K10000_c2.0_lr0.01_bfull_s1,0.0165819
639000,B_w5_K10000_c2.0_lr0.01_bfull_s2,0.0536486
639000,B_w5_K10000_c2.0_lr0.01_bfull_s3,0.105476
639000,B_w5_K10000_c2.0_lr0.01_bfull_s4,0.0337513
640000,B_w5_K10000_c0.0_lr0.01_bfull_s0,0.0495586
640000,B_w5_K10000_c0.0_lr0.01_bfull_s1,0.112037
640000,B_w5_K10000_c0.0_lr0.01_bfull_s2,0.0126945
640000,B_w5_K10000_c0.0_lr0.01_bfull_s3,0.0358443
640000,B_w5_K10000_c0.0_lr0.01_bfull_s4,0.0342366
640000,B_w5_K10000_c2.0_lr0.01_bfull_s0,0.0161217
640000,B_w5_K10000_c2.0_lr0.01_bfull_s1,0.0141401
640000,B_w5_K10000_c2.0_lr0.01_bfull_s2,0.0528008
640000,B_w5_K10000_c2.0_lr0.01_bfull_s3,0.105515
640000,B_w5_K10000_c2.0_lr0.01_bfull_s4,0.0275699
641000,B_w5_K10000_c0.0_lr0.01_bfull_s0,0.280933
641000,B_w5_K10000_c0.0_lr0.01_bfull_s1,0.360922
641000,B_w5_K10000_c0.0_lr0.01_bfull_s2,0.206329
641000,B_w5_K10000_c0.0_lr0.01_bfull_s3,0.146795
641000,B_w5_K10000_c0.0_lr0.01_bfull_s4,0.327004
641000,B_w5_K10000_c2.0_lr0.01_bfull_s0,0.177846
641000,B_w5_K10000_c2.0_lr0.01_bfull_s1,0.264966
641000,B_w5_K10000_c2.0_lr0.01_bfull_s2,0.155158
641000,B_w5_K10000_c2.0_lr0.01_bfull_s3,0.170261
641000,B_w5_K10000_c2.0_lr0.01_bfull_s4,0.313534
642000,B_w5_K10000_c0.0_lr0.01_bfull_s0,0.0838096
642000,B_w5_K10000_c0.0_lr0.01_bfull_s1,0.265974
642000,B_w5_K10000_c0.0_lr0.01_bfull_s2,0.108267
642000,B_w5_K10000_c0.0_lr0.01_bfull_s3,0.0892929
642000,B_w5_K10000_c0.0_lr0.01_bfull_s4,0.0623978
642000,B_w5_K10000_c2.0_lr0.01_bfull_s0,0.156987
642000,B_w5_K10000_c2.0_lr0.01_bfull_s1,0.133744
642000,B_w5_K10000_c2.0_lr0.01_bfull_s2,0.136526
642000,B_w5_K10000_c2.0_lr0.01_bfull_s3,0.12322
642000,B_w5_K10000_c2.0_lr0.01_bfull_s4,0.0860568
643000,B_w5_K10000_c0.0_lr0.01_bfull_s0,0.0741312
643000,B_w5_K10000_c0.0_lr0.01_bfull_s1,0.156904
643000,B_w5_K10000_c0.0_lr0.01_bfull_s2,0.0988209
643000,B_w5_K10000_c0.0_lr0.01_bfull_s3,0.0596558
643000,B_w5_K10000_c0.0_lr0.01_bfull_s4,0.0554057
643000,B_w5_K10000_c2.0_lr0.01_bfull_s0,0.126027
643000,B_w5_K10000_c2.0_lr0.01_bfull_s1,0.0889215
643000,B_w5_K10000_c2.0_lr0.01_bfull_s2,0.127201
643000,B_w5_K10000_c2.0_lr0.01_bfull_s3,0.117456
643000,B_w5_K10000_c2.0_lr0.01_bfull_s4,0.0657181
644000,B_w5_K10000_c0.0_lr0.01_bfull_s0,0.0632471
644000,B_w5_K10000_c0.0_lr0.01_bfull_s1,0.0722948
644000,B_w5_K10000_c0.0_lr0.01_bfull_s2,0.0940125
644000,B_w5_K10000_c0.0_lr0.01_bfull_s3,0.0535999
644000,B_w5_K10000_c0.0_lr0.01_bfull_s4,0.0545033
644000,B_w5_K10000_c2.0_lr0.01_bfull_s0,0.0743141
644000,B_w5_K10000_c2.0_lr0.01_bfull_s1,0.0486418
644000,B_w5_K10000_c2.0_lr0.01_bfull_s2,0.110594
644000,B_w5_K10000_c2.0_lr0.01_bfull_s3,0.106155
644000,B_w5_K10000_c2.0_lr0.01_bfull_s4,0.0444792
645000,B_w5_K10000_c0.0_lr0.01_bfull_s0,0.0522243
645000,B_w5_K10000_c0.0_lr0.01_bfull_s1,0.0601812
645000,B_w5_K10000_c0.0_lr0.01_bfull_s2,0.0884954
645000,B_w5_K10000_c0.0_lr0.01_bfull_s3,0.0484563
645000,B_w5_K10000_c0.0_lr0.01_bfull_s4,0.0540392
645000,B_w5_K10000_c2.0_lr0.01_bfull_s0,0.0572133
645000,B_w5_K10000_c2.0_lr0.01_bfull_s1,0.0261712
645000,B_w5_K10000_c2.0_lr0.01_bfull_s2,0.0965701
645000,B_w5_K10000_c2.0_lr0.01_bfull_s3,0.0897996
645000,B_w5_K10000_c2.0_lr0.01_bfull_s4,0.03526
646000,B_w5_K10000_c0.0_lr0.01_bfull_s0,0.0401023
646000,B_w5_K10000_c0.0_lr0.01_bfull_s1,0.0595486
646000,B_w5_K10000_c0.0_lr0.01_bfull_s2,0.0784652
646000,B_w5_K10000_c0.0_lr0.01_bfull_s3,0.0428582
646000,B_w5_K10000_c0.0_lr0.01_bfull_s4,0.0534682
646000,B_w5_K10000_c2.0_lr0.01_bfull_s0,0.0514504
646000,B_w5_K10000_c2.0_lr0.01_bfull_s1,0.0167117
646000,B_w5_K10000_c2.0_lr0.01_bfull_s2,0.090913
646000,B_w5_K10000_c2.0_lr0.01_bfull_s3,0.0763996
646000,B_w5_K10000_c2.0_lr0.01_bfull_s4,0.0323982
647000,B_w5_K10000_c0.0_lr0.01_bfull_s0,0.0294001
647000,B_w5_K10000_c0.0_lr0.01_bfull_s1,0.0592768
647000,B_w5_K10000_c0.0_lr0.01_bfull_s2,0.0611411
647000,B_w5_K10000_c0.0_lr0.01_bfull_s3,0.0374737
647000,B_w5_K10000_c0.0_lr0.01_bfull_s4,0.0527222
647000,B_w5_K10000_c2.0_lr0.01_bfull_s0,0.0428042
647000,B_w5_K10000_c2.0_lr0.01_bfull_s1,0.0148329
647000,B_w5_K10000_c2.0_lr0.01_bfull_s2,0.0895163
647000,B_w5_K10000_c2.0_lr0.01_bfull_s3,0.0687006
647000,B_w5_K10000_c2.0_lr0.01_bfull_s4,0.0309179
648000,B_w5_K10000_c0.0_lr0.01_bfull_s0,0.0225117
648000,B_w5_K10000_c0.0_lr0.01_bfull_s1,0.0585533
648000,B_w5_K10000_c0.0_lr0.01_bfull_s2,0.0404184
648000,B_w5_K10000_c0.0_lr0.01_bfull_s3,0.0322467
648000,B_w5_K10000_c0.0_lr0.01_bfull_s4,0.0518224
648000,B_w5_K10000_c2.0_lr0.01_bfull_s0,0.0331108
648000,B_w5_K10000_c2.0_lr0.01_bfull_s1,0.0144619
648000,B_w5_K10000_c2.0_lr0.01_bfull_s2,0.0886018
648000,B_w5_K10000_c2.0_lr0.01_bfull_s3,0.0642917
648000,B_w5_K10000_c2.0_lr0.01_bfull_s4,0.0301364
649000,B_w5_K10000_c0.0_lr0.01_bfull_s0,0.018185
649000,B_w5_K10000_c0.0_lr0.01_bfull_s1,0.0581624
649000,B_w5_K10000_c0.0_lr0.01_bfull_s2,0.0254378
649000,B_w5_K10000_c0.0_lr0.01_bfull_s3,0.0259577
649000,B_w5_K10000_c0.0_lr0.01_bfull_s4,0.0501211
649000,B_w5_K10000_c2.0_lr0.01_bfull_s0,0.0263322
649000,B_w5_K10000_c2.0_lr0.01_bfull_s1,0.0143569
649000,B_w5_K10000_c2.0_lr0.01_bfull_s2,0.0870682
649000,B_w5_K10000_c2.0_lr0.01_bfull_s3,0.060497
649000,B_w5_K10000_c2.0_lr0.01_bfull_s4,0.0297023
650000,B_w5_K10000_c0.0_lr0.01_bfull_s0,0.0152895
650000,B_w5_K10000_c0.0_lr0.01_bfull_s1,0.0578842
650000,B_w5_K10000_c0.0_lr0.01_bfull_s2,0.0182558
650000,B_w5_K10000_c0.0_lr0.01_bfull_s3,0.0196698
650000,B_w5_K10000_c0.0_lr0.01_bfull_s4,0.0475028
650000,B_w5_K10000_c2.0_lr0.01_bfull_s0,0.0223261
650000,B_w5_K10000_c2.0_lr0.01_bfull_s1,0.014284
650000,B_w5_K10000_c2.0_lr0.01_bfull_s2,0.0850553
650000,B_w5_K10000_c2.0_lr0.01_bfull_s3,0.0568248
650000,B_w5_K10000_c2.0_lr0.01_bfull_s4,0.0294369
651000,B_w5_K10000_c0.0_lr0.01_bfull_s0,0.437502
651000,B_w5_K10000_c0.0_lr0.01_bfull_s1,0.381182
651000,B_w5_K10000_c0.0_lr0.01_bfull_s2,0.245467
651000,B_w5_K10000_c0.0_lr0.01_bfull_s3,0.168518
651000,B_w5_K10000_c0.0_lr0.01_bfull_s4,0.269351
651000,B_w5_K10000_c2.0_lr0.01_bfull_s0,0.0931806
651000,B_w5_K10000_c2.0_lr0.01_bfull_s1,0.352358
651000,B_w5_K10000_c2.0_lr0.01_bfull_s2,0.199679
651000,B_w5_K10000_c2.0_lr0.01_bfull_s3,0.351819
651000,B_w5_K10000_c2.0_lr0.01_bfull_s4,0.132572
652000,B_w5_K10000_c0.0_lr0.01_bfull_s0,0.194539
652000,B_w5_K10000_c0.0_lr0.01_bfull_s1,0.214726
652000,B_w5_K10000_c0.0_lr0.01_bfull_s2,0.0793914
652000,B_w5_K10000_c0.0_lr0.01_bfull_s3,0.140221
652000,B_w5_K10000_c0.0_lr0.01_bfull_s4,0.0843832
652000,B_w5_K10000_c2.0_lr0.01_bfull_s0,0.0603206
652000,B_w5_K10000_c2.0_lr0.01_bfull_s1,0.142874
652000,B_w5_K10000_c2.0_lr0.01_bfull_s2,0.1836
652000,B_w5_K10000_c2.0_lr0.01_bfull_s3,0.297739
652000,B_w5_K10000_c2.0_lr0.01_bfull_s4,0.0344366
653000,B_w5_K10000_c0.0_lr0.01_bfull_s0,0.139219
653000,B_w5_K10000_c0.0_lr0.01_bfull_s1,0.163014
653000,B_w5_K10000_c0.0_lr0.01_bfull_s2,0.0656688
653000,B_w5_K10000_c0.0_lr0.01_bfull_s3,0.139091
653000,B_w5_K10000_c0.0_lr0.01_bfull_s4,0.046984
653000,B_w5_K10000_c2.0_lr0.01_bfull_s0,0.060034
653000,B_w5_K10000_c2.0_lr0.01_bfull_s1,0.113979
653000,B_w5_K10000_c2.0_lr0.01_bfull_s2,0.178391
653000,B_w5_K10000_c2.0_lr0.01_bfull_s3,0.218028
653000,B_w5_K10000_c2.0_lr0.01_bfull_s4,0.0318285
654000,B_w5_K10000_c0.0_lr0.01_bfull_s0,0.0849004
654000,B_w5_K10000_c0.0_lr0.01_bfull_s1,0.157358
654000,B_w5_K10000_c0.0_lr0.01_bfull_s2,0.0608147
654000,B_w5_K10000_c0.0_lr0.01_bfull_s3,0.137779
654000,B_w5_K10000_c0.0_lr0.01_bfull_s4,0.032015
654000,B_w5_K10000_c2.0_lr0.01_bfull_s0,0.0603546
654000,B_w5_K10000_c2.0_lr0.01_bfull_s1,0.109261
654000,B_w5_K10000_c2.0_lr0.01_bfull_s2,0.165559
654000,B_w5_K10000_c2.0_lr0.01_bfull_s3,0.13599
654000,B_w5_K10000_c2.0_lr0.01_bfull_s4,0.0306358
655000,B_w5_K10000_c0.0_lr0.01_bfull_s0,0.072725
655000,B_w5_K10000_c0.0_lr0.01_bfull_s1,0.152418
655000,B_w5_K10000_c0.0_lr0.01_bfull_s2,0.0567939
655000,B_w5_K10000_c0.0_lr0.01_bfull_s3,0.134911
655000,B_w5_K10000_c0.0_lr0.01_bfull_s4,0.0253441
655000,B_w5_K10000_c2.0_lr0.01_bfull_s0,0.0599734
655000,B_w5_K10000_c2.0_lr0.01_bfull_s1,0.106977
655000,B_w5_K10000_c2.0_lr0.01_bfull_s2,0.136188
655000,B_w5_K10000_c2.0_lr0.01_bfull_s3,0.115628
655000,B_w5_K10000_c2.0_lr0.01_bfull_s4,0.0302136
656000,B_w5_K10000_c0.0_lr0.01_bfull_s0,0.0645411
656000,B_w5_K10000_c0.0_lr0.01_bfull_s1,0.137056
656000,B_w5_K10000_c0.0_lr0.01_bfull_s2,0.0487456
656000,B_w5_K10000_c0.0_lr0.01_bfull_s3,0.127517
656000,B_w5_K10000_c0.0_lr0.01_bfull_s4,0.0221078
656000,B_w5_K10000_c2.0_lr0.01_bfull_s0,0.0602044
656000,B_w5_K10000_c2.0_lr0.01_bfull_s1,0.104601
656000,B_w5_K10000_c2.0_lr0.01_bfull_s2,0.113449
656000,B_w5_K10000_c2.0_lr0.01_bfull_s3,0.11112
656000,B_w5_K10000_c2.0_lr0.01_bfull_s4,0.0297703
657000,B_w5_K10000_c0.0_lr0.01_bfull_s0,0.0533284
657000,B_w5_K10000_c0.0_lr0.01_bfull_s1,0.109713
657000,B_w5_K10000_c0.0_lr0.01_bfull_s2,0.0365891
657000,B_w5_K10000_c0.0_lr0.01_bfull_s3,0.104874
657000,B_w5_K10000_c0.0_lr0.01_bfull_s4,0.0202875
657000,B_w5_K10000_c2.0_lr0.01_bfull_s0,0.0602211
657000,B_w5_K10000_c2.0_lr0.01_bfull_s1,0.101338
657000,B_w5_K10000_c2.0_lr0.01_bfull_s2,0.107104
657000,B_w5_K10000_c2.0_lr0.01_bfull_s3,0.106741
657000,B_w5_K10000_c2.0_lr0.01_bfull_s4,0.0294133
658000,B_w5_K10000_c0.0_lr0.01_bfull_s0,0.0439963
658000,B_w5_K10000_c0.0_lr0.01_bfull_s1,0.0954511
658000,B_w5_K10000_c0.0_lr0.01_bfull_s2,0.0280443
658000,B_w5_K10000_c0.0_lr0.01_bfull_s3,0.0608923
658000,B_w5_K10000_c0.0_lr0.01_bfull_s4,0.0191236
658000,B_w5_K10000_c2.0_lr0.01_bfull_s0,0.0598179
658000,B_w5_K10000_c2.0_lr0.01_bfull_s1,0.0963414
658000,B_w5_K10000_c2.0_lr0.01_bfull_s2,0.104846
658000,B_w5_K10000_c2.0_lr0.01_bfull_s3,0.102087
658000,B_w5_K10000_c2.0_lr0.01_bfull_s4,0.0289214
659000,B_w5_K10000_c0.0_lr0.01_bfull_s0,0.0386384
659000,B_w5_K10000_c0.0_lr0.01_bfull_s1,0.0923599
659000,B_w5_K10000_c0.0_lr0.01_bfull_s2,0.0248264
659000,B_w5_K10000_c0.0_lr0.01_bfull_s3,0.0349534
659000,B_w5_K10000_c0.0_lr0.01_bfull_s4,0.0181813
659000,B_w5_K10000_c2.0_lr0.01_bfull_s0,0.059916
659000,B_w5_K10000_c2.0_lr0.01_bfull_s1,0.0904195
659000,B_w5_K10000_c2.0_lr0.01_bfull_s2,0.103721
659000,B_w5_K10000_c2.0_lr0.01_bfull_s3,0.0984622
659000,B_w5_K10000_c2.0_lr0.01_bfull_s4,0.0282648
660000,B_w5_K10000_c0.0_lr0.01_bfull_s0,0.0359851
660000,B_w5_K10000_c0.0_lr0.01_bfull_s1,0.0907974
660000,B_w5_K10000_c0.0_lr0.01_bfull_s2,0.0235862
660000,B_w5_K10000_c0.0_lr0.01_bfull_s3,0.0287159
660000,B_w5_K10000_c0.0_lr0.01_bfull_s4,0.0173389
660000,B_w5_K10000_c2.0_lr0.01_bfull_s0,0.0598508
660000,B_w5_K10000_c2.0_lr0.01_bfull_s1,0.0829468
660000,B_w5_K10000_c2.0_lr0.01_bfull_s2,0.102389
660000,B_w5_K10000_c2.0_lr0.01_bfull_s3,0.0958256
660000,B_w5_K10000_c2.0_lr0.01_bfull_s4,0.0273326
661000,B_w5_K10000_c0.0_lr0.01_bfull_s0,0.339209
661000,B_w5_K10000_c0.0_lr0.01_bfull_s1,0.248541
661000,B_w5_K10000_c0.0_lr0.01_bfull_s2,0.337101
661000,B_w5_K10000_c0.0_lr0.01_bfull_s3,0.0558422
661000,B_w5_K10000_c0.0_lr0.01_bfull_s4,0.393473
661000,B_w5_K10000_c2.0_lr0.01_bfull_s0,0.221949
661000,B_w5_K10000_c2.0_lr0.01_bfull_s1,0.530527
661000,B_w5_K10000_c2.0_lr0.01_bfull_s2,0.205802
661000,B_w5_K10000_c2.0_lr0.01_bfull_s3,0.150872
661000,B_w5_K10000_c2.0_lr0.01_bfull_s4,0.120837
662000,B_w5_K10000_c0.0_lr0.01_bfull_s0,0.0777879
662000,B_w5_K10000_c0.0_lr0.01_bfull_s1,0.200297
662000,B_w5_K10000_c0.0_lr0.01_bfull_s2,0.156044
662000,B_w5_K10000_c0.0_lr0.01_bfull_s3,0.0269636
662000,B_w5_K10000_c0.0_lr0.01_bfull_s4,0.257301
662000,B_w5_K10000_c2.0_lr0.01_bfull_s0,0.194098
662000,B_w5_K10000_c2.0_lr0.01_bfull_s1,0.237278
662000,B_w5_K10000_c2.0_lr0.01_bfull_s2,0.164788
662000,B_w5_K10000_c2.0_lr0.01_bfull_s3,0.0969375
662000,B_w5_K10000_c2.0_lr0.01_bfull_s4,0.0640798
663000,B_w5_K10000_c0.0_lr0.01_bfull_s0,0.0355263
663000,B_w5_K10000_c0.0_lr0.01_bfull_s1,0.159245
663000,B_w5_K10000_c0.0_lr0.01_bfull_s2,0.109698
663000,B_w5_K10000_c0.0_lr0.01_bfull_s3,0.0268689
663000,B_w5_K10000_c0.0_lr0.01_bfull_s4,0.241852
663000,B_w5_K10000_c2.0_lr0.01_bfull_s0,0.157508
663000,B_w5_K10000_c2.0_lr0.01_bfull_s1,0.17898
663000,B_w5_K10000_c2.0_lr0.01_bfull_s2,0.126525
663000,B_w5_K10000_c2.0_lr0.01_bfull_s3,0.0964982
663000,B_w5_K10000_c2.0_lr0.01_bfull_s4,0.0565612
664000,B_w5_K10000_c0.0_lr0.01_bfull_s0,0.02345
664000,B_w5_K10000_c0.0_lr0.01_bfull_s1,0.104685
664000,B_w5_K10000_c0.0_lr0.01_bfull_s2,0.0887733
664000,B_w5_K10000_c0.0_lr0.01_bfull_s3,0.0268364
664000,B_w5_K10000_c0.0_lr0.01_bfull_s4,0.228754
664000,B_w5_K10000_c2.0_lr0.01_bfull_s0,0.107555
664000,B_w5_K10000_c2.0_lr0.01_bfull_s1,0.163374
664000,B_w5_K10000_c2.0_lr0.01_bfull_s2,0.0733937
664000,B_w5_K10000_c2.0_lr0.01_bfull_s3,0.096178
664000,B_w5_K10000_c2.0_lr0.01_bfull_s4,0.0535049
665000,B_w5_K10000_c0.0_lr0.01_bfull_s0,0.0173305
665000,B_w5_K10000_c0.0_lr0.01_bfull_s1,0.0954456
665000,B_w5_K10000_c0.0_lr0.01_bfull_s2,0.0774151
665000,B_w5_K10000_c0.0_lr0.01_bfull_s3,0.0268653
665000,B_w5_K10000_c0.0_lr0.01_bfull_s4,0.216815
665000,B_w5_K10000_c2.0_lr0.01_bfull_s0,0.0744818
665000,B_w5_K10000_c2.0_lr0.01_bfull_s1,0.145892
665000,B_w5_K10000_c2.0_lr0.01_bfull_s2,0.036927
665000,B_w5_K10000_c2.0_lr0.01_bfull_s3,0.096197
665000,B_w5_K10000_c2.0_lr0.01_bfull_s4,0.0511155
666000,B_w5_K10000_c0.0_lr0.01_bfull_s0,0.0136377
666000,B_w5_K10000_c0.0_lr0.01_bfull_s1,0.0943556
666000,B_w5_K10000_c0.0_lr0.01_bfull_s2,0.0685437
666000,B_w5_K10000_c0.0_lr0.01_bfull_s3,0.0268789
666000,B_w5_K10000_c0.0_lr0.01_bfull_s4,0.203547
666000,B_w5_K10000_c2.0_lr0.01_bfull_s0,0.0648665
666000,B_w5_K10000_c2.0_lr0.01_bfull_s1,0.105829
666000,B_w5_K10000_c2.0_lr0.01_bfull_s2,0.0238996
666000,B_w5_K10000_c2.0_lr0.01_bfull_s3,0.0957489
666000,B_w5_K10000_c2.0_lr0.01_bfull_s4,0.0484347
667000,B_w5_K10000_c0.0_lr0.01_bfull_s0,0.0111312
667000,B_w5_K10000_c0.0_lr0.01_bfull_s1,0.0937531
667000,B_w5_K10000_c0.0_lr0.01_bfull_s2,0.0628392
667000,B_w5_K10000_c0.0_lr0.01_bfull_s3,0.0267962
667000,B_w5_K10000_c0.0_lr0.01_bfull_s4,0.186839
667000,B_w5_K10000_c2.0_lr0.01_bfull_s0,0.0616831
667000,B_w5_K10000_c2.0_lr0.01_bfull_s1,0.0703329
667000,B_w5_K10000_c2.0_lr0.01_bfull_s2,0.0178072
667000,B_w5_K10000_c2.0_lr0.01_bfull_s3,0.0956253
667000,B_w5_K10000_c2.0_lr0.01_bfull_s4,0.0454019
668000,B_w5_K10000_c0.0_lr0.01_bfull_s0,0.00920447
668000,B_w5_K10000_c0.0_lr0.01_bfull_s1,0.0915329
668000,B_w5_K10000_c0.0_lr0.01_bfull_s2,0.0578565
668000,B_w5_K10000_c0.0_lr0.01_bfull_s3,0.0268149
668000,B_w5_K10000_c0.0_lr0.01_bfull_s4,0.162758
668000,B_w5_K10000_c2.0_lr0.01_bfull_s0,0.0573177
668000,B_w5_K10000_c2.0_lr0.01_bfull_s1,0.0523707
668000,B_w5_K10000_c2.0_lr0.01_bfull_s2,0.0149086
668000,B_w5_K10000_c2.0_lr0.01_bfull_s3,0.0952652
668000,B_w5_K10000_c2.0_lr0.01_bfull_s4,0.0414235
669000,B_w5_K10000_c0.0_lr0.01_bfull_s0,0.0077041
669000,B_w5_K10000_c0.0_lr0.01_bfull_s1,0.0895869
669000,B_w5_K10000_c0.0_lr0.01_bfull_s2,0.0534525
669000,B_w5_K10000_c0.0_lr0.01_bfull_s3,0.0268668
669000,B_w5_K10000_c0.0_lr0.01_bfull_s4,0.142773
669000,B_w5_K10000_c2.0_lr0.01_bfull_s0,0.047232
669000,B_w5_K10000_c2.0_lr0.01_bfull_s1,0.0445067
669000,B_w5_K10000_c2.0_lr0.01_bfull_s2,0.0136537
669000,B_w5_K10000_c2.0_lr0.01_bfull_s3,0.0941767
669000,B_w5_K10000_c2.0_lr0.01_bfull_s4,0.0364978
670000,B_w5_K10000_c0.0_lr0.01_bfull_s0,0.00643457
670000,B_w5_K10000_c0.0_lr0.01_bfull_s1,0.0878452
670000,B_w5_K10000_c0.0_lr0.01_bfull_s2,0.0491467
670000,B_w5_K10000_c0.0_lr0.01_bfull_s3,0.0268154
670000,B_w5_K10000_c0.0_lr0.01_bfull_s4,0.130218
670000,B_w5_K10000_c2.0_lr0.01_bfull_s0,0.0305185
670000,B_w5_K10000_c2.0_lr0.01_bfull_s1,0.0410107
670000,B_w5_K10000_c2.0_lr0.01_bfull_s2,0.0129166
670000,B_w5_K10000_c2.0_lr0.01_bfull_s3,0.0916491
670000,B_w5_K10000_c2.0_lr0.01_bfull_s4,0.0318709
671000,B_w5_K10000_c0.0_lr0.01_bfull_s0,0.350667
671000,B_w5_K10000_c0.0_lr0.01_bfull_s1,0.307326
671000,B_w5_K10000_c0.0_lr0.01_bfull_s2,0.412263
671000,B_w5_K10000_c0.0_lr0.01_bfull_s3,0.231342
671000,B_w5_K10000_c0.0_lr0.01_bfull_s4,0.187911
671000,B_w5_K10000_c2.0_lr0.01_bfull_s0,0.227572
671000,B_w5_K10000_c2.0_lr0.01_bfull_s1,0.263051
671000,B_w5_K10000_c2.0_lr0.01_bfull_s2,0.143463
671000,B_w5_K10000_c2.0_lr0.01_bfull_s3,0.18965
671000,B_w5_K10000_c2.0_lr0.01_bfull_s4,0.151684
672000,B_w5_K10000_c0.0_lr0.01_bfull_s0,0.0813595
672000,B_w5_K10000_c0.0_lr0.01_bfull_s1,0.25077
672000,B_w5_K10000_c0.0_lr0.01_bfull_s2,0.196038
672000,B_w5_K10000_c0.0_lr0.01_bfull_s3,0.187395
672000,B_w5_K10000_c0.0_lr0.01_bfull_s4,0.135606
672000,B_w5_K10000_c2.0_lr0.01_bfull_s0,0.187163
672000,B_w5_K10000_c2.0_lr0.01_bfull_s1,0.0780705
672000,B_w5_K10000_c2.0_lr0.01_bfull_s2,0.106551
672000,B_w5_K10000_c2.0_lr0.01_bfull_s3,0.166893
672000,B_w5_K10000_c2.0_lr0.01_bfull_s4,0.0584685
673000,B_w5_K10000_c0.0_lr0.01_bfull_s0,0.0361678
673000,B_w5_K10000_c0.0_lr0.01_bfull_s1,0.152489
673000,B_w5_K10000_c0.0_lr0.01_bfull_s2,0.176294
673000,B_w5_K10000_c0.0_lr0.01_bfull_s3,0.140609
673000,B_w5_K10000_c0.0_lr0.01_bfull_s4,0.118259
673000,B_w5_K10000_c2.0_lr0.01_bfull_s0,0.168971
673000,B_w5_K10000_c2.0_lr0.01_bfull_s1,0.0757664
673000,B_w5_K10000_c2.0_lr0.01_bfull_s2,0.0938231
673000,B_w5_K10000_c2.0_lr0.01_bfull_s3,0.130994
673000,B_w5_K10000_c2.0_lr0.01_bfull_s4,0.0527852
674000,B_w5_K10000_c0.0_lr0.01_bfull_s0,0.0122995
674000,B_w5_K10000_c0.0_lr0.01_bfull_s1,0.113331
674000,B_w5_K10000_c0.0_lr0.01_bfull_s2,0.166263
674000,B_w5_K10000_c0.0_lr0.01_bfull_s3,0.102266
674000,B_w5_K10000_c0.0_lr0.01_bfull_s4,0.0981448
674000,B_w5_K10000_c2.0_lr0.01_bfull_s0,0.141922
674000,B_w5_K10000_c2.0_lr0.01_bfull_s1,0.0725574
674000,B_w5_K10000_c2.0_lr0.01_bfull_s2,0.0759393
674000,B_w5_K10000_c2.0_lr0.01_bfull_s3,0.0708195
674000,B_w5_K10000_c2.0_lr0.01_bfull_s4,0.0504374
675000,B_w5_K10000_c0.0_lr0.01_bfull_s0,0.00705385
675000,B_w5_K10000_c0.0_lr0.01_bfull_s1,0.103888
675000,B_w5_K10000_c0.0_lr0.01_bfull_s2,0.147765
675000,B_w5_K10000_c0.0_lr0.01_bfull_s3,0.0918038
675000,B_w5_K10000_c0.0_lr0.01_bfull_s4,0.0830544
675000,B_w5_K10000_c2.0_lr0.01_bfull_s0,0.120376
675000,B_w5_K10000_c2.0_lr0.01_bfull_s1,0.0672975
675000,B_w5_K10000_c2.0_lr0.01_bfull_s2,0.0627992
675000,B_w5_K10000_c2.0_lr0.01_bfull_s3,0.0579009
675000,B_w5_K10000_c2.0_lr0.01_bfull_s4,0.0488538
676000,B_w5_K10000_c0.0_lr0.01_bfull_s0,0.00670926
676000,B_w5_K10000_c0.0_lr0.01_bfull_s1,0.0962016
676000,B_w5_K10000_c0.0_lr0.01_bfull_s2,0.106723
676000,B_w5_K10000_c0.0_lr0.01_bfull_s3,0.0891269
676000,B_w5_K10000_c0.0_lr0.01_bfull_s4,0.0715275
676000,B_w5_K10000_c2.0_lr0.01_bfull_s0,0.106848
676000,B_w5_K10000_c2.0_lr0.01_bfull_s1,0.0593197
676000,B_w5_K10000_c2.0_lr0.01_bfull_s2,0.057406
676000,B_w5_K10000_c2.0_lr0.01_bfull_s3,0.0564697
676000,B_w5_K10000_c2.0_lr0.01_bfull_s4,0.0476495
677000,B_w5_K10000_c0.0_lr0.01_bfull_s0,0.00667687
677000,B_w5_K10000_c0.0_lr0.01_bfull_s1,0.091615
677000,B_w5_K10000_c0.0_lr0.01_bfull_s2,0.0755354
677000,B_w5_K10000_c0.0_lr0.01_bfull_s3,0.0877439
677000,B_w5_K10000_c0.0_lr0.01_bfull_s4,0.0628678
677000,B_w5_K10000_c2.0_lr0.01_bfull_s0,0.0980063
677000,B_w5_K10000_c2.0_lr0.01_bfull_s1,0.0521011
677000,B_w5_K10000_c2.0_lr0.01_bfull_s2,0.0549937
677000,B_w5_K10000_c2.0_lr0.01_bfull_s3,0.0548351
677000,B_w5_K10000_c2.0_lr0.01_bfull_s4,0.046554
678000,B_w5_K10000_c0.0_lr0.01_bfull_s0,0.00665716
678000,B_w5_K10000_c0.0_lr0.01_bfull_s1,0.0888943
678000,B_w5_K10000_c0.0_lr0.01_bfull_s2,0.0624313
678000,B_w5_K10000_c0.0_lr0.01_bfull_s3,0.0868884
678000,B_w5_K10000_c0.0_lr0.01_bfull_s4,0.0576238
678000,B_w5_K10000_c2.0_lr0.01_bfull_s0,0.092768
678000,B_w5_K10000_c2.0_lr0.01_bfull_s1,0.0478017
678000,B_w5_K10000_c2.0_lr0.01_bfull_s2,0.0523632
678000,B_w5_K10000_c2.0_lr0.01_bfull_s3,0.0512536
678000,B_w5_K10000_c2.0_lr0.01_bfull_s4,0.045776
679000,B_w5_K10000_c0.0_lr0.01_bfull_s0,0.00666022
679000,B_w5_K10000_c0.0_lr0.01_bfull_s1,0.0880252
679000,B_w5_K10000_c0.0_lr0.01_bfull_s2,0.0552075
679000,B_w5_K10000_c0.0_lr0.01_bfull_s3,0.085907
679000,B_w5_K10000_c0.0_lr0.01_bfull_s4,0.0542604
679000,B_w5_K10000_c2.0_lr0.01_bfull_s0,0.0897501
679000,B_w5_K10000_c2.0_lr0.01_bfull_s1,0.0460979
679000,B_w5_K10000_c2.0_lr0.01_bfull_s2,0.0483929
679000,B_w5_K10000_c2.0_lr0.01_bfull_s3,0.0453516
679000,B_w5_K10000_c2.0_lr0.01_bfull_s4,0.0447475
680000,B_w5_K10000_c0.0_lr0.01_bfull_s0,0.00664494
680000,B_w5_K10000_c0.0_lr0.01_bfull_s1,0.0873654
680000,B_w5_K10000_c0.0_lr0.01_bfull_s2,0.0495672
680000,B_w5_K10000_c0.0_lr0.01_bfull_s3,0.0841285
680000,B_w5_K10000_c0.0_lr0.01_bfull_s4,0.0514688
680000,B_w5_K10000_c2.0_lr0.01_bfull_s0,0.0883633
680000,B_w5_K10000_c2.0_lr0.01_bfull_s1,0.0452819
680000,B_w5_K10000_c2.0_lr0.01_bfull_s2,0.0425784
680000,B_w5_K10000_c2.0_lr0.01_bfull_s3,0.0377437
680000,B_w5_K10000_c2.0_lr0.01_bfull_s4,0.0442096
681000,B_w5_K10000_c0.0_lr0.01_bfull_s0,0.251773
681000,B_w5_K10000_c0.0_lr0.01_bfull_s1,0.131133
681000,B_w5_K10000_c0.0_lr0.01_bfull_s2,0.361807
681000,B_w5_K10000_c0.0_lr0.01_bfull_s3,0.221868
681000,B_w5_K10000_c0.0_lr0.01_bfull_s4,0.0644098
681000,B_w5_K10000_c2.0_lr0.01_bfull_s0,0.0822088
681000,B_w5_K10000_c2.0_lr0.01_bfull_s1,0.282335
681000,B_w5_K10000_c2.0_lr0.01_bfull_s2,0.138079
681000,B_w5_K10000_c2.0_lr0.01_bfull_s3,0.289753
681000,B_w5_K10000_c2.0_lr0.01_bfull_s4,0.196478
682000,B_w5_K10000_c0.0_lr0.01_bfull_s0,0.07397
682000,B_w5_K10000_c0.0_lr0.01_bfull_s1,0.105374
682000,B_w5_K10000_c0.0_lr0.01_bfull_s2,0.284398
682000,B_w5_K10000_c0.0_lr0.01_bfull_s3,0.184371
682000,B_w5_K10000_c0.0_lr0.01_bfull_s4,0.0421152
682000,B_w5_K10000_c2.0_lr0.01_bfull_s0,0.0609205
682000,B_w5_K10000_c2.0_lr0.01_bfull_s1,0.111539
682000,B_w5_K10000_c2.0_lr0.01_bfull_s2,0.120736
682000,B_w5_K10000_c2.0_lr0.01_bfull_s3,0.254954
682000,B_w5_K10000_c2.0_lr0.01_bfull_s4,0.0743252
683000,B_w5_K10000_c0.0_lr0.01_bfull_s0,0.0685803
683000,B_w5_K10000_c0.0_lr0.01_bfull_s1,0.105091
683000,B_w5_K10000_c0.0_lr0.01_bfull_s2,0.257434
683000,B_w5_K10000_c0.0_lr0.01_bfull_s3,0.183419
683000,B_w5_K10000_c0.0_lr0.01_bfull_s4,0.0417837
683000,B_w5_K10000_c2.0_lr0.01_bfull_s0,0.0610823
683000,B_w5_K10000_c2.0_lr0.01_bfull_s1,0.0959064
683000,B_w5_K10000_c2.0_lr0.01_bfull_s2,0.119746
683000,B_w5_K10000_c2.0_lr0.01_bfull_s3,0.249281
683000,B_w5_K10000_c2.0_lr0.01_bfull_s4,0.0497137
684000,B_w5_K10000_c0.0_lr0.01_bfull_s0,0.0671856
684000,B_w5_K10000_c0.0_lr0.01_bfull_s1,0.105356
684000,B_w5_K10000_c0.0_lr0.01_bfull_s2,0.223238
684000,B_w5_K10000_c0.0_lr0.01_bfull_s3,0.180937
684000,B_w5_K10000_c0.0_lr0.01_bfull_s4,0.0416069
684000,B_w5_K10000_c2.0_lr0.01_bfull_s0,0.0609774
684000,B_w5_K10000_c2.0_lr0.01_bfull_s1,0.0900018
684000,B_w5_K10000_c2.0_lr0.01_bfull_s2,0.117211
684000,B_w5_K10000_c2.0_lr0.01_bfull_s3,0.232182
684000,B_w5_K10000_c2.0_lr0.01_bfull_s4,0.0459228
685000,B_w5_K10000_c0.0_lr0.01_bfull_s0,0.0664108
685000,B_w5_K10000_c0.0_lr0.01_bfull_s1,0.104873
685000,B_w5_K10000_c0.0_lr0.01_bfull_s2,0.184307
685000,B_w5_K10000_c0.0_lr0.01_bfull_s3,0.175973
685000,B_w5_K10000_c0.0_lr0.01_bfull_s4,0.0415932
685000,B_w5_K10000_c2.0_lr0.01_bfull_s0,0.0606462
685000,B_w5_K10000_c2.0_lr0.01_bfull_s1,0.0859378
685000,B_w5_K10000_c2.0_lr0.01_bfull_s2,0.1103
685000,B_w5_K10000_c2.0_lr0.01_bfull_s3,0.168725
685000,B_w5_K10000_c2.0_lr0.01_bfull_s4,0.0449425
686000,B_w5_K10000_c0.0_lr0.01_bfull_s0,0.0653214
686000,B_w5_K10000_c0.0_lr0.01_bfull_s1,0.104567
686000,B_w5_K10000_c0.0_lr0.01_bfull_s2,0.120047
686000,B_w5_K10000_c0.0_lr0.01_bfull_s3,0.163296
686000,B_w5_K10000_c0.0_lr0.01_bfull_s4,0.0415499
686000,B_w5_K10000_c2.0_lr0.01_bfull_s0,0.0607737
686000,B_w5_K10000_c2.0_lr0.01_bfull_s1,0.0811974
686000,B_w5_K10000_c2.0_lr0.01_bfull_s2,0.087667
686000,B_w5_K10000_c2.0_lr0.01_bfull_s3,0.0964773
686000,B_w5_K10000_c2.0_lr0.01_bfull_s4,0.0441281
687000,B_w5_K10000_c0.0_lr0.01_bfull_s0,0.0632457
687000,B_w5_K10000_c0.0_lr0.01_bfull_s1,0.104524
687000,B_w5_K10000_c0.0_lr0.01_bfull_s2,0.0904087
687000,B_w5_K10000_c0.0_lr0.01_bfull_s3,0.13469
687000,B_w5_K10000_c0.0_lr0.01_bfull_s4,0.0414163
687000,B_w5_K10000_c2.0_lr0.01_bfull_s0,0.0605233
687000,B_w5_K10000_c2.0_lr0.01_bfull_s1,0.0756952
687000,B_w5_K10000_c2.0_lr0.01_bfull_s2,0.057956
687000,B_w5_K10000_c2.0_lr0.01_bfull_s3,0.0638167
687000,B_w5_K10000_c2.0_lr0.01_bfull_s4,0.0435005
688000,B_w5_K10000_c0.0_lr0.01_bfull_s0,0.0593932
688000,B_w5_K10000_c0.0_lr0.01_bfull_s1,0.104042
688000,B_w5_K10000_c0.0_lr0.01_bfull_s2,0.0862933
688000,B_w5_K10000_c0.0_lr0.01_bfull_s3,0.100255
688000,B_w5_K10000_c0.0_lr0.01_bfull_s4,0.0413362
688000,B_w5_K10000_c2.0_lr0.01_bfull_s0,0.0603276
688000,B_w5_K10000_c2.0_lr0.01_bfull_s1,0.0686615
688000,B_w5_K10000_c2.0_lr0.01_bfull_s2,0.04973
688000,B_w5_K10000_c2.0_lr0.01_bfull_s3,0.0593938
688000,B_w5_K10000_c2.0_lr0.01_bfull_s4,0.0432241
689000,B_w5_K10000_c0.0_lr0.01_bfull_s0,0.0494455
689000,B_w5_K10000_c0.0_lr0.01_bfull_s1,0.103592
689000,B_w5_K10000_c0.0_lr0.01_bfull_s2,0.0837788
689000,B_w5_K10000_c0.0_lr0.01_bfull_s3,0.0835469
689000,B_w5_K10000_c0.0_lr0.01_bfull_s4,0.041155
689000,B_w5_K10000_c2.0_lr0.01_bfull_s0,0.0602266
689000,B_w5_K10000_c2.0_lr0.01_bfull_s1,0.0619701
689000,B_w5_K10000_c2.0_lr0.01_bfull_s2,0.0490346
689000,B_w5_K10000_c2.0_lr0.01_bfull_s3,0.0585326
689000,B_w5_K10000_c2.0_lr0.01_bfull_s4,0.0424292
690000,B_w5_K10000_c0.0_lr0.01_bfull_s0,0.0313977
690000,B_w5_K10000_c0.0_lr0.01_bfull_s1,0.102607
690000,B_w5_K10000_c0.0_lr0.01_bfull_s2,0.0806299
690000,B_w5_K10000_c0.0_lr0.01_bfull_s3,0.0776546
690000,B_w5_K10000_c0.0_lr0.01_bfull_s4,0.0409186
690000,B_w5_K10000_c2.0_lr0.01_bfull_s0,0.0601443
690000,B_w5_K10000_c2.0_lr0.01_bfull_s1,0.0569797
690000,B_w5_K10000_c2.0_lr0.01_bfull_s2,0.0483056
690000,B_w5_K10000_c2.0_lr0.01_bfull_s3,0.0582907
690000,B_w5_K10000_c2.0_lr0.01_bfull_s4,0.0415024
691000,B_w5_K10000_c0.0_lr0.01_bfull_s0,0.396686
691000,B_w5_K10000_c0.0_lr0.01_bfull_s1,0.191102
691000,B_w5_K10000_c0.0_lr0.01_bfull_s2,0.250932
691000,B_w5_K10000_c0.0_lr0.01_bfull_s3,0.252453
691000,B_w5_K10000_c0.0_lr0.01_bfull_s4,0.113207
691000,B_w5_K10000_c2.0_lr0.01_bfull_s0,0.14132
691000,B_w5_K10000_c2.0_lr0.01_bfull_s1,0.323604
691000,B_w5_K10000_c2.0_lr0.01_bfull_s2,0.103944
691000,B_w5_K10000_c2.0_lr0.01_bfull_s3,0.169487
691000,B_w5_K10000_c2.0_lr0.01_bfull_s4,0.320598
692000,B_w5_K10000_c0.0_lr0.01_bfull_s0,0.162858
692000,B_w5_K10000_c0.0_lr0.01_bfull_s1,0.121404
692000,B_w5_K10000_c0.0_lr0.01_bfull_s2,0.169301
692000,B_w5_K10000_c0.0_lr0.01_bfull_s3,0.138676
692000,B_w5_K10000_c0.0_lr0.01_bfull_s4,0.0462301
692000,B_w5_K10000_c2.0_lr0.01_bfull_s0,0.129166
692000,B_w5_K10000_c2.0_lr0.01_bfull_s1,0.167467
692000,B_w5_K10000_c2.0_lr0.01_bfull_s2,0.0815255
692000,B_w5_K10000_c2.0_lr0.01_bfull_s3,0.137345
692000,B_w5_K10000_c2.0_lr0.01_bfull_s4,0.212797
693000,B_w5_K10000_c0.0_lr0.01_bfull_s0,0.0904467
693000,B_w5_K10000_c0.0_lr0.01_bfull_s1,0.0957618
693000,B_w5_K10000_c0.0_lr0.01_bfull_s2,0.122279
693000,B_w5_K10000_c0.0_lr0.01_bfull_s3,0.0883364
693000,B_w5_K10000_c0.0_lr0.01_bfull_s4,0.0157387
693000,B_w5_K10000_c2.0_lr0.01_bfull_s0,0.124148
693000,B_w5_K10000_c2.0_lr0.01_bfull_s1,0.146751
693000,B_w5_K10000_c2.0_lr0.01_bfull_s2,0.080721
693000,B_w5_K10000_c2.0_lr0.01_bfull_s3,0.134025
693000,B_w5_K10000_c2.0_lr0.01_bfull_s4,0.203654
694000,B_w5_K10000_c0.0_lr0.01_bfull_s0,0.0351859
694000,B_w5_K10000_c0.0_lr0.01_bfull_s1,0.0942532
694000,B_w5_K10000_c0.0_lr0.01_bfull_s2,0.111811
694000,B_w5_K10000_c0.0_lr0.01_bfull_s3,0.0806783
694000,B_w5_K10000_c0.0_lr0.01_bfull_s4,0.0130772
694000,B_w5_K10000_c2.0_lr0.01_bfull_s0,0.116651
694000,B_w5_K10000_c2.0_lr0.01_bfull_s1,0.1251
694000,B_w5_K10000_c2.0_lr0.01_bfull_s2,0.0800461
694000,B_w5_K10000_c2.0_lr0.01_bfull_s3,0.126902
694000,B_w5_K10000_c2.0_lr0.01_bfull_s4,0.188415
695000,B_w5_K10000_c0.0_lr0.01_bfull_s0,0.0236585
695000,B_w5_K10000_c0.0_lr0.01_bfull_s1,0.0941429
695000,B_w5_K10000_c0.0_lr0.01_bfull_s2,0.10896
695000,B_w5_K10000_c0.0_lr0.01_bfull_s3,0.079301
695000,B_w5_K10000_c0.0_lr0.01_bfull_s4,0.0129752
695000,B_w5_K10000_c2.0_lr0.01_bfull_s0,0.102915
695000,B_w5_K10000_c2.0_lr0.01_bfull_s1,0.107274
695000,B_w5_K10000_c2.0_lr0.01_bfull_s2,0.0788575
695000,B_w5_K10000_c2.0_lr0.01_bfull_s3,0.112407
695000,B_w5_K10000_c2.0_lr0.01_bfull_s4,0.15342
696000,B_w5_K10000_c0.0_lr0.01_bfull_s0,0.0211025
696000,B_w5_K10000_c0.0_lr0.01_bfull_s1,0.0938577
696000,B_w5_K10000_c0.0_lr0.01_bfull_s2,0.107412
696000,B_w5_K10000_c0.0_lr0.01_bfull_s3,0.0785643
696000,B_w5_K10000_c0.0_lr0.01_bfull_s4,0.0128855
696000,B_w5_K10000_c2.0_lr0.01_bfull_s0,0.0883118
696000,B_w5_K10000_c2.0_lr0.01_bfull_s1,0.0940274
696000,B_w5_K10000_c2.0_lr0.01_bfull_s2,0.0770256
696000,B_w5_K10000_c2.0_lr0.01_bfull_s3,0.0983465
696000,B_w5_K10000_c2.0_lr0.01_bfull_s4,0.104258
697000,B_w5_K10000_c0.0_lr0.01_bfull_s0,0.0201127
697000,B_w5_K10000_c0.0_lr0.01_bfull_s1,0.0938274
697000,B_w5_K10000_c0.0_lr0.01_bfull_s2,0.107226
697000,B_w5_K10000_c0.0_lr0.01_bfull_s3,0.0769926
697000,B_w5_K10000_c0.0_lr0.01_bfull_s4,0.0128333
697000,B_w5_K10000_c2.0_lr0.01_bfull_s0,0.0800378
697000,B_w5_K10000_c2.0_lr0.01_bfull_s1,0.0781526
697000,B_w5_K10000_c2.0_lr0.01_bfull_s2,0.0739175
697000,B_w5_K10000_c2.0_lr0.01_bfull_s3,0.0921546
697000,B_w5_K10000_c2.0_lr0.01_bfull_s4,0.0658355
698000,B_w5_K10000_c0.0_lr0.01_bfull_s0,0.0197386
698000,B_w5_K10000_c0.0_lr0.01_bfull_s1,0.093792
698000,B_w5_K10000_c0.0_lr0.01_bfull_s2,0.106531
698000,B_w5_K10000_c0.0_lr0.01_bfull_s3,0.0740989
698000,B_w5_K10000_c0.0_lr0.01_bfull_s4,0.0127687
698000,B_w5_K10000_c2.0_lr0.01_bfull_s0,0.076464
698000,B_w5_K10000_c2.0_lr0.01_bfull_s1,0.0533581
698000,B_w5_K10000_c2.0_lr0.01_bfull_s2,0.0685956
698000,B_w5_K10000_c2.0_lr0.01_bfull_s3,0.0895366
698000,B_w5_K10000_c2.0_lr0.01_bfull_s4,0.0498537
699000,B_w5_K10000_c0.0_lr0.01_bfull_s0,0.0194688
699000,B_w5_K10000_c0.0_lr0.01_bfull_s1,0.093519
699000,B_w5_K10000_c0.0_lr0.01_bfull_s2,0.106345
699000,B_w5_K10000_c0.0_lr0.01_bfull_s3,0.0656257
699000,B_w5_K10000_c0.0_lr0.01_bfull_s4,0.0126175
699000,B_w5_K10000_c2.0_lr0.01_bfull_s0,0.0744922
699000,B_w5_K10000_c2.0_lr0.01_bfull_s1,0.030158
699000,B_w5_K10000_c2.0_lr0.01_bfull_s2,0.0614187
699000,B_w5_K10000_c2.0_lr0.01_bfull_s3,0.0882739
699000,B_w5_K10000_c2.0_lr0.01_bfull_s4,0.0370708
700000,B_w5_K10000_c0.0_lr0.01_bfull_s0,0.0193674
700000,B_w5_K10000_c0.0_lr0.01_bfull_s1,0.0931453
700000,B_w5_K10000_c0.0_lr0.01_bfull_s2,0.106708
700000,B_w5_K10000_c0.0_lr0.01_bfull_s3,0.0469599
700000,B_w5_K10000_c0.0_lr0.01_bfull_s4,0.0125479
700000,B_w5_K10000_c2.0_lr0.01_bfull_s0,0.0719549
700000,B_w5_K10000_c2.0_lr0.01_bfull_s1,0.0208488
700000,B_w5_K10000_c2.0_lr0.01_bfull_s2,0.0546285
700000,B_w5_K10000_c2.0_lr0.01_bfull_s3,0.0874404
700000,B_w5_K10000_c2.0_lr0.01_bfull_s4,0.0216955
701000,B_w5_K10000_c0.0_lr0.01_bfull_s0,0.200037
701000,B_w5_K10000_c0.0_lr0.01_bfull_s1,0.163749
701000,B_w5_K10000_c0.0_lr0.01_bfull_s2,0.229553
701000,B_w5_K10000_c0.0_lr0.01_bfull_s3,0.288488
701000,B_w5_K10000_c0.0_lr0.01_bfull_s4,0.111917
701000,B_w5_K10000_c2.0_lr0.01_bfull_s0,0.065956
701000,B_w5_K10000_c2.0_lr0.01_bfull_s1,0.228613
701000,B_w5_K10000_c2.0_lr0.01_bfull_s2,0.224069
701000,B_w5_K10000_c2.0_lr0.01_bfull_s3,0.115569
701000,B_w5_K10000_c2.0_lr0.01_bfull_s4,0.288394
702000,B_w5_K10000_c0.0_lr0.01_bfull_s0,0.0443298
702000,B_w5_K10000_c0.0_lr0.01_bfull_s1,0.115992
702000,B_w5_K10000_c0.0_lr0.01_bfull_s2,0.169373
702000,B_w5_K10000_c0.0_lr0.01_bfull_s3,0.234059
702000,B_w5_K10000_c0.0_lr0.01_bfull_s4,0.0873317
702000,B_w5_K10000_c2.0_lr0.01_bfull_s0,0.0479717
702000,B_w5_K10000_c2.0_lr0.01_bfull_s1,0.106477
702000,B_w5_K10000_c2.0_lr0.01_bfull_s2,0.211953
702000,B_w5_K10000_c2.0_lr0.01_bfull_s3,0.0920067
702000,B_w5_K10000_c2.0_lr0.01_bfull_s4,0.142158
703000,B_w5_K10000_c0.0_lr0.01_bfull_s0,0.0205076
703000,B_w5_K10000_c0.0_lr0.01_bfull_s1,0.0787859
703000,B_w5_K10000_c0.0_lr0.01_bfull_s2,0.106625
703000,B_w5_K10000_c0.0_lr0.01_bfull_s3,0.215911
703000,B_w5_K10000_c0.0_lr0.01_bfull_s4,0.0848632
703000,B_w5_K10000_c2.0_lr0.01_bfull_s0,0.0463576
703000,B_w5_K10000_c2.0_lr0.01_bfull_s1,0.0888225
703000,B_w5_K10000_c2.0_lr0.01_bfull_s2,0.211675
703000,B_w5_K10000_c2.0_lr0.01_bfull_s3,0.0813043
703000,B_w5_K10000_c2.0_lr0.01_bfull_s4,0.119845
704000,B_w5_K10000_c0.0_lr0.01_bfull_s0,0.0160815
704000,B_w5_K10000_c0.0_lr0.01_bfull_s1,0.0624042
704000,B_w5_K10000_c0.0_lr0.01_bfull_s2,0.0812569
704000,B_w5_K10000_c0.0_lr0.01_bfull_s3,0.161226
704000,B_w5_K10000_c0.0_lr0.01_bfull_s4,0.0812268
704000,B_w5_K10000_c2.0_lr0.01_bfull_s0,0.0443755
704000,B_w5_K10000_c2.0_lr0.01_bfull_s1,0.0694445
704000,B_w5_K10000_c2.0_lr0.01_bfull_s2,0.210512
704000,B_w5_K10000_c2.0_lr0.01_bfull_s3,0.0653473
704000,B_w5_K10000_c2.0_lr0.01_bfull_s4,0.113708
705000,B_w5_K10000_c0.0_lr0.01_bfull_s0,0.0149968
705000,B_w5_K10000_c0.0_lr0.01_bfull_s1,0.0490406
705000,B_w5_K10000_c0.0_lr0.01_bfull_s2,0.0510885
705000,B_w5_K10000_c0.0_lr0.01_bfull_s3,0.119044
705000,B_w5_K10000_c0.0_lr0.01_bfull_s4,0.0752884
705000,B_w5_K10000_c2.0_lr0.01_bfull_s0,0.0407314
705000,B_w5_K10000_c2.0_lr0.01_bfull_s1,0.0425531
705000,B_w5_K10000_c2.0_lr0.01_bfull_s2,0.206059
705000,B_w5_K10000_c2.0_lr0.01_bfull_s3,0.0546481
705000,B_w5_K10000_c2.0_lr0.01_bfull_s4,0.105937
706000,B_w5_K10000_c0.0_lr0.01_bfull_s0,0.0144102
706000,B_w5_K10000_c0.0_lr0.01_bfull_s1,0.0394931
706000,B_w5_K10000_c0.0_lr0.01_bfull_s2,0.0253068
706000,B_w5_K10000_c0.0_lr0.01_bfull_s3,0.0978864
706000,B_w5_K10000_c0.0_lr0.01_bfull_s4,0.0672769
706000,B_w5_K10000_c2.0_lr0.01_bfull_s0,0.0353677
706000,B_w5_K10000_c2.0_lr0.01_bfull_s1,0.0238504
706000,B_w5_K10000_c2.0_lr0.01_bfull_s2,0.192453
706000,B_w5_K10000_c2.0_lr0.01_bfull_s3,0.0512686
706000,B_w5_K10000_c2.0_lr0.01_bfull_s4,0.0933835
707000,B_w5_K10000_c0.0_lr0.01_bfull_s0,0.0141401
707000,B_w5_K10000_c0.0_lr0.01_bfull_s1,0.0365825
707000,B_w5_K10000_c0.0_lr0.01_bfull_s2,0.0191604
707000,B_w5_K10000_c0.0_lr0.01_bfull_s3,0.0900935
707000,B_w5_K10000_c0.0_lr0.01_bfull_s4,0.0594735
707000,B_w5_K10000_c2.0_lr0.01_bfull_s0,0.0295895
707000,B_w5_K10000_c2.0_lr0.01_bfull_s1,0.0176638
707000,B_w5_K10000_c2.0_lr0.01_bfull_s2,0.145977
707000,B_w5_K10000_c2.0_lr0.01_bfull_s3,0.0501709
707000,B_w5_K10000_c2.0_lr0.01_bfull_s4,0.0760471
708000,B_w5_K10000_c0.0_lr0.01_bfull_s0,0.0138528
708000,B_w5_K10000_c0.0_lr0.01_bfull_s1,0.0360898
708000,B_w5_K10000_c0.0_lr0.01_bfull_s2,0.017997
708000,B_w5_K10000_c0.0_lr0.01_bfull_s3,0.0880167
708000,B_w5_K10000_c0.0_lr0.01_bfull_s4,0.0546469
708000,B_w5_K10000_c2.0_lr0.01_bfull_s0,0.0246981
708000,B_w5_K10000_c2.0_lr0.01_bfull_s1,0.0144604
708000,B_w5_K10000_c2.0_lr0.01_bfull_s2,0.110758
708000,B_w5_K10000_c2.0_lr0.01_bfull_s3,0.0490419
708000,B_w5_K10000_c2.0_lr0.01_bfull_s4,0.0608216
709000,B_w5_K10000_c0.0_lr0.01_bfull_s0,0.0136048
709000,B_w5_K10000_c0.0_lr0.01_bfull_s1,0.0360209
709000,B_w5_K10000_c0.0_lr0.01_bfull_s2,0.0176632
709000,B_w5_K10000_c0.0_lr0.01_bfull_s3,0.0871044
709000,B_w5_K10000_c0.0_lr0.01_bfull_s4,0.052389
709000,B_w5_K10000_c2.0_lr0.01_bfull_s0,0.0218012
709000,B_w5_K10000_c2.0_lr0.01_bfull_s1,0.0120997
709000,B_w5_K10000_c2.0_lr0.01_bfull_s2,0.105825
709000,B_w5_K10000_c2.0_lr0.01_bfull_s3,0.0472832
709000,B_w5_K10000_c2.0_lr0.01_bfull_s4,0.0508839
710000,B_w5_K10000_c0.0_lr0.01_bfull_s0,0.013327
710000,B_w5_K10000_c0.0_lr0.01_bfull_s1,0.0359917
710000,B_w5_K10000_c0.0_lr0.01_bfull_s2,0.0176203
710000,B_w5_K10000_c0.0_lr0.01_bfull_s3,0.0858331
710000,B_w5_K10000_c0.0_lr0.01_bfull_s4,0.0514998
710000,B_w5_K10000_c2.0_lr0.01_bfull_s0,0.0205617
710000,B_w5_K10000_c2.0_lr0.01_bfull_s1,0.0104143
710000,B_w5_K10000_c2.0_lr0.01_bfull_s2,0.105307
710000,B_w5_K10000_c2.0_lr0.01_bfull_s3,0.0440446
710000,B_w5_K10000_c2.0_lr0.01_bfull_s4,0.0454106
711000,B_w5_K10000_c0.0_lr0.01_bfull_s0,0.565372
711000,B_w5_K10000_c0.0_lr0.01_bfull_s1,0.179305
711000,B_w5_K10000_c0.0_lr0.01_bfull_s2,0.261316
711000,B_w5_K10000_c0.0_lr0.01_bfull_s3,0.204767
711000,B_w5_K10000_c0.0_lr0.01_bfull_s4,0.203203
711000,B_w5_K10000_c2.0_lr0.01_bfull_s0,0.195342
711000,B_w5_K10000_c2.0_lr0.01_bfull_s1,0.170694
711000,B_w5_K10000_c2.0_lr0.01_bfull_s2,0.171318
711000,B_w5_K10000_c2.0_lr0.01_bfull_s3,0.212306
711000,B_w5_K10000_c2.0_lr0.01_bfull_s4,0.286718
712000,B_w5_K10000_c0.0_lr0.01_bfull_s0,0.249657
712000,B_w5_K10000_c0.0_lr0.01_bfull_s1,0.150796
712000,B_w5_K10000_c0.0_lr0.01_bfull_s2,0.198228
712000,B_w5_K10000_c0.0_lr0.01_bfull_s3,0.172698
712000,B_w5_K10000_c0.0_lr0.01_bfull_s4,0.17964
712000,B_w5_K10000_c2.0_lr0.01_bfull_s0,0.181688
712000,B_w5_K10000_c2.0_lr0.01_bfull_s1,0.0874977
712000,B_w5_K10000_c2.0_lr0.01_bfull_s2,0.147315
712000,B_w5_K10000_c2.0_lr0.01_bfull_s3,0.18605
712000,B_w5_K10000_c2.0_lr0.01_bfull_s4,0.106355
713000,B_w5_K10000_c0.0_lr0.01_bfull_s0,0.190737
713000,B_w5_K10000_c0.0_lr0.01_bfull_s1,0.138527
713000,B_w5_K10000_c0.0_lr0.01_bfull_s2,0.149846
713000,B_w5_K10000_c0.0_lr0.01_bfull_s3,0.160247
713000,B_w5_K10000_c0.0_lr0.01_bfull_s4,0.167915
713000,B_w5_K10000_c2.0_lr0.01_bfull_s0,0.177556
713000,B_w5_K10000_c2.0_lr0.01_bfull_s1,0.0722569
713000,B_w5_K10000_c2.0_lr0.01_bfull_s2,0.146042
713000,B_w5_K10000_c2.0_lr0.01_bfull_s3,0.178627
713000,B_w5_K10000_c2.0_lr0.01_bfull_s4,0.0851966
714000,B_w5_K10000_c0.0_lr0.01_bfull_s0,0.128346
714000,B_w5_K10000_c0.0_lr0.01_bfull_s1,0.118065
714000,B_w5_K10000_c0.0_lr0.01_bfull_s2,0.101844
714000,B_w5_K10000_c0.0_lr0.01_bfull_s3,0.123881
714000,B_w5_K10000_c0.0_lr0.01_bfull_s4,0.142762
714000,B_w5_K10000_c2.0_lr0.01_bfull_s0,0.169107
714000,B_w5_K10000_c2.0_lr0.01_bfull_s1,0.0671641
714000,B_w5_K10000_c2.0_lr0.01_bfull_s2,0.140496
714000,B_w5_K10000_c2.0_lr0.01_bfull_s3,0.154303
714000,B_w5_K10000_c2.0_lr0.01_bfull_s4,0.0740311
715000,B_w5_K10000_c0.0_lr0.01_bfull_s0,0.0481388
715000,B_w5_K10000_c0.0_lr0.01_bfull_s1,0.100039
715000,B_w5_K10000_c0.0_lr0.01_bfull_s2,0.0772234
715000,B_w5_K10000_c0.0_lr0.01_bfull_s3,0.0774335
715000,B_w5_K10000_c0.0_lr0.01_bfull_s4,0.126263
715000,B_w5_K10000_c2.0_lr0.01_bfull_s0,0.133354
715000,B_w5_K10000_c2.0_lr0.01_bfull_s1,0.0633725
715000,B_w5_K10000_c2.0_lr0.01_bfull_s2,0.125234
715000,B_w5_K10000_c2.0_lr0.01_bfull_s3,0.0999559
715000,B_w5_K10000_c2.0_lr0.01_bfull_s4,0.0673721
716000,B_w5_K10000_c0.0_lr0.01_bfull_s0,0.012296
716000,B_w5_K10000_c0.0_lr0.01_bfull_s1,0.0821479
716000,B_w5_K10000_c0.0_lr0.01_bfull_s2,0.0495671
716000,B_w5_K10000_c0.0_lr0.01_bfull_s3,0.0628654
716000,B_w5_K10000_c0.0_lr0.01_bfull_s4,0.122448
716000,B_w5_K10000_c2.0_lr0.01_bfull_s0,0.0791177
716000,B_w5_K10000_c2.0_lr0.01_bfull_s1,0.0595249
716000,B_w5_K10000_c2.0_lr0.01_bfull_s2,0.0966396
716000,B_w5_K10000_c2.0_lr0.01_bfull_s3,0.0477444
716000,B_w5_K10000_c2.0_lr0.01_bfull_s4,0.062254
717000,B_w5_K10000_c0.0_lr0.01_bfull_s0,0.00301703
717000,B_w5_K10000_c0.0_lr0.01_bfull_s1,0.0490733
717000,B_w5_K10000_c0.0_lr0.01_bfull_s2,0.0275069
717000,B_w5_K10000_c0.0_lr0.01_bfull_s3,0.0598694
717000,B_w5_K10000_c0.0_lr0.01_bfull_s4,0.120916
717000,B_w5_K10000_c2.0_lr0.01_bfull_s0,0.0631286
717000,B_w5_K10000_c2.0_lr0.01_bfull_s1,0.055685
717000,B_w5_K10000_c2.0_lr0.01_bfull_s2,0.0815901
717000,B_w5_K10000_c2.0_lr0.01_bfull_s3,0.017912
717000,B_w5_K10000_c2.0_lr0.01_bfull_s4,0.0581185
718000,B_w5_K10000_c0.0_lr0.01_bfull_s0,0.000979967
718000,B_w5_K10000_c0.0_lr0.01_bfull_s1,0.0206996
718000,B_w5_K10000_c0.0_lr0.01_bfull_s2,0.0163428
718000,B_w5_K10000_c0.0_lr0.01_bfull_s3,0.0593333
718000,B_w5_K10000_c0.0_lr0.01_bfull_s4,0.120113
718000,B_w5_K10000_c2.0_lr0.01_bfull_s0,0.0554544
718000,B_w5_K10000_c2.0_lr0.01_bfull_s1,0.0521147
718000,B_w5_K10000_c2.0_lr0.01_bfull_s2,0.077755
718000,B_w5_K10000_c2.0_lr0.01_bfull_s3,0.0129375
718000,B_w5_K10000_c2.0_lr0.01_bfull_s4,0.0551041
719000,B_w5_K10000_c0.0_lr0.01_bfull_s0,0.00063597
719000,B_w5_K10000_c0.0_lr0.01_bfull_s1,0.0124522
719000,B_w5_K10000_c0.0_lr0.01_bfull_s2,0.0115729
719000,B_w5_K10000_c0.0_lr0.01_bfull_s3,0.059028
719000,B_w5_K10000_c0.0_lr0.01_bfull_s4,0.119457
719000,B_w5_K10000_c2.0_lr0.01_bfull_s0,0.0471915
719000,B_w5_K10000_c2.0_lr0.01_bfull_s1,0.0486943
719000,B_w5_K10000_c2.0_lr0.01_bfull_s2,0.0763865
719000,B_w5_K10000_c2.0_lr0.01_bfull_s3,0.0124794
719000,B_w5_K10000_c2.0_lr0.01_bfull_s4,0.0530189
720000,B_w5_K10000_c0.0_lr0.01_bfull_s0,0.000589284
720000,B_w5_K10000_c0.0_lr0.01_bfull_s1,0.0104299
720000,B_w5_K10000_c0.0_lr0.01_bfull_s2,0.00949952
720000,B_w5_K10000_c0.0_lr0.01_bfull_s3,0.0588339
720000,B_w5_K10000_c0.0_lr0.01_bfull_s4,0.1174
720000,B_w5_K10000_c2.0_lr0.01_bfull_s0,0.0428697
720000,B_w5_K10000_c2.0_lr0.01_bfull_s1,0.0456761
720000,B_w5_K10000_c2.0_lr0.01_bfull_s2,0.0760723
720000,B_w5_K10000_c2.0_lr0.01_bfull_s3,0.0124303
720000,B_w5_K10000_c2.0_lr0.01_bfull_s4,0.0516455
721000,B_w5_K10000_c0.0_lr0.01_bfull_s0,0.264916
721000,B_w5_K10000_c0.0_lr0.01_bfull_s1,0.136131
721000,B_w5_K10000_c0.0_lr0.01_bfull_s2,0.223791
721000,B_w5_K10000_c0.0_lr0.01_bfull_s3,0.309915
721000,B_w5_K10000_c0.0_lr0.01_bfull_s4,0.144132
721000,B_w5_K10000_c2.0_lr0.01_bfull_s0,0.110195
721000,B_w5_K10000_c2.0_lr0.01_bfull_s1,0.149678
721000,B_w5_K10000_c2.0_lr0.01_bfull_s2,0.244702
721000,B_w5_K10000_c2.0_lr0.01_bfull_s3,0.134206
721000,B_w5_K10000_c2.0_lr0.01_bfull_s4,0.223493
722000,B_w5_K10000_c0.0_lr0.01_bfull_s0,0.103477
722000,B_w5_K10000_c0.0_lr0.01_bfull_s1,0.115089
722000,B_w5_K10000_c0.0_lr0.01_bfull_s2,0.175719
722000,B_w5_K10000_c0.0_lr0.01_bfull_s3,0.272267
722000,B_w5_K10000_c0.0_lr0.01_bfull_s4,0.11887
722000,B_w5_K10000_c2.0_lr0.01_bfull_s0,0.0705282
722000,B_w5_K10000_c2.0_lr0.01_bfull_s1,0.0674929
722000,B_w5_K10000_c2.0_lr0.01_bfull_s2,0.226615
722000,B_w5_K10000_c2.0_lr0.01_bfull_s3,0.102159
722000,B_w5_K10000_c2.0_lr0.01_bfull_s4,0.111292
723000,B_w5_K10000_c0.0_lr0.01_bfull_s0,0.0835848
723000,B_w5_K10000_c0.0_lr0.01_bfull_s1,0.114632
723000,B_w5_K10000_c0.0_lr0.01_bfull_s2,0.170454
723000,B_w5_K10000_c0.0_lr0.01_bfull_s3,0.242091
723000,B_w5_K10000_c0.0_lr0.01_bfull_s4,0.118246
723000,B_w5_K10000_c2.0_lr0.01_bfull_s0,0.0522088
723000,B_w5_K10000_c2.0_lr0.01_bfull_s1,0.0507909
723000,B_w5_K10000_c2.0_lr0.01_bfull_s2,0.22783
723000,B_w5_K10000_c2.0_lr0.01_bfull_s3,0.101754
723000,B_w5_K10000_c2.0_lr0.01_bfull_s4,0.0915757
724000,B_w5_K10000_c0.0_lr0.01_bfull_s0,0.0686057
724000,B_w5_K10000_c0.0_lr0.01_bfull_s1,0.113236
724000,B_w5_K10000_c0.0_lr0.01_bfull_s2,0.1569
724000,B_w5_K10000_c0.0_lr0.01_bfull_s3,0.188081
724000,B_w5_K10000_c0.0_lr0.01_bfull_s4,0.117677
724000,B_w5_K10000_c2.0_lr0.01_bfull_s0,0.0349804
724000,B_w5_K10000_c2.0_lr0.01_bfull_s1,0.0420915
724000,B_w5_K10000_c2.0_lr0.01_bfull_s2,0.227149
724000,B_w5_K10000_c2.0_lr0.01_bfull_s3,0.100844
724000,B_w5_K10000_c2.0_lr0.01_bfull_s4,0.0821335
725000,B_w5_K10000_c0.0_lr0.01_bfull_s0,0.0575139
725000,B_w5_K10000_c0.0_lr0.01_bfull_s1,0.108846
725000,B_w5_K10000_c0.0_lr0.01_bfull_s2,0.123829
725000,B_w5_K10000_c0.0_lr0.01_bfull_s3,0.164423
725000,B_w5_K10000_c0.0_lr0.01_bfull_s4,0.116327
725000,B_w5_K10000_c2.0_lr0.01_bfull_s0,0.0298693
725000,B_w5_K10000_c2.0_lr0.01_bfull_s1,0.0337107
725000,B_w5_K10000_c2.0_lr0.01_bfull_s2,0.226629
725000,B_w5_K10000_c2.0_lr0.01_bfull_s3,0.100201
725000,B_w5_K10000_c2.0_lr0.01_bfull_s4,0.0742959
726000,B_w5_K10000_c0.0_lr0.01_bfull_s0,0.0492427
726000,B_w5_K10000_c0.0_lr0.01_bfull_s1,0.0916647
726000,B_w5_K10000_c0.0_lr0.01_bfull_s2,0.0862578
726000,B_w5_K10000_c0.0_lr0.01_bfull_s3,0.150944
726000,B_w5_K10000_c0.0_lr0.01_bfull_s4,0.113426
726000,B_w5_K10000_c2.0_lr0.01_bfull_s0,0.0291496
726000,B_w5_K10000_c2.0_lr0.01_bfull_s1,0.0258192
726000,B_w5_K10000_c2.0_lr0.01_bfull_s2,0.224615
726000,B_w5_K10000_c2.0_lr0.01_bfull_s3,0.0991967
726000,B_w5_K10000_c2.0_lr0.01_bfull_s4,0.0654063
727000,B_w5_K10000_c0.0_lr0.01_bfull_s0,0.0438514
727000,B_w5_K10000_c0.0_lr0.01_bfull_s1,0.0494401
727000,B_w5_K10000_c0.0_lr0.01_bfull_s2,0.0731109
727000,B_w5_K10000_c0.0_lr0.01_bfull_s3,0.129191
727000,B_w5_K10000_c0.0_lr0.01_bfull_s4,0.105366
727000,B_w5_K10000_c2.0_lr0.01_bfull_s0,0.0286854
727000,B_w5_K10000_c2.0_lr0.01_bfull_s1,0.0192049
727000,B_w5_K10000_c2.0_lr0.01_bfull_s2,0.21957
727000,B_w5_K10000_c2.0_lr0.01_bfull_s3,0.0970532
727000,B_w5_K10000_c2.0_lr0.01_bfull_s4,0.0572635
728000,B_w5_K10000_c0.0_lr0.01_bfull_s0,0.0404225
728000,B_w5_K10000_c0.0_lr0.01_bfull_s1,0.0306774
728000,B_w5_K10000_c0.0_lr0.01_bfull_s2,0.0665608
728000,B_w5_K10000_c0.0_lr0.01_bfull_s3,0.0756856
728000,B_w5_K10000_c0.0_lr0.01_bfull_s4,0.0861535
728000,B_w5_K10000_c2.0_lr0.01_bfull_s0,0.0284199
728000,B_w5_K10000_c2.0_lr0.01_bfull_s1,0.0144601
728000,B_w5_K10000_c2.0_lr0.01_bfull_s2,0.197704
728000,B_w5_K10000_c2.0_lr0.01_bfull_s3,0.0929296
728000,B_w5_K10000_c2.0_lr0.01_bfull_s4,0.0520862
729000,B_w5_K10000_c0.0_lr0.01_bfull_s0,0.0382263
729000,B_w5_K10000_c0.0_lr0.01_bfull_s1,0.0292685
729000,B_w5_K10000_c0.0_lr0.01_bfull_s2,0.0605292
729000,B_w5_K10000_c0.0_lr0.01_bfull_s3,0.0271555
729000,B_w5_K10000_c0.0_lr0.01_bfull_s4,0.0666843
729000,B_w5_K10000_c2.0_lr0.01_bfull_s0,0.0277582
729000,B_w5_K10000_c2.0_lr0.01_bfull_s1,0.011487
729000,B_w5_K10000_c2.0_lr0.01_bfull_s2,0.15276
729000,B_w5_K10000_c2.0_lr0.01_bfull_s3,0.0867921
729000,B_w5_K10000_c2.0_lr0.01_bfull_s4,0.0490756
730000,B_w5_K10000_c0.0_lr0.01_bfull_s0,0.0365528
730000,B_w5_K10000_c0.0_lr0.01_bfull_s1,0.0288249
730000,B_w5_K10000_c0.0_lr0.01_bfull_s2,0.0532486
730000,B_w5_K10000_c0.0_lr0.01_bfull_s3,0.0147111
730000,B_w5_K10000_c0.0_lr0.01_bfull_s4,0.0591492
730000,B_w5_K10000_c2.0_lr0.01_bfull_s0,0.0270354
730000,B_w5_K10000_c2.0_lr0.01_bfull_s1,0.0100014
730000,B_w5_K10000_c2.0_lr0.01_bfull_s2,0.130124
730000,B_w5_K10000_c2.0_lr0.01_bfull_s3,0.0783162
730000,B_w5_K10000_c2.0_lr0.01_bfull_s4,0.0467451
731000,B_w5_K10000_c0.0_lr0.01_bfull_s0,0.44435
731000,B_w5_K10000_c0.0_lr0.01_bfull_s1,0.104535
731000,B_w5_K10000_c0.0_lr0.01_bfull_s2,0.138362
731000,B_w5_K10000_c0.0_lr0.01_bfull_s3,0.262561
731000,B_w5_K10000_c0.0_lr0.01_bfull_s4,0.172557
731000,B_w5_K10000_c2.0_lr0.01_bfull_s0,0.231897
731000,B_w5_K10000_c2.0_lr0.01_bfull_s1,0.209103
731000,B_w5_K10000_c2.0_lr0.01_bfull_s2,0.238627
731000,B_w5_K10000_c2.0_lr0.01_bfull_s3,0.196065
731000,B_w5_K10000_c2.0_lr0.01_bfull_s4,0.183826
732000,B_w5_K10000_c0.0_lr0.01_bfull_s0,0.264246
732000,B_w5_K10000_c0.0_lr0.01_bfull_s1,0.0877135
732000,B_w5_K10000_c0.0_lr0.01_bfull_s2,0.105274
732000,B_w5_K10000_c0.0_lr0.01_bfull_s3,0.200087
732000,B_w5_K10000_c0.0_lr0.01_bfull_s4,0.0819337
732000,B_w5_K10000_c2.0_lr0.01_bfull_s0,0.210471
732000,B_w5_K10000_c2.0_lr0.01_bfull_s1,0.0569757
732000,B_w5_K10000_c2.0_lr0.01_bfull_s2,0.203874
732000,B_w5_K10000_c2.0_lr0.01_bfull_s3,0.142128
732000,B_w5_K10000_c2.0_lr0.01_bfull_s4,0.110275
733000,B_w5_K10000_c0.0_lr0.01_bfull_s0,0.238778
733000,B_w5_K10000_c0.0_lr0.01_bfull_s1,0.0866175
733000,B_w5_K10000_c0.0_lr0.01_bfull_s2,0.0877059
733000,B_w5_K10000_c0.0_lr0.01_bfull_s3,0.169633
733000,B_w5_K10000_c0.0_lr0.01_bfull_s4,0.0582752
733000,B_w5_K10000_c2.0_lr0.01_bfull_s0,0.18159
733000,B_w5_K10000_c2.0_lr0.01_bfull_s1,0.0383299
733000,B_w5_K10000_c2.0_lr0.01_bfull_s2,0.161292
733000,B_w5_K10000_c2.0_lr0.01_bfull_s3,0.0870211
733000,B_w5_K10000_c2.0_lr0.01_bfull_s4,0.105849
734000,B_w5_K10000_c0.0_lr0.01_bfull_s0,0.209245
734000,B_w5_K10000_c0.0_lr0.01_bfull_s1,0.0848615
734000,B_w5_K10000_c0.0_lr0.01_bfull_s2,0.0774353
734000,B_w5_K10000_c0.0_lr0.01_bfull_s3,0.105942
734000,B_w5_K10000_c0.0_lr0.01_bfull_s4,0.0572052
734000,B_w5_K10000_c2.0_lr0.01_bfull_s0,0.139903
734000,B_w5_K10000_c2.0_lr0.01_bfull_s1,0.0298652
734000,B_w5_K10000_c2.0_lr0.01_bfull_s2,0.0923536
734000,B_w5_K10000_c2.0_lr0.01_bfull_s3,0.0757315
734000,B_w5_K10000_c2.0_lr0.01_bfull_s4,0.10269
735000,B_w5_K10000_c0.0_lr0.01_bfull_s0,0.155267
735000,B_w5_K10000_c0.0_lr0.01_bfull_s1,0.0812943
735000,B_w5_K10000_c0.0_lr0.01_bfull_s2,0.0750097
735000,B_w5_K10000_c0.0_lr0.01_bfull_s3,0.0654554
735000,B_w5_K10000_c0.0_lr0.01_bfull_s4,0.0568375
735000,B_w5_K10000_c2.0_lr0.01_bfull_s0,0.119008
735000,B_w5_K10000_c2.0_lr0.01_bfull_s1,0.0223757
735000,B_w5_K10000_c2.0_lr0.01_bfull_s2,0.0506292
735000,B_w5_K10000_c2.0_lr0.01_bfull_s3,0.0710529
735000,B_w5_K10000_c2.0_lr0.01_bfull_s4,0.100589
736000,B_w5_K10000_c0.0_lr0.01_bfull_s0,0.109028
736000,B_w5_K10000_c0.0_lr0.01_bfull_s1,0.0745943
736000,B_w5_K10000_c0.0_lr0.01_bfull_s2,0.0744117
736000,B_w5_K10000_c0.0_lr0.01_bfull_s3,0.0574799
736000,B_w5_K10000_c0.0_lr0.01_bfull_s4,0.0566038
736000,B_w5_K10000_c2.0_lr0.01_bfull_s0,0.104285
736000,B_w5_K10000_c2.0_lr0.01_bfull_s1,0.0158017
736000,B_w5_K10000_c2.0_lr0.01_bfull_s2,0.0299419
736000,B_w5_K10000_c2.0_lr0.01_bfull_s3,0.0645614
736000,B_w5_K10000_c2.0_lr0.01_bfull_s4,0.0974712
737000,B_w5_K10000_c0.0_lr0.01_bfull_s0,0.0693878
737000,B_w5_K10000_c0.0_lr0.01_bfull_s1,0.0626578
737000,B_w5_K10000_c0.0_lr0.01_bfull_s2,0.0742048
737000,B_w5_K10000_c0.0_lr0.01_bfull_s3,0.0553662
737000,B_w5_K10000_c0.0_lr0.01_bfull_s4,0.0559294
737000,B_w5_K10000_c2.0_lr0.01_bfull_s0,0.0760619
737000,B_w5_K10000_c2.0_lr0.01_bfull_s1,0.0111456
737000,B_w5_K10000_c2.0_lr0.01_bfull_s2,0.0251474
737000,B_w5_K10000_c2.0_lr0.01_bfull_s3,0.0573939
737000,B_w5_K10000_c2.0_lr0.01_bfull_s4,0.0933368
738000,B_w5_K10000_c0.0_lr0.01_bfull_s0,0.0468211
738000,B_w5_K10000_c0.0_lr0.01_bfull_s1,0.0511831
738000,B_w5_K10000_c0.0_lr0.01_bfull_s2,0.0741988
738000,B_w5_K10000_c0.0_lr0.01_bfull_s3,0.0530622
738000,B_w5_K10000_c0.0_lr0.01_bfull_s4,0.0550941
738000,B_w5_K10000_c2.0_lr0.01_bfull_s0,0.0355477
738000,B_w5_K10000_c2.0_lr0.01_bfull_s1,0.00871685
738000,B_w5_K10000_c2.0_lr0.01_bfull_s2,0.0244634
738000,B_w5_K10000_c2.0_lr0.01_bfull_s3,0.051523
738000,B_w5_K10000_c2.0_lr0.01_bfull_s4,0.0840416
739000,B_w5_K10000_c0.0_lr0.01_bfull_s0,0.0406421
739000,B_w5_K10000_c0.0_lr0.01_bfull_s1,0.0458827
739000,B_w5_K10000_c0.0_lr0.01_bfull_s2,0.0740569
739000,B_w5_K10000_c0.0_lr0.01_bfull_s3,0.0501708
739000,B_w5_K10000_c0.0_lr0.01_bfull_s4,0.0541697
739000,B_w5_K10000_c2.0_lr0.01_bfull_s0,0.0184772
739000,B_w5_K10000_c2.0_lr0.01_bfull_s1,0.00762854
739000,B_w5_K10000_c2.0_lr0.01_bfull_s2,0.0243092
739000,B_w5_K10000_c2.0_lr0.01_bfull_s3,0.0468562
739000,B_w5_K10000_c2.0_lr0.01_bfull_s4,0.0678589
740000,B_w5_K10000_c0.0_lr0.01_bfull_s0,0.0386423
740000,B_w5_K10000_c0.0_lr0.01_bfull_s1,0.044198
740000,B_w5_K10000_c0.0_lr0.01_bfull_s2,0.0739559
740000,B_w5_K10000_c0.0_lr0.01_bfull_s3,0.0463557
740000,B_w5_K10000_c0.0_lr0.01_bfull_s4,0.0525894
740000,B_w5_K10000_c2.0_lr0.01_bfull_s0,0.0154453
740000,B_w5_K10000_c2.0_lr0.01_bfull_s1,0.00718708
740000,B_w5_K10000_c2.0_lr0.01_bfull_s2,0.0242907
740000,B_w5_K10000_c2.0_lr0.01_bfull_s3,0.0431909
740000,B_w5_K10000_c2.0_lr0.01_bfull_s4,0.0532388
741000,B_w5_K10000_c0.0_lr0.01_bfull_s0,0.228251
741000,B_w5_K10000_c0.0_lr0.01_bfull_s1,0.23176
741000,B_w5_K10000_c0.0_lr0.01_bfull_s2,0.212033
741000,B_w5_K10000_c0.0_lr0.01_bfull_s3,0.230431
741000,B_w5_K10000_c0.0_lr0.01_bfull_s4,0.351375
741000,B_w5_K10000_c2.0_lr0.01_bfull_s0,0.216716
741000,B_w5_K10000_c2.0_lr0.01_bfull_s1,0.43075
741000,B_w5_K10000_c2.0_lr0.01_bfull_s2,0.274909
741000,B_w5_K10000_c2.0_lr0.01_bfull_s3,0.115976
741000,B_w5_K10000_c2.0_lr0.01_bfull_s4,0.265079
742000,B_w5_K10000_c0.0_lr0.01_bfull_s0,0.141904
742000,B_w5_K10000_c0.0_lr0.01_bfull_s1,0.210639
742000,B_w5_K10000_c0.0_lr0.01_bfull_s2,0.177158
742000,B_w5_K10000_c0.0_lr0.01_bfull_s3,0.19007
742000,B_w5_K10000_c0.0_lr0.01_bfull_s4,0.29991
742000,B_w5_K10000_c2.0_lr0.01_bfull_s0,0.172711
742000,B_w5_K10000_c2.0_lr0.01_bfull_s1,0.233857
742000,B_w5_K10000_c2.0_lr0.01_bfull_s2,0.185382
742000,B_w5_K10000_c2.0_lr0.01_bfull_s3,0.0933401
742000,B_w5_K10000_c2.0_lr0.01_bfull_s4,0.104861
743000,B_w5_K10000_c0.0_lr0.01_bfull_s0,0.125562
743000,B_w5_K10000_c0.0_lr0.01_bfull_s1,0.192014
743000,B_w5_K10000_c0.0_lr0.01_bfull_s2,0.13751
743000,B_w5_K10000_c0.0_lr0.01_bfull_s3,0.188051
743000,B_w5_K10000_c0.0_lr0.01_bfull_s4,0.262967
743000,B_w5_K10000_c2.0_lr0.01_bfull_s0,0.170453
743000,B_w5_K10000_c2.0_lr0.01_bfull_s1,0.159089
743000,B_w5_K10000_c2.0_lr0.01_bfull_s2,0.139355
743000,B_w5_K10000_c2.0_lr0.01_bfull_s3,0.0936306
743000,B_w5_K10000_c2.0_lr0.01_bfull_s4,0.101437
744000,B_w5_K10000_c0.0_lr0.01_bfull_s0,0.104634
744000,B_w5_K10000_c0.0_lr0.01_bfull_s1,0.139453
744000,B_w5_K10000_c0.0_lr0.01_bfull_s2,0.0989096
744000,B_w5_K10000_c0.0_lr0.01_bfull_s3,0.18142
744000,B_w5_K10000_c0.0_lr0.01_bfull_s4,0.213195
744000,B_w5_K10000_c2.0_lr0.01_bfull_s0,0.168679
744000,B_w5_K10000_c2.0_lr0.01_bfull_s1,0.107634
744000,B_w5_K10000_c2.0_lr0.01_bfull_s2,0.135646
744000,B_w5_K10000_c2.0_lr0.01_bfull_s3,0.0932907
744000,B_w5_K10000_c2.0_lr0.01_bfull_s4,0.0961177
745000,B_w5_K10000_c0.0_lr0.01_bfull_s0,0.0845189
745000,B_w5_K10000_c0.0_lr0.01_bfull_s1,0.0781998
745000,B_w5_K10000_c0.0_lr0.01_bfull_s2,0.0885458
745000,B_w5_K10000_c0.0_lr0.01_bfull_s3,0.157345
745000,B_w5_K10000_c0.0_lr0.01_bfull_s4,0.151859
745000,B_w5_K10000_c2.0_lr0.01_bfull_s0,0.164605
745000,B_w5_K10000_c2.0_lr0.01_bfull_s1,0.0869544
745000,B_w5_K10000_c2.0_lr0.01_bfull_s2,0.134343
745000,B_w5_K10000_c2.0_lr0.01_bfull_s3,0.0930928
745000,B_w5_K10000_c2.0_lr0.01_bfull_s4,0.0825467
746000,B_w5_K10000_c0.0_lr0.01_bfull_s0,0.0628808
746000,B_w5_K10000_c0.0_lr0.01_bfull_s1,0.0645058
746000,B_w5_K10000_c0.0_lr0.01_bfull_s2,0.0847371
746000,B_w5_K10000_c0.0_lr0.01_bfull_s3,0.120111
746000,B_w5_K10000_c0.0_lr0.01_bfull_s4,0.0910992
746000,B_w5_K10000_c2.0_lr0.01_bfull_s0,0.151979
746000,B_w5_K10000_c2.0_lr0.01_bfull_s1,0.0603501
746000,B_w5_K10000_c2.0_lr0.01_bfull_s2,0.133877
746000,B_w5_K10000_c2.0_lr0.01_bfull_s3,0.0933929
746000,B_w5_K10000_c2.0_lr0.01_bfull_s4,0.0596272
747000,B_w5_K10000_c0.0_lr0.01_bfull_s0,0.0391516
747000,B_w5_K10000_c0.0_lr0.01_bfull_s1,0.0629525
747000,B_w5_K10000_c0.0_lr0.01_bfull_s2,0.0829124
747000,B_w5_K10000_c0.0_lr0.01_bfull_s3,0.107
747000,B_w5_K10000_c0.0_lr0.01_bfull_s4,0.0677207
747000,B_w5_K10000_c2.0_lr0.01_bfull_s0,0.126123
747000,B_w5_K10000_c2.0_lr0.01_bfull_s1,0.0267171
747000,B_w5_K10000_c2.0_lr0.01_bfull_s2,0.131893
747000,B_w5_K10000_c2.0_lr0.01_bfull_s3,0.0931782
747000,B_w5_K10000_c2.0_lr0.01_bfull_s4,0.043976
748000,B_w5_K10000_c0.0_lr0.01_bfull_s0,0.0246795
748000,B_w5_K10000_c0.0_lr0.01_bfull_s1,0.0627048
748000,B_w5_K10000_c0.0_lr0.01_bfull_s2,0.0817656
748000,B_w5_K10000_c0.0_lr0.01_bfull_s3,0.104581
748000,B_w5_K10000_c0.0_lr0.01_bfull_s4,0.0599201
748000,B_w5_K10000_c2.0_lr0.01_bfull_s0,0.104398
748000,B_w5_K10000_c2.0_lr0.01_bfull_s1,0.0200392
748000,B_w5_K10000_c2.0_lr0.01_bfull_s2,0.12855
748000,B_w5_K10000_c2.0_lr0.01_bfull_s3,0.0933219
748000,B_w5_K10000_c2.0_lr0.01_bfull_s4,0.0405759
749000,B_w5_K10000_c0.0_lr0.01_bfull_s0,0.0197485
749000,B_w5_K10000_c0.0_lr0.01_bfull_s1,0.0626761
749000,B_w5_K10000_c0.0_lr0.01_bfull_s2,0.0816322
749000,B_w5_K10000_c0.0_lr0.01_bfull_s3,0.103486
749000,B_w5_K10000_c0.0_lr0.01_bfull_s4,0.05773
749000,B_w5_K10000_c2.0_lr0.01_bfull_s0,0.09573
749000,B_w5_K10000_c2.0_lr0.01_bfull_s1,0.019424
749000,B_w5_K10000_c2.0_lr0.01_bfull_s2,0.120529
749000,B_w5_K10000_c2.0_lr0.01_bfull_s3,0.0932882
749000,B_w5_K10000_c2.0_lr0.01_bfull_s4,0.0402037
750000,B_w5_K10000_c0.0_lr0.01_bfull_s0,0.0186541
750000,B_w5_K10000_c0.0_lr0.01_bfull_s1,0.0624263
750000,B_w5_K10000_c0.0_lr0.01_bfull_s2,0.0807572
750000,B_w5_K10000_c0.0_lr0.01_bfull_s3,0.101246
750000,B_w5_K10000_c0.0_lr0.01_bfull_s4,0.0568025
750000,B_w5_K10000_c2.0_lr0.01_bfull_s0,0.0928311
750000,B_w5_K10000_c2.0_lr0.01_bfull_s1,0.0191738
750000,B_w5_K10000_c2.0_lr0.01_bfull_s2,0.100761
750000,B_w5_K10000_c2.0_lr0.01_bfull_s3,0.0933396
750000,B_w5_K10000_c2.0_lr0.01_bfull_s4,0.0399598
751000,B_w5_K10000_c0.0_lr0.01_bfull_s0,0.306307
751000,B_w5_K10000_c0.0_lr0.01_bfull_s1,0.267471
751000,B_w5_K10000_c0.0_lr0.01_bfull_s2,0.164019
751000,B_w5_K10000_c0.0_lr0.01_bfull_s3,0.129467
751000,B_w5_K10000_c0.0_lr0.01_bfull_s4,0.165803
751000,B_w5_K10000_c2.0_lr0.01_bfull_s0,0.103442
751000,B_w5_K10000_c2.0_lr0.01_bfull_s1,0.112334
751000,B_w5_K10000_c2.0_lr0.01_bfull_s2,0.166569
751000,B_w5_K10000_c2.0_lr0.01_bfull_s3,0.160846
751000,B_w5_K10000_c2.0_lr0.01_bfull_s4,0.245691
752000,B_w5_K10000_c0.0_lr0.01_bfull_s0,0.111124
752000,B_w5_K10000_c0.0_lr0.01_bfull_s1,0.217401
752000,B_w5_K10000_c0.0_lr0.01_bfull_s2,0.137765
752000,B_w5_K10000_c0.0_lr0.01_bfull_s3,0.115539
752000,B_w5_K10000_c0.0_lr0.01_bfull_s4,0.111913
752000,B_w5_K10000_c2.0_lr0.01_bfull_s0,0.0806347
752000,B_w5_K10000_c2.0_lr0.01_bfull_s1,0.0411245
752000,B_w5_K10000_c2.0_lr0.01_bfull_s2,0.107908
752000,B_w5_K10000_c2.0_lr0.01_bfull_s3,0.143589
752000,B_w5_K10000_c2.0_lr0.01_bfull_s4,0.177874
753000,B_w5_K10000_c0.0_lr0.01_bfull_s0,0.0760026
753000,B_w5_K10000_c0.0_lr0.01_bfull_s1,0.135336
753000,B_w5_K10000_c0.0_lr0.01_bfull_s2,0.137411
753000,B_w5_K10000_c0.0_lr0.01_bfull_s3,0.114766
753000,B_w5_K10000_c0.0_lr0.01_bfull_s4,0.11135
753000,B_w5_K10000_c2.0_lr0.01_bfull_s0,0.0803192
753000,B_w5_K10000_c2.0_lr0.01_bfull_s1,0.0337821
753000,B_w5_K10000_c2.0_lr0.01_bfull_s2,0.0774383
753000,B_w5_K10000_c2.0_lr0.01_bfull_s3,0.130207
753000,B_w5_K10000_c2.0_lr0.01_bfull_s4,0.173934
754000,B_w5_K10000_c0.0_lr0.01_bfull_s0,0.0467622
754000,B_w5_K10000_c0.0_lr0.01_bfull_s1,0.0697086
754000,B_w5_K10000_c0.0_lr0.01_bfull_s2,0.13692
754000,B_w5_K10000_c0.0_lr0.01_bfull_s3,0.113732
754000,B_w5_K10000_c0.0_lr0.01_bfull_s4,0.110795
754000,B_w5_K10000_c2.0_lr0.01_bfull_s0,0.0800537
754000,B_w5_K10000_c2.0_lr0.01_bfull_s1,0.0308912
754000,B_w5_K10000_c2.0_lr0.01_bfull_s2,0.0492316
754000,B_w5_K10000_c2.0_lr0.01_bfull_s3,0.113112
754000,B_w5_K10000_c2.0_lr0.01_bfull_s4,0.162128
755000,B_w5_K10000_c0.0_lr0.01_bfull_s0,0.0284986
755000,B_w5_K10000_c0.0_lr0.01_bfull_s1,0.0643184
755000,B_w5_K10000_c0.0_lr0.01_bfull_s2,0.134385
755000,B_w5_K10000_c0.0_lr0.01_bfull_s3,0.11228
755000,B_w5_K10000_c0.0_lr0.01_bfull_s4,0.109951
755000,B_w5_K10000_c2.0_lr0.01_bfull_s0,0.0803932
755000,B_w5_K10000_c2.0_lr0.01_bfull_s1,0.0291299
755000,B_w5_K10000_c2.0_lr0.01_bfull_s2,0.0378236
755000,B_w5_K10000_c2.0_lr0.01_bfull_s3,0.100443
755000,B_w5_K10000_c2.0_lr0.01_bfull_s4,0.111927
756000,B_w5_K10000_c0.0_lr0.01_bfull_s0,0.0213871
756000,B_w5_K10000_c0.0_lr0.01_bfull_s1,0.0517307
756000,B_w5_K10000_c0.0_lr0.01_bfull_s2,0.129176
756000,B_w5_K10000_c0.0_lr0.01_bfull_s3,0.109454
756000,B_w5_K10000_c0.0_lr0.01_bfull_s4,0.108418
756000,B_w5_K10000_c2.0_lr0.01_bfull_s0,0.0804524
756000,B_w5_K10000_c2.0_lr0.01_bfull_s1,0.0277318
756000,B_w5_K10000_c2.0_lr0.01_bfull_s2,0.0364263
756000,B_w5_K10000_c2.0_lr0.01_bfull_s3,0.0932215
756000,B_w5_K10000_c2.0_lr0.01_bfull_s4,0.0597706
757000,B_w5_K10000_c0.0_lr0.01_bfull_s0,0.0190203
757000,B_w5_K10000_c0.0_lr0.01_bfull_s1,0.029619
757000,B_w5_K10000_c0.0_lr0.01_bfull_s2,0.113869
757000,B_w5_K10000_c0.0_lr0.01_bfull_s3,0.104893
757000,B_w5_K10000_c0.0_lr0.01_bfull_s4,0.106667
757000,B_w5_K10000_c2.0_lr0.01_bfull_s0,0.0799683
757000,B_w5_K10000_c2.0_lr0.01_bfull_s1,0.0265754
757000,B_w5_K10000_c2.0_lr0.01_bfull_s2,0.0361555
757000,B_w5_K10000_c2.0_lr0.01_bfull_s3,0.087832
757000,B_w5_K10000_c2.0_lr0.01_bfull_s4,0.0447652
758000,B_w5_K10000_c0.0_lr0.01_bfull_s0,0.018462
758000,B_w5_K10000_c0.0_lr0.01_bfull_s1,0.0187931
758000,B_w5_K10000_c0.0_lr0.01_bfull_s2,0.0937013
758000,B_w5_K10000_c0.0_lr0.01_bfull_s3,0.0976364
758000,B_w5_K10000_c0.0_lr0.01_bfull_s4,0.102967
758000,B_w5_K10000_c2.0_lr0.01_bfull_s0,0.0800934
758000,B_w5_K10000_c2.0_lr0.01_bfull_s1,0.0256885
758000,B_w5_K10000_c2.0_lr0.01_bfull_s2,0.0361014
758000,B_w5_K10000_c2.0_lr0.01_bfull_s3,0.0833673
758000,B_w5_K10000_c2.0_lr0.01_bfull_s4,0.0335124
759000,B_w5_K10000_c0.0_lr0.01_bfull_s0,0.0182983
759000,B_w5_K10000_c0.0_lr0.01_bfull_s1,0.0174141
759000,B_w5_K10000_c0.0_lr0.01_bfull_s2,0.083188
759000,B_w5_K10000_c0.0_lr0.01_bfull_s3,0.0870263
759000,B_w5_K10000_c0.0_lr0.01_bfull_s4,0.0975982
759000,B_w5_K10000_c2.0_lr0.01_bfull_s0,0.0797025
759000,B_w5_K10000_c2.0_lr0.01_bfull_s1,0.0248843
759000,B_w5_K10000_c2.0_lr0.01_bfull_s2,0.0358903
759000,B_w5_K10000_c2.0_lr0.01_bfull_s3,0.078876
759000,B_w5_K10000_c2.0_lr0.01_bfull_s4,0.0263128
760000,B_w5_K10000_c0.0_lr0.01_bfull_s0,0.0181263
760000,B_w5_K10000_c0.0_lr0.01_bfull_s1,0.0173343
760000,B_w5_K10000_c0.0_lr0.01_bfull_s2,0.0759188
760000,B_w5_K10000_c0.0_lr0.01_bfull_s3,0.076799
760000,B_w5_K10000_c0.0_lr0.01_bfull_s4,0.0903792
760000,B_w5_K10000_c2.0_lr0.01_bfull_s0,0.079379
760000,B_w5_K10000_c2.0_lr0.01_bfull_s1,0.0241044
760000,B_w5_K10000_c2.0_lr0.01_bfull_s2,0.0357289
760000,B_w5_K10000_c2.0_lr0.01_bfull_s3,0.0737855
760000,B_w5_K10000_c2.0_lr0.01_bfull_s4,0.0228349
761000,B_w5_K10000_c0.0_lr0.01_bfull_s0,0.365571
761000,B_w5_K10000_c0.0_lr0.01_bfull_s1,0.188847
761000,B_w5_K10000_c0.0_lr0.01_bfull_s2,0.0598325
761000,B_w5_K10000_c0.0_lr0.01_bfull_s3,0.328853
761000,B_w5_K10000_c0.0_lr0.01_bfull_s4,0.268238
761000,B_w5_K10000_c2.0_lr0.01_bfull_s0,0.188577
761000,B_w5_K10000_c2.0_lr0.01_bfull_s1,0.329901
761000,B_w5_K10000_c2.0_lr0.01_bfull_s2,0.199833
761000,B_w5_K10000_c2.0_lr0.01_bfull_s3,0.213891
761000,B_w5_K10000_c2.0_lr0.01_bfull_s4,0.237513
762000,B_w5_K10000_c0.0_lr0.01_bfull_s0,0.185834
762000,B_w5_K10000_c0.0_lr0.01_bfull_s1,0.130113
762000,B_w5_K10000_c0.0_lr0.01_bfull_s2,0.0404323
762000,B_w5_K10000_c0.0_lr0.01_bfull_s3,0.275884
762000,B_w5_K10000_c0.0_lr0.01_bfull_s4,0.251134
762000,B_w5_K10000_c2.0_lr0.01_bfull_s0,0.159687
762000,B_w5_K10000_c2.0_lr0.01_bfull_s1,0.187651
762000,B_w5_K10000_c2.0_lr0.01_bfull_s2,0.174763
762000,B_w5_K10000_c2.0_lr0.01_bfull_s3,0.180308
762000,B_w5_K10000_c2.0_lr0.01_bfull_s4,0.12629
763000,B_w5_K10000_c0.0_lr0.01_bfull_s0,0.160132
763000,B_w5_K10000_c0.0_lr0.01_bfull_s1,0.075428
763000,B_w5_K10000_c0.0_lr0.01_bfull_s2,0.0404296
763000,B_w5_K10000_c0.0_lr0.01_bfull_s3,0.227241
763000,B_w5_K10000_c0.0_lr0.01_bfull_s4,0.24886
763000,B_w5_K10000_c2.0_lr0.01_bfull_s0,0.144512
763000,B_w5_K10000_c2.0_lr0.01_bfull_s1,0.131681
763000,B_w5_K10000_c2.0_lr0.01_bfull_s2,0.173705
763000,B_w5_K10000_c2.0_lr0.01_bfull_s3,0.162382
763000,B_w5_K10000_c2.0_lr0.01_bfull_s4,0.112106
764000,B_w5_K10000_c0.0_lr0.01_bfull_s0,0.135366
764000,B_w5_K10000_c0.0_lr0.01_bfull_s1,0.0608249
764000,B_w5_K10000_c0.0_lr0.01_bfull_s2,0.0402378
764000,B_w5_K10000_c0.0_lr0.01_bfull_s3,0.169263
764000,B_w5_K10000_c0.0_lr0.01_bfull_s4,0.246323
764000,B_w5_K10000_c2.0_lr0.01_bfull_s0,0.129161
764000,B_w5_K10000_c2.0_lr0.01_bfull_s1,0.0565047
764000,B_w5_K10000_c2.0_lr0.01_bfull_s2,0.17269
764000,B_w5_K10000_c2.0_lr0.01_bfull_s3,0.123016
764000,B_w5_K10000_c2.0_lr0.01_bfull_s4,0.104813
765000,B_w5_K10000_c0.0_lr0.01_bfull_s0,0.110669
765000,B_w5_K10000_c0.0_lr0.01_bfull_s1,0.0594579
765000,B_w5_K10000_c0.0_lr0.01_bfull_s2,0.0400717
765000,B_w5_K10000_c0.0_lr0.01_bfull_s3,0.129454
765000,B_w5_K10000_c0.0_lr0.01_bfull_s4,0.240528
765000,B_w5_K10000_c2.0_lr0.01_bfull_s0,0.116931
765000,B_w5_K10000_c2.0_lr0.01_bfull_s1,0.0420874
765000,B_w5_K10000_c2.0_lr0.01_bfull_s2,0.169236
765000,B_w5_K10000_c2.0_lr0.01_bfull_s3,0.0988222
765000,B_w5_K10000_c2.0_lr0.01_bfull_s4,0.0970856
766000,B_w5_K10000_c0.0_lr0.01_bfull_s0,0.0939098
766000,B_w5_K10000_c0.0_lr0.01_bfull_s1,0.0595032
766000,B_w5_K10000_c0.0_lr0.01_bfull_s2,0.0399497
766000,B_w5_K10000_c0.0_lr0.01_bfull_s3,0.107869
766000,B_w5_K10000_c0.0_lr0.01_bfull_s4,0.222997
766000,B_w5_K10000_c2.0_lr0.01_bfull_s0,0.0982438
766000,B_w5_K10000_c2.0_lr0.01_bfull_s1,0.0396273
766000,B_w5_K10000_c2.0_lr0.01_bfull_s2,0.160726
766000,B_w5_K10000_c2.0_lr0.01_bfull_s3,0.0936326
766000,B_w5_K10000_c2.0_lr0.01_bfull_s4,0.0875268
767000,B_w5_K10000_c0.0_lr0.01_bfull_s0,0.0835125
767000,B_w5_K10000_c0.0_lr0.01_bfull_s1,0.0593552
767000,B_w5_K10000_c0.0_lr0.01_bfull_s2,0.0396862
767000,B_w5_K10000_c0.0_lr0.01_bfull_s3,0.0979189
767000,B_w5_K10000_c0.0_lr0.01_bfull_s4,0.180756
767000,B_w5_K10000_c2.0_lr0.01_bfull_s0,0.083162
767000,B_w5_K10000_c2.0_lr0.01_bfull_s1,0.0387138
767000,B_w5_K10000_c2.0_lr0.01_bfull_s2,0.132489
767000,B_w5_K10000_c2.0_lr0.01_bfull_s3,0.0917164
767000,B_w5_K10000_c2.0_lr0.01_bfull_s4,0.0690662
768000,B_w5_K10000_c0.0_lr0.01_bfull_s0,0.0759411
768000,B_w5_K10000_c0.0_lr0.01_bfull_s1,0.0593951
768000,B_w5_K10000_c0.0_lr0.01_bfull_s2,0.0393979
768000,B_w5_K10000_c0.0_lr0.01_bfull_s3,0.0949259
768000,B_w5_K10000_c0.0_lr0.01_bfull_s4,0.116168
768000,B_w5_K10000_c2.0_lr0.01_bfull_s0,0.0771457
768000,B_w5_K10000_c2.0_lr0.01_bfull_s1,0.0384463
768000,B_w5_K10000_c2.0_lr0.01_bfull_s2,0.0969578
768000,B_w5_K10000_c2.0_lr0.01_bfull_s3,0.0898304
768000,B_w5_K10000_c2.0_lr0.01_bfull_s4,0.0444618
769000,B_w5_K10000_c0.0_lr0.01_bfull_s0,0.0708158
769000,B_w5_K10000_c0.0_lr0.01_bfull_s1,0.0591922
769000,B_w5_K10000_c0.0_lr0.01_bfull_s2,0.0389117
769000,B_w5_K10000_c0.0_lr0.01_bfull_s3,0.0938986
769000,B_w5_K10000_c0.0_lr0.01_bfull_s4,0.0754948
769000,B_w5_K10000_c2.0_lr0.01_bfull_s0,0.07368
769000,B_w5_K10000_c2.0_lr0.01_bfull_s1,0.0377477
769000,B_w5_K10000_c2.0_lr0.01_bfull_s2,0.0719181
769000,B_w5_K10000_c2.0_lr0.01_bfull_s3,0.087012
769000,B_w5_K10000_c2.0_lr0.01_bfull_s4,0.0350574
770000,B_w5_K10000_c0.0_lr0.01_bfull_s0,0.0676573
770000,B_w5_K10000_c0.0_lr0.01_bfull_s1,0.0590917
770000,B_w5_K10000_c0.0_lr0.01_bfull_s2,0.0385306
770000,B_w5_K10000_c0.0_lr0.01_bfull_s3,0.0934399
770000,B_w5_K10000_c0.0_lr0.01_bfull_s4,0.0608072
770000,B_w5_K10000_c2.0_lr0.01_bfull_s0,0.0702629
770000,B_w5_K10000_c2.0_lr0.01_bfull_s1,0.037474
770000,B_w5_K10000_c2.0_lr0.01_bfull_s2,0.0435024
770000,B_w5_K10000_c2.0_lr0.01_bfull_s3,0.0820715
770000,B_w5_K10000_c2.0_lr0.01_bfull_s4,0.032527
771000,B_w5_K10000_c0.0_lr0.01_bfull_s0,0.338628
771000,B_w5_K10000_c0.0_lr0.01_bfull_s1,0.542068
771000,B_w5_K10000_c0.0_lr0.01_bfull_s2,0.3024
771000,B_w5_K10000_c0.0_lr0.01_bfull_s3,0.194014
771000,B_w5_K10000_c0.0_lr0.01_bfull_s4,0.169956
771000,B_w5_K10000_c2.0_lr0.01_bfull_s0,0.156011
771000,B_w5_K10000_c2.0_lr0.01_bfull_s1,0.196316
771000,B_w5_K10000_c2.0_lr0.01_bfull_s2,0.161734
771000,B_w5_K10000_c2.0_lr0.01_bfull_s3,0.223289
771000,B_w5_K10000_c2.0_lr0.01_bfull_s4,0.233344
772000,B_w5_K10000_c0.0_lr0.01_bfull_s0,0.0712218
772000,B_w5_K10000_c0.0_lr0.01_bfull_s1,0.43368
772000,B_w5_K10000_c0.0_lr0.01_bfull_s2,0.287009
772000,B_w5_K10000_c0.0_lr0.01_bfull_s3,0.131432
772000,B_w5_K10000_c0.0_lr0.01_bfull_s4,0.121941
772000,B_w5_K10000_c2.0_lr0.01_bfull_s0,0.117014
772000,B_w5_K10000_c2.0_lr0.01_bfull_s1,0.0818809
772000,B_w5_K10000_c2.0_lr0.01_bfull_s2,0.135299
772000,B_w5_K10000_c2.0_lr0.01_bfull_s3,0.184926
772000,B_w5_K10000_c2.0_lr0.01_bfull_s4,0.0681107
773000,B_w5_K10000_c0.0_lr0.01_bfull_s0,0.0666087
773000,B_w5_K10000_c0.0_lr0.01_bfull_s1,0.321399
773000,B_w5_K10000_c0.0_lr0.01_bfull_s2,0.2865
773000,B_w5_K10000_c0.0_lr0.01_bfull_s3,0.0848284
773000,B_w5_K10000_c0.0_lr0.01_bfull_s4,0.0963998
773000,B_w5_K10000_c2.0_lr0.01_bfull_s0,0.115796
773000,B_w5_K10000_c2.0_lr0.01_bfull_s1,0.0693663
773000,B_w5_K10000_c2.0_lr0.01_bfull_s2,0.130975
773000,B_w5_K10000_c2.0_lr0.01_bfull_s3,0.17957
773000,B_w5_K10000_c2.0_lr0.01_bfull_s4,0.0624405
774000,B_w5_K10000_c0.0_lr0.01_bfull_s0,0.0661436
774000,B_w5_K10000_c0.0_lr0.01_bfull_s1,0.282819
774000,B_w5_K10000_c0.0_lr0.01_bfull_s2,0.283403
774000,B_w5_K10000_c0.0_lr0.01_bfull_s3,0.0722332
774000,B_w5_K10000_c0.0_lr0.01_bfull_s4,0.0751432
774000,B_w5_K10000_c2.0_lr0.01_bfull_s0,0.113373
774000,B_w5_K10000_c2.0_lr0.01_bfull_s1,0.0646883
774000,B_w5_K10000_c2.0_lr0.01_bfull_s2,0.122712
774000,B_w5_K10000_c2.0_lr0.01_bfull_s3,0.164397
774000,B_w5_K10000_c2.0_lr0.01_bfull_s4,0.0621437
775000,B_w5_K10000_c0.0_lr0.01_bfull_s0,0.0656537
775000,B_w5_K10000_c0.0_lr0.01_bfull_s1,0.259939
775000,B_w5_K10000_c0.0_lr0.01_bfull_s2,0.273347
775000,B_w5_K10000_c0.0_lr0.01_bfull_s3,0.0711745
775000,B_w5_K10000_c0.0_lr0.01_bfull_s4,0.0652554
775000,B_w5_K10000_c2.0_lr0.01_bfull_s0,0.109152
775000,B_w5_K10000_c2.0_lr0.01_bfull_s1,0.0605449
775000,B_w5_K10000_c2.0_lr0.01_bfull_s2,0.10692
775000,B_w5_K10000_c2.0_lr0.01_bfull_s3,0.142828
775000,B_w5_K10000_c2.0_lr0.01_bfull_s4,0.0614181
776000,B_w5_K10000_c0.0_lr0.01_bfull_s0,0.0653369
776000,B_w5_K10000_c0.0_lr0.01_bfull_s1,0.221187
776000,B_w5_K10000_c0.0_lr0.01_bfull_s2,0.249638
776000,B_w5_K10000_c0.0_lr0.01_bfull_s3,0.0704928
776000,B_w5_K10000_c0.0_lr0.01_bfull_s4,0.0559186
776000,B_w5_K10000_c2.0_lr0.01_bfull_s0,0.100632
776000,B_w5_K10000_c2.0_lr0.01_bfull_s1,0.0560599
776000,B_w5_K10000_c2.0_lr0.01_bfull_s2,0.0877462
776000,B_w5_K10000_c2.0_lr0.01_bfull_s3,0.133347
776000,B_w5_K10000_c2.0_lr0.01_bfull_s4,0.0613553
777000,B_w5_K10000_c0.0_lr0.01_bfull_s0,0.0650392
777000,B_w5_K10000_c0.0_lr0.01_bfull_s1,0.152723
777000,B_w5_K10000_c0.0_lr0.01_bfull_s2,0.229121
777000,B_w5_K10000_c0.0_lr0.01_bfull_s3,0.0689042
777000,B_w5_K10000_c0.0_lr0.01_bfull_s4,0.0450981
777000,B_w5_K10000_c2.0_lr0.01_bfull_s0,0.0865703
777000,B_w5_K10000_c2.0_lr0.01_bfull_s1,0.0521479
777000,B_w5_K10000_c2.0_lr0.01_bfull_s2,0.0739247
777000,B_w5_K10000_c2.0_lr0.01_bfull_s3,0.131531
777000,B_w5_K10000_c2.0_lr0.01_bfull_s4,0.0612036
778000,B_w5_K10000_c0.0_lr0.01_bfull_s0,0.064642
778000,B_w5_K10000_c0.0_lr0.01_bfull_s1,0.12678
778000,B_w5_K10000_c0.0_lr0.01_bfull_s2,0.224391
778000,B_w5_K10000_c0.0_lr0.01_bfull_s3,0.0653556
778000,B_w5_K10000_c0.0_lr0.01_bfull_s4,0.0365015
778000,B_w5_K10000_c2.0_lr0.01_bfull_s0,0.0732038
778000,B_w5_K10000_c2.0_lr0.01_bfull_s1,0.0477809
778000,B_w5_K10000_c2.0_lr0.01_bfull_s2,0.0681475
778000,B_w5_K10000_c2.0_lr0.01_bfull_s3,0.130938
778000,B_w5_K10000_c2.0_lr0.01_bfull_s4,0.061049
779000,B_w5_K10000_c0.0_lr0.01_bfull_s0,0.0638137
779000,B_w5_K10000_c0.0_lr0.01_bfull_s1,0.116749
779000,B_w5_K10000_c0.0_lr0.01_bfull_s2,0.224697
779000,B_w5_K10000_c0.0_lr0.01_bfull_s3,0.0576615
779000,B_w5_K10000_c0.0_lr0.01_bfull_s4,0.0313621
779000,B_w5_K10000_c2.0_lr0.01_bfull_s0,0.0654048
779000,B_w5_K10000_c2.0_lr0.01_bfull_s1,0.0438628
779000,B_w5_K10000_c2.0_lr0.01_bfull_s2,0.0655201
779000,B_w5_K10000_c2.0_lr0.01_bfull_s3,0.13044
779000,B_w5_K10000_c2.0_lr0.01_bfull_s4,0.0606796
780000,B_w5_K10000_c0.0_lr0.01_bfull_s0,0.0628981
780000,B_w5_K10000_c0.0_lr0.01_bfull_s1,0.108765
780000,B_w5_K10000_c0.0_lr0.01_bfull_s2,0.223913
780000,B_w5_K10000_c0.0_lr0.01_bfull_s3,0.0446052
780000,B_w5_K10000_c0.0_lr0.01_bfull_s4,0.028175
780000,B_w5_K10000_c2.0_lr0.01_bfull_s0,0.0614058
780000,B_w5_K10000_c2.0_lr0.01_bfull_s1,0.0408895
780000,B_w5_K10000_c2.0_lr0.01_bfull_s2,0.0638158
780000,B_w5_K10000_c2.0_lr0.01_bfull_s3,0.130463
780000,B_w5_K10000_c2.0_lr0.01_bfull_s4,0.0599942
781000,B_w5_K10000_c0.0_lr0.01_bfull_s0,0.326078
781000,B_w5_K10000_c0.0_lr0.01_bfull_s1,0.194183
781000,B_w5_K10000_c0.0_lr0.01_bfull_s2,0.0632505
781000,B_w5_K10000_c0.0_lr0.01_bfull_s3,0.241004
781000,B_w5_K10000_c0.0_lr0.01_bfull_s4,0.161721
781000,B_w5_K10000_c2.0_lr0.01_bfull_s0,0.240784
781000,B_w5_K10000_c2.0_lr0.01_bfull_s1,0.306962
781000,B_w5_K10000_c2.0_lr0.01_bfull_s2,0.136577
781000,B_w5_K10000_c2.0_lr0.01_bfull_s3,0.298879
781000,B_w5_K10000_c2.0_lr0.01_bfull_s4,0.28642
782000,B_w5_K10000_c0.0_lr0.01_bfull_s0,0.0747528
782000,B_w5_K10000_c0.0_lr0.01_bfull_s1,0.127003
782000,B_w5_K10000_c0.0_lr0.01_bfull_s2,0.0394216
782000,B_w5_K10000_c0.0_lr0.01_bfull_s3,0.181529
782000,B_w5_K10000_c0.0_lr0.01_bfull_s4,0.137956
782000,B_w5_K10000_c2.0_lr0.01_bfull_s0,0.212697
782000,B_w5_K10000_c2.0_lr0.01_bfull_s1,0.202567
782000,B_w5_K10000_c2.0_lr0.01_bfull_s2,0.104603
782000,B_w5_K10000_c2.0_lr0.01_bfull_s3,0.25713
782000,B_w5_K10000_c2.0_lr0.01_bfull_s4,0.120126
783000,B_w5_K10000_c0.0_lr0.01_bfull_s0,0.0514192
783000,B_w5_K10000_c0.0_lr0.01_bfull_s1,0.121384
783000,B_w5_K10000_c0.0_lr0.01_bfull_s2,0.0392458
783000,B_w5_K10000_c0.0_lr0.01_bfull_s3,0.132704
783000,B_w5_K10000_c0.0_lr0.01_bfull_s4,0.137532
783000,B_w5_K10000_c2.0_lr0.01_bfull_s0,0.200774
783000,B_w5_K10000_c2.0_lr0.01_bfull_s1,0.196787
783000,B_w5_K10000_c2.0_lr0.01_bfull_s2,0.0697884
783000,B_w5_K10000_c2.0_lr0.01_bfull_s3,0.183226
783000,B_w5_K10000_c2.0_lr0.01_bfull_s4,0.0761612
784000,B_w5_K10000_c0.0_lr0.01_bfull_s0,0.0501285
784000,B_w5_K10000_c0.0_lr0.01_bfull_s1,0.110338
784000,B_w5_K10000_c0.0_lr0.01_bfull_s2,0.0391773
784000,B_w5_K10000_c0.0_lr0.01_bfull_s3,0.100013
784000,B_w5_K10000_c0.0_lr0.01_bfull_s4,0.136515
784000,B_w5_K10000_c2.0_lr0.01_bfull_s0,0.171001
784000,B_w5_K10000_c2.0_lr0.01_bfull_s1,0.185435
784000,B_w5_K10000_c2.0_lr0.01_bfull_s2,0.044431
784000,B_w5_K10000_c2.0_lr0.01_bfull_s3,0.111039
784000,B_w5_K10000_c2.0_lr0.01_bfull_s4,0.0557468
785000,B_w5_K10000_c0.0_lr0.01_bfull_s0,0.0501266
785000,B_w5_K10000_c0.0_lr0.01_bfull_s1,0.0911671
785000,B_w5_K10000_c0.0_lr0.01_bfull_s2,0.0391568
785000,B_w5_K10000_c0.0_lr0.01_bfull_s3,0.0798505
785000,B_w5_K10000_c0.0_lr0.01_bfull_s4,0.134791
785000,B_w5_K10000_c2.0_lr0.01_bfull_s0,0.14672
785000,B_w5_K10000_c2.0_lr0.01_bfull_s1,0.162052
785000,B_w5_K10000_c2.0_lr0.01_bfull_s2,0.0383479
785000,B_w5_K10000_c2.0_lr0.01_bfull_s3,0.089572
785000,B_w5_K10000_c2.0_lr0.01_bfull_s4,0.0469003
786000,B_w5_K10000_c0.0_lr0.01_bfull_s0,0.0501174
786000,B_w5_K10000_c0.0_lr0.01_bfull_s1,0.0684874
786000,B_w5_K10000_c0.0_lr0.01_bfull_s2,0.0389048
786000,B_w5_K10000_c0.0_lr0.01_bfull_s3,0.0677876
786000,B_w5_K10000_c0.0_lr0.01_bfull_s4,0.131526
786000,B_w5_K10000_c2.0_lr0.01_bfull_s0,0.13238
786000,B_w5_K10000_c2.0_lr0.01_bfull_s1,0.129044
786000,B_w5_K10000_c2.0_lr0.01_bfull_s2,0.0370485
786000,B_w5_K10000_c2.0_lr0.01_bfull_s3,0.0797808
786000,B_w5_K10000_c2.0_lr0.01_bfull_s4,0.0428773
787000,B_w5_K10000_c0.0_lr0.01_bfull_s0,0.049706
787000,B_w5_K10000_c0.0_lr0.01_bfull_s1,0.0524323
787000,B_w5_K10000_c0.0_lr0.01_bfull_s2,0.0388336
787000,B_w5_K10000_c0.0_lr0.01_bfull_s3,0.0625916
787000,B_w5_K10000_c0.0_lr0.01_bfull_s4,0.126807
787000,B_w5_K10000_c2.0_lr0.01_bfull_s0,0.111441
787000,B_w5_K10000_c2.0_lr0.01_bfull_s1,0.1077
787000,B_w5_K10000_c2.0_lr0.01_bfull_s2,0.0368321
787000,B_w5_K10000_c2.0_lr0.01_bfull_s3,0.0736951
787000,B_w5_K10000_c2.0_lr0.01_bfull_s4,0.0406714
788000,B_w5_K10000_c0.0_lr0.01_bfull_s0,0.0496936
788000,B_w5_K10000_c0.0_lr0.01_bfull_s1,0.0474233
788000,B_w5_K10000_c0.0_lr0.01_bfull_s2,0.0387823
788000,B_w5_K10000_c0.0_lr0.01_bfull_s3,0.0593725
788000,B_w5_K10000_c0.0_lr0.01_bfull_s4,0.117055
788000,B_w5_K10000_c2.0_lr0.01_bfull_s0,0.0824481
788000,B_w5_K10000_c2.0_lr0.01_bfull_s1,0.0987715
788000,B_w5_K10000_c2.0_lr0.01_bfull_s2,0.0363453
788000,B_w5_K10000_c2.0_lr0.01_bfull_s3,0.0666652
788000,B_w5_K10000_c2.0_lr0.01_bfull_s4,0.0391921
789000,B_w5_K10000_c0.0_lr0.01_bfull_s0,0.0495537
789000,B_w5_K10000_c0.0_lr0.01_bfull_s1,0.0467274
789000,B_w5_K10000_c0.0_lr0.01_bfull_s2,0.038539
789000,B_w5_K10000_c0.0_lr0.01_bfull_s3,0.0573724
789000,B_w5_K10000_c0.0_lr0.01_bfull_s4,0.101291
789000,B_w5_K10000_c2.0_lr0.01_bfull_s0,0.0600153
789000,B_w5_K10000_c2.0_lr0.01_bfull_s1,0.0948085
789000,B_w5_K10000_c2.0_lr0.01_bfull_s2,0.0361947
789000,B_w5_K10000_c2.0_lr0.01_bfull_s3,0.0585911
789000,B_w5_K10000_c2.0_lr0.01_bfull_s4,0.0383289
790000,B_w5_K10000_c0.0_lr0.01_bfull_s0,0.0494307
790000,B_w5_K10000_c0.0_lr0.01_bfull_s1,0.0464411
790000,B_w5_K10000_c0.0_lr0.01_bfull_s2,0.0383883
790000,B_w5_K10000_c0.0_lr0.01_bfull_s3,0.0554068
790000,B_w5_K10000_c0.0_lr0.01_bfull_s4,0.080867
790000,B_w5_K10000_c2.0_lr0.01_bfull_s0,0.0495913
790000,B_w5_K10000_c2.0_lr0.01_bfull_s1,0.0918376
790000,B_w5_K10000_c2.0_lr0.01_bfull_s2,0.0360848
790000,B_w5_K10000_c2.0_lr0.01_bfull_s3,0.0525514
790000,B_w5_K10000_c2.0_lr0.01_bfull_s4,0.0374999
791000,B_w5_K10000_c0.0_lr0.01_bfull_s0,0.245394
791000,B_w5_K10000_c0.0_lr0.01_bfull_s1,0.18572
791000,B_w5_K10000_c0.0_lr0.01_bfull_s2,0.360155
791000,B_w5_K10000_c0.0_lr0.01_bfull_s3,0.144117
791000,B_w5_K10000_c0.0_lr0.01_bfull_s4,0.120659
791000,B_w5_K10000_c2.0_lr0.01_bfull_s0,0.299578
791000,B_w5_K10000_c2.0_lr0.01_bfull_s1,0.146899
791000,B_w5_K10000_c2.0_lr0.01_bfull_s2,0.350661
791000,B_w5_K10000_c2.0_lr0.01_bfull_s3,0.154995
791000,B_w5_K10000_c2.0_lr0.01_bfull_s4,0.244649
792000,B_w5_K10000_c0.0_lr0.01_bfull_s0,0.0788357
792000,B_w5_K10000_c0.0_lr0.01_bfull_s1,0.170407
792000,B_w5_K10000_c0.0_lr0.01_bfull_s2,0.345907
792000,B_w5_K10000_c0.0_lr0.01_bfull_s3,0.102718
792000,B_w5_K10000_c0.0_lr0.01_bfull_s4,0.0960497
792000,B_w5_K10000_c2.0_lr0.01_bfull_s0,0.25768
792000,B_w5_K10000_c2.0_lr0.01_bfull_s1,0.0791363
792000,B_w5_K10000_c2.0_lr0.01_bfull_s2,0.300461
792000,B_w5_K10000_c2.0_lr0.01_bfull_s3,0.112913
792000,B_w5_K10000_c2.0_lr0.01_bfull_s4,0.0915541
793000,B_w5_K10000_c0.0_lr0.01_bfull_s0,0.0781712
793000,B_w5_K10000_c0.0_lr0.01_bfull_s1,0.164586
793000,B_w5_K10000_c0.0_lr0.01_bfull_s2,0.332808
793000,B_w5_K10000_c0.0_lr0.01_bfull_s3,0.0615138
793000,B_w5_K10000_c0.0_lr0.01_bfull_s4,0.0953459
793000,B_w5_K10000_c2.0_lr0.01_bfull_s0,0.250674
793000,B_w5_K10000_c2.0_lr0.01_bfull_s1,0.0587202
793000,B_w5_K10000_c2.0_lr0.01_bfull_s2,0.210561
793000,B_w5_K10000_c2.0_lr0.01_bfull_s3,0.110275
793000,B_w5_K10000_c2.0_lr0.01_bfull_s4,0.0843383
794000,B_w5_K10000_c0.0_lr0.01_bfull_s0,0.0777084
794000,B_w5_K10000_c0.0_lr0.01_bfull_s1,0.141878
794000,B_w5_K10000_c0.0_lr0.01_bfull_s2,0.290138
794000,B_w5_K10000_c0.0_lr0.01_bfull_s3,0.037284
794000,B_w5_K10000_c0.0_lr0.01_bfull_s4,0.0936896
794000,B_w5_K10000_c2.0_lr0.01_bfull_s0,0.241087
794000,B_w5_K10000_c2.0_lr0.01_bfull_s1,0.0544095
794000,B_w5_K10000_c2.0_lr0.01_bfull_s2,0.174769
794000,B_w5_K10000_c2.0_lr0.01_bfull_s3,0.108737
794000,B_w5_K10000_c2.0_lr0.01_bfull_s4,0.0811086
795000,B_w5_K10000_c0.0_lr0.01_bfull_s0,0.0778838
795000,B_w5_K10000_c0.0_lr0.01_bfull_s1,0.10226
795000,B_w5_K10000_c0.0_lr0.01_bfull_s2,0.233845
795000,B_w5_K10000_c0.0_lr0.01_bfull_s3,0.0331839
795000,B_w5_K10000_c0.0_lr0.01_bfull_s4,0.0906782
795000,B_w5_K10000_c2.0_lr0.01_bfull_s0,0.227049
795000,B_w5_K10000_c2.0_lr0.01_bfull_s1,0.051866
795000,B_w5_K10000_c2.0_lr0.01_bfull_s2,0.169922
795000,B_w5_K10000_c2.0_lr0.01_bfull_s3,0.103234
795000,B_w5_K10000_c2.0_lr0.01_bfull_s4,0.0787262
796000,B_w5_K10000_c0.0_lr0.01_bfull_s0,0.0777797
796000,B_w5_K10000_c0.0_lr0.01_bfull_s1,0.0887921
796000,B_w5_K10000_c0.0_lr0.01_bfull_s2,0.203484
796000,B_w5_K10000_c0.0_lr0.01_bfull_s3,0.0303364
796000,B_w5_K10000_c0.0_lr0.01_bfull_s4,0.0823508
796000,B_w5_K10000_c2.0_lr0.01_bfull_s0,0.192624
796000,B_w5_K10000_c2.0_lr0.01_bfull_s1,0.0494604
796000,B_w5_K10000_c2.0_lr0.01_bfull_s2,0.169289
796000,B_w5_K10000_c2.0_lr0.01_bfull_s3,0.0948047
796000,B_w5_K10000_c2.0_lr0.01_bfull_s4,0.0761738
797000,B_w5_K10000_c0.0_lr0.01_bfull_s0,0.0777518
797000,B_w5_K10000_c0.0_lr0.01_bfull_s1,0.0738459
797000,B_w5_K10000_c0.0_lr0.01_bfull_s2,0.190148
797000,B_w5_K10000_c0.0_lr0.01_bfull_s3,0.0262076
797000,B_w5_K10000_c0.0_lr0.01_bfull_s4,0.0662637
797000,B_w5_K10000_c2.0_lr0.01_bfull_s0,0.133681
797000,B_w5_K10000_c2.0_lr0.01_bfull_s1,0.047876
797000,B_w5_K10000_c2.0_lr0.01_bfull_s2,0.169111
797000,B_w5_K10000_c2.0_lr0.01_bfull_s3,0.083948
797000,B_w5_K10000_c2.0_lr0.01_bfull_s4,0.0713242
798000,B_w5_K10000_c0.0_lr0.01_bfull_s0,0.0776605
798000,B_w5_K10000_c0.0_lr0.01_bfull_s1,0.0360126
798000,B_w5_K10000_c0.0_lr0.01_bfull_s2,0.185492
798000,B_w5_K10000_c0.0_lr0.01_bfull_s3,0.0210755
798000,B_w5_K10000_c0.0_lr0.01_bfull_s4,0.049885
798000,B_w5_K10000_c2.0_lr0.01_bfull_s0,0.10092
798000,B_w5_K10000_c2.0_lr0.01_bfull_s1,0.046144
798000,B_w5_K10000_c2.0_lr0.01_bfull_s2,0.168782
798000,B_w5_K10000_c2.0_lr0.01_bfull_s3,0.0764247
798000,B_w5_K10000_c2.0_lr0.01_bfull_s4,0.0625666
799000,B_w5_K10000_c0.0_lr0.01_bfull_s0,0.0772372
799000,B_w5_K10000_c0.0_lr0.01_bfull_s1,0.0176969
799000,B_w5_K10000_c0.0_lr0.01_bfull_s2,0.183484
799000,B_w5_K10000_c0.0_lr0.01_bfull_s3,0.0167358
799000,B_w5_K10000_c0.0_lr0.01_bfull_s4,0.0412853
799000,B_w5_K10000_c2.0_lr0.01_bfull_s0,0.0821282
799000,B_w5_K10000_c2.0_lr0.01_bfull_s1,0.0442378
799000,B_w5_K10000_c2.0_lr0.01_bfull_s2,0.16802
799000,B_w5_K10000_c2.0_lr0.01_bfull_s3,0.0735816
799000,B_w5_K10000_c2.0_lr0.01_bfull_s4,0.0508837
800000,B_w5_K10000_c0.0_lr0.01_bfull_s0,0.0775412
800000,B_w5_K10000_c0.0_lr0.01_bfull_s1,0.0158543
800000,B_w5_K10000_c0.0_lr0.01_bfull_s2,0.182214
800000,B_w5_K10000_c0.0_lr0.01_bfull_s3,0.0143006
800000,B_w5_K10000_c0.0_lr0.01_bfull_s4,0.0367999
800000,B_w5_K10000_c2.0_lr0.01_bfull_s0,0.0651394
800000,B_w5_K10000_c2.0_lr0.01_bfull_s1,0.041842
800000,B_w5_K10000_c2.0_lr0.01_bfull_s2,0.169015
800000,B_w5_K10000_c2.0_lr0.01_bfull_s3,0.0719292
800000,B_w5_K10000_c2.0_lr0.01_bfull_s4,0.0419007
801000,B_w5_K10000_c0.0_lr0.01_bfull_s0,0.266734
801000,B_w5_K10000_c0.0_lr0.01_bfull_s1,0.270175
801000,B_w5_K10000_c0.0_lr0.01_bfull_s2,0.220026
801000,B_w5_K10000_c0.0_lr0.01_bfull_s3,0.278282
801000,B_w5_K10000_c0.0_lr0.01_bfull_s4,0.0645548
801000,B_w5_K10000_c2.0_lr0.01_bfull_s0,0.112445
801000,B_w5_K10000_c2.0_lr0.01_bfull_s1,0.239915
801000,B_w5_K10000_c2.0_lr0.01_bfull_s2,0.234554
801000,B_w5_K10000_c2.0_lr0.01_bfull_s3,0.0834668
801000,B_w5_K10000_c2.0_lr0.01_bfull_s4,0.373975
802000,B_w5_K10000_c0.0_lr0.01_bfull_s0,0.0923986
802000,B_w5_K10000_c0.0_lr0.01_bfull_s1,0.206476
802000,B_w5_K10000_c0.0_lr0.01_bfull_s2,0.167069
802000,B_w5_K10000_c0.0_lr0.01_bfull_s3,0.201359
802000,B_w5_K10000_c0.0_lr0.01_bfull_s4,0.0524546
802000,B_w5_K10000_c2.0_lr0.01_bfull_s0,0.077883
802000,B_w5_K10000_c2.0_lr0.01_bfull_s1,0.0960967
802000,B_w5_K10000_c2.0_lr0.01_bfull_s2,0.183455
802000,B_w5_K10000_c2.0_lr0.01_bfull_s3,0.0735754
802000,B_w5_K10000_c2.0_lr0.01_bfull_s4,0.148469
803000,B_w5_K10000_c0.0_lr0.01_bfull_s0,0.0488473
803000,B_w5_K10000_c0.0_lr0.01_bfull_s1,0.166845
803000,B_w5_K10000_c0.0_lr0.01_bfull_s2,0.124201
803000,B_w5_K10000_c0.0_lr0.01_bfull_s3,0.153016
803000,B_w5_K10000_c0.0_lr0.01_bfull_s4,0.0521788
803000,B_w5_K10000_c2.0_lr0.01_bfull_s0,0.0777329
803000,B_w5_K10000_c2.0_lr0.01_bfull_s1,0.0834686
803000,B_w5_K10000_c2.0_lr0.01_bfull_s2,0.151247
803000,B_w5_K10000_c2.0_lr0.01_bfull_s3,0.0726979
803000,B_w5_K10000_c2.0_lr0.01_bfull_s4,0.104574
804000,B_w5_K10000_c0.0_lr0.01_bfull_s0,0.0362245
804000,B_w5_K10000_c0.0_lr0.01_bfull_s1,0.158722
804000,B_w5_K10000_c0.0_lr0.01_bfull_s2,0.103829
804000,B_w5_K10000_c0.0_lr0.01_bfull_s3,0.147141
804000,B_w5_K10000_c0.0_lr0.01_bfull_s4,0.0519445
804000,B_w5_K10000_c2.0_lr0.01_bfull_s0,0.077336
804000,B_w5_K10000_c2.0_lr0.01_bfull_s1,0.0689095
804000,B_w5_K10000_c2.0_lr0.01_bfull_s2,0.112605
804000,B_w5_K10000_c2.0_lr0.01_bfull_s3,0.0719259
804000,B_w5_K10000_c2.0_lr0.01_bfull_s4,0.0784541
805000,B_w5_K10000_c0.0_lr0.01_bfull_s0,0.0285176
805000,B_w5_K10000_c0.0_lr0.01_bfull_s1,0.157467
805000,B_w5_K10000_c0.0_lr0.01_bfull_s2,0.100792
805000,B_w5_K10000_c0.0_lr0.01_bfull_s3,0.146291
805000,B_w5_K10000_c0.0_lr0.01_bfull_s4,0.0513283
805000,B_w5_K10000_c2.0_lr0.01_bfull_s0,0.0765966
805000,B_w5_K10000_c2.0_lr0.01_bfull_s1,0.053117
805000,B_w5_K10000_c2.0_lr0.01_bfull_s2,0.0918161
805000,B_w5_K10000_c2.0_lr0.01_bfull_s3,0.0701647
805000,B_w5_K10000_c2.0_lr0.01_bfull_s4,0.0654688
806000,B_w5_K10000_c0.0_lr0.01_bfull_s0,0.0223708
806000,B_w5_K10000_c0.0_lr0.01_bfull_s1,0.155455
806000,B_w5_K10000_c0.0_lr0.01_bfull_s2,0.0981758
806000,B_w5_K10000_c0.0_lr0.01_bfull_s3,0.144071
806000,B_w5_K10000_c0.0_lr0.01_bfull_s4,0.0505917
806000,B_w5_K10000_c2.0_lr0.01_bfull_s0,0.0755218
806000,B_w5_K10000_c2.0_lr0.01_bfull_s1,0.0405139
806000,B_w5_K10000_c2.0_lr0.01_bfull_s2,0.0676505
806000,B_w5_K10000_c2.0_lr0.01_bfull_s3,0.0664003
806000,B_w5_K10000_c2.0_lr0.01_bfull_s4,0.0589182
807000,B_w5_K10000_c0.0_lr0.01_bfull_s0,0.0162009
807000,B_w5_K10000_c0.0_lr0.01_bfull_s1,0.153692
807000,B_w5_K10000_c0.0_lr0.01_bfull_s2,0.09458
807000,B_w5_K10000_c0.0_lr0.01_bfull_s3,0.139518
807000,B_w5_K10000_c0.0_lr0.01_bfull_s4,0.0490888
807000,B_w5_K10000_c2.0_lr0.01_bfull_s0,0.0734814
807000,B_w5_K10000_c2.0_lr0.01_bfull_s1,0.0321933
807000,B_w5_K10000_c2.0_lr0.01_bfull_s2,0.0430626
807000,B_w5_K10000_c2.0_lr0.01_bfull_s3,0.0601152
807000,B_w5_K10000_c2.0_lr0.01_bfull_s4,0.0550173
808000,B_w5_K10000_c0.0_lr0.01_bfull_s0,0.0106604
808000,B_w5_K10000_c0.0_lr0.01_bfull_s1,0.150499
808000,B_w5_K10000_c0.0_lr0.01_bfull_s2,0.0893365
808000,B_w5_K10000_c0.0_lr0.01_bfull_s3,0.128195
808000,B_w5_K10000_c0.0_lr0.01_bfull_s4,0.0469326
808000,B_w5_K10000_c2.0_lr0.01_bfull_s0,0.0689917
808000,B_w5_K10000_c2.0_lr0.01_bfull_s1,0.0272429
808000,B_w5_K10000_c2.0_lr0.01_bfull_s2,0.0352867
808000,B_w5_K10000_c2.0_lr0.01_bfull_s3,0.0500182
808000,B_w5_K10000_c2.0_lr0.01_bfull_s4,0.0512554
809000,B_w5_K10000_c0.0_lr0.01_bfull_s0,0.00652856
809000,B_w5_K10000_c0.0_lr0.01_bfull_s1,0.146338
809000,B_w5_K10000_c0.0_lr0.01_bfull_s2,0.0828777
809000,B_w5_K10000_c0.0_lr0.01_bfull_s3,0.110457
809000,B_w5_K10000_c0.0_lr0.01_bfull_s4,0.0432199
809000,B_w5_K10000_c2.0_lr0.01_bfull_s0,0.0606933
809000,B_w5_K10000_c2.0_lr0.01_bfull_s1,0.0244594
809000,B_w5_K10000_c2.0_lr0.01_bfull_s2,0.0342745
809000,B_w5_K10000_c2.0_lr0.01_bfull_s3,0.0406466
809000,B_w5_K10000_c2.0_lr0.01_bfull_s4,0.0469961
810000,B_w5_K10000_c0.0_lr0.01_bfull_s0,0.00397489
810000,B_w5_K10000_c0.0_lr0.01_bfull_s1,0.143714
810000,B_w5_K10000_c0.0_lr0.01_bfull_s2,0.0754169
810000,B_w5_K10000_c0.0_lr0.01_bfull_s3,0.0962072
810000,B_w5_K10000_c0.0_lr0.01_bfull_s4,0.0380998
810000,B_w5_K10000_c2.0_lr0.01_bfull_s0,0.0504502
810000,B_w5_K10000_c2.0_lr0.01_bfull_s1,0.0229831
810000,B_w5_K10000_c2.0_lr0.01_bfull_s2,0.0342065
810000,B_w5_K10000_c2.0_lr0.01_bfull_s3,0.0353077
810000,B_w5_K10000_c2.0_lr0.01_bfull_s4,0.0424581
811000,B_w5_K10000_c0.0_lr0.01_bfull_s0,0.213073
811000,B_w5_K10000_c0.0_lr0.01_bfull_s1,0.199003
811000,B_w5_K10000_c0.0_lr0.01_bfull_s2,0.232554
811000,B_w5_K10000_c0.0_lr0.01_bfull_s3,0.153377
811000,B_w5_K10000_c0.0_lr0.01_bfull_s4,0.239178
811000,B_w5_K10000_c2.0_lr0.01_bfull_s0,0.137594
811000,B_w5_K10000_c2.0_lr0.01_bfull_s1,0.32266
811000,B_w5_K10000_c2.0_lr0.01_bfull_s2,0.321041
811000,B_w5_K10000_c2.0_lr0.01_bfull_s3,0.105079
811000,B_w5_K10000_c2.0_lr0.01_bfull_s4,0.274618
812000,B_w5_K10000_c0.0_lr0.01_bfull_s0,0.0344947
812000,B_w5_K10000_c0.0_lr0.01_bfull_s1,0.163912
812000,B_w5_K10000_c0.0_lr0.01_bfull_s2,0.188181
812000,B_w5_K10000_c0.0_lr0.01_bfull_s3,0.103651
812000,B_w5_K10000_c0.0_lr0.01_bfull_s4,0.203045
812000,B_w5_K10000_c2.0_lr0.01_bfull_s0,0.121058
812000,B_w5_K10000_c2.0_lr0.01_bfull_s1,0.0852846
812000,B_w5_K10000_c2.0_lr0.01_bfull_s2,0.270467
812000,B_w5_K10000_c2.0_lr0.01_bfull_s3,0.0933333
812000,B_w5_K10000_c2.0_lr0.01_bfull_s4,0.0920615
813000,B_w5_K10000_c0.0_lr0.01_bfull_s0,0.0123282
813000,B_w5_K10000_c0.0_lr0.01_bfull_s1,0.134129
813000,B_w5_K10000_c0.0_lr0.01_bfull_s2,0.154871
813000,B_w5_K10000_c0.0_lr0.01_bfull_s3,0.0851701
813000,B_w5_K10000_c0.0_lr0.01_bfull_s4,0.167265
813000,B_w5_K10000_c2.0_lr0.01_bfull_s0,0.120924
813000,B_w5_K10000_c2.0_lr0.01_bfull_s1,0.0736159
813000,B_w5_K10000_c2.0_lr0.01_bfull_s2,0.268612
813000,B_w5_K10000_c2.0_lr0.01_bfull_s3,0.0931219
813000,B_w5_K10000_c2.0_lr0.01_bfull_s4,0.0857006
814000,B_w5_K10000_c0.0_lr0.01_bfull_s0,0.00977352
814000,B_w5_K10000_c0.0_lr0.01_bfull_s1,0.0861098
814000,B_w5_K10000_c0.0_lr0.01_bfull_s2,0.119759
814000,B_w5_K10000_c0.0_lr0.01_bfull_s3,0.0642507
814000,B_w5_K10000_c0.0_lr0.01_bfull_s4,0.139792
814000,B_w5_K10000_c2.0_lr0.01_bfull_s0,0.120793
814000,B_w5_K10000_c2.0_lr0.01_bfull_s1,0.0478331
814000,B_w5_K10000_c2.0_lr0.01_bfull_s2,0.262607
814000,B_w5_K10000_c2.0_lr0.01_bfull_s3,0.0930352
814000,B_w5_K10000_c2.0_lr0.01_bfull_s4,0.0801089
815000,B_w5_K10000_c0.0_lr0.01_bfull_s0,0.00891909
815000,B_w5_K10000_c0.0_lr0.01_bfull_s1,0.0720354
815000,B_w5_K10000_c0.0_lr0.01_bfull_s2,0.112558
815000,B_w5_K10000_c0.0_lr0.01_bfull_s3,0.0488438
815000,B_w5_K10000_c0.0_lr0.01_bfull_s4,0.110219
815000,B_w5_K10000_c2.0_lr0.01_bfull_s0,0.121235
815000,B_w5_K10000_c2.0_lr0.01_bfull_s1,0.0218146
815000,B_w5_K10000_c2.0_lr0.01_bfull_s2,0.234142
815000,B_w5_K10000_c2.0_lr0.01_bfull_s3,0.0929368
815000,B_w5_K10000_c2.0_lr0.01_bfull_s4,0.0723977
816000,B_w5_K10000_c0.0_lr0.01_bfull_s0,0.00831485
816000,B_w5_K10000_c0.0_lr0.01_bfull_s1,0.0709048
816000,B_w5_K10000_c0.0_lr0.01_bfull_s2,0.110811
816000,B_w5_K10000_c0.0_lr0.01_bfull_s3,0.034264
816000,B_w5_K10000_c0.0_lr0.01_bfull_s4,0.0884093
816000,B_w5_K10000_c2.0_lr0.01_bfull_s0,0.120714
816000,B_w5_K10000_c2.0_lr0.01_bfull_s1,0.0129773
816000,B_w5_K10000_c2.0_lr0.01_bfull_s2,0.143814
816000,B_w5_K10000_c2.0_lr0.01_bfull_s3,0.0930526
816000,B_w5_K10000_c2.0_lr0.01_bfull_s4,0.0597811
817000,B_w5_K10000_c0.0_lr0.01_bfull_s0,0.0078495
817000,B_w5_K10000_c0.0_lr0.01_bfull_s1,0.070796
817000,B_w5_K10000_c0.0_lr0.01_bfull_s2,0.107963
817000,B_w5_K10000_c0.0_lr0.01_bfull_s3,0.0254133
817000,B_w5_K10000_c0.0_lr0.01_bfull_s4,0.0801161
817000,B_w5_K10000_c2.0_lr0.01_bfull_s0,0.120344
817000,B_w5_K10000_c2.0_lr0.01_bfull_s1,0.0111333
817000,B_w5_K10000_c2.0_lr0.01_bfull_s2,0.0832098
817000,B_w5_K10000_c2.0_lr0.01_bfull_s3,0.0926333
817000,B_w5_K10000_c2.0_lr0.01_bfull_s4,0.0453912
818000,B_w5_K10000_c0.0_lr0.01_bfull_s0,0.00744943
818000,B_w5_K10000_c0.0_lr0.01_bfull_s1,0.0706781
818000,B_w5_K10000_c0.0_lr0.01_bfull_s2,0.103088
818000,B_w5_K10000_c0.0_lr0.01_bfull_s3,0.0214694
818000,B_w5_K10000_c0.0_lr0.01_bfull_s4,0.0741876
818000,B_w5_K10000_c2.0_lr0.01_bfull_s0,0.119577
818000,B_w5_K10000_c2.0_lr0.01_bfull_s1,0.0107088
818000,B_w5_K10000_c2.0_lr0.01_bfull_s2,0.0640214
818000,B_w5_K10000_c2.0_lr0.01_bfull_s3,0.0925518
818000,B_w5_K10000_c2.0_lr0.01_bfull_s4,0.0392193
819000,B_w5_K10000_c0.0_lr0.01_bfull_s0,0.00716553
819000,B_w5_K10000_c0.0_lr0.01_bfull_s1,0.0701778
819000,B_w5_K10000_c0.0_lr0.01_bfull_s2,0.0924896
819000,B_w5_K10000_c0.0_lr0.01_bfull_s3,0.0187342
819000,B_w5_K10000_c0.0_lr0.01_bfull_s4,0.0695222
819000,B_w5_K10000_c2.0_lr0.01_bfull_s0,0.118616
819000,B_w5_K10000_c2.0_lr0.01_bfull_s1,0.0105474
819000,B_w5_K10000_c2.0_lr0.01_bfull_s2,0.0589237
819000,B_w5_K10000_c2.0_lr0.01_bfull_s3,0.0920034
819000,B_w5_K10000_c2.0_lr0.01_bfull_s4,0.0373017
820000,B_w5_K10000_c0.0_lr0.01_bfull_s0,0.00692216
820000,B_w5_K10000_c0.0_lr0.01_bfull_s1,0.0695357
820000,B_w5_K10000_c0.0_lr0.01_bfull_s2,0.0766618
820000,B_w5_K10000_c0.0_lr0.01_bfull_s3,0.0162302
820000,B_w5_K10000_c0.0_lr0.01_bfull_s4,0.0660093
820000,B_w5_K10000_c2.0_lr0.01_bfull_s0,0.117442
820000,B_w5_K10000_c2.0_lr0.01_bfull_s1,0.0105144
820000,B_w5_K10000_c2.0_lr0.01_bfull_s2,0.0569773
820000,B_w5_K10000_c2.0_lr0.01_bfull_s3,0.0916345
820000,B_w5_K10000_c2.0_lr0.01_bfull_s4,0.0363518
821000,B_w5_K10000_c0.0_lr0.01_bfull_s0,0.20971
821000,B_w5_K10000_c0.0_lr0.01_bfull_s1,0.180698
821000,B_w5_K10000_c0.0_lr0.01_bfull_s2,0.156418
821000,B_w5_K10000_c0.0_lr0.01_bfull_s3,0.117002
821000,B_w5_K10000_c0.0_lr0.01_bfull_s4,0.111679
821000,B_w5_K10000_c2.0_lr0.01_bfull_s0,0.195291
821000,B_w5_K10000_c2.0_lr0.01_bfull_s1,0.354955
821000,B_w5_K10000_c2.0_lr0.01_bfull_s2,0.323874
821000,B_w5_K10000_c2.0_lr0.01_bfull_s3,0.110426
821000,B_w5_K10000_c2.0_lr0.01_bfull_s4,0.349999
822000,B_w5_K10000_c0.0_lr0.01_bfull_s0,0.0685755
822000,B_w5_K10000_c0.0_lr0.01_bfull_s1,0.148786
822000,B_w5_K10000_c0.0_lr0.01_bfull_s2,0.118225
822000,B_w5_K10000_c0.0_lr0.01_bfull_s3,0.0884782
822000,B_w5_K10000_c0.0_lr0.01_bfull_s4,0.0749141
822000,B_w5_K10000_c2.0_lr0.01_bfull_s0,0.184777
822000,B_w5_K10000_c2.0_lr0.01_bfull_s1,0.158595
822000,B_w5_K10000_c2.0_lr0.01_bfull_s2,0.273469
822000,B_w5_K10000_c2.0_lr0.01_bfull_s3,0.0999947
822000,B_w5_K10000_c2.0_lr0.01_bfull_s4,0.246661
823000,B_w5_K10000_c0.0_lr0.01_bfull_s0,0.0577713
823000,B_w5_K10000_c0.0_lr0.01_bfull_s1,0.147159
823000,B_w5_K10000_c0.0_lr0.01_bfull_s2,0.0851848
823000,B_w5_K10000_c0.0_lr0.01_bfull_s3,0.0871424
823000,B_w5_K10000_c0.0_lr0.01_bfull_s4,0.0715899
823000,B_w5_K10000_c2.0_lr0.01_bfull_s0,0.179426
823000,B_w5_K10000_c2.0_lr0.01_bfull_s1,0.105552
823000,B_w5_K10000_c2.0_lr0.01_bfull_s2,0.260715
823000,B_w5_K10000_c2.0_lr0.01_bfull_s3,0.0952771
823000,B_w5_K10000_c2.0_lr0.01_bfull_s4,0.196336
824000,B_w5_K10000_c0.0_lr0.01_bfull_s0,0.0547265
824000,B_w5_K10000_c0.0_lr0.01_bfull_s1,0.144054
824000,B_w5_K10000_c0.0_lr0.01_bfull_s2,0.0335701
824000,B_w5_K10000_c0.0_lr0.01_bfull_s3,0.0854028
824000,B_w5_K10000_c0.0_lr0.01_bfull_s4,0.0672645
824000,B_w5_K10000_c2.0_lr0.01_bfull_s0,0.165266
824000,B_w5_K10000_c2.0_lr0.01_bfull_s1,0.0437597
824000,B_w5_K10000_c2.0_lr0.01_bfull_s2,0.237046
824000,B_w5_K10000_c2.0_lr0.01_bfull_s3,0.088769
824000,B_w5_K10000_c2.0_lr0.01_bfull_s4,0.0712538
825000,B_w5_K10000_c0.0_lr0.01_bfull_s0,0.0513642
825000,B_w5_K10000_c0.0_lr0.01_bfull_s1,0.137115
825000,B_w5_K10000_c0.0_lr0.01_bfull_s2,0.0257612
825000,B_w5_K10000_c0.0_lr0.01_bfull_s3,0.0824852
825000,B_w5_K10000_c0.0_lr0.01_bfull_s4,0.0610688
825000,B_w5_K10000_c2.0_lr0.01_bfull_s0,0.129059
825000,B_w5_K10000_c2.0_lr0.01_bfull_s1,0.0132353
825000,B_w5_K10000_c2.0_lr0.01_bfull_s2,0.212216
825000,B_w5_K10000_c2.0_lr0.01_bfull_s3,0.0826798
825000,B_w5_K10000_c2.0_lr0.01_bfull_s4,0.0338716
826000,B_w5_K10000_c0.0_lr0.01_bfull_s0,0.0455374
826000,B_w5_K10000_c0.0_lr0.01_bfull_s1,0.127038
826000,B_w5_K10000_c0.0_lr0.01_bfull_s2,0.0253797
826000,B_w5_K10000_c0.0_lr0.01_bfull_s3,0.0773239
826000,B_w5_K10000_c0.0_lr0.01_bfull_s4,0.0532847
826000,B_w5_K10000_c2.0_lr0.01_bfull_s0,0.0970925
826000,B_w5_K10000_c2.0_lr0.01_bfull_s1,0.00678953
826000,B_w5_K10000_c2.0_lr0.01_bfull_s2,0.18983
826000,B_w5_K10000_c2.0_lr0.01_bfull_s3,0.0787008
826000,B_w5_K10000_c2.0_lr0.01_bfull_s4,0.0255199
827000,B_w5_K10000_c0.0_lr0.01_bfull_s0,0.0385847
827000,B_w5_K10000_c0.0_lr0.01_bfull_s1,0.11577
827000,B_w5_K10000_c0.0_lr0.01_bfull_s2,0.0251457
827000,B_w5_K10000_c0.0_lr0.01_bfull_s3,0.070414
827000,B_w5_K10000_c0.0_lr0.01_bfull_s4,0.0443125
827000,B_w5_K10000_c2.0_lr0.01_bfull_s0,0.0905437
827000,B_w5_K10000_c2.0_lr0.01_bfull_s1,0.00538568
827000,B_w5_K10000_c2.0_lr0.01_bfull_s2,0.158423
827000,B_w5_K10000_c2.0_lr0.01_bfull_s3,0.0760754
827000,B_w5_K10000_c2.0_lr0.01_bfull_s4,0.0175606
828000,B_w5_K10000_c0.0_lr0.01_bfull_s0,0.0326956
828000,B_w5_K10000_c0.0_lr0.01_bfull_s1,0.11087
828000,B_w5_K10000_c0.0_lr0.01_bfull_s2,0.0250501
828000,B_w5_K10000_c0.0_lr0.01_bfull_s3,0.0621701
828000,B_w5_K10000_c0.0_lr0.01_bfull_s4,0.0356019
828000,B_w5_K10000_c2.0_lr0.01_bfull_s0,0.0900606
828000,B_w5_K10000_c2.0_lr0.01_bfull_s1,0.00486141
828000,B_w5_K10000_c2.0_lr0.01_bfull_s2,0.121489
828000,B_w5_K10000_c2.0_lr0.01_bfull_s3,0.0742943
828000,B_w5_K10000_c2.0_lr0.01_bfull_s4,0.0110081
829000,B_w5_K10000_c0.0_lr0.01_bfull_s0,0.0297416
829000,B_w5_K10000_c0.0_lr0.01_bfull_s1,0.109675
829000,B_w5_K10000_c0.0_lr0.01_bfull_s2,0.0248257
829000,B_w5_K10000_c0.0_lr0.01_bfull_s3,0.0543143
829000,B_w5_K10000_c0.0_lr0.01_bfull_s4,0.029044
829000,B_w5_K10000_c2.0_lr0.01_bfull_s0,0.0902257
829000,B_w5_K10000_c2.0_lr0.01_bfull_s1,0.00455861
829000,B_w5_K10000_c2.0_lr0.01_bfull_s2,0.0941662
829000,B_w5_K10000_c2.0_lr0.01_bfull_s3,0.0733197
829000,B_w5_K10000_c2.0_lr0.01_bfull_s4,0.00803174
830000,B_w5_K10000_c0.0_lr0.01_bfull_s0,0.0282485
830000,B_w5_K10000_c0.0_lr0.01_bfull_s1,0.1094
830000,B_w5_K10000_c0.0_lr0.01_bfull_s2,0.0245274
830000,B_w5_K10000_c0.0_lr0.01_bfull_s3,0.0478667
830000,B_w5_K10000_c0.0_lr0.01_bfull_s4,0.0249987
830000,B_w5_K10000_c2.0_lr0.01_bfull_s0,0.0903156
830000,B_w5_K10000_c2.0_lr0.01_bfull_s1,0.00432423
830000,B_w5_K10000_c2.0_lr0.01_bfull_s2,0.0718066
830000,B_w5_K10000_c2.0_lr0.01_bfull_s3,0.0726458
830000,B_w5_K10000_c2.0_lr0.01_bfull_s4,0.00695761
831000,B_w5_K10000_c0.0_lr0.01_bfull_s0,0.390244
831000,B_w5_K10000_c0.0_lr0.01_bfull_s1,0.285345
831000,B_w5_K10000_c0.0_lr0.01_bfull_s2,0.212203
831000,B_w5_K10000_c0.0_lr0.01_bfull_s3,0.18611
831000,B_w5_K10000_c0.0_lr0.01_bfull_s4,0.120107
831000,B_w5_K10000_c2.0_lr0.01_bfull_s0,0.263292
831000,B_w5_K10000_c2.0_lr0.01_bfull_s1,0.23925
831000,B_w5_K10000_c2.0_lr0.01_bfull_s2,0.253386
831000,B_w5_K10000_c2.0_lr0.01_bfull_s3,0.180096
831000,B_w5_K10000_c2.0_lr0.01_bfull_s4,0.37374
832000,B_w5_K10000_c0.0_lr0.01_bfull_s0,0.194977
832000,B_w5_K10000_c0.0_lr0.01_bfull_s1,0.23325
832000,B_w5_K10000_c0.0_lr0.01_bfull_s2,0.192838
832000,B_w5_K10000_c0.0_lr0.01_bfull_s3,0.159572
832000,B_w5_K10000_c0.0_lr0.01_bfull_s4,0.103457
832000,B_w5_K10000_c2.0_lr0.01_bfull_s0,0.223789
832000,B_w5_K10000_c2.0_lr0.01_bfull_s1,0.0640449
832000,B_w5_K10000_c2.0_lr0.01_bfull_s2,0.195757
832000,B_w5_K10000_c2.0_lr0.01_bfull_s3,0.148732
832000,B_w5_K10000_c2.0_lr0.01_bfull_s4,0.192916
833000,B_w5_K10000_c0.0_lr0.01_bfull_s0,0.161792
833000,B_w5_K10000_c0.0_lr0.01_bfull_s1,0.140338
833000,B_w5_K10000_c0.0_lr0.01_bfull_s2,0.189465
833000,B_w5_K10000_c0.0_lr0.01_bfull_s3,0.125903
833000,B_w5_K10000_c0.0_lr0.01_bfull_s4,0.103016
833000,B_w5_K10000_c2.0_lr0.01_bfull_s0,0.223114
833000,B_w5_K10000_c2.0_lr0.01_bfull_s1,0.0543395
833000,B_w5_K10000_c2.0_lr0.01_bfull_s2,0.172195
833000,B_w5_K10000_c2.0_lr0.01_bfull_s3,0.0879212
833000,B_w5_K10000_c2.0_lr0.01_bfull_s4,0.15396
834000,B_w5_K10000_c0.0_lr0.01_bfull_s0,0.145194
834000,B_w5_K10000_c0.0_lr0.01_bfull_s1,0.11219
834000,B_w5_K10000_c0.0_lr0.01_bfull_s2,0.182505
834000,B_w5_K10000_c0.0_lr0.01_bfull_s3,0.0886809
834000,B_w5_K10000_c0.0_lr0.01_bfull_s4,0.103173
834000,B_w5_K10000_c2.0_lr0.01_bfull_s0,0.222637
834000,B_w5_K10000_c2.0_lr0.01_bfull_s1,0.0439461
834000,B_w5_K10000_c2.0_lr0.01_bfull_s2,0.134914
834000,B_w5_K10000_c2.0_lr0.01_bfull_s3,0.0608003
834000,B_w5_K10000_c2.0_lr0.01_bfull_s4,0.108447
835000,B_w5_K10000_c0.0_lr0.01_bfull_s0,0.124183
835000,B_w5_K10000_c0.0_lr0.01_bfull_s1,0.108386
835000,B_w5_K10000_c0.0_lr0.01_bfull_s2,0.171909
835000,B_w5_K10000_c0.0_lr0.01_bfull_s3,0.0804419
835000,B_w5_K10000_c0.0_lr0.01_bfull_s4,0.103115
835000,B_w5_K10000_c2.0_lr0.01_bfull_s0,0.222358
835000,B_w5_K10000_c2.0_lr0.01_bfull_s1,0.0360601
835000,B_w5_K10000_c2.0_lr0.01_bfull_s2,0.103901
835000,B_w5_K10000_c2.0_lr0.01_bfull_s3,0.0593326
835000,B_w5_K10000_c2.0_lr0.01_bfull_s4,0.0533243
836000,B_w5_K10000_c0.0_lr0.01_bfull_s0,0.0769378
836000,B_w5_K10000_c0.0_lr0.01_bfull_s1,0.103609
836000,B_w5_K10000_c0.0_lr0.01_bfull_s2,0.162791
836000,B_w5_K10000_c0.0_lr0.01_bfull_s3,0.0793974
836000,B_w5_K10000_c0.0_lr0.01_bfull_s4,0.103044
836000,B_w5_K10000_c2.0_lr0.01_bfull_s0,0.221222
836000,B_w5_K10000_c2.0_lr0.01_bfull_s1,0.0316574
836000,B_w5_K10000_c2.0_lr0.01_bfull_s2,0.0857283
836000,B_w5_K10000_c2.0_lr0.01_bfull_s3,0.0588841
836000,B_w5_K10000_c2.0_lr0.01_bfull_s4,0.0269842
837000,B_w5_K10000_c0.0_lr0.01_bfull_s0,0.0482028
837000,B_w5_K10000_c0.0_lr0.01_bfull_s1,0.095105
837000,B_w5_K10000_c0.0_lr0.01_bfull_s2,0.15591
837000,B_w5_K10000_c0.0_lr0.01_bfull_s3,0.0790048
837000,B_w5_K10000_c0.0_lr0.01_bfull_s4,0.102932
837000,B_w5_K10000_c2.0_lr0.01_bfull_s0,0.219147
837000,B_w5_K10000_c2.0_lr0.01_bfull_s1,0.0292436
837000,B_w5_K10000_c2.0_lr0.01_bfull_s2,0.0751982
837000,B_w5_K10000_c2.0_lr0.01_bfull_s3,0.0588901
837000,B_w5_K10000_c2.0_lr0.01_bfull_s4,0.0225
838000,B_w5_K10000_c0.0_lr0.01_bfull_s0,0.0449436
838000,B_w5_K10000_c0.0_lr0.01_bfull_s1,0.0787408
838000,B_w5_K10000_c0.0_lr0.01_bfull_s2,0.146778
838000,B_w5_K10000_c0.0_lr0.01_bfull_s3,0.0782911
838000,B_w5_K10000_c0.0_lr0.01_bfull_s4,0.102439
838000,B_w5_K10000_c2.0_lr0.01_bfull_s0,0.209949
838000,B_w5_K10000_c2.0_lr0.01_bfull_s1,0.0272093
838000,B_w5_K10000_c2.0_lr0.01_bfull_s2,0.0680649
838000,B_w5_K10000_c2.0_lr0.01_bfull_s3,0.0585193
838000,B_w5_K10000_c2.0_lr0.01_bfull_s4,0.0214303
839000,B_w5_K10000_c0.0_lr0.01_bfull_s0,0.044229
839000,B_w5_K10000_c0.0_lr0.01_bfull_s1,0.0540495
839000,B_w5_K10000_c0.0_lr0.01_bfull_s2,0.128712
839000,B_w5_K10000_c0.0_lr0.01_bfull_s3,0.077107
839000,B_w5_K10000_c0.0_lr0.01_bfull_s4,0.102856
839000,B_w5_K10000_c2.0_lr0.01_bfull_s0,0.163591
839000,B_w5_K10000_c2.0_lr0.01_bfull_s1,0.0253737
839000,B_w5_K10000_c2.0_lr0.01_bfull_s2,0.0629851
839000,B_w5_K10000_c2.0_lr0.01_bfull_s3,0.0580312
839000,B_w5_K10000_c2.0_lr0.01_bfull_s4,0.0210125
840000,B_w5_K10000_c0.0_lr0.01_bfull_s0,0.0438956
840000,B_w5_K10000_c0.0_lr0.01_bfull_s1,0.0327556
840000,B_w5_K10000_c0.0_lr0.01_bfull_s2,0.10217
840000,B_w5_K10000_c0.0_lr0.01_bfull_s3,0.0751244
840000,B_w5_K10000_c0.0_lr0.01_bfull_s4,0.102291
840000,B_w5_K10000_c2.0_lr0.01_bfull_s0,0.100145
840000,B_w5_K10000_c2.0_lr0.01_bfull_s1,0.0234481
840000,B_w5_K10000_c2.0_lr0.01_bfull_s2,0.0582236
840000,B_w5_K10000_c2.0_lr0.01_bfull_s3,0.0575632
840000,B_w5_K10000_c2.0_lr0.01_bfull_s4,0.0207487
841000,B_w5_K10000_c0.0_lr0.01_bfull_s0,0.248325
841000,B_w5_K10000_c0.0_lr0.01_bfull_s1,0.129136
841000,B_w5_K10000_c0.0_lr0.01_bfull_s2,0.23471
841000,B_w5_K10000_c0.0_lr0.01_bfull_s3,0.254937
841000,B_w5_K10000_c0.0_lr0.01_bfull_s4,0.165175
841000,B_w5_K10000_c2.0_lr0.01_bfull_s0,0.113165
841000,B_w5_K10000_c2.0_lr0.01_bfull_s1,0.293343
841000,B_w5_K10000_c2.0_lr0.01_bfull_s2,0.196631
841000,B_w5_K10000_c2.0_lr0.01_bfull_s3,0.278917
841000,B_w5_K10000_c2.0_lr0.01_bfull_s4,0.266915
842000,B_w5_K10000_c0.0_lr0.01_bfull_s0,0.117038
842000,B_w5_K10000_c0.0_lr0.01_bfull_s1,0.0879207
842000,B_w5_K10000_c0.0_lr0.01_bfull_s2,0.203337
842000,B_w5_K10000_c0.0_lr0.01_bfull_s3,0.218398
842000,B_w5_K10000_c0.0_lr0.01_bfull_s4,0.154368
842000,B_w5_K10000_c2.0_lr0.01_bfull_s0,0.0757478
842000,B_w5_K10000_c2.0_lr0.01_bfull_s1,0.0509871
842000,B_w5_K10000_c2.0_lr0.01_bfull_s2,0.156924
842000,B_w5_K10000_c2.0_lr0.01_bfull_s3,0.22975
842000,B_w5_K10000_c2.0_lr0.01_bfull_s4,0.131123
843000,B_w5_K10000_c0.0_lr0.01_bfull_s0,0.0888021
843000,B_w5_K10000_c0.0_lr0.01_bfull_s1,0.0852987
843000,B_w5_K10000_c0.0_lr0.01_bfull_s2,0.188707
843000,B_w5_K10000_c0.0_lr0.01_bfull_s3,0.20429
843000,B_w5_K10000_c0.0_lr0.01_bfull_s4,0.154591
843000,B_w5_K10000_c2.0_lr0.01_bfull_s0,0.0756259
843000,B_w5_K10000_c2.0_lr0.01_bfull_s1,0.0368214
843000,B_w5_K10000_c2.0_lr0.01_bfull_s2,0.153626
843000,B_w5_K10000_c2.0_lr0.01_bfull_s3,0.18765
843000,B_w5_K10000_c2.0_lr0.01_bfull_s4,0.0987675
844000,B_w5_K10000_c0.0_lr0.01_bfull_s0,0.0594064
844000,B_w5_K10000_c0.0_lr0.01_bfull_s1,0.0818626
844000,B_w5_K10000_c0.0_lr0.01_bfull_s2,0.147142
844000,B_w5_K10000_c0.0_lr0.01_bfull_s3,0.168397
844000,B_w5_K10000_c0.0_lr0.01_bfull_s4,0.154646
844000,B_w5_K10000_c2.0_lr0.01_bfull_s0,0.0755979
844000,B_w5_K10000_c2.0_lr0.01_bfull_s1,0.0360555
844000,B_w5_K10000_c2.0_lr0.01_bfull_s2,0.146423
844000,B_w5_K10000_c2.0_lr0.01_bfull_s3,0.168138
844000,B_w5_K10000_c2.0_lr0.01_bfull_s4,0.0659312
845000,B_w5_K10000_c0.0_lr0.01_bfull_s0,0.0432617
845000,B_w5_K10000_c0.0_lr0.01_bfull_s1,0.0768992
845000,B_w5_K10000_c0.0_lr0.01_bfull_s2,0.0905696
845000,B_w5_K10000_c0.0_lr0.01_bfull_s3,0.134018
845000,B_w5_K10000_c0.0_lr0.01_bfull_s4,0.153667
845000,B_w5_K10000_c2.0_lr0.01_bfull_s0,0.0750767
845000,B_w5_K10000_c2.0_lr0.01_bfull_s1,0.0359288
845000,B_w5_K10000_c2.0_lr0.01_bfull_s2,0.124213
845000,B_w5_K10000_c2.0_lr0.01_bfull_s3,0.161307
845000,B_w5_K10000_c2.0_lr0.01_bfull_s4,0.0527744
846000,B_w5_K10000_c0.0_lr0.01_bfull_s0,0.0383481
846000,B_w5_K10000_c0.0_lr0.01_bfull_s1,0.0720898
846000,B_w5_K10000_c0.0_lr0.01_bfull_s2,0.0645249
846000,B_w5_K10000_c0.0_lr0.01_bfull_s3,0.118662
846000,B_w5_K10000_c0.0_lr0.01_bfull_s4,0.153878
846000,B_w5_K10000_c2.0_lr0.01_bfull_s0,0.0745002
846000,B_w5_K10000_c2.0_lr0.01_bfull_s1,0.0357138
846000,B_w5_K10000_c2.0_lr0.01_bfull_s2,0.0912053
846000,B_w5_K10000_c2.0_lr0.01_bfull_s3,0.147559
846000,B_w5_K10000_c2.0_lr0.01_bfull_s4,0.051308
847000,B_w5_K10000_c0.0_lr0.01_bfull_s0,0.03566
847000,B_w5_K10000_c0.0_lr0.01_bfull_s1,0.0683583
847000,B_w5_K10000_c0.0_lr0.01_bfull_s2,0.0572367
847000,B_w5_K10000_c0.0_lr0.01_bfull_s3,0.0863355
847000,B_w5_K10000_c0.0_lr0.01_bfull_s4,0.153902
847000,B_w5_K10000_c2.0_lr0.01_bfull_s0,0.0738203
847000,B_w5_K10000_c2.0_lr0.01_bfull_s1,0.0355401
847000,B_w5_K10000_c2.0_lr0.01_bfull_s2,0.0818244
847000,B_w5_K10000_c2.0_lr0.01_bfull_s3,0.118211
847000,B_w5_K10000_c2.0_lr0.01_bfull_s4,0.0509753
848000,B_w5_K10000_c0.0_lr0.01_bfull_s0,0.0324986
848000,B_w5_K10000_c0.0_lr0.01_bfull_s1,0.0660685
848000,B_w5_K10000_c0.0_lr0.01_bfull_s2,0.0541671
848000,B_w5_K10000_c0.0_lr0.01_bfull_s3,0.0474662
848000,B_w5_K10000_c0.0_lr0.01_bfull_s4,0.153605
848000,B_w5_K10000_c2.0_lr0.01_bfull_s0,0.0722517
848000,B_w5_K10000_c2.0_lr0.01_bfull_s1,0.0354717
848000,B_w5_K10000_c2.0_lr0.01_bfull_s2,0.080318
848000,B_w5_K10000_c2.0_lr0.01_bfull_s3,0.0952312
848000,B_w5_K10000_c2.0_lr0.01_bfull_s4,0.0501852
849000,B_w5_K10000_c0.0_lr0.01_bfull_s0,0.0276741
849000,B_w5_K10000_c0.0_lr0.01_bfull_s1,0.0642767
849000,B_w5_K10000_c0.0_lr0.01_bfull_s2,0.0521043
849000,B_w5_K10000_c0.0_lr0.01_bfull_s3,0.039573
849000,B_w5_K10000_c0.0_lr0.01_bfull_s4,0.153444
849000,B_w5_K10000_c2.0_lr0.01_bfull_s0,0.0697953
849000,B_w5_K10000_c2.0_lr0.01_bfull_s1,0.0353707
849000,B_w5_K10000_c2.0_lr0.01_bfull_s2,0.0794287
849000,B_w5_K10000_c2.0_lr0.01_bfull_s3,0.0888751
849000,B_w5_K10000_c2.0_lr0.01_bfull_s4,0.0497633
850000,B_w5_K10000_c0.0_lr0.01_bfull_s0,0.0214553
850000,B_w5_K10000_c0.0_lr0.01_bfull_s1,0.062898
850000,B_w5_K10000_c0.0_lr0.01_bfull_s2,0.0508753
850000,B_w5_K10000_c0.0_lr0.01_bfull_s3,0.0384525
850000,B_w5_K10000_c0.0_lr0.01_bfull_s4,0.153065
850000,B_w5_K10000_c2.0_lr0.01_bfull_s0,0.0649024
850000,B_w5_K10000_c2.0_lr0.01_bfull_s1,0.0354145
850000,B_w5_K10000_c2.0_lr0.01_bfull_s2,0.0774933
850000,B_w5_K10000_c2.0_lr0.01_bfull_s3,0.0846462
850000,B_w5_K10000_c2.0_lr0.01_bfull_s4,0.048468
851000,B_w5_K10000_c0.0_lr0.01_bfull_s0,0.130653
851000,B_w5_K10000_c0.0_lr0.01_bfull_s1,0.159029
851000,B_w5_K10000_c0.0_lr0.01_bfull_s2,0.148538
851000,B_w5_K10000_c0.0_lr0.01_bfull_s3,0.257001
851000,B_w5_K10000_c0.0_lr0.01_bfull_s4,0.251637
851000,B_w5_K10000_c2.0_lr0.01_bfull_s0,0.206605
851000,B_w5_K10000_c2.0_lr0.01_bfull_s1,0.218923
851000,B_w5_K10000_c2.0_lr0.01_bfull_s2,0.235095
851000,B_w5_K10000_c2.0_lr0.01_bfull_s3,0.171097
851000,B_w5_K10000_c2.0_lr0.01_bfull_s4,0.203042
852000,B_w5_K10000_c0.0_lr0.01_bfull_s0,0.0717372
852000,B_w5_K10000_c0.0_lr0.01_bfull_s1,0.109131
852000,B_w5_K10000_c0.0_lr0.01_bfull_s2,0.125587
852000,B_w5_K10000_c0.0_lr0.01_bfull_s3,0.206227
852000,B_w5_K10000_c0.0_lr0.01_bfull_s4,0.235212
852000,B_w5_K10000_c2.0_lr0.01_bfull_s0,0.189648
852000,B_w5_K10000_c2.0_lr0.01_bfull_s1,0.0579612
852000,B_w5_K10000_c2.0_lr0.01_bfull_s2,0.201011
852000,B_w5_K10000_c2.0_lr0.01_bfull_s3,0.0909878
852000,B_w5_K10000_c2.0_lr0.01_bfull_s4,0.111111
853000,B_w5_K10000_c0.0_lr0.01_bfull_s0,0.0617204
853000,B_w5_K10000_c0.0_lr0.01_bfull_s1,0.0603281
853000,B_w5_K10000_c0.0_lr0.01_bfull_s2,0.124927
853000,B_w5_K10000_c0.0_lr0.01_bfull_s3,0.161361
853000,B_w5_K10000_c0.0_lr0.01_bfull_s4,0.235227
853000,B_w5_K10000_c2.0_lr0.01_bfull_s0,0.187976
853000,B_w5_K10000_c2.0_lr0.01_bfull_s1,0.0469594
853000,B_w5_K10000_c2.0_lr0.01_bfull_s2,0.195275
853000,B_w5_K10000_c2.0_lr0.01_bfull_s3,0.0589837
853000,B_w5_K10000_c2.0_lr0.01_bfull_s4,0.0943154
854000,B_w5_K10000_c0.0_lr0.01_bfull_s0,0.0593826
854000,B_w5_K10000_c0.0_lr0.01_bfull_s1,0.0545245
854000,B_w5_K10000_c0.0_lr0.01_bfull_s2,0.123245
854000,B_w5_K10000_c0.0_lr0.01_bfull_s3,0.113696
854000,B_w5_K10000_c0.0_lr0.01_bfull_s4,0.234292
854000,B_w5_K10000_c2.0_lr0.01_bfull_s0,0.183671
854000,B_w5_K10000_c2.0_lr0.01_bfull_s1,0.0384903
854000,B_w5_K10000_c2.0_lr0.01_bfull_s2,0.183926
854000,B_w5_K10000_c2.0_lr0.01_bfull_s3,0.0521266
854000,B_w5_K10000_c2.0_lr0.01_bfull_s4,0.0834526
855000,B_w5_K10000_c0.0_lr0.01_bfull_s0,0.0580908
855000,B_w5_K10000_c0.0_lr0.01_bfull_s1,0.0536711
855000,B_w5_K10000_c0.0_lr0.01_bfull_s2,0.118081
855000,B_w5_K10000_c0.0_lr0.01_bfull_s3,0.07345
855000,B_w5_K10000_c0.0_lr0.01_bfull_s4,0.231656
855000,B_w5_K10000_c2.0_lr0.01_bfull_s0,0.163632
855000,B_w5_K10000_c2.0_lr0.01_bfull_s1,0.0307659
855000,B_w5_K10000_c2.0_lr0.01_bfull_s2,0.155337
855000,B_w5_K10000_c2.0_lr0.01_bfull_s3,0.0500961
855000,B_w5_K10000_c2.0_lr0.01_bfull_s4,0.0746525
856000,B_w5_K10000_c0.0_lr0.01_bfull_s0,0.0565849
856000,B_w5_K10000_c0.0_lr0.01_bfull_s1,0.052216
856000,B_w5_K10000_c0.0_lr0.01_bfull_s2,0.102094
856000,B_w5_K10000_c0.0_lr0.01_bfull_s3,0.0577285
856000,B_w5_K10000_c0.0_lr0.01_bfull_s4,0.228578
856000,B_w5_K10000_c2.0_lr0.01_bfull_s0,0.117206
856000,B_w5_K10000_c2.0_lr0.01_bfull_s1,0.0260929
856000,B_w5_K10000_c2.0_lr0.01_bfull_s2,0.122809
856000,B_w5_K10000_c2.0_lr0.01_bfull_s3,0.04771
856000,B_w5_K10000_c2.0_lr0.01_bfull_s4,0.0668302
857000,B_w5_K10000_c0.0_lr0.01_bfull_s0,0.0542209
857000,B_w5_K10000_c0.0_lr0.01_bfull_s1,0.0494537
857000,B_w5_K10000_c0.0_lr0.01_bfull_s2,0.0705068
857000,B_w5_K10000_c0.0_lr0.01_bfull_s3,0.0543022
857000,B_w5_K10000_c0.0_lr0.01_bfull_s4,0.212534
857000,B_w5_K10000_c2.0_lr0.01_bfull_s0,0.0982191
857000,B_w5_K10000_c2.0_lr0.01_bfull_s1,0.0239037
857000,B_w5_K10000_c2.0_lr0.01_bfull_s2,0.106476
857000,B_w5_K10000_c2.0_lr0.01_bfull_s3,0.0436591
857000,B_w5_K10000_c2.0_lr0.01_bfull_s4,0.0581985
858000,B_w5_K10000_c0.0_lr0.01_bfull_s0,0.0503725
858000,B_w5_K10000_c0.0_lr0.01_bfull_s1,0.0444238
858000,B_w5_K10000_c0.0_lr0.01_bfull_s2,0.0527376
858000,B_w5_K10000_c0.0_lr0.01_bfull_s3,0.0534604
858000,B_w5_K10000_c0.0_lr0.01_bfull_s4,0.167757
858000,B_w5_K10000_c2.0_lr0.01_bfull_s0,0.0966014
858000,B_w5_K10000_c2.0_lr0.01_bfull_s1,0.0227144
858000,B_w5_K10000_c2.0_lr0.01_bfull_s2,0.0949676
858000,B_w5_K10000_c2.0_lr0.01_bfull_s3,0.0377118
858000,B_w5_K10000_c2.0_lr0.01_bfull_s4,0.048164
859000,B_w5_K10000_c0.0_lr0.01_bfull_s0,0.0448083
859000,B_w5_K10000_c0.0_lr0.01_bfull_s1,0.0358257
859000,B_w5_K10000_c0.0_lr0.01_bfull_s2,0.0503638
859000,B_w5_K10000_c0.0_lr0.01_bfull_s3,0.0528819
859000,B_w5_K10000_c0.0_lr0.01_bfull_s4,0.140451
859000,B_w5_K10000_c2.0_lr0.01_bfull_s0,0.0965034
859000,B_w5_K10000_c2.0_lr0.01_bfull_s1,0.0218467
859000,B_w5_K10000_c2.0_lr0.01_bfull_s2,0.0801427
859000,B_w5_K10000_c2.0_lr0.01_bfull_s3,0.0314157
859000,B_w5_K10000_c2.0_lr0.01_bfull_s4,0.0387632
860000,B_w5_K10000_c0.0_lr0.01_bfull_s0,0.037994
860000,B_w5_K10000_c0.0_lr0.01_bfull_s1,0.0254903
860000,B_w5_K10000_c0.0_lr0.01_bfull_s2,0.0502006
860000,B_w5_K10000_c0.0_lr0.01_bfull_s3,0.0529083
860000,B_w5_K10000_c0.0_lr0.01_bfull_s4,0.135695
860000,B_w5_K10000_c2.0_lr0.01_bfull_s0,0.0965411
860000,B_w5_K10000_c2.0_lr0.01_bfull_s1,0.0211878
860000,B_w5_K10000_c2.0_lr0.01_bfull_s2,0.0645763
860000,B_w5_K10000_c2.0_lr0.01_bfull_s3,0.0266632
860000,B_w5_K10000_c2.0_lr0.01_bfull_s4,0.0321947
861000,B_w5_K10000_c0.0_lr0.01_bfull_s0,0.347088
861000,B_w5_K10000_c0.0_lr0.01_bfull_s1,0.253118
861000,B_w5_K10000_c0.0_lr0.01_bfull_s2,0.113428
861000,B_w5_K10000_c0.0_lr0.01_bfull_s3,0.196724
861000,B_w5_K10000_c0.0_lr0.01_bfull_s4,0.170525
861000,B_w5_K10000_c2.0_lr0.01_bfull_s0,0.224419
861000,B_w5_K10000_c2.0_lr0.01_bfull_s1,0.215264
861000,B_w5_K10000_c2.0_lr0.01_bfull_s2,0.0933687
861000,B_w5_K10000_c2.0_lr0.01_bfull_s3,0.211057
861000,B_w5_K10000_c2.0_lr0.01_bfull_s4,0.256894
862000,B_w5_K10000_c0.0_lr0.01_bfull_s0,0.237959
862000,B_w5_K10000_c0.0_lr0.01_bfull_s1,0.208881
862000,B_w5_K10000_c0.0_lr0.01_bfull_s2,0.0923673
862000,B_w5_K10000_c0.0_lr0.01_bfull_s3,0.113897
862000,B_w5_K10000_c0.0_lr0.01_bfull_s4,0.141988
862000,B_w5_K10000_c2.0_lr0.01_bfull_s0,0.17863
862000,B_w5_K10000_c2.0_lr0.01_bfull_s1,0.0532587
862000,B_w5_K10000_c2.0_lr0.01_bfull_s2,0.0488958
862000,B_w5_K10000_c2.0_lr0.01_bfull_s3,0.188049
862000,B_w5_K10000_c2.0_lr0.01_bfull_s4,0.155176
863000,B_w5_K10000_c0.0_lr0.01_bfull_s0,0.226864
863000,B_w5_K10000_c0.0_lr0.01_bfull_s1,0.199602
863000,B_w5_K10000_c0.0_lr0.01_bfull_s2,0.0908518
863000,B_w5_K10000_c0.0_lr0.01_bfull_s3,0.0600046
863000,B_w5_K10000_c0.0_lr0.01_bfull_s4,0.133103
863000,B_w5_K10000_c2.0_lr0.01_bfull_s0,0.177255
863000,B_w5_K10000_c2.0_lr0.01_bfull_s1,0.0485086
863000,B_w5_K10000_c2.0_lr0.01_bfull_s2,0.0482824
863000,B_w5_K10000_c2.0_lr0.01_bfull_s3,0.188091
863000,B_w5_K10000_c2.0_lr0.01_bfull_s4,0.153207
864000,B_w5_K10000_c0.0_lr0.01_bfull_s0,0.205659
864000,B_w5_K10000_c0.0_lr0.01_bfull_s1,0.185129
864000,B_w5_K10000_c0.0_lr0.01_bfull_s2,0.0869842
864000,B_w5_K10000_c0.0_lr0.01_bfull_s3,0.0504309
864000,B_w5_K10000_c0.0_lr0.01_bfull_s4,0.110795
864000,B_w5_K10000_c2.0_lr0.01_bfull_s0,0.174376
864000,B_w5_K10000_c2.0_lr0.01_bfull_s1,0.0480477
864000,B_w5_K10000_c2.0_lr0.01_bfull_s2,0.0484274
864000,B_w5_K10000_c2.0_lr0.01_bfull_s3,0.187034
864000,B_w5_K10000_c2.0_lr0.01_bfull_s4,0.151833
865000,B_w5_K10000_c0.0_lr0.01_bfull_s0,0.15741
865000,B_w5_K10000_c0.0_lr0.01_bfull_s1,0.160023
865000,B_w5_K10000_c0.0_lr0.01_bfull_s2,0.0804509
865000,B_w5_K10000_c0.0_lr0.01_bfull_s3,0.0493679
865000,B_w5_K10000_c0.0_lr0.01_bfull_s4,0.0932793
865000,B_w5_K10000_c2.0_lr0.01_bfull_s0,0.164309
865000,B_w5_K10000_c2.0_lr0.01_bfull_s1,0.0475841
865000,B_w5_K10000_c2.0_lr0.01_bfull_s2,0.0483415
865000,B_w5_K10000_c2.0_lr0.01_bfull_s3,0.184372
865000,B_w5_K10000_c2.0_lr0.01_bfull_s4,0.148203
866000,B_w5_K10000_c0.0_lr0.01_bfull_s0,0.100475
866000,B_w5_K10000_c0.0_lr0.01_bfull_s1,0.129295
866000,B_w5_K10000_c0.0_lr0.01_bfull_s2,0.068897
866000,B_w5_K10000_c0.0_lr0.01_bfull_s3,0.0483357
866000,B_w5_K10000_c0.0_lr0.01_bfull_s4,0.0896438
866000,B_w5_K10000_c2.0_lr0.01_bfull_s0,0.131218
866000,B_w5_K10000_c2.0_lr0.01_bfull_s1,0.0468579
866000,B_w5_K10000_c2.0_lr0.01_bfull_s2,0.0480934
866000,B_w5_K10000_c2.0_lr0.01_bfull_s3,0.177188
866000,B_w5_K10000_c2.0_lr0.01_bfull_s4,0.143163
867000,B_w5_K10000_c0.0_lr0.01_bfull_s0,0.0722999
867000,B_w5_K10000_c0.0_lr0.01_bfull_s1,0.0973123
867000,B_w5_K10000_c0.0_lr0.01_bfull_s2,0.0552871
867000,B_w5_K10000_c0.0_lr0.01_bfull_s3,0.0463556
867000,B_w5_K10000_c0.0_lr0.01_bfull_s4,0.0891625
867000,B_w5_K10000_c2.0_lr0.01_bfull_s0,0.0907549
867000,B_w5_K10000_c2.0_lr0.01_bfull_s1,0.0463466
867000,B_w5_K10000_c2.0_lr0.01_bfull_s2,0.0483116
867000,B_w5_K10000_c2.0_lr0.01_bfull_s3,0.148588
867000,B_w5_K10000_c2.0_lr0.01_bfull_s4,0.136192
868000,B_w5_K10000_c0.0_lr0.01_bfull_s0,0.0607044
868000,B_w5_K10000_c0.0_lr0.01_bfull_s1,0.064765
868000,B_w5_K10000_c0.0_lr0.01_bfull_s2,0.0444793
868000,B_w5_K10000_c0.0_lr0.01_bfull_s3,0.0426852
868000,B_w5_K10000_c0.0_lr0.01_bfull_s4,0.0892253
868000,B_w5_K10000_c2.0_lr0.01_bfull_s0,0.0662024
868000,B_w5_K10000_c2.0_lr0.01_bfull_s1,0.0453857
868000,B_w5_K10000_c2.0_lr0.01_bfull_s2,0.0480958
868000,B_w5_K10000_c2.0_lr0.01_bfull_s3,0.0727484
868000,B_w5_K10000_c2.0_lr0.01_bfull_s4,0.126162
869000,B_w5_K10000_c0.0_lr0.01_bfull_s0,0.0562777
869000,B_w5_K10000_c0.0_lr0.01_bfull_s1,0.0492646
869000,B_w5_K10000_c0.0_lr0.01_bfull_s2,0.0350618
869000,B_w5_K10000_c0.0_lr0.01_bfull_s3,0.0366948
869000,B_w5_K10000_c0.0_lr0.01_bfull_s4,0.0890019
869000,B_w5_K10000_c2.0_lr0.01_bfull_s0,0.0466066
869000,B_w5_K10000_c2.0_lr0.01_bfull_s1,0.0443946
869000,B_w5_K10000_c2.0_lr0.01_bfull_s2,0.0479711
869000,B_w5_K10000_c2.0_lr0.01_bfull_s3,0.0261644
869000,B_w5_K10000_c2.0_lr0.01_bfull_s4,0.114737
870000,B_w5_K10000_c0.0_lr0.01_bfull_s0,0.0549836
870000,B_w5_K10000_c0.0_lr0.01_bfull_s1,0.04488
870000,B_w5_K10000_c0.0_lr0.01_bfull_s2,0.0264529
870000,B_w5_K10000_c0.0_lr0.01_bfull_s3,0.0294738
870000,B_w5_K10000_c0.0_lr0.01_bfull_s4,0.0889877
870000,B_w5_K10000_c2.0_lr0.01_bfull_s0,0.039001
870000,B_w5_K10000_c2.0_lr0.01_bfull_s1,0.0435093
870000,B_w5_K10000_c2.0_lr0.01_bfull_s2,0.0478525
870000,B_w5_K10000_c2.0_lr0.01_bfull_s3,0.0173043
870000,B_w5_K10000_c2.0_lr0.01_bfull_s4,0.106871
871000,B_w5_K10000_c0.0_lr0.01_bfull_s0,0.588395
871000,B_w5_K10000_c0.0_lr0.01_bfull_s1,0.241144
871000,B_w5_K10000_c0.0_lr0.01_bfull_s2,0.205776
871000,B_w5_K10000_c0.0_lr0.01_bfull_s3,0.183737
871000,B_w5_K10000_c0.0_lr0.01_bfull_s4,0.0408882
871000,B_w5_K10000_c2.0_lr0.01_bfull_s0,0.304868
871000,B_w5_K10000_c2.0_lr0.01_bfull_s1,0.233692
871000,B_w5_K10000_c2.0_lr0.01_bfull_s2,0.229742
871000,B_w5_K10000_c2.0_lr0.01_bfull_s3,0.108006
871000,B_w5_K10000_c2.0_lr0.01_bfull_s4,0.334695
872000,B_w5_K10000_c0.0_lr0.01_bfull_s0,0.148276
872000,B_w5_K10000_c0.0_lr0.01_bfull_s1,0.20358
872000,B_w5_K10000_c0.0_lr0.01_bfull_s2,0.192046
872000,B_w5_K10000_c0.0_lr0.01_bfull_s3,0.161475
872000,B_w5_K10000_c0.0_lr0.01_bfull_s4,0.0269875
872000,B_w5_K10000_c2.0_lr0.01_bfull_s0,0.197199
872000,B_w5_K10000_c2.0_lr0.01_bfull_s1,0.0755395
872000,B_w5_K10000_c2.0_lr0.01_bfull_s2,0.221297
872000,B_w5_K10000_c2.0_lr0.01_bfull_s3,0.0713281
872000,B_w5_K10000_c2.0_lr0.01_bfull_s4,0.266366
873000,B_w5_K10000_c0.0_lr0.01_bfull_s0,0.074104
873000,B_w5_K10000_c0.0_lr0.01_bfull_s1,0.195986
873000,B_w5_K10000_c0.0_lr0.01_bfull_s2,0.186915
873000,B_w5_K10000_c0.0_lr0.01_bfull_s3,0.160816
873000,B_w5_K10000_c0.0_lr0.01_bfull_s4,0.0269211
873000,B_w5_K10000_c2.0_lr0.01_bfull_s0,0.141435
873000,B_w5_K10000_c2.0_lr0.01_bfull_s1,0.0653299
873000,B_w5_K10000_c2.0_lr0.01_bfull_s2,0.220672
873000,B_w5_K10000_c2.0_lr0.01_bfull_s3,0.0706836
873000,B_w5_K10000_c2.0_lr0.01_bfull_s4,0.244996
874000,B_w5_K10000_c0.0_lr0.01_bfull_s0,0.0390751
874000,B_w5_K10000_c0.0_lr0.01_bfull_s1,0.164469
874000,B_w5_K10000_c0.0_lr0.01_bfull_s2,0.163941
874000,B_w5_K10000_c0.0_lr0.01_bfull_s3,0.159675
874000,B_w5_K10000_c0.0_lr0.01_bfull_s4,0.0269545
874000,B_w5_K10000_c2.0_lr0.01_bfull_s0,0.124698
874000,B_w5_K10000_c2.0_lr0.01_bfull_s1,0.0564361
874000,B_w5_K10000_c2.0_lr0.01_bfull_s2,0.219409
874000,B_w5_K10000_c2.0_lr0.01_bfull_s3,0.0705287
874000,B_w5_K10000_c2.0_lr0.01_bfull_s4,0.146591
875000,B_w5_K10000_c0.0_lr0.01_bfull_s0,0.0241972
875000,B_w5_K10000_c0.0_lr0.01_bfull_s1,0.114312
875000,B_w5_K10000_c0.0_lr0.01_bfull_s2,0.103207
875000,B_w5_K10000_c0.0_lr0.01_bfull_s3,0.158345
875000,B_w5_K10000_c0.0_lr0.01_bfull_s4,0.0269373
875000,B_w5_K10000_c2.0_lr0.01_bfull_s0,0.105791
875000,B_w5_K10000_c2.0_lr0.01_bfull_s1,0.050855
875000,B_w5_K10000_c2.0_lr0.01_bfull_s2,0.212403
875000,B_w5_K10000_c2.0_lr0.01_bfull_s3,0.0695218
875000,B_w5_K10000_c2.0_lr0.01_bfull_s4,0.0807821
876000,B_w5_K10000_c0.0_lr0.01_bfull_s0,0.0174123
876000,B_w5_K10000_c0.0_lr0.01_bfull_s1,0.0575782
876000,B_w5_K10000_c0.0_lr0.01_bfull_s2,0.080545
876000,B_w5_K10000_c0.0_lr0.01_bfull_s3,0.155546
876000,B_w5_K10000_c0.0_lr0.01_bfull_s4,0.0268736
876000,B_w5_K10000_c2.0_lr0.01_bfull_s0,0.084848
876000,B_w5_K10000_c2.0_lr0.01_bfull_s1,0.0482574
876000,B_w5_K10000_c2.0_lr0.01_bfull_s2,0.166653
876000,B_w5_K10000_c2.0_lr0.01_bfull_s3,0.0683251
876000,B_w5_K10000_c2.0_lr0.01_bfull_s4,0.0642093
877000,B_w5_K10000_c0.0_lr0.01_bfull_s0,0.0134751
877000,B_w5_K10000_c0.0_lr0.01_bfull_s1,0.0157453
877000,B_w5_K10000_c0.0_lr0.01_bfull_s2,0.0773834
877000,B_w5_K10000_c0.0_lr0.01_bfull_s3,0.148247
877000,B_w5_K10000_c0.0_lr0.01_bfull_s4,0.0268957
877000,B_w5_K10000_c2.0_lr0.01_bfull_s0,0.0689699
877000,B_w5_K10000_c2.0_lr0.01_bfull_s1,0.0471395
877000,B_w5_K10000_c2.0_lr0.01_bfull_s2,0.0990248
877000,B_w5_K10000_c2.0_lr0.01_bfull_s3,0.0665079
877000,B_w5_K10000_c2.0_lr0.01_bfull_s4,0.053704
878000,B_w5_K10000_c0.0_lr0.01_bfull_s0,0.0115932
878000,B_w5_K10000_c0.0_lr0.01_bfull_s1,0.0137814
878000,B_w5_K10000_c0.0_lr0.01_bfull_s2,0.0731049
878000,B_w5_K10000_c0.0_lr0.01_bfull_s3,0.12989
878000,B_w5_K10000_c0.0_lr0.01_bfull_s4,0.0268838
878000,B_w5_K10000_c2.0_lr0.01_bfull_s0,0.0591723
878000,B_w5_K10000_c2.0_lr0.01_bfull_s1,0.0461636
878000,B_w5_K10000_c2.0_lr0.01_bfull_s2,0.0918095
878000,B_w5_K10000_c2.0_lr0.01_bfull_s3,0.0632791
878000,B_w5_K10000_c2.0_lr0.01_bfull_s4,0.046923
879000,B_w5_K10000_c0.0_lr0.01_bfull_s0,0.0109184
879000,B_w5_K10000_c0.0_lr0.01_bfull_s1,0.0137241
879000,B_w5_K10000_c0.0_lr0.01_bfull_s2,0.0658065
879000,B_w5_K10000_c0.0_lr0.01_bfull_s3,0.0913921
879000,B_w5_K10000_c0.0_lr0.01_bfull_s4,0.0269557
879000,B_w5_K10000_c2.0_lr0.01_bfull_s0,0.0529681
879000,B_w5_K10000_c2.0_lr0.01_bfull_s1,0.04534
879000,B_w5_K10000_c2.0_lr0.01_bfull_s2,0.0918059
879000,B_w5_K10000_c2.0_lr0.01_bfull_s3,0.0576063
879000,B_w5_K10000_c2.0_lr0.01_bfull_s4,0.0417779
880000,B_w5_K10000_c0.0_lr0.01_bfull_s0,0.0106346
880000,B_w5_K10000_c0.0_lr0.01_bfull_s1,0.0136541
880000,B_w5_K10000_c0.0_lr0.01_bfull_s2,0.0578812
880000,B_w5_K10000_c0.0_lr0.01_bfull_s3,0.0518266
880000,B_w5_K10000_c0.0_lr0.01_bfull_s4,0.0268761
880000,B_w5_K10000_c2.0_lr0.01_bfull_s0,0.0489223
880000,B_w5_K10000_c2.0_lr0.01_bfull_s1,0.0444247
880000,B_w5_K10000_c2.0_lr0.01_bfull_s2,0.0914994
880000,B_w5_K10000_c2.0_lr0.01_bfull_s3,0.0497153
880000,B_w5_K10000_c2.0_lr0.01_bfull_s4,0.0385968
881000,B_w5_K10000_c0.0_lr0.01_bfull_s0,0.330155
881000,B_w5_K10000_c0.0_lr0.01_bfull_s1,0.277511
881000,B_w5_K10000_c0.0_lr0.01_bfull_s2,0.146966
881000,B_w5_K10000_c0.0_lr0.01_bfull_s3,0.360714
881000,B_w5_K10000_c0.0_lr0.01_bfull_s4,0.29259
881000,B_w5_K10000_c2.0_lr0.01_bfull_s0,0.204064
881000,B_w5_K10000_c2.0_lr0.01_bfull_s1,0.435867
881000,B_w5_K10000_c2.0_lr0.01_bfull_s2,0.198037
881000,B_w5_K10000_c2.0_lr0.01_bfull_s3,0.208509
881000,B_w5_K10000_c2.0_lr0.01_bfull_s4,0.309277
882000,B_w5_K10000_c0.0_lr0.01_bfull_s0,0.151735
882000,B_w5_K10000_c0.0_lr0.01_bfull_s1,0.230427
882000,B_w5_K10000_c0.0_lr0.01_bfull_s2,0.123842
882000,B_w5_K10000_c0.0_lr0.01_bfull_s3,0.301506
882000,B_w5_K10000_c0.0_lr0.01_bfull_s4,0.24957
882000,B_w5_K10000_c2.0_lr0.01_bfull_s0,0.161365
882000,B_w5_K10000_c2.0_lr0.01_bfull_s1,0.171284
882000,B_w5_K10000_c2.0_lr0.01_bfull_s2,0.164853
882000,B_w5_K10000_c2.0_lr0.01_bfull_s3,0.193929
882000,B_w5_K10000_c2.0_lr0.01_bfull_s4,0.155199
883000,B_w5_K10000_c0.0_lr0.01_bfull_s0,0.106546
883000,B_w5_K10000_c0.0_lr0.01_bfull_s1,0.225463
883000,B_w5_K10000_c0.0_lr0.01_bfull_s2,0.108283
883000,B_w5_K10000_c0.0_lr0.01_bfull_s3,0.228941
883000,B_w5_K10000_c0.0_lr0.01_bfull_s4,0.160014
883000,B_w5_K10000_c2.0_lr0.01_bfull_s0,0.151419
883000,B_w5_K10000_c2.0_lr0.01_bfull_s1,0.144628
883000,B_w5_K10000_c2.0_lr0.01_bfull_s2,0.147461
883000,B_w5_K10000_c2.0_lr0.01_bfull_s3,0.192445
883000,B_w5_K10000_c2.0_lr0.01_bfull_s4,0.150912
884000,B_w5_K10000_c0.0_lr0.01_bfull_s0,0.0744935
884000,B_w5_K10000_c0.0_lr0.01_bfull_s1,0.210206
884000,B_w5_K10000_c0.0_lr0.01_bfull_s2,0.0829648
884000,B_w5_K10000_c0.0_lr0.01_bfull_s3,0.101376
884000,B_w5_K10000_c0.0_lr0.01_bfull_s4,0.10188
884000,B_w5_K10000_c2.0_lr0.01_bfull_s0,0.133772
884000,B_w5_K10000_c2.0_lr0.01_bfull_s1,0.125338
884000,B_w5_K10000_c2.0_lr0.01_bfull_s2,0.108164
884000,B_w5_K10000_c2.0_lr0.01_bfull_s3,0.187393
884000,B_w5_K10000_c2.0_lr0.01_bfull_s4,0.146271
885000,B_w5_K10000_c0.0_lr0.01_bfull_s0,0.0479168
885000,B_w5_K10000_c0.0_lr0.01_bfull_s1,0.156278
885000,B_w5_K10000_c0.0_lr0.01_bfull_s2,0.0692443
885000,B_w5_K10000_c0.0_lr0.01_bfull_s3,0.0671634
885000,B_w5_K10000_c0.0_lr0.01_bfull_s4,0.0685946
885000,B_w5_K10000_c2.0_lr0.01_bfull_s0,0.121663
885000,B_w5_K10000_c2.0_lr0.01_bfull_s1,0.102808
885000,B_w5_K10000_c2.0_lr0.01_bfull_s2,0.0632215
885000,B_w5_K10000_c2.0_lr0.01_bfull_s3,0.175055
885000,B_w5_K10000_c2.0_lr0.01_bfull_s4,0.13834
886000,B_w5_K10000_c0.0_lr0.01_bfull_s0,0.030292
886000,B_w5_K10000_c0.0_lr0.01_bfull_s1,0.105546
886000,B_w5_K10000_c0.0_lr0.01_bfull_s2,0.0656676
886000,B_w5_K10000_c0.0_lr0.01_bfull_s3,0.0505279
886000,B_w5_K10000_c0.0_lr0.01_bfull_s4,0.0549407
886000,B_w5_K10000_c2.0_lr0.01_bfull_s0,0.118743
886000,B_w5_K10000_c2.0_lr0.01_bfull_s1,0.0783371
886000,B_w5_K10000_c2.0_lr0.01_bfull_s2,0.0402506
886000,B_w5_K10000_c2.0_lr0.01_bfull_s3,0.147263
886000,B_w5_K10000_c2.0_lr0.01_bfull_s4,0.115321
887000,B_w5_K10000_c0.0_lr0.01_bfull_s0,0.0178182
887000,B_w5_K10000_c0.0_lr0.01_bfull_s1,0.0914535
887000,B_w5_K10000_c0.0_lr0.01_bfull_s2,0.0644774
887000,B_w5_K10000_c0.0_lr0.01_bfull_s3,0.0393886
887000,B_w5_K10000_c0.0_lr0.01_bfull_s4,0.0504115
887000,B_w5_K10000_c2.0_lr0.01_bfull_s0,0.118069
887000,B_w5_K10000_c2.0_lr0.01_bfull_s1,0.0460304
887000,B_w5_K10000_c2.0_lr0.01_bfull_s2,0.0303825
887000,B_w5_K10000_c2.0_lr0.01_bfull_s3,0.127141
887000,B_w5_K10000_c2.0_lr0.01_bfull_s4,0.0767624
888000,B_w5_K10000_c0.0_lr0.01_bfull_s0,0.0118801
888000,B_w5_K10000_c0.0_lr0.01_bfull_s1,0.0867358
888000,B_w5_K10000_c0.0_lr0.01_bfull_s2,0.0639814
888000,B_w5_K10000_c0.0_lr0.01_bfull_s3,0.03444
888000,B_w5_K10000_c0.0_lr0.01_bfull_s4,0.0487038
888000,B_w5_K10000_c2.0_lr0.01_bfull_s0,0.117035
888000,B_w5_K10000_c2.0_lr0.01_bfull_s1,0.0179445
888000,B_w5_K10000_c2.0_lr0.01_bfull_s2,0.0231688
888000,B_w5_K10000_c2.0_lr0.01_bfull_s3,0.122795
888000,B_w5_K10000_c2.0_lr0.01_bfull_s4,0.0595596
889000,B_w5_K10000_c0.0_lr0.01_bfull_s0,0.00994215
889000,B_w5_K10000_c0.0_lr0.01_bfull_s1,0.0812991
889000,B_w5_K10000_c0.0_lr0.01_bfull_s2,0.0634246
889000,B_w5_K10000_c0.0_lr0.01_bfull_s3,0.0322227
889000,B_w5_K10000_c0.0_lr0.01_bfull_s4,0.047881
889000,B_w5_K10000_c2.0_lr0.01_bfull_s0,0.116204
889000,B_w5_K10000_c2.0_lr0.01_bfull_s1,0.00542024
889000,B_w5_K10000_c2.0_lr0.01_bfull_s2,0.0179374
889000,B_w5_K10000_c2.0_lr0.01_bfull_s3,0.121053
889000,B_w5_K10000_c2.0_lr0.01_bfull_s4,0.0550446
890000,B_w5_K10000_c0.0_lr0.01_bfull_s0,0.0092601
890000,B_w5_K10000_c0.0_lr0.01_bfull_s1,0.0746313
890000,B_w5_K10000_c0.0_lr0.01_bfull_s2,0.0621801
890000,B_w5_K10000_c0.0_lr0.01_bfull_s3,0.0309247
890000,B_w5_K10000_c0.0_lr0.01_bfull_s4,0.0478434
890000,B_w5_K10000_c2.0_lr0.01_bfull_s0,0.114855
890000,B_w5_K10000_c2.0_lr0.01_bfull_s1,0.00165938
890000,B_w5_K10000_c2.0_lr0.01_bfull_s2,0.0150594
890000,B_w5_K10000_c2.0_lr0.01_bfull_s3,0.118177
890000,B_w5_K10000_c2.0_lr0.01_bfull_s4,0.0523025
891000,B_w5_K10000_c0.0_lr0.01_bfull_s0,0.337644
891000,B_w5_K10000_c0.0_lr0.01_bfull_s1,0.204482
891000,B_w5_K10000_c0.0_lr0.01_bfull_s2,0.242508
891000,B_w5_K10000_c0.0_lr0.01_bfull_s3,0.163201
891000,B_w5_K10000_c0.0_lr0.01_bfull_s4,0.220186
891000,B_w5_K10000_c2.0_lr0.01_bfull_s0,0.283675
891000,B_w5_K10000_c2.0_lr0.01_bfull_s1,0.232189
891000,B_w5_K10000_c2.0_lr0.01_bfull_s2,0.168216
891000,B_w5_K10000_c2.0_lr0.01_bfull_s3,0.141985
891000,B_w5_K10000_c2.0_lr0.01_bfull_s4,0.463823
892000,B_w5_K10000_c0.0_lr0.01_bfull_s0,0.068177
892000,B_w5_K10000_c0.0_lr0.01_bfull_s1,0.143206
892000,B_w5_K10000_c0.0_lr0.01_bfull_s2,0.134462
892000,B_w5_K10000_c0.0_lr0.01_bfull_s3,0.0963567
892000,B_w5_K10000_c0.0_lr0.01_bfull_s4,0.133859
892000,B_w5_K10000_c2.0_lr0.01_bfull_s0,0.242105
892000,B_w5_K10000_c2.0_lr0.01_bfull_s1,0.10353
892000,B_w5_K10000_c2.0_lr0.01_bfull_s2,0.135709
892000,B_w5_K10000_c2.0_lr0.01_bfull_s3,0.122348
892000,B_w5_K10000_c2.0_lr0.01_bfull_s4,0.236129
893000,B_w5_K10000_c0.0_lr0.01_bfull_s0,0.0220362
893000,B_w5_K10000_c0.0_lr0.01_bfull_s1,0.102739
893000,B_w5_K10000_c0.0_lr0.01_bfull_s2,0.123364
893000,B_w5_K10000_c0.0_lr0.01_bfull_s3,0.0637328
893000,B_w5_K10000_c0.0_lr0.01_bfull_s4,0.0837711
893000,B_w5_K10000_c2.0_lr0.01_bfull_s0,0.207236
893000,B_w5_K10000_c2.0_lr0.01_bfull_s1,0.0734633
893000,B_w5_K10000_c2.0_lr0.01_bfull_s2,0.132532
893000,B_w5_K10000_c2.0_lr0.01_bfull_s3,0.121516
893000,B_w5_K10000_c2.0_lr0.01_bfull_s4,0.142968
894000,B_w5_K10000_c0.0_lr0.01_bfull_s0,0.00923875
894000,B_w5_K10000_c0.0_lr0.01_bfull_s1,0.0791147
894000,B_w5_K10000_c0.0_lr0.01_bfull_s2,0.116943
894000,B_w5_K10000_c0.0_lr0.01_bfull_s3,0.0455913
894000,B_w5_K10000_c0.0_lr0.01_bfull_s4,0.0793256
894000,B_w5_K10000_c2.0_lr0.01_bfull_s0,0.168713
894000,B_w5_K10000_c2.0_lr0.01_bfull_s1,0.0604424
894000,B_w5_K10000_c2.0_lr0.01_bfull_s2,0.125333
894000,B_w5_K10000_c2.0_lr0.01_bfull_s3,0.119049
894000,B_w5_K10000_c2.0_lr0.01_bfull_s4,0.0950835
895000,B_w5_K10000_c0.0_lr0.01_bfull_s0,0.00648508
895000,B_w5_K10000_c0.0_lr0.01_bfull_s1,0.0652823
895000,B_w5_K10000_c0.0_lr0.01_bfull_s2,0.10367
895000,B_w5_K10000_c0.0_lr0.01_bfull_s3,0.0432454
895000,B_w5_K10000_c0.0_lr0.01_bfull_s4,0.0775596
895000,B_w5_K10000_c2.0_lr0.01_bfull_s0,0.151478
895000,B_w5_K10000_c2.0_lr0.01_bfull_s1,0.0477455
895000,B_w5_K10000_c2.0_lr0.01_bfull_s2,0.111947
895000,B_w5_K10000_c2.0_lr0.01_bfull_s3,0.116025
895000,B_w5_K10000_c2.0_lr0.01_bfull_s4,0.0375101
896000,B_w5_K10000_c0.0_lr0.01_bfull_s0,0.0057339
896000,B_w5_K10000_c0.0_lr0.01_bfull_s1,0.0567964
896000,B_w5_K10000_c0.0_lr0.01_bfull_s2,0.0770606
896000,B_w5_K10000_c0.0_lr0.01_bfull_s3,0.0431726
896000,B_w5_K10000_c0.0_lr0.01_bfull_s4,0.0753257
896000,B_w5_K10000_c2.0_lr0.01_bfull_s0,0.143949
896000,B_w5_K10000_c2.0_lr0.01_bfull_s1,0.0355381
896000,B_w5_K10000_c2.0_lr0.01_bfull_s2,0.0914491
896000,B_w5_K10000_c2.0_lr0.01_bfull_s3,0.108715
896000,B_w5_K10000_c2.0_lr0.01_bfull_s4,0.0174611
897000,B_w5_K10000_c0.0_lr0.01_bfull_s0,0.00547942
897000,B_w5_K10000_c0.0_lr0.01_bfull_s1,0.0504222
897000,B_w5_K10000_c0.0_lr0.01_bfull_s2,0.0511355
897000,B_w5_K10000_c0.0_lr0.01_bfull_s3,0.0430807
897000,B_w5_K10000_c0.0_lr0.01_bfull_s4,0.0710093
897000,B_w5_K10000_c2.0_lr0.01_bfull_s0,0.140146
897000,B_w5_K10000_c2.0_lr0.01_bfull_s1,0.0289479
897000,B_w5_K10000_c2.0_lr0.01_bfull_s2,0.0633458
897000,B_w5_K10000_c2.0_lr0.01_bfull_s3,0.0919584
897000,B_w5_K10000_c2.0_lr0.01_bfull_s4,0.0152735
898000,B_w5_K10000_c0.0_lr0.01_bfull_s0,0.00536886
898000,B_w5_K10000_c0.0_lr0.01_bfull_s1,0.0436734
898000,B_w5_K10000_c0.0_lr0.01_bfull_s2,0.0425654
898000,B_w5_K10000_c0.0_lr0.01_bfull_s3,0.0429802
898000,B_w5_K10000_c0.0_lr0.01_bfull_s4,0.0645055
898000,B_w5_K10000_c2.0_lr0.01_bfull_s0,0.137288
898000,B_w5_K10000_c2.0_lr0.01_bfull_s1,0.0265603
898000,B_w5_K10000_c2.0_lr0.01_bfull_s2,0.0269421
898000,B_w5_K10000_c2.0_lr0.01_bfull_s3,0.0695669
898000,B_w5_K10000_c2.0_lr0.01_bfull_s4,0.0147898
899000,B_w5_K10000_c0.0_lr0.01_bfull_s0,0.0053518
899000,B_w5_K10000_c0.0_lr0.01_bfull_s1,0.035475
899000,B_w5_K10000_c0.0_lr0.01_bfull_s2,0.039825
899000,B_w5_K10000_c0.0_lr0.01_bfull_s3,0.0430025
899000,B_w5_K10000_c0.0_lr0.01_bfull_s4,0.05865
899000,B_w5_K10000_c2.0_lr0.01_bfull_s0,0.134677
899000,B_w5_K10000_c2.0_lr0.01_bfull_s1,0.0256524
899000,B_w5_K10000_c2.0_lr0.01_bfull_s2,0.0146337
899000,B_w5_K10000_c2.0_lr0.01_bfull_s3,0.0522329
899000,B_w5_K10000_c2.0_lr0.01_bfull_s4,0.0144216
900000,B_w5_K10000_c0.0_lr0.01_bfull_s0,0.00531314
900000,B_w5_K10000_c0.0_lr0.01_bfull_s1,0.0281331
900000,B_w5_K10000_c0.0_lr0.01_bfull_s2,0.0383027
900000,B_w5_K10000_c0.0_lr0.01_bfull_s3,0.0429798
900000,B_w5_K10000_c0.0_lr0.01_bfull_s4,0.0553913
900000,B_w5_K10000_c2.0_lr0.01_bfull_s0,0.130312
900000,B_w5_K10000_c2.0_lr0.01_bfull_s1,0.0248435
900000,B_w5_K10000_c2.0_lr0.01_bfull_s2,0.0134496
900000,B_w5_K10000_c2.0_lr0.01_bfull_s3,0.0405285
900000,B_w5_K10000_c2.0_lr0.01_bfull_s4,0.0142165
901000,B_w5_K10000_c0.0_lr0.01_bfull_s0,0.206774
901000,B_w5_K10000_c0.0_lr0.01_bfull_s1,0.118068
901000,B_w5_K10000_c0.0_lr0.01_bfull_s2,0.146314
901000,B_w5_K10000_c0.0_lr0.01_bfull_s3,0.167296
901000,B_w5_K10000_c0.0_lr0.01_bfull_s4,0.0916526
901000,B_w5_K10000_c2.0_lr0.01_bfull_s0,0.189521
901000,B_w5_K10000_c2.0_lr0.01_bfull_s1,0.327049
901000,B_w5_K10000_c2.0_lr0.01_bfull_s2,0.120946
901000,B_w5_K10000_c2.0_lr0.01_bfull_s3,0.282503
901000,B_w5_K10000_c2.0_lr0.01_bfull_s4,0.279874
902000,B_w5_K10000_c0.0_lr0.01_bfull_s0,0.0719372
902000,B_w5_K10000_c0.0_lr0.01_bfull_s1,0.0733026
902000,B_w5_K10000_c0.0_lr0.01_bfull_s2,0.0889949
902000,B_w5_K10000_c0.0_lr0.01_bfull_s3,0.147461
902000,B_w5_K10000_c0.0_lr0.01_bfull_s4,0.0587633
902000,B_w5_K10000_c2.0_lr0.01_bfull_s0,0.160679
902000,B_w5_K10000_c2.0_lr0.01_bfull_s1,0.1814
902000,B_w5_K10000_c2.0_lr0.01_bfull_s2,0.0925925
902000,B_w5_K10000_c2.0_lr0.01_bfull_s3,0.260906
902000,B_w5_K10000_c2.0_lr0.01_bfull_s4,0.126397
903000,B_w5_K10000_c0.0_lr0.01_bfull_s0,0.0443826
903000,B_w5_K10000_c0.0_lr0.01_bfull_s1,0.0724434
903000,B_w5_K10000_c0.0_lr0.01_bfull_s2,0.0886577
903000,B_w5_K10000_c0.0_lr0.01_bfull_s3,0.13907
903000,B_w5_K10000_c0.0_lr0.01_bfull_s4,0.0583041
903000,B_w5_K10000_c2.0_lr0.01_bfull_s0,0.157128
903000,B_w5_K10000_c2.0_lr0.01_bfull_s1,0.172538
903000,B_w5_K10000_c2.0_lr0.01_bfull_s2,0.087742
903000,B_w5_K10000_c2.0_lr0.01_bfull_s3,0.2567
903000,B_w5_K10000_c2.0_lr0.01_bfull_s4,0.0952016
904000,B_w5_K10000_c0.0_lr0.01_bfull_s0,0.0327899
904000,B_w5_K10000_c0.0_lr0.01_bfull_s1,0.0717271
904000,B_w5_K10000_c0.0_lr0.01_bfull_s2,0.0887476
904000,B_w5_K10000_c0.0_lr0.01_bfull_s3,0.127433
904000,B_w5_K10000_c0.0_lr0.01_bfull_s4,0.0575596
904000,B_w5_K10000_c2.0_lr0.01_bfull_s0,0.150347
904000,B_w5_K10000_c2.0_lr0.01_bfull_s1,0.143748
904000,B_w5_K10000_c2.0_lr0.01_bfull_s2,0.0796237
904000,B_w5_K10000_c2.0_lr0.01_bfull_s3,0.249928
904000,B_w5_K10000_c2.0_lr0.01_bfull_s4,0.0794076
905000,B_w5_K10000_c0.0_lr0.01_bfull_s0,0.0215931
905000,B_w5_K10000_c0.0_lr0.01_bfull_s1,0.0708763
905000,B_w5_K10000_c0.0_lr0.01_bfull_s2,0.088648
905000,B_w5_K10000_c0.0_lr0.01_bfull_s3,0.119063
905000,B_w5_K10000_c0.0_lr0.01_bfull_s4,0.0570919
905000,B_w5_K10000_c2.0_lr0.01_bfull_s0,0.128754
905000,B_w5_K10000_c2.0_lr0.01_bfull_s1,0.102319
905000,B_w5_K10000_c2.0_lr0.01_bfull_s2,0.0680805
905000,B_w5_K10000_c2.0_lr0.01_bfull_s3,0.222377
905000,B_w5_K10000_c2.0_lr0.01_bfull_s4,0.0717205
906000,B_w5_K10000_c0.0_lr0.01_bfull_s0,0.0133635
906000,B_w5_K10000_c0.0_lr0.01_bfull_s1,0.0695288
906000,B_w5_K10000_c0.0_lr0.01_bfull_s2,0.0887642
906000,B_w5_K10000_c0.0_lr0.01_bfull_s3,0.114547
906000,B_w5_K10000_c0.0_lr0.01_bfull_s4,0.0560494
906000,B_w5_K10000_c2.0_lr0.01_bfull_s0,0.0960934
906000,B_w5_K10000_c2.0_lr0.01_bfull_s1,0.0815613
906000,B_w5_K10000_c2.0_lr0.01_bfull_s2,0.0606336
906000,B_w5_K10000_c2.0_lr0.01_bfull_s3,0.170985
906000,B_w5_K10000_c2.0_lr0.01_bfull_s4,0.061993
907000,B_w5_K10000_c0.0_lr0.01_bfull_s0,0.00950587
907000,B_w5_K10000_c0.0_lr0.01_bfull_s1,0.0678489
907000,B_w5_K10000_c0.0_lr0.01_bfull_s2,0.0886725
907000,B_w5_K10000_c0.0_lr0.01_bfull_s3,0.111022
907000,B_w5_K10000_c0.0_lr0.01_bfull_s4,0.0548872
907000,B_w5_K10000_c2.0_lr0.01_bfull_s0,0.0822497
907000,B_w5_K10000_c2.0_lr0.01_bfull_s1,0.0734403
907000,B_w5_K10000_c2.0_lr0.01_bfull_s2,0.0581459
907000,B_w5_K10000_c2.0_lr0.01_bfull_s3,0.141656
907000,B_w5_K10000_c2.0_lr0.01_bfull_s4,0.0477459
908000,B_w5_K10000_c0.0_lr0.01_bfull_s0,0.00818434
908000,B_w5_K10000_c0.0_lr0.01_bfull_s1,0.0658452
908000,B_w5_K10000_c0.0_lr0.01_bfull_s2,0.0887688
908000,B_w5_K10000_c0.0_lr0.01_bfull_s3,0.103962
908000,B_w5_K10000_c0.0_lr0.01_bfull_s4,0.0532374
908000,B_w5_K10000_c2.0_lr0.01_bfull_s0,0.0773827
908000,B_w5_K10000_c2.0_lr0.01_bfull_s1,0.0699121
908000,B_w5_K10000_c2.0_lr0.01_bfull_s2,0.0564375
908000,B_w5_K10000_c2.0_lr0.01_bfull_s3,0.131899
908000,B_w5_K10000_c2.0_lr0.01_bfull_s4,0.034672
909000,B_w5_K10000_c0.0_lr0.01_bfull_s0,0.00773589
909000,B_w5_K10000_c0.0_lr0.01_bfull_s1,0.0634036
909000,B_w5_K10000_c0.0_lr0.01_bfull_s2,0.0884759
909000,B_w5_K10000_c0.0_lr0.01_bfull_s3,0.0900479
909000,B_w5_K10000_c0.0_lr0.01_bfull_s4,0.0509847
909000,B_w5_K10000_c2.0_lr0.01_bfull_s0,0.0740894
909000,B_w5_K10000_c2.0_lr0.01_bfull_s1,0.0682518
909000,B_w5_K10000_c2.0_lr0.01_bfull_s2,0.0541117
909000,B_w5_K10000_c2.0_lr0.01_bfull_s3,0.124439
909000,B_w5_K10000_c2.0_lr0.01_bfull_s4,0.0283766
910000,B_w5_K10000_c0.0_lr0.01_bfull_s0,0.00751316
910000,B_w5_K10000_c0.0_lr0.01_bfull_s1,0.0599162
910000,B_w5_K10000_c0.0_lr0.01_bfull_s2,0.0883849
910000,B_w5_K10000_c0.0_lr0.01_bfull_s3,0.0664911
910000,B_w5_K10000_c0.0_lr0.01_bfull_s4,0.0481437
910000,B_w5_K10000_c2.0_lr0.01_bfull_s0,0.0704415
910000,B_w5_K10000_c2.0_lr0.01_bfull_s1,0.0673313
910000,B_w5_K10000_c2.0_lr0.01_bfull_s2,0.0499849
910000,B_w5_K10000_c2.0_lr0.01_bfull_s3,0.10342
910000,B_w5_K10000_c2.0_lr0.01_bfull_s4,0.0255606
911000,B_w5_K10000_c0.0_lr0.01_bfull_s0,0.346833
911000,B_w5_K10000_c0.0_lr0.01_bfull_s1,0.15637
911000,B_w5_K10000_c0.0_lr0.01_bfull_s2,0.181476
911000,B_w5_K10000_c0.0_lr0.01_bfull_s3,0.205846
911000,B_w5_K10000_c0.0_lr0.01_bfull_s4,0.250805
911000,B_w5_K10000_c2.0_lr0.01_bfull_s0,0.0830269
911000,B_w5_K10000_c2.0_lr0.01_bfull_s1,0.216264
911000,B_w5_K10000_c2.0_lr0.01_bfull_s2,0.315931
911000,B_w5_K10000_c2.0_lr0.01_bfull_s3,0.14306
911000,B_w5_K10000_c2.0_lr0.01_bfull_s4,0.292019
912000,B_w5_K10000_c0.0_lr0.01_bfull_s0,0.113327
912000,B_w5_K10000_c0.0_lr0.01_bfull_s1,0.142597
912000,B_w5_K10000_c0.0_lr0.01_bfull_s2,0.174551
912000,B_w5_K10000_c0.0_lr0.01_bfull_s3,0.179425
912000,B_w5_K10000_c0.0_lr0.01_bfull_s4,0.237426
912000,B_w5_K10000_c2.0_lr0.01_bfull_s0,0.0585467
912000,B_w5_K10000_c2.0_lr0.01_bfull_s1,0.108596
912000,B_w5_K10000_c2.0_lr0.01_bfull_s2,0.290031
912000,B_w5_K10000_c2.0_lr0.01_bfull_s3,0.110108
912000,B_w5_K10000_c2.0_lr0.01_bfull_s4,0.0741886
913000,B_w5_K10000_c0.0_lr0.01_bfull_s0,0.0356221
913000,B_w5_K10000_c0.0_lr0.01_bfull_s1,0.12455
913000,B_w5_K10000_c0.0_lr0.01_bfull_s2,0.173766
913000,B_w5_K10000_c0.0_lr0.01_bfull_s3,0.178681
913000,B_w5_K10000_c0.0_lr0.01_bfull_s4,0.236497
913000,B_w5_K10000_c2.0_lr0.01_bfull_s0,0.0453442
913000,B_w5_K10000_c2.0_lr0.01_bfull_s1,0.0834387
913000,B_w5_K10000_c2.0_lr0.01_bfull_s2,0.286644
913000,B_w5_K10000_c2.0_lr0.01_bfull_s3,0.102174
913000,B_w5_K10000_c2.0_lr0.01_bfull_s4,0.0702789
914000,B_w5_K10000_c0.0_lr0.01_bfull_s0,0.0126706
914000,B_w5_K10000_c0.0_lr0.01_bfull_s1,0.0680943
914000,B_w5_K10000_c0.0_lr0.01_bfull_s2,0.173617
914000,B_w5_K10000_c0.0_lr0.01_bfull_s3,0.178337
914000,B_w5_K10000_c0.0_lr0.01_bfull_s4,0.235079
914000,B_w5_K10000_c2.0_lr0.01_bfull_s0,0.0209637
914000,B_w5_K10000_c2.0_lr0.01_bfull_s1,0.0667217
914000,B_w5_K10000_c2.0_lr0.01_bfull_s2,0.278733
914000,B_w5_K10000_c2.0_lr0.01_bfull_s3,0.0847219
914000,B_w5_K10000_c2.0_lr0.01_bfull_s4,0.0698202
915000,B_w5_K10000_c0.0_lr0.01_bfull_s0,0.00947988
915000,B_w5_K10000_c0.0_lr0.01_bfull_s1,0.0174994
915000,B_w5_K10000_c0.0_lr0.01_bfull_s2,0.171539
915000,B_w5_K10000_c0.0_lr0.01_bfull_s3,0.176482
915000,B_w5_K10000_c0.0_lr0.01_bfull_s4,0.229139
915000,B_w5_K10000_c2.0_lr0.01_bfull_s0,0.00793751
915000,B_w5_K10000_c2.0_lr0.01_bfull_s1,0.05817
915000,B_w5_K10000_c2.0_lr0.01_bfull_s2,0.263098
915000,B_w5_K10000_c2.0_lr0.01_bfull_s3,0.0665764
915000,B_w5_K10000_c2.0_lr0.01_bfull_s4,0.0694855
916000,B_w5_K10000_c0.0_lr0.01_bfull_s0,0.00870186
916000,B_w5_K10000_c0.0_lr0.01_bfull_s1,0.0110733
916000,B_w5_K10000_c0.0_lr0.01_bfull_s2,0.167861
916000,B_w5_K10000_c0.0_lr0.01_bfull_s3,0.165753
916000,B_w5_K10000_c0.0_lr0.01_bfull_s4,0.199596
916000,B_w5_K10000_c2.0_lr0.01_bfull_s0,0.00599423
916000,B_w5_K10000_c2.0_lr0.01_bfull_s1,0.053347
916000,B_w5_K10000_c2.0_lr0.01_bfull_s2,0.206028
916000,B_w5_K10000_c2.0_lr0.01_bfull_s3,0.0592242
916000,B_w5_K10000_c2.0_lr0.01_bfull_s4,0.0693117
917000,B_w5_K10000_c0.0_lr0.01_bfull_s0,0.00840934
917000,B_w5_K10000_c0.0_lr0.01_bfull_s1,0.0106388
917000,B_w5_K10000_c0.0_lr0.01_bfull_s2,0.150719
917000,B_w5_K10000_c0.0_lr0.01_bfull_s3,0.119724
917000,B_w5_K10000_c0.0_lr0.01_bfull_s4,0.119257
917000,B_w5_K10000_c2.0_lr0.01_bfull_s0,0.00580503
917000,B_w5_K10000_c2.0_lr0.01_bfull_s1,0.0484187
917000,B_w5_K10000_c2.0_lr0.01_bfull_s2,0.117361
917000,B_w5_K10000_c2.0_lr0.01_bfull_s3,0.0567398
917000,B_w5_K10000_c2.0_lr0.01_bfull_s4,0.0690515
918000,B_w5_K10000_c0.0_lr0.01_bfull_s0,0.00827405
918000,B_w5_K10000_c0.0_lr0.01_bfull_s1,0.0105252
918000,B_w5_K10000_c0.0_lr0.01_bfull_s2,0.10431
918000,B_w5_K10000_c0.0_lr0.01_bfull_s3,0.0883945
918000,B_w5_K10000_c0.0_lr0.01_bfull_s4,0.0881673
918000,B_w5_K10000_c2.0_lr0.01_bfull_s0,0.00578022
918000,B_w5_K10000_c2.0_lr0.01_bfull_s1,0.0386833
918000,B_w5_K10000_c2.0_lr0.01_bfull_s2,0.0829399
918000,B_w5_K10000_c2.0_lr0.01_bfull_s3,0.055191
918000,B_w5_K10000_c2.0_lr0.01_bfull_s4,0.0679159
919000,B_w5_K10000_c0.0_lr0.01_bfull_s0,0.00822022
919000,B_w5_K10000_c0.0_lr0.01_bfull_s1,0.010525
919000,B_w5_K10000_c0.0_lr0.01_bfull_s2,0.0730353
919000,B_w5_K10000_c0.0_lr0.01_bfull_s3,0.0870166
919000,B_w5_K10000_c0.0_lr0.01_bfull_s4,0.0781252
919000,B_w5_K10000_c2.0_lr0.01_bfull_s0,0.00571606
919000,B_w5_K10000_c2.0_lr0.01_bfull_s1,0.0213176
919000,B_w5_K10000_c2.0_lr0.01_bfull_s2,0.0732068
919000,B_w5_K10000_c2.0_lr0.01_bfull_s3,0.0540634
919000,B_w5_K10000_c2.0_lr0.01_bfull_s4,0.0657898
920000,B_w5_K10000_c0.0_lr0.01_bfull_s0,0.00818978
920000,B_w5_K10000_c0.0_lr0.01_bfull_s1,0.0104966
920000,B_w5_K10000_c0.0_lr0.01_bfull_s2,0.0567054
920000,B_w5_K10000_c0.0_lr0.01_bfull_s3,0.0869612
920000,B_w5_K10000_c0.0_lr0.01_bfull_s4,0.0661396
920000,B_w5_K10000_c2.0_lr0.01_bfull_s0,0.00572488
920000,B_w5_K10000_c2.0_lr0.01_bfull_s1,0.0089698
920000,B_w5_K10000_c2.0_lr0.01_bfull_s2,0.0715184
920000,B_w5_K10000_c2.0_lr0.01_bfull_s3,0.0530261
920000,B_w5_K10000_c2.0_lr0.01_bfull_s4,0.0612427
921000,B_w5_K10000_c0.0_lr0.01_bfull_s0,0.259109
921000,B_w5_K10000_c0.0_lr0.01_bfull_s1,0.186054
921000,B_w5_K10000_c0.0_lr0.01_bfull_s2,0.109313
921000,B_w5_K10000_c0.0_lr0.01_bfull_s3,0.316457
921000,B_w5_K10000_c0.0_lr0.01_bfull_s4,0.303846
921000,B_w5_K10000_c2.0_lr0.01_bfull_s0,0.114756
921000,B_w5_K10000_c2.0_lr0.01_bfull_s1,0.190009
921000,B_w5_K10000_c2.0_lr0.01_bfull_s2,0.157478
921000,B_w5_K10000_c2.0_lr0.01_bfull_s3,0.076504
921000,B_w5_K10000_c2.0_lr0.01_bfull_s4,0.224689
922000,B_w5_K10000_c0.0_lr0.01_bfull_s0,0.0555098
922000,B_w5_K10000_c0.0_lr0.01_bfull_s1,0.150625
922000,B_w5_K10000_c0.0_lr0.01_bfull_s2,0.0796817
922000,B_w5_K10000_c0.0_lr0.01_bfull_s3,0.251152
922000,B_w5_K10000_c0.0_lr0.01_bfull_s4,0.258203
922000,B_w5_K10000_c2.0_lr0.01_bfull_s0,0.0969511
922000,B_w5_K10000_c2.0_lr0.01_bfull_s1,0.0362388
922000,B_w5_K10000_c2.0_lr0.01_bfull_s2,0.11717
922000,B_w5_K10000_c2.0_lr0.01_bfull_s3,0.0526324
922000,B_w5_K10000_c2.0_lr0.01_bfull_s4,0.0715824
923000,B_w5_K10000_c0.0_lr0.01_bfull_s0,0.0221937
923000,B_w5_K10000_c0.0_lr0.01_bfull_s1,0.146687
923000,B_w5_K10000_c0.0_lr0.01_bfull_s2,0.0780581
923000,B_w5_K10000_c0.0_lr0.01_bfull_s3,0.170831
923000,B_w5_K10000_c0.0_lr0.01_bfull_s4,0.226812
923000,B_w5_K10000_c2.0_lr0.01_bfull_s0,0.0789153
923000,B_w5_K10000_c2.0_lr0.01_bfull_s1,0.0186899
923000,B_w5_K10000_c2.0_lr0.01_bfull_s2,0.115314
923000,B_w5_K10000_c2.0_lr0.01_bfull_s3,0.0521877
923000,B_w5_K10000_c2.0_lr0.01_bfull_s4,0.0580652
924000,B_w5_K10000_c0.0_lr0.01_bfull_s0,0.0149036
924000,B_w5_K10000_c0.0_lr0.01_bfull_s1,0.141559
924000,B_w5_K10000_c0.0_lr0.01_bfull_s2,0.0760801
924000,B_w5_K10000_c0.0_lr0.01_bfull_s3,0.122089
924000,B_w5_K10000_c0.0_lr0.01_bfull_s4,0.210112
924000,B_w5_K10000_c2.0_lr0.01_bfull_s0,0.0486511
924000,B_w5_K10000_c2.0_lr0.01_bfull_s1,0.0140664
924000,B_w5_K10000_c2.0_lr0.01_bfull_s2,0.115276
924000,B_w5_K10000_c2.0_lr0.01_bfull_s3,0.0516098
924000,B_w5_K10000_c2.0_lr0.01_bfull_s4,0.0477625
925000,B_w5_K10000_c0.0_lr0.01_bfull_s0,0.0111042
925000,B_w5_K10000_c0.0_lr0.01_bfull_s1,0.131349
925000,B_w5_K10000_c0.0_lr0.01_bfull_s2,0.0727554
925000,B_w5_K10000_c0.0_lr0.01_bfull_s3,0.109873
925000,B_w5_K10000_c0.0_lr0.01_bfull_s4,0.198728
925000,B_w5_K10000_c2.0_lr0.01_bfull_s0,0.0307871
925000,B_w5_K10000_c2.0_lr0.01_bfull_s1,0.0121944
925000,B_w5_K10000_c2.0_lr0.01_bfull_s2,0.115112
925000,B_w5_K10000_c2.0_lr0.01_bfull_s3,0.0507696
925000,B_w5_K10000_c2.0_lr0.01_bfull_s4,0.0360007
926000,B_w5_K10000_c0.0_lr0.01_bfull_s0,0.00930444
926000,B_w5_K10000_c0.0_lr0.01_bfull_s1,0.113816
926000,B_w5_K10000_c0.0_lr0.01_bfull_s2,0.0683287
926000,B_w5_K10000_c0.0_lr0.01_bfull_s3,0.105737
926000,B_w5_K10000_c0.0_lr0.01_bfull_s4,0.177234
926000,B_w5_K10000_c2.0_lr0.01_bfull_s0,0.0270446
926000,B_w5_K10000_c2.0_lr0.01_bfull_s1,0.0112863
926000,B_w5_K10000_c2.0_lr0.01_bfull_s2,0.113284
926000,B_w5_K10000_c2.0_lr0.01_bfull_s3,0.0494268
926000,B_w5_K10000_c2.0_lr0.01_bfull_s4,0.0273115
927000,B_w5_K10000_c0.0_lr0.01_bfull_s0,0.00861839
927000,B_w5_K10000_c0.0_lr0.01_bfull_s1,0.0868612
927000,B_w5_K10000_c0.0_lr0.01_bfull_s2,0.0638431
927000,B_w5_K10000_c0.0_lr0.01_bfull_s3,0.101949
927000,B_w5_K10000_c0.0_lr0.01_bfull_s4,0.158028
927000,B_w5_K10000_c2.0_lr0.01_bfull_s0,0.0261123
927000,B_w5_K10000_c2.0_lr0.01_bfull_s1,0.0108394
927000,B_w5_K10000_c2.0_lr0.01_bfull_s2,0.109518
927000,B_w5_K10000_c2.0_lr0.01_bfull_s3,0.0476965
927000,B_w5_K10000_c2.0_lr0.01_bfull_s4,0.0234948
928000,B_w5_K10000_c0.0_lr0.01_bfull_s0,0.00836605
928000,B_w5_K10000_c0.0_lr0.01_bfull_s1,0.0648496
928000,B_w5_K10000_c0.0_lr0.01_bfull_s2,0.060228
928000,B_w5_K10000_c0.0_lr0.01_bfull_s3,0.0991526
928000,B_w5_K10000_c0.0_lr0.01_bfull_s4,0.152331
928000,B_w5_K10000_c2.0_lr0.01_bfull_s0,0.0252898
928000,B_w5_K10000_c2.0_lr0.01_bfull_s1,0.0106437
928000,B_w5_K10000_c2.0_lr0.01_bfull_s2,0.0887967
928000,B_w5_K10000_c2.0_lr0.01_bfull_s3,0.0454299
928000,B_w5_K10000_c2.0_lr0.01_bfull_s4,0.022306
929000,B_w5_K10000_c0.0_lr0.01_bfull_s0,0.00829699
929000,B_w5_K10000_c0.0_lr0.01_bfull_s1,0.058953
929000,B_w5_K10000_c0.0_lr0.01_bfull_s2,0.0580421
929000,B_w5_K10000_c0.0_lr0.01_bfull_s3,0.0970775
929000,B_w5_K10000_c0.0_lr0.01_bfull_s4,0.15017
929000,B_w5_K10000_c2.0_lr0.01_bfull_s0,0.0244908
929000,B_w5_K10000_c2.0_lr0.01_bfull_s1,0.0104737
929000,B_w5_K10000_c2.0_lr0.01_bfull_s2,0.0469275
929000,B_w5_K10000_c2.0_lr0.01_bfull_s3,0.0428158
929000,B_w5_K10000_c2.0_lr0.01_bfull_s4,0.0218632
930000,B_w5_K10000_c0.0_lr0.01_bfull_s0,0.00827054
930000,B_w5_K10000_c0.0_lr0.01_bfull_s1,0.0581022
930000,B_w5_K10000_c0.0_lr0.01_bfull_s2,0.0570608
930000,B_w5_K10000_c0.0_lr0.01_bfull_s3,0.0957389
930000,B_w5_K10000_c0.0_lr0.01_bfull_s4,0.148261
930000,B_w5_K10000_c2.0_lr0.01_bfull_s0,0.0235746
930000,B_w5_K10000_c2.0_lr0.01_bfull_s1,0.0103909
930000,B_w5_K10000_c2.0_lr0.01_bfull_s2,0.036781
930000,B_w5_K10000_c2.0_lr0.01_bfull_s3,0.0402696
930000,B_w5_K10000_c2.0_lr0.01_bfull_s4,0.0217029
931000,B_w5_K10000_c0.0_lr0.01_bfull_s0,0.449904
931000,B_w5_K10000_c0.0_lr0.01_bfull_s1,0.288592
931000,B_w5_K10000_c0.0_lr0.01_bfull_s2,0.130313
931000,B_w5_K10000_c0.0_lr0.01_bfull_s3,0.142263
931000,B_w5_K10000_c0.0_lr0.01_bfull_s4,0.0789851
931000,B_w5_K10000_c2.0_lr0.01_bfull_s0,0.207219
931000,B_w5_K10000_c2.0_lr0.01_bfull_s1,0.163628
931000,B_w5_K10000_c2.0_lr0.01_bfull_s2,0.0796898
931000,B_w5_K10000_c2.0_lr0.01_bfull_s3,0.173055
931000,B_w5_K10000_c2.0_lr0.01_bfull_s4,0.316238
932000,B_w5_K10000_c0.0_lr0.01_bfull_s0,0.174203
932000,B_w5_K10000_c0.0_lr0.01_bfull_s1,0.261624
932000,B_w5_K10000_c0.0_lr0.01_bfull_s2,0.118888
932000,B_w5_K10000_c0.0_lr0.01_bfull_s3,0.107257
932000,B_w5_K10000_c0.0_lr0.01_bfull_s4,0.0523539
932000,B_w5_K10000_c2.0_lr0.01_bfull_s0,0.177362
932000,B_w5_K10000_c2.0_lr0.01_bfull_s1,0.0626037
932000,B_w5_K10000_c2.0_lr0.01_bfull_s2,0.0668687
932000,B_w5_K10000_c2.0_lr0.01_bfull_s3,0.118609
932000,B_w5_K10000_c2.0_lr0.01_bfull_s4,0.0580288
933000,B_w5_K10000_c0.0_lr0.01_bfull_s0,0.0661881
933000,B_w5_K10000_c0.0_lr0.01_bfull_s1,0.257112
933000,B_w5_K10000_c0.0_lr0.01_bfull_s2,0.118838
933000,B_w5_K10000_c0.0_lr0.01_bfull_s3,0.106526
933000,B_w5_K10000_c0.0_lr0.01_bfull_s4,0.0498626
933000,B_w5_K10000_c2.0_lr0.01_bfull_s0,0.173719
933000,B_w5_K10000_c2.0_lr0.01_bfull_s1,0.0520247
933000,B_w5_K10000_c2.0_lr0.01_bfull_s2,0.0663887
933000,B_w5_K10000_c2.0_lr0.01_bfull_s3,0.0456414
933000,B_w5_K10000_c2.0_lr0.01_bfull_s4,0.0414116
934000,B_w5_K10000_c0.0_lr0.01_bfull_s0,0.0396737
934000,B_w5_K10000_c0.0_lr0.01_bfull_s1,0.240103
934000,B_w5_K10000_c0.0_lr0.01_bfull_s2,0.11852
934000,B_w5_K10000_c0.0_lr0.01_bfull_s3,0.105431
934000,B_w5_K10000_c0.0_lr0.01_bfull_s4,0.0464211
934000,B_w5_K10000_c2.0_lr0.01_bfull_s0,0.162272
934000,B_w5_K10000_c2.0_lr0.01_bfull_s1,0.0400435
934000,B_w5_K10000_c2.0_lr0.01_bfull_s2,0.0650738
934000,B_w5_K10000_c2.0_lr0.01_bfull_s3,0.0357672
934000,B_w5_K10000_c2.0_lr0.01_bfull_s4,0.0336305
935000,B_w5_K10000_c0.0_lr0.01_bfull_s0,0.0305068
935000,B_w5_K10000_c0.0_lr0.01_bfull_s1,0.18437
935000,B_w5_K10000_c0.0_lr0.01_bfull_s2,0.117903
935000,B_w5_K10000_c0.0_lr0.01_bfull_s3,0.104086
935000,B_w5_K10000_c0.0_lr0.01_bfull_s4,0.041968
935000,B_w5_K10000_c2.0_lr0.01_bfull_s0,0.128351
935000,B_w5_K10000_c2.0_lr0.01_bfull_s1,0.0263311
935000,B_w5_K10000_c2.0_lr0.01_bfull_s2,0.064059
935000,B_w5_K10000_c2.0_lr0.01_bfull_s3,0.0353241
935000,B_w5_K10000_c2.0_lr0.01_bfull_s4,0.0304581
936000,B_w5_K10000_c0.0_lr0.01_bfull_s0,0.0240517
936000,B_w5_K10000_c0.0_lr0.01_bfull_s1,0.156338
936000,B_w5_K10000_c0.0_lr0.01_bfull_s2,0.117289
936000,B_w5_K10000_c0.0_lr0.01_bfull_s3,0.101597
936000,B_w5_K10000_c0.0_lr0.01_bfull_s4,0.0375793
936000,B_w5_K10000_c2.0_lr0.01_bfull_s0,0.100978
936000,B_w5_K10000_c2.0_lr0.01_bfull_s1,0.0168614
936000,B_w5_K10000_c2.0_lr0.01_bfull_s2,0.0620689
936000,B_w5_K10000_c2.0_lr0.01_bfull_s3,0.0354008
936000,B_w5_K10000_c2.0_lr0.01_bfull_s4,0.0292356
937000,B_w5_K10000_c0.0_lr0.01_bfull_s0,0.0196053
937000,B_w5_K10000_c0.0_lr0.01_bfull_s1,0.150218
937000,B_w5_K10000_c0.0_lr0.01_bfull_s2,0.11629
937000,B_w5_K10000_c0.0_lr0.01_bfull_s3,0.0982857
937000,B_w5_K10000_c0.0_lr0.01_bfull_s4,0.0344257
937000,B_w5_K10000_c2.0_lr0.01_bfull_s0,0.0970893
937000,B_w5_K10000_c2.0_lr0.01_bfull_s1,0.0131378
937000,B_w5_K10000_c2.0_lr0.01_bfull_s2,0.0590799
937000,B_w5_K10000_c2.0_lr0.01_bfull_s3,0.0354447
937000,B_w5_K10000_c2.0_lr0.01_bfull_s4,0.0286052
938000,B_w5_K10000_c0.0_lr0.01_bfull_s0,0.0164551
938000,B_w5_K10000_c0.0_lr0.01_bfull_s1,0.139539
938000,B_w5_K10000_c0.0_lr0.01_bfull_s2,0.115053
938000,B_w5_K10000_c0.0_lr0.01_bfull_s3,0.0936533
938000,B_w5_K10000_c0.0_lr0.01_bfull_s4,0.0321756
938000,B_w5_K10000_c2.0_lr0.01_bfull_s0,0.0966306
938000,B_w5_K10000_c2.0_lr0.01_bfull_s1,0.0121416
938000,B_w5_K10000_c2.0_lr0.01_bfull_s2,0.0563167
938000,B_w5_K10000_c2.0_lr0.01_bfull_s3,0.0353812
938000,B_w5_K10000_c2.0_lr0.01_bfull_s4,0.0278928
939000,B_w5_K10000_c0.0_lr0.01_bfull_s0,0.0142151
939000,B_w5_K10000_c0.0_lr0.01_bfull_s1,0.112984
939000,B_w5_K10000_c0.0_lr0.01_bfull_s2,0.111555
939000,B_w5_K10000_c0.0_lr0.01_bfull_s3,0.089193
939000,B_w5_K10000_c0.0_lr0.01_bfull_s4,0.0308321
939000,B_w5_K10000_c2.0_lr0.01_bfull_s0,0.0966656
939000,B_w5_K10000_c2.0_lr0.01_bfull_s1,0.011903
939000,B_w5_K10000_c2.0_lr0.01_bfull_s2,0.0539441
939000,B_w5_K10000_c2.0_lr0.01_bfull_s3,0.0353389
939000,B_w5_K10000_c2.0_lr0.01_bfull_s4,0.0276215
940000,B_w5_K10000_c0.0_lr0.01_bfull_s0,0.0126379
940000,B_w5_K10000_c0.0_lr0.01_bfull_s1,0.0857923
940000,B_w5_K10000_c0.0_lr0.01_bfull_s2,0.104191
940000,B_w5_K10000_c0.0_lr0.01_bfull_s3,0.0857195
940000,B_w5_K10000_c0.0_lr0.01_bfull_s4,0.0297317
940000,B_w5_K10000_c2.0_lr0.01_bfull_s0,0.0964957
940000,B_w5_K10000_c2.0_lr0.01_bfull_s1,0.01178
940000,B_w5_K10000_c2.0_lr0.01_bfull_s2,0.0522026
940000,B_w5_K10000_c2.0_lr0.01_bfull_s3,0.035371
940000,B_w5_K10000_c2.0_lr0.01_bfull_s4,0.0271718
941000,B_w5_K10000_c0.0_lr0.01_bfull_s0,0.298166
941000,B_w5_K10000_c0.0_lr0.01_bfull_s1,0.274848
941000,B_w5_K10000_c0.0_lr0.01_bfull_s2,0.238528
941000,B_w5_K10000_c0.0_lr0.01_bfull_s3,0.381964
941000,B_w5_K10000_c0.0_lr0.01_bfull_s4,0.146651
941000,B_w5_K10000_c2.0_lr0.01_bfull_s0,0.223783
941000,B_w5_K10000_c2.0_lr0.01_bfull_s1,0.228886
941000,B_w5_K10000_c2.0_lr0.01_bfull_s2,0.151557
941000,B_w5_K10000_c2.0_lr0.01_bfull_s3,0.245466
941000,B_w5_K10000_c2.0_lr0.01_bfull_s4,0.243818
942000,B_w5_K10000_c0.0_lr0.01_bfull_s0,0.162445
942000,B_w5_K10000_c0.0_lr0.01_bfull_s1,0.219207
942000,B_w5_K10000_c0.0_lr0.01_bfull_s2,0.225872
942000,B_w5_K10000_c0.0_lr0.01_bfull_s3,0.344515
942000,B_w5_K10000_c0.0_lr0.01_bfull_s4,0.13528
942000,B_w5_K10000_c2.0_lr0.01_bfull_s0,0.197037
942000,B_w5_K10000_c2.0_lr0.01_bfull_s1,0.116857
942000,B_w5_K10000_c2.0_lr0.01_bfull_s2,0.132414
942000,B_w5_K10000_c2.0_lr0.01_bfull_s3,0.198655
942000,B_w5_K10000_c2.0_lr0.01_bfull_s4,0.0848975
943000,B_w5_K10000_c0.0_lr0.01_bfull_s0,0.106756
943000,B_w5_K10000_c0.0_lr0.01_bfull_s1,0.165705
943000,B_w5_K10000_c0.0_lr0.01_bfull_s2,0.223953
943000,B_w5_K10000_c0.0_lr0.01_bfull_s3,0.258432
943000,B_w5_K10000_c0.0_lr0.01_bfull_s4,0.127419
943000,B_w5_K10000_c2.0_lr0.01_bfull_s0,0.188546
943000,B_w5_K10000_c2.0_lr0.01_bfull_s1,0.102549
943000,B_w5_K10000_c2.0_lr0.01_bfull_s2,0.12942
943000,B_w5_K10000_c2.0_lr0.01_bfull_s3,0.191998
943000,B_w5_K10000_c2.0_lr0.01_bfull_s4,0.0717555
944000,B_w5_K10000_c0.0_lr0.01_bfull_s0,0.077359
944000,B_w5_K10000_c0.0_lr0.01_bfull_s1,0.109823
944000,B_w5_K10000_c0.0_lr0.01_bfull_s2,0.2175
944000,B_w5_K10000_c0.0_lr0.01_bfull_s3,0.191078
944000,B_w5_K10000_c0.0_lr0.01_bfull_s4,0.104235
944000,B_w5_K10000_c2.0_lr0.01_bfull_s0,0.165091
944000,B_w5_K10000_c2.0_lr0.01_bfull_s1,0.0762152
944000,B_w5_K10000_c2.0_lr0.01_bfull_s2,0.12156
944000,B_w5_K10000_c2.0_lr0.01_bfull_s3,0.189282
944000,B_w5_K10000_c2.0_lr0.01_bfull_s4,0.0635037
945000,B_w5_K10000_c0.0_lr0.01_bfull_s0,0.068175
945000,B_w5_K10000_c0.0_lr0.01_bfull_s1,0.0996625
945000,B_w5_K10000_c0.0_lr0.01_bfull_s2,0.188868
945000,B_w5_K10000_c0.0_lr0.01_bfull_s3,0.155509
945000,B_w5_K10000_c0.0_lr0.01_bfull_s4,0.0659046
945000,B_w5_K10000_c2.0_lr0.01_bfull_s0,0.129703
945000,B_w5_K10000_c2.0_lr0.01_bfull_s1,0.0449979
945000,B_w5_K10000_c2.0_lr0.01_bfull_s2,0.106094
945000,B_w5_K10000_c2.0_lr0.01_bfull_s3,0.18668
945000,B_w5_K10000_c2.0_lr0.01_bfull_s4,0.0560656
946000,B_w5_K10000_c0.0_lr0.01_bfull_s0,0.0582603
946000,B_w5_K10000_c0.0_lr0.01_bfull_s1,0.0826783
946000,B_w5_K10000_c0.0_lr0.01_bfull_s2,0.142677
946000,B_w5_K10000_c0.0_lr0.01_bfull_s3,0.1289
946000,B_w5_K10000_c0.0_lr0.01_bfull_s4,0.0416243
946000,B_w5_K10000_c2.0_lr0.01_bfull_s0,0.105841
946000,B_w5_K10000_c2.0_lr0.01_bfull_s1,0.0366453
946000,B_w5_K10000_c2.0_lr0.01_bfull_s2,0.0897002
946000,B_w5_K10000_c2.0_lr0.01_bfull_s3,0.183961
946000,B_w5_K10000_c2.0_lr0.01_bfull_s4,0.0493335
947000,B_w5_K10000_c0.0_lr0.01_bfull_s0,0.047179
947000,B_w5_K10000_c0.0_lr0.01_bfull_s1,0.0480231
947000,B_w5_K10000_c0.0_lr0.01_bfull_s2,0.132431
947000,B_w5_K10000_c0.0_lr0.01_bfull_s3,0.120194
947000,B_w5_K10000_c0.0_lr0.01_bfull_s4,0.0310634
947000,B_w5_K10000_c2.0_lr0.01_bfull_s0,0.0915205
947000,B_w5_K10000_c2.0_lr0.01_bfull_s1,0.0355821
947000,B_w5_K10000_c2.0_lr0.01_bfull_s2,0.0813481
947000,B_w5_K10000_c2.0_lr0.01_bfull_s3,0.179083
947000,B_w5_K10000_c2.0_lr0.01_bfull_s4,0.0436162
948000,B_w5_K10000_c0.0_lr0.01_bfull_s0,0.0371457
948000,B_w5_K10000_c0.0_lr0.01_bfull_s1,0.0381419
948000,B_w5_K10000_c0.0_lr0.01_bfull_s2,0.132573
948000,B_w5_K10000_c0.0_lr0.01_bfull_s3,0.118249
948000,B_w5_K10000_c0.0_lr0.01_bfull_s4,0.0278285
948000,B_w5_K10000_c2.0_lr0.01_bfull_s0,0.0842797
948000,B_w5_K10000_c2.0_lr0.01_bfull_s1,0.0354271
948000,B_w5_K10000_c2.0_lr0.01_bfull_s2,0.0790865
948000,B_w5_K10000_c2.0_lr0.01_bfull_s3,0.170135
948000,B_w5_K10000_c2.0_lr0.01_bfull_s4,0.0384905
949000,B_w5_K10000_c0.0_lr0.01_bfull_s0,0.0295772
949000,B_w5_K10000_c0.0_lr0.01_bfull_s1,0.0375908
949000,B_w5_K10000_c0.0_lr0.01_bfull_s2,0.132134
949000,B_w5_K10000_c0.0_lr0.01_bfull_s3,0.117852
949000,B_w5_K10000_c0.0_lr0.01_bfull_s4,0.0274025
949000,B_w5_K10000_c2.0_lr0.01_bfull_s0,0.0777414
949000,B_w5_K10000_c2.0_lr0.01_bfull_s1,0.035162
949000,B_w5_K10000_c2.0_lr0.01_bfull_s2,0.0781325
949000,B_w5_K10000_c2.0_lr0.01_bfull_s3,0.145991
949000,B_w5_K10000_c2.0_lr0.01_bfull_s4,0.0338732
950000,B_w5_K10000_c0.0_lr0.01_bfull_s0,0.0245494
950000,B_w5_K10000_c0.0_lr0.01_bfull_s1,0.0376999
950000,B_w5_K10000_c0.0_lr0.01_bfull_s2,0.132018
950000,B_w5_K10000_c0.0_lr0.01_bfull_s3,0.116972
950000,B_w5_K10000_c0.0_lr0.01_bfull_s4,0.0272868
950000,B_w5_K10000_c2.0_lr0.01_bfull_s0,0.0614941
950000,B_w5_K10000_c2.0_lr0.01_bfull_s1,0.0351223
950000,B_w5_K10000_c2.0_lr0.01_bfull_s2,0.0774768
950000,B_w5_K10000_c2.0_lr0.01_bfull_s3,0.108029
950000,B_w5_K10000_c2.0_lr0.01_bfull_s4,0.0291561
951000,B_w5_K10000_c0.0_lr0.01_bfull_s0,0.160859
951000,B_w5_K10000_c0.0_lr0.01_bfull_s1,0.181773
951000,B_w5_K10000_c0.0_lr0.01_bfull_s2,0.134995
951000,B_w5_K10000_c0.0_lr0.01_bfull_s3,0.454308
951000,B_w5_K10000_c0.0_lr0.01_bfull_s4,0.11806
951000,B_w5_K10000_c2.0_lr0.01_bfull_s0,0.300223
951000,B_w5_K10000_c2.0_lr0.01_bfull_s1,0.245801
951000,B_w5_K10000_c2.0_lr0.01_bfull_s2,0.109188
951000,B_w5_K10000_c2.0_lr0.01_bfull_s3,0.0967605
951000,B_w5_K10000_c2.0_lr0.01_bfull_s4,0.223316
952000,B_w5_K10000_c0.0_lr0.01_bfull_s0,0.090084
952000,B_w5_K10000_c0.0_lr0.01_bfull_s1,0.142153
952000,B_w5_K10000_c0.0_lr0.01_bfull_s2,0.10639
952000,B_w5_K10000_c0.0_lr0.01_bfull_s3,0.289848
952000,B_w5_K10000_c0.0_lr0.01_bfull_s4,0.0934256
952000,B_w5_K10000_c2.0_lr0.01_bfull_s0,0.261088
952000,B_w5_K10000_c2.0_lr0.01_bfull_s1,0.132654
952000,B_w5_K10000_c2.0_lr0.01_bfull_s2,0.0892757
952000,B_w5_K10000_c2.0_lr0.01_bfull_s3,0.0588194
952000,B_w5_K10000_c2.0_lr0.01_bfull_s4,0.129946
953000,B_w5_K10000_c0.0_lr0.01_bfull_s0,0.0771433
953000,B_w5_K10000_c0.0_lr0.01_bfull_s1,0.141047
953000,B_w5_K10000_c0.0_lr0.01_bfull_s2,0.0911541
953000,B_w5_K10000_c0.0_lr0.01_bfull_s3,0.2454
953000,B_w5_K10000_c0.0_lr0.01_bfull_s4,0.0919696
953000,B_w5_K10000_c2.0_lr0.01_bfull_s0,0.258026
953000,B_w5_K10000_c2.0_lr0.01_bfull_s1,0.125607
953000,B_w5_K10000_c2.0_lr0.01_bfull_s2,0.0883195
953000,B_w5_K10000_c2.0_lr0.01_bfull_s3,0.0585292
953000,B_w5_K10000_c2.0_lr0.01_bfull_s4,0.103417
954000,B_w5_K10000_c0.0_lr0.01_bfull_s0,0.0700805
954000,B_w5_K10000_c0.0_lr0.01_bfull_s1,0.138423
954000,B_w5_K10000_c0.0_lr0.01_bfull_s2,0.0530401
954000,B_w5_K10000_c0.0_lr0.01_bfull_s3,0.244122
954000,B_w5_K10000_c0.0_lr0.01_bfull_s4,0.0898203
954000,B_w5_K10000_c2.0_lr0.01_bfull_s0,0.25128
954000,B_w5_K10000_c2.0_lr0.01_bfull_s1,0.121609
954000,B_w5_K10000_c2.0_lr0.01_bfull_s2,0.0849979
954000,B_w5_K10000_c2.0_lr0.01_bfull_s3,0.0581265
954000,B_w5_K10000_c2.0_lr0.01_bfull_s4,0.0714232
955000,B_w5_K10000_c0.0_lr0.01_bfull_s0,0.0615888
955000,B_w5_K10000_c0.0_lr0.01_bfull_s1,0.129395
955000,B_w5_K10000_c0.0_lr0.01_bfull_s2,0.0260777
955000,B_w5_K10000_c0.0_lr0.01_bfull_s3,0.243065
955000,B_w5_K10000_c0.0_lr0.01_bfull_s4,0.0868895
955000,B_w5_K10000_c2.0_lr0.01_bfull_s0,0.236934
955000,B_w5_K10000_c2.0_lr0.01_bfull_s1,0.119052
955000,B_w5_K10000_c2.0_lr0.01_bfull_s2,0.0774124
955000,B_w5_K10000_c2.0_lr0.01_bfull_s3,0.0578299
955000,B_w5_K10000_c2.0_lr0.01_bfull_s4,0.0451987
956000,B_w5_K10000_c0.0_lr0.01_bfull_s0,0.0472223
956000,B_w5_K10000_c0.0_lr0.01_bfull_s1,0.090069
956000,B_w5_K10000_c0.0_lr0.01_bfull_s2,0.0225666
956000,B_w5_K10000_c0.0_lr0.01_bfull_s3,0.240959
956000,B_w5_K10000_c0.0_lr0.01_bfull_s4,0.0832425
956000,B_w5_K10000_c2.0_lr0.01_bfull_s0,0.218918
956000,B_w5_K10000_c2.0_lr0.01_bfull_s1,0.114905
956000,B_w5_K10000_c2.0_lr0.01_bfull_s2,0.0589429
956000,B_w5_K10000_c2.0_lr0.01_bfull_s3,0.0573046
956000,B_w5_K10000_c2.0_lr0.01_bfull_s4,0.0320648
957000,B_w5_K10000_c0.0_lr0.01_bfull_s0,0.032655
957000,B_w5_K10000_c0.0_lr0.01_bfull_s1,0.0534195
957000,B_w5_K10000_c0.0_lr0.01_bfull_s2,0.0222623
957000,B_w5_K10000_c0.0_lr0.01_bfull_s3,0.235758
957000,B_w5_K10000_c0.0_lr0.01_bfull_s4,0.0799985
957000,B_w5_K10000_c2.0_lr0.01_bfull_s0,0.207481
957000,B_w5_K10000_c2.0_lr0.01_bfull_s1,0.111286
957000,B_w5_K10000_c2.0_lr0.01_bfull_s2,0.0414984
957000,B_w5_K10000_c2.0_lr0.01_bfull_s3,0.0564773
957000,B_w5_K10000_c2.0_lr0.01_bfull_s4,0.0245797
958000,B_w5_K10000_c0.0_lr0.01_bfull_s0,0.0250782
958000,B_w5_K10000_c0.0_lr0.01_bfull_s1,0.0478076
958000,B_w5_K10000_c0.0_lr0.01_bfull_s2,0.0221257
958000,B_w5_K10000_c0.0_lr0.01_bfull_s3,0.219324
958000,B_w5_K10000_c0.0_lr0.01_bfull_s4,0.0776723
958000,B_w5_K10000_c2.0_lr0.01_bfull_s0,0.202489
958000,B_w5_K10000_c2.0_lr0.01_bfull_s1,0.106438
958000,B_w5_K10000_c2.0_lr0.01_bfull_s2,0.0369755
958000,B_w5_K10000_c2.0_lr0.01_bfull_s3,0.0553772
958000,B_w5_K10000_c2.0_lr0.01_bfull_s4,0.0201078
959000,B_w5_K10000_c0.0_lr0.01_bfull_s0,0.0225029
959000,B_w5_K10000_c0.0_lr0.01_bfull_s1,0.0474441
959000,B_w5_K10000_c0.0_lr0.01_bfull_s2,0.0219821
959000,B_w5_K10000_c0.0_lr0.01_bfull_s3,0.193178
959000,B_w5_K10000_c0.0_lr0.01_bfull_s4,0.0764815
959000,B_w5_K10000_c2.0_lr0.01_bfull_s0,0.197159
959000,B_w5_K10000_c2.0_lr0.01_bfull_s1,0.101136
959000,B_w5_K10000_c2.0_lr0.01_bfull_s2,0.0364465
959000,B_w5_K10000_c2.0_lr0.01_bfull_s3,0.0537948
959000,B_w5_K10000_c2.0_lr0.01_bfull_s4,0.0179018
960000,B_w5_K10000_c0.0_lr0.01_bfull_s0,0.0216508
960000,B_w5_K10000_c0.0_lr0.01_bfull_s1,0.0473613
960000,B_w5_K10000_c0.0_lr0.01_bfull_s2,0.0219155
960000,B_w5_K10000_c0.0_lr0.01_bfull_s3,0.179782
960000,B_w5_K10000_c0.0_lr0.01_bfull_s4,0.075576
960000,B_w5_K10000_c2.0_lr0.01_bfull_s0,0.189573
960000,B_w5_K10000_c2.0_lr0.01_bfull_s1,0.0968391
960000,B_w5_K10000_c2.0_lr0.01_bfull_s2,0.0364592
960000,B_w5_K10000_c2.0_lr0.01_bfull_s3,0.0519716
960000,B_w5_K10000_c2.0_lr0.01_bfull_s4,0.0169149
961000,B_w5_K10000_c0.0_lr0.01_bfull_s0,0.460905
961000,B_w5_K10000_c0.0_lr0.01_bfull_s1,0.203302
961000,B_w5_K10000_c0.0_lr0.01_bfull_s2,0.23427
961000,B_w5_K10000_c0.0_lr0.01_bfull_s3,0.192938
961000,B_w5_K10000_c0.0_lr0.01_bfull_s4,0.0971151
961000,B_w5_K10000_c2.0_lr0.01_bfull_s0,0.169211
961000,B_w5_K10000_c2.0_lr0.01_bfull_s1,0.226701
961000,B_w5_K10000_c2.0_lr0.01_bfull_s2,0.0876228
961000,B_w5_K10000_c2.0_lr0.01_bfull_s3,0.205438
961000,B_w5_K10000_c2.0_lr0.01_bfull_s4,0.132503
962000,B_w5_K10000_c0.0_lr0.01_bfull_s0,0.151139
962000,B_w5_K10000_c0.0_lr0.01_bfull_s1,0.17672
962000,B_w5_K10000_c0.0_lr0.01_bfull_s2,0.211379
962000,B_w5_K10000_c0.0_lr0.01_bfull_s3,0.140151
962000,B_w5_K10000_c0.0_lr0.01_bfull_s4,0.0840297
962000,B_w5_K10000_c2.0_lr0.01_bfull_s0,0.137076
962000,B_w5_K10000_c2.0_lr0.01_bfull_s1,0.164426
962000,B_w5_K10000_c2.0_lr0.01_bfull_s2,0.0633909
962000,B_w5_K10000_c2.0_lr0.01_bfull_s3,0.194004
962000,B_w5_K10000_c2.0_lr0.01_bfull_s4,0.0491897
963000,B_w5_K10000_c0.0_lr0.01_bfull_s0,0.0564447
963000,B_w5_K10000_c0.0_lr0.01_bfull_s1,0.175132
963000,B_w5_K10000_c0.0_lr0.01_bfull_s2,0.203865
963000,B_w5_K10000_c0.0_lr0.01_bfull_s3,0.133531
963000,B_w5_K10000_c0.0_lr0.01_bfull_s4,0.0775215
963000,B_w5_K10000_c2.0_lr0.01_bfull_s0,0.136245
963000,B_w5_K10000_c2.0_lr0.01_bfull_s1,0.158301
963000,B_w5_K10000_c2.0_lr0.01_bfull_s2,0.0496112
963000,B_w5_K10000_c2.0_lr0.01_bfull_s3,0.192878
963000,B_w5_K10000_c2.0_lr0.01_bfull_s4,0.0244305
964000,B_w5_K10000_c0.0_lr0.01_bfull_s0,0.035747
964000,B_w5_K10000_c0.0_lr0.01_bfull_s1,0.165588
964000,B_w5_K10000_c0.0_lr0.01_bfull_s2,0.167524
964000,B_w5_K10000_c0.0_lr0.01_bfull_s3,0.120758
964000,B_w5_K10000_c0.0_lr0.01_bfull_s4,0.0668335
964000,B_w5_K10000_c2.0_lr0.01_bfull_s0,0.133963
964000,B_w5_K10000_c2.0_lr0.01_bfull_s1,0.150206
964000,B_w5_K10000_c2.0_lr0.01_bfull_s2,0.0325399
964000,B_w5_K10000_c2.0_lr0.01_bfull_s3,0.189445
964000,B_w5_K10000_c2.0_lr0.01_bfull_s4,0.01645
965000,B_w5_K10000_c0.0_lr0.01_bfull_s0,0.0319946
965000,B_w5_K10000_c0.0_lr0.01_bfull_s1,0.125117
965000,B_w5_K10000_c0.0_lr0.01_bfull_s2,0.11271
965000,B_w5_K10000_c0.0_lr0.01_bfull_s3,0.097745
965000,B_w5_K10000_c0.0_lr0.01_bfull_s4,0.0571164
965000,B_w5_K10000_c2.0_lr0.01_bfull_s0,0.1289
965000,B_w5_K10000_c2.0_lr0.01_bfull_s1,0.135689
965000,B_w5_K10000_c2.0_lr0.01_bfull_s2,0.0241692
965000,B_w5_K10000_c2.0_lr0.01_bfull_s3,0.169405
965000,B_w5_K10000_c2.0_lr0.01_bfull_s4,0.0116222
966000,B_w5_K10000_c0.0_lr0.01_bfull_s0,0.0310587
966000,B_w5_K10000_c0.0_lr0.01_bfull_s1,0.0901925
966000,B_w5_K10000_c0.0_lr0.01_bfull_s2,0.10297
966000,B_w5_K10000_c0.0_lr0.01_bfull_s3,0.0688922
966000,B_w5_K10000_c0.0_lr0.01_bfull_s4,0.0527928
966000,B_w5_K10000_c2.0_lr0.01_bfull_s0,0.119885
966000,B_w5_K10000_c2.0_lr0.01_bfull_s1,0.113562
966000,B_w5_K10000_c2.0_lr0.01_bfull_s2,0.0218222
966000,B_w5_K10000_c2.0_lr0.01_bfull_s3,0.105873
966000,B_w5_K10000_c2.0_lr0.01_bfull_s4,0.00821688
967000,B_w5_K10000_c0.0_lr0.01_bfull_s0,0.0305399
967000,B_w5_K10000_c0.0_lr0.01_bfull_s1,0.0866866
967000,B_w5_K10000_c0.0_lr0.01_bfull_s2,0.102621
967000,B_w5_K10000_c0.0_lr0.01_bfull_s3,0.0463757
967000,B_w5_K10000_c0.0_lr0.01_bfull_s4,0.0511843
967000,B_w5_K10000_c2.0_lr0.01_bfull_s0,0.108557
967000,B_w5_K10000_c2.0_lr0.01_bfull_s1,0.0832317
967000,B_w5_K10000_c2.0_lr0.01_bfull_s2,0.021159
967000,B_w5_K10000_c2.0_lr0.01_bfull_s3,0.0781551
967000,B_w5_K10000_c2.0_lr0.01_bfull_s4,0.00603137
968000,B_w5_K10000_c0.0_lr0.01_bfull_s0,0.0304107
968000,B_w5_K10000_c0.0_lr0.01_bfull_s1,0.0860197
968000,B_w5_K10000_c0.0_lr0.01_bfull_s2,0.101934
968000,B_w5_K10000_c0.0_lr0.01_bfull_s3,0.0395673
968000,B_w5_K10000_c0.0_lr0.01_bfull_s4,0.0502719
968000,B_w5_K10000_c2.0_lr0.01_bfull_s0,0.101324
968000,B_w5_K10000_c2.0_lr0.01_bfull_s1,0.0553192
968000,B_w5_K10000_c2.0_lr0.01_bfull_s2,0.02123
968000,B_w5_K10000_c2.0_lr0.01_bfull_s3,0.0768213
968000,B_w5_K10000_c2.0_lr0.01_bfull_s4,0.00481475
969000,B_w5_K10000_c0.0_lr0.01_bfull_s0,0.0303943
969000,B_w5_K10000_c0.0_lr0.01_bfull_s1,0.0851948
969000,B_w5_K10000_c0.0_lr0.01_bfull_s2,0.101368
969000,B_w5_K10000_c0.0_lr0.01_bfull_s3,0.0383635
969000,B_w5_K10000_c0.0_lr0.01_bfull_s4,0.0500978
969000,B_w5_K10000_c2.0_lr0.01_bfull_s0,0.0989598
969000,B_w5_K10000_c2.0_lr0.01_bfull_s1,0.035266
969000,B_w5_K10000_c2.0_lr0.01_bfull_s2,0.0213272
969000,B_w5_K10000_c2.0_lr0.01_bfull_s3,0.0766765
969000,B_w5_K10000_c2.0_lr0.01_bfull_s4,0.00416869
970000,B_w5_K10000_c0.0_lr0.01_bfull_s0,0.0302821
970000,B_w5_K10000_c0.0_lr0.01_bfull_s1,0.0841569
970000,B_w5_K10000_c0.0_lr0.01_bfull_s2,0.100203
970000,B_w5_K10000_c0.0_lr0.01_bfull_s3,0.0380671
970000,B_w5_K10000_c0.0_lr0.01_bfull_s4,0.0495138
970000,B_w5_K10000_c2.0_lr0.01_bfull_s0,0.0982579
970000,B_w5_K10000_c2.0_lr0.01_bfull_s1,0.0212187
970000,B_w5_K10000_c2.0_lr0.01_bfull_s2,0.0211719
970000,B_w5_K10000_c2.0_lr0.01_bfull_s3,0.0767145
970000,B_w5_K10000_c2.0_lr0.01_bfull_s4,0.00382384
971000,B_w5_K10000_c0.0_lr0.01_bfull_s0,0.320559
971000,B_w5_K10000_c0.0_lr0.01_bfull_s1,0.169316
971000,B_w5_K10000_c0.0_lr0.01_bfull_s2,0.120834
971000,B_w5_K10000_c0.0_lr0.01_bfull_s3,0.134793
971000,B_w5_K10000_c0.0_lr0.01_bfull_s4,0.178973
971000,B_w5_K10000_c2.0_lr0.01_bfull_s0,0.250514
971000,B_w5_K10000_c2.0_lr0.01_bfull_s1,0.322749
971000,B_w5_K10000_c2.0_lr0.01_bfull_s2,0.218708
971000,B_w5_K10000_c2.0_lr0.01_bfull_s3,0.145488
971000,B_w5_K10000_c2.0_lr0.01_bfull_s4,0.28939
972000,B_w5_K10000_c0.0_lr0.01_bfull_s0,0.101774
972000,B_w5_K10000_c0.0_lr0.01_bfull_s1,0.147738
972000,B_w5_K10000_c0.0_lr0.01_bfull_s2,0.10374
972000,B_w5_K10000_c0.0_lr0.01_bfull_s3,0.106446
972000,B_w5_K10000_c0.0_lr0.01_bfull_s4,0.163384
972000,B_w5_K10000_c2.0_lr0.01_bfull_s0,0.190022
972000,B_w5_K10000_c2.0_lr0.01_bfull_s1,0.154066
972000,B_w5_K10000_c2.0_lr0.01_bfull_s2,0.188177
972000,B_w5_K10000_c2.0_lr0.01_bfull_s3,0.126569
972000,B_w5_K10000_c2.0_lr0.01_bfull_s4,0.101866
973000,B_w5_K10000_c0.0_lr0.01_bfull_s0,0.0500031
973000,B_w5_K10000_c0.0_lr0.01_bfull_s1,0.146136
973000,B_w5_K10000_c0.0_lr0.01_bfull_s2,0.103546
973000,B_w5_K10000_c0.0_lr0.01_bfull_s3,0.103792
973000,B_w5_K10000_c0.0_lr0.01_bfull_s4,0.154466
973000,B_w5_K10000_c2.0_lr0.01_bfull_s0,0.132321
973000,B_w5_K10000_c2.0_lr0.01_bfull_s1,0.123735
973000,B_w5_K10000_c2.0_lr0.01_bfull_s2,0.175285
973000,B_w5_K10000_c2.0_lr0.01_bfull_s3,0.125531
973000,B_w5_K10000_c2.0_lr0.01_bfull_s4,0.0629858
974000,B_w5_K10000_c0.0_lr0.01_bfull_s0,0.0213177
974000,B_w5_K10000_c0.0_lr0.01_bfull_s1,0.144491
974000,B_w5_K10000_c0.0_lr0.01_bfull_s2,0.102943
974000,B_w5_K10000_c0.0_lr0.01_bfull_s3,0.0952271
974000,B_w5_K10000_c0.0_lr0.01_bfull_s4,0.130878
974000,B_w5_K10000_c2.0_lr0.01_bfull_s0,0.121372
974000,B_w5_K10000_c2.0_lr0.01_bfull_s1,0.0880918
974000,B_w5_K10000_c2.0_lr0.01_bfull_s2,0.158463
974000,B_w5_K10000_c2.0_lr0.01_bfull_s3,0.122934
974000,B_w5_K10000_c2.0_lr0.01_bfull_s4,0.0360309
975000,B_w5_K10000_c0.0_lr0.01_bfull_s0,0.0159184
975000,B_w5_K10000_c0.0_lr0.01_bfull_s1,0.140993
975000,B_w5_K10000_c0.0_lr0.01_bfull_s2,0.101654
975000,B_w5_K10000_c0.0_lr0.01_bfull_s3,0.0679902
975000,B_w5_K10000_c0.0_lr0.01_bfull_s4,0.104653
975000,B_w5_K10000_c2.0_lr0.01_bfull_s0,0.117666
975000,B_w5_K10000_c2.0_lr0.01_bfull_s1,0.0480025
975000,B_w5_K10000_c2.0_lr0.01_bfull_s2,0.14972
975000,B_w5_K10000_c2.0_lr0.01_bfull_s3,0.11455
975000,B_w5_K10000_c2.0_lr0.01_bfull_s4,0.0179151
976000,B_w5_K10000_c0.0_lr0.01_bfull_s0,0.0137902
976000,B_w5_K10000_c0.0_lr0.01_bfull_s1,0.134866
976000,B_w5_K10000_c0.0_lr0.01_bfull_s2,0.0942366
976000,B_w5_K10000_c0.0_lr0.01_bfull_s3,0.0308311
976000,B_w5_K10000_c0.0_lr0.01_bfull_s4,0.096061
976000,B_w5_K10000_c2.0_lr0.01_bfull_s0,0.112645
976000,B_w5_K10000_c2.0_lr0.01_bfull_s1,0.0234064
976000,B_w5_K10000_c2.0_lr0.01_bfull_s2,0.147817
976000,B_w5_K10000_c2.0_lr0.01_bfull_s3,0.0952633
976000,B_w5_K10000_c2.0_lr0.01_bfull_s4,0.0100284
977000,B_w5_K10000_c0.0_lr0.01_bfull_s0,0.011926
977000,B_w5_K10000_c0.0_lr0.01_bfull_s1,0.127645
977000,B_w5_K10000_c0.0_lr0.01_bfull_s2,0.0608725
977000,B_w5_K10000_c0.0_lr0.01_bfull_s3,0.0208181
977000,B_w5_K10000_c0.0_lr0.01_bfull_s4,0.0948876
977000,B_w5_K10000_c2.0_lr0.01_bfull_s0,0.105869
977000,B_w5_K10000_c2.0_lr0.01_bfull_s1,0.0141256
977000,B_w5_K10000_c2.0_lr0.01_bfull_s2,0.147068
977000,B_w5_K10000_c2.0_lr0.01_bfull_s3,0.0768014
977000,B_w5_K10000_c2.0_lr0.01_bfull_s4,0.00624838
978000,B_w5_K10000_c0.0_lr0.01_bfull_s0,0.0102766
978000,B_w5_K10000_c0.0_lr0.01_bfull_s1,0.121478
978000,B_w5_K10000_c0.0_lr0.01_bfull_s2,0.0242296
978000,B_w5_K10000_c0.0_lr0.01_bfull_s3,0.019956
978000,B_w5_K10000_c0.0_lr0.01_bfull_s4,0.0944483
978000,B_w5_K10000_c2.0_lr0.01_bfull_s0,0.0983181
978000,B_w5_K10000_c2.0_lr0.01_bfull_s1,0.0106669
978000,B_w5_K10000_c2.0_lr0.01_bfull_s2,0.146137
978000,B_w5_K10000_c2.0_lr0.01_bfull_s3,0.0722672
978000,B_w5_K10000_c2.0_lr0.01_bfull_s4,0.00392644
979000,B_w5_K10000_c0.0_lr0.01_bfull_s0,0.00888908
979000,B_w5_K10000_c0.0_lr0.01_bfull_s1,0.116401
979000,B_w5_K10000_c0.0_lr0.01_bfull_s2,0.0202936
979000,B_w5_K10000_c0.0_lr0.01_bfull_s3,0.0195721
979000,B_w5_K10000_c0.0_lr0.01_bfull_s4,0.093858
979000,B_w5_K10000_c2.0_lr0.01_bfull_s0,0.0908438
979000,B_w5_K10000_c2.0_lr0.01_bfull_s1,0.0089893
979000,B_w5_K10000_c2.0_lr0.01_bfull_s2,0.145833
979000,B_w5_K10000_c2.0_lr0.01_bfull_s3,0.0715753
979000,B_w5_K10000_c2.0_lr0.01_bfull_s4,0.00250776
980000,B_w5_K10000_c0.0_lr0.01_bfull_s0,0.00787268
980000,B_w5_K10000_c0.0_lr0.01_bfull_s1,0.109059
980000,B_w5_K10000_c0.0_lr0.01_bfull_s2,0.0201799
980000,B_w5_K10000_c0.0_lr0.01_bfull_s3,0.0191473
980000,B_w5_K10000_c0.0_lr0.01_bfull_s4,0.0930122
980000,B_w5_K10000_c2.0_lr0.01_bfull_s0,0.0819291
980000,B_w5_K10000_c2.0_lr0.01_bfull_s1,0.00809539
980000,B_w5_K10000_c2.0_lr0.01_bfull_s2,0.144523
980000,B_w5_K10000_c2.0_lr0.01_bfull_s3,0.0713049
980000,B_w5_K10000_c2.0_lr0.01_bfull_s4,0.00163299
981000,B_w5_K10000_c0.0_lr0.01_bfull_s0,0.231051
981000,B_w5_K10000_c0.0_lr0.01_bfull_s1,0.215434
981000,B_w5_K10000_c0.0_lr0.01_bfull_s2,0.208328
981000,B_w5_K10000_c0.0_lr0.01_bfull_s3,0.169099
981000,B_w5_K10000_c0.0_lr0.01_bfull_s4,0.255203
981000,B_w5_K10000_c2.0_lr0.01_bfull_s0,0.216703
981000,B_w5_K10000_c2.0_lr0.01_bfull_s1,0.456942
981000,B_w5_K10000_c2.0_lr0.01_bfull_s2,0.378555
981000,B_w5_K10000_c2.0_lr0.01_bfull_s3,0.128332
981000,B_w5_K10000_c2.0_lr0.01_bfull_s4,0.268191
982000,B_w5_K10000_c0.0_lr0.01_bfull_s0,0.0551926
982000,B_w5_K10000_c0.0_lr0.01_bfull_s1,0.201901
982000,B_w5_K10000_c0.0_lr0.01_bfull_s2,0.153503
982000,B_w5_K10000_c0.0_lr0.01_bfull_s3,0.14657
982000,B_w5_K10000_c0.0_lr0.01_bfull_s4,0.155276
982000,B_w5_K10000_c2.0_lr0.01_bfull_s0,0.180875
982000,B_w5_K10000_c2.0_lr0.01_bfull_s1,0.16734
982000,B_w5_K10000_c2.0_lr0.01_bfull_s2,0.292245
982000,B_w5_K10000_c2.0_lr0.01_bfull_s3,0.117624
982000,B_w5_K10000_c2.0_lr0.01_bfull_s4,0.117384
983000,B_w5_K10000_c0.0_lr0.01_bfull_s0,0.0352806
983000,B_w5_K10000_c0.0_lr0.01_bfull_s1,0.199905
983000,B_w5_K10000_c0.0_lr0.01_bfull_s2,0.133616
983000,B_w5_K10000_c0.0_lr0.01_bfull_s3,0.143146
983000,B_w5_K10000_c0.0_lr0.01_bfull_s4,0.0733928
983000,B_w5_K10000_c2.0_lr0.01_bfull_s0,0.169866
983000,B_w5_K10000_c2.0_lr0.01_bfull_s1,0.133497
983000,B_w5_K10000_c2.0_lr0.01_bfull_s2,0.255034
983000,B_w5_K10000_c2.0_lr0.01_bfull_s3,0.117149
983000,B_w5_K10000_c2.0_lr0.01_bfull_s4,0.11097
984000,B_w5_K10000_c0.0_lr0.01_bfull_s0,0.0263922
984000,B_w5_K10000_c0.0_lr0.01_bfull_s1,0.196982
984000,B_w5_K10000_c0.0_lr0.01_bfull_s2,0.120983
984000,B_w5_K10000_c0.0_lr0.01_bfull_s3,0.138837
984000,B_w5_K10000_c0.0_lr0.01_bfull_s4,0.0349625
984000,B_w5_K10000_c2.0_lr0.01_bfull_s0,0.134476
984000,B_w5_K10000_c2.0_lr0.01_bfull_s1,0.122952
984000,B_w5_K10000_c2.0_lr0.01_bfull_s2,0.248437
984000,B_w5_K10000_c2.0_lr0.01_bfull_s3,0.117175
984000,B_w5_K10000_c2.0_lr0.01_bfull_s4,0.097986
985000,B_w5_K10000_c0.0_lr0.01_bfull_s0,0.0221574
985000,B_w5_K10000_c0.0_lr0.01_bfull_s1,0.186371
985000,B_w5_K10000_c0.0_lr0.01_bfull_s2,0.106686
985000,B_w5_K10000_c0.0_lr0.01_bfull_s3,0.132401
985000,B_w5_K10000_c0.0_lr0.01_bfull_s4,0.025596
985000,B_w5_K10000_c2.0_lr0.01_bfull_s0,0.103424
985000,B_w5_K10000_c2.0_lr0.01_bfull_s1,0.114431
985000,B_w5_K10000_c2.0_lr0.01_bfull_s2,0.238997
985000,B_w5_K10000_c2.0_lr0.01_bfull_s3,0.116738
985000,B_w5_K10000_c2.0_lr0.01_bfull_s4,0.0725269
986000,B_w5_K10000_c0.0_lr0.01_bfull_s0,0.0202166
986000,B_w5_K10000_c0.0_lr0.01_bfull_s1,0.167057
986000,B_w5_K10000_c0.0_lr0.01_bfull_s2,0.0929174
986000,B_w5_K10000_c0.0_lr0.01_bfull_s3,0.123452
986000,B_w5_K10000_c0.0_lr0.01_bfull_s4,0.0249653
986000,B_w5_K10000_c2.0_lr0.01_bfull_s0,0.0984359
986000,B_w5_K10000_c2.0_lr0.01_bfull_s1,0.104981
986000,B_w5_K10000_c2.0_lr0.01_bfull_s2,0.219372
986000,B_w5_K10000_c2.0_lr0.01_bfull_s3,0.115972
986000,B_w5_K10000_c2.0_lr0.01_bfull_s4,0.0493665
987000,B_w5_K10000_c0.0_lr0.01_bfull_s0,0.0192026
987000,B_w5_K10000_c0.0_lr0.01_bfull_s1,0.147113
987000,B_w5_K10000_c0.0_lr0.01_bfull_s2,0.0827639
987000,B_w5_K10000_c0.0_lr0.01_bfull_s3,0.111557
987000,B_w5_K10000_c0.0_lr0.01_bfull_s4,0.0248172
987000,B_w5_K10000_c2.0_lr0.01_bfull_s0,0.0975427
987000,B_w5_K10000_c2.0_lr0.01_bfull_s1,0.0950416
987000,B_w5_K10000_c2.0_lr0.01_bfull_s2,0.176482
987000,B_w5_K10000_c2.0_lr0.01_bfull_s3,0.114496
987000,B_w5_K10000_c2.0_lr0.01_bfull_s4,0.0425094
988000,B_w5_K10000_c0.0_lr0.01_bfull_s0,0.0185364
988000,B_w5_K10000_c0.0_lr0.01_bfull_s1,0.132222
988000,B_w5_K10000_c0.0_lr0.01_bfull_s2,0.0749553
988000,B_w5_K10000_c0.0_lr0.01_bfull_s3,0.0968119
988000,B_w5_K10000_c0.0_lr0.01_bfull_s4,0.0248107
988000,B_w5_K10000_c2.0_lr0.01_bfull_s0,0.0976774
988000,B_w5_K10000_c2.0_lr0.01_bfull_s1,0.0865714
988000,B_w5_K10000_c2.0_lr0.01_bfull_s2,0.130112
988000,B_w5_K10000_c2.0_lr0.01_bfull_s3,0.11071
988000,B_w5_K10000_c2.0_lr0.01_bfull_s4,0.041503
989000,B_w5_K10000_c0.0_lr0.01_bfull_s0,0.0180682
989000,B_w5_K10000_c0.0_lr0.01_bfull_s1,0.118868
989000,B_w5_K10000_c0.0_lr0.01_bfull_s2,0.0699616
989000,B_w5_K10000_c0.0_lr0.01_bfull_s3,0.0838939
989000,B_w5_K10000_c0.0_lr0.01_bfull_s4,0.0248084
989000,B_w5_K10000_c2.0_lr0.01_bfull_s0,0.0980893
989000,B_w5_K10000_c2.0_lr0.01_bfull_s1,0.0809542
989000,B_w5_K10000_c2.0_lr0.01_bfull_s2,0.0906175
989000,B_w5_K10000_c2.0_lr0.01_bfull_s3,0.100825
989000,B_w5_K10000_c2.0_lr0.01_bfull_s4,0.041139
990000,B_w5_K10000_c0.0_lr0.01_bfull_s0,0.0178167
990000,B_w5_K10000_c0.0_lr0.01_bfull_s1,0.108819
990000,B_w5_K10000_c0.0_lr0.01_bfull_s2,0.067577
990000,B_w5_K10000_c0.0_lr0.01_bfull_s3,0.0773192
990000,B_w5_K10000_c0.0_lr0.01_bfull_s4,0.0247988
990000,B_w5_K10000_c2.0_lr0.01_bfull_s0,0.0974166
990000,B_w5_K10000_c2.0_lr0.01_bfull_s1,0.0765189
990000,B_w5_K10000_c2.0_lr0.01_bfull_s2,0.0708783
990000,B_w5_K10000_c2.0_lr0.01_bfull_s3,0.0815808
990000,B_w5_K10000_c2.0_lr0.01_bfull_s4,0.0409621
991000,B_w5_K10000_c0.0_lr0.01_bfull_s0,0.306012
991000,B_w5_K10000_c0.0_lr0.01_bfull_s1,0.117945
991000,B_w5_K10000_c0.0_lr0.01_bfull_s2,0.186994
991000,B_w5_K10000_c0.0_lr0.01_bfull_s3,0.0682381
991000,B_w5_K10000_c0.0_lr0.01_bfull_s4,0.246781
991000,B_w5_K10000_c2.0_lr0.01_bfull_s0,0.249429
991000,B_w5_K10000_c2.0_lr0.01_bfull_s1,0.313229
991000,B_w5_K10000_c2.0_lr0.01_bfull_s2,0.248022
991000,B_w5_K10000_c2.0_lr0.01_bfull_s3,0.162325
991000,B_w5_K10000_c2.0_lr0.01_bfull_s4,0.427384
992000,B_w5_K10000_c0.0_lr0.01_bfull_s0,0.127269
992000,B_w5_K10000_c0.0_lr0.01_bfull_s1,0.0921071
992000,B_w5_K10000_c0.0_lr0.01_bfull_s2,0.141084
992000,B_w5_K10000_c0.0_lr0.01_bfull_s3,0.0531043
992000,B_w5_K10000_c0.0_lr0.01_bfull_s4,0.1656
992000,B_w5_K10000_c2.0_lr0.01_bfull_s0,0.221466
992000,B_w5_K10000_c2.0_lr0.01_bfull_s1,0.12178
992000,B_w5_K10000_c2.0_lr0.01_bfull_s2,0.172514
992000,B_w5_K10000_c2.0_lr0.01_bfull_s3,0.130226
992000,B_w5_K10000_c2.0_lr0.01_bfull_s4,0.0957385
993000,B_w5_K10000_c0.0_lr0.01_bfull_s0,0.0704203
993000,B_w5_K10000_c0.0_lr0.01_bfull_s1,0.0919077
993000,B_w5_K10000_c0.0_lr0.01_bfull_s2,0.118489
993000,B_w5_K10000_c0.0_lr0.01_bfull_s3,0.0529274
993000,B_w5_K10000_c0.0_lr0.01_bfull_s4,0.131359
993000,B_w5_K10000_c2.0_lr0.01_bfull_s0,0.218046
993000,B_w5_K10000_c2.0_lr0.01_bfull_s1,0.0941755
993000,B_w5_K10000_c2.0_lr0.01_bfull_s2,0.13383
993000,B_w5_K10000_c2.0_lr0.01_bfull_s3,0.107394
993000,B_w5_K10000_c2.0_lr0.01_bfull_s4,0.0628745
994000,B_w5_K10000_c0.0_lr0.01_bfull_s0,0.0508874
994000,B_w5_K10000_c0.0_lr0.01_bfull_s1,0.0919533
994000,B_w5_K10000_c0.0_lr0.01_bfull_s2,0.0894923
994000,B_w5_K10000_c0.0_lr0.01_bfull_s3,0.052951
994000,B_w5_K10000_c0.0_lr0.01_bfull_s4,0.125694
994000,B_w5_K10000_c2.0_lr0.01_bfull_s0,0.207307
994000,B_w5_K10000_c2.0_lr0.01_bfull_s1,0.0873471
994000,B_w5_K10000_c2.0_lr0.01_bfull_s2,0.0950098
994000,B_w5_K10000_c2.0_lr0.01_bfull_s3,0.091358
994000,B_w5_K10000_c2.0_lr0.01_bfull_s4,0.0473399
995000,B_w5_K10000_c0.0_lr0.01_bfull_s0,0.0463316
995000,B_w5_K10000_c0.0_lr0.01_bfull_s1,0.0918868
995000,B_w5_K10000_c0.0_lr0.01_bfull_s2,0.0812158
995000,B_w5_K10000_c0.0_lr0.01_bfull_s3,0.0528459
995000,B_w5_K10000_c0.0_lr0.01_bfull_s4,0.118539
995000,B_w5_K10000_c2.0_lr0.01_bfull_s0,0.145497
995000,B_w5_K10000_c2.0_lr0.01_bfull_s1,0.0855479
995000,B_w5_K10000_c2.0_lr0.01_bfull_s2,0.08207
995000,B_w5_K10000_c2.0_lr0.01_bfull_s3,0.0759809
995000,B_w5_K10000_c2.0_lr0.01_bfull_s4,0.0298716
996000,B_w5_K10000_c0.0_lr0.01_bfull_s0,0.0443061
996000,B_w5_K10000_c0.0_lr0.01_bfull_s1,0.0918901
996000,B_w5_K10000_c0.0_lr0.01_bfull_s2,0.0807766
996000,B_w5_K10000_c0.0_lr0.01_bfull_s3,0.0527319
996000,B_w5_K10000_c0.0_lr0.01_bfull_s4,0.0946527
996000,B_w5_K10000_c2.0_lr0.01_bfull_s0,0.0842733
996000,B_w5_K10000_c2.0_lr0.01_bfull_s1,0.0830428
996000,B_w5_K10000_c2.0_lr0.01_bfull_s2,0.080414
996000,B_w5_K10000_c2.0_lr0.01_bfull_s3,0.0596774
996000,B_w5_K10000_c2.0_lr0.01_bfull_s4,0.0185561
997000,B_w5_K10000_c0.0_lr0.01_bfull_s0,0.0416386
997000,B_w5_K10000_c0.0_lr0.01_bfull_s1,0.0919756
997000,B_w5_K10000_c0.0_lr0.01_bfull_s2,0.0806784
997000,B_w5_K10000_c0.0_lr0.01_bfull_s3,0.0526092
997000,B_w5_K10000_c0.0_lr0.01_bfull_s4,0.0572249
997000,B_w5_K10000_c2.0_lr0.01_bfull_s0,0.0791413
997000,B_w5_K10000_c2.0_lr0.01_bfull_s1,0.0777973
997000,B_w5_K10000_c2.0_lr0.01_bfull_s2,0.0799027
997000,B_w5_K10000_c2.0_lr0.01_bfull_s3,0.0479048
997000,B_w5_K10000_c2.0_lr0.01_bfull_s4,0.0118381
998000,B_w5_K10000_c0.0_lr0.01_bfull_s0,0.0375447
998000,B_w5_K10000_c0.0_lr0.01_bfull_s1,0.091619
998000,B_w5_K10000_c0.0_lr0.01_bfull_s2,0.0806629
998000,B_w5_K10000_c0.0_lr0.01_bfull_s3,0.0526155
998000,B_w5_K10000_c0.0_lr0.01_bfull_s4,0.0450783
998000,B_w5_K10000_c2.0_lr0.01_bfull_s0,0.0786765
998000,B_w5_K10000_c2.0_lr0.01_bfull_s1,0.0599046
998000,B_w5_K10000_c2.0_lr0.01_bfull_s2,0.0800516
998000,B_w5_K10000_c2.0_lr0.01_bfull_s3,0.0418325
998000,B_w5_K10000_c2.0_lr0.01_bfull_s4,0.00800162
999000,B_w5_K10000_c0.0_lr0.01_bfull_s0,0.0321609
999000,B_w5_K10000_c0.0_lr0.01_bfull_s1,0.0919936
999000,B_w5_K10000_c0.0_lr0.01_bfull_s2,0.0795303
999000,B_w5_K10000_c0.0_lr0.01_bfull_s3,0.0524188
999000,B_w5_K10000_c0.0_lr0.01_bfull_s4,0.0438041
999000,B_w5_K10000_c2.0_lr0.01_bfull_s0,0.0786962
999000,B_w5_K10000_c2.0_lr0.01_bfull_s1,0.0259159
999000,B_w5_K10000_c2.0_lr0.01_bfull_s2,0.0799871
999000,B_w5_K10000_c2.0_lr0.01_bfull_s3,0.0378191
999000,B_w5_K10000_c2.0_lr0.01_bfull_s4,0.00599251
1000000,B_w5_K10000_c0.0_lr0.01_bfull_s0,0.026659
1000000,B_w5_K10000_c0.0_lr0.01_bfull_s1,0.0917488
1000000,B_w5_K10000_c0.0_lr0.01_bfull_s2,0.0785569
1000000,B_w5_K10000_c0.0_lr0.01_bfull_s3,0.0520409
1000000,B_w5_K10000_c0.0_lr0.01_bfull_s4,0.0434865
1000000,B_w5_K10000_c2.0_lr0.01_bfull_s0,0.078532
1000000,B_w5_K10000_c2.0_lr0.01_bfull_s1,0.00533246
1000000,B_w5_K10000_c2.0_lr0.01_bfull_s2,0.0794249
1000000,B_w5_K10000_c2.0_lr0.01_bfull_s3,0.0345073
1000000,B_w5_K10000_c2.0_lr0.01_bfull_s4,0.00504187
