zbar_cur,sigma_cur,between_cur,pos_frac,zbar_inv,sigma_inv,between_inv,pos_frac_inv,var_off,var_wid,var_cross,rowmean,rowmean_sd,cnorm,bias,bias_sd,star,star_sd,eps_max,w2col,gate_mean,ce_probe,alpha_med,acc,gbar,gvar_mean,gbar_var,pooled_var,g3_ident,cov,cov_abs,cov10,cov50,q10_med,hard_dead,gmin,gmax,gcorr,gcorr_degenerate,task,step,clamp,correct_seq,acc_seq,ce0,ce20,correct_fresh,acc_fresh,param_sha,fresh_param_sha,secs,vmrss_kb,maxrss_kb,cpu,arm,seed
0.6909574226312566,0.7884894850724686,0.1832820086264427,0.78546875,0.9975127094199706,0.3092659741120755,0.22030454184007195,0.94917724609375,0.0316986095958748,0.06356498628727866,0.00038184686033747626,-0.00280222695703083,0.004358642512629559,0.9648169779732926,1.2963238751888275,0.020547416867750495,1.0092698773992979,0.4448833634718869,0.12919584033213005,0.6308891038587567,1.3149259703210554,0.3751622140407562,0.8499693870544434,0.8964999914169312,1.3149259702011478,0.3775879751868543,0.02004715888370734,0.3976351340705561,5.495603971894525e-15,0.09640625,0.09640625,0.05599609375,0.158359375,0.3855233907699585,0,0.0,2.0,0.10776213895664745,0,1,625,ref,8965,0.8965,2.305000066757202,1.4934587478637695,8965,0.8965,1f8510a94c9891b2cc17c0147d48dd562df87ff43d379b83f950dbd57f375f21,1f8510a94c9891b2cc17c0147d48dd562df87ff43d379b83f950dbd57f375f21,6.527152333990671,1029652,1070352,18,SNAi_P,13
0.528890101883522,1.0492084549938043,0.6347922121438914,0.67265625,0.7860568364927006,0.45136526982462444,0.5831545501092001,0.8214916992187501,0.09006550330702913,0.11470785509203704,-0.0010427515952102508,-0.004938705559418534,0.007204094822556244,1.3327916104132544,1.2917780101299285,0.02162087368293885,0.7858678192442485,0.7378412296246353,0.1615635400761401,0.6610281521745871,1.1554082134121564,0.28910553455352783,0.6400687098503113,0.9133999943733215,1.155408213532064,0.42494210946491967,0.060084371790581244,0.48502648125550374,2.831068712794149e-15,0.16921875,0.16921875,0.1044921875,0.252734375,0.12975702285766602,0,0.0,2.0,0.12044695374043324,0,2,625,ref,9134,0.9134,4.254077434539795,1.0073925256729126,,,52d44e547fc2da083767f06b940b06e3456eace763f71b6576df08fef94420a2,,8.146966206957586,962156,1070352,11,SNAi_P,13
0.41880593203472655,1.1770852495702915,1.0054909747618264,0.60572265625,0.6002907788262725,0.5458415195455093,0.8134844494078411,0.732138671875,0.1344318246451006,0.1638889486149715,-0.0003778088003216459,-0.00650398994876104,0.008459805469061178,1.5901481680196872,1.2881994509696961,0.02360836538458214,0.621944952314456,0.8684637633220422,0.17304931442391056,0.6961614874703353,1.0777960754767992,0.30604711174964905,0.5522650480270386,0.916100025177002,1.0777960745000745,0.42184256538999876,0.08113030135363966,0.502972866743638,4.440892098500626e-16,0.2023828125,0.2023828125,0.126015625,0.29484375,0.07542943358421327,0,0.0,2.0,0.2587391189603734,0,3,625,ref,9161,0.9161,4.543169021606445,1.0702542066574097,,,7ee14f8254ea6383a7c1fe16e4600db4ec14cb46b9389642e1646e592059d215,,9.030824409914203,1053916,1070352,11,SNAi_P,13
0.48605779390464576,1.168920860929319,0.8514161569554042,0.61791015625,0.5776077621685868,0.5927647935898107,0.8715842930654195,0.70611572265625,0.1441827282373684,0.20634105431290095,0.0008463179693013345,-0.00664849495997349,0.00882763790255145,1.7680453822672246,1.2830882465839386,0.024921435283964902,0.6020309707785185,0.9075255687845825,0.22563814597946996,0.7224724572711003,1.1047819614608307,0.29345330595970154,0.5514724850654602,0.9151999950408936,1.1047819617227652,0.41843989791610214,0.07159438709379373,0.4900342850099016,5.717648576819556e-15,0.18640625,0.18640625,0.11396484375,0.2763671875,0.10468816161155702,0,0.0,2.0,0.3361658338912214,0,4,625,ref,9152,0.9152,4.853793144226074,1.0185511112213135,,,a37cae6f15e8d3592c0466be65d0d72ec42ad978d2d5f311d6e54913ccb4884b,,9.931787219946273,1084540,1084184,10,SNAi_P,13
0.33734457032803816,1.2038020413218011,1.0444263212649043,0.5630859375,0.514203343581752,0.6314789118299944,0.9223877407878867,0.6762158203125,0.1578687745067009,0.2383017052607019,0.0025951363185909002,-0.0071874431599355205,0.009058867128456258,1.9166881267550786,1.278286896944046,0.02645318368075415,0.5420209468332101,0.9319763970092364,0.29651983783851116,0.7486410286360332,1.0289603064162656,0.25427770614624023,0.5566874742507935,0.9265000224113464,1.0289603061566595,0.4251190601329503,0.07795237485663348,0.5030714349895867,2.9976021664879227e-15,0.21935546875,0.21935546875,0.134921875,0.31953125,0.06821564435958863,0,0.0,2.0,0.3430672155092341,0,5,625,ref,9265,0.9265,3.9936411380767822,1.2635438442230225,,,206354c4292e3efbac10fc99fd004b0b64b4705e8aa832c4499a55228388325c,,10.81598531990312,1027228,1084184,10,SNAi_P,13
0.1710139329637095,1.279110479955706,1.1034482011050175,0.52130859375,0.35936264257435335,0.6923977710040035,0.9974593813873919,0.6098779296875,0.19222757613989994,0.2804519800069316,0.006735117144480691,-0.008588242232294523,0.009437587547661,2.054000758718957,1.2717136824131012,0.02737009013525328,0.391952940486196,0.9737853363035653,0.2723453912308107,0.7745815255043277,0.9918068431911524,0.26045021414756775,0.5202491283416748,0.9243000149726868,0.9918068434880115,0.4162141784572945,0.08271300604780618,0.4989271845050965,4.218847493575595e-15,0.2308984375,0.2308984375,0.1427734375,0.33736328125,0.05451728105545045,0,0.0,2.0,0.3196762796570281,0,6,625,ref,9243,0.9243,3.8188693523406982,1.1538339853286743,,,e5980847136872a29d5f5d3143755245c7f6f1dabbc256e09bdd0b5a32fddec9,,13.991169743938372,962204,1084184,17,SNAi_P,13
0.09075612306402332,1.2939905922917698,1.475290859557189,0.48458984375,0.19842423193356828,0.7439805912694443,1.0451466833907899,0.5495947265625,0.22628708754186175,0.3160503388864725,0.011169693757297481,-0.009996477134697696,0.009578436491829746,2.1843526719435213,1.264145977497101,0.02977242022508973,0.24012873359510178,0.9919368762823523,0.2891124246839303,0.8050517513333406,0.946327578529017,0.27684104442596436,0.5101404190063477,0.9226999878883362,0.9463275778025855,0.42367727190142873,0.07371317286506784,0.4973904447664969,3.3306690738754696e-16,0.2507421875,0.2507421875,0.15849609375,0.36353515625,0.0439822018146515,0,0.0,2.0,0.3091073306207523,0,7,625,ref,9227,0.9227,4.629872798919678,1.1244851350784302,,,fcd189e0e31c207bdaf001c21fe951f478d8a9fd952de7cc44503acf7a5e4ff7,,16.137487786938436,1053956,1084184,10,SNAi_P,13
0.0613508364509544,1.2957329941777092,1.1527530918084592,0.48814453125,0.08429777816284982,0.7908514008108538,1.132875268200264,0.50480712890625,0.26310261723794215,0.35251121830236853,0.009832102624178702,-0.011084339801964526,0.009999896436896832,2.302342699283523,1.255957088470459,0.031170581239119262,0.12050157333870792,1.0375165430232072,0.2648215497082058,0.828217479445279,0.9585780127672479,0.2912539839744568,0.4932716190814972,0.9266999959945679,0.9585780131851789,0.41475873217145,0.08025713960577717,0.4950158717772275,3.3306690738754696e-16,0.2448046875,0.2448046875,0.153828125,0.35349609375,0.046635985374450684,0,0.0,2.0,0.37990071440696077,0,8,625,ref,9267,0.9267,3.80703067779541,1.1387461423873901,,,1618a2466a7847e3aea29abd59e58595a85db599b12bf610eddd07c0afec567c,,17.470254819956608,1084588,1084184,11,SNAi_P,13
0.05641362336846484,1.285101057181896,0.9189861428392437,0.49810546875,-0.04001440119732891,0.8258879413284643,1.0246403417278656,0.47113525390625005,0.2805538175872375,0.386825219364426,0.014711854680104906,-0.012165038744220228,0.009468598229580164,2.413196804073846,1.2498924493789674,0.03350965767945709,0.003732499332309702,0.9833325400899962,0.2802594463983431,0.8564094300715572,0.978509292374365,0.24469195306301117,0.5074179768562317,0.9257000088691711,0.9785092925280332,0.42262454289419593,0.0784998396501011,0.5011243825443006,3.552713678800501e-15,0.24052734375,0.24052734375,0.1503515625,0.34509765625,0.050841498374938975,0,0.0,2.0,0.3620483658956452,0,9,625,ref,9257,0.9257,3.709040880203247,1.1551427841186523,,,3992e83e45b0d7d27c143db280ed3f5b3225b34bc53df785923209eedda6898c,,18.394629290909506,1027248,1084184,10,SNAi_P,13
-0.05846654053989647,1.3635754105477758,1.5256938078180489,0.45568359375,-0.06898473772265454,0.8483101878531363,0.9783491333074501,0.46072998046875,0.2826719687125342,0.4223544805068542,0.014603725596034648,-0.012397855684826726,0.00925904260427048,2.523268777565661,1.2446308410167695,0.0343362812131513,-0.025378366987578723,0.9627466945582881,0.3133695712588571,0.8917094556475236,0.9170266464480664,0.26578596234321594,0.49482548236846924,0.9283000230789185,0.9170266454585362,0.41515039084065036,0.07847391285300945,0.49362430369366367,3.83026943495679e-15,0.26689453125,0.26689453125,0.16720703125,0.37984375,0.038683760166168216,0,0.0,2.0,0.42318521903661294,0,10,625,ref,9283,0.9283,4.101905345916748,1.24265456199646,,,cc564a2f70c7cfbe3a648293a42199d821a4329da645e390f1b598da0f4086f1,,19.438994857948273,962224,1084184,10,SNAi_P,13
0.16925295512526836,1.3141410316742337,1.3696074754540384,0.50548828125,0.0054699157805221214,0.8635681856241695,1.0985622964488662,0.482275390625,0.2711921227684491,0.4596413696793455,0.01491651877442499,-0.011544486611596795,0.009820261966178844,2.622960375542509,1.2411881911754608,0.03734447815935832,0.05859624373453055,1.0237617398041559,0.3426182658489939,0.919965416021796,0.972700927554397,0.25174057483673096,0.496325820684433,0.9194999933242798,0.9727009272330907,0.42960734847600157,0.06614089445393036,0.49574824292993047,1.4432899320127035e-15,0.236796875,0.236796875,0.14802734375,0.3455078125,0.04497756361961365,0,0.0,2.0,0.35307293074497437,0,11,625,ref,9195,0.9195,3.954265594482422,1.087537169456482,,,7399c825a9d97133ac9bef7f399682fc80ab812f74e2d04d4620616a9c763c05,,20.553069934947416,1053976,1084184,10,SNAi_P,13
-0.007212883855767554,1.329879963292146,1.2265409543048984,0.4609765625,-0.011781135650434385,0.8779907104649667,1.0140788728448493,0.4826367187499999,0.2698083889535358,0.49166759421473644,0.009391704494504285,-0.011694561517845106,0.009580076111521925,2.7149387286318487,1.2368347573280334,0.037574007816651434,0.03886946487720732,0.9987454919557949,0.35688952420544195,0.9408546000728937,0.9105063861433882,0.22905504703521729,0.4885267913341522,0.9289000034332275,0.9105063869641162,0.4158730119083357,0.06819238507893172,0.4840653969872649,2.4980018054066022e-15,0.26095703125,0.26095703125,0.16533203125,0.37734375,0.04329593181610107,0,0.0,2.0,0.388431260127571,0,12,625,ref,9289,0.9289,3.9423112869262695,1.082905888557434,,,f1386cbd2bc780d8f6cef912f975e68a2773fe2eb08e96d69bd13ff9d75aa9d8,,21.655084842001088,1084604,1084388,24,SNAi_P,13
-0.12051774642087709,1.333007532670895,1.5092308578585514,0.43392578125,-0.11852954252482549,0.9104310338389472,1.086286303335746,0.44992919921875,0.30124281666147895,0.5173908907495972,0.010250959965977606,-0.012633932991330938,0.009775010502696505,2.801916748123426,1.2301698219776154,0.03998935333639604,-0.06402262873282046,1.0212411804680657,0.3341794777538839,0.9563755459458868,0.8711047642142512,0.31354865431785583,0.49852749705314636,0.9180999994277954,0.8711047638545278,0.4081350307896984,0.07139683521034126,0.47953186600004544,5.717648576819556e-15,0.28181640625,0.28181640625,0.17673828125,0.4020703125,0.03328698873519898,0,0.0,2.0,0.4552606345283128,0,13,625,ref,9181,0.9181,3.262397289276123,1.1027312278747559,,,48aedc321a82b2d3a91f06151b3a028f5bd050ae6e3954865739564ba53c9006,,24.32659288495779,1027260,1084388,10,SNAi_P,13
-0.06748929369107329,1.3061524911395808,1.159580202878668,0.45544921875,-0.1329963663534122,0.9311140767004346,1.0723586583124272,0.44901123046874997,0.3052693994466488,0.5485129847239136,0.013191039659139736,-0.012747820807624231,0.00980157468361297,2.8827873339989805,1.2237122416496278,0.039202262588923495,-0.0821466277584387,1.0211617028733249,0.4070106138582743,0.9686444769712143,0.9232335647044237,0.24905745685100555,0.5052454471588135,0.9232000112533569,0.9232335661584511,0.41317449720394345,0.07378100369378866,0.48695550089773315,1.0547118733938987e-15,0.25759765625,0.25759765625,0.1608203125,0.37240234375,0.034748905897140504,0,0.0,2.0,0.36246239755862575,0,14,625,ref,9232,0.9232,4.739781379699707,1.1119378805160522,,,e3909385e7bcec58430c7b2b38368c18b52bcbd92e20a38e24568388c9344620,,25.184298350010067,962236,1084388,10,SNAi_P,13
-0.1655376362017244,1.3918291512353573,1.6303882917616301,0.42333984375,-0.14855029458813587,0.9479811520699035,1.0919233186513544,0.44047363281249996,0.31111344761212956,0.5777868237914222,0.009767993276229273,-0.012912617426321398,0.009838307858000979,2.9657365562130598,1.2189720571041107,0.043246805237251155,-0.10376821732381968,1.0289823563154867,0.4368501410857589,0.9925319160235879,0.8673830751655623,0.2619509696960449,0.4731329381465912,0.9185000061988831,0.8673830755136441,0.4098316771579522,0.06811436313703367,0.477946040294988,2.1094237467877974e-15,0.28251953125,0.28251953125,0.17638671875,0.40416015625,0.029755938053131103,0,0.0,2.0,0.35925194564526697,0,15,625,ref,9185,0.9185,4.79082727432251,1.1792874336242676,,,265916e3e8b436b3345faa9776dfb2d883315317e0043d1a72e9954b7dc42cd7,,26.0361123199109,1053988,1084388,10,SNAi_P,13
-0.11337181697115917,1.3763468655118132,1.476162548726861,0.435,-0.14902849901395396,0.9769601515163265,1.3429379675310025,0.43310791015624994,0.3347539276326903,0.6074575065756784,0.012239703442434675,-0.012817437063742583,0.010920893563122603,3.0360484169216666,1.2129633247852325,0.047017429058000784,-0.10002688156889157,1.1464447267781972,0.41025619871576235,1.003308922027789,0.8736738717369735,0.2769199311733246,0.46773597598075867,0.9146000146865845,0.8736738717753906,0.4218701224464374,0.06238122538866998,0.4842513478351099,2.55351295663786e-15,0.2822265625,0.2822265625,0.1771875,0.40447265625,0.03339057564735413,0,0.0,2.0,0.45317022692781633,0,16,625,ref,9146,0.9146,3.4265596866607666,1.0438413619995117,9152,0.9152,0326ca27b6415742aa6a8bcf565749d26240cb66052b8caef65c1db11aead9bd,,27.89375755994115,1084620,1084460,15,SNAi_P,13
-0.21505388981937956,1.3676476525856207,1.2946910134330096,0.4158203125,-0.1702152064918776,0.9953188256650939,1.3572858701497972,0.4204638671875,0.33521945835436845,0.6397155997832029,0.015724506585769724,-0.013031079317244103,0.010683534421936742,3.0998858083757828,1.2075243866443635,0.04972473248933635,-0.12735086467748008,1.1258457724778235,0.40474709013259813,1.0135824793822978,0.8609829861915205,0.2469053715467453,0.475016325712204,0.9192000031471252,0.8609829842648469,0.41605879242737037,0.05669258510900411,0.4727513775363753,8.326672684688674e-16,0.282890625,0.282890625,0.1782421875,0.4047265625,0.03181284070014954,0,0.0,2.0,0.4296178379571403,0,17,625,ref,9192,0.9192,3.5718681812286377,1.0823506116867065,9070,0.907,6c567afd4810d18c896dab6acc9c9a9738b95b68708a2ea534b4ac2b3d0ea8d0,,29.314932924928144,1027284,1084460,15,SNAi_P,13
-0.15868777392081512,1.4048592445312302,1.8013891250833816,0.43021484375,-0.14302256068482117,1.008597620149725,1.4418108845794277,0.43307373046875003,0.3329139158336958,0.6669457278014431,0.017409515736549634,-0.01273614452472883,0.010944617564250568,3.177132213716803,1.2046331715583802,0.05105990858152847,-0.10002960497932215,1.1533120487243476,0.42223792010131983,1.034937162978634,0.8702894174214453,0.26576969027519226,0.47564974427223206,0.9258999824523926,0.870289417526219,0.40736161214595085,0.06638296727353504,0.47374457941948234,3.552713678800501e-15,0.27826171875,0.27826171875,0.17484375,0.399609375,0.030493909120559694,0,0.0,2.0,0.36850453938234334,0,18,625,ref,9259,0.9259,4.389145851135254,1.209918737411499,9058,0.9058,68ec6a199da961caeed944331b511934d76a45b14d8952ba2e613309be9302dc,,30.791691127000377,962260,1084460,15,SNAi_P,13
-0.2204180215660786,1.4425090580719226,1.8788886260397626,0.3997265625,-0.18252011802064075,1.0329217165224336,1.6038246502404179,0.41484375,0.35459157932467167,0.6893057343152915,0.023029958823687063,-0.012998179783655178,0.011463131006888701,3.240214889518163,1.198196566104889,0.054608672702169805,-0.13330852898517,1.2112487224528046,0.4357916375339338,1.0467388628466936,0.8312909028062131,0.24490609765052795,0.4687875211238861,0.9283000230789185,0.8312909030448645,0.4088123681148255,0.05624964107925118,0.4650620091940747,1.9984014443252818e-15,0.29712890625,0.29712890625,0.18740234375,0.42345703125,0.030721944570541383,0,0.0,2.0,0.3846374015477946,0,19,625,ref,9283,0.9283,3.944094181060791,1.237894058227539,9093,0.9093,0a7f17f8ab884356e359c03ed1e6eb14bbe855faba473fadfa0dc4961ae8d6e2,,32.231860344996676,1054012,1084460,15,SNAi_P,13
-0.029589674226795117,1.4238802410616467,1.8951445857998916,0.4462109375,-0.11014324854168128,1.035100440227017,1.5954516051444683,0.4366357421875,0.33927227162367557,0.7151445760169602,0.017016073717527856,-0.012420649765136764,0.011537214666877694,3.305632556726538,1.1967811238765718,0.057374570503301935,-0.0755630598379041,1.2228572616087718,0.44239586647195617,1.0699156450802434,0.8813930081331637,0.26840734481811523,0.4647475779056549,0.9284999966621399,0.8813930084905587,0.41980463869483925,0.05816217213539457,0.4779668108302328,1.0547118733938987e-15,0.27455078125,0.27455078125,0.171328125,0.394921875,0.04195293188095093,0,0.0,2.0,0.41415881810098965,0,20,625,ref,9285,0.9285,3.8672611713409424,1.0653905868530273,9202,0.9202,d530641437622a3ed6ceb56187678e0e23b35c2a7a58f5800601a7b1feab231b,,33.6086386119714,1084784,1084460,15,SNAi_P,13
-0.18121789541118946,1.4265701011253118,1.7109650088728414,0.424765625,-0.19391960765597013,1.0585356564580315,1.6003785791132876,0.41886962890624996,0.3605467257960221,0.7429763942915264,0.016974615905486743,-0.01314957617026403,0.0115103862221584,3.366551862649451,1.1915041017532348,0.059669966794238714,-0.15550970790325885,1.2230666368570946,0.4703210792989253,1.0806910224189208,0.887682214366505,0.2863222658634186,0.44836464524269104,0.9189000129699707,0.8876822134060786,0.4113507953389896,0.07000879660993181,0.4813595919489201,1.3322676295501878e-15,0.2718359375,0.2718359375,0.17099609375,0.391328125,0.03207446336746216,0,0.0,2.0,0.3834713796031718,0,21,625,ref,9189,0.9189,4.515188217163086,1.221369743347168,,,3d0d7559ac12abe3d254ff040a6c55b75b6015192067844702de3b3072676aed,,34.40996059193276,1027448,1084460,15,SNAi_P,13
-0.23082327731734564,1.422043558536705,1.689958571668811,0.42744140625,-0.2033446195189433,1.0707818727533833,1.5855988735057238,0.423681640625,0.3621455820012105,0.7689065619854151,0.01552167503061727,-0.013191816744259373,0.011520877709907486,3.4237626440889626,1.1872076845169068,0.06089547288809246,-0.16413315711102153,1.223952874011341,0.4993312694113982,1.0950676113464521,0.876599107318325,0.3073069751262665,0.4714208245277405,0.9136000275611877,0.8765991062356625,0.41837360658658995,0.06051839515666214,0.47889200174325564,3.552713678800501e-15,0.278984375,0.278984375,0.17482421875,0.39880859375,0.035018444061279304,0,0.0,2.0,0.41794388083171935,0,22,625,ref,9136,0.9136,4.017330646514893,1.0333020687103271,,,177ecbf89ef47ba97bd4e22248542bd3f372c290d71069ae9e7d26f492bde0cf,,35.2948578709038,963224,1084460,14,SNAi_P,13
-0.12567378959252268,1.4348092888764605,1.731080999292274,0.4298828125,-0.1733923538651996,1.0831825482517887,1.6845311426864535,0.42401855468750005,0.3624767703411061,0.795047332622726,0.01576032987340606,-0.012895145011784286,0.011863828207258387,3.48193296567914,1.1843354105949402,0.06368609725476215,-0.13661502792004598,1.2629448307689313,0.4853792323601216,1.1061736104200066,0.8681618116132449,0.22031515836715698,0.46572551131248474,0.9294000267982483,0.8681618099473417,0.41151171415324667,0.06533277959169753,0.47684449374494536,1.1657341758564144e-15,0.2819921875,0.2819921875,0.17857421875,0.4020703125,0.03288968801498413,0,0.0,2.0,0.42661917677829103,0,23,625,ref,9294,0.9294,4.9178266525268555,1.2042114734649658,,,f1d9992c1101e5c7d5e53bcaf147265e1723fcad55e50abaa21c0f81dc3c56c8,,36.22831686097197,1054172,1084460,14,SNAi_P,13
-0.22600474487140318,1.4438759336675775,1.7333027896167255,0.4037109375,-0.16696673758742928,1.0904453243687695,1.6774688199957026,0.4317578125,0.3550352454583091,0.8166745892804244,0.01736117069897694,-0.012744042096183135,0.011761005385754832,3.53477458628837,1.1804630303382873,0.06668382230787459,-0.12500875613813484,1.255536362812198,0.520003144962081,1.1114813059950004,0.8395241062599235,0.23326636850833893,0.4431021511554718,0.920799970626831,0.8395241075649392,0.4116086290410431,0.05641593155833413,0.46802456059937597,1.27675647831893e-15,0.29470703125,0.29470703125,0.1866015625,0.4181640625,0.029746252298355102,0,0.0,2.0,0.40507493670623934,0,24,625,ref,9208,0.9208,3.5968220233917236,1.0347830057144165,,,c9960e159ff91d169a004b8a50c533851b9d8502ea1314fd45258f6afddc98f2,,37.21550834097434,1084808,1084496,3,SNAi_P,13
-0.2505365681285239,1.4505478632261366,1.7804058940688336,0.40025390625,-0.1451255988149417,1.0963085191588382,1.6808934653499283,0.43214843750000004,0.3438275252835999,0.8366811156261127,0.021383728270531362,-0.012423573121068295,0.011700137254679662,3.587392928810855,1.176636996269226,0.07069469225044675,-0.09600664963013877,1.2524498669162967,0.5793756650478101,1.122866436172967,0.8488065214699599,0.2549104392528534,0.4521048367023468,0.9225999712944031,0.8488065213954542,0.41274642394004646,0.055035124340318486,0.46778154828036184,3.1086244689504383e-15,0.2850390625,0.2850390625,0.179609375,0.41181640625,0.02872980833053589,0,0.0,2.0,0.4364709650036398,0,25,625,ref,9226,0.9226,4.431227207183838,1.1956902742385864,,,6da7a4672c74771548c669ccb1e54cdf4b0b27fded5fdf342a8d837b2134cb32,,38.06590588495601,1027472,1084496,3,SNAi_P,13
-0.20020518960062347,1.4794588514124967,2.022362766717088,0.409453125,-0.16206752762538734,1.1165851397314874,1.8370127029025982,0.42653564453125,0.359070939611462,0.8609209833741959,0.026770451283526845,-0.01254703318534098,0.012112895653332439,3.6428850127158965,1.1738956296443939,0.07338219244031637,-0.11139499509011035,1.299233998034431,0.6033176067755845,1.1299064673849406,0.8551002481719479,0.2460193932056427,0.4441445469856262,0.9257000088691711,0.8551002481905744,0.40106363535498457,0.07402617071294007,0.4750898060679283,3.6637359812630166e-15,0.28697265625,0.28697265625,0.179375,0.41123046875,0.03162438869476318,0,0.0,2.0,0.44234443668156553,0,26,625,ref,9257,0.9257,4.135390758514404,1.1602094173431396,,,0a4aa55c2231a5857675bc22ecf631bf5f182d91395d3452bbe942e7474281c6,,38.97866419190541,963520,1084496,3,SNAi_P,13
-0.29427369238871276,1.4746830088126304,1.7224099956940517,0.40154296875,-0.3253595059008819,1.1509415113320773,1.853528233141354,0.39143798828125004,0.4019147018841575,0.8864201749752731,0.0363314856479356,-0.014010642604581703,0.012005952491733703,3.6952996970179446,1.1665682685375214,0.07733126121799146,-0.2686513025092494,1.293446895268317,0.6494924453791253,1.1338422005506572,0.8697665196284652,0.270976185798645,0.44061192870140076,0.9182999730110168,0.8697665201709606,0.4030235528929736,0.07491759687013876,0.47794114976311347,1.1102230246251565e-15,0.2794140625,0.2794140625,0.1742578125,0.402109375,0.029456788301467897,0,0.0,2.0,0.39820223541755173,0,27,625,ref,9183,0.9183,5.264985084533691,1.196373701095581,,,90d70431d9050c5083966820a73064da19f3e2bd0891f49933c71d9f1b050a2d,,39.82265346799977,1054200,1084496,3,SNAi_P,13
-0.27700428439647745,1.4949320586836483,1.6328971492035995,0.40119140625,-0.30737907005335324,1.1604837092866924,1.7850236767949061,0.403154296875,0.39681465644492336,0.9176463546163844,0.032261428458491774,-0.014028174063324763,0.011803870176016674,3.7522783761978786,1.1630564880371095,0.0786784529414348,-0.2739589672818656,1.271138390572326,0.6288413162904207,1.1453373949658658,0.8591228608216624,0.3034515380859375,0.4328072667121887,0.9110999703407288,0.8591228607308585,0.4099161713350914,0.06545739777553393,0.47537356911063017,4.829470157119431e-15,0.2849609375,0.2849609375,0.18044921875,0.4074609375,0.028133809566497806,0,0.0,2.0,0.43236266834411075,0,28,625,ref,9111,0.9111,3.3936238288879395,1.1596430540084839,,,748bb2ada18178881a9ffc982f6d3c36f4a9a8532920568b682e502819c7837c,,40.661630257964134,1084832,1084496,3,SNAi_P,13
-0.2651004421407354,1.499096801658273,1.7846868139423082,0.40265625,-0.26255397227016586,1.1623109903007462,1.6950840543332626,0.41196044921875,0.371305771869859,0.9450250827710127,0.03463598353302946,-0.013391257805183313,0.011627036860021273,3.8045508687251104,1.1602739596366882,0.0816191305205166,-0.21149718786563043,1.2535578741293565,0.6883648883818607,1.1522064522635191,0.8692623204842675,0.29453057050704956,0.4393162429332733,0.9190999865531921,0.8692623202735558,0.4170649188798326,0.05400969349350512,0.4710746123733338,3.885780586188048e-15,0.27482421875,0.27482421875,0.173046875,0.3996875,0.03606911301612854,0,0.0,2.0,0.43145408813485825,0,29,625,ref,9191,0.9191,4.0242743492126465,1.0441148281097412,,,a0fc075d23e25af22c76fdb60c07e5e67ba739df93ea0e368ccee327fd0d5377,,41.54295237199403,1027488,1084496,3,SNAi_P,13
-0.23854072475124263,1.5126890794226981,2.370684132644563,0.4112109375,-0.25860900076737237,1.1728820989001587,1.8209095822959152,0.41115478515625004,0.38036702938950673,0.9641899457394643,0.031095442791470376,-0.013383885833614273,0.011960798085102378,3.8503306233098726,1.1565087646245957,0.08457635518030525,-0.21450721424115912,1.2916132833238863,0.6811394780216389,1.1563758719230894,0.8737597260205076,0.25280600786209106,0.4273725152015686,0.9126999974250793,0.8737597255059518,0.40557997618964464,0.07097905192232182,0.47655902811196865,2.1649348980190553e-15,0.277109375,0.277109375,0.17302734375,0.40115234375,0.03682459592819214,0,0.0,2.0,0.4295565496590462,0,30,625,ref,9127,0.9127,4.038928031921387,1.2145271301269531,,,f6ec6423593f0c7a153dff3eff4a573dd273bce9bb6f147bc24e8ea24404a48b,,42.56525953300297,964464,1084496,3,SNAi_P,13
-0.2974850092307164,1.5545189978730858,2.150450305490158,0.38900390625,-0.22065816005102637,1.1870044887763502,2.0156005105929875,0.41800537109375,0.38103130536931723,0.9910784375494344,0.036869913456452165,-0.012965683745945018,0.012435546204693455,3.8961335449474954,1.1534995305538178,0.08898355792462982,-0.17467674153936869,1.3454919067778541,0.5713774554443221,1.1647741505717706,0.8484254829096608,0.33666881918907166,0.4261399209499359,0.910099983215332,0.8484254803671502,0.40502633600780313,0.064082713890444,0.46910904989824487,2.275957200481571e-15,0.28701171875,0.28701171875,0.179609375,0.41208984375,0.030931955575942995,0,0.0,2.0,0.43468058615095007,0,31,625,ref,9101,0.9101,4.288838863372803,1.3125940561294556,,,8f23b360fcfb4870fc9b7ef452ced574ee02e404375ec259a09b8f627d214cfa,,43.495718404999934,1054216,1084496,3,SNAi_P,13
-0.1992826515173332,1.5705323064876104,2.678950063275455,0.42263671875,-0.30937775908201565,1.2238189342463646,2.394097897680043,0.39498779296875,0.4400389470370978,1.0153688604711377,0.04232497631167144,-0.013811326591581272,0.013490045246019839,3.944506416901396,1.1501163268089294,0.09287650100120147,-0.26468574799911193,1.4572410132040874,0.5588202428906023,1.179814938328949,0.8828749337978661,0.3079882860183716,0.4164661169052124,0.9158999919891357,0.8828749343391974,0.40237052541735324,0.07504902064417887,0.47741954606152576,6.38378239159465e-15,0.27380859375,0.27380859375,0.1723046875,0.39337890625,0.0387894868850708,0,0.0,2.0,0.42393810328119585,0,32,625,ref,9159,0.9159,4.200018405914307,1.0822534561157227,,,4127f767f3e98260121c8c58e992233a8d35387193972da6b033859d67997ebf,,44.34701658599079,1084848,1084496,3,SNAi_P,13
-0.3444685579364627,1.5795266147741418,2.768534734018893,0.39775390625,-0.3159544124274355,1.2281827727234182,2.2990878888956012,0.400625,0.43392085096076616,1.0356438116450501,0.03886826060876681,-0.013893697800037453,0.013210484624309826,3.992594714125183,1.1459823042154311,0.09413477135840694,-0.27725769694642516,1.426603420619613,0.5419369325020102,1.1857827514386585,0.8613027831248473,0.32391151785850525,0.41710421442985535,0.9200000166893005,0.8613027843565214,0.41457911712194656,0.06136734297981154,0.4759464601017597,1.609823385706477e-15,0.28416015625,0.28416015625,0.180546875,0.4057421875,0.029293107986450195,0,0.0,2.0,0.43935543201234706,0,33,625,ref,9200,0.92,4.034369468688965,1.3893049955368042,,,8e3931d03f8fa344a330992bc1f8d5d657d39551a502043cd98d2b6145c0953e,,45.26614723994862,1027512,1084496,3,SNAi_P,13
-0.15681343068433282,1.5397188901322998,2.425805217009552,0.409140625,-0.24491621166501037,1.2320475184725328,2.3679346548319167,0.41353271484375004,0.41987274917508244,1.0617637133212587,0.036304625277984205,-0.01322522813551215,0.013444168561583664,4.033235928027288,1.1431895178556442,0.09646868373629507,-0.21157391358313302,1.4536039773039868,0.4976912697100486,1.1874868758937667,0.8551450807158836,0.2795742154121399,0.4264582395553589,0.9189000129699707,0.8551450809917879,0.4169390865918504,0.05419031161144483,0.47112939820329,5.2735593669694936e-15,0.28326171875,0.28326171875,0.1775,0.40919921875,0.031016337871551516,0,0.0,2.0,0.46462699688309056,0,34,625,ref,9189,0.9189,4.314721584320068,1.275633692741394,,,a0d9761e53f8c5236d99fdfabfb18da14309b9b85425e53616e13595224ceff2,,46.31223877100274,963556,1084496,3,SNAi_P,13
-0.23441303376422418,1.5099660574818126,2.0379257766575916,0.4116015625,-0.28004572742863265,1.239780658730607,2.269626370311049,0.40921874999999996,0.4145378699551267,1.083589555753913,0.03892865605345764,-0.013415518760581238,0.013082709418542986,4.0782703152236515,1.1390047138929367,0.09846288918725579,-0.2352516727937724,1.4193004865085022,0.5432980576234308,1.1963410850638472,0.8669336149957962,0.22884149849414825,0.42635291814804077,0.926800012588501,0.8669336166232824,0.41370773209373124,0.06701897879399017,0.48072671088772373,2.3314683517128287e-15,0.28525390625,0.28525390625,0.178828125,0.40669921875,0.03459925055503846,0,0.0,2.0,0.4736963424245279,0,35,625,ref,9268,0.9268,3.4789509773254395,1.1618595123291016,,,3e3642da191775bf88653155826503340289385a4aaab393e9e0a405a1533235,,47.231542260968126,1054232,1084496,3,SNAi_P,13
-0.1864727876541098,1.582062095157149,2.178478984316945,0.42005859375,-0.2474515967903635,1.2521663787149893,2.3906757681107873,0.4182275390625,0.4218622579994704,1.1123816336459487,0.033676748338790266,-0.01318054780319698,0.013550302447333384,4.127821221198945,1.1364884078502655,0.10217258687456066,-0.2136980681133478,1.4707624068296627,0.5434590444492076,1.208899081091201,0.8703687860199716,0.2719690203666687,0.4240069091320038,0.9243000149726868,0.8703687854623422,0.4093921448899433,0.07178529022392559,0.48117743511387234,3.4416913763379853e-15,0.282578125,0.282578125,0.17728515625,0.40369140625,0.03508653044700623,0,0.0,2.0,0.4730373233541922,0,36,625,ref,9243,0.9243,3.785529375076294,1.3846105337142944,,,df35a332cb8755d10061825fc1e33fcf84ea18a95d8ea1dcd1094651e24a0dbb,,48.12653419689741,1084856,1084496,3,SNAi_P,13
-0.2803895430628981,1.5916076609041874,1.9349529386492252,0.40828125,-0.22043919055821154,1.246540090215272,2.0053206082018527,0.4239404296875,0.3782110902912782,1.1456929958091735,0.02995811041344577,-0.01292146852563641,0.012385417163343482,4.1742766969157765,1.1325953423976898,0.10239734967166078,-0.1910516192765507,1.3525344910352262,0.5232852900037914,1.21522423990154,0.8523406760126818,0.26973557472229004,0.4156947731971741,0.9233999848365784,0.8523406760953367,0.4112608963021937,0.061417380087122074,0.47267827638931675,9.992007221626409e-16,0.2880859375,0.2880859375,0.18248046875,0.411953125,0.026002544164657592,0,0.0,2.0,0.41044674206713644,0,37,625,ref,9234,0.9234,4.090843677520752,1.1893762350082397,,,4845c6bdd81e89c48541d94c42b5c5626169e7490fca038562a400b9ddb37a10,,48.98462516092695,1027516,1084496,3,SNAi_P,13
-0.24740515042545624,1.6166986467434403,2.3334419596638245,0.413828125,-0.23638847764300924,1.2568094652979858,2.0610217095785255,0.42203613281249996,0.38387399930694655,1.1625526797812542,0.03314335297440771,-0.013027564751585811,0.012467646889557602,4.21295483342264,1.1293767875432967,0.10496159796359167,-0.20513843936290274,1.3646041466112027,0.5815036762746555,1.219829838769605,0.871781919489149,0.316161185503006,0.41339701414108276,0.9200000166893005,0.8717819182900712,0.414026235375745,0.06150409699634597,0.47553033237208825,2.7200464103316335e-15,0.27767578125,0.27767578125,0.1751171875,0.39875,0.033515077829360966,0,0.0,2.0,0.39083646100461744,0,38,625,ref,9200,0.92,4.9324259757995605,1.1815532445907593,,,28d212f56983565c2d549d3bcad58b72bd6c1eb36099e244ecbccbf6340b142c,,49.951973964925855,964492,1084496,4,SNAi_P,13
-0.32771323512767514,1.5542416459103363,2.052871738847884,0.39111328125,-0.23035221265880026,1.2638903682940454,2.0073407051179277,0.426826171875,0.37834523427458516,1.1869657747996165,0.03210785399225569,-0.01297924581438711,0.012329465180501514,4.251682676416282,1.125945816040039,0.1051598317516978,-0.20361972466853573,1.347775234115471,0.568666941641536,1.2229721964030145,0.8405759160686285,0.22188517451286316,0.42012134194374084,0.9302999973297119,0.8405759155529086,0.4033192016346676,0.07224628041068641,0.475565482045352,2.0539125955565396e-15,0.29880859375,0.29880859375,0.18779296875,0.4205859375,0.02626945972442627,0,0.0,2.0,0.4701620855132516,0,39,625,ref,9303,0.9303,3.897747039794922,1.1292365789413452,,,6879ce31b24ffb56bb40f1987b0f93a7d2475e065d69f5ad9f1c7b329ecc9bf3,,51.20702210289892,1054244,1084496,4,SNAi_P,13
-0.46466974890116297,1.6031121908034967,2.131163864414184,0.367421875,-0.27418432951428817,1.2816084948548303,2.092926008509402,0.41879638671874997,0.3955865063876429,1.2104193053278787,0.036514522368541226,-0.013267492327941404,0.012611675705187208,4.2867014734886295,1.1211420702934265,0.10578848147324346,-0.23795081253747405,1.3744440831657245,0.5177858120144588,1.221464200487655,0.8142017409286928,0.22475337982177734,0.42314693331718445,0.9233999848365784,0.8142017436167225,0.4042396487659518,0.05945018828084276,0.4636898370467939,6.661338147750939e-16,0.3059375,0.3059375,0.1930859375,0.4344921875,0.02493081092834473,0,0.0,2.0,0.4400025127164233,0,40,625,ref,9234,0.9234,4.030064105987549,1.0511234998703003,,,f00ddbb10b87947129d23cceb2f0af9b0637b514ddb0b76b2c9c8de4cdd312e4,,52.85887479700614,1084880,1084556,12,SNAi_P,13
-0.3231974170439615,1.6315262719584316,2.270409100103272,0.39771484375,-0.28038606580964437,1.2868864924753731,1.9685750194499718,0.41468505859375,0.3861506991249126,1.2369986784846847,0.032927466905970385,-0.013302529044574542,0.01225278976893348,4.323495616489259,1.116886067390442,0.10669880696503531,-0.24579590002681853,1.3334895855885533,0.498037976991206,1.2237332450338303,0.8416413039411418,0.3004525303840637,0.39280229806900024,0.925000011920929,0.8416413047059905,0.4174092049064014,0.05004549168402762,0.46745469659042516,3.83026943495679e-15,0.29107421875,0.29107421875,0.18134765625,0.41810546875,0.030491876602172854,0,0.0,2.0,0.40131869798449954,0,41,625,ref,9250,0.925,5.3736796379089355,1.1218043565750122,,,76193ff4663723849c395349d7397950e2dff70bef3a4d8aab265e6af015668b,,53.793188381008804,1027548,1084556,12,SNAi_P,13
-0.4232794074934988,1.5962045606058521,2.1613607370633288,0.37947265625,-0.33534427845418224,1.3024079664127837,1.9842150335381934,0.40341552734375,0.3966375372205971,1.2619865424325396,0.037642431322345085,-0.01368814670603875,0.01219039088673391,4.3636241596516685,1.1117237704992293,0.10823668535978277,-0.2904600263697178,1.3288596514742517,0.632639194349571,1.2277473220435535,0.8359114708518609,0.2942024767398834,0.4121590256690979,0.9168000221252441,0.835911469378043,0.40296348288066797,0.06536003113551017,0.4683235140161807,2.609024107869118e-15,0.2979296875,0.2979296875,0.1870703125,0.42134765625,0.024329489469528197,0,0.0,2.0,0.4282019770979378,0,42,625,ref,9168,0.9168,4.729534149169922,1.4428528547286987,,,36270ce46e980831e47737c1c69918358d0459aed781ebd6d43df5bdd449f616,,54.92074823193252,964520,1084556,6,SNAi_P,13
-0.27870689878792765,1.6139257515100465,2.3747207365984218,0.39658203125,-0.30678486594534254,1.3045112753491528,1.941105317472203,0.41057861328124995,0.3866898694201899,1.2831752164102517,0.03188458168263111,-0.013430586857355266,0.012131124260887353,4.405686924113346,1.1085961204767227,0.10859088549119719,-0.26720380907228436,1.3246382054615569,0.6308785950370884,1.237591649605653,0.8445645731303375,0.2922312319278717,0.40228071808815,0.9204000234603882,0.8445645741617773,0.4118465086492178,0.05559115543916865,0.4674376640883879,1.4432899320127035e-15,0.2871484375,0.2871484375,0.180703125,0.41388671875,0.028557246923446657,0,0.0,2.0,0.4687010619827499,0,43,625,ref,9204,0.9204,4.241539001464844,1.1687513589859009,,,05d2e05a1bcd0b4fbf05cca83f4f205bec2305de9c0b0caafe0b3654d2ff32d0,,55.77323378995061,1054276,1084556,6,SNAi_P,13
-0.4103794126304114,1.6202956784933555,1.8178750606114378,0.390703125,-0.39422446294243735,1.3150351121762496,1.8040049176737325,0.3927685546875,0.3946653496013828,1.3088003559200183,0.02585164073500022,-0.014131989514449566,0.01160117775112884,4.441750256046894,1.1036584931612015,0.10975107200479803,-0.34399158980737476,1.2689494905677727,0.6956136123533414,1.241289168745249,0.8464250957919285,0.3397268056869507,0.39732158184051514,0.909500002861023,0.8464250942971557,0.4140321274271736,0.06114063485195558,0.47517276227913263,3.4416913763379853e-15,0.29435546875,0.29435546875,0.18505859375,0.4175390625,0.027144986391067508,0,0.0,2.0,0.4783533565857354,0,44,625,ref,9095,0.9095,4.021470069885254,1.1287299394607544,,,39275c11076b85a1230b59e083695f2ac3a73d566fb3e6a6983f8e7d7366d370,,56.72064324293751,1084904,1084884,10,SNAi_P,13
-0.3649804938774831,1.6202580564490314,1.9940897399428033,0.38228515625,-0.3969124240916453,1.3172289938145325,1.6329514730629524,0.38969726562499996,0.3816997683448491,1.3286482869729346,0.024744166827861985,-0.014151412351100916,0.011093038944899648,4.476142343952961,1.1022443503141404,0.1090208694466198,-0.34739536554094946,1.2119265611988763,0.7141601518823235,1.2468742391338878,0.8159549068682828,0.3199290335178375,0.4010016620159149,0.897599995136261,0.8159549059555866,0.4074741971705217,0.054884057798322096,0.4623582549688405,3.3306690738754696e-15,0.3045703125,0.3045703125,0.19251953125,0.43185546875,0.02594168782234192,0,0.0,2.0,0.4051593453078322,0,45,625,ref,8976,0.8976,4.3951096534729,1.23106050491333,,,091564bec92c2d94314296312a2a7033432a7b6687b2bee077f04e65800e003d,,57.55597104295157,1027564,1084884,27,SNAi_P,13
-0.29207299724582747,1.6368747245805577,2.0488085231147206,0.405234375,-0.3512616688375074,1.324951476938835,1.8092827093209767,0.39814697265625,0.3812770235280362,1.3486948887102568,0.025524504004106614,-0.013664422448557314,0.011672337323986351,4.512846815325164,1.0999034982919693,0.11233962409475745,-0.2998500375527778,1.2776385498001377,0.6892272689607445,1.2547155829085637,0.8567327531601768,0.25167128443717957,0.40180137753486633,0.9244999885559082,0.8567327525862493,0.4104945702378199,0.0570105710676412,0.46750514130546167,6.106226635438361e-16,0.2792578125,0.2792578125,0.175390625,0.40662109375,0.03589674234390259,0,0.0,2.0,0.48092267845015746,0,46,625,ref,9245,0.9245,4.663691520690918,1.1164000034332275,,,8288a91a058e3956ec7191d9a71af20d0b2fb0866cd21a47677e4b1ea91c7987,,60.789292378001846,964540,1084884,27,SNAi_P,13
-0.45882182936255556,1.666734539500794,2.306999895602401,0.38123046875,-0.4219241047768657,1.3381022434317966,1.7958740718755926,0.38551513671875,0.3990357722690906,1.363378355011727,0.028103486596388737,-0.014286308117088553,0.01157168140530757,4.548433205405379,1.0942593878507614,0.1117923727298815,-0.3691987551001339,1.2672321284986192,0.6766814623442676,1.2558155844365264,0.8344903017336037,0.2690221071243286,0.3950914740562439,0.9239000082015991,0.8344903029501438,0.4153512857712879,0.05098995354639388,0.4663412393176793,2.4980018054066022e-15,0.297890625,0.297890625,0.18646484375,0.42134765625,0.02709951400756836,0,0.0,2.0,0.42755298316078605,0,47,625,ref,9239,0.9239,3.8891804218292236,1.0961965322494507,,,2921253e83a8d58f60c4e3372521e35913dddd5bbf937e3b6260158d3f9b9eb0,,64.01052955992054,1054292,1084884,27,SNAi_P,13
-0.3876460268304819,1.6874822281778972,2.498213676802923,0.39701171875,-0.42420398139229554,1.3479193833299692,1.8595781944176832,0.38594970703125003,0.40170373408587323,1.3815907445347446,0.033592185336026474,-0.014289474738846501,0.011665042361085141,4.582230820102966,1.0923179405927659,0.11317733391707493,-0.37146458416197525,1.2795660036916774,0.6886743403842868,1.2596163103537386,0.8554021490528249,0.2853323817253113,0.3904207646846771,0.9171000123023987,0.8554021472029854,0.41423745921830046,0.06047258504701311,0.4747100442653144,7.771561172376096e-16,0.2851171875,0.2851171875,0.1803125,0.4106640625,0.031053060293197633,0,0.0,2.0,0.5568217271949698,0,48,625,ref,9171,0.9171,3.9128150939941406,1.0884798765182495,,,c9e336138b3c9cd5f0b09131883d6ebbf334b6e516c9ca2658bfc4bcc620effc,,66.9407381269848,1084920,1084936,27,SNAi_P,13
-0.4768678257528622,1.7123783922029256,2.2539700441857913,0.37958984375,-0.4023220865000266,1.3601172388868163,1.960323008477039,0.39583251953125,0.40548295779832716,1.4109285601360022,0.033507385582767044,-0.01406407458211338,0.01206918767895714,4.620812981504405,1.0900450426340103,0.11559318126291765,-0.3506479832740043,1.3214558488206671,0.586598526781868,1.2721269453850668,0.8265394562727306,0.32096993923187256,0.382438600063324,0.9108999967575073,0.8265394570829813,0.40957851679394636,0.05456260142196276,0.46414111821590653,2.55351295663786e-15,0.29970703125,0.29970703125,0.18982421875,0.42443359375,0.02769283652305603,0,0.0,2.0,0.5027132181160252,0,49,625,ref,9109,0.9109,3.6563313007354736,1.0527173280715942,,,643d8d29c03ae169e7cc3db804add063487f56aa57fc2106b693c9ac4c53cd22,,70.20278096594848,1027576,1084936,27,SNAi_P,13
-0.36479772561057416,1.6675422598169487,2.649146575356237,0.39166015625,-0.4280434463612985,1.367047598705104,1.8218667906224888,0.3920166015625,0.4049163794260663,1.4422600679004116,0.021642689798913085,-0.01433304294358009,0.011728062331098936,4.654609184193334,1.0859352874755859,0.11468457507448242,-0.38231026883836217,1.2801769404515548,0.7084393883616649,1.2731283273147176,0.8449334690230899,0.27524667978286743,0.3937676250934601,0.9178000092506409,0.8449334702140185,0.4074020484252903,0.06171059779890431,0.469112646224195,3.885780586188048e-16,0.291015625,0.291015625,0.18265625,0.414765625,0.031110548973083497,0,0.0,2.0,0.44389817870126613,0,50,625,ref,9178,0.9178,3.8339643478393555,1.2057368755340576,,,041200699948fc30cee8f98aa00004c3ffc86506510481a229539c2af8d50ca4,,73.61709216795862,964552,1084936,27,SNAi_P,13
-0.4103235103284223,1.6883407510802988,2.137068269294077,0.384296875,-0.46554135242550193,1.3825869285475456,1.9153613800021632,0.3811181640625,0.4230301784100485,1.465725604310213,0.022790832270273897,-0.01469752519998192,0.011929357666091099,4.689073807900869,1.0820693922042848,0.1170518042663225,-0.4235129289141647,1.3049213884268893,0.6559889503301308,1.2785963245346996,0.8274638272658922,0.28949862718582153,0.38690054416656494,0.9218999743461609,0.8274638284242246,0.4176494646557121,0.04426775004580428,0.4619172147015208,4.385380947269368e-15,0.2966015625,0.2966015625,0.186875,0.42396484375,0.027155691385269166,0,0.0,2.0,0.465213453340803,0,51,625,ref,9219,0.9219,5.4180450439453125,1.0972182750701904,,,419cc531d11f17b5c6be88b5226f0efe58c68c0540062c13bd7080938572284e,,77.00242842000443,1054304,1084936,27,SNAi_P,13
-0.5451011399982114,1.7198305162450707,2.9641670518459584,0.35998046875,-0.4822137289331643,1.397832075872944,1.9879897591244915,0.37374023437500004,0.434915196057024,1.4896095892089085,0.029409727073330262,-0.014879160347426283,0.01212454485093129,4.726134692596151,1.078108565211296,0.12074970541607284,-0.4460800629666788,1.331419997316949,0.6750444735277065,1.2828229026340723,0.8062426279508509,0.24913564324378967,0.36487942934036255,0.9218999743461609,0.8062426293408498,0.40407434305611356,0.05359197779027443,0.4576663208463932,5.218048215738236e-15,0.30748046875,0.30748046875,0.1930078125,0.43583984375,0.02693687081336975,0,0.0,2.0,0.41016890245179594,0,52,625,ref,9219,0.9219,5.362308979034424,1.3948116302490234,,,b4e0256cecf9aeaedcccea11a7ce8b919dd881bb76afe8fd791455fbfd5bc036,,80.07433351990767,1084940,1084952,8,SNAi_P,13
-0.5481043189572303,1.7199321510616352,1.9442520021012653,0.363046875,-0.4262270392810952,1.393833872230134,1.811995836963679,0.3863940429687501,0.40537896406558305,1.5159855197366312,0.021408379573834898,-0.014500101647077952,0.01153787023819092,4.761137552679381,1.0759094840288161,0.12140012750497209,-0.40944920032220156,1.2760213986690936,0.672357736788305,1.2859536821505124,0.8087933814304415,0.2525014877319336,0.38086163997650146,0.9251000285148621,0.8087933794909623,0.4079840255504991,0.04608216483670833,0.45406619038720314,4.3298697960381105e-15,0.30375,0.30375,0.18970703125,0.4343359375,0.028480237722396853,0,0.0,2.0,0.5402566339190852,0,53,625,ref,9251,0.9251,4.341960906982422,1.1863106489181519,,,8cce209772ea2815895a3126fef38f47d26ff354278383802b053bc63caa00d3,,80.91715505591128,1027604,1084952,8,SNAi_P,13
-0.4424035972163851,1.6623731907579578,1.86951455796256,0.37666015625,-0.4318628161892022,1.3948064233433093,1.6988469110605056,0.38569091796875,0.39199131729142195,1.5345891281549382,0.018904513153394687,-0.014505795878464374,0.01102802363744099,4.790889001693824,1.072428948879242,0.12306032077179166,-0.4135130400751768,1.2271813436856769,0.6992862278140879,1.290209739508174,0.8271305462752935,0.30586233735084534,0.39253827929496765,0.9182999730110168,0.8271305478317663,0.4094699060767254,0.05461186606145457,0.46408177213818097,9.992007221626409e-16,0.29841796875,0.29841796875,0.18880859375,0.42384765625,0.027090507745742804,0,0.0,2.0,0.4765686436838041,0,54,625,ref,9183,0.9183,4.554754734039307,1.2483527660369873,,,2d93d7a72a80d819fb2a89794a8161b16c6eb99d4555311ef21f7e954e772070,,81.79330965399276,964576,1084952,9,SNAi_P,13
-0.4752525008103741,1.664325646553723,2.1592281969713776,0.37828125,-0.42878488471152404,1.4094943888793767,1.862141604775932,0.38837890625,0.40871179095596105,1.5581182671640224,0.019844374162463797,-0.014474180395957183,0.011691730550679564,4.820640883918136,1.0705182927846908,0.12708809393352102,-0.41218507532106197,1.296230194336315,0.7538953203030563,1.2969333156449816,0.8311449953971897,0.2851594388484955,0.39159294962882996,0.9172999858856201,0.831144995065406,0.4055073077266509,0.06233352074406697,0.46784082847071107,6.772360450213455e-15,0.2982421875,0.2982421875,0.1883203125,0.42478515625,0.029818207025527954,0,0.0,2.0,0.4707347035369817,0,55,625,ref,9173,0.9173,4.198129653930664,1.2402443885803223,,,a26dd0360905acf0559f60fe2fadc431e2a6efaa148bf5bfbfce1ce236d27a61,,82.63509471993893,1054928,1084952,9,SNAi_P,13
-0.38457713238381985,1.6739321103282496,2.0205659596160537,0.38697265625,-0.42842102944931126,1.405062105827115,1.634708891296103,0.3913134765625,0.3876923563112344,1.5701954452407836,0.016311719679309025,-0.014463111941207515,0.01091844249657658,4.850323087998313,1.0687006402015686,0.12742401155846214,-0.4128688996190509,1.2132076106460903,0.7423885947108309,1.3004683723410813,0.8286484158691019,0.26665323972702026,0.3855767250061035,0.9243000149726868,0.8286484157817904,0.41440476374365287,0.04842814392753755,0.462832907671188,2.3869795029440866e-15,0.29712890625,0.29712890625,0.18626953125,0.4231640625,0.031154721975326538,0,0.0,2.0,0.481745230047966,0,56,625,ref,9243,0.9243,3.9671120643615723,1.1805715560913086,,,1372e15d4867d000925b0f080f66061b157a140bc905ed2c39a11170195e849e,,83.45810605795123,1054928,1084952,9,SNAi_P,13
-0.5255076120706096,1.7280021679491047,2.3113338468742457,0.3696484375,-0.4136474717213525,1.4167127953663874,1.7979567193051935,0.39149169921875004,0.3922737374917308,1.5885582007026806,0.02624320636043135,-0.014268748385538155,0.011343608877313558,4.882432188003005,1.0646751946210862,0.13365008644632298,-0.39698416785308666,1.266042197163447,0.7134278455850245,1.3029290017681823,0.8204799759353045,0.3106340765953064,0.3790408670902252,0.9118000268936157,0.8204799744824414,0.41019532353910326,0.05451714988737618,0.4647124734264799,4.996003610813204e-16,0.30380859375,0.30380859375,0.19150390625,0.43146484375,0.026275748014450075,0,0.0,2.0,0.44184296684384083,0,57,625,ref,9118,0.9118,5.275359153747559,1.1570683717727661,,,a6d659726b8911d6d7ab7df5b1001dee9013408491bd926322ce3d687d52cfa8,,84.3988367349375,964184,1084952,9,SNAi_P,13
-0.4350204155218416,1.6999335877513215,2.0026447848653945,0.37841796875,-0.4573960805529947,1.4321040030198766,1.8612112008184085,0.3842333984375,0.41234478693658916,1.6137393303383234,0.024837758190641487,-0.014540667709597086,0.011740731048551827,4.9128483697558725,1.0610600590705872,0.13389194306913554,-0.4284541239603218,1.2999042094871602,0.7192447064425582,1.3041861161187256,0.8171981694328133,0.30657267570495605,0.3808750808238983,0.9139999747276306,0.8171981694945134,0.4126827243026986,0.04434412873470714,0.45702685303740226,3.497202527569243e-15,0.2988671875,0.2988671875,0.1873046875,0.42986328125,0.029815858602523806,0,0.0,2.0,0.46513227981627026,0,58,625,ref,9140,0.914,4.088661193847656,1.2234580516815186,,,fc758f78f95b39f9421d775a7de2debe5b92db87d800127e9a040bda1ae42923,,85.2193184599746,1054336,1084952,9,SNAi_P,13
-0.49190759264023787,1.7041327437692098,2.449955372200017,0.3655078125,-0.4358316656806246,1.4342616804508317,1.878738342058761,0.3870849609375,0.3979039579811646,1.6313683991195955,0.027834210908883748,-0.014269570506531704,0.011550890303933772,4.944398113905116,1.0587962275743485,0.13697535626770505,-0.4029473511754807,1.2900707606686679,0.6997202781631638,1.3076682493164875,0.7993478060606867,0.3056439161300659,0.385946661233902,0.9180999994277954,0.7993478057230823,0.40270286542384953,0.05018245521475653,0.4528853206386082,2.1094237467877974e-15,0.3093359375,0.3093359375,0.19369140625,0.4422265625,0.02807934284210205,0,0.0,2.0,0.5289290942581815,0,59,625,ref,9181,0.9181,4.801507949829102,1.3493609428405762,,,9b6a339a6010c57ec7a2d21ac396e48631c615e120099e8e17fd9e9964f0af35,,86.05670116795227,1084964,1084952,8,SNAi_P,13
-0.36415040023968936,1.7151643285311908,2.6124922235698524,0.3930859375,-0.4369783382766185,1.4449192150439354,1.971201920737314,0.38891845703125,0.4102865045412612,1.653144669974084,0.02436036348783634,-0.014323335093144554,0.011932074045970586,4.9733271758015,1.0564665466547012,0.1385042348349793,-0.4107845587028489,1.3279717566374591,0.649445135868024,1.307237295746556,0.8379048116423655,0.2919731140136719,0.376537948846817,0.9150999784469604,0.8379048115387558,0.40572210976714085,0.06282829436927143,0.4685504041364126,3.3306690738754696e-16,0.2944140625,0.2944140625,0.18513671875,0.4185546875,0.03189091086387635,0,0.0,2.0,0.39724894405805,0,60,625,ref,9151,0.9151,5.571181297302246,1.33949613571167,,,e3156c677e3ef9b67c743b779e9ab10a7caef594b531324daa1a4a46d139ce60,,86.98552832799032,1027624,1084952,1,SNAi_P,13
-0.33713670990930494,1.7148527337779444,2.6541923299176426,0.39771484375,-0.42427184367589904,1.4558138169858228,2.220015887375573,0.3910327148437499,0.4245315964512152,1.6657215464412325,0.029140726834382305,-0.014212133019708082,0.012554436241749336,5.001469791463025,1.0546487540006637,0.14291907379645186,-0.4012110542807041,1.395875406968056,0.6592782083968165,1.313951395983192,0.8470439601584804,0.22823584079742432,0.3781798779964447,0.9247999787330627,0.8470439576834906,0.4078926810784461,0.058988908875221874,0.4668815899536658,2.220446049250313e-15,0.28802734375,0.28802734375,0.18013671875,0.41208984375,0.03329983353614807,0,0.0,2.0,0.5053057988321824,0,61,625,ref,9248,0.9248,4.297852516174316,1.1907011270523071,,,98d54aea1f52bf7d2bb512fce22eddea29a5e57d3177c2d3faf6e9695ce6b770,,87.94405250693671,965612,1084952,4,SNAi_P,13
-0.513594156639863,1.730100578623196,2.4236040468569238,0.36603515625,-0.46652196548591746,1.4674761275343289,2.2174312223815664,0.38443359374999997,0.4402767563166321,1.683594611278187,0.029614817288331076,-0.01464221289446767,0.012591310510079985,5.030259858924409,1.052712996006012,0.14475746847068574,-0.44720325356709595,1.402800740670237,0.6864940253135721,1.313262601853839,0.813151767150266,0.2946797311306,0.3722376227378845,0.9125000238418579,0.8131517673505004,0.40564747029095094,0.053738230212813036,0.45938570050376143,2.55351295663786e-15,0.30466796875,0.30466796875,0.191953125,0.43279296875,0.026846611499786382,0,0.0,2.0,0.4962070957483498,0,62,625,ref,9125,0.9125,4.308007717132568,1.1848044395446777,,,28b14f28ac1343e065aaef4d343fa561773da35c1d8c50dd6a4761414b331a3e,,88.93060396600049,1054348,1084952,8,SNAi_P,13
-0.7194374911810284,1.7797295715482324,2.3278930405628326,0.3340234375,-0.6176912640685686,1.4794821360694745,1.8728293373318172,0.356455078125,0.4685167424297015,1.6993386740558623,0.021011974463130804,-0.016128557176298398,0.011692979216461443,5.0637590497107565,1.0465322268009185,0.14461589522747492,-0.6056418786609207,1.3024553556447034,0.6555098025026698,1.315683135171891,0.77149640557589,0.26054275035858154,0.37053239345550537,0.9262999892234802,0.7714964048343245,0.3945034049132981,0.05180808858680972,0.44631149350011234,4.496403249731884e-15,0.3244140625,0.3244140625,0.2068359375,0.458671875,0.021337890625,0,0.0,2.0,0.46747409092020886,0,63,625,ref,9263,0.9263,3.7935824394226074,1.0488488674163818,,,adf6663311387414efa8280c88084c0cc8f98b1d80afa29dabeec43e19549779,,89.84424439200666,1084980,1084952,2,SNAi_P,13
-0.3857429239632985,1.729900686991029,2.793601285975443,0.38671875,-0.49891831936639625,1.4754795421105027,2.0280781053014336,0.3785498046875,0.44545725662574326,1.7166912734812436,0.014891349079631102,-0.015094869748953499,0.012225732613721136,5.091795199831877,1.045782128572464,0.14542834885463787,-0.5005032986937558,1.3570448458592053,0.6321835894196364,1.3201403863879104,0.8262286303413566,0.28170257806777954,0.3725167214870453,0.9230999946594238,0.8262286307348404,0.40207715835855096,0.06341388735063616,0.4654910457091844,2.6645352591003757e-15,0.301171875,0.301171875,0.190546875,0.4248046875,0.024074238538742066,0,0.0,2.0,0.5382766072628606,0,64,625,ref,9231,0.9231,4.005042552947998,1.255900263786316,,,f026005338cde4fef1a55a87ae1e0aa0f76dd685a6b9b1403603e77885c46888,,90.88570740795694,1027640,1084952,3,SNAi_P,13
-0.6074712966813676,1.7808717931163367,2.527527563297815,0.35568359375,-0.5242926035064827,1.4862085843671737,2.0324936868645125,0.37297119140625,0.4519473250912981,1.7430070203665042,0.013861610788875956,-0.015218877588322195,0.012296617195448722,5.12200627822584,1.0411912554502487,0.14781874805163606,-0.5177972635333327,1.3688613846254587,0.6058526679030998,1.3229559584675241,0.7956638674996793,0.2653760313987732,0.3703837990760803,0.9193000197410583,0.7956638683739584,0.4019492015935967,0.04852182289443619,0.45047102448803583,2.942091015256665e-15,0.31037109375,0.31037109375,0.1982421875,0.44125,0.02596997618675232,0,0.0,2.0,0.40304783059313687,0,65,625,ref,9193,0.9193,4.980226993560791,1.2888939380645752,,,9c38d77771a5961c36497f5dd7b0c27a9beebe060b2eff3abd5033b7042287b2,,91.88448548491579,966240,1084952,2,SNAi_P,13
-0.5914411858749095,1.7693276795962602,2.3996596560418713,0.35115234375,-0.5728074867884003,1.494699722088789,2.095739355211934,0.36543457031250004,0.4747101292397038,1.7562867008918992,0.0031304290806995825,-0.015654284288862206,0.012531783520218604,5.151708000229893,1.0380764865875245,0.1489114026960737,-0.5655141420648574,1.3995266405610918,0.6089497647793991,1.3270043352259455,0.791941938867094,0.28915396332740784,0.3809109330177307,0.9107999801635742,0.7919419401371851,0.39983832748467735,0.052599598766261385,0.4524379262509366,2.1094237467877974e-15,0.31541015625,0.31541015625,0.1989453125,0.4430078125,0.02472948431968689,0,0.0,2.0,0.5029049361418539,0,66,625,ref,9108,0.9108,4.079034805297852,1.1053459644317627,,,028c14847e15c189782fa8f1a6793a7581e300998a889b575270aa47019dab97,,93.22199743194506,1054368,1084952,2,SNAi_P,13
-0.5914246962391981,1.778104063306854,2.3013807777023594,0.36357421875,-0.5909579248522107,1.499746396081063,1.9040582820878789,0.36576904296875,0.45838247959677914,1.7814703666012832,0.009386406360074036,-0.015754552028419796,0.011834948413450655,5.182456663592591,1.0344410586357116,0.15035899704828967,-0.5794207778562463,1.3254631384157551,0.5776521454606127,1.3282707753975254,0.8214415995916352,0.26254162192344666,0.36933642625808716,0.916100025177002,0.8214416010177229,0.40154392588012944,0.06039924268394185,0.4619431685640732,1.887379141862766e-15,0.3020703125,0.3020703125,0.19158203125,0.4281640625,0.025166839361190796,0,0.0,2.0,0.40970680285366273,0,67,625,ref,9161,0.9161,5.3704681396484375,1.2016181945800781,,,0c9bc512dedb2313290e2e08380f8a61fd1260df1747d6478cbc6a0a1175c9c9,,94.38470344396774,1084992,1084952,2,SNAi_P,13
-0.6226775043483687,1.7858747497409306,2.372730473029918,0.360859375,-0.5550538241076403,1.4985432535153993,1.826946941262615,0.37537109375,0.43726844763575534,1.8007475830097366,0.00761585201102564,-0.015407893936560668,0.011531874163292162,5.214874427202026,1.0313799381256104,0.15093465531532585,-0.5469710019756815,1.2934106671113286,0.6173238809886301,1.332169658632258,0.8293457687087357,0.33714404702186584,0.36182543635368347,0.9125000238418579,0.8293457697320263,0.40492982621417295,0.05874424287242739,0.4636740690866025,2.1649348980190553e-15,0.2939453125,0.2939453125,0.18453125,0.42419921875,0.026247352361679077,0,0.0,2.0,0.448405046804957,0,68,625,ref,9125,0.9125,4.120851993560791,1.2470111846923828,,,8ebb08c317bac8699223be7b3d741c358cdd118d56284dd12e1ff5c33389f576,,95.54380712495185,1027648,1084952,6,SNAi_P,13
-0.6294766127576348,1.816574686232458,2.2753996524878435,0.36537109375,-0.5235126440051286,1.503869877775324,1.919594916178994,0.385234375,0.4265499995595001,1.8247241949136688,0.010350414806799196,-0.015034121316041992,0.011631142449166706,5.245490984476763,1.0289770406484604,0.15312458106157126,-0.511085450076897,1.3061858583040022,0.6955566480741933,1.334632569797931,0.8252178720140364,0.27342692017555237,0.3544152081012726,0.9190999865531921,0.8252178706403356,0.410714344188035,0.046108985803761764,0.4568233299917938,2.942091015256665e-15,0.29490234375,0.29490234375,0.18548828125,0.4207421875,0.025931429862976075,0,0.0,2.0,0.471274835250263,0,69,625,ref,9191,0.9191,4.45720911026001,1.1993141174316406,,,48d16b54419a81b13aee0de00427f9bb3c3c4692a49584bac1ada40631e5edbd,,96.61005912395194,966432,1084952,6,SNAi_P,13
-0.5832581519683933,1.7829356297345949,2.0952608961603776,0.3582421875,-0.5123634016949979,1.505355654665366,1.903188112062098,0.38309814453125,0.4258014679910236,1.8366535145937712,0.003640664448197116,-0.01492361219567776,0.011745638993401562,5.27547557178398,1.026524675488472,0.15594251847940013,-0.5022175027571392,1.3220713899535632,0.7444712367866486,1.3380039931568164,0.7996216179442126,0.2679181694984436,0.36234039068222046,0.916100025177002,0.7996216161176563,0.39747923911772004,0.059704564531979705,0.45718380364970307,3.3306690738754696e-15,0.3134375,0.3134375,0.19685546875,0.4423046875,0.024206846952438354,0,0.0,2.0,0.4911064432573022,0,70,625,ref,9161,0.9161,3.749166965484619,1.2340290546417236,,,b479db00770d1b7cee3195dd8c127923ff623ad19f18599e25d94023ceeb2e8d,,97.58463786297943,1054372,1084952,6,SNAi_P,13
-0.4542101880545588,1.7682522776949015,2.58071487098475,0.38103515625,-0.5340395261472102,1.5151353182861091,1.9376175614186977,0.3813623046875,0.4282803971550473,1.8511497973510018,0.016204838211900045,-0.015070626844522149,0.011646897207794691,5.2983825932390145,1.0242392063140868,0.1572935570025824,-0.5195628308692601,1.3124861532781504,0.7766788160907632,1.33867340795242,0.8297194074478466,0.2892147898674011,0.3720279932022095,0.9200999736785889,0.8297194072161801,0.40493642316601125,0.06068748646345577,0.46562390962946254,4.496403249731884e-15,0.2996484375,0.2996484375,0.19080078125,0.42322265625,0.027217215299606322,0,0.0,2.0,0.5142937024519436,0,71,625,ref,9201,0.9201,5.4791741371154785,1.3021354675292969,,,1813d3ecfa0ca525007bdd69bc69404ceb27ffeb53a7783ec851b9ed4f3d657e,,99.15729817794636,1085000,1084952,17,SNAi_P,13
-0.6500686822229907,1.8386962675447303,2.7173737564161082,0.36638671875,-0.6136873076892401,1.542602116283851,2.2696715728980106,0.36817382812500005,0.4850078670347768,1.8658463885878467,0.028767033540791312,-0.015761830642572562,0.012743217281823413,5.327444981830845,1.0202827596664428,0.16097045929959472,-0.5943246821326355,1.430024741456263,0.7786273438973506,1.3403182007440302,0.831655107580591,0.3112182021141052,0.3507538437843323,0.9169999957084656,0.8316551065805834,0.40833979702048134,0.05508258961428475,0.4634223866347642,1.887379141862766e-15,0.29400390625,0.29400390625,0.18541015625,0.42232421875,0.02742303609848023,0,0.0,2.0,0.49607139541670636,0,72,625,ref,9170,0.917,3.7849724292755127,1.1562496423721313,,,0195c17ea0fb50f4fa364b826da4939ff697881da91e467d8e3df075b4205a8b,,100.22556153696496,1027660,1084952,2,SNAi_P,13
-0.6431876210474247,1.7938003100651707,2.5706917307107613,0.351875,-0.6369562300908721,1.550345309967094,2.210754845274943,0.36401367187500006,0.4827393541360351,1.8882505272872632,0.032580698713666006,-0.015943281850113938,0.012438453146329562,5.351737034386412,1.0175430977344513,0.16328494316322123,-0.6156518087229784,1.402153144884918,0.7713681475799024,1.339542039228247,0.7976497743674554,0.2888273596763611,0.3608857989311218,0.921500027179718,0.797649773354642,0.38922063085532055,0.062070129979095584,0.45129076083441844,2.3314683517128287e-15,0.3086328125,0.3086328125,0.19779296875,0.440390625,0.02269500494003296,0,0.0,2.0,0.4908308696830344,0,73,625,ref,9215,0.9215,4.666908264160156,1.0886870622634888,,,9fe2f00fa4c0769466ba58ee5d00de879a8cb2b8b65652ffbcfdf871c403ec26,,101.61900350090582,966448,1084952,12,SNAi_P,13
-0.5138683917779266,1.8737542432244159,2.780324212220031,0.37806640625,-0.6519961561678181,1.5571162889370325,2.223556759936613,0.3609033203125,0.48735620942653063,1.9021626112296093,0.03509231661689589,-0.01604207228964459,0.01246859924072767,5.382852958070965,1.0159683156013488,0.16432881556427123,-0.6273464673134488,1.4045007084823542,0.7549121577032296,1.3485446033859603,0.8209104790503625,0.2813578248023987,0.34223318099975586,0.9186000227928162,0.8209104815532919,0.40422667866002,0.05921141471303743,0.4634380933730566,8.326672684688674e-16,0.30466796875,0.30466796875,0.19154296875,0.42875,0.026988863945007324,0,0.0,2.0,0.5196458107260641,0,74,625,ref,9186,0.9186,4.745577335357666,1.0560762882232666,,,e48e9688ac2a64e68331e5a4d1d6649432dac8a2bcd72f0cb71e58418c1fa9fe,,102.54404481500387,1054388,1084952,13,SNAi_P,13
-0.49209410970300427,1.8475938005618529,3.088267096078683,0.38111328125,-0.606005305214446,1.5632631961368446,2.3997219628673516,0.366064453125,0.484131927217425,1.9244466353911702,0.035213257787387355,-0.015537585076372293,0.012987162080864562,5.413324924154416,1.013900755047798,0.16850540336986883,-0.5777354616323241,1.4657854485749058,0.7347058423230148,1.3525503668614993,0.8295712580368854,0.26407119631767273,0.3505382239818573,0.9190999865531921,0.8295712592359632,0.4026513758384318,0.06221765985022792,0.4648690356886609,1.1657341758564144e-15,0.2967578125,0.2967578125,0.18734375,0.424921875,0.029789596796035767,0,0.0,2.0,0.4250468857219499,0,75,625,ref,9191,0.9191,5.029101371765137,1.2228277921676636,,,19303a2bbddaeb91351b5228430789ea3f4dfd39eb03eb67f5ba59865e1967b9,,103.41158101591282,1085012,1084952,13,SNAi_P,13
-0.810061875726069,1.8634568133844713,2.8366722836898983,0.331953125,-0.677496264855173,1.5723660567957745,2.2354764022750895,0.35973388671874995,0.4982192045934365,1.935466321620288,0.03864949034976708,-0.01625883877066852,0.012556499885321606,5.438156870048755,1.0094715714454652,0.16818314804182505,-0.6560482954681744,1.4152513994652745,0.7995754930016556,1.353162830979565,0.7862496953131631,0.2935389280319214,0.3398370146751404,0.9144999980926514,0.7862496948381886,0.39250168525420437,0.06108661314489005,0.45358829839909404,3.885780586188048e-16,0.31994140625,0.31994140625,0.20162109375,0.45138671875,0.021679794788360598,0,0.0,2.0,0.4750396299181503,0,76,625,ref,9145,0.9145,3.789576292037964,1.1957595348358154,,,ee7121895bb49fa7ef8b0d0e682e91039b589116f200f7a18f0228cefd12734e,,104.45945247693453,1027672,1084952,13,SNAi_P,13
-0.7033427005059741,1.864263968333768,3.003620460889897,0.33857421875,-0.7056414982294172,1.5843161009984201,2.359588000950912,0.352197265625,0.5213871146092443,1.9591199991190562,0.02955039415453502,-0.016424355129406685,0.013110317139171853,5.462772445311484,1.007532798051834,0.17087404597881994,-0.6749422024765708,1.4762294772121733,0.7464705221620207,1.355614508192141,0.7788151303783525,0.26256102323532104,0.34856340289115906,0.9214000105857849,0.7788151310163084,0.3995647619561872,0.054011447537748426,0.4535762094939325,3.1086244689504383e-15,0.32142578125,0.32142578125,0.2040234375,0.4567578125,0.02094693183898926,0,0.0,2.0,0.5353830313593386,0,77,625,ref,9214,0.9214,3.8712289333343506,1.076194167137146,,,a97e86d4cb25ac6e7a79e64538c592fa900d553f6c949ee5932b93f6e2df1c06,,105.46704381494783,966460,1084952,13,SNAi_P,13
-0.6312008208182361,1.9086638155536413,3.0072750110790043,0.36560546875,-0.646257182849678,1.5818926050399014,2.2883580897753744,0.36080566406250003,0.48843907505058615,1.98259982577572,0.031345313053618054,-0.015899798691946656,0.012685727845613315,5.494108324744765,1.0052912777662277,0.1730784376543676,-0.623449309116153,1.4371948342715204,0.7808216578929981,1.3613156238312378,0.8172601259243675,0.28016266226768494,0.33630019426345825,0.9283999800682068,0.8172601267753634,0.40954640382764645,0.04852262355414003,0.4580690273817881,1.609823385706477e-15,0.302265625,0.302265625,0.19095703125,0.42923828125,0.028662043809890746,0,0.0,2.0,0.45555506887417924,0,78,625,ref,9284,0.9284,5.003061771392822,1.1466623544692993,,,2b09c828ba53dd313142d54af8cb5e7abd8f719c4c7aa83feda76343ea6885d0,,106.4030133089982,1054400,1084952,13,SNAi_P,13
-0.456480898198959,1.8464099421120201,2.8805108133617163,0.38302734375,-0.5944079646240303,1.5846411465196582,2.3975771039404976,0.3708251953125,0.4742954008778541,2.002700946468999,0.03409121589628295,-0.01531163902012497,0.012934629122105641,5.51953367322427,1.0038748598098755,0.17517106301082447,-0.5646159372717947,1.4643380549258613,0.7950940875727226,1.36755631860275,0.8250591672305018,0.2821098864078522,0.3451588749885559,0.9161999821662903,0.8250591667834669,0.3975726588102452,0.06921348655235393,0.46678614536259433,4.829470157119431e-15,0.3022265625,0.3022265625,0.19083984375,0.429375,0.026592576503753663,0,0.0,2.0,0.5800259618940009,0,79,625,ref,9162,0.9162,3.63360333442688,1.1907440423965454,,,87574178028bb1f3ced87efd9c9218d098459cf4a777ff46c6933d7eb833ef81,,107.40286912291776,1085028,1084952,13,SNAi_P,13
-0.554416938189371,1.8907695949411045,2.6120770896954246,0.36958984375,-0.6312624232675897,1.5957381416000636,2.401346708816522,0.36146484375,0.48499594810326047,2.031146711056395,0.030237557397567817,-0.015622453668273462,0.012913316281022574,5.5481873259732675,1.0006305480003357,0.17783061232733274,-0.59969942152906,1.4716609123513826,0.8674859988893018,1.3679802527762042,0.8083494138240348,0.32402098178863525,0.344584196805954,0.9090999960899353,0.8083494150440674,0.39876114677298197,0.052744341022114415,0.4515054877950952,1.1657341758564144e-15,0.30392578125,0.30392578125,0.18939453125,0.43259765625,0.025651133060455328,0,0.0,2.0,0.49645799106622673,0,80,625,ref,9091,0.9091,4.307164192199707,1.1109545230865479,,,eb3f2d79ee1f4c8fbbd0f6b3985f34ecf182cbae43f2028d66ed5cfbad05eff4,,108.28199381695595,1027688,1084952,13,SNAi_P,13
-0.6041274393241897,1.8830405539752175,2.5234147396705158,0.36259765625,-0.690204970055577,1.603377187242694,2.2452837628289313,0.35323974609375,0.4906766353211918,2.0513057724446804,0.02883599680441973,-0.016159833018641614,0.012429256089559994,5.573938299509571,0.9960214406251907,0.18024747135865257,-0.6593564936901,1.4232896431865478,0.7833971587705557,1.3728792018027027,0.7939458241022658,0.30115556716918945,0.3427896797657013,0.913100004196167,0.7939458251255564,0.406679743817988,0.048318604523192185,0.45499834834117964,5.551115123125783e-16,0.31509765625,0.31509765625,0.2008984375,0.44515625,0.023866552114486694,0,0.0,2.0,0.5790311832807699,0,81,625,ref,9131,0.9131,3.6136159896850586,1.1245934963226318,,,f69c57f56d4f7079c52daf57987ed74e61656fe2350f283eb3af2f3b8539d9cf,,109.21884366695303,966472,1084952,13,SNAi_P,13
-0.6699295988994767,1.8333870740487632,2.5140356352243463,0.35537109375,-0.6362313479452191,1.5940226890855698,2.1063681914582766,0.36440429687500003,0.46104822922833316,2.0592258090926956,0.02063429499856197,-0.015631284882104527,0.012091024113307765,5.595975811925865,0.9951264625787735,0.17960832729349563,-0.6061081571714696,1.381000694780042,0.7551379733197348,1.3731757854393916,0.8065536282840184,0.3132447898387909,0.35153329372406006,0.9146999716758728,0.8065536274295301,0.3949474230317,0.06380939807242948,0.45875682110412586,3.608224830031759e-15,0.30763671875,0.30763671875,0.1947265625,0.43603515625,0.02538604140281677,0,0.0,2.0,0.5020119889031043,0,82,625,ref,9147,0.9147,3.516077995300293,1.202428936958313,,,10d88e7a85c1016a83c8aa665532301b845a5db41662e504379da79d18ef6507,,110.17331410991028,1054412,1084952,13,SNAi_P,13
-0.5238500235635639,1.8778625395541515,2.7693173623868335,0.3721484375,-0.5432996591313324,1.5898602741882162,2.2169495416838725,0.38051513671875004,0.4346515661744601,2.0772377376044875,0.01576638766288103,-0.014773727375328729,0.012243678891148366,5.622094561981689,0.9943026804924011,0.18175947156973635,-0.5190856247268998,1.4018307170362254,0.7569961944925214,1.378170607614232,0.8079486281436402,0.29999181628227234,0.3451741635799408,0.9082000255584717,0.8079486280377023,0.40315824624404484,0.05808568000210273,0.46124392624615107,3.497202527569243e-15,0.30810546875,0.30810546875,0.19478515625,0.43861328125,0.02611349821090698,0,0.0,2.0,0.5012708351413109,0,83,625,ref,9082,0.9082,4.718599319458008,1.2317699193954468,,,0856318ca95d44779b14e4667d416473898db2ade37f17d85cd724e9e82abeed,,111.10803477896843,1085040,1084952,13,SNAi_P,13
-0.6285362413216885,1.875030313441522,2.91421580399037,0.34951171875,-0.5944655787556973,1.6041221063594981,2.3155960888119487,0.3693359375,0.45771055873137956,2.0950363031497625,0.020460870230089877,-0.015164518916294188,0.01255946378032239,5.646831918655251,0.9937564486265182,0.1866028592364825,-0.5596636869393606,1.4402897670984438,0.8121510064670721,1.3813570524320158,0.7863152958266437,0.32450196146965027,0.34081345796585083,0.909600019454956,0.7863152939337306,0.3968570132382485,0.05543331191034916,0.45229032514860046,2.7755575615628914e-15,0.31958984375,0.31958984375,0.20142578125,0.45173828125,0.022869426012039187,0,0.0,2.0,0.4859905069356772,0,84,625,ref,9096,0.9096,4.45170783996582,1.239614486694336,,,ff028238768f8cb657574e9d486fada69590bd6f694ff19da70d7126397720a9,,112.03798931092024,1085044,1084952,13,SNAi_P,13
-0.6094669329085667,1.8693301851589463,2.675589192044265,0.3652734375,-0.6266294546331571,1.6133465285463342,2.317738767869982,0.36045898437499996,0.4689523111910667,2.110549750158601,0.023384959822839634,-0.01543032576044815,0.012614678516465644,5.670979288270178,0.9902506679296493,0.18752029016831853,-0.5903981391265147,1.4454934556679535,0.8017002149182962,1.3792375553224403,0.8097204371297266,0.31700047850608826,0.3466891050338745,0.9189000129699707,0.8097204351599794,0.40337346249733375,0.060232382728550304,0.46360584522588666,2.609024107869118e-15,0.31107421875,0.31107421875,0.1984375,0.43814453125,0.02277776598930359,0,0.0,2.0,0.529756037910124,0,85,625,ref,9189,0.9189,4.037205219268799,1.2074388265609741,,,da05640b48d5e9f06167356c87e98be67afc0af8f7864187e4f1edaa49236a6e,,112.91915624996182,1085048,1084952,12,SNAi_P,13
-0.6247891298775563,1.8635843331001702,2.4705976754079773,0.35435546875,-0.5423591029519954,1.607616615040347,2.423438188921173,0.37359619140625,0.4396439451207438,2.114275680213071,0.030511555619968645,-0.014530752898230645,0.012698688815327978,5.693060965921365,0.9880531764030457,0.1894247048610185,-0.5004453550465648,1.4569036926587249,0.7109598411848108,1.3815651057827978,0.7944601124478504,0.2726318836212158,0.33759191632270813,0.923799991607666,0.7944601120287552,0.4018818854062492,0.04684443251969419,0.44872631792594364,2.7755575615628914e-16,0.30919921875,0.30919921875,0.194765625,0.4423046875,0.02631170153617859,0,0.0,2.0,0.4636189200662232,0,86,625,ref,9238,0.9238,5.111517429351807,1.2913416624069214,,,ca3f35b32fc145b26ae37c701f42b7cc3e545064e45ffb202dcf6a6069283a17,,113.94176016398706,1027708,1084952,12,SNAi_P,13
-0.5869573225389473,1.9251290139305455,2.7893127290883113,0.36146484375,-0.5554578297918069,1.6090752863147684,2.351167580711365,0.3718115234375,0.4455305549589952,2.120113007466252,0.023479714603705844,-0.014709837789503615,0.0126888293425877,5.711485092666903,0.9847266632318497,0.19051699057226365,-0.5221169326154276,1.4559697635332305,0.6873201900772035,1.3803844028115138,0.8163244937884155,0.3088778853416443,0.3356325924396515,0.9132999777793884,0.8163244936999399,0.408238558807706,0.05474170575979659,0.4629802645675047,2.1094237467877974e-15,0.30365234375,0.30365234375,0.191875,0.432109375,0.025882911682128907,0,0.0,2.0,0.48199182545061037,0,87,625,ref,9133,0.9133,3.787557363510132,1.0327945947647095,,,8a3c53ddb8fc81a63d0fa5d1de09f13e170b850e6b845e1550f6587d27664109,,115.1278888930101,966496,1084952,15,SNAi_P,13
-0.4725791115665769,1.8977921681441443,3.3615943177028167,0.37458984375,-0.5587210993663265,1.6193995404679886,2.552409187230896,0.3689990234375,0.4691285320320084,2.1390809844244236,0.014245355211499682,-0.014786520065338506,0.01336911212447211,5.734944096050681,0.9826468575000763,0.19136493366313,-0.5320519028915206,1.5233880339839339,0.6831048686223926,1.3835995914143198,0.8147684439562727,0.2578037679195404,0.33690524101257324,0.9176999926567078,0.8147684449853841,0.4035363177669097,0.05540311183820383,0.45893942960511075,2.7755575615628914e-15,0.3022265625,0.3022265625,0.19291015625,0.43306640625,0.024435108900070196,0,0.0,2.0,0.4653242761636844,0,88,625,ref,9177,0.9177,4.494202613830566,1.1404168605804443,,,65b8a3e117831178faada001d183ee1e50ee9dc843a15677199742622cc14001,,116.0392811819911,1054432,1084952,15,SNAi_P,13
-0.41041898046470476,1.901551020004997,2.979423718274697,0.38951171875,-0.5273922879704509,1.6277070661409012,2.8417909092322056,0.37580322265625005,0.47635218105614435,2.1572011903930335,0.015876921715841652,-0.014400008683234369,0.014004744240733292,5.756691242688789,0.9816924285888672,0.19326289357159754,-0.49341295156428233,1.5911440540110502,0.7502128506866408,1.3875037682430535,0.8395144868420903,0.2634302079677582,0.337159663438797,0.9182999730110168,0.8395144883764442,0.40043492824266186,0.0663120675550811,0.4667469957977395,3.4416913763379853e-15,0.2913671875,0.2913671875,0.18283203125,0.41869140625,0.0288524866104126,0,0.0,2.0,0.5431767024375523,0,89,625,ref,9183,0.9183,3.4401118755340576,1.2091121673583984,,,6eeb2f372d6cf5af7848a79aafb90bcb92d518f2ca5b542e73bb3d099681d44c,,116.96520503098145,1085060,1084952,15,SNAi_P,13
-0.5306150771788567,1.8978303186625332,2.914423844492282,0.38236328125,-0.5325064216984035,1.6350175824489666,2.828508298236535,0.37830810546875,0.4712256711950863,2.174310854632947,0.02774596908922969,-0.014353496319993704,0.013897044842010993,5.780355487490632,0.980689799785614,0.19534705317108686,-0.4896509556531194,1.5804283313503307,0.8259215032573834,1.3907307290503952,0.8301125072082505,0.30905139446258545,0.33937186002731323,0.9190000295639038,0.8301125080185011,0.4015401747468373,0.06496059685120979,0.4665007715980466,4.996003610813204e-16,0.29734375,0.29734375,0.186953125,0.42525390625,0.02999524474143982,0,0.0,2.0,0.5372824566109278,0,90,625,ref,9190,0.919,3.777086019515991,1.3031773567199707,,,98ff63a5eedf92ecedfea5555cb90b4f58d88dfc76862b10579f2ba107d86908,,117.8418173979735,1027720,1084952,15,SNAi_P,13
-0.7002839932047453,1.9316404946506829,2.8448404164052867,0.35083984375,-0.6206975958474409,1.64358321452711,2.7561285014946053,0.36587402343750003,0.49589504315979155,2.178750898768279,0.026719841147197235,-0.015264299150966418,0.013676550110497345,5.80585489619241,0.9753210943937302,0.19550340281999787,-0.5883203100780016,1.5567247758987108,0.828790241098802,1.3896388163771696,0.7963862174691166,0.3028630018234253,0.3369705080986023,0.9074000120162964,0.7963862179417629,0.4126252889992763,0.04217440049297412,0.4547996894922465,3.941291737419306e-15,0.31171875,0.31171875,0.19666015625,0.44328125,0.02875511646270752,0,0.0,2.0,0.45043324731826745,0,91,625,ref,9074,0.9074,5.547988414764404,1.4272358417510986,,,22f3cd2cf1aab1048ad57682f253d995d64baf1d005d6c4b3e83805725895ac8,,118.85809430794325,966320,1084952,10,SNAi_P,13
-0.7506240294777434,1.9649489113822483,2.84138736754648,0.340234375,-0.5368407533130961,1.6372504945335926,2.6939410515682245,0.38350830078125,0.4522542526341627,2.197347025057353,0.030987904158977772,-0.014363243938777437,0.013295797658787696,5.830495620898787,0.9748866462707519,0.19713261605092805,-0.4964526339069502,1.5213350162277683,0.8386749545394991,1.3954817652520353,0.7859011428826489,0.29588305950164795,0.33800891041755676,0.9165999889373779,0.7859011415368877,0.39703523347204206,0.05708087354368893,0.45411610701573196,9.43689570931383e-16,0.31974609375,0.31974609375,0.203046875,0.452421875,0.024201011657714846,0,0.0,2.0,0.5093343106942823,0,92,625,ref,9166,0.9166,3.757338047027588,1.1533409357070923,,,fd5f56decf2e82f2958c4cb45d4bbd92328f858567c4442014be8f2f71bbf299,,119.77940392692108,1054448,1084952,10,SNAi_P,13
-0.5795861083601933,1.9075754044043458,3.034061648158034,0.37025390625,-0.5995096611950079,1.6409522192448305,2.508025057542986,0.37360107421874994,0.45190206320591025,2.2165912424970413,0.024230880141581635,-0.014881205845506198,0.012701669303629292,5.856372990294753,0.9708020210266113,0.19988062817179789,-0.5535961434988161,1.4633284259125405,0.8930490147178802,1.3987761500998273,0.8296974173677154,0.2917165458202362,0.3387225270271301,0.9126999974250793,0.8296974183747079,0.407691976213397,0.06213833321326728,0.4698303094266635,7.771561172376096e-16,0.29962890625,0.29962890625,0.18734375,0.42587890625,0.027314293384552,0,0.0,2.0,0.5144329437958162,0,93,625,ref,9127,0.9127,4.6989545822143555,1.4086370468139648,,,daeafb0470ef6689f14628d5cddf619b5572308c9f72d8cb86a19ad813835c64,,120.6868428789312,1085076,1084952,11,SNAi_P,13
-0.5919334198083388,1.9763525002572613,3.8052058815423995,0.3648828125,-0.6865052346647557,1.6625860517614164,2.8214359803525633,0.353056640625,0.5062496213877374,2.2289324851929875,0.02901027293089016,-0.015673503642793435,0.013533623266743759,5.881496798888926,0.9674968522787094,0.20478515388384733,-0.6380625649355871,1.5583950165302398,0.9294944070064766,1.4003599734557048,0.8078927220485639,0.33860328793525696,0.3270385265350342,0.9081000089645386,0.8078927215188741,0.40949705711063955,0.05175096009816823,0.4612480172088075,2.7755575615628914e-16,0.30890625,0.30890625,0.19478515625,0.4370703125,0.02320118546485901,0,0.0,2.0,0.4880524511840924,0,94,625,ref,9081,0.9081,4.296440601348877,1.2738958597183228,,,cbe81eca6d91e308a5978f054c6edab00a4212d3edc93453870a3d88d3e53ba3,,121.57429285300896,1085080,1084952,11,SNAi_P,13
-0.573991326432217,1.8917373262351487,2.3642808115241523,0.3694140625,-0.7487219405670666,1.6626361173444841,2.2943795075265303,0.35197998046875,0.4852491193956996,2.248644578123607,0.030465161179034483,-0.01623987928862613,0.012136538422951315,5.900802890295832,0.962952943444252,0.20286154601673856,-0.7006247556151266,1.4029642342563893,0.8647848842572587,1.3949428475582482,0.8082597557990812,0.2979070842266083,0.34268128871917725,0.9054999947547913,0.8082597565441393,0.407436404693657,0.04888275523763359,0.4563191599312881,2.4980018054066022e-15,0.30650390625,0.30650390625,0.1939453125,0.43490234375,0.023430472612380984,0,0.0,2.0,0.3728411248341669,0,95,625,ref,9055,0.9055,6.392528057098389,1.4306048154830933,,,0ada7957fc23ec0e121166e1fe632cb9b0c1f0eba7afcd8d2df9d835c8e85e80,,122.53646872099489,1085080,1084952,10,SNAi_P,13
-0.5998146271560578,1.9287545962160144,2.426089620010545,0.36251953125,-0.6820705277504571,1.6691341129643793,2.5979745795180014,0.360615234375,0.48825316184171297,2.2611467342171316,0.03660879100254062,-0.015608585325067528,0.013036329091259293,5.9199270306127065,0.9615658748149872,0.20417903710254828,-0.6373434519823871,1.4944252872146349,0.8938108252988912,1.3932544595421663,0.8020484700682573,0.3084144592285156,0.3328857123851776,0.9121000170707703,0.8020484699495136,0.39898211189703575,0.05881617178578434,0.4577982836828188,1.3322676295501878e-15,0.3103125,0.3103125,0.19517578125,0.44048828125,0.022662639617919922,0,0.0,2.0,0.5158848617829309,0,96,625,ref,9121,0.9121,4.331488132476807,1.3544124364852905,,,d016682c56df74b657fe5750f208f78d88f3c7208cde12295af8d4741b1c8807,,123.46415151993278,1085484,1084952,11,SNAi_P,13
-0.5776215722733623,1.98447810426946,3.1784900128843225,0.3730078125,-0.7160509383008551,1.6774629890897672,2.6931712553681693,0.35518798828125003,0.5075613874951825,2.2698777053375307,0.036442986933263255,-0.015777808625336617,0.013453235999809859,5.944219992128102,0.9588859701156616,0.20703257963602112,-0.657358221275568,1.5344023003002765,0.9166534253101406,1.393131670286561,0.8197508341562935,0.2860444486141205,0.32799041271209717,0.9197999835014343,0.8197508342459332,0.41749986860439364,0.04561205580068704,0.46311192440508075,5.551115123125783e-17,0.3032421875,0.3032421875,0.19060546875,0.4311328125,0.025526946783065798,0,0.0,2.0,0.5238522161361507,0,97,625,ref,9198,0.9198,4.04830265045166,1.2334595918655396,,,4f56dbf2892201179c4905f6719313f46e1d2a156ed3440dc31308d46d3f42bc,,124.36167800391559,1027744,1084952,10,SNAi_P,13
-0.6390034782937992,1.9184209909248349,2.3640927384991226,0.3602734375,-0.6796606312341535,1.6670559815944639,2.343028556997993,0.35991210937499996,0.4656211859457612,2.2867090198305022,0.026745439993617934,-0.01539574196592015,0.012544902305140838,5.965561887737188,0.9594527471065522,0.2075101626577715,-0.6176533717126413,1.4467817476904206,0.8811036286981264,1.3952425109067574,0.809500263785012,0.3419281244277954,0.3369629681110382,0.9002000093460083,0.8095002617978025,0.41010455574567745,0.04416969685600151,0.4542742526016778,1.1657341758564144e-15,0.30279296875,0.30279296875,0.1898828125,0.43255859375,0.026806485652923585,0,0.0,2.0,0.5030746753849971,0,98,625,ref,9002,0.9002,3.974414110183716,1.1122267246246338,,,e1bb46b1e48791d5baf3b4689e494f7e64afd1e23532769fed0c53626291f8d3,,125.3312699139351,966344,1084952,10,SNAi_P,13
-0.6308753078974259,1.9428704241634125,2.8833453071849497,0.363046875,-0.6340606081296055,1.6708717008374574,2.452078775146471,0.3698974609375,0.4512659041568466,2.306007398664786,0.03453893783782362,-0.014824739816099814,0.012746408228119047,5.981019605897688,0.9589706152677536,0.2097943394674619,-0.5596432927613417,1.465467322700834,0.8921403195152382,1.3982720509818278,0.8113462575210724,0.31975796818733215,0.3366295397281647,0.916100025177002,0.8113462577469182,0.39945496983675327,0.059265385314394924,0.4587203551511474,7.771561172376096e-16,0.30533203125,0.30533203125,0.19275390625,0.433203125,0.02217766046524048,0,0.0,2.0,0.495706604001859,0,99,625,ref,9161,0.9161,3.7162280082702637,1.2028727531433105,,,8e2a03344569366a9e5ca92e5816691a6098cb825f7454bc5b4875a3048d83f8,,126.29017192090396,1054872,1084952,10,SNAi_P,13
-0.6336040710628168,1.9546424281082053,3.346550502372794,0.35669921875,-0.6849556210388712,1.6824974076025898,2.452690182533212,0.3596484375,0.4647828864798616,2.3255659489989413,0.04044869111063126,-0.01519768721303514,0.012756318752097505,6.003088640955155,0.9568881160020828,0.2124001075204857,-0.5999297073047803,1.4692761060682602,0.8997900430887267,1.3989975183503491,0.7958384200616274,0.2967884838581085,0.3323582410812378,0.9103999733924866,0.795838419458596,0.40386686670825656,0.05217641374721664,0.45604328045547093,2.275957200481571e-15,0.313515625,0.313515625,0.198671875,0.44251953125,0.024012011289596562,0,0.0,2.0,0.4912407309251131,0,100,625,ref,9104,0.9104,4.836141109466553,1.3273811340332031,,,3e6520508f95fb49363c974ca1dccaf80168ef23fb0cc92a19b5fff9901a7b93,,127.15308666299097,1054880,1084952,11,SNAi_P,13
-0.6410425178187945,2.0549369545585137,3.357742698347522,0.3637109375,-0.6901390526512133,1.702623727623216,2.87165454588687,0.36029296875,0.5050435991007701,2.352031224304446,0.041852734460358254,-0.015201706532218117,0.014025128699514534,6.0309716533114575,0.9550775730609894,0.21627634344106988,-0.6021519805081108,1.603245996567888,0.9410907755780444,1.403066518396423,0.8069461033062544,0.2806829512119293,0.323180615901947,0.9200999736785889,0.8069461018731817,0.40351571639957595,0.05332424959564504,0.45683996599522464,3.6637359812630166e-15,0.3068359375,0.3068359375,0.19271484375,0.4369921875,0.022547411918640136,0,0.0,2.0,0.4837670284854126,0,101,625,ref,9201,0.9201,4.524714946746826,1.2172993421554565,9000,0.9,ecd16f9023c48fd586142e446539a59117c9c68d1f030d06edefeb0ea89dbbc2,,128.79834203899372,963132,1084952,11,SNAi_P,13
-0.5500160325686114,1.9960780718020876,3.1796021132928947,0.38572265625,-0.6766391705736958,1.7040800367178672,2.7840984701012577,0.36276611328125,0.49545770155354235,2.367592189965274,0.04083888002155064,-0.015073684677494531,0.013873010936796593,6.050294312687661,0.9556886595487595,0.21872493222975148,-0.588426615353286,1.5844799568698702,1.0542747695910795,1.4044636465114424,0.8414044387312606,0.30840787291526794,0.3167650103569031,0.9138000011444092,0.8414044403040316,0.412349158152807,0.05555213834617536,0.46790129649898404,1.7208456881689926e-15,0.2929296875,0.2929296875,0.18470703125,0.416796875,0.028287243843078614,0,0.0,2.0,0.5854792423669499,0,102,625,ref,9138,0.9138,3.4988064765930176,1.090916633605957,9012,0.9012,ca3e4ebeb13ba2021749c44a4eb6d5243877d35842c5ebf93c491844759b5f34,,130.47264639800414,1054884,1084952,11,SNAi_P,13
-0.483512342184887,2.0092128157275386,3.078764199702769,0.39240234375,-0.6231360160613648,1.6919054841479506,2.3990327585226754,0.37238037109375,0.44430982267935426,2.3912037973306868,0.027030547279869283,-0.014671778805552255,0.01269214740909873,6.075412778794568,0.9542347252368927,0.21846843658545095,-0.548710191573116,1.4653925530323153,1.051100698901866,1.4061159776597996,0.841630037917057,0.29202327132225037,0.3225380778312683,0.9088000059127808,0.8416300367296208,0.4054447174861853,0.06125747266615325,0.46670219015234055,1.942890293094024e-15,0.29173828125,0.29173828125,0.18435546875,0.4149609375,0.028191083669662477,0,0.0,2.0,0.49652028273097615,0,103,625,ref,9088,0.9088,4.713915824890137,1.1422815322875977,9043,0.9043,cea94c6c9984a0ce72aec803333249189d48a3b4653050f3b6a55c7e521d0e2c,,132.07526673399843,1085512,1084952,11,SNAi_P,13
-0.5451459874099146,1.961409749857593,2.6868586666957412,0.3808203125,-0.596640837630127,1.6930327091277713,2.4227012910782353,0.3798828125,0.4290645567947838,2.405513414853006,0.031781782528729687,-0.014297165704284812,0.012610681252440852,6.095297394209004,0.9534363466501236,0.22168430968878886,-0.5111340237751434,1.4611804409721043,1.0678161552268144,1.4062157995722595,0.8189693227247336,0.3073926270008087,0.3314298093318939,0.9185000061988831,0.8189693222602363,0.4083091009603036,0.0523546909410237,0.46066379190132556,1.7208456881689926e-15,0.30037109375,0.30037109375,0.1894140625,0.430625,0.028815776109695438,0,0.0,2.0,0.5688618309756489,0,104,625,ref,9185,0.9185,3.64375901222229,1.1961864233016968,8972,0.8972,61fdd4222a6e64cb7d90051eefd304b0710aab512b8a213d882e89fba537bca1,,134.11090086295735,1027772,1084952,16,SNAi_P,13
-0.6379269512642475,2.0195065799032443,3.284282237635612,0.3651953125,-0.6847308651154945,1.7119596491626456,2.6378093362434742,0.36670654296875,0.49228719707981156,2.421353827769674,0.017164815511603062,-0.015268564058570001,0.013559564324265552,6.116851156405516,0.9502612942457199,0.22527260149053843,-0.6138169980286717,1.5620608697853664,0.9746940383292426,1.4113076245893281,0.8129164769360796,0.29343584179878235,0.31616801023483276,0.9168000221252441,0.8129164753074292,0.40903582176699294,0.05196778217104593,0.461003603938038,8.326672684688674e-16,0.306640625,0.306640625,0.19390625,0.4337890625,0.028318083286285402,0,0.0,2.0,0.5233723652854763,0,105,625,ref,9168,0.9168,4.314622402191162,1.2789957523345947,9024,0.9024,4c7183d14f0f0e6b9e9904eb838923645ed20a8ad9967f660fc16bed58648072,,136.05943082890008,963548,1084952,17,SNAi_P,13
-0.7273060495963308,1.9885465273457872,2.531510632961245,0.33927734375,-0.7316861921551098,1.718338192776896,2.5775958238775045,0.35869140625,0.5121138907648067,2.4324078907305418,0.00816436326041947,-0.015797408208147356,0.013573020522059193,6.133990641285372,0.9453693616390229,0.2248438730536116,-0.6728825681285407,1.5574106358807684,0.9745676581900082,1.404858967440117,0.773150544007076,0.31322044134140015,0.3164229691028595,0.9077000021934509,0.7731505430792458,0.3966954420853501,0.052943706313222094,0.4496391483985736,1.3877787807814457e-15,0.324765625,0.324765625,0.2066796875,0.45984375,0.02127017378807068,0,0.0,2.0,0.49716631141711803,0,106,625,ref,9077,0.9077,4.163486003875732,1.2731499671936035,9036,0.9036,0bf4b468bcc952400d85b4c3d769b1e9856d474fb94111f5b54b23be016113bc,,138.32081528299022,1055300,1084952,2,SNAi_P,13
-0.6279583065534304,2.0063564379881886,2.7980670182720178,0.35943359375,-0.6958915967501738,1.714186375489979,2.492227869243873,0.36780273437500005,0.4866252173816054,2.4472760296028664,0.004533682930998781,-0.015331826404896432,0.01330901815276653,6.151959901769862,0.9434814500808716,0.2259351669677618,-0.6270772985237911,1.5293502867675772,0.98383794961428,1.408905386905297,0.8071055019297637,0.303265780210495,0.3225441873073578,0.91839998960495,0.80710550253978,0.4081160759982986,0.045773584769063735,0.4538896607673611,1.2212453270876722e-15,0.30328125,0.30328125,0.1885546875,0.4358203125,0.02847610712051392,0,0.0,2.0,0.49142689937237627,0,107,625,ref,9184,0.9184,4.3563618659973145,1.2905827760696411,8894,0.8894,71fd1134064fd46217e12d80ee5fc29ebc398a8814c36095fd346c5e44a85b8b,,140.8429235049989,1055304,1084952,5,SNAi_P,13
-0.539148744649408,2.03188529186912,3.2705791838908986,0.37453125,-0.6859846186567866,1.7166017381327814,2.4151436232684027,0.3690869140625,0.47761531623415576,2.4627290704089355,0.006377140717393264,-0.015240846832256332,0.013125533709243367,6.169741194506428,0.9442898255586624,0.22655542987811234,-0.6169491747015637,1.5149825890056423,0.9761583510793486,1.4082855225668391,0.8092663303494919,0.27456894516944885,0.3269244432449341,0.9221000075340271,0.8092663299629931,0.40388791791177764,0.05188184460917142,0.45576976252094803,9.992007221626409e-16,0.30458984375,0.30458984375,0.1919921875,0.43408203125,0.026167756319046023,0,0.0,2.0,0.5262118386242489,0,108,625,ref,9221,0.9221,4.265605926513672,1.2971597909927368,9186,0.9186,361e3314a5a035faa1c7b2d57ae76421b4b4a2995fa2b233c98672bb07c7d948,,142.7026566149434,963556,1084952,4,SNAi_P,13
-0.650790128832799,2.0479843979025367,3.9151369418642497,0.3526171875,-0.697044029866923,1.7242544947649499,2.4852722334974886,0.35857910156249995,0.485446628891238,2.4815083702880556,0.006098563537837696,-0.015422052833263067,0.013166504115026968,6.19291738241924,0.9425688773393631,0.22979671515565098,-0.6372324691583537,1.5353973436701707,0.9928225629695238,1.4089110182207047,0.7836182488000486,0.31975653767585754,0.3186137080192566,0.9104999899864197,0.7836182492889929,0.4021356224952721,0.04208936842522887,0.4442249909205016,6.106226635438361e-16,0.31275390625,0.31275390625,0.19736328125,0.44861328125,0.023427003622055055,0,0.0,2.0,0.44687006009023517,0,109,625,ref,9105,0.9105,6.299007415771484,1.7395707368850708,9107,0.9107,f8a6d021f707676be1ced734bc58f380443a96115805787e41f17655b2d59455,,144.56592809595168,1055308,1084952,6,SNAi_P,13
-0.6692663396016875,2.03514262473962,3.1034758519358316,0.3614453125,-0.6538071181432358,1.722727457997474,2.304505755837898,0.37335205078124994,0.4526198226917269,2.499783955776058,0.015386116070653384,-0.014947815821439508,0.012647271221239981,6.213318877922543,0.940807928442955,0.22729152978058478,-0.590413616264562,1.4745313701290275,0.9458539881511939,1.4082347779967666,0.8048959091282449,0.3202599883079529,0.31750720739364624,0.9193999767303467,0.8048959111154546,0.3970906874727128,0.05404826262739336,0.4511389501001073,1.1102230246251565e-15,0.305,0.305,0.1916796875,0.43583984375,0.026910996437072756,0,0.0,2.0,0.49772990510007953,0,110,625,ref,9194,0.9194,5.219561576843262,1.2439889907836914,9091,0.9091,2fa13499b5c5c3b048b44fc84ae2765894262991d478b4d907ad0c7d8c30a51c,,146.39924427797087,1055312,1084952,7,SNAi_P,13
-0.6631081593939656,1.9491085815861138,2.8500344828444826,0.35572265625,-0.7691426652370227,1.738523684827913,2.4036487545868837,0.3539013671875,0.4935532470857656,2.5136153923262894,0.015295963295568869,-0.016001042910244453,0.01272909517008724,6.2295977581515505,0.935563263297081,0.22731655128945713,-0.703548559770342,1.4840890770517436,0.9784509545370073,1.4022282031426152,0.8048857553722337,0.2939431965351105,0.32889512181282043,0.9175999760627747,0.8048857554455754,0.4005095520419414,0.059134356650573566,0.459643908692513,1.942890293094024e-15,0.31046875,0.31046875,0.19603515625,0.44001953125,0.02602982521057129,0,0.0,2.0,0.548186868102205,0,111,625,ref,9176,0.9176,3.764913320541382,1.2180545330047607,9018,0.9018,50b9bdf195d84c5828a2e1da1aac1aca9c918fc5c248b156cb0b81071b3e341d,,147.99158359796274,963968,1084952,7,SNAi_P,13
-0.5726172669041546,2.013540395168301,3.2907544639487054,0.36703125,-0.6590355410007456,1.732613555584683,2.507407804316854,0.374287109375,0.4656363030158228,2.5267105257624998,0.009602904217474586,-0.014973915242239686,0.013045999836244443,6.248364867630799,0.9359555655717849,0.2292185665011119,-0.5979395466930937,1.514917518526502,0.9638048311461884,1.3995046897494634,0.8077452860772609,0.2805609107017517,0.3193977177143097,0.9172000288963318,0.8077452856407035,0.4029284210321585,0.05382162305963987,0.45675004409179637,1.9984014443252818e-15,0.30619140625,0.30619140625,0.19201171875,0.43568359375,0.025363874435424805,0,0.0,2.0,0.4861157594193243,0,112,625,ref,9172,0.9172,5.668913841247559,1.1263350248336792,9074,0.9074,9ad258949b5846c57745f1bad7209bed374fe3e17df51b3fff69a5881b461cd4,,149.66590858495329,1055720,1084952,7,SNAi_P,13
-0.5384425656261473,2.007461501293863,3.4940083945425533,0.380390625,-0.6975870375974512,1.7394988809690668,2.388166397296014,0.36737304687500005,0.4637984614094412,2.548008003379132,0.014049892104061578,-0.015260341314504483,0.012648379046874079,6.265838320840985,0.9333971560001373,0.2314552043258996,-0.6298388163647677,1.480632440812874,1.0599062635907512,1.4013098181079318,0.8397093529999257,0.3077734410762787,0.3267013430595398,0.9226999878883362,0.8397093541990034,0.4068950150422428,0.0655746829373796,0.4724696979796264,3.9968028886505635e-15,0.29509765625,0.29509765625,0.18689453125,0.4207421875,0.025509023666381837,0,0.0,2.0,0.5009331003581693,0,113,625,ref,9227,0.9227,4.28005313873291,1.2195014953613281,9115,0.9115,e64e9054a8550c74480ea4ef5547939993d9d203feb3bb88a598b4764eb2c98c,,151.33567704400048,1055724,1084952,7,SNAi_P,13
-0.5716711571747883,2.0366501049991634,3.3297950658151088,0.37201171875,-0.59514902236507,1.7351446793510474,2.4048304249332006,0.38023681640624996,0.43340891903621326,2.562313883434933,0.015004255809103003,-0.014253290407299462,0.012804757876468663,6.281451540478456,0.9331140065193176,0.2324051986197205,-0.5269618744884353,1.499186436512651,1.0069445980095155,1.3999526191938336,0.8143384434387554,0.31145381927490234,0.3157876431941986,0.9120000004768372,0.8143384441791568,0.40115903164513644,0.05745569551357317,0.4586147271587088,7.771561172376096e-16,0.30294921875,0.30294921875,0.19080078125,0.43083984375,0.02505713701248169,0,0.0,2.0,0.5330504034659151,0,114,625,ref,9120,0.912,4.381588935852051,1.1897504329681396,9020,0.902,203130e549b61c2fff4c85d8b1e2b54caf99d7529ecf4495f89abf71412461bb,,153.14824816701002,963976,1084952,7,SNAi_P,13
-0.5949032744004366,1.9930550842923676,3.4833222179977,0.359609375,-0.5822180272552193,1.7450270410703512,2.5348540192886557,0.38016601562499996,0.4446487198267587,2.58557754612203,0.014893108117956072,-0.014144693518676843,0.01328782926405677,6.30263933401705,0.9317682355642318,0.23437759759401935,-0.5171832177991389,1.5475847544766768,0.9483413633471041,1.4010225328877863,0.8022558846243192,0.28145700693130493,0.32612448930740356,0.9236999750137329,0.8022558835917153,0.4030388915283083,0.049862363972071305,0.452901255500376,3.608224830031759e-15,0.30943359375,0.30943359375,0.19705078125,0.43625,0.02321755886077881,0,0.0,2.0,0.5877520553434098,0,115,625,ref,9237,0.9237,3.908355712890625,1.1483749151229858,9122,0.9122,ebba50cdcf0ffbee6349920f8bd185a2b19d4d212845f5bc1d9df4e1a68f611f,,154.87842844298575,1055728,1084952,7,SNAi_P,13
-0.7722455947645719,2.049152308562295,3.494687908757306,0.33859375,-0.6206322097901313,1.7478382156247605,2.491052507540812,0.37107910156249996,0.4467553709404007,2.593511273497717,0.014671783560228776,-0.014442303316266366,0.01303238545302585,6.3166289371126485,0.9302400994300842,0.2349884409674622,-0.5491978503839252,1.5225285421169852,0.911679568465055,1.4025660577981387,0.7757303735520691,0.2547183036804199,0.3241540789604187,0.925599992275238,0.7757303717557806,0.401600254874918,0.047674244777778096,0.4492744996526945,1.609823385706477e-15,0.321171875,0.321171875,0.2043359375,0.45849609375,0.022502976655960082,0,0.0,2.0,0.5463486462124042,0,116,625,ref,9256,0.9256,3.9364380836486816,1.102882981300354,9137,0.9137,6af78383fe8af3930d7e2c56a216e85225e0d10e2f3f44fbaf09b500191621a1,,156.47641093691345,1086356,1084952,7,SNAi_P,13
-0.7288000022039963,2.096540578027119,3.736857681939099,0.3537890625,-0.7374437194929032,1.7712413028320588,2.7779086291218316,0.356259765625,0.4999031718066952,2.6073185146564595,0.030074066395054246,-0.01539106761279543,0.013658585803773188,6.3375846646269345,0.924266391992569,0.23638021924229857,-0.6523608963207072,1.582443413008211,0.9761340958932148,1.4017448935470385,0.7976070437207818,0.2947537899017334,0.31135252118110657,0.9124000072479248,0.797607044178294,0.3980798900336723,0.05733128516485,0.4554111751985191,3.164135620181696e-15,0.31185546875,0.31185546875,0.19869140625,0.44248046875,0.023512983322143556,0,0.0,2.0,0.44925018232697744,0,117,625,ref,9124,0.9124,5.984943389892578,1.359670639038086,9038,0.9038,644f140cbd1e0e771553e7774cf91fbd3887c4c5f71dce692ad4811f39aeda98,,158.22165417694487,1028616,1084952,7,SNAi_P,13
-0.7811882378447094,2.0915901776029036,2.893894857508034,0.3409375,-0.7277405068251764,1.77393824773081,2.7400745463816474,0.36058349609375,0.49090189997113415,2.627280095214146,0.028674911576975878,-0.015159694157396517,0.013638221773074373,6.35557643420963,0.9229785639047623,0.23699485063191714,-0.6299473339169281,1.5740764836749357,0.9810664021339712,1.3993548946993695,0.7834284319041762,0.30295318365097046,0.3141883909702301,0.916700005531311,0.7834284328378271,0.40370203223145396,0.04291858719309822,0.44662061942455267,4.996003610813204e-16,0.3150390625,0.3150390625,0.2012890625,0.449609375,0.023469483852386477,0,0.0,2.0,0.5094926283586895,0,118,625,ref,9167,0.9167,4.216179847717285,1.107255458831787,9036,0.9036,55a391644dc3aa5e3c0254a48019cf1c7117ef1b48968c6528cfacca048f03e9,,159.94416259299032,964392,1084952,7,SNAi_P,13
-0.6966660096416655,2.071819370143796,3.508934666079367,0.34994140625,-0.7903898642641665,1.7861007564436,2.7658945791484073,0.34654541015625,0.5174061289131832,2.6435603575635436,0.02918942569167343,-0.015719808228920964,0.013825896014590404,6.37219258446817,0.9208886682987213,0.2395522176049214,-0.689414089397169,1.6042018683035313,0.9629729156810045,1.4001740021700837,0.7858855693391524,0.2926037609577179,0.31236428022384644,0.916100025177002,0.7858855693566147,0.3994242694793775,0.05002474362698683,0.44944901310636065,3.6637359812630166e-15,0.31791015625,0.31791015625,0.20060546875,0.4488671875,0.025129550695419313,0,0.0,2.0,0.45789689915849857,0,119,625,ref,9161,0.9161,4.443999767303467,1.1308999061584473,8977,0.8977,88028361edc0c7de5d42172d0793764c63a84fa53c71e677930d3e64393c8839,,161.6229972819565,1056144,1084952,7,SNAi_P,13
-0.7271584146892088,2.020724206223534,3.0841570261861233,0.3421875,-0.8061243683015905,1.789450072605809,2.7304385839098284,0.34669677734375004,0.517511698196125,2.6521424322868214,0.032477431865987914,-0.015809192725998754,0.013726857577436854,6.391390024707068,0.9175316578149796,0.24157163226593123,-0.7019274521750062,1.5922977877292306,1.0077216706974133,1.3985954244949443,0.7673411869094707,0.3698352873325348,0.32244062423706055,0.9107999801635742,0.7673411862109788,0.39873494024436534,0.0443926360627352,0.44312757630710076,2.220446049250313e-16,0.3263671875,0.3263671875,0.20669921875,0.4601953125,0.022220879793167114,0,0.0,2.0,0.564967068116179,0,120,625,ref,9108,0.9108,4.168097972869873,1.1509381532669067,9102,0.9102,901d4b6bb8d97eee0274a2278d7845dec09ebc9907c72e66cb8d0e5828335b14,,166.869350601919,1086772,1084952,24,SNAi_P,13
