contrast,geometry,optimizer,reference_geometry,reference_optimizer,seed,window,metric,availability,numerator_series_status,reference_series_status,terminal_divergence,value,reference_value,difference,ratio
geometry_over_rgb32,dup64,adam,rgb32,adam,300,early,R,AVAILABLE,COMPLETE,COMPLETE,False,527.7786212445139,145.30791632376133,382.4707049207526,3.6321394910692106
geometry_over_rgb32,dup64,adam,rgb32,adam,300,early,d_eff,AVAILABLE,COMPLETE,COMPLETE,False,330.47557938995953,90.4268498817996,240.04872950815994,3.654617846601279
geometry_over_rgb32,dup64,adam,rgb32,adam,300,early,c,AVAILABLE,COMPLETE,COMPLETE,False,-0.3012819039143445,-0.30035705755715225,-0.0009248463571922549,
geometry_over_rgb32,dup64,adam,rgb32,adam,300,early,rho,AVAILABLE,COMPLETE,COMPLETE,False,0.6347207132527846,0.6173577095503537,0.017363003702430824,1.0281247053917526
geometry_over_rgb32,dup64,adam,rgb32,adam,300,early,train_acc,AVAILABLE,COMPLETE,COMPLETE,False,0.9775000214576722,0.995416671037674,-0.01791664958000172,0.9820008544147403
geometry_over_rgb32,dup64_half,adam,rgb32,adam,300,early,R,AVAILABLE,COMPLETE,COMPLETE,False,276.9534677636771,145.30791632376133,131.64555143991578,1.9059764586163057
geometry_over_rgb32,dup64_half,adam,rgb32,adam,300,early,d_eff,AVAILABLE,COMPLETE,COMPLETE,False,176.53396310047435,90.4268498817996,86.10711321867475,1.9522294908119509
geometry_over_rgb32,dup64_half,adam,rgb32,adam,300,early,c,AVAILABLE,COMPLETE,COMPLETE,False,-0.2957269504107012,-0.30035705755715225,0.004630107146451068,
geometry_over_rgb32,dup64_half,adam,rgb32,adam,300,early,rho,AVAILABLE,COMPLETE,COMPLETE,False,0.6358519620185744,0.6173577095503537,0.018494252468220673,1.0299571094393407
geometry_over_rgb32,dup64_half,adam,rgb32,adam,300,early,train_acc,AVAILABLE,COMPLETE,COMPLETE,False,0.9950000047683716,0.995416671037674,-0.00041666626930236816,0.9995814152189475
geometry_over_rgb32,gray32,adam,rgb32,adam,300,early,R,AVAILABLE,COMPLETE,COMPLETE,False,58.179445530652245,145.30791632376133,-87.12847079310909,0.4003873085690825
geometry_over_rgb32,gray32,adam,rgb32,adam,300,early,d_eff,AVAILABLE,COMPLETE,COMPLETE,False,33.79645867495289,90.4268498817996,-56.63039120684671,0.37374362503094527
geometry_over_rgb32,gray32,adam,rgb32,adam,300,early,c,AVAILABLE,COMPLETE,COMPLETE,False,-0.2866662011753628,-0.30035705755715225,0.013690856381789462,
geometry_over_rgb32,gray32,adam,rgb32,adam,300,early,rho,AVAILABLE,COMPLETE,COMPLETE,False,0.5769695854931056,0.6173577095503537,-0.04038812405724812,0.9345790561412696
geometry_over_rgb32,gray32,adam,rgb32,adam,300,early,train_acc,AVAILABLE,COMPLETE,COMPLETE,False,0.9583333730697632,0.995416671037674,-0.03708329796791077,0.9627459544863226
geometry_over_rgb32,avg16,adam,rgb32,adam,300,early,R,AVAILABLE,COMPLETE,COMPLETE,False,49.3972897353607,145.30791632376133,-95.91062658840063,0.3399490611736414
geometry_over_rgb32,avg16,adam,rgb32,adam,300,early,d_eff,AVAILABLE,COMPLETE,COMPLETE,False,28.17701025803823,90.4268498817996,-62.24983962376137,0.3116000424085267
geometry_over_rgb32,avg16,adam,rgb32,adam,300,early,c,AVAILABLE,COMPLETE,COMPLETE,False,-0.2937326600820396,-0.30035705755715225,0.0066243974751126755,
geometry_over_rgb32,avg16,adam,rgb32,adam,300,early,rho,AVAILABLE,COMPLETE,COMPLETE,False,0.571247200158062,0.6173577095503537,-0.046110509392291776,0.925309899465132
geometry_over_rgb32,avg16,adam,rgb32,adam,300,early,train_acc,AVAILABLE,COMPLETE,COMPLETE,False,0.9129166901111603,0.995416671037674,-0.08249998092651367,0.9171201534725038
geometry_over_rgb32,dup64,sgd,rgb32,sgd,300,early,R,AVAILABLE,COMPLETE,COMPLETE,False,66.21752872222302,39.11684610347156,27.100682618751463,1.6928135910309579
geometry_over_rgb32,dup64,sgd,rgb32,sgd,300,early,d_eff,AVAILABLE,COMPLETE,COMPLETE,False,33.07216236742407,16.63674183969393,16.43542052773014,1.9878989940516207
geometry_over_rgb32,dup64,sgd,rgb32,sgd,300,early,c,AVAILABLE,COMPLETE,COMPLETE,False,-0.25395066628842444,-0.20152129387805764,-0.0524293724103668,
geometry_over_rgb32,dup64,sgd,rgb32,sgd,300,early,rho,AVAILABLE,COMPLETE,COMPLETE,False,0.4995836846071253,0.42458164906074664,0.07500203554637869,1.1766492633685348
geometry_over_rgb32,dup64,sgd,rgb32,sgd,300,early,train_acc,AVAILABLE,COMPLETE,COMPLETE,False,0.9045833647251129,0.7754167020320892,0.12916666269302368,1.1665770963593176
geometry_over_rgb32,dup64_half,sgd,rgb32,sgd,300,early,R,AVAILABLE,COMPLETE,COMPLETE,False,39.68335234400434,39.11684610347156,0.5665062405327816,1.0144824109549697
geometry_over_rgb32,dup64_half,sgd,rgb32,sgd,300,early,d_eff,AVAILABLE,COMPLETE,COMPLETE,False,17.11199332886909,16.63674183969393,0.4752514891751609,1.0285663799892146
geometry_over_rgb32,dup64_half,sgd,rgb32,sgd,300,early,c,AVAILABLE,COMPLETE,COMPLETE,False,-0.19817961893963612,-0.20152129387805764,0.003341674938421524,
geometry_over_rgb32,dup64_half,sgd,rgb32,sgd,300,early,rho,AVAILABLE,COMPLETE,COMPLETE,False,0.4312204877260466,0.42458164906074664,0.006638838665299962,1.0156361884221476
geometry_over_rgb32,dup64_half,sgd,rgb32,sgd,300,early,train_acc,AVAILABLE,COMPLETE,COMPLETE,False,0.8004166781902313,0.7754167020320892,0.02499997615814209,1.032240698572298
geometry_over_rgb32,gray32,sgd,rgb32,sgd,300,early,R,AVAILABLE,COMPLETE,COMPLETE,False,25.19124493553919,39.11684610347156,-13.92560116793237,0.6439998988901997
geometry_over_rgb32,gray32,sgd,rgb32,sgd,300,early,d_eff,AVAILABLE,COMPLETE,COMPLETE,False,9.267677861719191,16.63674183969393,-7.369063977974738,0.5570608687097167
geometry_over_rgb32,gray32,sgd,rgb32,sgd,300,early,c,AVAILABLE,COMPLETE,COMPLETE,False,-0.1515449536405794,-0.20152129387805764,0.04997634023747824,
geometry_over_rgb32,gray32,sgd,rgb32,sgd,300,early,rho,AVAILABLE,COMPLETE,COMPLETE,False,0.37194019371571574,0.42458164906074664,-0.052641455345030896,0.8760157075524023
geometry_over_rgb32,gray32,sgd,rgb32,sgd,300,early,train_acc,AVAILABLE,COMPLETE,COMPLETE,False,0.5712499916553497,0.7754167020320892,-0.2041667103767395,0.7367006541880105
geometry_over_rgb32,avg16,sgd,rgb32,sgd,300,early,R,AVAILABLE,COMPLETE,COMPLETE,False,25.22292415426015,39.11684610347156,-13.89392194921141,0.6448097601616622
geometry_over_rgb32,avg16,sgd,rgb32,sgd,300,early,d_eff,AVAILABLE,COMPLETE,COMPLETE,False,8.441245390906543,16.63674183969393,-8.195496448787386,0.5073857292637919
geometry_over_rgb32,avg16,sgd,rgb32,sgd,300,early,c,AVAILABLE,COMPLETE,COMPLETE,False,-0.11764153639818556,-0.20152129387805764,0.08387975747987209,
geometry_over_rgb32,avg16,sgd,rgb32,sgd,300,early,rho,AVAILABLE,COMPLETE,COMPLETE,False,0.32863918289414923,0.42458164906074664,-0.0959424661665974,0.7740305866284143
geometry_over_rgb32,avg16,sgd,rgb32,sgd,300,early,train_acc,AVAILABLE,COMPLETE,COMPLETE,False,0.48083335161209106,0.7754167020320892,-0.29458335041999817,0.6200967174836436
adam_over_sgd,rgb32,adam,rgb32,sgd,300,early,R,AVAILABLE,COMPLETE,COMPLETE,False,145.30791632376133,39.11684610347156,106.19107022028977,3.7147145232362044
adam_over_sgd,rgb32,adam,rgb32,sgd,300,early,d_eff,AVAILABLE,COMPLETE,COMPLETE,False,90.4268498817996,16.63674183969393,73.79010804210567,5.435370143572728
adam_over_sgd,rgb32,adam,rgb32,sgd,300,early,c,AVAILABLE,COMPLETE,COMPLETE,False,-0.30035705755715225,-0.20152129387805764,-0.09883576367909461,
adam_over_sgd,rgb32,adam,rgb32,sgd,300,early,rho,AVAILABLE,COMPLETE,COMPLETE,False,0.6173577095503537,0.42458164906074664,0.1927760604896071,1.4540376648780358
adam_over_sgd,rgb32,adam,rgb32,sgd,300,early,train_acc,AVAILABLE,COMPLETE,COMPLETE,False,0.995416671037674,0.7754167020320892,0.21999996900558472,1.2837183780398895
adam_over_sgd,dup64,adam,dup64,sgd,300,early,R,AVAILABLE,COMPLETE,COMPLETE,False,527.7786212445139,66.21752872222302,461.5610925222909,7.970376295051738
adam_over_sgd,dup64,adam,dup64,sgd,300,early,d_eff,AVAILABLE,COMPLETE,COMPLETE,False,330.47557938995953,33.07216236742407,297.40341702253545,9.992560381097926
adam_over_sgd,dup64,adam,dup64,sgd,300,early,c,AVAILABLE,COMPLETE,COMPLETE,False,-0.3012819039143445,-0.25395066628842444,-0.047331237625920064,
adam_over_sgd,dup64,adam,dup64,sgd,300,early,rho,AVAILABLE,COMPLETE,COMPLETE,False,0.6347207132527846,0.4995836846071253,0.13513702864565924,1.2704992833221356
adam_over_sgd,dup64,adam,dup64,sgd,300,early,train_acc,AVAILABLE,COMPLETE,COMPLETE,False,0.9775000214576722,0.9045833647251129,0.07291665673255932,1.0806080009604393
adam_over_sgd,dup64_half,adam,dup64_half,sgd,300,early,R,AVAILABLE,COMPLETE,COMPLETE,False,276.9534677636771,39.68335234400434,237.27011541967278,6.979084462493032
adam_over_sgd,dup64_half,adam,dup64_half,sgd,300,early,d_eff,AVAILABLE,COMPLETE,COMPLETE,False,176.53396310047435,17.11199332886909,159.42196977160526,10.316388027258613
adam_over_sgd,dup64_half,adam,dup64_half,sgd,300,early,c,AVAILABLE,COMPLETE,COMPLETE,False,-0.2957269504107012,-0.19817961893963612,-0.09754733147106506,
adam_over_sgd,dup64_half,adam,dup64_half,sgd,300,early,rho,AVAILABLE,COMPLETE,COMPLETE,False,0.6358519620185744,0.4312204877260466,0.20463147429252782,1.4745402412849404
adam_over_sgd,dup64_half,adam,dup64_half,sgd,300,early,train_acc,AVAILABLE,COMPLETE,COMPLETE,False,0.9950000047683716,0.8004166781902313,0.19458332657814026,1.2431025388152825
adam_over_sgd,gray32,adam,gray32,sgd,300,early,R,AVAILABLE,COMPLETE,COMPLETE,False,58.179445530652245,25.19124493553919,32.98820059511306,2.3095105335018244
adam_over_sgd,gray32,adam,gray32,sgd,300,early,d_eff,AVAILABLE,COMPLETE,COMPLETE,False,33.79645867495289,9.267677861719191,24.528780813233695,3.646701922447217
adam_over_sgd,gray32,adam,gray32,sgd,300,early,c,AVAILABLE,COMPLETE,COMPLETE,False,-0.2866662011753628,-0.1515449536405794,-0.13512124753478338,
adam_over_sgd,gray32,adam,gray32,sgd,300,early,rho,AVAILABLE,COMPLETE,COMPLETE,False,0.5769695854931056,0.37194019371571574,0.20502939177738988,1.5512429020620975
adam_over_sgd,gray32,adam,gray32,sgd,300,early,train_acc,AVAILABLE,COMPLETE,COMPLETE,False,0.9583333730697632,0.5712499916553497,0.38708338141441345,1.6776076797703503
adam_over_sgd,avg16,adam,avg16,sgd,300,early,R,AVAILABLE,COMPLETE,COMPLETE,False,49.3972897353607,25.22292415426015,24.174365581100552,1.9584283500696926
adam_over_sgd,avg16,adam,avg16,sgd,300,early,d_eff,AVAILABLE,COMPLETE,COMPLETE,False,28.17701025803823,8.441245390906543,19.735764867131685,3.338015772932313
adam_over_sgd,avg16,adam,avg16,sgd,300,early,c,AVAILABLE,COMPLETE,COMPLETE,False,-0.2937326600820396,-0.11764153639818556,-0.17609112368385402,
adam_over_sgd,avg16,adam,avg16,sgd,300,early,rho,AVAILABLE,COMPLETE,COMPLETE,False,0.571247200158062,0.32863918289414923,0.24260801726391273,1.7382199989891465
adam_over_sgd,avg16,adam,avg16,sgd,300,early,train_acc,AVAILABLE,COMPLETE,COMPLETE,False,0.9129166901111603,0.48083335161209106,0.4320833384990692,1.8986134947803068
geometry_over_rgb32,dup64,adam,rgb32,adam,300,late,R,AVAILABLE,COMPLETE,COMPLETE,False,682.4962319310158,183.4684515087676,499.0277804222482,3.7199650747496533
geometry_over_rgb32,dup64,adam,rgb32,adam,300,late,d_eff,AVAILABLE,COMPLETE,COMPLETE,False,386.4018297586631,102.92408057638602,283.4777491822771,3.754241258165931
geometry_over_rgb32,dup64,adam,rgb32,adam,300,late,c,AVAILABLE,COMPLETE,COMPLETE,False,-0.2743317091449799,-0.2743516041844139,1.9895039434003614e-05,
geometry_over_rgb32,dup64,adam,rgb32,adam,300,late,rho,AVAILABLE,COMPLETE,COMPLETE,False,0.567125957526941,0.5603572717808081,0.006768685746132874,1.0120792324593595
geometry_over_rgb32,dup64,adam,rgb32,adam,300,late,train_acc,AVAILABLE,COMPLETE,COMPLETE,False,0.995416671037674,0.9858333468437194,0.009583324193954579,1.0097210387786504
geometry_over_rgb32,dup64_half,adam,rgb32,adam,300,late,R,AVAILABLE,COMPLETE,COMPLETE,False,357.1787223876968,183.4684515087676,173.71027087892918,1.9468127596347424
geometry_over_rgb32,dup64_half,adam,rgb32,adam,300,late,d_eff,AVAILABLE,COMPLETE,COMPLETE,False,199.32349683121424,102.92408057638602,96.39941625482822,1.9366070186391857
geometry_over_rgb32,dup64_half,adam,rgb32,adam,300,late,c,AVAILABLE,COMPLETE,COMPLETE,False,-0.2718492344025639,-0.2743516041844139,0.002502369781849978,
geometry_over_rgb32,dup64_half,adam,rgb32,adam,300,late,rho,AVAILABLE,COMPLETE,COMPLETE,False,0.5564041672023834,0.5603572717808081,-0.003953104578424682,0.9929453854219438
geometry_over_rgb32,dup64_half,adam,rgb32,adam,300,late,train_acc,AVAILABLE,COMPLETE,COMPLETE,False,0.9904166758060455,0.9858333468437194,0.004583328962326161,1.0046491924593546
geometry_over_rgb32,gray32,adam,rgb32,adam,300,late,R,AVAILABLE,COMPLETE,COMPLETE,False,69.49917246374383,183.4684515087676,-113.96927904502377,0.37880721122466443
geometry_over_rgb32,gray32,adam,rgb32,adam,300,late,d_eff,AVAILABLE,COMPLETE,COMPLETE,False,36.868367656932094,102.92408057638602,-66.05571291945392,0.35820934664138104
geometry_over_rgb32,gray32,adam,rgb32,adam,300,late,c,AVAILABLE,COMPLETE,COMPLETE,False,-0.26606619098423845,-0.2743516041844139,0.008285413200175451,
geometry_over_rgb32,gray32,adam,rgb32,adam,300,late,rho,AVAILABLE,COMPLETE,COMPLETE,False,0.5311057502914935,0.5603572717808081,-0.029251521489314536,0.9477984440241962
geometry_over_rgb32,gray32,adam,rgb32,adam,300,late,train_acc,AVAILABLE,COMPLETE,COMPLETE,False,0.9470833539962769,0.9858333468437194,-0.038749992847442516,0.9606931607948687
geometry_over_rgb32,avg16,adam,rgb32,adam,300,late,R,AVAILABLE,COMPLETE,COMPLETE,False,60.96562809050205,183.4684515087676,-122.50282341826555,0.3322948855192612
geometry_over_rgb32,avg16,adam,rgb32,adam,300,late,d_eff,AVAILABLE,COMPLETE,COMPLETE,False,31.40200583459969,102.92408057638602,-71.52207474178633,0.3050987257670416
geometry_over_rgb32,avg16,adam,rgb32,adam,300,late,c,AVAILABLE,COMPLETE,COMPLETE,False,-0.24546295120489076,-0.2743516041844139,0.028888652979523144,
geometry_over_rgb32,avg16,adam,rgb32,adam,300,late,rho,AVAILABLE,COMPLETE,COMPLETE,False,0.5180246095382226,0.5603572717808081,-0.04233266224258547,0.9244541574198675
geometry_over_rgb32,avg16,adam,rgb32,adam,300,late,train_acc,AVAILABLE,COMPLETE,COMPLETE,False,0.8966667056083679,0.9858333468437194,-0.08916664123535145,0.9095520135113803
geometry_over_rgb32,dup64,sgd,rgb32,sgd,300,late,R,AVAILABLE,COMPLETE,COMPLETE,False,73.77991244305703,41.09861633562548,32.68129610743155,1.7951921261909358
geometry_over_rgb32,dup64,sgd,rgb32,sgd,300,late,d_eff,AVAILABLE,COMPLETE,COMPLETE,False,31.965439100165952,16.41270603862311,15.552733061542842,1.9476032181983556
geometry_over_rgb32,dup64,sgd,rgb32,sgd,300,late,c,AVAILABLE,COMPLETE,COMPLETE,False,-0.21206729115153816,-0.19761776485057386,-0.0144495263009643,
geometry_over_rgb32,dup64,sgd,rgb32,sgd,300,late,rho,AVAILABLE,COMPLETE,COMPLETE,False,0.43254088369174176,0.3986868106050472,0.03385407308669458,1.0849139529730558
geometry_over_rgb32,dup64,sgd,rgb32,sgd,300,late,train_acc,AVAILABLE,COMPLETE,COMPLETE,False,0.8537500202655792,0.7366666793823242,0.117083340883255,1.1589366590890555
geometry_over_rgb32,dup64_half,sgd,rgb32,sgd,300,late,R,AVAILABLE,COMPLETE,COMPLETE,False,41.78370365204253,41.09861633562548,0.6850873164170537,1.0166693523407795
geometry_over_rgb32,dup64_half,sgd,rgb32,sgd,300,late,d_eff,AVAILABLE,COMPLETE,COMPLETE,False,16.306180530665905,16.41270603862311,-0.10652550795720472,0.993509570712683
geometry_over_rgb32,dup64_half,sgd,rgb32,sgd,300,late,c,AVAILABLE,COMPLETE,COMPLETE,False,-0.20994460166966267,-0.19761776485057386,-0.012326836819088804,
geometry_over_rgb32,dup64_half,sgd,rgb32,sgd,300,late,rho,AVAILABLE,COMPLETE,COMPLETE,False,0.39313027345374707,0.3986868106050472,-0.005556537151300112,0.9860629019985199
geometry_over_rgb32,dup64_half,sgd,rgb32,sgd,300,late,train_acc,AVAILABLE,COMPLETE,COMPLETE,False,0.7445833384990692,0.7366666793823242,0.007916659116744995,1.0107465959005815
geometry_over_rgb32,gray32,sgd,rgb32,sgd,300,late,R,AVAILABLE,COMPLETE,COMPLETE,False,28.40413881754239,41.09861633562548,-12.69447751808309,0.6911215352260133
geometry_over_rgb32,gray32,sgd,rgb32,sgd,300,late,d_eff,AVAILABLE,COMPLETE,COMPLETE,False,9.264876975591989,16.41270603862311,-7.147829063031121,0.5644941762674277
geometry_over_rgb32,gray32,sgd,rgb32,sgd,300,late,c,AVAILABLE,COMPLETE,COMPLETE,False,-0.1662684978192681,-0.19761776485057386,0.03134926703130575,
geometry_over_rgb32,gray32,sgd,rgb32,sgd,300,late,rho,AVAILABLE,COMPLETE,COMPLETE,False,0.3253223860616692,0.3986868106050472,-0.07336442454337799,0.8159848216898871
geometry_over_rgb32,gray32,sgd,rgb32,sgd,300,late,train_acc,AVAILABLE,COMPLETE,COMPLETE,False,0.5266667008399963,0.7366666793823242,-0.20999997854232788,0.7149321607454713
geometry_over_rgb32,avg16,sgd,rgb32,sgd,300,late,R,AVAILABLE,COMPLETE,COMPLETE,False,27.32278463310616,41.09861633562548,-13.77583170251932,0.6648103286489957
geometry_over_rgb32,avg16,sgd,rgb32,sgd,300,late,d_eff,AVAILABLE,COMPLETE,COMPLETE,False,8.424102651620137,16.41270603862311,-7.988603387002973,0.5132671377770469
geometry_over_rgb32,avg16,sgd,rgb32,sgd,300,late,c,AVAILABLE,COMPLETE,COMPLETE,False,-0.1314286593657799,-0.19761776485057386,0.06618910548479395,
geometry_over_rgb32,avg16,sgd,rgb32,sgd,300,late,rho,AVAILABLE,COMPLETE,COMPLETE,False,0.30906647327171966,0.3986868106050472,-0.08962033733332753,0.7752111809334257
geometry_over_rgb32,avg16,sgd,rgb32,sgd,300,late,train_acc,AVAILABLE,COMPLETE,COMPLETE,False,0.46625000238418574,0.7366666793823242,-0.2704166769981385,0.6329185443477967
adam_over_sgd,rgb32,adam,rgb32,sgd,300,late,R,AVAILABLE,COMPLETE,COMPLETE,False,183.4684515087676,41.09861633562548,142.36983517314212,4.46410287904831
adam_over_sgd,rgb32,adam,rgb32,sgd,300,late,d_eff,AVAILABLE,COMPLETE,COMPLETE,False,102.92408057638602,16.41270603862311,86.5113745377629,6.27100006142683
adam_over_sgd,rgb32,adam,rgb32,sgd,300,late,c,AVAILABLE,COMPLETE,COMPLETE,False,-0.2743516041844139,-0.19761776485057386,-0.07673383933384004,
adam_over_sgd,rgb32,adam,rgb32,sgd,300,late,rho,AVAILABLE,COMPLETE,COMPLETE,False,0.5603572717808081,0.3986868106050472,0.1616704611757609,1.405507423058239
adam_over_sgd,rgb32,adam,rgb32,sgd,300,late,train_acc,AVAILABLE,COMPLETE,COMPLETE,False,0.9858333468437194,0.7366666793823242,0.24916666746139515,1.3382352893581597
adam_over_sgd,dup64,adam,dup64,sgd,300,late,R,AVAILABLE,COMPLETE,COMPLETE,False,682.4962319310158,73.77991244305703,608.7163194879588,9.25043428938416
adam_over_sgd,dup64,adam,dup64,sgd,300,late,d_eff,AVAILABLE,COMPLETE,COMPLETE,False,386.4018297586631,31.965439100165952,354.43639065849715,12.088112681569797
adam_over_sgd,dup64,adam,dup64,sgd,300,late,c,AVAILABLE,COMPLETE,COMPLETE,False,-0.2743317091449799,-0.21206729115153816,-0.062264417993441734,
adam_over_sgd,dup64,adam,dup64,sgd,300,late,rho,AVAILABLE,COMPLETE,COMPLETE,False,0.567125957526941,0.43254088369174176,0.1345850738351992,1.3111499488476417
adam_over_sgd,dup64,adam,dup64,sgd,300,late,train_acc,AVAILABLE,COMPLETE,COMPLETE,False,0.995416671037674,0.8537500202655792,0.14166665077209473,1.165934579688825
adam_over_sgd,dup64_half,adam,dup64_half,sgd,300,late,R,AVAILABLE,COMPLETE,COMPLETE,False,357.1787223876968,41.78370365204253,315.3950187356543,8.548278184292469
adam_over_sgd,dup64_half,adam,dup64_half,sgd,300,late,d_eff,AVAILABLE,COMPLETE,COMPLETE,False,199.32349683121424,16.306180530665905,183.01731630054834,12.223800445258185
adam_over_sgd,dup64_half,adam,dup64_half,sgd,300,late,c,AVAILABLE,COMPLETE,COMPLETE,False,-0.2718492344025639,-0.20994460166966267,-0.061904632732901255,
adam_over_sgd,dup64_half,adam,dup64_half,sgd,300,late,rho,AVAILABLE,COMPLETE,COMPLETE,False,0.5564041672023834,0.39313027345374707,0.16327389374863632,1.4153175290069488
adam_over_sgd,dup64_half,adam,dup64_half,sgd,300,late,train_acc,AVAILABLE,COMPLETE,COMPLETE,False,0.9904166758060455,0.7445833384990692,0.24583333730697632,1.3301622862022766
adam_over_sgd,gray32,adam,gray32,sgd,300,late,R,AVAILABLE,COMPLETE,COMPLETE,False,69.49917246374383,28.40413881754239,41.09503364620144,2.4467973808387797
adam_over_sgd,gray32,adam,gray32,sgd,300,late,d_eff,AVAILABLE,COMPLETE,COMPLETE,False,36.868367656932094,9.264876975591989,27.603490681340105,3.979369370371629
adam_over_sgd,gray32,adam,gray32,sgd,300,late,c,AVAILABLE,COMPLETE,COMPLETE,False,-0.26606619098423845,-0.1662684978192681,-0.09979769316497034,
adam_over_sgd,gray32,adam,gray32,sgd,300,late,rho,AVAILABLE,COMPLETE,COMPLETE,False,0.5311057502914935,0.3253223860616692,0.20578336422982435,1.632552117673253
adam_over_sgd,gray32,adam,gray32,sgd,300,late,train_acc,AVAILABLE,COMPLETE,COMPLETE,False,0.9470833539962769,0.5266667008399963,0.4204166531562805,1.7982594162223386
adam_over_sgd,avg16,adam,avg16,sgd,300,late,R,AVAILABLE,COMPLETE,COMPLETE,False,60.96562809050205,27.32278463310616,33.64284345739589,2.231310933682503
adam_over_sgd,avg16,adam,avg16,sgd,300,late,d_eff,AVAILABLE,COMPLETE,COMPLETE,False,31.40200583459969,8.424102651620137,22.977903182979553,3.7276380800702147
adam_over_sgd,avg16,adam,avg16,sgd,300,late,c,AVAILABLE,COMPLETE,COMPLETE,False,-0.24546295120489076,-0.1314286593657799,-0.11403429183911085,
adam_over_sgd,avg16,adam,avg16,sgd,300,late,rho,AVAILABLE,COMPLETE,COMPLETE,False,0.5180246095382226,0.30906647327171966,0.20895813626650295,1.6760944791407213
adam_over_sgd,avg16,adam,avg16,sgd,300,late,train_acc,AVAILABLE,COMPLETE,COMPLETE,False,0.8966667056083679,0.46625000238418574,0.4304167032241822,1.9231457394600135
geometry_over_rgb32,dup64,adam,rgb32,adam,301,early,R,AVAILABLE,COMPLETE,COMPLETE,False,528.4953309872274,144.72484724749725,383.77048373973014,3.6517249182749905
geometry_over_rgb32,dup64,adam,rgb32,adam,301,early,d_eff,AVAILABLE,COMPLETE,COMPLETE,False,336.418565302484,89.02318759704329,247.39537770544072,3.7789993189780753
geometry_over_rgb32,dup64,adam,rgb32,adam,301,early,c,AVAILABLE,COMPLETE,COMPLETE,False,-0.29897811254215106,-0.29395608221503666,-0.005022030327114402,
geometry_over_rgb32,dup64,adam,rgb32,adam,301,early,rho,AVAILABLE,COMPLETE,COMPLETE,False,0.6451345662563476,0.6159487539165205,0.02918581233982709,1.0473835074009787
geometry_over_rgb32,dup64,adam,rgb32,adam,301,early,train_acc,AVAILABLE,COMPLETE,COMPLETE,False,0.9958333373069764,0.9975000023841858,-0.0016666650772093616,0.9983291578213276
geometry_over_rgb32,dup64_half,adam,rgb32,adam,301,early,R,AVAILABLE,COMPLETE,COMPLETE,False,273.5694826175426,144.72484724749725,128.84463537004532,1.8902730790221889
geometry_over_rgb32,dup64_half,adam,rgb32,adam,301,early,d_eff,AVAILABLE,COMPLETE,COMPLETE,False,175.21450392796334,89.02318759704329,86.19131633092005,1.9681895094686848
geometry_over_rgb32,dup64_half,adam,rgb32,adam,301,early,c,AVAILABLE,COMPLETE,COMPLETE,False,-0.29709601248233697,-0.29395608221503666,-0.003139930267300306,
geometry_over_rgb32,dup64_half,adam,rgb32,adam,301,early,rho,AVAILABLE,COMPLETE,COMPLETE,False,0.640176773967681,0.6159487539165205,0.024228020051160537,1.0393344736832508
geometry_over_rgb32,dup64_half,adam,rgb32,adam,301,early,train_acc,AVAILABLE,COMPLETE,COMPLETE,False,0.9983333349227904,0.9975000023841858,0.0008333325386046253,1.0008354210893362
geometry_over_rgb32,gray32,adam,rgb32,adam,301,early,R,AVAILABLE,COMPLETE,COMPLETE,False,56.09960536112108,144.72484724749725,-88.62524188637617,0.38762939763331633
geometry_over_rgb32,gray32,adam,rgb32,adam,301,early,d_eff,AVAILABLE,COMPLETE,COMPLETE,False,32.618471767783824,89.02318759704329,-56.404715829259466,0.3664042217341044
geometry_over_rgb32,gray32,adam,rgb32,adam,301,early,c,AVAILABLE,COMPLETE,COMPLETE,False,-0.2884784431378291,-0.29395608221503666,0.005477639077207552,
geometry_over_rgb32,gray32,adam,rgb32,adam,301,early,rho,AVAILABLE,COMPLETE,COMPLETE,False,0.5807643105496958,0.6159487539165205,-0.03518444336682469,0.9428776450263049
geometry_over_rgb32,gray32,adam,rgb32,adam,301,early,train_acc,AVAILABLE,COMPLETE,COMPLETE,False,0.9587500393390656,0.9975000023841858,-0.03874996304512024,0.9611529193458631
geometry_over_rgb32,avg16,adam,rgb32,adam,301,early,R,AVAILABLE,COMPLETE,COMPLETE,False,50.20391017214379,144.72484724749725,-94.52093707535346,0.3468921275576746
geometry_over_rgb32,avg16,adam,rgb32,adam,301,early,d_eff,AVAILABLE,COMPLETE,COMPLETE,False,27.97255902303798,89.02318759704329,-61.05062857400531,0.314216551643305
geometry_over_rgb32,avg16,adam,rgb32,adam,301,early,c,AVAILABLE,COMPLETE,COMPLETE,False,-0.29039718824919536,-0.29395608221503666,0.0035588939658413032,
geometry_over_rgb32,avg16,adam,rgb32,adam,301,early,rho,AVAILABLE,COMPLETE,COMPLETE,False,0.5565970664336944,0.6159487539165205,-0.05935168748282604,0.9036418417840164
geometry_over_rgb32,avg16,adam,rgb32,adam,301,early,train_acc,AVAILABLE,COMPLETE,COMPLETE,False,0.9241666793823242,0.9975000023841858,-0.07333332300186157,0.9264828843843779
geometry_over_rgb32,dup64,sgd,rgb32,sgd,301,early,R,AVAILABLE,COMPLETE,COMPLETE,False,65.07227294262896,40.20285237185673,24.869420570772228,1.6185984103998952
geometry_over_rgb32,dup64,sgd,rgb32,sgd,301,early,d_eff,AVAILABLE,COMPLETE,COMPLETE,False,31.907851716705615,16.001424418441726,15.906427298263889,1.9940632085185896
geometry_over_rgb32,dup64,sgd,rgb32,sgd,301,early,c,AVAILABLE,COMPLETE,COMPLETE,False,-0.22801077369082262,-0.18435658382177644,-0.04365418986904618,
geometry_over_rgb32,dup64,sgd,rgb32,sgd,301,early,rho,AVAILABLE,COMPLETE,COMPLETE,False,0.49547599476485327,0.39347098853280005,0.10200500623205322,1.2592440337530755
geometry_over_rgb32,dup64,sgd,rgb32,sgd,301,early,train_acc,AVAILABLE,COMPLETE,COMPLETE,False,0.9020833671092987,0.7779166996479034,0.12416666746139526,1.159614348834001
geometry_over_rgb32,dup64_half,sgd,rgb32,sgd,301,early,R,AVAILABLE,COMPLETE,COMPLETE,False,39.894362436034605,40.20285237185673,-0.3084899358221236,0.9923266654572481
geometry_over_rgb32,dup64_half,sgd,rgb32,sgd,301,early,d_eff,AVAILABLE,COMPLETE,COMPLETE,False,16.43776339698403,16.001424418441726,0.43633897854230597,1.0272687585262361
geometry_over_rgb32,dup64_half,sgd,rgb32,sgd,301,early,c,AVAILABLE,COMPLETE,COMPLETE,False,-0.18550294971377201,-0.18435658382177644,-0.001146365891995571,
geometry_over_rgb32,dup64_half,sgd,rgb32,sgd,301,early,rho,AVAILABLE,COMPLETE,COMPLETE,False,0.4088766817641861,0.39347098853280005,0.015405693231386075,1.0391533141714764
geometry_over_rgb32,dup64_half,sgd,rgb32,sgd,301,early,train_acc,AVAILABLE,COMPLETE,COMPLETE,False,0.7929166853427887,0.7779166996479034,0.014999985694885254,1.0192822518165177
geometry_over_rgb32,gray32,sgd,rgb32,sgd,301,early,R,AVAILABLE,COMPLETE,COMPLETE,False,27.595681068167835,40.20285237185673,-12.607171303688894,0.6864110240965312
geometry_over_rgb32,gray32,sgd,rgb32,sgd,301,early,d_eff,AVAILABLE,COMPLETE,COMPLETE,False,9.154695804046668,16.001424418441726,-6.846728614395058,0.5721175543282154
geometry_over_rgb32,gray32,sgd,rgb32,sgd,301,early,c,AVAILABLE,COMPLETE,COMPLETE,False,-0.13967728647940011,-0.18435658382177644,0.04467929734237633,
geometry_over_rgb32,gray32,sgd,rgb32,sgd,301,early,rho,AVAILABLE,COMPLETE,COMPLETE,False,0.3339904223577521,0.39347098853280005,-0.05948056617504793,0.8488311262874986
geometry_over_rgb32,gray32,sgd,rgb32,sgd,301,early,train_acc,AVAILABLE,COMPLETE,COMPLETE,False,0.5637499988079071,0.7779166996479034,-0.21416670083999634,0.7246919870251772
geometry_over_rgb32,avg16,sgd,rgb32,sgd,301,early,R,AVAILABLE,COMPLETE,COMPLETE,False,24.441290176574988,40.20285237185673,-15.76156219528174,0.6079491562067538
geometry_over_rgb32,avg16,sgd,rgb32,sgd,301,early,d_eff,AVAILABLE,COMPLETE,COMPLETE,False,8.418414866410064,16.001424418441726,-7.583009552031662,0.5261040921274356
geometry_over_rgb32,avg16,sgd,rgb32,sgd,301,early,c,AVAILABLE,COMPLETE,COMPLETE,False,-0.10267668400807752,-0.18435658382177644,0.08167989981369893,
geometry_over_rgb32,avg16,sgd,rgb32,sgd,301,early,rho,AVAILABLE,COMPLETE,COMPLETE,False,0.34195397332396865,0.39347098853280005,-0.051517015208831396,0.8690703591618498
geometry_over_rgb32,avg16,sgd,rgb32,sgd,301,early,train_acc,AVAILABLE,COMPLETE,COMPLETE,False,0.5429166853427887,0.7779166996479034,-0.23500001430511475,0.6979110817244581
adam_over_sgd,rgb32,adam,rgb32,sgd,301,early,R,AVAILABLE,COMPLETE,COMPLETE,False,144.72484724749725,40.20285237185673,104.52199487564053,3.59986515157838
adam_over_sgd,rgb32,adam,rgb32,sgd,301,early,d_eff,AVAILABLE,COMPLETE,COMPLETE,False,89.02318759704329,16.001424418441726,73.02176317860156,5.563453931916436
adam_over_sgd,rgb32,adam,rgb32,sgd,301,early,c,AVAILABLE,COMPLETE,COMPLETE,False,-0.29395608221503666,-0.18435658382177644,-0.10959949839326022,
adam_over_sgd,rgb32,adam,rgb32,sgd,301,early,rho,AVAILABLE,COMPLETE,COMPLETE,False,0.6159487539165205,0.39347098853280005,0.22247776538372044,1.5654235556560596
adam_over_sgd,rgb32,adam,rgb32,sgd,301,early,train_acc,AVAILABLE,COMPLETE,COMPLETE,False,0.9975000023841858,0.7779166996479034,0.21958330273628235,1.282270971732152
adam_over_sgd,dup64,adam,dup64,sgd,301,early,R,AVAILABLE,COMPLETE,COMPLETE,False,528.4953309872274,65.07227294262896,463.4230580445984,8.121666987922428
adam_over_sgd,dup64,adam,dup64,sgd,301,early,d_eff,AVAILABLE,COMPLETE,COMPLETE,False,336.418565302484,31.907851716705615,304.5107135857784,10.543441416532263
adam_over_sgd,dup64,adam,dup64,sgd,301,early,c,AVAILABLE,COMPLETE,COMPLETE,False,-0.29897811254215106,-0.22801077369082262,-0.07096733885132844,
adam_over_sgd,dup64,adam,dup64,sgd,301,early,rho,AVAILABLE,COMPLETE,COMPLETE,False,0.6451345662563476,0.49547599476485327,0.1496585714914943,1.3020500954088006
adam_over_sgd,dup64,adam,dup64,sgd,301,early,train_acc,AVAILABLE,COMPLETE,COMPLETE,False,0.9958333373069764,0.9020833671092987,0.09374997019767772,1.103926060069256
adam_over_sgd,dup64_half,adam,dup64_half,sgd,301,early,R,AVAILABLE,COMPLETE,COMPLETE,False,273.5694826175426,39.894362436034605,233.67512018150796,6.857346900985709
adam_over_sgd,dup64_half,adam,dup64_half,sgd,301,early,d_eff,AVAILABLE,COMPLETE,COMPLETE,False,175.21450392796334,16.43776339698403,158.7767405309793,10.659266695620607
adam_over_sgd,dup64_half,adam,dup64_half,sgd,301,early,c,AVAILABLE,COMPLETE,COMPLETE,False,-0.29709601248233697,-0.18550294971377201,-0.11159306276856495,
adam_over_sgd,dup64_half,adam,dup64_half,sgd,301,early,rho,AVAILABLE,COMPLETE,COMPLETE,False,0.640176773967681,0.4088766817641861,0.2313000922034949,1.5656964618415046
adam_over_sgd,dup64_half,adam,dup64_half,sgd,301,early,train_acc,AVAILABLE,COMPLETE,COMPLETE,False,0.9983333349227904,0.7929166853427887,0.20541664958000172,1.2590646071361171
adam_over_sgd,gray32,adam,gray32,sgd,301,early,R,AVAILABLE,COMPLETE,COMPLETE,False,56.09960536112108,27.595681068167835,28.503924292953243,2.0329125134669384
adam_over_sgd,gray32,adam,gray32,sgd,301,early,d_eff,AVAILABLE,COMPLETE,COMPLETE,False,32.618471767783824,9.154695804046668,23.463775963737156,3.5630317452345515
adam_over_sgd,gray32,adam,gray32,sgd,301,early,c,AVAILABLE,COMPLETE,COMPLETE,False,-0.2884784431378291,-0.13967728647940011,-0.148801156658429,
adam_over_sgd,gray32,adam,gray32,sgd,301,early,rho,AVAILABLE,COMPLETE,COMPLETE,False,0.5807643105496958,0.3339904223577521,0.24677388819194368,1.738865164006449
adam_over_sgd,gray32,adam,gray32,sgd,301,early,train_acc,AVAILABLE,COMPLETE,COMPLETE,False,0.9587500393390656,0.5637499988079071,0.39500004053115845,1.700665261847302
adam_over_sgd,avg16,adam,avg16,sgd,301,early,R,AVAILABLE,COMPLETE,COMPLETE,False,50.20391017214379,24.441290176574988,25.762619995568805,2.054061377670652
adam_over_sgd,avg16,adam,avg16,sgd,301,early,d_eff,AVAILABLE,COMPLETE,COMPLETE,False,27.97255902303798,8.418414866410064,19.554144156627917,3.3227821943831755
adam_over_sgd,avg16,adam,avg16,sgd,301,early,c,AVAILABLE,COMPLETE,COMPLETE,False,-0.29039718824919536,-0.10267668400807752,-0.18772050424111786,
adam_over_sgd,avg16,adam,avg16,sgd,301,early,rho,AVAILABLE,COMPLETE,COMPLETE,False,0.5565970664336944,0.34195397332396865,0.2146430931097258,1.627695859250543
adam_over_sgd,avg16,adam,avg16,sgd,301,early,train_acc,AVAILABLE,COMPLETE,COMPLETE,False,0.9241666793823242,0.5429166853427887,0.3812499940395355,1.702225598019373
geometry_over_rgb32,dup64,adam,rgb32,adam,301,late,R,AVAILABLE,COMPLETE,COMPLETE,False,674.9531367182597,180.65075383258826,494.30238288567136,3.7362320521715
geometry_over_rgb32,dup64,adam,rgb32,adam,301,late,d_eff,AVAILABLE,COMPLETE,COMPLETE,False,374.2613248828155,100.9957281351258,273.26559674768964,3.7057144078616657
geometry_over_rgb32,dup64,adam,rgb32,adam,301,late,c,AVAILABLE,COMPLETE,COMPLETE,False,-0.2725930234860444,-0.2832589465311974,0.010665923045152959,
geometry_over_rgb32,dup64,adam,rgb32,adam,301,late,rho,AVAILABLE,COMPLETE,COMPLETE,False,0.5612438834374001,0.5511847159892315,0.010059167448168593,1.0182500841484965
geometry_over_rgb32,dup64,adam,rgb32,adam,301,late,train_acc,AVAILABLE,COMPLETE,COMPLETE,False,0.9945833384990692,0.9970833361148834,-0.002499997615814209,0.9974926894019156
geometry_over_rgb32,dup64_half,adam,rgb32,adam,301,late,R,AVAILABLE,COMPLETE,COMPLETE,False,350.0050523270727,180.65075383258826,169.35429849448442,1.9374679867177724
geometry_over_rgb32,dup64_half,adam,rgb32,adam,301,late,d_eff,AVAILABLE,COMPLETE,COMPLETE,False,193.42774720017255,100.9957281351258,92.43201906504675,1.9152072149168393
geometry_over_rgb32,dup64_half,adam,rgb32,adam,301,late,c,AVAILABLE,COMPLETE,COMPLETE,False,-0.27289548409013764,-0.2832589465311974,0.010363462441059734,
geometry_over_rgb32,dup64_half,adam,rgb32,adam,301,late,rho,AVAILABLE,COMPLETE,COMPLETE,False,0.5560996933700345,0.5511847159892315,0.004914977380803043,1.0089171147860694
geometry_over_rgb32,dup64_half,adam,rgb32,adam,301,late,train_acc,AVAILABLE,COMPLETE,COMPLETE,False,0.9929166734218597,0.9970833361148834,-0.004166662693023682,0.9958211490031926
geometry_over_rgb32,gray32,adam,rgb32,adam,301,late,R,AVAILABLE,COMPLETE,COMPLETE,False,67.77835724448357,180.65075383258826,-112.87239658810469,0.37519000505967876
geometry_over_rgb32,gray32,adam,rgb32,adam,301,late,d_eff,AVAILABLE,COMPLETE,COMPLETE,False,36.99112370761023,100.9957281351258,-64.00460442751557,0.36626424097976185
geometry_over_rgb32,gray32,adam,rgb32,adam,301,late,c,AVAILABLE,COMPLETE,COMPLETE,False,-0.26512172796966693,-0.2832589465311974,0.018137218561530444,
geometry_over_rgb32,gray32,adam,rgb32,adam,301,late,rho,AVAILABLE,COMPLETE,COMPLETE,False,0.5352617296896591,0.5511847159892315,-0.01592298629957234,0.9711113428263431
geometry_over_rgb32,gray32,adam,rgb32,adam,301,late,train_acc,AVAILABLE,COMPLETE,COMPLETE,False,0.9229166805744171,0.9970833361148834,-0.07416665554046631,0.9256163924778291
geometry_over_rgb32,avg16,adam,rgb32,adam,301,late,R,AVAILABLE,COMPLETE,COMPLETE,False,60.986407997445674,180.65075383258826,-119.6643458351426,0.3375928785437712
geometry_over_rgb32,avg16,adam,rgb32,adam,301,late,d_eff,AVAILABLE,COMPLETE,COMPLETE,False,31.89315092609744,100.9957281351258,-69.10257720902837,0.3157871279805662
geometry_over_rgb32,avg16,adam,rgb32,adam,301,late,c,AVAILABLE,COMPLETE,COMPLETE,False,-0.24501337691060915,-0.2832589465311974,0.03824556962058823,
geometry_over_rgb32,avg16,adam,rgb32,adam,301,late,rho,AVAILABLE,COMPLETE,COMPLETE,False,0.5218808777510417,0.5511847159892315,-0.029303838238189717,0.9468348134697512
geometry_over_rgb32,avg16,adam,rgb32,adam,301,late,train_acc,AVAILABLE,COMPLETE,COMPLETE,False,0.9141666889190674,0.9970833361148834,-0.08291664719581604,0.9168408053845336
geometry_over_rgb32,dup64,sgd,rgb32,sgd,301,late,R,AVAILABLE,COMPLETE,COMPLETE,False,72.46145758391424,41.07355281329742,31.38790477061682,1.7641877222867144
geometry_over_rgb32,dup64,sgd,rgb32,sgd,301,late,d_eff,AVAILABLE,COMPLETE,COMPLETE,False,32.048682005606,15.726561983780595,16.322120021825402,2.037869563523104
geometry_over_rgb32,dup64,sgd,rgb32,sgd,301,late,c,AVAILABLE,COMPLETE,COMPLETE,False,-0.21953170237901545,-0.20056868970432623,-0.018963012674689222,
geometry_over_rgb32,dup64,sgd,rgb32,sgd,301,late,rho,AVAILABLE,COMPLETE,COMPLETE,False,0.4422314611348873,0.381608350600504,0.060623110534383295,1.158862117243991
geometry_over_rgb32,dup64,sgd,rgb32,sgd,301,late,train_acc,AVAILABLE,COMPLETE,COMPLETE,False,0.8641666769981384,0.7266666889190674,0.13749998807907104,1.189220161286883
geometry_over_rgb32,dup64_half,sgd,rgb32,sgd,301,late,R,AVAILABLE,COMPLETE,COMPLETE,False,41.87634198049473,41.07355281329742,0.8027891671973109,1.019545160138604
geometry_over_rgb32,dup64_half,sgd,rgb32,sgd,301,late,d_eff,AVAILABLE,COMPLETE,COMPLETE,False,16.441641785424167,15.726561983780595,0.7150798016435722,1.0454695566889356
geometry_over_rgb32,dup64_half,sgd,rgb32,sgd,301,late,c,AVAILABLE,COMPLETE,COMPLETE,False,-0.18936854452323104,-0.20056868970432623,0.011200145181095189,
geometry_over_rgb32,dup64_half,sgd,rgb32,sgd,301,late,rho,AVAILABLE,COMPLETE,COMPLETE,False,0.3928644135897099,0.381608350600504,0.011256062989205895,1.029496374939105
geometry_over_rgb32,dup64_half,sgd,rgb32,sgd,301,late,train_acc,AVAILABLE,COMPLETE,COMPLETE,False,0.7337500154972076,0.7266666889190674,0.007083326578140259,1.0097476968273815
geometry_over_rgb32,gray32,sgd,rgb32,sgd,301,late,R,AVAILABLE,COMPLETE,COMPLETE,False,28.36333702431635,41.07355281329742,-12.710215788981067,0.6905498814101569
geometry_over_rgb32,gray32,sgd,rgb32,sgd,301,late,d_eff,AVAILABLE,COMPLETE,COMPLETE,False,9.533146466597435,15.726561983780595,-6.19341551718316,0.6061812159853713
geometry_over_rgb32,gray32,sgd,rgb32,sgd,301,late,c,AVAILABLE,COMPLETE,COMPLETE,False,-0.17554923685098417,-0.20056868970432623,0.02501945285334206,
geometry_over_rgb32,gray32,sgd,rgb32,sgd,301,late,rho,AVAILABLE,COMPLETE,COMPLETE,False,0.33610984680928335,0.381608350600504,-0.04549850379122067,0.8807717291311272
geometry_over_rgb32,gray32,sgd,rgb32,sgd,301,late,train_acc,AVAILABLE,COMPLETE,COMPLETE,False,0.5354166924953461,0.7266666889190674,-0.1912499964237213,0.7368119395864837
geometry_over_rgb32,avg16,sgd,rgb32,sgd,301,late,R,AVAILABLE,COMPLETE,COMPLETE,False,27.67594964176751,41.07355281329742,-13.397603171529909,0.6738143585379719
geometry_over_rgb32,avg16,sgd,rgb32,sgd,301,late,d_eff,AVAILABLE,COMPLETE,COMPLETE,False,8.134660207083213,15.726561983780595,-7.591901776697382,0.5172561056556926
geometry_over_rgb32,avg16,sgd,rgb32,sgd,301,late,c,AVAILABLE,COMPLETE,COMPLETE,False,-0.13205138130652275,-0.20056868970432623,0.06851730839780348,
geometry_over_rgb32,avg16,sgd,rgb32,sgd,301,late,rho,AVAILABLE,COMPLETE,COMPLETE,False,0.2981137653144941,0.381608350600504,-0.08349458528600995,0.781203463827189
geometry_over_rgb32,avg16,sgd,rgb32,sgd,301,late,train_acc,AVAILABLE,COMPLETE,COMPLETE,False,0.47708335518836975,0.7266666889190674,-0.24958333373069763,0.6565367072186035
adam_over_sgd,rgb32,adam,rgb32,sgd,301,late,R,AVAILABLE,COMPLETE,COMPLETE,False,180.65075383258826,41.07355281329742,139.57720101929084,4.3982256576086405
adam_over_sgd,rgb32,adam,rgb32,sgd,301,late,d_eff,AVAILABLE,COMPLETE,COMPLETE,False,100.9957281351258,15.726561983780595,85.2691661513452,6.421983917355018
adam_over_sgd,rgb32,adam,rgb32,sgd,301,late,c,AVAILABLE,COMPLETE,COMPLETE,False,-0.2832589465311974,-0.20056868970432623,-0.08269025682687114,
adam_over_sgd,rgb32,adam,rgb32,sgd,301,late,rho,AVAILABLE,COMPLETE,COMPLETE,False,0.5511847159892315,0.381608350600504,0.16957636538872745,1.444372784615116
adam_over_sgd,rgb32,adam,rgb32,sgd,301,late,train_acc,AVAILABLE,COMPLETE,COMPLETE,False,0.9970833361148834,0.7266666889190674,0.27041664719581604,1.3721329893325187
adam_over_sgd,dup64,adam,dup64,sgd,301,late,R,AVAILABLE,COMPLETE,COMPLETE,False,674.9531367182597,72.46145758391424,602.4916791343454,9.314650287521857
adam_over_sgd,dup64,adam,dup64,sgd,301,late,d_eff,AVAILABLE,COMPLETE,COMPLETE,False,374.2613248828155,32.048682005606,342.2126428772095,11.677900664287822
adam_over_sgd,dup64,adam,dup64,sgd,301,late,c,AVAILABLE,COMPLETE,COMPLETE,False,-0.2725930234860444,-0.21953170237901545,-0.053061321107028964,
adam_over_sgd,dup64,adam,dup64,sgd,301,late,rho,AVAILABLE,COMPLETE,COMPLETE,False,0.5612438834374001,0.4422314611348873,0.11901242230251274,1.2691179456049875
adam_over_sgd,dup64,adam,dup64,sgd,301,late,train_acc,AVAILABLE,COMPLETE,COMPLETE,False,0.9945833384990692,0.8641666769981384,0.1304166615009308,1.1509160963646041
adam_over_sgd,dup64_half,adam,dup64_half,sgd,301,late,R,AVAILABLE,COMPLETE,COMPLETE,False,350.0050523270727,41.87634198049473,308.128710346578,8.3580617545367
adam_over_sgd,dup64_half,adam,dup64_half,sgd,301,late,d_eff,AVAILABLE,COMPLETE,COMPLETE,False,193.42774720017255,16.441641785424167,176.98610541474838,11.764503187975423
adam_over_sgd,dup64_half,adam,dup64_half,sgd,301,late,c,AVAILABLE,COMPLETE,COMPLETE,False,-0.27289548409013764,-0.18936854452323104,-0.0835269395669066,
adam_over_sgd,dup64_half,adam,dup64_half,sgd,301,late,rho,AVAILABLE,COMPLETE,COMPLETE,False,0.5560996933700345,0.3928644135897099,0.1632352797803246,1.415500295098757
adam_over_sgd,dup64_half,adam,dup64_half,sgd,301,late,train_acc,AVAILABLE,COMPLETE,COMPLETE,False,0.9929166734218597,0.7337500154972076,0.2591666579246521,1.3532083849416128
adam_over_sgd,gray32,adam,gray32,sgd,301,late,R,AVAILABLE,COMPLETE,COMPLETE,False,67.77835724448357,28.36333702431635,39.41502022016722,2.389646788964785
adam_over_sgd,gray32,adam,gray32,sgd,301,late,d_eff,AVAILABLE,COMPLETE,COMPLETE,False,36.99112370761023,9.533146466597435,27.45797724101279,3.880263860124356
adam_over_sgd,gray32,adam,gray32,sgd,301,late,c,AVAILABLE,COMPLETE,COMPLETE,False,-0.26512172796966693,-0.17554923685098417,-0.08957249111868276,
adam_over_sgd,gray32,adam,gray32,sgd,301,late,rho,AVAILABLE,COMPLETE,COMPLETE,False,0.5352617296896591,0.33610984680928335,0.19915188288037577,1.592520227452245
adam_over_sgd,gray32,adam,gray32,sgd,301,late,train_acc,AVAILABLE,COMPLETE,COMPLETE,False,0.9229166805744171,0.5354166924953461,0.38749998807907104,1.7237353513823055
adam_over_sgd,avg16,adam,avg16,sgd,301,late,R,AVAILABLE,COMPLETE,COMPLETE,False,60.986407997445674,27.67594964176751,33.310458355678165,2.203588631531807
adam_over_sgd,avg16,adam,avg16,sgd,301,late,d_eff,AVAILABLE,COMPLETE,COMPLETE,False,31.89315092609744,8.134660207083213,23.758490719014226,3.9206494326986943
adam_over_sgd,avg16,adam,avg16,sgd,301,late,c,AVAILABLE,COMPLETE,COMPLETE,False,-0.24501337691060915,-0.13205138130652275,-0.1129619956040864,
adam_over_sgd,avg16,adam,avg16,sgd,301,late,rho,AVAILABLE,COMPLETE,COMPLETE,False,0.5218808777510417,0.2981137653144941,0.22376711243654768,1.750609795560716
adam_over_sgd,avg16,adam,avg16,sgd,301,late,train_acc,AVAILABLE,COMPLETE,COMPLETE,False,0.9141666889190674,0.47708335518836975,0.43708333373069763,1.9161571641042086
geometry_over_rgb32,dup64,adam,rgb32,adam,302,early,R,AVAILABLE,COMPLETE,COMPLETE,False,522.0776879652879,145.81924942356164,376.2584385417262,3.580307058424139
geometry_over_rgb32,dup64,adam,rgb32,adam,302,early,d_eff,AVAILABLE,COMPLETE,COMPLETE,False,330.293111041883,89.65324243978779,240.6398686020952,3.6841178528898366
geometry_over_rgb32,dup64,adam,rgb32,adam,302,early,c,AVAILABLE,COMPLETE,COMPLETE,False,-0.29972806288782583,-0.3066460087772396,0.006917945889413746,
geometry_over_rgb32,dup64,adam,rgb32,adam,302,early,rho,AVAILABLE,COMPLETE,COMPLETE,False,0.6261313967942328,0.6152506337415716,0.010880763052661169,1.0176850903614534
geometry_over_rgb32,dup64,adam,rgb32,adam,302,early,train_acc,AVAILABLE,COMPLETE,COMPLETE,False,0.9687500298023224,0.9941666722297668,-0.025416642427444458,0.974434224021573
geometry_over_rgb32,dup64_half,adam,rgb32,adam,302,early,R,AVAILABLE,COMPLETE,COMPLETE,False,273.28536484126437,145.81924942356164,127.46611541770272,1.874137783053947
geometry_over_rgb32,dup64_half,adam,rgb32,adam,302,early,d_eff,AVAILABLE,COMPLETE,COMPLETE,False,174.48715399532944,89.65324243978779,84.83391155554165,1.9462447675834718
geometry_over_rgb32,dup64_half,adam,rgb32,adam,302,early,c,AVAILABLE,COMPLETE,COMPLETE,False,-0.29214262644599553,-0.3066460087772396,0.014503382331244041,
geometry_over_rgb32,dup64_half,adam,rgb32,adam,302,early,rho,AVAILABLE,COMPLETE,COMPLETE,False,0.6323960361092578,0.6152506337415716,0.017145402367686136,1.0278673461308254
geometry_over_rgb32,dup64_half,adam,rgb32,adam,302,early,train_acc,AVAILABLE,COMPLETE,COMPLETE,False,0.9870833456516266,0.9941666722297668,-0.007083326578140259,0.9928751116125696
geometry_over_rgb32,gray32,adam,rgb32,adam,302,early,R,AVAILABLE,COMPLETE,COMPLETE,False,56.36071575399428,145.81924942356164,-89.45853366956737,0.38651080688450895
geometry_over_rgb32,gray32,adam,rgb32,adam,302,early,d_eff,AVAILABLE,COMPLETE,COMPLETE,False,32.949055719734815,89.65324243978779,-56.704186720052974,0.3675166098076576
geometry_over_rgb32,gray32,adam,rgb32,adam,302,early,c,AVAILABLE,COMPLETE,COMPLETE,False,-0.28263162276540105,-0.3066460087772396,0.02401438601183853,
geometry_over_rgb32,gray32,adam,rgb32,adam,302,early,rho,AVAILABLE,COMPLETE,COMPLETE,False,0.5792990746269586,0.6152506337415716,-0.03595155911461301,0.9415659941770754
geometry_over_rgb32,gray32,adam,rgb32,adam,302,early,train_acc,AVAILABLE,COMPLETE,COMPLETE,False,0.9487500190734863,0.9941666722297668,-0.04541665315628052,0.9543168621269331
geometry_over_rgb32,avg16,adam,rgb32,adam,302,early,R,AVAILABLE,COMPLETE,COMPLETE,False,49.39458204179796,145.81924942356164,-96.42466738176368,0.33873841922146614
geometry_over_rgb32,avg16,adam,rgb32,adam,302,early,d_eff,AVAILABLE,COMPLETE,COMPLETE,False,28.19415706520799,89.65324243978779,-61.4590853745798,0.3144800600395856
geometry_over_rgb32,avg16,adam,rgb32,adam,302,early,c,AVAILABLE,COMPLETE,COMPLETE,False,-0.2724080891663892,-0.3066460087772396,0.034237919610850376,
geometry_over_rgb32,avg16,adam,rgb32,adam,302,early,rho,AVAILABLE,COMPLETE,COMPLETE,False,0.5698758079704818,0.6152506337415716,-0.045374825771089866,0.9262498512270546
geometry_over_rgb32,avg16,adam,rgb32,adam,302,early,train_acc,AVAILABLE,COMPLETE,COMPLETE,False,0.904583364725113,0.9941666722297668,-0.08958330750465382,0.909891057498707
geometry_over_rgb32,dup64,sgd,rgb32,sgd,302,early,R,AVAILABLE,COMPLETE,COMPLETE,False,67.30562347114339,38.07547584494324,29.23014762620015,1.7676896211418502
geometry_over_rgb32,dup64,sgd,rgb32,sgd,302,early,d_eff,AVAILABLE,COMPLETE,COMPLETE,False,32.28442526342187,16.162232179089408,16.122193084332466,1.9975226754378184
geometry_over_rgb32,dup64,sgd,rgb32,sgd,302,early,c,AVAILABLE,COMPLETE,COMPLETE,False,-0.24328470520309137,-0.20224573043388902,-0.04103897476920235,
geometry_over_rgb32,dup64,sgd,rgb32,sgd,302,early,rho,AVAILABLE,COMPLETE,COMPLETE,False,0.48053957071303505,0.426368380047023,0.05417119066601206,1.127052551739502
geometry_over_rgb32,dup64,sgd,rgb32,sgd,302,early,train_acc,AVAILABLE,COMPLETE,COMPLETE,False,0.9054166972637177,0.7866666913032532,0.11875000596046448,1.1509533926798579
geometry_over_rgb32,dup64_half,sgd,rgb32,sgd,302,early,R,AVAILABLE,COMPLETE,COMPLETE,False,38.614621443393375,38.07547584494324,0.5391455984501334,1.0141599175449763
geometry_over_rgb32,dup64_half,sgd,rgb32,sgd,302,early,d_eff,AVAILABLE,COMPLETE,COMPLETE,False,15.807907611458761,16.162232179089408,-0.35432456763064657,0.9780770029965867
geometry_over_rgb32,dup64_half,sgd,rgb32,sgd,302,early,c,AVAILABLE,COMPLETE,COMPLETE,False,-0.18311345324888595,-0.20224573043388902,0.01913227718500307,
geometry_over_rgb32,dup64_half,sgd,rgb32,sgd,302,early,rho,AVAILABLE,COMPLETE,COMPLETE,False,0.4146945857997065,0.426368380047023,-0.01167379424731646,0.972620403403205
geometry_over_rgb32,dup64_half,sgd,rgb32,sgd,302,early,train_acc,AVAILABLE,COMPLETE,COMPLETE,False,0.8125,0.7866666913032532,0.025833308696746826,1.0328389507047124
geometry_over_rgb32,gray32,sgd,rgb32,sgd,302,early,R,AVAILABLE,COMPLETE,COMPLETE,False,26.13017232021399,38.07547584494324,-11.945303524729251,0.6862730337665447
geometry_over_rgb32,gray32,sgd,rgb32,sgd,302,early,d_eff,AVAILABLE,COMPLETE,COMPLETE,False,9.181611511948185,16.162232179089408,-6.980620667141222,0.5680905589159457
geometry_over_rgb32,gray32,sgd,rgb32,sgd,302,early,c,AVAILABLE,COMPLETE,COMPLETE,False,-0.12711409068786658,-0.20224573043388902,0.07513163974602244,
geometry_over_rgb32,gray32,sgd,rgb32,sgd,302,early,rho,AVAILABLE,COMPLETE,COMPLETE,False,0.3480444158285996,0.426368380047023,-0.07832396421842341,0.8162997823389594
geometry_over_rgb32,gray32,sgd,rgb32,sgd,302,early,train_acc,AVAILABLE,COMPLETE,COMPLETE,False,0.5770833194255829,0.7866666913032532,-0.2095833718776703,0.7335804678211834
geometry_over_rgb32,avg16,sgd,rgb32,sgd,302,early,R,AVAILABLE,COMPLETE,COMPLETE,False,25.058061382146505,38.07547584494324,-13.017414462796737,0.6581155146738484
geometry_over_rgb32,avg16,sgd,rgb32,sgd,302,early,d_eff,AVAILABLE,COMPLETE,COMPLETE,False,8.574448879722429,16.162232179089408,-7.587783299366979,0.5305238029444964
geometry_over_rgb32,avg16,sgd,rgb32,sgd,302,early,c,AVAILABLE,COMPLETE,COMPLETE,False,-0.0955351504042336,-0.20224573043388902,0.10671058002965542,
geometry_over_rgb32,avg16,sgd,rgb32,sgd,302,early,rho,AVAILABLE,COMPLETE,COMPLETE,False,0.34242523987810225,0.426368380047023,-0.08394314016892074,0.8031206250340073
geometry_over_rgb32,avg16,sgd,rgb32,sgd,302,early,train_acc,AVAILABLE,COMPLETE,COMPLETE,False,0.5145833194255829,0.7866666913032532,-0.2720833718776703,0.6541313177669746
adam_over_sgd,rgb32,adam,rgb32,sgd,302,early,R,AVAILABLE,COMPLETE,COMPLETE,False,145.81924942356164,38.07547584494324,107.7437735786184,3.8297420107732605
adam_over_sgd,rgb32,adam,rgb32,sgd,302,early,d_eff,AVAILABLE,COMPLETE,COMPLETE,False,89.65324243978779,16.162232179089408,73.49101026069837,5.547082942898233
adam_over_sgd,rgb32,adam,rgb32,sgd,302,early,c,AVAILABLE,COMPLETE,COMPLETE,False,-0.3066460087772396,-0.20224573043388902,-0.10440027834335056,
adam_over_sgd,rgb32,adam,rgb32,sgd,302,early,rho,AVAILABLE,COMPLETE,COMPLETE,False,0.6152506337415716,0.426368380047023,0.18888225369454864,1.443002489241152
adam_over_sgd,rgb32,adam,rgb32,sgd,302,early,train_acc,AVAILABLE,COMPLETE,COMPLETE,False,0.9941666722297668,0.7866666913032532,0.20749998092651367,1.2637711539340164
adam_over_sgd,dup64,adam,dup64,sgd,302,early,R,AVAILABLE,COMPLETE,COMPLETE,False,522.0776879652879,67.30562347114339,454.77206449414444,7.756821214041994
adam_over_sgd,dup64,adam,dup64,sgd,302,early,d_eff,AVAILABLE,COMPLETE,COMPLETE,False,330.293111041883,32.28442526342187,298.0086857784611,10.23072606518115
adam_over_sgd,dup64,adam,dup64,sgd,302,early,c,AVAILABLE,COMPLETE,COMPLETE,False,-0.29972806288782583,-0.24328470520309137,-0.05644335768473446,
adam_over_sgd,dup64,adam,dup64,sgd,302,early,rho,AVAILABLE,COMPLETE,COMPLETE,False,0.6261313967942328,0.48053957071303505,0.14559182608119775,1.3029757276079583
adam_over_sgd,dup64,adam,dup64,sgd,302,early,train_acc,AVAILABLE,COMPLETE,COMPLETE,False,0.9687500298023224,0.9054166972637177,0.06333333253860474,1.0699493754974985
adam_over_sgd,dup64_half,adam,dup64_half,sgd,302,early,R,AVAILABLE,COMPLETE,COMPLETE,False,273.28536484126437,38.614621443393375,234.67074339787098,7.077250912374828
adam_over_sgd,dup64_half,adam,dup64_half,sgd,302,early,d_eff,AVAILABLE,COMPLETE,COMPLETE,False,174.48715399532944,15.807907611458761,158.67924638387066,11.037966458562044
adam_over_sgd,dup64_half,adam,dup64_half,sgd,302,early,c,AVAILABLE,COMPLETE,COMPLETE,False,-0.29214262644599553,-0.18311345324888595,-0.10902917319710959,
adam_over_sgd,dup64_half,adam,dup64_half,sgd,302,early,rho,AVAILABLE,COMPLETE,COMPLETE,False,0.6323960361092578,0.4146945857997065,0.21770145030955124,1.5249681518984164
adam_over_sgd,dup64_half,adam,dup64_half,sgd,302,early,train_acc,AVAILABLE,COMPLETE,COMPLETE,False,0.9870833456516266,0.8125,0.1745833456516266,1.2148718100327711
adam_over_sgd,gray32,adam,gray32,sgd,302,early,R,AVAILABLE,COMPLETE,COMPLETE,False,56.36071575399428,26.13017232021399,30.230543433780287,2.15692093658312
adam_over_sgd,gray32,adam,gray32,sgd,302,early,d_eff,AVAILABLE,COMPLETE,COMPLETE,False,32.949055719734815,9.181611511948185,23.76744420778663,3.5885917931571876
adam_over_sgd,gray32,adam,gray32,sgd,302,early,c,AVAILABLE,COMPLETE,COMPLETE,False,-0.28263162276540105,-0.12711409068786658,-0.15551753207753446,
adam_over_sgd,gray32,adam,gray32,sgd,302,early,rho,AVAILABLE,COMPLETE,COMPLETE,False,0.5792990746269586,0.3480444158285996,0.23125465879835905,1.6644400779935062
adam_over_sgd,gray32,adam,gray32,sgd,302,early,train_acc,AVAILABLE,COMPLETE,COMPLETE,False,0.9487500190734863,0.5770833194255829,0.37166669964790344,1.6440433939727335
adam_over_sgd,avg16,adam,avg16,sgd,302,early,R,AVAILABLE,COMPLETE,COMPLETE,False,49.39458204179796,25.058061382146505,24.336520659651455,1.9712052456296905
adam_over_sgd,avg16,adam,avg16,sgd,302,early,d_eff,AVAILABLE,COMPLETE,COMPLETE,False,28.19415706520799,8.574448879722429,19.61970818548556,3.2881596777472057
adam_over_sgd,avg16,adam,avg16,sgd,302,early,c,AVAILABLE,COMPLETE,COMPLETE,False,-0.2724080891663892,-0.0955351504042336,-0.1768729387621556,
adam_over_sgd,avg16,adam,avg16,sgd,302,early,rho,AVAILABLE,COMPLETE,COMPLETE,False,0.5698758079704818,0.34242523987810225,0.2274505680923795,1.664234237445079
adam_over_sgd,avg16,adam,avg16,sgd,302,early,train_acc,AVAILABLE,COMPLETE,COMPLETE,False,0.904583364725113,0.5145833194255829,0.39000004529953014,1.757894845357362
geometry_over_rgb32,dup64,adam,rgb32,adam,302,late,R,AVAILABLE,COMPLETE,COMPLETE,False,674.0015004013633,183.22158126926286,490.7799191321004,3.678614144317689
geometry_over_rgb32,dup64,adam,rgb32,adam,302,late,d_eff,AVAILABLE,COMPLETE,COMPLETE,False,374.9113061418448,101.09748315072633,273.8138229911185,3.708413844317857
geometry_over_rgb32,dup64,adam,rgb32,adam,302,late,c,AVAILABLE,COMPLETE,COMPLETE,False,-0.26862017607767985,-0.2622401220943409,-0.0063800539833389625,
geometry_over_rgb32,dup64,adam,rgb32,adam,302,late,rho,AVAILABLE,COMPLETE,COMPLETE,False,0.553387799569778,0.5493416844695866,0.004046115100191372,1.0073653888182508
geometry_over_rgb32,dup64,adam,rgb32,adam,302,late,train_acc,AVAILABLE,COMPLETE,COMPLETE,False,0.9975000023841858,0.9962500035762787,0.0012499988079071045,1.001254703943207
geometry_over_rgb32,dup64_half,adam,rgb32,adam,302,late,R,AVAILABLE,COMPLETE,COMPLETE,False,346.32959296295996,183.22158126926286,163.1080116936971,1.8902227050098055
geometry_over_rgb32,dup64_half,adam,rgb32,adam,302,late,d_eff,AVAILABLE,COMPLETE,COMPLETE,False,192.88898095817186,101.09748315072633,91.79149780744552,1.907950375684363
geometry_over_rgb32,dup64_half,adam,rgb32,adam,302,late,c,AVAILABLE,COMPLETE,COMPLETE,False,-0.2592742001810086,-0.2622401220943409,0.002965921913332281,
geometry_over_rgb32,dup64_half,adam,rgb32,adam,302,late,rho,AVAILABLE,COMPLETE,COMPLETE,False,0.5556547016949753,0.5493416844695866,0.006313017225388684,1.0114919683029044
geometry_over_rgb32,dup64_half,adam,rgb32,adam,302,late,train_acc,AVAILABLE,COMPLETE,COMPLETE,False,0.9854166805744172,0.9962500035762787,-0.010833323001861461,0.9891258991588732
geometry_over_rgb32,gray32,adam,rgb32,adam,302,late,R,AVAILABLE,COMPLETE,COMPLETE,False,69.01172166045058,183.22158126926286,-114.20985960881228,0.3766571665978081
geometry_over_rgb32,gray32,adam,rgb32,adam,302,late,d_eff,AVAILABLE,COMPLETE,COMPLETE,False,36.77430141834293,101.09748315072633,-64.3231817323834,0.36375090924386405
geometry_over_rgb32,gray32,adam,rgb32,adam,302,late,c,AVAILABLE,COMPLETE,COMPLETE,False,-0.25993734094533866,-0.2622401220943409,0.002302781149002231,
geometry_over_rgb32,gray32,adam,rgb32,adam,302,late,rho,AVAILABLE,COMPLETE,COMPLETE,False,0.5318089766605543,0.5493416844695866,-0.017532707809032377,0.9680841481637044
geometry_over_rgb32,gray32,adam,rgb32,adam,302,late,train_acc,AVAILABLE,COMPLETE,COMPLETE,False,0.9262500107288361,0.9962500035762787,-0.06999999284744263,0.9297365193514069
geometry_over_rgb32,avg16,adam,rgb32,adam,302,late,R,AVAILABLE,COMPLETE,COMPLETE,False,61.85792845220958,183.22158126926286,-121.36365281705328,0.33761267654001426
geometry_over_rgb32,avg16,adam,rgb32,adam,302,late,d_eff,AVAILABLE,COMPLETE,COMPLETE,False,31.798850584426255,101.09748315072633,-69.29863256630009,0.3145365205285805
geometry_over_rgb32,avg16,adam,rgb32,adam,302,late,c,AVAILABLE,COMPLETE,COMPLETE,False,-0.257561347893716,-0.2622401220943409,0.004678774200624902,
geometry_over_rgb32,avg16,adam,rgb32,adam,302,late,rho,AVAILABLE,COMPLETE,COMPLETE,False,0.5200677794668518,0.5493416844695866,-0.029273905002734857,0.9467109345051794
geometry_over_rgb32,avg16,adam,rgb32,adam,302,late,train_acc,AVAILABLE,COMPLETE,COMPLETE,False,0.8983333706855774,0.9962500035762787,-0.0979166328907013,0.9017147979531182
geometry_over_rgb32,dup64,sgd,rgb32,sgd,302,late,R,AVAILABLE,COMPLETE,COMPLETE,False,71.73417730198722,41.16824385505238,30.565933446934835,1.7424638649769275
geometry_over_rgb32,dup64,sgd,rgb32,sgd,302,late,d_eff,AVAILABLE,COMPLETE,COMPLETE,False,32.25883307599507,16.249658139179694,16.009174936815377,1.9852007223595378
geometry_over_rgb32,dup64,sgd,rgb32,sgd,302,late,c,AVAILABLE,COMPLETE,COMPLETE,False,-0.22844287897219995,-0.19524186091250784,-0.03320101805969211,
geometry_over_rgb32,dup64,sgd,rgb32,sgd,302,late,rho,AVAILABLE,COMPLETE,COMPLETE,False,0.45002850654927073,0.39117099303952824,0.0588575135097425,1.1504649234146942
geometry_over_rgb32,dup64,sgd,rgb32,sgd,302,late,train_acc,AVAILABLE,COMPLETE,COMPLETE,False,0.8725000023841858,0.7379166781902313,0.13458332419395447,1.182382819323213
geometry_over_rgb32,dup64_half,sgd,rgb32,sgd,302,late,R,AVAILABLE,COMPLETE,COMPLETE,False,41.50599028943416,41.16824385505238,0.33774643438177776,1.0082040525112252
geometry_over_rgb32,dup64_half,sgd,rgb32,sgd,302,late,d_eff,AVAILABLE,COMPLETE,COMPLETE,False,15.842454516049113,16.249658139179694,-0.4072036231305809,0.9749407883142619
geometry_over_rgb32,dup64_half,sgd,rgb32,sgd,302,late,c,AVAILABLE,COMPLETE,COMPLETE,False,-0.19024060655005703,-0.19524186091250784,0.005001254362450802,
geometry_over_rgb32,dup64_half,sgd,rgb32,sgd,302,late,rho,AVAILABLE,COMPLETE,COMPLETE,False,0.38716225347413535,0.39117099303952824,-0.0040087395653928826,0.9897519508431757
geometry_over_rgb32,dup64_half,sgd,rgb32,sgd,302,late,train_acc,AVAILABLE,COMPLETE,COMPLETE,False,0.7283333539962769,0.7379166781902313,-0.009583324193954468,0.9870129996011773
geometry_over_rgb32,gray32,sgd,rgb32,sgd,302,late,R,AVAILABLE,COMPLETE,COMPLETE,False,27.753150033634732,41.16824385505238,-13.41509382141765,0.6741397600380936
geometry_over_rgb32,gray32,sgd,rgb32,sgd,302,late,d_eff,AVAILABLE,COMPLETE,COMPLETE,False,9.3419012935085,16.249658139179694,-6.907756845671194,0.5748983279213831
geometry_over_rgb32,gray32,sgd,rgb32,sgd,302,late,c,AVAILABLE,COMPLETE,COMPLETE,False,-0.1601336017477467,-0.19524186091250784,0.035108259164761124,
geometry_over_rgb32,gray32,sgd,rgb32,sgd,302,late,rho,AVAILABLE,COMPLETE,COMPLETE,False,0.33700164292360674,0.39117099303952824,-0.0541693501159215,0.8615200230083327
geometry_over_rgb32,gray32,sgd,rgb32,sgd,302,late,train_acc,AVAILABLE,COMPLETE,COMPLETE,False,0.5462500154972076,0.7379166781902313,-0.19166666269302368,0.7402597497008829
geometry_over_rgb32,avg16,sgd,rgb32,sgd,302,late,R,AVAILABLE,COMPLETE,COMPLETE,False,26.80124350397743,41.16824385505238,-14.36700035107495,0.6510174103695279
geometry_over_rgb32,avg16,sgd,rgb32,sgd,302,late,d_eff,AVAILABLE,COMPLETE,COMPLETE,False,7.925508075193718,16.249658139179694,-8.324150063985975,0.48773383460200037
geometry_over_rgb32,avg16,sgd,rgb32,sgd,302,late,c,AVAILABLE,COMPLETE,COMPLETE,False,-0.1382463439628534,-0.19524186091250784,0.056995516949654434,
geometry_over_rgb32,avg16,sgd,rgb32,sgd,302,late,rho,AVAILABLE,COMPLETE,COMPLETE,False,0.2958288974895929,0.39117099303952824,-0.09534209554993534,0.7562649142026211
geometry_over_rgb32,avg16,sgd,rgb32,sgd,302,late,train_acc,AVAILABLE,COMPLETE,COMPLETE,False,0.47291669249534607,0.7379166781902313,-0.26499998569488525,0.6408808832661056
adam_over_sgd,rgb32,adam,rgb32,sgd,302,late,R,AVAILABLE,COMPLETE,COMPLETE,False,183.22158126926286,41.16824385505238,142.0533374142105,4.450556159605942
adam_over_sgd,rgb32,adam,rgb32,sgd,302,late,d_eff,AVAILABLE,COMPLETE,COMPLETE,False,101.09748315072633,16.249658139179694,84.84782501154663,6.221514464170129
adam_over_sgd,rgb32,adam,rgb32,sgd,302,late,c,AVAILABLE,COMPLETE,COMPLETE,False,-0.2622401220943409,-0.19524186091250784,-0.06699826118183305,
adam_over_sgd,rgb32,adam,rgb32,sgd,302,late,rho,AVAILABLE,COMPLETE,COMPLETE,False,0.5493416844695866,0.39117099303952824,0.1581706914300584,1.4043517905073168
adam_over_sgd,rgb32,adam,rgb32,sgd,302,late,train_acc,AVAILABLE,COMPLETE,COMPLETE,False,0.9962500035762787,0.7379166781902313,0.25833332538604736,1.3500846816738439
adam_over_sgd,dup64,adam,dup64,sgd,302,late,R,AVAILABLE,COMPLETE,COMPLETE,False,674.0015004013633,71.73417730198722,602.2673230993761,9.395821151805302
adam_over_sgd,dup64,adam,dup64,sgd,302,late,d_eff,AVAILABLE,COMPLETE,COMPLETE,False,374.9113061418448,32.25883307599507,342.65247306584973,11.621973592740696
adam_over_sgd,dup64,adam,dup64,sgd,302,late,c,AVAILABLE,COMPLETE,COMPLETE,False,-0.26862017607767985,-0.22844287897219995,-0.0401772971054799,
adam_over_sgd,dup64,adam,dup64,sgd,302,late,rho,AVAILABLE,COMPLETE,COMPLETE,False,0.553387799569778,0.45002850654927073,0.10335929302050728,1.2296727685386994
adam_over_sgd,dup64,adam,dup64,sgd,302,late,train_acc,AVAILABLE,COMPLETE,COMPLETE,False,0.9975000023841858,0.8725000023841858,0.125,1.1432664752532105
adam_over_sgd,dup64_half,adam,dup64_half,sgd,302,late,R,AVAILABLE,COMPLETE,COMPLETE,False,346.32959296295996,41.50599028943416,304.8236026735258,8.344086975106393
adam_over_sgd,dup64_half,adam,dup64_half,sgd,302,late,d_eff,AVAILABLE,COMPLETE,COMPLETE,False,192.88898095817186,15.842454516049113,177.04652644212274,12.175447987732376
adam_over_sgd,dup64_half,adam,dup64_half,sgd,302,late,c,AVAILABLE,COMPLETE,COMPLETE,False,-0.2592742001810086,-0.19024060655005703,-0.06903359363095157,
adam_over_sgd,dup64_half,adam,dup64_half,sgd,302,late,rho,AVAILABLE,COMPLETE,COMPLETE,False,0.5556547016949753,0.38716225347413535,0.16849244822083997,1.4351985419779467
adam_over_sgd,dup64_half,adam,dup64_half,sgd,302,late,train_acc,AVAILABLE,COMPLETE,COMPLETE,False,0.9854166805744172,0.7283333539962769,0.25708332657814037,1.3529748090864648
adam_over_sgd,gray32,adam,gray32,sgd,302,late,R,AVAILABLE,COMPLETE,COMPLETE,False,69.01172166045058,27.753150033634732,41.258571626815844,2.486626619926515
adam_over_sgd,gray32,adam,gray32,sgd,302,late,d_eff,AVAILABLE,COMPLETE,COMPLETE,False,36.77430141834293,9.3419012935085,27.43240012483443,3.936490042331817
adam_over_sgd,gray32,adam,gray32,sgd,302,late,c,AVAILABLE,COMPLETE,COMPLETE,False,-0.25993734094533866,-0.1601336017477467,-0.09980373919759195,
adam_over_sgd,gray32,adam,gray32,sgd,302,late,rho,AVAILABLE,COMPLETE,COMPLETE,False,0.5318089766605543,0.33700164292360674,0.19480733373694753,1.5780604867291625
adam_over_sgd,gray32,adam,gray32,sgd,302,late,train_acc,AVAILABLE,COMPLETE,COMPLETE,False,0.9262500107288361,0.5462500154972076,0.3799999952316284,1.6956521454479865
adam_over_sgd,avg16,adam,avg16,sgd,302,late,R,AVAILABLE,COMPLETE,COMPLETE,False,61.85792845220958,26.80124350397743,35.056684948232146,2.3080245677044635
adam_over_sgd,avg16,adam,avg16,sgd,302,late,d_eff,AVAILABLE,COMPLETE,COMPLETE,False,31.798850584426255,7.925508075193718,23.873342509232536,4.012216034951049
adam_over_sgd,avg16,adam,avg16,sgd,302,late,c,AVAILABLE,COMPLETE,COMPLETE,False,-0.257561347893716,-0.1382463439628534,-0.11931500393086258,
adam_over_sgd,avg16,adam,avg16,sgd,302,late,rho,AVAILABLE,COMPLETE,COMPLETE,False,0.5200677794668518,0.2958288974895929,0.22423888197725889,1.7580019527509056
adam_over_sgd,avg16,adam,avg16,sgd,302,late,train_acc,AVAILABLE,COMPLETE,COMPLETE,False,0.8983333706855774,0.47291669249534607,0.4254166781902313,1.89955944660257
geometry_over_rgb32,dup64,adam,rgb32,adam,303,early,R,AVAILABLE,COMPLETE,COMPLETE,False,519.104217305945,147.72187512224735,371.38234218369763,3.5140646358324377
geometry_over_rgb32,dup64,adam,rgb32,adam,303,early,d_eff,AVAILABLE,COMPLETE,COMPLETE,False,338.8326129259925,90.01764359861684,248.81496932737568,3.7640689022790506
geometry_over_rgb32,dup64,adam,rgb32,adam,303,early,c,AVAILABLE,COMPLETE,COMPLETE,False,-0.30876189688775085,-0.2945174108573048,-0.014244486030446035,
geometry_over_rgb32,dup64,adam,rgb32,adam,303,early,rho,AVAILABLE,COMPLETE,COMPLETE,False,0.6343714807433305,0.6096485331987844,0.02472294754454607,1.0405527877100376
geometry_over_rgb32,dup64,adam,rgb32,adam,303,early,train_acc,AVAILABLE,COMPLETE,COMPLETE,False,0.9979166686534882,0.996666669845581,0.0012499988079071045,1.0012541794019265
geometry_over_rgb32,dup64_half,adam,rgb32,adam,303,early,R,AVAILABLE,COMPLETE,COMPLETE,False,280.6445428865634,147.72187512224735,132.92266776431603,1.8998170897459552
geometry_over_rgb32,dup64_half,adam,rgb32,adam,303,early,d_eff,AVAILABLE,COMPLETE,COMPLETE,False,174.474139729743,90.01764359861684,84.45649613112616,1.938221583623234
geometry_over_rgb32,dup64_half,adam,rgb32,adam,303,early,c,AVAILABLE,COMPLETE,COMPLETE,False,-0.2935307752484202,-0.2945174108573048,0.0009866356088846229,
geometry_over_rgb32,dup64_half,adam,rgb32,adam,303,early,rho,AVAILABLE,COMPLETE,COMPLETE,False,0.6248327285578543,0.6096485331987844,0.015184195359069896,1.0249064740292237
geometry_over_rgb32,dup64_half,adam,rgb32,adam,303,early,train_acc,AVAILABLE,COMPLETE,COMPLETE,False,0.9879166781902313,0.996666669845581,-0.008749991655349731,0.9912207441865138
geometry_over_rgb32,gray32,adam,rgb32,adam,303,early,R,AVAILABLE,COMPLETE,COMPLETE,False,57.8992993438781,147.72187512224735,-89.82257577836926,0.3919480394895034
geometry_over_rgb32,gray32,adam,rgb32,adam,303,early,d_eff,AVAILABLE,COMPLETE,COMPLETE,False,32.80207260809004,90.01764359861684,-57.2155709905268,0.3643960372296844
geometry_over_rgb32,gray32,adam,rgb32,adam,303,early,c,AVAILABLE,COMPLETE,COMPLETE,False,-0.27870812304252107,-0.2945174108573048,0.015809287814783746,
geometry_over_rgb32,gray32,adam,rgb32,adam,303,early,rho,AVAILABLE,COMPLETE,COMPLETE,False,0.5698135411166039,0.6096485331987844,-0.039834992082180554,0.9346590864851768
geometry_over_rgb32,gray32,adam,rgb32,adam,303,early,train_acc,AVAILABLE,COMPLETE,COMPLETE,False,0.9508333802223206,0.996666669845581,-0.0458332896232605,0.9540134219293581
geometry_over_rgb32,avg16,adam,rgb32,adam,303,early,R,AVAILABLE,COMPLETE,COMPLETE,False,50.375119232303504,147.72187512224735,-97.34675588994385,0.34101326692891987
geometry_over_rgb32,avg16,adam,rgb32,adam,303,early,d_eff,AVAILABLE,COMPLETE,COMPLETE,False,28.0141399555975,90.01764359861684,-62.00350364301934,0.31120721267167173
geometry_over_rgb32,avg16,adam,rgb32,adam,303,early,c,AVAILABLE,COMPLETE,COMPLETE,False,-0.2816441802628713,-0.2945174108573048,0.012873230594433516,
geometry_over_rgb32,avg16,adam,rgb32,adam,303,early,rho,AVAILABLE,COMPLETE,COMPLETE,False,0.5525178603601038,0.6096485331987844,-0.057130672838680674,0.9062891654328766
geometry_over_rgb32,avg16,adam,rgb32,adam,303,early,train_acc,AVAILABLE,COMPLETE,COMPLETE,False,0.9066666960716248,0.996666669845581,-0.0899999737739563,0.9096990232572938
geometry_over_rgb32,dup64,sgd,rgb32,sgd,303,early,R,AVAILABLE,COMPLETE,COMPLETE,False,66.42859872833179,40.07030200108075,26.358296727251044,1.6578012994895852
geometry_over_rgb32,dup64,sgd,rgb32,sgd,303,early,d_eff,AVAILABLE,COMPLETE,COMPLETE,False,31.957588502151868,16.320793212840435,15.636795289311433,1.9580903994916825
geometry_over_rgb32,dup64,sgd,rgb32,sgd,303,early,c,AVAILABLE,COMPLETE,COMPLETE,False,-0.23741111167275697,-0.21113288885311754,-0.02627822281963943,
geometry_over_rgb32,dup64,sgd,rgb32,sgd,303,early,rho,AVAILABLE,COMPLETE,COMPLETE,False,0.4827757822367502,0.40653150980357095,0.07624427243317927,1.1875482480313007
geometry_over_rgb32,dup64,sgd,rgb32,sgd,303,early,train_acc,AVAILABLE,COMPLETE,COMPLETE,False,0.90583336353302,0.8066666722297668,0.09916669130325317,1.1229339139909416
geometry_over_rgb32,dup64_half,sgd,rgb32,sgd,303,early,R,AVAILABLE,COMPLETE,COMPLETE,False,40.12134051784015,40.07030200108075,0.051038516759405184,1.001273724284834
geometry_over_rgb32,dup64_half,sgd,rgb32,sgd,303,early,d_eff,AVAILABLE,COMPLETE,COMPLETE,False,16.256317450340454,16.320793212840435,-0.06447576249998122,0.9960494712690033
geometry_over_rgb32,dup64_half,sgd,rgb32,sgd,303,early,c,AVAILABLE,COMPLETE,COMPLETE,False,-0.1942328386844671,-0.21113288885311754,0.016900050168650427,
geometry_over_rgb32,dup64_half,sgd,rgb32,sgd,303,early,rho,AVAILABLE,COMPLETE,COMPLETE,False,0.4010777510010725,0.40653150980357095,-0.005453758802498432,0.9865846590707481
geometry_over_rgb32,dup64_half,sgd,rgb32,sgd,303,early,train_acc,AVAILABLE,COMPLETE,COMPLETE,False,0.7975000143051147,0.8066666722297668,-0.0091666579246521,0.98863637455194
geometry_over_rgb32,gray32,sgd,rgb32,sgd,303,early,R,AVAILABLE,COMPLETE,COMPLETE,False,27.691829658306872,40.07030200108075,-12.378472342773875,0.691081131795812
geometry_over_rgb32,gray32,sgd,rgb32,sgd,303,early,d_eff,AVAILABLE,COMPLETE,COMPLETE,False,9.41542429231008,16.320793212840435,-6.905368920530355,0.5768974687395994
geometry_over_rgb32,gray32,sgd,rgb32,sgd,303,early,c,AVAILABLE,COMPLETE,COMPLETE,False,-0.1358755844296275,-0.21113288885311754,0.07525730442349005,
geometry_over_rgb32,gray32,sgd,rgb32,sgd,303,early,rho,AVAILABLE,COMPLETE,COMPLETE,False,0.34010499102767655,0.40653150980357095,-0.0664265187758944,0.8366017954967611
geometry_over_rgb32,gray32,sgd,rgb32,sgd,303,early,train_acc,AVAILABLE,COMPLETE,COMPLETE,False,0.5908333659172058,0.8066666722297668,-0.21583330631256104,0.7324380518709663
geometry_over_rgb32,avg16,sgd,rgb32,sgd,303,early,R,AVAILABLE,COMPLETE,COMPLETE,False,26.701463717650572,40.07030200108075,-13.368838283430176,0.6663654223751645
geometry_over_rgb32,avg16,sgd,rgb32,sgd,303,early,d_eff,AVAILABLE,COMPLETE,COMPLETE,False,8.489198197263061,16.320793212840435,-7.831595015577374,0.5201461771223324
geometry_over_rgb32,avg16,sgd,rgb32,sgd,303,early,c,AVAILABLE,COMPLETE,COMPLETE,False,-0.09793602095260787,-0.21113288885311754,0.11319686790050967,
geometry_over_rgb32,avg16,sgd,rgb32,sgd,303,early,rho,AVAILABLE,COMPLETE,COMPLETE,False,0.31545704996234475,0.40653150980357095,-0.0910744598412262,0.7759719538462546
geometry_over_rgb32,avg16,sgd,rgb32,sgd,303,early,train_acc,AVAILABLE,COMPLETE,COMPLETE,False,0.5058333277702332,0.8066666722297668,-0.3008333444595337,0.6270661044815722
adam_over_sgd,rgb32,adam,rgb32,sgd,303,early,R,AVAILABLE,COMPLETE,COMPLETE,False,147.72187512224735,40.07030200108075,107.6515731211666,3.6865675511570415
adam_over_sgd,rgb32,adam,rgb32,sgd,303,early,d_eff,AVAILABLE,COMPLETE,COMPLETE,False,90.01764359861684,16.320793212840435,73.6968503857764,5.515518910428641
adam_over_sgd,rgb32,adam,rgb32,sgd,303,early,c,AVAILABLE,COMPLETE,COMPLETE,False,-0.2945174108573048,-0.21113288885311754,-0.08338452200418728,
adam_over_sgd,rgb32,adam,rgb32,sgd,303,early,rho,AVAILABLE,COMPLETE,COMPLETE,False,0.6096485331987844,0.40653150980357095,0.20311702339521348,1.499634145194197
adam_over_sgd,rgb32,adam,rgb32,sgd,303,early,train_acc,AVAILABLE,COMPLETE,COMPLETE,False,0.996666669845581,0.8066666722297668,0.1899999976158142,1.2355371855026824
adam_over_sgd,dup64,adam,dup64,sgd,303,early,R,AVAILABLE,COMPLETE,COMPLETE,False,519.104217305945,66.42859872833179,452.6756185776132,7.814468877010152
adam_over_sgd,dup64,adam,dup64,sgd,303,early,d_eff,AVAILABLE,COMPLETE,COMPLETE,False,338.8326129259925,31.957588502151868,306.87502442384067,10.602571370589404
adam_over_sgd,dup64,adam,dup64,sgd,303,early,c,AVAILABLE,COMPLETE,COMPLETE,False,-0.30876189688775085,-0.23741111167275697,-0.07135078521499388,
adam_over_sgd,dup64,adam,dup64,sgd,303,early,rho,AVAILABLE,COMPLETE,COMPLETE,False,0.6343714807433305,0.4827757822367502,0.15159569850658028,1.314008498529528
adam_over_sgd,dup64,adam,dup64,sgd,303,early,train_acc,AVAILABLE,COMPLETE,COMPLETE,False,0.9979166686534882,0.90583336353302,0.09208330512046814,1.1016558992277738
adam_over_sgd,dup64_half,adam,dup64_half,sgd,303,early,R,AVAILABLE,COMPLETE,COMPLETE,False,280.6445428865634,40.12134051784015,240.52320236872322,6.994894469235727
adam_over_sgd,dup64_half,adam,dup64_half,sgd,303,early,d_eff,AVAILABLE,COMPLETE,COMPLETE,False,174.474139729743,16.256317450340454,158.21782227940255,10.73269762741309
adam_over_sgd,dup64_half,adam,dup64_half,sgd,303,early,c,AVAILABLE,COMPLETE,COMPLETE,False,-0.2935307752484202,-0.1942328386844671,-0.09929793656395308,
adam_over_sgd,dup64_half,adam,dup64_half,sgd,303,early,rho,AVAILABLE,COMPLETE,COMPLETE,False,0.6248327285578543,0.4010777510010725,0.2237549775567818,1.557884293003786
adam_over_sgd,dup64_half,adam,dup64_half,sgd,303,early,train_acc,AVAILABLE,COMPLETE,COMPLETE,False,0.9879166781902313,0.7975000143051147,0.19041666388511658,1.2387669723755832
adam_over_sgd,gray32,adam,gray32,sgd,303,early,R,AVAILABLE,COMPLETE,COMPLETE,False,57.8992993438781,27.691829658306872,30.207469685571226,2.0908441247221714
adam_over_sgd,gray32,adam,gray32,sgd,303,early,d_eff,AVAILABLE,COMPLETE,COMPLETE,False,32.80207260809004,9.41542429231008,23.386648315779965,3.4838655794705597
adam_over_sgd,gray32,adam,gray32,sgd,303,early,c,AVAILABLE,COMPLETE,COMPLETE,False,-0.27870812304252107,-0.1358755844296275,-0.14283253861289358,
adam_over_sgd,gray32,adam,gray32,sgd,303,early,rho,AVAILABLE,COMPLETE,COMPLETE,False,0.5698135411166039,0.34010499102767655,0.22970855008892732,1.6754048195377247
adam_over_sgd,gray32,adam,gray32,sgd,303,early,train_acc,AVAILABLE,COMPLETE,COMPLETE,False,0.9508333802223206,0.5908333659172058,0.36000001430511475,1.6093088763635635
adam_over_sgd,avg16,adam,avg16,sgd,303,early,R,AVAILABLE,COMPLETE,COMPLETE,False,50.375119232303504,26.701463717650572,23.673655514652932,1.88660516011352
adam_over_sgd,avg16,adam,avg16,sgd,303,early,d_eff,AVAILABLE,COMPLETE,COMPLETE,False,28.0141399555975,8.489198197263061,19.52494175833444,3.2999747802600874
adam_over_sgd,avg16,adam,avg16,sgd,303,early,c,AVAILABLE,COMPLETE,COMPLETE,False,-0.2816441802628713,-0.09793602095260787,-0.18370815931026344,
adam_over_sgd,avg16,adam,avg16,sgd,303,early,rho,AVAILABLE,COMPLETE,COMPLETE,False,0.5525178603601038,0.31545704996234475,0.237060810397759,1.7514836343840035
adam_over_sgd,avg16,adam,avg16,sgd,303,early,train_acc,AVAILABLE,COMPLETE,COMPLETE,False,0.9066666960716248,0.5058333277702332,0.4008333683013916,1.7924218241378194
geometry_over_rgb32,dup64,adam,rgb32,adam,303,late,R,AVAILABLE,COMPLETE,COMPLETE,False,684.8691415321789,182.0828963355288,502.7862451966501,3.761304083554081
geometry_over_rgb32,dup64,adam,rgb32,adam,303,late,d_eff,AVAILABLE,COMPLETE,COMPLETE,False,381.39685143653486,98.01916744405872,283.37768399247614,3.8910435722095356
geometry_over_rgb32,dup64,adam,rgb32,adam,303,late,c,AVAILABLE,COMPLETE,COMPLETE,False,-0.27012216116300375,-0.26155372348472006,-0.008568437678283691,
geometry_over_rgb32,dup64,adam,rgb32,adam,303,late,rho,AVAILABLE,COMPLETE,COMPLETE,False,0.5575711307544792,0.5409476080355456,0.016623522718933526,1.030730374757182
geometry_over_rgb32,dup64,adam,rgb32,adam,303,late,train_acc,AVAILABLE,COMPLETE,COMPLETE,False,0.995416671037674,0.996666669845581,-0.0012499988079071045,0.9987458205980734
geometry_over_rgb32,dup64_half,adam,rgb32,adam,303,late,R,AVAILABLE,COMPLETE,COMPLETE,False,351.63132926038577,182.0828963355288,169.54843292485697,1.9311606764669744
geometry_over_rgb32,dup64_half,adam,rgb32,adam,303,late,d_eff,AVAILABLE,COMPLETE,COMPLETE,False,193.48002474769237,98.01916744405872,95.46085730363365,1.97389989930403
geometry_over_rgb32,dup64_half,adam,rgb32,adam,303,late,c,AVAILABLE,COMPLETE,COMPLETE,False,-0.27506197567286694,-0.26155372348472006,-0.013508252188146885,
geometry_over_rgb32,dup64_half,adam,rgb32,adam,303,late,rho,AVAILABLE,COMPLETE,COMPLETE,False,0.5490011011176247,0.5409476080355456,0.008053493082079033,1.0148877506110534
geometry_over_rgb32,dup64_half,adam,rgb32,adam,303,late,train_acc,AVAILABLE,COMPLETE,COMPLETE,False,0.9970833361148834,0.996666669845581,0.00041666626930236816,1.0004180598006422
geometry_over_rgb32,gray32,adam,rgb32,adam,303,late,R,AVAILABLE,COMPLETE,COMPLETE,False,68.11603636453587,182.0828963355288,-113.96685997099293,0.37409354604628386
geometry_over_rgb32,gray32,adam,rgb32,adam,303,late,d_eff,AVAILABLE,COMPLETE,COMPLETE,False,36.001123335499436,98.01916744405872,-62.01804410855929,0.36728656521231845
geometry_over_rgb32,gray32,adam,rgb32,adam,303,late,c,AVAILABLE,COMPLETE,COMPLETE,False,-0.24818134751915377,-0.26155372348472006,0.013372375965566285,
geometry_over_rgb32,gray32,adam,rgb32,adam,303,late,rho,AVAILABLE,COMPLETE,COMPLETE,False,0.5275941321464861,0.5409476080355456,-0.013353475889059552,0.975314659514712
geometry_over_rgb32,gray32,adam,rgb32,adam,303,late,train_acc,AVAILABLE,COMPLETE,COMPLETE,False,0.9537500441074371,0.996666669845581,-0.04291662573814392,0.9569398405338535
geometry_over_rgb32,avg16,adam,rgb32,adam,303,late,R,AVAILABLE,COMPLETE,COMPLETE,False,60.8035785998122,182.0828963355288,-121.2793177357166,0.3339334985520435
geometry_over_rgb32,avg16,adam,rgb32,adam,303,late,d_eff,AVAILABLE,COMPLETE,COMPLETE,False,32.431526560402276,98.01916744405872,-65.58764088365645,0.33086923105025884
geometry_over_rgb32,avg16,adam,rgb32,adam,303,late,c,AVAILABLE,COMPLETE,COMPLETE,False,-0.24899780907432834,-0.26155372348472006,0.012555914410391722,
geometry_over_rgb32,avg16,adam,rgb32,adam,303,late,rho,AVAILABLE,COMPLETE,COMPLETE,False,0.5311476471147615,0.5409476080355456,-0.009799960920784168,0.9818837152152816
geometry_over_rgb32,avg16,adam,rgb32,adam,303,late,train_acc,AVAILABLE,COMPLETE,COMPLETE,False,0.9133333563804626,0.996666669845581,-0.08333331346511841,0.9163879800675689
geometry_over_rgb32,dup64,sgd,rgb32,sgd,303,late,R,AVAILABLE,COMPLETE,COMPLETE,False,72.75263112511658,41.04033039165513,31.712300733461447,1.7727106587794337
geometry_over_rgb32,dup64,sgd,rgb32,sgd,303,late,d_eff,AVAILABLE,COMPLETE,COMPLETE,False,32.292506779038945,15.977796342877436,16.31471043616151,2.0210863930202905
geometry_over_rgb32,dup64,sgd,rgb32,sgd,303,late,c,AVAILABLE,COMPLETE,COMPLETE,False,-0.20931383039268697,-0.20239459188973632,-0.006919238502950648,
geometry_over_rgb32,dup64,sgd,rgb32,sgd,303,late,rho,AVAILABLE,COMPLETE,COMPLETE,False,0.444713052397389,0.38828356641541817,0.05642948598197084,1.1453306059355546
geometry_over_rgb32,dup64,sgd,rgb32,sgd,303,late,train_acc,AVAILABLE,COMPLETE,COMPLETE,False,0.8845833539962769,0.7229166924953461,0.1616666615009308,1.223631108783633
geometry_over_rgb32,dup64_half,sgd,rgb32,sgd,303,late,R,AVAILABLE,COMPLETE,COMPLETE,False,41.789384436858015,41.04033039165513,0.7490540452028824,1.0182516572857607
geometry_over_rgb32,dup64_half,sgd,rgb32,sgd,303,late,d_eff,AVAILABLE,COMPLETE,COMPLETE,False,16.11157187171394,15.977796342877436,0.13377552883650523,1.0083725894338451
geometry_over_rgb32,dup64_half,sgd,rgb32,sgd,303,late,c,AVAILABLE,COMPLETE,COMPLETE,False,-0.1817289569607471,-0.20239459188973632,0.020665634928989235,
geometry_over_rgb32,dup64_half,sgd,rgb32,sgd,303,late,rho,AVAILABLE,COMPLETE,COMPLETE,False,0.386973519612099,0.38828356641541817,-0.0013100468033191426,0.9966260565302485
geometry_over_rgb32,dup64_half,sgd,rgb32,sgd,303,late,train_acc,AVAILABLE,COMPLETE,COMPLETE,False,0.7391666769981384,0.7229166924953461,0.01624998450279236,1.0224783639269708
geometry_over_rgb32,gray32,sgd,rgb32,sgd,303,late,R,AVAILABLE,COMPLETE,COMPLETE,False,28.285471577015915,41.04033039165513,-12.754858814639217,0.6892115952060487
geometry_over_rgb32,gray32,sgd,rgb32,sgd,303,late,d_eff,AVAILABLE,COMPLETE,COMPLETE,False,9.167571206483187,15.977796342877436,-6.81022513639425,0.5737694366451164
geometry_over_rgb32,gray32,sgd,rgb32,sgd,303,late,c,AVAILABLE,COMPLETE,COMPLETE,False,-0.1504571963267053,-0.20239459188973632,0.051937395563031036,
geometry_over_rgb32,gray32,sgd,rgb32,sgd,303,late,rho,AVAILABLE,COMPLETE,COMPLETE,False,0.32414473730978666,0.38828356641541817,-0.06413882910563151,0.8348144638266497
geometry_over_rgb32,gray32,sgd,rgb32,sgd,303,late,train_acc,AVAILABLE,COMPLETE,COMPLETE,False,0.5379166901111603,0.7229166924953461,-0.1850000023841858,0.7440922248653474
geometry_over_rgb32,avg16,sgd,rgb32,sgd,303,late,R,AVAILABLE,COMPLETE,COMPLETE,False,26.99730818205635,41.04033039165513,-14.043022209598782,0.6578238509392167
geometry_over_rgb32,avg16,sgd,rgb32,sgd,303,late,d_eff,AVAILABLE,COMPLETE,COMPLETE,False,8.155781852355119,15.977796342877436,-7.822014490522317,0.510444724499871
geometry_over_rgb32,avg16,sgd,rgb32,sgd,303,late,c,AVAILABLE,COMPLETE,COMPLETE,False,-0.1439893323760249,-0.20239459188973632,0.05840525951371142,
geometry_over_rgb32,avg16,sgd,rgb32,sgd,303,late,rho,AVAILABLE,COMPLETE,COMPLETE,False,0.3057377735302096,0.38828356641541817,-0.08254579288520858,0.7874084817772221
geometry_over_rgb32,avg16,sgd,rgb32,sgd,303,late,train_acc,AVAILABLE,COMPLETE,COMPLETE,False,0.4737500101327896,0.7229166924953461,-0.24916668236255646,0.6553314027063215
adam_over_sgd,rgb32,adam,rgb32,sgd,303,late,R,AVAILABLE,COMPLETE,COMPLETE,False,182.0828963355288,41.04033039165513,141.04256594387368,4.4366820295518945
adam_over_sgd,rgb32,adam,rgb32,sgd,303,late,d_eff,AVAILABLE,COMPLETE,COMPLETE,False,98.01916744405872,15.977796342877436,82.04137110118128,6.13471127936573
adam_over_sgd,rgb32,adam,rgb32,sgd,303,late,c,AVAILABLE,COMPLETE,COMPLETE,False,-0.26155372348472006,-0.20239459188973632,-0.05915913159498373,
adam_over_sgd,rgb32,adam,rgb32,sgd,303,late,rho,AVAILABLE,COMPLETE,COMPLETE,False,0.5409476080355456,0.38828356641541817,0.15266404162012748,1.3931766750509207
adam_over_sgd,rgb32,adam,rgb32,sgd,303,late,train_acc,AVAILABLE,COMPLETE,COMPLETE,False,0.996666669845581,0.7229166924953461,0.273749977350235,1.378674306724488
adam_over_sgd,dup64,adam,dup64,sgd,303,late,R,AVAILABLE,COMPLETE,COMPLETE,False,684.8691415321789,72.75263112511658,612.1165104070624,9.413668357291064
adam_over_sgd,dup64,adam,dup64,sgd,303,late,d_eff,AVAILABLE,COMPLETE,COMPLETE,False,381.39685143653486,32.292506779038945,349.1043446574959,11.810691998804485
adam_over_sgd,dup64,adam,dup64,sgd,303,late,c,AVAILABLE,COMPLETE,COMPLETE,False,-0.27012216116300375,-0.20931383039268697,-0.060808330770316776,
adam_over_sgd,dup64,adam,dup64,sgd,303,late,rho,AVAILABLE,COMPLETE,COMPLETE,False,0.5575711307544792,0.444713052397389,0.11285807835709016,1.2537773014501987
adam_over_sgd,dup64,adam,dup64,sgd,303,late,train_acc,AVAILABLE,COMPLETE,COMPLETE,False,0.995416671037674,0.8845833539962769,0.1108333170413971,1.125294373380062
adam_over_sgd,dup64_half,adam,dup64_half,sgd,303,late,R,AVAILABLE,COMPLETE,COMPLETE,False,351.63132926038577,41.789384436858015,309.84194482352774,8.414369677822984
adam_over_sgd,dup64_half,adam,dup64_half,sgd,303,late,d_eff,AVAILABLE,COMPLETE,COMPLETE,False,193.48002474769237,16.11157187171394,177.36845287597842,12.00876154656101
adam_over_sgd,dup64_half,adam,dup64_half,sgd,303,late,c,AVAILABLE,COMPLETE,COMPLETE,False,-0.27506197567286694,-0.1817289569607471,-0.09333301871211985,
adam_over_sgd,dup64_half,adam,dup64_half,sgd,303,late,rho,AVAILABLE,COMPLETE,COMPLETE,False,0.5490011011176247,0.386973519612099,0.16202758150552565,1.4187045709689428
adam_over_sgd,dup64_half,adam,dup64_half,sgd,303,late,train_acc,AVAILABLE,COMPLETE,COMPLETE,False,0.9970833361148834,0.7391666769981384,0.257916659116745,1.3489289589787534
adam_over_sgd,gray32,adam,gray32,sgd,303,late,R,AVAILABLE,COMPLETE,COMPLETE,False,68.11603636453587,28.285471577015915,39.83056478751996,2.408163363268276
adam_over_sgd,gray32,adam,gray32,sgd,303,late,d_eff,AVAILABLE,COMPLETE,COMPLETE,False,36.001123335499436,9.167571206483187,26.833552129016248,3.9270077673397195
adam_over_sgd,gray32,adam,gray32,sgd,303,late,c,AVAILABLE,COMPLETE,COMPLETE,False,-0.24818134751915377,-0.1504571963267053,-0.09772415119244848,
adam_over_sgd,gray32,adam,gray32,sgd,303,late,rho,AVAILABLE,COMPLETE,COMPLETE,False,0.5275941321464861,0.32414473730978666,0.20344939483669944,1.6276498471800327
adam_over_sgd,gray32,adam,gray32,sgd,303,late,train_acc,AVAILABLE,COMPLETE,COMPLETE,False,0.9537500441074371,0.5379166901111603,0.41583335399627686,1.7730441565409414
adam_over_sgd,avg16,adam,avg16,sgd,303,late,R,AVAILABLE,COMPLETE,COMPLETE,False,60.8035785998122,26.99730818205635,33.80627041775585,2.2522089309713125
adam_over_sgd,avg16,adam,avg16,sgd,303,late,d_eff,AVAILABLE,COMPLETE,COMPLETE,False,32.431526560402276,8.155781852355119,24.275744708047156,3.97650735974959
adam_over_sgd,avg16,adam,avg16,sgd,303,late,c,AVAILABLE,COMPLETE,COMPLETE,False,-0.24899780907432834,-0.1439893323760249,-0.10500847669830343,
adam_over_sgd,avg16,adam,avg16,sgd,303,late,rho,AVAILABLE,COMPLETE,COMPLETE,False,0.5311476471147615,0.3057377735302096,0.2254098735845519,1.737265372812298
adam_over_sgd,avg16,adam,avg16,sgd,303,late,train_acc,AVAILABLE,COMPLETE,COMPLETE,False,0.9133333563804626,0.4737500101327896,0.43958334624767303,1.9278803943971634
geometry_over_rgb32,dup64,adam,rgb32,adam,304,early,R,AVAILABLE,COMPLETE,COMPLETE,False,522.8837016034244,143.64420746431898,379.2394941391054,3.640130784482263
geometry_over_rgb32,dup64,adam,rgb32,adam,304,early,d_eff,AVAILABLE,COMPLETE,COMPLETE,False,328.11570057271626,89.73948183042798,238.3762187422883,3.65631374151151
geometry_over_rgb32,dup64,adam,rgb32,adam,304,early,c,AVAILABLE,COMPLETE,COMPLETE,False,-0.29111289844612787,-0.3017807671898081,0.010667868743680253,
geometry_over_rgb32,dup64,adam,rgb32,adam,304,early,rho,AVAILABLE,COMPLETE,COMPLETE,False,0.6419623318389978,0.6195428665323142,0.022419465306683595,1.0361871091054105
geometry_over_rgb32,dup64,adam,rgb32,adam,304,early,train_acc,AVAILABLE,COMPLETE,COMPLETE,False,0.9087500274181366,0.996666669845581,-0.08791664242744446,0.9117893222605048
geometry_over_rgb32,dup64_half,adam,rgb32,adam,304,early,R,AVAILABLE,COMPLETE,COMPLETE,False,269.2911076115357,143.64420746431898,125.64690014721674,1.8747091328303458
geometry_over_rgb32,dup64_half,adam,rgb32,adam,304,early,d_eff,AVAILABLE,COMPLETE,COMPLETE,False,170.43762776842823,89.73948183042798,80.69814593800025,1.899249074008336
geometry_over_rgb32,dup64_half,adam,rgb32,adam,304,early,c,AVAILABLE,COMPLETE,COMPLETE,False,-0.2991209371982427,-0.3017807671898081,0.0026598299915654433,
geometry_over_rgb32,dup64_half,adam,rgb32,adam,304,early,rho,AVAILABLE,COMPLETE,COMPLETE,False,0.6245357825260277,0.6195428665323142,0.0049929159937135426,1.0080590323340493
geometry_over_rgb32,dup64_half,adam,rgb32,adam,304,early,train_acc,AVAILABLE,COMPLETE,COMPLETE,False,0.9870833456516266,0.996666669845581,-0.009583324193954468,0.9903846245852295
geometry_over_rgb32,gray32,adam,rgb32,adam,304,early,R,AVAILABLE,COMPLETE,COMPLETE,False,56.69192204835076,143.64420746431898,-86.95228541596822,0.39466904408542164
geometry_over_rgb32,gray32,adam,rgb32,adam,304,early,d_eff,AVAILABLE,COMPLETE,COMPLETE,False,32.63673841320488,89.73948183042798,-57.102743417223095,0.3636831609399681
geometry_over_rgb32,gray32,adam,rgb32,adam,304,early,c,AVAILABLE,COMPLETE,COMPLETE,False,-0.2850946157038492,-0.3017807671898081,0.016686151485958922,
geometry_over_rgb32,gray32,adam,rgb32,adam,304,early,rho,AVAILABLE,COMPLETE,COMPLETE,False,0.5769912407475382,0.6195428665323142,-0.042551625784776004,0.9313177052252338
geometry_over_rgb32,gray32,adam,rgb32,adam,304,early,train_acc,AVAILABLE,COMPLETE,COMPLETE,False,0.9612500369548798,0.996666669845581,-0.035416632890701294,0.964464916945413
geometry_over_rgb32,avg16,adam,rgb32,adam,304,early,R,AVAILABLE,COMPLETE,COMPLETE,False,49.51538327507244,143.64420746431898,-94.12882418924654,0.3447085277516115
geometry_over_rgb32,avg16,adam,rgb32,adam,304,early,d_eff,AVAILABLE,COMPLETE,COMPLETE,False,27.73879576970416,89.73948183042798,-62.000686060723815,0.3091035874501647
geometry_over_rgb32,avg16,adam,rgb32,adam,304,early,c,AVAILABLE,COMPLETE,COMPLETE,False,-0.2881399991361861,-0.3017807671898081,0.013640768053622021,
geometry_over_rgb32,avg16,adam,rgb32,adam,304,early,rho,AVAILABLE,COMPLETE,COMPLETE,False,0.5574876645067047,0.6195428665323142,-0.062055202025609435,0.8998371131719378
geometry_over_rgb32,avg16,adam,rgb32,adam,304,early,train_acc,AVAILABLE,COMPLETE,COMPLETE,False,0.9054166972637177,0.996666669845581,-0.0912499725818634,0.9084448438553672
geometry_over_rgb32,dup64,sgd,rgb32,sgd,304,early,R,AVAILABLE,COMPLETE,COMPLETE,False,64.5373164229452,39.81125653848266,24.726059884462536,1.621082126874384
geometry_over_rgb32,dup64,sgd,rgb32,sgd,304,early,d_eff,AVAILABLE,COMPLETE,COMPLETE,False,32.031563051099006,16.262649757165065,15.768913293933942,1.9696398514016087
geometry_over_rgb32,dup64,sgd,rgb32,sgd,304,early,c,AVAILABLE,COMPLETE,COMPLETE,False,-0.24107019455074824,-0.21536130593961988,-0.025708888611128355,
geometry_over_rgb32,dup64,sgd,rgb32,sgd,304,early,rho,AVAILABLE,COMPLETE,COMPLETE,False,0.4987987840254351,0.4070810967357468,0.09171768728968832,1.225305689763399
geometry_over_rgb32,dup64,sgd,rgb32,sgd,304,early,train_acc,AVAILABLE,COMPLETE,COMPLETE,False,0.9220833480358124,0.789166659116745,0.13291668891906738,1.1684266401571388
geometry_over_rgb32,dup64_half,sgd,rgb32,sgd,304,early,R,AVAILABLE,COMPLETE,COMPLETE,False,39.2490182079149,39.81125653848266,-0.5622383305677587,0.9858774030399095
geometry_over_rgb32,dup64_half,sgd,rgb32,sgd,304,early,d_eff,AVAILABLE,COMPLETE,COMPLETE,False,16.588272261992422,16.262649757165065,0.3256225048273578,1.0200227213701072
geometry_over_rgb32,dup64_half,sgd,rgb32,sgd,304,early,c,AVAILABLE,COMPLETE,COMPLETE,False,-0.1729359330901677,-0.21536130593961988,0.04242537284945219,
geometry_over_rgb32,dup64_half,sgd,rgb32,sgd,304,early,rho,AVAILABLE,COMPLETE,COMPLETE,False,0.42565338997975843,0.4070810967357468,0.01857229324401166,1.0456230795115198
geometry_over_rgb32,dup64_half,sgd,rgb32,sgd,304,early,train_acc,AVAILABLE,COMPLETE,COMPLETE,False,0.8058333396911621,0.789166659116745,0.016666680574417114,1.0211193420070115
geometry_over_rgb32,gray32,sgd,rgb32,sgd,304,early,R,AVAILABLE,COMPLETE,COMPLETE,False,26.969806054920852,39.81125653848266,-12.841450483561808,0.677441718747337
geometry_over_rgb32,gray32,sgd,rgb32,sgd,304,early,d_eff,AVAILABLE,COMPLETE,COMPLETE,False,9.097497942649607,16.262649757165065,-7.165151814515458,0.5594105559975793
geometry_over_rgb32,gray32,sgd,rgb32,sgd,304,early,c,AVAILABLE,COMPLETE,COMPLETE,False,-0.13975044340324166,-0.21536130593961988,0.07561086253637822,
geometry_over_rgb32,gray32,sgd,rgb32,sgd,304,early,rho,AVAILABLE,COMPLETE,COMPLETE,False,0.34414640271770836,0.4070810967357468,-0.06293469401803842,0.8454001069499625
geometry_over_rgb32,gray32,sgd,rgb32,sgd,304,early,train_acc,AVAILABLE,COMPLETE,COMPLETE,False,0.542083352804184,0.789166659116745,-0.24708330631256104,0.6869060502516632
geometry_over_rgb32,avg16,sgd,rgb32,sgd,304,early,R,AVAILABLE,COMPLETE,COMPLETE,False,27.00484449521468,39.81125653848266,-12.80641204326798,0.6783218326482876
geometry_over_rgb32,avg16,sgd,rgb32,sgd,304,early,d_eff,AVAILABLE,COMPLETE,COMPLETE,False,8.215858969154514,16.262649757165065,-8.04679078801055,0.5051980514758818
geometry_over_rgb32,avg16,sgd,rgb32,sgd,304,early,c,AVAILABLE,COMPLETE,COMPLETE,False,-0.12297502823964979,-0.21536130593961988,0.0923862776999701,
geometry_over_rgb32,avg16,sgd,rgb32,sgd,304,early,rho,AVAILABLE,COMPLETE,COMPLETE,False,0.3097398326322113,0.4070810967357468,-0.0973412641035355,0.7608799207723376
geometry_over_rgb32,avg16,sgd,rgb32,sgd,304,early,train_acc,AVAILABLE,COMPLETE,COMPLETE,False,0.47833335399627686,0.789166659116745,-0.31083330512046814,0.6061246359946826
adam_over_sgd,rgb32,adam,rgb32,sgd,304,early,R,AVAILABLE,COMPLETE,COMPLETE,False,143.64420746431898,39.81125653848266,103.83295092583631,3.608130462435129
adam_over_sgd,rgb32,adam,rgb32,sgd,304,early,d_eff,AVAILABLE,COMPLETE,COMPLETE,False,89.73948183042798,16.262649757165065,73.47683207326291,5.518134078420411
adam_over_sgd,rgb32,adam,rgb32,sgd,304,early,c,AVAILABLE,COMPLETE,COMPLETE,False,-0.3017807671898081,-0.21536130593961988,-0.08641946125018823,
adam_over_sgd,rgb32,adam,rgb32,sgd,304,early,rho,AVAILABLE,COMPLETE,COMPLETE,False,0.6195428665323142,0.4070810967357468,0.2124617697965674,1.5219150962799068
adam_over_sgd,rgb32,adam,rgb32,sgd,304,early,train_acc,AVAILABLE,COMPLETE,COMPLETE,False,0.996666669845581,0.789166659116745,0.20750001072883606,1.262935602171885
adam_over_sgd,dup64,adam,dup64,sgd,304,early,R,AVAILABLE,COMPLETE,COMPLETE,False,522.8837016034244,64.5373164229452,458.34638518047916,8.102036629114028
adam_over_sgd,dup64,adam,dup64,sgd,304,early,d_eff,AVAILABLE,COMPLETE,COMPLETE,False,328.11570057271626,32.031563051099006,296.08413752161727,10.24351200249838
adam_over_sgd,dup64,adam,dup64,sgd,304,early,c,AVAILABLE,COMPLETE,COMPLETE,False,-0.29111289844612787,-0.24107019455074824,-0.050042703895379625,
adam_over_sgd,dup64,adam,dup64,sgd,304,early,rho,AVAILABLE,COMPLETE,COMPLETE,False,0.6419623318389978,0.4987987840254351,0.14316354781356266,1.2870166335575155
adam_over_sgd,dup64,adam,dup64,sgd,304,early,train_acc,AVAILABLE,COMPLETE,COMPLETE,False,0.9087500274181366,0.9220833480358124,-0.013333320617675781,0.985540004983196
adam_over_sgd,dup64_half,adam,dup64_half,sgd,304,early,R,AVAILABLE,COMPLETE,COMPLETE,False,269.2911076115357,39.2490182079149,230.04208940362082,6.861091561195558
adam_over_sgd,dup64_half,adam,dup64_half,sgd,304,early,d_eff,AVAILABLE,COMPLETE,COMPLETE,False,170.43762776842823,16.588272261992422,153.8493555064358,10.274585868652538
adam_over_sgd,dup64_half,adam,dup64_half,sgd,304,early,c,AVAILABLE,COMPLETE,COMPLETE,False,-0.2991209371982427,-0.1729359330901677,-0.12618500410807498,
adam_over_sgd,dup64_half,adam,dup64_half,sgd,304,early,rho,AVAILABLE,COMPLETE,COMPLETE,False,0.6245357825260277,0.42565338997975843,0.19888239254626927,1.467240241069681
adam_over_sgd,dup64_half,adam,dup64_half,sgd,304,early,train_acc,AVAILABLE,COMPLETE,COMPLETE,False,0.9870833456516266,0.8058333396911621,0.18125000596046448,1.224922446159809
adam_over_sgd,gray32,adam,gray32,sgd,304,early,R,AVAILABLE,COMPLETE,COMPLETE,False,56.69192204835076,26.969806054920852,29.72211599342991,2.102051528769035
adam_over_sgd,gray32,adam,gray32,sgd,304,early,d_eff,AVAILABLE,COMPLETE,COMPLETE,False,32.63673841320488,9.097497942649607,23.539240470555274,3.5874411424928083
adam_over_sgd,gray32,adam,gray32,sgd,304,early,c,AVAILABLE,COMPLETE,COMPLETE,False,-0.2850946157038492,-0.13975044340324166,-0.14534417230060753,
adam_over_sgd,gray32,adam,gray32,sgd,304,early,rho,AVAILABLE,COMPLETE,COMPLETE,False,0.5769912407475382,0.34414640271770836,0.2328448380298298,1.6765865811499547
adam_over_sgd,gray32,adam,gray32,sgd,304,early,train_acc,AVAILABLE,COMPLETE,COMPLETE,False,0.9612500369548798,0.542083352804184,0.4191666841506958,1.7732513495984645
adam_over_sgd,avg16,adam,avg16,sgd,304,early,R,AVAILABLE,COMPLETE,COMPLETE,False,49.51538327507244,27.00484449521468,22.510538779857757,1.8335740938573697
adam_over_sgd,avg16,adam,avg16,sgd,304,early,d_eff,AVAILABLE,COMPLETE,COMPLETE,False,27.73879576970416,8.215858969154514,19.522936800549648,3.376250234314664
adam_over_sgd,avg16,adam,avg16,sgd,304,early,c,AVAILABLE,COMPLETE,COMPLETE,False,-0.2881399991361861,-0.12297502823964979,-0.1651649708965363,
adam_over_sgd,avg16,adam,avg16,sgd,304,early,rho,AVAILABLE,COMPLETE,COMPLETE,False,0.5574876645067047,0.3097398326322113,0.24774783187449345,1.7998578347805596
adam_over_sgd,avg16,adam,avg16,sgd,304,early,train_acc,AVAILABLE,COMPLETE,COMPLETE,False,0.9054166972637177,0.47833335399627686,0.4270833432674408,1.892857125055856
geometry_over_rgb32,dup64,adam,rgb32,adam,304,late,R,AVAILABLE,COMPLETE,COMPLETE,False,674.6851469556582,183.58636747667143,491.0987794789868,3.6750285777150165
geometry_over_rgb32,dup64,adam,rgb32,adam,304,late,d_eff,AVAILABLE,COMPLETE,COMPLETE,False,377.65115406914015,101.35250334269948,276.29865072644066,3.726115701278756
geometry_over_rgb32,dup64,adam,rgb32,adam,304,late,c,AVAILABLE,COMPLETE,COMPLETE,False,-0.2725090301607522,-0.26802629997330785,-0.004482730187444328,
geometry_over_rgb32,dup64,adam,rgb32,adam,304,late,rho,AVAILABLE,COMPLETE,COMPLETE,False,0.5572935719021939,0.5463497319515355,0.010943839950658396,1.0200308324698313
geometry_over_rgb32,dup64,adam,rgb32,adam,304,late,train_acc,AVAILABLE,COMPLETE,COMPLETE,False,0.9962500035762787,0.9754166901111603,0.020833313465118408,1.0213583729664746
geometry_over_rgb32,dup64_half,adam,rgb32,adam,304,late,R,AVAILABLE,COMPLETE,COMPLETE,False,346.3021199701294,183.58636747667143,162.71575249345798,1.886317185365817
geometry_over_rgb32,dup64_half,adam,rgb32,adam,304,late,d_eff,AVAILABLE,COMPLETE,COMPLETE,False,195.60638518050143,101.35250334269948,94.25388183780196,1.9299610639029288
geometry_over_rgb32,dup64_half,adam,rgb32,adam,304,late,c,AVAILABLE,COMPLETE,COMPLETE,False,-0.2749477780438251,-0.26802629997330785,-0.00692147807051724,
geometry_over_rgb32,dup64_half,adam,rgb32,adam,304,late,rho,AVAILABLE,COMPLETE,COMPLETE,False,0.5637219092899572,0.5463497319515355,0.01737217733842178,1.031796807653532
geometry_over_rgb32,dup64_half,adam,rgb32,adam,304,late,train_acc,AVAILABLE,COMPLETE,COMPLETE,False,0.9975000023841858,0.9754166901111603,0.022083312273025513,1.0226398753444632
geometry_over_rgb32,gray32,adam,rgb32,adam,304,late,R,AVAILABLE,COMPLETE,COMPLETE,False,68.23161748211218,183.58636747667143,-115.35474999455924,0.37165949966727496
geometry_over_rgb32,gray32,adam,rgb32,adam,304,late,d_eff,AVAILABLE,COMPLETE,COMPLETE,False,36.51059562677502,101.35250334269948,-64.84190771592446,0.3602337823203349
geometry_over_rgb32,gray32,adam,rgb32,adam,304,late,c,AVAILABLE,COMPLETE,COMPLETE,False,-0.2587456858068173,-0.26802629997330785,0.009280614166490564,
geometry_over_rgb32,gray32,adam,rgb32,adam,304,late,rho,AVAILABLE,COMPLETE,COMPLETE,False,0.5347192631635878,0.5463497319515355,-0.011630468787947712,0.9787124105535767
geometry_over_rgb32,gray32,adam,rgb32,adam,304,late,train_acc,AVAILABLE,COMPLETE,COMPLETE,False,0.947916716337204,0.9754166901111603,-0.0274999737739563,0.9718069476842535
geometry_over_rgb32,avg16,adam,rgb32,adam,304,late,R,AVAILABLE,COMPLETE,COMPLETE,False,60.835393768314205,183.58636747667143,-122.75097370835722,0.33137206539066494
geometry_over_rgb32,avg16,adam,rgb32,adam,304,late,d_eff,AVAILABLE,COMPLETE,COMPLETE,False,31.317641683557873,101.35250334269948,-70.0348616591416,0.30899721911815725
geometry_over_rgb32,avg16,adam,rgb32,adam,304,late,c,AVAILABLE,COMPLETE,COMPLETE,False,-0.2493865476803874,-0.26802629997330785,0.018639752292920447,
geometry_over_rgb32,avg16,adam,rgb32,adam,304,late,rho,AVAILABLE,COMPLETE,COMPLETE,False,0.5183882896424281,0.5463497319515355,-0.027961442309107354,0.9488213489018648
geometry_over_rgb32,avg16,adam,rgb32,adam,304,late,train_acc,AVAILABLE,COMPLETE,COMPLETE,False,0.897916704416275,0.9754166901111603,-0.07749998569488525,0.9205467914578608
geometry_over_rgb32,dup64,sgd,rgb32,sgd,304,late,R,AVAILABLE,COMPLETE,COMPLETE,False,72.48085062896948,41.138950849048506,31.341899779920972,1.7618546203310839
geometry_over_rgb32,dup64,sgd,rgb32,sgd,304,late,d_eff,AVAILABLE,COMPLETE,COMPLETE,False,33.85259185394681,15.985254278166716,17.8673375757801,2.1177387149971088
geometry_over_rgb32,dup64,sgd,rgb32,sgd,304,late,c,AVAILABLE,COMPLETE,COMPLETE,False,-0.22327150274436813,-0.1785845931706419,-0.04468690957372623,
geometry_over_rgb32,dup64,sgd,rgb32,sgd,304,late,rho,AVAILABLE,COMPLETE,COMPLETE,False,0.45654699770212004,0.3925333206079767,0.06401367709414335,1.163078326688281
geometry_over_rgb32,dup64,sgd,rgb32,sgd,304,late,train_acc,AVAILABLE,COMPLETE,COMPLETE,False,0.893333375453949,0.7462500035762787,0.1470833718776703,1.1970966447876688
geometry_over_rgb32,dup64_half,sgd,rgb32,sgd,304,late,R,AVAILABLE,COMPLETE,COMPLETE,False,40.83189678037057,41.138950849048506,-0.3070540686779353,0.9925361716246821
geometry_over_rgb32,dup64_half,sgd,rgb32,sgd,304,late,d_eff,AVAILABLE,COMPLETE,COMPLETE,False,15.797301660010708,15.985254278166716,-0.1879526181560074,0.9882421252183194
geometry_over_rgb32,dup64_half,sgd,rgb32,sgd,304,late,c,AVAILABLE,COMPLETE,COMPLETE,False,-0.1902829380440831,-0.1785845931706419,-0.011698344873441208,
geometry_over_rgb32,dup64_half,sgd,rgb32,sgd,304,late,rho,AVAILABLE,COMPLETE,COMPLETE,False,0.3840025885846591,0.3925333206079767,-0.008530732023317611,0.9782674958393219
geometry_over_rgb32,dup64_half,sgd,rgb32,sgd,304,late,train_acc,AVAILABLE,COMPLETE,COMPLETE,False,0.7487500011920929,0.7462500035762787,0.002499997615814209,1.0033500805411502
geometry_over_rgb32,gray32,sgd,rgb32,sgd,304,late,R,AVAILABLE,COMPLETE,COMPLETE,False,27.45385254061308,41.138950849048506,-13.685098308435425,0.6673444989238965
geometry_over_rgb32,gray32,sgd,rgb32,sgd,304,late,d_eff,AVAILABLE,COMPLETE,COMPLETE,False,9.401540729013533,15.985254278166716,-6.583713549153183,0.5881383283251568
geometry_over_rgb32,gray32,sgd,rgb32,sgd,304,late,c,AVAILABLE,COMPLETE,COMPLETE,False,-0.1738064829465779,-0.1785845931706419,0.004778110224063992,
geometry_over_rgb32,gray32,sgd,rgb32,sgd,304,late,rho,AVAILABLE,COMPLETE,COMPLETE,False,0.34133816760647695,0.3925333206079767,-0.05119515300149974,0.8695775611553028
geometry_over_rgb32,gray32,sgd,rgb32,sgd,304,late,train_acc,AVAILABLE,COMPLETE,COMPLETE,False,0.542083352804184,0.7462500035762787,-0.20416665077209473,0.7264098495227336
geometry_over_rgb32,avg16,sgd,rgb32,sgd,304,late,R,AVAILABLE,COMPLETE,COMPLETE,False,26.895672604510843,41.138950849048506,-14.243278244537663,0.6537763372527257
geometry_over_rgb32,avg16,sgd,rgb32,sgd,304,late,d_eff,AVAILABLE,COMPLETE,COMPLETE,False,8.104901705454822,15.985254278166716,-7.880352572711894,0.5070236334322696
geometry_over_rgb32,avg16,sgd,rgb32,sgd,304,late,c,AVAILABLE,COMPLETE,COMPLETE,False,-0.15740668646682165,-0.1785845931706419,0.02117790670382025,
geometry_over_rgb32,avg16,sgd,rgb32,sgd,304,late,rho,AVAILABLE,COMPLETE,COMPLETE,False,0.30204214241870997,0.3925333206079767,-0.09049117818926672,0.7694687980905439
geometry_over_rgb32,avg16,sgd,rgb32,sgd,304,late,train_acc,AVAILABLE,COMPLETE,COMPLETE,False,0.4816666841506958,0.7462500035762787,-0.2645833194255829,0.6454494899060483
adam_over_sgd,rgb32,adam,rgb32,sgd,304,late,R,AVAILABLE,COMPLETE,COMPLETE,False,183.58636747667143,41.138950849048506,142.4474166276229,4.462592353176589
adam_over_sgd,rgb32,adam,rgb32,sgd,304,late,d_eff,AVAILABLE,COMPLETE,COMPLETE,False,101.35250334269948,15.985254278166716,85.36724906453276,6.340374796610567
adam_over_sgd,rgb32,adam,rgb32,sgd,304,late,c,AVAILABLE,COMPLETE,COMPLETE,False,-0.26802629997330785,-0.1785845931706419,-0.08944170680266594,
adam_over_sgd,rgb32,adam,rgb32,sgd,304,late,rho,AVAILABLE,COMPLETE,COMPLETE,False,0.5463497319515355,0.3925333206079767,0.15381641134355878,1.3918556801886772
adam_over_sgd,rgb32,adam,rgb32,sgd,304,late,train_acc,AVAILABLE,COMPLETE,COMPLETE,False,0.9754166901111603,0.7462500035762787,0.2291666865348816,1.3070910357609895
adam_over_sgd,dup64,adam,dup64,sgd,304,late,R,AVAILABLE,COMPLETE,COMPLETE,False,674.6851469556582,72.48085062896948,602.2042963266887,9.308460663760435
adam_over_sgd,dup64,adam,dup64,sgd,304,late,d_eff,AVAILABLE,COMPLETE,COMPLETE,False,377.65115406914015,33.85259185394681,343.79856221519333,11.155753027669888
adam_over_sgd,dup64,adam,dup64,sgd,304,late,c,AVAILABLE,COMPLETE,COMPLETE,False,-0.2725090301607522,-0.22327150274436813,-0.04923752741638404,
adam_over_sgd,dup64,adam,dup64,sgd,304,late,rho,AVAILABLE,COMPLETE,COMPLETE,False,0.5572935719021939,0.45654699770212004,0.10074657420007382,1.2206707627191697
adam_over_sgd,dup64,adam,dup64,sgd,304,late,train_acc,AVAILABLE,COMPLETE,COMPLETE,False,0.9962500035762787,0.893333375453949,0.10291662812232971,1.1152051753020338
adam_over_sgd,dup64_half,adam,dup64_half,sgd,304,late,R,AVAILABLE,COMPLETE,COMPLETE,False,346.3021199701294,40.83189678037057,305.4702231897588,8.481166619146869
adam_over_sgd,dup64_half,adam,dup64_half,sgd,304,late,d_eff,AVAILABLE,COMPLETE,COMPLETE,False,195.60638518050143,15.797301660010708,179.80908352049073,12.382265616643851
adam_over_sgd,dup64_half,adam,dup64_half,sgd,304,late,c,AVAILABLE,COMPLETE,COMPLETE,False,-0.2749477780438251,-0.1902829380440831,-0.08466483999974198,
adam_over_sgd,dup64_half,adam,dup64_half,sgd,304,late,rho,AVAILABLE,COMPLETE,COMPLETE,False,0.5637219092899572,0.3840025885846591,0.17971932070529817,1.4680159093919138
adam_over_sgd,dup64_half,adam,dup64_half,sgd,304,late,train_acc,AVAILABLE,COMPLETE,COMPLETE,False,0.9975000023841858,0.7487500011920929,0.2487500011920929,1.332220368341977
adam_over_sgd,gray32,adam,gray32,sgd,304,late,R,AVAILABLE,COMPLETE,COMPLETE,False,68.23161748211218,27.45385254061308,40.7777649414991,2.4853203163809403
adam_over_sgd,gray32,adam,gray32,sgd,304,late,d_eff,AVAILABLE,COMPLETE,COMPLETE,False,36.51059562677502,9.401540729013533,27.10905489776149,3.8834693885973235
adam_over_sgd,gray32,adam,gray32,sgd,304,late,c,AVAILABLE,COMPLETE,COMPLETE,False,-0.2587456858068173,-0.1738064829465779,-0.08493920286023937,
adam_over_sgd,gray32,adam,gray32,sgd,304,late,rho,AVAILABLE,COMPLETE,COMPLETE,False,0.5347192631635878,0.34133816760647695,0.1933810955571108,1.5665381545613049
adam_over_sgd,gray32,adam,gray32,sgd,304,late,train_acc,AVAILABLE,COMPLETE,COMPLETE,False,0.947916716337204,0.542083352804184,0.40583336353302,1.7486549096806865
adam_over_sgd,avg16,adam,avg16,sgd,304,late,R,AVAILABLE,COMPLETE,COMPLETE,False,60.835393768314205,26.895672604510843,33.93972116380336,2.261902673447591
adam_over_sgd,avg16,adam,avg16,sgd,304,late,d_eff,AVAILABLE,COMPLETE,COMPLETE,False,31.317641683557873,8.104901705454822,23.212739978103052,3.8640371989311406
adam_over_sgd,avg16,adam,avg16,sgd,304,late,c,AVAILABLE,COMPLETE,COMPLETE,False,-0.2493865476803874,-0.15740668646682165,-0.09197986121356574,
adam_over_sgd,avg16,adam,avg16,sgd,304,late,rho,AVAILABLE,COMPLETE,COMPLETE,False,0.5183882896424281,0.30204214241870997,0.21634614722371814,1.7162780183296589
adam_over_sgd,avg16,adam,avg16,sgd,304,late,train_acc,AVAILABLE,COMPLETE,COMPLETE,False,0.897916704416275,0.4816666841506958,0.4162500202655792,1.8641868619158013
