step,run_id,dead_frac,dup_frac,sat_frac,eff_rank,stable_rank,wcos_mean,sign_match_mean,sign_clone_frac,drift_sq_W,trC_W,snr_drift,eff_rank_W,top1_frac,stable_rank_W,stable_rank_W_alive,neg_gate_frac,eval_loss
500000,A_w100_T10000_std_lr0.01_s0_A1,0.45,0.0109091,0.87,21.021,5.56633,0.259554,0.591232,0.0020202,2.04103e-12,3.3281e-11,0.0613271,15.9599,0.226097,4.42288,3.50749,0.45,9.58238e-14
500000,A_w100_T10000_std_lr0.01_s1_A1,0.69,0.0167677,0.49,12.2189,1.67628,0.264827,0.591939,0.000808081,0.00503867,1.4467,0.00348287,15.241,0.247929,4.03342,3.73688,0.69,0.0190645
500000,A_w100_T10000_std_lr0.01_s2_A1,0.53,0.010101,0.87,18.5653,3.3477,0.250686,0.589354,0.00040404,1.25122e-12,5.21217e-11,0.0240058,16.0577,0.195971,5.1028,3.69675,0.53,1.11201e-13
500000,A_w100_T10000_std_lr0.01_s3_A1,0.59,0.0139394,0.7,19.2887,3.84943,0.261369,0.589818,0.000808081,0.0146355,10.4296,0.00140326,16.0487,0.194957,5.12932,3.98445,0.59,0.0474576
500000,A_w100_T10000_std_lr0.01_s4_A1,0.58,0.0119192,0.2,16.058,3.6206,0.253941,0.584162,0.00040404,0.0280824,6.63097,0.00423504,15.7931,0.186184,5.37104,4.24873,0.58,0.0322735
500000,A_w100_T10000_std_lr0.01_s5_A1,0.53,0.0105051,0.84,16.2692,4.19569,0.242824,0.561374,0.00040404,1.02101e-12,3.0995e-11,0.032941,16.9288,0.187167,5.34281,3.87738,0.53,9.23421e-14
500000,A_w100_T10000_std_lr0.01_s6_A1,0.66,0.0216162,0.12,16.3433,3.86258,0.273513,0.602354,0.00222222,1.90975e-08,2.65288e-06,0.00719878,15.9488,0.227294,4.39958,3.39336,0.66,1.24164e-08
500000,A_w100_T10000_std_lr0.01_s7_A1,0.49,0.0119192,0.76,17.0879,3.79379,0.257176,0.589848,0.000606061,4.77428e-12,3.94091e-11,0.121147,16.2611,0.217754,4.59233,4.41363,0.49,1.29051e-13
500000,A_w100_T10000_std_lr0.01_s8_A1,0.48,0.00989899,0.92,21.6988,8.14444,0.266982,0.58403,0.000808081,3.43245e-13,1.32411e-11,0.0259226,16.3801,0.224613,4.45211,4.40205,0.48,4.07159e-14
500000,A_w100_T10000_std_lr0.01_s9_A1,0.65,0.0147475,0.13,13.9525,2.31984,0.267894,0.587788,0.000606061,0.0441052,5.45254,0.00808891,16.2891,0.21488,4.65376,3.73742,0.65,0.0744061
501000,A_w100_T10000_std_lr0.01_s0_A1,0.78,0.000606061,0.71,16.3589,6.94707,0.265332,0.596818,0.00242424,1.53633,11.4224,0.134501,15.9278,0.231413,4.32129,2.93359,0.78,0.0892248
501000,A_w100_T10000_std_lr0.01_s1_A1,0.88,0.000808081,0.79,7.9741,2.81384,0.296228,0.634404,0.0020202,3.29506,18.7693,0.175555,15.0922,0.276174,3.62091,2.27808,0.88,0.574909
501000,A_w100_T10000_std_lr0.01_s2_A1,0.82,0.0010101,0.69,10.4141,2.65764,0.272123,0.618828,0.000808081,13.5802,76.648,0.177176,15.9582,0.209829,4.76579,2.43077,0.82,0.562089
501000,A_w100_T10000_std_lr0.01_s3_A1,0.7,0.00424242,0.47,15.4158,2.68579,0.266779,0.602556,0.000808081,0.0384945,2.54918,0.0151007,16.0432,0.204282,4.89519,3.51827,0.7,0.0392866
501000,A_w100_T10000_std_lr0.01_s4_A1,0.78,0.00141414,0.64,12.2915,2.80563,0.267414,0.597909,0.000606061,6.56671,21.8614,0.300379,15.7246,0.192369,5.19833,4.12978,0.78,0.237782
501000,A_w100_T10000_std_lr0.01_s5_A1,0.81,0.00020202,0.75,11.1893,3.86471,0.249402,0.567778,0.000606061,17.7116,78.9597,0.224312,16.8666,0.179829,5.56085,3.28261,0.81,0.699792
501000,A_w100_T10000_std_lr0.01_s6_A1,0.85,0.00040404,0.8,8.99708,2.4075,0.274542,0.603899,0.0020202,0.477486,21.6578,0.0220468,15.9341,0.226683,4.41144,2.76247,0.85,0.281967
501000,A_w100_T10000_std_lr0.01_s7_A1,0.63,0.00363636,0.48,15.3598,3.46029,0.263396,0.601283,0.00181818,0.0922603,1.63472,0.0564381,16.2326,0.225864,4.42744,4.22598,0.63,0.0141296
501000,A_w100_T10000_std_lr0.01_s8_A1,0.71,0.00484848,0.43,19.6544,5.12411,0.26951,0.583323,0.000808081,0.0796027,1.27236,0.0625632,16.3612,0.230302,4.34212,4.02472,0.71,0.0197785
501000,A_w100_T10000_std_lr0.01_s9_A1,0.83,0.00020202,0.77,9.26558,3.70878,0.27635,0.605869,0.000808081,12.9925,52.727,0.24641,16.2339,0.231931,4.31164,4.20716,0.83,0.458621
502000,A_w100_T10000_std_lr0.01_s0_A1,0.8,0.00040404,0.72,16.053,6.65764,0.265243,0.596838,0.00222222,0.308098,2.72618,0.113014,15.9178,0.231085,4.32741,2.63834,0.8,0.0237457
502000,A_w100_T10000_std_lr0.01_s1_A1,0.87,0.000808081,0.79,8.91547,2.80619,0.296167,0.633606,0.0020202,0.335371,11.2466,0.0298197,15.0901,0.275284,3.63261,2.32734,0.87,0.259728
502000,A_w100_T10000_std_lr0.01_s2_A1,0.84,0.00040404,0.73,10.7415,2.80697,0.273266,0.617838,0.000808081,10.3965,41.9327,0.247932,15.9266,0.208112,4.8051,2.65788,0.84,0.376449
502000,A_w100_T10000_std_lr0.01_s3_A1,0.71,0.00343434,0.47,15.3172,2.46313,0.267303,0.602,0.000808081,0.588877,3.29867,0.17852,16.0439,0.204235,4.89631,3.64304,0.71,0.0377252
502000,A_w100_T10000_std_lr0.01_s4_A1,0.77,0.00121212,0.66,12.2017,2.88562,0.267848,0.598434,0.000606061,0.103164,3.78867,0.0272296,15.7133,0.193068,5.17952,3.97107,0.77,0.036796
502000,A_w100_T10000_std_lr0.01_s5_A1,0.81,0,0.77,11.8255,3.9459,0.250817,0.569646,0.00040404,11.2273,46.5248,0.241318,16.8368,0.18115,5.52027,3.30085,0.81,0.415784
502000,A_w100_T10000_std_lr0.01_s6_A1,0.87,0.00020202,0.81,9.14163,2.47648,0.275288,0.603899,0.0020202,0.884518,14.6554,0.0603542,15.9237,0.228479,4.37676,2.61662,0.87,0.200963
502000,A_w100_T10000_std_lr0.01_s7_A1,0.64,0.00363636,0.48,15.3402,3.5255,0.263429,0.601131,0.00181818,0.079767,0.470544,0.169521,16.2316,0.226148,4.42189,4.14576,0.64,0.00485909
502000,A_w100_T10000_std_lr0.01_s8_A1,0.71,0.00464646,0.43,19.6401,5.35477,0.269543,0.583818,0.000808081,0.00545615,0.279965,0.0194887,16.3571,0.229737,4.35281,4.05782,0.71,0.00351725
502000,A_w100_T10000_std_lr0.01_s9_A1,0.82,0.00020202,0.79,10.1064,4.66881,0.277172,0.605879,0.000808081,5.58523,25.8866,0.215757,16.2086,0.230992,4.32915,4.50204,0.82,0.211574
503000,A_w100_T10000_std_lr0.01_s0_A1,0.82,0.00040404,0.72,16.2087,6.60716,0.265255,0.59695,0.00222222,0.519402,1.93584,0.268309,15.9136,0.230818,4.33241,2.71702,0.82,0.0152341
503000,A_w100_T10000_std_lr0.01_s1_A1,0.88,0.00141414,0.79,9.25848,3.02272,0.296117,0.633606,0.0020202,0.744886,12.1805,0.061154,15.0878,0.275082,3.63528,2.3542,0.88,0.241584
503000,A_w100_T10000_std_lr0.01_s2_A1,0.84,0.00040404,0.74,10.8566,3.08313,0.274314,0.618263,0.000808081,8.67008,47.5344,0.182396,15.898,0.207744,4.81361,2.2477,0.84,0.246725
503000,A_w100_T10000_std_lr0.01_s3_A1,0.71,0.00323232,0.48,15.1214,2.43436,0.267672,0.602616,0.000808081,0.127356,1.5896,0.0801186,16.0421,0.204346,4.89365,3.61803,0.71,0.0205837
503000,A_w100_T10000_std_lr0.01_s4_A1,0.78,0.00121212,0.67,12.2322,2.93237,0.26804,0.597364,0.000606061,0.144304,2.32212,0.062143,15.7076,0.193272,5.17406,3.9624,0.78,0.0207335
503000,A_w100_T10000_std_lr0.01_s5_A1,0.79,0,0.77,12.8512,4.18374,0.251942,0.570485,0.000606061,0.378512,13.0262,0.0290577,16.8113,0.18174,5.50236,3.44885,0.79,0.099563
503000,A_w100_T10000_std_lr0.01_s6_A1,0.85,0.00020202,0.81,9.14852,2.36841,0.275258,0.603899,0.0020202,2.76057,21.9673,0.125667,15.9133,0.229632,4.3548,2.70177,0.85,0.206917
503000,A_w100_T10000_std_lr0.01_s7_A1,0.63,0.00343434,0.48,15.3826,3.58515,0.263325,0.601131,0.00181818,0.0035232,0.0674957,0.0521988,16.2316,0.226314,4.41864,4.26992,0.63,0.000696026
503000,A_w100_T10000_std_lr0.01_s8_A1,0.71,0.00464646,0.43,19.5283,5.29679,0.269592,0.583424,0.000808081,0.0219495,0.191206,0.114795,16.3551,0.229639,4.35465,4.06797,0.71,0.00165374
503000,A_w100_T10000_std_lr0.01_s9_A1,0.83,0,0.79,10.6209,5.09354,0.277251,0.605828,0.000808081,1.63415,15.1065,0.108175,16.2018,0.230569,4.3371,3.88302,0.83,0.0706475
504000,A_w100_T10000_std_lr0.01_s0_A1,0.79,0.00040404,0.72,16.1339,6.2737,0.265202,0.59695,0.00222222,0.0138748,0.780375,0.0177797,15.9121,0.230622,4.3361,2.61635,0.79,0.0063427
504000,A_w100_T10000_std_lr0.01_s1_A1,0.88,0.00141414,0.79,9.32172,3.08887,0.296382,0.634465,0.0020202,0.249283,10.3085,0.0241823,15.0846,0.274747,3.63971,2.26748,0.88,0.184192
504000,A_w100_T10000_std_lr0.01_s2_A1,0.84,0,0.76,10.4647,3.29836,0.275029,0.618242,0.000808081,0.912319,17.2827,0.0527881,15.878,0.208197,4.80315,2.30354,0.84,0.0939411
504000,A_w100_T10000_std_lr0.01_s3_A1,0.7,0.00363636,0.48,15.0997,2.48688,0.267811,0.602,0.000808081,0.0529285,0.974976,0.054287,16.0421,0.204337,4.89387,3.74654,0.7,0.00909665
504000,A_w100_T10000_std_lr0.01_s4_A1,0.77,0.00121212,0.67,12.4183,2.93084,0.268102,0.597364,0.000606061,0.0148973,0.654247,0.0227701,15.7043,0.193447,5.16938,3.98758,0.77,0.00659115
504000,A_w100_T10000_std_lr0.01_s5_A1,0.79,0,0.77,13.0462,4.35972,0.252554,0.570485,0.000606061,0.506269,10.7618,0.0470433,16.7961,0.181839,5.49938,3.04032,0.79,0.0647946
504000,A_w100_T10000_std_lr0.01_s6_A1,0.87,0.00020202,0.81,9.06394,2.37224,0.275511,0.603899,0.0020202,1.99407,14.561,0.136946,15.9045,0.230156,4.34488,2.50563,0.87,0.134966
504000,A_w100_T10000_std_lr0.01_s7_A1,0.63,0.00343434,0.48,15.4242,3.62222,0.263284,0.601131,0.00181818,0.00073286,0.0213965,0.0342515,16.2315,0.226335,4.41824,4.27129,0.63,0.000285693
504000,A_w100_T10000_std_lr0.01_s8_A1,0.71,0.00484848,0.44,19.5014,5.30413,0.269598,0.583424,0.000808081,0.00283212,0.0391524,0.0723359,16.3543,0.229589,4.35562,4.07277,0.71,0.000425176
504000,A_w100_T10000_std_lr0.01_s9_A1,0.8,0,0.79,11.0385,5.02514,0.277721,0.607051,0.000808081,0.527204,6.78677,0.0776811,16.1932,0.229964,4.3485,4.28598,0.8,0.0362451
505000,A_w100_T10000_std_lr0.01_s0_A1,0.79,0.00040404,0.72,16.0839,6.20986,0.265205,0.59695,0.00222222,1.08125,5.22474,0.206949,15.9105,0.230409,4.34011,3.34921,0.79,0.0208555
505000,A_w100_T10000_std_lr0.01_s1_A1,0.88,0.00141414,0.79,9.1683,3.10226,0.296376,0.633808,0.00181818,2.27109,15.2115,0.149301,15.0834,0.274801,3.63899,2.27924,0.88,0.217705
505000,A_w100_T10000_std_lr0.01_s2_A1,0.84,0,0.76,11.0885,3.44269,0.275039,0.61802,0.000808081,0.853888,5.93635,0.143841,15.8681,0.207454,4.82034,2.29395,0.84,0.0312798
505000,A_w100_T10000_std_lr0.01_s3_A1,0.73,0.00363636,0.49,14.6142,2.49763,0.267953,0.601657,0.000808081,0.0164267,0.237481,0.0691703,16.042,0.204484,4.89036,3.51672,0.73,0.00168985
505000,A_w100_T10000_std_lr0.01_s4_A1,0.77,0.00121212,0.67,12.4749,2.93677,0.26812,0.597232,0.000606061,0.0282454,0.25507,0.110736,15.703,0.193391,5.17087,3.98563,0.77,0.00367205
505000,A_w100_T10000_std_lr0.01_s5_A1,0.79,0,0.77,13.1267,4.21093,0.252697,0.571434,0.000606061,0.680511,6.38411,0.106594,16.7881,0.181568,5.50759,3.49775,0.79,0.0349699
505000,A_w100_T10000_std_lr0.01_s6_A1,0.85,0.00020202,0.82,8.96488,2.39759,0.275625,0.603828,0.0020202,1.82104,9.96952,0.182661,15.8998,0.230704,4.33456,2.60785,0.85,0.0964963
505000,A_w100_T10000_std_lr0.01_s7_A1,0.63,0.00343434,0.48,15.4578,3.63388,0.263264,0.601131,0.00181818,0.000252369,0.0127144,0.0198491,16.2315,0.226337,4.41819,4.27132,0.63,0.000173157
505000,A_w100_T10000_std_lr0.01_s8_A1,0.71,0.00464646,0.44,19.4833,5.28156,0.269606,0.583818,0.000808081,0.000917378,0.00882419,0.103962,16.3536,0.229578,4.35581,4.07593,0.71,0.000149959
505000,A_w100_T10000_std_lr0.01_s9_A1,0.81,0,0.79,11.3756,4.91429,0.277687,0.608485,0.000808081,1.61693,5.8643,0.275723,16.1902,0.229555,4.35625,4.29721,0.81,0.0374549
506000,A_w100_T10000_std_lr0.01_s0_A1,0.8,0.00020202,0.72,16.1954,6.29914,0.265297,0.597141,0.00222222,0.0376928,0.725313,0.0519677,15.9084,0.230434,4.33963,3.13314,0.8,0.00422234
506000,A_w100_T10000_std_lr0.01_s1_A1,0.88,0.00141414,0.79,9.55159,3.23601,0.296181,0.633778,0.00181818,1.50603,14.7824,0.10188,15.082,0.274079,3.64859,2.29605,0.88,0.173547
506000,A_w100_T10000_std_lr0.01_s2_A1,0.84,0.00020202,0.76,10.9769,3.10249,0.275918,0.618182,0.000808081,34.0622,127.542,0.267066,15.8532,0.208125,4.8048,3.01909,0.84,0.671193
506000,A_w100_T10000_std_lr0.01_s3_A1,0.74,0.00424242,0.5,14.5534,2.5261,0.268005,0.601162,0.000808081,0.010072,0.162807,0.0618645,16.0414,0.204498,4.89003,3.43363,0.74,0.000940231
506000,A_w100_T10000_std_lr0.01_s4_A1,0.77,0.00121212,0.67,12.5081,2.95143,0.268202,0.597232,0.000606061,0.0107483,0.175518,0.0612375,15.7018,0.193318,5.17282,3.98824,0.77,0.00206545
506000,A_w100_T10000_std_lr0.01_s5_A1,0.79,0,0.77,13.2844,4.28871,0.252762,0.571434,0.000606061,3.75089,14.4868,0.258917,16.7809,0.180912,5.52756,3.43668,0.79,0.0701819
506000,A_w100_T10000_std_lr0.01_s6_A1,0.85,0.00020202,0.82,9.10047,2.42336,0.275684,0.603556,0.0020202,0.54775,4.60463,0.118956,15.8954,0.230965,4.32965,2.58504,0.85,0.0438484
506000,A_w100_T10000_std_lr0.01_s7_A1,0.63,0.0040404,0.48,15.4624,3.64166,0.263239,0.601131,0.00181818,0.000985428,0.0164047,0.06007,16.2314,0.226333,4.41827,4.27134,0.63,0.000134159
506000,A_w100_T10000_std_lr0.01_s8_A1,0.71,0.00464646,0.44,19.4442,5.24121,0.269605,0.583818,0.000808081,0.000191934,0.00353462,0.0543012,16.3534,0.229592,4.35556,4.07687,0.71,4.83486e-05
506000,A_w100_T10000_std_lr0.01_s9_A1,0.82,0,0.79,11.3813,5.00301,0.277693,0.608485,0.000808081,0.254166,1.51983,0.167233,16.1879,0.229458,4.35809,4.42144,0.82,0.00905567
507000,A_w100_T10000_std_lr0.01_s0_A1,0.79,0.00040404,0.72,16.2248,6.24265,0.265334,0.597141,0.00222222,0.0250649,0.349546,0.0717072,15.9073,0.230297,4.34222,3.2885,0.79,0.00231837
507000,A_w100_T10000_std_lr0.01_s1_A1,0.88,0.00141414,0.79,9.60935,3.44,0.296399,0.634263,0.00181818,2.18009,13.9741,0.156009,15.0788,0.274114,3.64812,2.35067,0.88,0.185102
507000,A_w100_T10000_std_lr0.01_s2_A1,0.84,0.00020202,0.76,11.1968,3.48518,0.275487,0.619212,0.000808081,1.76121,6.35435,0.277165,15.8514,0.206447,4.84385,2.3054,0.84,0.0323906
507000,A_w100_T10000_std_lr0.01_s3_A1,0.74,0.00424242,0.5,14.5422,2.53222,0.26804,0.601162,0.000808081,0.00124322,0.0398617,0.0311885,16.0411,0.204487,4.89029,3.43187,0.74,0.00025077
507000,A_w100_T10000_std_lr0.01_s4_A1,0.77,0.00121212,0.67,12.5058,2.93525,0.268253,0.597768,0.000606061,0.0109703,0.237826,0.0461275,15.7009,0.193305,5.17318,3.99204,0.77,0.00181372
507000,A_w100_T10000_std_lr0.01_s5_A1,0.78,0,0.77,13.2826,4.35737,0.252684,0.571434,0.000606061,0.0811278,1.59386,0.0509001,16.7776,0.180902,5.52786,3.50754,0.78,0.00768591
507000,A_w100_T10000_std_lr0.01_s6_A1,0.85,0.00020202,0.82,8.97376,2.43126,0.275861,0.603828,0.0020202,0.146379,1.97404,0.0741519,15.8914,0.231255,4.32422,2.57289,0.85,0.0212995
507000,A_w100_T10000_std_lr0.01_s7_A1,0.64,0.0040404,0.48,15.4617,3.64675,0.263208,0.601131,0.00181818,0.000311048,0.00547112,0.0568527,16.2316,0.226311,4.4187,4.30139,0.64,8.24575e-05
507000,A_w100_T10000_std_lr0.01_s8_A1,0.71,0.00464646,0.44,19.4405,5.24362,0.269605,0.583818,0.000808081,6.43875e-05,0.00110077,0.058493,16.3533,0.229585,4.35569,4.07803,0.71,2.25951e-05
507000,A_w100_T10000_std_lr0.01_s9_A1,0.82,0,0.79,11.5616,5.02218,0.277694,0.608485,0.000808081,0.0115586,0.45178,0.0255846,16.1854,0.229309,4.36093,4.43125,0.82,0.00232038
508000,A_w100_T10000_std_lr0.01_s0_A1,0.79,0.00020202,0.72,16.2186,6.2914,0.265367,0.597141,0.00222222,0.0690526,0.350264,0.197144,15.9062,0.230237,4.34335,2.89036,0.79,0.00231758
508000,A_w100_T10000_std_lr0.01_s1_A1,0.88,0.00141414,0.79,9.64773,3.48288,0.296296,0.634263,0.00181818,1.37025,12.8417,0.106703,15.0775,0.27388,3.65123,2.36171,0.88,0.149296
508000,A_w100_T10000_std_lr0.01_s2_A1,0.83,0,0.76,11.4629,3.5097,0.275528,0.617343,0.000808081,0.233599,2.99887,0.0778958,15.847,0.206172,4.85032,2.26386,0.83,0.0118247
508000,A_w100_T10000_std_lr0.01_s3_A1,0.74,0.00424242,0.5,14.5248,2.54067,0.268068,0.601162,0.000808081,0.00176215,0.0127498,0.13821,16.0409,0.204492,4.89016,3.43096,0.74,0.000113795
508000,A_w100_T10000_std_lr0.01_s4_A1,0.77,0.00141414,0.67,12.494,2.92601,0.268279,0.597768,0.000606061,0.00221885,0.0347193,0.0639082,15.7003,0.19333,5.17249,3.9943,0.77,0.000620753
508000,A_w100_T10000_std_lr0.01_s5_A1,0.78,0,0.77,13.3382,4.34823,0.252725,0.571434,0.000606061,0.0853977,0.611427,0.13967,16.7744,0.180873,5.52875,3.50758,0.78,0.00310274
508000,A_w100_T10000_std_lr0.01_s6_A1,0.84,0.00020202,0.82,9.00952,2.48628,0.275959,0.603111,0.0020202,0.169011,2.13761,0.0790653,15.8906,0.231505,4.31955,2.61434,0.84,0.020011
508000,A_w100_T10000_std_lr0.01_s7_A1,0.64,0.0040404,0.48,15.4768,3.64969,0.263211,0.601131,0.00181818,0.000107898,0.00376207,0.0286805,16.2316,0.226302,4.41887,4.30117,0.64,4.60342e-05
508000,A_w100_T10000_std_lr0.01_s8_A1,0.71,0.00464646,0.44,19.4304,5.23719,0.269606,0.583818,0.000808081,7.91411e-06,0.000263089,0.0300815,16.3532,0.229586,4.35568,4.07841,0.71,1.0559e-05
508000,A_w100_T10000_std_lr0.01_s9_A1,0.82,0,0.79,11.6503,5.06044,0.27765,0.608485,0.000808081,0.0190079,0.331265,0.0573798,16.1843,0.229168,4.36362,4.42009,0.82,0.00164411
509000,A_w100_T10000_std_lr0.01_s0_A1,0.78,0.00020202,0.73,16.2289,6.29539,0.265397,0.596687,0.00222222,0.00996386,0.217672,0.0457746,15.9057,0.230141,4.34516,3.32669,0.78,0.00134298
509000,A_w100_T10000_std_lr0.01_s1_A1,0.89,0.00141414,0.79,9.58254,3.52609,0.296504,0.634263,0.00181818,1.35575,10.76,0.125999,15.0738,0.273888,3.65112,2.21094,0.89,0.130207
509000,A_w100_T10000_std_lr0.01_s2_A1,0.83,0,0.76,11.4582,3.49042,0.275665,0.61804,0.000808081,3.55644,10.9096,0.325992,15.8443,0.206244,4.84863,2.27004,0.83,0.0449904
509000,A_w100_T10000_std_lr0.01_s3_A1,0.74,0.00424242,0.5,14.5028,2.54082,0.268079,0.601162,0.000808081,0.000590138,0.00705744,0.0836193,16.0409,0.20449,4.89021,3.43013,0.74,6.28767e-05
509000,A_w100_T10000_std_lr0.01_s4_A1,0.76,0.00141414,0.67,12.4767,2.92595,0.268311,0.597768,0.000606061,0.00462468,0.0351689,0.131499,15.7,0.193337,5.17232,4.09929,0.76,0.000386556
509000,A_w100_T10000_std_lr0.01_s5_A1,0.78,0,0.77,13.3211,4.30829,0.252748,0.571434,0.000606061,0.146706,0.820258,0.178853,16.7732,0.180878,5.52858,3.50428,0.78,0.0033946
509000,A_w100_T10000_std_lr0.01_s6_A1,0.84,0.00020202,0.82,9.12387,2.49125,0.27601,0.603828,0.0020202,0.0416747,1.17464,0.0354788,15.8868,0.231469,4.32024,2.61055,0.84,0.0147162
509000,A_w100_T10000_std_lr0.01_s7_A1,0.64,0.0040404,0.48,15.4855,3.65557,0.263198,0.601131,0.00181818,0.000158078,0.00359474,0.0439749,16.2316,0.226297,4.41897,4.30115,0.64,3.45831e-05
509000,A_w100_T10000_std_lr0.01_s8_A1,0.71,0.00464646,0.44,19.4247,5.23172,0.269607,0.583818,0.000808081,6.56437e-06,0.000136744,0.0480049,16.3532,0.229586,4.35566,4.07876,0.71,5.93465e-06
509000,A_w100_T10000_std_lr0.01_s9_A1,0.82,0,0.79,11.6571,5.03407,0.277627,0.608485,0.000808081,0.0808409,0.294587,0.274421,16.1841,0.229119,4.36455,4.4246,0.82,0.00175646
510000,A_w100_T10000_std_lr0.01_s0_A1,0.79,0.00020202,0.73,16.2639,6.25568,0.265443,0.597141,0.00222222,0.0285896,0.133197,0.214641,15.9048,0.230129,4.34538,3.2233,0.79,0.00103093
510000,A_w100_T10000_std_lr0.01_s1_A1,0.89,0.00141414,0.79,9.35232,3.60438,0.296661,0.634152,0.00181818,4.11786,23.1562,0.17783,15.0716,0.273587,3.65515,2.48199,0.89,0.200377
510000,A_w100_T10000_std_lr0.01_s2_A1,0.82,0,0.76,11.5562,3.55635,0.275702,0.61804,0.000808081,0.849324,3.34701,0.253756,15.842,0.20586,4.85766,2.45416,0.82,0.0147616
510000,A_w100_T10000_std_lr0.01_s3_A1,0.74,0.00424242,0.5,14.5002,2.54226,0.268085,0.601162,0.000808081,0.000139649,0.00316326,0.0441471,16.0409,0.20449,4.89022,3.42994,0.74,2.66147e-05
510000,A_w100_T10000_std_lr0.01_s4_A1,0.77,0.00141414,0.67,12.4879,2.92878,0.268339,0.597768,0.000606061,0.00218364,0.0158853,0.137463,15.6996,0.193304,5.17319,3.99574,0.77,0.000211058
510000,A_w100_T10000_std_lr0.01_s5_A1,0.78,0,0.77,13.3331,4.30955,0.252754,0.571434,0.000606061,0.00654386,0.0697367,0.0938367,16.7722,0.180831,5.53004,3.50503,0.78,0.000330258
510000,A_w100_T10000_std_lr0.01_s6_A1,0.84,0.00020202,0.82,9.16135,2.51888,0.276137,0.603828,0.0020202,0.93108,4.00786,0.232313,15.884,0.23157,4.31834,2.60875,0.84,0.0238729
510000,A_w100_T10000_std_lr0.01_s7_A1,0.64,0.0040404,0.48,15.498,3.6614,0.263198,0.601131,0.00181818,0.000316998,0.00554719,0.0571457,16.2316,0.226289,4.41913,4.30095,0.64,3.35912e-05
510000,A_w100_T10000_std_lr0.01_s8_A1,0.71,0.00464646,0.44,19.4202,5.23104,0.269607,0.583818,0.000808081,4.84432e-06,0.000126354,0.0383392,16.3532,0.229582,4.35574,4.07917,0.71,2.87182e-06
510000,A_w100_T10000_std_lr0.01_s9_A1,0.82,0,0.79,11.7103,5.03901,0.277644,0.608485,0.000808081,0.135791,0.894588,0.151791,16.183,0.22907,4.36548,4.42653,0.82,0.00318265
511000,A_w100_T10000_std_lr0.01_s0_A1,0.9,0.00020202,0.88,6.30822,3.47142,0.269597,0.599525,0.00222222,6.38387,57.8323,0.110386,15.8971,0.236424,4.22968,2.60696,0.9,0.785508
511000,A_w100_T10000_std_lr0.01_s1_A1,0.88,0.00020202,0.81,9.36748,3.80412,0.301277,0.641172,0.00242424,0.692577,29.9447,0.0231286,15.0305,0.27939,3.57922,2.44617,0.88,0.322557
511000,A_w100_T10000_std_lr0.01_s2_A1,0.89,0.00181818,0.82,7.90048,3.47109,0.279663,0.625859,0.000808081,1.46019,17.4757,0.0835556,15.7863,0.211688,4.72393,2.71136,0.89,0.266965
511000,A_w100_T10000_std_lr0.01_s3_A1,0.83,0.00121212,0.76,11.9799,3.35772,0.270883,0.606899,0.0010101,4.92315,24.8752,0.197914,16.0177,0.20502,4.87758,2.42743,0.83,0.210536
511000,A_w100_T10000_std_lr0.01_s4_A1,0.83,0.00040404,0.81,8.8981,2.50443,0.270799,0.603505,0.000606061,0.300433,13.9666,0.0215108,15.6752,0.192629,5.19132,2.98303,0.83,0.238462
511000,A_w100_T10000_std_lr0.01_s5_A1,0.82,0.00040404,0.74,10.7799,3.30409,0.255205,0.572919,0.000606061,12.0914,25.6866,0.470729,16.7701,0.176483,5.66627,2.49107,0.82,0.202238
511000,A_w100_T10000_std_lr0.01_s6_A1,0.79,0.000808081,0.67,12.6411,3.5835,0.277842,0.609525,0.00343434,0.226442,6.7069,0.0337625,15.8687,0.22614,4.42204,2.89661,0.79,0.0546891
511000,A_w100_T10000_std_lr0.01_s7_A1,0.58,0.00525253,0.4,16.0874,5.09907,0.265223,0.602545,0.00181818,0.0338972,1.27699,0.0265445,16.2317,0.228517,4.37604,3.78334,0.58,0.010405
511000,A_w100_T10000_std_lr0.01_s8_A1,0.47,0.00525253,0.18,20.956,5.70146,0.271283,0.588828,0.0010101,0.0887932,2.28726,0.0388207,16.3384,0.232578,4.29964,4.49991,0.47,0.00943808
511000,A_w100_T10000_std_lr0.01_s9_A1,0.8,0,0.76,11.9456,4.09828,0.278397,0.609343,0.000808081,1.60263,13.1269,0.122087,16.1663,0.232744,4.29656,4.34096,0.8,0.0973355
512000,A_w100_T10000_std_lr0.01_s0_A1,0.91,0.00020202,0.88,6.53566,3.32788,0.270032,0.60105,0.00222222,19.2954,55.8824,0.345285,15.8796,0.235443,4.24731,2.68404,0.91,0.750223
512000,A_w100_T10000_std_lr0.01_s1_A1,0.89,0.00040404,0.82,9.07668,3.6887,0.301556,0.641525,0.00242424,1.74535,23.7213,0.0735775,15.0209,0.278862,3.586,2.38892,0.89,0.270302
512000,A_w100_T10000_std_lr0.01_s2_A1,0.89,0.00181818,0.82,8.74289,3.69549,0.280106,0.626253,0.000808081,0.777037,7.76835,0.100026,15.7755,0.21082,4.74338,2.63959,0.89,0.150257
512000,A_w100_T10000_std_lr0.01_s3_A1,0.83,0.0020202,0.76,12.4123,3.62637,0.271417,0.607677,0.0010101,0.587232,8.85391,0.0663245,16.0123,0.204443,4.89133,2.44848,0.83,0.0802953
512000,A_w100_T10000_std_lr0.01_s4_A1,0.84,0.00040404,0.82,9.16083,2.51589,0.270859,0.603091,0.000606061,1.99558,18.6295,0.107119,15.6687,0.191779,5.21432,2.89884,0.84,0.253069
512000,A_w100_T10000_std_lr0.01_s5_A1,0.81,0.00040404,0.75,10.786,3.30885,0.255389,0.57303,0.000606061,0.378512,3.82017,0.0990824,16.7657,0.176499,5.66576,2.54199,0.81,0.0244958
512000,A_w100_T10000_std_lr0.01_s6_A1,0.78,0.00121212,0.69,12.9344,3.75883,0.278135,0.609788,0.00282828,0.648597,3.50755,0.184915,15.8633,0.225514,4.43432,2.99703,0.78,0.0301557
512000,A_w100_T10000_std_lr0.01_s7_A1,0.57,0.00505051,0.4,16.3812,5.34593,0.265097,0.602545,0.00181818,0.0166755,0.563276,0.0296045,16.2318,0.228273,4.38071,3.77104,0.57,0.00510768
512000,A_w100_T10000_std_lr0.01_s8_A1,0.49,0.00545455,0.19,20.6268,5.52922,0.271204,0.588354,0.0010101,0.0187936,0.219646,0.0855633,16.3368,0.23238,4.3033,4.5128,0.49,0.000965337
512000,A_w100_T10000_std_lr0.01_s9_A1,0.8,0,0.78,11.9583,4.22052,0.278843,0.608707,0.000808081,0.223604,4.97077,0.0449837,16.1585,0.232437,4.30224,4.29129,0.8,0.0407193
513000,A_w100_T10000_std_lr0.01_s0_A1,0.88,0.00020202,0.88,6.88513,3.43711,0.270633,0.600657,0.00222222,18.8389,64.0654,0.294058,15.8663,0.234685,4.26104,2.44187,0.88,0.681164
513000,A_w100_T10000_std_lr0.01_s1_A1,0.9,0.00040404,0.83,9.0652,3.8092,0.301624,0.641525,0.00242424,1.87118,24.7721,0.0755356,15.0144,0.278174,3.59488,2.3647,0.9,0.232319
513000,A_w100_T10000_std_lr0.01_s2_A1,0.87,0.00141414,0.82,8.68603,3.58677,0.280129,0.626253,0.000808081,0.581165,9.31148,0.0624138,15.7691,0.210537,4.74977,2.65495,0.87,0.103293
513000,A_w100_T10000_std_lr0.01_s3_A1,0.83,0.0020202,0.77,12.1611,3.50507,0.271749,0.607889,0.0010101,0.13938,4.77211,0.0292072,16.0064,0.204038,4.90105,2.4656,0.83,0.0439297
513000,A_w100_T10000_std_lr0.01_s4_A1,0.84,0.00040404,0.82,10.0427,2.95745,0.270796,0.603071,0.000606061,0.39953,10.7966,0.0370053,15.6625,0.191251,5.22872,2.85881,0.84,0.129213
513000,A_w100_T10000_std_lr0.01_s5_A1,0.84,0.00040404,0.76,10.678,3.29436,0.255403,0.57303,0.000606061,0.563905,1.81905,0.31,16.7634,0.176644,5.66109,2.10965,0.84,0.0141095
513000,A_w100_T10000_std_lr0.01_s6_A1,0.75,0.000808081,0.69,13.1992,3.88825,0.278141,0.609788,0.00282828,0.117663,1.48363,0.079307,15.8627,0.22508,4.44286,3.2637,0.75,0.0111841
513000,A_w100_T10000_std_lr0.01_s7_A1,0.59,0.00525253,0.4,16.5021,5.40542,0.265081,0.603323,0.00222222,0.0916229,0.67118,0.13651,16.2316,0.228127,4.38352,3.72359,0.59,0.00417364
513000,A_w100_T10000_std_lr0.01_s8_A1,0.49,0.00525253,0.19,20.5974,5.53208,0.271181,0.588354,0.0010101,0.000671215,0.0105786,0.0634502,16.3364,0.232342,4.30399,4.51444,0.49,4.79542e-05
513000,A_w100_T10000_std_lr0.01_s9_A1,0.8,0,0.78,12.1721,4.14761,0.278994,0.609323,0.000808081,0.391052,3.67485,0.106413,16.1552,0.232137,4.30781,4.26218,0.8,0.0211206
514000,A_w100_T10000_std_lr0.01_s0_A1,0.91,0.00020202,0.88,7.06199,3.39622,0.271273,0.602566,0.00222222,7.27091,45.9631,0.15819,15.8469,0.235057,4.25429,2.67369,0.91,0.556021
514000,A_w100_T10000_std_lr0.01_s1_A1,0.9,0.00040404,0.83,8.91959,3.95388,0.30164,0.641525,0.00242424,0.530161,14.8092,0.0357995,15.0064,0.277799,3.59972,2.3781,0.9,0.186089
514000,A_w100_T10000_std_lr0.01_s2_A1,0.89,0.0010101,0.83,9.07934,3.74,0.280316,0.626343,0.000808081,0.775721,8.00504,0.0969041,15.763,0.210258,4.75606,2.58865,0.89,0.0861884
514000,A_w100_T10000_std_lr0.01_s3_A1,0.83,0.0020202,0.77,11.8004,3.43525,0.272075,0.607889,0.0010101,0.290821,3.3113,0.0878268,16.0012,0.20374,4.90821,2.4568,0.83,0.0321806
514000,A_w100_T10000_std_lr0.01_s4_A1,0.84,0.00020202,0.82,10.4248,3.20021,0.270911,0.602657,0.000606061,4.57042,21.4284,0.213288,15.6558,0.190903,5.23825,2.84734,0.84,0.184789
514000,A_w100_T10000_std_lr0.01_s5_A1,0.84,0.00040404,0.76,10.5761,3.2851,0.255342,0.57303,0.000606061,0.0341947,0.821538,0.0416227,16.7627,0.176826,5.65527,2.11056,0.84,0.004815
514000,A_w100_T10000_std_lr0.01_s6_A1,0.77,0.000808081,0.69,13.51,4.01553,0.278121,0.609788,0.00282828,0.00636682,0.466944,0.0136351,15.8609,0.2249,4.44642,3.20732,0.77,0.00421938
514000,A_w100_T10000_std_lr0.01_s7_A1,0.59,0.00545455,0.4,16.6466,5.49542,0.265049,0.602545,0.00181818,0.0241291,0.394784,0.0611197,16.2313,0.228062,4.38477,3.71972,0.59,0.00257583
514000,A_w100_T10000_std_lr0.01_s8_A1,0.49,0.00545455,0.19,20.5878,5.53476,0.271174,0.588354,0.0010101,0.000128753,0.00333123,0.0386503,16.3362,0.232318,4.30445,4.51527,0.49,1.4926e-05
514000,A_w100_T10000_std_lr0.01_s9_A1,0.8,0.00020202,0.78,12.247,4.19274,0.279287,0.610202,0.000808081,0.178564,1.70694,0.104611,16.1503,0.232137,4.30781,4.24586,0.8,0.00816442
515000,A_w100_T10000_std_lr0.01_s0_A1,0.9,0.00020202,0.88,7.23514,3.44101,0.271404,0.601596,0.00222222,6.8158,43.045,0.158341,15.8338,0.235523,4.24588,2.84284,0.9,0.466429
515000,A_w100_T10000_std_lr0.01_s1_A1,0.9,0.00040404,0.83,8.99307,3.8685,0.30145,0.640636,0.00242424,6.43486,44.733,0.14385,15.0037,0.277149,3.60817,2.38035,0.9,0.290117
515000,A_w100_T10000_std_lr0.01_s2_A1,0.88,0.000808081,0.83,9.00445,3.59698,0.280542,0.626343,0.000808081,2.1536,16.506,0.130474,15.7565,0.210313,4.75481,2.3752,0.88,0.116217
515000,A_w100_T10000_std_lr0.01_s3_A1,0.84,0.0020202,0.77,12.0151,3.5843,0.272093,0.607889,0.0010101,0.144609,3.20384,0.0451363,15.9986,0.203425,4.91582,2.26139,0.84,0.0237471
515000,A_w100_T10000_std_lr0.01_s4_A1,0.84,0.00020202,0.82,10.5349,3.1788,0.271372,0.603071,0.000606061,2.19522,11.6358,0.188661,15.6489,0.190848,5.23978,2.86834,0.84,0.13942
515000,A_w100_T10000_std_lr0.01_s5_A1,0.84,0.00040404,0.76,10.5644,3.27426,0.255348,0.57303,0.000606061,0.674787,1.97668,0.341374,16.7608,0.176761,5.65736,2.11757,0.84,0.0114571
515000,A_w100_T10000_std_lr0.01_s6_A1,0.75,0.000808081,0.69,13.7552,4.099,0.278122,0.609788,0.00282828,0.227118,1.08963,0.208435,15.8591,0.224938,4.44568,3.26884,0.75,0.0070177
515000,A_w100_T10000_std_lr0.01_s7_A1,0.59,0.00525253,0.4,16.7294,5.51404,0.265005,0.602808,0.00222222,0.0154872,0.182752,0.0847443,16.2316,0.227936,4.38721,3.71612,0.59,0.00121195
515000,A_w100_T10000_std_lr0.01_s8_A1,0.49,0.00545455,0.19,20.5832,5.5355,0.271172,0.588354,0.0010101,1.45648e-05,0.000277351,0.052514,16.3361,0.232312,4.30455,4.5155,0.49,1.31405e-06
515000,A_w100_T10000_std_lr0.01_s9_A1,0.79,0,0.78,12.2048,4.13708,0.279462,0.610879,0.000808081,0.246902,1.81053,0.13637,16.1475,0.232134,4.30785,4.39037,0.79,0.00660153
516000,A_w100_T10000_std_lr0.01_s0_A1,0.89,0.00020202,0.88,7.14221,3.37396,0.27191,0.602606,0.00222222,0.174027,25.131,0.00692478,15.8215,0.235338,4.2492,2.95647,0.89,0.26231
516000,A_w100_T10000_std_lr0.01_s1_A1,0.9,0.00040404,0.83,9.14099,3.83763,0.301655,0.640747,0.00222222,0.642381,14.4701,0.0443937,14.9951,0.276589,3.61547,2.39467,0.9,0.138903
516000,A_w100_T10000_std_lr0.01_s2_A1,0.89,0.000606061,0.84,8.89919,3.58866,0.280926,0.626495,0.000808081,0.312398,5.45243,0.0572952,15.7494,0.210239,4.75648,2.60616,0.89,0.0633409
516000,A_w100_T10000_std_lr0.01_s3_A1,0.82,0.0020202,0.77,12.0685,3.4404,0.27231,0.607889,0.0010101,0.160384,2.10465,0.0762043,15.9944,0.203273,4.9195,2.63381,0.82,0.013169
516000,A_w100_T10000_std_lr0.01_s4_A1,0.84,0.00020202,0.82,10.7681,3.25716,0.271455,0.603505,0.000606061,0.746229,7.34213,0.101637,15.644,0.190837,5.24008,2.88851,0.84,0.0963164
516000,A_w100_T10000_std_lr0.01_s5_A1,0.84,0.00040404,0.76,10.557,3.27368,0.25535,0.57303,0.000606061,0.00356666,0.22655,0.0157434,16.7598,0.176773,5.65697,2.11907,0.84,0.00133716
516000,A_w100_T10000_std_lr0.01_s6_A1,0.76,0.000808081,0.69,13.7881,4.16055,0.278113,0.609788,0.00282828,0.349258,1.88342,0.185438,15.8583,0.224901,4.4464,3.2455,0.76,0.00945632
516000,A_w100_T10000_std_lr0.01_s7_A1,0.59,0.00585859,0.4,16.8024,5.54814,0.26503,0.60203,0.00181818,0.04848,0.323897,0.149677,16.2313,0.227908,4.38774,3.71108,0.59,0.00172446
516000,A_w100_T10000_std_lr0.01_s8_A1,0.49,0.00545455,0.19,20.5816,5.5356,0.271172,0.588354,0.0010101,8.49905e-06,7.5416e-05,0.112696,16.3361,0.232309,4.30461,4.51561,0.49,3.50484e-07
516000,A_w100_T10000_std_lr0.01_s9_A1,0.79,0,0.78,12.3567,4.17809,0.279545,0.610879,0.000808081,1.47735,7.48559,0.197359,16.1464,0.232058,4.30927,4.39299,0.79,0.0321041
517000,A_w100_T10000_std_lr0.01_s0_A1,0.9,0.00020202,0.88,7.49481,3.55591,0.272396,0.601899,0.00222222,5.48193,35.9618,0.152438,15.8131,0.234942,4.25637,2.89713,0.9,0.323376
517000,A_w100_T10000_std_lr0.01_s1_A1,0.9,0.00040404,0.83,9.0488,3.8333,0.301876,0.640747,0.00222222,1.18013,10.4221,0.113233,14.9912,0.276055,3.62247,2.39535,0.9,0.113081
517000,A_w100_T10000_std_lr0.01_s2_A1,0.89,0.000808081,0.84,9.17478,3.69755,0.281171,0.626495,0.000808081,1.14919,6.99657,0.164251,15.7452,0.209935,4.76338,2.48754,0.89,0.0578811
517000,A_w100_T10000_std_lr0.01_s3_A1,0.83,0.0020202,0.77,12.1642,3.48652,0.272359,0.607889,0.0010101,0.0540051,1.23501,0.0437285,15.9915,0.203148,4.92252,2.4314,0.83,0.0081389
517000,A_w100_T10000_std_lr0.01_s4_A1,0.84,0.00020202,0.82,11.0291,3.48343,0.271473,0.602899,0.000606061,4.47739,14.5543,0.307633,15.6393,0.191043,5.23443,2.91837,0.84,0.122988
517000,A_w100_T10000_std_lr0.01_s5_A1,0.83,0.00040404,0.76,10.611,3.28268,0.255353,0.57303,0.000606061,0.0194943,0.128634,0.151548,16.759,0.176763,5.65728,2.22957,0.83,0.000818095
517000,A_w100_T10000_std_lr0.01_s6_A1,0.75,0.000808081,0.69,13.8713,4.19504,0.278119,0.609788,0.00282828,0.240774,0.923601,0.260691,15.8573,0.224844,4.44752,3.27151,0.75,0.00568071
517000,A_w100_T10000_std_lr0.01_s7_A1,0.59,0.00545455,0.4,16.8118,5.55508,0.265027,0.60203,0.00181818,0.00420343,0.0623937,0.0673696,16.2309,0.227891,4.38806,3.71029,0.59,0.000427239
517000,A_w100_T10000_std_lr0.01_s8_A1,0.49,0.00545455,0.19,20.5814,5.53586,0.271171,0.588354,0.0010101,6.95247e-07,9.91235e-06,0.0701395,16.3361,0.232307,4.30464,4.51566,0.49,6.06197e-08
517000,A_w100_T10000_std_lr0.01_s9_A1,0.79,0,0.78,12.3138,4.12011,0.279472,0.610152,0.000808081,0.0141047,0.204741,0.0688907,16.1458,0.231915,4.31193,4.37141,0.79,0.000767039
518000,A_w100_T10000_std_lr0.01_s0_A1,0.9,0.00020202,0.88,7.27977,3.43672,0.272765,0.602172,0.00222222,10.1342,53.5227,0.189345,15.8006,0.234836,4.25829,2.95302,0.9,0.43449
518000,A_w100_T10000_std_lr0.01_s1_A1,0.9,0.00040404,0.83,8.86465,3.81515,0.301923,0.640747,0.00222222,1.13773,14.0064,0.0812297,14.9846,0.275755,3.62641,2.4183,0.9,0.108822
518000,A_w100_T10000_std_lr0.01_s2_A1,0.88,0.00040404,0.84,9.33378,3.6609,0.281295,0.626909,0.000808081,2.36539,13.2894,0.177991,15.7391,0.209898,4.76421,2.59019,0.88,0.0774321
518000,A_w100_T10000_std_lr0.01_s3_A1,0.83,0.0020202,0.77,12.2201,3.45746,0.272424,0.607889,0.0010101,0.122841,0.95007,0.129297,15.9895,0.203052,4.92485,2.45309,0.83,0.00601606
518000,A_w100_T10000_std_lr0.01_s4_A1,0.84,0.00020202,0.82,11.2727,3.78161,0.271674,0.603616,0.000606061,0.463298,7.64992,0.0605625,15.6338,0.190714,5.24346,2.93221,0.84,0.0633835
518000,A_w100_T10000_std_lr0.01_s5_A1,0.84,0.00040404,0.76,10.5944,3.28311,0.255335,0.57303,0.000606061,0.0103332,0.129928,0.0795305,16.7587,0.176768,5.65713,2.12203,0.84,0.000913643
518000,A_w100_T10000_std_lr0.01_s6_A1,0.77,0.000808081,0.69,13.9821,4.22245,0.278158,0.609788,0.00282828,0.0024099,0.0925318,0.026044,15.8561,0.22485,4.4474,3.21204,0.77,0.000840542
518000,A_w100_T10000_std_lr0.01_s7_A1,0.59,0.00545455,0.4,16.8523,5.56566,0.265008,0.60203,0.00181818,0.0011226,0.0212648,0.0527915,16.231,0.227873,4.3884,3.70783,0.59,0.000168181
518000,A_w100_T10000_std_lr0.01_s8_A1,0.49,0.00545455,0.21,20.5808,5.53582,0.271171,0.588354,0.0010101,3.93241e-07,5.01113e-06,0.0784736,16.3361,0.232307,4.30465,4.51568,0.49,2.37332e-08
518000,A_w100_T10000_std_lr0.01_s9_A1,0.79,0,0.78,12.3139,4.13469,0.279504,0.610152,0.000808081,0.00436712,0.0756115,0.0577574,16.1453,0.231973,4.31086,4.37298,0.79,0.000282683
519000,A_w100_T10000_std_lr0.01_s0_A1,0.9,0,0.88,7.67544,3.61624,0.272999,0.602687,0.00222222,0.77008,19.3759,0.0397441,15.7887,0.23416,4.27058,2.98839,0.9,0.183464
519000,A_w100_T10000_std_lr0.01_s1_A1,0.89,0.00020202,0.83,8.99185,3.77881,0.301787,0.640747,0.00222222,1.66896,12.6865,0.131555,14.9832,0.274872,3.63805,2.45266,0.89,0.10124
519000,A_w100_T10000_std_lr0.01_s2_A1,0.87,0.00020202,0.84,9.42696,3.66615,0.28141,0.626909,0.000808081,0.51114,3.7311,0.136994,15.7336,0.209599,4.77101,2.92232,0.87,0.0367779
519000,A_w100_T10000_std_lr0.01_s3_A1,0.83,0.0020202,0.77,12.2949,3.50018,0.272362,0.607889,0.0010101,0.0322798,0.44124,0.0731571,15.9886,0.202933,4.92773,2.41913,0.83,0.00374546
519000,A_w100_T10000_std_lr0.01_s4_A1,0.84,0.00020202,0.82,11.516,3.84524,0.271689,0.603556,0.000606061,0.130668,3.63828,0.0359147,15.6295,0.190681,5.24435,2.97333,0.84,0.0411583
519000,A_w100_T10000_std_lr0.01_s5_A1,0.84,0.00040404,0.76,10.6295,3.29312,0.255357,0.57303,0.000606061,0.00543504,0.0525401,0.103445,16.7579,0.176743,5.65793,2.12374,0.84,0.000336163
519000,A_w100_T10000_std_lr0.01_s6_A1,0.76,0.000808081,0.69,14.0388,4.2432,0.278134,0.609788,0.00282828,0.00324981,0.0922956,0.0352109,15.8561,0.224862,4.44718,3.2464,0.76,0.000604413
519000,A_w100_T10000_std_lr0.01_s7_A1,0.59,0.00545455,0.4,16.8679,5.56849,0.264995,0.60203,0.00181818,0.00222877,0.0351961,0.0633244,16.2309,0.227868,4.38851,3.70673,0.59,0.000176367
519000,A_w100_T10000_std_lr0.01_s8_A1,0.49,0.00545455,0.19,20.5807,5.53578,0.271171,0.588354,0.0010101,6.82919e-08,5.50742e-07,0.124,16.3361,0.232306,4.30466,4.5157,0.49,3.05868e-09
519000,A_w100_T10000_std_lr0.01_s9_A1,0.79,0,0.78,12.3233,4.13073,0.279512,0.610152,0.000808081,0.0036889,0.0202298,0.18235,16.1452,0.231973,4.31086,4.3703,0.79,8.55137e-05
520000,A_w100_T10000_std_lr0.01_s0_A1,0.9,0,0.88,7.74616,3.58246,0.27317,0.602879,0.00222222,4.20727,26.6207,0.158045,15.7762,0.23456,4.26331,3.02342,0.9,0.237192
520000,A_w100_T10000_std_lr0.01_s1_A1,0.89,0.00020202,0.83,9.08502,3.80129,0.301893,0.640818,0.00222222,0.878857,8.42149,0.104359,14.9796,0.274266,3.64609,2.44449,0.89,0.0545879
520000,A_w100_T10000_std_lr0.01_s2_A1,0.9,0.00020202,0.84,9.43616,3.7714,0.281556,0.62702,0.000808081,1.3794,7.73452,0.178343,15.7296,0.209512,4.77301,2.32975,0.9,0.0503461
520000,A_w100_T10000_std_lr0.01_s3_A1,0.83,0.0020202,0.77,12.2579,3.44679,0.27242,0.607889,0.0010101,0.00363672,0.154055,0.0236067,15.9868,0.202849,4.92977,2.41202,0.83,0.0016156
520000,A_w100_T10000_std_lr0.01_s4_A1,0.84,0.00020202,0.82,11.6787,4.10501,0.271778,0.604273,0.000606061,2.43521,7.47302,0.325867,15.626,0.190678,5.24443,2.99531,0.84,0.0597074
520000,A_w100_T10000_std_lr0.01_s5_A1,0.84,0.00040404,0.76,10.6222,3.2871,0.255358,0.57303,0.000606061,0.00544232,0.045815,0.118789,16.7576,0.176775,5.65691,2.12364,0.84,0.000280124
520000,A_w100_T10000_std_lr0.01_s6_A1,0.76,0.000808081,0.69,14.068,4.24471,0.278142,0.609788,0.00282828,0.00274867,0.0368548,0.0745811,15.8559,0.22485,4.4474,3.24662,0.76,0.000355791
520000,A_w100_T10000_std_lr0.01_s7_A1,0.59,0.00545455,0.4,16.8781,5.57223,0.264982,0.60203,0.00181818,0.00394276,0.0375371,0.105036,16.2309,0.22786,4.38866,3.7059,0.59,0.000178005
520000,A_w100_T10000_std_lr0.01_s8_A1,0.49,0.00545455,0.2,20.5806,5.53582,0.271171,0.588354,0.0010101,1.22426e-08,1.18574e-07,0.103249,16.3361,0.232306,4.30466,4.5157,0.49,5.9083e-10
520000,A_w100_T10000_std_lr0.01_s9_A1,0.79,0,0.78,12.3104,4.13309,0.279521,0.610152,0.000808081,0.0201023,0.0501637,0.400734,16.1451,0.231975,4.31081,4.3692,0.79,0.000234819
521000,A_w100_T10000_std_lr0.01_s0_A1,0.93,0.00020202,0.88,6.50914,2.16473,0.273042,0.607303,0.00222222,0.338611,12.4694,0.0271552,15.7573,0.235526,4.24581,2.55658,0.93,0.283064
521000,A_w100_T10000_std_lr0.01_s1_A1,0.9,0.00020202,0.83,8.62242,2.88725,0.30289,0.644606,0.00222222,0.860953,22.623,0.0380565,14.9679,0.276184,3.62077,2.40632,0.9,0.311304
521000,A_w100_T10000_std_lr0.01_s2_A1,0.92,0.000606061,0.84,6.92743,2.74795,0.282919,0.624283,0.000606061,1.82313,36.7137,0.049658,15.715,0.2124,4.7081,2.70713,0.92,0.85302
521000,A_w100_T10000_std_lr0.01_s3_A1,0.92,0,0.9,7.28685,4.44926,0.273801,0.609717,0.0010101,1.03828,18.3592,0.0565535,15.9749,0.205535,4.86535,1.8858,0.92,0.28615
521000,A_w100_T10000_std_lr0.01_s4_A1,0.82,0.000808081,0.74,13.2577,4.42879,0.27614,0.605838,0.000808081,7.17771,53.01,0.135403,15.5958,0.192677,5.19002,3.64245,0.82,0.490274
521000,A_w100_T10000_std_lr0.01_s5_A1,0.81,0,0.78,11.0197,3.71678,0.2612,0.574697,0.00121212,11.5708,38.0942,0.303743,16.7147,0.18057,5.53802,4.01725,0.81,0.270483
521000,A_w100_T10000_std_lr0.01_s6_A1,0.83,0.00242424,0.63,10.7207,4.01098,0.281483,0.613677,0.0030303,0.771285,5.16607,0.149298,15.8551,0.22585,4.42771,2.7536,0.83,0.0487913
521000,A_w100_T10000_std_lr0.01_s7_A1,0.59,0.00242424,0.42,18.3796,6.27084,0.276276,0.611919,0.00222222,0.195797,5.78275,0.0338589,16.1626,0.239065,4.18296,4.15015,0.59,0.0639354
521000,A_w100_T10000_std_lr0.01_s8_A1,0.49,0.00585859,0.29,19.4674,4.69444,0.276908,0.590586,0.000808081,0.0245173,1.06022,0.0231249,16.3475,0.243252,4.11096,4.47962,0.49,0.00929949
521000,A_w100_T10000_std_lr0.01_s9_A1,0.84,0,0.81,9.07486,3.54833,0.282419,0.612253,0.0010101,0.664718,3.80193,0.174837,16.1315,0.234333,4.26744,3.9198,0.84,0.0376093
522000,A_w100_T10000_std_lr0.01_s0_A1,0.93,0.00020202,0.88,6.51559,2.40005,0.273171,0.606354,0.00222222,0.663813,14.2655,0.0465327,15.747,0.235604,4.24441,2.49513,0.93,0.250434
522000,A_w100_T10000_std_lr0.01_s1_A1,0.91,0.00020202,0.84,8.58845,2.82295,0.303458,0.644172,0.00222222,0.924171,17.5442,0.0526768,14.9574,0.277016,3.6099,2.22245,0.91,0.240208
522000,A_w100_T10000_std_lr0.01_s2_A1,0.92,0.00020202,0.86,6.81682,2.91173,0.282989,0.622192,0.000606061,8.41228,56.5658,0.148717,15.7142,0.210761,4.74472,2.83814,0.92,0.926581
522000,A_w100_T10000_std_lr0.01_s3_A1,0.92,0,0.9,7.2233,4.29537,0.273995,0.609717,0.0010101,0.289808,10.783,0.0268763,15.967,0.204895,4.88055,2.03976,0.92,0.192241
522000,A_w100_T10000_std_lr0.01_s4_A1,0.81,0.000606061,0.76,13.6761,5.02546,0.277052,0.606768,0.000808081,1.17457,20.0658,0.0585358,15.5825,0.192519,5.19429,3.81645,0.81,0.175503
522000,A_w100_T10000_std_lr0.01_s5_A1,0.81,0,0.78,11.2738,3.9049,0.261708,0.575232,0.00141414,0.775387,4.94033,0.156951,16.7011,0.180286,5.54673,4.18012,0.81,0.0368082
522000,A_w100_T10000_std_lr0.01_s6_A1,0.86,0.00242424,0.64,10.5899,4.08383,0.282006,0.614949,0.0030303,0.0330669,1.56795,0.0210893,15.8538,0.225828,4.42814,2.57996,0.86,0.0164943
522000,A_w100_T10000_std_lr0.01_s7_A1,0.56,0.00222222,0.43,18.2361,5.78418,0.275815,0.611687,0.00222222,0.0449581,1.5272,0.0294382,16.1624,0.238155,4.19895,4.02426,0.56,0.0120773
522000,A_w100_T10000_std_lr0.01_s8_A1,0.48,0.00565657,0.29,19.464,4.76039,0.276753,0.590586,0.000808081,0.00427377,0.178773,0.0239061,16.3448,0.242893,4.11704,4.44389,0.48,0.00215919
522000,A_w100_T10000_std_lr0.01_s9_A1,0.84,0,0.81,9.10831,3.43189,0.282483,0.61098,0.0010101,0.580478,3.56389,0.162878,16.1282,0.233872,4.27584,3.99101,0.84,0.0213007
523000,A_w100_T10000_std_lr0.01_s0_A1,0.92,0.00020202,0.89,6.44396,2.30939,0.272877,0.606778,0.00222222,4.21602,19.4679,0.216563,15.7421,0.236121,4.23512,2.62061,0.92,0.272711
523000,A_w100_T10000_std_lr0.01_s1_A1,0.9,0.00020202,0.84,8.69928,3.06203,0.303131,0.644293,0.00222222,2.04022,18.6567,0.109356,14.9534,0.276477,3.61693,2.37865,0.9,0.232539
523000,A_w100_T10000_std_lr0.01_s2_A1,0.92,0.00020202,0.86,7.65037,3.05578,0.283317,0.625101,0.000808081,6.34403,45.0425,0.140845,15.691,0.209383,4.77593,2.73941,0.92,0.672381
523000,A_w100_T10000_std_lr0.01_s3_A1,0.92,0,0.9,7.52978,4.36888,0.274028,0.609525,0.0010101,0.420234,7.19804,0.0583817,15.9612,0.204224,4.89658,2.05736,0.92,0.160704
523000,A_w100_T10000_std_lr0.01_s4_A1,0.81,0.00020202,0.77,13.466,5.08078,0.277676,0.607444,0.000808081,0.16858,14.879,0.0113301,15.5706,0.193125,5.178,3.64061,0.81,0.0897134
523000,A_w100_T10000_std_lr0.01_s5_A1,0.81,0,0.78,11.5908,4.01091,0.261959,0.575232,0.00141414,0.216206,3.09482,0.0698606,16.6948,0.180435,5.54215,4.17091,0.81,0.01764
523000,A_w100_T10000_std_lr0.01_s6_A1,0.85,0.00242424,0.65,10.6394,4.12279,0.282136,0.615343,0.0030303,0.0349341,1.44929,0.0241043,15.853,0.225747,4.42974,2.63837,0.85,0.0121526
523000,A_w100_T10000_std_lr0.01_s7_A1,0.56,0.00222222,0.43,18.2901,5.75719,0.275691,0.611687,0.00222222,0.0768256,0.80688,0.0952132,16.1585,0.238025,4.20124,4.00828,0.56,0.00491091
523000,A_w100_T10000_std_lr0.01_s8_A1,0.48,0.00545455,0.29,19.4806,4.79007,0.27669,0.590586,0.000808081,0.00202462,0.0779217,0.0259828,16.344,0.242809,4.11847,4.46991,0.48,0.000657347
523000,A_w100_T10000_std_lr0.01_s9_A1,0.84,0,0.81,9.1811,3.44217,0.282603,0.610687,0.0010101,4.31027,8.52101,0.505841,16.1251,0.23378,4.27753,4.01707,0.84,0.0485319
524000,A_w100_T10000_std_lr0.01_s0_A1,0.93,0.00020202,0.89,6.0521,2.31655,0.272667,0.606242,0.00222222,3.76853,32.6344,0.115477,15.735,0.23637,4.23066,2.42981,0.93,0.261917
524000,A_w100_T10000_std_lr0.01_s1_A1,0.9,0.00020202,0.84,8.6665,3.24611,0.303395,0.644798,0.00222222,0.633049,15.6341,0.0404915,14.9436,0.2767,3.61402,2.4009,0.9,0.168257
524000,A_w100_T10000_std_lr0.01_s2_A1,0.92,0.00020202,0.86,7.12561,2.74319,0.283669,0.622768,0.000808081,1.84191,41.2184,0.0446867,15.6664,0.211646,4.72487,2.56106,0.92,0.456969
524000,A_w100_T10000_std_lr0.01_s3_A1,0.92,0,0.9,7.44777,4.40538,0.274129,0.609525,0.0010101,0.58594,11.4432,0.0512043,15.9539,0.203738,4.90826,2.66277,0.92,0.156105
524000,A_w100_T10000_std_lr0.01_s4_A1,0.82,0.00020202,0.78,13.6412,5.16106,0.278012,0.607596,0.000808081,0.683082,8.32249,0.0820767,15.5584,0.194028,5.1539,3.39597,0.82,0.0584927
524000,A_w100_T10000_std_lr0.01_s5_A1,0.8,0,0.79,11.6876,4.09096,0.262036,0.575232,0.00141414,0.0161978,0.790759,0.0204839,16.6926,0.180211,5.54906,4.20808,0.8,0.00434527
524000,A_w100_T10000_std_lr0.01_s6_A1,0.86,0.00242424,0.65,10.6036,4.16462,0.282315,0.614535,0.00282828,0.0269657,0.908289,0.0296885,15.8518,0.225708,4.4305,2.57641,0.86,0.00840761
524000,A_w100_T10000_std_lr0.01_s7_A1,0.56,0.0020202,0.43,18.2872,5.76871,0.275588,0.611687,0.00222222,0.0215809,0.151344,0.142595,16.1573,0.237996,4.20176,3.99883,0.56,0.00112334
524000,A_w100_T10000_std_lr0.01_s8_A1,0.48,0.00565657,0.29,19.4958,4.82132,0.276645,0.590586,0.000808081,0.000680952,0.0196454,0.0346621,16.3434,0.242719,4.12,4.46992,0.48,0.000158199
524000,A_w100_T10000_std_lr0.01_s9_A1,0.84,0,0.81,9.26117,3.49741,0.282672,0.611343,0.0010101,0.0520318,0.997807,0.0521461,16.1232,0.233781,4.27751,4.02048,0.84,0.00593865
525000,A_w100_T10000_std_lr0.01_s0_A1,0.92,0.00020202,0.89,6.63494,2.57286,0.272491,0.606778,0.00222222,1.28275,9.476,0.135368,15.7318,0.235424,4.24766,2.564,0.92,0.154271
525000,A_w100_T10000_std_lr0.01_s1_A1,0.91,0.00020202,0.85,8.53644,3.33638,0.3036,0.644242,0.00222222,0.55388,11.4735,0.0482747,14.9378,0.27692,3.61115,2.32162,0.91,0.131619
525000,A_w100_T10000_std_lr0.01_s2_A1,0.91,0,0.87,7.38376,2.67948,0.283633,0.622768,0.000808081,6.357,39.3588,0.161514,15.6438,0.215974,4.63019,2.40172,0.91,0.317302
525000,A_w100_T10000_std_lr0.01_s3_A1,0.91,0,0.9,7.59542,4.55424,0.27426,0.609525,0.0010101,0.424841,7.18359,0.0591405,15.9482,0.203232,4.92049,2.51757,0.91,0.132296
525000,A_w100_T10000_std_lr0.01_s4_A1,0.82,0,0.78,13.5781,5.17625,0.278086,0.607596,0.000808081,4.06723,16.0016,0.254176,15.5511,0.194245,5.14814,3.38928,0.82,0.0824027
525000,A_w100_T10000_std_lr0.01_s5_A1,0.81,0,0.79,11.5863,4.06313,0.262132,0.575232,0.00141414,0.0091917,0.335245,0.0274179,16.6918,0.180266,5.54736,4.18807,0.81,0.00197263
525000,A_w100_T10000_std_lr0.01_s6_A1,0.85,0.0020202,0.66,10.7687,4.16732,0.282311,0.614535,0.00282828,0.349423,1.28518,0.271886,15.8513,0.225596,4.4327,2.638,0.85,0.012793
525000,A_w100_T10000_std_lr0.01_s7_A1,0.56,0.0020202,0.43,18.2665,5.74203,0.275549,0.611687,0.00222222,0.0135269,0.08259,0.163784,16.1564,0.237923,4.20305,3.99564,0.56,0.000513293
525000,A_w100_T10000_std_lr0.01_s8_A1,0.48,0.00565657,0.29,19.5042,4.83663,0.276635,0.590586,0.000808081,0.000115999,0.00383265,0.0302662,16.3432,0.242698,4.12035,4.47006,0.48,3.77558e-05
525000,A_w100_T10000_std_lr0.01_s9_A1,0.84,0.00020202,0.81,9.34875,3.51635,0.282699,0.610687,0.0010101,0.29631,0.821606,0.360647,16.1219,0.233606,4.28071,4.02614,0.84,0.00486466
526000,A_w100_T10000_std_lr0.01_s0_A1,0.92,0.00020202,0.89,6.62172,2.52218,0.27254,0.605505,0.00222222,2.03705,16.5934,0.122763,15.7276,0.235211,4.25149,2.54857,0.92,0.165514
526000,A_w100_T10000_std_lr0.01_s1_A1,0.91,0.00020202,0.85,8.6844,3.25765,0.303456,0.644242,0.00222222,0.684158,11.8647,0.0576633,14.9347,0.27639,3.61808,2.33336,0.91,0.135907
526000,A_w100_T10000_std_lr0.01_s2_A1,0.91,0,0.87,6.92478,2.58011,0.283708,0.622879,0.000808081,3.47718,38.4005,0.0905503,15.6241,0.218902,4.56825,2.27616,0.91,0.267696
526000,A_w100_T10000_std_lr0.01_s3_A1,0.92,0,0.9,7.54851,4.51875,0.274366,0.609525,0.0010101,0.57089,9.33313,0.0611682,15.942,0.203083,4.9241,2.64708,0.92,0.12071
526000,A_w100_T10000_std_lr0.01_s4_A1,0.8,0.00020202,0.78,13.4732,5.27038,0.278263,0.607596,0.000808081,2.92992,23.3693,0.125374,15.5454,0.194442,5.14293,3.57619,0.8,0.0972837
526000,A_w100_T10000_std_lr0.01_s5_A1,0.8,0,0.79,11.5551,4.0525,0.26215,0.575232,0.00141414,0.0312099,0.19528,0.159821,16.6917,0.180215,5.54892,4.20997,0.8,0.00124586
526000,A_w100_T10000_std_lr0.01_s6_A1,0.84,0.00181818,0.67,10.849,4.21379,0.282322,0.614434,0.00282828,0.0546263,0.543276,0.10055,15.8517,0.225538,4.43384,2.74686,0.84,0.00494195
526000,A_w100_T10000_std_lr0.01_s7_A1,0.56,0.00181818,0.43,18.2891,5.75177,0.27553,0.611687,0.00222222,0.00245799,0.0192234,0.127864,16.1561,0.237863,4.20411,3.99316,0.56,0.000127979
526000,A_w100_T10000_std_lr0.01_s8_A1,0.48,0.00565657,0.29,19.5054,4.83802,0.276626,0.590586,0.000808081,3.40552e-05,0.00110127,0.0309235,16.3431,0.242686,4.12054,4.46989,0.48,1.02138e-05
526000,A_w100_T10000_std_lr0.01_s9_A1,0.84,0,0.81,9.42591,3.53081,0.282688,0.610687,0.0010101,0.0226485,0.273017,0.0829563,16.121,0.233525,4.2822,4.02981,0.84,0.00160089
527000,A_w100_T10000_std_lr0.01_s0_A1,0.92,0.00020202,0.89,6.66299,2.4521,0.272558,0.605505,0.00222222,0.230625,9.06756,0.0254341,15.7246,0.234743,4.25997,2.53912,0.92,0.101956
527000,A_w100_T10000_std_lr0.01_s1_A1,0.91,0.00020202,0.85,8.78358,3.57311,0.303632,0.645737,0.00222222,7.69036,30.879,0.249048,14.9268,0.276103,3.62183,2.34677,0.91,0.288492
527000,A_w100_T10000_std_lr0.01_s2_A1,0.92,0,0.87,7.20548,2.7245,0.283823,0.62301,0.000808081,9.75459,75.3798,0.129406,15.6015,0.221489,4.51489,2.15654,0.92,0.436919
527000,A_w100_T10000_std_lr0.01_s3_A1,0.91,0,0.9,7.38308,4.24273,0.274386,0.609525,0.0010101,3.68068,18.3803,0.200251,15.9365,0.202539,4.93732,2.46306,0.91,0.149793
527000,A_w100_T10000_std_lr0.01_s4_A1,0.82,0,0.78,13.5066,5.37639,0.278397,0.608192,0.000808081,1.60768,8.69206,0.184959,15.5382,0.195006,5.12806,3.59432,0.82,0.0403343
527000,A_w100_T10000_std_lr0.01_s5_A1,0.8,0,0.79,11.5629,4.04486,0.262183,0.575232,0.00141414,0.0342808,0.20577,0.166597,16.6913,0.180262,5.54747,4.21321,0.8,0.00117537
527000,A_w100_T10000_std_lr0.01_s6_A1,0.85,0.00161616,0.67,10.9113,4.22508,0.282329,0.61398,0.00282828,0.00511342,0.278056,0.0183899,15.8512,0.225495,4.4347,2.77501,0.85,0.00221808
527000,A_w100_T10000_std_lr0.01_s7_A1,0.56,0.0020202,0.43,18.2977,5.75073,0.27553,0.611687,0.00222222,0.00418287,0.0154939,0.269968,16.1558,0.23784,4.2045,3.99208,0.56,0.000112721
527000,A_w100_T10000_std_lr0.01_s8_A1,0.48,0.00565657,0.29,19.5094,4.84202,0.276625,0.590586,0.000808081,1.08989e-05,0.000278709,0.0391051,16.343,0.242683,4.1206,4.46989,0.48,2.40233e-06
527000,A_w100_T10000_std_lr0.01_s9_A1,0.84,0.00020202,0.81,9.4227,3.54232,0.282725,0.610687,0.0010101,0.0768735,0.698526,0.110051,16.1205,0.233544,4.28186,4.03054,0.84,0.00328888
528000,A_w100_T10000_std_lr0.01_s0_A1,0.92,0.00020202,0.89,6.70622,2.44554,0.272473,0.605505,0.00222222,1.73536,13.6139,0.12747,15.7238,0.234328,4.26752,2.54782,0.92,0.123161
528000,A_w100_T10000_std_lr0.01_s1_A1,0.89,0.00020202,0.85,8.90656,3.64933,0.303472,0.644727,0.00222222,0.390259,8.74186,0.0446425,14.9243,0.275974,3.62353,2.47505,0.89,0.0900894
528000,A_w100_T10000_std_lr0.01_s2_A1,0.91,0,0.87,7.35265,2.58382,0.284023,0.623677,0.000808081,1.41553,18.3298,0.0772259,15.58,0.224405,4.45623,2.27068,0.91,0.183948
528000,A_w100_T10000_std_lr0.01_s3_A1,0.91,0,0.9,7.56767,4.46864,0.274689,0.610232,0.0010101,0.938907,13.8577,0.0677534,15.9296,0.202482,4.93872,2.4582,0.91,0.117355
528000,A_w100_T10000_std_lr0.01_s4_A1,0.85,0,0.78,13.316,5.36886,0.278433,0.608192,0.000808081,0.63611,7.97045,0.0798085,15.5338,0.19518,5.12349,2.89183,0.85,0.0338573
528000,A_w100_T10000_std_lr0.01_s5_A1,0.8,0,0.79,11.5544,4.05552,0.262207,0.575232,0.00141414,0.00144431,0.0536466,0.0269228,16.6911,0.18026,5.54755,4.21017,0.8,0.000298127
528000,A_w100_T10000_std_lr0.01_s6_A1,0.84,0.00161616,0.67,10.9563,4.26217,0.282327,0.613182,0.00282828,0.209387,0.613115,0.341514,15.8514,0.225404,4.43647,2.93908,0.84,0.00512146
528000,A_w100_T10000_std_lr0.01_s7_A1,0.56,0.00181818,0.43,18.2939,5.74273,0.275519,0.611687,0.00222222,0.000617436,0.00262174,0.235507,16.1557,0.237821,4.20484,3.9913,0.56,1.6448e-05
528000,A_w100_T10000_std_lr0.01_s8_A1,0.48,0.00565657,0.29,19.51,4.84329,0.276623,0.590717,0.000808081,7.48129e-06,0.000145739,0.0513335,16.3429,0.242679,4.12067,4.46992,0.48,9.80264e-07
528000,A_w100_T10000_std_lr0.01_s9_A1,0.84,0.00020202,0.81,9.55543,3.58021,0.282709,0.610687,0.0010101,0.0213918,0.225416,0.0948989,16.1201,0.233438,4.28379,4.03354,0.84,0.00106093
529000,A_w100_T10000_std_lr0.01_s0_A1,0.91,0.00020202,0.89,6.70371,2.46868,0.2725,0.606182,0.00222222,0.568832,10.0984,0.056329,15.7214,0.234152,4.27073,2.6382,0.91,0.102677
529000,A_w100_T10000_std_lr0.01_s1_A1,0.91,0.00020202,0.85,8.5481,3.4662,0.303804,0.645737,0.00222222,1.5958,14.1438,0.112827,14.9206,0.27594,3.62397,2.35063,0.91,0.123836
529000,A_w100_T10000_std_lr0.01_s2_A1,0.92,0,0.87,7.6779,2.78109,0.283789,0.622879,0.000808081,2.29918,13.7351,0.167394,15.5673,0.226436,4.41625,2.03254,0.92,0.196044
529000,A_w100_T10000_std_lr0.01_s3_A1,0.91,0,0.9,7.62669,4.68425,0.274834,0.610232,0.0010101,1.45904,11.176,0.130552,15.9231,0.20206,4.94903,2.45666,0.91,0.0882653
529000,A_w100_T10000_std_lr0.01_s4_A1,0.84,0,0.78,13.3655,5.40461,0.278513,0.608061,0.000808081,0.0868669,4.51068,0.019258,15.5302,0.195144,5.12443,3.10562,0.84,0.0195401
529000,A_w100_T10000_std_lr0.01_s5_A1,0.8,0,0.79,11.549,4.05214,0.262224,0.575444,0.00141414,0.000365162,0.0239076,0.0152739,16.691,0.180272,5.54716,4.20845,0.8,0.000135261
529000,A_w100_T10000_std_lr0.01_s6_A1,0.85,0.00141414,0.68,10.9932,4.25338,0.282371,0.613182,0.00282828,0.00373231,0.171751,0.021731,15.8509,0.225369,4.43717,2.77913,0.85,0.00133046
529000,A_w100_T10000_std_lr0.01_s7_A1,0.55,0.0020202,0.43,18.2949,5.74197,0.275519,0.611091,0.0020202,0.000111822,0.000805337,0.138852,16.1557,0.237816,4.20493,4.02622,0.55,4.92512e-06
529000,A_w100_T10000_std_lr0.01_s8_A1,0.48,0.00565657,0.29,19.5105,4.84404,0.276622,0.590717,0.000808081,1.29183e-05,5.72929e-05,0.225478,16.3429,0.242678,4.12069,4.46988,0.48,4.36262e-07
529000,A_w100_T10000_std_lr0.01_s9_A1,0.84,0,0.81,9.54673,3.5767,0.282722,0.610687,0.0010101,0.0142047,0.095428,0.148852,16.1198,0.233452,4.28353,4.03269,0.84,0.000524271
530000,A_w100_T10000_std_lr0.01_s0_A1,0.91,0.00020202,0.89,6.86373,2.5158,0.272541,0.606333,0.00222222,0.578058,9.74491,0.059319,15.7179,0.233751,4.27805,2.63467,0.91,0.102961
530000,A_w100_T10000_std_lr0.01_s1_A1,0.9,0.00020202,0.85,8.76517,3.42486,0.303671,0.644727,0.00222222,0.829475,12.1792,0.0681056,14.9163,0.275548,3.62913,2.42796,0.9,0.100711
530000,A_w100_T10000_std_lr0.01_s2_A1,0.92,0,0.87,7.27735,2.58107,0.283815,0.62301,0.000808081,2.65173,36.9708,0.0717249,15.5541,0.228163,4.38284,1.97659,0.92,0.204221
530000,A_w100_T10000_std_lr0.01_s3_A1,0.91,0,0.9,7.57393,4.56835,0.274896,0.610232,0.0010101,4.74291,19.0706,0.248703,15.9171,0.20144,4.96427,2.40833,0.91,0.120875
530000,A_w100_T10000_std_lr0.01_s4_A1,0.85,0,0.78,13.4093,5.44408,0.278454,0.608061,0.000808081,0.193403,3.05613,0.0632836,15.5286,0.195037,5.12724,3.19621,0.85,0.0115298
530000,A_w100_T10000_std_lr0.01_s5_A1,0.8,0,0.79,11.5399,4.05,0.262239,0.575444,0.00141414,0.000567676,0.011991,0.0473417,16.6908,0.180287,5.5467,4.20893,0.8,6.91698e-05
530000,A_w100_T10000_std_lr0.01_s6_A1,0.84,0.00141414,0.68,11.0416,4.26168,0.282398,0.613182,0.00282828,0.00643175,0.110955,0.0579672,15.8503,0.225336,4.43782,2.88003,0.84,0.000934621
530000,A_w100_T10000_std_lr0.01_s7_A1,0.56,0.00181818,0.43,18.2959,5.74091,0.275517,0.611091,0.0020202,7.51959e-06,0.000129795,0.0579342,16.1556,0.237811,4.20502,3.99078,0.56,8.54828e-07
530000,A_w100_T10000_std_lr0.01_s8_A1,0.48,0.00565657,0.3,19.5109,4.84432,0.276621,0.590717,0.000808081,3.94549e-07,4.7215e-06,0.0835644,16.3429,0.242677,4.1207,4.46988,0.48,4.17045e-08
530000,A_w100_T10000_std_lr0.01_s9_A1,0.83,0.00020202,0.81,9.54867,3.58267,0.282733,0.610687,0.0010101,0.167398,0.732592,0.228502,16.1198,0.233406,4.28439,3.77371,0.83,0.00271998
531000,A_w100_T10000_std_lr0.01_s0_A1,0.88,0,0.84,8.92013,3.37164,0.274194,0.606273,0.00222222,6.14046,29.9093,0.205303,15.7015,0.236512,4.22811,2.5077,0.88,0.247706
531000,A_w100_T10000_std_lr0.01_s1_A1,0.92,0,0.89,6.03302,2.46271,0.303002,0.648535,0.00222222,1.54428,20.2227,0.0763635,14.9328,0.276092,3.62198,2.29681,0.92,0.374792
531000,A_w100_T10000_std_lr0.01_s2_A1,0.84,0.00222222,0.67,12.7376,4.78629,0.288805,0.630131,0.00141414,0.35183,16.6661,0.0211106,15.5017,0.231162,4.32598,2.32474,0.84,0.129421
531000,A_w100_T10000_std_lr0.01_s3_A1,0.79,0.00040404,0.72,16.6156,6.2507,0.277876,0.612283,0.000808081,0.372804,12.4784,0.0298761,15.8991,0.206661,4.83885,3.90384,0.79,0.126122
531000,A_w100_T10000_std_lr0.01_s4_A1,0.85,0.00020202,0.79,10.4046,3.65355,0.288484,0.620152,0.00161616,1.81507,35.6538,0.0509084,15.4536,0.208495,4.79628,3.53716,0.85,0.273328
531000,A_w100_T10000_std_lr0.01_s5_A1,0.7,0.00121212,0.53,16.8562,5.19927,0.264179,0.579172,0.00181818,0.016816,0.410646,0.04095,16.6709,0.18458,5.41771,4.72639,0.7,0.00193653
531000,A_w100_T10000_std_lr0.01_s6_A1,0.88,0.00020202,0.83,7.57593,3.35644,0.282901,0.61696,0.00323232,0.106338,7.47073,0.0142339,15.8256,0.224093,4.46243,3.07887,0.88,0.140727
531000,A_w100_T10000_std_lr0.01_s7_A1,0.75,0.0020202,0.61,15.7869,5.33986,0.28018,0.613414,0.00262626,1.31955,13.2728,0.0994178,16.1484,0.242571,4.12251,3.72436,0.75,0.160469
531000,A_w100_T10000_std_lr0.01_s8_A1,0.64,0.00161616,0.48,18.5987,6.30075,0.277584,0.596424,0.000606061,1.12649,7.46284,0.150946,16.3508,0.245289,4.07683,4.84972,0.64,0.0623838
531000,A_w100_T10000_std_lr0.01_s9_A1,0.84,0,0.82,9.95657,3.67306,0.282733,0.616626,0.0010101,0.686332,11.3982,0.0602143,16.1059,0.233083,4.29031,3.41809,0.84,0.067145
532000,A_w100_T10000_std_lr0.01_s0_A1,0.88,0,0.84,9.50931,3.61049,0.274504,0.60602,0.00222222,1.1082,10.1521,0.10916,15.692,0.236521,4.22795,2.48929,0.88,0.100224
532000,A_w100_T10000_std_lr0.01_s1_A1,0.91,0,0.89,6.6236,2.76159,0.302639,0.647212,0.00222222,2.33749,22.3909,0.104395,14.93,0.275188,3.63388,2.44765,0.91,0.274297
532000,A_w100_T10000_std_lr0.01_s2_A1,0.83,0.00242424,0.68,12.6433,4.78527,0.288424,0.630667,0.00141414,0.681445,6.73693,0.101151,15.4971,0.231616,4.3175,2.08873,0.83,0.0593836
532000,A_w100_T10000_std_lr0.01_s3_A1,0.82,0.00020202,0.73,16.9287,7.07768,0.277701,0.612394,0.000808081,0.861462,10.7147,0.0803998,15.893,0.206243,4.84864,4.66415,0.82,0.0987561
532000,A_w100_T10000_std_lr0.01_s4_A1,0.83,0.00020202,0.8,11.2755,3.72429,0.28827,0.619121,0.00121212,1.03418,15.8643,0.0651896,15.4383,0.207454,4.82034,3.19331,0.83,0.106597
532000,A_w100_T10000_std_lr0.01_s5_A1,0.68,0.00121212,0.53,16.7787,5.20208,0.264163,0.578859,0.00121212,0.000106442,0.00186116,0.0571911,16.6711,0.184519,5.4195,4.54355,0.68,7.77786e-06
532000,A_w100_T10000_std_lr0.01_s6_A1,0.87,0.00020202,0.83,8.30892,3.70693,0.282753,0.617263,0.00323232,0.0879089,4.24488,0.0207094,15.8175,0.222963,4.48505,3.26589,0.87,0.0753143
532000,A_w100_T10000_std_lr0.01_s7_A1,0.75,0.00222222,0.61,16.0828,5.34414,0.280215,0.616273,0.00262626,2.21841,13.1129,0.169177,16.1419,0.242157,4.12955,3.35542,0.75,0.129567
532000,A_w100_T10000_std_lr0.01_s8_A1,0.63,0.00121212,0.49,18.7826,6.33968,0.277743,0.595697,0.000606061,0.0723086,1.82422,0.0396382,16.3488,0.245428,4.07451,4.90542,0.63,0.00987763
532000,A_w100_T10000_std_lr0.01_s9_A1,0.83,0,0.82,10.3065,3.90791,0.282401,0.616626,0.0010101,2.7299,11.9957,0.227573,16.1026,0.232543,4.30028,3.76215,0.83,0.0548096
533000,A_w100_T10000_std_lr0.01_s0_A1,0.88,0,0.84,9.89656,3.81856,0.274706,0.606273,0.00222222,1.33973,7.90743,0.169427,15.6879,0.236606,4.22644,2.49527,0.88,0.0724333
533000,A_w100_T10000_std_lr0.01_s1_A1,0.91,0,0.89,6.29082,2.61122,0.302609,0.647828,0.00222222,0.983448,11.898,0.0826568,14.9255,0.275288,3.63256,2.46415,0.91,0.191927
533000,A_w100_T10000_std_lr0.01_s2_A1,0.84,0.00242424,0.68,12.5479,4.683,0.288275,0.630667,0.00141414,0.0788677,1.74432,0.045214,15.4941,0.231803,4.31401,2.32948,0.84,0.0251316
533000,A_w100_T10000_std_lr0.01_s3_A1,0.8,0.00020202,0.73,16.9639,7.01878,0.27778,0.611747,0.000808081,0.27771,5.61575,0.049452,15.891,0.205907,4.85656,4.75552,0.8,0.0643379
533000,A_w100_T10000_std_lr0.01_s4_A1,0.83,0.00020202,0.8,11.5065,3.65281,0.288399,0.617889,0.00121212,0.203183,4.94797,0.0410639,15.429,0.207123,4.82804,3.54624,0.83,0.036057
533000,A_w100_T10000_std_lr0.01_s5_A1,0.68,0.00121212,0.53,16.7773,5.2037,0.264163,0.578859,0.00121212,1.0725e-06,9.62051e-06,0.111481,16.6711,0.184517,5.41955,4.54361,0.68,4.57615e-08
533000,A_w100_T10000_std_lr0.01_s6_A1,0.86,0.00020202,0.83,8.78387,3.76625,0.282698,0.617313,0.00323232,0.0804722,4.1695,0.0193002,15.8117,0.222347,4.49746,3.39914,0.86,0.0532074
533000,A_w100_T10000_std_lr0.01_s7_A1,0.73,0.00222222,0.61,16.3184,5.25847,0.280113,0.614768,0.00282828,0.291264,5.88628,0.0494818,16.1387,0.241688,4.13757,3.48684,0.73,0.0588565
533000,A_w100_T10000_std_lr0.01_s8_A1,0.63,0.00121212,0.49,18.7943,6.32681,0.277864,0.595697,0.000606061,0.0164832,0.206053,0.0799947,16.3467,0.245527,4.07288,4.90231,0.63,0.00133863
533000,A_w100_T10000_std_lr0.01_s9_A1,0.83,0,0.82,10.3167,3.72588,0.282456,0.617444,0.0010101,0.0324188,0.689096,0.0470454,16.0991,0.232351,4.30383,3.72169,0.83,0.004806
534000,A_w100_T10000_std_lr0.01_s0_A1,0.88,0,0.84,9.99387,3.94473,0.27477,0.60701,0.00222222,1.01281,6.89589,0.146872,15.6838,0.236586,4.22679,2.50925,0.88,0.0566149
534000,A_w100_T10000_std_lr0.01_s1_A1,0.9,0,0.89,6.51682,2.96809,0.302672,0.647818,0.00222222,0.599101,9.46153,0.0633197,14.9205,0.275113,3.63487,2.55378,0.9,0.147818
534000,A_w100_T10000_std_lr0.01_s2_A1,0.83,0.00181818,0.69,12.4208,4.62763,0.288236,0.630667,0.00141414,0.0371391,0.727154,0.0510745,15.4926,0.231828,4.31353,2.41708,0.83,0.0153525
534000,A_w100_T10000_std_lr0.01_s3_A1,0.8,0.00020202,0.73,16.908,6.25584,0.277854,0.610667,0.000808081,0.228476,3.90116,0.0585662,15.8887,0.206076,4.85257,4.64156,0.8,0.0439193
534000,A_w100_T10000_std_lr0.01_s4_A1,0.83,0.00020202,0.8,11.5979,3.64283,0.288446,0.617646,0.00121212,0.0560567,1.77833,0.0315221,15.4228,0.207008,4.83073,3.48977,0.83,0.0100495
534000,A_w100_T10000_std_lr0.01_s5_A1,0.68,0.00121212,0.57,16.7769,5.20372,0.264163,0.578859,0.00121212,4.55702e-09,8.40604e-08,0.0542112,16.6711,0.184517,5.41954,4.54361,0.68,3.76531e-10
534000,A_w100_T10000_std_lr0.01_s6_A1,0.86,0.00020202,0.83,8.95893,3.91518,0.282838,0.617313,0.00323232,0.124563,3.02417,0.041189,15.8059,0.221962,4.50527,3.38735,0.86,0.0346722
534000,A_w100_T10000_std_lr0.01_s7_A1,0.74,0.0020202,0.61,16.4538,5.22382,0.280378,0.615444,0.00282828,0.249551,3.87571,0.0643886,16.1311,0.242012,4.13202,3.59134,0.74,0.044402
534000,A_w100_T10000_std_lr0.01_s8_A1,0.63,0.00121212,0.49,18.7975,6.31052,0.277854,0.595697,0.000606061,0.00366346,0.0631954,0.0579704,16.3464,0.245525,4.0729,4.90124,0.63,0.000360125
534000,A_w100_T10000_std_lr0.01_s9_A1,0.83,0,0.82,10.39,3.7192,0.282434,0.617444,0.0010101,0.128789,0.576001,0.223591,16.0973,0.23224,4.30589,3.71052,0.83,0.00291855
535000,A_w100_T10000_std_lr0.01_s0_A1,0.88,0,0.84,10.0039,4.09222,0.274841,0.60701,0.00222222,1.10135,9.11935,0.120771,15.681,0.236895,4.22129,2.50508,0.88,0.0539365
535000,A_w100_T10000_std_lr0.01_s1_A1,0.9,0,0.9,6.35832,2.85436,0.302779,0.647303,0.00222222,0.0986754,7.99615,0.0123404,14.917,0.274771,3.63939,2.56627,0.9,0.116396
535000,A_w100_T10000_std_lr0.01_s2_A1,0.84,0.00181818,0.69,12.3641,4.61207,0.288308,0.630667,0.00141414,0.111644,1.51856,0.0735198,15.4907,0.231754,4.31492,2.33465,0.84,0.0163674
535000,A_w100_T10000_std_lr0.01_s3_A1,0.81,0.00020202,0.73,16.4122,6.00918,0.278133,0.612101,0.000808081,0.204542,4.74271,0.0431277,15.8813,0.206413,4.84465,4.76152,0.81,0.0344858
535000,A_w100_T10000_std_lr0.01_s4_A1,0.81,0.00020202,0.8,11.7926,3.7262,0.288357,0.617071,0.00121212,1.83044,9.03072,0.202691,15.4204,0.207008,4.83072,2.70477,0.81,0.0403236
535000,A_w100_T10000_std_lr0.01_s5_A1,0.68,0.00121212,0.75,16.777,5.20373,0.264163,0.578859,0.00121212,3.98835e-11,1.27605e-09,0.0312555,16.6711,0.184517,5.41954,4.54361,0.68,3.87332e-12
535000,A_w100_T10000_std_lr0.01_s6_A1,0.86,0.00020202,0.83,9.09578,3.97894,0.282981,0.617313,0.00323232,0.261911,2.98209,0.0878282,15.8028,0.221597,4.51269,3.36902,0.86,0.0363378
535000,A_w100_T10000_std_lr0.01_s7_A1,0.74,0.00161616,0.62,16.3618,5.14582,0.280111,0.614768,0.00282828,2.13962,7.94167,0.269417,16.1268,0.241486,4.14103,3.62172,0.74,0.0516842
535000,A_w100_T10000_std_lr0.01_s8_A1,0.63,0.00121212,0.49,18.7976,6.31009,0.277859,0.595697,0.000606061,0.00295827,0.0167494,0.176619,16.3462,0.24553,4.07282,4.9008,0.63,9.22869e-05
535000,A_w100_T10000_std_lr0.01_s9_A1,0.83,0,0.82,10.4584,3.73052,0.282408,0.617253,0.0010101,0.021933,0.363219,0.060385,16.0963,0.232126,4.30801,3.69942,0.83,0.00146946
536000,A_w100_T10000_std_lr0.01_s0_A1,0.88,0,0.84,9.87453,4.07986,0.274962,0.607252,0.00222222,0.577805,3.18614,0.181349,15.6782,0.236985,4.21968,2.50431,0.88,0.0361194
536000,A_w100_T10000_std_lr0.01_s1_A1,0.91,0,0.91,6.22002,2.75904,0.302935,0.647303,0.00222222,1.93638,11.3287,0.170927,14.914,0.274774,3.63936,2.3849,0.91,0.162146
536000,A_w100_T10000_std_lr0.01_s2_A1,0.84,0.00181818,0.69,12.3004,4.58606,0.288359,0.630667,0.00141414,0.138348,1.4718,0.0939994,15.4891,0.231721,4.31554,2.33823,0.84,0.0122055
536000,A_w100_T10000_std_lr0.01_s3_A1,0.82,0.00020202,0.73,16.5227,5.74903,0.278099,0.612101,0.000808081,0.229029,2.66052,0.0860842,15.881,0.206158,4.85066,4.7175,0.82,0.021153
536000,A_w100_T10000_std_lr0.01_s4_A1,0.81,0.00020202,0.8,11.7814,3.68197,0.288259,0.617131,0.00121212,1.28031,13.2091,0.096926,15.4172,0.206854,4.83433,3.137,0.81,0.0487156
536000,A_w100_T10000_std_lr0.01_s5_A1,0.68,0.00121212,0.9,16.777,5.20373,0.264163,0.578859,0.00121212,3.413e-12,4.06198e-11,0.0840231,16.6711,0.184517,5.41954,4.54361,0.68,2.07308e-13
536000,A_w100_T10000_std_lr0.01_s6_A1,0.86,0.00020202,0.83,9.17016,3.95973,0.283011,0.617313,0.00323232,0.0428843,1.59106,0.0269532,15.8,0.22146,4.51549,3.36851,0.86,0.018932
536000,A_w100_T10000_std_lr0.01_s7_A1,0.73,0.00161616,0.62,16.6443,5.21004,0.280069,0.614353,0.00282828,0.130544,2.09197,0.0624026,16.1223,0.241169,4.14647,3.86771,0.73,0.0182603
536000,A_w100_T10000_std_lr0.01_s8_A1,0.63,0.00121212,0.49,18.8061,6.31348,0.27786,0.595697,0.000606061,0.000467771,0.00237047,0.197333,16.3461,0.245531,4.07281,4.90081,0.63,1.56672e-05
536000,A_w100_T10000_std_lr0.01_s9_A1,0.83,0,0.82,10.4554,3.71782,0.282437,0.617253,0.0010101,0.00930369,0.0865856,0.107451,16.0954,0.232087,4.30873,3.69443,0.83,0.000331502
537000,A_w100_T10000_std_lr0.01_s0_A1,0.88,0,0.84,10.1204,4.22063,0.275059,0.607252,0.00222222,0.129205,1.49092,0.0866611,15.677,0.237067,4.21822,2.50606,0.88,0.0170868
537000,A_w100_T10000_std_lr0.01_s1_A1,0.91,0,0.91,6.21261,2.61807,0.302993,0.647283,0.00222222,1.30794,14.2562,0.0917449,14.9104,0.274366,3.64477,2.39722,0.91,0.105795
537000,A_w100_T10000_std_lr0.01_s2_A1,0.84,0.00181818,0.69,12.2736,4.576,0.288369,0.630667,0.00141414,0.0880271,1.04682,0.0840897,15.4891,0.231655,4.31676,2.33875,0.84,0.010396
537000,A_w100_T10000_std_lr0.01_s3_A1,0.82,0.00020202,0.73,16.0883,5.6153,0.278211,0.61102,0.000808081,0.528365,2.97926,0.177348,15.8773,0.206386,4.84529,4.74889,0.82,0.0200872
537000,A_w100_T10000_std_lr0.01_s4_A1,0.82,0.00020202,0.8,11.9997,3.9145,0.288347,0.617081,0.00121212,0.516508,5.80021,0.0890499,15.4116,0.207335,4.82312,3.4068,0.82,0.0274652
537000,A_w100_T10000_std_lr0.01_s5_A1,0.68,0.00121212,0.95,16.777,5.20373,0.264163,0.578859,0.00121212,7.87326e-13,1.97983e-11,0.0397674,16.6711,0.184517,5.41954,4.54361,0.68,1.04642e-13
537000,A_w100_T10000_std_lr0.01_s6_A1,0.86,0.00020202,0.83,9.16946,3.98756,0.283124,0.617313,0.00323232,0.0352994,1.18503,0.0297879,15.7963,0.221493,4.51481,3.36156,0.86,0.0138449
537000,A_w100_T10000_std_lr0.01_s7_A1,0.72,0.00161616,0.62,16.778,5.23269,0.28,0.614303,0.00282828,0.0180816,0.667939,0.0270708,16.1199,0.24112,4.14731,3.94871,0.72,0.00692974
537000,A_w100_T10000_std_lr0.01_s8_A1,0.63,0.00121212,0.49,18.8051,6.31445,0.277859,0.595697,0.000606061,8.57035e-05,0.000431218,0.198748,16.346,0.24553,4.07282,4.90078,0.63,2.91317e-06
537000,A_w100_T10000_std_lr0.01_s9_A1,0.83,0,0.82,10.4774,3.71397,0.282433,0.617253,0.0010101,0.00676291,0.0302417,0.223629,16.0953,0.232067,4.30911,3.69388,0.83,0.00013218
538000,A_w100_T10000_std_lr0.01_s0_A1,0.88,0,0.84,10.0875,4.26831,0.275076,0.607252,0.00222222,0.0302673,0.550866,0.0549449,15.6757,0.237119,4.2173,2.51209,0.88,0.0111551
538000,A_w100_T10000_std_lr0.01_s1_A1,0.91,0,0.91,6.26603,2.71755,0.30293,0.647283,0.00222222,0.26693,5.62101,0.0474878,14.9074,0.273974,3.64998,2.4058,0.91,0.0708275
538000,A_w100_T10000_std_lr0.01_s2_A1,0.83,0.00181818,0.69,12.2371,4.54371,0.288342,0.630667,0.00141414,0.121473,1.92992,0.0629417,15.4883,0.231576,4.31824,2.42423,0.83,0.0109208
538000,A_w100_T10000_std_lr0.01_s3_A1,0.82,0.00020202,0.73,16.4198,5.76265,0.278246,0.611657,0.000808081,0.0788161,0.867357,0.0908693,15.8746,0.206298,4.84735,4.74899,0.82,0.00709087
538000,A_w100_T10000_std_lr0.01_s4_A1,0.84,0.00020202,0.8,11.6206,3.6163,0.288494,0.618131,0.00121212,1.85134,5.66648,0.326718,15.4061,0.207583,4.81735,3.38852,0.84,0.0270954
538000,A_w100_T10000_std_lr0.01_s5_A1,0.68,0.00121212,0.94,16.777,5.20373,0.264163,0.578859,0.00121212,1.23374e-12,1.90395e-11,0.064799,16.6711,0.184517,5.41954,4.54361,0.68,9.45093e-14
538000,A_w100_T10000_std_lr0.01_s6_A1,0.86,0.00020202,0.83,9.23564,4.03323,0.283124,0.617313,0.00323232,0.0821694,1.9712,0.0416849,15.7949,0.221401,4.51668,3.3644,0.86,0.0134438
538000,A_w100_T10000_std_lr0.01_s7_A1,0.72,0.00161616,0.62,16.8425,5.22027,0.280089,0.614303,0.00282828,0.104727,0.757642,0.138227,16.1177,0.241061,4.14834,3.83312,0.72,0.00584628
538000,A_w100_T10000_std_lr0.01_s8_A1,0.63,0.00121212,0.49,18.8065,6.31528,0.277859,0.595697,0.000606061,1.19585e-06,4.27253e-05,0.0279893,16.346,0.245531,4.0728,4.90078,0.63,2.71079e-07
538000,A_w100_T10000_std_lr0.01_s9_A1,0.83,0,0.82,10.4725,3.70776,0.282435,0.617253,0.0010101,0.000532954,0.00617767,0.086271,16.0951,0.232059,4.30924,3.69251,0.83,2.65832e-05
539000,A_w100_T10000_std_lr0.01_s0_A1,0.88,0,0.84,10.0999,4.29829,0.2751,0.607252,0.00222222,0.0213365,0.37139,0.0574504,15.6751,0.237198,4.21589,2.51371,0.88,0.00878797
539000,A_w100_T10000_std_lr0.01_s1_A1,0.91,0,0.91,6.18443,2.65664,0.303065,0.648293,0.00222222,0.624155,6.93723,0.0899718,14.9029,0.273652,3.65428,2.41836,0.91,0.0796539
539000,A_w100_T10000_std_lr0.01_s2_A1,0.83,0.00181818,0.69,12.148,4.5123,0.288439,0.630667,0.00141414,0.0244856,0.357634,0.0684654,15.4873,0.231493,4.31978,2.42612,0.83,0.005237
539000,A_w100_T10000_std_lr0.01_s3_A1,0.82,0.00020202,0.74,16.3127,5.66036,0.278258,0.611465,0.000808081,0.0217733,0.569147,0.038256,15.873,0.206197,4.84973,4.74377,0.82,0.00373025
539000,A_w100_T10000_std_lr0.01_s4_A1,0.83,0.00020202,0.8,11.6547,3.70786,0.288434,0.618707,0.00121212,0.0217223,0.382355,0.0568118,15.405,0.207528,4.81864,3.40063,0.83,0.00207947
539000,A_w100_T10000_std_lr0.01_s5_A1,0.68,0.00121212,0.95,16.777,5.20373,0.264163,0.578859,0.00121212,8.91935e-13,1.8938e-11,0.0470977,16.6711,0.184517,5.41954,4.54361,0.68,9.22284e-14
539000,A_w100_T10000_std_lr0.01_s6_A1,0.86,0.00020202,0.83,9.27591,4.06167,0.283171,0.617313,0.00323232,0.0754155,1.08331,0.0696161,15.7935,0.221349,4.51775,3.35637,0.86,0.00848322
539000,A_w100_T10000_std_lr0.01_s7_A1,0.72,0.00161616,0.62,16.9186,5.23116,0.280208,0.614303,0.00282828,0.0846513,0.372981,0.226959,16.1152,0.241004,4.14931,3.92572,0.72,0.00330141
539000,A_w100_T10000_std_lr0.01_s8_A1,0.63,0.00121212,0.49,18.8071,6.31573,0.277859,0.595697,0.000606061,1.32326e-06,8.30248e-06,0.159381,16.346,0.245531,4.07281,4.90077,0.63,6.01927e-08
539000,A_w100_T10000_std_lr0.01_s9_A1,0.83,0,0.82,10.478,3.70641,0.282436,0.617253,0.0010101,0.000197485,0.00287467,0.0686984,16.095,0.232057,4.30929,3.69197,0.83,1.02697e-05
540000,A_w100_T10000_std_lr0.01_s0_A1,0.88,0,0.84,10.0276,4.34982,0.275105,0.607283,0.00222222,0.14097,0.768564,0.18342,15.6747,0.237206,4.21574,2.51773,0.88,0.0110496
540000,A_w100_T10000_std_lr0.01_s1_A1,0.91,0,0.91,6.3148,2.76326,0.303077,0.648293,0.00222222,0.21603,4.78572,0.0451405,14.9006,0.273423,3.65734,2.4338,0.91,0.0659781
540000,A_w100_T10000_std_lr0.01_s2_A1,0.83,0.00181818,0.69,12.1627,4.4961,0.288442,0.630667,0.00141414,0.0093072,0.266506,0.0349231,15.4869,0.23146,4.3204,2.42821,0.83,0.00453093
540000,A_w100_T10000_std_lr0.01_s3_A1,0.82,0.00020202,0.74,16.3537,5.76668,0.278329,0.610828,0.000808081,0.0315693,0.293115,0.107703,15.8714,0.206243,4.84865,4.74288,0.82,0.00250084
540000,A_w100_T10000_std_lr0.01_s4_A1,0.83,0.00020202,0.8,11.7469,3.72842,0.288387,0.617596,0.00121212,0.0492534,0.260011,0.189428,15.4043,0.2074,4.82159,3.39166,0.83,0.00122035
540000,A_w100_T10000_std_lr0.01_s5_A1,0.68,0.00121212,0.95,16.777,5.20373,0.264163,0.578859,0.00121212,3.21724e-12,2.9478e-11,0.10914,16.6711,0.184517,5.41954,4.54361,0.68,1.64761e-13
540000,A_w100_T10000_std_lr0.01_s6_A1,0.87,0.00020202,0.83,9.1263,4.07026,0.283219,0.617505,0.00323232,0.0137723,0.4149,0.0331942,15.7928,0.221419,4.51632,3.0766,0.87,0.00492818
540000,A_w100_T10000_std_lr0.01_s7_A1,0.73,0.00141414,0.62,16.948,5.23733,0.280308,0.614303,0.00282828,0.185472,0.561732,0.330179,16.1133,0.241026,4.14893,3.72258,0.73,0.00414128
540000,A_w100_T10000_std_lr0.01_s8_A1,0.63,0.00121212,0.5,18.8073,6.31576,0.277859,0.595697,0.000606061,4.71291e-08,1.09239e-06,0.043143,16.346,0.245531,4.07281,4.90078,0.63,6.52632e-09
540000,A_w100_T10000_std_lr0.01_s9_A1,0.83,0,0.82,10.4779,3.70839,0.282438,0.617253,0.0010101,3.01126e-05,0.000372208,0.0809025,16.095,0.232057,4.30929,3.6918,0.83,1.44166e-06
541000,A_w100_T10000_std_lr0.01_s0_A1,0.91,0.00020202,0.88,6.03816,2.73077,0.277635,0.608303,0.00222222,2.59757,15.2328,0.170525,15.6685,0.239289,4.17904,2.43943,0.91,0.265351
541000,A_w100_T10000_std_lr0.01_s1_A1,0.95,0.000606061,0.92,4.14366,1.80214,0.304916,0.650061,0.00222222,0.694679,24.177,0.028733,14.8889,0.276129,3.62149,1.8619,0.95,0.422261
541000,A_w100_T10000_std_lr0.01_s2_A1,0.78,0.000606061,0.7,12.9569,4.72595,0.290479,0.634717,0.00161616,5.5112,45.6758,0.120659,15.4785,0.22745,4.39657,2.63222,0.78,0.395567
541000,A_w100_T10000_std_lr0.01_s3_A1,0.8,0.00181818,0.67,14.5321,4.63384,0.281797,0.622838,0.000808081,1.62311,11.7818,0.137764,15.8613,0.219101,4.56411,3.5801,0.8,0.0974811
541000,A_w100_T10000_std_lr0.01_s4_A1,0.89,0.00141414,0.76,9.21407,3.00617,0.299167,0.631818,0.00282828,3.61964,43.8488,0.0825483,15.3124,0.237442,4.21156,2.76955,0.89,0.50581
541000,A_w100_T10000_std_lr0.01_s5_A1,0.65,0.000808081,0.58,17.63,5.86353,0.266414,0.581626,0.00121212,0.592634,5.85843,0.101159,16.6528,0.191568,5.22007,4.69771,0.65,0.0272468
541000,A_w100_T10000_std_lr0.01_s6_A1,0.91,0,0.87,7.0222,3.26775,0.284101,0.618253,0.00323232,2.48821,15.5721,0.159787,15.8003,0.221882,4.50689,2.79398,0.91,0.343951
541000,A_w100_T10000_std_lr0.01_s7_A1,0.75,0.000808081,0.69,13.9563,5.01214,0.282598,0.613929,0.0030303,3.98972,39.3861,0.101298,16.0868,0.243098,4.11356,3.4882,0.75,0.399608
541000,A_w100_T10000_std_lr0.01_s8_A1,0.67,0.0020202,0.54,16.5023,3.96767,0.278376,0.594444,0.000808081,0.0199255,0.29247,0.0681282,16.3462,0.249294,4.01133,4.6217,0.67,0.00323668
541000,A_w100_T10000_std_lr0.01_s9_A1,0.86,0,0.86,8.25268,5.1289,0.284792,0.618505,0.00121212,8.67923,37.2905,0.232746,16.0682,0.237853,4.20429,3.36337,0.86,0.313491
542000,A_w100_T10000_std_lr0.01_s0_A1,0.94,0.00020202,0.9,5.3181,2.87558,0.277823,0.609,0.00222222,0.545718,10.2168,0.0534136,15.6643,0.239748,4.17104,1.85691,0.94,0.153374
542000,A_w100_T10000_std_lr0.01_s1_A1,0.96,0.00020202,0.93,4.38483,2.05096,0.305113,0.65098,0.00222222,1.00099,23.2967,0.0429672,14.8772,0.275427,3.63072,1.64521,0.96,0.330347
542000,A_w100_T10000_std_lr0.01_s2_A1,0.81,0.00020202,0.7,13.3414,4.71829,0.289887,0.634212,0.00181818,3.64755,24.7332,0.147476,15.4633,0.225817,4.42837,2.70347,0.81,0.178232
542000,A_w100_T10000_std_lr0.01_s3_A1,0.79,0.00161616,0.67,14.7031,4.85674,0.281685,0.621091,0.000808081,0.0708693,2.5574,0.0277115,15.857,0.218641,4.57371,3.80162,0.79,0.024307
542000,A_w100_T10000_std_lr0.01_s4_A1,0.9,0.00141414,0.78,8.17844,2.54744,0.299789,0.632636,0.00282828,0.23649,19.5885,0.0120729,15.2819,0.238636,4.19048,2.737,0.9,0.161477
542000,A_w100_T10000_std_lr0.01_s5_A1,0.67,0.000606061,0.59,17.8161,5.85891,0.266281,0.581859,0.00121212,0.010172,0.253191,0.0401752,16.6499,0.191305,5.22725,4.51328,0.67,0.00129619
542000,A_w100_T10000_std_lr0.01_s6_A1,0.91,0,0.87,7.33603,3.37899,0.283774,0.618788,0.00323232,1.687,12.3526,0.136571,15.7953,0.22146,4.51549,2.87874,0.91,0.205143
542000,A_w100_T10000_std_lr0.01_s7_A1,0.77,0.000606061,0.69,13.9192,4.77951,0.283357,0.613081,0.00282828,8.42254,40.6611,0.20714,16.0728,0.241195,4.14602,3.89994,0.77,0.252018
542000,A_w100_T10000_std_lr0.01_s8_A1,0.66,0.0020202,0.54,16.5546,4.055,0.27821,0.594444,0.000808081,0.00975225,0.0918748,0.106147,16.3464,0.249095,4.01453,4.48753,0.66,0.00108889
542000,A_w100_T10000_std_lr0.01_s9_A1,0.87,0,0.87,8.27934,4.80941,0.285442,0.618758,0.00121212,1.63246,17.4283,0.0936671,16.0531,0.238453,4.1937,3.31423,0.87,0.151103
543000,A_w100_T10000_std_lr0.01_s0_A1,0.93,0.00020202,0.9,5.37716,2.85774,0.277995,0.608263,0.00222222,0.669661,9.01831,0.0742557,15.6626,0.2401,4.16493,1.95054,0.93,0.128408
543000,A_w100_T10000_std_lr0.01_s1_A1,0.97,0.00020202,0.93,4.4005,2.22836,0.304939,0.650374,0.00222222,7.19874,26.3565,0.273129,14.8715,0.27445,3.64365,1.69291,0.97,0.39118
543000,A_w100_T10000_std_lr0.01_s2_A1,0.79,0.00020202,0.7,13.6866,4.98815,0.289722,0.633081,0.00181818,2.72441,13.256,0.205522,15.4551,0.224681,4.45075,2.85183,0.79,0.0831582
543000,A_w100_T10000_std_lr0.01_s3_A1,0.79,0.00161616,0.67,14.7031,4.9299,0.281754,0.622737,0.000808081,0.373043,2.80801,0.13285,15.8532,0.218467,4.57734,3.85131,0.79,0.0188862
543000,A_w100_T10000_std_lr0.01_s4_A1,0.89,0.000808081,0.81,7.82807,2.47915,0.300316,0.634869,0.00282828,5.86212,24.3271,0.240971,15.2579,0.238604,4.19104,3.07397,0.89,0.158063
543000,A_w100_T10000_std_lr0.01_s5_A1,0.66,0.000808081,0.59,17.7818,5.82449,0.266235,0.581859,0.00121212,0.00137159,0.0449567,0.0305091,16.6497,0.191172,5.23088,4.51755,0.66,0.000197125
543000,A_w100_T10000_std_lr0.01_s6_A1,0.91,0,0.87,7.2157,3.61842,0.283841,0.618545,0.00323232,3.89881,19.443,0.200525,15.787,0.220814,4.5287,2.90092,0.91,0.302449
543000,A_w100_T10000_std_lr0.01_s7_A1,0.79,0.000606061,0.69,13.8893,4.95552,0.283414,0.614646,0.0030303,0.379635,11.2919,0.03362,16.0626,0.239869,4.16894,3.64233,0.79,0.075635
543000,A_w100_T10000_std_lr0.01_s8_A1,0.66,0.00242424,0.54,16.6233,4.10427,0.278177,0.594444,0.000808081,0.00165693,0.0237827,0.0696695,16.346,0.249014,4.01583,4.48121,0.66,0.000202578
543000,A_w100_T10000_std_lr0.01_s9_A1,0.87,0.00020202,0.87,8.10317,5.05031,0.285508,0.617828,0.00121212,5.29721,18.9057,0.28019,16.0471,0.238228,4.19766,3.29231,0.87,0.146969
544000,A_w100_T10000_std_lr0.01_s0_A1,0.93,0.00020202,0.9,5.34447,2.89584,0.278001,0.609,0.00222222,1.10075,6.41958,0.171467,15.6607,0.240447,4.15893,1.95139,0.93,0.113002
544000,A_w100_T10000_std_lr0.01_s1_A1,0.97,0.00020202,0.93,4.76945,2.5157,0.305073,0.650374,0.00222222,1.2221,21.0195,0.0581409,14.8653,0.274137,3.64781,1.73272,0.97,0.239939
544000,A_w100_T10000_std_lr0.01_s2_A1,0.78,0.00020202,0.7,13.7236,5.07252,0.289636,0.633081,0.00181818,0.595946,2.5836,0.230666,15.4515,0.224036,4.46357,2.98015,0.78,0.0211109
544000,A_w100_T10000_std_lr0.01_s3_A1,0.79,0.00161616,0.67,14.5994,4.83752,0.281757,0.62297,0.000808081,0.749928,2.47195,0.303375,15.852,0.218194,4.58308,3.87517,0.79,0.0152584
544000,A_w100_T10000_std_lr0.01_s4_A1,0.89,0.00040404,0.82,7.65818,2.36845,0.300434,0.634828,0.00282828,0.468566,8.8429,0.0529878,15.2447,0.238205,4.19806,3.11964,0.89,0.076534
544000,A_w100_T10000_std_lr0.01_s5_A1,0.67,0.000808081,0.59,17.764,5.81985,0.266235,0.581859,0.00121212,0.00169235,0.0149543,0.113169,16.6494,0.19114,5.23177,4.51033,0.67,6.59392e-05
544000,A_w100_T10000_std_lr0.01_s6_A1,0.9,0,0.87,7.3478,3.6079,0.284277,0.61904,0.00323232,0.387829,7.34222,0.0528218,15.78,0.220789,4.52922,3.31945,0.9,0.109386
544000,A_w100_T10000_std_lr0.01_s7_A1,0.78,0.000606061,0.69,13.7836,4.89068,0.283736,0.615303,0.0030303,0.833645,13.3287,0.0625451,16.0552,0.239219,4.18027,3.68326,0.78,0.0709675
544000,A_w100_T10000_std_lr0.01_s8_A1,0.66,0.00242424,0.54,16.6319,4.127,0.278151,0.594444,0.000808081,0.000155799,0.00293385,0.0531037,16.346,0.248969,4.01656,4.47915,0.66,4.04914e-05
544000,A_w100_T10000_std_lr0.01_s9_A1,0.87,0,0.87,8.27471,4.8952,0.285825,0.618535,0.00121212,0.969379,12.2988,0.0788193,16.0371,0.238251,4.19725,3.26452,0.87,0.0730626
545000,A_w100_T10000_std_lr0.01_s0_A1,0.93,0.00020202,0.9,5.34153,3.01438,0.277988,0.608263,0.00222222,0.434059,6.17965,0.0702401,15.6603,0.240742,4.15383,1.95712,0.93,0.0895891
545000,A_w100_T10000_std_lr0.01_s1_A1,0.96,0.00020202,0.93,4.73039,2.38234,0.305111,0.650485,0.00222222,2.08687,23.2723,0.0896718,14.8618,0.273907,3.65088,1.95952,0.96,0.294627
545000,A_w100_T10000_std_lr0.01_s2_A1,0.81,0.000606061,0.7,13.6666,5.07817,0.28977,0.633081,0.00181818,0.11098,1.19571,0.0928154,15.4474,0.223834,4.46761,2.81916,0.81,0.00756441
545000,A_w100_T10000_std_lr0.01_s3_A1,0.79,0.00161616,0.68,14.5352,4.78589,0.281687,0.62297,0.000808081,0.018937,0.795728,0.0237984,15.8508,0.218015,4.58684,3.89046,0.79,0.00455636
545000,A_w100_T10000_std_lr0.01_s4_A1,0.88,0.00040404,0.82,7.36679,2.26326,0.300485,0.635566,0.00323232,5.4585,25.9668,0.210211,15.2356,0.237977,4.20209,3.20838,0.88,0.11972
545000,A_w100_T10000_std_lr0.01_s5_A1,0.66,0.000808081,0.59,17.7607,5.81886,0.266232,0.581859,0.00121212,0.000129088,0.00146319,0.0882237,16.6493,0.191116,5.23241,4.51571,0.66,6.62681e-06
545000,A_w100_T10000_std_lr0.01_s6_A1,0.91,0,0.88,7.31388,3.76787,0.284618,0.619333,0.00323232,0.50901,8.23206,0.0618327,15.7737,0.220732,4.53039,2.94107,0.91,0.100226
545000,A_w100_T10000_std_lr0.01_s7_A1,0.78,0.000606061,0.69,13.504,4.88945,0.283927,0.614152,0.0030303,0.060748,1.7367,0.034979,16.0502,0.238774,4.18806,3.63807,0.78,0.0139047
545000,A_w100_T10000_std_lr0.01_s8_A1,0.66,0.00242424,0.54,16.6435,4.1377,0.27814,0.594444,0.000808081,4.55874e-05,0.000891078,0.0511598,16.346,0.248948,4.0169,4.47793,0.66,1.22698e-05
545000,A_w100_T10000_std_lr0.01_s9_A1,0.87,0,0.87,8.25707,4.68999,0.285804,0.618374,0.00121212,1.41824,9.12906,0.155355,16.0338,0.237619,4.20843,3.25603,0.87,0.0544776
546000,A_w100_T10000_std_lr0.01_s0_A1,0.93,0.00020202,0.9,5.48801,3.06503,0.277993,0.608263,0.00222222,0.176565,4.24255,0.0416176,15.6576,0.241027,4.14891,1.95791,0.93,0.0749187
546000,A_w100_T10000_std_lr0.01_s1_A1,0.95,0.00020202,0.93,4.67981,2.31228,0.305067,0.65001,0.00222222,0.640191,15.5414,0.0411927,14.8607,0.273423,3.65734,2.09614,0.95,0.214954
546000,A_w100_T10000_std_lr0.01_s2_A1,0.81,0.000606061,0.7,13.6031,5.07595,0.289784,0.633081,0.00181818,0.0656546,0.495571,0.132483,15.4467,0.223671,4.47085,2.82423,0.81,0.00301293
546000,A_w100_T10000_std_lr0.01_s3_A1,0.79,0.00161616,0.68,14.6975,4.86311,0.281743,0.62297,0.000808081,0.0744425,2.05641,0.0362002,15.8493,0.217841,4.59051,3.90804,0.79,0.00741818
546000,A_w100_T10000_std_lr0.01_s4_A1,0.88,0.000606061,0.83,7.568,2.4138,0.300405,0.635566,0.00323232,5.45671,17.5488,0.310944,15.2278,0.237622,4.20836,2.99578,0.88,0.113361
546000,A_w100_T10000_std_lr0.01_s5_A1,0.65,0.000808081,0.59,17.7574,5.81772,0.266233,0.582636,0.00121212,0.000503469,0.00191021,0.263567,16.6493,0.191115,5.23245,4.6841,0.65,8.98357e-06
546000,A_w100_T10000_std_lr0.01_s6_A1,0.91,0,0.88,7.50001,3.92924,0.284763,0.619333,0.00323232,5.08717,15.9391,0.319163,15.7697,0.2206,4.53308,2.98433,0.91,0.165233
546000,A_w100_T10000_std_lr0.01_s7_A1,0.79,0.000606061,0.69,13.4229,4.93453,0.284018,0.614869,0.0030303,0.180621,1.92156,0.0939974,16.0476,0.238321,4.19603,3.52828,0.79,0.0106739
546000,A_w100_T10000_std_lr0.01_s8_A1,0.65,0.00242424,0.54,16.6501,4.14431,0.278131,0.594444,0.000808081,1.54329e-05,0.000356057,0.043344,16.346,0.248933,4.01714,4.54071,0.65,3.62412e-06
546000,A_w100_T10000_std_lr0.01_s9_A1,0.87,0,0.87,8.46466,4.93134,0.286027,0.618535,0.00121212,0.719401,7.18125,0.100178,16.0291,0.237816,4.20492,3.24894,0.87,0.0389269
547000,A_w100_T10000_std_lr0.01_s0_A1,0.93,0.00020202,0.9,5.51663,2.99348,0.277968,0.608556,0.00222222,0.0709816,4.75919,0.0149147,15.6574,0.241463,4.14142,1.95364,0.93,0.0613415
547000,A_w100_T10000_std_lr0.01_s1_A1,0.95,0.00020202,0.93,4.75243,2.42462,0.305106,0.64898,0.00222222,0.492572,15.7184,0.0313373,14.8556,0.272922,3.66405,2.09101,0.95,0.195079
547000,A_w100_T10000_std_lr0.01_s2_A1,0.81,0.000606061,0.7,13.5846,5.086,0.289768,0.633081,0.00181818,0.00341789,0.0835715,0.0408977,15.446,0.22356,4.47308,2.82694,0.81,0.000629599
547000,A_w100_T10000_std_lr0.01_s3_A1,0.79,0.00161616,0.68,14.6501,4.81691,0.281785,0.623141,0.000808081,0.341903,1.08615,0.314785,15.8474,0.217817,4.59101,3.90936,0.79,0.00564132
547000,A_w100_T10000_std_lr0.01_s4_A1,0.89,0.00040404,0.83,7.44855,2.23505,0.30042,0.634131,0.00282828,2.22386,10.6834,0.208161,15.221,0.237705,4.20689,2.92116,0.89,0.0595327
547000,A_w100_T10000_std_lr0.01_s5_A1,0.65,0.000808081,0.59,17.7575,5.81715,0.266234,0.581859,0.00121212,1.38611e-05,0.000106881,0.129687,16.6493,0.191113,5.2325,4.68396,0.65,4.44873e-07
547000,A_w100_T10000_std_lr0.01_s6_A1,0.91,0,0.89,7.44495,3.8952,0.285047,0.618636,0.00323232,7.12647,21.7586,0.327524,15.7678,0.220644,4.53218,2.97863,0.91,0.171319
547000,A_w100_T10000_std_lr0.01_s7_A1,0.78,0.000606061,0.69,13.4808,4.92105,0.284067,0.614152,0.0030303,0.123282,1.21318,0.101619,16.045,0.238057,4.20068,3.58928,0.78,0.00614186
547000,A_w100_T10000_std_lr0.01_s8_A1,0.65,0.00242424,0.54,16.6513,4.14679,0.27813,0.594444,0.000808081,1.69782e-05,0.00014516,0.116962,16.346,0.248929,4.01721,4.54032,0.65,1.3856e-06
547000,A_w100_T10000_std_lr0.01_s9_A1,0.87,0,0.87,8.34631,4.93905,0.286112,0.617879,0.00121212,0.586883,5.19688,0.11293,16.0273,0.237673,4.20746,3.247,0.87,0.0294696
548000,A_w100_T10000_std_lr0.01_s0_A1,0.93,0.00020202,0.9,5.59417,3.13774,0.277894,0.608556,0.00222222,0.170917,3.94424,0.0433334,15.6555,0.241423,4.14211,1.96389,0.93,0.0659858
548000,A_w100_T10000_std_lr0.01_s1_A1,0.94,0.00020202,0.93,4.8364,2.43238,0.305068,0.649091,0.00222222,0.441138,14.4484,0.030532,14.8533,0.272559,3.66893,2.19162,0.94,0.196454
548000,A_w100_T10000_std_lr0.01_s2_A1,0.82,0.000606061,0.7,13.5488,5.07734,0.289805,0.633081,0.00181818,0.0113716,0.0814585,0.139601,15.4454,0.223548,4.4733,2.73245,0.82,0.00040526
548000,A_w100_T10000_std_lr0.01_s3_A1,0.79,0.00161616,0.68,14.7372,4.83624,0.281767,0.623141,0.000808081,0.631618,2.27623,0.277485,15.847,0.217752,4.59238,3.91019,0.79,0.0089492
548000,A_w100_T10000_std_lr0.01_s4_A1,0.87,0.00020202,0.83,7.43608,2.2493,0.300144,0.634869,0.00282828,8.96678,19.6284,0.456827,15.2157,0.237466,4.21114,3.00227,0.87,0.130633
548000,A_w100_T10000_std_lr0.01_s5_A1,0.65,0.000808081,0.59,17.7571,5.81703,0.266234,0.582636,0.00121212,1.45875e-06,1.02745e-05,0.141978,16.6493,0.191113,5.23251,4.68388,0.65,5.07643e-08
548000,A_w100_T10000_std_lr0.01_s6_A1,0.91,0,0.89,7.59031,3.85047,0.28517,0.618636,0.00323232,0.267214,4.74894,0.0562682,15.7669,0.220778,4.52943,2.99846,0.91,0.0532829
548000,A_w100_T10000_std_lr0.01_s7_A1,0.79,0.000606061,0.69,13.4522,4.8834,0.284141,0.614455,0.00282828,0.226197,1.52434,0.14839,16.0438,0.237839,4.20452,3.50555,0.79,0.00677871
548000,A_w100_T10000_std_lr0.01_s8_A1,0.65,0.00242424,0.54,16.652,4.14795,0.278129,0.594444,0.000808081,4.44795e-07,1.72782e-05,0.0257431,16.346,0.248926,4.01726,4.54021,0.65,2.01293e-07
548000,A_w100_T10000_std_lr0.01_s9_A1,0.87,0,0.87,8.4796,4.80404,0.286159,0.617879,0.00121212,0.307987,1.93704,0.158998,16.0241,0.237561,4.20945,3.23233,0.87,0.0183389
549000,A_w100_T10000_std_lr0.01_s0_A1,0.93,0.00020202,0.9,5.43491,2.85973,0.277874,0.608202,0.00222222,0.439211,4.43675,0.0989939,15.656,0.242052,4.13135,1.96062,0.93,0.062
549000,A_w100_T10000_std_lr0.01_s1_A1,0.95,0.00020202,0.93,4.7299,2.31479,0.30512,0.64898,0.00222222,1.94046,15.4827,0.125331,14.8504,0.272266,3.67288,2.08766,0.95,0.22469
549000,A_w100_T10000_std_lr0.01_s2_A1,0.82,0.000606061,0.7,13.5222,5.06692,0.289814,0.633859,0.00181818,0.00512349,0.0301496,0.169935,15.4451,0.223533,4.47362,2.73293,0.82,0.000136021
549000,A_w100_T10000_std_lr0.01_s3_A1,0.78,0.00161616,0.68,14.6655,4.80221,0.281783,0.623141,0.000808081,0.0205839,0.47429,0.0433994,15.8466,0.217751,4.5924,4.11801,0.78,0.00174901
549000,A_w100_T10000_std_lr0.01_s4_A1,0.88,0.00020202,0.83,7.34455,2.14584,0.300161,0.634828,0.00323232,5.44912,15.1939,0.358639,15.2118,0.237745,4.20618,2.80322,0.88,0.0992178
549000,A_w100_T10000_std_lr0.01_s5_A1,0.65,0.000808081,0.59,17.7571,5.8171,0.266234,0.582636,0.00121212,7.80639e-08,1.26013e-06,0.0619489,16.6493,0.191112,5.23252,4.68385,0.65,6.16136e-09
549000,A_w100_T10000_std_lr0.01_s6_A1,0.91,0,0.89,7.61478,3.89549,0.285237,0.618636,0.00323232,1.21789,8.90665,0.136739,15.763,0.220629,4.5325,3.00713,0.91,0.0627574
549000,A_w100_T10000_std_lr0.01_s7_A1,0.79,0.000606061,0.69,13.4706,4.87755,0.284122,0.614455,0.00282828,0.0546151,0.306894,0.177961,16.043,0.237717,4.20669,3.49325,0.79,0.00159943
549000,A_w100_T10000_std_lr0.01_s8_A1,0.65,0.00242424,0.54,16.6521,4.14855,0.278128,0.594444,0.000808081,1.10931e-07,4.73647e-06,0.0234205,16.346,0.248924,4.01729,4.54017,0.65,6.60019e-08
549000,A_w100_T10000_std_lr0.01_s9_A1,0.87,0,0.87,8.58038,4.87969,0.286207,0.618374,0.00121212,0.599788,2.68846,0.223097,16.0221,0.237399,4.21232,3.21585,0.87,0.0194668
550000,A_w100_T10000_std_lr0.01_s0_A1,0.93,0.00020202,0.9,5.48853,2.95932,0.277831,0.608202,0.00222222,0.336119,4.12166,0.0815494,15.6557,0.242082,4.13083,1.9498,0.93,0.0566757
550000,A_w100_T10000_std_lr0.01_s1_A1,0.95,0.00020202,0.93,4.50972,2.12095,0.305193,0.649455,0.00222222,0.764993,15.11,0.0506284,14.8472,0.271987,3.67665,2.09816,0.95,0.218058
550000,A_w100_T10000_std_lr0.01_s2_A1,0.82,0.000606061,0.7,13.5203,5.06516,0.289819,0.633859,0.00181818,0.000737548,0.00704134,0.104745,15.445,0.223526,4.47376,2.73345,0.82,3.99675e-05
550000,A_w100_T10000_std_lr0.01_s3_A1,0.79,0.00161616,0.68,14.6597,4.82351,0.281819,0.623141,0.000808081,0.00411275,0.133235,0.0308685,15.8462,0.217755,4.59232,3.90968,0.79,0.000627769
550000,A_w100_T10000_std_lr0.01_s4_A1,0.9,0.00020202,0.83,7.32787,2.17335,0.30022,0.636242,0.00323232,0.153267,4.25227,0.0360435,15.2076,0.237627,4.20828,2.56273,0.9,0.0219518
550000,A_w100_T10000_std_lr0.01_s5_A1,0.65,0.000808081,0.59,17.7571,5.81709,0.266234,0.582636,0.00121212,3.12581e-08,4.11279e-07,0.076002,16.6493,0.191112,5.23253,4.68384,0.65,1.92307e-09
550000,A_w100_T10000_std_lr0.01_s6_A1,0.91,0,0.89,7.68765,4.00458,0.285374,0.618636,0.00323232,4.48683,15.3149,0.292971,15.7598,0.220598,4.53313,2.98987,0.91,0.110617
550000,A_w100_T10000_std_lr0.01_s7_A1,0.79,0.000606061,0.69,13.4224,4.86024,0.284117,0.614455,0.00282828,0.0308487,0.239212,0.12896,16.0429,0.237688,4.2072,3.49182,0.79,0.000882081
550000,A_w100_T10000_std_lr0.01_s8_A1,0.65,0.00242424,0.54,16.6525,4.14894,0.278127,0.594444,0.000808081,1.10742e-07,1.9958e-06,0.0554873,16.346,0.248923,4.0173,4.5401,0.65,1.90498e-08
550000,A_w100_T10000_std_lr0.01_s9_A1,0.87,0,0.87,8.64982,4.91906,0.286211,0.617879,0.00121212,2.48245,9.54509,0.260077,16.0215,0.237192,4.216,3.20598,0.87,0.0474703
551000,A_w100_T10000_std_lr0.01_s0_A1,0.94,0,0.91,5.2936,2.33963,0.279707,0.610283,0.00222222,0.202867,6.65684,0.0304749,15.6309,0.24143,4.14199,2.31963,0.94,0.404581
551000,A_w100_T10000_std_lr0.01_s1_A1,0.96,0.00020202,0.94,3.0984,1.73294,0.306393,0.651141,0.00222222,0.630739,7.63575,0.0826034,14.8459,0.277007,3.61002,2.06027,0.96,0.528132
551000,A_w100_T10000_std_lr0.01_s2_A1,0.71,0.00222222,0.5,18.1969,5.09544,0.297542,0.637434,0.00161616,0.0324751,0.425573,0.0763092,15.4015,0.231241,4.32449,3.23575,0.71,0.003601
551000,A_w100_T10000_std_lr0.01_s3_A1,0.77,0.00181818,0.59,20.3061,7.55025,0.28947,0.630121,0.0010101,0.0984456,3.49873,0.0281376,15.8118,0.231741,4.31516,3.64638,0.77,0.0423639
551000,A_w100_T10000_std_lr0.01_s4_A1,0.78,0.00161616,0.66,13.7899,4.2138,0.311831,0.648354,0.00363636,0.607457,21.9387,0.0276888,15.1344,0.255032,3.92108,3.71308,0.78,0.152203
551000,A_w100_T10000_std_lr0.01_s5_A1,0.74,0.000606061,0.68,15.3216,5.30385,0.269285,0.582747,0.000808081,1.08047,12.669,0.0852847,16.5958,0.200474,4.98818,4.17388,0.74,0.119312
551000,A_w100_T10000_std_lr0.01_s6_A1,0.8,0.000808081,0.68,15.6538,5.0439,0.287625,0.623859,0.00323232,0.0812821,1.86136,0.0436681,15.7223,0.224128,4.46173,4.28928,0.8,0.0219286
551000,A_w100_T10000_std_lr0.01_s7_A1,0.82,0.00121212,0.65,11.9905,4.00699,0.28914,0.622434,0.00343434,0.25554,3.7274,0.0685573,16.0347,0.246625,4.05474,4.07092,0.82,0.0357158
551000,A_w100_T10000_std_lr0.01_s8_A1,0.78,0.0010101,0.65,15.9994,4.91412,0.278822,0.595798,0.000606061,0.1453,2.57526,0.0564215,16.3267,0.249633,4.00588,4.20323,0.78,0.0230637
551000,A_w100_T10000_std_lr0.01_s9_A1,0.91,0,0.88,6.50869,3.02625,0.286156,0.620313,0.00121212,1.70496,21.4254,0.0795762,16.0285,0.24005,4.1658,2.66618,0.91,0.318342
552000,A_w100_T10000_std_lr0.01_s0_A1,0.94,0,0.91,5.3342,2.46279,0.279853,0.611899,0.00222222,0.0583084,4.96102,0.0117533,15.6251,0.241214,4.14569,2.27688,0.94,0.347779
552000,A_w100_T10000_std_lr0.01_s1_A1,0.96,0.00020202,0.94,3.28074,1.73486,0.306234,0.650465,0.00222222,0.70432,8.63209,0.0815933,14.8485,0.277087,3.60897,2.11766,0.96,0.508748
552000,A_w100_T10000_std_lr0.01_s2_A1,0.7,0.00222222,0.5,18.1127,5.04928,0.297541,0.637909,0.00161616,0.0040878,0.0528122,0.0774027,15.4012,0.231245,4.32441,3.27627,0.7,0.000378787
552000,A_w100_T10000_std_lr0.01_s3_A1,0.76,0.00181818,0.59,19.8739,7.47955,0.289384,0.630859,0.0010101,0.0135717,0.268627,0.0505226,15.8129,0.231267,4.32401,3.71077,0.76,0.0167503
552000,A_w100_T10000_std_lr0.01_s4_A1,0.79,0.0010101,0.68,13.9575,4.50598,0.311535,0.648212,0.00323232,1.08878,11.7541,0.0926298,15.1234,0.253837,3.93954,3.63826,0.79,0.0738154
552000,A_w100_T10000_std_lr0.01_s5_A1,0.74,0.000606061,0.68,15.5288,5.1589,0.269557,0.582748,0.0010101,1.06764,10.4014,0.102644,16.5824,0.200646,4.98391,4.17619,0.74,0.0582671
552000,A_w100_T10000_std_lr0.01_s6_A1,0.79,0.000808081,0.68,15.7183,5.01459,0.287782,0.624677,0.00323232,0.0587357,1.11285,0.0527795,15.7203,0.224418,4.45597,4.46217,0.79,0.0116733
552000,A_w100_T10000_std_lr0.01_s7_A1,0.8,0.0010101,0.67,12.1863,4.10948,0.288761,0.622303,0.00343434,0.285276,2.00324,0.142407,16.0345,0.245896,4.06676,3.58747,0.8,0.0152758
552000,A_w100_T10000_std_lr0.01_s8_A1,0.78,0.000606061,0.66,16.0128,5.146,0.278934,0.596606,0.000606061,0.0108151,0.423578,0.0255326,16.3265,0.249646,4.00567,4.12154,0.78,0.00393756
552000,A_w100_T10000_std_lr0.01_s9_A1,0.91,0,0.88,7.15176,3.58995,0.286657,0.621232,0.00121212,0.497931,14.2731,0.0348859,16.014,0.239853,4.16922,2.70921,0.91,0.188195
553000,A_w100_T10000_std_lr0.01_s0_A1,0.93,0,0.91,5.35472,2.46442,0.279864,0.612616,0.00222222,0.059098,3.85114,0.0153456,15.6206,0.241035,4.14878,2.31261,0.93,0.325127
553000,A_w100_T10000_std_lr0.01_s1_A1,0.96,0.00020202,0.94,3.31664,2.04629,0.306065,0.650465,0.00222222,0.213569,7.64469,0.0279369,14.8492,0.276713,3.61385,2.21611,0.96,0.397987
553000,A_w100_T10000_std_lr0.01_s2_A1,0.69,0.00222222,0.5,18.0769,5.03423,0.29753,0.637909,0.00161616,0.000223376,0.00499387,0.04473,15.4011,0.231217,4.32495,3.55569,0.69,3.39894e-05
553000,A_w100_T10000_std_lr0.01_s3_A1,0.77,0.00181818,0.59,19.8514,7.37598,0.289696,0.631192,0.0010101,0.00622321,0.191318,0.0325282,15.8131,0.231303,4.32333,3.69228,0.77,0.012218
553000,A_w100_T10000_std_lr0.01_s4_A1,0.8,0.000808081,0.69,14.0417,4.51293,0.311499,0.649788,0.00363636,0.682793,7.77856,0.0877788,15.1135,0.253865,3.9391,3.57946,0.8,0.043618
553000,A_w100_T10000_std_lr0.01_s5_A1,0.74,0.000606061,0.68,15.6881,5.21664,0.269584,0.583121,0.0010101,0.489271,3.02882,0.161539,16.5768,0.200162,4.99596,4.14848,0.74,0.0172894
553000,A_w100_T10000_std_lr0.01_s6_A1,0.79,0.000808081,0.69,15.7391,4.99952,0.287802,0.624677,0.00323232,0.0504596,0.622911,0.0810061,15.7188,0.224551,4.45333,4.47077,0.79,0.00633547
553000,A_w100_T10000_std_lr0.01_s7_A1,0.8,0.0010101,0.67,12.1741,4.1461,0.288611,0.622556,0.00343434,0.0775458,0.559168,0.138681,16.0341,0.245616,4.07139,3.58473,0.8,0.00442537
553000,A_w100_T10000_std_lr0.01_s8_A1,0.78,0.000606061,0.66,15.9177,5.2447,0.279018,0.596263,0.000606061,0.0175117,0.199104,0.0879529,16.3254,0.249706,4.00471,4.12039,0.78,0.00172463
553000,A_w100_T10000_std_lr0.01_s9_A1,0.91,0,0.88,7.55394,4.238,0.287071,0.620434,0.00121212,3.31581,26.3879,0.125656,16.001,0.239902,4.16837,2.74149,0.91,0.207168
554000,A_w100_T10000_std_lr0.01_s0_A1,0.93,0,0.91,5.41267,2.53752,0.279842,0.612616,0.00222222,0.415703,3.901,0.106563,15.6168,0.240679,4.15492,2.3591,0.93,0.327172
554000,A_w100_T10000_std_lr0.01_s1_A1,0.96,0.00020202,0.94,3.48735,2.05061,0.306085,0.650465,0.00222222,0.189822,7.12313,0.0266487,14.8486,0.276861,3.61192,2.27711,0.96,0.377918
554000,A_w100_T10000_std_lr0.01_s2_A1,0.71,0.00222222,0.5,18.0715,5.03711,0.297521,0.637909,0.00161616,0.000179784,0.00118148,0.152169,15.4011,0.231207,4.32514,3.23562,0.71,8.34294e-06
554000,A_w100_T10000_std_lr0.01_s3_A1,0.77,0.00181818,0.59,19.7885,7.35375,0.289973,0.631424,0.0010101,0.00291648,0.131046,0.0222554,15.8121,0.231411,4.32131,3.6913,0.77,0.00955308
554000,A_w100_T10000_std_lr0.01_s4_A1,0.78,0.000808081,0.69,14.0492,4.45499,0.311379,0.64899,0.00363636,0.0345432,1.47351,0.0234428,15.1102,0.25331,3.94774,3.70675,0.78,0.0130209
554000,A_w100_T10000_std_lr0.01_s5_A1,0.74,0.000606061,0.68,15.821,5.27784,0.269613,0.583121,0.0010101,0.0125369,0.51686,0.024256,16.5728,0.199958,5.00105,4.14057,0.74,0.00286673
554000,A_w100_T10000_std_lr0.01_s6_A1,0.8,0.000808081,0.69,15.8808,5.01914,0.287824,0.624677,0.00323232,0.00491994,0.268822,0.0183019,15.7182,0.224594,4.45249,4.30991,0.8,0.00314282
554000,A_w100_T10000_std_lr0.01_s7_A1,0.8,0.0010101,0.67,12.2132,4.16103,0.288513,0.622556,0.00343434,0.0400357,0.378401,0.105802,16.0333,0.245422,4.07462,3.58603,0.8,0.00218689
554000,A_w100_T10000_std_lr0.01_s8_A1,0.77,0.000606061,0.66,15.8675,5.28918,0.279128,0.596263,0.000606061,0.00107581,0.0328408,0.0327584,16.3248,0.24979,4.00336,4.38801,0.77,0.000306272
554000,A_w100_T10000_std_lr0.01_s9_A1,0.91,0,0.88,7.57261,4.04887,0.28721,0.620515,0.00121212,0.409521,12.949,0.0316258,15.9928,0.239111,4.18216,2.76683,0.91,0.116481
555000,A_w100_T10000_std_lr0.01_s0_A1,0.93,0,0.91,5.44432,2.48524,0.279797,0.612606,0.00222222,0.124185,2.3388,0.0530978,15.6137,0.240839,4.15214,2.39387,0.93,0.303636
555000,A_w100_T10000_std_lr0.01_s1_A1,0.96,0.00020202,0.94,3.58554,2.2379,0.306007,0.650465,0.00222222,0.436772,9.81512,0.0444999,14.847,0.276596,3.61539,2.31714,0.96,0.390495
555000,A_w100_T10000_std_lr0.01_s2_A1,0.71,0.00222222,0.5,18.069,5.03474,0.297519,0.637909,0.00161616,1.14315e-06,3.9261e-05,0.0291166,15.4011,0.231204,4.32518,3.2356,0.71,4.79542e-07
555000,A_w100_T10000_std_lr0.01_s3_A1,0.77,0.00181818,0.59,19.8184,7.28785,0.290473,0.631091,0.0010101,0.0105286,0.374915,0.0280826,15.8106,0.231751,4.31497,3.69076,0.77,0.00679654
555000,A_w100_T10000_std_lr0.01_s4_A1,0.78,0.000606061,0.7,14.1567,4.50996,0.311189,0.649646,0.00363636,0.0150214,0.608952,0.0246677,15.1091,0.253078,3.95134,3.71378,0.78,0.00767856
555000,A_w100_T10000_std_lr0.01_s5_A1,0.74,0.000606061,0.68,15.9561,5.32653,0.269547,0.583121,0.0010101,0.0139928,0.254237,0.0550384,16.5711,0.19977,5.00576,4.13799,0.74,0.00127152
555000,A_w100_T10000_std_lr0.01_s6_A1,0.8,0.000808081,0.69,15.9065,5.05974,0.287859,0.624677,0.00323232,0.00409564,0.159014,0.0257565,15.7173,0.224628,4.4518,4.31368,0.8,0.00222708
555000,A_w100_T10000_std_lr0.01_s7_A1,0.8,0.0010101,0.67,12.2704,4.19436,0.288402,0.622556,0.00343434,0.017676,0.0888296,0.198988,16.0334,0.245241,4.07762,3.58423,0.8,0.000664865
555000,A_w100_T10000_std_lr0.01_s8_A1,0.77,0.000606061,0.66,15.8166,5.26964,0.27917,0.596253,0.000606061,0.000645909,0.0113417,0.0569498,16.3246,0.249837,4.0026,4.38721,0.77,9.48406e-05
555000,A_w100_T10000_std_lr0.01_s9_A1,0.92,0,0.89,7.76765,4.20022,0.287741,0.621717,0.00121212,10.1133,36.8236,0.274641,15.98,0.23905,4.18323,2.70027,0.92,0.293144
556000,A_w100_T10000_std_lr0.01_s0_A1,0.94,0,0.91,5.68133,2.52872,0.279698,0.612253,0.00222222,0.19794,1.39111,0.14229,15.6116,0.240654,4.15535,2.31431,0.94,0.298874
556000,A_w100_T10000_std_lr0.01_s1_A1,0.96,0.00020202,0.94,3.47394,2.05142,0.305963,0.650465,0.00222222,0.766763,9.25812,0.0828206,14.8475,0.276828,3.61236,2.33137,0.96,0.426494
556000,A_w100_T10000_std_lr0.01_s2_A1,0.71,0.00222222,0.5,18.0682,5.03431,0.297518,0.637909,0.00161616,4.29364e-07,7.06159e-06,0.0608028,15.4011,0.231202,4.32523,3.23558,0.71,1.34927e-07
556000,A_w100_T10000_std_lr0.01_s3_A1,0.77,0.00181818,0.59,19.7629,7.26123,0.29066,0.631091,0.0010101,0.00129612,0.0861877,0.0150384,15.8101,0.231799,4.31408,3.69151,0.77,0.00383061
556000,A_w100_T10000_std_lr0.01_s4_A1,0.78,0.00040404,0.7,14.2553,4.54801,0.31107,0.649646,0.00363636,0.331816,2.18432,0.151908,15.1084,0.252923,3.95377,3.71388,0.78,0.0131129
556000,A_w100_T10000_std_lr0.01_s5_A1,0.74,0.000606061,0.68,15.9542,5.31914,0.269564,0.583121,0.0010101,0.00870059,0.06794,0.128063,16.5699,0.199794,5.00517,4.13673,0.74,0.000339255
556000,A_w100_T10000_std_lr0.01_s6_A1,0.79,0.000808081,0.69,15.9101,5.02678,0.287911,0.624677,0.00323232,0.00584845,0.198885,0.0294063,15.7162,0.224697,4.45043,4.37841,0.79,0.0017633
556000,A_w100_T10000_std_lr0.01_s7_A1,0.8,0.0010101,0.67,12.2908,4.20874,0.288354,0.622556,0.00343434,0.000827908,0.0243163,0.0340474,16.0334,0.245177,4.07869,3.58343,0.8,0.000167099
556000,A_w100_T10000_std_lr0.01_s8_A1,0.77,0.000606061,0.66,15.8065,5.27128,0.279209,0.596253,0.000606061,6.49148e-05,0.00354424,0.0183156,16.3244,0.249865,4.00216,4.38674,0.77,3.26013e-05
556000,A_w100_T10000_std_lr0.01_s9_A1,0.92,0,0.89,7.95215,4.43878,0.287835,0.621101,0.00121212,0.368529,12.0211,0.0306569,15.9722,0.239005,4.18401,2.70899,0.92,0.0877097
557000,A_w100_T10000_std_lr0.01_s0_A1,0.94,0,0.91,5.66254,2.551,0.27961,0.612606,0.00222222,0.0116999,1.02413,0.0114243,15.6103,0.240613,4.15605,2.32127,0.94,0.289272
557000,A_w100_T10000_std_lr0.01_s1_A1,0.96,0.00020202,0.94,3.61301,2.41211,0.306006,0.650465,0.00222222,0.526327,9.24915,0.0569054,14.842,0.276636,3.61486,2.29426,0.96,0.301042
557000,A_w100_T10000_std_lr0.01_s2_A1,0.71,0.00222222,0.53,18.0677,5.03417,0.297518,0.637909,0.00161616,2.06703e-09,1.03865e-07,0.0199011,15.4011,0.231201,4.32524,3.23558,0.71,6.23267e-08
557000,A_w100_T10000_std_lr0.01_s3_A1,0.77,0.00181818,0.6,19.8245,7.29443,0.290895,0.631091,0.0010101,0.00596983,0.1535,0.0388914,15.8092,0.231884,4.31251,3.69211,0.77,0.00225196
557000,A_w100_T10000_std_lr0.01_s4_A1,0.78,0.000606061,0.7,14.3022,4.63033,0.31117,0.649232,0.00363636,0.0225999,0.369919,0.0610943,15.1064,0.252773,3.95611,3.71806,0.78,0.0046678
557000,A_w100_T10000_std_lr0.01_s5_A1,0.74,0.000606061,0.68,15.9774,5.32343,0.269564,0.583121,0.0010101,0.000663841,0.010556,0.0628876,16.5695,0.199751,5.00624,4.13523,0.74,4.83175e-05
557000,A_w100_T10000_std_lr0.01_s6_A1,0.79,0.000808081,0.69,15.968,5.05512,0.28794,0.625434,0.00323232,0.00240756,0.125338,0.0192086,15.7158,0.224713,4.45013,4.38187,0.79,0.00107379
557000,A_w100_T10000_std_lr0.01_s7_A1,0.8,0.0010101,0.67,12.3014,4.21447,0.288332,0.622556,0.00343434,0.00364833,0.0129571,0.281569,16.0333,0.245136,4.07938,3.58444,0.8,9.90141e-05
557000,A_w100_T10000_std_lr0.01_s8_A1,0.77,0.000606061,0.66,15.8022,5.27209,0.279226,0.596253,0.000606061,1.52255e-05,0.000901814,0.0168832,16.3243,0.249875,4.00199,4.38668,0.77,8.26428e-06
557000,A_w100_T10000_std_lr0.01_s9_A1,0.92,0,0.89,8.00824,4.28077,0.288055,0.621576,0.00121212,0.322088,11.5236,0.0279504,15.9653,0.23845,4.19375,2.74375,0.92,0.077784
558000,A_w100_T10000_std_lr0.01_s0_A1,0.94,0,0.91,5.74036,2.63764,0.279564,0.612606,0.00222222,0.0829379,1.53711,0.0539569,15.6088,0.240589,4.15647,2.33572,0.94,0.287789
558000,A_w100_T10000_std_lr0.01_s1_A1,0.96,0.00020202,0.94,3.71182,2.54394,0.305991,0.651475,0.00222222,0.318939,7.1408,0.0446642,14.8398,0.276646,3.61473,2.28876,0.96,0.299936
558000,A_w100_T10000_std_lr0.01_s2_A1,0.71,0.00222222,0.52,18.0673,5.03411,0.297517,0.637909,0.00161616,4.77145e-09,2.01432e-07,0.0236877,15.4011,0.2312,4.32526,3.23557,0.71,2.7072e-08
558000,A_w100_T10000_std_lr0.01_s3_A1,0.77,0.00181818,0.6,19.6612,7.25289,0.291018,0.631091,0.0010101,0.000603348,0.0180769,0.0333767,15.8087,0.23193,4.31164,3.69223,0.77,0.000731342
558000,A_w100_T10000_std_lr0.01_s4_A1,0.77,0.000606061,0.7,14.3966,4.66719,0.311002,0.647657,0.00363636,0.0881681,0.946868,0.0931154,15.1057,0.252539,3.95978,3.75669,0.77,0.00544932
558000,A_w100_T10000_std_lr0.01_s5_A1,0.74,0.000606061,0.68,15.9861,5.32579,0.269559,0.583121,0.0010101,0.000695933,0.00640707,0.108619,16.5692,0.199731,5.00674,4.13522,0.74,2.88314e-05
558000,A_w100_T10000_std_lr0.01_s6_A1,0.78,0.000808081,0.69,16.0006,5.07476,0.287961,0.625434,0.00323232,0.00898718,0.101492,0.0885503,15.7152,0.22476,4.44919,4.46178,0.78,0.000898492
558000,A_w100_T10000_std_lr0.01_s7_A1,0.79,0.0010101,0.67,12.3091,4.21999,0.288319,0.622556,0.00343434,0.000215572,0.00276351,0.0780064,16.0332,0.24512,4.07964,3.64327,0.79,2.21553e-05
558000,A_w100_T10000_std_lr0.01_s8_A1,0.77,0.000606061,0.66,15.7996,5.27258,0.279234,0.596253,0.000606061,0.000257447,0.00101313,0.254111,16.3242,0.24988,4.00192,4.3865,0.77,9.18553e-06
558000,A_w100_T10000_std_lr0.01_s9_A1,0.92,0,0.89,8.1799,4.40284,0.288267,0.622586,0.00121212,0.434896,7.98127,0.0544896,15.9579,0.238476,4.19329,2.73656,0.92,0.0592623
559000,A_w100_T10000_std_lr0.01_s0_A1,0.93,0,0.91,5.7232,2.55049,0.279551,0.612434,0.00222222,0.112435,1.66946,0.0673483,15.6065,0.240759,4.15353,2.45833,0.93,0.288196
559000,A_w100_T10000_std_lr0.01_s1_A1,0.96,0.00020202,0.94,3.73554,2.54758,0.305987,0.650556,0.00222222,1.38641,11.8617,0.116882,14.8376,0.276653,3.61463,2.27227,0.96,0.350403
559000,A_w100_T10000_std_lr0.01_s2_A1,0.71,0.00222222,0.52,18.0671,5.03414,0.297517,0.637909,0.00161616,2.52029e-09,1.01627e-07,0.0247993,15.4011,0.2312,4.32527,3.23557,0.71,1.21362e-08
559000,A_w100_T10000_std_lr0.01_s3_A1,0.77,0.00181818,0.6,19.514,7.22583,0.2911,0.631091,0.0010101,0.00394243,0.112988,0.0348924,15.8084,0.232022,4.30993,3.6931,0.77,0.000630454
559000,A_w100_T10000_std_lr0.01_s4_A1,0.77,0.000606061,0.7,14.4802,4.70293,0.31094,0.647657,0.00363636,0.160193,0.975377,0.164237,15.1048,0.252368,3.96247,3.75528,0.77,0.00490125
559000,A_w100_T10000_std_lr0.01_s5_A1,0.74,0.000606061,0.68,15.9848,5.32287,0.269561,0.583121,0.0010101,0.000121719,0.00163626,0.0743886,16.5691,0.199725,5.00688,4.13519,0.74,6.73732e-06
559000,A_w100_T10000_std_lr0.01_s6_A1,0.77,0.000808081,0.69,15.9798,5.05824,0.287988,0.625434,0.00323232,0.00518025,0.0521856,0.0992659,15.7148,0.224794,4.44852,4.64208,0.77,0.000541407
559000,A_w100_T10000_std_lr0.01_s7_A1,0.79,0.0010101,0.67,12.3072,4.22175,0.288312,0.622556,0.00343434,3.20632e-05,0.00115475,0.0277663,16.0332,0.24511,4.0798,3.64303,0.79,8.64962e-06
559000,A_w100_T10000_std_lr0.01_s8_A1,0.77,0.000606061,0.66,15.799,5.27245,0.279242,0.596253,0.000606061,1.96753e-06,8.92103e-05,0.022055,16.3242,0.249887,4.00182,4.3864,0.77,7.69109e-07
559000,A_w100_T10000_std_lr0.01_s9_A1,0.92,0,0.89,8.16063,4.31405,0.288323,0.621667,0.00121212,1.30199,13.3455,0.0975604,15.9536,0.238333,4.19581,2.7392,0.92,0.0677293
560000,A_w100_T10000_std_lr0.01_s0_A1,0.94,0,0.91,5.85676,2.66681,0.279567,0.612081,0.00222222,0.0740417,0.740567,0.0999797,15.604,0.240654,4.15535,2.04575,0.94,0.29286
560000,A_w100_T10000_std_lr0.01_s1_A1,0.96,0.00020202,0.94,3.60331,2.5102,0.305945,0.651475,0.00222222,0.166931,6.85218,0.0243617,14.8367,0.276637,3.61485,2.25439,0.96,0.283333
560000,A_w100_T10000_std_lr0.01_s2_A1,0.71,0.00222222,0.52,18.067,5.03412,0.297517,0.637909,0.00161616,3.99586e-09,5.93745e-08,0.0672993,15.4011,0.231199,4.32527,3.23556,0.71,5.24119e-09
560000,A_w100_T10000_std_lr0.01_s3_A1,0.77,0.00181818,0.6,19.4334,7.25619,0.291144,0.631091,0.0010101,0.000132249,0.00346726,0.0381422,15.8083,0.231991,4.31051,3.69313,0.77,0.000162321
560000,A_w100_T10000_std_lr0.01_s4_A1,0.77,0.000606061,0.7,14.55,4.74049,0.310889,0.647657,0.00363636,0.0760284,0.56115,0.135487,15.1038,0.252308,3.96342,3.76012,0.77,0.00304303
560000,A_w100_T10000_std_lr0.01_s5_A1,0.74,0.000606061,0.68,15.9888,5.32581,0.269561,0.583121,0.0010101,0.000220714,0.000673887,0.327523,16.5691,0.199725,5.00689,4.13519,0.74,3.58845e-06
560000,A_w100_T10000_std_lr0.01_s6_A1,0.78,0.000808081,0.69,16.027,5.08741,0.287999,0.625687,0.0030303,0.00287741,0.0500212,0.0575239,15.7144,0.224822,4.44796,4.46529,0.78,0.00035111
560000,A_w100_T10000_std_lr0.01_s7_A1,0.79,0.0010101,0.67,12.3105,4.22441,0.288303,0.622556,0.00343434,7.33291e-05,0.000606788,0.120848,16.0332,0.245096,4.08003,3.64256,0.79,4.02356e-06
560000,A_w100_T10000_std_lr0.01_s8_A1,0.77,0.000606061,0.66,15.7973,5.27235,0.279246,0.596253,0.000606061,8.4846e-07,1.99653e-05,0.0424967,16.3241,0.24989,4.00176,4.38636,0.77,2.03745e-07
560000,A_w100_T10000_std_lr0.01_s9_A1,0.92,0,0.89,8.22336,4.42431,0.288342,0.622586,0.00121212,0.339358,5.84871,0.0580227,15.951,0.238243,4.19739,2.74193,0.92,0.0389189
561000,A_w100_T10000_std_lr0.01_s0_A1,0.89,0.00040404,0.8,10.1176,2.98909,0.279433,0.612111,0.00222222,0.160889,8.54369,0.0188313,15.6194,0.242468,4.12426,2.98171,0.89,0.0887455
561000,A_w100_T10000_std_lr0.01_s1_A1,0.89,0.000808081,0.83,7.29403,3.0647,0.307038,0.648889,0.00242424,0.296556,9.64267,0.0307545,14.8293,0.277372,3.60527,3.29886,0.89,0.331246
561000,A_w100_T10000_std_lr0.01_s2_A1,0.65,0.00282828,0.42,19.7166,5.75187,0.302785,0.643,0.0020202,0.00622447,0.235572,0.0264228,15.3751,0.24002,4.16631,3.59808,0.65,0.00288053
561000,A_w100_T10000_std_lr0.01_s3_A1,0.75,0.00161616,0.55,18.6414,6.57352,0.301904,0.643344,0.00161616,0.0945967,2.6937,0.0351178,15.757,0.250238,3.99619,3.82635,0.75,0.0209572
561000,A_w100_T10000_std_lr0.01_s4_A1,0.76,0.0010101,0.65,16.3961,5.60961,0.323396,0.658667,0.00383838,0.862671,17.1025,0.0504411,15.0442,0.270526,3.6965,4.49705,0.76,0.125996
561000,A_w100_T10000_std_lr0.01_s5_A1,0.82,0.00040404,0.77,9.83169,3.35115,0.272652,0.586586,0.000808081,0.278729,16.6868,0.0167035,16.5289,0.20563,4.86309,3.87962,0.82,0.253642
561000,A_w100_T10000_std_lr0.01_s6_A1,0.9,0,0.88,7.62896,4.04822,0.287758,0.625646,0.0030303,0.670812,8.94984,0.0749524,15.731,0.224967,4.44509,3.49486,0.9,0.0853245
561000,A_w100_T10000_std_lr0.01_s7_A1,0.81,0.00040404,0.75,10.0992,3.89035,0.289872,0.624758,0.00323232,0.18318,11.1116,0.0164856,16.0298,0.244855,4.08405,2.9075,0.81,0.126628
561000,A_w100_T10000_std_lr0.01_s8_A1,0.77,0.00040404,0.69,13.9873,3.58358,0.278926,0.595515,0.000808081,0.329476,6.20899,0.0530643,16.3395,0.250545,3.9913,3.85479,0.77,0.0594569
561000,A_w100_T10000_std_lr0.01_s9_A1,0.94,0.00121212,0.88,7.19356,4.77479,0.292162,0.631333,0.00121212,0.475885,10.0372,0.0474119,15.92,0.242245,4.12805,2.75316,0.94,0.117229
562000,A_w100_T10000_std_lr0.01_s0_A1,0.9,0.00040404,0.8,10.0315,3.27988,0.279321,0.612111,0.00222222,0.572639,5.23585,0.109369,15.622,0.24266,4.12099,3.12393,0.9,0.0415304
562000,A_w100_T10000_std_lr0.01_s1_A1,0.91,0.000808081,0.84,7.2522,3.48618,0.307363,0.648081,0.00242424,1.1526,16.2933,0.070741,14.828,0.277226,3.60716,2.91016,0.91,0.32653
562000,A_w100_T10000_std_lr0.01_s2_A1,0.63,0.00282828,0.42,19.7704,5.80681,0.302757,0.643,0.0020202,0.00339002,0.0333455,0.101664,15.3744,0.23989,4.16858,3.77028,0.63,0.000343728
562000,A_w100_T10000_std_lr0.01_s3_A1,0.76,0.00161616,0.55,18.745,6.52883,0.301911,0.642818,0.00161616,0.29968,1.67754,0.178643,15.7554,0.250007,3.99989,3.70651,0.76,0.0118817
562000,A_w100_T10000_std_lr0.01_s4_A1,0.75,0.00121212,0.65,16.2252,5.3208,0.323002,0.659343,0.00383838,0.043292,1.58781,0.0272652,15.0382,0.269971,3.7041,4.58279,0.75,0.0243312
562000,A_w100_T10000_std_lr0.01_s5_A1,0.81,0.00040404,0.77,10.8686,3.57512,0.273252,0.587,0.0010101,0.830665,17.8213,0.0466108,16.5097,0.205949,4.85557,4.37345,0.81,0.202437
562000,A_w100_T10000_std_lr0.01_s6_A1,0.91,0,0.89,7.49241,4.17503,0.287897,0.624798,0.0030303,0.767934,8.6166,0.0891226,15.7252,0.224808,4.44824,3.02657,0.91,0.063009
562000,A_w100_T10000_std_lr0.01_s7_A1,0.8,0.00040404,0.76,10.2833,3.98104,0.289476,0.623677,0.00323232,0.762243,6.3406,0.120216,16.0253,0.244105,4.0966,2.9915,0.8,0.0773054
562000,A_w100_T10000_std_lr0.01_s8_A1,0.78,0.00040404,0.69,14.1862,3.73973,0.278885,0.595495,0.000808081,0.0321139,2.24585,0.0142992,16.3361,0.250118,3.99811,4.10239,0.78,0.026019
562000,A_w100_T10000_std_lr0.01_s9_A1,0.94,0.00121212,0.88,7.18986,4.63258,0.292309,0.630596,0.00121212,0.115648,5.86753,0.0197098,15.9172,0.24214,4.12984,2.76019,0.94,0.0730149
563000,A_w100_T10000_std_lr0.01_s0_A1,0.89,0.00040404,0.8,10.1717,3.4586,0.279365,0.612929,0.0020202,0.528966,2.95295,0.179131,15.6189,0.242594,4.12211,3.26863,0.89,0.0190424
563000,A_w100_T10000_std_lr0.01_s1_A1,0.93,0.000808081,0.87,6.70187,2.9063,0.307819,0.648152,0.00242424,0.194052,8.59898,0.0225669,14.8269,0.277685,3.6012,2.76168,0.93,0.252722
563000,A_w100_T10000_std_lr0.01_s2_A1,0.64,0.00282828,0.42,19.7662,5.81962,0.302731,0.64396,0.0020202,9.4842e-05,0.00228918,0.0414306,15.3743,0.239832,4.16958,3.68196,0.64,2.63943e-05
563000,A_w100_T10000_std_lr0.01_s3_A1,0.76,0.00161616,0.55,18.7994,6.57924,0.30186,0.64204,0.00161616,0.0182575,0.274405,0.066535,15.7543,0.249867,4.00212,3.70553,0.76,0.00190907
563000,A_w100_T10000_std_lr0.01_s4_A1,0.76,0.0010101,0.65,16.1072,5.16498,0.322995,0.659343,0.00383838,0.0213538,0.600286,0.0355727,15.0363,0.269811,3.7063,4.55072,0.76,0.0112557
563000,A_w100_T10000_std_lr0.01_s5_A1,0.8,0.00040404,0.77,11.6377,4.07712,0.272989,0.586353,0.000808081,0.374194,9.30492,0.0402147,16.5017,0.204781,4.88327,4.22263,0.8,0.0958239
563000,A_w100_T10000_std_lr0.01_s6_A1,0.91,0,0.89,7.65496,4.3786,0.287999,0.625354,0.0030303,0.22099,4.37048,0.0505643,15.7212,0.224885,4.44672,3.0124,0.91,0.0427596
563000,A_w100_T10000_std_lr0.01_s7_A1,0.8,0.00040404,0.76,10.5667,4.10681,0.289448,0.623606,0.00323232,0.218056,4.11512,0.052989,16.0216,0.243124,4.11313,3.00537,0.8,0.0491225
563000,A_w100_T10000_std_lr0.01_s8_A1,0.78,0.00040404,0.69,13.8536,3.861,0.278813,0.595667,0.000808081,1.89867,5.54995,0.342106,16.3375,0.249944,4.00089,3.73469,0.78,0.063586
563000,A_w100_T10000_std_lr0.01_s9_A1,0.94,0.00121212,0.88,7.19213,4.48889,0.292429,0.630596,0.00121212,0.0620411,4.28332,0.0144843,15.916,0.241891,4.1341,2.76738,0.94,0.0597372
564000,A_w100_T10000_std_lr0.01_s0_A1,0.89,0.00040404,0.81,10.1444,3.49744,0.279315,0.612121,0.00181818,0.0497417,1.33549,0.0372462,15.6187,0.242534,4.12313,3.27789,0.89,0.00789107
564000,A_w100_T10000_std_lr0.01_s1_A1,0.92,0.000808081,0.87,7.04561,3.11538,0.307698,0.648152,0.00242424,0.0838064,7.93088,0.0105671,14.826,0.277469,3.60401,2.85489,0.92,0.224238
564000,A_w100_T10000_std_lr0.01_s2_A1,0.64,0.00282828,0.43,19.7615,5.82102,0.302732,0.64396,0.0020202,9.19656e-06,0.000233231,0.0394311,15.3743,0.239825,4.16971,3.68246,0.64,3.03494e-06
564000,A_w100_T10000_std_lr0.01_s3_A1,0.75,0.00161616,0.56,18.8938,6.61645,0.301847,0.642778,0.00161616,0.00195899,0.0626886,0.0312495,15.7537,0.24983,4.00272,3.81913,0.75,0.000416883
564000,A_w100_T10000_std_lr0.01_s4_A1,0.75,0.00121212,0.65,15.8861,4.97551,0.322872,0.659172,0.00383838,0.072636,0.575999,0.126104,15.0362,0.269444,3.71135,4.53573,0.75,0.00572945
564000,A_w100_T10000_std_lr0.01_s5_A1,0.8,0.00040404,0.77,12.0043,4.26678,0.273203,0.586353,0.000808081,1.52659,13.2022,0.115631,16.4913,0.204386,4.89269,4.19834,0.8,0.126925
564000,A_w100_T10000_std_lr0.01_s6_A1,0.91,0,0.89,7.61677,4.3504,0.288001,0.624061,0.0030303,0.902651,4.92333,0.183342,15.7199,0.224833,4.44775,2.99202,0.91,0.0485866
564000,A_w100_T10000_std_lr0.01_s7_A1,0.8,0.00040404,0.76,10.742,4.12699,0.289217,0.622616,0.00323232,3.13989,8.32523,0.377154,16.0204,0.242753,4.11941,3.00401,0.8,0.076771
564000,A_w100_T10000_std_lr0.01_s8_A1,0.78,0.00040404,0.69,14.069,3.88487,0.278925,0.595667,0.000808081,0.0662711,1.48758,0.0445497,16.3335,0.249896,4.00167,3.74206,0.78,0.0180259
564000,A_w100_T10000_std_lr0.01_s9_A1,0.94,0.00121212,0.88,7.00267,4.19733,0.292492,0.630121,0.00121212,0.318637,4.61682,0.0690165,15.9143,0.241695,4.13744,2.75244,0.94,0.0658017
565000,A_w100_T10000_std_lr0.01_s0_A1,0.89,0.00040404,0.81,10.1815,3.57904,0.279339,0.612636,0.00181818,0.149171,1.09842,0.135805,15.6175,0.242531,4.12318,3.28359,0.89,0.0060062
565000,A_w100_T10000_std_lr0.01_s1_A1,0.92,0.000808081,0.87,6.93732,3.01475,0.307659,0.647929,0.00242424,0.0991259,8.79514,0.0112705,14.8241,0.277107,3.60872,2.85914,0.92,0.214722
565000,A_w100_T10000_std_lr0.01_s2_A1,0.64,0.00282828,0.43,19.7597,5.8214,0.302731,0.64396,0.0020202,1.2762e-06,3.76902e-05,0.0338602,15.3742,0.239824,4.16973,3.68257,0.64,4.29579e-07
565000,A_w100_T10000_std_lr0.01_s3_A1,0.75,0.00161616,0.56,18.8981,6.60598,0.30181,0.642778,0.00161616,0.000464362,0.0177843,0.0261108,15.7535,0.249773,4.00364,3.74679,0.75,0.000114355
565000,A_w100_T10000_std_lr0.01_s4_A1,0.75,0.00121212,0.65,15.818,4.90638,0.322816,0.659172,0.00383838,0.18529,0.650963,0.28464,15.036,0.269301,3.71331,4.64375,0.75,0.004822
565000,A_w100_T10000_std_lr0.01_s5_A1,0.79,0.00040404,0.77,11.9681,4.46948,0.272858,0.586061,0.000808081,1.40177,21.7115,0.0645635,16.4873,0.203423,4.91587,4.33163,0.79,0.114896
565000,A_w100_T10000_std_lr0.01_s6_A1,0.91,0,0.89,7.65829,4.33816,0.288024,0.624798,0.0030303,0.42845,7.36824,0.0581482,15.717,0.224758,4.44923,2.98567,0.91,0.0452513
565000,A_w100_T10000_std_lr0.01_s7_A1,0.81,0.00040404,0.76,11.0043,4.15034,0.289276,0.623121,0.00323232,0.233848,2.49943,0.0935607,16.0165,0.242358,4.12613,2.97965,0.81,0.0186428
565000,A_w100_T10000_std_lr0.01_s8_A1,0.79,0.00040404,0.7,14.1479,4.04901,0.278808,0.595667,0.000808081,0.380719,2.00843,0.189561,16.3328,0.249619,4.0061,3.98064,0.79,0.0206572
565000,A_w100_T10000_std_lr0.01_s9_A1,0.94,0.00121212,0.88,6.84018,3.86643,0.292479,0.630121,0.00121212,0.988744,9.07244,0.108983,15.9135,0.241427,4.14204,2.75331,0.94,0.0834685
566000,A_w100_T10000_std_lr0.01_s0_A1,0.89,0.00040404,0.81,10.1554,3.6117,0.279349,0.612121,0.00181818,0.0147212,0.311772,0.0472178,15.6166,0.242498,4.12374,3.28466,0.89,0.00176922
566000,A_w100_T10000_std_lr0.01_s1_A1,0.91,0.000808081,0.87,6.9832,2.95351,0.307688,0.647929,0.00242424,0.106559,8.15122,0.0130728,14.8235,0.27728,3.60646,3.24948,0.91,0.212358
566000,A_w100_T10000_std_lr0.01_s2_A1,0.64,0.00282828,0.43,19.7596,5.82169,0.30273,0.64396,0.0020202,4.43919e-07,5.66823e-06,0.0783171,15.3742,0.239823,4.16975,3.68262,0.64,6.28573e-08
566000,A_w100_T10000_std_lr0.01_s3_A1,0.76,0.00161616,0.56,18.9194,6.6247,0.301806,0.64202,0.00161616,0.00036473,0.00682296,0.0534562,15.7533,0.249751,4.00399,3.70578,0.76,4.00835e-05
566000,A_w100_T10000_std_lr0.01_s4_A1,0.75,0.00121212,0.65,15.784,4.84845,0.322804,0.659172,0.00383838,0.0401116,0.199589,0.200971,15.0356,0.269254,3.71396,4.16116,0.75,0.00163655
566000,A_w100_T10000_std_lr0.01_s5_A1,0.81,0.00040404,0.77,11.8896,4.45048,0.272905,0.585828,0.000808081,2.30143,13.854,0.16612,16.4815,0.203386,4.91677,3.9845,0.81,0.0841727
566000,A_w100_T10000_std_lr0.01_s6_A1,0.9,0,0.89,7.92219,4.44692,0.287982,0.624061,0.0030303,0.0765944,2.51873,0.0304099,15.7161,0.224671,4.45095,3.40888,0.9,0.0222091
566000,A_w100_T10000_std_lr0.01_s7_A1,0.81,0.00040404,0.76,11.1159,4.14996,0.289276,0.622384,0.00323232,0.0384233,0.91604,0.041945,16.0153,0.24201,4.13205,2.98527,0.81,0.00816998
566000,A_w100_T10000_std_lr0.01_s8_A1,0.79,0.00040404,0.7,14.0846,3.98637,0.278865,0.595657,0.000808081,0.481342,2.10807,0.228334,16.3309,0.249572,4.00686,3.99994,0.79,0.0205469
566000,A_w100_T10000_std_lr0.01_s9_A1,0.94,0.00121212,0.88,6.72554,3.83755,0.292459,0.630121,0.00121212,0.0368931,3.063,0.0120448,15.9126,0.241386,4.14274,2.74881,0.94,0.0442839
567000,A_w100_T10000_std_lr0.01_s0_A1,0.89,0.00040404,0.81,10.1102,3.61627,0.279358,0.612263,0.00181818,0.072795,0.422138,0.172444,15.6161,0.242472,4.12419,3.27988,0.89,0.00220937
567000,A_w100_T10000_std_lr0.01_s1_A1,0.92,0.00040404,0.88,6.89517,2.99753,0.307702,0.648747,0.00242424,0.567014,10.3773,0.0546398,14.8239,0.277042,3.60956,2.87098,0.92,0.264288
567000,A_w100_T10000_std_lr0.01_s2_A1,0.64,0.00282828,0.43,19.7594,5.82173,0.30273,0.64396,0.0020202,1.78517e-08,5.4822e-07,0.0325631,15.3742,0.239822,4.16975,3.68264,0.64,6.76643e-09
567000,A_w100_T10000_std_lr0.01_s3_A1,0.75,0.00161616,0.56,18.9206,6.62265,0.301796,0.64202,0.00161616,3.53309e-05,0.00102123,0.0345965,15.7533,0.249735,4.00425,3.83493,0.75,5.86487e-06
567000,A_w100_T10000_std_lr0.01_s4_A1,0.75,0.0010101,0.65,15.7532,4.80094,0.322807,0.659172,0.00383838,0.0217284,0.105477,0.206002,15.0353,0.269212,3.71454,4.15987,0.75,0.000858759
567000,A_w100_T10000_std_lr0.01_s5_A1,0.8,0.000606061,0.77,11.9328,4.50755,0.272908,0.585828,0.000808081,7.24771,18.4338,0.393174,16.4746,0.203047,4.92496,4.16848,0.8,0.131334
567000,A_w100_T10000_std_lr0.01_s6_A1,0.91,0,0.89,7.98623,4.41769,0.288046,0.624798,0.0030303,1.83157,7.12355,0.257115,15.7129,0.224701,4.45037,2.97025,0.91,0.0470622
567000,A_w100_T10000_std_lr0.01_s7_A1,0.81,0.00040404,0.76,11.2237,4.20874,0.289125,0.622768,0.00323232,0.0373187,0.588115,0.0634548,16.0144,0.241668,4.13791,2.98772,0.81,0.0045603
567000,A_w100_T10000_std_lr0.01_s8_A1,0.78,0.00040404,0.7,14.38,4.10299,0.278802,0.596434,0.000808081,0.00621337,0.81553,0.00761881,16.3291,0.249349,4.01045,4.06838,0.78,0.00832896
567000,A_w100_T10000_std_lr0.01_s9_A1,0.94,0.00121212,0.88,6.56268,3.66262,0.292507,0.630121,0.00121212,0.484697,4.65135,0.104205,15.9122,0.241423,4.1421,2.73851,0.94,0.0542338
568000,A_w100_T10000_std_lr0.01_s0_A1,0.89,0.00040404,0.81,10.2186,3.72131,0.279327,0.611939,0.0020202,0.0321599,0.469885,0.0684419,15.6158,0.242442,4.1247,3.28144,0.89,0.00206972
568000,A_w100_T10000_std_lr0.01_s1_A1,0.92,0.00040404,0.88,6.7643,2.78213,0.307756,0.648747,0.00242424,0.0522617,6.86791,0.00760955,14.8236,0.277064,3.60928,2.90008,0.92,0.194033
568000,A_w100_T10000_std_lr0.01_s2_A1,0.64,0.00282828,0.48,19.7593,5.82176,0.30273,0.64396,0.0020202,8.81379e-10,5.19306e-08,0.0169722,15.3742,0.239822,4.16975,3.68265,0.64,7.30531e-10
568000,A_w100_T10000_std_lr0.01_s3_A1,0.74,0.00161616,0.56,18.9242,6.62632,0.301793,0.64202,0.00161616,8.264e-06,0.00029063,0.0284348,15.7532,0.249729,4.00435,3.8733,0.74,1.59829e-06
568000,A_w100_T10000_std_lr0.01_s4_A1,0.74,0.0010101,0.66,15.7142,4.76926,0.322783,0.659172,0.00383838,0.00209164,0.0158483,0.131979,15.0352,0.269157,3.71531,4.10317,0.74,0.000245205
568000,A_w100_T10000_std_lr0.01_s5_A1,0.8,0.00040404,0.77,11.8482,4.30091,0.273152,0.585828,0.000808081,4.57564,13.2881,0.344341,16.4694,0.203355,4.9175,4.05049,0.8,0.111948
568000,A_w100_T10000_std_lr0.01_s6_A1,0.91,0,0.89,7.91362,4.43533,0.288054,0.624798,0.0030303,0.853254,5.05116,0.168922,15.7101,0.224469,4.45496,2.97033,0.91,0.0301446
568000,A_w100_T10000_std_lr0.01_s7_A1,0.81,0.00040404,0.76,11.3092,4.21363,0.289196,0.62203,0.00323232,0.264754,0.69418,0.381392,16.0126,0.241516,4.14051,2.98804,0.81,0.00520278
568000,A_w100_T10000_std_lr0.01_s8_A1,0.79,0.00020202,0.71,14.3456,4.11937,0.278803,0.596434,0.000808081,0.0150142,0.687955,0.0218243,16.3275,0.249318,4.01094,4.0219,0.79,0.0069657
568000,A_w100_T10000_std_lr0.01_s9_A1,0.94,0.00121212,0.88,6.68521,3.83995,0.292558,0.630121,0.00121212,0.0964886,3.12432,0.0308831,15.9114,0.24136,4.14319,2.74157,0.94,0.0455296
569000,A_w100_T10000_std_lr0.01_s0_A1,0.89,0.00040404,0.81,10.154,3.70117,0.279343,0.611939,0.0020202,0.0982741,0.331272,0.296657,15.6153,0.242417,4.12513,3.27825,0.89,0.00184034
569000,A_w100_T10000_std_lr0.01_s1_A1,0.92,0.00040404,0.88,6.79048,2.80067,0.307682,0.648677,0.00242424,0.0883678,7.41143,0.0119232,14.824,0.276707,3.61393,2.88762,0.92,0.19078
569000,A_w100_T10000_std_lr0.01_s2_A1,0.64,0.00282828,0.59,19.7593,5.82177,0.30273,0.64396,0.0020202,6.61711e-11,6.15785e-09,0.0107458,15.3742,0.239822,4.16975,3.68265,0.64,9.33032e-11
569000,A_w100_T10000_std_lr0.01_s3_A1,0.74,0.00161616,0.56,18.9254,6.62654,0.301792,0.64202,0.00161616,1.64405e-05,0.000224968,0.0730793,15.7532,0.249725,4.00441,3.87337,0.74,9.89594e-07
569000,A_w100_T10000_std_lr0.01_s4_A1,0.74,0.0010101,0.66,15.7116,4.76584,0.322761,0.659172,0.00383838,0.00232421,0.0294949,0.0788006,15.0352,0.269108,3.71597,4.10249,0.74,0.000192142
569000,A_w100_T10000_std_lr0.01_s5_A1,0.8,0.000606061,0.77,11.7634,4.33887,0.27295,0.585828,0.000808081,0.0947061,4.52468,0.020931,16.4658,0.202769,4.93172,4.056,0.8,0.030435
569000,A_w100_T10000_std_lr0.01_s6_A1,0.91,0,0.89,7.92478,4.41333,0.288041,0.624798,0.0030303,3.34744,11.5058,0.290935,15.7076,0.224341,4.4575,2.96113,0.91,0.0637747
569000,A_w100_T10000_std_lr0.01_s7_A1,0.8,0.00040404,0.76,11.3813,4.23779,0.289138,0.622768,0.00323232,0.050677,0.326906,0.15502,16.0121,0.24128,4.14457,3.00757,0.8,0.00231832
569000,A_w100_T10000_std_lr0.01_s8_A1,0.78,0.00020202,0.71,14.4073,4.16005,0.278814,0.59702,0.000808081,0.0155004,0.670578,0.023115,16.3261,0.249152,4.01361,3.80303,0.78,0.00557601
569000,A_w100_T10000_std_lr0.01_s9_A1,0.94,0.00121212,0.88,6.40063,3.51645,0.292544,0.630121,0.00121212,0.325785,3.55734,0.0915812,15.9117,0.241276,4.14463,2.76221,0.94,0.0539298
570000,A_w100_T10000_std_lr0.01_s0_A1,0.89,0.00040404,0.81,10.201,3.71855,0.27934,0.612455,0.0020202,0.00395938,0.0989108,0.0400298,15.6149,0.2424,4.12542,3.27641,0.89,0.000470442
570000,A_w100_T10000_std_lr0.01_s1_A1,0.91,0.00040404,0.88,6.89526,2.96612,0.307713,0.648747,0.00242424,0.304061,10.6191,0.0286334,14.8229,0.276641,3.61479,3.2868,0.91,0.218148
570000,A_w100_T10000_std_lr0.01_s2_A1,0.64,0.00282828,0.73,19.7593,5.82176,0.30273,0.64396,0.0020202,3.30492e-11,9.55463e-10,0.0345897,15.3742,0.239822,4.16975,3.68265,0.64,1.31708e-11
570000,A_w100_T10000_std_lr0.01_s3_A1,0.75,0.00161616,0.56,18.9269,6.62742,0.301791,0.64202,0.00161616,1.37515e-06,2.67138e-05,0.051477,15.7532,0.249723,4.00443,3.83484,0.75,1.28842e-07
570000,A_w100_T10000_std_lr0.01_s4_A1,0.75,0.0010101,0.66,15.6881,4.74357,0.322772,0.659172,0.00383838,0.000197413,0.0037549,0.0525749,15.035,0.269106,3.71601,4.01913,0.75,8.23857e-05
570000,A_w100_T10000_std_lr0.01_s5_A1,0.8,0.00040404,0.77,11.7175,4.36023,0.272995,0.585212,0.000808081,2.45423,8.36273,0.293472,16.4609,0.202652,4.93457,4.05531,0.8,0.0524506
570000,A_w100_T10000_std_lr0.01_s6_A1,0.9,0,0.89,8.03184,4.42261,0.288082,0.624798,0.0030303,0.0521729,1.55909,0.0334637,15.7059,0.224529,4.45376,3.34171,0.9,0.0124953
570000,A_w100_T10000_std_lr0.01_s7_A1,0.8,0.00040404,0.76,11.4286,4.22722,0.289145,0.622768,0.00323232,0.0814343,0.320083,0.254416,16.0116,0.241205,4.14586,3.00981,0.8,0.00187833
570000,A_w100_T10000_std_lr0.01_s8_A1,0.77,0.00020202,0.71,14.2899,4.07932,0.278843,0.59701,0.000808081,0.120425,0.695882,0.173053,16.3246,0.249134,4.01391,3.90615,0.77,0.00707536
570000,A_w100_T10000_std_lr0.01_s9_A1,0.93,0.00121212,0.88,6.62817,3.58314,0.292611,0.630121,0.00121212,0.285177,3.1055,0.0918297,15.9113,0.241386,4.14275,2.89597,0.93,0.0482338
571000,A_w100_T10000_std_lr0.01_s0_A1,0.86,0.000808081,0.78,8.52627,1.84332,0.281082,0.615323,0.00222222,1.36875,14.5532,0.0940512,15.5957,0.246389,4.05862,2.88337,0.86,0.215244
571000,A_w100_T10000_std_lr0.01_s1_A1,0.95,0.00020202,0.92,4.37926,2.10341,0.307693,0.64696,0.00242424,0.102122,7.07074,0.0144429,14.8372,0.277872,3.59878,2.23644,0.95,0.307138
571000,A_w100_T10000_std_lr0.01_s2_A1,0.67,0.00222222,0.49,18.5279,5.01655,0.303707,0.644667,0.00161616,0.0500407,0.655477,0.0763424,15.3809,0.237024,4.21898,3.68088,0.67,0.00425498
571000,A_w100_T10000_std_lr0.01_s3_A1,0.79,0.00141414,0.66,14.7305,5.18588,0.304624,0.646727,0.00161616,0.258592,4.79886,0.053886,15.7474,0.25593,3.90731,3.96348,0.79,0.0335124
571000,A_w100_T10000_std_lr0.01_s4_A1,0.81,0,0.77,12.4779,5.05439,0.324056,0.663131,0.00484848,0.33913,13.3762,0.0253533,15.0402,0.268851,3.71953,3.53231,0.81,0.0826192
571000,A_w100_T10000_std_lr0.01_s5_A1,0.89,0,0.89,6.93131,3.6166,0.276089,0.590071,0.0010101,1.74026,24.858,0.0700082,16.4166,0.2111,4.73709,3.61438,0.89,0.443045
571000,A_w100_T10000_std_lr0.01_s6_A1,0.9,0,0.89,6.79665,3.13275,0.288564,0.623374,0.0030303,8.88632,39.2608,0.226341,15.6911,0.224108,4.46214,3.05282,0.9,0.307843
571000,A_w100_T10000_std_lr0.01_s7_A1,0.72,0.0010101,0.62,15.6356,4.8914,0.294049,0.633313,0.00383838,0.759385,4.37512,0.173569,15.9603,0.250837,3.98665,3.78336,0.72,0.0298705
571000,A_w100_T10000_std_lr0.01_s8_A1,0.78,0.00020202,0.74,10.6269,3.3295,0.279987,0.597515,0.000808081,0.476386,9.23025,0.0516114,16.3317,0.251171,3.98135,4.42871,0.78,0.075047
571000,A_w100_T10000_std_lr0.01_s9_A1,0.88,0.00040404,0.82,10.4057,4.0722,0.29432,0.631374,0.00141414,2.15904,16.0131,0.13483,15.8961,0.244472,4.09045,3.11881,0.88,0.159997
572000,A_w100_T10000_std_lr0.01_s0_A1,0.85,0.000808081,0.78,8.79883,1.9867,0.280791,0.614929,0.00222222,0.525532,13.759,0.0381955,15.5959,0.245915,4.06645,3.07507,0.85,0.148951
572000,A_w100_T10000_std_lr0.01_s1_A1,0.95,0.00020202,0.92,4.55067,2.30967,0.307605,0.647455,0.00242424,0.0829948,7.42555,0.0111769,14.8332,0.277506,3.60353,2.24036,0.95,0.268638
572000,A_w100_T10000_std_lr0.01_s2_A1,0.67,0.00161616,0.49,18.4615,4.98577,0.303698,0.644667,0.00161616,0.00329806,0.0246178,0.133971,15.3806,0.23691,4.22101,3.68259,0.67,0.00018912
572000,A_w100_T10000_std_lr0.01_s3_A1,0.79,0.00121212,0.67,14.721,5.27809,0.304628,0.64603,0.00161616,0.00958123,0.632595,0.0151459,15.7461,0.255935,3.90725,3.66686,0.79,0.00441535
572000,A_w100_T10000_std_lr0.01_s4_A1,0.8,0,0.77,12.6473,4.94355,0.323513,0.661879,0.00484848,1.32961,6.24481,0.212915,15.0397,0.267947,3.73208,3.52665,0.8,0.0400987
572000,A_w100_T10000_std_lr0.01_s5_A1,0.91,0,0.89,6.91447,3.57174,0.276194,0.58902,0.0010101,8.62351,44.8537,0.192259,16.4045,0.210288,4.75538,3.47658,0.91,0.476385
572000,A_w100_T10000_std_lr0.01_s6_A1,0.9,0,0.89,6.98521,3.26511,0.288762,0.623374,0.0030303,3.96552,24.154,0.164176,15.6853,0.22359,4.47248,3.10985,0.9,0.20061
572000,A_w100_T10000_std_lr0.01_s7_A1,0.71,0.000808081,0.62,15.8889,5.01291,0.294058,0.633465,0.00383838,0.0280416,0.612137,0.0458094,15.9583,0.250284,3.99546,3.88653,0.71,0.00424301
572000,A_w100_T10000_std_lr0.01_s8_A1,0.78,0.00020202,0.74,10.8646,3.57353,0.280093,0.597596,0.000808081,0.210907,4.61018,0.045748,16.3294,0.250919,3.98535,4.0598,0.78,0.0406632
572000,A_w100_T10000_std_lr0.01_s9_A1,0.88,0.00040404,0.82,10.3994,3.85343,0.294499,0.631374,0.00141414,0.748109,6.80641,0.109912,15.8912,0.244474,4.09041,3.05091,0.88,0.0719427
573000,A_w100_T10000_std_lr0.01_s0_A1,0.87,0.000808081,0.79,8.84185,1.93972,0.280786,0.615626,0.00222222,0.113009,6.73196,0.016787,15.5946,0.24563,4.07116,3.10809,0.87,0.104496
573000,A_w100_T10000_std_lr0.01_s1_A1,0.95,0.00020202,0.93,4.38671,2.25677,0.307625,0.647455,0.00242424,0.0387901,7.0768,0.0054813,14.8346,0.277778,3.6,2.25084,0.95,0.261623
573000,A_w100_T10000_std_lr0.01_s2_A1,0.67,0.00161616,0.49,18.4514,4.97873,0.303688,0.644667,0.00161616,2.00874e-05,0.000387746,0.0518055,15.3806,0.236872,4.2217,3.68292,0.67,3.73248e-06
573000,A_w100_T10000_std_lr0.01_s3_A1,0.8,0.00121212,0.68,14.5526,5.2744,0.304683,0.646727,0.00161616,0.0105213,0.217928,0.0482786,15.7467,0.255859,3.90841,3.61041,0.8,0.00132336
573000,A_w100_T10000_std_lr0.01_s4_A1,0.81,0,0.77,12.8489,5.00791,0.3234,0.66098,0.00484848,0.255307,1.96007,0.130254,15.0387,0.267486,3.73851,3.55108,0.81,0.0115468
573000,A_w100_T10000_std_lr0.01_s5_A1,0.9,0,0.89,6.64767,3.36431,0.276451,0.589818,0.0010101,1.22046,18.9584,0.0643757,16.3912,0.210246,4.75632,3.56971,0.9,0.286825
573000,A_w100_T10000_std_lr0.01_s6_A1,0.9,0,0.89,7.08205,3.25989,0.288854,0.623374,0.0030303,0.634161,9.40611,0.0674201,15.6814,0.22302,4.48391,3.13682,0.9,0.10799
573000,A_w100_T10000_std_lr0.01_s7_A1,0.69,0.000808081,0.62,15.9656,4.98562,0.294059,0.632848,0.00383838,0.0398862,0.292973,0.136143,15.9574,0.250143,3.99771,3.62055,0.69,0.00223967
573000,A_w100_T10000_std_lr0.01_s8_A1,0.8,0.00020202,0.74,10.8586,3.67418,0.279963,0.597596,0.000808081,1.97862,5.8495,0.338254,16.3298,0.250486,3.99224,4.20523,0.8,0.0497951
573000,A_w100_T10000_std_lr0.01_s9_A1,0.88,0.00020202,0.83,10.73,3.72168,0.294833,0.631323,0.00141414,0.199951,4.46667,0.0447651,15.8869,0.244653,4.08743,3.03507,0.88,0.0453415
574000,A_w100_T10000_std_lr0.01_s0_A1,0.86,0.00020202,0.79,9.13398,2.02935,0.280784,0.614495,0.00222222,1.2252,10.7184,0.114308,15.5938,0.245102,4.07994,3.06914,0.86,0.132804
574000,A_w100_T10000_std_lr0.01_s1_A1,0.95,0.00020202,0.93,4.47546,2.29918,0.30756,0.647455,0.00242424,0.0592805,5.79973,0.0102213,14.8355,0.277767,3.60014,2.2337,0.95,0.251112
574000,A_w100_T10000_std_lr0.01_s2_A1,0.67,0.00161616,0.49,18.449,4.97703,0.303686,0.644667,0.00161616,3.17472e-06,4.18967e-05,0.075775,15.3806,0.236866,4.2218,3.68294,0.67,4.03373e-07
574000,A_w100_T10000_std_lr0.01_s3_A1,0.8,0.00121212,0.68,14.5846,5.28884,0.304625,0.646727,0.00161616,0.00690464,0.0559997,0.123298,15.747,0.255785,3.90954,3.60702,0.8,0.000361229
574000,A_w100_T10000_std_lr0.01_s4_A1,0.81,0,0.77,12.9206,5.01669,0.323457,0.66098,0.00484848,0.0415326,0.712627,0.058281,15.0367,0.267332,3.74067,3.55736,0.81,0.00379361
574000,A_w100_T10000_std_lr0.01_s5_A1,0.9,0,0.89,6.41714,3.16773,0.276492,0.589535,0.0010101,0.768373,24.3173,0.0315978,16.3825,0.210006,4.76176,3.59541,0.9,0.28063
574000,A_w100_T10000_std_lr0.01_s6_A1,0.9,0,0.89,7.27809,3.50605,0.28891,0.623374,0.0030303,0.921488,8.01726,0.114938,15.6793,0.222781,4.48871,3.15562,0.9,0.0793745
574000,A_w100_T10000_std_lr0.01_s7_A1,0.7,0.000808081,0.62,16.0572,5.02838,0.294053,0.632848,0.00383838,0.0704708,0.235313,0.299476,15.9565,0.249993,4.00011,3.6239,0.7,0.00181357
574000,A_w100_T10000_std_lr0.01_s8_A1,0.8,0.00020202,0.74,11.0633,3.78594,0.280037,0.597596,0.000808081,0.143818,1.98162,0.0725757,16.3275,0.250217,3.99653,4.3493,0.8,0.0160655
574000,A_w100_T10000_std_lr0.01_s9_A1,0.88,0.00020202,0.83,10.7358,3.54256,0.295017,0.631323,0.00141414,0.367586,4.22004,0.087105,15.8834,0.24492,4.08297,3.00201,0.88,0.0354541
575000,A_w100_T10000_std_lr0.01_s0_A1,0.86,0.00040404,0.79,9.23341,2.14447,0.280706,0.615636,0.00222222,3.5663,16.5045,0.216081,15.5898,0.244659,4.08732,3.27959,0.86,0.226881
575000,A_w100_T10000_std_lr0.01_s1_A1,0.95,0.00020202,0.93,4.28742,2.06478,0.307591,0.648131,0.00242424,0.131571,6.1583,0.0213648,14.8361,0.277968,3.59753,2.21587,0.95,0.259398
575000,A_w100_T10000_std_lr0.01_s2_A1,0.67,0.00161616,0.49,18.4479,4.97623,0.303685,0.644667,0.00161616,1.85956e-07,4.5909e-06,0.0405054,15.3806,0.236864,4.22184,3.68294,0.67,3.59262e-08
575000,A_w100_T10000_std_lr0.01_s3_A1,0.8,0.00121212,0.68,14.5774,5.29259,0.30461,0.646727,0.00161616,0.00130164,0.0215481,0.0604061,15.7471,0.255763,3.90987,3.60578,0.8,0.000134929
575000,A_w100_T10000_std_lr0.01_s4_A1,0.81,0,0.77,12.9522,5.04263,0.323349,0.66098,0.00484848,0.0340858,0.321674,0.105964,15.037,0.267159,3.74309,3.55889,0.81,0.00175788
575000,A_w100_T10000_std_lr0.01_s5_A1,0.9,0,0.89,6.5658,3.28279,0.276326,0.589535,0.0010101,0.389761,18.546,0.0210159,16.3754,0.208951,4.78581,3.53971,0.9,0.242743
575000,A_w100_T10000_std_lr0.01_s6_A1,0.9,0,0.89,7.15136,3.36639,0.288961,0.623374,0.0030303,0.651314,4.37874,0.148745,15.6786,0.222547,4.49344,3.15071,0.9,0.0568847
575000,A_w100_T10000_std_lr0.01_s7_A1,0.69,0.000808081,0.62,16.0959,5.04722,0.294039,0.632848,0.00383838,0.00863406,0.0505856,0.170682,15.9558,0.249891,4.00174,3.62439,0.69,0.000488581
575000,A_w100_T10000_std_lr0.01_s8_A1,0.8,0.00020202,0.74,11.1119,3.87216,0.28013,0.597596,0.000808081,0.378893,1.84866,0.204955,16.3259,0.249982,4.00028,4.19281,0.8,0.015128
575000,A_w100_T10000_std_lr0.01_s9_A1,0.89,0.00020202,0.83,10.8692,3.48409,0.29511,0.631323,0.00141414,2.96034,13.2442,0.22352,15.8798,0.245149,4.07915,2.82756,0.89,0.064844
576000,A_w100_T10000_std_lr0.01_s0_A1,0.86,0.00020202,0.79,9.56447,2.27367,0.280519,0.615263,0.00222222,0.506484,6.88306,0.0735841,15.5916,0.244159,4.09569,3.31802,0.86,0.103225
576000,A_w100_T10000_std_lr0.01_s1_A1,0.95,0.00020202,0.93,4.53442,2.39713,0.307549,0.647949,0.00242424,1.00288,7.95294,0.126102,14.8369,0.277475,3.60393,2.19243,0.95,0.291846
576000,A_w100_T10000_std_lr0.01_s2_A1,0.67,0.00161616,0.52,18.4477,4.97612,0.303685,0.644667,0.00161616,3.3367e-08,4.82318e-07,0.0691805,15.3806,0.236863,4.22185,3.68294,0.67,3.59047e-09
576000,A_w100_T10000_std_lr0.01_s3_A1,0.81,0.00121212,0.68,14.5751,5.29183,0.304615,0.646727,0.00161616,0.00145861,0.00949981,0.153541,15.747,0.255765,3.90984,3.43117,0.81,5.83993e-05
576000,A_w100_T10000_std_lr0.01_s4_A1,0.81,0,0.77,12.9684,5.04489,0.323349,0.66098,0.00484848,0.00526366,0.101491,0.0518632,15.0369,0.26708,3.7442,3.56029,0.81,0.000587743
576000,A_w100_T10000_std_lr0.01_s5_A1,0.9,0,0.89,6.67681,3.43729,0.276443,0.589818,0.0010101,6.45392,36.1469,0.178547,16.3645,0.208371,4.79914,3.47294,0.9,0.341376
576000,A_w100_T10000_std_lr0.01_s6_A1,0.9,0,0.89,7.24482,3.49761,0.289089,0.623374,0.0030303,0.0568482,1.99899,0.0284385,15.6748,0.222484,4.49471,3.14708,0.9,0.0369185
576000,A_w100_T10000_std_lr0.01_s7_A1,0.68,0.000808081,0.62,16.1077,5.03868,0.294042,0.632848,0.00383838,0.00375528,0.0299068,0.125566,15.9557,0.249827,4.00277,3.49389,0.68,0.00030949
576000,A_w100_T10000_std_lr0.01_s8_A1,0.8,0.00020202,0.74,11.16,3.89181,0.280199,0.597596,0.000808081,0.0451261,1.15771,0.0389788,16.3232,0.249889,4.00178,4.34892,0.8,0.00981189
576000,A_w100_T10000_std_lr0.01_s9_A1,0.89,0.00020202,0.83,11.072,3.60391,0.295191,0.631323,0.00141414,0.381447,2.598,0.146823,15.8772,0.24504,4.08097,2.82395,0.89,0.0231788
577000,A_w100_T10000_std_lr0.01_s0_A1,0.85,0.00020202,0.79,9.80814,2.29253,0.280584,0.615444,0.00222222,0.433759,6.6646,0.065084,15.5896,0.243955,4.09911,3.49946,0.85,0.100729
577000,A_w100_T10000_std_lr0.01_s1_A1,0.95,0.00020202,0.93,4.43327,2.27708,0.307588,0.64697,0.00242424,0.625559,8.11998,0.0770395,14.8368,0.277555,3.60288,2.18515,0.95,0.260976
577000,A_w100_T10000_std_lr0.01_s2_A1,0.67,0.00161616,0.62,18.4477,4.97608,0.303685,0.644667,0.00161616,7.91635e-10,3.11484e-08,0.025415,15.3806,0.236863,4.22185,3.68294,0.67,3.05464e-10
577000,A_w100_T10000_std_lr0.01_s3_A1,0.81,0.00121212,0.68,14.5725,5.29465,0.304612,0.646727,0.00161616,8.10694e-05,0.00211811,0.0382744,15.747,0.255758,3.90994,3.43091,0.81,1.25217e-05
577000,A_w100_T10000_std_lr0.01_s4_A1,0.81,0,0.77,12.9599,5.04825,0.323323,0.66098,0.00484848,0.0339856,0.0918224,0.370123,15.0371,0.267044,3.7447,3.56213,0.81,0.000573092
577000,A_w100_T10000_std_lr0.01_s5_A1,0.9,0,0.9,6.83424,3.43799,0.276795,0.590111,0.0010101,5.41936,22.4718,0.241162,16.353,0.208339,4.79987,3.49077,0.9,0.355181
577000,A_w100_T10000_std_lr0.01_s6_A1,0.9,0,0.89,7.18802,3.46466,0.289183,0.624182,0.0030303,0.0860994,1.5233,0.0565217,15.6736,0.222551,4.49335,3.16207,0.9,0.0332532
577000,A_w100_T10000_std_lr0.01_s7_A1,0.68,0.000808081,0.62,16.1171,5.05088,0.294033,0.632848,0.00383838,0.00185766,0.0142095,0.130733,15.9554,0.249786,4.00343,3.49398,0.68,0.00011902
577000,A_w100_T10000_std_lr0.01_s8_A1,0.81,0.00020202,0.74,11.255,4.00025,0.280214,0.597707,0.000808081,0.133458,0.849406,0.157119,16.3222,0.249678,4.00515,4.57339,0.81,0.00728733
577000,A_w100_T10000_std_lr0.01_s9_A1,0.89,0.00020202,0.83,10.9399,3.39826,0.295153,0.632162,0.00141414,2.03032,7.47572,0.271588,15.8765,0.245043,4.08092,2.82021,0.89,0.0574298
578000,A_w100_T10000_std_lr0.01_s0_A1,0.85,0.00020202,0.79,9.87059,2.33874,0.280543,0.614869,0.00222222,3.13267,19.7585,0.158548,15.5883,0.24362,4.10475,3.25702,0.85,0.217275
578000,A_w100_T10000_std_lr0.01_s1_A1,0.95,0.00020202,0.93,4.51203,2.3164,0.307626,0.64697,0.00242424,0.211271,5.73562,0.0368349,14.8369,0.277433,3.60447,2.19493,0.95,0.230842
578000,A_w100_T10000_std_lr0.01_s2_A1,0.67,0.00161616,0.71,18.4477,4.97607,0.303685,0.644667,0.00161616,1.43636e-10,2.79717e-09,0.0513503,15.3806,0.236863,4.22185,3.68294,0.67,2.53419e-11
578000,A_w100_T10000_std_lr0.01_s3_A1,0.81,0.00121212,0.68,14.5753,5.29711,0.30461,0.646727,0.00161616,3.52228e-05,0.000908707,0.0387614,15.7471,0.255753,3.91002,3.43073,0.81,4.76738e-06
578000,A_w100_T10000_std_lr0.01_s4_A1,0.81,0,0.77,12.9551,5.04887,0.32334,0.66098,0.00484848,0.00220908,0.0234248,0.0943051,15.0369,0.267051,3.74461,3.56368,0.81,0.00011217
578000,A_w100_T10000_std_lr0.01_s5_A1,0.9,0,0.9,6.52785,3.05296,0.276775,0.59001,0.0010101,3.9499,24.0687,0.164109,16.3425,0.207586,4.81729,3.4054,0.9,0.296061
578000,A_w100_T10000_std_lr0.01_s6_A1,0.9,0,0.89,7.17734,3.49288,0.28914,0.623444,0.0030303,0.102736,1.441,0.0712951,15.673,0.222265,4.49913,3.15699,0.9,0.0288513
578000,A_w100_T10000_std_lr0.01_s7_A1,0.68,0.000808081,0.62,16.1339,5.05396,0.29404,0.632848,0.00383838,0.00306493,0.015024,0.204003,15.9553,0.249761,4.00382,3.49414,0.68,0.000115074
578000,A_w100_T10000_std_lr0.01_s8_A1,0.78,0.00020202,0.74,11.3225,4.0513,0.280266,0.597707,0.000808081,0.0330745,0.487769,0.0678078,16.3209,0.249537,4.00742,4.1426,0.78,0.00474724
578000,A_w100_T10000_std_lr0.01_s9_A1,0.88,0.00020202,0.83,10.9693,3.44145,0.295206,0.631677,0.00141414,0.622484,6.19844,0.100426,15.8732,0.245051,4.08079,2.88196,0.88,0.0299727
579000,A_w100_T10000_std_lr0.01_s0_A1,0.86,0.00020202,0.79,10.1079,2.46857,0.280474,0.614869,0.00222222,0.684341,8.58215,0.0797401,15.5871,0.243314,4.10991,3.34583,0.86,0.111301
579000,A_w100_T10000_std_lr0.01_s1_A1,0.95,0.00020202,0.93,4.50001,2.31509,0.307642,0.647657,0.00242424,0.187328,8.95408,0.020921,14.8371,0.277491,3.60372,2.18111,0.95,0.248817
579000,A_w100_T10000_std_lr0.01_s2_A1,0.67,0.00161616,0.8,18.4477,4.97607,0.303685,0.644667,0.00161616,2.99691e-11,4.45996e-10,0.0671958,15.3806,0.236863,4.22185,3.68294,0.67,3.25264e-12
579000,A_w100_T10000_std_lr0.01_s3_A1,0.81,0.00121212,0.68,14.5746,5.29759,0.304609,0.646727,0.00161616,5.85844e-06,0.000209727,0.0279337,15.7471,0.255751,3.91005,3.43072,0.81,1.16421e-06
579000,A_w100_T10000_std_lr0.01_s4_A1,0.81,0,0.77,12.9602,5.05293,0.323324,0.66098,0.00484848,0.00371353,0.0095982,0.386898,15.0369,0.267026,3.74496,3.56357,0.81,6.69199e-05
579000,A_w100_T10000_std_lr0.01_s5_A1,0.9,0,0.9,6.34202,2.91071,0.276801,0.589323,0.0010101,5.85313,23.5047,0.24902,16.3336,0.207029,4.83025,3.42541,0.9,0.258184
579000,A_w100_T10000_std_lr0.01_s6_A1,0.9,0,0.89,7.16082,3.49344,0.289251,0.624182,0.0030303,0.397921,3.26708,0.121797,15.6719,0.222417,4.49605,3.15709,0.9,0.0329763
579000,A_w100_T10000_std_lr0.01_s7_A1,0.69,0.000808081,0.62,16.1426,5.05507,0.294037,0.632848,0.00383838,0.000145894,0.00375226,0.0388815,15.955,0.249731,4.00431,3.4899,0.69,3.44801e-05
579000,A_w100_T10000_std_lr0.01_s8_A1,0.78,0.00040404,0.74,11.3777,4.08831,0.28026,0.597707,0.000808081,0.0343344,0.403245,0.0851452,16.319,0.249421,4.00928,4.14459,0.78,0.00311025
579000,A_w100_T10000_std_lr0.01_s9_A1,0.89,0.00020202,0.83,11.108,3.48152,0.295261,0.631677,0.00141414,0.411315,2.82905,0.14539,15.8725,0.245064,4.08056,2.82809,0.89,0.0197634
580000,A_w100_T10000_std_lr0.01_s0_A1,0.87,0.00020202,0.79,10.5037,2.58628,0.28047,0.613758,0.0020202,1.11594,11.2832,0.0989033,15.5892,0.242928,4.11645,3.27379,0.87,0.140302
580000,A_w100_T10000_std_lr0.01_s1_A1,0.95,0.00020202,0.93,4.53525,2.3906,0.307701,0.647374,0.00242424,0.256096,5.55236,0.0461238,14.8373,0.277445,3.60432,2.19148,0.95,0.233464
580000,A_w100_T10000_std_lr0.01_s2_A1,0.67,0.00161616,0.97,18.4477,4.97607,0.303685,0.644667,0.00161616,1.63372e-12,5.71522e-11,0.0285854,15.3806,0.236863,4.22185,3.68294,0.67,4.97076e-13
580000,A_w100_T10000_std_lr0.01_s3_A1,0.81,0.00121212,0.68,14.5753,5.29807,0.304609,0.646727,0.00161616,3.30686e-06,7.00708e-05,0.0471931,15.7471,0.25575,3.91007,3.43073,0.81,4.16894e-07
580000,A_w100_T10000_std_lr0.01_s4_A1,0.81,0,0.77,12.9614,5.05346,0.32332,0.66098,0.00484848,0.000382338,0.002117,0.180604,15.0369,0.267023,3.745,3.56386,0.81,1.37418e-05
580000,A_w100_T10000_std_lr0.01_s5_A1,0.91,0,0.9,6.37844,2.95629,0.276892,0.589566,0.0010101,0.376453,20.523,0.0183429,16.3246,0.20657,4.84096,3.17362,0.91,0.193872
580000,A_w100_T10000_std_lr0.01_s6_A1,0.9,0,0.89,7.15225,3.50192,0.28926,0.624182,0.0030303,0.117448,1.54511,0.0760127,15.6711,0.222257,4.49929,3.15905,0.9,0.0287528
580000,A_w100_T10000_std_lr0.01_s7_A1,0.69,0.000808081,0.62,16.1414,5.05591,0.29404,0.632848,0.00383838,9.67642e-06,0.00125952,0.00768261,15.955,0.249726,4.00439,3.48981,0.69,1.3274e-05
580000,A_w100_T10000_std_lr0.01_s8_A1,0.8,0.00040404,0.74,11.3849,4.10957,0.280271,0.597707,0.000808081,0.119166,0.524831,0.227056,16.3184,0.249338,4.01062,4.3642,0.8,0.00406221
580000,A_w100_T10000_std_lr0.01_s9_A1,0.89,0.00020202,0.83,10.9551,3.41283,0.295215,0.632162,0.00141414,1.26753,5.07087,0.249962,15.8714,0.245069,4.08048,2.8236,0.89,0.0383341
581000,A_w100_T10000_std_lr0.01_s0_A1,0.88,0,0.84,7.18231,2.48458,0.280684,0.61501,0.00222222,3.09217,8.33326,0.371063,15.6063,0.243547,4.10598,3.26821,0.88,0.118127
581000,A_w100_T10000_std_lr0.01_s1_A1,0.92,0.000808081,0.86,6.77721,3.22955,0.308184,0.647212,0.00222222,0.500897,14.2353,0.0351869,14.8276,0.277806,3.59963,2.45691,0.92,0.290506
581000,A_w100_T10000_std_lr0.01_s2_A1,0.53,0.0020202,0.35,20.6646,7.30759,0.314906,0.653222,0.0020202,0.0140939,0.213355,0.0660585,15.3522,0.255243,3.91783,3.79407,0.53,0.00146168
581000,A_w100_T10000_std_lr0.01_s3_A1,0.83,0,0.8,12.6733,5.36317,0.305951,0.646758,0.00141414,0.267924,7.61163,0.0351993,15.7109,0.257805,3.87889,3.62833,0.83,0.10616
581000,A_w100_T10000_std_lr0.01_s4_A1,0.89,0,0.87,7.93712,3.07578,0.325129,0.665556,0.00464646,1.34434,49.1165,0.0273703,15.0074,0.270794,3.69285,2.92673,0.89,1.36984
581000,A_w100_T10000_std_lr0.01_s5_A1,0.86,0,0.8,7.82898,3.16558,0.279219,0.597566,0.0010101,0.527377,6.6924,0.0788023,16.3038,0.213005,4.69474,3.32641,0.86,0.100034
581000,A_w100_T10000_std_lr0.01_s6_A1,0.93,0,0.92,4.66176,2.50017,0.289731,0.62596,0.0030303,0.748446,7.21037,0.103801,15.6681,0.223012,4.48406,3.06131,0.93,0.345087
581000,A_w100_T10000_std_lr0.01_s7_A1,0.8,0.00040404,0.75,11.6049,4.69202,0.294238,0.633061,0.00464646,4.61372,36.0259,0.128067,15.9716,0.247963,4.03286,3.1057,0.8,0.355783
581000,A_w100_T10000_std_lr0.01_s8_A1,0.78,0.00020202,0.71,13.1156,4.08748,0.28139,0.597525,0.000606061,0.133719,1.80068,0.0742604,16.3086,0.249309,4.01108,4.16305,0.78,0.0124974
581000,A_w100_T10000_std_lr0.01_s9_A1,0.81,0.00161616,0.61,16.2358,3.85126,0.301556,0.639636,0.00121212,0.233431,2.86797,0.0813926,15.8122,0.252525,3.96,3.5679,0.81,0.0576323
582000,A_w100_T10000_std_lr0.01_s0_A1,0.89,0,0.85,7.06016,2.59089,0.280801,0.61501,0.00222222,11.3387,17.2032,0.659107,15.6064,0.243687,4.10362,3.14653,0.89,0.218141
582000,A_w100_T10000_std_lr0.01_s1_A1,0.92,0.000808081,0.87,6.54677,2.94367,0.308036,0.647212,0.00222222,0.582957,10.0838,0.0578113,14.8232,0.278223,3.59424,2.45761,0.92,0.167199
582000,A_w100_T10000_std_lr0.01_s2_A1,0.54,0.0020202,0.36,20.6949,7.34654,0.314883,0.653222,0.0020202,8.01422e-05,0.00425809,0.0188212,15.3522,0.255265,3.9175,3.801,0.54,2.69097e-05
582000,A_w100_T10000_std_lr0.01_s3_A1,0.84,0,0.8,12.9636,5.57558,0.305915,0.647535,0.00141414,0.136031,3.85865,0.0352536,15.6988,0.257103,3.8895,3.48527,0.84,0.0468219
582000,A_w100_T10000_std_lr0.01_s4_A1,0.91,0,0.88,8.02326,2.78791,0.325346,0.667343,0.00464646,2.23987,39.4136,0.0568298,14.9841,0.270876,3.69172,2.48788,0.91,1.28115
582000,A_w100_T10000_std_lr0.01_s5_A1,0.86,0,0.8,8.02785,3.38313,0.279006,0.598121,0.0010101,0.0612306,4.42246,0.0138454,16.3034,0.211926,4.71863,3.13861,0.86,0.059035
582000,A_w100_T10000_std_lr0.01_s6_A1,0.93,0,0.92,4.69323,2.53596,0.289506,0.624404,0.0030303,0.231554,7.96275,0.0290797,15.669,0.223199,4.48031,2.61762,0.93,0.2579
582000,A_w100_T10000_std_lr0.01_s7_A1,0.82,0.00020202,0.77,11.1929,4.77188,0.294098,0.632303,0.00464646,6.50884,26.6896,0.243872,15.9593,0.245677,4.07039,2.90582,0.82,0.260257
582000,A_w100_T10000_std_lr0.01_s8_A1,0.77,0.00020202,0.71,13.3157,4.19468,0.281376,0.597495,0.000606061,0.0352054,0.385965,0.0912138,16.3085,0.249111,4.01427,4.23643,0.77,0.00435766
582000,A_w100_T10000_std_lr0.01_s9_A1,0.8,0.00161616,0.61,15.751,3.7523,0.301595,0.639919,0.00121212,0.0238208,0.602766,0.0395192,15.8097,0.252531,3.9599,3.21795,0.8,0.0300014
583000,A_w100_T10000_std_lr0.01_s0_A1,0.88,0,0.85,7.07559,2.55706,0.280617,0.614455,0.00222222,1.49873,7.35325,0.203818,15.6088,0.243478,4.10715,3.33717,0.88,0.071948
583000,A_w100_T10000_std_lr0.01_s1_A1,0.92,0.000808081,0.87,6.24865,2.80248,0.308015,0.647687,0.00222222,0.282752,6.23504,0.0453489,14.819,0.278154,3.59513,2.43571,0.92,0.10538
583000,A_w100_T10000_std_lr0.01_s2_A1,0.54,0.0020202,0.36,20.6948,7.34812,0.314886,0.653222,0.0020202,8.9341e-07,3.14278e-05,0.0284274,15.3522,0.255278,3.9173,3.8009,0.54,2.23811e-07
583000,A_w100_T10000_std_lr0.01_s3_A1,0.83,0,0.8,13.1413,5.81646,0.305953,0.646758,0.00141414,0.190439,2.98262,0.0638495,15.6943,0.256764,3.89463,3.64952,0.83,0.0338821
583000,A_w100_T10000_std_lr0.01_s4_A1,0.91,0,0.88,9.55475,4.55536,0.325707,0.668252,0.00464646,0.416477,31.3274,0.0132944,14.9657,0.270425,3.69789,2.55349,0.91,0.855111
583000,A_w100_T10000_std_lr0.01_s5_A1,0.86,0,0.8,7.79605,3.43184,0.279221,0.598778,0.0010101,0.312593,3.4608,0.0903237,16.3007,0.212353,4.70913,3.28023,0.86,0.0500736
583000,A_w100_T10000_std_lr0.01_s6_A1,0.94,0,0.92,4.62049,2.63903,0.289407,0.625202,0.0030303,0.861537,6.82094,0.126308,15.6685,0.223536,4.47355,2.85386,0.94,0.278142
583000,A_w100_T10000_std_lr0.01_s7_A1,0.82,0.00020202,0.77,11.628,4.77945,0.294283,0.632303,0.00464646,1.55148,13.3133,0.116537,15.9395,0.244909,4.08315,2.90148,0.82,0.0996897
583000,A_w100_T10000_std_lr0.01_s8_A1,0.78,0.00020202,0.71,13.3711,4.2288,0.281452,0.597495,0.000606061,0.00674255,0.142167,0.0474269,16.3074,0.249178,4.0132,4.06249,0.78,0.00128076
583000,A_w100_T10000_std_lr0.01_s9_A1,0.8,0.00161616,0.61,15.5492,3.83168,0.301682,0.640293,0.00121212,0.0431666,0.543954,0.0793571,15.8074,0.252353,3.96271,3.21659,0.8,0.0196977
584000,A_w100_T10000_std_lr0.01_s0_A1,0.88,0,0.85,7.08638,2.55264,0.280606,0.61501,0.00222222,0.477784,3.98455,0.119909,15.606,0.243358,4.10917,3.34166,0.88,0.0472549
584000,A_w100_T10000_std_lr0.01_s1_A1,0.92,0.000808081,0.87,6.30768,2.98245,0.307945,0.647687,0.00222222,0.220316,4.87169,0.0452237,14.8189,0.277889,3.59855,2.42029,0.92,0.0718016
584000,A_w100_T10000_std_lr0.01_s2_A1,0.54,0.0020202,0.36,20.6949,7.34841,0.314886,0.653222,0.0020202,5.96363e-08,7.04746e-07,0.084621,15.3522,0.255279,3.91728,3.80089,0.54,4.54228e-09
584000,A_w100_T10000_std_lr0.01_s3_A1,0.83,0,0.81,13.1786,5.84104,0.305948,0.646758,0.00141414,0.494573,2.18767,0.226073,15.6925,0.256559,3.89774,3.62284,0.83,0.0296897
584000,A_w100_T10000_std_lr0.01_s4_A1,0.9,0,0.88,9.85065,4.98785,0.325759,0.668273,0.00464646,7.7648,61.485,0.126288,14.9549,0.26938,3.71223,2.7104,0.9,0.859006
584000,A_w100_T10000_std_lr0.01_s5_A1,0.85,0,0.8,7.86321,3.49372,0.279311,0.597424,0.0010101,1.32246,5.21154,0.253756,16.2991,0.212524,4.70535,3.26693,0.85,0.0669432
584000,A_w100_T10000_std_lr0.01_s6_A1,0.94,0,0.92,4.69183,2.74576,0.289324,0.625202,0.0030303,0.0763185,4.24814,0.0179652,15.6707,0.223522,4.47384,2.91514,0.94,0.201487
584000,A_w100_T10000_std_lr0.01_s7_A1,0.81,0.00040404,0.77,11.6239,4.7288,0.294405,0.632899,0.00464646,11.2073,24.111,0.46482,15.9272,0.243945,4.09928,3.00091,0.81,0.198098
584000,A_w100_T10000_std_lr0.01_s8_A1,0.78,0.00020202,0.71,13.4704,4.27376,0.281492,0.597495,0.000606061,0.00896429,0.136262,0.0657873,16.3065,0.249136,4.01387,4.06963,0.78,0.00103243
584000,A_w100_T10000_std_lr0.01_s9_A1,0.8,0.00161616,0.61,15.4988,3.85037,0.301558,0.640101,0.00121212,0.339971,1.20566,0.28198,15.808,0.252092,3.9668,3.32063,0.8,0.0157714
585000,A_w100_T10000_std_lr0.01_s0_A1,0.89,0,0.85,7.10223,2.57056,0.280676,0.614455,0.00222222,2.92316,5.81624,0.502587,15.6044,0.243349,4.10933,3.08134,0.89,0.0838794
585000,A_w100_T10000_std_lr0.01_s1_A1,0.92,0.000808081,0.87,6.34233,2.93069,0.307915,0.647687,0.00222222,0.081008,3.93387,0.0205924,14.817,0.277737,3.60053,2.44611,0.92,0.0527794
585000,A_w100_T10000_std_lr0.01_s2_A1,0.54,0.0020202,0.53,20.6949,7.34843,0.314886,0.653222,0.0020202,4.37869e-10,9.91464e-09,0.0441638,15.3522,0.255279,3.91728,3.80089,0.54,6.04252e-11
585000,A_w100_T10000_std_lr0.01_s3_A1,0.84,0,0.81,13.2061,5.75881,0.30594,0.646758,0.00141414,0.0103235,0.182645,0.0565223,15.6918,0.256466,3.89915,3.46238,0.84,0.0180616
585000,A_w100_T10000_std_lr0.01_s4_A1,0.92,0,0.88,9.57918,4.31614,0.3259,0.66904,0.00464646,3.27518,44.0015,0.0744335,14.9384,0.269172,3.7151,2.01283,0.92,0.718738
585000,A_w100_T10000_std_lr0.01_s5_A1,0.84,0,0.8,8.09098,3.55082,0.279062,0.596768,0.0010101,0.830198,5.01867,0.165422,16.2986,0.212064,4.71555,3.4318,0.84,0.0505071
585000,A_w100_T10000_std_lr0.01_s6_A1,0.94,0,0.92,4.54477,2.53127,0.289194,0.625414,0.0030303,1.63342,10.6906,0.15279,15.6721,0.22349,4.47446,2.97725,0.94,0.25139
585000,A_w100_T10000_std_lr0.01_s7_A1,0.81,0,0.77,11.607,4.732,0.294295,0.633061,0.00464646,2.88921,9.55762,0.302294,15.9212,0.243298,4.11019,3.0001,0.81,0.0687635
585000,A_w100_T10000_std_lr0.01_s8_A1,0.78,0.00020202,0.71,13.5117,4.28387,0.281514,0.597495,0.000606061,0.0430902,0.1264,0.340905,16.306,0.249106,4.01436,4.07479,0.78,0.000958623
585000,A_w100_T10000_std_lr0.01_s9_A1,0.8,0.00161616,0.61,15.425,3.84323,0.301535,0.639727,0.00121212,0.00588348,0.178765,0.0329118,15.807,0.251933,3.9693,3.22472,0.8,0.00676129
586000,A_w100_T10000_std_lr0.01_s0_A1,0.89,0,0.86,6.792,2.5732,0.28071,0.61505,0.00222222,0.0698168,3.47316,0.0201018,15.6042,0.243331,4.10963,3.10124,0.89,0.0369857
586000,A_w100_T10000_std_lr0.01_s1_A1,0.92,0.000808081,0.87,6.36135,2.91775,0.307887,0.648566,0.00222222,0.465485,4.64017,0.100316,14.8154,0.277492,3.60371,2.45597,0.92,0.0567638
586000,A_w100_T10000_std_lr0.01_s2_A1,0.54,0.0020202,0.85,20.6949,7.34844,0.314886,0.653222,0.0020202,2.4821e-11,2.07788e-10,0.119454,15.3522,0.255279,3.91728,3.80089,0.54,1.31406e-12
586000,A_w100_T10000_std_lr0.01_s3_A1,0.84,0,0.81,13.2642,5.65972,0.305954,0.646758,0.00141414,0.0106429,0.204652,0.0520049,15.6914,0.25639,3.9003,3.45369,0.84,0.0179295
586000,A_w100_T10000_std_lr0.01_s4_A1,0.92,0,0.88,9.8693,5.60183,0.325884,0.668818,0.00484848,1.07073,28.8007,0.0371772,14.92,0.268659,3.72219,2.01371,0.92,0.521375
586000,A_w100_T10000_std_lr0.01_s5_A1,0.84,0,0.8,7.99582,3.40604,0.27906,0.597566,0.0010101,3.31756,7.72281,0.429579,16.2972,0.212431,4.70741,3.43332,0.84,0.108125
586000,A_w100_T10000_std_lr0.01_s6_A1,0.94,0,0.92,4.58666,2.58441,0.289075,0.625505,0.0030303,0.172653,4.67684,0.0369165,15.6695,0.223337,4.47754,3.03039,0.94,0.187049
586000,A_w100_T10000_std_lr0.01_s7_A1,0.8,0,0.77,11.7551,4.74458,0.294178,0.633061,0.00464646,1.45452,6.32234,0.230061,15.9163,0.242448,4.1246,2.98199,0.8,0.0342542
586000,A_w100_T10000_std_lr0.01_s8_A1,0.77,0.00020202,0.71,13.5556,4.30417,0.281546,0.597495,0.000606061,0.00330959,0.021948,0.150792,16.3055,0.249112,4.01426,4.25847,0.77,0.000177827
586000,A_w100_T10000_std_lr0.01_s9_A1,0.8,0.00161616,0.61,15.5917,3.91895,0.301506,0.640667,0.00121212,0.0148336,0.233185,0.0636131,15.8058,0.251783,3.97167,3.23166,0.8,0.00402229
587000,A_w100_T10000_std_lr0.01_s0_A1,0.89,0,0.86,6.84322,2.56826,0.280719,0.614848,0.00222222,0.0275279,3.04266,0.0090473,15.6029,0.243003,4.11518,3.11698,0.89,0.03179
587000,A_w100_T10000_std_lr0.01_s1_A1,0.92,0.000808081,0.87,6.24387,2.87916,0.307792,0.648566,0.00222222,0.116818,3.72196,0.0313862,14.8155,0.277359,3.60544,2.46901,0.92,0.0450838
587000,A_w100_T10000_std_lr0.01_s2_A1,0.54,0.0020202,0.94,20.6949,7.34844,0.314886,0.653222,0.0020202,2.23547e-12,3.10159e-11,0.0720751,15.3522,0.255279,3.91728,3.80089,0.54,1.90623e-13
587000,A_w100_T10000_std_lr0.01_s3_A1,0.84,0,0.81,13.1646,5.60232,0.305974,0.646768,0.00141414,0.00308704,0.0562899,0.0548419,15.6913,0.256357,3.90081,3.44901,0.84,0.0164736
587000,A_w100_T10000_std_lr0.01_s4_A1,0.93,0,0.88,9.75313,5.27856,0.32596,0.670152,0.00484848,1.35301,25.4145,0.0532376,14.9113,0.268839,3.71969,1.85201,0.93,0.520371
587000,A_w100_T10000_std_lr0.01_s5_A1,0.85,0,0.8,8.18373,3.68655,0.278993,0.596747,0.000808081,0.113418,2.65319,0.042748,16.297,0.212291,4.71052,3.27356,0.85,0.0281921
587000,A_w100_T10000_std_lr0.01_s6_A1,0.94,0,0.92,4.66161,2.46247,0.288967,0.625505,0.0030303,0.0502153,5.46226,0.00919314,15.6701,0.223494,4.4744,3.06184,0.94,0.164237
587000,A_w100_T10000_std_lr0.01_s7_A1,0.8,0,0.77,11.8543,4.75764,0.294269,0.633061,0.00464646,0.876905,3.5449,0.247371,15.9111,0.242199,4.12883,3.02652,0.8,0.0199831
587000,A_w100_T10000_std_lr0.01_s8_A1,0.78,0.00020202,0.71,13.5766,4.31425,0.281554,0.597495,0.000606061,0.00155717,0.00934847,0.16657,16.3053,0.249088,4.01465,4.08046,0.78,9.32564e-05
587000,A_w100_T10000_std_lr0.01_s9_A1,0.8,0.00141414,0.62,15.6506,3.95269,0.301521,0.640768,0.00141414,0.00987512,0.123045,0.0802561,15.8046,0.251766,3.97194,3.23599,0.8,0.00244026
588000,A_w100_T10000_std_lr0.01_s0_A1,0.89,0,0.86,6.941,2.60832,0.280724,0.61505,0.00222222,2.4155,5.28606,0.456957,15.6007,0.242799,4.11863,3.14594,0.89,0.0624536
588000,A_w100_T10000_std_lr0.01_s1_A1,0.92,0.000808081,0.87,6.19753,2.7775,0.307861,0.648566,0.00222222,0.0740425,2.50272,0.0295848,14.8136,0.277443,3.60435,2.48484,0.92,0.0359458
588000,A_w100_T10000_std_lr0.01_s2_A1,0.54,0.0020202,0.95,20.6949,7.34844,0.314886,0.653222,0.0020202,2.04698e-12,2.93217e-11,0.0698111,15.3522,0.255279,3.91728,3.80089,0.54,1.81542e-13
588000,A_w100_T10000_std_lr0.01_s3_A1,0.83,0,0.81,13.1093,5.50129,0.305957,0.646768,0.00141414,0.00886738,0.0824556,0.107541,15.6912,0.256327,3.90127,3.58955,0.83,0.01622
588000,A_w100_T10000_std_lr0.01_s4_A1,0.92,0,0.88,9.66272,5.44186,0.325606,0.669596,0.00484848,0.727909,24.6662,0.0295104,14.9,0.267737,3.73501,2.02474,0.92,0.469313
588000,A_w100_T10000_std_lr0.01_s5_A1,0.86,0,0.8,8.30702,3.7238,0.278929,0.596697,0.000808081,0.0352558,2.31202,0.0152489,16.2953,0.212308,4.71013,3.32985,0.86,0.0233338
588000,A_w100_T10000_std_lr0.01_s6_A1,0.94,0,0.93,4.48329,2.46135,0.288841,0.624768,0.0030303,0.94653,6.24169,0.151647,15.67,0.223168,4.48093,3.04102,0.94,0.176855
588000,A_w100_T10000_std_lr0.01_s7_A1,0.81,0,0.77,11.783,4.73076,0.294423,0.633061,0.00464646,0.376364,3.26583,0.115243,15.9085,0.241901,4.13393,3.02123,0.81,0.0158961
588000,A_w100_T10000_std_lr0.01_s8_A1,0.78,0.00020202,0.71,13.5906,4.31791,0.281573,0.597495,0.000606061,0.000322505,0.00422583,0.0763176,16.305,0.249095,4.01454,4.08201,0.78,3.31197e-05
588000,A_w100_T10000_std_lr0.01_s9_A1,0.8,0.00141414,0.62,15.7101,3.98476,0.301517,0.640768,0.00141414,0.0014801,0.0423277,0.0349675,15.8037,0.251711,3.9728,3.34592,0.8,0.000883599
589000,A_w100_T10000_std_lr0.01_s0_A1,0.89,0,0.86,6.92136,2.55636,0.280797,0.61505,0.00222222,0.353822,2.78976,0.126829,15.5994,0.242787,4.11884,3.15823,0.89,0.0358228
589000,A_w100_T10000_std_lr0.01_s1_A1,0.92,0.000808081,0.87,6.24309,2.80364,0.307792,0.648566,0.00222222,0.427016,3.37568,0.126498,14.8133,0.27733,3.60581,2.49513,0.92,0.039855
589000,A_w100_T10000_std_lr0.01_s2_A1,0.54,0.0020202,0.96,20.6949,7.34844,0.314886,0.653222,0.0020202,4.42393e-13,1.66902e-11,0.0265061,15.3522,0.255279,3.91728,3.80089,0.54,1.18142e-13
589000,A_w100_T10000_std_lr0.01_s3_A1,0.84,0,0.81,13.1524,5.47388,0.305917,0.646768,0.00141414,0.000973471,0.0477201,0.0203996,15.6917,0.256255,3.90236,3.44207,0.84,0.0157075
589000,A_w100_T10000_std_lr0.01_s4_A1,0.93,0,0.88,9.38722,5.14744,0.325655,0.669374,0.00484848,0.977895,22.3573,0.0437394,14.8919,0.267085,3.74412,1.87011,0.93,0.464505
589000,A_w100_T10000_std_lr0.01_s5_A1,0.86,0,0.8,8.22589,3.62718,0.278977,0.596697,0.0010101,2.00327,4.55411,0.439882,16.2935,0.212508,4.70571,3.30888,0.86,0.0562649
589000,A_w100_T10000_std_lr0.01_s6_A1,0.94,0,0.93,4.47448,2.50878,0.288768,0.624768,0.0030303,0.160812,3.90662,0.041164,15.669,0.22312,4.48189,3.09148,0.94,0.120646
589000,A_w100_T10000_std_lr0.01_s7_A1,0.81,0,0.77,11.7713,4.71729,0.294477,0.633061,0.00464646,1.48747,3.66782,0.405545,15.9059,0.241829,4.13516,3.02434,0.81,0.02
589000,A_w100_T10000_std_lr0.01_s8_A1,0.78,0.00020202,0.71,13.5995,4.32145,0.281578,0.597606,0.000606061,4.95137e-05,0.00116775,0.0424008,16.3049,0.249086,4.01468,4.08322,0.78,1.29284e-05
589000,A_w100_T10000_std_lr0.01_s9_A1,0.79,0.00141414,0.62,15.7407,4.00386,0.301522,0.640768,0.00141414,0.00128279,0.0140155,0.0915265,15.803,0.251689,3.97315,3.4854,0.79,0.000425167
590000,A_w100_T10000_std_lr0.01_s0_A1,0.9,0,0.86,6.89187,2.60977,0.280888,0.614677,0.00222222,2.33204,4.93023,0.473007,15.5982,0.242686,4.12055,2.87555,0.9,0.0651553
590000,A_w100_T10000_std_lr0.01_s1_A1,0.92,0.000808081,0.87,6.19329,2.75216,0.307826,0.648636,0.00222222,0.0984065,2.28703,0.0430281,14.8121,0.27735,3.60556,2.51575,0.92,0.0349933
590000,A_w100_T10000_std_lr0.01_s2_A1,0.54,0.0020202,0.97,20.6949,7.34844,0.314886,0.653222,0.0020202,1.05241e-12,1.92151e-11,0.0547697,15.3522,0.255279,3.91728,3.80089,0.54,1.14664e-13
590000,A_w100_T10000_std_lr0.01_s3_A1,0.83,0,0.81,13.1465,5.46827,0.30591,0.646768,0.00141414,0.00796439,0.0440118,0.18096,15.6915,0.256247,3.90248,3.58244,0.83,0.0157013
590000,A_w100_T10000_std_lr0.01_s4_A1,0.92,0,0.88,9.48466,5.36537,0.325083,0.668727,0.00464646,1.28193,22.4071,0.057211,14.89,0.265931,3.76037,2.02238,0.92,0.447583
590000,A_w100_T10000_std_lr0.01_s5_A1,0.86,0,0.8,8.36283,3.79523,0.278886,0.596697,0.0010101,0.53274,4.4892,0.118671,16.2938,0.212314,4.71,3.32562,0.86,0.0385249
590000,A_w100_T10000_std_lr0.01_s6_A1,0.94,0,0.93,4.42921,2.31841,0.288678,0.624768,0.0030303,0.0759626,2.66969,0.0284537,15.6689,0.222909,4.48613,3.11988,0.94,0.103864
590000,A_w100_T10000_std_lr0.01_s7_A1,0.81,0,0.77,11.7479,4.65656,0.294437,0.633061,0.00464646,2.24825,6.57247,0.34207,15.9041,0.241595,4.13915,3.02473,0.81,0.0294126
590000,A_w100_T10000_std_lr0.01_s8_A1,0.78,0.00020202,0.71,13.6058,4.32464,0.281582,0.597606,0.000606061,0.000321929,0.00143867,0.223768,16.3048,0.249084,4.01472,4.08385,0.78,1.11554e-05
590000,A_w100_T10000_std_lr0.01_s9_A1,0.79,0.00141414,0.62,15.769,4.02505,0.301509,0.640768,0.00141414,0.00114181,0.0361076,0.0316225,15.8025,0.251645,3.97386,3.54835,0.79,0.000302637
591000,A_w100_T10000_std_lr0.01_s0_A1,0.94,0,0.91,3.79194,1.65386,0.28198,0.616414,0.00222222,3.68735,26.9947,0.136596,15.5989,0.244433,4.09111,2.18496,0.94,0.337982
591000,A_w100_T10000_std_lr0.01_s1_A1,0.96,0,0.91,3.76069,1.85945,0.309972,0.65702,0.00323232,0.288554,11.1237,0.0259406,14.8083,0.280589,3.56393,1.94033,0.96,0.712874
591000,A_w100_T10000_std_lr0.01_s2_A1,0.59,0.0020202,0.49,19.2914,6.69432,0.318619,0.653222,0.00222222,0.0105646,0.960716,0.0109966,15.3299,0.261718,3.82091,3.47654,0.59,0.0135372
591000,A_w100_T10000_std_lr0.01_s3_A1,0.82,0,0.79,11.0695,3.5438,0.308814,0.653172,0.00161616,2.84685,19.3259,0.147307,15.7091,0.259772,3.84953,3.64161,0.82,0.240935
591000,A_w100_T10000_std_lr0.01_s4_A1,0.95,0,0.92,4.35978,1.94514,0.326691,0.670828,0.00444444,0.254882,11.6568,0.0218656,14.8768,0.270216,3.70075,1.71557,0.95,0.428026
591000,A_w100_T10000_std_lr0.01_s5_A1,0.72,0.00040404,0.63,13.4418,4.39522,0.281907,0.604242,0.00121212,1.03325,4.78588,0.215896,16.2721,0.218746,4.57151,4.48528,0.72,0.0427226
591000,A_w100_T10000_std_lr0.01_s6_A1,0.94,0.000606061,0.91,4.99158,2.72706,0.289317,0.625131,0.0030303,0.0967389,2.33108,0.0414997,15.6572,0.225159,4.4413,2.85201,0.94,0.104597
591000,A_w100_T10000_std_lr0.01_s7_A1,0.77,0.00161616,0.7,14.3277,5.60788,0.297788,0.641485,0.00444444,0.0632641,3.86051,0.0163875,15.878,0.247446,4.04128,3.38575,0.77,0.0307349
591000,A_w100_T10000_std_lr0.01_s8_A1,0.71,0.00020202,0.66,15.3323,5.50621,0.282255,0.599566,0.000606061,0.157103,1.54132,0.101928,16.306,0.251211,3.98072,4.40145,0.71,0.0115656
591000,A_w100_T10000_std_lr0.01_s9_A1,0.86,0.00040404,0.79,11.5489,3.57565,0.306581,0.647566,0.00181818,1.14858,22.5445,0.0509471,15.7458,0.259381,3.85533,3.33193,0.86,0.2544
592000,A_w100_T10000_std_lr0.01_s0_A1,0.94,0,0.91,3.81678,1.61619,0.281733,0.615697,0.00222222,1.87429,20.406,0.0918497,15.5923,0.244166,4.09558,2.09131,0.94,0.259148
592000,A_w100_T10000_std_lr0.01_s1_A1,0.95,0,0.91,3.94276,1.98669,0.309865,0.655566,0.00262626,0.755302,8.53306,0.0885148,14.8101,0.281193,3.55628,1.95728,0.95,0.619601
592000,A_w100_T10000_std_lr0.01_s2_A1,0.61,0.00181818,0.51,19.4523,6.83005,0.318865,0.653374,0.00222222,0.00686036,0.18815,0.0364621,15.3273,0.261714,3.82096,3.41973,0.61,0.00242497
592000,A_w100_T10000_std_lr0.01_s3_A1,0.84,0,0.8,11.1079,3.93913,0.30926,0.654667,0.00161616,0.38506,9.40632,0.0409363,15.6989,0.259529,3.85314,3.44287,0.84,0.119574
592000,A_w100_T10000_std_lr0.01_s4_A1,0.95,0,0.92,4.18052,1.8974,0.326632,0.670606,0.00444444,0.675667,9.95386,0.0678799,14.8763,0.270651,3.69479,1.53893,0.95,0.403334
592000,A_w100_T10000_std_lr0.01_s5_A1,0.73,0.00040404,0.63,13.7751,4.4959,0.281755,0.602566,0.00121212,0.552065,3.03616,0.18183,16.2692,0.218364,4.57952,4.74173,0.73,0.0175888
592000,A_w100_T10000_std_lr0.01_s6_A1,0.94,0.000606061,0.91,5.00806,2.74076,0.289403,0.62595,0.0030303,0.0118129,1.18865,0.00993801,15.6536,0.22546,4.43539,2.72299,0.94,0.0829517
592000,A_w100_T10000_std_lr0.01_s7_A1,0.78,0.00161616,0.71,14.3053,5.55691,0.297998,0.641485,0.00444444,0.0645477,1.54307,0.0418307,15.875,0.247568,4.03929,3.39921,0.78,0.0106484
592000,A_w100_T10000_std_lr0.01_s8_A1,0.73,0.00020202,0.67,15.3027,5.53026,0.282233,0.599566,0.000606061,0.0590705,0.277937,0.212532,16.306,0.25098,3.98437,4.30015,0.73,0.00261584
592000,A_w100_T10000_std_lr0.01_s9_A1,0.87,0.00040404,0.79,11.7108,3.40221,0.306769,0.648677,0.0020202,0.356649,20.8588,0.0170983,15.7303,0.259029,3.86056,3.2583,0.87,0.191151
593000,A_w100_T10000_std_lr0.01_s0_A1,0.94,0,0.92,4.12039,1.64519,0.282028,0.616808,0.00222222,26.0757,49.0648,0.531454,15.578,0.244347,4.09254,2.04864,0.94,0.694048
593000,A_w100_T10000_std_lr0.01_s1_A1,0.96,0,0.91,3.81086,1.72723,0.310154,0.657131,0.00262626,0.179721,10.8413,0.0165774,14.8038,0.281851,3.54798,2.47376,0.96,0.527986
593000,A_w100_T10000_std_lr0.01_s2_A1,0.62,0.00181818,0.51,19.5189,6.87805,0.318883,0.653374,0.00222222,0.00177074,0.0298124,0.059396,15.3264,0.261633,3.82215,3.39644,0.62,0.000353262
593000,A_w100_T10000_std_lr0.01_s3_A1,0.81,0,0.8,11.212,4.09303,0.308971,0.654394,0.00161616,0.213917,6.11288,0.0349945,15.6934,0.258561,3.86757,3.75168,0.81,0.0827514
593000,A_w100_T10000_std_lr0.01_s4_A1,0.95,0,0.92,4.26774,1.99726,0.326421,0.670051,0.00444444,0.11668,6.01855,0.0193867,14.8745,0.270089,3.70248,1.53706,0.95,0.31104
593000,A_w100_T10000_std_lr0.01_s5_A1,0.73,0.00020202,0.63,13.8969,4.58992,0.281625,0.602566,0.00121212,0.0347724,0.541944,0.0641623,16.2698,0.218049,4.58612,4.74901,0.73,0.00368867
593000,A_w100_T10000_std_lr0.01_s6_A1,0.94,0.000606061,0.91,5.07139,2.82668,0.289409,0.625859,0.0030303,0.0387708,1.46204,0.0265183,15.6523,0.225664,4.43137,2.66188,0.94,0.0762692
593000,A_w100_T10000_std_lr0.01_s7_A1,0.78,0.00161616,0.71,14.3513,5.58603,0.297952,0.641485,0.00444444,0.0707612,0.466736,0.151609,15.8725,0.247493,4.04053,3.41497,0.78,0.00302784
593000,A_w100_T10000_std_lr0.01_s8_A1,0.73,0.00020202,0.68,15.3456,5.61598,0.28219,0.599566,0.000606061,0.00235258,0.0540389,0.0435349,16.3066,0.250867,3.98618,4.29656,0.73,0.000548782
593000,A_w100_T10000_std_lr0.01_s9_A1,0.86,0.00040404,0.8,12.4318,3.71873,0.306775,0.647303,0.00222222,0.317804,12.957,0.0245276,15.7202,0.258862,3.86306,3.46659,0.86,0.121836
594000,A_w100_T10000_std_lr0.01_s0_A1,0.94,0,0.92,3.86218,1.54405,0.282168,0.61703,0.00222222,0.339881,10.0225,0.0339116,15.5768,0.244202,4.09497,2.01211,0.94,0.117621
594000,A_w100_T10000_std_lr0.01_s1_A1,0.95,0,0.91,4.42452,1.7832,0.30991,0.657131,0.00262626,3.75739,14.0593,0.267252,14.8018,0.281976,3.5464,1.91684,0.95,0.716512
594000,A_w100_T10000_std_lr0.01_s2_A1,0.62,0.00181818,0.51,19.526,6.88624,0.318915,0.653374,0.00222222,0.00129578,0.0114828,0.112845,15.3259,0.261624,3.82228,3.39744,0.62,0.000102041
594000,A_w100_T10000_std_lr0.01_s3_A1,0.83,0,0.8,11.2936,4.25699,0.30902,0.653636,0.00161616,0.705967,7.79564,0.0905592,15.6848,0.258178,3.87329,3.57909,0.83,0.0644565
594000,A_w100_T10000_std_lr0.01_s4_A1,0.95,0,0.92,4.37422,2.0076,0.326299,0.670051,0.00444444,1.29682,12.1446,0.106781,14.8739,0.270114,3.70214,1.54047,0.95,0.399718
594000,A_w100_T10000_std_lr0.01_s5_A1,0.72,0.00040404,0.63,13.937,4.59159,0.281621,0.602566,0.00121212,0.033887,0.272842,0.1242,16.269,0.217945,4.58831,4.65452,0.72,0.00164525
594000,A_w100_T10000_std_lr0.01_s6_A1,0.94,0.000606061,0.91,5.05052,2.8621,0.289487,0.625859,0.0030303,0.00635446,1.16805,0.00544022,15.6502,0.225782,4.42905,2.63701,0.94,0.0725603
594000,A_w100_T10000_std_lr0.01_s7_A1,0.77,0.0010101,0.71,14.4015,5.60812,0.29793,0.641485,0.00444444,0.00780574,0.170837,0.0456911,15.8716,0.247367,4.04258,3.56639,0.77,0.00102895
594000,A_w100_T10000_std_lr0.01_s8_A1,0.72,0.00020202,0.68,15.3219,5.60619,0.282194,0.59897,0.000606061,0.000187746,0.0139398,0.0134683,16.3065,0.250819,3.98693,4.39282,0.72,0.000155947
594000,A_w100_T10000_std_lr0.01_s9_A1,0.86,0.00040404,0.8,12.4298,3.41139,0.306691,0.646414,0.00222222,3.32933,16.7966,0.198214,15.7151,0.258495,3.86855,3.47553,0.86,0.16191
595000,A_w100_T10000_std_lr0.01_s0_A1,0.94,0,0.92,4.1357,1.63632,0.282263,0.617424,0.00222222,19.927,42.8281,0.465278,15.5684,0.243786,4.10196,1.96607,0.94,0.437966
595000,A_w100_T10000_std_lr0.01_s1_A1,0.96,0,0.91,4.4724,2.06876,0.309679,0.656586,0.00262626,0.229747,9.59333,0.0239486,14.804,0.28226,3.54283,2.56944,0.96,0.474858
595000,A_w100_T10000_std_lr0.01_s2_A1,0.62,0.00181818,0.51,19.5414,6.90214,0.318919,0.653374,0.00222222,5.10686e-05,0.00132982,0.0384027,15.3256,0.261614,3.82242,3.39806,0.62,1.45316e-05
595000,A_w100_T10000_std_lr0.01_s3_A1,0.81,0,0.8,11.2141,4.19709,0.309135,0.654394,0.00161616,0.145915,3.19438,0.0456786,15.6774,0.257866,3.87799,3.79731,0.81,0.0392248
595000,A_w100_T10000_std_lr0.01_s4_A1,0.96,0,0.93,4.04302,2.0044,0.326418,0.670051,0.00444444,0.0939046,6.51357,0.0144168,14.8727,0.27037,3.69864,1.40653,0.96,0.306452
595000,A_w100_T10000_std_lr0.01_s5_A1,0.72,0.00040404,0.63,13.9757,4.60246,0.281583,0.602566,0.00121212,0.00209024,0.0562161,0.0371823,16.2689,0.217877,4.58974,4.65728,0.72,0.000421754
595000,A_w100_T10000_std_lr0.01_s6_A1,0.94,0.000606061,0.91,5.22767,3.05611,0.289527,0.625859,0.0030303,0.143554,1.4942,0.0960742,15.6487,0.225967,4.42542,2.65165,0.94,0.081952
595000,A_w100_T10000_std_lr0.01_s7_A1,0.78,0.0010101,0.71,14.4312,5.62646,0.297885,0.641253,0.00444444,0.0041362,0.078343,0.052796,15.8718,0.247288,4.04387,3.43118,0.78,0.000472905
595000,A_w100_T10000_std_lr0.01_s8_A1,0.73,0.00020202,0.68,15.3093,5.60834,0.282199,0.59897,0.000606061,0.000177969,0.00721,0.0246836,16.3065,0.250802,3.98721,4.29304,0.73,7.63497e-05
595000,A_w100_T10000_std_lr0.01_s9_A1,0.86,0.00040404,0.8,12.7535,4.04307,0.306899,0.647071,0.00222222,0.729832,9.09264,0.0802661,15.7124,0.25895,3.86175,3.49832,0.86,0.108299
596000,A_w100_T10000_std_lr0.01_s0_A1,0.93,0,0.92,4.21824,1.64653,0.28225,0.61703,0.00222222,0.327009,8.75115,0.0373675,15.5706,0.243411,4.10827,2.22027,0.93,0.086225
596000,A_w100_T10000_std_lr0.01_s1_A1,0.95,0,0.91,4.87316,2.07455,0.309649,0.656586,0.00262626,0.503022,9.48721,0.0530211,14.7979,0.282314,3.54216,2.46057,0.95,0.485818
596000,A_w100_T10000_std_lr0.01_s2_A1,0.62,0.00181818,0.51,19.5398,6.90291,0.318923,0.653374,0.00222222,1.82216e-06,0.000127442,0.0142979,15.3255,0.261611,3.82247,3.39831,0.62,1.84113e-06
596000,A_w100_T10000_std_lr0.01_s3_A1,0.81,0,0.8,11.0617,4.23273,0.309011,0.653576,0.00161616,0.982021,7.66494,0.128118,15.6744,0.257473,3.88391,3.78383,0.81,0.0486591
596000,A_w100_T10000_std_lr0.01_s4_A1,0.96,0,0.93,3.97771,1.90625,0.326414,0.670051,0.00444444,0.569278,8.14444,0.0698978,14.8709,0.270441,3.69767,1.4034,0.96,0.30597
596000,A_w100_T10000_std_lr0.01_s5_A1,0.72,0.00040404,0.63,14.0273,4.62822,0.281562,0.602566,0.00121212,0.00253218,0.0512939,0.0493661,16.2688,0.217782,4.59175,4.66135,0.72,0.000241565
596000,A_w100_T10000_std_lr0.01_s6_A1,0.94,0.000606061,0.91,5.16184,2.94666,0.289583,0.626414,0.0030303,0.0926804,1.40482,0.0659732,15.6485,0.225972,4.42533,2.65438,0.94,0.0759197
596000,A_w100_T10000_std_lr0.01_s7_A1,0.78,0.0010101,0.71,14.4344,5.62805,0.297874,0.641253,0.00444444,0.00621186,0.0529068,0.117411,15.8717,0.247243,4.0446,3.43584,0.78,0.000302148
596000,A_w100_T10000_std_lr0.01_s8_A1,0.73,0.00020202,0.68,15.3135,5.61632,0.282204,0.59897,0.000606061,0.000264495,0.00298737,0.0885376,16.3064,0.250797,3.98729,4.29263,0.73,2.94854e-05
596000,A_w100_T10000_std_lr0.01_s9_A1,0.88,0.00040404,0.8,12.5655,4.03719,0.306774,0.646859,0.00161616,0.325199,5.41166,0.0600922,15.7093,0.258837,3.86344,3.267,0.88,0.0625775
597000,A_w100_T10000_std_lr0.01_s0_A1,0.94,0,0.92,4.14785,1.62683,0.282525,0.616889,0.00222222,0.837019,8.38609,0.0998105,15.5648,0.243252,4.11097,1.92836,0.94,0.0908948
597000,A_w100_T10000_std_lr0.01_s1_A1,0.95,0,0.91,4.66131,2.20394,0.309532,0.657677,0.00323232,1.9886,13.6107,0.146106,14.7971,0.282526,3.5395,2.72822,0.95,0.532335
597000,A_w100_T10000_std_lr0.01_s2_A1,0.62,0.00181818,0.52,19.5409,6.90532,0.318923,0.653374,0.00222222,2.48566e-06,2.85169e-05,0.0871643,15.3255,0.261608,3.82252,3.39842,0.62,3.69697e-07
597000,A_w100_T10000_std_lr0.01_s3_A1,0.83,0,0.8,11.1279,4.3169,0.30899,0.653576,0.00161616,0.498208,3.29786,0.15107,15.6697,0.257069,3.89,3.75822,0.83,0.0237459
597000,A_w100_T10000_std_lr0.01_s4_A1,0.96,0,0.93,3.96482,2.00038,0.326272,0.669253,0.00444444,0.190386,7.09538,0.0268323,14.8701,0.270401,3.69821,1.39745,0.96,0.290912
597000,A_w100_T10000_std_lr0.01_s5_A1,0.72,0.00040404,0.63,14.0469,4.63302,0.281549,0.602566,0.00121212,0.00010128,0.00459464,0.0220431,16.2687,0.217748,4.59247,4.66246,0.72,2.83979e-05
597000,A_w100_T10000_std_lr0.01_s6_A1,0.94,0.000606061,0.91,5.24841,3.12361,0.289657,0.625788,0.0030303,0.0731445,1.3363,0.0547365,15.6473,0.22613,4.42223,2.65733,0.94,0.0677185
597000,A_w100_T10000_std_lr0.01_s7_A1,0.76,0.0010101,0.71,14.4585,5.63942,0.297859,0.641253,0.00444444,0.000520134,0.0121675,0.0427479,15.8715,0.247218,4.04501,3.59958,0.76,7.08231e-05
597000,A_w100_T10000_std_lr0.01_s8_A1,0.73,0.00020202,0.68,15.312,5.62146,0.282207,0.59897,0.000606061,0.000135487,0.00122419,0.110675,16.3064,0.250792,3.98737,4.29249,0.73,1.17897e-05
597000,A_w100_T10000_std_lr0.01_s9_A1,0.88,0.00040404,0.81,12.402,3.95348,0.306857,0.647253,0.00222222,0.208456,5.04406,0.041327,15.7048,0.258873,3.8629,3.29965,0.88,0.0473049
598000,A_w100_T10000_std_lr0.01_s0_A1,0.93,0,0.92,4.38489,1.71102,0.282403,0.616273,0.00222222,0.244462,8.22586,0.0297187,15.5648,0.242939,4.11626,2.19915,0.93,0.0751179
598000,A_w100_T10000_std_lr0.01_s1_A1,0.96,0,0.92,4.24976,1.88691,0.309663,0.657121,0.00323232,0.721925,14.9968,0.0481387,14.7939,0.282966,3.53399,2.52346,0.96,0.491071
598000,A_w100_T10000_std_lr0.01_s2_A1,0.62,0.00181818,0.52,19.5411,6.90615,0.318924,0.653374,0.00222222,7.0418e-07,7.8267e-06,0.0899715,15.3255,0.261607,3.82252,3.39846,0.62,9.05836e-08
598000,A_w100_T10000_std_lr0.01_s3_A1,0.82,0,0.8,11.1742,4.33524,0.308988,0.653576,0.00161616,0.0623728,1.45918,0.0427452,15.6652,0.256878,3.89291,3.90924,0.82,0.0107792
598000,A_w100_T10000_std_lr0.01_s4_A1,0.96,0,0.93,4.2806,2.10257,0.326155,0.670051,0.00444444,0.154824,6.58154,0.023524,14.869,0.270057,3.70292,1.55671,0.96,0.275396
598000,A_w100_T10000_std_lr0.01_s5_A1,0.72,0.00040404,0.63,14.0473,4.62913,0.281551,0.602566,0.00121212,0.000355577,0.00410056,0.0867144,16.2686,0.21775,4.59243,4.66365,0.72,2.17915e-05
598000,A_w100_T10000_std_lr0.01_s6_A1,0.94,0.000606061,0.91,5.30183,3.24149,0.289775,0.625788,0.0030303,0.00877207,1.05719,0.00829757,15.6464,0.226303,4.41885,2.63805,0.94,0.0554354
598000,A_w100_T10000_std_lr0.01_s7_A1,0.76,0.0010101,0.71,14.4648,5.64002,0.297852,0.641253,0.00444444,0.000443002,0.00730083,0.0606783,15.8716,0.247198,4.04534,3.60157,0.76,4.48838e-05
598000,A_w100_T10000_std_lr0.01_s8_A1,0.73,0.00020202,0.68,15.3129,5.62124,0.282207,0.59897,0.000606061,2.22373e-05,0.000435919,0.0510124,16.3064,0.250788,3.98743,4.2923,0.73,4.0343e-06
598000,A_w100_T10000_std_lr0.01_s9_A1,0.87,0.00020202,0.82,12.7727,4.39927,0.30704,0.64799,0.00222222,0.194946,4.28671,0.0454768,15.7003,0.259325,3.85616,3.46708,0.87,0.0407008
599000,A_w100_T10000_std_lr0.01_s0_A1,0.95,0,0.92,4.20211,1.67685,0.282605,0.616495,0.00222222,1.45455,9.25024,0.157245,15.5581,0.242939,4.11627,1.79531,0.95,0.104134
599000,A_w100_T10000_std_lr0.01_s1_A1,0.96,0,0.92,4.40967,1.94446,0.309572,0.657545,0.00323232,0.259727,7.5288,0.0344978,14.7929,0.28284,3.53556,2.53862,0.96,0.439604
599000,A_w100_T10000_std_lr0.01_s2_A1,0.62,0.00181818,0.52,19.5413,6.90664,0.318924,0.653374,0.00222222,4.94475e-08,8.7409e-07,0.0565703,15.3255,0.261607,3.82253,3.39847,0.62,1.08991e-08
599000,A_w100_T10000_std_lr0.01_s3_A1,0.83,0,0.8,11.1868,4.33883,0.309046,0.653576,0.00161616,0.758683,2.45929,0.308497,15.6615,0.256791,3.89421,3.76132,0.83,0.0159276
599000,A_w100_T10000_std_lr0.01_s4_A1,0.96,0,0.93,4.30546,2.00331,0.326196,0.669253,0.00444444,0.171287,11.0609,0.0154858,14.865,0.26997,3.70412,1.549,0.96,0.262036
599000,A_w100_T10000_std_lr0.01_s5_A1,0.73,0.00040404,0.63,14.0527,4.63232,0.281549,0.602566,0.00121212,1.80824e-05,0.000523993,0.0345089,16.2686,0.217742,4.59259,4.77063,0.73,3.4246e-06
599000,A_w100_T10000_std_lr0.01_s6_A1,0.94,0.000606061,0.91,5.35125,3.31063,0.289889,0.625576,0.0030303,0.0547119,1.35448,0.0403934,15.6449,0.226381,4.41734,2.6366,0.94,0.0558863
599000,A_w100_T10000_std_lr0.01_s7_A1,0.76,0.0010101,0.71,14.4612,5.64103,0.297847,0.641253,0.00444444,0.000113683,0.00214041,0.0531128,15.8715,0.247183,4.04559,3.60282,0.76,1.33177e-05
599000,A_w100_T10000_std_lr0.01_s8_A1,0.73,0.00020202,0.68,15.3146,5.62405,0.282208,0.59897,0.000606061,0.000117119,0.000368954,0.317436,16.3063,0.250785,3.98748,4.29211,0.73,3.42542e-06
599000,A_w100_T10000_std_lr0.01_s9_A1,0.88,0.00020202,0.82,12.6759,4.52693,0.307039,0.648283,0.00222222,0.095138,2.20234,0.0431986,15.6965,0.259392,3.85517,3.35661,0.88,0.0204268
600000,A_w100_T10000_std_lr0.01_s0_A1,0.95,0,0.92,4.40484,1.82493,0.282572,0.616889,0.00222222,7.43111,22.6644,0.327876,15.5524,0.242776,4.11903,1.79808,0.95,0.187036
600000,A_w100_T10000_std_lr0.01_s1_A1,0.96,0,0.92,4.62679,2.10737,0.309508,0.657768,0.00323232,0.717139,7.65454,0.093688,14.7927,0.282588,3.53872,2.49488,0.96,0.453871
600000,A_w100_T10000_std_lr0.01_s2_A1,0.62,0.00181818,0.53,19.5413,6.90683,0.318925,0.653374,0.00222222,3.7988e-09,1.17822e-07,0.032242,15.3255,0.261607,3.82253,3.39848,0.62,1.48106e-09
600000,A_w100_T10000_std_lr0.01_s3_A1,0.83,0,0.8,11.1939,4.36924,0.308989,0.653576,0.00161616,0.265965,1.83991,0.144553,15.6597,0.256458,3.89928,3.76345,0.83,0.00819442
600000,A_w100_T10000_std_lr0.01_s4_A1,0.96,0,0.93,4.14696,2.08798,0.326194,0.669253,0.00444444,0.766448,9.77771,0.0783873,14.865,0.269914,3.70489,1.54965,0.96,0.301736
600000,A_w100_T10000_std_lr0.01_s5_A1,0.72,0.00040404,0.63,14.0563,4.63417,0.281547,0.602566,0.00121212,4.56277e-05,0.000223669,0.203996,16.2686,0.217735,4.59274,4.66444,0.72,1.23988e-06
600000,A_w100_T10000_std_lr0.01_s6_A1,0.94,0.000606061,0.91,5.47435,3.48486,0.289983,0.625576,0.0030303,0.060032,1.20458,0.0498366,15.6432,0.226509,4.41483,2.65023,0.94,0.0494008
600000,A_w100_T10000_std_lr0.01_s7_A1,0.77,0.0010101,0.71,14.4631,5.64218,0.297848,0.641253,0.00444444,6.2656e-05,0.000973235,0.0643791,15.8714,0.247175,4.04571,3.58251,0.77,6.41804e-06
600000,A_w100_T10000_std_lr0.01_s8_A1,0.72,0.00020202,0.68,15.3138,5.62433,0.282208,0.59897,0.000606061,1.7405e-06,4.48154e-05,0.0388372,16.3063,0.250782,3.98752,4.39071,0.72,4.48484e-07
600000,A_w100_T10000_std_lr0.01_s9_A1,0.88,0.00020202,0.82,12.6258,4.66515,0.307015,0.648283,0.00222222,0.0240238,1.25819,0.019094,15.6939,0.2594,3.85506,3.37776,0.88,0.0113554
601000,A_w100_T10000_std_lr0.01_s0_A1,0.92,0,0.88,7.13459,2.26572,0.285211,0.616818,0.00222222,6.85887,118.494,0.0578839,15.5271,0.239191,4.18076,2.68199,0.92,0.719676
601000,A_w100_T10000_std_lr0.01_s1_A1,0.93,0.00020202,0.89,6.75329,3.206,0.30888,0.653323,0.00282828,0.180579,6.40984,0.0281721,14.8065,0.281118,3.55722,2.65259,0.93,0.155085
601000,A_w100_T10000_std_lr0.01_s2_A1,0.5,0.00181818,0.38,21.0204,7.85962,0.322461,0.657202,0.00222222,0.0500853,0.906866,0.0552289,15.3089,0.266353,3.75441,3.86227,0.5,0.00853609
601000,A_w100_T10000_std_lr0.01_s3_A1,0.83,0.0010101,0.72,14.3004,4.81692,0.316564,0.659818,0.00282828,0.0270288,2.17247,0.0124415,15.5895,0.268574,3.72337,4.0295,0.83,0.0250934
601000,A_w100_T10000_std_lr0.01_s4_A1,0.94,0.00040404,0.89,5.93985,2.98093,0.326289,0.669283,0.00444444,8.44504,55.036,0.153446,14.8685,0.272287,3.67259,1.70384,0.94,1.54814
601000,A_w100_T10000_std_lr0.01_s5_A1,0.71,0.00121212,0.59,16.1076,5.39361,0.292064,0.61199,0.000606061,0.7314,6.46653,0.113105,16.2253,0.239661,4.17256,4.76843,0.71,0.0513266
601000,A_w100_T10000_std_lr0.01_s6_A1,0.95,0.000606061,0.88,6.53896,3.05181,0.290461,0.629222,0.0030303,0.0187477,3.2188,0.00582442,15.6243,0.227458,4.39642,2.99476,0.95,0.177856
601000,A_w100_T10000_std_lr0.01_s7_A1,0.83,0.000808081,0.77,12.3053,5.82168,0.298643,0.643343,0.0040404,7.05725,20.7543,0.340038,15.8444,0.249395,4.00971,3.08457,0.83,0.208796
601000,A_w100_T10000_std_lr0.01_s8_A1,0.82,0,0.78,13.7923,5.20009,0.283126,0.598879,0.000808081,2.20273,10.3298,0.21324,16.2985,0.252448,3.96122,4.02444,0.82,0.119242
601000,A_w100_T10000_std_lr0.01_s9_A1,0.86,0.000808081,0.76,12.3385,4.64538,0.311195,0.650646,0.00262626,1.00679,17.279,0.0582666,15.6685,0.266347,3.7545,3.08852,0.86,0.135432
602000,A_w100_T10000_std_lr0.01_s0_A1,0.93,0,0.88,6.87346,2.21027,0.285664,0.617626,0.00222222,1.94833,51.6157,0.0377469,15.4984,0.23716,4.21655,2.65273,0.93,0.362497
602000,A_w100_T10000_std_lr0.01_s1_A1,0.93,0.00020202,0.89,6.77326,3.42166,0.308976,0.653323,0.00282828,0.122716,4.87556,0.0251696,14.8093,0.281006,3.55864,2.64988,0.93,0.137251
602000,A_w100_T10000_std_lr0.01_s2_A1,0.5,0.00181818,0.38,21.0092,7.85789,0.322253,0.657202,0.00222222,0.000413979,0.009733,0.0425336,15.3092,0.266181,3.75684,3.85861,0.5,9.7788e-05
602000,A_w100_T10000_std_lr0.01_s3_A1,0.82,0.0010101,0.72,14.5904,5.00737,0.316492,0.660515,0.00282828,0.00932278,0.734984,0.0126843,15.5864,0.268041,3.73078,4.32279,0.82,0.00781063
602000,A_w100_T10000_std_lr0.01_s4_A1,0.93,0.00040404,0.89,7.25658,3.20173,0.326903,0.671071,0.00464646,0.809746,14.1809,0.0571013,14.8544,0.272381,3.67133,1.76753,0.93,1.28874
602000,A_w100_T10000_std_lr0.01_s5_A1,0.73,0.00121212,0.6,16.1892,5.53291,0.291754,0.611293,0.000606061,0.0740349,1.04056,0.0711489,16.2275,0.239314,4.1786,4.57843,0.73,0.00735421
602000,A_w100_T10000_std_lr0.01_s6_A1,0.96,0.000606061,0.88,6.58714,3.0652,0.290302,0.628606,0.0030303,0.224337,2.15208,0.104242,15.6216,0.227336,4.39877,2.63929,0.96,0.137393
602000,A_w100_T10000_std_lr0.01_s7_A1,0.82,0,0.78,12.8699,5.73423,0.298496,0.643182,0.0040404,0.218943,3.48357,0.0628503,15.8457,0.248414,4.02553,3.20957,0.82,0.0269377
602000,A_w100_T10000_std_lr0.01_s8_A1,0.83,0,0.78,13.807,5.51528,0.283116,0.600778,0.000808081,0.0813907,3.50307,0.0232341,16.2964,0.251881,3.97014,3.71265,0.83,0.0331578
602000,A_w100_T10000_std_lr0.01_s9_A1,0.86,0.000808081,0.77,11.4721,4.71889,0.31093,0.651101,0.0030303,0.273403,6.73006,0.0406242,15.6605,0.265786,3.76242,3.12917,0.86,0.0528287
603000,A_w100_T10000_std_lr0.01_s0_A1,0.91,0,0.88,7.25955,2.53906,0.285839,0.617626,0.00222222,12.9659,94.6838,0.136939,15.4692,0.235079,4.25388,2.29098,0.91,0.533505
603000,A_w100_T10000_std_lr0.01_s1_A1,0.93,0.00020202,0.89,6.63364,3.36111,0.308983,0.653323,0.00282828,0.162355,5.18182,0.0313317,14.811,0.280753,3.56185,2.67548,0.93,0.121837
603000,A_w100_T10000_std_lr0.01_s2_A1,0.5,0.00161616,0.38,21.0081,7.8556,0.32224,0.657202,0.00222222,1.55163e-05,0.000471908,0.0328799,15.3092,0.266187,3.75675,3.85823,0.5,3.34952e-06
603000,A_w100_T10000_std_lr0.01_s3_A1,0.82,0.0010101,0.72,14.6799,5.0424,0.316435,0.660323,0.00282828,0.0513374,0.347158,0.147879,15.5848,0.267854,3.73338,4.31141,0.82,0.00319678
603000,A_w100_T10000_std_lr0.01_s4_A1,0.94,0.00040404,0.89,7.24823,3.55332,0.326685,0.671242,0.00464646,0.28805,8.85133,0.0325431,14.8505,0.271957,3.67705,1.72754,0.94,1.22392
603000,A_w100_T10000_std_lr0.01_s5_A1,0.74,0.00121212,0.6,16.0748,5.55253,0.291659,0.611748,0.000606061,0.00774551,0.218989,0.0353694,16.2293,0.23919,4.18077,4.77184,0.74,0.00160564
603000,A_w100_T10000_std_lr0.01_s6_A1,0.95,0.000606061,0.88,6.82182,3.36362,0.290209,0.628606,0.0030303,0.168315,2.79328,0.0602572,15.6188,0.227109,4.40317,2.64468,0.95,0.119284
603000,A_w100_T10000_std_lr0.01_s7_A1,0.82,0,0.78,12.9795,5.70996,0.29832,0.642333,0.0040404,0.0424741,1.59215,0.0266772,15.8456,0.247931,4.03338,3.02843,0.82,0.0102691
603000,A_w100_T10000_std_lr0.01_s8_A1,0.82,0,0.78,13.8777,5.52316,0.283158,0.600768,0.000808081,0.0654228,2.70727,0.0241656,16.2935,0.251694,3.97308,3.55465,0.82,0.0234714
603000,A_w100_T10000_std_lr0.01_s9_A1,0.86,0.000808081,0.77,11.1676,4.96311,0.310833,0.65099,0.00323232,0.234584,5.65965,0.0414484,15.6592,0.26567,3.76406,3.12646,0.86,0.0303863
604000,A_w100_T10000_std_lr0.01_s0_A1,0.93,0,0.89,7.34866,2.68517,0.285783,0.617626,0.00222222,0.33197,12.3517,0.0268764,15.4561,0.234088,4.2719,2.65844,0.93,0.166414
604000,A_w100_T10000_std_lr0.01_s1_A1,0.93,0.00020202,0.89,6.66667,3.49754,0.309067,0.652293,0.00282828,0.142226,4.95933,0.0286785,14.811,0.280505,3.565,2.6876,0.93,0.10841
604000,A_w100_T10000_std_lr0.01_s2_A1,0.5,0.00161616,0.39,21.0071,7.85452,0.322237,0.657202,0.00222222,9.39824e-07,2.47432e-05,0.037983,15.3092,0.266189,3.75672,3.85817,0.5,1.64342e-07
604000,A_w100_T10000_std_lr0.01_s3_A1,0.82,0.0010101,0.72,14.7162,5.08486,0.316425,0.660323,0.00282828,0.0157891,0.132919,0.118787,15.5836,0.267797,3.73417,4.30723,0.82,0.00108389
604000,A_w100_T10000_std_lr0.01_s4_A1,0.94,0.00040404,0.89,7.13253,3.66332,0.326483,0.671071,0.00464646,0.128755,14.1876,0.00907516,14.8482,0.271612,3.68173,1.73247,0.94,1.09618
604000,A_w100_T10000_std_lr0.01_s5_A1,0.74,0.00121212,0.6,16.022,5.574,0.291601,0.611919,0.000606061,0.00234494,0.0561479,0.0417636,16.2298,0.239139,4.18167,4.76709,0.74,0.00043728
604000,A_w100_T10000_std_lr0.01_s6_A1,0.95,0.000606061,0.88,6.90013,3.50812,0.290247,0.628606,0.0030303,0.0874176,2.5213,0.0346716,15.6177,0.22704,4.40452,2.65739,0.95,0.106072
604000,A_w100_T10000_std_lr0.01_s7_A1,0.83,0,0.78,12.9446,5.66693,0.298295,0.642333,0.0040404,0.122671,1.88306,0.0651446,15.845,0.24767,4.03764,3.00788,0.83,0.0112625
604000,A_w100_T10000_std_lr0.01_s8_A1,0.83,0,0.78,13.9045,5.54653,0.283042,0.600768,0.000808081,0.080286,1.75597,0.0457217,16.2911,0.251397,3.97777,3.74219,0.83,0.0164742
604000,A_w100_T10000_std_lr0.01_s9_A1,0.85,0.00040404,0.78,10.857,5.03355,0.310647,0.65099,0.00323232,0.245941,2.41252,0.101944,15.6577,0.265531,3.76604,3.36979,0.85,0.0124055
605000,A_w100_T10000_std_lr0.01_s0_A1,0.93,0,0.89,6.85241,2.4798,0.285881,0.617626,0.00222222,5.64082,159.124,0.0354493,15.4553,0.233101,4.28999,2.68524,0.93,0.454931
605000,A_w100_T10000_std_lr0.01_s1_A1,0.93,0.00020202,0.9,6.44758,3.44125,0.309165,0.652293,0.00282828,0.0348291,3.73616,0.00932218,14.8117,0.280468,3.56547,2.68818,0.93,0.0849744
605000,A_w100_T10000_std_lr0.01_s2_A1,0.5,0.00141414,0.39,21.0068,7.85434,0.322237,0.657202,0.00222222,5.11476e-08,6.80489e-07,0.0751631,15.3092,0.266189,3.75672,3.85816,0.5,4.72678e-09
605000,A_w100_T10000_std_lr0.01_s3_A1,0.81,0.0010101,0.72,14.7198,5.10138,0.316387,0.660323,0.00282828,0.00271024,0.0433933,0.0624575,15.5834,0.267712,3.73536,4.01738,0.81,0.000351633
605000,A_w100_T10000_std_lr0.01_s4_A1,0.94,0.00040404,0.89,7.15748,3.66811,0.326481,0.671242,0.00464646,0.0331264,24.966,0.00132686,14.8449,0.271382,3.68484,1.72466,0.94,1.04833
605000,A_w100_T10000_std_lr0.01_s5_A1,0.73,0.00181818,0.6,16.0151,5.58175,0.29159,0.611919,0.000606061,0.00707649,0.0386069,0.183296,16.2299,0.239141,4.18164,4.7366,0.73,0.000326643
605000,A_w100_T10000_std_lr0.01_s6_A1,0.95,0.000606061,0.88,6.99073,3.54712,0.290273,0.628606,0.0030303,0.175616,2.43594,0.0720938,15.6166,0.226971,4.40586,2.66067,0.95,0.106748
605000,A_w100_T10000_std_lr0.01_s7_A1,0.82,0,0.78,12.9298,5.67907,0.298327,0.642333,0.0040404,0.362292,1.48807,0.243464,15.8437,0.247492,4.04054,3.0312,0.82,0.00911259
605000,A_w100_T10000_std_lr0.01_s8_A1,0.82,0,0.78,13.8421,5.55143,0.283109,0.600768,0.000808081,0.279227,1.76371,0.158319,16.2882,0.251198,3.98092,3.9839,0.82,0.0174983
605000,A_w100_T10000_std_lr0.01_s9_A1,0.86,0.00020202,0.8,10.7321,5.11728,0.310746,0.65099,0.00323232,0.0996132,2.45055,0.0406493,15.6534,0.26556,3.76563,3.14102,0.86,0.0111947
606000,A_w100_T10000_std_lr0.01_s0_A1,0.93,0,0.9,6.37452,2.33979,0.286133,0.618061,0.00222222,1.93681,46.7203,0.0414555,15.428,0.231985,4.31062,2.5761,0.93,0.29251
606000,A_w100_T10000_std_lr0.01_s1_A1,0.93,0.00020202,0.9,6.50094,3.50819,0.309119,0.652293,0.00282828,0.124127,4.24882,0.0292146,14.8121,0.280142,3.56961,2.69619,0.93,0.0809107
606000,A_w100_T10000_std_lr0.01_s2_A1,0.5,0.00141414,0.52,21.0068,7.85435,0.322237,0.657202,0.00222222,1.61172e-09,3.00839e-08,0.0535743,15.3092,0.266189,3.75672,3.85815,0.5,1.60756e-10
606000,A_w100_T10000_std_lr0.01_s3_A1,0.81,0.0010101,0.72,14.7446,5.1199,0.316374,0.660323,0.00282828,0.000691077,0.0185422,0.0372705,15.5829,0.267671,3.73593,4.01639,0.81,0.000131369
606000,A_w100_T10000_std_lr0.01_s4_A1,0.94,0.00040404,0.89,6.87999,3.38814,0.326891,0.671242,0.00464646,0.0807818,9.40359,0.00859053,14.8416,0.271666,3.68099,1.7282,0.94,1.11066
606000,A_w100_T10000_std_lr0.01_s5_A1,0.73,0.00181818,0.61,15.9904,5.58512,0.291573,0.611919,0.000606061,0.00074026,0.00729874,0.101423,16.2301,0.239111,4.18216,4.73535,0.73,4.84033e-05
606000,A_w100_T10000_std_lr0.01_s6_A1,0.95,0.000606061,0.88,6.95132,3.50115,0.290334,0.628606,0.0030303,0.0453465,1.02984,0.0440326,15.6159,0.2271,4.40335,2.6482,0.95,0.0923451
606000,A_w100_T10000_std_lr0.01_s7_A1,0.82,0,0.78,12.9203,5.71355,0.298354,0.642333,0.0040404,0.0586192,0.485112,0.120836,15.8434,0.24744,4.04139,2.98811,0.82,0.00299185
606000,A_w100_T10000_std_lr0.01_s8_A1,0.83,0,0.78,13.7313,5.52181,0.283083,0.600768,0.000808081,0.218264,1.3215,0.165164,16.2854,0.251059,3.98312,3.76986,0.83,0.0113432
606000,A_w100_T10000_std_lr0.01_s9_A1,0.86,0.00020202,0.8,10.5515,5.12889,0.310773,0.650091,0.0030303,0.155891,1.13431,0.137432,15.6521,0.265679,3.76394,3.14211,0.86,0.00471794
607000,A_w100_T10000_std_lr0.01_s0_A1,0.94,0,0.9,6.49111,2.61614,0.286052,0.618061,0.00222222,1.70164,10.4123,0.163426,15.4177,0.231736,4.31525,2.52683,0.94,0.178993
607000,A_w100_T10000_std_lr0.01_s1_A1,0.93,0.00020202,0.9,6.34827,3.46959,0.30917,0.652293,0.00282828,0.449025,5.01174,0.0895946,14.8105,0.279876,3.57301,2.69335,0.93,0.0964224
607000,A_w100_T10000_std_lr0.01_s2_A1,0.5,0.00141414,0.75,21.0068,7.85435,0.322237,0.657202,0.00222222,1.85922e-11,6.63567e-10,0.0280186,15.3092,0.266189,3.75672,3.85815,0.5,4.54625e-12
607000,A_w100_T10000_std_lr0.01_s3_A1,0.81,0.0010101,0.72,14.7382,5.11476,0.316374,0.660323,0.00282828,0.000908585,0.00887837,0.102337,15.5828,0.267666,3.736,4.01661,0.81,6.13161e-05
607000,A_w100_T10000_std_lr0.01_s4_A1,0.94,0.00040404,0.89,7.26405,3.82952,0.326616,0.671242,0.00464646,0.0656276,21.3765,0.00307008,14.8395,0.271216,3.6871,1.72316,0.94,1.0526
607000,A_w100_T10000_std_lr0.01_s5_A1,0.73,0.00181818,0.61,15.9869,5.58616,0.291571,0.611919,0.000606061,0.000807303,0.00306742,0.263186,16.2301,0.239116,4.18208,4.73486,0.73,2.30807e-05
607000,A_w100_T10000_std_lr0.01_s6_A1,0.95,0.000606061,0.88,6.95312,3.47786,0.290273,0.628606,0.0030303,0.164582,3.22079,0.0511,15.6157,0.226812,4.40894,2.64543,0.95,0.0899292
607000,A_w100_T10000_std_lr0.01_s7_A1,0.82,0,0.78,12.885,5.69931,0.298298,0.642333,0.0040404,0.031018,0.202642,0.153068,15.8441,0.247292,4.04381,2.99116,0.82,0.00125649
607000,A_w100_T10000_std_lr0.01_s8_A1,0.82,0,0.78,13.7972,5.51287,0.283197,0.600768,0.000808081,0.0926489,0.697043,0.132917,16.2833,0.250967,3.98459,3.65112,0.82,0.00546911
607000,A_w100_T10000_std_lr0.01_s9_A1,0.86,0.00020202,0.8,10.5472,5.14307,0.310732,0.650091,0.0030303,0.252034,0.666041,0.378406,15.6512,0.265592,3.76517,3.14335,0.86,0.00394978
608000,A_w100_T10000_std_lr0.01_s0_A1,0.95,0,0.92,5.03878,2.20793,0.286514,0.618929,0.00222222,1.42921,46.6065,0.0306655,15.4134,0.229905,4.34963,2.43539,0.95,0.593841
608000,A_w100_T10000_std_lr0.01_s1_A1,0.93,0.00020202,0.9,6.20582,3.31722,0.3092,0.652293,0.00282828,0.186569,3.9246,0.0475383,14.8102,0.279897,3.57274,2.71824,0.93,0.0749509
608000,A_w100_T10000_std_lr0.01_s2_A1,0.5,0.00141414,0.96,21.0068,7.85435,0.322237,0.657202,0.00222222,1.98796e-12,5.90676e-11,0.0336557,15.3092,0.266189,3.75672,3.85815,0.5,4.50006e-13
608000,A_w100_T10000_std_lr0.01_s3_A1,0.81,0.0010101,0.72,14.7445,5.11853,0.316364,0.660323,0.00282828,6.4193e-05,0.00184704,0.0347546,15.5827,0.267648,3.73625,4.01671,0.81,1.33567e-05
608000,A_w100_T10000_std_lr0.01_s4_A1,0.94,0.00040404,0.89,6.67646,3.0543,0.326536,0.670465,0.00464646,1.44789,23.2617,0.0622436,14.8394,0.27079,3.6929,1.70815,0.94,1.16998
608000,A_w100_T10000_std_lr0.01_s5_A1,0.74,0.00181818,0.61,15.9823,5.58778,0.291565,0.611919,0.000606061,2.45635e-05,0.000656394,0.0374219,16.2302,0.239107,4.18222,4.76159,0.74,4.52728e-06
608000,A_w100_T10000_std_lr0.01_s6_A1,0.95,0.000606061,0.88,6.92015,3.40918,0.290318,0.628606,0.0030303,0.111772,2.53545,0.0440835,15.616,0.226824,4.4087,2.6328,0.95,0.0907603
608000,A_w100_T10000_std_lr0.01_s7_A1,0.82,0,0.78,12.8841,5.66904,0.298295,0.643091,0.0040404,0.0482393,0.188126,0.25642,15.8444,0.247229,4.04483,2.99421,0.82,0.00114502
608000,A_w100_T10000_std_lr0.01_s8_A1,0.83,0,0.78,13.753,5.45216,0.283226,0.600758,0.000808081,0.0210471,0.448115,0.046968,16.2818,0.250861,3.98628,3.78425,0.83,0.00307818
608000,A_w100_T10000_std_lr0.01_s9_A1,0.86,0.00020202,0.8,10.5391,5.19213,0.310687,0.650091,0.0030303,0.0157592,0.243062,0.0648359,15.6508,0.265515,3.76627,3.14576,0.86,0.000998775
609000,A_w100_T10000_std_lr0.01_s0_A1,0.95,0,0.92,4.70486,2.02339,0.28668,0.619758,0.00222222,10.0048,66.0267,0.151527,15.401,0.229521,4.35689,2.46736,0.95,0.804973
609000,A_w100_T10000_std_lr0.01_s1_A1,0.93,0.00020202,0.9,6.26795,3.39387,0.309139,0.652293,0.00282828,0.187396,4.02347,0.0465758,14.81,0.279604,3.57648,2.71999,0.93,0.0742572
609000,A_w100_T10000_std_lr0.01_s2_A1,0.5,0.00141414,0.96,21.0068,7.85435,0.322237,0.657202,0.00222222,6.17386e-13,2.49253e-11,0.0247694,15.3092,0.266189,3.75672,3.85815,0.5,1.80165e-13
609000,A_w100_T10000_std_lr0.01_s3_A1,0.81,0.0010101,0.72,14.7458,5.11961,0.31636,0.660323,0.00282828,0.000198724,0.00134877,0.147336,15.5827,0.26764,3.73637,4.01675,0.81,9.28825e-06
609000,A_w100_T10000_std_lr0.01_s4_A1,0.94,0.00040404,0.89,7.24975,3.76324,0.326706,0.671242,0.00464646,0.148181,14.6171,0.0101375,14.8307,0.271208,3.68721,1.71601,0.94,1.06589
609000,A_w100_T10000_std_lr0.01_s5_A1,0.74,0.00181818,0.61,15.9805,5.58788,0.291565,0.611919,0.000606061,2.49553e-05,0.000184384,0.135344,16.2302,0.239108,4.1822,4.76146,0.74,1.39233e-06
609000,A_w100_T10000_std_lr0.01_s6_A1,0.95,0.000606061,0.88,6.78191,3.37085,0.290352,0.62801,0.0030303,0.221449,3.1278,0.0708004,15.6149,0.226824,4.40871,2.62487,0.95,0.0941494
609000,A_w100_T10000_std_lr0.01_s7_A1,0.82,0,0.78,12.8941,5.677,0.298266,0.643091,0.0040404,0.00267908,0.0673078,0.0398034,15.8445,0.247158,4.046,2.92748,0.82,0.000360877
609000,A_w100_T10000_std_lr0.01_s8_A1,0.81,0,0.78,13.7466,5.44301,0.283241,0.600758,0.000808081,0.068074,0.387841,0.17552,16.2804,0.250709,3.98869,3.90859,0.81,0.00278601
609000,A_w100_T10000_std_lr0.01_s9_A1,0.85,0.00020202,0.8,10.5001,5.18354,0.310699,0.650091,0.0030303,0.00423501,0.0378331,0.111939,15.6506,0.265541,3.76589,3.38282,0.85,0.000217375
610000,A_w100_T10000_std_lr0.01_s0_A1,0.95,0,0.92,5.0078,2.15011,0.286826,0.619131,0.00222222,6.27189,40.8711,0.153456,15.3905,0.228903,4.36867,2.54878,0.95,0.940694
610000,A_w100_T10000_std_lr0.01_s1_A1,0.93,0.00020202,0.9,6.38194,3.40369,0.309042,0.652293,0.00282828,0.0643469,3.04498,0.0211321,14.8099,0.279248,3.58104,2.70771,0.93,0.052676
610000,A_w100_T10000_std_lr0.01_s2_A1,0.5,0.00141414,0.97,21.0068,7.85435,0.322237,0.657202,0.00222222,2.26699e-13,1.07158e-11,0.0211557,15.3092,0.266189,3.75672,3.85815,0.5,9.5346e-14
610000,A_w100_T10000_std_lr0.01_s3_A1,0.81,0.0010101,0.72,14.7463,5.12108,0.316359,0.660323,0.00282828,1.11499e-05,0.000253677,0.0439532,15.5826,0.267636,3.73642,4.01679,0.81,2.01474e-06
610000,A_w100_T10000_std_lr0.01_s4_A1,0.94,0.00040404,0.89,7.20733,3.56568,0.326952,0.672061,0.00464646,0.570541,15.1763,0.0375941,14.8239,0.27154,3.6827,1.72039,0.94,1.13949
610000,A_w100_T10000_std_lr0.01_s5_A1,0.74,0.00181818,0.62,15.9794,5.58834,0.291564,0.611919,0.000606061,1.1032e-06,4.52082e-05,0.0244027,16.2302,0.239107,4.18223,4.76133,0.74,4.05002e-07
610000,A_w100_T10000_std_lr0.01_s6_A1,0.95,0.000606061,0.88,6.94565,3.44521,0.290353,0.62801,0.0030303,0.0231459,2.0958,0.0110439,15.6151,0.226779,4.40958,2.61826,0.95,0.0849431
610000,A_w100_T10000_std_lr0.01_s7_A1,0.84,0,0.78,12.8809,5.67682,0.298264,0.643091,0.0040404,0.024266,0.0717386,0.338256,15.8445,0.247091,4.04709,2.93363,0.84,0.000406725
610000,A_w100_T10000_std_lr0.01_s8_A1,0.8,0,0.78,13.6988,5.41734,0.283282,0.600758,0.000808081,0.0170249,0.194953,0.0873284,16.2792,0.250659,3.98948,4.11429,0.8,0.00139972
610000,A_w100_T10000_std_lr0.01_s9_A1,0.85,0.00020202,0.8,10.5212,5.19958,0.310674,0.649394,0.00282828,0.00472375,0.058651,0.08054,15.6504,0.265492,3.76659,3.38596,0.85,0.000223576
611000,A_w100_T10000_std_lr0.01_s0_A1,0.93,0,0.88,5.18371,2.07368,0.287356,0.623879,0.0030303,0.137002,8.52635,0.0160681,15.4171,0.229138,4.36418,2.75228,0.93,0.265441
611000,A_w100_T10000_std_lr0.01_s1_A1,0.9,0.000808081,0.78,10.039,3.86792,0.313027,0.656586,0.00343434,0.246259,4.03074,0.0610952,14.7871,0.285863,3.49818,2.35457,0.9,0.0771813
611000,A_w100_T10000_std_lr0.01_s2_A1,0.48,0.00323232,0.3,21.011,7.99524,0.323921,0.658697,0.00323232,0.0547333,0.503333,0.108742,15.3196,0.270398,3.69825,3.85075,0.48,0.00510143
611000,A_w100_T10000_std_lr0.01_s3_A1,0.87,0,0.81,10.8461,3.5516,0.316644,0.660798,0.00262626,1.15277,6.1727,0.186753,15.5799,0.268619,3.72274,3.79522,0.87,0.124261
611000,A_w100_T10000_std_lr0.01_s4_A1,0.88,0.00040404,0.8,11.8982,3.02911,0.331126,0.676323,0.00525253,0.059107,3.95798,0.0149336,14.8017,0.278931,3.58511,2.42809,0.88,0.391103
611000,A_w100_T10000_std_lr0.01_s5_A1,0.59,0.0010101,0.46,17.8046,6.3346,0.295001,0.611364,0.000606061,0.0163609,0.197174,0.0829769,16.2303,0.245501,4.07331,4.94974,0.59,0.00117644
611000,A_w100_T10000_std_lr0.01_s6_A1,0.94,0,0.9,6.13455,2.5168,0.29136,0.627626,0.0030303,0.0588611,3.96156,0.0148581,15.6079,0.227802,4.38978,2.68196,0.94,0.42016
611000,A_w100_T10000_std_lr0.01_s7_A1,0.86,0.00040404,0.76,13.9496,6.33139,0.303094,0.64997,0.00464646,0.633679,17.9232,0.0353553,15.8043,0.25497,3.92202,3.25173,0.86,0.178459
611000,A_w100_T10000_std_lr0.01_s8_A1,0.81,0,0.77,12.5215,5.20463,0.284509,0.601828,0.0010101,1.40395,4.60056,0.30517,16.2759,0.25462,3.92743,4.75079,0.81,0.0392298
611000,A_w100_T10000_std_lr0.01_s9_A1,0.87,0,0.86,9.55181,4.44641,0.311028,0.646919,0.00262626,4.20437,33.546,0.125332,15.6543,0.265462,3.76702,3.93325,0.87,0.437131
612000,A_w100_T10000_std_lr0.01_s0_A1,0.94,0,0.88,5.25096,2.03567,0.287526,0.624596,0.0030303,0.392273,6.93965,0.0565263,15.4138,0.229647,4.3545,2.39293,0.94,0.256859
612000,A_w100_T10000_std_lr0.01_s1_A1,0.9,0.000808081,0.78,9.93393,3.8297,0.313048,0.656657,0.00343434,0.0670519,2.27166,0.0295167,14.7856,0.285697,3.50022,2.35101,0.9,0.0406853
612000,A_w100_T10000_std_lr0.01_s2_A1,0.46,0.0030303,0.3,21.0108,8.00049,0.323734,0.658222,0.0030303,0.000618927,0.0127065,0.0487094,15.3209,0.270139,3.70179,3.87997,0.46,0.00017941
612000,A_w100_T10000_std_lr0.01_s3_A1,0.87,0,0.82,10.8498,3.43596,0.316811,0.660929,0.00262626,1.75133,6.26566,0.279512,15.5762,0.268904,3.7188,3.7889,0.87,0.120664
612000,A_w100_T10000_std_lr0.01_s4_A1,0.89,0.00040404,0.81,9.88112,2.11702,0.329632,0.673929,0.00525253,1.07432,7.61089,0.141156,14.7988,0.278415,3.59176,2.31965,0.89,0.356415
612000,A_w100_T10000_std_lr0.01_s5_A1,0.6,0.0010101,0.46,17.8244,6.32938,0.294994,0.611364,0.000606061,0.000105564,0.00360372,0.029293,16.2304,0.245454,4.07409,4.95785,0.6,1.84553e-05
612000,A_w100_T10000_std_lr0.01_s6_A1,0.94,0,0.91,5.96527,2.8411,0.291309,0.627535,0.0030303,0.142124,4.78662,0.029692,15.6041,0.227604,4.39359,2.68889,0.94,0.426466
612000,A_w100_T10000_std_lr0.01_s7_A1,0.84,0.00040404,0.76,13.7775,6.09088,0.302927,0.649697,0.00464646,0.445323,4.25394,0.104685,15.7963,0.25382,3.93981,2.84839,0.84,0.0459993
612000,A_w100_T10000_std_lr0.01_s8_A1,0.82,0,0.77,12.5345,5.31853,0.284226,0.601828,0.0010101,0.0331187,0.976616,0.0339117,16.2786,0.25455,3.9285,4.52811,0.82,0.00678946
612000,A_w100_T10000_std_lr0.01_s9_A1,0.87,0,0.86,9.88412,4.33891,0.310895,0.647475,0.00242424,0.573333,13.9002,0.0412465,15.6459,0.264476,3.78106,3.99555,0.87,0.160497
613000,A_w100_T10000_std_lr0.01_s0_A1,0.94,0,0.88,5.34703,2.05392,0.287206,0.624081,0.0030303,0.0932433,5.56473,0.0167561,15.4197,0.229868,4.35033,2.41189,0.94,0.211342
613000,A_w100_T10000_std_lr0.01_s1_A1,0.9,0.000808081,0.78,9.78618,3.81786,0.313097,0.656657,0.00343434,0.0207283,1.83704,0.0112835,14.7849,0.285484,3.50283,2.35053,0.9,0.0309873
613000,A_w100_T10000_std_lr0.01_s2_A1,0.46,0.0030303,0.3,21.0125,7.9951,0.323705,0.658222,0.0030303,6.73059e-05,0.00216924,0.0310275,15.321,0.270138,3.70182,3.88018,0.46,2.38176e-05
613000,A_w100_T10000_std_lr0.01_s3_A1,0.87,0,0.82,10.8007,3.41889,0.316775,0.660798,0.00262626,0.033947,2.7287,0.0124407,15.5746,0.268824,3.7199,3.79508,0.87,0.0624167
613000,A_w100_T10000_std_lr0.01_s4_A1,0.89,0.00040404,0.81,10.1258,2.11994,0.329795,0.676081,0.00505051,0.102211,3.91432,0.026112,14.7937,0.278386,3.59213,2.28958,0.89,0.194968
613000,A_w100_T10000_std_lr0.01_s5_A1,0.6,0.0010101,0.46,17.828,6.32575,0.294992,0.611364,0.000606061,2.67199e-06,2.9717e-05,0.0899146,16.2304,0.245446,4.07422,4.95765,0.6,2.25355e-07
613000,A_w100_T10000_std_lr0.01_s6_A1,0.94,0,0.91,5.89579,2.836,0.291063,0.628111,0.0030303,1.03859,14.6862,0.070719,15.5969,0.227097,4.40341,2.74508,0.94,0.338825
613000,A_w100_T10000_std_lr0.01_s7_A1,0.84,0.00040404,0.76,13.6154,6.01335,0.302883,0.649697,0.00464646,0.10477,1.42099,0.0737301,15.7917,0.253164,3.95001,2.82769,0.84,0.0198543
613000,A_w100_T10000_std_lr0.01_s8_A1,0.82,0,0.77,12.4934,5.38753,0.284134,0.601778,0.0010101,0.13059,0.63932,0.204265,16.2779,0.254567,3.92824,4.52289,0.82,0.00509521
613000,A_w100_T10000_std_lr0.01_s9_A1,0.88,0,0.86,9.96426,4.60947,0.310549,0.647081,0.00242424,1.41557,11.8098,0.119864,15.642,0.263861,3.78987,3.75982,0.88,0.142498
614000,A_w100_T10000_std_lr0.01_s0_A1,0.94,0,0.88,5.4403,2.03197,0.287193,0.624596,0.0030303,0.231198,7.20726,0.0320784,15.4182,0.229794,4.35172,2.40781,0.94,0.220183
614000,A_w100_T10000_std_lr0.01_s1_A1,0.9,0.000808081,0.79,9.67623,3.79007,0.313077,0.656657,0.00343434,0.21483,2.15495,0.0996916,14.7839,0.28543,3.50349,2.33895,0.9,0.0331371
614000,A_w100_T10000_std_lr0.01_s2_A1,0.46,0.0030303,0.3,21.0136,7.99353,0.3237,0.658222,0.0030303,6.23545e-06,0.000168544,0.036996,15.321,0.270144,3.70174,3.88017,0.46,3.24739e-06
614000,A_w100_T10000_std_lr0.01_s3_A1,0.87,0,0.82,10.7131,3.25162,0.31689,0.660798,0.00262626,0.655755,3.50207,0.187248,15.572,0.268756,3.72085,3.80365,0.87,0.0710166
614000,A_w100_T10000_std_lr0.01_s4_A1,0.91,0.00040404,0.82,10.0235,2.49061,0.329649,0.675495,0.00505051,0.148656,4.76058,0.0312266,14.7895,0.278363,3.59243,1.93885,0.91,0.154
614000,A_w100_T10000_std_lr0.01_s5_A1,0.6,0.0010101,0.47,17.8283,6.32543,0.294993,0.611364,0.000606061,2.16971e-08,8.99185e-07,0.0241297,16.2304,0.245446,4.07421,4.95763,0.6,5.58629e-09
614000,A_w100_T10000_std_lr0.01_s6_A1,0.93,0,0.91,6.13145,3.43837,0.290856,0.626646,0.0030303,1.30965,24.7778,0.0528559,15.59,0.226111,4.42262,3.0196,0.93,0.272506
614000,A_w100_T10000_std_lr0.01_s7_A1,0.84,0.00020202,0.78,13.501,5.95641,0.302924,0.649697,0.00464646,0.0654865,1.1171,0.0586217,15.7892,0.253037,3.95199,2.82936,0.84,0.0145562
614000,A_w100_T10000_std_lr0.01_s8_A1,0.82,0,0.77,12.5114,5.42925,0.284062,0.601778,0.0010101,0.00199851,0.147276,0.0135698,16.2778,0.254505,3.92919,4.51,0.82,0.0010694
614000,A_w100_T10000_std_lr0.01_s9_A1,0.88,0,0.86,9.99173,4.74179,0.310238,0.64802,0.00282828,0.260299,5.46084,0.0476665,15.6404,0.263379,3.79681,3.75112,0.88,0.0682914
615000,A_w100_T10000_std_lr0.01_s0_A1,0.93,0,0.88,5.52078,2.05159,0.287267,0.624323,0.0030303,2.03725,10.7202,0.190038,15.4177,0.229751,4.35254,2.78836,0.93,0.362715
615000,A_w100_T10000_std_lr0.01_s1_A1,0.91,0.000808081,0.79,9.70995,3.68759,0.313064,0.65801,0.00343434,0.316656,1.97531,0.160307,14.7839,0.285434,3.50343,2.43056,0.91,0.0339915
615000,A_w100_T10000_std_lr0.01_s2_A1,0.46,0.0030303,0.32,21.0131,7.99236,0.323697,0.658222,0.0030303,1.46488e-06,2.88878e-05,0.0507093,15.321,0.270145,3.70172,3.88017,0.46,3.97324e-07
615000,A_w100_T10000_std_lr0.01_s3_A1,0.87,0,0.82,10.704,3.23653,0.316912,0.660798,0.00262626,1.5794,4.42201,0.357168,15.5699,0.268506,3.72431,3.82135,0.87,0.0712176
615000,A_w100_T10000_std_lr0.01_s4_A1,0.91,0.00040404,0.82,9.98193,2.50638,0.329682,0.675495,0.00505051,0.0483743,4.83155,0.0100122,14.7857,0.278385,3.59215,1.93624,0.91,0.130673
615000,A_w100_T10000_std_lr0.01_s5_A1,0.6,0.0010101,0.56,17.8283,6.32538,0.294992,0.611364,0.000606061,1.86269e-09,1.49357e-08,0.124714,16.2304,0.245446,4.07421,4.95763,0.6,1.12604e-10
615000,A_w100_T10000_std_lr0.01_s6_A1,0.94,0,0.91,6.06335,3.40653,0.290848,0.627465,0.0030303,1.37676,15.0324,0.0915862,15.5841,0.225826,4.4282,2.82818,0.94,0.20761
615000,A_w100_T10000_std_lr0.01_s7_A1,0.84,0.00020202,0.78,13.5511,5.9547,0.302933,0.649697,0.00464646,0.122426,0.874882,0.139935,15.7876,0.252901,3.95411,2.83254,0.84,0.0120263
615000,A_w100_T10000_std_lr0.01_s8_A1,0.82,0,0.77,12.5031,5.44257,0.284028,0.601788,0.0010101,0.0013337,0.0681248,0.0195773,16.2773,0.254463,3.92985,4.50489,0.82,0.000473788
615000,A_w100_T10000_std_lr0.01_s9_A1,0.88,0,0.86,10.0165,4.75554,0.310171,0.647293,0.00262626,0.047857,3.57337,0.0133927,15.6379,0.263289,3.79811,3.71824,0.88,0.0434812
616000,A_w100_T10000_std_lr0.01_s0_A1,0.93,0,0.88,5.64037,2.08978,0.28741,0.624323,0.0030303,0.369958,9.63525,0.0383963,15.414,0.22957,4.35596,2.78519,0.93,0.21866
616000,A_w100_T10000_std_lr0.01_s1_A1,0.91,0.000808081,0.79,9.72276,3.63544,0.313028,0.657152,0.00343434,0.144774,1.48879,0.0972431,14.784,0.285345,3.50453,2.42911,0.91,0.0259469
616000,A_w100_T10000_std_lr0.01_s2_A1,0.46,0.0030303,0.31,21.0131,7.99202,0.323696,0.658222,0.0030303,3.03724e-07,3.42639e-06,0.0886425,15.321,0.270145,3.70171,3.88018,0.46,4.25709e-08
616000,A_w100_T10000_std_lr0.01_s3_A1,0.87,0,0.82,10.5471,2.98072,0.317025,0.661596,0.00262626,0.330335,2.78222,0.118731,15.5667,0.268507,3.7243,3.82194,0.87,0.0434811
616000,A_w100_T10000_std_lr0.01_s4_A1,0.91,0.00040404,0.82,10.0366,2.53133,0.32963,0.675495,0.00505051,0.0183008,3.64168,0.00502536,14.7855,0.278227,3.59419,1.93859,0.91,0.131065
616000,A_w100_T10000_std_lr0.01_s5_A1,0.6,0.0010101,0.77,17.8284,6.32537,0.294992,0.611364,0.000606061,4.11326e-11,3.79785e-10,0.108305,16.2304,0.245446,4.07422,4.95763,0.6,2.26149e-12
616000,A_w100_T10000_std_lr0.01_s6_A1,0.95,0,0.92,5.85748,3.35389,0.290932,0.626646,0.0030303,1.92117,12.0177,0.159862,15.5769,0.225348,4.43759,2.18373,0.95,0.176729
616000,A_w100_T10000_std_lr0.01_s7_A1,0.84,0.00020202,0.78,13.4688,5.93792,0.30293,0.650131,0.00464646,0.0360372,0.850077,0.0423929,15.7874,0.252842,3.95504,2.83368,0.84,0.0106435
616000,A_w100_T10000_std_lr0.01_s8_A1,0.82,0,0.77,12.4911,5.45464,0.284021,0.601788,0.0010101,0.000618433,0.02508,0.0246584,16.277,0.254465,3.92981,4.50254,0.82,0.000169633
616000,A_w100_T10000_std_lr0.01_s9_A1,0.87,0,0.86,10.1213,4.8919,0.31012,0.646919,0.00262626,0.755935,4.46401,0.16934,15.6356,0.263163,3.79992,4.02473,0.87,0.0476209
617000,A_w100_T10000_std_lr0.01_s0_A1,0.94,0,0.88,5.46679,1.99736,0.287475,0.624323,0.0030303,0.27667,5.26418,0.0525571,15.4152,0.230109,4.34576,2.37848,0.94,0.207074
617000,A_w100_T10000_std_lr0.01_s1_A1,0.91,0.000808081,0.79,9.7034,3.51518,0.312999,0.656121,0.00343434,0.0672623,1.51094,0.0445169,14.7845,0.28529,3.50521,2.43045,0.91,0.0249521
617000,A_w100_T10000_std_lr0.01_s2_A1,0.46,0.0030303,0.31,21.0131,7.99195,0.323695,0.658222,0.0030303,2.66605e-08,2.44195e-07,0.109177,15.321,0.270145,3.70171,3.88018,0.46,3.06197e-09
617000,A_w100_T10000_std_lr0.01_s3_A1,0.86,0,0.82,10.5088,2.91516,0.316833,0.661596,0.00262626,0.811998,3.39496,0.239178,15.5673,0.267873,3.73311,4.06252,0.86,0.0391478
617000,A_w100_T10000_std_lr0.01_s4_A1,0.89,0.00040404,0.82,9.74484,2.44044,0.329481,0.675495,0.00505051,0.0783818,4.41407,0.0177572,14.7838,0.278213,3.59437,2.21641,0.89,0.120704
617000,A_w100_T10000_std_lr0.01_s5_A1,0.6,0.0010101,0.94,17.8284,6.32537,0.294992,0.611364,0.000606061,5.42563e-13,2.39541e-11,0.0226501,16.2304,0.245446,4.07421,4.95763,0.6,1.59453e-13
617000,A_w100_T10000_std_lr0.01_s6_A1,0.94,0,0.92,5.6698,3.31107,0.291132,0.626293,0.0030303,0.842256,13.049,0.0645458,15.5697,0.225522,4.43416,2.41021,0.94,0.132994
617000,A_w100_T10000_std_lr0.01_s7_A1,0.83,0.00020202,0.78,13.478,5.89684,0.30299,0.650131,0.00464646,0.0270813,0.701935,0.0385809,15.7863,0.252796,3.95576,3.01042,0.83,0.0101049
617000,A_w100_T10000_std_lr0.01_s8_A1,0.82,0,0.77,12.49,5.46451,0.284019,0.602424,0.0010101,0.000710364,0.0104153,0.0682039,16.2769,0.254457,3.92994,4.50168,0.82,7.30556e-05
617000,A_w100_T10000_std_lr0.01_s9_A1,0.86,0,0.86,10.2446,5.09763,0.310076,0.649121,0.00242424,0.177988,2.94384,0.0604613,15.6331,0.263045,3.80164,4.1235,0.86,0.0211023
618000,A_w100_T10000_std_lr0.01_s0_A1,0.94,0,0.88,5.52766,1.97079,0.287433,0.624323,0.0030303,0.0683685,5.19258,0.0131666,15.4162,0.229984,4.34812,2.34105,0.94,0.184335
618000,A_w100_T10000_std_lr0.01_s1_A1,0.91,0.000808081,0.79,9.67172,3.5012,0.313035,0.656657,0.00343434,0.17148,1.7855,0.0960406,14.7843,0.285257,3.50561,2.43222,0.91,0.0237783
618000,A_w100_T10000_std_lr0.01_s2_A1,0.46,0.0030303,0.54,21.0131,7.99194,0.323695,0.658222,0.0030303,2.58954e-10,7.58749e-09,0.034129,15.321,0.270145,3.70171,3.88018,0.46,1.78603e-10
618000,A_w100_T10000_std_lr0.01_s3_A1,0.86,0,0.82,10.5203,2.89064,0.3168,0.662495,0.00262626,0.13818,2.30708,0.0598936,15.5653,0.26769,3.73566,4.08229,0.86,0.0201849
618000,A_w100_T10000_std_lr0.01_s4_A1,0.91,0.00040404,0.82,9.16186,2.36384,0.329341,0.675495,0.00505051,1.59809,8.7301,0.183055,14.7847,0.278211,3.5944,1.92972,0.91,0.176749
618000,A_w100_T10000_std_lr0.01_s5_A1,0.6,0.0010101,0.95,17.8284,6.32537,0.294992,0.611364,0.000606061,1.39596e-12,2.6974e-11,0.0517522,16.2304,0.245446,4.07421,4.95763,0.6,1.41441e-13
618000,A_w100_T10000_std_lr0.01_s6_A1,0.94,0,0.92,5.52643,3.2188,0.291238,0.625515,0.0030303,0.934409,8.2122,0.113783,15.5629,0.225306,4.43841,2.33853,0.94,0.105016
618000,A_w100_T10000_std_lr0.01_s7_A1,0.83,0.00020202,0.78,13.4599,5.90153,0.302986,0.650131,0.00464646,0.26946,1.18128,0.228108,15.7862,0.252758,3.95635,3.01028,0.83,0.0145241
618000,A_w100_T10000_std_lr0.01_s8_A1,0.82,0,0.77,12.4861,5.46296,0.284025,0.601788,0.0010101,0.000323102,0.00469809,0.068773,16.2768,0.25446,3.9299,4.50043,0.82,3.17127e-05
618000,A_w100_T10000_std_lr0.01_s9_A1,0.86,0,0.86,10.2956,5.17738,0.310057,0.649192,0.00242424,0.165938,3.12124,0.0531641,15.6304,0.262888,3.8039,4.13581,0.86,0.0216677
619000,A_w100_T10000_std_lr0.01_s0_A1,0.94,0,0.88,5.48611,1.95638,0.287647,0.624323,0.0030303,0.0401186,5.97183,0.00671798,15.4121,0.230183,4.34438,2.30147,0.94,0.183547
619000,A_w100_T10000_std_lr0.01_s1_A1,0.91,0.000808081,0.79,9.73495,3.49014,0.31296,0.657152,0.00343434,0.0490859,1.46564,0.0334911,14.7842,0.285248,3.50572,2.43502,0.91,0.0201471
619000,A_w100_T10000_std_lr0.01_s2_A1,0.46,0.0030303,0.73,21.0131,7.99192,0.323695,0.658222,0.0030303,2.16387e-11,1.00536e-09,0.0215233,15.321,0.270145,3.70171,3.88018,0.46,1.19027e-11
619000,A_w100_T10000_std_lr0.01_s3_A1,0.86,0,0.82,10.4799,2.89072,0.316762,0.663172,0.00282828,1.37457,3.94794,0.348172,15.5646,0.267306,3.74103,4.09555,0.86,0.040533
619000,A_w100_T10000_std_lr0.01_s4_A1,0.92,0.00040404,0.82,9.33884,2.3981,0.329494,0.675495,0.00505051,0.676235,6.15214,0.109919,14.7819,0.278193,3.59463,1.61819,0.92,0.139216
619000,A_w100_T10000_std_lr0.01_s5_A1,0.6,0.0010101,0.94,17.8284,6.32537,0.294992,0.611364,0.000606061,2.76747e-12,2.52413e-11,0.109641,16.2304,0.245446,4.07421,4.95763,0.6,1.42244e-13
619000,A_w100_T10000_std_lr0.01_s6_A1,0.94,0,0.92,5.46633,3.185,0.291298,0.625798,0.0030303,0.700267,6.77213,0.103404,15.5573,0.225302,4.43848,2.35611,0.94,0.072153
619000,A_w100_T10000_std_lr0.01_s7_A1,0.84,0.00020202,0.78,13.4653,5.83383,0.302983,0.649697,0.00464646,0.0133344,0.615091,0.0216787,15.7857,0.252778,3.95605,2.84043,0.84,0.00993107
619000,A_w100_T10000_std_lr0.01_s8_A1,0.82,0,0.77,12.4802,5.46306,0.284023,0.601788,0.0010101,0.000401231,0.00266601,0.150499,16.2767,0.254456,3.92996,4.49965,0.82,1.91348e-05
619000,A_w100_T10000_std_lr0.01_s9_A1,0.87,0,0.86,10.3261,5.22177,0.310035,0.649848,0.00242424,0.251562,2.98606,0.0842454,15.6273,0.262823,3.80485,3.93898,0.87,0.0195438
620000,A_w100_T10000_std_lr0.01_s0_A1,0.94,0,0.88,5.52109,1.95884,0.287588,0.624323,0.0030303,2.05163,8.407,0.244039,15.4131,0.230272,4.34268,2.29197,0.94,0.2722
620000,A_w100_T10000_std_lr0.01_s1_A1,0.91,0.000808081,0.79,9.68687,3.42051,0.312993,0.656657,0.00343434,0.156741,1.6006,0.0979266,14.7841,0.285232,3.50592,2.43906,0.91,0.0242851
620000,A_w100_T10000_std_lr0.01_s2_A1,0.46,0.0030303,0.88,21.0131,7.99192,0.323695,0.658222,0.0030303,8.05229e-12,1.68193e-10,0.0478754,15.321,0.270145,3.70171,3.88018,0.46,2.1437e-12
620000,A_w100_T10000_std_lr0.01_s3_A1,0.86,0,0.82,10.457,2.84692,0.316718,0.663172,0.00282828,0.0697385,1.43101,0.0487339,15.5629,0.26707,3.74434,4.12273,0.86,0.0102004
620000,A_w100_T10000_std_lr0.01_s4_A1,0.91,0.00020202,0.82,9.05448,2.3939,0.329498,0.675495,0.00505051,0.280047,4.98378,0.0561916,14.7797,0.278136,3.59537,1.91729,0.91,0.129459
620000,A_w100_T10000_std_lr0.01_s5_A1,0.6,0.0010101,0.97,17.8284,6.32537,0.294992,0.611364,0.000606061,5.89581e-13,1.68474e-11,0.0349954,16.2304,0.245446,4.07421,4.95763,0.6,9.26477e-14
620000,A_w100_T10000_std_lr0.01_s6_A1,0.93,0,0.92,5.27959,3.08672,0.291388,0.625737,0.0030303,0.322591,6.64887,0.0485182,15.5546,0.225534,4.43392,2.6188,0.93,0.0585864
620000,A_w100_T10000_std_lr0.01_s7_A1,0.83,0.00020202,0.78,13.377,5.87554,0.30297,0.649697,0.00464646,0.0305093,0.568092,0.0537049,15.7858,0.252685,3.95749,3.01161,0.83,0.0103877
620000,A_w100_T10000_std_lr0.01_s8_A1,0.82,0,0.77,12.48,5.46493,0.284022,0.601788,0.0010101,0.000104822,0.000811611,0.129153,16.2767,0.254453,3.93001,4.49933,0.82,6.1242e-06
620000,A_w100_T10000_std_lr0.01_s9_A1,0.87,0,0.86,10.3878,5.30798,0.310001,0.650121,0.00242424,0.186219,1.81251,0.102741,15.6254,0.262664,3.80714,3.90266,0.87,0.0111557
621000,A_w100_T10000_std_lr0.01_s0_A1,0.96,0,0.94,3.09315,1.51875,0.289621,0.62496,0.00343434,11.6551,73.0544,0.15954,15.38,0.230302,4.34212,1.99098,0.96,1.14214
621000,A_w100_T10000_std_lr0.01_s1_A1,0.91,0.0010101,0.83,7.42017,3.01147,0.31429,0.657,0.00383838,7.88365,27.6546,0.285075,14.7965,0.287469,3.47864,2.03404,0.91,0.762506
621000,A_w100_T10000_std_lr0.01_s2_A1,0.34,0.00464646,0.17,21.2249,8.23676,0.326979,0.657283,0.0030303,0.0015046,0.023004,0.0654063,15.3175,0.275436,3.63061,3.87019,0.34,0.000240486
621000,A_w100_T10000_std_lr0.01_s3_A1,0.92,0,0.9,6.32381,2.53796,0.318761,0.665343,0.00323232,0.0491568,11.6908,0.00420474,15.5365,0.272837,3.66519,2.6906,0.92,0.200951
621000,A_w100_T10000_std_lr0.01_s4_A1,0.86,0.00040404,0.78,12.1276,4.28416,0.329602,0.673747,0.00525253,0.156384,6.80681,0.0229746,14.8045,0.284132,3.51949,2.89761,0.86,0.0974204
621000,A_w100_T10000_std_lr0.01_s5_A1,0.77,0.000606061,0.68,14.2656,5.36164,0.294695,0.611859,0.0010101,0.774934,4.9518,0.156495,16.2197,0.245365,4.07555,4.51084,0.77,0.0397513
621000,A_w100_T10000_std_lr0.01_s6_A1,0.92,0.000606061,0.85,7.06197,3.8694,0.292861,0.629293,0.00343434,3.1635,22.3638,0.141456,15.553,0.230674,4.33513,3.09855,0.92,0.291052
621000,A_w100_T10000_std_lr0.01_s7_A1,0.88,0.00040404,0.82,10.9524,4.5505,0.305229,0.652121,0.00464646,0.219023,13.3399,0.0164186,15.7648,0.254602,3.92769,2.86245,0.88,0.451193
621000,A_w100_T10000_std_lr0.01_s8_A1,0.84,0,0.83,9.5409,4.2366,0.284285,0.602657,0.0010101,0.680412,9.5544,0.0712145,16.2667,0.254709,3.92605,4.33347,0.84,0.0985849
621000,A_w100_T10000_std_lr0.01_s9_A1,0.88,0.00020202,0.86,9.593,4.69807,0.310954,0.65297,0.0030303,4.96141,46.191,0.107411,15.6079,0.265002,3.77356,3.53097,0.88,0.434129
622000,A_w100_T10000_std_lr0.01_s0_A1,0.96,0,0.94,3.56958,1.77606,0.289614,0.624606,0.0030303,2.23326,46.6493,0.0478734,15.3584,0.228874,4.36922,1.92875,0.96,0.945745
622000,A_w100_T10000_std_lr0.01_s1_A1,0.89,0.000606061,0.84,7.69856,3.21498,0.314306,0.656889,0.00383838,0.414071,12.3631,0.0334924,14.796,0.28746,3.47874,2.21033,0.89,0.242351
622000,A_w100_T10000_std_lr0.01_s2_A1,0.34,0.00464646,0.17,21.2199,8.23087,0.327044,0.657283,0.0030303,1.74369e-05,0.00051112,0.034115,15.3173,0.27553,3.62937,3.86955,0.34,5.82554e-06
622000,A_w100_T10000_std_lr0.01_s3_A1,0.92,0,0.9,6.47791,2.66187,0.318718,0.665263,0.00323232,0.792079,12.2564,0.0646257,15.5347,0.272583,3.66861,2.72515,0.92,0.200069
622000,A_w100_T10000_std_lr0.01_s4_A1,0.86,0.00040404,0.78,12.3444,4.37509,0.328974,0.674586,0.00525253,0.90044,6.65595,0.135283,14.7976,0.283475,3.52765,2.91156,0.86,0.0510456
622000,A_w100_T10000_std_lr0.01_s5_A1,0.77,0.000606061,0.68,14.5199,5.44559,0.294682,0.612515,0.0010101,0.116213,0.777397,0.14949,16.2186,0.245099,4.07998,4.50821,0.77,0.00594862
622000,A_w100_T10000_std_lr0.01_s6_A1,0.91,0.000606061,0.87,6.79958,3.84911,0.292952,0.629414,0.00343434,1.8484,11.376,0.162483,15.5571,0.229882,4.35005,3.26026,0.91,0.104331
622000,A_w100_T10000_std_lr0.01_s7_A1,0.9,0.00020202,0.84,10.4307,4.48901,0.30516,0.652273,0.00464646,0.165939,14.101,0.0117679,15.7641,0.254503,3.92923,2.67857,0.9,0.428993
622000,A_w100_T10000_std_lr0.01_s8_A1,0.85,0,0.83,9.50163,4.15891,0.284042,0.601909,0.000808081,3.01811,10.0576,0.300084,16.265,0.253762,3.9407,4.3468,0.85,0.090204
622000,A_w100_T10000_std_lr0.01_s9_A1,0.88,0.00020202,0.86,9.33153,4.66217,0.310791,0.653616,0.00242424,0.199687,14.8297,0.0134653,15.602,0.265154,3.7714,3.53729,0.88,0.195711
623000,A_w100_T10000_std_lr0.01_s0_A1,0.96,0,0.94,3.02164,1.44265,0.289625,0.625242,0.0030303,18.1356,72.0601,0.251673,15.3485,0.228691,4.37271,1.81879,0.96,1.20971
623000,A_w100_T10000_std_lr0.01_s1_A1,0.92,0.000606061,0.84,7.77519,3.12658,0.314584,0.65797,0.00383838,0.454433,8.94394,0.0508091,14.796,0.287456,3.4788,1.9913,0.92,0.218267
623000,A_w100_T10000_std_lr0.01_s2_A1,0.34,0.00464646,0.17,21.2188,8.22961,0.327054,0.657283,0.0030303,2.00764e-06,2.8813e-05,0.0696784,15.3173,0.275547,3.62915,3.86939,0.34,2.6658e-07
623000,A_w100_T10000_std_lr0.01_s3_A1,0.92,0,0.9,6.77472,2.86378,0.318521,0.664545,0.00323232,0.114913,10.5286,0.0109143,15.5335,0.272029,3.67608,2.74701,0.92,0.170663
623000,A_w100_T10000_std_lr0.01_s4_A1,0.86,0.00040404,0.78,12.5078,4.51239,0.3286,0.675444,0.00545455,0.0266526,1.82005,0.0146439,14.7933,0.283085,3.53251,2.93143,0.86,0.0148113
623000,A_w100_T10000_std_lr0.01_s5_A1,0.77,0.0010101,0.68,14.4935,5.45442,0.294674,0.612121,0.0010101,0.0239048,0.162445,0.147157,16.2182,0.245086,4.0802,4.5045,0.77,0.00116832
623000,A_w100_T10000_std_lr0.01_s6_A1,0.92,0.000606061,0.87,6.83416,3.85263,0.293008,0.629414,0.00343434,1.35184,6.02894,0.224225,15.5542,0.229182,4.36334,3.1218,0.92,0.0438423
623000,A_w100_T10000_std_lr0.01_s7_A1,0.9,0.00020202,0.84,10.3993,4.6991,0.305185,0.651455,0.00464646,0.568775,16.1792,0.0351546,15.7605,0.254392,3.93094,3.14658,0.9,0.437755
623000,A_w100_T10000_std_lr0.01_s8_A1,0.85,0,0.83,9.50494,4.16792,0.284079,0.602667,0.000808081,0.698719,5.05638,0.138186,16.262,0.253183,3.94971,4.29111,0.85,0.0400941
623000,A_w100_T10000_std_lr0.01_s9_A1,0.88,0.00020202,0.86,9.32904,4.53624,0.310754,0.654252,0.00242424,2.91261,28.0631,0.103788,15.5962,0.264657,3.77848,3.53899,0.88,0.218962
624000,A_w100_T10000_std_lr0.01_s0_A1,0.96,0,0.94,2.88093,1.48489,0.289638,0.626152,0.00343434,26.3633,136.175,0.193598,15.3345,0.228815,4.37035,1.75756,0.96,1.43489
624000,A_w100_T10000_std_lr0.01_s1_A1,0.9,0.000808081,0.84,8.12772,3.4086,0.314607,0.657343,0.00383838,0.321851,7.29939,0.0440928,14.7918,0.287383,3.47968,2.13344,0.9,0.197165
624000,A_w100_T10000_std_lr0.01_s2_A1,0.34,0.00464646,0.18,21.2188,8.22935,0.327056,0.657283,0.0030303,5.2106e-08,9.13192e-07,0.0570593,15.3172,0.27555,3.62911,3.86936,0.34,8.63808e-09
624000,A_w100_T10000_std_lr0.01_s3_A1,0.92,0,0.9,6.84978,2.96443,0.318696,0.664,0.00323232,0.255763,10.1022,0.0253176,15.5292,0.272078,3.67542,2.76921,0.92,0.163666
624000,A_w100_T10000_std_lr0.01_s4_A1,0.86,0.00040404,0.78,12.6183,4.52584,0.328373,0.675444,0.00545455,0.155627,2.81158,0.055352,14.7913,0.282712,3.53717,2.93893,0.86,0.0146727
624000,A_w100_T10000_std_lr0.01_s5_A1,0.77,0.0010101,0.68,14.4628,5.43341,0.294672,0.612121,0.0010101,0.00302464,0.0276742,0.109295,16.2179,0.245093,4.08008,4.5027,0.77,0.000225643
624000,A_w100_T10000_std_lr0.01_s6_A1,0.92,0.000606061,0.87,6.88182,3.77516,0.293113,0.629717,0.00363636,0.126753,3.20305,0.0395725,15.5504,0.228849,4.3697,3.07542,0.92,0.0180724
624000,A_w100_T10000_std_lr0.01_s7_A1,0.9,0.00020202,0.84,9.99003,3.90048,0.305153,0.650657,0.00464646,0.489542,16.8133,0.0291164,15.7609,0.253593,3.94333,3.17993,0.9,0.386644
624000,A_w100_T10000_std_lr0.01_s8_A1,0.87,0,0.83,9.62727,4.14816,0.284307,0.603374,0.0010101,0.0508287,2.40718,0.0211154,16.2583,0.252922,3.95379,3.93389,0.87,0.021013
624000,A_w100_T10000_std_lr0.01_s9_A1,0.88,0.00020202,0.86,9.13464,4.42797,0.310819,0.654252,0.00242424,1.02431,18.8694,0.054284,15.5892,0.264494,3.7808,3.59861,0.88,0.192087
625000,A_w100_T10000_std_lr0.01_s0_A1,0.96,0,0.94,3.45611,1.94926,0.289433,0.625596,0.00343434,3.4096,43.5867,0.0782259,15.3194,0.227472,4.39615,1.70804,0.96,0.978512
625000,A_w100_T10000_std_lr0.01_s1_A1,0.9,0.000606061,0.84,8.18706,3.31218,0.314415,0.656687,0.00383838,1.88758,11.3844,0.165804,14.7922,0.28727,3.48105,2.13399,0.9,0.239856
625000,A_w100_T10000_std_lr0.01_s2_A1,0.34,0.00464646,0.33,21.2188,8.22932,0.327056,0.657283,0.0030303,6.02632e-10,1.30045e-08,0.0463404,15.3172,0.27555,3.6291,3.86935,0.34,1.31471e-10
625000,A_w100_T10000_std_lr0.01_s3_A1,0.92,0,0.9,6.74336,3.21355,0.31842,0.664,0.00323232,0.508625,12.449,0.0408567,15.5321,0.271709,3.6804,2.78685,0.92,0.148631
625000,A_w100_T10000_std_lr0.01_s4_A1,0.86,0.00040404,0.78,12.5688,4.53922,0.328288,0.675444,0.00545455,0.386965,3.1302,0.123623,14.7901,0.282578,3.53884,2.94296,0.86,0.0166122
625000,A_w100_T10000_std_lr0.01_s5_A1,0.77,0.0010101,0.68,14.4557,5.4306,0.294659,0.612121,0.0010101,0.000231494,0.00639453,0.0362019,16.2177,0.245089,4.08015,4.50035,0.77,5.06244e-05
625000,A_w100_T10000_std_lr0.01_s6_A1,0.92,0.000606061,0.87,6.83078,3.72868,0.293104,0.629717,0.00363636,0.398662,3.38857,0.117649,15.5514,0.228717,4.37221,3.0829,0.92,0.0188821
625000,A_w100_T10000_std_lr0.01_s7_A1,0.9,0.00020202,0.84,9.81069,3.73236,0.305192,0.652273,0.00464646,1.31182,18.4205,0.0712148,15.7546,0.25321,3.94929,3.01095,0.9,0.408089
625000,A_w100_T10000_std_lr0.01_s8_A1,0.86,0,0.83,9.73644,4.20335,0.284404,0.602596,0.000808081,0.467629,3.42964,0.136349,16.2558,0.25256,3.95945,4.14648,0.86,0.0252746
625000,A_w100_T10000_std_lr0.01_s9_A1,0.88,0.00020202,0.86,8.86634,4.24065,0.31085,0.654252,0.00242424,0.883032,10.8498,0.0813868,15.5832,0.264364,3.78266,3.642,0.88,0.134602
626000,A_w100_T10000_std_lr0.01_s0_A1,0.96,0,0.95,3.47904,2.06509,0.289334,0.625596,0.00343434,1.93068,40.0979,0.0481491,15.3076,0.227049,4.40433,1.66897,0.96,0.835892
626000,A_w100_T10000_std_lr0.01_s1_A1,0.91,0.000606061,0.84,8.35561,3.50051,0.314531,0.657313,0.00383838,3.82666,12.3065,0.310947,14.7907,0.287393,3.47956,2.08495,0.91,0.381096
626000,A_w100_T10000_std_lr0.01_s2_A1,0.34,0.00464646,0.63,21.2188,8.22932,0.327056,0.657283,0.0030303,6.03297e-11,8.51212e-10,0.0708751,15.3172,0.27555,3.6291,3.86935,0.34,7.54682e-12
626000,A_w100_T10000_std_lr0.01_s3_A1,0.92,0,0.9,6.79197,3.48244,0.318436,0.663869,0.00323232,0.199576,9.45235,0.0211138,15.5277,0.271628,3.6815,2.78513,0.92,0.125349
626000,A_w100_T10000_std_lr0.01_s4_A1,0.85,0.00040404,0.78,12.558,4.54702,0.32826,0.675444,0.00545455,0.15148,0.877631,0.172602,14.7888,0.282466,3.54025,2.50618,0.85,0.00691886
626000,A_w100_T10000_std_lr0.01_s5_A1,0.77,0.0010101,0.68,14.4622,5.4308,0.294658,0.612606,0.0010101,0.000232945,0.00182206,0.127847,16.2176,0.245085,4.08022,4.49898,0.77,1.32799e-05
626000,A_w100_T10000_std_lr0.01_s6_A1,0.91,0.000606061,0.87,6.88128,3.77563,0.293198,0.629717,0.00363636,0.318015,2.98288,0.106613,15.5487,0.228633,4.37383,3.22713,0.91,0.0160973
626000,A_w100_T10000_std_lr0.01_s7_A1,0.91,0.00020202,0.84,10.1776,4.03409,0.305399,0.652384,0.00464646,0.790868,15.3647,0.051473,15.7482,0.253128,3.95057,3.00773,0.91,0.360333
626000,A_w100_T10000_std_lr0.01_s8_A1,0.86,0,0.83,9.65424,4.19913,0.284552,0.602545,0.0010101,1.70592,4.19134,0.407012,16.2533,0.252274,3.96394,4.08648,0.86,0.0351844
626000,A_w100_T10000_std_lr0.01_s9_A1,0.88,0.00020202,0.86,8.89207,4.10084,0.310842,0.654182,0.00262626,0.500836,10.0308,0.0499297,15.5774,0.264186,3.78522,3.66774,0.88,0.129019
627000,A_w100_T10000_std_lr0.01_s0_A1,0.96,0,0.95,3.36936,1.87287,0.289249,0.625596,0.00343434,0.876523,36.2447,0.0241835,15.299,0.226491,4.41518,1.64163,0.96,0.748977
627000,A_w100_T10000_std_lr0.01_s1_A1,0.89,0.000606061,0.84,8.22124,3.40349,0.314626,0.657919,0.00383838,4.49289,14.9572,0.300383,14.7891,0.287722,3.47558,2.25538,0.89,0.4517
627000,A_w100_T10000_std_lr0.01_s2_A1,0.34,0.00464646,0.93,21.2188,8.22931,0.327056,0.657283,0.0030303,1.32795e-12,3.67358e-11,0.0361485,15.3172,0.27555,3.6291,3.86935,0.34,3.35605e-13
627000,A_w100_T10000_std_lr0.01_s3_A1,0.92,0,0.9,6.64667,3.73216,0.318431,0.663192,0.00323232,0.163625,8.68811,0.0188332,15.5258,0.271341,3.68539,2.81232,0.92,0.0976464
627000,A_w100_T10000_std_lr0.01_s4_A1,0.84,0.00040404,0.78,12.5748,4.57453,0.328181,0.674606,0.00545455,0.326042,1.71058,0.190603,14.7881,0.282381,3.54132,2.61879,0.84,0.00961485
627000,A_w100_T10000_std_lr0.01_s5_A1,0.77,0.0010101,0.68,14.4621,5.43063,0.294655,0.612606,0.0010101,4.04947e-05,0.000477932,0.0847291,16.2176,0.245081,4.08029,4.49851,0.77,3.79897e-06
627000,A_w100_T10000_std_lr0.01_s6_A1,0.93,0.000606061,0.87,6.73405,3.71659,0.293267,0.629717,0.00363636,0.120447,2.79485,0.0430961,15.5472,0.228717,4.37222,3.05937,0.93,0.0135705
627000,A_w100_T10000_std_lr0.01_s7_A1,0.9,0.00020202,0.84,10.067,4.1904,0.305333,0.650535,0.00464646,0.615309,18.9365,0.0324933,15.7465,0.252692,3.95739,3.046,0.9,0.328507
627000,A_w100_T10000_std_lr0.01_s8_A1,0.85,0,0.84,9.63668,4.24749,0.284637,0.601828,0.000808081,0.688873,2.72139,0.253133,16.2515,0.252007,3.96815,4.38505,0.85,0.0183994
627000,A_w100_T10000_std_lr0.01_s9_A1,0.88,0.00020202,0.86,8.71404,4.01383,0.310637,0.653596,0.0030303,0.320732,10.4271,0.0307595,15.5732,0.263473,3.79546,3.69825,0.88,0.103692
628000,A_w100_T10000_std_lr0.01_s0_A1,0.96,0,0.95,3.47065,1.88309,0.289228,0.625596,0.00343434,30.3049,208.438,0.14539,15.2877,0.225823,4.42825,1.65389,0.96,1.37584
628000,A_w100_T10000_std_lr0.01_s1_A1,0.9,0.000606061,0.84,8.14137,3.16894,0.314456,0.657828,0.00383838,0.154295,4.786,0.0322388,14.7885,0.287462,3.47872,2.217,0.9,0.132559
628000,A_w100_T10000_std_lr0.01_s2_A1,0.34,0.00464646,0.96,21.2188,8.22932,0.327056,0.657283,0.0030303,4.47974e-13,1.18898e-11,0.0376772,15.3172,0.27555,3.6291,3.86935,0.34,1.15095e-13
628000,A_w100_T10000_std_lr0.01_s3_A1,0.92,0,0.9,6.54069,3.78436,0.318361,0.663192,0.00323232,0.20967,6.86959,0.0305215,15.5231,0.271118,3.68843,2.80828,0.92,0.0834868
628000,A_w100_T10000_std_lr0.01_s4_A1,0.86,0.00040404,0.78,12.5541,4.57362,0.328132,0.674495,0.00545455,0.0389439,0.289696,0.13443,14.7878,0.28225,3.54296,2.95973,0.86,0.00304105
628000,A_w100_T10000_std_lr0.01_s5_A1,0.77,0.0010101,0.68,14.4643,5.43102,0.294655,0.612606,0.0010101,1.30078e-05,0.000116406,0.111745,16.2176,0.24508,4.08031,4.4983,0.77,9.80204e-07
628000,A_w100_T10000_std_lr0.01_s6_A1,0.92,0.000606061,0.87,6.76596,3.67242,0.293266,0.629717,0.00363636,4.35544,8.77953,0.496091,15.5457,0.22857,4.37503,3.07004,0.92,0.0561377
628000,A_w100_T10000_std_lr0.01_s7_A1,0.91,0.00020202,0.84,9.70623,3.42122,0.305425,0.64902,0.00464646,0.840479,17.1209,0.0490907,15.7422,0.252627,3.9584,2.92164,0.91,0.332299
628000,A_w100_T10000_std_lr0.01_s8_A1,0.86,0,0.84,9.65479,4.27266,0.284778,0.601828,0.000808081,0.741536,1.97406,0.375641,16.2497,0.251765,3.97196,4.11875,0.86,0.0156015
628000,A_w100_T10000_std_lr0.01_s9_A1,0.88,0.00020202,0.86,8.94444,4.06855,0.310784,0.654232,0.0030303,3.85829,19.1731,0.201234,15.5644,0.26361,3.79349,3.69764,0.88,0.165275
629000,A_w100_T10000_std_lr0.01_s0_A1,0.96,0,0.95,3.54382,2.33958,0.288882,0.62496,0.00343434,1.66813,51.8252,0.0321876,15.2825,0.224973,4.44498,1.63128,0.96,0.80752
629000,A_w100_T10000_std_lr0.01_s1_A1,0.91,0.000606061,0.84,8.23869,3.199,0.314521,0.657828,0.00383838,1.43856,7.41675,0.193961,14.7874,0.287444,3.47893,2.11993,0.91,0.210564
629000,A_w100_T10000_std_lr0.01_s2_A1,0.34,0.00464646,0.96,21.2188,8.22932,0.327056,0.657283,0.0030303,1.40691e-13,9.43326e-12,0.0149144,15.3173,0.27555,3.6291,3.86935,0.34,8.30038e-14
629000,A_w100_T10000_std_lr0.01_s3_A1,0.92,0,0.9,6.54831,3.82543,0.318373,0.663192,0.00323232,0.0318689,4.24061,0.00751517,15.5172,0.271137,3.68817,2.80501,0.92,0.0589143
629000,A_w100_T10000_std_lr0.01_s4_A1,0.85,0.00040404,0.78,12.5538,4.61672,0.328073,0.674495,0.00545455,0.0241304,0.407874,0.0591613,14.7875,0.282186,3.54376,2.52242,0.85,0.00240946
629000,A_w100_T10000_std_lr0.01_s5_A1,0.77,0.0010101,0.68,14.4645,5.43175,0.294655,0.612606,0.0010101,8.47143e-07,2.71229e-05,0.0312335,16.2176,0.245079,4.08032,4.49816,0.77,2.13733e-07
629000,A_w100_T10000_std_lr0.01_s6_A1,0.93,0.000606061,0.87,6.84107,3.73143,0.293233,0.629717,0.00363636,0.0697929,2.05776,0.033917,15.5449,0.228528,4.37583,3.08092,0.93,0.0113569
629000,A_w100_T10000_std_lr0.01_s7_A1,0.92,0.00020202,0.84,9.21284,3.31539,0.3057,0.649899,0.00464646,0.562803,15.4148,0.0365106,15.7372,0.252512,3.9602,2.96909,0.92,0.291049
629000,A_w100_T10000_std_lr0.01_s8_A1,0.87,0,0.84,9.75845,4.26564,0.284876,0.602596,0.000808081,0.0649721,1.05221,0.0617481,16.2476,0.251539,3.97553,4.04598,0.87,0.00705259
629000,A_w100_T10000_std_lr0.01_s9_A1,0.87,0.00020202,0.86,8.74688,3.89618,0.310582,0.653596,0.0030303,5.64385,22.0554,0.255894,15.5606,0.262957,3.8029,3.89617,0.87,0.173471
630000,A_w100_T10000_std_lr0.01_s0_A1,0.96,0,0.95,3.60074,2.35306,0.28906,0.62496,0.00343434,4.50094,35.9278,0.125277,15.2642,0.224493,4.45448,1.64463,0.96,0.790758
630000,A_w100_T10000_std_lr0.01_s1_A1,0.9,0.000606061,0.84,8.31509,3.17046,0.314461,0.65705,0.00383838,0.0377776,4.76111,0.00793461,14.786,0.287348,3.4801,2.171,0.9,0.120227
630000,A_w100_T10000_std_lr0.01_s2_A1,0.34,0.00464646,0.95,21.2188,8.22932,0.327056,0.657283,0.0030303,2.02407e-13,7.62462e-12,0.0265465,15.3172,0.27555,3.6291,3.86935,0.34,6.91518e-14
630000,A_w100_T10000_std_lr0.01_s3_A1,0.92,0,0.9,6.5911,3.89788,0.318297,0.663192,0.00323232,0.112928,5.76681,0.0195824,15.5143,0.270844,3.69216,2.8064,0.92,0.063215
630000,A_w100_T10000_std_lr0.01_s4_A1,0.86,0.00040404,0.78,12.5712,4.60763,0.328061,0.674495,0.00545455,0.0615475,0.280506,0.219416,14.787,0.282129,3.54448,2.96465,0.86,0.00240091
630000,A_w100_T10000_std_lr0.01_s5_A1,0.77,0.0010101,0.68,14.4646,5.43153,0.294655,0.612606,0.0010101,5.16325e-07,5.81811e-06,0.0887446,16.2176,0.245078,4.08033,4.4981,0.77,5.88446e-08
630000,A_w100_T10000_std_lr0.01_s6_A1,0.92,0.000606061,0.87,6.7813,3.68338,0.293286,0.629717,0.00363636,0.294511,2.44023,0.12069,15.5428,0.228537,4.37567,3.07804,0.92,0.0123567
630000,A_w100_T10000_std_lr0.01_s7_A1,0.91,0,0.85,9.47996,3.601,0.305646,0.650051,0.00464646,1.14675,16.4814,0.0695786,15.7322,0.252325,3.96314,2.90717,0.91,0.330404
630000,A_w100_T10000_std_lr0.01_s8_A1,0.85,0,0.84,9.80803,4.33864,0.284855,0.601818,0.000808081,0.0432437,0.76563,0.0564812,16.2472,0.251353,3.97846,4.39514,0.85,0.00476255
630000,A_w100_T10000_std_lr0.01_s9_A1,0.87,0.00020202,0.86,8.53866,3.821,0.310522,0.65401,0.0030303,3.93537,20.6659,0.190428,15.5557,0.262656,3.80726,3.90387,0.87,0.139374
631000,A_w100_T10000_std_lr0.01_s0_A1,0.97,0.00020202,0.95,2.64454,1.27007,0.289155,0.626626,0.00343434,1.2875,14.0544,0.0916082,15.2566,0.225917,4.42641,2.00198,0.97,1.12532
631000,A_w100_T10000_std_lr0.01_s1_A1,0.87,0.0020202,0.69,10.7183,2.84307,0.316233,0.660404,0.00464646,0.23177,10.2337,0.0226478,14.7823,0.293322,3.40922,2.34701,0.87,0.12264
631000,A_w100_T10000_std_lr0.01_s2_A1,0.58,0.00222222,0.4,20.2128,6.93714,0.329124,0.657525,0.00242424,0.0313401,1.67304,0.0187324,15.3148,0.277867,3.59885,4.07328,0.58,0.0331431
631000,A_w100_T10000_std_lr0.01_s3_A1,0.9,0,0.84,8.19859,4.25296,0.318479,0.663424,0.00282828,0.0725629,1.39927,0.0518577,15.5248,0.271634,3.68143,3.28268,0.9,0.0919308
631000,A_w100_T10000_std_lr0.01_s4_A1,0.75,0.00161616,0.63,18.1852,5.02453,0.339137,0.682889,0.00545455,0.274701,4.91433,0.055898,14.7205,0.297368,3.36283,2.78971,0.75,0.0401268
631000,A_w100_T10000_std_lr0.01_s5_A1,0.61,0.000808081,0.5,17.525,6.53455,0.296151,0.613657,0.000606061,0.0314055,0.766253,0.0409858,16.1994,0.248392,4.02589,5.10795,0.61,0.00565523
631000,A_w100_T10000_std_lr0.01_s6_A1,0.92,0,0.9,5.87706,2.92958,0.294562,0.629545,0.00363636,32.1363,57.0415,0.563384,15.533,0.229143,4.36409,3.36691,0.92,0.857966
631000,A_w100_T10000_std_lr0.01_s7_A1,0.95,0,0.91,5.06589,2.36168,0.308233,0.653626,0.00464646,1.05931,11.6905,0.0906125,15.7147,0.257419,3.88471,2.719,0.95,0.682121
631000,A_w100_T10000_std_lr0.01_s8_A1,0.9,0,0.88,6.81373,2.80802,0.285634,0.605677,0.000808081,1.38889,24.7136,0.0561993,16.2385,0.251788,3.9716,3.5932,0.9,0.321918
631000,A_w100_T10000_std_lr0.01_s9_A1,0.86,0.00020202,0.8,9.84472,3.77451,0.316875,0.660485,0.0030303,0.70709,16.8256,0.0420246,15.5214,0.271443,3.68402,3.68179,0.86,0.331129
632000,A_w100_T10000_std_lr0.01_s0_A1,0.97,0.00020202,0.95,2.87348,1.43846,0.289091,0.62599,0.00343434,0.517395,13.6842,0.0378095,15.2519,0.225072,4.44302,2.00914,0.97,1.08027
632000,A_w100_T10000_std_lr0.01_s1_A1,0.86,0.00141414,0.72,10.5985,2.94594,0.316052,0.659283,0.00444444,1.32957,10.2666,0.129505,14.783,0.292704,3.41642,2.39634,0.86,0.0750276
632000,A_w100_T10000_std_lr0.01_s2_A1,0.59,0.0020202,0.4,20.3173,6.98031,0.32881,0.657303,0.00242424,0.0155614,0.488387,0.0318628,15.3143,0.277409,3.60478,4.01301,0.59,0.00934787
632000,A_w100_T10000_std_lr0.01_s3_A1,0.9,0,0.85,8.27194,3.93564,0.318474,0.663424,0.00282828,0.0259252,0.848381,0.0305585,15.5258,0.271645,3.68127,3.3051,0.9,0.0652009
632000,A_w100_T10000_std_lr0.01_s4_A1,0.76,0.00141414,0.63,18.1931,4.91231,0.339215,0.683828,0.00545455,0.389407,2.10986,0.184566,14.7186,0.297379,3.36271,2.76204,0.76,0.0150006
632000,A_w100_T10000_std_lr0.01_s5_A1,0.61,0.000808081,0.5,17.4845,6.55545,0.295919,0.613586,0.000606061,0.00869162,0.0602486,0.144263,16.2011,0.248041,4.03159,5.13638,0.61,0.000522426
632000,A_w100_T10000_std_lr0.01_s6_A1,0.92,0,0.9,5.58594,2.80692,0.294781,0.629545,0.00363636,0.528912,23.2846,0.0227151,15.5261,0.228054,4.38492,3.35785,0.92,0.197436
632000,A_w100_T10000_std_lr0.01_s7_A1,0.94,0,0.91,5.22371,2.59125,0.308231,0.654859,0.00464646,0.311209,4.24982,0.0732289,15.7072,0.257825,3.8786,2.74213,0.94,0.551589
632000,A_w100_T10000_std_lr0.01_s8_A1,0.89,0,0.88,7.1674,3.01946,0.285717,0.603798,0.000808081,0.313883,14.5073,0.0216361,16.2291,0.250618,3.99014,4.24499,0.89,0.145158
632000,A_w100_T10000_std_lr0.01_s9_A1,0.87,0.000606061,0.8,9.49479,3.74995,0.317447,0.662323,0.0030303,0.264342,10.605,0.024926,15.5105,0.27221,3.67363,3.37322,0.87,0.276254
633000,A_w100_T10000_std_lr0.01_s0_A1,0.98,0,0.96,2.00152,1.16992,0.288991,0.627727,0.00343434,0.576302,17.4514,0.0330232,15.2648,0.226714,4.41085,1.56315,0.98,0.867336
633000,A_w100_T10000_std_lr0.01_s1_A1,0.86,0.00141414,0.73,10.7907,3.00068,0.315764,0.658838,0.00444444,0.451844,4.27713,0.105642,14.7832,0.292083,3.42369,2.402,0.86,0.0338142
633000,A_w100_T10000_std_lr0.01_s2_A1,0.58,0.00222222,0.41,20.3946,7.02683,0.328676,0.657303,0.00242424,0.00212387,0.125502,0.0169231,15.3133,0.277369,3.60531,4.01788,0.58,0.00227247
633000,A_w100_T10000_std_lr0.01_s3_A1,0.9,0,0.85,8.1739,3.62697,0.318591,0.663424,0.00282828,0.00435025,0.202469,0.021486,15.5258,0.271767,3.67963,3.33321,0.9,0.0492762
633000,A_w100_T10000_std_lr0.01_s4_A1,0.76,0.00141414,0.63,18.1707,4.97781,0.339374,0.683828,0.00545455,0.00501272,0.189634,0.0264337,14.7164,0.297551,3.36077,2.76605,0.76,0.00145247
633000,A_w100_T10000_std_lr0.01_s5_A1,0.61,0.000808081,0.5,17.5032,6.56693,0.295876,0.613586,0.000606061,0.000198603,0.00214365,0.0926473,16.2014,0.247983,4.03253,5.14149,0.61,1.54148e-05
633000,A_w100_T10000_std_lr0.01_s6_A1,0.92,0,0.9,5.61336,2.81709,0.295139,0.629515,0.00363636,3.20959,26.444,0.121373,15.5183,0.227739,4.39099,3.29656,0.92,0.239031
633000,A_w100_T10000_std_lr0.01_s7_A1,0.95,0,0.91,5.03952,2.70956,0.308195,0.655091,0.00464646,0.15861,5.08894,0.0311676,15.707,0.257932,3.87699,2.5713,0.95,0.522216
633000,A_w100_T10000_std_lr0.01_s8_A1,0.89,0,0.88,6.97256,2.93573,0.286072,0.604939,0.000808081,0.252764,13.3746,0.0188987,16.2181,0.250462,3.99262,4.22738,0.89,0.121717
633000,A_w100_T10000_std_lr0.01_s9_A1,0.86,0,0.82,10.0531,4.18001,0.317258,0.660455,0.0030303,0.21544,8.47557,0.025419,15.5098,0.271416,3.68438,3.78045,0.86,0.249502
634000,A_w100_T10000_std_lr0.01_s0_A1,0.98,0,0.96,1.82978,1.19355,0.288844,0.627697,0.00343434,3.10322,20.0697,0.154622,15.2774,0.227313,4.39922,1.60099,0.98,0.863034
634000,A_w100_T10000_std_lr0.01_s1_A1,0.86,0.0010101,0.74,10.8048,3.09762,0.315746,0.658838,0.00444444,0.3498,3.04014,0.115061,14.7825,0.291636,3.42893,2.40705,0.86,0.021022
634000,A_w100_T10000_std_lr0.01_s2_A1,0.58,0.00222222,0.42,20.4165,7.03587,0.328606,0.657212,0.00242424,0.00103234,0.0429898,0.0240136,15.3125,0.277365,3.60536,4.01556,0.58,0.000553313
634000,A_w100_T10000_std_lr0.01_s3_A1,0.9,0,0.85,8.28212,3.68052,0.318594,0.663424,0.00282828,0.00303219,0.152054,0.0199416,15.5256,0.271731,3.68012,3.34124,0.9,0.0477339
634000,A_w100_T10000_std_lr0.01_s4_A1,0.75,0.00141414,0.63,18.1281,4.98937,0.339447,0.683828,0.00545455,0.000501028,0.0423511,0.0118303,14.7158,0.297635,3.35982,2.81475,0.75,0.000334563
634000,A_w100_T10000_std_lr0.01_s5_A1,0.6,0.000808081,0.5,17.5046,6.56866,0.295871,0.613586,0.000606061,4.08511e-06,9.70359e-05,0.042099,16.2015,0.247977,4.03263,4.85538,0.6,6.80417e-07
634000,A_w100_T10000_std_lr0.01_s6_A1,0.92,0,0.9,5.53568,2.7899,0.29527,0.629232,0.00363636,0.631407,21.4014,0.0295031,15.5088,0.227045,4.40442,3.2795,0.92,0.155318
634000,A_w100_T10000_std_lr0.01_s7_A1,0.94,0,0.91,5.06397,2.78107,0.308095,0.654444,0.00464646,0.428384,4.5968,0.0931918,15.7022,0.258142,3.87384,2.6142,0.94,0.498833
634000,A_w100_T10000_std_lr0.01_s8_A1,0.89,0,0.88,7.2259,3.01025,0.286381,0.605141,0.000808081,0.0503671,8.99387,0.00560016,16.2075,0.249824,4.00282,4.25589,0.89,0.0779944
634000,A_w100_T10000_std_lr0.01_s9_A1,0.86,0,0.82,10.3592,4.32845,0.317305,0.660949,0.0030303,0.25159,8.4449,0.0297919,15.5047,0.271749,3.67987,3.49126,0.86,0.256928
635000,A_w100_T10000_std_lr0.01_s0_A1,0.98,0,0.96,1.84791,1.1646,0.288953,0.62903,0.00343434,0.480555,28.9883,0.0165775,15.2719,0.227744,4.3909,1.62984,0.98,0.751348
635000,A_w100_T10000_std_lr0.01_s1_A1,0.86,0.000808081,0.75,10.8343,3.07065,0.315743,0.658788,0.00444444,0.0372943,0.929059,0.040142,14.7825,0.291295,3.43295,2.41061,0.86,0.00758865
635000,A_w100_T10000_std_lr0.01_s2_A1,0.58,0.00222222,0.42,20.4199,7.03626,0.328589,0.657212,0.00242424,0.000290824,0.00762288,0.0381515,15.3122,0.277388,3.60506,4.01416,0.58,0.000131906
635000,A_w100_T10000_std_lr0.01_s3_A1,0.9,0,0.85,8.26528,3.60518,0.318604,0.663424,0.00282828,0.00551872,0.185467,0.0297558,15.5256,0.271725,3.68019,3.34096,0.9,0.0469729
635000,A_w100_T10000_std_lr0.01_s4_A1,0.75,0.00141414,0.63,18.1191,5.00268,0.33946,0.683828,0.00545455,0.000605205,0.0144877,0.0417736,14.7157,0.297639,3.35977,2.81587,0.75,9.80216e-05
635000,A_w100_T10000_std_lr0.01_s5_A1,0.6,0.000808081,0.5,17.5053,6.56875,0.29587,0.613586,0.000606061,4.1495e-06,2.00515e-05,0.206942,16.2015,0.247975,4.03266,4.85546,0.6,1.54684e-07
635000,A_w100_T10000_std_lr0.01_s6_A1,0.92,0,0.91,5.60997,2.84758,0.295337,0.629232,0.00363636,1.73455,17.8571,0.0971351,15.5,0.226095,4.42292,3.24832,0.92,0.131431
635000,A_w100_T10000_std_lr0.01_s7_A1,0.95,0,0.92,4.94517,2.74308,0.308101,0.654444,0.00464646,0.889743,6.29601,0.141318,15.6991,0.258405,3.8699,2.48727,0.95,0.550582
635000,A_w100_T10000_std_lr0.01_s8_A1,0.89,0,0.88,7.35666,3.02429,0.286656,0.605192,0.000808081,6.1008,23.7002,0.257415,16.1977,0.249632,4.0059,4.17405,0.89,0.21846
635000,A_w100_T10000_std_lr0.01_s9_A1,0.88,0,0.82,10.113,4.67544,0.317816,0.662798,0.0030303,0.0334865,2.19068,0.0152859,15.4982,0.272281,3.67267,3.28689,0.88,0.170406
636000,A_w100_T10000_std_lr0.01_s0_A1,0.98,0,0.96,1.92903,1.30755,0.288797,0.628283,0.00343434,4.33867,26.2103,0.165533,15.2785,0.228019,4.3856,1.67557,0.98,0.854169
636000,A_w100_T10000_std_lr0.01_s1_A1,0.86,0.000606061,0.75,10.8806,3.10747,0.315746,0.658081,0.00444444,0.497931,1.62707,0.306028,14.7828,0.291207,3.43398,2.41403,0.86,0.0149722
636000,A_w100_T10000_std_lr0.01_s2_A1,0.58,0.00222222,0.42,20.4245,7.03784,0.328591,0.657212,0.00242424,2.11111e-05,0.0016871,0.0125133,15.312,0.277413,3.60473,4.01354,0.58,2.77248e-05
636000,A_w100_T10000_std_lr0.01_s3_A1,0.9,0,0.85,8.3569,3.66946,0.318576,0.663424,0.00282828,0.00121625,0.111971,0.0108622,15.5257,0.271587,3.68206,3.33057,0.9,0.0437112
636000,A_w100_T10000_std_lr0.01_s4_A1,0.75,0.00141414,0.63,18.1071,5.00677,0.339484,0.683828,0.00545455,0.000273627,0.00316881,0.0863501,14.7156,0.297662,3.35951,2.81597,0.75,2.51246e-05
636000,A_w100_T10000_std_lr0.01_s5_A1,0.6,0.000808081,0.5,17.5054,6.56874,0.295869,0.613586,0.000606061,1.05898e-07,1.27852e-06,0.082829,16.2015,0.247975,4.03266,4.8555,0.6,8.39827e-09
636000,A_w100_T10000_std_lr0.01_s6_A1,0.93,0,0.91,5.43888,2.74934,0.29554,0.629232,0.00363636,3.51552,30.4154,0.115584,15.4923,0.225861,4.4275,2.92245,0.93,0.223692
636000,A_w100_T10000_std_lr0.01_s7_A1,0.95,0,0.92,5.2052,2.95002,0.308163,0.654657,0.00464646,0.75662,5.51384,0.137222,15.6989,0.258339,3.87088,2.50397,0.95,0.500128
636000,A_w100_T10000_std_lr0.01_s8_A1,0.89,0,0.88,7.09441,2.86825,0.286746,0.604556,0.000808081,0.951805,10.0399,0.0948019,16.1919,0.249372,4.01007,4.16456,0.89,0.0849235
636000,A_w100_T10000_std_lr0.01_s9_A1,0.87,0,0.83,9.72767,4.50867,0.317953,0.661081,0.0030303,0.172667,2.71224,0.063662,15.4967,0.272657,3.66762,3.41344,0.87,0.169146
637000,A_w100_T10000_std_lr0.01_s0_A1,0.98,0,0.96,1.86204,1.26048,0.288831,0.62903,0.00343434,0.315468,22.9005,0.0137756,15.2782,0.22828,4.38059,1.68372,0.98,0.667669
637000,A_w100_T10000_std_lr0.01_s1_A1,0.85,0.000808081,0.76,10.8729,3.13208,0.315656,0.658081,0.00444444,0.698864,1.83567,0.380713,14.784,0.29086,3.43809,2.54178,0.85,0.0144525
637000,A_w100_T10000_std_lr0.01_s2_A1,0.58,0.00222222,0.42,20.4252,7.03625,0.328591,0.657212,0.00242424,6.27733e-06,0.000340012,0.0184621,15.3119,0.277425,3.60458,4.01322,0.58,5.97784e-06
637000,A_w100_T10000_std_lr0.01_s3_A1,0.9,0,0.85,8.41027,3.66443,0.318581,0.663424,0.00282828,0.0102944,0.23814,0.0432285,15.525,0.271537,3.68273,3.33374,0.9,0.0440061
637000,A_w100_T10000_std_lr0.01_s4_A1,0.75,0.00141414,0.63,18.1072,5.00955,0.339483,0.683828,0.00545455,0.000157028,0.0012237,0.128322,14.7156,0.29766,3.35953,2.81618,0.75,8.63905e-06
637000,A_w100_T10000_std_lr0.01_s5_A1,0.6,0.000808081,0.55,17.5054,6.56875,0.295869,0.613586,0.000606061,1.12922e-08,9.63268e-08,0.117228,16.2015,0.247975,4.03266,4.85551,0.6,6.9982e-10
637000,A_w100_T10000_std_lr0.01_s6_A1,0.92,0,0.91,5.51902,2.83498,0.295532,0.630121,0.00363636,3.63932,19.6909,0.184822,15.4928,0.225345,4.43765,3.16889,0.92,0.156827
637000,A_w100_T10000_std_lr0.01_s7_A1,0.94,0,0.92,4.9297,2.68972,0.308269,0.655091,0.00464646,0.12825,7.24387,0.0177046,15.6982,0.258386,3.87018,2.56193,0.94,0.441449
637000,A_w100_T10000_std_lr0.01_s8_A1,0.89,0,0.88,7.03987,2.93758,0.286924,0.605434,0.000808081,1.37141,10.6133,0.129217,16.1881,0.249267,4.01176,4.19408,0.89,0.0884981
637000,A_w100_T10000_std_lr0.01_s9_A1,0.88,0,0.84,9.76978,4.71985,0.318168,0.662798,0.0030303,0.0644783,1.3574,0.0475014,15.4966,0.27302,3.66273,3.33605,0.88,0.157335
638000,A_w100_T10000_std_lr0.01_s0_A1,0.98,0,0.97,1.79002,1.36518,0.288754,0.629687,0.00343434,9.8435,36.5596,0.269246,15.2778,0.228697,4.37259,1.65958,0.98,0.878304
638000,A_w100_T10000_std_lr0.01_s1_A1,0.84,0.000606061,0.77,10.8793,3.11144,0.315673,0.657606,0.00444444,0.00871846,0.416829,0.0209161,14.7835,0.290869,3.43798,2.67627,0.84,0.0029806
638000,A_w100_T10000_std_lr0.01_s2_A1,0.58,0.00222222,0.42,20.4257,7.03655,0.328592,0.657212,0.00242424,8.683e-06,9.1364e-05,0.0950374,15.3119,0.27743,3.60451,4.01306,0.58,1.63884e-06
638000,A_w100_T10000_std_lr0.01_s3_A1,0.9,0,0.85,8.45057,3.66296,0.318584,0.663424,0.00282828,0.00301575,0.144468,0.0208748,15.5254,0.271534,3.68278,3.33179,0.9,0.0418254
638000,A_w100_T10000_std_lr0.01_s4_A1,0.75,0.00141414,0.63,18.1022,5.00984,0.339488,0.683828,0.00545455,3.13723e-05,0.00029908,0.104896,14.7156,0.297665,3.35948,2.81625,0.75,1.93172e-06
638000,A_w100_T10000_std_lr0.01_s5_A1,0.6,0.000808081,0.67,17.5054,6.56876,0.295869,0.613586,0.000606061,1.4456e-10,5.42552e-09,0.0266444,16.2015,0.247975,4.03267,4.85551,0.6,4.14912e-11
638000,A_w100_T10000_std_lr0.01_s6_A1,0.92,0,0.91,5.61836,2.89213,0.295569,0.629232,0.00363636,3.59338,26.0744,0.137813,15.4831,0.224769,4.44901,3.12547,0.92,0.154669
638000,A_w100_T10000_std_lr0.01_s7_A1,0.95,0,0.93,4.84164,2.79289,0.308364,0.654657,0.00464646,0.194055,4.41642,0.0439394,15.699,0.258414,3.86976,2.45703,0.95,0.422229
638000,A_w100_T10000_std_lr0.01_s8_A1,0.89,0,0.88,7.15995,2.87487,0.286926,0.605313,0.000808081,0.147431,6.83013,0.0215853,16.1846,0.248915,4.01743,4.16236,0.89,0.0534731
638000,A_w100_T10000_std_lr0.01_s9_A1,0.88,0,0.84,9.73798,4.69498,0.318272,0.661838,0.0030303,0.172419,1.4183,0.121567,15.4954,0.273077,3.66197,3.36057,0.88,0.156988
639000,A_w100_T10000_std_lr0.01_s0_A1,0.98,0,0.97,1.78109,1.28982,0.288882,0.630263,0.00343434,0.0532936,25.5876,0.00208279,15.274,0.228786,4.3709,1.62343,0.98,0.651847
639000,A_w100_T10000_std_lr0.01_s1_A1,0.85,0.000606061,0.77,10.9154,3.13333,0.315666,0.657606,0.00444444,0.0271527,0.580909,0.0467417,14.7829,0.290763,3.43922,2.54562,0.85,0.00333353
639000,A_w100_T10000_std_lr0.01_s2_A1,0.58,0.00222222,0.42,20.4244,7.03578,0.328591,0.657212,0.00242424,7.50656e-07,2.01809e-05,0.0371963,15.3119,0.277431,3.6045,4.01299,0.58,3.33751e-07
639000,A_w100_T10000_std_lr0.01_s3_A1,0.9,0,0.85,8.45343,3.55079,0.318608,0.663424,0.00282828,0.00206534,0.0984517,0.0209782,15.5252,0.271593,3.68198,3.33644,0.9,0.0400085
639000,A_w100_T10000_std_lr0.01_s4_A1,0.75,0.00141414,0.63,18.1012,5.01078,0.33949,0.683828,0.00545455,5.42538e-06,6.90725e-05,0.0785462,14.7155,0.297668,3.35945,2.8163,0.75,4.30238e-07
639000,A_w100_T10000_std_lr0.01_s5_A1,0.6,0.000808081,0.83,17.5054,6.56876,0.295869,0.613586,0.000606061,2.22128e-11,5.67203e-10,0.0391621,16.2015,0.247975,4.03267,4.85551,0.6,4.15366e-12
639000,A_w100_T10000_std_lr0.01_s6_A1,0.92,0,0.91,5.49018,2.81276,0.295725,0.629525,0.00363636,1.25233,16.9314,0.0739651,15.4777,0.224148,4.46134,3.08775,0.92,0.130229
639000,A_w100_T10000_std_lr0.01_s7_A1,0.95,0,0.93,4.74487,2.83789,0.308526,0.654545,0.00464646,0.056318,5.28945,0.0106472,15.699,0.258637,3.86643,2.4576,0.95,0.401764
639000,A_w100_T10000_std_lr0.01_s8_A1,0.89,0,0.88,7.07214,2.86261,0.287037,0.605313,0.000808081,0.0778781,5.17237,0.0150566,16.1792,0.248605,4.02244,4.13834,0.89,0.0389934
639000,A_w100_T10000_std_lr0.01_s9_A1,0.88,0,0.84,9.44806,4.59146,0.318487,0.661838,0.0030303,0.162285,1.36766,0.118659,15.4945,0.273247,3.65969,3.37546,0.88,0.158832
640000,A_w100_T10000_std_lr0.01_s0_A1,0.98,0,0.97,1.87251,1.34936,0.288873,0.63001,0.00343434,0.985823,24.584,0.0401002,15.2717,0.228468,4.37697,1.58546,0.98,0.682489
640000,A_w100_T10000_std_lr0.01_s1_A1,0.85,0.000606061,0.77,10.9149,3.13084,0.315651,0.657606,0.00444444,0.0104115,0.172128,0.0604867,14.783,0.290699,3.43998,2.54618,0.85,0.00156421
640000,A_w100_T10000_std_lr0.01_s2_A1,0.58,0.00222222,0.42,20.4241,7.03551,0.328592,0.657212,0.00242424,2.48306e-07,4.44124e-06,0.055909,15.3119,0.277432,3.60448,4.01296,0.58,7.9074e-08
640000,A_w100_T10000_std_lr0.01_s3_A1,0.9,0,0.85,8.42454,3.47804,0.318606,0.663424,0.00282828,0.00260996,0.181679,0.0143658,15.5257,0.271502,3.68322,3.32848,0.9,0.0376938
640000,A_w100_T10000_std_lr0.01_s4_A1,0.75,0.00141414,0.63,18.1002,5.01089,0.339491,0.683828,0.00545455,1.88427e-06,2.22161e-05,0.0848152,14.7155,0.297669,3.35943,2.81632,0.75,1.42252e-07
640000,A_w100_T10000_std_lr0.01_s5_A1,0.6,0.000808081,0.93,17.5054,6.56876,0.295869,0.613586,0.000606061,2.26404e-12,8.95968e-11,0.0252692,16.2015,0.247975,4.03267,4.85551,0.6,6.77076e-13
640000,A_w100_T10000_std_lr0.01_s6_A1,0.92,0,0.91,5.40324,2.78349,0.295687,0.629212,0.00363636,1.38331,28.6562,0.0482726,15.4768,0.223819,4.4679,3.06115,0.92,0.145964
640000,A_w100_T10000_std_lr0.01_s7_A1,0.95,0,0.93,4.78836,2.80851,0.308561,0.654909,0.00464646,0.273018,5.56517,0.0490584,15.698,0.258657,3.86612,2.45087,0.95,0.432597
640000,A_w100_T10000_std_lr0.01_s8_A1,0.89,0,0.88,7.0267,2.83541,0.287174,0.604556,0.000808081,0.843074,6.76414,0.124639,16.1771,0.248471,4.02461,4.1088,0.89,0.0493531
640000,A_w100_T10000_std_lr0.01_s9_A1,0.87,0,0.84,9.51163,4.76598,0.318639,0.661838,0.0030303,0.0448112,0.604247,0.0741603,15.4938,0.273383,3.65787,3.48381,0.87,0.153662
641000,A_w100_T10000_std_lr0.01_s0_A1,0.95,0,0.94,2.08849,1.5282,0.289666,0.632667,0.0040404,0.117823,13.8452,0.00851003,15.2784,0.230819,4.33239,1.71952,0.95,0.277453
641000,A_w100_T10000_std_lr0.01_s1_A1,0.92,0,0.89,5.89551,2.16594,0.317773,0.662525,0.00484848,0.0394622,8.23465,0.00479221,14.7664,0.293444,3.40781,2.0882,0.92,0.208258
641000,A_w100_T10000_std_lr0.01_s2_A1,0.37,0.00424242,0.17,20.4095,6.81183,0.329252,0.656889,0.00323232,0.0014886,0.0571829,0.0260323,15.3184,0.280798,3.56128,3.7894,0.37,0.000405948
641000,A_w100_T10000_std_lr0.01_s3_A1,0.93,0,0.9,5.48091,3.47523,0.319542,0.661303,0.00282828,2.41778,13.1097,0.184427,15.5154,0.2731,3.66166,2.75737,0.93,0.346606
641000,A_w100_T10000_std_lr0.01_s4_A1,0.88,0.000808081,0.79,12.2744,3.19401,0.346721,0.686677,0.00505051,0.45041,12.6681,0.0355548,14.6675,0.306693,3.26059,2.11924,0.88,0.217835
641000,A_w100_T10000_std_lr0.01_s5_A1,0.53,0.00343434,0.29,19.8871,7.08118,0.303317,0.618768,0.00161616,0.0248243,0.581471,0.0426923,16.1818,0.261118,3.82968,4.62854,0.53,0.00741619
641000,A_w100_T10000_std_lr0.01_s6_A1,0.92,0,0.83,8.07514,3.30359,0.29772,0.633818,0.00363636,0.208403,12.8324,0.0162405,15.4457,0.229749,4.35257,2.7358,0.92,0.132095
641000,A_w100_T10000_std_lr0.01_s7_A1,0.97,0,0.97,2.79727,2.14313,0.310313,0.655121,0.00464646,1.24002,13.4985,0.0918637,15.6942,0.260759,3.83496,1.70681,0.97,0.824351
641000,A_w100_T10000_std_lr0.01_s8_A1,0.89,0,0.88,6.87937,2.72941,0.287048,0.607788,0.000808081,11.1596,57.3423,0.194613,16.161,0.248772,4.01974,3.15969,0.89,0.635279
641000,A_w100_T10000_std_lr0.01_s9_A1,0.83,0.0010101,0.71,13.2966,4.2693,0.324951,0.673343,0.00343434,1.33354,9.80057,0.136068,15.4411,0.285051,3.50815,3.71719,0.83,0.0573231
642000,A_w100_T10000_std_lr0.01_s0_A1,0.95,0,0.94,2.35417,1.45546,0.289604,0.632253,0.0040404,9.47254,22.0828,0.428956,15.2732,0.230452,4.3393,1.65675,0.95,0.421916
642000,A_w100_T10000_std_lr0.01_s1_A1,0.92,0,0.9,6.7595,2.51537,0.317692,0.663899,0.00484848,3.78528,13.8464,0.273376,14.765,0.293272,3.40981,2.10332,0.92,0.457429
642000,A_w100_T10000_std_lr0.01_s2_A1,0.36,0.0040404,0.17,20.4214,6.80478,0.329154,0.656889,0.00323232,1.06504e-05,0.000266017,0.0400366,15.3185,0.280665,3.56297,3.63451,0.36,2.58018e-06
642000,A_w100_T10000_std_lr0.01_s3_A1,0.94,0,0.91,5.36006,3.3869,0.31955,0.661778,0.00282828,0.196068,5.9932,0.032715,15.513,0.273157,3.66089,2.35467,0.94,0.249327
642000,A_w100_T10000_std_lr0.01_s4_A1,0.86,0.000808081,0.79,12.5783,3.42414,0.34664,0.686677,0.00505051,0.0711031,2.61481,0.0271925,14.668,0.305488,3.27345,2.5015,0.86,0.0924233
642000,A_w100_T10000_std_lr0.01_s5_A1,0.54,0.00323232,0.31,19.9658,7.02963,0.303367,0.618939,0.00161616,0.00323805,0.0468007,0.069188,16.1822,0.261241,3.82789,4.65302,0.54,0.000437562
642000,A_w100_T10000_std_lr0.01_s6_A1,0.92,0,0.84,7.85035,3.40255,0.297514,0.634939,0.00363636,3.42365,15.8624,0.215835,15.4419,0.229864,4.35041,2.69501,0.92,0.188754
642000,A_w100_T10000_std_lr0.01_s7_A1,0.97,0,0.97,2.89109,2.26998,0.31101,0.655869,0.00464646,0.104142,17.802,0.00585003,15.6878,0.260329,3.84129,1.73807,0.97,0.623271
642000,A_w100_T10000_std_lr0.01_s8_A1,0.89,0.00020202,0.88,7.23923,2.94571,0.286877,0.606576,0.000808081,0.293861,12.7111,0.0231184,16.1528,0.24744,4.04138,3.18816,0.89,0.246946
642000,A_w100_T10000_std_lr0.01_s9_A1,0.83,0.000808081,0.72,13.4597,4.3694,0.324643,0.673343,0.00343434,0.0724436,1.69112,0.0428375,15.4363,0.284506,3.51486,3.58457,0.83,0.0111647
643000,A_w100_T10000_std_lr0.01_s0_A1,0.95,0,0.94,2.53847,1.44028,0.289735,0.632253,0.0040404,1.08576,13.2195,0.0821336,15.2697,0.230075,4.34641,1.63367,0.95,0.258905
643000,A_w100_T10000_std_lr0.01_s1_A1,0.91,0,0.9,6.75479,2.60912,0.317569,0.663263,0.00484848,0.455171,10.9104,0.0417189,14.7657,0.293105,3.41174,2.27048,0.91,0.218158
643000,A_w100_T10000_std_lr0.01_s2_A1,0.36,0.0040404,0.17,20.4225,6.80458,0.329143,0.656889,0.00323232,6.06292e-07,4.6759e-06,0.129663,15.3186,0.280652,3.56313,3.63467,0.36,4.62809e-08
643000,A_w100_T10000_std_lr0.01_s3_A1,0.93,0,0.91,5.67913,3.35887,0.319236,0.662717,0.00282828,1.0879,6.38932,0.170268,15.51,0.272901,3.66434,2.72114,0.93,0.284543
643000,A_w100_T10000_std_lr0.01_s4_A1,0.85,0.00040404,0.8,12.5806,3.27589,0.346904,0.686677,0.00505051,0.106364,1.88557,0.0564096,14.6651,0.305307,3.27539,2.44819,0.85,0.0624557
643000,A_w100_T10000_std_lr0.01_s5_A1,0.54,0.00323232,0.31,19.9823,7.00966,0.303362,0.618939,0.00161616,0.000152042,0.00439525,0.0345923,16.1825,0.261248,3.82778,4.65439,0.54,3.71395e-05
643000,A_w100_T10000_std_lr0.01_s6_A1,0.9,0,0.84,7.78495,3.4098,0.297441,0.634939,0.00363636,0.0811444,7.38713,0.0109846,15.4387,0.230109,4.34576,2.89635,0.9,0.0823404
643000,A_w100_T10000_std_lr0.01_s7_A1,0.97,0,0.97,2.78245,2.06155,0.311163,0.65497,0.00464646,0.112202,16.5641,0.00677383,15.6825,0.260148,3.84397,1.74736,0.97,0.611193
643000,A_w100_T10000_std_lr0.01_s8_A1,0.89,0,0.88,7.20728,2.93109,0.286868,0.606576,0.000808081,0.321232,11.021,0.0291473,16.1442,0.246763,4.05246,3.44999,0.89,0.237067
643000,A_w100_T10000_std_lr0.01_s9_A1,0.83,0.000808081,0.72,13.434,4.37736,0.324627,0.673343,0.00343434,0.120325,2.44636,0.0491855,15.4342,0.284402,3.51614,3.59477,0.83,0.0121749
644000,A_w100_T10000_std_lr0.01_s0_A1,0.95,0,0.94,2.60345,1.42183,0.289651,0.632253,0.0040404,4.11382,16.8699,0.243855,15.2701,0.229753,4.35251,1.59974,0.95,0.345812
644000,A_w100_T10000_std_lr0.01_s1_A1,0.92,0,0.9,6.65508,2.36223,0.317533,0.663828,0.00484848,0.191645,5.68707,0.0336984,14.7661,0.29288,3.41437,2.14749,0.92,0.180463
644000,A_w100_T10000_std_lr0.01_s2_A1,0.36,0.0040404,0.31,20.4226,6.80454,0.329142,0.656889,0.00323232,3.19898e-09,3.15052e-08,0.101538,15.3186,0.280651,3.56315,3.63469,0.36,2.23497e-10
644000,A_w100_T10000_std_lr0.01_s3_A1,0.94,0,0.91,5.50319,3.30261,0.319134,0.661081,0.00282828,0.634573,7.98743,0.0794465,15.5066,0.272736,3.66655,2.32219,0.94,0.225516
644000,A_w100_T10000_std_lr0.01_s4_A1,0.85,0.00040404,0.8,12.6527,3.20698,0.347034,0.686828,0.00545455,0.0995604,1.1877,0.0838264,14.6635,0.305176,3.2768,2.72962,0.85,0.0498365
644000,A_w100_T10000_std_lr0.01_s5_A1,0.54,0.00323232,0.31,19.9861,7.00593,0.303363,0.618939,0.00161616,6.39255e-06,0.000291653,0.0219184,16.1825,0.261253,3.82771,4.65478,0.54,2.78728e-06
644000,A_w100_T10000_std_lr0.01_s6_A1,0.91,0,0.87,7.56513,3.44618,0.297367,0.635535,0.00363636,0.181372,9.01184,0.020126,15.4336,0.230238,4.34333,2.74107,0.91,0.0728909
644000,A_w100_T10000_std_lr0.01_s7_A1,0.97,0,0.97,2.8316,2.27568,0.311145,0.65497,0.00464646,0.205952,10.9644,0.0187837,15.6822,0.259752,3.84983,1.72074,0.97,0.605992
644000,A_w100_T10000_std_lr0.01_s8_A1,0.89,0.00020202,0.88,6.95091,2.84056,0.286707,0.606505,0.000808081,19.4982,58.4557,0.333556,16.1393,0.245931,4.06618,3.40409,0.89,0.423991
644000,A_w100_T10000_std_lr0.01_s9_A1,0.82,0.000808081,0.73,13.2631,4.29136,0.324678,0.673343,0.00343434,0.0622223,1.17336,0.0530292,15.431,0.284347,3.51683,3.69023,0.82,0.00788783
645000,A_w100_T10000_std_lr0.01_s0_A1,0.96,0,0.94,2.60346,1.38941,0.29001,0.632667,0.0040404,1.4358,15.5462,0.0923573,15.2631,0.229862,4.35044,1.41841,0.96,0.233573
645000,A_w100_T10000_std_lr0.01_s1_A1,0.92,0,0.9,6.67051,2.35768,0.31748,0.663899,0.00484848,0.972948,7.302,0.133244,14.7653,0.292765,3.41571,2.16483,0.92,0.204873
645000,A_w100_T10000_std_lr0.01_s2_A1,0.36,0.0040404,0.79,20.4226,6.80454,0.329142,0.656889,0.00323232,1.10074e-11,1.83359e-10,0.0600322,15.3186,0.280651,3.56315,3.63469,0.36,1.64624e-12
645000,A_w100_T10000_std_lr0.01_s3_A1,0.94,0,0.91,5.47417,3.21946,0.319315,0.661081,0.00282828,2.77064,12.8465,0.215674,15.4996,0.272962,3.66352,2.28519,0.94,0.243337
645000,A_w100_T10000_std_lr0.01_s4_A1,0.85,0.00040404,0.8,12.7184,3.23143,0.346995,0.686828,0.00545455,0.00161968,0.103193,0.0156956,14.6635,0.305028,3.27839,2.72916,0.85,0.0449824
645000,A_w100_T10000_std_lr0.01_s5_A1,0.54,0.00323232,0.31,19.9875,7.00483,0.303361,0.618939,0.00161616,6.81347e-06,8.68666e-05,0.078436,16.1825,0.26125,3.82775,4.65499,0.54,5.52777e-07
645000,A_w100_T10000_std_lr0.01_s6_A1,0.91,0,0.87,7.46872,3.38949,0.297289,0.635465,0.00363636,0.31648,6.98914,0.0452817,15.4323,0.230116,4.34564,2.72658,0.91,0.0628012
645000,A_w100_T10000_std_lr0.01_s7_A1,0.97,0,0.97,2.89119,2.45548,0.31104,0.65497,0.00464646,1.26919,11.9371,0.106324,15.6798,0.259435,3.85453,1.71529,0.97,0.692577
645000,A_w100_T10000_std_lr0.01_s8_A1,0.88,0,0.88,6.94054,2.81886,0.286898,0.607141,0.0010101,1.56256,11.9868,0.130357,16.1353,0.245745,4.06925,3.48119,0.88,0.15746
645000,A_w100_T10000_std_lr0.01_s9_A1,0.82,0.000808081,0.73,13.3875,4.4292,0.324428,0.673414,0.00343434,0.175127,1.46005,0.119946,15.4316,0.284041,3.52062,3.69972,0.82,0.00791368
646000,A_w100_T10000_std_lr0.01_s0_A1,0.96,0,0.94,2.73795,1.38596,0.290018,0.632667,0.0040404,0.450415,12.2002,0.0369187,15.2621,0.229511,4.35709,1.41621,0.96,0.253037
646000,A_w100_T10000_std_lr0.01_s1_A1,0.92,0,0.9,6.94343,2.62124,0.317269,0.663899,0.00484848,0.0687539,3.64074,0.0188846,14.7674,0.292134,3.42309,2.17953,0.92,0.135355
646000,A_w100_T10000_std_lr0.01_s2_A1,0.36,0.0040404,0.98,20.4226,6.80454,0.329142,0.656889,0.00323232,1.18017e-12,2.5093e-11,0.0470319,15.3186,0.280651,3.56315,3.63469,0.36,2.1635e-13
646000,A_w100_T10000_std_lr0.01_s3_A1,0.94,0,0.92,5.14376,2.81202,0.319304,0.660263,0.00282828,1.53362,9.10565,0.168425,15.497,0.27282,3.66542,2.25017,0.94,0.17632
646000,A_w100_T10000_std_lr0.01_s4_A1,0.85,0.00040404,0.8,12.7186,3.25759,0.347071,0.686828,0.00545455,0.00443479,0.103331,0.0429182,14.6631,0.30498,3.2789,2.73147,0.85,0.0436367
646000,A_w100_T10000_std_lr0.01_s5_A1,0.54,0.00323232,0.31,19.9876,7.00423,0.303361,0.618939,0.00161616,1.28043e-07,6.96622e-06,0.0183806,16.1825,0.26125,3.82775,4.65503,0.54,4.58799e-08
646000,A_w100_T10000_std_lr0.01_s6_A1,0.91,0,0.87,7.61791,3.4547,0.297092,0.635172,0.00363636,3.10152,14.596,0.212491,15.4311,0.229941,4.34895,2.72136,0.91,0.122739
646000,A_w100_T10000_std_lr0.01_s7_A1,0.97,0,0.97,2.79876,2.17114,0.311068,0.65497,0.00464646,4.5218,24.3665,0.185574,15.6798,0.259147,3.85881,1.7304,0.97,0.804048
646000,A_w100_T10000_std_lr0.01_s8_A1,0.89,0,0.88,6.76572,2.68595,0.28711,0.606505,0.000808081,1.85794,7.49209,0.247987,16.1269,0.24541,4.07482,3.37577,0.89,0.151669
646000,A_w100_T10000_std_lr0.01_s9_A1,0.82,0.000808081,0.73,13.2625,4.35559,0.324377,0.673343,0.00343434,0.0389916,0.425198,0.0917021,15.4314,0.284015,3.52094,3.70771,0.82,0.00353686
647000,A_w100_T10000_std_lr0.01_s0_A1,0.96,0,0.94,2.84816,1.43089,0.289996,0.632253,0.0040404,0.446078,11.486,0.0388368,15.2601,0.229329,4.36054,1.43899,0.96,0.217718
647000,A_w100_T10000_std_lr0.01_s1_A1,0.91,0,0.9,7.32956,2.86557,0.317203,0.663899,0.00484848,0.102874,4.18721,0.0245685,14.7654,0.292071,3.42382,2.24366,0.91,0.134539
647000,A_w100_T10000_std_lr0.01_s2_A1,0.36,0.0040404,0.99,20.4226,6.80454,0.329142,0.656889,0.00323232,3.75419e-13,9.80509e-12,0.0382881,15.3186,0.280651,3.56315,3.63469,0.36,8.64659e-14
647000,A_w100_T10000_std_lr0.01_s3_A1,0.94,0,0.92,4.98785,2.54478,0.319475,0.660939,0.00282828,0.63174,8.52952,0.0740651,15.4898,0.272931,3.66394,2.23592,0.94,0.138329
647000,A_w100_T10000_std_lr0.01_s4_A1,0.85,0.00040404,0.8,12.8447,3.28576,0.346997,0.68696,0.00545455,0.00234841,0.0929904,0.0252543,14.6629,0.304833,3.28049,2.73176,0.85,0.0424912
647000,A_w100_T10000_std_lr0.01_s5_A1,0.54,0.00323232,0.33,19.9878,7.00416,0.303361,0.618939,0.00161616,7.04774e-09,3.70978e-07,0.0189977,16.1825,0.26125,3.82775,4.65504,0.54,3.6327e-09
647000,A_w100_T10000_std_lr0.01_s6_A1,0.91,0,0.87,7.6354,3.46978,0.297145,0.635172,0.00363636,0.174311,5.9097,0.0294957,15.4268,0.229868,4.35032,2.71522,0.91,0.0456038
647000,A_w100_T10000_std_lr0.01_s7_A1,0.97,0,0.97,2.82138,2.34574,0.311193,0.65497,0.00464646,0.244084,14.0065,0.0174265,15.6789,0.259096,3.85957,1.72591,0.97,0.604424
647000,A_w100_T10000_std_lr0.01_s8_A1,0.9,0,0.88,6.79617,2.68178,0.287229,0.608192,0.0010101,0.417566,5.8381,0.0715242,16.12,0.244911,4.08312,3.0399,0.9,0.132007
647000,A_w100_T10000_std_lr0.01_s9_A1,0.82,0.000808081,0.73,13.1685,4.36262,0.324366,0.673343,0.00343434,0.0338094,0.35736,0.094609,15.4311,0.284008,3.52103,3.71359,0.82,0.00233112
648000,A_w100_T10000_std_lr0.01_s0_A1,0.96,0,0.94,2.92991,1.45108,0.290177,0.632131,0.0040404,1.51701,10.8554,0.139747,15.2556,0.229315,4.36082,1.43645,0.96,0.260005
648000,A_w100_T10000_std_lr0.01_s1_A1,0.92,0,0.9,7.16565,2.66827,0.317225,0.663899,0.00484848,0.234325,4.81912,0.0486239,14.7643,0.291905,3.42577,2.20738,0.92,0.134913
648000,A_w100_T10000_std_lr0.01_s2_A1,0.36,0.0040404,0.98,20.4226,6.80454,0.329142,0.656889,0.00323232,1.68765e-13,6.98547e-12,0.0241594,15.3186,0.280651,3.56315,3.63469,0.36,7.04503e-14
648000,A_w100_T10000_std_lr0.01_s3_A1,0.94,0,0.92,4.95451,2.56469,0.319608,0.660939,0.00282828,6.19365,20.7068,0.299112,15.4841,0.27256,3.66892,2.22711,0.94,0.190367
648000,A_w100_T10000_std_lr0.01_s4_A1,0.85,0.00040404,0.8,12.8476,3.26151,0.34702,0.68696,0.00545455,0.0015707,0.0423768,0.0370651,14.6625,0.30482,3.28062,2.73171,0.85,0.0410034
648000,A_w100_T10000_std_lr0.01_s5_A1,0.54,0.00323232,0.37,19.9878,7.00415,0.303361,0.618939,0.00161616,2.40859e-09,5.26209e-08,0.0457725,16.1825,0.26125,3.82775,4.65505,0.54,4.48404e-10
648000,A_w100_T10000_std_lr0.01_s6_A1,0.91,0,0.87,7.55032,3.43778,0.297069,0.635172,0.00363636,0.587835,9.30059,0.063204,15.4252,0.229784,4.35192,2.73389,0.91,0.0617079
648000,A_w100_T10000_std_lr0.01_s7_A1,0.97,0,0.97,2.69639,2.03628,0.311174,0.65497,0.00464646,2.44506,15.5595,0.157143,15.6787,0.259065,3.86003,1.72324,0.97,0.710169
648000,A_w100_T10000_std_lr0.01_s8_A1,0.89,0,0.88,6.81748,2.63636,0.287267,0.607606,0.000808081,0.132457,9.73066,0.0136123,16.116,0.244398,4.09168,3.3271,0.89,0.136331
648000,A_w100_T10000_std_lr0.01_s9_A1,0.82,0.000808081,0.73,13.1664,4.36707,0.32433,0.673343,0.00343434,0.044116,0.47694,0.092498,15.4309,0.283918,3.52215,3.71997,0.82,0.00262325
649000,A_w100_T10000_std_lr0.01_s0_A1,0.95,0,0.94,3.04342,1.48413,0.290044,0.632253,0.0040404,0.0608716,8.77485,0.00693705,15.2553,0.22907,4.36548,1.62308,0.95,0.191911
649000,A_w100_T10000_std_lr0.01_s1_A1,0.92,0,0.9,7.33157,2.90523,0.317237,0.663899,0.00484848,0.053486,5.16756,0.0103503,14.7656,0.291445,3.43117,2.22764,0.92,0.128381
649000,A_w100_T10000_std_lr0.01_s2_A1,0.36,0.0040404,0.98,20.4226,6.80454,0.329142,0.656889,0.00323232,4.41107e-13,9.60575e-12,0.0459211,15.3186,0.280651,3.56315,3.63469,0.36,8.77254e-14
649000,A_w100_T10000_std_lr0.01_s3_A1,0.94,0,0.92,4.80432,2.44588,0.319691,0.660939,0.00282828,6.55585,19.6079,0.334348,15.4769,0.272278,3.67272,2.22451,0.94,0.181266
649000,A_w100_T10000_std_lr0.01_s4_A1,0.84,0.00040404,0.8,12.8897,3.29278,0.347034,0.68696,0.00545455,0.00244834,0.0432476,0.0566123,14.662,0.304735,3.28154,2.80558,0.84,0.0407909
649000,A_w100_T10000_std_lr0.01_s5_A1,0.54,0.00323232,0.6,19.9879,7.00415,0.303361,0.618939,0.00161616,3.97729e-10,6.3444e-09,0.0626897,16.1825,0.26125,3.82775,4.65505,0.54,4.34469e-11
649000,A_w100_T10000_std_lr0.01_s6_A1,0.91,0,0.87,7.59339,3.44389,0.297071,0.635465,0.00363636,0.391369,5.79736,0.0675082,15.4213,0.22963,4.35482,2.72521,0.91,0.0424967
649000,A_w100_T10000_std_lr0.01_s7_A1,0.97,0,0.97,2.77597,2.17538,0.311161,0.65497,0.00464646,0.0218683,11.281,0.00193851,15.6771,0.259021,3.86069,1.73712,0.97,0.587239
649000,A_w100_T10000_std_lr0.01_s8_A1,0.9,0,0.88,6.57013,2.67656,0.287604,0.608333,0.0010101,7.76443,18.0498,0.430168,16.1121,0.244205,4.09492,3.07167,0.9,0.192924
649000,A_w100_T10000_std_lr0.01_s9_A1,0.82,0.000808081,0.74,13.051,4.33635,0.324338,0.673343,0.00343434,0.0260391,0.500287,0.0520483,15.4305,0.283857,3.5229,3.72735,0.82,0.00216507
650000,A_w100_T10000_std_lr0.01_s0_A1,0.96,0,0.94,3.14186,1.49368,0.290029,0.632253,0.0040404,0.271325,8.65285,0.0313567,15.2516,0.22894,4.36795,1.46643,0.96,0.192299
650000,A_w100_T10000_std_lr0.01_s1_A1,0.92,0,0.9,7.7342,3.59825,0.317306,0.664465,0.00484848,3.36751,11.0365,0.305125,14.7638,0.291382,3.43192,2.23731,0.92,0.348324
650000,A_w100_T10000_std_lr0.01_s2_A1,0.36,0.0040404,0.99,20.4226,6.80454,0.329142,0.656889,0.00323232,3.29635e-13,9.00484e-12,0.0366064,15.3186,0.280651,3.56315,3.63469,0.36,8.29985e-14
650000,A_w100_T10000_std_lr0.01_s3_A1,0.94,0,0.92,4.7666,2.25792,0.319611,0.660939,0.00282828,2.36966,17.7752,0.133312,15.4722,0.271579,3.68217,2.237,0.94,0.123855
650000,A_w100_T10000_std_lr0.01_s4_A1,0.84,0.00040404,0.8,12.8623,3.27548,0.347071,0.68696,0.00545455,0.0023398,0.0290289,0.0806025,14.6618,0.304753,3.28135,2.80602,0.84,0.040082
650000,A_w100_T10000_std_lr0.01_s5_A1,0.54,0.00323232,0.7,19.9879,7.00415,0.303361,0.618939,0.00161616,1.69526e-10,9.15768e-10,0.185119,16.1825,0.26125,3.82775,4.65505,0.54,6.89337e-12
650000,A_w100_T10000_std_lr0.01_s6_A1,0.91,0,0.87,7.56244,3.42175,0.297046,0.635131,0.00363636,0.406654,4.94103,0.0823014,15.4211,0.229418,4.35886,2.7296,0.91,0.0319551
650000,A_w100_T10000_std_lr0.01_s7_A1,0.97,0,0.97,2.78954,2.22144,0.311089,0.65497,0.00464646,0.334216,7.57681,0.0441103,15.6767,0.258956,3.86165,1.75908,0.97,0.622997
650000,A_w100_T10000_std_lr0.01_s8_A1,0.89,0,0.88,6.61619,2.71246,0.287568,0.608101,0.0010101,2.07279,8.91662,0.232463,16.1088,0.243632,4.10455,3.41862,0.89,0.101136
650000,A_w100_T10000_std_lr0.01_s9_A1,0.82,0.000808081,0.74,13.0859,4.34076,0.324317,0.673343,0.00343434,0.00791152,0.155804,0.0507787,15.4303,0.283808,3.5235,3.732,0.82,0.000643671
651000,A_w100_T10000_std_lr0.01_s0_A1,0.94,0,0.93,3.0467,1.5244,0.289518,0.63197,0.00383838,15.0953,40.8493,0.369536,15.2509,0.229903,4.34967,2.0352,0.94,0.845588
651000,A_w100_T10000_std_lr0.01_s1_A1,0.93,0,0.93,4.90698,2.35452,0.318203,0.664323,0.00464646,0.910821,17.9978,0.0506072,14.7459,0.29462,3.3942,2.24046,0.93,0.42034
651000,A_w100_T10000_std_lr0.01_s2_A1,0.54,0.00363636,0.37,19.8113,6.98902,0.328776,0.659606,0.00323232,0.00791405,0.220095,0.0359573,15.3207,0.281541,3.55188,3.98359,0.54,0.00356985
651000,A_w100_T10000_std_lr0.01_s3_A1,0.93,0,0.92,5.0675,2.6818,0.319865,0.659768,0.00262626,1.97092,17.7595,0.110978,15.4742,0.271768,3.6796,2.94525,0.93,0.51834
651000,A_w100_T10000_std_lr0.01_s4_A1,0.9,0.000606061,0.81,9.67074,4.20363,0.349419,0.687778,0.00585859,0.130058,3.67295,0.0354096,14.6561,0.308477,3.24173,1.95455,0.9,0.072721
651000,A_w100_T10000_std_lr0.01_s5_A1,0.63,0.000606061,0.49,19.1791,6.89453,0.301309,0.617253,0.00121212,0.389494,3.99183,0.0975726,16.1985,0.259273,3.85694,4.93424,0.63,0.0375715
651000,A_w100_T10000_std_lr0.01_s6_A1,0.93,0,0.92,4.89222,2.66539,0.29752,0.636172,0.00363636,4.74661,50.2092,0.0945365,15.3871,0.229697,4.35357,2.67556,0.93,0.480193
651000,A_w100_T10000_std_lr0.01_s7_A1,0.91,0.00020202,0.86,6.72887,2.61279,0.309605,0.653939,0.00444444,8.43022,49.2719,0.171096,15.6843,0.256717,3.89534,2.21147,0.91,0.647356
651000,A_w100_T10000_std_lr0.01_s8_A1,0.84,0,0.82,9.5914,3.533,0.287324,0.606525,0.000808081,0.312182,9.60319,0.0325082,16.1118,0.241257,4.14495,3.55755,0.84,0.104269
651000,A_w100_T10000_std_lr0.01_s9_A1,0.91,0,0.91,5.28318,2.5865,0.325631,0.674879,0.00363636,3.24894,15.371,0.211367,15.4237,0.285191,3.50643,2.7255,0.91,0.322798
652000,A_w100_T10000_std_lr0.01_s0_A1,0.94,0,0.93,3.09766,1.41186,0.290421,0.633141,0.00383838,0.130253,21.49,0.00606108,15.2403,0.23014,4.34519,2.06916,0.94,0.527804
652000,A_w100_T10000_std_lr0.01_s1_A1,0.93,0,0.93,5.11863,2.71268,0.317862,0.664404,0.00464646,0.927567,13.5222,0.0685957,14.744,0.293706,3.40476,2.22123,0.93,0.364491
652000,A_w100_T10000_std_lr0.01_s2_A1,0.54,0.00363636,0.37,19.8777,7.03482,0.328887,0.659606,0.00323232,0.000618936,0.0148143,0.0417798,15.3205,0.2817,3.54987,3.98339,0.54,0.000243222
652000,A_w100_T10000_std_lr0.01_s3_A1,0.93,0,0.92,4.83176,2.60994,0.320219,0.66004,0.00262626,0.82941,12.0388,0.0688946,15.4722,0.272349,3.67176,2.86228,0.93,0.431022
652000,A_w100_T10000_std_lr0.01_s4_A1,0.89,0.000606061,0.82,9.44686,4.24431,0.349547,0.687778,0.00585859,0.159521,2.70329,0.0590101,14.6551,0.308356,3.24301,2.25309,0.89,0.0368398
652000,A_w100_T10000_std_lr0.01_s5_A1,0.6,0.000606061,0.49,18.9309,6.7899,0.301012,0.617253,0.00121212,0.0391164,0.886391,0.04413,16.1961,0.258467,3.86897,4.64546,0.6,0.00875306
652000,A_w100_T10000_std_lr0.01_s6_A1,0.92,0,0.92,5.16402,2.62993,0.296877,0.63597,0.00363636,0.292337,14.2305,0.0205431,15.3826,0.228758,4.37144,2.82861,0.92,0.142353
652000,A_w100_T10000_std_lr0.01_s7_A1,0.94,0.00020202,0.86,6.64815,2.55094,0.309509,0.653061,0.00444444,1.7719,30.5342,0.0580301,15.6783,0.256117,3.90447,2.30305,0.94,0.403442
652000,A_w100_T10000_std_lr0.01_s8_A1,0.84,0,0.83,9.81503,3.60993,0.287167,0.606525,0.000808081,0.224771,2.01579,0.111505,16.1106,0.240685,4.15481,3.83884,0.84,0.0364705
652000,A_w100_T10000_std_lr0.01_s9_A1,0.91,0,0.91,5.44703,2.81568,0.325088,0.674879,0.00363636,0.257251,8.38937,0.0306639,15.4236,0.284534,3.51452,2.71705,0.91,0.180132
653000,A_w100_T10000_std_lr0.01_s0_A1,0.95,0,0.93,3.38891,1.48336,0.289897,0.632232,0.00363636,0.501624,13.9094,0.0360637,15.2436,0.229607,4.35526,1.64958,0.95,0.459841
653000,A_w100_T10000_std_lr0.01_s1_A1,0.93,0,0.93,5.31305,2.94559,0.317774,0.663788,0.00464646,1.07404,19.2833,0.055698,14.7438,0.293035,3.41256,2.22442,0.93,0.410164
653000,A_w100_T10000_std_lr0.01_s2_A1,0.54,0.00363636,0.37,19.8987,7.04365,0.328933,0.659606,0.00323232,7.3864e-05,0.00168768,0.0437667,15.3205,0.281772,3.54897,3.98341,0.54,3.07463e-05
653000,A_w100_T10000_std_lr0.01_s3_A1,0.93,0,0.92,4.68111,2.56412,0.320359,0.66004,0.00262626,0.793643,8.12058,0.0977322,15.4688,0.2721,3.67511,2.78623,0.93,0.408207
653000,A_w100_T10000_std_lr0.01_s4_A1,0.89,0.00020202,0.82,9.80302,4.31527,0.34961,0.687778,0.00585859,0.188264,1.75109,0.107513,14.6533,0.30806,3.24612,2.25443,0.89,0.0195182
653000,A_w100_T10000_std_lr0.01_s5_A1,0.59,0.00040404,0.49,18.8617,6.8027,0.300888,0.617253,0.00121212,0.0492623,0.363334,0.135584,16.195,0.258239,3.87238,4.67262,0.59,0.00321066
653000,A_w100_T10000_std_lr0.01_s6_A1,0.92,0,0.92,5.14803,2.51791,0.296735,0.636061,0.00363636,5.75479,25.7071,0.22386,15.3769,0.228486,4.37663,2.71718,0.92,0.201088
653000,A_w100_T10000_std_lr0.01_s7_A1,0.91,0.00020202,0.86,6.95971,2.58813,0.309285,0.652848,0.00444444,0.251922,18.199,0.0138426,15.6716,0.255254,3.91767,2.22386,0.91,0.303284
653000,A_w100_T10000_std_lr0.01_s8_A1,0.85,0,0.83,9.67964,3.56007,0.28732,0.606525,0.000808081,0.734895,1.86659,0.39371,16.1079,0.240829,4.15232,3.80714,0.85,0.028408
653000,A_w100_T10000_std_lr0.01_s9_A1,0.91,0,0.91,5.26847,2.62164,0.325296,0.675374,0.00444444,0.145161,7.06315,0.0205518,15.4182,0.284621,3.51344,2.7059,0.91,0.174125
654000,A_w100_T10000_std_lr0.01_s0_A1,0.94,0,0.93,3.67195,1.5561,0.290007,0.632636,0.00363636,0.300741,16.7686,0.0179347,15.2391,0.22908,4.36529,2.18091,0.94,0.406989
654000,A_w100_T10000_std_lr0.01_s1_A1,0.93,0,0.93,5.40165,3.07363,0.31767,0.663909,0.00464646,0.407659,14.1672,0.0287748,14.7465,0.292355,3.4205,2.20915,0.93,0.328055
654000,A_w100_T10000_std_lr0.01_s2_A1,0.54,0.00383838,0.37,19.9056,7.04483,0.328951,0.659606,0.00323232,6.1491e-06,0.000163655,0.0375735,15.3204,0.281795,3.54868,3.9835,0.54,3.00614e-06
654000,A_w100_T10000_std_lr0.01_s3_A1,0.93,0,0.93,4.76312,2.5854,0.320497,0.659949,0.00262626,0.448774,10.5254,0.0426373,15.4642,0.271958,3.67704,2.67558,0.93,0.367079
654000,A_w100_T10000_std_lr0.01_s4_A1,0.89,0.00020202,0.82,9.79758,4.31936,0.349769,0.686899,0.00585859,0.105229,1.35553,0.0776294,14.6513,0.308066,3.24606,2.2557,0.89,0.0146118
654000,A_w100_T10000_std_lr0.01_s5_A1,0.59,0.000606061,0.49,18.7631,6.76569,0.300887,0.617253,0.00121212,0.00130776,0.0323658,0.0404056,16.1946,0.258171,3.8734,4.67291,0.59,0.00029724
654000,A_w100_T10000_std_lr0.01_s6_A1,0.93,0,0.92,5.19886,2.49462,0.296681,0.636061,0.00363636,1.87762,9.85197,0.190583,15.3737,0.228139,4.38329,2.56007,0.93,0.0941556
654000,A_w100_T10000_std_lr0.01_s7_A1,0.9,0,0.86,7.12051,2.54938,0.309217,0.652111,0.00444444,5.30753,35.2426,0.1506,15.6642,0.254701,3.92617,2.52257,0.9,0.448035
654000,A_w100_T10000_std_lr0.01_s8_A1,0.85,0,0.83,9.63223,3.57484,0.287348,0.605768,0.000808081,0.0180938,0.72391,0.0249946,16.1084,0.240856,4.15187,3.80034,0.85,0.0112094
654000,A_w100_T10000_std_lr0.01_s9_A1,0.91,0,0.91,5.46481,2.67782,0.324742,0.674879,0.00363636,0.895959,8.44703,0.106068,15.4204,0.283864,3.52282,2.72026,0.91,0.201441
655000,A_w100_T10000_std_lr0.01_s0_A1,0.95,0,0.93,3.72722,1.58672,0.289692,0.632798,0.00383838,0.627152,13.0471,0.0480684,15.2378,0.228586,4.37471,1.7306,0.95,0.362994
655000,A_w100_T10000_std_lr0.01_s1_A1,0.93,0,0.93,5.3134,2.89991,0.317781,0.663838,0.00464646,0.379963,14.1365,0.0268781,14.7482,0.292077,3.42376,2.19637,0.93,0.293847
655000,A_w100_T10000_std_lr0.01_s2_A1,0.54,0.00383838,0.37,19.9085,7.04545,0.328958,0.659606,0.00323232,7.66722e-07,1.82043e-05,0.0421177,15.3204,0.281804,3.54856,3.98353,0.54,2.73451e-07
655000,A_w100_T10000_std_lr0.01_s3_A1,0.93,0,0.93,4.6601,2.4113,0.320717,0.659949,0.00262626,0.75385,9.82547,0.0767241,15.4581,0.272142,3.67455,2.58365,0.93,0.358428
655000,A_w100_T10000_std_lr0.01_s4_A1,0.89,0.00020202,0.82,9.90854,4.36431,0.349777,0.686899,0.00585859,0.0892728,1.3846,0.0644754,14.6494,0.308013,3.24662,2.2598,0.89,0.0142151
655000,A_w100_T10000_std_lr0.01_s5_A1,0.59,0.000606061,0.49,18.7609,6.76901,0.300895,0.617253,0.00121212,0.0131614,0.0393238,0.334693,16.194,0.258144,3.8738,4.67388,0.59,0.000335171
655000,A_w100_T10000_std_lr0.01_s6_A1,0.93,0,0.92,5.25066,2.50861,0.296795,0.63701,0.00363636,0.711914,12.575,0.0566137,15.3658,0.227997,4.38602,2.50834,0.93,0.10708
655000,A_w100_T10000_std_lr0.01_s7_A1,0.92,0.00020202,0.86,6.84123,2.62223,0.309536,0.652848,0.00444444,1.81843,22.7316,0.0799957,15.6549,0.254537,3.9287,2.59421,0.92,0.340932
655000,A_w100_T10000_std_lr0.01_s8_A1,0.85,0,0.83,9.6021,3.55817,0.28745,0.605768,0.000808081,0.265182,0.617491,0.42945,16.1066,0.240972,4.14986,3.79236,0.85,0.00897301
655000,A_w100_T10000_std_lr0.01_s9_A1,0.91,0,0.91,5.80001,2.77576,0.324698,0.676172,0.00444444,1.14978,6.44928,0.178281,15.4136,0.283957,3.52167,2.71883,0.91,0.17532
656000,A_w100_T10000_std_lr0.01_s0_A1,0.95,0,0.93,4.01966,1.61397,0.289915,0.633172,0.00383838,0.226068,17.9645,0.0125842,15.2297,0.227985,4.38626,1.76714,0.95,0.311757
656000,A_w100_T10000_std_lr0.01_s1_A1,0.93,0,0.93,5.05457,2.41267,0.318011,0.663283,0.00464646,5.31867,23.9643,0.221942,14.7436,0.292099,3.4235,2.18131,0.93,0.459212
656000,A_w100_T10000_std_lr0.01_s2_A1,0.54,0.00383838,0.38,19.9092,7.04574,0.32896,0.659606,0.00323232,3.47551e-08,1.01038e-06,0.034398,15.3204,0.281807,3.54853,3.98354,0.54,1.54823e-08
656000,A_w100_T10000_std_lr0.01_s3_A1,0.93,0,0.93,4.60726,2.38087,0.320588,0.659949,0.00262626,9.64186,32.0719,0.300633,15.4584,0.271472,3.68362,2.50092,0.93,0.454371
656000,A_w100_T10000_std_lr0.01_s4_A1,0.89,0.000606061,0.82,9.76998,4.30526,0.349812,0.687778,0.00585859,0.152765,1.37466,0.111129,14.6488,0.307971,3.24705,2.26108,0.89,0.0143958
656000,A_w100_T10000_std_lr0.01_s5_A1,0.59,0.000606061,0.49,18.777,6.78231,0.300894,0.617253,0.00121212,0.000184121,0.00430358,0.0427831,16.1937,0.258134,3.87395,4.67417,0.59,3.09821e-05
656000,A_w100_T10000_std_lr0.01_s6_A1,0.93,0,0.92,5.0825,2.38893,0.296711,0.635667,0.00363636,0.480521,10.4063,0.0461759,15.3631,0.227362,4.39827,2.45495,0.93,0.0776879
656000,A_w100_T10000_std_lr0.01_s7_A1,0.91,0.00020202,0.86,6.78472,2.64782,0.309165,0.651394,0.00444444,0.757996,21.1155,0.0358976,15.6519,0.253419,3.94604,2.33528,0.91,0.260668
656000,A_w100_T10000_std_lr0.01_s8_A1,0.85,0,0.83,9.61526,3.56143,0.287485,0.605768,0.000808081,0.0856255,0.212896,0.402195,16.1057,0.240995,4.14947,3.78961,0.85,0.00473599
656000,A_w100_T10000_std_lr0.01_s9_A1,0.91,0,0.91,5.62561,2.61475,0.324277,0.676242,0.00444444,0.78081,7.81598,0.0998992,15.4127,0.28335,3.52921,2.74407,0.91,0.164708
657000,A_w100_T10000_std_lr0.01_s0_A1,0.95,0,0.93,4.17115,1.68401,0.289714,0.632889,0.00363636,0.968361,17.4246,0.0555743,15.2253,0.227375,4.39802,1.80873,0.95,0.315502
657000,A_w100_T10000_std_lr0.01_s1_A1,0.93,0,0.93,5.38658,2.83457,0.317799,0.663283,0.00464646,0.0421634,12.3991,0.00340051,14.7457,0.29184,3.42653,2.17272,0.93,0.258434
657000,A_w100_T10000_std_lr0.01_s2_A1,0.54,0.00383838,0.39,19.9094,7.04577,0.32896,0.660364,0.00323232,5.47227e-09,1.1035e-07,0.0495901,15.3204,0.281808,3.54852,3.98354,0.54,1.59206e-09
657000,A_w100_T10000_std_lr0.01_s3_A1,0.93,0,0.93,4.54836,2.22304,0.320652,0.659949,0.00262626,7.15113,19.9231,0.358936,15.451,0.271515,3.68304,2.41391,0.93,0.397589
657000,A_w100_T10000_std_lr0.01_s4_A1,0.89,0.000606061,0.82,9.89329,4.36787,0.349822,0.687778,0.00585859,0.0184636,0.797698,0.0231461,14.6479,0.307917,3.24763,2.26183,0.89,0.0112657
657000,A_w100_T10000_std_lr0.01_s5_A1,0.59,0.000606061,0.49,18.7793,6.78421,0.300898,0.617253,0.00121212,6.56821e-05,0.000822837,0.079824,16.1935,0.258127,3.87406,4.67438,0.59,6.18626e-06
657000,A_w100_T10000_std_lr0.01_s6_A1,0.93,0,0.92,4.96438,2.31343,0.296659,0.636283,0.00383838,1.52085,15.6926,0.0969153,15.3582,0.227094,4.40347,2.40346,0.93,0.112448
657000,A_w100_T10000_std_lr0.01_s7_A1,0.91,0.00020202,0.87,6.38187,2.61224,0.30951,0.65402,0.00444444,0.900139,20.0496,0.0448957,15.6472,0.253471,3.94523,2.34632,0.91,0.265542
657000,A_w100_T10000_std_lr0.01_s8_A1,0.85,0,0.83,9.58035,3.55456,0.28753,0.605768,0.000808081,0.0186847,0.203272,0.0919197,16.1052,0.241051,4.14851,3.78467,0.85,0.00269066
657000,A_w100_T10000_std_lr0.01_s9_A1,0.91,0,0.91,5.78534,2.71402,0.324135,0.676242,0.00444444,0.419069,5.38787,0.0777801,15.4101,0.283005,3.5335,2.74026,0.91,0.121652
658000,A_w100_T10000_std_lr0.01_s0_A1,0.95,0,0.93,4.24085,1.73222,0.289771,0.632515,0.00363636,2.13559,20.5813,0.103763,15.2211,0.226968,4.40591,1.86245,0.95,0.320798
658000,A_w100_T10000_std_lr0.01_s1_A1,0.93,0,0.93,5.62141,3.25188,0.317774,0.663283,0.00464646,0.697779,13.5317,0.0515662,14.7446,0.291485,3.43071,2.13853,0.93,0.294253
658000,A_w100_T10000_std_lr0.01_s2_A1,0.54,0.00383838,0.52,19.9094,7.04579,0.328961,0.660364,0.00323232,2.40325e-10,8.10692e-09,0.0296444,15.3204,0.281808,3.54852,3.98354,0.54,1.22898e-10
658000,A_w100_T10000_std_lr0.01_s3_A1,0.93,0,0.93,4.41915,2.0976,0.320722,0.659949,0.00262626,0.394166,10.5269,0.0374438,15.4435,0.271352,3.68525,2.34445,0.93,0.325583
658000,A_w100_T10000_std_lr0.01_s4_A1,0.89,0.00020202,0.82,9.84574,4.34344,0.349842,0.686899,0.00585859,0.0321434,0.711295,0.04519,14.6479,0.307835,3.24849,2.26173,0.89,0.0107601
658000,A_w100_T10000_std_lr0.01_s5_A1,0.59,0.000606061,0.49,18.782,6.78624,0.300897,0.617253,0.00121212,5.38027e-05,0.000333033,0.161554,16.1934,0.258122,3.87413,4.67446,0.59,2.60563e-06
658000,A_w100_T10000_std_lr0.01_s6_A1,0.93,0,0.92,5.13713,2.4088,0.296658,0.636616,0.00363636,0.495678,6.7932,0.0729668,15.3552,0.2269,4.40723,2.36757,0.93,0.0494863
658000,A_w100_T10000_std_lr0.01_s7_A1,0.92,0.00020202,0.87,6.22686,2.59037,0.309674,0.651848,0.00444444,0.330921,20.8029,0.0159075,15.6419,0.253264,3.94845,2.69748,0.92,0.246269
658000,A_w100_T10000_std_lr0.01_s8_A1,0.85,0,0.83,9.57257,3.54426,0.287576,0.605768,0.000808081,0.0291335,0.178161,0.163524,16.1042,0.241099,4.14767,3.77937,0.85,0.00190049
658000,A_w100_T10000_std_lr0.01_s9_A1,0.91,0,0.91,5.84984,2.75352,0.323944,0.676242,0.00444444,0.114354,5.23474,0.0218452,15.4089,0.282744,3.53676,2.75905,0.91,0.106928
659000,A_w100_T10000_std_lr0.01_s0_A1,0.94,0,0.93,4.40216,1.86584,0.289983,0.633424,0.00383838,1.45321,24.9094,0.0583399,15.2147,0.226948,4.4063,2.34232,0.94,0.410727
659000,A_w100_T10000_std_lr0.01_s1_A1,0.93,0,0.93,5.48648,3.05414,0.318081,0.663283,0.00464646,0.300063,12.099,0.0248007,14.74,0.29152,3.4303,2.13976,0.93,0.257301
659000,A_w100_T10000_std_lr0.01_s2_A1,0.54,0.00383838,0.68,19.9094,7.0458,0.328961,0.660364,0.00323232,5.39436e-11,8.13009e-10,0.0663506,15.3204,0.281808,3.54852,3.98354,0.54,1.18179e-11
659000,A_w100_T10000_std_lr0.01_s3_A1,0.93,0,0.93,4.50906,2.15727,0.320703,0.659879,0.00262626,1.10786,7.55944,0.146553,15.4411,0.271002,3.69001,2.27712,0.93,0.312771
659000,A_w100_T10000_std_lr0.01_s4_A1,0.89,0.00020202,0.82,9.89126,4.35831,0.349861,0.686899,0.00585859,0.111938,0.895927,0.124941,14.6466,0.30783,3.24855,2.265,0.89,0.0128164
659000,A_w100_T10000_std_lr0.01_s5_A1,0.59,0.000606061,0.49,18.7824,6.78634,0.300896,0.617253,0.00121212,2.35724e-06,5.82043e-05,0.0404994,16.1934,0.258118,3.8742,4.67458,0.59,4.52049e-07
659000,A_w100_T10000_std_lr0.01_s6_A1,0.93,0,0.92,5.10333,2.36626,0.29667,0.636616,0.00363636,0.975623,7.36228,0.132517,15.3543,0.226504,4.41494,2.3373,0.93,0.0545031
659000,A_w100_T10000_std_lr0.01_s7_A1,0.92,0.00020202,0.87,6.5431,2.61506,0.309346,0.653283,0.00444444,0.698454,21.0073,0.0332482,15.6326,0.252645,3.95813,2.72207,0.92,0.241629
659000,A_w100_T10000_std_lr0.01_s8_A1,0.85,0,0.83,9.55344,3.54876,0.287581,0.605768,0.000808081,0.00276387,0.0331277,0.0834308,16.1039,0.241077,4.14805,3.77841,0.85,0.000761453
659000,A_w100_T10000_std_lr0.01_s9_A1,0.91,0,0.91,5.98385,2.75003,0.323919,0.67603,0.00444444,0.132738,5.26899,0.0251923,15.4044,0.282686,3.53749,2.74422,0.91,0.0982006
660000,A_w100_T10000_std_lr0.01_s0_A1,0.94,0,0.93,4.48475,1.81636,0.289813,0.632889,0.00363636,0.320898,15.5315,0.0206611,15.2106,0.226079,4.42323,2.35632,0.94,0.271338
660000,A_w100_T10000_std_lr0.01_s1_A1,0.93,0,0.93,5.48573,3.03271,0.318037,0.662364,0.00464646,1.18168,18.2869,0.0646187,14.7401,0.291013,3.43627,2.13169,0.93,0.293143
660000,A_w100_T10000_std_lr0.01_s2_A1,0.54,0.00383838,0.89,19.9094,7.0458,0.328961,0.660364,0.00323232,4.92086e-12,9.67213e-11,0.0508767,15.3204,0.281808,3.54852,3.98354,0.54,1.27525e-12
660000,A_w100_T10000_std_lr0.01_s3_A1,0.93,0,0.93,4.36776,2.07603,0.320636,0.659949,0.00262626,11.2655,30.8181,0.365549,15.4341,0.27044,3.69768,2.25065,0.93,0.418298
660000,A_w100_T10000_std_lr0.01_s4_A1,0.89,0.00020202,0.82,9.94207,4.38384,0.34997,0.686899,0.00585859,0.0182157,0.420274,0.0433424,14.6451,0.307856,3.24827,2.26849,0.89,0.00658037
660000,A_w100_T10000_std_lr0.01_s5_A1,0.59,0.000606061,0.49,18.7828,6.78688,0.300897,0.617253,0.00121212,8.12999e-07,9.03582e-06,0.0899751,16.1934,0.258118,3.8742,4.67459,0.59,7.56426e-08
660000,A_w100_T10000_std_lr0.01_s6_A1,0.93,0,0.92,5.11927,2.39348,0.296706,0.636616,0.00363636,0.709418,9.44859,0.0750819,15.348,0.226357,4.41779,2.31619,0.93,0.0702487
660000,A_w100_T10000_std_lr0.01_s7_A1,0.9,0.00020202,0.87,6.50386,2.61865,0.30945,0.652566,0.00444444,2.63382,20.0426,0.131411,15.6282,0.251981,3.96855,2.43626,0.9,0.233446
660000,A_w100_T10000_std_lr0.01_s8_A1,0.85,0,0.83,9.51859,3.54211,0.287601,0.605768,0.000808081,0.000586862,0.0117404,0.0499865,16.1036,0.241091,4.14781,3.77724,0.85,0.000444691
660000,A_w100_T10000_std_lr0.01_s9_A1,0.91,0,0.91,6.16978,2.86028,0.323807,0.67603,0.00444444,0.227991,4.09426,0.0556856,15.4,0.282432,3.54068,2.74677,0.91,0.0818904
661000,A_w100_T10000_std_lr0.01_s0_A1,0.93,0.00040404,0.89,4.47011,2.09099,0.290264,0.634535,0.00363636,2.44523,30.037,0.0814071,15.2052,0.228302,4.38016,2.27889,0.93,0.460008
661000,A_w100_T10000_std_lr0.01_s1_A1,0.88,0,0.82,8.8937,2.82991,0.320571,0.665323,0.00505051,0.172019,5.77896,0.0297664,14.7239,0.293623,3.40573,2.42422,0.88,0.138268
661000,A_w100_T10000_std_lr0.01_s2_A1,0.6,0.00262626,0.46,21.428,8.61852,0.330452,0.660657,0.00323232,0.0208989,0.33285,0.0627878,15.3131,0.280542,3.56453,3.73936,0.6,0.00437458
661000,A_w100_T10000_std_lr0.01_s3_A1,0.91,0.00020202,0.86,5.52702,1.71945,0.321859,0.66101,0.00282828,0.23065,5.95107,0.0387577,15.416,0.274218,3.64673,2.42162,0.91,0.0665344
661000,A_w100_T10000_std_lr0.01_s4_A1,0.88,0,0.86,7.77685,2.81073,0.349073,0.688151,0.00606061,1.27532,9.90513,0.128754,14.6491,0.308476,3.24174,2.47868,0.88,0.318847
661000,A_w100_T10000_std_lr0.01_s5_A1,0.68,0.00020202,0.6,17.3979,4.93124,0.304366,0.619889,0.00141414,5.2588,20.9479,0.251042,16.1581,0.265538,3.76594,4.34195,0.68,0.180486
661000,A_w100_T10000_std_lr0.01_s6_A1,0.92,0.000606061,0.87,4.70756,2.24307,0.297952,0.641697,0.00444444,13.1252,32.1078,0.408784,15.322,0.230543,4.33759,2.8171,0.92,0.445935
661000,A_w100_T10000_std_lr0.01_s7_A1,0.93,0,0.93,5.16257,3.10215,0.310473,0.656596,0.00444444,2.34295,30.0743,0.0779053,15.6075,0.255322,3.91662,2.38304,0.93,0.469321
661000,A_w100_T10000_std_lr0.01_s8_A1,0.88,0,0.86,7.34529,2.96227,0.288343,0.608434,0.000808081,0.902638,19.9023,0.0453533,16.1335,0.24375,4.10256,3.56008,0.88,0.249519
661000,A_w100_T10000_std_lr0.01_s9_A1,0.85,0,0.79,8.36152,3.59104,0.323217,0.673071,0.00464646,131.051,237.049,0.552842,15.3989,0.281828,3.54826,4.10073,0.85,2.01479
662000,A_w100_T10000_std_lr0.01_s0_A1,0.94,0.00020202,0.91,4.40515,1.9834,0.290317,0.634838,0.00363636,0.103826,15.0716,0.00688887,15.1961,0.228523,4.37593,2.80856,0.94,0.337416
662000,A_w100_T10000_std_lr0.01_s1_A1,0.88,0,0.83,9.15299,3.01586,0.320242,0.664394,0.00464646,0.631308,5.47437,0.115321,14.7244,0.292708,3.41638,2.44802,0.88,0.0657357
662000,A_w100_T10000_std_lr0.01_s2_A1,0.59,0.00282828,0.46,21.3419,8.57572,0.33036,0.660657,0.00323232,0.00101275,0.0158558,0.0638723,15.3151,0.280184,3.56908,3.74657,0.59,0.00017149
662000,A_w100_T10000_std_lr0.01_s3_A1,0.91,0,0.88,5.26801,1.76008,0.321954,0.661556,0.0030303,11.8253,22.3535,0.529013,15.4113,0.274644,3.64107,2.43619,0.91,0.309264
662000,A_w100_T10000_std_lr0.01_s4_A1,0.89,0,0.86,7.73401,2.64118,0.348965,0.688606,0.00606061,0.280731,2.37086,0.118409,14.6487,0.308395,3.2426,2.5053,0.89,0.254776
662000,A_w100_T10000_std_lr0.01_s5_A1,0.69,0.00020202,0.61,17.6433,4.96886,0.304347,0.620424,0.00141414,0.15942,3.26409,0.0488405,16.1494,0.26486,3.77558,4.38268,0.69,0.0268066
662000,A_w100_T10000_std_lr0.01_s6_A1,0.92,0.000606061,0.87,4.9956,2.25038,0.297896,0.642475,0.00444444,1.09328,9.44708,0.115727,15.3168,0.230525,4.33793,2.762,0.92,0.118891
662000,A_w100_T10000_std_lr0.01_s7_A1,0.94,0,0.93,5.39899,3.35268,0.310035,0.656596,0.00444444,3.49774,27.8906,0.125409,15.607,0.254738,3.9256,2.5177,0.94,0.355747
662000,A_w100_T10000_std_lr0.01_s8_A1,0.87,0,0.87,7.32448,2.98074,0.288405,0.608434,0.000808081,5.54899,22.7866,0.24352,16.1281,0.243231,4.11132,3.73939,0.87,0.23602
662000,A_w100_T10000_std_lr0.01_s9_A1,0.86,0,0.8,8.98104,4.00594,0.323625,0.673303,0.00444444,0.693283,17.415,0.0398095,15.383,0.282184,3.54379,3.89935,0.86,0.198352
663000,A_w100_T10000_std_lr0.01_s0_A1,0.94,0.00020202,0.91,4.64152,1.87654,0.290391,0.635192,0.00363636,2.49695,19.152,0.130375,15.1886,0.228031,4.38537,2.86787,0.94,0.441766
663000,A_w100_T10000_std_lr0.01_s1_A1,0.86,0,0.84,9.0491,3.01297,0.320381,0.66502,0.00505051,0.461936,3.63182,0.127191,14.7233,0.292593,3.41772,2.7555,0.86,0.0344849
663000,A_w100_T10000_std_lr0.01_s2_A1,0.6,0.00282828,0.46,21.3273,8.5617,0.330362,0.660657,0.00323232,7.52803e-05,0.00159723,0.0471319,15.3154,0.280146,3.56956,3.76994,0.6,2.3862e-05
663000,A_w100_T10000_std_lr0.01_s3_A1,0.91,0,0.88,5.18009,1.76278,0.322041,0.661808,0.0030303,0.0825203,2.99236,0.027577,15.4117,0.274427,3.64396,2.44756,0.91,0.0386519
663000,A_w100_T10000_std_lr0.01_s4_A1,0.87,0,0.86,8.08113,2.69826,0.348822,0.688606,0.00606061,0.155428,0.744515,0.208764,14.6494,0.308127,3.24542,2.54282,0.87,0.24637
663000,A_w100_T10000_std_lr0.01_s5_A1,0.68,0.00020202,0.61,17.7259,5.18774,0.304081,0.620424,0.00141414,0.0546063,1.57858,0.0345919,16.1482,0.263993,3.78797,4.48248,0.68,0.0126135
663000,A_w100_T10000_std_lr0.01_s6_A1,0.92,0.000606061,0.87,5.14835,2.30937,0.297908,0.642475,0.00444444,1.64184,10.2889,0.159573,15.3123,0.230409,4.34012,2.72713,0.92,0.0881917
663000,A_w100_T10000_std_lr0.01_s7_A1,0.94,0,0.93,5.44529,3.37507,0.310063,0.656101,0.00444444,0.911263,16.8946,0.0539381,15.6034,0.254663,3.92676,2.52861,0.94,0.295195
663000,A_w100_T10000_std_lr0.01_s8_A1,0.87,0,0.87,7.49401,3.09523,0.288097,0.609283,0.000808081,0.314623,10.4913,0.0299889,16.1219,0.242393,4.12554,3.76225,0.87,0.124718
663000,A_w100_T10000_std_lr0.01_s9_A1,0.88,0,0.8,8.9764,4.06887,0.323529,0.674293,0.00464646,0.290678,12.5732,0.0231188,15.3762,0.281749,3.54925,3.8273,0.88,0.124303
664000,A_w100_T10000_std_lr0.01_s0_A1,0.95,0.00020202,0.91,4.44871,2.20308,0.290499,0.636101,0.00363636,0.143538,11.4135,0.0125762,15.1867,0.228354,4.37916,2.6106,0.95,0.317582
664000,A_w100_T10000_std_lr0.01_s1_A1,0.86,0,0.84,9.1346,3.00744,0.320308,0.66502,0.00505051,0.088437,0.820514,0.107782,14.7234,0.292136,3.42306,2.7702,0.86,0.00948836
664000,A_w100_T10000_std_lr0.01_s2_A1,0.59,0.00282828,0.46,21.3221,8.55516,0.330356,0.660657,0.00323232,4.73977e-06,0.000144909,0.0327086,15.3155,0.280128,3.5698,3.79497,0.59,1.96948e-06
664000,A_w100_T10000_std_lr0.01_s3_A1,0.91,0,0.88,5.18465,1.77753,0.322164,0.661808,0.0030303,0.0301137,2.15728,0.0139591,15.4108,0.274461,3.6435,2.43917,0.91,0.0313051
664000,A_w100_T10000_std_lr0.01_s4_A1,0.89,0,0.86,8.10982,2.74357,0.348838,0.689525,0.00606061,0.00872936,0.448151,0.0194786,14.6491,0.308047,3.24625,2.53416,0.89,0.250993
664000,A_w100_T10000_std_lr0.01_s5_A1,0.69,0.00020202,0.61,17.7019,5.16772,0.304044,0.620424,0.00141414,0.0237923,0.380358,0.0625525,16.1457,0.263861,3.78988,4.36264,0.69,0.00479262
664000,A_w100_T10000_std_lr0.01_s6_A1,0.92,0.000606061,0.87,5.00169,2.27837,0.298044,0.642384,0.00444444,2.36595,7.53178,0.314129,15.3071,0.230669,4.33521,2.70062,0.92,0.0877475
664000,A_w100_T10000_std_lr0.01_s7_A1,0.94,0,0.93,5.34668,3.49635,0.309772,0.655364,0.00444444,21.6299,52.2903,0.41365,15.6043,0.254115,3.93522,2.59723,0.94,0.658882
664000,A_w100_T10000_std_lr0.01_s8_A1,0.87,0,0.87,7.49067,3.04162,0.28821,0.609283,0.000808081,1.3306,12.4219,0.107117,16.1158,0.24214,4.12984,3.81716,0.87,0.139704
664000,A_w100_T10000_std_lr0.01_s9_A1,0.88,0,0.81,9.05734,4.10658,0.323473,0.673535,0.00464646,0.909661,11.5686,0.078632,15.3713,0.281356,3.55422,3.299,0.88,0.110175
665000,A_w100_T10000_std_lr0.01_s0_A1,0.94,0.00020202,0.91,4.46863,2.20443,0.290408,0.635374,0.00363636,0.723377,16.0238,0.0451438,15.1864,0.228078,4.38446,2.84755,0.94,0.331639
665000,A_w100_T10000_std_lr0.01_s1_A1,0.86,0,0.84,9.21347,3.01965,0.320256,0.66502,0.00505051,0.0894761,0.699552,0.127905,14.7226,0.291833,3.42661,2.77985,0.86,0.00654818
665000,A_w100_T10000_std_lr0.01_s2_A1,0.59,0.00282828,0.46,21.3209,8.55374,0.330355,0.660657,0.00323232,1.57392e-06,1.8378e-05,0.0856416,15.3155,0.280122,3.56987,3.79488,0.59,2.15393e-07
665000,A_w100_T10000_std_lr0.01_s3_A1,0.91,0,0.88,5.17959,1.77916,0.322065,0.661808,0.0030303,0.795558,4.02027,0.197887,15.4108,0.274157,3.64754,2.43884,0.91,0.0455643
665000,A_w100_T10000_std_lr0.01_s4_A1,0.89,0,0.86,8.14478,2.77698,0.348809,0.689525,0.00606061,0.0166325,0.453761,0.0366546,14.6489,0.308002,3.24674,2.54121,0.89,0.252626
665000,A_w100_T10000_std_lr0.01_s5_A1,0.69,0.00020202,0.61,17.8152,5.19106,0.304081,0.620424,0.00141414,0.046846,0.295818,0.158361,16.1439,0.263639,3.79306,4.35823,0.69,0.00343708
665000,A_w100_T10000_std_lr0.01_s6_A1,0.91,0.00020202,0.88,5.13475,2.30133,0.298066,0.642384,0.00444444,4.07571,12.307,0.33117,15.3026,0.230664,4.33531,2.77375,0.91,0.125155
665000,A_w100_T10000_std_lr0.01_s7_A1,0.93,0,0.93,5.55458,3.53727,0.309884,0.656212,0.00444444,0.428991,14.6657,0.0292513,15.5988,0.253767,3.94063,2.53541,0.93,0.238637
665000,A_w100_T10000_std_lr0.01_s8_A1,0.87,0,0.87,7.69964,3.34516,0.287795,0.609283,0.000808081,0.996658,9.07392,0.109838,16.1142,0.241159,4.14664,3.84787,0.87,0.134915
665000,A_w100_T10000_std_lr0.01_s9_A1,0.88,0,0.81,9.36645,4.12375,0.32353,0.674768,0.00464646,0.994204,6.95822,0.142882,15.3649,0.28117,3.55657,4.10559,0.88,0.0946745
666000,A_w100_T10000_std_lr0.01_s0_A1,0.95,0.00020202,0.91,4.51383,2.26646,0.29043,0.634626,0.00363636,6.97509,24.3237,0.286762,15.1839,0.22786,4.38866,2.63562,0.95,0.534272
666000,A_w100_T10000_std_lr0.01_s1_A1,0.86,0,0.84,9.20802,3.00883,0.320255,0.66502,0.00505051,0.0095496,0.174171,0.0548289,14.7218,0.29174,3.42771,2.7847,0.86,0.0019139
666000,A_w100_T10000_std_lr0.01_s2_A1,0.6,0.00282828,0.47,21.3205,8.55321,0.330355,0.660657,0.00323232,1.76425e-07,2.333e-06,0.0756214,15.3155,0.280121,3.56989,3.76947,0.6,2.90992e-08
666000,A_w100_T10000_std_lr0.01_s3_A1,0.91,0,0.88,5.24705,1.78159,0.322078,0.662626,0.0030303,1.80141,4.51913,0.398619,15.4101,0.273904,3.65092,2.43253,0.91,0.0706321
666000,A_w100_T10000_std_lr0.01_s4_A1,0.89,0,0.86,8.19971,2.76012,0.348787,0.688606,0.00606061,0.0123565,0.319476,0.0386774,14.6482,0.307993,3.24683,2.54079,0.89,0.242612
666000,A_w100_T10000_std_lr0.01_s5_A1,0.68,0.00020202,0.61,17.8335,5.20356,0.304073,0.620424,0.00141414,0.03453,0.191616,0.180204,16.1428,0.263554,3.79429,4.41452,0.68,0.00166467
666000,A_w100_T10000_std_lr0.01_s6_A1,0.92,0.00020202,0.88,5.04234,2.31586,0.29806,0.642384,0.00444444,0.875422,4.78352,0.183008,15.3014,0.230573,4.33702,2.65531,0.92,0.0447272
666000,A_w100_T10000_std_lr0.01_s7_A1,0.93,0,0.93,5.57046,3.55876,0.309966,0.656283,0.00444444,2.02083,20.9339,0.096534,15.5922,0.253498,3.9448,2.54417,0.93,0.304145
666000,A_w100_T10000_std_lr0.01_s8_A1,0.87,0,0.87,7.69617,3.17248,0.287881,0.610202,0.000808081,1.5476,12.7659,0.121228,16.105,0.241061,4.14834,3.83831,0.87,0.121025
666000,A_w100_T10000_std_lr0.01_s9_A1,0.89,0,0.81,9.3473,4.11465,0.323346,0.673495,0.00464646,1.56597,12.9235,0.121172,15.3607,0.280572,3.56415,3.81867,0.89,0.103374
667000,A_w100_T10000_std_lr0.01_s0_A1,0.94,0.00020202,0.91,4.48223,2.23457,0.290462,0.635747,0.00343434,0.940895,23.0881,0.0407524,15.1818,0.227835,4.38914,2.22095,0.94,0.354033
667000,A_w100_T10000_std_lr0.01_s1_A1,0.86,0,0.84,9.2207,2.99553,0.320242,0.66502,0.00505051,0.0663233,0.25657,0.2585,14.7215,0.291678,3.42844,2.78865,0.86,0.00209419
667000,A_w100_T10000_std_lr0.01_s2_A1,0.6,0.00282828,0.49,21.3204,8.55305,0.330355,0.660657,0.00323232,1.45618e-08,2.12418e-07,0.0685527,15.3155,0.28012,3.5699,3.76946,0.6,2.60434e-09
667000,A_w100_T10000_std_lr0.01_s3_A1,0.91,0,0.88,5.24004,1.77346,0.321935,0.663121,0.0030303,4.58964,10.2389,0.448255,15.4097,0.27397,3.65003,2.43196,0.91,0.120574
667000,A_w100_T10000_std_lr0.01_s4_A1,0.88,0,0.86,8.21782,2.79391,0.348737,0.688152,0.00585859,0.0165349,0.265088,0.062375,14.648,0.307958,3.2472,2.52572,0.88,0.243433
667000,A_w100_T10000_std_lr0.01_s5_A1,0.67,0.00020202,0.61,17.8861,5.2384,0.304098,0.620424,0.00141414,0.0012982,0.0464504,0.0279481,16.142,0.263495,3.79514,4.49571,0.67,0.000471735
667000,A_w100_T10000_std_lr0.01_s6_A1,0.92,0.00020202,0.88,5.13774,2.32998,0.298039,0.642384,0.00444444,0.0742356,2.8095,0.026423,15.2999,0.230537,4.33769,2.64242,0.92,0.0254615
667000,A_w100_T10000_std_lr0.01_s7_A1,0.94,0,0.93,5.32869,3.44378,0.309958,0.65699,0.00444444,1.75048,19.2028,0.0911573,15.5877,0.253544,3.94408,2.70731,0.94,0.27933
667000,A_w100_T10000_std_lr0.01_s8_A1,0.87,0,0.87,7.83129,3.35192,0.287714,0.609323,0.000808081,0.5583,4.43959,0.125755,16.1013,0.24068,4.1549,3.83656,0.87,0.073548
667000,A_w100_T10000_std_lr0.01_s9_A1,0.87,0,0.82,9.26847,3.91166,0.323386,0.674293,0.00464646,1.60752,17.0765,0.0941363,15.355,0.280307,3.56751,4.30687,0.87,0.107729
668000,A_w100_T10000_std_lr0.01_s0_A1,0.95,0.00020202,0.91,4.64809,2.12885,0.290564,0.635727,0.00363636,1.96535,14.6679,0.13399,15.1755,0.227556,4.39452,2.91637,0.95,0.410048
668000,A_w100_T10000_std_lr0.01_s1_A1,0.85,0,0.84,9.23164,2.99966,0.320236,0.665535,0.00525253,0.0121435,0.0956745,0.126925,14.7211,0.291611,3.42923,2.91814,0.85,0.000709408
668000,A_w100_T10000_std_lr0.01_s2_A1,0.6,0.00282828,0.61,21.3204,8.553,0.330355,0.660657,0.00323232,2.52181e-10,1.22004e-08,0.0206699,15.3155,0.28012,3.5699,3.76946,0.6,1.88386e-10
668000,A_w100_T10000_std_lr0.01_s3_A1,0.91,0,0.88,5.30622,1.77905,0.321849,0.66396,0.0030303,0.0664846,2.43166,0.0273412,15.4085,0.273794,3.65238,2.43977,0.91,0.0234277
668000,A_w100_T10000_std_lr0.01_s4_A1,0.89,0,0.86,8.21432,2.77941,0.348736,0.689071,0.00585859,0.0458411,0.357506,0.128225,14.6486,0.30784,3.24844,2.5465,0.89,0.243872
668000,A_w100_T10000_std_lr0.01_s5_A1,0.67,0.00020202,0.61,17.937,5.25322,0.304122,0.620424,0.00141414,0.00078589,0.0193181,0.0406814,16.1412,0.263457,3.79568,4.49156,0.67,0.0001776
668000,A_w100_T10000_std_lr0.01_s6_A1,0.92,0.00020202,0.88,5.13806,2.34114,0.298081,0.642384,0.00444444,0.188991,3.03184,0.0623354,15.297,0.230409,4.34011,2.62959,0.92,0.0243272
668000,A_w100_T10000_std_lr0.01_s7_A1,0.94,0,0.93,5.43534,3.52899,0.31007,0.65699,0.00444444,0.540717,14.9375,0.0361988,15.5823,0.252998,3.9526,2.71755,0.94,0.200532
668000,A_w100_T10000_std_lr0.01_s8_A1,0.87,0,0.87,8.00372,3.34549,0.287799,0.610596,0.000808081,0.83302,4.22084,0.197359,16.0915,0.240462,4.15866,3.80077,0.87,0.0734251
668000,A_w100_T10000_std_lr0.01_s9_A1,0.88,0,0.82,9.39132,3.94973,0.323465,0.673768,0.00444444,0.971578,8.25696,0.117668,15.3485,0.280115,3.56996,4.09005,0.88,0.0699807
669000,A_w100_T10000_std_lr0.01_s0_A1,0.95,0.00020202,0.91,4.2974,2.14462,0.29057,0.636,0.00363636,4.12363,21.4927,0.191862,15.1768,0.22794,4.38712,2.67065,0.95,0.455382
669000,A_w100_T10000_std_lr0.01_s1_A1,0.86,0,0.84,9.24961,2.9969,0.32024,0.665535,0.00525253,0.0192072,0.0720591,0.266548,14.7205,0.291646,3.42881,2.79235,0.86,0.000652361
669000,A_w100_T10000_std_lr0.01_s2_A1,0.6,0.00282828,0.8,21.3204,8.55298,0.330355,0.660657,0.00323232,2.01058e-11,1.18853e-09,0.0169165,15.3155,0.28012,3.5699,3.76946,0.6,1.99521e-11
669000,A_w100_T10000_std_lr0.01_s3_A1,0.91,0,0.88,5.27927,1.76928,0.321864,0.663121,0.0030303,0.0573058,2.68598,0.0213352,15.4081,0.273623,3.65466,2.44231,0.91,0.0231115
669000,A_w100_T10000_std_lr0.01_s4_A1,0.88,0,0.86,8.16433,2.77266,0.348726,0.687212,0.00585859,0.0460514,0.393453,0.117044,14.6483,0.307916,3.24763,2.58477,0.88,0.243385
669000,A_w100_T10000_std_lr0.01_s5_A1,0.68,0.00020202,0.61,17.9494,5.26341,0.304123,0.620424,0.00141414,0.000387891,0.0090391,0.0429126,16.1408,0.263423,3.79617,4.4331,0.68,8.29845e-05
669000,A_w100_T10000_std_lr0.01_s6_A1,0.91,0.00020202,0.88,5.2425,2.34757,0.298011,0.642384,0.00444444,1.61468,7.10181,0.227361,15.2958,0.230276,4.34262,2.71728,0.91,0.0550116
669000,A_w100_T10000_std_lr0.01_s7_A1,0.94,0,0.93,5.6776,3.79716,0.309894,0.656273,0.00444444,1.42537,16.6749,0.0854797,15.5831,0.252511,3.96022,2.75439,0.94,0.194472
669000,A_w100_T10000_std_lr0.01_s8_A1,0.87,0.00020202,0.87,7.99547,3.30635,0.287779,0.609323,0.000808081,0.578043,6.20584,0.093145,16.0859,0.24018,4.16355,3.75013,0.87,0.0634724
669000,A_w100_T10000_std_lr0.01_s9_A1,0.89,0,0.82,9.47251,3.93687,0.323428,0.673768,0.00444444,0.217171,5.09769,0.0426018,15.344,0.279813,3.57382,3.80192,0.89,0.0438426
670000,A_w100_T10000_std_lr0.01_s0_A1,0.95,0.00020202,0.91,4.61687,2.24984,0.290606,0.636374,0.00363636,0.461266,10.6644,0.043253,15.173,0.227545,4.39473,2.67768,0.95,0.310804
670000,A_w100_T10000_std_lr0.01_s1_A1,0.86,0,0.84,9.24718,3.00123,0.320233,0.665535,0.00525253,0.011688,0.047907,0.243973,14.7206,0.291596,3.42941,2.79386,0.86,0.000358714
670000,A_w100_T10000_std_lr0.01_s2_A1,0.6,0.00282828,0.92,21.3204,8.55298,0.330355,0.660657,0.00323232,7.30283e-12,1.67058e-10,0.0437144,15.3155,0.28012,3.56991,3.76946,0.6,2.52335e-12
670000,A_w100_T10000_std_lr0.01_s3_A1,0.91,0,0.88,5.3829,1.78205,0.321804,0.662626,0.0030303,0.0321647,1.89319,0.0169897,15.4077,0.273539,3.65579,2.44027,0.91,0.02192
670000,A_w100_T10000_std_lr0.01_s4_A1,0.89,0,0.86,8.229,2.82296,0.348699,0.688131,0.00585859,0.00103868,0.0398572,0.02606,14.6488,0.307755,3.24934,2.54833,0.89,0.24758
670000,A_w100_T10000_std_lr0.01_s5_A1,0.68,0.00020202,0.61,17.959,5.27008,0.304126,0.620424,0.00141414,0.00391205,0.0117517,0.332894,16.1406,0.263399,3.79652,4.43205,0.68,9.03662e-05
670000,A_w100_T10000_std_lr0.01_s6_A1,0.9,0.00020202,0.88,5.15032,2.33923,0.298078,0.642515,0.00444444,0.40692,2.96564,0.137212,15.2929,0.230353,4.34117,2.78651,0.9,0.0262615
670000,A_w100_T10000_std_lr0.01_s7_A1,0.94,0,0.93,5.69363,3.82294,0.310048,0.656869,0.00444444,3.36983,19.2222,0.17531,15.5775,0.252427,3.96153,2.79277,0.94,0.253248
670000,A_w100_T10000_std_lr0.01_s8_A1,0.87,0,0.87,7.96037,3.34968,0.28757,0.609323,0.000808081,1.67411,22.7028,0.0737403,16.0837,0.239419,4.17679,3.69215,0.87,0.131561
670000,A_w100_T10000_std_lr0.01_s9_A1,0.88,0,0.82,9.44794,3.85266,0.323347,0.673768,0.00444444,0.109895,5.33868,0.0205846,15.3401,0.279416,3.57889,3.99345,0.88,0.038784
671000,A_w100_T10000_std_lr0.01_s0_A1,0.92,0.000606061,0.83,6.21071,2.59309,0.290271,0.633838,0.00363636,0.262203,8.64499,0.03033,15.1878,0.229354,4.36008,2.85988,0.92,0.175991
671000,A_w100_T10000_std_lr0.01_s1_A1,0.93,0,0.91,3.66354,1.52003,0.321893,0.667889,0.00545455,1.58227,17.0603,0.0927455,14.7262,0.293933,3.40214,1.97067,0.93,0.682273
671000,A_w100_T10000_std_lr0.01_s2_A1,0.7,0.00242424,0.56,17.9609,6.58078,0.332102,0.662556,0.00363636,0.00564585,0.101899,0.0554065,15.2997,0.28211,3.54472,3.61222,0.7,0.0013624
671000,A_w100_T10000_std_lr0.01_s3_A1,0.85,0.0010101,0.71,11.2716,2.18221,0.320662,0.668222,0.00383838,0.494269,9.21214,0.0536541,15.3878,0.276291,3.61938,2.64719,0.85,0.287239
671000,A_w100_T10000_std_lr0.01_s4_A1,0.95,0,0.94,3.93952,2.31798,0.351738,0.690758,0.00707071,1.60034,24.062,0.0665089,14.6258,0.311449,3.21079,2.02531,0.95,0.445226
671000,A_w100_T10000_std_lr0.01_s5_A1,0.75,0.00161616,0.63,14.2681,4.16694,0.30627,0.62098,0.00121212,0.104238,4.64329,0.0224493,16.1267,0.26564,3.7645,4.32336,0.75,0.0909
671000,A_w100_T10000_std_lr0.01_s6_A1,0.91,0.00181818,0.73,7.35779,2.76962,0.299561,0.648828,0.00585859,0.152438,3.61402,0.0421797,15.3087,0.237934,4.20284,2.51537,0.91,0.0337845
671000,A_w100_T10000_std_lr0.01_s7_A1,0.92,0,0.88,7.6141,3.19579,0.311826,0.663071,0.00484848,0.823596,17.827,0.0461995,15.5554,0.254474,3.92968,3.43712,0.92,0.344365
671000,A_w100_T10000_std_lr0.01_s8_A1,0.93,0,0.93,4.82482,2.29162,0.289353,0.613192,0.000808081,0.367655,25.3333,0.0145127,16.075,0.245865,4.06727,2.62198,0.93,0.539341
671000,A_w100_T10000_std_lr0.01_s9_A1,0.92,0,0.91,4.75784,2.09576,0.325098,0.677263,0.00464646,4.95703,27.824,0.178157,15.3376,0.28149,3.55253,3.19404,0.92,0.350623
672000,A_w100_T10000_std_lr0.01_s0_A1,0.92,0.000606061,0.83,6.12808,2.65247,0.290348,0.634667,0.00363636,0.524184,9.11854,0.0574855,15.1865,0.229641,4.35462,2.84208,0.92,0.171391
672000,A_w100_T10000_std_lr0.01_s1_A1,0.93,0.00020202,0.91,3.61984,1.57669,0.321524,0.667889,0.00545455,0.479242,10.8271,0.0442633,14.728,0.294767,3.39252,1.82044,0.93,0.549103
672000,A_w100_T10000_std_lr0.01_s2_A1,0.7,0.00222222,0.56,17.873,6.51697,0.332133,0.662667,0.00363636,0.000601344,0.0113186,0.0531288,15.2999,0.282252,3.54293,3.61535,0.7,0.000163428
672000,A_w100_T10000_std_lr0.01_s3_A1,0.85,0.000808081,0.71,11.3848,2.20692,0.319777,0.668131,0.00383838,0.116899,5.10777,0.0228865,15.3811,0.275683,3.62735,2.66847,0.85,0.203541
672000,A_w100_T10000_std_lr0.01_s4_A1,0.95,0,0.94,3.7512,2.27528,0.351282,0.691667,0.00727273,2.37145,24.4904,0.0968316,14.62,0.310724,3.21829,2.07545,0.95,0.385705
672000,A_w100_T10000_std_lr0.01_s5_A1,0.76,0.00121212,0.65,14.5857,4.31139,0.306083,0.62098,0.00121212,0.242116,3.83228,0.0631782,16.1259,0.26528,3.7696,4.21121,0.76,0.0679458
672000,A_w100_T10000_std_lr0.01_s6_A1,0.9,0.00161616,0.74,7.4545,2.75345,0.299489,0.648192,0.00565657,0.0494474,1.65637,0.0298528,15.3056,0.237609,4.20859,2.56849,0.9,0.0114987
672000,A_w100_T10000_std_lr0.01_s7_A1,0.92,0,0.88,7.82505,3.31459,0.31179,0.663657,0.00464646,0.621868,10.8067,0.0575447,15.5511,0.254006,3.93692,3.37421,0.92,0.289807
672000,A_w100_T10000_std_lr0.01_s8_A1,0.94,0,0.93,4.7987,2.47688,0.289026,0.614404,0.000808081,3.4056,22.7212,0.149886,16.0664,0.245502,4.07329,2.23536,0.94,0.492847
672000,A_w100_T10000_std_lr0.01_s9_A1,0.92,0,0.91,4.82801,2.0916,0.325391,0.677263,0.00464646,1.56035,19.715,0.0791455,15.3321,0.281703,3.54984,3.11808,0.92,0.283345
673000,A_w100_T10000_std_lr0.01_s0_A1,0.93,0.000606061,0.83,6.31013,2.58734,0.290517,0.634556,0.00363636,0.133943,3.95796,0.0338415,15.1815,0.229683,4.35383,2.69231,0.93,0.121881
673000,A_w100_T10000_std_lr0.01_s1_A1,0.93,0,0.92,3.94811,1.8663,0.321087,0.668303,0.00545455,0.0735018,9.95146,0.00738603,14.7285,0.294812,3.39199,1.81868,0.93,0.468195
673000,A_w100_T10000_std_lr0.01_s2_A1,0.7,0.00222222,0.56,17.859,6.49503,0.332135,0.663384,0.00363636,0.000772812,0.00444184,0.173985,15.2999,0.282277,3.54262,3.61579,0.7,5.93905e-05
673000,A_w100_T10000_std_lr0.01_s3_A1,0.84,0.000808081,0.71,11.8212,2.35443,0.319584,0.667788,0.00383838,0.0986915,3.17196,0.0311137,15.3724,0.275624,3.62813,2.82613,0.84,0.151054
673000,A_w100_T10000_std_lr0.01_s4_A1,0.95,0,0.95,3.885,2.3702,0.351097,0.691667,0.00727273,1.55693,18.8742,0.0824895,14.6143,0.310024,3.22556,2.08581,0.95,0.327035
673000,A_w100_T10000_std_lr0.01_s5_A1,0.76,0.000808081,0.65,14.9544,4.59331,0.305986,0.621677,0.00121212,0.140839,2.9548,0.0476643,16.1244,0.265082,3.77242,4.25077,0.76,0.0485718
673000,A_w100_T10000_std_lr0.01_s6_A1,0.9,0.00161616,0.74,7.51644,2.77528,0.299458,0.648828,0.00585859,0.0652457,1.17253,0.0556452,15.305,0.237492,4.21067,2.59251,0.9,0.00750118
673000,A_w100_T10000_std_lr0.01_s7_A1,0.92,0,0.88,7.85207,3.42134,0.311748,0.663657,0.00464646,0.654576,12.9272,0.0506355,15.5454,0.253643,3.94254,3.29986,0.92,0.259368
673000,A_w100_T10000_std_lr0.01_s8_A1,0.94,0,0.93,4.8475,2.6652,0.289179,0.613606,0.000808081,1.2488,20.4316,0.0611212,16.0564,0.245091,4.08012,2.25472,0.94,0.397199
673000,A_w100_T10000_std_lr0.01_s9_A1,0.92,0,0.91,4.72771,2.01821,0.325528,0.677475,0.00464646,2.60506,21.0712,0.123632,15.3277,0.281391,3.55378,3.09051,0.92,0.254087
674000,A_w100_T10000_std_lr0.01_s0_A1,0.93,0.000606061,0.83,6.29498,2.58536,0.290581,0.634556,0.00363636,0.16382,5.15122,0.0318021,15.1821,0.229671,4.35405,2.70155,0.93,0.130552
674000,A_w100_T10000_std_lr0.01_s1_A1,0.93,0,0.93,4.39807,2.15812,0.320807,0.667727,0.00545455,0.864133,14.6754,0.0588833,14.7278,0.294471,3.39592,1.8369,0.93,0.456731
674000,A_w100_T10000_std_lr0.01_s2_A1,0.7,0.00222222,0.56,17.859,6.49201,0.332135,0.663384,0.00363636,2.80999e-05,0.000445922,0.0630152,15.2998,0.282285,3.54252,3.61611,0.7,7.18435e-06
674000,A_w100_T10000_std_lr0.01_s3_A1,0.84,0.000808081,0.71,11.6621,2.36427,0.319894,0.666929,0.00383838,0.606473,3.54296,0.171177,15.3657,0.275632,3.62802,2.83122,0.84,0.129781
674000,A_w100_T10000_std_lr0.01_s4_A1,0.95,0,0.95,3.62976,2.03503,0.350725,0.691667,0.00727273,0.899242,20.2842,0.0443322,14.6117,0.309098,3.23522,2.09904,0.95,0.319317
674000,A_w100_T10000_std_lr0.01_s5_A1,0.76,0.000808081,0.65,14.6205,4.48836,0.306087,0.622353,0.00121212,0.0551046,1.37002,0.0402217,16.123,0.264888,3.77519,4.1995,0.76,0.0323992
674000,A_w100_T10000_std_lr0.01_s6_A1,0.9,0.00161616,0.74,7.64054,2.77521,0.299337,0.648192,0.00565657,0.00369644,0.202879,0.01822,15.3034,0.237241,4.21513,2.6082,0.9,0.00198737
674000,A_w100_T10000_std_lr0.01_s7_A1,0.92,0,0.88,7.75756,3.28995,0.311751,0.662818,0.00464646,3.23206,22.194,0.145628,15.5405,0.253149,3.95024,3.25923,0.92,0.218852
674000,A_w100_T10000_std_lr0.01_s8_A1,0.94,0,0.93,5.03578,2.89536,0.289265,0.614566,0.000808081,0.99274,19.6145,0.0506126,16.0521,0.244691,4.08678,2.27775,0.94,0.396448
674000,A_w100_T10000_std_lr0.01_s9_A1,0.92,0,0.91,5.05313,2.0358,0.325822,0.678707,0.00464646,0.106772,9.34899,0.0114207,15.3195,0.281374,3.55399,3.04087,0.92,0.170631
675000,A_w100_T10000_std_lr0.01_s0_A1,0.93,0.00040404,0.83,6.52328,2.62432,0.290602,0.633798,0.00363636,0.299875,4.8161,0.0622652,15.1812,0.229514,4.35704,2.71564,0.93,0.115677
675000,A_w100_T10000_std_lr0.01_s1_A1,0.93,0,0.93,4.57674,2.23289,0.320831,0.66801,0.00545455,0.740908,10.8877,0.0680501,14.7251,0.294141,3.39973,1.85648,0.93,0.334265
675000,A_w100_T10000_std_lr0.01_s2_A1,0.7,0.00222222,0.56,17.8574,6.48916,0.332133,0.663384,0.00363636,2.9832e-06,9.79621e-05,0.0304526,15.2997,0.282287,3.5425,3.61617,0.7,1.59688e-06
675000,A_w100_T10000_std_lr0.01_s3_A1,0.84,0.000808081,0.71,11.1322,2.44432,0.320161,0.666525,0.00383838,0.0941197,3.56825,0.026377,15.3585,0.275838,3.62532,2.82489,0.84,0.0817157
675000,A_w100_T10000_std_lr0.01_s4_A1,0.95,0,0.95,3.69664,1.95902,0.350752,0.691667,0.00727273,0.550208,15.8189,0.0347818,14.602,0.308245,3.24418,2.10197,0.95,0.224721
675000,A_w100_T10000_std_lr0.01_s5_A1,0.76,0.000808081,0.65,14.6269,4.56549,0.306038,0.621101,0.00121212,0.0811809,1.41928,0.0571987,16.1239,0.264709,3.77773,4.15418,0.76,0.0206313
675000,A_w100_T10000_std_lr0.01_s6_A1,0.9,0.00161616,0.74,7.64845,2.7687,0.299297,0.648192,0.00565657,0.107043,0.504002,0.212387,15.303,0.237107,4.2175,2.61294,0.9,0.00399603
675000,A_w100_T10000_std_lr0.01_s7_A1,0.91,0,0.88,7.62606,3.19705,0.311721,0.663162,0.00484848,6.02767,40.1919,0.149973,15.535,0.252725,3.95687,3.50973,0.91,0.30139
675000,A_w100_T10000_std_lr0.01_s8_A1,0.94,0,0.93,4.71175,2.71323,0.289324,0.613747,0.000808081,0.373151,22.2227,0.0167915,16.0452,0.244478,4.09035,2.32033,0.94,0.3726
675000,A_w100_T10000_std_lr0.01_s9_A1,0.92,0,0.91,5.06976,2.12965,0.325876,0.678707,0.00464646,2.52583,15.6591,0.161301,15.3172,0.280991,3.55883,2.99978,0.92,0.216605
676000,A_w100_T10000_std_lr0.01_s0_A1,0.92,0.00040404,0.83,6.56872,2.43865,0.290688,0.634556,0.00363636,0.228244,5.20799,0.0438257,15.1786,0.22954,4.35654,2.86624,0.92,0.111856
676000,A_w100_T10000_std_lr0.01_s1_A1,0.93,0,0.93,4.91277,2.54524,0.320752,0.66797,0.00545455,1.12716,12.8378,0.0878003,14.7231,0.293409,3.40821,1.87236,0.93,0.33609
676000,A_w100_T10000_std_lr0.01_s2_A1,0.7,0.00222222,0.58,17.857,6.48812,0.332132,0.663384,0.00363636,2.35486e-07,1.89548e-05,0.0124235,15.2997,0.282288,3.54248,3.61628,0.7,3.76996e-07
676000,A_w100_T10000_std_lr0.01_s3_A1,0.85,0.000808081,0.72,10.6666,2.50589,0.320412,0.666737,0.0040404,0.0880261,3.52843,0.0249476,15.3506,0.275963,3.62367,2.59936,0.85,0.0560719
676000,A_w100_T10000_std_lr0.01_s4_A1,0.95,0,0.95,3.62168,2.0053,0.350709,0.691667,0.00727273,2.50963,27.3136,0.091882,14.5994,0.307727,3.24963,2.11968,0.95,0.264862
676000,A_w100_T10000_std_lr0.01_s5_A1,0.77,0.000808081,0.65,14.7502,4.572,0.305954,0.621778,0.00121212,0.085563,0.874802,0.0978084,16.1245,0.264545,3.78007,4.02194,0.77,0.012446
676000,A_w100_T10000_std_lr0.01_s6_A1,0.9,0.00161616,0.74,7.70844,2.77508,0.299253,0.648192,0.00565657,0.0560716,0.243655,0.230127,15.3028,0.237051,4.2185,2.61747,0.9,0.00221473
676000,A_w100_T10000_std_lr0.01_s7_A1,0.92,0,0.88,8.09612,3.41233,0.311753,0.663162,0.00484848,1.07966,12.6326,0.0854656,15.5311,0.252135,3.96613,3.25477,0.92,0.120286
676000,A_w100_T10000_std_lr0.01_s8_A1,0.94,0,0.93,4.90721,2.84856,0.289253,0.614566,0.000808081,0.890119,19.6486,0.0453018,16.0448,0.244059,4.09737,2.26451,0.94,0.38519
676000,A_w100_T10000_std_lr0.01_s9_A1,0.92,0,0.91,5.31955,2.12879,0.325949,0.678707,0.00464646,1.10393,10.4904,0.105232,15.3126,0.280908,3.55988,2.95665,0.92,0.178638
677000,A_w100_T10000_std_lr0.01_s0_A1,0.92,0.00040404,0.84,6.68368,2.57466,0.290807,0.634556,0.00363636,0.133643,3.11086,0.0429601,15.1795,0.229461,4.35804,2.86402,0.92,0.100711
677000,A_w100_T10000_std_lr0.01_s1_A1,0.93,0,0.93,4.93098,2.4819,0.320663,0.66797,0.00545455,0.590526,9.49285,0.0622075,14.7186,0.293307,3.40939,1.88272,0.93,0.271219
677000,A_w100_T10000_std_lr0.01_s2_A1,0.7,0.00222222,0.56,17.8564,6.48704,0.332132,0.663384,0.00363636,2.34439e-07,6.18104e-06,0.0379288,15.2997,0.282289,3.54247,3.6163,0.7,1.15256e-07
677000,A_w100_T10000_std_lr0.01_s3_A1,0.85,0.000808081,0.73,10.1912,2.56143,0.320727,0.666737,0.0040404,0.674456,3.97222,0.169793,15.3459,0.275882,3.62474,2.79712,0.85,0.0503011
677000,A_w100_T10000_std_lr0.01_s4_A1,0.95,0,0.95,3.6726,2.01793,0.35058,0.691667,0.00727273,0.969849,11.6419,0.0833071,14.5924,0.306984,3.2575,2.14186,0.95,0.242336
677000,A_w100_T10000_std_lr0.01_s5_A1,0.77,0.000808081,0.65,14.6564,4.57973,0.305923,0.621778,0.00121212,0.0069366,0.117274,0.0591488,16.1253,0.264452,3.78141,4.01016,0.77,0.00532207
677000,A_w100_T10000_std_lr0.01_s6_A1,0.9,0.00161616,0.74,7.70517,2.76592,0.29924,0.648192,0.00565657,0.000579819,0.0461353,0.0125678,15.3026,0.236987,4.21964,2.61909,0.9,0.000416969
677000,A_w100_T10000_std_lr0.01_s7_A1,0.92,0,0.88,7.88585,3.25399,0.311913,0.664434,0.00484848,0.409814,8.80482,0.0465443,15.5228,0.251966,3.96879,3.25097,0.92,0.0853519
677000,A_w100_T10000_std_lr0.01_s8_A1,0.94,0,0.93,4.90949,2.83143,0.289286,0.61404,0.000808081,0.422395,17.6747,0.0238983,16.0409,0.243694,4.1035,2.24511,0.94,0.38536
677000,A_w100_T10000_std_lr0.01_s9_A1,0.92,0,0.91,5.24821,2.15678,0.325926,0.678707,0.00464646,6.28106,19.143,0.328113,15.3121,0.280602,3.56377,2.93783,0.92,0.258237
678000,A_w100_T10000_std_lr0.01_s0_A1,0.92,0.00040404,0.84,6.64423,2.50632,0.290867,0.634556,0.00363636,0.0623199,2.98478,0.0208792,15.1791,0.229207,4.36287,2.86615,0.92,0.0896511
678000,A_w100_T10000_std_lr0.01_s1_A1,0.93,0,0.93,5.11513,2.61537,0.320759,0.668546,0.00545455,0.174327,8.49822,0.0205134,14.7138,0.293099,3.41181,1.89412,0.93,0.228776
678000,A_w100_T10000_std_lr0.01_s2_A1,0.7,0.00222222,0.56,17.856,6.48637,0.332132,0.663384,0.00363636,9.67186e-09,1.5387e-06,0.00628574,15.2997,0.28229,3.54246,3.61631,0.7,2.71684e-08
678000,A_w100_T10000_std_lr0.01_s3_A1,0.83,0.000808081,0.73,10.1067,2.67865,0.320814,0.66604,0.0040404,0.404071,2.98926,0.135174,15.3413,0.27542,3.63082,2.635,0.83,0.0292924
678000,A_w100_T10000_std_lr0.01_s4_A1,0.95,0,0.95,3.7174,2.03011,0.350507,0.691667,0.00727273,12.4694,45.7781,0.272387,14.5903,0.306546,3.26215,2.13036,0.95,0.413364
678000,A_w100_T10000_std_lr0.01_s5_A1,0.76,0.000808081,0.65,14.6039,4.57119,0.305866,0.621222,0.00121212,0.0192048,0.173004,0.111007,16.1256,0.264341,3.78299,4.11402,0.76,0.00431378
678000,A_w100_T10000_std_lr0.01_s6_A1,0.9,0.00161616,0.74,7.71633,2.76665,0.299235,0.648192,0.00565657,0.00200014,0.0635868,0.0314553,15.3022,0.236964,4.22005,2.62037,0.9,0.000395982
678000,A_w100_T10000_std_lr0.01_s7_A1,0.89,0,0.88,7.88635,3.19991,0.311756,0.66295,0.00484848,0.252218,6.87741,0.0366735,15.5197,0.251394,3.97781,3.59597,0.89,0.0658123
678000,A_w100_T10000_std_lr0.01_s8_A1,0.94,0,0.93,4.8781,2.95304,0.289369,0.61396,0.000808081,0.879084,18.5615,0.0473606,16.0366,0.243355,4.10922,2.23461,0.94,0.360786
678000,A_w100_T10000_std_lr0.01_s9_A1,0.92,0,0.91,5.63622,2.25856,0.325847,0.678707,0.00464646,13.006,26.0394,0.499474,15.3092,0.280555,3.56437,2.96678,0.92,0.52718
679000,A_w100_T10000_std_lr0.01_s0_A1,0.92,0.00040404,0.84,6.66975,2.46957,0.290964,0.634556,0.00363636,0.252522,3.01567,0.0837367,15.1774,0.229178,4.36343,2.8569,0.92,0.103152
679000,A_w100_T10000_std_lr0.01_s1_A1,0.93,0,0.93,5.20962,2.84913,0.320596,0.668546,0.00545455,0.274918,10.6531,0.0258064,14.7097,0.292468,3.41918,1.91049,0.93,0.204327
679000,A_w100_T10000_std_lr0.01_s2_A1,0.7,0.00222222,0.57,17.8558,6.48605,0.332132,0.663384,0.00363636,4.34166e-08,6.05234e-07,0.0717352,15.2997,0.28229,3.54245,3.61632,0.7,8.90502e-09
679000,A_w100_T10000_std_lr0.01_s3_A1,0.86,0.000606061,0.74,9.91932,2.6955,0.321004,0.66604,0.0040404,0.782392,4.79196,0.163272,15.3359,0.275345,3.63181,2.54275,0.86,0.0310889
679000,A_w100_T10000_std_lr0.01_s4_A1,0.95,0,0.95,3.53354,1.79022,0.350443,0.691667,0.00727273,1.34582,15.3593,0.0876226,14.5879,0.305919,3.26884,2.11615,0.95,0.225821
679000,A_w100_T10000_std_lr0.01_s5_A1,0.77,0.000808081,0.65,14.5582,4.59715,0.305851,0.620545,0.00121212,0.00378202,0.0434645,0.087014,16.1258,0.264313,3.78339,3.9987,0.77,0.00229202
679000,A_w100_T10000_std_lr0.01_s6_A1,0.9,0.00161616,0.74,7.73364,2.76958,0.299204,0.648192,0.00565657,0.00284623,0.0478255,0.0595128,15.3026,0.236931,4.22064,2.62101,0.9,0.000306932
679000,A_w100_T10000_std_lr0.01_s7_A1,0.92,0,0.88,7.8734,3.11118,0.311891,0.664222,0.00484848,0.308121,5.73692,0.0537084,15.514,0.251297,3.97936,3.1733,0.92,0.0586219
679000,A_w100_T10000_std_lr0.01_s8_A1,0.94,0,0.93,5.07754,3.28155,0.289233,0.61396,0.000808081,2.47695,25.4972,0.0971459,16.0386,0.24305,4.11438,2.24162,0.94,0.428804
679000,A_w100_T10000_std_lr0.01_s9_A1,0.92,0,0.91,5.69194,2.27022,0.325942,0.678707,0.00464646,0.0659187,6.09796,0.01081,15.306,0.280613,3.56363,2.95238,0.92,0.135433
680000,A_w100_T10000_std_lr0.01_s0_A1,0.92,0.00040404,0.84,6.56274,2.52987,0.290971,0.634556,0.00363636,0.0308134,2.60652,0.0118216,15.1769,0.229258,4.3619,2.85711,0.92,0.0836085
680000,A_w100_T10000_std_lr0.01_s1_A1,0.93,0,0.93,5.17925,2.8735,0.32044,0.668546,0.00545455,0.474961,12.0547,0.0394004,14.706,0.292075,3.42378,1.91961,0.93,0.204801
680000,A_w100_T10000_std_lr0.01_s2_A1,0.7,0.00222222,0.57,17.8557,6.48595,0.332132,0.663384,0.00363636,4.15909e-09,1.22522e-07,0.0339457,15.2997,0.28229,3.54245,3.61633,0.7,2.27811e-09
680000,A_w100_T10000_std_lr0.01_s3_A1,0.85,0.000606061,0.75,10.2043,2.73014,0.320938,0.66604,0.0040404,0.185619,1.18373,0.156809,15.3343,0.275035,3.6359,2.39425,0.85,0.0132062
680000,A_w100_T10000_std_lr0.01_s4_A1,0.95,0,0.95,3.54838,1.76241,0.350392,0.691667,0.00727273,0.12897,12.5794,0.0102524,14.5873,0.305692,3.27127,2.15528,0.95,0.203213
680000,A_w100_T10000_std_lr0.01_s5_A1,0.78,0.000808081,0.65,14.4846,4.61156,0.305841,0.621939,0.00121212,0.00350112,0.071859,0.048722,16.1257,0.264324,3.78323,3.9427,0.78,0.00128979
680000,A_w100_T10000_std_lr0.01_s6_A1,0.9,0.00161616,0.74,7.72412,2.7659,0.299207,0.648192,0.00565657,0.000421115,0.0125136,0.0336526,15.3024,0.236929,4.22068,2.6214,0.9,0.000117445
680000,A_w100_T10000_std_lr0.01_s7_A1,0.91,0,0.88,7.94636,3.04585,0.311765,0.663838,0.00525253,1.0411,11.866,0.0877377,15.5087,0.250855,3.98637,3.1237,0.91,0.0788791
680000,A_w100_T10000_std_lr0.01_s8_A1,0.94,0,0.93,5.10965,3.20733,0.289365,0.613455,0.000808081,0.793675,21.7252,0.0365324,16.0318,0.242754,4.11939,2.20833,0.94,0.405249
680000,A_w100_T10000_std_lr0.01_s9_A1,0.91,0,0.91,5.61134,2.21042,0.325941,0.678707,0.00464646,0.454114,8.49005,0.0534878,15.3061,0.280457,3.56561,3.19399,0.91,0.139316
681000,A_w100_T10000_std_lr0.01_s0_A1,0.94,0,0.9,5.59096,2.3943,0.290786,0.634556,0.00363636,1.23972,12.1933,0.101673,15.1878,0.228054,4.38493,3.15289,0.94,0.598875
681000,A_w100_T10000_std_lr0.01_s1_A1,0.92,0.00020202,0.86,7.94045,3.98723,0.320239,0.671404,0.00565657,10.7365,35.4813,0.302595,14.6951,0.29195,3.42524,2.08273,0.92,0.440749
681000,A_w100_T10000_std_lr0.01_s2_A1,0.83,0.00121212,0.64,15.6649,5.57354,0.331617,0.663202,0.00383838,0.0212912,1.40619,0.0151411,15.2937,0.281552,3.55174,2.93298,0.83,0.0387638
681000,A_w100_T10000_std_lr0.01_s3_A1,0.8,0.000606061,0.68,13.7208,2.8148,0.32188,0.671101,0.0040404,0.0957228,4.20885,0.0227432,15.3199,0.279185,3.58185,2.88549,0.8,0.0737418
681000,A_w100_T10000_std_lr0.01_s4_A1,0.88,0.00242424,0.8,6.98486,2.33876,0.351844,0.691263,0.00808081,5.68481,32.183,0.17664,14.5899,0.309125,3.23494,2.46892,0.88,0.359281
681000,A_w100_T10000_std_lr0.01_s5_A1,0.66,0.0020202,0.52,17.8327,6.98393,0.309734,0.629495,0.00323232,0.0758841,1.8491,0.0410384,16.0904,0.268802,3.72021,4.33314,0.66,0.0190617
681000,A_w100_T10000_std_lr0.01_s6_A1,0.84,0.0010101,0.73,8.94625,3.27245,0.301989,0.651242,0.00666667,0.133211,1.75774,0.0757857,15.3039,0.243541,4.10608,2.79157,0.84,0.0165997
681000,A_w100_T10000_std_lr0.01_s7_A1,0.94,0,0.92,5.3069,2.87723,0.313853,0.664263,0.00505051,0.114572,15.6372,0.00732687,15.5057,0.256243,3.90255,2.21496,0.94,0.316099
681000,A_w100_T10000_std_lr0.01_s8_A1,0.94,0,0.92,4.13463,2.50663,0.289049,0.61595,0.000808081,10.296,31.4669,0.3272,16.0199,0.241509,4.14062,2.44053,0.94,0.897867
681000,A_w100_T10000_std_lr0.01_s9_A1,0.87,0.00040404,0.84,8.30299,3.92174,0.327347,0.676566,0.00505051,1.74205,39.6017,0.0439894,15.2851,0.283377,3.52887,2.88708,0.87,0.330794
682000,A_w100_T10000_std_lr0.01_s0_A1,0.94,0,0.91,5.84758,3.06325,0.290831,0.633798,0.00363636,0.0811353,4.1455,0.0195719,15.1933,0.226963,4.40601,2.9647,0.94,0.292217
682000,A_w100_T10000_std_lr0.01_s1_A1,0.92,0,0.88,8.25936,4.37029,0.320717,0.672364,0.00626263,1.00307,10.9227,0.0918334,14.6826,0.291855,3.42636,2.61577,0.92,0.177343
682000,A_w100_T10000_std_lr0.01_s2_A1,0.82,0.00121212,0.67,15.4698,5.27306,0.331521,0.662818,0.00383838,0.348543,1.51649,0.229835,15.2923,0.281457,3.55294,2.88267,0.82,0.0259301
682000,A_w100_T10000_std_lr0.01_s3_A1,0.8,0.000606061,0.68,13.8002,2.94974,0.321552,0.671899,0.0040404,0.0356334,1.57758,0.0225874,15.3171,0.279058,3.58348,2.78533,0.8,0.0329176
682000,A_w100_T10000_std_lr0.01_s4_A1,0.88,0.00141414,0.82,6.96869,2.30914,0.351657,0.692,0.00808081,0.3134,13.2874,0.0235863,14.5835,0.308801,3.23834,2.51403,0.88,0.155482
682000,A_w100_T10000_std_lr0.01_s5_A1,0.69,0.0020202,0.53,17.8393,6.98875,0.309884,0.628586,0.00323232,0.242989,1.78972,0.135769,16.0869,0.268768,3.72068,4.51763,0.69,0.0161199
682000,A_w100_T10000_std_lr0.01_s6_A1,0.84,0.0010101,0.74,8.82325,3.27425,0.302014,0.651455,0.00666667,0.492248,2.46612,0.199604,15.3057,0.24347,4.10728,2.78627,0.84,0.0208738
682000,A_w100_T10000_std_lr0.01_s7_A1,0.95,0,0.92,5.30494,3.09953,0.314032,0.664414,0.00505051,0.279536,9.23739,0.0302613,15.4992,0.256389,3.90033,1.99775,0.95,0.189379
682000,A_w100_T10000_std_lr0.01_s8_A1,0.94,0,0.92,4.32941,2.55611,0.289113,0.616313,0.000808081,0.859,14.8822,0.0577199,16.0112,0.240354,4.16053,2.44537,0.94,0.450352
682000,A_w100_T10000_std_lr0.01_s9_A1,0.86,0.00020202,0.84,8.44877,4.06533,0.327223,0.676566,0.00525253,1.37431,24.9874,0.0550001,15.277,0.282668,3.53772,3.18689,0.86,0.253014
683000,A_w100_T10000_std_lr0.01_s0_A1,0.93,0,0.91,5.92096,3.10325,0.290796,0.633798,0.00363636,0.135307,4.64445,0.0291331,15.1922,0.227105,4.40326,2.94786,0.93,0.278479
683000,A_w100_T10000_std_lr0.01_s1_A1,0.93,0,0.88,7.95545,3.97634,0.320895,0.672879,0.00646465,2.23895,9.52714,0.235008,14.6755,0.291715,3.42801,2.37681,0.93,0.147073
683000,A_w100_T10000_std_lr0.01_s2_A1,0.82,0.00161616,0.67,15.2463,5.07979,0.331452,0.662818,0.00383838,0.0172702,0.572575,0.0301624,15.2921,0.281413,3.55349,3.08185,0.82,0.00982344
683000,A_w100_T10000_std_lr0.01_s3_A1,0.78,0.00040404,0.68,13.9503,3.03352,0.321182,0.671182,0.0040404,0.617985,2.53371,0.243905,15.3145,0.278673,3.58843,2.98364,0.78,0.0235055
683000,A_w100_T10000_std_lr0.01_s4_A1,0.88,0.0010101,0.82,6.94757,2.20777,0.351633,0.690394,0.00808081,0.149344,10.3906,0.0143731,14.5803,0.308377,3.24279,2.54872,0.88,0.127233
683000,A_w100_T10000_std_lr0.01_s5_A1,0.69,0.00242424,0.53,17.7519,6.91915,0.309844,0.628515,0.00323232,0.00561908,0.47629,0.0117976,16.0852,0.268478,3.7247,4.59427,0.69,0.00527695
683000,A_w100_T10000_std_lr0.01_s6_A1,0.84,0.0010101,0.74,8.77166,3.27768,0.302063,0.651,0.00666667,0.0742725,0.48606,0.152805,15.3047,0.243494,4.10688,2.77973,0.84,0.00371559
683000,A_w100_T10000_std_lr0.01_s7_A1,0.94,0,0.92,5.46025,3.02585,0.314282,0.665273,0.00505051,0.0317671,7.15435,0.00444025,15.4939,0.255983,3.90651,2.4273,0.94,0.12991
683000,A_w100_T10000_std_lr0.01_s8_A1,0.95,0,0.92,4.79987,2.70488,0.288956,0.616313,0.000808081,0.683142,12.0352,0.0567621,16.0065,0.239397,4.17717,2.43051,0.95,0.355647
683000,A_w100_T10000_std_lr0.01_s9_A1,0.89,0.00040404,0.85,8.20244,4.05923,0.327552,0.677242,0.00505051,3.3627,19.9966,0.168164,15.2672,0.283168,3.53148,3.25755,0.89,0.252044
684000,A_w100_T10000_std_lr0.01_s0_A1,0.93,0,0.91,5.85584,2.99666,0.290751,0.634313,0.00363636,0.258617,6.6741,0.0387493,15.1931,0.226833,4.40853,2.8866,0.93,0.255195
684000,A_w100_T10000_std_lr0.01_s1_A1,0.92,0,0.88,7.77829,3.82391,0.32087,0.672879,0.00646465,0.407687,6.41458,0.0635564,14.6723,0.29136,3.43217,2.68192,0.92,0.0969226
684000,A_w100_T10000_std_lr0.01_s2_A1,0.82,0.00161616,0.68,15.2538,5.05047,0.331422,0.662818,0.00383838,0.0169713,0.322743,0.0525844,15.2908,0.281342,3.55439,3.08068,0.82,0.00618746
684000,A_w100_T10000_std_lr0.01_s3_A1,0.79,0.00040404,0.68,13.9749,3.08616,0.321149,0.671182,0.0040404,0.00549251,0.156291,0.0351428,15.314,0.278601,3.58936,2.88319,0.79,0.0073656
684000,A_w100_T10000_std_lr0.01_s4_A1,0.89,0.00121212,0.83,6.34551,2.0837,0.351631,0.691929,0.00868687,1.76558,18.9357,0.0932404,14.5802,0.308465,3.24186,2.30275,0.89,0.184216
684000,A_w100_T10000_std_lr0.01_s5_A1,0.69,0.00242424,0.53,17.6533,6.86992,0.309727,0.628515,0.00323232,0.166933,1.03324,0.161562,16.0854,0.268182,3.72881,4.52223,0.69,0.00880407
684000,A_w100_T10000_std_lr0.01_s6_A1,0.83,0.0010101,0.74,8.75471,3.27845,0.302056,0.651,0.00666667,0.0299136,0.188174,0.158968,15.3048,0.243469,4.1073,2.8927,0.83,0.00160714
684000,A_w100_T10000_std_lr0.01_s7_A1,0.94,0,0.92,5.34885,3.02286,0.314014,0.664394,0.00505051,0.0775532,4.28255,0.0181091,15.4956,0.255633,3.91186,2.48383,0.94,0.0976587
684000,A_w100_T10000_std_lr0.01_s8_A1,0.94,0,0.92,4.99795,2.5129,0.288806,0.616869,0.000808081,3.74672,14.3113,0.261802,16.003,0.238576,4.19154,2.34865,0.94,0.458221
684000,A_w100_T10000_std_lr0.01_s9_A1,0.87,0.00040404,0.85,8.49068,4.13531,0.327143,0.677242,0.00505051,3.18383,14.5921,0.218189,15.2621,0.282757,3.53661,2.93385,0.87,0.215706
685000,A_w100_T10000_std_lr0.01_s0_A1,0.94,0,0.91,5.89334,3.12574,0.29076,0.634313,0.00363636,0.140336,5.54674,0.0253007,15.1903,0.227173,4.40194,2.86327,0.94,0.242655
685000,A_w100_T10000_std_lr0.01_s1_A1,0.92,0,0.88,7.85887,3.70406,0.320999,0.672879,0.00646465,0.0939979,3.86345,0.02433,14.6715,0.291052,3.43581,2.69475,0.92,0.0794943
685000,A_w100_T10000_std_lr0.01_s2_A1,0.83,0.00161616,0.68,15.1844,5.0015,0.331274,0.663333,0.00383838,0.0396825,0.303887,0.130583,15.2916,0.281155,3.55675,2.92686,0.83,0.00421714
685000,A_w100_T10000_std_lr0.01_s3_A1,0.77,0.000606061,0.68,14.0474,3.13235,0.32103,0.671182,0.0040404,0.0919147,0.398898,0.230422,15.3137,0.278476,3.59097,3.11058,0.77,0.00586445
685000,A_w100_T10000_std_lr0.01_s4_A1,0.88,0.0010101,0.83,6.9706,2.20765,0.351181,0.690222,0.00808081,0.1174,9.39603,0.0124946,14.5783,0.307301,3.25414,2.61516,0.88,0.103925
685000,A_w100_T10000_std_lr0.01_s5_A1,0.71,0.00242424,0.54,17.6792,6.88808,0.309828,0.628515,0.00323232,0.0191551,0.476599,0.0401912,16.0842,0.268237,3.72805,4.52399,0.71,0.00402998
685000,A_w100_T10000_std_lr0.01_s6_A1,0.83,0.0010101,0.74,8.75569,3.27324,0.30205,0.651,0.00666667,0.00276574,0.117805,0.0234773,15.3048,0.243419,4.10815,2.88992,0.83,0.000829103
685000,A_w100_T10000_std_lr0.01_s7_A1,0.94,0,0.92,5.33271,3.06723,0.313951,0.665364,0.00505051,0.194131,4.55451,0.0426239,15.4965,0.25536,3.91603,2.52007,0.94,0.0957287
685000,A_w100_T10000_std_lr0.01_s8_A1,0.95,0,0.92,4.87913,2.54963,0.288868,0.616869,0.000808081,0.516469,7.98717,0.0646623,16.0021,0.238617,4.19082,2.43259,0.95,0.315899
685000,A_w100_T10000_std_lr0.01_s9_A1,0.86,0.00040404,0.85,8.6944,4.17586,0.326972,0.677242,0.00505051,0.878934,10.1917,0.0862401,15.258,0.282218,3.54337,3.17972,0.86,0.126448
686000,A_w100_T10000_std_lr0.01_s0_A1,0.94,0,0.91,5.82851,2.97891,0.290745,0.63404,0.00363636,0.0498207,4.06118,0.0122675,15.1912,0.226833,4.40854,2.84356,0.94,0.232318
686000,A_w100_T10000_std_lr0.01_s1_A1,0.92,0,0.88,7.71924,3.63411,0.320973,0.673556,0.00666667,0.202847,3.9037,0.0519628,14.6712,0.290879,3.43785,2.70553,0.92,0.08538
686000,A_w100_T10000_std_lr0.01_s2_A1,0.82,0.00161616,0.68,15.2664,5.02501,0.331243,0.663333,0.00383838,0.00245209,0.139552,0.0175712,15.291,0.281107,3.55736,3.08475,0.82,0.0018485
686000,A_w100_T10000_std_lr0.01_s3_A1,0.79,0.000606061,0.68,14.1186,3.1515,0.321015,0.671182,0.0040404,0.00514823,0.101456,0.0507436,15.3135,0.278444,3.59138,2.88723,0.79,0.00256055
686000,A_w100_T10000_std_lr0.01_s4_A1,0.87,0.000808081,0.83,7.29315,2.35937,0.350388,0.689727,0.00808081,0.90491,16.2499,0.0556871,14.5831,0.305555,3.27274,2.66595,0.87,0.1357
686000,A_w100_T10000_std_lr0.01_s5_A1,0.72,0.00242424,0.54,17.625,6.84503,0.309753,0.628515,0.00323232,0.138195,0.645953,0.21394,16.0844,0.268019,3.73108,4.53783,0.72,0.00478171
686000,A_w100_T10000_std_lr0.01_s6_A1,0.83,0.0010101,0.74,8.75734,3.27522,0.302038,0.651,0.00666667,0.00648008,0.122053,0.0530924,15.3045,0.243394,4.10857,2.8868,0.83,0.000738372
686000,A_w100_T10000_std_lr0.01_s7_A1,0.94,0,0.92,5.49324,3.24762,0.313732,0.665364,0.00505051,0.25807,4.21506,0.0612258,15.4965,0.255241,3.91786,2.55039,0.94,0.0814484
686000,A_w100_T10000_std_lr0.01_s8_A1,0.93,0,0.92,4.87599,2.15382,0.288479,0.616899,0.000808081,1.92201,14.0663,0.136639,15.9997,0.237431,4.21175,2.9104,0.93,0.341755
686000,A_w100_T10000_std_lr0.01_s9_A1,0.85,0.00040404,0.85,8.69212,4.23583,0.326737,0.677192,0.00484848,1.67319,17.174,0.0974257,15.2547,0.281805,3.54855,3.10181,0.85,0.172257
687000,A_w100_T10000_std_lr0.01_s0_A1,0.93,0,0.91,5.85821,2.95452,0.29068,0.634313,0.00363636,0.0296503,3.87433,0.00765299,15.1898,0.227032,4.40466,2.88048,0.93,0.219763
687000,A_w100_T10000_std_lr0.01_s1_A1,0.92,0,0.88,7.68366,3.43564,0.32111,0.673556,0.00666667,0.255549,3.5989,0.0710074,14.6703,0.290772,3.43912,2.71984,0.92,0.0726621
687000,A_w100_T10000_std_lr0.01_s2_A1,0.81,0.00161616,0.68,15.3008,5.01114,0.331218,0.663333,0.00383838,0.0014396,0.067576,0.0213034,15.2907,0.281048,3.55811,3.18026,0.81,0.00101586
687000,A_w100_T10000_std_lr0.01_s3_A1,0.79,0.000606061,0.68,14.1573,3.16254,0.320991,0.671182,0.0040404,0.00747785,0.114858,0.065105,15.3137,0.278424,3.59165,2.88832,0.79,0.00179267
687000,A_w100_T10000_std_lr0.01_s4_A1,0.87,0.000606061,0.83,7.85692,2.48461,0.350099,0.690515,0.00808081,0.179872,5.25042,0.0342585,14.583,0.304665,3.2823,2.69442,0.87,0.0618503
687000,A_w100_T10000_std_lr0.01_s5_A1,0.7,0.00242424,0.54,17.6311,6.82283,0.309757,0.627838,0.00323232,0.00461854,0.207047,0.0223068,16.0843,0.267951,3.73202,4.56678,0.7,0.00173179
687000,A_w100_T10000_std_lr0.01_s6_A1,0.83,0.0010101,0.74,8.74412,3.26993,0.302037,0.651,0.00666667,0.0143417,0.175615,0.0816657,15.3044,0.24339,4.10863,2.88576,0.83,0.000903019
687000,A_w100_T10000_std_lr0.01_s7_A1,0.94,0,0.92,5.57443,3.3547,0.313572,0.665596,0.00505051,0.110947,3.32471,0.0333705,15.498,0.254975,3.92195,2.59851,0.94,0.065059
687000,A_w100_T10000_std_lr0.01_s8_A1,0.94,0,0.92,4.85103,2.29932,0.288374,0.617717,0.000808081,0.151345,8.7286,0.017339,15.9977,0.237301,4.21406,2.93767,0.94,0.262335
687000,A_w100_T10000_std_lr0.01_s9_A1,0.88,0.00040404,0.85,8.61157,4.1601,0.327004,0.676414,0.00484848,2.6428,24.2094,0.109164,15.2491,0.28202,3.54585,2.93865,0.88,0.214683
688000,A_w100_T10000_std_lr0.01_s0_A1,0.92,0,0.91,5.88247,3.04488,0.290681,0.634313,0.00363636,0.103227,5.18002,0.019928,15.1879,0.227042,4.40447,3.24213,0.92,0.210272
688000,A_w100_T10000_std_lr0.01_s1_A1,0.92,0,0.88,7.89595,3.32035,0.321357,0.673556,0.00666667,0.286045,3.41328,0.0838035,14.667,0.290803,3.43876,2.72375,0.92,0.0650548
688000,A_w100_T10000_std_lr0.01_s2_A1,0.82,0.00161616,0.68,15.3429,5.01844,0.331193,0.663333,0.00383838,0.00181376,0.0329677,0.0550162,15.2904,0.281004,3.55867,3.08775,0.82,0.00061588
688000,A_w100_T10000_std_lr0.01_s3_A1,0.79,0.000606061,0.68,14.202,3.18035,0.320961,0.671182,0.0040404,0.00338255,0.0498822,0.0678109,15.3137,0.278419,3.5917,2.88857,0.79,0.000973044
688000,A_w100_T10000_std_lr0.01_s4_A1,0.87,0.000606061,0.83,8.10058,2.61012,0.34972,0.690343,0.00808081,0.410184,4.40145,0.093193,14.5852,0.30398,3.28969,2.72372,0.87,0.0609231
688000,A_w100_T10000_std_lr0.01_s5_A1,0.71,0.00242424,0.54,17.5869,6.77388,0.309711,0.627263,0.00323232,0.00839628,0.151209,0.0555278,16.0841,0.267764,3.73463,4.65382,0.71,0.00119413
688000,A_w100_T10000_std_lr0.01_s6_A1,0.83,0.0010101,0.74,8.77126,3.26953,0.302012,0.651,0.00666667,0.0126885,0.0527213,0.240672,15.3046,0.243339,4.1095,2.88402,0.83,0.000399554
688000,A_w100_T10000_std_lr0.01_s7_A1,0.94,0,0.92,5.52861,3.39699,0.313378,0.664182,0.00505051,0.580027,4.63672,0.125094,15.4989,0.254831,3.92417,2.61467,0.94,0.0762756
688000,A_w100_T10000_std_lr0.01_s8_A1,0.94,0,0.92,4.95511,2.174,0.28829,0.617717,0.000808081,1.14281,8.13445,0.140491,15.9938,0.236907,4.22106,2.86149,0.94,0.272365
688000,A_w100_T10000_std_lr0.01_s9_A1,0.88,0.00040404,0.85,8.62625,4.1526,0.327116,0.676869,0.00525253,4.06394,27.6123,0.147179,15.2413,0.281886,3.54753,2.92799,0.88,0.246815
689000,A_w100_T10000_std_lr0.01_s0_A1,0.93,0,0.91,5.81114,3.11598,0.290605,0.634313,0.00363636,0.726806,7.89529,0.0920557,15.1857,0.227241,4.40062,3.01152,0.93,0.199242
689000,A_w100_T10000_std_lr0.01_s1_A1,0.92,0,0.88,7.86855,3.29347,0.321262,0.673556,0.00666667,0.24477,4.42861,0.05527,14.6671,0.290378,3.44379,2.73474,0.92,0.0661384
689000,A_w100_T10000_std_lr0.01_s2_A1,0.82,0.00161616,0.68,15.361,5.01991,0.331153,0.663333,0.00383838,0.000586314,0.0268441,0.0218414,15.2905,0.280922,3.5597,3.08888,0.82,0.000381106
689000,A_w100_T10000_std_lr0.01_s3_A1,0.79,0.000606061,0.68,14.2305,3.19071,0.320935,0.671182,0.0040404,0.00140813,0.0248477,0.0566703,15.3136,0.278394,3.59203,2.8898,0.79,0.000456027
689000,A_w100_T10000_std_lr0.01_s4_A1,0.87,0.000606061,0.83,8.24649,2.65929,0.349493,0.690343,0.00808081,0.401689,5.02042,0.0800111,14.5863,0.303318,3.29687,2.72826,0.87,0.0438773
689000,A_w100_T10000_std_lr0.01_s5_A1,0.71,0.00242424,0.54,17.5355,6.73437,0.309724,0.627263,0.00323232,0.0202878,0.124552,0.162887,16.084,0.267715,3.73532,4.65873,0.71,0.000995265
689000,A_w100_T10000_std_lr0.01_s6_A1,0.83,0.0010101,0.74,8.7453,3.26467,0.302008,0.651,0.00666667,0.00804761,0.0587556,0.136968,15.3049,0.24335,4.10931,2.8835,0.83,0.000395967
689000,A_w100_T10000_std_lr0.01_s7_A1,0.94,0,0.92,5.61047,3.43677,0.313299,0.663949,0.00505051,0.333839,3.78544,0.0881903,15.4991,0.25456,3.92835,2.62435,0.94,0.0641232
689000,A_w100_T10000_std_lr0.01_s8_A1,0.94,0,0.92,4.85943,2.20454,0.288216,0.617717,0.000808081,1.08454,15.3069,0.070853,15.9934,0.236508,4.22819,2.81615,0.94,0.261814
689000,A_w100_T10000_std_lr0.01_s9_A1,0.86,0.00040404,0.85,8.77955,4.08311,0.326583,0.676414,0.00484848,3.09075,23.7576,0.130095,15.2446,0.281063,3.55792,3.07947,0.86,0.222145
690000,A_w100_T10000_std_lr0.01_s0_A1,0.94,0,0.92,5.61342,3.18725,0.29062,0.634313,0.00363636,0.280173,7.28636,0.0384517,15.1834,0.227457,4.39644,3.12112,0.94,0.170184
690000,A_w100_T10000_std_lr0.01_s1_A1,0.92,0,0.88,8.16561,3.2108,0.321405,0.673556,0.00666667,1.49131,6.56687,0.227096,14.6647,0.290302,3.44469,2.73839,0.92,0.0791845
690000,A_w100_T10000_std_lr0.01_s2_A1,0.82,0.00161616,0.68,15.3547,5.01346,0.331137,0.662556,0.00383838,0.00146186,0.0144955,0.100849,15.2904,0.280905,3.55992,3.09014,0.82,0.000219625
690000,A_w100_T10000_std_lr0.01_s3_A1,0.79,0.000606061,0.68,14.25,3.1979,0.32093,0.671899,0.0040404,0.000285413,0.00765064,0.0373058,15.3135,0.278415,3.59176,2.89011,0.79,0.000242708
690000,A_w100_T10000_std_lr0.01_s4_A1,0.87,0.000606061,0.83,8.18245,2.63012,0.349416,0.689424,0.00808081,0.552598,4.94313,0.111791,14.5847,0.303046,3.29983,2.72365,0.87,0.0367484
690000,A_w100_T10000_std_lr0.01_s5_A1,0.71,0.00181818,0.54,17.4982,6.70267,0.309699,0.627263,0.00323232,0.031086,0.130919,0.237445,16.0841,0.267638,3.73639,4.66266,0.71,0.000960592
690000,A_w100_T10000_std_lr0.01_s6_A1,0.83,0.0010101,0.74,8.76137,3.26448,0.302,0.650566,0.00666667,0.00308316,0.0228701,0.134812,15.3048,0.243318,4.10984,2.88216,0.83,0.000131114
690000,A_w100_T10000_std_lr0.01_s7_A1,0.94,0,0.92,5.53815,3.38619,0.313256,0.663949,0.00505051,0.603402,4.14882,0.145439,15.4985,0.254517,3.92901,2.64541,0.94,0.0707413
690000,A_w100_T10000_std_lr0.01_s8_A1,0.94,0,0.92,5.01127,2.24476,0.288222,0.618051,0.000808081,2.21904,14.3431,0.154711,15.9884,0.23617,4.23423,2.79153,0.94,0.275097
690000,A_w100_T10000_std_lr0.01_s9_A1,0.88,0.00040404,0.85,8.60086,4.09545,0.326857,0.676414,0.00484848,2.73047,16.3805,0.16669,15.2398,0.281504,3.55234,2.92046,0.88,0.197627
691000,A_w100_T10000_std_lr0.01_s0_A1,0.94,0,0.94,5.07515,3.51457,0.292671,0.635626,0.0040404,4.62988,25.0987,0.184467,15.1488,0.230877,4.33131,2.94817,0.94,0.61147
691000,A_w100_T10000_std_lr0.01_s1_A1,0.9,0.000808081,0.75,10.2011,3.6073,0.325102,0.680162,0.00727273,1.58523,13.1679,0.120386,14.6616,0.299092,3.34346,2.18943,0.9,0.225976
691000,A_w100_T10000_std_lr0.01_s2_A1,0.84,0.0010101,0.75,12.3725,3.91326,0.331765,0.662636,0.00343434,0.526654,5.89335,0.089364,15.3052,0.284101,3.51988,2.64764,0.84,0.0829051
691000,A_w100_T10000_std_lr0.01_s3_A1,0.91,0,0.87,7.72396,2.63646,0.325398,0.676747,0.00444444,1.21145,15.8923,0.0762286,15.2922,0.283958,3.52165,2.00422,0.91,0.466032
691000,A_w100_T10000_std_lr0.01_s4_A1,0.92,0.000808081,0.86,5.20941,1.91321,0.355248,0.694697,0.010101,9.37226,47.8525,0.195857,14.54,0.3157,3.16756,2.22898,0.92,0.714311
691000,A_w100_T10000_std_lr0.01_s5_A1,0.87,0.0010101,0.75,12.8109,4.94887,0.310819,0.630475,0.00323232,0.354938,8.77717,0.0404388,16.0935,0.270979,3.69032,3.29651,0.87,0.114359
691000,A_w100_T10000_std_lr0.01_s6_A1,0.91,0.00020202,0.87,6.08335,2.44222,0.303037,0.653576,0.00727273,0.108907,6.78918,0.0160413,15.3001,0.244622,4.08794,2.13011,0.91,0.15218
691000,A_w100_T10000_std_lr0.01_s7_A1,0.96,0,0.94,4.48498,2.60353,0.314758,0.664111,0.00505051,0.848794,23.0532,0.036819,15.4915,0.257632,3.88151,1.79011,0.96,0.463424
691000,A_w100_T10000_std_lr0.01_s8_A1,0.91,0,0.88,7.36166,3.29346,0.289359,0.619828,0.000808081,0.237642,9.41636,0.0252372,15.979,0.239998,4.16671,3.24469,0.91,0.314248
691000,A_w100_T10000_std_lr0.01_s9_A1,0.92,0,0.9,6.34221,2.58417,0.327676,0.676152,0.00464646,0.689297,16.4035,0.0420213,15.2453,0.281955,3.54666,2.85622,0.92,0.297871
692000,A_w100_T10000_std_lr0.01_s0_A1,0.94,0,0.94,4.90457,3.19257,0.292624,0.635626,0.0040404,2.33716,25.6432,0.0911416,15.1393,0.230206,4.34393,2.86204,0.94,0.446501
692000,A_w100_T10000_std_lr0.01_s1_A1,0.89,0.000808081,0.75,10.4311,3.71948,0.325261,0.680727,0.00747475,0.879361,12.4899,0.0704059,14.6579,0.298758,3.34719,2.24259,0.89,0.178742
692000,A_w100_T10000_std_lr0.01_s2_A1,0.84,0.0010101,0.76,11.8799,4.06018,0.331367,0.663374,0.00363636,0.343376,3.33122,0.103078,15.307,0.283875,3.52267,2.47243,0.84,0.0448178
692000,A_w100_T10000_std_lr0.01_s3_A1,0.91,0,0.88,8.24945,2.94122,0.324972,0.67596,0.00444444,0.61209,13.0526,0.0468942,15.2803,0.282924,3.53451,2.10802,0.91,0.315957
692000,A_w100_T10000_std_lr0.01_s4_A1,0.91,0.00040404,0.87,6.1342,2.19269,0.353553,0.694525,0.00969697,10.9371,40.4947,0.270086,14.5457,0.313597,3.1888,2.86306,0.91,0.424037
692000,A_w100_T10000_std_lr0.01_s5_A1,0.86,0.000808081,0.76,12.5612,5.22909,0.311106,0.630475,0.00323232,0.0616578,5.80368,0.0106239,16.0865,0.27111,3.68854,3.47328,0.86,0.0787346
692000,A_w100_T10000_std_lr0.01_s6_A1,0.91,0,0.88,6.14679,2.39328,0.302758,0.656061,0.00727273,0.310119,5.99,0.0517728,15.2993,0.244256,4.09406,2.124,0.91,0.0945358
692000,A_w100_T10000_std_lr0.01_s7_A1,0.95,0,0.95,4.27053,2.6501,0.31517,0.664111,0.00505051,2.04487,25.7455,0.0794263,15.4825,0.258143,3.87382,2.24331,0.95,0.476147
692000,A_w100_T10000_std_lr0.01_s8_A1,0.91,0,0.89,6.84092,3.10489,0.289205,0.620162,0.000808081,3.13688,21.7783,0.144037,15.981,0.238542,4.19213,3.32369,0.91,0.278192
692000,A_w100_T10000_std_lr0.01_s9_A1,0.92,0,0.9,6.58144,2.82052,0.327524,0.676101,0.00464646,0.456379,9.12603,0.0500085,15.2462,0.281433,3.55324,2.76325,0.92,0.162521
693000,A_w100_T10000_std_lr0.01_s0_A1,0.94,0,0.94,4.91986,3.04109,0.292581,0.635626,0.0040404,1.01224,14.8993,0.0679388,15.1372,0.229834,4.35097,2.84943,0.94,0.377854
693000,A_w100_T10000_std_lr0.01_s1_A1,0.89,0.000808081,0.75,10.6625,3.9591,0.324943,0.680939,0.00727273,0.386299,11.6764,0.0330838,14.6571,0.298363,3.35162,1.95333,0.89,0.194654
693000,A_w100_T10000_std_lr0.01_s2_A1,0.85,0.0010101,0.76,11.9002,4.05364,0.331205,0.663374,0.00363636,0.0710641,1.89955,0.037411,15.3046,0.283711,3.52472,2.37125,0.85,0.0256712
693000,A_w100_T10000_std_lr0.01_s3_A1,0.91,0,0.88,8.43592,2.93024,0.324198,0.676273,0.00444444,0.525542,9.6193,0.0546341,15.2749,0.281911,3.54722,2.13484,0.91,0.250804
693000,A_w100_T10000_std_lr0.01_s4_A1,0.91,0.00040404,0.87,6.33638,2.19923,0.353144,0.694525,0.00969697,0.619587,22.5479,0.0274786,14.5403,0.313563,3.18915,2.8211,0.91,0.192215
693000,A_w100_T10000_std_lr0.01_s5_A1,0.85,0.0010101,0.78,12.2952,5.34348,0.311386,0.630515,0.00323232,0.126042,4.6315,0.0272141,16.0828,0.271185,3.68752,3.40699,0.85,0.0621333
693000,A_w100_T10000_std_lr0.01_s6_A1,0.91,0,0.88,6.26206,2.37564,0.302661,0.656495,0.00747475,0.125881,4.92136,0.0255785,15.2977,0.244035,4.09778,2.1255,0.91,0.077093
693000,A_w100_T10000_std_lr0.01_s7_A1,0.96,0,0.95,4.21711,2.4971,0.315311,0.664111,0.00505051,0.0622061,21.1127,0.00294638,15.4754,0.257992,3.87609,1.92479,0.96,0.27602
693000,A_w100_T10000_std_lr0.01_s8_A1,0.9,0,0.89,7.00721,3.17133,0.28927,0.620162,0.000808081,0.072235,6.50085,0.0111116,15.9719,0.237971,4.20219,3.43233,0.9,0.162175
693000,A_w100_T10000_std_lr0.01_s9_A1,0.92,0,0.9,6.44022,2.72579,0.327561,0.676101,0.00464646,0.291911,7.27259,0.0401386,15.2463,0.281307,3.55483,2.75331,0.92,0.137501
694000,A_w100_T10000_std_lr0.01_s0_A1,0.94,0,0.94,4.9079,3.19325,0.292626,0.635626,0.0040404,0.844947,10.2753,0.0822312,15.1341,0.229303,4.36104,2.8254,0.94,0.411916
694000,A_w100_T10000_std_lr0.01_s1_A1,0.9,0.000808081,0.75,10.7506,3.94105,0.324989,0.680727,0.00747475,0.35793,9.55552,0.037458,14.6555,0.298324,3.35207,2.2398,0.9,0.143446
694000,A_w100_T10000_std_lr0.01_s2_A1,0.84,0.0010101,0.76,11.7879,4.02045,0.331118,0.663242,0.00343434,0.168515,2.28038,0.0738977,15.3032,0.283677,3.52514,2.48712,0.84,0.0279355
694000,A_w100_T10000_std_lr0.01_s3_A1,0.91,0,0.88,8.42266,3.24995,0.323845,0.676273,0.00444444,0.262722,7.11246,0.0369382,15.2673,0.28161,3.55101,2.12818,0.91,0.200105
694000,A_w100_T10000_std_lr0.01_s4_A1,0.92,0.00020202,0.88,6.31711,2.24605,0.352835,0.695131,0.00949495,0.386541,11.622,0.0332596,14.5333,0.313238,3.19246,2.80711,0.92,0.0835249
694000,A_w100_T10000_std_lr0.01_s5_A1,0.87,0.0010101,0.78,12.3158,5.5304,0.311542,0.630515,0.00323232,0.193832,3.54537,0.054672,16.0812,0.271152,3.68797,3.28264,0.87,0.0635905
694000,A_w100_T10000_std_lr0.01_s6_A1,0.91,0,0.88,6.2736,2.30888,0.302676,0.656606,0.00747475,0.629455,4.97962,0.126406,15.2961,0.244208,4.09487,2.13781,0.91,0.106987
694000,A_w100_T10000_std_lr0.01_s7_A1,0.95,0,0.95,4.3121,2.68038,0.31541,0.664111,0.00505051,0.289754,18.6662,0.015523,15.469,0.257695,3.88056,2.24784,0.95,0.264885
694000,A_w100_T10000_std_lr0.01_s8_A1,0.9,0,0.89,7.00849,3.11216,0.289162,0.619465,0.000808081,3.40858,21.6113,0.157722,15.9666,0.23734,4.21336,3.34719,0.9,0.219822
694000,A_w100_T10000_std_lr0.01_s9_A1,0.92,0,0.9,6.37477,2.66207,0.327584,0.676899,0.00464646,0.235678,7.2869,0.0323426,15.2466,0.281277,3.55522,2.73905,0.92,0.136297
695000,A_w100_T10000_std_lr0.01_s0_A1,0.94,0,0.94,4.94778,3.07541,0.292709,0.636364,0.0040404,0.791655,9.25825,0.085508,15.128,0.229348,4.36019,2.82872,0.94,0.363403
695000,A_w100_T10000_std_lr0.01_s1_A1,0.88,0.000808081,0.75,11.0222,3.83672,0.325049,0.680939,0.00727273,0.172473,9.87484,0.0174659,14.6525,0.298473,3.35039,2.26257,0.88,0.13301
695000,A_w100_T10000_std_lr0.01_s2_A1,0.84,0.0010101,0.76,11.7531,4.03577,0.331081,0.663242,0.00343434,0.0681117,1.34037,0.0508157,15.301,0.283682,3.52508,2.49147,0.84,0.0152097
695000,A_w100_T10000_std_lr0.01_s3_A1,0.91,0,0.88,8.60227,3.63512,0.323292,0.676273,0.00444444,2.17057,16.5606,0.131068,15.265,0.280637,3.56332,2.15054,0.91,0.197504
695000,A_w100_T10000_std_lr0.01_s4_A1,0.92,0,0.89,6.58329,2.41175,0.352398,0.694818,0.00949495,5.79697,13.6245,0.425481,14.5335,0.312769,3.19725,2.79407,0.92,0.113133
695000,A_w100_T10000_std_lr0.01_s5_A1,0.86,0.0010101,0.78,11.8197,5.02282,0.311632,0.630515,0.00323232,0.22787,3.38989,0.0672207,16.0785,0.270859,3.69196,3.75002,0.86,0.0576732
695000,A_w100_T10000_std_lr0.01_s6_A1,0.91,0,0.88,6.29894,2.37622,0.30264,0.656172,0.00727273,0.5974,5.40997,0.110426,15.2947,0.244002,4.09832,2.12664,0.91,0.0910871
695000,A_w100_T10000_std_lr0.01_s7_A1,0.95,0,0.95,4.24056,2.59518,0.315456,0.664111,0.00505051,1.37563,25.607,0.053721,15.4652,0.257567,3.88249,2.25855,0.95,0.34718
695000,A_w100_T10000_std_lr0.01_s8_A1,0.9,0,0.89,6.80588,3.18591,0.289212,0.619465,0.000808081,1.04608,16.2874,0.0642261,15.9581,0.236656,4.22554,3.28443,0.9,0.165853
695000,A_w100_T10000_std_lr0.01_s9_A1,0.92,0,0.9,6.66968,2.99038,0.327549,0.67704,0.00464646,0.299849,6.58629,0.0455262,15.2451,0.281101,3.55744,2.74679,0.92,0.13409
696000,A_w100_T10000_std_lr0.01_s0_A1,0.94,0,0.94,4.93535,2.80661,0.292733,0.636364,0.0040404,6.4776,18.9699,0.341467,15.1259,0.229191,4.36317,2.73617,0.94,0.418532
696000,A_w100_T10000_std_lr0.01_s1_A1,0.87,0.000808081,0.75,10.8986,3.71859,0.324822,0.682768,0.00727273,0.619947,10.7395,0.0577256,14.6575,0.297674,3.35938,2.57285,0.87,0.152433
696000,A_w100_T10000_std_lr0.01_s2_A1,0.83,0.0010101,0.76,11.7663,4.06711,0.330977,0.663242,0.00343434,0.0305082,0.987762,0.0308862,15.2999,0.283563,3.52655,2.7485,0.83,0.0110226
696000,A_w100_T10000_std_lr0.01_s3_A1,0.91,0,0.88,8.54813,3.46672,0.32351,0.676273,0.00444444,0.106331,4.19827,0.0253274,15.2567,0.280652,3.56313,2.1668,0.91,0.142027
696000,A_w100_T10000_std_lr0.01_s4_A1,0.92,0,0.89,6.42264,2.34533,0.352357,0.695273,0.00909091,0.121294,2.64158,0.0459175,14.5321,0.312663,3.19833,2.80039,0.92,0.0137451
696000,A_w100_T10000_std_lr0.01_s5_A1,0.85,0.0010101,0.78,11.9031,5.3564,0.311759,0.629697,0.00323232,0.19264,2.69302,0.0715332,16.0756,0.270711,3.69398,3.66509,0.85,0.0524018
696000,A_w100_T10000_std_lr0.01_s6_A1,0.91,0,0.88,6.3797,2.36635,0.302531,0.656242,0.00727273,0.460471,5.08988,0.0904679,15.2949,0.243983,4.09864,2.1282,0.91,0.0906185
696000,A_w100_T10000_std_lr0.01_s7_A1,0.96,0,0.95,4.39459,2.87972,0.31583,0.664606,0.00505051,11.4076,42.8684,0.266109,15.4552,0.257872,3.8779,1.90714,0.96,0.763697
696000,A_w100_T10000_std_lr0.01_s8_A1,0.9,0,0.9,6.90188,3.2957,0.289167,0.619465,0.000808081,0.570167,9.10816,0.0625995,15.9507,0.23587,4.23962,3.24123,0.9,0.110743
696000,A_w100_T10000_std_lr0.01_s9_A1,0.92,0,0.9,6.56464,2.7577,0.327587,0.676101,0.00464646,0.0547093,5.43141,0.0100728,15.2463,0.281048,3.55811,2.73768,0.92,0.0997611
697000,A_w100_T10000_std_lr0.01_s0_A1,0.94,0,0.94,4.99032,2.95171,0.292791,0.636273,0.0040404,6.47291,22.3412,0.28973,15.1215,0.229127,4.36439,2.7028,0.94,0.506252
697000,A_w100_T10000_std_lr0.01_s1_A1,0.88,0.000606061,0.76,11.8464,3.89228,0.324999,0.681192,0.00727273,0.198555,6.91825,0.0287003,14.6541,0.297446,3.36195,2.29789,0.88,0.114628
697000,A_w100_T10000_std_lr0.01_s2_A1,0.83,0.0010101,0.76,11.7698,4.1015,0.330935,0.663242,0.00343434,0.0471397,1.11312,0.0423491,15.2984,0.283472,3.52769,2.74955,0.83,0.0108098
697000,A_w100_T10000_std_lr0.01_s3_A1,0.91,0,0.88,8.59614,3.45305,0.323306,0.676273,0.00444444,0.482213,4.12418,0.116923,15.2559,0.280167,3.5693,2.18062,0.91,0.145082
697000,A_w100_T10000_std_lr0.01_s4_A1,0.92,0,0.89,6.41257,2.38202,0.352456,0.695586,0.00909091,0.0558042,1.64529,0.0339175,14.5299,0.312796,3.19697,2.80816,0.92,0.00994584
697000,A_w100_T10000_std_lr0.01_s5_A1,0.85,0.0010101,0.78,11.796,5.08461,0.311897,0.629697,0.00323232,0.00720138,2.31322,0.00311314,16.0739,0.270606,3.6954,3.64399,0.85,0.0411446
697000,A_w100_T10000_std_lr0.01_s6_A1,0.91,0,0.88,6.32085,2.36559,0.302649,0.656677,0.00727273,0.0232163,3.05103,0.00760934,15.2916,0.244116,4.09641,2.13124,0.91,0.0591153
697000,A_w100_T10000_std_lr0.01_s7_A1,0.96,0,0.95,4.23503,2.69765,0.315639,0.663475,0.00505051,0.239893,18.2474,0.0131466,15.4545,0.257257,3.88717,1.88765,0.96,0.217875
697000,A_w100_T10000_std_lr0.01_s8_A1,0.9,0,0.9,6.83385,3.11273,0.289193,0.619465,0.000808081,4.87269,16.7151,0.291514,15.9437,0.235676,4.24312,3.18242,0.9,0.165859
697000,A_w100_T10000_std_lr0.01_s9_A1,0.91,0,0.9,6.77893,2.81842,0.327525,0.675788,0.00484848,0.828127,9.19144,0.0900977,15.2468,0.280855,3.56055,2.74783,0.91,0.132628
698000,A_w100_T10000_std_lr0.01_s0_A1,0.94,0,0.94,4.88901,2.778,0.292788,0.636273,0.0040404,4.43084,15.5623,0.284716,15.1188,0.228872,4.36926,2.66351,0.94,0.38872
698000,A_w100_T10000_std_lr0.01_s1_A1,0.88,0.000606061,0.76,11.8736,4.04676,0.325292,0.682151,0.00727273,0.577774,6.6176,0.0873087,14.6493,0.297828,3.35765,1.99421,0.88,0.121262
698000,A_w100_T10000_std_lr0.01_s2_A1,0.83,0.0010101,0.76,11.7502,4.11995,0.330948,0.663242,0.00343434,0.0200992,0.725505,0.0277038,15.297,0.283469,3.52772,2.75197,0.83,0.00750356
698000,A_w100_T10000_std_lr0.01_s3_A1,0.91,0,0.88,8.73709,3.45071,0.323283,0.676273,0.00444444,0.318306,3.89943,0.0816288,15.2543,0.279885,3.5729,2.18731,0.91,0.132937
698000,A_w100_T10000_std_lr0.01_s4_A1,0.91,0,0.9,6.46881,2.42298,0.352318,0.695273,0.00909091,0.0432111,0.992208,0.0435504,14.5307,0.312569,3.19929,2.76407,0.91,0.00518569
698000,A_w100_T10000_std_lr0.01_s5_A1,0.85,0.0010101,0.78,11.7666,5.17969,0.311985,0.630515,0.00323232,0.515705,2.88682,0.178641,16.0728,0.270627,3.69513,3.84717,0.85,0.0637983
698000,A_w100_T10000_std_lr0.01_s6_A1,0.91,0,0.88,6.25615,2.35222,0.30268,0.656677,0.00727273,0.451452,4.28412,0.105378,15.2921,0.244201,4.09498,2.1296,0.91,0.0882102
698000,A_w100_T10000_std_lr0.01_s7_A1,0.96,0,0.95,4.30835,2.85599,0.315813,0.66397,0.00505051,5.62556,32.198,0.174718,15.4464,0.257292,3.88663,1.85265,0.96,0.462195
698000,A_w100_T10000_std_lr0.01_s8_A1,0.91,0,0.9,7.12662,3.44543,0.289027,0.619515,0.000808081,0.238199,6.48893,0.0367085,15.9383,0.234716,4.26047,3.09143,0.91,0.0530274
698000,A_w100_T10000_std_lr0.01_s9_A1,0.92,0,0.9,6.63773,2.80661,0.327605,0.676101,0.00464646,0.32031,6.70971,0.0477383,15.2465,0.280953,3.55932,2.75495,0.92,0.106124
699000,A_w100_T10000_std_lr0.01_s0_A1,0.94,0,0.94,4.83852,2.64344,0.292839,0.636273,0.0040404,2.54221,11.7157,0.216991,15.115,0.228658,4.37335,2.64532,0.94,0.36011
699000,A_w100_T10000_std_lr0.01_s1_A1,0.88,0.000606061,0.77,11.274,4.12454,0.325211,0.682343,0.00707071,2.68527,11.3071,0.237486,14.649,0.297485,3.36151,2.00065,0.88,0.149443
699000,A_w100_T10000_std_lr0.01_s2_A1,0.84,0.0010101,0.76,11.7363,4.14601,0.330893,0.662707,0.00343434,0.0482489,0.793121,0.0608342,15.2965,0.283427,3.52824,2.49935,0.84,0.00727852
699000,A_w100_T10000_std_lr0.01_s3_A1,0.91,0,0.88,8.77349,3.33621,0.323364,0.676606,0.00444444,0.411564,5.58246,0.0737245,15.252,0.280032,3.57103,2.17647,0.91,0.111335
699000,A_w100_T10000_std_lr0.01_s4_A1,0.92,0,0.9,6.46523,2.41156,0.352286,0.695273,0.00909091,0.517247,1.80312,0.286862,14.5313,0.312532,3.19967,2.79264,0.92,0.0109911
699000,A_w100_T10000_std_lr0.01_s5_A1,0.84,0.0010101,0.78,11.6283,4.80405,0.312031,0.629697,0.00323232,0.00621246,2.08104,0.00298526,16.0719,0.270422,3.69793,3.76102,0.84,0.038867
699000,A_w100_T10000_std_lr0.01_s6_A1,0.91,0,0.88,6.39191,2.40327,0.302658,0.656677,0.00727273,0.299142,4.41236,0.0677962,15.2911,0.243991,4.09851,2.1246,0.91,0.064975
699000,A_w100_T10000_std_lr0.01_s7_A1,0.95,0,0.95,4.24794,2.6217,0.315809,0.663475,0.00505051,1.43917,20.4913,0.0702335,15.4404,0.256874,3.89297,2.19938,0.95,0.226683
699000,A_w100_T10000_std_lr0.01_s8_A1,0.91,0,0.9,7.08993,3.34452,0.289091,0.619515,0.000808081,0.741305,6.40936,0.11566,15.9344,0.234563,4.26325,3.06131,0.91,0.0505562
699000,A_w100_T10000_std_lr0.01_s9_A1,0.92,0,0.9,6.71876,2.87863,0.327665,0.675838,0.00505051,0.0726755,5.90092,0.012316,15.2464,0.280733,3.56211,2.78527,0.92,0.100602
700000,A_w100_T10000_std_lr0.01_s0_A1,0.94,0,0.94,4.8571,2.61626,0.292871,0.636273,0.0040404,0.315089,11.9344,0.0264017,15.1139,0.228434,4.37763,2.60269,0.94,0.341384
700000,A_w100_T10000_std_lr0.01_s1_A1,0.87,0.000606061,0.78,11.066,4.13624,0.325112,0.681899,0.00707071,0.215909,6.09667,0.0354142,14.6486,0.297194,3.3648,2.15001,0.87,0.0646056
700000,A_w100_T10000_std_lr0.01_s2_A1,0.84,0.0010101,0.76,11.7629,4.22406,0.330793,0.663242,0.00343434,0.00864528,0.491245,0.0175987,15.2963,0.283249,3.53046,2.5012,0.84,0.00430116
700000,A_w100_T10000_std_lr0.01_s3_A1,0.91,0,0.88,8.7802,3.25979,0.323301,0.676606,0.00444444,0.238699,4.69051,0.0508898,15.2506,0.279897,3.57274,2.18019,0.91,0.103576
700000,A_w100_T10000_std_lr0.01_s4_A1,0.92,0,0.9,6.47322,2.41979,0.352268,0.695273,0.00909091,0.226983,0.9399,0.241497,14.532,0.312459,3.20042,2.79099,0.92,0.0059348
700000,A_w100_T10000_std_lr0.01_s5_A1,0.84,0.0010101,0.78,11.5321,4.86149,0.311906,0.629697,0.00323232,0.115421,2.18287,0.0528759,16.0725,0.270164,3.70146,3.78178,0.84,0.0464258
700000,A_w100_T10000_std_lr0.01_s6_A1,0.91,0,0.88,6.32301,2.38849,0.302769,0.656677,0.00727273,0.715376,6.06231,0.118004,15.2894,0.244231,4.09449,2.12943,0.91,0.108881
700000,A_w100_T10000_std_lr0.01_s7_A1,0.96,0,0.95,4.16476,2.53553,0.315811,0.663475,0.00505051,0.59492,22.4576,0.0264908,15.435,0.256588,3.89729,1.84964,0.96,0.192194
700000,A_w100_T10000_std_lr0.01_s8_A1,0.91,0,0.9,7.08195,3.42172,0.289136,0.619515,0.000808081,8.5198,27.5043,0.309763,15.9308,0.234176,4.27029,3.053,0.91,0.141103
700000,A_w100_T10000_std_lr0.01_s9_A1,0.92,0,0.9,6.69453,2.833,0.327747,0.676101,0.00464646,0.143981,4.7771,0.03014,15.2459,0.280832,3.56084,2.77142,0.92,0.0862503
