zbar_cur,sigma_cur,between_cur,pos_frac,zbar_inv,sigma_inv,between_inv,pos_frac_inv,var_off,var_wid,var_cross,rowmean,rowmean_sd,cnorm,bias,bias_sd,star,star_sd,eps_max,w2col,gate_mean,ce_probe,alpha_med,acc,gbar,gvar_mean,gbar_var,pooled_var,g3_ident,cov,cov_abs,cov10,cov50,q10_med,hard_dead,gmin,gmax,gcorr,gcorr_degenerate,task,step,clamp,correct_seq,acc_seq,ce0,ce20,correct_fresh,acc_fresh,param_sha,fresh_param_sha,secs,vmrss_kb,maxrss_kb,cpu,arm,seed
0.21851996959321274,0.7852104312637904,0.21081320347513313,0.58451171875,0.022587943490591275,0.2821937896801699,0.16029548924210876,0.50026611328125,0.015218793086029582,0.06339649777071217,0.0010180440773142258,0.00017766625336223315,0.0036414394862737984,0.9915469242932263,0.006643392124387902,0.028369288179938085,0.024843134358669534,0.37255386785694355,0.17205885419182781,0.6983939133154048,1.0890220894175582,0.2990836501121521,0.8480164408683777,0.9194999933242798,1.0890220912836959,0.4173633262842382,0.0641482836849334,0.4815116099691766,4.9404924595819466e-15,0.1835546875,0.1835546875,0.1124609375,0.27822265625,0.11530014276504517,0,0.0,2.0,0.20537509849375923,0,1,625,ref,9195,0.9195,2.3106913566589355,1.4999221563339233,9195,0.9195,8fea1ab26ef5b573eccf997da8a83643e6273a88759f4ac957fbe15385c7d289,8fea1ab26ef5b573eccf997da8a83643e6273a88759f4ac957fbe15385c7d289,3.729159169946797,1019832,1069460,4,SNA,2
-0.34475444058965693,1.0390448238832528,0.8195942555985845,0.38712890625,-0.13207824963033007,0.38995279026004215,0.3307423723518631,0.44381347656250003,0.03537126787361573,0.11661012998828489,8.178076969176606e-05,-0.0011446174231684184,0.0054389408238674575,1.3336728524718202,0.005544026349525666,0.03445017198463125,-0.11170807788695118,0.552120849476628,0.25364280637385694,0.7406911733929412,0.8921287380694412,0.24544481933116913,0.6374270915985107,0.9309999942779541,0.892128736389568,0.4172459864793666,0.07041924470558193,0.4876652311849552,6.661338147750939e-15,0.2730859375,0.2730859375,0.1703515625,0.3923828125,0.03299818634986877,0,0.0,2.0,0.10637082292571842,0,2,625,ref,9310,0.931,3.7360405921936035,0.9986944794654846,,,c54b88cb2a8a17e54b44016f60ffa2924e4e070fa1f10e8a2a9adf0d17b28887,,7.741816635010764,1027368,1069460,17,SNA,2
-0.4144961141621066,1.0388666685895298,0.5704779145054695,0.33359375,-0.28123914692929075,0.46207076107159023,0.4232320348030825,0.37517822265625,0.0515131002113098,0.1639056986623658,-0.0019094106363969738,-0.002554546735484857,0.0062019609403082656,1.5767517188772506,0.0043289151834324,0.04103306284217332,-0.2573532626720327,0.6229486810589743,0.29960954386952565,0.7775205663360518,0.8128247444354929,0.26875734329223633,0.633216142654419,0.9229999780654907,0.8128247423726134,0.4104134974460492,0.06198442249484499,0.47239791994089214,2.0539125955565396e-15,0.3136328125,0.3136328125,0.198515625,0.44154296875,0.0246914803981781,0,0.0,2.0,0.12340675169343328,0,3,625,ref,9230,0.923,5.345637321472168,1.1287959814071655,,,0e4a512a0eb29f35abb1cfe31ecdcc6d4f1a296a9bae53eaf6e9d0df458696ed,,11.259379895986058,1065192,1069460,17,SNA,2
-0.38161228460225144,1.0616061061282467,0.5053263362393898,0.33734375,-0.3698316550464939,0.5037860183789103,0.42156021329199567,0.33062011718749995,0.056615861437520155,0.19770528125961007,-0.0005207903830544456,-0.003401067368481727,0.0061546219254685905,1.7411649322691831,0.004772362076037098,0.04838472838403776,-0.34362553711077526,0.616268666274775,0.3369008949128528,0.8031243935085252,0.8028178536414634,0.25046801567077637,0.607087254524231,0.921999990940094,0.8028178527404088,0.40883165507084984,0.05847497915705133,0.4673066342279105,9.325873406851315e-15,0.31455078125,0.31455078125,0.201015625,0.44568359375,0.02149309515953064,0,0.0,2.0,0.26000822138691426,0,4,625,ref,9220,0.922,3.2797744274139404,1.014269232749939,,,d26f304ffa667c4e34adffea2f859a3deb5da84404d844a20dd62820bd058990,,15.009629374952056,1095816,1093896,17,SNA,2
-0.5353221804734037,1.124861023978772,0.7971764584312935,0.312109375,-0.4608368587165574,0.5511036724969259,0.5306962182681209,0.29290283203125,0.07749008294236834,0.23069288322897147,-0.004467708331740748,-0.004267248302237552,0.007033360086061679,1.8845277450104256,0.003836932553022052,0.05504577733795865,-0.4332906461552274,0.7087104421857323,0.3079898970666641,0.8334251504651782,0.8104255787178408,0.2737208604812622,0.6183145642280579,0.9276000261306763,0.8104255777504296,0.4136939167072149,0.04912854831264819,0.46282246501986224,8.326672684688674e-16,0.30732421875,0.30732421875,0.19447265625,0.43646484375,0.024700242280960086,0,0.0,2.0,0.22653176193460917,0,5,625,ref,9276,0.9276,3.598242998123169,1.11469304561615,,,56e08dd179d5a3c8c54d09bb1e60e393d051e0c863bc890f3bc5689a881dadf5,,18.916459403932095,1034728,1093896,17,SNA,2
-0.5429297174125175,1.1070355438926642,0.6674661032772166,0.31087890625,-0.5023506148928757,0.5770473727668397,0.48527325314200387,0.27809814453125,0.07923454784183015,0.2612433100909319,-0.00749418751564997,-0.0047100311254550335,0.0068568748982308905,2.0079394679123483,0.003677100379136391,0.06048408566784998,-0.478808181864942,0.6913314532619896,0.3089059313579019,0.8632846831238276,0.7928717531240546,0.3154500126838684,0.6033632755279541,0.920799970626831,0.7928717542625964,0.4038624619476934,0.05599472710613864,0.4598571890538359,3.885780586188048e-15,0.317890625,0.317890625,0.20203125,0.448203125,0.022949451208114625,0,0.0,2.0,0.2632849138143805,0,6,625,ref,9208,0.9208,3.695098400115967,1.1096546649932861,,,0d354337cfebbb61e064450908a91bbed7928974fe811cefa97cbacc4890a11f,,22.32701101002749,1027420,1093896,17,SNA,2
-0.5990973165336042,1.1081646783813197,0.6101858935257077,0.2933984375,-0.5515725384530537,0.6075494891061778,0.47811791650196417,0.2636962890625,0.08327982947980171,0.29285153161232425,-0.007014979378948324,-0.005240400483192488,0.006728473786906327,2.1173759824491287,0.003010803516372107,0.06434629486191554,-0.5338043552074173,0.676968547064994,0.32829546841517576,0.8852235641694775,0.7796919216157403,0.27833205461502075,0.6000219583511353,0.9182999730110168,0.7796919216227252,0.4124108638187069,0.039113983859990466,0.45152484767869583,1.5543122344752192e-15,0.32140625,0.32140625,0.20486328125,0.454140625,0.020805269479751587,0,0.0,2.0,0.19505045953163436,0,7,625,ref,9183,0.9183,4.5624542236328125,1.1358600854873657,,,e4dd1e545a7fcc2b4adbe7c9bce832a8a541b3f6cef508837ed314b1bd683ac4,,26.136571057955734,1065236,1093896,17,SNA,2
-0.6324604608165654,1.1227684074931439,0.7576397650158146,0.29,-0.6038966065008515,0.6395392820972043,0.5093156107572054,0.25251708984375,0.08894509078857242,0.3246327658934461,-0.004567363336610995,-0.005634269648830792,0.006777686556621238,2.2212546301483984,0.0017599965538829564,0.06726846727240607,-0.575402257653671,0.6869167427988953,0.38188370478733724,0.9003476810172137,0.7684203501534648,0.27182626724243164,0.6052950620651245,0.9125000238418579,0.7684203500987496,0.4064330006005134,0.046419228061565815,0.4528522286620784,7.771561172376096e-16,0.3291015625,0.3291015625,0.20806640625,0.46603515625,0.021341097354888917,0,0.0,2.0,0.29333484150143757,0,8,625,ref,9125,0.9125,3.841095209121704,1.2948490381240845,,,785706ffd8db49ed5232a5bb72adaa07b9f45528f468e90f9b788b1d498e661f,,29.726224422920495,1095928,1094016,17,SNA,2
-0.6911321275677994,1.1554506124075288,0.7178067776453438,0.2838671875,-0.6751504868655966,0.6708235502033983,0.521887588083302,0.23626220703125,0.09931124853855973,0.35362142438956484,-0.0029284374206332907,-0.00619968734111645,0.006949777268461693,2.31931008798196,0.0005619549535913393,0.06702972739285286,-0.634520450433831,0.701972003284992,0.4181469839555625,0.9152108581998243,0.7560548275848851,0.27767035365104675,0.5623865723609924,0.9304999709129333,0.7560548279550858,0.40862814803324854,0.04225250993187274,0.45088065796512206,7.771561172376096e-16,0.338359375,0.338359375,0.2150390625,0.47349609375,0.021149080991744996,0,0.0,2.0,0.21903202007253778,0,9,625,ref,9305,0.9305,4.108043670654297,1.244409203529358,,,9c1b6421d70f8b71c3e70ff259f82433f57147d9799aa825fde2637da412c1a7,,33.28127876599319,1034816,1094016,17,SNA,2
-0.6309799713998742,1.1488196881966841,0.8022738854437746,0.29369140625,-0.6923854424092011,0.6959057821130286,0.5561854276025465,0.23455078125,0.10265443643794235,0.38339860226398853,-0.0017681811235848472,-0.006373834896642566,0.007002113825442355,2.4087719006114465,0.002601873683161102,0.06865647661718552,-0.6503198262316442,0.713988714581851,0.41329393501034306,0.9299685132628777,0.7670464256010018,0.2780550718307495,0.5701106190681458,0.9251999855041504,0.7670464249327779,0.40647906986533583,0.04800298767866537,0.4544820575440054,4.218847493575595e-15,0.33470703125,0.33470703125,0.21279296875,0.46806640625,0.021352607011795043,0,0.0,2.0,0.26465680009017506,0,10,625,ref,9252,0.9252,3.5273311138153076,1.0171502828598022,,,4e74557f8bc38b0fbefe058104511f1bd7c2d4f18c61291f1de5469532c00f0f,,37.15406993997749,1027504,1094016,17,SNA,2
-0.704104257485532,1.2219040869653717,1.0938288998713839,0.29236328125,-0.6924319249387803,0.7248116290656711,0.6705830597601954,0.2565283203125,0.11480527594981772,0.4111515648445213,-0.0006049431655070352,-0.006362980707234463,0.007731754789995686,2.5008076408485596,0.0038511989661492406,0.07085592076232025,-0.6479586215362684,0.787224822413276,0.43478205111320156,0.9535144856436472,0.7790894374251366,0.2922741174697876,0.5621117353439331,0.9240000247955322,0.7790894368954469,0.40729609992680266,0.05512869509516566,0.4624247950219688,4.996003610813204e-16,0.32798828125,0.32798828125,0.20861328125,0.46103515625,0.021126598119735718,0,0.0,2.0,0.2913936068780116,0,11,625,ref,9240,0.924,3.5948948860168457,1.2428401708602905,,,775cccf5cc55620e89f8b6b4b3b3f295a8aafdf26c1542eafb96db8efb80feea,,40.97473928693216,1065320,1094016,17,SNA,2
-0.6423378509315816,1.153282949114918,0.8185666625053483,0.29107421875,-0.6907741014592993,0.742273379484402,0.6792804221007254,0.264775390625,0.11615028461745582,0.44045929931160677,-0.005639814037867639,-0.006428564340207176,0.0077534384112988445,2.5855069670890485,0.006826564859802602,0.07485652939563452,-0.6517014994976118,0.7887780510218797,0.5035710026009048,0.9693819813949303,0.7639772198302671,0.2714991867542267,0.5846476554870605,0.9214000105857849,0.7639772202284075,0.39787371371837443,0.04841400132258872,0.4462877150409606,2.55351295663786e-15,0.32921875,0.32921875,0.20857421875,0.46607421875,0.018794381618499757,0,0.0,2.0,0.2622935828563134,0,12,625,ref,9214,0.9214,4.193337440490723,1.1899259090423584,,,54f031d2f6fd52188433e9064ad882330410abcaf39f28d5fa2095887ffc86ea,,44.70114755094983,1095944,1094040,17,SNA,2
-0.6453219690893688,1.181985484606192,0.8371809596019644,0.2966796875,-0.6788040200198137,0.7623867153799242,0.7013132275021142,0.27049560546874996,0.11987376064591242,0.467715955165643,-0.0063562120237659996,-0.006333630864828847,0.00803612725934201,2.662485324046697,0.00822947060863953,0.07760649270806087,-0.6405738162595604,0.8250536199175591,0.5719361724054864,0.9877702173526772,0.757182479716139,0.22466900944709778,0.5756390690803528,0.9330999851226807,0.7571824812563136,0.39304817243321893,0.0516772334897714,0.44472540592299387,3.552713678800501e-15,0.33609375,0.33609375,0.214375,0.4694140625,0.022414517402648926,0,0.0,2.0,0.26383633233966747,0,13,625,ref,9331,0.9331,3.517991781234741,1.0367416143417358,,,e09466911b2b1dcb20fe1090fac30a1372063ed346246084fad4bbac06476a57,,48.598160875961185,1034828,1094040,19,SNA,2
-0.8393073794088708,1.2071558196970285,0.9106622121087371,0.26384765625,-0.7719010380111611,0.7915759986831902,0.7683112499440409,0.2498779296875,0.13836926060490803,0.4917675692311167,-0.0035442681447349755,-0.00720824181517122,0.008299933587308761,2.739065834656843,0.007396719013340772,0.08074320645233105,-0.7309997998292941,0.8524879128933711,0.5414457174374758,1.0010631691355456,0.7447250109585002,0.2826659083366394,0.5651962161064148,0.9269999861717224,0.7447250131249894,0.4033426156845012,0.03796401544676878,0.44130663113126467,5.329070518200751e-15,0.33888671875,0.33888671875,0.2153515625,0.47869140625,0.022234594821929934,0,0.0,2.0,0.2517604837132421,0,14,625,ref,9270,0.927,4.282416343688965,1.1409167051315308,,,6206413ebff33559677545fb792c7bddb5a57decf2bac9ccafbbf2aa3f30ea5f,,52.02821842499543,1027516,1094040,19,SNA,2
-0.8504643906572817,1.2213359326794415,0.5973531401947892,0.24640625,-0.8057305416510023,0.801162665010506,0.6176625596060129,0.23536865234374998,0.12942223060011027,0.5162809132210928,-0.003841528014466786,-0.007466153923798597,0.00756902371633197,2.8077016154889622,0.006854535313905217,0.078038600411099,-0.7579619355865248,0.7694817827959226,0.6324886862221963,1.0080752163533393,0.7087138191924897,0.2936790883541107,0.5593932271003723,0.9258999824523926,0.7087138192611746,0.39699892292879896,0.03192662465971749,0.42892554758852114,4.718447854656915e-15,0.36091796875,0.36091796875,0.231328125,0.50123046875,0.017359316349029544,0,0.0,2.0,0.2570785953953846,0,15,625,ref,9259,0.9259,4.3214430809021,1.2070726156234741,,,e77da1b954fd7c05c14cfbebd597ffe9923dbe6a430215de329590117a8f0c17,,55.59805998601951,1065332,1094040,19,SNA,2
-0.765951063694226,1.2013121378910199,0.8572245282390075,0.26466796875,-0.7794787732627652,0.8132730030171064,0.6317261391356656,0.24114501953125,0.12687134312068118,0.540485264068933,-0.005943629753152022,-0.007314084684423833,0.007570328227298376,2.8752199772834945,0.008389463463099673,0.0782153705981025,-0.7408493673058574,0.7700502511422163,0.6063694606878118,1.023396425371589,0.7214092713431455,0.3165905177593231,0.5650135278701782,0.9272000193595886,0.7214092729752883,0.38882866702825025,0.042866234022011555,0.43169490105026287,1.0547118733938987e-15,0.35236328125,0.35236328125,0.22576171875,0.49234375,0.01984524130821228,0,0.0,2.0,0.23785120385159847,0,16,625,ref,9272,0.9272,3.7961161136627197,1.316767692565918,9234,0.9234,a2380247b559ca437f058544c04e96af34193c6510ff172df99a9d85d125dd34,,61.39540005393792,1095964,1094056,19,SNA,2
-0.6962822195415445,1.2056801144239135,0.9232881101909568,0.29716796875,-0.7601220487248949,0.8325863215874021,0.758288735895492,0.2563671875,0.13454595127999056,0.5632925033595457,-0.004638471745095435,-0.007123146764281019,0.00817124603346626,2.9430293019765146,0.008876201189123094,0.08063925896288868,-0.7208033668409274,0.8374753339865173,0.6075827817260635,1.0323964283301585,0.76574661101331,0.27410244941711426,0.5313368439674377,0.928600013256073,0.7657466102216859,0.39597045580841944,0.04837392614745587,0.44434438195587656,1.2212453270876722e-15,0.32806640625,0.32806640625,0.20634765625,0.461328125,0.020209074020385742,0,0.0,2.0,0.3613457414623895,0,17,625,ref,9286,0.9286,3.2457687854766846,1.0927106142044067,9211,0.9211,3d30baf7d331625951321c1a469c3fa8e9069f088f92351171cb7cc1676390ef,,67.24940529093146,1034852,1094056,19,SNA,2
-0.7317467604378194,1.226536056210054,0.7448727970028303,0.28490234375,-0.7422961687298456,0.8409962403524949,0.6905212081276199,0.26139404296875,0.12410422160127642,0.5884166111910524,-0.00524615650529743,-0.006953122011621484,0.0077487467296664635,3.009366951487456,0.01226070149219595,0.08336312862756837,-0.7000019029148191,0.7983814313856714,0.7222149823190877,1.0453874870836688,0.7563986712717451,0.27798283100128174,0.5586822628974915,0.9186999797821045,0.756398670085473,0.40377948051026047,0.042955367052779254,0.4467348475630378,1.942890293094024e-15,0.33578125,0.33578125,0.212890625,0.4710546875,0.022247451543807983,0,0.0,2.0,0.28073290033614856,0,18,625,ref,9187,0.9187,3.9618680477142334,1.2571817636489868,9174,0.9174,b6e3548eca188a6aaaa87597843a17ac53a4108e638e094d5830a67145ae43c8,,73.56823806394823,1027540,1094056,19,SNA,2
-0.828386763312499,1.239346725760432,0.891805275471988,0.264921875,-0.7832273726349352,0.8615508297248735,0.7414425895110438,0.2494970703125,0.13277793970250915,0.6114635938865518,-0.001971701389443131,-0.0072112216068080425,0.00799766435441882,3.066890926064313,0.012429990146774799,0.08476305249604034,-0.7262717720309096,0.8242767787076587,0.7189951109238886,1.0524892515761173,0.7412836763414089,0.29770249128341675,0.5291752815246582,0.9308000206947327,0.7412836747104302,0.4061507831355533,0.033397730139653026,0.43954851327520283,3.497202527569243e-15,0.3428125,0.3428125,0.21654296875,0.47873046875,0.019824868440628057,0,0.0,2.0,0.3520453403303408,0,19,625,ref,9308,0.9308,3.5678892135620117,1.1121951341629028,9101,0.9101,8f7646389bab34ed2af053af7af557864c273324c1201899b0c39b9c576d61f8,,79.99042317795102,1065352,1094056,19,SNA,2
-0.8052729546011821,1.2820480983986735,1.1695253228549718,0.2801953125,-0.7805752403772537,0.882377075123359,0.8541063385998687,0.26310791015625,0.1424653113432254,0.6389243989314858,-0.002800407571457446,-0.007164120958400826,0.008549876543354757,3.129870818796464,0.013189806123264133,0.08523354414551562,-0.7206870686947981,0.8816229069751558,0.7673389515698501,1.0585690446283724,0.7477520006918348,0.26700496673583984,0.5208049416542053,0.929099977016449,0.7477520021691453,0.3973727370691764,0.04355539606187561,0.4409281331310549,2.831068712794149e-15,0.3409765625,0.3409765625,0.2142578125,0.4742578125,0.01968068480491638,0,0.0,2.0,0.28808498506672164,0,20,625,ref,9291,0.9291,4.532138347625732,1.0926989316940308,9141,0.9141,57ec86cab712a88a85f9c4de4336d0fbbdbdc972027d052eabcc474c5f5ab6a4,,85.88754558598157,1096124,1094076,19,SNA,2
-0.7687867170850402,1.279026130229737,0.9421765667014494,0.28,-0.7810486255383451,0.8969367931577359,0.8915198452655945,0.26955078125000004,0.14602825717026668,0.6620448215856587,-0.00357746783584234,-0.007138781461707382,0.008750690800108697,3.1839623212783397,0.012071624709351454,0.08811521268380773,-0.719209527514016,0.9106817023170629,0.7538882710311847,1.068272561904485,0.7431626154459081,0.30974268913269043,0.5212617516517639,0.9150999784469604,0.7431626176345162,0.38996352238675314,0.04730697139560725,0.4372704937823599,4.996003610813204e-16,0.3407421875,0.3407421875,0.213984375,0.47740234375,0.01858925223350525,0,0.0,2.0,0.3887325491195248,0,21,625,ref,9151,0.9151,4.268825054168701,1.1689623594284058,,,0201867d3791d72101c868ebd888080f5273bb25d45d7ab88c668cb913f45242,,89.5222412670264,1035012,1094076,16,SNA,2
-0.9109960913534656,1.3001863736146466,1.066559939099474,0.2472265625,-0.8699891620888721,0.9192082781535775,0.8850522727081628,0.24934814453124998,0.1593789282662779,0.686029348139225,-0.0004644177794380364,-0.008026285432505907,0.00864728953792961,3.2409510123539116,0.010806177561171353,0.08952456769436325,-0.8113889394403158,0.9026143210923477,0.7471637634411891,1.0715842782927065,0.7083952498808503,0.26079532504081726,0.5429908633232117,0.919700026512146,0.7083952499681618,0.3948721847812637,0.0339439318735108,0.42881611665477926,4.773959005888173e-15,0.3601171875,0.3601171875,0.2298046875,0.50083984375,0.017408198118209837,0,0.0,2.0,0.30305525713943093,0,22,625,ref,9197,0.9197,4.7513298988342285,1.1663930416107178,,,4fc83273f8407e33654af8233e862b01c9d16f9c54d6abd254384965c9d23bde,,91.46717133501079,1027696,1094076,10,SNA,2
-0.904490707663528,1.3083655688166953,1.1926731200629164,0.257265625,-0.9071901927996529,0.9379431165767539,0.8787048683860378,0.2407470703125,0.16437702538125457,0.7151982237241645,0.00016204082829507526,-0.008343470374606393,0.008599335294439125,3.2994670661607444,0.011025995331001468,0.08975101610754423,-0.8436608530915047,0.8997742532196785,0.7118808316795627,1.0846563767080826,0.7228462616587058,0.22402554750442505,0.53880375623703,0.92330002784729,0.722846259190701,0.39121905193516127,0.0396769744104584,0.4308960263456224,2.7200464103316335e-15,0.3506640625,0.3506640625,0.22259765625,0.49025390625,0.018323075771331788,0,0.0,2.0,0.27839720796420264,0,23,625,ref,9233,0.9233,3.8666882514953613,1.1900014877319336,,,a73fa8c33eff59680bfb18c18b092ac3aced7743cb79b7ae4014924fe72bac7a,,92.52301367395557,1065512,1094076,10,SNA,2
-0.8702166528200389,1.3151093880860594,1.425704219038795,0.27015625,-0.8751442058590483,0.955021102008502,1.0304275367021547,0.25895751953125,0.1744012952924685,0.7395117178666982,-0.0018477078776331628,-0.008045070918192575,0.009359156062232272,3.351329344127561,0.013125487723154947,0.0935897944120118,-0.8109939733266424,0.9842260555017016,0.7501555637440787,1.0900915539693978,0.7354230153816752,0.3482893705368042,0.5075621008872986,0.9193000197410583,0.7354230157623534,0.40251771368114875,0.040476926321009105,0.4429946400021614,3.552713678800501e-15,0.3479296875,0.3479296875,0.222890625,0.48515625,0.019078987836837768,0,0.0,2.0,0.3992795893517039,0,24,625,ref,9193,0.9193,3.548509359359741,1.1741834878921509,,,580a07d85ddf59ad2e62b70ef4f2341a216558153318d8d59a8acdba3f835fd8,,93.48171779501718,1096148,1094140,10,SNA,2
-0.9651683192760875,1.3412945903748263,1.4428821204207918,0.24556640625,-0.9485865301072942,0.9773459778171025,1.0730600674890127,0.2407373046875,0.19374323157256326,0.7626684461842302,-0.0012065174015251565,-0.008775904215379954,0.009601726535197617,3.4029018204868224,0.010798908522119746,0.09317891059857898,-0.8881855163197705,1.011060809435205,0.7119548306559835,1.0968479415425052,0.7148412523278966,0.28843408823013306,0.5004531145095825,0.920799970626831,0.7148412523546722,0.3881602029152969,0.0363015634183707,0.42446176633366706,5.551115123125783e-16,0.3523828125,0.3523828125,0.224375,0.49376953125,0.019507068395614623,0,0.0,2.0,0.3845870760890268,0,25,625,ref,9208,0.9208,3.498960494995117,0.9871019721031189,,,35e129aa9510ddc1c37918da069376a0ae2bef072c82a1a14846c9364dad58bf,,94.47405812703073,1035036,1094140,2,SNA,2
-0.996855572844666,1.360674320704852,1.4058392150776302,0.24994140625,-0.9859946432384463,0.9943301565910557,1.1249893421215913,0.2390185546875,0.20016398095797602,0.7881941769740678,0.0003343023743497442,-0.009102322818659674,0.00958984152439761,3.4590756014621125,0.012178921536542476,0.09539683495765097,-0.9202431107729455,1.015387220395912,0.6550242917842792,1.108764912777778,0.721446306296857,0.2388739138841629,0.4933805763721466,0.9276000261306763,0.7214463051699568,0.3963610430401178,0.030837010925555765,0.4271980539656757,2.1094237467877974e-15,0.34951171875,0.34951171875,0.2211328125,0.4915625,0.019653123617172242,0,0.0,2.0,0.2923601626592059,0,26,625,ref,9276,0.9276,4.38065767288208,1.349225401878357,,,deaef2b2db2f67b0876aada8300c71330a38b718087ae984248c7eea818dd43e,,95.44878790795337,1027724,1094140,2,SNA,2
-0.8845217494998642,1.3580568470980214,1.8203155015617316,0.27326171875,-1.0259213425984302,1.0144779898636858,1.2905930596977115,0.23208984375,0.22460197452687744,0.8052606729761459,-0.0006970555851588813,-0.009433760116775098,0.010352049890485231,3.5028803501710524,0.010084449402347673,0.09661478922616452,-0.9562892944920582,1.0905736969461273,0.6577580805545956,1.1139423485822626,0.7499332136823795,0.2937649190425873,0.5272047519683838,0.9266999959945679,0.7499332150863484,0.3937908918275088,0.04814504229765183,0.441935934125164,3.3861802251067274e-15,0.3375,0.3375,0.21412109375,0.47375,0.020208311080932618,0,0.0,2.0,0.2975013921621605,0,27,625,ref,9267,0.9267,4.943625450134277,1.1540464162826538,,,142e97fdc829fdb656b2acabb72d0bfbd5e89c63a772071c60c81761cc9c7bd9,,96.70211720501538,1065540,1094140,3,SNA,2
-0.9669697241781211,1.3972008970651282,1.8296782124260382,0.26400390625,-1.0506143645923551,1.0342765943377388,1.3785155925211818,0.23185546875,0.23970746078301908,0.8309813731908937,-0.0009607603790413047,-0.009704312451735841,0.010732184059546061,3.5554710434815173,0.011225417086388917,0.09937954622770682,-0.9828631159927101,1.1304093843248344,0.6945248670316253,1.1241155974630632,0.729448829976609,0.2838713824748993,0.5042970180511475,0.9269000291824341,0.7294488317379728,0.3988452648086948,0.03807336479436791,0.43691862960306194,7.771561172376096e-16,0.34796875,0.34796875,0.220546875,0.48861328125,0.01869877576828003,0,0.0,2.0,0.3350552208016112,0,28,625,ref,9269,0.9269,3.782092809677124,1.321434497833252,,,95af452f87ee726c8369bdef1c9afedd48b79d0581597db003e8e2830ac34805,,98.00615630997345,1096168,1094148,3,SNA,2
-0.811347295201363,1.3364372027791516,1.6661162846429138,0.28154296875,-0.9786390721693847,1.0520880902207732,1.6868656453283994,0.25562255859375,0.2505272267838125,0.8525855836198588,0.003776539180722315,-0.00904284067625277,0.011705987918480473,3.5978801383791392,0.013390870062285103,0.1012510152105395,-0.9129379417348004,1.23161813350834,0.700927537236179,1.129205721883438,0.7440564515558071,0.23487931489944458,0.5196880102157593,0.9236999750137329,0.7440564486116636,0.39326387492740367,0.045047944354845854,0.43831181928225144,1.942890293094024e-15,0.34013671875,0.34013671875,0.21541015625,0.4770703125,0.02102534174919129,0,0.0,2.0,0.362385665288548,0,29,625,ref,9237,0.9237,3.69372820854187,0.9424248337745667,,,3af2f3d1a8e2f20ee7a7e5ed33db4e29dd074c0839570a009418295e8e9421ba,,99.06480832595844,1035052,1094148,3,SNA,2
-1.0196599762658207,1.4143079456115497,2.0718491122273726,0.25265625,-0.9757593896590961,1.063437526440516,1.7693485655373744,0.25619873046875,0.26218890404119277,0.8705454745845772,-0.0018350059838470052,-0.00907619536129689,0.012108293222517965,3.640582243565459,0.0120125514495885,0.10296656220824703,-0.9177330412984128,1.276400825024306,0.706577529096105,1.1332449703345335,0.7094723845610861,0.26912906765937805,0.48169901967048645,0.9262999892234802,0.7094723861420061,0.38843951134045696,0.036001316734977376,0.4244408280754313,2.9976021664879227e-15,0.35771484375,0.35771484375,0.22669921875,0.49880859375,0.017577654123306276,0,0.0,2.0,0.33981500476327997,0,30,625,ref,9263,0.9263,3.9848623275756836,1.151593565940857,,,00253dc7820b3e1e02b947f99dc9484359e0b1dee42bc16a6d6d3347645a8614,,100.11974452994764,1027740,1094148,3,SNA,2
-1.0250405385195065,1.4260754275457408,2.5747440016121357,0.26263671875,-0.9843019294812467,1.0874606542015022,2.0645412558781446,0.26078369140624996,0.292070198128615,0.8941834677769558,-0.003682991469211256,-0.009274655638511148,0.013002549529989525,3.6896111556972526,0.012175175299635157,0.10623077892856952,-0.9379002539856371,1.3755605862132851,0.7041750349385849,1.1429849839491037,0.7316515414044261,0.25437161326408386,0.4859364330768585,0.92330002784729,0.7316515390505083,0.39985675736071924,0.04059344948854525,0.44045020684926006,4.440892098500626e-15,0.35080078125,0.35080078125,0.22373046875,0.48939453125,0.018854087591171263,0,0.0,2.0,0.3766130294483087,0,31,625,ref,9233,0.9233,4.324985027313232,1.060775637626648,,,28907138b4f07f9090513ad1a2cd7c279933bac503808e48e202b3a0c3552458,,101.24627274693921,1065560,1094148,3,SNA,2
-1.0588091375251765,1.4134316516653975,2.4375427864720454,0.25203125,-1.046452801305494,1.1052918392621742,2.110890678525534,0.24973876953125002,0.31213302431359286,0.9156658894265759,-0.006128863800609084,-0.00990083658564764,0.01321291979246754,3.7295806008645225,0.010279333665966988,0.1070976344687262,-1.0039407016670678,1.395225637534113,0.7392034609156486,1.1451082462117663,0.7348778400488664,0.277898371219635,0.5016282200813293,0.9222000241279602,0.7348778397811111,0.40105916347614723,0.03901356068452577,0.44007272416067633,3.3306690738754696e-15,0.3488671875,0.3488671875,0.22216796875,0.48453125,0.019187790155410767,0,0.0,2.0,0.37705440196895484,0,32,625,ref,9222,0.9222,3.672513961791992,1.0555270910263062,,,0c54f3c4111f240f621b7efd2a33549b291ef4cf9d7adcdde4dc6a6f05236016,,102.28346623398829,1096192,1094252,3,SNA,2
-1.1011312644618492,1.4243456442603348,2.523615786125402,0.249921875,-1.1335336296243343,1.1280079312986007,2.1878997243519596,0.23209716796875,0.33227425343781436,0.9415653229830916,-0.0014376833483573314,-0.010615942461370518,0.013322925281779634,3.7654539756814684,0.007660401813918725,0.10819050582902975,-1.0798135146703196,1.4112311164525309,0.7629646225180939,1.147949571150963,0.7203650550346355,0.2721075415611267,0.47850775718688965,0.9283999800682068,0.7203650560660754,0.39523211635161287,0.03525111750693995,0.4304832338585566,3.774758283725532e-15,0.351484375,0.351484375,0.22384765625,0.49318359375,0.019218802452087402,0,0.0,2.0,0.340335810618346,0,33,625,ref,9284,0.9284,3.4233558177948,1.0674145221710205,,,7b59dea7d5e7ddeea1fc5d32edb4b47f42b868b8f95f366664db7305cbc09a95,,103.30977039795835,1035080,1094252,3,SNA,2
-1.008177696663788,1.4555891737020235,2.3714478935305676,0.26654296875,-1.0766512944878177,1.1262758173193097,2.0794405092551673,0.24052978515625,0.3083151544998348,0.9637678472634001,-0.0035857850849562558,-0.010017728905385903,0.012996865267076616,3.8083938445165804,0.008044613386737183,0.10895733768976415,-1.0181496154025316,1.3756363790499042,0.7957622315487654,1.1488730788140404,0.7379007604217622,0.26658380031585693,0.48209646344184875,0.9254000186920166,0.7379007611225825,0.4035751793090476,0.031018581205024612,0.4345937605140705,1.7208456881689926e-15,0.3415625,0.3415625,0.21490234375,0.47986328125,0.02030647397041321,0,0.0,2.0,0.32499668979121366,0,34,625,ref,9254,0.9254,4.166620254516602,1.266985297203064,,,54d0c035f9451b9810bb6e59a07c1ec22438af678dc6b582d90a66adc72f1a79,,104.35903479694389,1027764,1094252,3,SNA,2
-1.081975410874853,1.4675751724880763,2.918161307420711,0.2580859375,-1.0858423596889197,1.1418090195662918,2.2372471855878406,0.24260986328125,0.32146121392428734,0.9811065364583991,0.0011600867802501963,-0.010134996545199953,0.013343036624298572,3.8472304953440606,0.006121695079782512,0.1114116988578627,-1.032085174133028,1.4167132279621177,0.7979001802947887,1.1554098974059852,0.7254538390692323,0.28980034589767456,0.4898982346057892,0.9248999953269958,0.7254538402135949,0.39039906916639155,0.040385550581313615,0.43078461974770255,2.609024107869118e-15,0.34791015625,0.34791015625,0.2226171875,0.487890625,0.01646496057510376,0,0.0,2.0,0.3261200199155806,0,35,625,ref,9249,0.9249,3.869138240814209,1.199959635734558,,,a698054d7064786898ea8730afe430dc071a1aa7f3bee3c2293d8122a99eb946,,105.4604313399177,1065576,1094252,3,SNA,2
-1.1387924586650435,1.4591072536568106,3.1488429392313795,0.24373046875,-1.1270729549272438,1.1653011225074867,2.454039579030342,0.23976806640625,0.35560108104295735,1.0020412786590496,0.00028434641520130643,-0.01056682194538843,0.014103680809880325,3.8854339583046933,0.006426275386475027,0.11469113005726413,-1.0760158429235416,1.500785794954819,0.8261909846742546,1.1590223182115074,0.7229058740194887,0.2539854943752289,0.48203030228614807,0.9276999831199646,0.722905874530552,0.3927219438669782,0.03958890983904955,0.432310853706034,6.2727600891321345e-15,0.351640625,0.351640625,0.22423828125,0.48970703125,0.018056195974349976,0,0.0,2.0,0.3094772253732326,0,36,625,ref,9277,0.9277,4.224724769592285,1.1067492961883545,,,c1895719675ab9c261949d53543cb8977e7a21e1d68f4a35660cb1b7bf75769a,,106.53485865599941,1096200,1094280,3,SNA,2
-1.0158527058552558,1.465035011434582,2.760785045674227,0.25822265625,-1.1238779325104182,1.1771669408074443,2.5160753297814544,0.2390283203125,0.3598399733418058,1.0239626483919284,0.0019193847962231574,-0.010564432232714764,0.014236096165360599,3.9226190503097937,0.006960465703741647,0.11568281109962464,-1.075236855669031,1.5159545719314325,0.8447574298159459,1.1637121517055764,0.711695956478361,0.30333712697029114,0.4790444076061249,0.920199990272522,0.7116959566879086,0.38777071131222945,0.030548843970181556,0.4183195552824101,8.881784197001252e-16,0.35107421875,0.35107421875,0.22337890625,0.49236328125,0.019119566679000853,0,0.0,2.0,0.38458639541022144,0,37,625,ref,9202,0.9202,3.5427703857421875,1.2695873975753784,,,246aeccc08ed0d2072a099b929c71d557049ed4223b282526a66f7a5802edf02,,107.60385686100926,1035084,1094280,3,SNA,2
-0.9692057067365601,1.4941613785359407,3.0312814783996784,0.2789453125,-1.1055947139472289,1.190826623063254,2.732969907161565,0.25081787109375,0.37022952802568126,1.0442530205472798,0.0035854976232720754,-0.010335596580195956,0.014714721799222686,3.9607816796917983,0.005517360279336572,0.11867770274711459,-1.0532385375757989,1.5729454646985952,0.8912259539837117,1.1671927430841402,0.7406461810728069,0.28736358880996704,0.4769965708255768,0.9233999848365784,0.7406461814267096,0.3958887517128521,0.044605475810083825,0.4404942275229323,3.608224830031759e-15,0.34408203125,0.34408203125,0.22021484375,0.48048828125,0.018429267406463622,0,0.0,2.0,0.37748556456227395,0,38,625,ref,9234,0.9234,4.712401390075684,1.3283966779708862,,,4d5ab8fe195c7f759f0c6f8325c562f5f7e613d82b1fd82dc5c5f5521d82d990,,108.73465890495572,1027772,1094280,3,SNA,2
-1.0889202686270747,1.5367747895653856,3.0662471721868,0.26076171875,-1.1475602808724066,1.207160483916627,2.8040615370655195,0.24457031250000003,0.38908762800073454,1.0649258814484117,0.003222924480678848,-0.010761486718452572,0.01496690042954031,4.003364248492195,0.0035080284776631745,0.12161486259857454,-1.0988751232296134,1.597871276884592,0.83489577138145,1.1726419734934899,0.7197974961681757,0.2930833697319031,0.4488716423511505,0.9251999855041504,0.719797495745588,0.3923553206898072,0.03669863396828647,0.4290539546580966,2.886579864025407e-15,0.3542578125,0.3542578125,0.2254296875,0.49095703125,0.01765848994255066,0,0.0,2.0,0.378038147781412,0,39,625,ref,9252,0.9252,4.016208171844482,1.2524542808532715,,,4a0ae841c6033100a3bc03395c29ffb39333101d6b625c8f4a785e7d3914e167,,109.67643457092345,1065588,1094280,3,SNA,2
-0.9640719430250649,1.4980866716300139,2.91978559162506,0.281640625,-1.122298381499935,1.21013225835218,2.739306408487335,0.24649169921875003,0.37916154654377193,1.0872372814268356,-0.001978745266060341,-0.010520273069494983,0.014848313420596901,4.041318816967503,0.003514352827332914,0.1229246467161019,-1.0741594004920119,1.5864810117283938,0.7761297169406598,1.1743532265505425,0.7412914919026662,0.2712159752845764,0.46173667907714844,0.9200999736785889,0.7412914933625143,0.3948826854182791,0.044286001691186475,0.4391686871094621,3.4416913763379853e-15,0.34146484375,0.34146484375,0.216875,0.4801953125,0.018391722440719606,0,0.0,2.0,0.3945219947653907,0,40,625,ref,9201,0.9201,4.033212661743164,1.1621394157409668,,,adbcbbabc45b2a334722ae57b124bcb71ac56512052a3855ac0401674fc78c98,,110.58274010999594,1096224,1094284,3,SNA,2
-1.1214852375627273,1.5635519677805139,3.554346823286141,0.25787109375,-1.1412399626302405,1.2322830773357154,3.042648394500812,0.24701904296875002,0.41565776582208386,1.1096281600553182,-0.006764343189421563,-0.010741060351616389,0.015736991620330636,4.081361885052186,0.005313021820620633,0.12432781751344252,-1.0949776975638812,1.679649735083889,0.743238860402077,1.1814799814007473,0.7261469128588215,0.300972044467926,0.4405190050601959,0.9204999804496765,0.7261469107307493,0.3946171919199766,0.03321187798160818,0.4278290699015805,4.274358644806853e-15,0.3455859375,0.3455859375,0.2177734375,0.48650390625,0.02170662879943848,0,0.0,2.0,0.3494467314989019,0,41,625,ref,9205,0.9205,3.673438549041748,1.2103657722473145,,,d38ac8fa5d492c469bf0007873a731e028d8e062460533246d277ea7958a6632,,111.81656494794879,1035112,1094284,3,SNA,2
-1.214210155397018,1.5180074266396713,3.3673195950057435,0.23796875,-1.2019497647795039,1.2445033927506013,3.010535773112965,0.23291015625,0.42719870675559846,1.1279505378616326,-0.006360550049473524,-0.011352476104347316,0.015627670582406265,4.1182398277367005,0.002403207109309733,0.12488707496467036,-1.1605196041164867,1.6688381217264827,0.6944866336055977,1.182181789378687,0.7091344802547246,0.2753925025463104,0.455118328332901,0.927299976348877,0.7091344811720773,0.38963286405115616,0.031231373883208763,0.42086423793436833,3.4416913763379853e-15,0.35744140625,0.35744140625,0.22884765625,0.4934375,0.0174694299697876,0,0.0,2.0,0.30978999278477914,0,42,625,ref,9273,0.9273,4.173710346221924,1.2176247835159302,,,dd729c039a7d8073dd1463d5e52a4bbdb13a188923dc5ed9c4b2c381705a84a3,,112.90615683596116,1027800,1094284,3,SNA,2
-1.1329816980988827,1.5686042831790752,3.7268820233507647,0.26314453125,-1.1534151319230173,1.2522932492877286,3.1882442007724503,0.24258056640625,0.4353616254856464,1.1426633243026176,-0.009786567576646874,-0.010895040460623881,0.01617189377675659,4.1558910419362896,0.004491632989374921,0.12518101751541308,-1.11157247183051,1.726573083278617,0.720962411445464,1.1882519028450242,0.731513268884737,0.2661488950252533,0.45325174927711487,0.9168999791145325,0.7315132675820496,0.38412226849979847,0.047578931701610365,0.43170120020140956,7.216449660063518e-16,0.3456640625,0.3456640625,0.21830078125,0.48234375,0.018887513875961305,0,0.0,2.0,0.38995444841307075,0,43,625,ref,9169,0.9169,4.469169616699219,1.106685757637024,,,ccccb5e5e0a7aee70c4cc05597e2a4862018de1f548629ec100a7151eaaf555a,,113.83536129700951,1065616,1094284,3,SNA,2
-1.0267920662812653,1.5684525869178496,3.943101088804614,0.28091796875,-1.0819224812505486,1.2649547967541168,3.5405285508072284,0.2638037109375,0.4476314944150138,1.15591290039445,-0.003433756978214577,-0.01026664465061697,0.01689805331034288,4.189402238800768,0.004106396078132093,0.12864895310519883,-1.0475862169879928,1.8037791145281046,0.6931242934014974,1.1916675459999435,0.7378350999392569,0.29060158133506775,0.44839075207710266,0.9164999723434448,0.7378350988670718,0.3952640968651804,0.03951302602394418,0.43477712288912485,2.7755575615628914e-16,0.34283203125,0.34283203125,0.21689453125,0.4796484375,0.01836157441139221,0,0.0,2.0,0.3857100327199512,0,44,625,ref,9165,0.9165,4.2591729164123535,1.0640398263931274,,,3af2f47a70239fbb770812cd43acc1fd685cb6d2595e639255aa843da1e8352d,,114.74037980299909,1096244,1094316,3,SNA,2
-1.0291815295905358,1.562639988998563,3.9694916379472063,0.2794140625,-1.0821225583257696,1.2758131950717564,3.6711149187836885,0.264326171875,0.4631859083256199,1.1685706146414634,-0.004057214247879377,-0.010273536497753524,0.01729125253096692,4.224648719392209,0.003575022183358669,0.12920853894861145,-1.04882357662305,1.84321106467033,0.7015955046626042,1.1915171956794743,0.743153497800231,0.2435506135225296,0.4623834788799286,0.9230999946594238,0.743153497739695,0.39883746469388043,0.03704023397748897,0.43587769867136816,1.2212453270876722e-15,0.33857421875,0.33857421875,0.21556640625,0.47609375,0.021536046266555788,0,0.0,2.0,0.38840693846377167,0,45,625,ref,9231,0.9231,4.508366107940674,1.20293390750885,,,e5a38dc82f136b7f5e30501260223959a1e03d8570eb7eba6db75ea9faa167c1,,115.64537560997996,1035128,1094316,3,SNA,2
-1.1263474830819498,1.6071833635189625,4.4155545959746885,0.26369140625,-1.1338117142341129,1.2930114915641917,3.802163742063202,0.2555859375,0.48724442351378505,1.1880118116635798,-0.0033775178603096035,-0.010797328539839892,0.017577333788442763,4.258416208419486,0.0018758784653618932,0.1325571193019651,-1.104178830997604,1.8734635064712022,0.7119396401102105,1.193879261279769,0.7332151209842414,0.2724969983100891,0.46802642941474915,0.9264000058174133,0.7332151226431597,0.3914413618992606,0.04148016136230468,0.43292152326156513,1.6653345369377348e-16,0.346015625,0.346015625,0.2168359375,0.4830859375,0.0203802227973938,0,0.0,2.0,0.4138915858636121,0,46,625,ref,9264,0.9264,3.9446730613708496,1.1441551446914673,,,2366149de9e53798cef4f7bf18f2347b076213da79ef9837097f8519303a4bd6,,116.59240941598546,1027816,1094316,3,SNA,2
-1.1127973386777388,1.6264154708459448,4.3267027517895995,0.2773046875,-1.0828225833003238,1.3018783718824902,3.8679246325134726,0.27240966796875,0.48418043801560345,1.2094656215199644,0.0012412356398353664,-0.010456666137114849,0.017706696616671683,4.292844159394164,0.004423124040476978,0.135230608596397,-1.0667348743072607,1.8904207613201518,0.6833053572917904,1.200129236715516,0.7461345048225485,0.248400017619133,0.4464820623397827,0.9251999855041504,0.7461345023510512,0.3976202230912545,0.03908352670860949,0.43670374979986115,2.831068712794149e-15,0.33607421875,0.33607421875,0.215078125,0.4746484375,0.018685120344161987,0,0.0,2.0,0.36151412596922305,0,47,625,ref,9252,0.9252,4.954755783081055,1.296260952949524,,,bdfb615946bb67d80acee4aad7e2e1645c61c79fb111a859d4a0ef77a5b6b3e6,,117.45810130797327,1065632,1094316,3,SNA,2
-1.1324088032149555,1.6098470288212894,4.257304243363929,0.2683203125,-1.1792640494350568,1.3175925562432507,3.916127611996081,0.2548681640625,0.5120951334818643,1.2256580643088824,-0.0017030535231230787,-0.011371085625600472,0.01783107564058165,4.32699005512406,0.0022766697395127265,0.13859650515340133,-1.1625524601230612,1.9076203765464737,0.6483290069771432,1.2043344086461991,0.7343432382144965,0.26304349303245544,0.44236013293266296,0.9229000210762024,0.7343432392529212,0.3941276613083646,0.04085458142006988,0.4349822427284375,3.0531133177191805e-15,0.345703125,0.345703125,0.21994140625,0.48177734375,0.01850377321243286,0,0.0,2.0,0.42022717696654527,0,48,625,ref,9229,0.9229,4.094654560089111,1.1591273546218872,,,7d3e1ee8c89614f401a3fae9a7f38e6fef7d51d6aa87452df6fb940ba2b2fe9a,,118.47280111396685,1096256,1094328,3,SNA,2
-1.2144666027655686,1.678475900909651,5.042927779904767,0.26458984375,-1.3076248732142812,1.350714395054422,4.269810181058835,0.23036865234374998,0.5745108089366152,1.2495477211444763,0.0003708469261418762,-0.012530275857956632,0.018567526793089564,4.368860303952909,0.0005379774200264364,0.1402141970950484,-1.2830360633647462,1.9869170412677435,0.6234090845522506,1.2097643407817276,0.729629409504123,0.31754937767982483,0.4306858479976654,0.9126999974250793,0.7296294087148272,0.39126132063247815,0.042053991617289,0.4333153122497695,2.3314683517128287e-15,0.3474609375,0.3474609375,0.22126953125,0.48572265625,0.019178205728530885,0,0.0,2.0,0.3517446242389263,0,49,625,ref,9127,0.9127,5.527778625488281,1.4050251245498657,,,13404b6152eaa1d7a4cd2a90430b1eef95b843aada8e53e85434bca31f2e9073,,119.41008430893999,1035140,1094328,3,SNA,2
-1.1912593062375478,1.7037484408675752,4.812772375461479,0.26591796875,-1.1900369792151282,1.3566681654732586,4.429785285443364,0.25478515625,0.561966765766498,1.2722537961198506,0.006327949322228589,-0.011538190869489229,0.018912308609049085,4.403724068893487,0.00306654843268916,0.1424578774430218,-1.1788804769627605,2.0237769385381497,0.6270232301941193,1.2162435275110701,0.7286526740714908,0.2629495859146118,0.4210180342197418,0.920199990272522,0.7286526743520517,0.3959217538591696,0.03824228424299356,0.43416403810216614,2.942091015256665e-15,0.3486328125,0.3486328125,0.22271484375,0.487421875,0.019180667400360108,0,0.0,2.0,0.3944226475314996,0,50,625,ref,9202,0.9202,3.7392072677612305,1.2376658916473389,,,bc04631707335e9bad9580b8e981ccc51ee70ce9106ce7afc5204c9ee51354fb,,120.26102819200605,1027828,1094328,2,SNA,2
-1.194713190553894,1.6744575414531546,4.860378218850879,0.280390625,-1.2376220719532345,1.3687972249883973,4.470140285204709,0.24779296875,0.5723160188690531,1.2928469120346668,0.008442912232217535,-0.011871843010151177,0.01894474446008164,4.444189969032352,0.0010429490241222084,0.14398546827340344,-1.2150826715803067,2.0314199142770333,0.7057762905100478,1.2207334217440065,0.7597679637523833,0.25823667645454407,0.40440356731414795,0.9241999983787537,0.7597679637942929,0.4018768881528308,0.043185108356376636,0.4450619965092039,3.497202527569243e-15,0.33208984375,0.33208984375,0.2129296875,0.46556640625,0.019592201709747317,0,0.0,2.0,0.38095251970088173,0,51,625,ref,9242,0.9242,3.7133703231811523,1.06197988986969,,,0532f477febb56fda7794475028ad8a2a8d4dfb6e377e245c52d20097e7702cf,,121.03652832598891,1065644,1094328,2,SNA,2
-1.1519978697108755,1.6296459810831019,4.346869742619179,0.262109375,-1.258434713132097,1.3805772192473333,4.543288249406044,0.24918212890625002,0.5846778157785236,1.3102229144649733,0.011092728061202763,-0.012020384621602789,0.01913506683964148,4.474778312594898,-0.00019804235140327364,0.14410625902209595,-1.2315399406018313,2.047063683805057,0.7517995146501766,1.2212210055934283,0.7228149860457052,0.2810182571411133,0.426457941532135,0.9218999743461609,0.7228149872319772,0.3930519002472807,0.0378999354486074,0.4309518356958915,3.3861802251067274e-15,0.34966796875,0.34966796875,0.225,0.4902734375,0.01823176145553589,0,0.0,2.0,0.4512460576212677,0,52,625,ref,9219,0.9219,3.392303705215454,1.1113423109054565,,,b5a2395cdf56c1922b74d3d42f798a7d30b26279b889af3545e22ce4f3d72847,,121.88365143095143,1096280,1094344,2,SNA,2
-1.1675747046853946,1.6848165688619707,5.4496650791783425,0.27298828125,-1.2379442461418888,1.3918617836643274,4.724792170377372,0.25481201171875,0.5939715581348189,1.3304422527161983,0.012865413974225652,-0.011754336598846353,0.019508789867658017,4.507718510981115,-0.0004325145378243178,0.14654765086800414,-1.2045210354896647,2.0876189854485268,0.7370451998414406,1.2225877122495488,0.7356702606647741,0.2927530109882355,0.4237603545188904,0.9200000166893005,0.7356702590454369,0.3996134647983034,0.03340251727483452,0.433015982073137,8.881784197001252e-16,0.3430859375,0.3430859375,0.21744140625,0.4803515625,0.020152246952056887,0,0.0,2.0,0.38015205560224535,0,53,625,ref,9200,0.92,4.656543254852295,1.2854082584381104,,,865dca05a0c77c12e7bec023e3951ef9cd4287c31d8fb94a10e868603cbcd50f,,122.88047614798415,1035168,1094344,2,SNA,2
-1.261125690982607,1.699056160309489,5.77603954505593,0.263203125,-1.2335722195500927,1.4043460908635994,4.913174579477368,0.25530761718749995,0.6118201542690678,1.3502593352948495,0.010108453359955569,-0.01175369161461434,0.019904684975393896,4.539069925405149,-3.211466100765392e-06,0.1489883255556277,-1.204025661644535,2.131245620434578,0.7675744739831658,1.2253466210942532,0.7356113613059279,0.2964945137500763,0.4206211268901825,0.9151999950408936,0.7356113623816054,0.39361143019650136,0.041667189399073205,0.43527861959557623,1.6653345369377348e-15,0.34484375,0.34484375,0.2196484375,0.48107421875,0.018538886308670045,0,0.0,2.0,0.4413877257259267,0,54,625,ref,9152,0.9152,4.1245341300964355,1.1072689294815063,,,eb2bacb0907dc5136d18ae6fefb62c8b7ed0506e660feefc60a0c6edd5f1fba9,,124.26345358300023,1027852,1094344,16,SNA,2
-1.2205577311295215,1.735096536417199,5.597071333294466,0.27791015625,-1.23084300085463,1.4205914976336027,5.172021944546037,0.26217041015625003,0.6299135994824634,1.373659652018336,0.01450695164808269,-0.011772891372644624,0.020286622755501766,4.571658652878249,-0.0011792110116221012,0.15256171607430238,-1.207168442390757,2.175937412715502,0.761109407351601,1.2297223661483698,0.7426275269850158,0.28284701704978943,0.41483980417251587,0.9161999821662903,0.7426275270734913,0.3949857757835653,0.04200600202780473,0.4369917778113732,3.164135620181696e-15,0.3417578125,0.3417578125,0.21705078125,0.47669921875,0.020364105701446533,0,0.0,2.0,0.4375488525509859,0,55,625,ref,9162,0.9162,3.665268898010254,1.1555603742599487,,,8cc250a2a6108d8bb5cf68375c659ac890ceaef409f9be3273693c02735068b5,,125.67765783297364,1065664,1094344,6,SNA,2
-1.2107762125175592,1.7433022275547938,5.948380621126988,0.2763671875,-1.222991872667339,1.4378218006418981,5.4233251780275875,0.26870849609375,0.6538323365801344,1.400972383671507,0.012526810149469101,-0.0117021694308612,0.02083499908990921,4.6093286496765,-0.0008501146349590272,0.1547281341757416,-1.1995947450479105,2.2329272415893104,0.8014503483831197,1.2347455996986287,0.7476550204656087,0.2629879415035248,0.40600842237472534,0.9158999919891357,0.7476550221373327,0.4029008210518269,0.037216035403462806,0.4401168564552878,1.887379141862766e-15,0.3378125,0.3378125,0.21373046875,0.4751171875,0.021112215518951417,0,0.0,2.0,0.4049114642629519,0,56,625,ref,9159,0.9159,4.087705135345459,1.2257001399993896,,,e599d600b9de965b201a74c77e1ab7bd9bc2879a3afcd7c46220926b69109105,,126.44244276802056,1096292,1094504,6,SNA,2
-1.2277953871940328,1.7234261693355122,5.519624853426626,0.2681640625,-1.2379285055147489,1.440167329341789,5.31438654685718,0.26345703125,0.6463827618020238,1.4129741785083112,0.01472499619312536,-0.011813684525414083,0.020614765936554095,4.6417569447139035,-0.00237740135518834,0.15627495689149665,-1.2125453940425504,2.2109269602129342,0.8752324088709802,1.2364377020685728,0.747885179091245,0.34236884117126465,0.4111836552619934,0.9157000184059143,0.7478851773659698,0.3992710919825895,0.043613869245658944,0.4428849612282468,1.6653345369377348e-15,0.33916015625,0.33916015625,0.2154296875,0.47568359375,0.020964062213897707,0,0.0,2.0,0.4469759858280614,0,57,625,ref,9157,0.9157,3.680027723312378,1.125422716140747,,,633b4a19b4ce3b2a3f5cde8141aebf7b55d7dead54ebe8b8057f533d892e8a5f,,127.28220180200879,1035176,1094504,6,SNA,2
-1.2419776764868637,1.757527684802146,5.9854985982364965,0.27486328125,-1.2668430380075066,1.4600092297887877,5.5945169400186225,0.26453125,0.6779361253328233,1.4375650397394708,0.016125785996155228,-0.012103452387484271,0.021109143464801586,4.672797061891819,-0.003469131791498512,0.15914107768292135,-1.243320310214218,2.263973367543723,0.9083965229219111,1.2379103890255798,0.7514501267531887,0.26780271530151367,0.4065832495689392,0.9251999855041504,0.7514501253911294,0.4009765766769946,0.04052517489303931,0.4415017515700351,1.1657341758564144e-15,0.3369140625,0.3369140625,0.215703125,0.47208984375,0.019816899299621583,0,0.0,2.0,0.34015864965869086,0,58,625,ref,9252,0.9252,4.552287578582764,1.3095951080322266,,,c360ac23e56651e7d47a0c9cb0fecb693b46e7c8f4bd3e11ee32b747f4949c61,,128.18311451200861,1027864,1094504,6,SNA,2
-1.1840556018399702,1.7274139493320697,5.08596390347762,0.2774609375,-1.2509086492272952,1.4655185081612865,5.687311405621625,0.27259033203125,0.6764492099722608,1.452294172118867,0.019001115672154935,-0.012076829978060541,0.021093625743263494,4.705827026670711,-0.001756243702257052,0.16016793532253396,-1.2388802807573953,2.261697554097633,0.9404354952494758,1.2409252743203334,0.7401350227405783,0.2776612341403961,0.4233708679676056,0.9207000136375427,0.7401350241282489,0.39928732645148757,0.038920458309002315,0.43820778476048977,1.1102230246251565e-16,0.34177734375,0.34177734375,0.21875,0.4808203125,0.019022113084793093,0,0.0,2.0,0.2513311241578986,0,59,625,ref,9207,0.9207,4.592966556549072,1.35593843460083,,,9d4f166926d613f0aa17cbf96d73e0018f756455c01552b27d9cc2f7a1f385d9,,129.08431076293346,1065680,1094504,6,SNA,2
-1.18427638680745,1.739897179000326,6.4159341361476905,0.273203125,-1.2474659720355477,1.488994177965525,6.134775639684038,0.2755615234375,0.7295178092599408,1.474670133067808,0.012915719687480327,-0.012077516559415857,0.022164679533039456,4.731466783568218,-0.0024097669939510524,0.16286651275101374,-1.2396041359407857,2.3734370602603936,0.869882662955625,1.238164697379226,0.7380959723237902,0.2937094569206238,0.42370566725730896,0.9093000292778015,0.7380959748115856,0.3943692017694802,0.04181858323863879,0.43618778500811817,8.326672684688674e-16,0.3426171875,0.3426171875,0.21908203125,0.48013671875,0.01933266520500183,0,0.0,2.0,0.39305440278965775,0,60,625,ref,9093,0.9093,4.111443996429443,1.2283320426940918,,,08012bd460a71653f2ee49a615754f15dc5c7e7bc49a24c2372bd3a1ad8a1967,,129.95910920994356,1096308,1094564,7,SNA,2
-1.20785078365638,1.8097718972185661,6.894306451647339,0.288046875,-1.2131130591786807,1.4971823136348867,6.306879197204835,0.28121337890625,0.7410122821312412,1.4931375964146298,0.007405001715241661,-0.01173473603024963,0.022571538057954407,4.765424304056225,-0.002922531867661746,0.1628218166906849,-1.2050032134614086,2.4145481490008613,0.8665900728298304,1.24565288322552,0.7570667696779129,0.2665194571018219,0.39859136939048767,0.9229999780654907,0.7570667692692951,0.39982178988780886,0.0452229999340687,0.44504478982188184,4.274358644806853e-15,0.33373046875,0.33373046875,0.21046875,0.4710546875,0.019552648067474365,0,0.0,2.0,0.4929162987632056,0,61,625,ref,9230,0.923,3.559190511703491,1.1645355224609375,,,414dc6cb43ac8076c851ad4661bf41b49baa30a2e17c9b820c0a8abb2bdc98c7,,130.8032782919472,1035188,1094564,6,SNA,2
-1.3342805274143004,1.791973043141919,6.6185264600272715,0.26765625,-1.2090938698447022,1.4917911047077415,5.934295857997176,0.27993896484375,0.7049760838209077,1.515181598425732,0.005283017838504086,-0.011645327352257451,0.021910996184975606,4.790561819064549,-0.0029629556951113046,0.16456364432502463,-1.195884807954804,2.350737451673653,0.9003493581321744,1.246460372390295,0.7464223812904675,0.27078691124916077,0.4116882383823395,0.9210000038146973,0.746422381188022,0.3969553723682918,0.039846948646569985,0.436802321014861,8.326672684688674e-16,0.33677734375,0.33677734375,0.2144140625,0.47427734375,0.018737494945526127,0,0.0,2.0,0.30606526039334747,0,62,625,ref,9210,0.921,7.188588619232178,1.3618767261505127,,,42dfac496810d99a0d2786ec3ba4a5a71ed26a94b78f29ddcfc2011164b78763,,131.6942472869996,1027876,1094564,6,SNA,2
-1.1336583682673496,1.8111434488610907,7.503577349192413,0.2948046875,-1.230942334293747,1.511315448485257,6.410917761564004,0.28004882812500004,0.7545462434600829,1.5341696946256087,-0.004641553255498807,-0.011807377712546252,0.022794393078551516,4.823731912025806,-0.0013121222157496959,0.16761836397030466,-1.2108340587931743,2.4460877169112707,0.9015639674461107,1.2510450084741305,0.7640836285043042,0.27076876163482666,0.4152669906616211,0.9218000173568726,0.764083627195796,0.4010330516712084,0.04535796362394324,0.4463910152951533,1.6653345369377348e-15,0.33072265625,0.33072265625,0.209296875,0.465234375,0.021020430326461798,0,0.0,2.0,0.41702949355400687,0,63,625,ref,9218,0.9218,4.310179233551025,1.157165765762329,,,17919f70c327be62cfce8cb4c77eb9aa34088764396109e51d60fcca31f41dbc,,132.68797350500245,1065696,1094564,7,SNA,2
-1.3200811103563037,1.8083377005653594,6.944279617254654,0.26193359375,-1.2447704451689316,1.5216875721883392,6.399594493621114,0.2751171875,0.7559645548500626,1.5590927268685413,0.0004757856338378387,-0.011943194591928523,0.022750765673065547,4.856713298939597,0.00021754260640591383,0.16911273150045442,-1.223217177907438,2.442856158134732,0.9001496876364263,1.260538110557858,0.7337814010551665,0.3228326141834259,0.41194623708724976,0.9217000007629395,0.7337814006721601,0.38653695513397307,0.042733941067503195,0.42927089620147074,5.551115123125783e-15,0.34046875,0.34046875,0.2159375,0.48009765625,0.019644790887832643,0,0.0,2.0,0.4464151691075203,0,64,625,ref,9217,0.9217,4.325213432312012,1.2267497777938843,,,68381896964306e3c9f5406555a54fdd2bad369d570141056950fd0b9a3802f9,,133.54105981299654,1096324,1094564,7,SNA,2
-1.292328166023981,1.797009155026605,6.511527258357388,0.26970703125,-1.2871335667812258,1.5250876812986167,6.215812029769065,0.26863525390625,0.7519420877010329,1.578685991949522,-0.004735644001763743,-0.012360416190654146,0.022448702472907072,4.885187045525666,-0.0020399890074622815,0.169181842857576,-1.2682139771519445,2.409367725757439,0.9046870498934342,1.2606719448914097,0.7392281875468325,0.29159608483314514,0.40654388070106506,0.9176999926567078,0.7392281877587084,0.39483383299769825,0.043451647740148314,0.43828548073784596,6.106226635438361e-16,0.34431640625,0.34431640625,0.217890625,0.48095703125,0.018837791681289674,0,0.0,2.0,0.385170487800138,0,65,625,ref,9177,0.9177,4.441027641296387,1.1639903783798218,,,6ba572072f2d94af21d1aa8a5ca86538f8731260c1865927aed63044a10029f1,,134.38271169597283,1035208,1094564,7,SNA,2
-1.4663143846698745,1.8179595717026555,6.587353338420827,0.24765625,-1.3808550276876619,1.541331878390178,6.342188151461715,0.25691894531250004,0.78985464535888,1.596245337599185,-0.010396023616271219,-0.013363121616507252,0.02261112173165941,4.919091675319002,-0.0049263830439304004,0.17207019750922448,-1.3738153209444324,2.429616409159389,0.9114478637984227,1.268001839711823,0.7227169423166196,0.3225114941596985,0.39268580079078674,0.9203000068664551,0.7227169409382622,0.3887910797250496,0.03823431645877682,0.42702539618382895,2.4980018054066022e-15,0.35083984375,0.35083984375,0.2209765625,0.4886328125,0.020266515016555787,0,0.0,2.0,0.39389299746119427,0,66,625,ref,9203,0.9203,4.6623735427856445,1.403327465057373,,,6f5e88bf92e4375441a9e4d7d98cfca47becc02966264f6797e663428b01a729,,135.24990865099244,1027896,1094564,7,SNA,2
-1.4842586845206263,1.8707134048745484,6.7319322092942215,0.24822265625,-1.4779535697038755,1.5495824295504863,6.090858216065708,0.23601318359374998,0.7889913101880215,1.6165001969430466,-0.004285801159480079,-0.01425346002993929,0.02204360929835725,4.95359640514244,-0.006371599002741277,0.17251363364522648,-1.4664648557825584,2.3709452313646473,0.8660911680632066,1.270825997583347,0.7272580467711669,0.3041650056838989,0.39126479625701904,0.9236000180244446,0.7272580450365785,0.3946571875916238,0.037990324471606975,0.4326475120632265,4.3298697960381105e-15,0.34859375,0.34859375,0.22251953125,0.486796875,0.01888486742973328,0,0.0,2.0,0.4747468971019585,0,67,625,ref,9236,0.9236,3.7312886714935303,1.0871211290359497,,,9a7b3060fced0071ffee416ca627b5ef444f84bfe5fe7e187bea823a71a95783,,136.15045258402824,1065708,1094564,7,SNA,2
-1.3161466101464994,1.8439338938819554,7.708596715326096,0.2641796875,-1.4401405769188371,1.5727270925198829,6.717028493445481,0.25133056640625,0.839076120794113,1.635280214951859,-0.0008858281999284462,-0.013979742402842998,0.023181700507458512,4.977349021284127,-0.006193940537050366,0.17620259014840733,-1.4382481625319385,2.4934231872355896,0.8568464262411378,1.2691545226656604,0.7222655042889528,0.24851419031620026,0.3947865664958954,0.9264000058174133,0.7222655037464574,0.3871993269668913,0.039704338557521764,0.42690366552440895,4.107825191113079e-15,0.34859375,0.34859375,0.2219921875,0.48904296875,0.02032568454742432,0,0.0,2.0,0.4564283890344627,0,68,625,ref,9264,0.9264,3.919914960861206,1.0594538450241089,,,0c6533730045b1d115a6b42a9613270969c41d30c8df3aaf3281de42eef16206,,136.96801660000347,1096332,1094564,7,SNA,2
-1.2880471265085631,1.8763912316541043,7.659882167736314,0.27625,-1.4254924969540017,1.5829961067944747,6.916995904768818,0.253173828125,0.8505799278883085,1.6547981343959663,0.0004986118421895025,-0.013898665693282472,0.02344565237321893,5.00610579513334,-0.006971175765211228,0.17935673436308347,-1.4307200770405997,2.525222948520432,0.9426420139135132,1.2665495975565997,0.7382392182014883,0.30894461274147034,0.3936161696910858,0.9075999855995178,0.7382392183016054,0.3906092232506977,0.04182131787727347,0.43243054112797064,5.551115123125783e-16,0.3405859375,0.3405859375,0.21708984375,0.4774609375,0.019026082754135133,0,0.0,2.0,0.4708068617583839,0,69,625,ref,9076,0.9076,4.254261493682861,1.1689984798431396,,,c4f4d51e11327f19ed34b0ba0b42d94069abde858515180f39ec1d778ed806a9,,137.77709910692647,1035212,1094564,7,SNA,2
-1.3770640747267024,1.8706929085732207,7.859224219928674,0.2671484375,-1.4106068849155786,1.588012799925009,7.047192084463322,0.25846923828125,0.8557106263738227,1.673943340123893,-0.007869313772049129,-0.01363878982038532,0.023692529135530275,5.038977398017671,-0.0064018660946749155,0.18058568637786676,-1.4035296515974796,2.552131428212337,0.8522028035504566,1.2757939303079175,0.7370478343265131,0.290754109621048,0.4016769230365753,0.9243000149726868,0.7370478350808845,0.3970874327403414,0.033795985093671835,0.43088341783401574,2.4980018054066022e-15,0.34037109375,0.34037109375,0.21451171875,0.48,0.02153952717781067,0,0.0,2.0,0.40714024036096386,0,70,625,ref,9243,0.9243,4.408823013305664,1.1527180671691895,,,0a11a3499a926326debb189bf23570a9b3dfc8cf815d369b714403749fec18a8,,138.63371853902936,1027900,1094564,7,SNA,2
-1.2923758114831378,1.9058277530425465,7.435045562827025,0.28630859375,-1.3502155361087675,1.5805134133054521,6.800407549936109,0.26600830078125,0.8206938672057738,1.6935461015761981,-0.016217319143521404,-0.013087217080283558,0.023355827214100962,5.06914548154452,-0.005591724838595837,0.1818287673774672,-1.3462176057684392,2.5175031234569722,0.8645170541672618,1.2759532401836322,0.7539644328691065,0.2704252004623413,0.38212597370147705,0.9144999980926514,0.7539644321030937,0.4035061646594441,0.037491077245302595,0.4409972419047484,1.7208456881689926e-15,0.33453125,0.33453125,0.2112890625,0.47123046875,0.020756667852401735,0,0.0,2.0,0.3973753071824286,0,71,625,ref,9145,0.9145,3.494401216506958,1.2758313417434692,,,ad6501ef2b3cc6129d335bd454554926c0ad57fbf13de476d0ce932ff3eceb4d,,139.48898521997035,1065716,1094564,7,SNA,2
-1.3711912921723823,1.8773704382207375,7.878820913109356,0.26083984375,-1.3182241860138049,1.590492658945144,7.082541455726091,0.27506835937499996,0.8455627654233279,1.7047616674840214,-0.0206575347489545,-0.01281219998313151,0.023965333557740668,5.092168400577394,-0.0059155160980299114,0.185596136818413,-1.318369247373866,2.5860973724512357,0.8815978685887245,1.2796104074253107,0.7326999990083277,0.3175957202911377,0.3903018832206726,0.9067000150680542,0.7326999996823724,0.3970230137531247,0.036872624356707545,0.4338956381098374,5.162537064506978e-15,0.34541015625,0.34541015625,0.21908203125,0.4838671875,0.020376747846603396,0,0.0,2.0,0.3268028638643846,0,72,625,ref,9067,0.9067,5.212713718414307,1.3467861413955688,,,dd979fbbeb8a6c8cc62c092f0f110daf880b5941f36ffb9a5d3d853668bbd3e5,,140.31722693995107,1096344,1094564,7,SNA,2
-1.4433191901816056,1.8808616110256595,7.2374243968202885,0.25279296875,-1.3679149113807256,1.5971848123510861,6.978833672203011,0.26677978515625,0.8532116979114412,1.721642191613161,-0.023854564719627377,-0.013314237865561804,0.023830675692240396,5.115169538136896,-0.005421985073480755,0.18530636989277238,-1.3693033784920374,2.5685520053605693,0.8902138131052675,1.2811668172628348,0.7198703469312749,0.2597981095314026,0.3802276849746704,0.9179999828338623,0.71987034699996,0.3915120487975095,0.034614330537659437,0.4261263793351695,5.551115123125783e-16,0.3524609375,0.3524609375,0.22443359375,0.49001953125,0.019230133295059206,0,0.0,2.0,0.4016902692836995,0,73,625,ref,9180,0.918,5.297030925750732,1.2663503885269165,,,7d141eaead91cd15be99af6e379c163c86b8822cbe7e6a027662c3bffea41eaa,,141.18720524094533,1035228,1094564,7,SNA,2
-1.190048833419592,1.8711528088083225,7.763328119552698,0.293828125,-1.2747640918515597,1.5992390073940945,7.109974356780462,0.28462890625000004,0.8430097096801984,1.738180705813312,-0.023625012722661997,-0.01247860387756181,0.024094488214492272,5.140332169617844,-0.0035525656858226284,0.18706409482476985,-1.281833441864916,2.5974250218075823,0.9053937475333022,1.2803730919639025,0.7634350915229879,0.26178452372550964,0.388911634683609,0.9221000075340271,0.7634350901958533,0.40094527620270937,0.04335119846939284,0.4442964746721051,2.886579864025407e-15,0.32943359375,0.32943359375,0.2071484375,0.46421875,0.021003377437591553,0,0.0,2.0,0.5085860126603395,0,74,625,ref,9221,0.9221,4.08197546005249,1.139256477355957,,,3ccf000fe0a791790c3336266c6bb16d32e29f77d98890ff3a7984fa34c9b482,,142.07484091201331,1027912,1094564,6,SNA,2
-1.358733540806354,1.9018968781324603,8.195244379308406,0.26466796875,-1.2822994540222317,1.6091700456981104,7.220476125550127,0.28622802734375,0.8510451494705173,1.7545168245899412,-0.016133738088400143,-0.01258385526086419,0.0241852107887673,5.168409742021165,-0.004148444817401469,0.18822457341699306,-1.2932110423963343,2.608615303243606,0.9005340116478615,1.2810313003672946,0.7403711364150513,0.27100417017936707,0.3908281624317169,0.9229999780654907,0.7403711369424127,0.3904598856726146,0.04496869275420175,0.4354285784268088,7.494005416219807e-15,0.34029296875,0.34029296875,0.215546875,0.4783984375,0.020163857936859132,0,0.0,2.0,0.4115421377906196,0,75,625,ref,9230,0.923,5.212531089782715,1.2608869075775146,,,00e93319dd2661e8911b2848983185c018be551f3b6eb7a7fe762d306d276f29,,142.9931225409964,1065728,1094564,7,SNA,2
-1.3790445408819452,1.9296448172902725,8.079229094848754,0.27076171875,-1.316535200071169,1.6212315001794166,7.33236343947519,0.27802978515625,0.8684512818141867,1.778027144385891,-0.01808684902607631,-0.01294980505734718,0.02430601546499488,5.19640218593266,-0.0040732665732502935,0.19051500620505582,-1.3306229605514028,2.625023227096082,1.014239124262882,1.2833232335965443,0.7400545475073159,0.28956177830696106,0.3823530375957489,0.917900025844574,0.7400545474782121,0.39975253082254264,0.03481917192521998,0.4345717027477612,1.4432899320127035e-15,0.3422265625,0.3422265625,0.21771484375,0.4776171875,0.019690483808517456,0,0.0,2.0,0.40892503222164744,0,76,625,ref,9179,0.9179,5.024070739746094,1.453304409980774,,,fb805e588e7858747665a379f73d8b5576b494cbcf4733b1c8b8e286df6e3c5b,,143.86379901494365,1096356,1094564,7,SNA,2
-1.4515763801033745,1.911217623812224,7.346528212719239,0.2610546875,-1.3325880760937978,1.6401596028415493,7.660904080727867,0.27926513671875,0.9050581826941151,1.8000539860416636,-0.01498864594242929,-0.013124897569646979,0.024863392658608072,5.228180843239301,-0.003349353119265288,0.1911014221170828,-1.3478351409289915,2.678897968290121,1.0750241263471287,1.28854498496989,0.7308741723932326,0.2878701984882355,0.38726070523262024,0.919700026512146,0.7308741705806461,0.39466196242982265,0.03541320967990281,0.4300751721097291,3.6637359812630166e-15,0.34408203125,0.34408203125,0.2200390625,0.48244140625,0.017238885164260864,0,0.0,2.0,0.39144361032727476,0,77,625,ref,9197,0.9197,4.766372203826904,1.2703813314437866,,,16425c388531a975b6b1cc43a405fcd2e46dea07c6220fbd6a4362e51d143153,,144.6609179599909,1035240,1094564,6,SNA,2
-1.3569055277596778,1.9271233701050308,8.258587019649848,0.27232421875,-1.3401275258095695,1.6314480752865541,7.28181772713659,0.27135986328125,0.8714289225443963,1.8123692321135183,-0.022175332301712397,-0.013146406718199001,0.024253915419025045,5.25424064059084,-0.005909574072575197,0.1907618539681158,-1.3525987119947596,2.615344310431263,1.0910489768238656,1.2866495697703026,0.7337312277802266,0.27956441044807434,0.3883436620235443,0.9135000109672546,0.7337312280014158,0.38699415716762187,0.048602608764077314,0.4355967659316971,2.0539125955565396e-15,0.34619140625,0.34619140625,0.21849609375,0.48515625,0.019285142421722412,0,0.0,1.9999998807907104,0.4473750417924433,0,78,625,ref,9135,0.9135,3.849324941635132,1.2250776290893555,,,28e4d65223674011f8a82be8f97ea5fcc343cb51665f6da9c4d2ce58e6436fd9,,145.5135657649953,1027928,1094564,6,SNA,2
-1.404562271943013,1.9253517332899734,7.643935020590235,0.26865234375,-1.2968249705665147,1.6333517570935498,7.1231131200306255,0.2781982421875,0.852927603459264,1.8430778641888488,-0.028167505247526706,-0.012702634924567717,0.02415708964493412,5.285507415178323,-0.007734291201923042,0.19185531866656028,-1.3089644176231026,2.60585523403393,1.0289419797243187,1.2900184809624522,0.7327537198143546,0.29635682702064514,0.3696286678314209,0.9193000197410583,0.7327537191740703,0.39555564107312713,0.04031567465804773,0.43587131573116905,5.828670879282072e-15,0.34638671875,0.34638671875,0.22623046875,0.48357421875,0.017548865079879763,0,0.0,2.0,0.4162631292862484,0,79,625,ref,9193,0.9193,4.149344444274902,1.1010196208953857,,,68c1b0a371c9d31fcbe368a5de6a0af2f1d4606d7d5f1a845cf6e24a93c0fe4d,,146.34947368199937,1065744,1094564,6,SNA,2
-1.2645143114682103,1.9339966210531052,8.734123729893163,0.2949609375,-1.3187617182514837,1.6490969790780148,7.40826781352391,0.2757666015625,0.8829458564083472,1.8636616461359141,-0.02708665614002757,-0.012887007990629336,0.024598048693548737,5.30997356573531,-0.008691344103717712,0.19539374231068468,-1.3288082439766016,2.6560711690026833,1.0927670665529416,1.29167186414069,0.7695855355088134,0.304767370223999,0.3770122230052948,0.9200000166893005,0.7695855354901869,0.4038904624734883,0.0436642292587654,0.44755469173225376,5.551115123125783e-17,0.3265234375,0.3265234375,0.2094140625,0.461484375,0.021566349267959594,0,0.0,2.0,0.505352175135722,0,80,625,ref,9200,0.92,3.779791831970215,1.0253630876541138,,,4736866cdc6f0190905149be831ab25125213007d8e37b49c5a41b85e89e0ecd,,147.32094621099532,1096372,1094748,6,SNA,2
-1.2499110325554768,1.9563437065574865,8.352069631184706,0.28806640625,-1.3759632153929326,1.6546204451457973,7.331617422213953,0.26444091796875,0.8886009508386666,1.8809510107189107,-0.031783144063101496,-0.013356823832936156,0.02444735619517724,5.333374111691538,-0.009742801126412815,0.19833121065811782,-1.3779866078583771,2.6437877758803707,1.055444261676791,1.2926769687368362,0.748091733653564,0.2637985944747925,0.36447829008102417,0.9168000221252441,0.7480917343625333,0.3969629047810544,0.037966980294196054,0.4349298850752462,4.218847493575595e-15,0.3357421875,0.3357421875,0.21146484375,0.469453125,0.02018054723739624,0,0.0,2.0,0.45838725742417635,0,81,625,ref,9168,0.9168,4.580563545227051,1.0756158828735352,,,ecff263d56849d1991786e98047196b91ecec67feb88f1e32ed098f0606c2b0e,,148.28647563199047,1035252,1094748,6,SNA,2
-1.353943827295353,1.967338475382875,8.473191618548878,0.2751953125,-1.3655882664979055,1.6605654107408998,7.484960717333498,0.264169921875,0.8991055763086946,1.893182842220366,-0.034810935179966904,-0.013364161475089825,0.024630298155283708,5.356649853375119,-0.008884927750332281,0.20048748269138725,-1.3778803864886677,2.663641902262692,1.0845349067684347,1.2951849158392912,0.7445643663185183,0.30913782119750977,0.3761421740055084,0.9129999876022339,0.7445643693674355,0.3928638653057538,0.04678221634845589,0.43964608165420704,2.6645352591003757e-15,0.33974609375,0.33974609375,0.217578125,0.47583984375,0.017239856719970706,0,0.0,2.0,0.44515788258914846,0,82,625,ref,9130,0.913,4.499752998352051,1.188984751701355,,,7c506302198c52d28e9909e8e857bf5cf051f836421500e36f6b9270d1b2bc71,,149.1348763939459,1027940,1094748,6,SNA,2
-1.4989012796903232,1.9717414612050517,8.419121388994721,0.25802734375,-1.351085945300384,1.6633042569298602,7.336625405132887,0.27423583984375,0.8755220358967901,1.9136226463080697,-0.022563631083866137,-0.013207931670408481,0.02429415091560634,5.387788414568913,-0.009500561545137317,0.20177205955583763,-1.3624921809459287,2.630490356778964,1.0839484671535553,1.3000117572823182,0.7202437343937345,0.31169793009757996,0.37810590863227844,0.9128000140190125,0.7202437350631226,0.3970693736929768,0.02998596991994017,0.42705534361291514,1.8318679906315083e-15,0.35232421875,0.35232421875,0.22400390625,0.4903515625,0.017202848196029664,0,0.0,2.0,0.4713379905169838,0,83,625,ref,9128,0.9128,3.7723476886749268,1.3875901699066162,,,3b37ab70e97956523c067a4f60aa5f28b98c5565bfacd0035ea01dbadc53be0f,,149.9878807689529,1065756,1094748,6,SNA,2
-1.54443438001872,1.9511195092091833,7.672859144680425,0.2437109375,-1.364272080933173,1.6672620709232757,7.272727044726778,0.27273193359375,0.8689038505564264,1.926553937705542,-0.015694975122598626,-0.013297701512316398,0.024125634365597164,5.41086368806295,-0.00931094645522535,0.20308299802613136,-1.3714983920313188,2.614384845166622,1.0586243871029726,1.3026424196532878,0.7079574103921186,0.2861134111881256,0.3660980761051178,0.914900004863739,0.707957410622621,0.383789034084887,0.03410465297823082,0.41789368706311314,4.718447854656915e-15,0.35541015625,0.35541015625,0.22599609375,0.49525390625,0.018578827381134037,0,0.0,2.0,0.43792359087255184,0,84,625,ref,9149,0.9149,4.701645851135254,1.1411408185958862,,,5a5380a316d20763b58b944a3392bd049e002066160988b087c630c92aec8740,,150.85038935299963,1096384,1094748,6,SNA,2
-1.357973838888137,1.9717956096053066,9.417264531956693,0.27232421875,-1.2974643270538553,1.689919181191853,8.040787978387996,0.2893798828125,0.9201970248921139,1.9450652386980658,-0.009435424630036512,-0.012595439448002742,0.025397400573568034,5.4282879114116005,-0.008252274510450661,0.20759669180621246,-1.2985015308719352,2.7497615644644404,1.0975878143415756,1.3033329231987858,0.7418848576245364,0.3340221047401428,0.37201127409935,0.9154000282287598,0.7418848552647979,0.39222253030048093,0.047887575496019075,0.44011010579650106,1.0547118733938987e-15,0.34404296875,0.34404296875,0.21931640625,0.47767578125,0.018140166997909546,0,0.0,2.0,0.44870652130302086,0,85,625,ref,9154,0.9154,4.352456092834473,1.2803312540054321,,,623fa436698c27c88e4e95414ac32c739fb6da6b480c60850dea4fde8a4707e8,,151.71389400796033,1035268,1094748,6,SNA,2
-1.5247396331417764,2.0366778330716606,10.622247271297544,0.2552734375,-1.3787749450079658,1.7186000371774564,8.665792778235465,0.27654541015625,1.007975242675667,1.962495778972509,-0.016884933861821903,-0.01332130904073904,0.026511859481249428,5.450277753380394,-0.010128948125056922,0.21167234002214247,-1.3747346972559882,2.8676335075296198,1.0245336510564396,1.3060226784313318,0.7266171950171701,0.3287300169467926,0.3639984428882599,0.9157999753952026,0.7266171930066776,0.3857869519650349,0.043531442384068406,0.42931839434910407,7.771561172376096e-16,0.3480078125,0.3480078125,0.22083984375,0.48509765625,0.01748762130737305,0,0.0,2.0,0.45542319775789203,0,86,625,ref,9158,0.9158,4.054573059082031,1.294372797012329,,,0e487ee83f9908144a7725fbf68a002ba8a9cfa41b312f7269d697e6de8c6815,,152.543197994004,1027956,1094748,6,SNA,2
-1.4930275144080343,1.9389118520659965,8.551902484741449,0.256640625,-1.350105775900776,1.7192672121334236,8.68668366570425,0.286298828125,0.9966728355701535,1.9762078794153939,-0.017000968268512887,-0.01302380669352513,0.026473481761263913,5.473142008205361,-0.010810425612144172,0.21456696099986772,-1.3449406852737968,2.8666954483534863,1.0899249399883666,1.3074597829221608,0.7281537135853432,0.25802743434906006,0.37752366065979004,0.9251999855041504,0.7281537133047823,0.3894262454230546,0.04186557427742501,0.43129181970048164,2.0539125955565396e-15,0.3464453125,0.3464453125,0.22123046875,0.48544921875,0.017296123504638675,0,0.0,2.0,0.43697039499438867,0,87,625,ref,9252,0.9252,5.279293537139893,1.3499302864074707,,,25e7644fdbcac9595499792ef7b1830eb029a47ad1af708683c9bf2ef3faa6c4,,153.49866952793673,1065768,1094748,6,SNA,2
-1.3755375363990887,2.0222853567819863,10.600071441792416,0.27876953125,-1.2913323217055825,1.7366637214140639,9.421115948169913,0.29569091796874997,1.057514847804077,1.9850706893106418,-0.026584655838974226,-0.012510457228742262,0.027696405245718037,5.4937319331234145,-0.01178754353808472,0.21923517676430035,-1.2933314073122408,2.9959112294540744,1.0537827430860862,1.3061458363534788,0.7487598781299312,0.3731812536716461,0.3770153224468231,0.9085999727249146,0.7487598789308686,0.39548650257278667,0.046900290673972805,0.4423867932467591,3.3306690738754696e-16,0.3393359375,0.3393359375,0.213203125,0.4755859375,0.01857033371925354,0,0.0,2.0,0.45405809184268237,0,88,625,ref,9086,0.9086,5.476181507110596,1.154861569404602,,,48f129fead766c9a2b0917ccaf3d291bff54133fbd24cab9de8f5c03720eeb87,,154.2874148390256,1096396,1094748,2,SNA,2
-1.6338441390615646,2.044623773337582,9.882539253459989,0.251796875,-1.3092639922476916,1.7368505647481312,9.178861935222853,0.29271240234374996,1.041374455997539,2.002267308666189,-0.02699188039782615,-0.012735993777763044,0.0273367942893762,5.518865972931105,-0.01286875577410683,0.2216947766493522,-1.3175160901224912,2.9623085138861884,1.0256834674562896,1.3077029331052699,0.7243424668209627,0.3177540600299835,0.354695200920105,0.9156000018119812,0.724342465995578,0.3917834580875159,0.03589470307939084,0.4276781611669083,1.5543122344752192e-15,0.349609375,0.349609375,0.22109375,0.48873046875,0.017731338739395145,0,0.0,2.0,0.4212311436122458,0,89,625,ref,9156,0.9156,4.3207688331604,1.1701430082321167,,,40ad1f2c55b02e4537ec74de7812cd9eb6f07d1e643a2f0553879341dee43c73,,155.0938805770129,1035284,1094748,3,SNA,2
-1.4097694738008204,2.0179350466709565,9.42708195597738,0.26642578125,-1.315307120592481,1.7460588526250407,9.381417476527721,0.296767578125,1.0445300596303555,2.0224828272660567,-0.01829137006613885,-0.012777457862739197,0.02736783589562683,5.547165419982374,-0.012590088828001172,0.22403173474955942,-1.321484913311767,2.9689073751877477,1.0143234060759838,1.3123432774639197,0.7292021310701966,0.27947551012039185,0.36280739307403564,0.9179999828338623,0.7292021296778693,0.3886281270273592,0.04150933331936088,0.4301374603467218,1.7208456881689926e-15,0.34400390625,0.34400390625,0.22052734375,0.4851953125,0.017170119285583495,0,0.0,2.0,0.4567505527113844,0,90,625,ref,9180,0.918,4.2975873947143555,1.1512765884399414,,,004613a277eed98711536b6c1b35f8925f589de1848abfa1ab357952924bbb15,,155.8625818529399,1027972,1094748,2,SNA,2
-1.3003110119914012,2.05238743999301,10.822051540072444,0.29783203125,-1.3023857402265606,1.7530474106312086,9.6184434802091,0.30075927734375,1.0581040239059052,2.031141575392971,-0.0160703753780907,-0.012602031898522034,0.02766416029335009,5.569002449452663,-0.011172063684061867,0.2271079611562062,-1.3020966362514814,3.0034178194347625,1.0214283615665627,1.314926688981187,0.7645819108281284,0.3330531418323517,0.36878421902656555,0.9180999994277954,0.7645819096709602,0.3948865180975068,0.05004976487303482,0.4449362829705433,1.6653345369377348e-15,0.33015625,0.33015625,0.20978515625,0.46087890625,0.02010164856910706,0,0.0,2.0,0.43603764189905675,0,91,625,ref,9181,0.9181,3.950139045715332,1.1136252880096436,,,a867feee549fb256a24a2d9b931bddf1f621543780a839582f0fcf974d9e8481,,158.08405665494502,1065788,1094748,17,SNA,2
-1.3006730549389025,2.0372070107670397,9.588396295544051,0.2962109375,-1.29988390912974,1.764425027717798,9.784320345667865,0.30193115234375,1.0759665835630754,2.059710549027762,-0.02248145415388503,-0.012623834481489854,0.02793486013181265,5.601205080889117,-0.009357902131741867,0.2291355318940625,-1.3025158835910957,3.0328019844861287,1.031173167835656,1.3189358566536722,0.7646023470012006,0.27988940477371216,0.3506973385810852,0.9164999723434448,0.7646023451269138,0.3928350860299736,0.04927252776838402,0.44210761379835106,6.5503158452884236e-15,0.32763671875,0.32763671875,0.2063671875,0.46193359375,0.020271867513656616,0,0.0,2.0,0.48455145680016704,0,92,625,ref,9165,0.9165,4.8749494552612305,1.2121326923370361,,,e217c7067950d17458b21356fd850ee855c607df8c999d2bd7325a31020dcbed,,159.6552541499259,1096416,1094748,2,SNA,2
-1.4003264976482754,2.0042597773286475,9.34600599721503,0.27587890625,-1.2801036969493957,1.7543507669428287,9.232827299669149,0.30111328125000003,1.013738472828686,2.0831382359718056,-0.019130095327600766,-0.012404106948516175,0.027046395960332842,5.625052024430817,-0.007622498974669724,0.22847777044999043,-1.2782720727526717,2.9422777446867046,1.0369531128017093,1.3202883663379021,0.7475050073862076,0.3095497786998749,0.3620906174182892,0.9236000180244446,0.7475050094607286,0.3980805411003539,0.040496030274904796,0.43857657137525763,1.0547118733938987e-15,0.3360546875,0.3360546875,0.21537109375,0.471796875,0.01950995922088623,0,0.0,2.0,0.3919431469265248,0,93,625,ref,9236,0.9236,6.34316349029541,1.3163692951202393,,,0d3143a2a0fd30b06bddc9e21b5c6cc5262331d8b3f2d9bd11c0ec0131789a06,,160.38325185293797,1035300,1094748,3,SNA,2
-1.4265736177493027,2.082578964909681,11.085642916750828,0.2713671875,-1.314795694749852,1.77685550659286,9.828399314865658,0.29593017578125,1.0762846402184214,2.0997849802855537,-0.0188541291946058,-0.012795117281775766,0.027861808316860304,5.650418359308021,-0.008643581686774269,0.23209659640720162,-1.319347398415215,3.029992328906062,1.0422746385209773,1.3221832240856923,0.7380318533629179,0.289961576461792,0.36605989933013916,0.9175000190734863,0.738031852330314,0.38926190129478316,0.04749851966582914,0.43676042096060774,4.551914400963142e-15,0.34263671875,0.34263671875,0.21716796875,0.48154296875,0.01962641477584839,0,0.0,2.0,0.4523334850818013,0,94,625,ref,9175,0.9175,3.9374237060546875,1.124404788017273,,,57e60abc63459f14c47c5f41f04b4c2c96d3bdb41c6fd04d229b8f57f10228db,,161.11499635898508,1027984,1094748,2,SNA,2
-1.4017841332352938,2.0100612992196756,9.584860095113912,0.275234375,-1.2604388296167301,1.7745086396259913,9.731240343811363,0.30600585937499997,1.0554160709827105,2.1162421599896772,-0.022777318865101016,-0.012338454982495792,0.027740438392856594,5.669523654636528,-0.007261538645252585,0.23259360190234568,-1.2711858686803774,3.0160950695717252,1.09055956700173,1.3229439248468946,0.7428403501969296,0.3208690881729126,0.3717465400695801,0.9139999747276306,0.7428403485566377,0.3912097049979763,0.04725340716609991,0.43846311216407796,1.7763568394002505e-15,0.34142578125,0.34142578125,0.2155078125,0.4790234375,0.01995704770088196,0,0.0,2.0,0.4464371094269227,0,95,625,ref,9140,0.914,3.7183120250701904,1.1361448764801025,,,3df0c80b17e6b55d16b31f214407fe590df559cb7bbb0c618e8c16c23ee102b6,,162.9326668130234,1065800,1094748,2,SNA,2
-1.4361692300592903,1.9996547650881125,8.865315587876701,0.26705078125,-1.324180249074435,1.7790799606651562,9.532354138825376,0.29789794921875,1.0529389187160196,2.135108957052617,-0.02292236932830395,-0.012925469819547284,0.02743242882982586,5.691799689375942,-0.00731907099019736,0.23287782433107806,-1.3313759164572425,2.9852704023613987,1.0684177210310946,1.3229270322739382,0.7316657585150097,0.2883351147174835,0.3607275187969208,0.9178000092506409,0.7316657575138379,0.3938914474132121,0.037051222702922576,0.4309426701161304,4.218847493575595e-15,0.3443359375,0.3443359375,0.21890625,0.483984375,0.019421565532684325,0,0.0,2.0,0.43024295233693355,0,96,625,ref,9178,0.9178,4.700535774230957,1.3691123723983765,,,a1836f89cea694ca8b1855f6bfb2a089d29e1d272dc9437ba1f79005a0dc881b,,163.99967025395017,1096428,1094748,8,SNA,2
-1.557220010693485,2.045472348537108,9.294786856058714,0.264765625,-1.3125273837855596,1.7690446079785984,8.95052177801006,0.3012744140625,0.9976112629326239,2.158801553614728,-0.02689399152919874,-0.01288099934347488,0.026558694022104902,5.717509255012666,-0.00665176692600653,0.23438220325056575,-1.3261531541322,2.8964226477281225,1.0899069257491887,1.3262535631615282,0.7402863985265139,0.30882832407951355,0.3515239953994751,0.9118000268936157,0.7402863987453747,0.3929654668061402,0.042393824795198,0.43535929160134257,4.385380947269368e-15,0.34068359375,0.34068359375,0.21673828125,0.47859375,0.018267381191253665,0,0.0,2.0,0.3865517900567378,0,97,625,ref,9118,0.9118,4.976176738739014,1.1602222919464111,,,8fd061ab188f206fa35a3dc88b543f223584f80d45c370d1b10497896bbe9fda,,164.71548825502396,1035312,1094748,17,SNA,2
-1.5167745277709015,2.1411201697320577,12.024998940561069,0.2751171875,-1.408617076741956,1.8012367636298146,9.536139926346229,0.2821142578125,1.0883147311532897,2.1843991441176565,-0.028259996619337705,-0.013637587243337105,0.02764992461398782,5.740726490370403,-0.007405999547336251,0.23643967904236407,-1.404410595688739,3.005700588492751,1.1612079186836382,1.3271137076254969,0.7557847682433203,0.3580820560455322,0.3543749749660492,0.9157000184059143,0.7557847666065208,0.39666880377145647,0.04314217766188516,0.4398109814333347,6.938893903907228e-15,0.33240234375,0.33240234375,0.20912109375,0.46720703125,0.022574937343597418,0,0.0,2.0,0.4299383766940244,0,98,625,ref,9157,0.9157,4.93949556350708,1.1554228067398071,,,a38a0709e74aed5af19178d9b7f99bf0bc334a4bbe1ee96ff526be26e97f1059,,166.04890810500365,1028000,1094748,16,SNA,2
-1.5420090423453832,2.053746879209935,9.627409327656597,0.26703125,-1.431993297890117,1.809792005481895,9.595008552143202,0.28362060546875,1.0940893601050663,2.205231071742661,-0.023973328741548016,-0.013799512913066714,0.0276607836410664,5.7641689492851835,-0.008512392546981573,0.23921307344580728,-1.4221042999780744,3.0106763416676743,1.1127520661615975,1.329246489879597,0.745100651764078,0.35601863265037537,0.3579521179199219,0.9114000201225281,0.7451006493216846,0.39707694644955566,0.04120088280600143,0.4382778292555591,1.9984014443252818e-15,0.340703125,0.340703125,0.2153515625,0.475703125,0.0194619357585907,0,0.0,2.0,0.43152411996772694,0,99,625,ref,9114,0.9114,4.134418964385986,1.1691617965698242,,,1d5341b4eea8407ac6f6f4cbf0827ad7e2d3bf073e023426bf6df5cdf11a2848,,166.8517468579812,1065816,1094748,2,SNA,2
-1.555232395766962,2.029318487557973,8.689868136698692,0.2516015625,-1.4618368543456723,1.803311358608118,9.049758125991922,0.27344482421875,1.055954664245839,2.2227569648870262,-0.02677977304780897,-0.01394120615843402,0.026979298655929605,5.7852120939557885,-0.008049636723008007,0.238240649593291,-1.436156290163666,2.937298987096272,1.1343258810762051,1.3322639505202902,0.7120373995543923,0.32002347707748413,0.3658750057220459,0.9157999753952026,0.7120373984228354,0.38953318048879665,0.0343936399956142,0.4239268204844104,4.440892098500626e-16,0.35705078125,0.35705078125,0.22845703125,0.49505859375,0.016460740566253663,0,0.0,2.0,0.4824014081860468,0,100,625,ref,9158,0.9158,3.889139175415039,1.1423548460006714,,,23f3cbc30f4b05285113e7859999b634565c5ae3a1bd491e95c257a94145d442,,167.5757176040206,1096444,1094748,2,SNA,2
-1.609605449351857,2.0402528638975994,9.423613731648794,0.24982421875,-1.502717381897977,1.8175275843754741,9.294016291369195,0.26910888671875,1.0799011473362123,2.2425612584727412,-0.01905588584320704,-0.014211956728921388,0.027224515164774317,5.807478709294767,-0.008065638574771583,0.23984636051036934,-1.463907388013701,2.962162410133808,1.1589059808685505,1.3369289987526545,0.7215690280310809,0.32690194249153137,0.35508987307548523,0.9153000116348267,0.7215690284932498,0.38301130029088637,0.04170201799396438,0.4247133182848518,1.0547118733938987e-15,0.346953125,0.346953125,0.220546875,0.48826171875,0.019025784730911256,0,0.0,2.0,0.4739399360919326,0,101,625,ref,9153,0.9153,4.204731464385986,1.1236134767532349,9182,0.9182,f22ada52f17a79b4e7e980b10675d15bef5ad39bed3c5ef5ee82eb5719af300f,,168.8705453579314,1035328,1094748,3,SNA,2
-1.3828499891306008,2.0324784242517966,8.641238611737974,0.28494140625,-1.4531253398258264,1.80649675911511,8.916880839483083,0.27535156250000004,1.019713406194309,2.257680642395199,-0.013963507896112616,-0.013831017624043292,0.026444104946184092,5.8307279444394995,-0.0072313224244862796,0.23863680537747906,-1.424050503511034,2.8828700279642705,1.1921808945299162,1.3393508719292606,0.7553652594692539,0.27836304903030396,0.34403666853904724,0.9117000102996826,0.7553652590163984,0.39091433530497854,0.048354775088542724,0.4392691103935199,1.3877787807814457e-15,0.3312890625,0.3312890625,0.21099609375,0.4675390625,0.01914874315261841,0,0.0,2.0,0.46883856670678953,0,102,625,ref,9117,0.9117,3.9538543224334717,1.15114164352417,9125,0.9125,b9657e2b48c77aa919d0f60dcfdee77f1667fa9b25d95fa3d4f185f6b36cc3cd,,170.19071181002073,1028016,1094748,3,SNA,2
-1.6051207362703996,2.0642922113154234,9.398291991118553,0.25173828125,-1.5467634044616643,1.8085763086497448,8.55374403496677,0.25984619140625,1.0076654139440095,2.275041673208542,-0.011758822943414841,-0.014696923953305806,0.02576947416440849,5.849957394290473,-0.008662016019225121,0.23815400728155717,-1.5141827467437903,2.8115327311386613,1.194218787594472,1.3377193916383134,0.7174350656860042,0.3101346492767334,0.3461933135986328,0.9169999957084656,0.7174350653740111,0.38480104883477023,0.042239171860557354,0.4270402206953262,1.3877787807814457e-15,0.352734375,0.352734375,0.22619140625,0.493046875,0.016620570421218873,0,0.0,2.0,0.4388400557851942,0,103,625,ref,9170,0.917,4.277440547943115,1.140511393547058,9223,0.9223,2eec99205d546b610f295f60daf86f4781081935805e10e93e7e1837aad432eb,,171.48324152396526,1065832,1094748,3,SNA,2
-1.5919388693286236,2.0481749981111914,8.274447724408525,0.25115234375,-1.5272336903482793,1.8110276004793067,8.57239878942047,0.26607421875000004,1.0056771461710496,2.2905801047937073,-0.016436281266922554,-0.014488688251301935,0.025853564367188428,5.869437512810999,-0.008175848913379014,0.2395934609314944,-1.4923653699753066,2.822684580902261,1.163158329624319,1.3370014816059737,0.7107941975293215,0.2681734263896942,0.34154248237609863,0.9176999926567078,0.7107941975863651,0.38343047133903424,0.040413936233918604,0.42384440757294767,5.162537064506978e-15,0.355703125,0.355703125,0.227890625,0.49787109375,0.01760941743850708,0,0.0,2.0,0.46540388592163034,0,104,625,ref,9177,0.9177,4.615322113037109,1.288244366645813,9263,0.9263,295fd4a260c60f28308b466c460c6f497d1dbbb8027224084652076ab1de1f05,,172.78564715594985,1096460,1094748,24,SNA,2
-1.560221595501348,2.049121434590644,9.134982898937295,0.24646484375,-1.516787387532183,1.8157139347881768,8.603205617104694,0.2641552734375,1.000038247828875,2.309410835009274,-0.012631989854185415,-0.014330964613527557,0.02584622763205482,5.888861087863738,-0.009564997605921235,0.24071564316586122,-1.4775976543369824,2.822799751420024,1.1582086771874034,1.3354330201123938,0.7134533566841855,0.33081409335136414,0.3458598554134369,0.9128999710083008,0.7134533563093283,0.3850351098398708,0.0382805381376621,0.42331564797752813,4.773959005888173e-15,0.3534765625,0.3534765625,0.22486328125,0.49353515625,0.017138040065765383,0,0.0,2.0,0.4775551608434209,0,105,625,ref,9129,0.9129,4.4297709465026855,1.171120047569275,9063,0.9063,fb6448169262002c958a7107e740aa51e04cc339475a24611dc5f74509459363,,174.02722760499455,1035344,1094748,13,SNA,2
-1.465101220583914,2.130788295615606,10.642513253239743,0.28076171875,-1.5293322267145435,1.8306220556572586,8.953055672109224,0.26424804687500003,1.0413105831939935,2.322284956243977,-0.01241842877916359,-0.01442090841081209,0.026485608837697197,5.913922242700005,-0.009623765115393326,0.24348290030279898,-1.4868700676298972,2.8896412217596743,1.2134704182075362,1.3367062224170478,0.7538173295615707,0.28954946994781494,0.3357778489589691,0.9156000018119812,0.75381733134971,0.3945206185329992,0.04409242646212472,0.4386130449951234,4.996003610813204e-16,0.33345703125,0.33345703125,0.2141015625,0.4666015625,0.018956816196441652,0,0.0,2.0,0.40050351086442626,0,106,625,ref,9156,0.9156,4.59380578994751,1.3399945497512817,9143,0.9143,9e03d80a5467003bd39bdfecf0d68427199de4a823ac08db208a5a55972f9349,,175.23778114002198,1028032,1094748,13,SNA,2
-1.3726281785871886,2.0843769643203856,10.652096863949891,0.2973046875,-1.4545359568636054,1.8283850106653814,8.955348414431107,0.27983154296875,1.0146313354113055,2.338004547158872,-0.009644135344330848,-0.013672413773020252,0.026442660705846385,5.937167427592199,-0.0064145878760609775,0.24396170464939268,-1.4069867375125864,2.887532012811645,1.2088273314953455,1.3384213910113174,0.7721210072434042,0.2798400819301605,0.34212785959243774,0.913100004196167,0.7721210071735549,0.40167700951280827,0.049342889152183725,0.45101989866499326,1.27675647831893e-15,0.32650390625,0.32650390625,0.20685546875,0.46083984375,0.023737406730651858,0,0.0,2.0,0.5455171043477979,0,107,625,ref,9131,0.9131,4.248585224151611,1.2340258359909058,9214,0.9214,c669fd486cf7ea5bb00459498fea674a2397239fb5783c52b85803f168bbc97a,,176.43948995391838,1065844,1094748,13,SNA,2
-1.3371870117554563,2.0818029886440863,10.153495455219009,0.2955859375,-1.4527796402118498,1.8330246733511542,8.975286971223415,0.28064453125,1.0138773683908662,2.3588267135723564,-0.012724628849116439,-0.013649890427936089,0.026441845666341644,5.957262137870652,-0.007254308307892643,0.24563006801882228,-1.4055192157584206,2.8889436553111287,1.1059578202402571,1.3393235836687751,0.7615493011544459,0.29744404554367065,0.35673388838768005,0.9169999957084656,0.7615493007446639,0.4061340114322877,0.04140806714065276,0.4475420785729344,6.106226635438361e-15,0.33318359375,0.33318359375,0.21072265625,0.4670703125,0.019606304168701173,0,0.0,2.0,0.5010905873477995,0,108,625,ref,9170,0.917,4.245620250701904,1.1517926454544067,9237,0.9237,44a8c897e79300e4ea9c3bd035e12e726e53a50716e6d6f4ac181c6475444980,,177.58254798001144,1096472,1094748,12,SNA,2
-1.4729465899753376,2.0685891361160227,10.774764590486257,0.2711328125,-1.4365824102515632,1.8404523596601483,9.250148923798776,0.28410156249999996,1.0360717072079737,2.36395709302278,-0.012763912052146548,-0.013514149027770256,0.026874567355724577,5.973174955812064,-0.0069114148966036735,0.24714369439721331,-1.3912712703364847,2.9325037513065233,1.0939984001627736,1.3387360061711768,0.7419940457411576,0.33772045373916626,0.35610300302505493,0.9097999930381775,0.7419940440030769,0.39182209040334276,0.04453024592048255,0.43635233632382664,1.3322676295501878e-15,0.33896484375,0.33896484375,0.21578125,0.4769140625,0.018051099777221684,0,0.0,2.0,0.444571923929025,0,109,625,ref,9098,0.9098,4.67722749710083,1.2669024467468262,9022,0.9022,9d1dfee48b2bc29365ef293cdeea16f1fa91cb4d9024c8589e5d4f7d2ade0d94,,178.68125668994617,1035356,1094748,12,SNA,2
-1.5198310470713345,2.1808157987389123,11.892511443954854,0.27494140625,-1.4460289950479683,1.853244211341195,9.766100315796324,0.28421630859375,1.0827483302236502,2.369594243373775,-0.01782846672777653,-0.01355264215619712,0.027603740262975445,5.994052824781611,-0.006002834904938937,0.25263430994571057,-1.3943058421921863,3.015397880181176,1.0118711041638464,1.3356489536502887,0.7407681765535381,0.3432009220123291,0.341164231300354,0.916700005531311,0.7407681768527254,0.3972865378086003,0.036784973981610285,0.4340715117902078,2.7755575615628914e-15,0.33734375,0.33734375,0.21521484375,0.47794921875,0.02053866386413574,0,0.0,2.0,0.45636059864392065,0,110,625,ref,9167,0.9167,4.120568752288818,1.2390204668045044,9225,0.9225,ce5d4f1e36c80a46aaead55ab55b9f6fcfd52a131b4605d457a87d8744bff05a,,179.81334616197273,1028044,1094748,12,SNA,2
-1.3991961539376012,2.0727555341453705,9.580604813009908,0.27853515625,-1.4224322488667942,1.8439273631874313,9.300421485450537,0.28613525390625,1.0424972769091072,2.3808849560010996,-0.023314112198854233,-0.013409449838588121,0.027030966563454863,6.010611594404274,-0.006693939180113375,0.2540097523360773,-1.38032863877755,2.959604205828773,1.0060827082707182,1.3348632356303114,0.7269179852027446,0.28418055176734924,0.33778998255729675,0.9182000160217285,0.7269179851945955,0.3894780578967029,0.04135503145951917,0.4308330893562172,4.884981308350689e-15,0.34845703125,0.34845703125,0.22201171875,0.4872265625,0.017947036027908325,0,0.0,2.0,0.4532569527757059,0,111,625,ref,9182,0.9182,6.017008304595947,1.4003868103027344,9025,0.9025,0174c4643414a7df4ce7815acc18edc6094273dee6ad70c918c51319cd7ea7b7,,180.94161255902145,1065860,1094748,12,SNA,2
-1.4387884447897306,2.128744557186066,9.759140348672533,0.28349609375,-1.3525931647025746,1.8435091038913831,9.367365811071993,0.30029296875,1.0225235657639888,2.3977110109085253,-0.021708760542104952,-0.01279833279592812,0.027004531534279133,6.036356656567958,-0.005555285238660872,0.2573262264625255,-1.316588492200846,2.9627707720971723,1.0353912161347485,1.3421726313208604,0.751046663641464,0.27411797642707825,0.3361954987049103,0.9169999957084656,0.7510466637718491,0.3958898910885519,0.04369104380990327,0.43958093489845773,2.55351295663786e-15,0.33544921875,0.33544921875,0.21330078125,0.47181640625,0.02105520963668824,0,0.0,2.0,0.4564214525485483,0,112,625,ref,9170,0.917,3.9368784427642822,1.2991739511489868,9112,0.9112,11906e670b0c135b6a02259764046dfaa9517e3540b0872efda38371fea61b46,,182.044750888017,1096488,1094748,12,SNA,2
-1.3208223851959062,2.101803610949056,9.503862785832535,0.290234375,-1.3137654744874927,1.8556777909129778,9.706957232715313,0.30711181640625007,1.0457478790207244,2.4126440794115513,-0.014851894744606959,-0.012478101227089027,0.027524942661024714,6.0548935451756085,-0.004523060743522365,0.258648971139699,-1.2827524465080575,3.0157187359973268,1.010566883940725,1.3457261365825721,0.7447378293133806,0.2913258969783783,0.3418886065483093,0.9174000024795532,0.7447378322249278,0.39549637278456345,0.043295297709996176,0.4387916704945552,4.440892098500626e-15,0.34052734375,0.34052734375,0.2177734375,0.4767578125,0.019563907384872438,0,0.0,2.0,0.509590999602709,0,113,625,ref,9174,0.9174,4.691053867340088,1.2189598083496094,9213,0.9213,c73afa09ce1148f9c71ba5ee61fbabbad7c4fbdd8c8b916e16f1e8d82dde388a,,183.15332924900576,1035368,1094748,12,SNA,2
-1.391262674536533,2.1527623148686943,9.820079344669738,0.28869140625,-1.3552900374137085,1.86867593460992,10.064642567792642,0.30223388671875,1.0869111437607621,2.4217483119807923,-0.016709707151296382,-0.01281854757499811,0.028017157297771156,6.0707250749958055,-0.005923413215205073,0.2622083867435858,-1.3190273779123816,3.0722347036952478,1.0530385737967893,1.3459040939327458,0.7530539137730375,0.33696305751800537,0.3359909653663635,0.9047999978065491,0.7530539115669671,0.40157785513288524,0.03871385147455689,0.4402917066074399,2.220446049250313e-15,0.33353515625,0.33353515625,0.21197265625,0.47107421875,0.020501708984375,0,0.0,2.0,0.4032834563993714,0,114,625,ref,9048,0.9048,4.916904926300049,1.4858481884002686,9231,0.9231,05e605a64425dd49d774f1d4ca44be7a826d9c1b5a91df55f8405cbcc4eba872,,185.97904204693623,1028056,1094748,17,SNA,2
-1.3760867840610982,2.1486844785847707,10.22391682653811,0.29640625,-1.3388258227349354,1.8674716151734683,9.809001342627962,0.30193847656250006,1.0716397863746057,2.4374622138719877,-0.02165176676799079,-0.012695019095833347,0.027834783997572776,6.085486312978195,-0.004848399697802961,0.2630313897928533,-1.3052983772879978,3.0493236196706044,1.0576367621340552,1.3435754004715952,0.763513558183331,0.26061511039733887,0.33682286739349365,0.9243999719619751,0.7635135576955508,0.3999833353030741,0.04482573012100885,0.4448090654240878,4.884981308350689e-15,0.32951171875,0.32951171875,0.210078125,0.46326171875,0.018856346607208252,0,0.0,2.0,0.5153785286313319,0,115,625,ref,9244,0.9244,4.223397254943848,1.0958566665649414,9224,0.9224,6d85bc3a4c5e513ff849757aae8fac5ec3f5c6a984d018b180501d6ea2f94026,,188.33851049293298,1065872,1094748,1,SNA,2
-1.3540711067275613,2.1444201633757474,10.721185196702102,0.2961328125,-1.4143417769358533,1.878626120273727,9.791201018511757,0.29249755859374993,1.0846661245670175,2.4560662729696534,-0.011496297761954861,-0.013312966430211973,0.027750323529503965,6.100335666715378,-0.006114632776007056,0.2632466316121527,-1.369865783139416,3.037767043796906,1.002858631133266,1.337101324961782,0.7554899266909342,0.3295697867870331,0.33891141414642334,0.9101999998092651,0.7554899278399535,0.3952668624622606,0.04340031428640282,0.4386671767486628,6.661338147750939e-16,0.33255859375,0.33255859375,0.209921875,0.4689453125,0.019589495658874512,0,0.0,2.0,0.491185259736276,0,116,625,ref,9102,0.9102,5.772326469421387,1.267444133758545,9184,0.9184,be72f9d224190131227247fab234437ce3ec243b3e7b92f5959f933c42574505,,189.48676164692733,1096500,1094748,1,SNA,2
-1.37690937450627,2.100115382025962,9.40962818071769,0.2872265625,-1.4583276872071484,1.89246105693715,10.08743629869912,0.28632080078124994,1.1266645522800767,2.467170953862194,-0.012426654118595481,-0.013649507614014367,0.0282433472896038,6.119620999307611,-0.006138169160112739,0.2651443636533125,-1.404363861990153,3.085898416399779,1.0155392254459568,1.3361238734032375,0.7481431536306627,0.3193860352039337,0.3387596011161804,0.9128999710083008,0.7481431548448745,0.3920779605299936,0.047054706651437676,0.43913266718143495,3.6637359812630166e-15,0.33583984375,0.33583984375,0.21330078125,0.47470703125,0.01937522292137146,0,0.0,2.0,0.49595917544914303,0,117,625,ref,9129,0.9129,4.197501182556152,1.3293743133544922,9070,0.907,d71f9a42cc77632b444da5df3f93981ffa4ea025af6a74866fd6d4c40aa2dc15,,190.62284116796218,1035384,1094748,1,SNA,2
-1.3720568679937057,2.1239884140439513,9.334512316030946,0.2977734375,-1.47599859144604,1.8918090326600487,9.838683762380752,0.28166748046875,1.1134974129973738,2.4769730416600795,-0.011529038603304276,-0.013826490353498167,0.02795217515803754,6.13908954687383,-0.007011712017701939,0.26675109285781323,-1.423367129415947,3.0575880531668576,0.9431802797855713,1.341634234081884,0.7667478241235949,0.3152207136154175,0.32761070132255554,0.911300003528595,0.7667478243540973,0.39752405900500576,0.05167268584089785,0.44919674484590394,3.3306690738754696e-16,0.3289453125,0.3289453125,0.21083984375,0.46216796875,0.019958949089050295,0,0.0,2.0,0.45677801402753776,0,118,625,ref,9113,0.9113,5.305136203765869,1.3677014112472534,9266,0.9266,08ac25643356e3ffb4a32ecd0016229a880418c8a23c5ce3b8b8d405728270d1,,191.7927872770233,1028072,1094748,1,SNA,2
-1.5733548407615081,2.250273307301235,11.270219994112903,0.2776171875,-1.4789261054035934,1.896141169273913,9.865893123374732,0.28232421875,1.1129344798991514,2.488564662297435,-0.0061478083811441556,-0.013949370623431141,0.02788224061188949,6.1626077446502405,-0.007253790678223595,0.26822924724723396,-1.4361967940481248,3.0545177571082216,0.979749086935261,1.343266516631512,0.7509409436723218,0.2559105455875397,0.33168357610702515,0.9223999977111816,0.7509409432252869,0.39198607536170427,0.048944477579844596,0.44093055294154837,4.996003610813204e-16,0.33615234375,0.33615234375,0.21244140625,0.4722265625,0.02032220959663391,0,0.0,2.0,0.47868270430786597,0,119,625,ref,9224,0.9224,3.902676582336426,1.0948612689971924,9246,0.9246,898c102cfc0500c04929bc7aecb5dc879d9025cdbaae7a2e82df9d5054ae0dd6,,192.9419784389902,1065888,1094748,1,SNA,2
-1.453676213694972,2.1435376036244578,9.734269200850074,0.28423828125,-1.4924078191049461,1.899820622976579,9.670547196108844,0.28322509765625,1.1016890751726476,2.516095042215076,-0.008465717900605607,-0.014154124383622214,0.02760151515963156,6.184266982570166,-0.007266878609370906,0.26947607534642926,-1.4571844091416124,3.0274977746308513,0.9750736913151723,1.3463427904281344,0.7578853467945009,0.370551198720932,0.3324691951274872,0.9035999774932861,0.7578853477386293,0.39612405820349794,0.04605820322278193,0.44218226142627853,1.3322676295501878e-15,0.33166015625,0.33166015625,0.21099609375,0.46775390625,0.019116926193237307,0,0.0,2.0,0.47744362734746987,0,120,625,ref,9036,0.9036,4.122653007507324,1.0690962076187134,8982,0.8982,4ccc5a0b671fedbfc408205f64f376a64276939f93810c67803b22aebbae4046,,194.07692461495753,1096512,1094748,1,SNA,2
