zbar_cur,sigma_cur,between_cur,pos_frac,zbar_inv,sigma_inv,between_inv,pos_frac_inv,var_off,var_wid,var_cross,rowmean,rowmean_sd,cnorm,bias,bias_sd,star,star_sd,eps_max,w2col,gate_mean,ce_probe,alpha_med,acc,gbar,gvar_mean,gbar_var,pooled_var,g3_ident,cov,cov_abs,cov10,cov50,q10_med,hard_dead,gmin,gmax,gcorr,gcorr_degenerate,task,step,clamp,correct_seq,acc_seq,ce0,ce20,correct_fresh,acc_fresh,param_sha,fresh_param_sha,secs,vmrss_kb,maxrss_kb,cpu,arm,seed
0.707747821127777,0.7851101108711659,0.15426758402548538,0.79908203125,1.0604555131053803,0.3061000266537445,0.19545259700440615,0.96524169921875,0.02737152759320895,0.06678057287977764,-0.0004548741555635026,-0.0022771467728604335,0.004457100527484859,0.9858158167131273,1.291630630493164,0.023043082270175534,1.058364697816633,0.4544004835489964,0.16847917272090518,0.6321664378239581,1.320182757950388,0.3246026933193207,0.8601749539375305,0.9072999954223633,1.3201827568910085,0.38368988444471824,0.021985583034703774,0.4056754674794217,3.3306690738754696e-16,0.10078125,0.10078125,0.05857421875,0.16126953125,0.3393369555473328,0,5.960464477539063e-08,2.0,0.06608139758118148,0,1,625,ref,9073,0.9073,2.3376059532165527,1.3288601636886597,9073,0.9073,66a55339705508837ca4badacaffe1805f61f478244387c279e24a061dbcdb8c,66a55339705508837ca4badacaffe1805f61f478244387c279e24a061dbcdb8c,3.2455258240224794,1019104,1070060,20,SNAi_P,4
0.7295943056442168,1.028030982676415,0.9807686750790101,0.70205078125,0.912255882393219,0.4423321520302483,0.5393656501776354,0.8632812500000001,0.0716243199381796,0.1237584854562223,0.0002749273253088212,-0.0036737786314336236,0.007214971482807919,1.3415579207450126,1.2883185470104217,0.026269959746398185,0.9119847027795577,0.7419524749592983,0.17500581663044623,0.6720781961328206,1.145127676796401,0.3218243420124054,0.6419245004653931,0.9078999757766724,1.1451276763586793,0.4157955014864264,0.0678759789986782,0.4836714804851004,4.218847493575595e-15,0.17134765625,0.17134765625,0.1036328125,0.25611328125,0.13433219194412233,0,0.0,2.0,0.12742416203519627,0,2,625,ref,9079,0.9079,5.204495429992676,1.0593760013580322,,,854ca029c174c93f8ea8c2c0e67dd7995085278490d1cca6dbece343e907fd93,,4.977127404068597,1026640,1070060,4,SNAi_P,4
0.48371151471373863,1.1097126192890832,0.877745617852024,0.62921875,0.6819811335385667,0.5357847862319866,0.7447469625186376,0.7637304687500001,0.1152077922116071,0.17265360884202885,-0.0007960638959803901,-0.005913052808311583,0.008395058693201922,1.5885149494407296,1.2821043932437897,0.03015675514574708,0.6763842021979752,0.8671598342375599,0.21653826220394012,0.6982367354673932,1.0892528287542518,0.30662524700164795,0.5886716842651367,0.902999997138977,1.0892528282676357,0.42017400477778216,0.07115692610846971,0.4913309308862508,1.1102230246251565e-15,0.19126953125,0.19126953125,0.11880859375,0.283515625,0.08600450158119202,0,0.0,2.0,0.24879401408308852,0,3,625,ref,9030,0.903,4.748210430145264,1.0120453834533691,,,685db292c1f23e94294ddb8ac3e3fd0fbc0afc165840c63b82384ffe047df178,,6.372296608053148,1064464,1070060,20,SNAi_P,4
0.3526505978517483,1.2157765013102348,0.7960276729196332,0.58908203125,0.513939166364767,0.5976067666203384,0.8178149736049569,0.69878173828125,0.14572817270987307,0.21289430740368487,-0.0014886326031422312,-0.007442504099309332,0.008830820590932573,1.7760873587156305,1.2769817757606505,0.03206552899070732,0.5145879411315728,0.9137855966077634,0.21960949561024337,0.7251879927311938,1.0901110549794977,0.272124707698822,0.5203470587730408,0.9175000190734863,1.0901110540959054,0.42808182958440716,0.05791368741709517,0.48599551700150323,8.881784197001252e-16,0.18623046875,0.18623046875,0.1128515625,0.28173828125,0.08780152201652527,0,1.7881393432617188e-07,2.0,0.285126117645265,0,4,625,ref,9175,0.9175,4.436473369598389,1.0849578380584717,,,533da208a151bc8c22b9bb4d57e11ed308dc66429d04abe8cd9ca7a3557f06fb,,7.696010451065376,1095088,1094064,0,SNAi_P,4
0.254229767142991,1.2436848026578053,1.141075423837523,0.54515625,0.3583097892758009,0.6599001324223349,0.9225848252486588,0.63139892578125,0.1831648616611543,0.2556474181948051,-0.003344095084944103,-0.0089582815193455,0.009348074397910265,1.9319576627805777,1.2712425768375397,0.034607957012782235,0.35357582004604254,0.9677991096564659,0.2811968104674385,0.7558417436999849,1.0186542944435495,0.2458154857158661,0.5088154673576355,0.9289000034332275,1.0186542944330723,0.42973684918961025,0.06833073088304605,0.4980675800726533,2.9976021664879227e-15,0.2198828125,0.2198828125,0.13697265625,0.32181640625,0.05786120295524597,0,0.0,2.0,0.3694627667048283,0,5,625,ref,9289,0.9289,4.374483108520508,1.186296820640564,,,1c8d6d5e49cd8a72cd29bd7e4acbd069a3a60162ed244b9f72c2d634a97d7bf4,,8.334581486065872,1034000,1094064,0,SNAi_P,4
0.02624900790143504,1.2551573292721951,0.8515979617890724,0.4829296875,0.2190762256233297,0.7035697338765435,0.934969821983847,0.5692578125,0.20793236682680558,0.29290059179766603,-0.005822588197361107,-0.010218569538205206,0.009267470635995778,2.070465205320252,1.2642142343521119,0.03615151417860256,0.21744633060596275,0.9623480781627552,0.27748664430767567,0.7821817453053308,0.9620819746667985,0.27582958340644836,0.5185931324958801,0.9259999990463257,0.962081974268658,0.4166461493580744,0.07666068917483662,0.49330683853291096,5.551115123125783e-17,0.240546875,0.240546875,0.150625,0.3524609375,0.04868156909942627,0,0.0,2.0,0.35106564826313325,0,6,625,ref,9260,0.926,5.152350425720215,1.313717007637024,,,7b9a82715aca32abfd9ed2553626313af7caa763756485c737c53febfba0a2dc,,9.004398582037538,1026688,1094064,0,SNAi_P,4
0.08345993906734916,1.2573627282383917,1.0702625757031068,0.49466796875,0.14895089696595173,0.7448163232275363,1.0095769793959284,0.5435205078124999,0.22794355881226264,0.32903473590288956,-0.0022269393689662276,-0.010824295467287833,0.009563188416028783,2.1908397451550794,1.2586567175388337,0.03893771873068369,0.14983957503574277,0.9952576084986494,0.30171905788089115,0.8104025862438375,0.963027836686233,0.24949660897254944,0.528680145740509,0.9261000156402588,0.9630278360482771,0.4172416180372964,0.07601394695322122,0.4932555649905181,4.440892098500626e-16,0.24015625,0.24015625,0.150859375,0.35046875,0.05348150730133057,0,0.0,2.0,0.4099322119872962,0,7,625,ref,9261,0.9261,4.188117980957031,1.313551425933838,,,4f8969ad7f81c5b9682727e7c83e90d7da78e91e1ab7063234b93be5b87c3c1f,,9.919515260029584,1064504,1094064,18,SNAi_P,4
0.04080553034643602,1.2990681617868742,1.0661235974486605,0.4906640625,0.10182102769109257,0.7763702485790274,1.030166892580288,0.52606689453125,0.23931088456591926,0.3637729622616237,-0.00033308394888222667,-0.011322410354047456,0.009530301388889611,2.3118619938722675,1.253286201953888,0.0407876180989499,0.09344326040048244,0.9955272699898579,0.3501012267492236,0.8376722693429919,0.9427539456856903,0.2931801974773407,0.5213484168052673,0.917900025844574,0.942753945805598,0.4205988418381735,0.06849482548407931,0.4890936673222472,5.6066262743570405e-15,0.248984375,0.248984375,0.1541796875,0.3603125,0.05215054154396058,0,0.0,2.0,0.41801465323321757,0,8,625,ref,9179,0.9179,4.316226482391357,1.2426228523254395,,,9db11ff738e2b2c5273769ee289fb68f0bb9ca0a59ef540218cb3205165790a4,,11.329567596083507,1095136,1094064,6,SNAi_P,4
-0.06262418002737428,1.3332843877123968,1.2369923950084718,0.46048828125,0.012826330514327876,0.8142463995530205,0.9916744780255651,0.49054443359375,0.2547468700666057,0.40420218930456286,0.004048139813888622,-0.012012279897637557,0.009426355217767975,2.425376021422211,1.2468459117412567,0.04164551192759448,0.0163342436794872,0.9869788563527527,0.3771054032463157,0.8689801041869498,0.9125954330642707,0.252407431602478,0.5037228465080261,0.9180999994277954,0.9125954329012893,0.41456673162919877,0.06805952770002072,0.4826262593292228,3.3306690738754696e-15,0.26076171875,0.26076171875,0.1629296875,0.37671875,0.03726948499679566,0,0.0,1.9999998807907104,0.3484408517350796,0,9,625,ref,9181,0.9181,5.028782367706299,1.3784302473068237,,,4f5ab9b71b890fb57a416baeaac3b3886521386adb4e7b253400f4ce84d42154,,12.031640408094972,1034020,1094064,6,SNAi_P,4
-0.017107123598841437,1.2894206971887054,1.0762889360759227,0.47880859375,-0.053212528687582375,0.8397649941679685,0.9422476696893525,0.47079101562500003,0.26576378813624446,0.43801322458237285,0.0014282327113108305,-0.012580539668877067,0.009217593833504319,2.5287380112881355,1.2413943457603454,0.04426344970035223,-0.047328609830434056,0.9689725983930279,0.3653992962200072,0.8903127096805631,0.9352703000465408,0.31710952520370483,0.5066874027252197,0.9190999865531921,0.9352702992432751,0.41803185323422326,0.06557597103006159,0.4836078242642837,1.1102230246251565e-15,0.25046875,0.25046875,0.15623046875,0.36216796875,0.04966604709625244,0,0.0,2.0,0.3854988018516015,0,10,625,ref,9191,0.9191,4.341254234313965,1.228776454925537,,,c7bac0cfdbaada57c8a72c9bcc453f9b4593a8dfb68a9619604edcd8c073163d,,12.733740930096246,1026708,1094064,6,SNAi_P,4
-0.03245890522097595,1.3392911327722483,1.536115540721396,0.457265625,-0.09938569529668563,0.8768634396635269,1.152883377815791,0.44873291015625,0.30592541048225763,0.46629641744557226,-0.003332336109277994,-0.013140342540551377,0.010359651841518151,2.6298389844469905,1.2366608691215515,0.04682801740232598,-0.10940706771173123,1.0880206254308327,0.38865077761255473,0.9178508854658176,0.9003049333009403,0.2546548843383789,0.4899848401546478,0.9225999712944031,0.9003049333253875,0.4135182916785851,0.07451627565091856,0.48803456732950456,8.881784197001252e-16,0.2708984375,0.2708984375,0.171171875,0.38748046875,0.03615877032279968,0,0.0,2.0,0.4486164796518479,0,11,625,ref,9226,0.9226,3.385150909423828,1.1251189708709717,,,f12fad0b764274fea706edfb630fbdc4b2e34bdba00838593585181f2e21bab0,,13.40530414110981,1064524,1094064,6,SNAi_P,4
-0.0080062547800346,1.3349128913676314,1.3985405136885103,0.46623046875,-0.05208849405548138,0.8936606881024269,1.1959776184717597,0.46950927734375,0.2950756942216273,0.5022649720906679,0.0012887591474079257,-0.012665744859163518,0.010470909684020075,2.7269036674061375,1.232988359928131,0.046850135614566725,-0.0644628289139831,1.0999197185477614,0.3898962604027858,0.9395086118712132,0.9241212377953343,0.24332594871520996,0.49104124307632446,0.9304999709129333,0.924121238051448,0.4193756213223487,0.06464176337836416,0.4840173847007131,2.220446049250313e-16,0.252265625,0.252265625,0.156953125,0.37021484375,0.0468187153339386,0,0.0,2.0,0.3970688925771047,0,12,625,ref,9305,0.9305,3.691169261932373,1.1148240566253662,,,2498425d8964c780c3795a631fe751665866d5d3b02a5e68fc04542fe52bc7f3,,14.106128443032503,1095152,1094064,6,SNAi_P,4
-0.06378457722651255,1.3080931341650857,1.0474860217798279,0.45873046875,-0.09077130077023579,0.9121518494306204,1.124399630940085,0.46858886718750004,0.2971901094063442,0.5317047914745382,0.0031260955388189406,-0.01302076217130181,0.010122053317397435,2.808225465308068,1.2270922768115997,0.047503434670359994,-0.10672610865536296,1.0653138653858112,0.4090217248375778,0.9509012674479104,0.9228531817381735,0.25122037529945374,0.4926217198371887,0.9289000034332275,0.92285318154376,0.4169975316175579,0.06820272219081745,0.4852002538083726,2.7755575615628914e-15,0.2566015625,0.2566015625,0.15853515625,0.370703125,0.04727903604507446,0,0.0,2.0,0.4129444330222269,0,13,625,ref,9289,0.9289,4.217487335205078,1.1455661058425903,,,ed8f382ed865eaf4a9b34ea2795791dec2ed29a1c2b1788c7f2bc83972674b47,,14.788616653066128,1034032,1094064,6,SNAi_P,4
-0.19388018722679484,1.3537500942678264,1.617801103186065,0.4177734375,-0.1658374771683481,0.9402530387582766,1.182244834287332,0.4478076171875,0.3231261636563138,0.5634188901585574,-0.002469276920697892,-0.013652999849466852,0.010456058795776511,2.8913733468052047,1.2216399598121643,0.04874451920740511,-0.17694346997609878,1.1010514270801497,0.36896029978836914,0.9697545495033337,0.8518298706156202,0.21052809059619904,0.484507292509079,0.9243999719619751,0.8518298710440285,0.4026246444109576,0.07551708145532175,0.47814172586628056,1.2212453270876722e-15,0.29138671875,0.29138671875,0.18224609375,0.41462890625,0.032053244113922116,0,0.0,2.0,0.31539301794791247,0,14,625,ref,9244,0.9244,4.617639541625977,1.1336411237716675,,,1b9e25dc3736a76d89852db2b2da68f64a7651e163c14ec8985010679742f47a,,15.809128495049663,1026720,1094064,20,SNAi_P,4
-0.12399810896932494,1.3633818991963245,1.8492891310925297,0.4424609375,-0.1276376427849153,0.9613847560473847,1.415461643042159,0.45925537109375003,0.3362786684106534,0.590446729926591,-0.0024647491769549707,-0.013328338898268921,0.011407299031745607,2.9738436504823533,1.2163417196273805,0.049089801867660314,-0.1489841527265399,1.198019951268755,0.3998177326409622,0.986524241663713,0.8977389699802734,0.2571191191673279,0.4657987058162689,0.9221000075340271,0.8977389705704991,0.40852749272546357,0.07269936508806342,0.48122685781352187,5.10702591327572e-15,0.26623046875,0.26623046875,0.16759765625,0.38439453125,0.03811201453208923,0,0.0,2.0,0.3519917629105969,0,15,625,ref,9221,0.9221,4.541653156280518,1.4693750143051147,,,b8551240aade0b15c2fbbe0c928995c99af0eac20573d0753dd74d982f71f270,,16.642833112040535,1064536,1094064,4,SNAi_P,4
-0.03961797500630272,1.3621106717296225,1.233352046513006,0.4558984375,-0.09844549621259908,0.9581904010240248,1.1206685329449129,0.456982421875,0.2987285078760024,0.622192184733445,-0.002791847994865954,-0.012952072852014985,0.010278521415636037,3.052670714318179,1.2134665739536286,0.05041105226578664,-0.11331542794802242,1.0834823573964185,0.44018732556861273,1.0027385819187797,0.9313140137668233,0.303975373506546,0.4845151901245117,0.9175999760627747,0.9313140139856841,0.4162592149169441,0.07197119090781662,0.4882304058247546,6.161737786669619e-15,0.2517578125,0.2517578125,0.15798828125,0.3668359375,0.043434667587280276,0,0.0,2.0,0.3296621133660581,0,16,625,ref,9176,0.9176,4.782601356506348,1.3122833967208862,9051,0.9051,a691558c6242c30716a7190bed66f98e4bb0357fcbd207d497d5ec4db55d542a,,18.074508466059342,1095168,1094064,6,SNAi_P,4
-0.18356751417769065,1.4057968635933582,1.7467301114736815,0.42330078125,-0.11287968029880617,0.9772985969261556,1.2267879717674455,0.4494384765624999,0.30795635466722643,0.6517636979377813,-0.00460750505117514,-0.013050147315403406,0.010561411694662159,3.1258451774522014,1.2096612179279327,0.05367718506585345,-0.12716731740173848,1.118175086496602,0.45596699458627676,1.0219009935982768,0.8839482790452894,0.2613740563392639,0.46070754528045654,0.9233999848365784,0.8839482800487894,0.41263625328800446,0.07044049395419567,0.4830767472422003,1.6653345369377348e-16,0.276484375,0.276484375,0.172578125,0.395859375,0.043528836965560924,0,0.0,2.0,0.28786684063173135,0,17,625,ref,9234,0.9234,5.231151103973389,1.2868603467941284,9060,0.906,178f13526b4ad32f7aedfd3d37553cb83ab74aa72c73a2926a6ae2aed1abb271,,19.46374821709469,1034056,1094064,9,SNAi_P,4
-0.10880448898066028,1.3897738474955295,1.5460020032212245,0.440234375,-0.17734268542782947,1.0038110365737452,1.3068250776886217,0.43172607421875,0.32900609394070096,0.6800584800826469,-0.0014279768760911576,-0.013608638537779822,0.010766614813784521,3.2005218021094977,1.2036190903186799,0.05641541701752804,-0.19042006376950177,1.1435468374463718,0.44857678311354676,1.0330769694926314,0.8877748696308118,0.2466045767068863,0.45514681935310364,0.9291999936103821,0.8877748691150918,0.4191544251534396,0.06282508428546187,0.4819795094389053,3.83026943495679e-15,0.27248046875,0.27248046875,0.17138671875,0.3923046875,0.037326866388320924,0,0.0,2.0,0.44264463934214504,0,18,625,ref,9292,0.9292,3.6759355068206787,1.2565335035324097,9156,0.9156,1cb9836033b97b17df55b7f040088887f1d9f26375e8a5013510db63cf7d2658,,20.637046684045345,1026744,1094064,9,SNAi_P,4
-0.20372227428644127,1.404477554258819,1.5342357211399555,0.4209765625,-0.18718714050118831,1.013413460004835,1.310241129021038,0.42428710937499997,0.3269206263768482,0.7036483770828542,-0.00356216254073079,-0.013642580264014614,0.010634207367328632,3.2709874906400733,1.1985446465015412,0.0584463951701166,-0.19897142375259516,1.1322945731358423,0.4724442654120537,1.0474049004216062,0.8756543903576676,0.2729448080062866,0.46243545413017273,0.9240999817848206,0.8756543906312436,0.40968337075642497,0.06592420576759045,0.47560757652401775,2.3314683517128287e-15,0.2759765625,0.2759765625,0.1746875,0.3963671875,0.033033651113510136,0,1.1920928955078125e-07,2.0,0.4196014513600705,0,19,625,ref,9241,0.9241,3.52673602104187,1.2249550819396973,9143,0.9143,ef01b85ff5e2b1891ca225c703d717bb4b32750fa537f010c317cb54ee9e5696,,21.80270191002637,1064556,1094064,9,SNAi_P,4
-0.18973032793118969,1.418358463349126,1.8661370266530002,0.42173828125,-0.21456250266060098,1.0341793111105466,1.4150338179028472,0.42464111328125,0.3431106299981977,0.7309894056296659,-0.004573188098778575,-0.013835358800368151,0.011072792192139592,3.333271479136596,1.1942042231559753,0.06218433100663044,-0.2230596585341524,1.1813720205138405,0.5052019030040857,1.0599371557612713,0.878176480033435,0.26350530982017517,0.4583480954170227,0.9269000291824341,0.878176480474649,0.4102579101280401,0.07298609589014897,0.4832440060181913,2.220446049250313e-15,0.2780078125,0.2780078125,0.1759375,0.40064453125,0.030172669887542726,0,0.0,2.0,0.4603717195269962,0,20,625,ref,9269,0.9269,4.346777439117432,1.4108545780181885,9136,0.9136,1eafc578cc1660f01b4cceeaf456fd77d744a21bd772490c2d49441e4ba77da8,,23.090801490005106,1095328,1094064,9,SNAi_P,4
-0.27746843332523907,1.4343208673733636,1.4652602502211713,0.40705078125,-0.21244515905615824,1.0425525096731565,1.3692064125470171,0.42223388671874995,0.3360694466742271,0.7583966204107145,-0.007550331659144487,-0.013754639221808142,0.010880694078241368,3.394306592127725,1.189796370267868,0.06371892351635398,-0.21919877442099697,1.1632247292804634,0.5364620142192145,1.069916117869128,0.8658501229807735,0.25037842988967896,0.44696077704429626,0.9205999970436096,0.8658501227456145,0.40758257627929706,0.06987955693269517,0.4774621332119927,4.996003610813204e-16,0.28046875,0.28046875,0.1769921875,0.405,0.031025630235672,0,0.0,2.0,0.4707833783557359,0,21,625,ref,9206,0.9206,4.298028945922852,1.1486639976501465,,,df96c9f0732d045e4a829e3c13a983b295073d0ac4a1f32f7c7ae97ba7e84a9c,,23.785776634002104,1034224,1094064,9,SNAi_P,4
-0.13569170096457725,1.4287497479958173,1.71447326405798,0.42826171875,-0.17577361787704626,1.0485306086777777,1.3606458224520153,0.4322729492187499,0.32026344570240595,0.781870416226742,-0.002717424594956534,-0.0133120194218754,0.010765856887257149,3.4479533679795997,1.1870022773742677,0.0654526353449266,-0.17665186352733822,1.1526084637065477,0.5842064918789365,1.0788499600715031,0.8709846377826761,0.2295418381690979,0.45674577355384827,0.9305999875068665,0.8709846368618309,0.4142346632864136,0.0636022339523952,0.4778368972388126,3.774758283725532e-15,0.280859375,0.280859375,0.1763671875,0.40060546875,0.031206578016281128,0,0.0,2.0,0.4609897858488185,0,22,625,ref,9306,0.9306,3.698837995529175,1.1847058534622192,,,8584995a9af2d85e58cf51f412e425097d6604eeb1129c2afabb66d1d24db1b8,,24.504397217999212,1026908,1094064,9,SNAi_P,4
-0.23366562025555512,1.4431801726733413,1.7304264771399334,0.41529296875,-0.18743933949440333,1.058334219374404,1.3464081451244112,0.42362060546874997,0.32107091480664374,0.8055524580471733,-0.006552052954987264,-0.013424594483907884,0.01065986939538347,3.5067169650838883,1.1810632252693176,0.06776096461450533,-0.19412285865594245,1.1453268173773157,0.6007730281014707,1.0891661115372264,0.8682757416169625,0.2612799406051636,0.45046266913414,0.9180999994277954,0.8682757408777252,0.4058259195602048,0.0688281796606829,0.4746540992208911,3.3861802251067274e-15,0.2801171875,0.2801171875,0.17626953125,0.40001953125,0.03279199004173279,0,0.0,2.0,0.42799036101428267,0,23,625,ref,9181,0.9181,3.839901924133301,1.161608099937439,,,cf9f259a6dee4c147e91ece346a6bfd5796a8f30b94151f811c89364f65771d3,,25.27168364508543,1064724,1094064,9,SNAi_P,4
-0.15850497866304486,1.3958777507362743,1.1984573025458949,0.42927734375,-0.1988970965655995,1.064907573442282,1.23767982705397,0.42732421875000004,0.3111665914537034,0.824378968566945,-0.001517420045919109,-0.013354662509742422,0.010317017223831574,3.5567178097012606,1.174418213367462,0.06992886998921523,-0.19360419214583216,1.110647677898642,0.6993160262608982,1.0959140318854477,0.8736285802198108,0.28158435225486755,0.4561131000518799,0.9258999824523926,0.873628579279175,0.42021085526378676,0.05441394534989649,0.47462480061367607,7.216449660063518e-15,0.27697265625,0.27697265625,0.17271484375,0.39814453125,0.03595235347747803,0,0.0,2.0,0.5029331994426285,0,24,625,ref,9259,0.9259,4.65924072265625,1.0917867422103882,,,a2c7f080b604b85b8248bc54b81552e8c6988a7e5ed6f0e0c91d15da23042533,,26.00771282601636,1095360,1094064,9,SNAi_P,4
-0.13580199126514755,1.4800471450618127,1.773045625615145,0.42794921875,-0.14635759875860938,1.0808104669556888,1.4835658946503958,0.43988037109375,0.31680585646890774,0.8487465834346696,0.0025988255773967935,-0.012890908937651496,0.01112535508143298,3.617945616584132,1.171876779794693,0.07286199087071804,-0.1486397245552894,1.1941661637845258,0.7392507568225117,1.1101528713752493,0.8778632035548799,0.23630429804325104,0.4404338598251343,0.9269999861717224,0.877863203677116,0.413151374402834,0.06195502068541472,0.4751063950882521,3.3861802251067274e-15,0.27298828125,0.27298828125,0.172265625,0.39443359375,0.03133821487426758,0,0.0,2.0,0.5123357153891973,0,25,625,ref,9270,0.927,3.6669347286224365,1.193352222442627,,,98eb2a097ece6bec50f22e8f115d708a9df6fbd6f8e9d4a20404e98d0d84a8f4,,26.73119995801244,1034248,1094064,9,SNAi_P,4
-0.33184043288437626,1.460041625899302,1.420657346003499,0.38716796875,-0.22894578809883004,1.1002787752839587,1.3670057965567377,0.41920410156250004,0.32570331285910425,0.8783477420818542,0.006562328399409446,-0.013608452841280988,0.010625547349855534,3.6743128585939875,1.165207189321518,0.07326128980536874,-0.22881294242365427,1.1432736356257733,0.7399859096856727,1.1188276704363507,0.8319836430158466,0.2675110995769501,0.44860413670539856,0.9128999710083008,0.8319836428714916,0.40945635284845117,0.05613749019718948,0.4655938430456365,4.163336342344337e-15,0.29474609375,0.29474609375,0.18626953125,0.42265625,0.03084498643875122,0,0.0,2.0,0.5031940979280439,0,26,625,ref,9129,0.9129,3.602569103240967,1.2330220937728882,,,34c7d2436832a549add9ed4306ccb3244ee395f9fc8c1aaaff4bff5f7de74233,,27.501655939035118,1026936,1094064,9,SNAi_P,4
-0.3829245489968466,1.4785293133935682,1.7441380992649456,0.3959375,-0.2216584455701308,1.1164913590574712,1.4607143680104293,0.42398681640624997,0.3314954207270089,0.9054770853618024,0.00958044876118816,-0.013438997804330914,0.011080914800475284,3.7306326442972098,1.1612416040897369,0.07560585435160108,-0.21541992446305444,1.1901214381334253,0.6695995823860249,1.1284782975578491,0.8533913408021908,0.25045156478881836,0.4505974054336548,0.9192000031471252,0.8533913399744779,0.4101933897036298,0.060632271340518226,0.4708256610441478,2.220446049250313e-16,0.28517578125,0.28517578125,0.18013671875,0.40896484375,0.03200341463088989,0,0.0,2.0,0.4624584461732702,0,27,625,ref,9192,0.9192,3.96108078956604,1.0729668140411377,,,1e28007c5031e81676ec246e4626bd1d28ad6ea680837292b0e3f1b3e8e51755,,28.259455978055485,1064752,1094064,9,SNAi_P,4
-0.2802096989886191,1.467941113268806,1.7737585612241096,0.40486328125,-0.22435596029230886,1.1306765859084436,1.5312428852654645,0.42606933593749996,0.33372767464373787,0.9333709028439037,0.011330964433932673,-0.013444543948375987,0.011166046317440764,3.7754757746214995,1.1577216267585755,0.07661352674187556,-0.2195080366544064,1.198910579725632,0.7157293919002672,1.1374126547149863,0.8485449398192577,0.2735389769077301,0.44022390246391296,0.9187999963760376,0.8485449395189062,0.4043275142967303,0.0682338070856942,0.4725613213824247,1.6653345369377348e-16,0.2911328125,0.2911328125,0.1839453125,0.4137109375,0.03170527815818787,0,0.0,2.0,0.4246871552070833,0,28,625,ref,9188,0.9188,4.455759525299072,1.189935564994812,,,e4ac6bc47fd22bea375ba40b3449053b0d306c4886e66b623940266d1ef6a886,,29.046683639055118,1095384,1094064,9,SNAi_P,4
-0.37209414098349824,1.5170721705821624,2.0230650123365135,0.38783203125,-0.26689753910668496,1.144118315284653,1.4828096046224783,0.418701171875,0.3363193369814998,0.9599554410207526,0.012731941367540736,-0.013798641792003194,0.010835395453295095,3.8220589665668285,1.152522052526474,0.08412378023693379,-0.2609806191690142,1.170760360704007,0.6185370729759485,1.1482413660219521,0.8340970077342353,0.2724462151527405,0.4399597644805908,0.9150000214576721,0.8340970067784655,0.4035108026343309,0.0662320580280911,0.4697428606624206,1.3877787807814457e-15,0.297421875,0.297421875,0.187109375,0.42283203125,0.030587959289550784,0,0.0,2.0,0.36321939141749565,0,29,625,ref,9150,0.915,5.1061906814575195,1.2794067859649658,,,b35752ee2e1669fd7e923a955876445b3dab6c10bdef368c12070e23d1776c12,,29.80413413909264,1034264,1094064,9,SNAi_P,4
-0.30074062687356257,1.4770161740489463,1.7707372719827734,0.40205078125,-0.2561019014349117,1.151677633931121,1.492132922699714,0.41897705078125,0.33537701008729565,0.989492997734977,0.0014913646749125018,-0.01375353300109246,0.010852934973697055,3.87048541957529,1.1501338851451874,0.08755479466987082,-0.25874794071413837,1.1777227018747434,0.6142071828561249,1.156710485788837,0.8677577803854365,0.23082184791564941,0.425791472196579,0.9168999791145325,0.867757781627588,0.40034569476284576,0.07565425445298274,0.475999949215827,1.4988010832439613e-15,0.28162109375,0.28162109375,0.177109375,0.402578125,0.03621320724487305,0,0.0,2.0,0.46770322637950446,0,30,625,ref,9169,0.9169,4.067852973937988,1.2069755792617798,,,a7e2332230b1b88ddac561e68f139751c1f99e9686363390926fcbdc43724905,,30.5587471940089,1026952,1094064,9,SNAi_P,4
-0.3118262204842858,1.510495802386017,1.8960498766648255,0.4046875,-0.27757600478627803,1.1567542459600109,1.422324328123815,0.41323486328125003,0.3343394183773327,1.0060568834492298,-0.0023159162800491847,-0.013893435838157265,0.010628672396945657,3.915852136859114,1.1467652666568755,0.08900422214017922,-0.27644789970318573,1.1576356084374086,0.6626165894363207,1.1699987251056125,0.8684654606354889,0.26120689511299133,0.4189744293689728,0.9226999878883362,0.868465460636653,0.4017103891946292,0.07718168846805315,0.47889207766267644,5.9396931817445875e-15,0.283203125,0.283203125,0.176171875,0.40333984375,0.03429267406463623,0,0.0,2.0,0.44465483320882976,0,31,625,ref,9227,0.9227,4.375317573547363,1.223692774772644,,,a44f3c3d0aad21a3604940603e904515018c46d83608dc0e8f1d84d303fbeeec,,31.31008126505185,1064768,1094064,9,SNAi_P,4
-0.39914209572107157,1.546672457874715,2.0445314100068988,0.3959375,-0.3157462012675049,1.1788076127185063,1.6225368764819246,0.404560546875,0.36003565494810646,1.0319300591637022,-0.002378326308704407,-0.014172173747463757,0.011342997825890157,3.9628113075550924,1.142329285144806,0.09323857941132793,-0.3094371827246749,1.2375826903344918,0.7641735656933689,1.1773679443638239,0.8560479123389814,0.2674773633480072,0.4162713885307312,0.9147999882698059,0.856047912199283,0.41353550866408634,0.06309160790273237,0.4766271165668131,5.6066262743570405e-15,0.2875,0.2875,0.18029296875,0.41146484375,0.032596623897552496,0,0.0,2.0,0.4916550308306447,0,32,625,ref,9148,0.9148,4.061655521392822,1.1208738088607788,,,6ae9b08ae8a0f959880e8aba1717cfdb0c035c332660687c64cec7f6da208b25,,32.74629853107035,1095400,1094064,0,SNAi_P,4
-0.20995717834999872,1.526853803573062,1.883187245858808,0.425546875,-0.31814932732274137,1.183147211100799,1.5901453582628289,0.40424804687500004,0.35697041618805364,1.0448085835840077,-0.0019416766364624895,-0.0142842682067917,0.011075576870090682,4.005399318338581,1.1390049600601195,0.09592349200201834,-0.3242442189435925,1.2119482329548847,0.7526611095616378,1.1799959506764295,0.884921341809677,0.22208289802074432,0.42739665508270264,0.928600013256073,0.8849213410296943,0.4028771078379998,0.07910982223545868,0.481986930073459,4.996003610813204e-16,0.27494140625,0.27494140625,0.17240234375,0.39400390625,0.038404780626297,0,0.0,2.0,0.4691409614240249,0,33,625,ref,9286,0.9286,4.724382400512695,1.3886504173278809,,,02ac2e7154474cc77967a7224961154ab73b73abcaa4143a14b298ca23b77356,,35.34707583102863,1034288,1094064,24,SNAi_P,4
-0.24715003883577455,1.5651830954574668,1.9336531889902395,0.4171484375,-0.290246329031377,1.1959736520032365,1.7271143415665176,0.405869140625,0.36042907296358545,1.0700405724174422,-0.00011666909506873934,-0.014042900124059834,0.011518295491764308,4.0540367565426205,1.137836641073227,0.09908150021626165,-0.30068731968464085,1.2595397379922944,0.7483614549044704,1.1909180976155413,0.8648605576204136,0.29486292600631714,0.4156041145324707,0.9236000180244446,0.8648605564469471,0.42211358967224066,0.05566003966798764,0.477773629340234,5.662137425588298e-15,0.28626953125,0.28626953125,0.17939453125,0.40556640625,0.031099605560302734,0,0.0,2.0,0.4843222845598551,0,34,625,ref,9236,0.9236,4.14649772644043,1.1052721738815308,,,19514fa4794666b84807035e839d1319d1f62470bc4411e9ec759aed08bee4a3,,38.21331964607816,1026972,1094064,24,SNAi_P,4
-0.394354948704387,1.5884101458717823,2.230434363292093,0.38642578125,-0.31981549083241534,1.2172911041225225,1.9028955992413394,0.40221923828124995,0.3833312613041799,1.0936583979512673,0.004807972920382598,-0.014325466206161337,0.01206714044484567,4.094203533540819,1.1320205485820771,0.10263209243018029,-0.33544886332972046,1.3169707416502825,0.7292791040295397,1.1964698082479468,0.8382366140978411,0.24595414102077484,0.4176606237888336,0.9204999804496765,0.83823661606526,0.4122988068529015,0.05054835712130244,0.4628471639741997,4.218847493575595e-15,0.290625,0.290625,0.18244140625,0.41671875,0.029397547245025635,0,0.0,2.0,0.4456657582343274,0,35,625,ref,9205,0.9205,4.310166358947754,1.3681000471115112,,,a28fcd699d9e2cb4eae8e4f23f79fd5a8f0e07d985949fb771af6b7c3fb8a16f,,40.57777176506352,1064784,1094064,1,SNAi_P,4
-0.3341881518020897,1.578924024151165,2.279369557833086,0.39005859375,-0.34756673604901955,1.2325973140208755,2.0028086222915125,0.39406494140625004,0.4035793845741662,1.1166888541477211,-0.0009721001904104731,-0.014624519223371242,0.012469559471784863,4.137540429018334,1.1300038772821426,0.1040744528442905,-0.3680998713402268,1.3605246865608902,0.6632786122608921,1.2051719459289456,0.8443418378941715,0.2413782775402069,0.40297287702560425,0.9222999811172485,0.8443418382341042,0.40085888500236505,0.07129589091801634,0.47215477592038096,4.440892098500626e-16,0.29029296875,0.29029296875,0.1845703125,0.4162890625,0.02832040786743164,0,0.0,2.0,0.48858498335156114,0,36,625,ref,9223,0.9223,3.824868679046631,1.2911567687988281,,,00de27eff2f9922136fcd7302c53d7da4b2211c98bae6480cb99f379f2c71d93,,41.4714394180337,1095408,1094064,1,SNAi_P,4
-0.2891630536247658,1.5328879787871315,2.307563297382151,0.4113671875,-0.3836643977751635,1.2420213650182468,2.028636812103592,0.38541259765624997,0.41364762104228975,1.1332276685134766,-0.004258218393977311,-0.014873671785036765,0.012544125262519582,4.180489747846483,1.1244461965560912,0.10615449457106982,-0.3991801953004906,1.371061163693677,0.7053856326438863,1.2089977190856975,0.8673619573912583,0.27424827218055725,0.42816293239593506,0.9176999926567078,0.8673619568289723,0.4145710284946705,0.0651824294348013,0.47975345792947843,6.661338147750939e-15,0.2828515625,0.2828515625,0.17912109375,0.40611328125,0.03415202498435974,0,0.0,2.0,0.49640676534540223,0,37,625,ref,9177,0.9177,3.6261343955993652,1.258597493171692,,,db7c2d63be112a084abf297e27b8e57c29a5a686bfce178d166cc2e36d4ebb50,,42.33449638809543,1034292,1094064,1,SNAi_P,4
-0.28509176677477344,1.5767662908748448,1.9899263780647434,0.40232421875,-0.33080154884538004,1.2424911245851176,1.9536712594914973,0.39798828124999996,0.3901872138381172,1.1565150615166393,-0.0029180806819661662,-0.014268442312123968,0.012390365722979618,4.218051364431232,1.121536505818367,0.10664379379252666,-0.3400915031649906,1.352782676086088,0.7096391406967943,1.2151812428083326,0.8532134607236367,0.3038787841796875,0.41210511326789856,0.9172000288963318,0.8532134611788206,0.4106458139980039,0.061555555929510355,0.4722013699275114,2.831068712794149e-15,0.2848046875,0.2848046875,0.1804296875,0.4108203125,0.029815572500228885,0,0.0,2.0,0.4345179959335988,0,38,625,ref,9172,0.9172,4.058177471160889,1.1676520109176636,,,894c24b8311a2583db9da3fa5eae0c4fe5682fd8bec2e63b8d5efd4d1aff3330,,43.23620959999971,1026980,1094064,1,SNAi_P,4
-0.3940146153515349,1.631346339431056,2.1149010265160784,0.3865234375,-0.3780224718366732,1.2529908433178456,1.7752671681648742,0.38864013671875003,0.3925267310306758,1.1813867471108608,-0.00392742470317084,-0.014808922911105075,0.011829902733871148,4.258068799377557,1.118347049355507,0.10963238160732848,-0.39864660953566433,1.2985232091038084,0.6848897858458953,1.2234730776940619,0.8273024987394456,0.2664226293563843,0.38878491520881653,0.9214000105857849,0.8273024979117326,0.4088305975157378,0.05176884233824988,0.46059943985398233,5.329070518200751e-15,0.29572265625,0.29572265625,0.18544921875,0.4240625,0.034239673614501955,0,0.0,2.0,0.45970268349602267,0,39,625,ref,9214,0.9214,4.6719818115234375,1.2273086309432983,,,612dc23871039fca014f1d59d4c9d7e38dbba52c7323e3c2e44e478a4c209a6e,,44.116874869097956,1064796,1094064,0,SNAi_P,4
-0.43171947938710586,1.5753379984489608,1.6287610230376155,0.3772265625,-0.4541909116847192,1.2682846411118027,1.7263938875769744,0.3711279296875,0.40248595162587103,1.2042261495808202,0.0018338296734026326,-0.015322864996312302,0.011557488724799878,4.2951783284830825,1.1126420593261719,0.11242986046790023,-0.4569987021920254,1.2750904907114153,0.7289415539043143,1.2248658836830029,0.8242914020235185,0.27063459157943726,0.4044213891029358,0.9186999797821045,0.8242914014949929,0.40969891877386255,0.051592461440066135,0.46129138021392735,1.3322676295501878e-15,0.2981640625,0.2981640625,0.1878125,0.42498046875,0.027174460887908935,0,0.0,2.0,0.4706359286065474,0,40,625,ref,9187,0.9187,4.129881381988525,1.0447633266448975,,,a10b32372af89a48c9b5b3a06a953cb260f4567fbccaf364d87d9821405612ca,,44.992980662034824,1095432,1094064,1,SNAi_P,4
-0.3387714410382162,1.5567917990796185,1.8062506028876764,0.39849609375,-0.354674347765079,1.260452061363511,1.7167985235759926,0.39506591796875007,0.3728106842138055,1.2203945355894859,-0.00446582080776701,-0.014474124150908119,0.011476318291324257,4.32792120406564,1.1115238398313523,0.11653643424704835,-0.3711737666546472,1.2728432919114183,0.7859976534082059,1.2297607427226753,0.8592644754122012,0.2858462333679199,0.40446802973747253,0.9103000164031982,0.8592644735600333,0.40768247957523757,0.06833522604310978,0.47601770561835627,8.93729534823251e-15,0.28755859375,0.28755859375,0.18205078125,0.40759765625,0.02584778666496277,0,0.0,2.0,0.4515997509559764,0,41,625,ref,9103,0.9103,4.531472206115723,1.2558495998382568,,,ffd7268111822304420d63ce79fffd4b7417747fb883d39be6c567a4e2b882df,,45.860511848004535,1034324,1094064,1,SNAi_P,4
-0.43187326718590585,1.5854566792649294,1.6093766766619249,0.38640625,-0.4398373587047746,1.2743389639242673,1.667467035369642,0.38227783203125,0.39185353422637403,1.2369330130193952,-0.004846752270194376,-0.01522341857221732,0.011264199750516223,4.3660018174163175,1.1067762726545334,0.11750721281025978,-0.45267741478291756,1.247521030529553,0.8052927988173734,1.2318309243697987,0.8467966558726039,0.27003419399261475,0.4083095192909241,0.9165999889373779,0.8467966564418749,0.40410901143862676,0.06739878918718417,0.4715078006258111,1.6653345369377348e-16,0.29189453125,0.29189453125,0.18478515625,0.41421875,0.029950523376464845,0,0.0,2.0,0.4271116716155051,0,42,625,ref,9166,0.9166,4.09611701965332,1.3085753917694092,,,4097508dee97a36b88deff790750df525b7f20db22071e29aa721f33c12290d1,,46.795252670068294,1027008,1094064,0,SNAi_P,4
-0.43840939742294666,1.6105377902811637,2.4310100850695795,0.37734375,-0.42303499862585164,1.2921563783974404,2.007180815307693,0.38602783203125,0.4116912501724703,1.262315389339064,-0.004338533278345437,-0.014994542890682694,0.012326976610420226,4.403709535467146,1.1048490279912948,0.11904940957141197,-0.4311591354437276,1.3598000103800247,0.7561144823247479,1.2412070514117313,0.8397559724841267,0.25758999586105347,0.4014787971973419,0.921999990940094,0.8397559714503586,0.39855884701962774,0.07055331358793936,0.4691121606075661,9.992007221626409e-16,0.2923046875,0.2923046875,0.183359375,0.41794921875,0.02655975222587586,0,0.0,2.0,0.41916969539515264,0,43,625,ref,9220,0.922,4.691327095031738,1.3664475679397583,,,fac99761fd8fcc03c82e32dacda3c95105b6a8794a1a8c367be08f31fefba7e0,,49.30922112707049,1064824,1094064,0,SNAi_P,4
-0.4075140327499542,1.651168669135877,1.983028830351755,0.381015625,-0.41202736942081897,1.294198245797609,1.8823932205946954,0.38688964843749996,0.39626027087644367,1.2819197001304996,-0.003230871581335125,-0.014819797709539093,0.01195999273707026,4.444491666897451,1.102712339758873,0.12104298449063963,-0.415395309688205,1.3238604211289675,0.7541016438460477,1.2474481090677536,0.8320215624303091,0.24476179480552673,0.4034803807735443,0.9222999811172485,0.8320215623523108,0.4055497127971989,0.057966326170685416,0.4635160389678817,2.6645352591003757e-15,0.29470703125,0.29470703125,0.1829296875,0.42244140625,0.030163013935089113,0,0.0,2.0,0.5284889575780586,0,44,625,ref,9223,0.9223,3.182628631591797,1.1005160808563232,,,ff166b8c7e772cc447979b0856a5973d41cef0c6d5d99cc6b52d08d78bc91dfe,,50.19864882109687,1095452,1094064,0,SNAi_P,4
-0.371437594677605,1.6125163354986751,1.9949328959155668,0.38419921875,-0.42409217351714856,1.3027232881481394,1.876947823759309,0.3788427734375,0.39562796732406036,1.3005415139730534,0.0009184841863872705,-0.015020073264919356,0.011682744912220253,4.477559361152557,1.0965293300151826,0.12241830076174266,-0.4420941090923936,1.2996566998376038,0.8290591027254677,1.2515653634411108,0.8327458022721111,0.2837200462818146,0.401630163192749,0.9174000024795532,0.8327458010218106,0.4062672048006317,0.056652756296358804,0.46291996109698474,5.773159728050814e-15,0.293203125,0.293203125,0.1833203125,0.4209375,0.03205692768096924,0,0.0,2.0,0.40187189143570257,0,45,625,ref,9174,0.9174,6.352930545806885,1.490092158317566,,,8ec7cc3a4ef59821c79a62487447b64cb3fd9ee269b139b569209fea3e883357,,51.15313341701403,1034336,1094064,0,SNAi_P,4
-0.31103958091971734,1.644660423633136,1.9340225198528231,0.39708984375,-0.4241194073484759,1.3093536215555241,1.77023083489708,0.37909423828125,0.3878844096789236,1.327894681817366,-0.0013721852157225411,-0.015045034162347587,0.01134235287916907,4.517965390019363,1.0934620541334152,0.12371723010973801,-0.44771832468855893,1.2666562712653155,0.8782130354087285,1.2607112782443923,0.84959082532092,0.29242950677871704,0.403004914522171,0.9132999777793884,0.8495908253348898,0.4113794558583146,0.05781421526444757,0.46919367112275745,4.718447854656915e-15,0.29009765625,0.29009765625,0.179453125,0.411171875,0.030095094442367555,0,0.0,2.0,0.478096478041228,0,46,625,ref,9133,0.9133,3.335028648376465,1.1117619276046753,,,874155bee700e7620149d312015beb049b762fd9d9d2c66afa2052f698a3ab8b,,52.17922581208404,1027024,1094064,0,SNAi_P,4
-0.49222827357796317,1.6572388814577397,1.980529599944387,0.36880859375,-0.4273153942679157,1.3179430444811526,1.7810632432298505,0.38088134765625,0.3958960372170713,1.3443665664953317,-0.00328873521615362,-0.015053591222941958,0.011650058604249221,4.549924081336347,1.0907589375972748,0.12487859044244219,-0.45129800778786733,1.2955864470881597,0.8604725868850897,1.2585805355152626,0.8272118901775685,0.2751663625240326,0.3970530033111572,0.9176999926567078,0.8272118903929367,0.40682003788162696,0.05878417522995461,0.46560421311158445,2.886579864025407e-15,0.29876953125,0.29876953125,0.1888671875,0.42521484375,0.029026514291763308,0,0.0,2.0,0.4913993480759875,0,47,625,ref,9177,0.9177,4.054533004760742,1.0797797441482544,,,f62684a9a7eb2c8eaab143b3294635404738d09f69740aae160193cf742c6025,,54.6272800010629,1064840,1094064,25,SNAi_P,4
-0.3020064216399973,1.6370271530549994,1.869172384348706,0.41509765625,-0.4078663264871041,1.3220284304636483,1.726647536074443,0.3872216796875,0.38336836756209636,1.3631573999203517,0.001233403471729012,-0.014839429214809297,0.011430667598269814,4.582922364196236,1.0886661624908447,0.12489246823167689,-0.4314524953994642,1.2735080767248517,0.8300112306515987,1.262342217723895,0.8797556314687245,0.2900724709033966,0.3871261179447174,0.9096999764442444,0.8797556309844368,0.4071751848770237,0.07005533754572557,0.4772305224227498,5.551115123125783e-16,0.27490234375,0.27490234375,0.173203125,0.39390625,0.03456729054450989,0,0.0,2.0,0.4936172785705531,0,48,625,ref,9097,0.9097,3.9201102256774902,1.2071365118026733,,,7dcb2e50ce9b89c106c93dc498b52539365bd46232a18900ee85c9d840de32e2,,58.258954620105214,1095464,1094064,22,SNAi_P,4
-0.4722997792135304,1.651549452524105,2.094436503536556,0.36919921875,-0.4415238698770583,1.336994409139218,1.6758951792492718,0.38412841796874997,0.3920999967095608,1.3892136603898344,0.00624039297013151,-0.015165975706739452,0.011351361982561533,4.617960095211988,1.084037693142891,0.1255385064010098,-0.4695316728485271,1.2628994314152262,0.8450163966265336,1.2646415771079424,0.8182386072829831,0.21868601441383362,0.38334301114082336,0.92330002784729,0.818238605799852,0.4014244944008293,0.05839010604880748,0.45981460044963607,6.661338147750939e-16,0.300078125,0.300078125,0.18921875,0.42935546875,0.02696154117584229,0,0.0,2.0,0.48553081963065076,0,49,625,ref,9233,0.9233,3.4807112216949463,1.3784371614456177,,,db93d086ef35b92978f2f82406b93eb664cc858fc693699450a7927429d2890e,,61.59546589409001,1034348,1094064,23,SNAi_P,4
-0.488560142660599,1.6420180572054188,2.0090739782966405,0.36892578125,-0.4761348775532369,1.3463609185691658,1.6739889792134202,0.37200683593750006,0.39945954600121836,1.4131062878109872,0.00012188923820269982,-0.015475102361155521,0.011230186914782178,4.652546779922887,1.0805893701314926,0.1270496787029221,-0.504646253923283,1.2559929822330154,0.8425848628054432,1.2683019533965476,0.8255004582635592,0.26518911123275757,0.3911779522895813,0.9111999869346619,0.8255004597420339,0.3979319943229454,0.0641703997455824,0.462102394068525,2.831068712794149e-15,0.2980078125,0.2980078125,0.1883203125,0.4248046875,0.030464667081832885,0,0.0,2.0,0.5070438241814764,0,50,625,ref,9112,0.9112,4.425780296325684,1.1982570886611938,,,d2fb9c2614d265d0254dbea64d511373fdc068532363d485e6f97babbea74da8,,65.1674197370885,1027036,1094064,9,SNAi_P,4
-0.5655129354706537,1.6418971157463922,1.900657457537923,0.349921875,-0.4123829985567519,1.3436542475691002,1.6344030451042377,0.38686279296875004,0.36857172139744826,1.4330043113065767,0.0038307043064601466,-0.014755500829405856,0.010936257878448985,4.682738149637531,1.0792282974720002,0.12899363620305188,-0.4322929202653507,1.225661717097314,0.8515770959559931,1.2727791501996526,0.7896664850763045,0.24895736575126648,0.38386547565460205,0.9222999811172485,0.789666484411573,0.4052840239201847,0.047366391252059784,0.45265041517224547,9.992007221626409e-16,0.31650390625,0.31650390625,0.1993359375,0.4473046875,0.023582947254180912,0,0.0,2.0,0.5073601570681706,0,51,625,ref,9223,0.9223,3.6439576148986816,1.206169605255127,,,389e3b19e9b04d9b060876b0d9a67024770a347be0b278cdc52cb215037c20f6,,67.48515719210263,1064852,1094064,9,SNAi_P,4
-0.5245772042236148,1.682909739977741,2.0907442256733093,0.36779296875,-0.4476243199368342,1.351771007456087,1.5717527739732882,0.384423828125,0.37124042564566745,1.454306915402598,0.0017375155505789685,-0.015036125991325701,0.010662266394071713,4.720156825932679,1.0751959443092347,0.12897290478787546,-0.46507190096565865,1.1933394104623507,0.8826716333628721,1.281154300929107,0.8159763656184077,0.27264532446861267,0.3752621114253998,0.9182999730110168,0.8159763654030394,0.41053322154592814,0.046893253723105904,0.45742647526903296,1.0547118733938987e-15,0.30220703125,0.30220703125,0.1896875,0.42876953125,0.025408685207366943,0,0.0,2.0,0.5444156778021723,0,52,625,ref,9183,0.9183,3.396115303039551,1.1080700159072876,,,87e2a5eba2089bcc8e9e49dc4ecbe674b2bb03c7a50fab82b5c2ac21f9193794,,69.62250522500835,1095492,1094064,11,SNAi_P,4
-0.543538100731427,1.669535634794845,2.1442501727598158,0.360078125,-0.5160505753653868,1.3697035496661298,1.6412414104705033,0.3689306640625,0.3946805527480564,1.4731202456727188,0.008287015547221221,-0.015593825497655216,0.010865295079198686,4.753888603304734,1.0713144910335541,0.13378294164079696,-0.526082871340397,1.217368236565638,0.8226168004662047,1.2881858044271608,0.8071706886892207,0.2620656490325928,0.39373496174812317,0.9203000068664551,0.8071706901781727,0.40786417171406925,0.055516999706000894,0.46338117142006824,1.887379141862766e-15,0.31203125,0.31203125,0.1996484375,0.43927734375,0.023276084661483766,0,0.0,2.0,0.47423668941618097,0,53,625,ref,9203,0.9203,4.59949254989624,1.5108897686004639,,,db60bb3a9dac096a97597878bdf874df4f083134b08196a8cb6826b42c5010dd,,71.03977584606037,1034380,1094064,11,SNAi_P,4
-0.5715403486425304,1.6300908439533357,2.272081790764772,0.34861328125,-0.5106431669347083,1.3785015706746966,1.835634587801129,0.37195556640625,0.40609729037934433,1.4903591301310346,0.0038101598422267203,-0.015372769116466454,0.011633954585485556,4.78050663140198,1.0677818876504899,0.1383699537105167,-0.506970942738673,1.3011549179605117,0.8130179335399392,1.2854212345095235,0.7987853324459866,0.29569244384765625,0.40631768107414246,0.9151999950408936,0.798785331514664,0.3917280213212307,0.06266422329606457,0.45439224461729255,2.7200464103316335e-15,0.31078125,0.31078125,0.197734375,0.44064453125,0.02626911997795105,0,0.0,2.0,0.5042809068190549,0,54,625,ref,9152,0.9152,4.471887111663818,1.328472375869751,,,b0c1cf52c6ac6b3c4aab5c3430047bbf02cd1c27de472638e306d75b109f3528,,72.88333127601072,1027064,1094064,1,SNAi_P,4
-0.490637753073872,1.6768425094170318,2.2498770869937057,0.36474609375,-0.5130590605576235,1.380658885811671,1.7285323183637917,0.37333984375,0.3945605890809045,1.5053943911984278,0.006263978691392959,-0.015318578215049807,0.011245149993347131,4.814147724793855,1.0632449191808702,0.13996130110323884,-0.5059567138449114,1.2583155539918842,0.8241788064103437,1.288121349861236,0.8061119270161725,0.3076459467411041,0.38131093978881836,0.9125000238418579,0.8061119264259469,0.39979209683352224,0.05506226261762265,0.45485435945114583,9.43689570931383e-16,0.30634765625,0.30634765625,0.1909375,0.4365234375,0.028486967086791992,0,0.0,2.0,0.44028213294340307,0,55,625,ref,9125,0.9125,4.478982925415039,1.2488082647323608,,,bf5c8464736ec01369485c2399e3fc50b0906cda85e345fc2ef81624de707ef7,,75.12090470409021,1064876,1094064,12,SNAi_P,4
-0.6296921639535328,1.7013158361041665,1.951674022738909,0.33498046875,-0.604885140402162,1.3970682947548017,1.6443170706107677,0.35171874999999997,0.41556156271065364,1.528079009311271,0.008159248187164597,-0.016130525155403433,0.010960795544853392,4.844106600727468,1.0585633325576782,0.14021772573795405,-0.5938123683774503,1.2269628624434166,0.8745510695118099,1.2882802266984625,0.773886338196462,0.27947717905044556,0.3751424252986908,0.9210000038146973,0.7738863389741164,0.40042375806034103,0.04065104789190557,0.441074805952249,2.4424906541753444e-15,0.31814453125,0.31814453125,0.20091796875,0.45453125,0.02538929581642151,0,0.0,2.0,0.5261757285592071,0,56,625,ref,9210,0.921,3.9991421699523926,1.1326783895492554,,,e95e95cc61574a10e7b3130bafdff0d755b09fb2abac7619a6cf45cc6e4d4bec,,77.9612939300714,1095504,1094064,14,SNAi_P,4
-0.5538139560240145,1.664771502807482,1.8958891937912687,0.35921875,-0.6227777424834496,1.404574828328008,1.6350517346418283,0.35383300781250004,0.4223831104554769,1.5502001414433793,0.0002471964737970722,-0.0162476888310925,0.011071980331840233,4.869351948009518,1.0560918360948564,0.14390315132799766,-0.608285855406339,1.243088904807387,0.8818567294627542,1.2900500176089644,0.7982605081563815,0.28177157044410706,0.3832606375217438,0.9247000217437744,0.7982605073263404,0.40725586238346767,0.05044755766385265,0.45770342004731984,4.996003610813204e-16,0.31453125,0.31453125,0.19837890625,0.44255859375,0.024117571115493775,0,0.0,2.0,0.5470774667664305,0,57,625,ref,9247,0.9247,3.7565360069274902,1.1789988279342651,,,8b25467d02752c94a4dca81b54d44e7ed75f8a562e393677a30420e2dcbb71b3,,80.2721894819988,1034388,1094064,10,SNAi_P,4
-0.6149882611825821,1.7334854580619938,2.347619323096309,0.363984375,-0.6420709299121767,1.4141493735958377,1.5985541212531402,0.35443359375,0.4231393844883236,1.5752240691729837,0.0014549971801928164,-0.01633725440244104,0.010970980872847466,4.902469475522169,1.052233391404152,0.14678447990862795,-0.6213192012432175,1.2373384581766607,0.9126642702888574,1.2964730284726897,0.8280133920942899,0.22922462224960327,0.3740115165710449,0.9229000210762024,0.8280133922805544,0.40130802913727665,0.06289040100733909,0.4641984301446186,2.886579864025407e-15,0.297890625,0.297890625,0.1871484375,0.42474609375,0.027813923358917237,0,0.0,2.0,0.4682157009571058,0,58,625,ref,9229,0.9229,4.492918491363525,1.2528619766235352,,,eb2548fcb34d051e8350dcdf860559073c87c9479a60990c502e35257de6bd28,,82.2820690110093,1027076,1094064,2,SNAi_P,4
-0.4455129415909253,1.6648130021245218,2.3271881687662646,0.38974609375,-0.5822833627533166,1.4174277483969362,1.847026297665297,0.36658935546875,0.41539602815891813,1.589731245358361,0.0039741484083290835,-0.01572982743799972,0.011521888211439964,4.9329256896932785,1.0507615661621095,0.1501462996738879,-0.5605675373882917,1.2925758376712446,1.0054426342667242,1.299801985062964,0.8432836587447673,0.23442724347114563,0.3905643820762634,0.9212999939918518,0.8432836573035456,0.40682980826026566,0.0614547435772194,0.4682845518374848,2.7755575615628914e-16,0.2901171875,0.2901171875,0.1818359375,0.41763671875,0.030462783575057984,0,0.0,2.0,0.47438675463766483,0,59,625,ref,9213,0.9213,3.9338290691375732,1.216877818107605,,,49343809fefeb51aff3fe8967058e76c4825d4821c96d8f399be25740078de0a,,84.44794854300562,1064892,1094064,12,SNAi_P,4
-0.47831343926687725,1.6683930030299796,1.6730825283015403,0.3697265625,-0.5223050609098652,1.4128620567116141,1.695110729195429,0.37945800781250005,0.37908529711879096,1.607595792713808,0.009498101462773152,-0.015112408961435645,0.01088870688995891,4.9630028986712835,1.0483479064702987,0.15291738403039637,-0.49973419934419083,1.2322706669421744,0.9551071358714125,1.3044817351565001,0.8164602106623352,0.2519514858722687,0.3896816074848175,0.9180999994277954,0.8164602089684923,0.409777848282458,0.05295884631603262,0.46273669459848754,3.1086244689504383e-15,0.304921875,0.304921875,0.1927734375,0.4317578125,0.02488718032836914,0,0.0,2.0,0.5489124441853227,0,60,625,ref,9181,0.9181,4.83664608001709,1.1726099252700806,,,20aa8b80701fb39905d9bf80a0e6e8d34a5423f583f97a1178db847b89d625d7,,87.42169359908439,1095520,1094064,12,SNAi_P,4
-0.5190410527447646,1.7276212298148106,1.7564339848398773,0.370390625,-0.5448106466455289,1.4150888665600687,1.547193419143258,0.37711181640624997,0.3752346930094806,1.6201918432616176,0.007049963991161698,-0.015390443952087274,0.010322737188984608,4.9911052097366335,1.0439416539669037,0.15284311428479935,-0.5326217479080911,1.17336449003767,0.9635609155060214,1.3025498789895469,0.8176072360260878,0.28374889492988586,0.3687126040458679,0.9199000000953674,0.817607233353192,0.40892554641890505,0.05161360910029604,0.46053915551920077,3.3306690738754696e-16,0.30173828125,0.30173828125,0.1909765625,0.43009765625,0.029294037818908693,0,0.0,2.0,0.47340661200522743,0,61,625,ref,9199,0.9199,5.912728309631348,1.3897007703781128,,,52f7bbe19b7b2086eb22ac7510e8160dc9b00548162f03e94daa5ef1603055f3,,88.96304695005529,1034404,1094064,13,SNAi_P,4
-0.46835764084972104,1.706578199879444,1.8930518466842958,0.38017578125,-0.5324373311953764,1.4234987027965877,1.5922143725954805,0.378759765625,0.37343282609255013,1.6395983392558926,0.013317391515125518,-0.01526481270447926,0.010428856369733957,5.024564118944734,1.04236257314682,0.1554962947531789,-0.5213314386230355,1.1890492181395969,0.9814550505798434,1.3091822015890517,0.8384624019579496,0.3033628463745117,0.38427072763442993,0.9165999889373779,0.838462402097648,0.4014003866120956,0.06706197489391455,0.46846236150601067,4.996003610813204e-16,0.29130859375,0.29130859375,0.18421875,0.41892578125,0.026347225904464724,0,0.0,2.0,0.48780524818428267,0,62,625,ref,9166,0.9166,5.0086541175842285,1.2736736536026,,,a830a055070e41bcd142909152cab1e73a03987590f9f089a29a07b6e5050995,,91.68688371509779,1027088,1094064,13,SNAi_P,4
-0.45960283842838706,1.7268508288466902,1.802299554997255,0.38451171875,-0.49485685327781226,1.4275743721082315,1.7025935392476714,0.38739257812499994,0.3687480096893508,1.6551632264599476,0.014057351750913194,-0.014959522372466257,0.010663047180956006,5.051020004873539,1.0404849034547805,0.15635146652810525,-0.4919358347242445,1.21403513028134,0.8628687490388995,1.312147524929701,0.8390884162532166,0.25645747780799866,0.3778190314769745,0.9190000295639038,0.8390884161449503,0.41642818038419377,0.0483678943909988,0.46479607477519075,1.8318679906315083e-15,0.289921875,0.289921875,0.182734375,0.4171484375,0.02894428968429566,0,0.0,2.0,0.4725317829283581,0,63,625,ref,9190,0.919,4.007322788238525,1.0429152250289917,,,90ea33d3a171f28079739f1a5b3875588e65ced82db372e77a40b3709e54f29c,,94.49448230303824,1064908,1094064,13,SNAi_P,4
-0.47396352353409876,1.7181789204058238,2.044288468036241,0.3712890625,-0.44777467534664084,1.4309690934809185,1.822653874904601,0.3939013671875,0.36345077136016235,1.6687307999055196,0.015490975231920055,-0.01447091124405264,0.011101010792154522,5.079647314932886,1.0383999228477478,0.15789889128622184,-0.4439685604902934,1.2631939542493111,0.8226753830459869,1.3130413314156761,0.8204608130198904,0.28018999099731445,0.3747894763946533,0.920799970626831,0.8204608135891612,0.41201497587598185,0.05064669245021986,0.4626616683262024,7.216449660063518e-16,0.30240234375,0.30240234375,0.18955078125,0.43046875,0.03063393831253052,0,0.0,2.0,0.5358882346327255,0,64,625,ref,9208,0.9208,3.873660087585449,1.1162408590316772,,,00308704d8c240ec8c75cc70cc7c3e9618c30de42c927211aa84b88115a92043,,97.50521338102408,1095536,1094064,13,SNAi_P,4
-0.5442168720553621,1.7293703329297616,1.9899166709046199,0.36853515625,-0.4517636822105105,1.4432514718161418,1.9463179707518594,0.39326171875,0.37456624346848855,1.689605323143017,0.01880324428795448,-0.014408201176890439,0.011628268329649728,5.108420995300915,1.0350777465105057,0.16093766748093707,-0.4408668547663793,1.3184875941090541,0.8478646902406215,1.314651225637461,0.8227307197230402,0.29035645723342896,0.36158356070518494,0.9143000245094299,0.8227307201200165,0.4075569134988008,0.05369253712020683,0.46124945061900724,3.885780586188048e-16,0.2983203125,0.2983203125,0.18873046875,0.42748046875,0.029337775707244874,0,0.0,2.0,0.5367367668886547,0,65,625,ref,9143,0.9143,3.968703508377075,1.1833908557891846,,,5fac48db390fa83d13e33c818fe3ea269a70f8d6ad0797b48f8ad598da9054b1,,100.45551388408057,1034420,1094064,13,SNAi_P,4
-0.5113976976543156,1.733731134167493,2.2213879209846117,0.379375,-0.49662491875648945,1.4513370874600655,1.744463627305006,0.38736083984375,0.37706369231170117,1.717211338915297,0.012104310210068437,-0.014843788289883872,0.011169626924177556,5.136309788866677,1.0316923582553863,0.1605902523295866,-0.48887283374725854,1.262090433457082,0.9386630880359805,1.3182151097475057,0.8361638098885306,0.28067025542259216,0.3691752254962921,0.9214000105857849,0.8361638084764127,0.40849338219592324,0.06044128072033378,0.468934662916258,9.992007221626409e-16,0.294375,0.294375,0.18732421875,0.42029296875,0.029500758647918703,0,0.0,2.0,0.5028792105378738,0,66,625,ref,9214,0.9214,5.027671813964844,1.332706093788147,,,b028c80316d5bd0c4c9d1efd3d5773ee5ea979ef95e88fc1297b0be5323870e4,,103.44530321808998,1027108,1094064,15,SNAi_P,4
-0.6072130041271219,1.736426774677408,1.9061686865656324,0.3628515625,-0.5175445602411137,1.4636367796180174,1.9116924236023152,0.38178955078125,0.39188929699768166,1.73294209924931,0.017401226403608874,-0.014997957017989484,0.011564111957286788,5.161895458018031,1.0283296710252763,0.16539871875649684,-0.5080282281404366,1.3143897793105288,0.8534680635869918,1.3190410998685027,0.8174308454163838,0.2727721631526947,0.3681366741657257,0.9174000024795532,0.8174308452592232,0.40656802731359876,0.05301419682734328,0.45958222414094346,1.4432899320127035e-15,0.3009375,0.3009375,0.18828125,0.43130859375,0.025211596488952638,0,0.0,2.0,0.45893975089810807,0,67,625,ref,9174,0.9174,6.198054313659668,1.2284318208694458,,,4022ef36d545da4c008bc852a7c45a924a6c061f5f769f9e4af8910f831b37e5,,106.09210894803982,1064920,1094064,14,SNAi_P,4
-0.5498263154244476,1.747187199093109,1.9256498831686515,0.36814453125,-0.5287068436440908,1.4663747411843482,1.738850272374769,0.38255615234375,0.3781353556882391,1.7531815343614363,0.018937991533789136,-0.01506229723246142,0.010918179016307473,5.1925983656317545,1.0250481510162353,0.16522849861996491,-0.517900618934039,1.2438860683262112,0.8539415906812016,1.3258274835821526,0.8131208034907468,0.26032328605651855,0.37323471903800964,0.9117000102996826,0.8131208039843477,0.40488466404730034,0.0535007756130326,0.45838543966032974,3.219646771412954e-15,0.3029296875,0.3029296875,0.1905078125,0.4324609375,0.027241575717926028,0,0.0,2.0,0.5160256152283769,0,68,625,ref,9117,0.9117,4.26746940612793,1.153721809387207,,,3547da748fe41ae123ed209c080a1630bc9322dfa506b33d85fe969077460b03,,107.42464918002952,1095544,1094064,7,SNAi_P,4
-0.7180930209656302,1.8178066085872386,2.2231727341719845,0.34291015625,-0.5895851150068456,1.483682174078172,2.007810140588943,0.37095458984374996,0.4201111107281307,1.7703444894832925,0.010857193465908514,-0.015634563526547598,0.011834575201505475,5.22070671889218,1.0196784287691116,0.1671314709092182,-0.5818920481437186,1.3445166139891573,0.8652350332851492,1.327428621667159,0.7887720085470937,0.2550153136253357,0.35691404342651367,0.921500027179718,0.7887720091943629,0.4053046133007466,0.042813894745957884,0.4481185080467059,1.4432899320127035e-15,0.31265625,0.31265625,0.1976171875,0.44775390625,0.023317509889602663,0,0.0,2.0,0.48513320669833826,0,69,625,ref,9215,0.9215,4.531679153442383,1.1571276187896729,,,9e4598fc01447d7f95e5e58c37be059aec305e5782260e73a029b568da389a76,,108.64515579107683,1034424,1094064,7,SNAi_P,4
-0.6084569879609365,1.7858857464486246,2.109551410866646,0.3528125,-0.6589236305568201,1.4997299784626497,2.029500215350843,0.35598876953124997,0.4416354462869232,1.796596322009712,0.010958240002944484,-0.016220434489892535,0.011878294923942115,5.251730835248362,1.0168456387519837,0.17066189268402554,-0.6447401776732332,1.3537493873389836,0.86493002248735,1.331713554732392,0.8033452138723806,0.263872355222702,0.35488519072532654,0.9221000075340271,0.8033452137419954,0.40116811575705036,0.057184418996574636,0.4583525347536277,2.7200464103316335e-15,0.31048828125,0.31048828125,0.19619140625,0.44095703125,0.026753336191177368,0,0.0,2.0,0.5361004448292672,0,70,625,ref,9221,0.9221,3.7643496990203857,1.1641725301742554,,,d510417d398f5a8a772eb446541a9b15f477f645114165a6b459aa993db5911a,,110.02323705900926,1027112,1094064,6,SNAi_P,4
-0.5252719227854191,1.7784725227439462,1.7710274266013268,0.3638671875,-0.6061870564593491,1.4988069442941978,2.0371549100122603,0.36570556640625,0.42257287484035594,1.8100473446523957,0.013802036771758518,-0.015736738126439977,0.011794273666513266,5.28024099076453,1.014652802348137,0.17127695223224335,-0.5973842170044711,1.3461261634472017,0.8804125037676755,1.3375935368521252,0.8094027799018658,0.28318190574645996,0.3709399104118347,0.9218000173568726,0.8094027777912561,0.41037299686766265,0.04239794441976064,0.452770941287421,2.275957200481571e-15,0.30234375,0.30234375,0.19140625,0.43083984375,0.025866526365280154,0,0.0,2.0,0.5131601090458251,0,71,625,ref,9218,0.9218,4.290854454040527,1.209792137145996,,,16bc58cb95025cb40db1445f081101a6e0190ea24bd2edc04f63cc2e6f19405b,,111.2088737640297,1064928,1094064,6,SNAi_P,4
-0.6494625372225724,1.8111974798686306,2.5117652551298817,0.3495703125,-0.6906513549739676,1.5261971228172422,2.4099721291032976,0.34749267578125,0.48800112167073273,1.8274520862387482,0.013824449786147726,-0.01656954306723524,0.013117992012903769,5.305586596948124,1.0097846120595932,0.1729505651818725,-0.687563123127201,1.4801746509082268,0.9077481899634938,1.3368741655356298,0.797298182368977,0.2828931212425232,0.37336230278015137,0.9153000116348267,0.7972981834167149,0.40844685900983163,0.043902451242171105,0.4523493102520037,9.43689570931383e-16,0.31060546875,0.31060546875,0.19611328125,0.44205078125,0.027167755365371707,0,0.0,1.9999998807907104,0.5335892257114719,0,72,625,ref,9153,0.9153,4.055013656616211,1.143848180770874,,,df918a8d0ed3e66c811a0707b99f320770a55d8b668e0dff54be84efeb8e894d,,112.87625691201538,1095556,1094064,10,SNAi_P,4
-0.6557117547210471,1.830057253032657,2.5096838371297054,0.3480078125,-0.6318090037712647,1.5237169954206768,2.3764969590878913,0.35929931640625,0.46656906104689383,1.8434365646901754,0.011707856396746444,-0.01605141968748907,0.013014154290530046,5.3360992028637755,1.0068301719427108,0.17544053690374561,-0.6374421379537807,1.4702599516171868,0.8918832227719364,1.338388062535313,0.7975791093159933,0.30469566583633423,0.3635254502296448,0.9135000109672546,0.7975791073869913,0.39941145562227737,0.05388607168816941,0.4532975273104479,1.1657341758564144e-15,0.31083984375,0.31083984375,0.1959765625,0.4401953125,0.02769160270690918,0,0.0,2.0,0.4901025191867279,0,73,625,ref,9135,0.9135,4.396559715270996,1.2009618282318115,,,f43879cb28f3fbd9abbf64fcb57d94e10914d9c9767d33b8bb8db49462b629c8,,115.3935985150747,1034440,1094064,19,SNAi_P,4
-0.5472126701603104,1.8169938217041397,2.779416012393786,0.3662109375,-0.5601180020370449,1.5267788216573333,2.552079084228572,0.3704736328125,0.45831403627861095,1.865630357876203,0.007109176106541259,-0.015476535464392876,0.013414094078286896,5.360909361498002,1.0051511484384537,0.1790194423444552,-0.5802312795761135,1.5155877818470724,1.003439526677238,1.3410823107112215,0.8229275723686442,0.3095904588699341,0.36149507761001587,0.9110999703407288,0.8229275725677144,0.40683803507689903,0.05668652430395889,0.46352455938085724,6.661338147750939e-16,0.29990234375,0.29990234375,0.1884375,0.4281640625,0.026870256662368776,0,0.0,2.0,0.45891601136800425,0,74,625,ref,9111,0.9111,5.241991996765137,1.2185314893722534,,,723e68f3ac5f4d4fbd6e54c27434537e75c4cfdff30cab73d4c88dc21a57a837,,118.16652832005639,1027128,1094064,18,SNAi_P,4
-0.5378543761975009,1.798840937737694,2.7498896801142347,0.36443359375,-0.5072738993805693,1.5241906011397572,2.513036890631611,0.37637939453125,0.43883649822239834,1.8803317854391646,0.0039887049412122965,-0.014953920506196523,0.013342225297593777,5.382077504435139,1.0053363591432571,0.18118703778913417,-0.526510536112812,1.514818469924326,1.0203928970185416,1.3456910721978128,0.8237429499684368,0.28923365473747253,0.36100420355796814,0.9121999740600586,0.8237429510441143,0.4120250623525109,0.04880871521875603,0.4608337775712663,6.106226635438361e-16,0.2990625,0.2990625,0.188125,0.4248828125,0.02966408729553223,0,0.0,2.0,0.5332713715847878,0,75,625,ref,9122,0.9122,3.4469690322875977,1.18087899684906,,,f0cbfaa1bedf5c51948733a35a857ebda7e7fcb8a6b5754cbf33591e1fdc4012,,120.54044924105983,1064940,1094064,3,SNAi_P,4
-0.5612510111002732,1.8279718514651435,2.636164379880742,0.365390625,-0.5467140921020648,1.5346458149308075,2.551003038242248,0.37152099609375,0.4508618012363775,1.896080997615488,0.00819497843277747,-0.015337668865810141,0.013319027817871365,5.403236290281726,1.0017597836256027,0.18212115454289274,-0.5693974538908882,1.5121018916453306,1.058746899379504,1.3435574023676224,0.8161471055296715,0.29697519540786743,0.36476582288742065,0.911300003528595,0.8161471069639084,0.4055354552005339,0.054123145081358535,0.45965860028189026,2.1649348980190553e-15,0.30232421875,0.30232421875,0.192734375,0.43111328125,0.027299129962921144,0,0.0,2.0,0.5753277828214653,0,76,625,ref,9113,0.9113,3.198957920074463,1.1930097341537476,,,747103c8619a3a2a398eade51cb1e16e09a16372d27501f2c0f079791d316def,,122.29227095399983,1095568,1094064,3,SNAi_P,4
-0.5362635437138314,1.8306405496451077,3.197994714692004,0.36650390625,-0.4776750973232985,1.5323055490473294,2.525545443008167,0.3868188476562501,0.4362496114996589,1.9143425248562032,-0.0026318407146245127,-0.014770798903030062,0.013456991764207808,5.429068597723974,1.0009633111953735,0.18038678367856276,-0.5121250077295841,1.5205005975526797,0.9506452454753942,1.344383628519791,0.8162647485674824,0.2412537783384323,0.36086151003837585,0.9222999811172485,0.8162647493858821,0.4090853696281328,0.05040508795856973,0.45949045758670154,9.992007221626409e-16,0.30298828125,0.30298828125,0.19203125,0.430625,0.025768673419952395,0,0.0,2.0,0.5201082108406798,0,77,625,ref,9223,0.9223,4.19691801071167,1.2751877307891846,,,1dbd8e0c001cdf9c0863d976da6685b8b7743ae693e97a709535eb838b93924f,,124.1386687620543,1034452,1094064,8,SNAi_P,4
-0.6203099735090583,1.8795412781297705,2.4183827182033877,0.361015625,-0.4972940695364174,1.5371158218758962,2.40663286254928,0.38635498046875005,0.4258231156711566,1.9371471726628509,-0.00024523847279471765,-0.014926550577331327,0.012919853404956824,5.456382713835162,0.9967335027456283,0.18159937610740526,-0.5323096768869587,1.4616749291616074,1.03497936512735,1.348853624640408,0.8153056962543633,0.19713212549686432,0.3430100083351135,0.9222999811172485,0.8153056957107038,0.4127222332453039,0.050220720225381175,0.4629429534706916,6.5503158452884236e-15,0.30677734375,0.30677734375,0.19369140625,0.43263671875,0.02508397698402405,0,0.0,2.0,0.5500718059836432,0,78,625,ref,9223,0.9223,3.4554595947265625,1.206140398979187,,,f71ab8ab67c56d85e30d9431f24d6274ff871c53f13c34718dea52b6692449b5,,126.74504688300658,1027140,1094064,8,SNAi_P,4
-0.5667246749297508,1.8355143756768002,2.9196305201657458,0.363125,-0.5395949855016309,1.5497426902307314,2.4685907076692772,0.3808544921875,0.4505958225282211,1.950742339201093,0.00036424419427070863,-0.015371239251505964,0.013271102494086017,5.481388041795728,0.9930100578069687,0.18685014518494572,-0.5815860565632134,1.5076327034792965,1.0494595210145108,1.348158236081685,0.8140508372522891,0.27933749556541443,0.34307605028152466,0.92330002784729,0.8140508376946672,0.4128799848675996,0.048969745181875544,0.4618497300494761,9.992007221626409e-16,0.305625,0.305625,0.1937109375,0.43353515625,0.025902676582336425,0,0.0,2.0,0.5088004426078405,0,79,625,ref,9233,0.9233,4.356894493103027,1.2338221073150635,,,b0d1a28af9ef6b4182162b209913c7cccca4dc1eaadb02335225fde572c59a8f,,129.39028542500455,1064956,1094064,8,SNAi_P,4
-0.5579948240342648,1.8323816814396747,2.566880498639356,0.36673828125,-0.5682555776933824,1.5590755519806836,2.5150957950598443,0.37365234375000006,0.4592030821293558,1.9720204663278205,-0.000506971673302572,-0.015685369423564268,0.013200149019328079,5.504798343918602,0.9913054364919662,0.18883580271483888,-0.6154694853404041,1.5072729564507292,1.004032825154532,1.3455740882837086,0.8203496086387895,0.2675688564777374,0.3549033999443054,0.9179999828338623,0.8203496092173737,0.415641669567202,0.04236151757914828,0.45800318714635396,3.6637359812630166e-15,0.29791015625,0.29791015625,0.1880078125,0.4267578125,0.03053344488143921,0,0.0,2.0,0.48528494623148316,0,80,625,ref,9180,0.918,4.045564651489258,1.2470165491104126,,,e03995c3dc909f8dcdd4215ceca442bc51c4390f16ea7d89570f65400f234cfd,,132.20610902807675,1095584,1094064,14,SNAi_P,4
-0.5105097178504603,1.8351699843691387,2.978399889797677,0.37328125,-0.5592555274274592,1.5596185988626448,2.323649645122464,0.37297119140625,0.44393381576552676,1.9912650293155787,-0.002788671162826146,-0.015597861319959943,0.012767405211307866,5.528313433398019,0.9897002297639846,0.18791476367742746,-0.608110553415884,1.462119019147725,0.9579430962932941,1.3425268599865439,0.8311147011304274,0.2975909113883972,0.35465648770332336,0.9139000177383423,0.8311146996915341,0.41139822928832376,0.05828373148334906,0.4696819607716677,5.10702591327572e-15,0.29921875,0.29921875,0.18990234375,0.42650390625,0.028596246242523198,0,0.0,2.0,0.5118249757352022,0,81,625,ref,9139,0.9139,3.7918879985809326,1.2047165632247925,,,4b3a236f286082359ff5cf5c22360c8a3995ffc4e8c54f50fb3a3be2eb2d9ccd,,134.28540072403848,1034464,1094064,8,SNAi_P,4
-0.6179170253911557,1.861452439866195,2.993014804897067,0.35083984375,-0.6098614455709113,1.5792541079699773,2.712359244880871,0.36462402343750006,0.4927020911291769,2.0065648924535626,-0.005223446042691002,-0.016085234273304373,0.013863591211139765,5.544898140615738,0.9845439833402634,0.19334048183722258,-0.6631922187358131,1.575769765626198,0.955677768470869,1.3422167694430962,0.801873799667228,0.3002462387084961,0.3434910774230957,0.9217000007629395,0.8018737987324129,0.4080062149309468,0.05197374436958591,0.4599799593005259,6.827871601444713e-15,0.31197265625,0.31197265625,0.19865234375,0.44056640625,0.02636924386024475,0,0.0,2.0,0.5084843612985944,0,82,625,ref,9217,0.9217,4.995285511016846,1.2603821754455566,,,b753f93b699d09bca44367f69624e7c94c53ce50febd698992fd3e70f9bca8f4,,137.2263812890742,1027152,1094064,10,SNAi_P,4
-0.6300031061119536,1.8544465550470022,2.421052960881662,0.35263671875,-0.5936368764846603,1.5720427412605302,2.432406273571941,0.36541992187500005,0.464698401056965,2.018828839529065,-0.012208860236107231,-0.01595792172994357,0.013063266922160345,5.569923975576311,0.9820069581270218,0.193857165863457,-0.6526876255859244,1.4945560462105054,0.9815778557367948,1.3420352537520435,0.8015918698837049,0.28429415822029114,0.3571489155292511,0.916700005531311,0.8015918702806811,0.4053274100135225,0.049705061826861574,0.45503247184038104,3.0531133177191805e-15,0.3100390625,0.3100390625,0.19544921875,0.43841796875,0.023551815748214723,0,0.0,2.0,0.49552599441490935,0,83,625,ref,9167,0.9167,4.517560005187988,1.4820476770401,,,2e17b4045adbd452d6d55af6f87defccc1b10dc9ddd4abc130b94c8ed05238b0,,140.0266959600849,1064968,1094064,3,SNAi_P,4
-0.6906911209165812,1.9212595210655683,2.448059678631088,0.34806640625,-0.5987541713920784,1.5779424508525208,2.387428538977315,0.36733642578125,0.464849077831539,2.0374034875077855,-0.012350187136864223,-0.016051484172361855,0.01295345389590333,5.590697414613642,0.9784949785470962,0.19532686901759896,-0.6657839370386612,1.4838204872986418,0.9584850119550128,1.3440324112576412,0.7936526073468849,0.275810569524765,0.337762713432312,0.9210000038146973,0.7936526067648083,0.4082506606477837,0.04376185226591819,0.4520125129137,1.887379141862766e-15,0.313046875,0.313046875,0.19505859375,0.44509765625,0.02895144820213318,0,0.0,2.0,0.5384667247218516,0,84,625,ref,9210,0.921,3.8928656578063965,1.2557321786880493,,,2aec9d94aba4824be82cadaaab439cff3f6d4555935afa82fba8559887f7442e,,143.93401827604976,1095596,1094064,18,SNAi_P,4
-0.7711205867287356,1.868779398899099,2.398155391077695,0.32962890625,-0.632240471267416,1.5846924956200974,2.2527212296854584,0.36209960937499996,0.45537751490457024,2.0592439902444712,-0.003371199474388564,-0.01619093922476665,0.012434909540639194,5.614658651523857,0.9750323992967606,0.19411448092082403,-0.6835319867089809,1.426605950914992,1.0386084530594204,1.3443086608526906,0.7744519236974884,0.30602607131004333,0.34840795397758484,0.9065999984741211,0.7744519258860965,0.39812655368997546,0.04759760152205679,0.44572415521203146,7.771561172376096e-16,0.32048828125,0.32048828125,0.20142578125,0.45740234375,0.024264895915985112,0,0.0,2.0,0.46182962563450525,0,85,625,ref,9066,0.9066,4.516678333282471,1.2941874265670776,,,2b0a3d4b95e3bc7b30092945fb60753334d8db5e2958b7dc99478f7ef5429838,,147.69856067700312,1034480,1094064,11,SNAi_P,4
-0.7097473527325698,1.84024141799871,2.354285101011578,0.34029296875,-0.6193518361393171,1.5817888332114027,2.099036632566747,0.36494628906250004,0.43813047345064815,2.07421898113164,-0.010293541709997009,-0.016044153782780932,0.011982223138320758,5.636139994921697,0.9715474385023117,0.1962195978354323,-0.6719805680147567,1.3836979156020721,1.111887235536982,1.3434978112832412,0.7869579619227443,0.2887057662010193,0.35418495535850525,0.9157000184059143,0.7869579601089935,0.39619513363672476,0.05993173253369486,0.4561268661704234,3.774758283725532e-15,0.3201171875,0.3201171875,0.20529296875,0.45224609375,0.0216638445854187,0,0.0,2.0,0.4986105117426317,0,86,625,ref,9157,0.9157,4.688104629516602,1.2433313131332397,,,9b38f010d8714dd53a4abd49ee712d74990f709ed5e692d046e30c074685d600,,150.60688344901428,1027168,1094064,11,SNAi_P,4
-0.5877484971532155,1.8591372190648607,2.3257636317489343,0.36712890625,-0.5855845422947253,1.5789640650067165,1.9403168571179483,0.37495361328125004,0.411383639851054,2.0943971580281704,-0.01265327929668979,-0.015720848786649443,0.011373831773789986,5.656098208121462,0.9686968982219696,0.19649556599735565,-0.6417124519307313,1.3170423987777353,1.0562707618782654,1.347744570141047,0.8120401785487775,0.3183009624481201,0.34754911065101624,0.9187999963760376,0.812040180535987,0.4026158197925889,0.05702619949868054,0.45964201929127435,4.884981308350689e-15,0.30546875,0.30546875,0.19197265625,0.433515625,0.02569635510444641,0,0.0,2.0,0.5292059452452654,0,87,625,ref,9188,0.9188,4.041554927825928,1.1926296949386597,,,fd07ea9e7ea001b806b91f2ce4f0c29d4352ec40224f11c22e857f51bd1ed424,,152.49487331800628,1064984,1094064,10,SNAi_P,4
-0.6530150586349889,1.8634854788785398,1.657551389867532,0.34546875,-0.5930185101060053,1.5823456487718637,1.8872324845496278,0.3736767578125,0.4149778217080561,2.1073220075767747,-0.01848207709758028,-0.01579985336475783,0.01140891139795106,5.677552203086154,0.9655458348989486,0.19926409910439274,-0.6529565713614267,1.3181679794079768,1.1367256827226908,1.3486251838353573,0.7820659824553877,0.26147210597991943,0.339351624250412,0.9200000166893005,0.7820659831073136,0.4024685879504743,0.04374521260794112,0.4462138005584128,2.609024107869118e-15,0.31638671875,0.31638671875,0.198984375,0.4496484375,0.024316757917404175,0,0.0,2.0,0.5275447214973354,0,88,625,ref,9200,0.92,5.161728858947754,1.2041722536087036,,,7bd0398b65bce69fec0cec5b2f14d91cba2950602ea2f8f83b5ec6fcd7f7080d,,153.71757894009352,1095608,1094064,11,SNAi_P,4
-0.5165237886689066,1.8981171671741748,2.6581958290430485,0.37244140625,-0.5837897963638133,1.589623310479435,2.027410493806191,0.3736791992187499,0.414837652279067,2.1279927174518374,-0.015928100511306043,-0.015510140662265056,0.011794315390046781,5.698941039683273,0.9647588890790939,0.20228070815234264,-0.6240659818723363,1.3687493403820439,1.1114509662926109,1.3509461465594093,0.8223797191330232,0.3185705244541168,0.3397928774356842,0.9089999794960022,0.8223797188699246,0.413263186723231,0.04757585013112545,0.4608390368543563,1.6653345369377348e-16,0.299609375,0.299609375,0.188359375,0.4278125,0.028594833612442017,0,0.0,2.0,0.5110296883818484,0,89,625,ref,9090,0.909,4.778123378753662,1.228784441947937,,,cf3d605b8e5088b3663e52a71e6199fca4e03a36a968bba0c15dd0f71bb25b2f,,156.68316244904418,1034492,1094064,24,SNAi_P,4
-0.7647598712557239,1.9031072715106105,2.4480770623964325,0.3401171875,-0.6597473028229544,1.6032879988434392,2.1525844703184793,0.35950927734374993,0.4493078310961475,2.1390781899470523,-0.017853613807799845,-0.01621268334202514,0.012180609702521104,5.719280452606791,0.9614386475086212,0.20410161599428753,-0.6993531582897219,1.4085224530508487,1.0219903432538213,1.3545085396275351,0.7912432288192213,0.27901896834373474,0.3381893038749695,0.9185000061988831,0.7912432313652243,0.4115514056449085,0.039219999952042235,0.4507714055969511,3.885780586188048e-16,0.31447265625,0.31447265625,0.19705078125,0.44642578125,0.02668750286102295,0,0.0,2.0,0.5451303544136005,0,90,625,ref,9185,0.9185,3.96396803855896,1.171932339668274,,,13fcf356fd6539862cf6a81908ba0b71ae1b9b2874a8602e4c4c9e8f3ba7bba2,,160.84091339702718,1027180,1094064,24,SNAi_P,4
-0.7691572117613207,1.8578369015941143,1.6981538377738479,0.33822265625,-0.6845591622578598,1.5986869902512633,1.8996618741629634,0.35541015625,0.43198382737050944,2.1435101654967585,-0.019693900068625484,-0.01632487753224449,0.011351711025757768,5.735308851059333,0.9558519786596298,0.2070410210110839,-0.7164327544872348,1.3245655291615877,0.9387421522219004,1.3443439859499704,0.7830176776566077,0.31469613313674927,0.3476637899875641,0.9125999808311462,0.7830176782130729,0.4055243869266032,0.04409910082645772,0.4496234877530609,5.551115123125783e-17,0.31748046875,0.31748046875,0.2010546875,0.4516015625,0.024765002727508548,0,0.0,2.0,0.4940200171799183,0,91,625,ref,9126,0.9126,5.5315165519714355,1.3492313623428345,,,b61ecb571e1e1317e27f4aa9d808eff469a736c59c32c0c23410e5a633cf3e42,,164.87646902003326,1064996,1094064,24,SNAi_P,4
-0.7277153032708452,1.8933139700735675,2.9645923790521866,0.3394921875,-0.6692387003490956,1.6096963468160952,2.1450264336907034,0.3589599609375,0.4458966921276168,2.1625470506157036,-0.01732141379023799,-0.016128875389944584,0.012163707015390095,5.757330785988877,0.9530006009340286,0.21010140716570014,-0.6992061016374271,1.4118867768601622,0.9293710633465088,1.3446571445202065,0.7896557044517248,0.2655430734157562,0.34314560890197754,0.9157999753952026,0.7896557049325201,0.39318157085529587,0.06252280914212718,0.455704379997427,3.941291737419306e-15,0.317421875,0.317421875,0.20123046875,0.450625,0.02261485457420349,0,0.0,2.0,0.4872648533530946,0,92,625,ref,9158,0.9158,4.611597537994385,1.3664039373397827,,,60aaeb5ef3346e8b0c2681d3260caa8be0105d9932feb6ce3dd2370337ebfbf6,,168.0226802910911,1095624,1094064,3,SNAi_P,4
-0.7565678903908895,1.9299594438685872,2.568368015538853,0.35,-0.6901101121257976,1.6247329790846226,2.326917020412952,0.35830322265625003,0.4656933820115108,2.189725166828237,-0.015661295514554488,-0.01625161070980181,0.01273184946170599,5.7828106990210095,0.9504735213518143,0.21222971171598098,-0.7143059188227099,1.468591286731091,0.9068553581172629,1.3521557009311587,0.8114010329369922,0.2533778250217438,0.33462056517601013,0.9176999926567078,0.8114010331756435,0.4054469133855534,0.0558538249847303,0.4613007383702867,2.9976021664879227e-15,0.3083984375,0.3083984375,0.19349609375,0.43630859375,0.026787924766540527,0,0.0,2.0,0.509325803395098,0,93,625,ref,9177,0.9177,4.522525310516357,1.4157863855361938,,,2ff18f9d55eeb876a17269641c93b857166db47ea8b2f5b6a8ddb0ac47ccacd4,,169.4726368850097,1034508,1094064,3,SNAi_P,4
-0.7290649536296024,1.922648224818479,2.413458566052505,0.3454296875,-0.7337850968600081,1.6392791197072276,2.3995828358139604,0.3491796875,0.4867478017440792,2.2124281524437537,-0.011939921879729302,-0.01673220563532186,0.012865368051386175,5.8027727920263725,0.9475886917114258,0.2137558496564233,-0.7664218410203075,1.483224899954203,0.9906037425275672,1.3505191840150546,0.7964656923932489,0.30862662196159363,0.33394303917884827,0.9117000102996826,0.7964656918612308,0.40012700257508405,0.05256696433243571,0.45269396690752245,2.7200464103316335e-15,0.30984375,0.30984375,0.19720703125,0.44166015625,0.026416516304016115,0,0.0,2.0,0.46774165375107507,0,94,625,ref,9117,0.9117,5.568994998931885,1.5654611587524414,,,13c45b54cfbe87f3165b69a0f6e300d7d529cc3feab8bc8ab492151bc7b990e1,,171.01538863801397,1027192,1094064,3,SNAi_P,4
-0.6586512756052485,1.9159845100478714,2.554148568432049,0.35251953125,-0.6737156967684526,1.6392046209176405,2.4769178883278995,0.3576708984375,0.46793352421622436,2.225810692728577,-0.006752427707055582,-0.01616705538230198,0.01291864539166987,5.824857812267295,0.9465399169921875,0.21558323758113893,-0.709577860452867,1.4925830754563176,0.9967986451038867,1.3562809873053316,0.7971002334496007,0.2576090097427368,0.33691567182540894,0.9193999767303467,0.7971002332225907,0.4014652874140079,0.051333180087938135,0.4527984675019474,1.3877787807814457e-15,0.31201171875,0.31201171875,0.196796875,0.44263671875,0.022460699081420902,0,0.0,2.0,0.4857141136072212,0,95,625,ref,9194,0.9194,4.617212295532227,1.2796037197113037,,,3bf19333a5834b19f2785a1f9d0dbdc435a181d5ac7587810a76f1a253361ce1,,172.38974914408755,1065008,1094064,3,SNAi_P,4
-0.6780915289451726,1.9318185716409846,2.5635961666122915,0.35166015625,-0.6415707331425792,1.6338130999512988,2.4325255262630483,0.36289306640625,0.45362159461281903,2.2358767133601085,-0.02015306240045445,-0.01586801816516803,0.012781722235396906,5.843234961413783,0.9445920711755753,0.21674465790081046,-0.6808929880841147,1.478412490534176,0.9807573486471329,1.355713773926288,0.7991667317063548,0.270395964384079,0.3377944827079773,0.9136999845504761,0.7991667308856267,0.4006873039723866,0.05053325803234698,0.4512205620047348,1.2212453270876722e-15,0.309609375,0.309609375,0.19767578125,0.43833984375,0.02470718026161194,0,0.0,2.0,0.5180249623484112,0,96,625,ref,9137,0.9137,4.532418727874756,1.3159621953964233,,,f113fe464aced635bcd52ef9a1cd7da624b4ba1d0c3b57dbf2fcdf92bea55248,,173.62220621400047,1095636,1094064,2,SNAi_P,4
-0.6229410765892505,1.8731551935306812,2.1857339849705424,0.35240234375,-0.6261370144432017,1.6305068373914748,2.2737779840823027,0.36436279296874996,0.44357420018918986,2.2495211049750323,-0.03454275838387245,-0.015700981473715358,0.01262734986872055,5.8610942204178045,0.9423565077781677,0.21784447121552034,-0.666017678310196,1.460007886675555,0.894097396372136,1.3560994309183305,0.7981587623490486,0.2664864659309387,0.3518562912940979,0.9107999801635742,0.7981587619194761,0.3979888380422851,0.049649463230963725,0.4476383012732515,2.7200464103316335e-15,0.30638671875,0.30638671875,0.19193359375,0.43806640625,0.03115537762641907,0,0.0,2.0,0.5526763078757998,0,97,625,ref,9108,0.9108,4.334145545959473,1.2272768020629883,,,4be28ac10dd134ee4a568a0d0e82e2fb64987d79d6af534ee39586e311173f3c,,175.11750320810825,1034520,1094064,12,SNAi_P,4
-0.7611440999222481,1.9282016830558377,2.6473241015636946,0.340859375,-0.6896586346070532,1.6409350250572619,2.3809705498412588,0.35598876953125,0.46651431780018543,2.2535421970920324,-0.027388758432540926,-0.016151835250926866,0.012887373721910487,5.8848728109242305,0.9399691915512085,0.2178481107791789,-0.7145894689396869,1.4801528453670862,0.8650832949734593,1.3587809953192311,0.7883424895233475,0.2721998691558838,0.3347417712211609,0.916100025177002,0.7883424886828289,0.4036110360590582,0.04485947616519504,0.4484705122242494,3.83026943495679e-15,0.31462890625,0.31462890625,0.19818359375,0.4466015625,0.024425238370895386,0,0.0,2.0,0.5442654400970028,0,98,625,ref,9161,0.9161,3.8835489749908447,1.3622078895568848,,,b9c12ff01b4b1b64495ff349148d67d3bc731f75a4155ea5d4ee64ee23438c66,,177.55227575008757,1027208,1094064,10,SNAi_P,4
-0.6551439805315362,1.9380381974128436,2.6084717114331175,0.35494140625,-0.6597139818420513,1.6411272539688921,2.2898975731561193,0.36564208984375,0.4612245411068204,2.2666893794317375,-0.034615256819081376,-0.016078413161278567,0.012790991781999493,5.903241124079634,0.9381568080186844,0.21849200664570792,-0.7088806542670743,1.467744010472196,0.8425229939344898,1.3602019064592958,0.799253588054562,0.26959481835365295,0.34590840339660645,0.9164000153541565,0.7992535878252238,0.40698804035314823,0.05259947099348076,0.45958751134662457,4.440892098500626e-15,0.31384765625,0.31384765625,0.1983984375,0.444296875,0.025595438480377198,0,0.0,2.0,0.5425097427397895,0,99,625,ref,9164,0.9164,3.9254889488220215,1.2472963333129883,,,9a00c01119422ede8c29f811c9478d039c1c6926eb6dc8bf8321467aa63853f8,,179.52472383505665,1065024,1094064,12,SNAi_P,4
-0.6663289725772821,1.9099082752342964,2.3390014787079974,0.35689453125,-0.6368896425501172,1.6375814686098484,2.0371533809360036,0.3666357421875,0.43125558361299476,2.285468292174899,-0.03505080945350561,-0.01586948338655435,0.011952236562375058,5.919853906279436,0.9352223140001297,0.21921429495526437,-0.6904128393322534,1.3773542659422464,0.8343288023441104,1.3562218956112573,0.8011966655659489,0.3990875780582428,0.33148857951164246,0.9060999751091003,0.8011966670292895,0.405314710426599,0.05424742662195823,0.45956213704855947,2.220446049250313e-15,0.3112109375,0.3112109375,0.19818359375,0.4426171875,0.02417153120040894,0,0.0,2.0,0.42191231759922543,0,100,625,ref,9061,0.9061,4.269379615783691,1.2265595197677612,,,a2ca52d5dd7e8eb183af127b5aa13f8f92a0f61cb9c4664958cfb8b066066771,,181.41633584804367,1095656,1094064,2,SNAi_P,4
-0.6251685825100765,1.9026757345735514,2.551724801372141,0.3523046875,-0.6469726383712953,1.6462268715776645,2.177531639037514,0.3597705078125,0.4452430186210919,2.301399270009013,-0.03657937592572011,-0.015928001784132576,0.012401487397318962,5.941870283584648,0.9331227815151215,0.22265918133100263,-0.6985068684182306,1.4321137495177703,0.888506024613847,1.352556988933208,0.8011160061333794,0.2977074086666107,0.34001559019088745,0.9214000105857849,0.8011160052148625,0.4055216795640256,0.046837352341686136,0.45235903190571025,1.4432899320127035e-15,0.3079296875,0.3079296875,0.19345703125,0.4390625,0.027011853456497197,0,0.0,2.0,0.5464410755570015,0,101,625,ref,9214,0.9214,3.8178441524505615,1.0670924186706543,9078,0.9078,6cd559b68c19d2d9d084221e5bd47e5c37943310ac779eed52253602d606c5f5,,187.2780670230277,1034536,1094064,1,SNAi_P,4
-0.7251757511644945,1.9860146995882904,2.6544578445156772,0.34720703125,-0.6949562657827929,1.6576809738961467,2.219979298300261,0.355380859375,0.46092674903140063,2.3178644627777656,-0.030885000591889127,-0.016459058607938455,0.012286239585258749,5.95954119186529,0.9288119453191758,0.22552273718177968,-0.7572180036136592,1.4245142938008828,0.8568913030947471,1.3514202792490686,0.7943091429374181,0.2881304621696472,0.32521504163742065,0.9150000214576721,0.7943091429397464,0.4033282765602006,0.04293609757210446,0.44626437413230463,4.440892098500626e-16,0.3081640625,0.3081640625,0.19267578125,0.44099609375,0.027160483598709106,0,0.0,2.0,0.48498196967536644,0,102,625,ref,9150,0.915,5.569919586181641,1.3384560346603394,9036,0.9036,f1c680e38e2af9aabc59b3b92a54e9fabcef3e24123959fb86b3182fed60bee9,,190.73046781111043,1027224,1094064,2,SNAi_P,4
-0.6873753337203681,1.9168288811991567,1.9969281387118465,0.3458203125,-0.5946664223366241,1.6491275610006622,2.019354035495509,0.37673095703125,0.41414325427733645,2.3377103687171443,-0.032231910542487995,-0.015463145995581271,0.011829028847419558,5.978630830224933,0.9285088270902634,0.22427301741365324,-0.6555020130373894,1.36647553647857,0.8697270071053647,1.3544227941964675,0.7859803624928463,0.3351766765117645,0.33904802799224854,0.9190999865531921,0.7859803625079803,0.40142879270255294,0.0439932233323906,0.4454220160349452,1.6653345369377348e-15,0.31232421875,0.31232421875,0.1958984375,0.4455078125,0.027212834358215334,0,0.0,2.0,0.5573729307861272,0,103,625,ref,9191,0.9191,3.7947778701782227,1.2341675758361816,9049,0.9049,a29d66ca3bc060082df9668ce9b84a564172d9f7552093c16e50b511d8b0fc22,,197.48042605200317,1065040,1094064,19,SNAi_P,4
-0.7417809706610309,1.9909026166899084,3.019314669205634,0.3447265625,-0.6400062011850569,1.6543769332577634,1.8910160390804733,0.3677783203125,0.41582584392428457,2.353450334628431,-0.032313141257353545,-0.01584358780070767,0.011382244220261468,6.00055695745479,0.9276010906696319,0.2247875862956767,-0.6953813755120044,1.3209373362211254,0.9293794004657026,1.3550687437070146,0.7870346399152186,0.31714189052581787,0.3175356090068817,0.9114000201225281,0.7870346396358218,0.4003954686852003,0.052114657513053296,0.4525101261982569,3.3306690738754696e-15,0.31578125,0.31578125,0.2,0.450859375,0.02376134991645813,0,0.0,2.0,0.551591579690034,0,104,625,ref,9114,0.9114,4.258394241333008,1.2681400775909424,9041,0.9041,f2fdb0f50c90c6d06ee0ae16488c31d642e8188e3c92ddffdcba1e152e49b939,,204.14740718109533,1095668,1094064,6,SNAi_P,4
-0.6636102793331122,1.9392920259644337,2.271449337596363,0.35720703125,-0.6583601152776315,1.6641057774872026,1.975756150069999,0.36767822265625,0.4259229793571528,2.368458792696272,-0.025133733387137525,-0.016034197284140583,0.011520435732668172,6.017140178826151,0.926258972287178,0.22647881616828594,-0.7162491122954705,1.33871264613804,0.9293631440584711,1.3544616841529424,0.800218633809127,0.2702552378177643,0.32810816168785095,0.9169999957084656,0.8002186316112057,0.4093884983836571,0.0469224939349708,0.4563109923186313,3.4416913763379853e-15,0.30966796875,0.30966796875,0.1946484375,0.4435546875,0.024626493453979492,0,0.0,2.0,0.5385971729975301,0,105,625,ref,9170,0.917,4.5496978759765625,1.3146034479141235,9050,0.905,25fd82ba260bb641ab4e885d5404ee0bcaaa01618b383d1eec0bcc72655bcb5a,,210.01399298908655,1034552,1094064,2,SNAi_P,4
-0.7409658975716712,1.9484007580453333,2.5783241305278097,0.34486328125,-0.6358959041258763,1.6608016851569234,1.830353756573148,0.37004882812500006,0.41480518700914254,2.377225713558446,-0.0337686631475122,-0.0157843223328482,0.011423475579099977,6.034321738562622,0.9253538304567337,0.2278711281202837,-0.691557610879023,1.3266692950827335,0.9510604757330198,1.3538711708471665,0.7918959096097388,0.25990670919418335,0.3317551612854004,0.9172000288963318,0.7918959106912371,0.39879010226140676,0.05174731562529776,0.45053741788670415,3.885780586188048e-16,0.31408203125,0.31408203125,0.198125,0.44423828125,0.0227860689163208,0,0.0,2.0,0.5009047982639401,0,106,625,ref,9172,0.9172,4.0005717277526855,1.119115948677063,9038,0.9038,c67ad18e4499c64ba20974b243d1c26254d8c80b80c32564cf8d25da027fa757,,212.91606784705073,1027240,1094064,9,SNAi_P,4
-0.5847365541551511,1.9805602787272407,2.129177640412731,0.37046875,-0.6127109266433974,1.6699723664625372,2.02780354988347,0.37550781250000004,0.4260386227446352,2.394305886574477,-0.03153680457062575,-0.015566620136919762,0.012149160440226188,6.054595732454552,0.9231360459327698,0.2305473989764815,-0.6714744588168107,1.4069634892566132,0.8889629776291958,1.3569767999065683,0.81669191971072,0.2648606598377228,0.32317498326301575,0.9143999814987183,0.8166919205116574,0.4164902455967903,0.04312981877635007,0.45962006437314057,1.6653345369377348e-16,0.301484375,0.301484375,0.19173828125,0.43056640625,0.02729531526565552,0,0.0,2.0,0.5503340443008538,0,107,625,ref,9144,0.9144,3.7523036003112793,1.156002163887024,8955,0.8955,97a62b05560fbedaff388d3dea25a314952d65072b22f75c296bbc9ad850d86b,,215.06581772002392,1065056,1094064,16,SNAi_P,4
-0.7203500652506746,1.9918705086344641,2.603348228594571,0.35353515625,-0.6632269148432897,1.6783670830423878,1.944759315882085,0.36353759765625,0.43596579550612086,2.4155746702828624,-0.034624400348769166,-0.016049741960484316,0.011891726313264168,6.074340500823553,0.9211285650730133,0.23347533392368008,-0.7229718821402273,1.3874131792620006,0.9146317255504295,1.35990296901896,0.8013916898693424,0.261726051568985,0.3224421739578247,0.9179999828338623,0.8013916898332536,0.39802699994111135,0.05253665801344793,0.4505636579545596,3.3306690738754696e-16,0.307578125,0.307578125,0.192890625,0.4384765625,0.025531554222106935,0,0.0,2.0,0.5385643761140001,0,108,625,ref,9180,0.918,4.907410621643066,1.2002373933792114,8856,0.8856,a352e27d0f111f484788fac74edfee1bd25c826b3c669f9e08c0c95be2a87c6b,,217.74939326604363,1095680,1094064,4,SNAi_P,4
-0.8855546511397242,1.994363907215683,2.2087519088863212,0.32744140625,-0.7060358046193409,1.6874006980897707,1.969550448221398,0.36267089843750006,0.4469226893548805,2.429420786924655,-0.02902236036569003,-0.016466464708095527,0.011742697704818212,6.096614659044949,0.918410073518753,0.23459441985076449,-0.7683785401085257,1.370201332838963,0.891179847980414,1.3622705153008032,0.773538618084276,0.2846958637237549,0.32936984300613403,0.9196000099182129,0.7735386177012696,0.4028428726940212,0.044234693205494356,0.44707756589951764,2.1094237467877974e-15,0.32421875,0.32421875,0.2042578125,0.4580078125,0.022253018617630006,0,0.0,2.0,0.4640597648775131,0,109,625,ref,9196,0.9196,5.033291339874268,1.374114751815796,8995,0.8995,6bd4b889343d2aabd7a0204efe6f4af798d5d93dcd132b1ca86bd130ac296e1e,,224.21395659807604,1034564,1094064,19,SNAi_P,4
-0.8086949114761356,1.9530697310230536,2.192163395299686,0.33447265625,-0.7074397214618106,1.6877962225684697,1.9213303374964057,0.3623193359375,0.4324150002305047,2.4405358078248183,-0.024294719138926932,-0.016428788921615582,0.011218399394524122,6.111175116932591,0.9149016082286835,0.2373543651010936,-0.7680275802718053,1.3206288766767416,0.8085170506540471,1.359480246755679,0.7754821964842268,0.29472726583480835,0.3296668231487274,0.9161999821662903,0.7754821964516304,0.39986542846067397,0.050639693023081474,0.4505051214837541,1.3322676295501878e-15,0.3239453125,0.3239453125,0.204296875,0.45806640625,0.02181212306022644,0,0.0,2.0,0.48078154609975204,0,110,625,ref,9162,0.9162,5.69370698928833,1.398909091949463,9103,0.9103,e27db2dbc7c986e5faf212cb3c04b4125f20d596bad0e4de4a8474fef2d3b3cf,,230.97281039704103,1027252,1094064,19,SNAi_P,4
-0.7927685850407516,1.965219527744345,1.9513065616177352,0.34193359375,-0.7433118049550325,1.6916438235579039,1.7495239294339748,0.3595654296875,0.4321451975068943,2.4579131318929215,-0.028399503618212016,-0.01677060190802698,0.010689133336900605,6.129775470781976,0.9123847037553787,0.23844854791411477,-0.8055590591355204,1.2598680523453951,0.8199214818565415,1.3655623805787507,0.793785635298118,0.28412964940071106,0.3242305517196655,0.920199990272522,0.7937856352340895,0.3971322084467069,0.05475340861443684,0.4518856170611446,8.881784197001252e-16,0.31111328125,0.31111328125,0.19658203125,0.44326171875,0.02244833707809448,0,0.0,2.0,0.5332933109264397,0,111,625,ref,9202,0.9202,4.098969459533691,1.3127310276031494,9058,0.9058,80d97324e274a6aad8360c9b0e86ce88e607ef4a55857a795eb0fcb6c96610ad,,237.8311734860763,1065068,1094064,19,SNAi_P,4
-0.9153945683028271,2.008531412372518,2.521088318116057,0.31708984375,-0.7673309362216095,1.708067828790501,2.0376506169640347,0.35498779296875005,0.463514737697362,2.4797610200626514,-0.025780050010917127,-0.016953889300152663,0.011695577213341326,6.154187374994097,0.9080294233560562,0.24317974384490149,-0.8286898989241659,1.3675115449715725,0.8622535266976166,1.370942273905314,0.7649776102462783,0.32421135902404785,0.32982149720191956,0.9168000221252441,0.7649776105058845,0.39249868564850365,0.055358866755809776,0.447857552404307,6.38378239159465e-15,0.3292578125,0.3292578125,0.21037109375,0.4648828125,0.020916247367858888,0,0.0,2.0,0.5095994248522963,0,112,625,ref,9168,0.9168,4.62556791305542,1.3254362344741821,9095,0.9095,9817e72e430830cc59206b93ecb378ac82f37b783a6cbae0d77ef802b6b649ec,,244.16544023901224,1095696,1094064,19,SNAi_P,4
-0.7473062204194201,1.980016665517855,2.309199081254212,0.34177734375,-0.7167915590444867,1.71244830247598,2.246342270438264,0.36499023437499994,0.467929469676074,2.492445625260587,-0.027895906283795693,-0.01653440068270027,0.012444876927160939,6.176119564204154,0.9059481078386307,0.24481871655270732,-0.7877997183731569,1.4496133364126014,0.8524995850625978,1.376576811538135,0.7907929433742538,0.30635395646095276,0.32347020506858826,0.9204999804496765,0.7907929424033501,0.4092264018946111,0.04476921517834434,0.4539956170729533,2.1649348980190553e-15,0.3148828125,0.3148828125,0.19904296875,0.4475,0.025855308771133425,0,0.0,2.0,0.5725942885183188,0,113,625,ref,9205,0.9205,3.7837419509887695,1.2534816265106201,9097,0.9097,f5ec398b2d689b5d359fd45d781f26dfda087c91325cec9835481c620a52d048,,250.27364208409563,1034580,1094064,19,SNAi_P,4
-0.6376327908451384,2.008073852261513,2.585574233802683,0.3710546875,-0.7097996117378773,1.7069686680229883,1.9476166068018934,0.36593994140624997,0.43886579656251656,2.4993106296501013,-0.024434392600442827,-0.016419067666524595,0.011492421240607275,6.194795464618501,0.9065589505434036,0.24528141913623736,-0.7753744138571137,1.3551962954682044,0.8520596327214038,1.3797711686354608,0.8234977532830089,0.3159864544868469,0.32390451431274414,0.9143000245094299,0.8234977538126986,0.40469878035129797,0.05872422340570535,0.46342300375699985,3.4416913763379853e-15,0.30177734375,0.30177734375,0.19197265625,0.42734375,0.026483881473541266,0,0.0,2.0,0.46554066559736645,0,114,625,ref,9143,0.9143,6.128691673278809,1.3354706764221191,8982,0.8982,3f5b8041793897ad3282e94e196fa171c9df5c80704c98cc76330585a77b2a73,,256.9720666760113,1027264,1094064,19,SNAi_P,4
-0.779711931564527,1.978310511178911,1.7337407539530652,0.34046875,-0.7387677941345548,1.7076206765623307,1.685770455738275,0.36208251953125004,0.42399213458684776,2.512026647068154,-0.02005040663180968,-0.01663675510193361,0.010548324119846613,6.2154676195768355,0.9056781870126724,0.24462273432222323,-0.7985546019387099,1.255446466105721,0.8418811809515299,1.3815515128474607,0.7765679475932847,0.2768743336200714,0.3149987757205963,0.9147999882698059,0.7765679459949024,0.4034222194444537,0.03773102019429084,0.44115323963874253,1.9984014443252818e-15,0.31841796875,0.31841796875,0.20130859375,0.44904296875,0.026091402769088747,0,0.0,2.0,0.585519973273639,0,115,625,ref,9148,0.9148,4.011002063751221,1.1698620319366455,8938,0.8938,95bcfc70ba439283d143f3764d317f732701e7bf634ce4d6ec714d8d55d26015,,263.0746836659964,1065080,1094064,19,SNAi_P,4
-0.7730593494657846,1.9712468670790113,2.329926269279486,0.34662109375,-0.7401364099303624,1.7131875085412545,1.7886715108411735,0.36202636718750003,0.42816628115838534,2.5196109553385044,-0.012765797075098896,-0.016612152724450175,0.010765938544054962,6.226987641620073,0.9048592495918274,0.24767970004602735,-0.7968533256438071,1.2754619516412409,0.8771818622445744,1.3779101158675298,0.7963858684827574,0.30509480834007263,0.33053529262542725,0.917900025844574,0.7963858677027748,0.39719495648936204,0.05603996951995383,0.4532349260093166,7.216449660063518e-16,0.3119140625,0.3119140625,0.1971484375,0.44353515625,0.021527689695358277,0,0.0,2.0,0.5062059157335667,0,116,625,ref,9179,0.9179,4.597257137298584,1.2167747020721436,9060,0.906,b660b0fe3388c70584053a3b30cb1aa9adc3c3e457701fd33f54fd4340d3944c,,269.35118416906334,1095708,1094064,19,SNAi_P,4
-0.7874371936400252,1.9896553461610653,2.1992214716711502,0.35142578125,-0.7514217289475199,1.718954038893635,1.8817205687771115,0.35744873046875003,0.4342625444993404,2.5346578892810845,-0.014117445951684637,-0.016621934434149745,0.011007261567687908,6.2450927310833455,0.9045187336206436,0.2489996838467229,-0.7981958585527815,1.3078652826157637,0.8916166618571781,1.3786681049657163,0.8017818222357892,0.2705375850200653,0.31746482849121094,0.9156000018119812,0.8017818231356796,0.4100868669950815,0.04931141246887461,0.45939827946395845,2.3314683517128287e-15,0.3130859375,0.3130859375,0.19744140625,0.4416796875,0.02868985533714295,0,0.0,2.0,0.541218626599082,0,117,625,ref,9156,0.9156,3.7799856662750244,1.1138163805007935,8928,0.8928,4283fe77f53d47fe993d8d57722071b4421e47468adc14b9c2c9c9df69433aa7,,275.7265161620453,1034592,1094064,19,SNAi_P,4
-0.6750884724310054,2.065627805199232,2.558721620783679,0.35177734375,-0.7326507688465921,1.7227113101047666,1.965475681771702,0.361962890625,0.43201859103361145,2.549103127176611,-0.013387460247341063,-0.016387320848681743,0.011262792800943543,6.269350166743529,0.9044676220417023,0.2495687917111808,-0.7742136678057454,1.3358335831632535,0.8906229631024958,1.3846456651464711,0.7986933505965862,0.30271458625793457,0.3213178515434265,0.9185000061988831,0.7986933502112515,0.4026171533660442,0.05406144017013284,0.45667859353617346,3.552713678800501e-15,0.31107421875,0.31107421875,0.195390625,0.44302734375,0.025819784402847292,0,0.0,2.0,0.5300172492965421,0,118,625,ref,9185,0.9185,4.240938663482666,1.1928133964538574,9008,0.9008,0ede7683d6721290365bbd10a25b123b54ed73f4ee5e59a017c312f4028939c6,,282.2233126310166,1027280,1094064,19,SNAi_P,4
-0.703261718826769,2.0484165284553453,2.4151368989401076,0.3521484375,-0.7238760487717983,1.7337845668653245,2.103677755536404,0.36372314453125004,0.44093280457500095,2.575006432589401,-0.009930312864020923,-0.016193032504511623,0.011888608306228097,6.285227576888828,0.9035550767183304,0.2526557072624136,-0.7552237402840791,1.40852751057793,0.8849181992681602,1.3859383124887774,0.7964037533174269,0.2498924881219864,0.31474488973617554,0.9225000143051147,0.7964037538820412,0.40113513933771655,0.054981955420510535,0.45611709475822715,5.551115123125783e-17,0.3138671875,0.3138671875,0.1987890625,0.4440625,0.022898495197296146,0,0.0,2.0,0.5310226128462331,0,119,625,ref,9225,0.9225,4.555470943450928,1.1491807699203491,9136,0.9136,7f5d5cd045d6ad778da55f1571140679b19df1fda2f424a31281950ef21553da,,288.02432704600506,1065096,1094064,19,SNAi_P,4
-0.7785678639459769,2.0106788799789865,2.5992587082638723,0.34517578125,-0.7416571847486719,1.7496151595819758,2.318241292070445,0.363203125,0.4656210065427935,2.5982963009073297,-0.0027641008110606867,-0.01640086022760483,0.012536362520244574,6.300219307402071,0.9010880219936371,0.2541067757945253,-0.7789802122045202,1.476707304186162,0.8872741826020518,1.3858008512427826,0.788598959002411,0.30057770013809204,0.32491809129714966,0.913100004196167,0.7885989590350073,0.3955291714187365,0.06019914896773207,0.45572832038646943,8.326672684688674e-16,0.3184375,0.3184375,0.200859375,0.4505078125,0.021015673875808716,0,0.0,2.0,0.49578922923333724,0,120,625,ref,9131,0.9131,4.569109916687012,1.3970369100570679,9103,0.9103,ec43beef692726a2e71b6120e844bdbf4f4a4fa8a41c227da2144b956506ca71,,293.80437708611134,1095724,1094064,19,SNAi_P,4
