zbar_cur,sigma_cur,between_cur,pos_frac,zbar_inv,sigma_inv,between_inv,pos_frac_inv,var_off,var_wid,var_cross,rowmean,rowmean_sd,cnorm,bias,bias_sd,star,star_sd,eps_max,w2col,gate_mean,ce_probe,acc,dead_hard,dead_soft,sat,immobile_units,gate_neg_frac,inv_units,beyond_frac,frozen_frac,frozen_units,zc_bad_lo,zc_bad_hi,zc_mut_fires,task,step,clamp,ce20,pressure,arm,iv,seed
0.6123781212491616,1.0255095711978155,0.5298159374579597,0.66587890625,0.2201206788899429,0.32839670779798746,0.2835703948122635,0.61086181640625,0.02984837538267513,0.08067996965877501,-0.002683947348893388,0.0019453754786279214,0.0052109817675453085,1.1202266402285173,0.013572346091968938,0.03594854630347329,0.21285235335218058,0.5384397581476339,0.1940509318042961,0.7601496545786055,0.66587890625,0.3579863905906677,0.9103000164031982,7,7,0.33412110805511475,7,0.0,0,0.0,0.0,0,0,0,0,1,625,ref,2.0086653232574463,0.0,R,none,1
-0.14893101354480465,1.1286825578764084,1.5169537613184456,0.43419921875,-0.008584249003530102,0.44317927178165,0.6455736029681247,0.44558593750000003,0.05768532135859372,0.1413660410902272,-0.0026434955119073256,-0.00015183375092862897,0.00773108450695556,1.453158569326317,0.012317908625700511,0.046672967254757516,-0.0032356085846340977,0.7884901766429511,0.19562705822723836,0.8373579848979779,0.43419921875,0.33100491762161255,0.9150000214576721,21,21,0.5658007860183716,21,0.0,0,0.0,0.0,0,0,0,0,2,625,ref,1.0016080141067505,0.0,R,none,1
-0.382765053482454,1.1416767213258798,1.5189486169018194,0.35169921875,-0.2429842743173304,0.5120340751927082,0.7877011453035143,0.37755615234375,0.07445433033916374,0.18946689410411957,-0.0017423302848313812,-0.0024093943670346783,0.008448027335462916,1.6819247338451668,0.008076894126133993,0.05581353785424779,-0.23873619272023183,0.8562396307814754,0.2391250550296229,0.8980914344725831,0.35169921875,0.2846570312976837,0.9182999730110168,29,29,0.6483007669448853,29,0.0,0,0.0,0.0,0,0,0,0,3,625,ref,1.1090197563171387,0.0,R,none,1
-0.5586201335704171,1.1848184396944224,1.6087227752206124,0.3079296875,-0.43285159942066775,0.5804349294588803,0.9560880031688745,0.31738525390625,0.10101880735587762,0.235279834731052,0.0006060652490057506,-0.004189633553870542,0.009335752058550011,1.860854220141331,0.004758709971938515,0.06354992021437197,-0.4244181837461896,0.9434597077742073,0.34983218847113284,0.9531529171915883,0.3079296875,0.2723201513290405,0.925599992275238,30,30,0.6920703053474426,30,0.0,0,0.0,0.0,0,0,0,0,4,625,ref,1.2526359558105469,0.0,R,none,1
-0.7442461987766024,1.1150444678766898,1.9453702013122924,0.24974609375,-0.5870862619734506,0.6373165881104592,1.2194846384702522,0.27389892578125,0.13558714599588612,0.2683393992741189,0.0022458882107515444,-0.005660634452016571,0.010416224188578951,1.984204601972665,0.003314710465201642,0.07022977778888312,-0.5765482964905988,1.0525540118392611,0.37383177453645366,0.9966247078256534,0.24974609375,0.262065052986145,0.9197999835014343,41,41,0.7502539157867432,41,0.0,0,0.0,0.0,0,0,0,0,5,625,ref,1.179546594619751,0.0,R,none,1
-0.9180646810056311,1.1378369581185626,1.747089723112289,0.23560546875,-0.7857470551346674,0.6817087423931388,1.2341566211230561,0.21886474609375,0.15841962892712405,0.30103893234251217,0.0052682481855985674,-0.007512297107456381,0.0103813542371096,2.101500696495948,0.001997925715986639,0.07772795587054825,-0.7675453519502088,1.049676755327351,0.3812017378904231,1.0362232067344506,0.23560546875,0.24937109649181366,0.9205999970436096,42,42,0.7643945217132568,42,0.0,0,0.0,0.0,0,0,0,0,6,625,ref,1.3011037111282349,0.0,R,none,1
-1.1217443075854994,1.1883965759541226,1.8754113242262795,0.19255859375,-0.9507478375167139,0.7319250596624319,1.404675676443474,0.18989746093749998,0.198984876225118,0.33228920990019395,0.004440206836542537,-0.009096364281461957,0.011113527129670002,2.19961369493165,-0.00021367907524108887,0.08241414580428708,-0.9320253318723596,1.1262043541024094,0.3796663419734896,1.072744901142799,0.19255859375,0.23829704523086548,0.930400013923645,46,46,0.8074414134025574,46,0.0,0,0.0,0.0,0,0,0,0,7,625,ref,1.3569496870040894,0.0,R,none,1
-1.220878448495682,1.1981656362117308,1.8564837095047333,0.18876953125,-1.0664151421600012,0.7688159548341339,1.498527219389858,0.1815380859375,0.22885467806585835,0.35960753934494194,0.002615754996720656,-0.010230178960842787,0.01151341794563121,2.2915306704960625,-0.0006334214331582188,0.08485850349997702,-1.0485905690311603,1.1659171550673126,0.37375224852286393,1.1077356808735253,0.18876953125,0.28859880566596985,0.9146999716758728,46,46,0.811230480670929,46,0.0,0,0.0,0.0,0,0,0,0,8,625,ref,1.3623101711273193,0.0,R,none,1
-1.2833505780356296,1.2460837913868363,1.790594706308104,0.1983203125,-1.18802854419538,0.8110593060003325,1.5640007211226736,0.17025634765625,0.25900081742599673,0.3972423266914272,0.0015740537323168024,-0.011511657841798304,0.011659526016316903,2.4059314759681065,1.1765072122216224e-05,0.08749340794841921,-1.1792172750248737,1.1825790303263877,0.49787700295171167,1.1379544112095958,0.1983203125,0.2589321434497833,0.9291999936103821,36,36,0.8016796708106995,36,0.0,0,0.0,0.0,0,0,0,0,9,625,ref,1.3563286066055298,0.0,R,none,1
-1.4579802563993312,1.2683425591669004,2.0433432328975907,0.171796875,-1.327473378060522,0.8522928861540723,1.6378402003122152,0.14927734374999999,0.29455576640947645,0.4277492613531275,0.004098136026234291,-0.012837302162551212,0.011854128107163627,2.498057941528685,-0.0013173383893445134,0.09084443144476591,-1.3163424819976384,1.2016663182276053,0.5775915151800213,1.1755069747050695,0.171796875,0.2884654700756073,0.9168999791145325,45,45,0.8282031416893005,45,0.0,0,0.0,0.0,0,0,0,0,10,625,ref,1.4532394409179688,0.0,R,none,1
-1.5511214760887009,1.2611039820087382,2.3362804201583245,0.17349609375,-1.439171689310563,0.883699992072195,1.7016721180570644,0.14190673828125,0.3302355297690632,0.451523829857592,-0.000833683638257876,-0.013945587259399966,0.012158146115533388,2.5710061258471524,-0.0026298527466133235,0.09332224782851953,-1.431185296583723,1.2366532010823958,0.539980560063428,1.208769768135487,0.17349609375,0.26816269755363464,0.9200000166893005,48,48,0.8265039324760437,48,0.0,0,0.0,0.0,0,0,0,0,11,625,ref,1.2775193452835083,0.0,R,none,1
-1.516071842741668,1.2421758061510673,2.3546563376013903,0.17677734375,-1.5034718563987952,0.9114195880433753,1.805017445930136,0.13918945312499997,0.356911402701135,0.4730568266743834,0.0007174360936375721,-0.014643708382101437,0.012470450675153472,2.639351753934262,-0.001489008919452317,0.097673176378404,-1.5015584529734145,1.2717190361866721,0.5644779507387128,1.2332637725679974,0.17677734375,0.2781016528606415,0.9180999994277954,42,42,0.8232226371765137,42,0.0,0,0.0,0.0,0,0,0,0,12,625,ref,1.1578127145767212,0.0,R,none,1
-1.721700671082759,1.3058462919779554,2.076971476876432,0.14669921875,-1.6028006146697116,0.9387376369631705,1.756352691202574,0.1278076171875,0.38060423073940663,0.502167661988813,-0.0015435416770225923,-0.015586844779513977,0.01231092993023678,2.700992287838803,-0.002087375350529328,0.09903998767368927,-1.59876964823294,1.2557997505816905,0.5420782332073948,1.256098205756256,0.14669921875,0.2692648768424988,0.9157999753952026,51,51,0.8533008098602295,51,0.0,0,0.0,0.0,0,0,0,0,13,625,ref,1.6797597408294678,0.0,R,none,1
-1.602664702451583,1.2831897151077616,2.9005891493070743,0.17232421875,-1.6000676866427108,0.9630870978913649,1.9964446527025697,0.13790771484374997,0.40026769057352335,0.5304088918418609,-0.0031398242905728633,-0.015575458980227734,0.013126142706004845,2.764921838328364,7.796186255291104e-06,0.10218064685512919,-1.5955081403310925,1.3422811230393312,0.5269956385923269,1.280998391577226,0.17232421875,0.2521871328353882,0.9243999719619751,47,47,0.8276757597923279,47,0.0,0,0.0,0.0,0,0,0,0,14,625,ref,1.35213041305542,0.0,R,none,1
-1.6699290624417447,1.2881230469728004,2.773935570095871,0.16845703125,-1.5944920652646548,0.9788373096282469,2.0966606312875062,0.1484716796875,0.4086900913717199,0.5532159842455675,-0.0037835968970231304,-0.015529901859620865,0.013507138362476228,2.8221747431293176,0.0008730584383010864,0.10410766389331447,-1.5899761063298234,1.381812305555899,0.48807997525133473,1.2988728738928328,0.16845703125,0.2645474076271057,0.9194999933242798,49,49,0.83154296875,49,0.0,0,0.0,0.0,0,0,0,0,15,625,ref,1.6031880378723145,0.0,R,none,1
-1.7650789132549505,1.3255064171741697,3.0087863180883994,0.16515625,-1.6613025686977254,1.0068690166248362,2.217653848836365,0.14671630859374998,0.43826456290060506,0.5810033693254302,-0.005482715586970674,-0.01616870388037255,0.013886992466995061,2.876185794461717,0.000386323023121804,0.10636997129939153,-1.6559003229571232,1.4231394855845223,0.45013644156183474,1.3185173828769436,0.16515625,0.28536170721054077,0.9172000288963318,53,53,0.8348437547683716,53,0.0,0,0.0,0.0,0,0,0,0,16,625,ref,1.358209490776062,0.0,R,none,1
-1.7211449324971566,1.3426946178742707,2.954723971572375,0.17337890625,-1.6891149916597685,1.023060573819841,2.2641665722677975,0.14716796875,0.4501623843706159,0.6042370050250103,-0.007746451691044206,-0.01648499453902622,0.013958974921325995,2.9436197026454334,0.0018647369649261237,0.10854919376811696,-1.6868220319968708,1.4293865857998103,0.5237577949120702,1.3457599906919875,0.17337890625,0.24884013831615448,0.9203000068664551,47,47,0.8266211152076721,47,0.0,0,0.0,0.0,0,0,0,0,17,625,ref,1.6152551174163818,0.0,R,none,1
-1.8372230595336003,1.3914938064374995,2.7966689865811647,0.15630859375,-1.766477418154191,1.0480637231759091,2.2777600782002416,0.14265869140624998,0.47544749246620016,0.6327038647157404,-0.009713789344591687,-0.017190563904460977,0.014046400944193944,3.0054928412763173,0.0007462839339859783,0.10956094978227203,-1.7602174669323998,1.4395021624056685,0.49719685904964295,1.3656668508984657,0.15630859375,0.2661350965499878,0.9194999933242798,42,42,0.8436914086341858,42,0.0,0,0.0,0.0,0,0,0,0,18,625,ref,1.6068222522735596,0.0,R,none,1
-1.8910428697696144,1.3932788468953534,3.0680587518384526,0.15865234375,-1.832522713395815,1.0650780167481209,2.107462755048061,0.1258984375,0.48400047729495177,0.6595780265479724,-0.009187322082813771,-0.017783018579959488,0.01361787668356017,3.0644719211844755,0.0020234786783112214,0.11060328550815482,-1.8196300327673334,1.3909624184583547,0.4442610226923085,1.3857223324848922,0.15865234375,0.25184616446495056,0.9165999889373779,47,47,0.8413476347923279,47,0.0,0,0.0,0.0,0,0,0,0,19,625,ref,1.5133658647537231,0.0,R,none,1
-2.0045935651247033,1.381297655418106,3.1068833484413436,0.14548828125,-1.90270955832019,1.093215877560737,2.29660609526292,0.1303955078125,0.5255779219696944,0.6809954919692244,-0.011452458988026786,-0.01847900067369431,0.014258514288941076,3.105778853432057,0.0016863571084104478,0.11375483808046623,-1.8912620371072566,1.4584212637896357,0.4976296755364986,1.4017116916837835,0.14548828125,0.32757100462913513,0.9057000279426575,54,54,0.8545117378234863,54,0.0,0,0.0,0.0,0,0,0,0,20,625,ref,1.8220115900039673,0.0,R,none,1
-1.940965981943465,1.4423525684776526,3.4400120250018515,0.16759765625,-1.901232604288237,1.1084072335814175,2.3442257079680284,0.1329541015625,0.5292578772571521,0.708521183336952,-0.009212465138493137,-0.018435311456760112,0.014447573535383158,3.1740087081203217,0.0016052207676693798,0.11379854603367993,-1.8868677456637526,1.4772086257187256,0.5230041834558046,1.4284718378810208,0.16759765625,0.2715708315372467,0.9175000190734863,48,48,0.8324023485183716,48,0.0,0,0.0,0.0,0,0,0,0,21,625,ref,1.9079066514968872,0.0,R,none,1
-1.9454657772459814,1.4670556283522977,3.224753116946253,0.1626953125,-1.8855894998729772,1.1264446675236859,2.5351700330668097,0.1322021484375,0.5408267752011363,0.7356358109880204,-0.007584997196609773,-0.018345785183562432,0.014967190666147216,3.2392289377880394,0.004059839653782546,0.11480609254150509,-1.875242251248049,1.5326035861633733,0.6473894659559569,1.4572409054380204,0.1626953125,0.29922813177108765,0.9157999753952026,47,47,0.8373047113418579,47,0.0,0,0.0,0.0,0,0,0,0,22,625,ref,1.5942795276641846,0.0,R,none,1
-1.93450808406095,1.4564893847580724,3.4295563477559923,0.15490234375,-1.9041444221081647,1.149508271851672,2.6766981908528833,0.13394775390625002,0.5604998451029273,0.7674553558049135,-0.006585933852423875,-0.018536414793049145,0.015407067763296771,3.30035496138091,0.0053190560010261834,0.11759927802854217,-1.8935107149707306,1.5807871190546017,0.5781434287406197,1.4769386956696724,0.15490234375,0.30601924657821655,0.9142000079154968,48,48,0.8450976610183716,48,0.0,0,0.0,0.0,0,0,0,0,23,625,ref,1.8179173469543457,0.0,R,none,1
-2.102657840135153,1.4752881735496608,3.550313664584624,0.1431640625,-1.973550026683524,1.1769311231390602,2.8645146042549805,0.13034423828125,0.6003214424159996,0.7928565768824487,-0.008011150685079094,-0.019156302393322687,0.01597776193079976,3.352394866542731,0.004758812265936285,0.11860704472375903,-1.9575708880717202,1.6416337204729596,0.608262484755671,1.4942778184187495,0.1431640625,0.29441672563552856,0.9138000011444092,53,53,0.8568359613418579,53,0.0,0,0.0,0.0,0,0,0,0,24,625,ref,1.4173394441604614,0.0,R,none,1
-2.051078210171081,1.5171358260609205,3.883400378850891,0.161484375,-2.028884430796876,1.1938607105507588,2.937606458290215,0.12369384765625001,0.6257849749327707,0.8143148464504147,-0.014796425186422964,-0.019638425234846598,0.016216622206065304,3.408885934293211,0.003928480888716877,0.12002616384398317,-2.007788828378277,1.666618105322563,0.6740948329176231,1.5140723279377553,0.161484375,0.24672256410121918,0.9193999767303467,44,44,0.8385156393051147,44,0.0,0,0.0,0.0,0,0,0,0,25,625,ref,1.7454421520233154,0.0,R,none,1
-2.080626132752903,1.5563241475133656,4.4195263398794,0.16689453125,-2.0359841641717815,1.2130747931626005,3.041034229042341,0.1322705078125,0.640744280404384,0.8432275618536983,-0.01242138845159662,-0.019735711220466988,0.01657269118748244,3.4563815236796387,0.004696379395900294,0.12073428865610818,-2.0169866933618636,1.6998832953581833,0.6110206040495356,1.526435308620535,0.16689453125,0.28420448303222656,0.9132000207901001,49,49,0.8331054449081421,49,0.0,0,0.0,0.0,0,0,0,0,26,625,ref,1.3524055480957031,0.0,R,none,1
-2.0528354017595474,1.5673246450888538,4.49548993913557,0.1746484375,-2.0645891055198287,1.2314593004634862,3.1819642918995017,0.1376953125,0.6617997830583673,0.8675452767499161,-0.01285305111026525,-0.019945998245314952,0.0169745179993675,3.5204621369886597,0.0056013213453115895,0.12110528677044831,-2.03762309409864,1.7426614870460588,0.6451839774993653,1.5527969814146076,0.1746484375,0.27240636944770813,0.9161999821662903,49,49,0.8253515362739563,49,0.0,0,0.0,0.0,0,0,0,0,27,625,ref,1.4503412246704102,0.0,R,none,1
-2.1785377991781862,1.5346546617878827,4.420881034377769,0.15966796875,-2.1169131150116987,1.2505217617626685,3.2652394098027147,0.130703125,0.6883195513659246,0.8877706946572972,-0.012285569381213758,-0.020453015470556255,0.0171796353911696,3.569666396679824,0.0035225168417673557,0.12201274810745684,-2.091639633726923,1.76489924891791,0.6275355129262161,1.5687659051244378,0.15966796875,0.27888426184654236,0.9182000160217285,47,47,0.84033203125,47,0.0,0,0.0,0.0,0,0,0,0,28,625,ref,1.4391067028045654,0.0,R,none,1
-2.1028294962893095,1.530693749106488,4.53934362454121,0.1554296875,-2.1301098063739645,1.269858717144182,3.4965589852160623,0.13358398437499996,0.7122066229470687,0.9112206213943308,-0.010886082834331985,-0.02057962576865565,0.0177399111531661,3.621156116249082,0.0032950892439112065,0.1219454207910645,-2.104836743219947,1.8187158395475618,0.712277096524625,1.5855619506392942,0.1554296875,0.2557835876941681,0.9158999919891357,46,46,0.8445703387260437,46,0.0,0,0.0,0.0,0,0,0,0,29,625,ref,1.4191614389419556,0.0,R,none,1
-2.24593048088169,1.539601323825962,4.568708947721746,0.15875,-2.1502706096143407,1.2807220779190651,3.5696148678347783,0.13435546875,0.7243001117890276,0.9322335536494785,-0.016284624569178528,-0.020784222353542346,0.01785432278586378,3.663130669370796,0.0030737993912771343,0.12160641740297445,-2.1260164595406645,1.8324127208610133,0.6783800090857106,1.595616485369946,0.15875,0.28224700689315796,0.9085999727249146,52,52,0.8412500023841858,52,0.0,0,0.0,0.0,0,0,0,0,30,625,ref,1.5514222383499146,0.0,R,none,1
-2.149127890828581,1.566911058929993,4.818061800887292,0.17044921875,-2.154896134327049,1.2905430444869994,3.643267170253166,0.1357568359375,0.7330837435028057,0.9509584550602795,-0.0185408488893127,-0.020888051250687583,0.017987622892223342,3.7063520112501136,0.004135572797968052,0.12301331426000027,-2.1355906911644866,1.8497416023715754,0.6714229355538857,1.6061737856122715,0.17044921875,0.2687065601348877,0.9172000288963318,48,48,0.8295508027076721,48,0.0,0,0.0,0.0,0,0,0,0,31,625,ref,1.5684256553649902,0.0,R,none,1
-2.1389969477874873,1.6458053545346145,5.083552567949584,0.18080078125,-2.1790851144641024,1.3133570031942832,3.864355418136093,0.13755859375,0.7592930776824364,0.9839015747154352,-0.018288034558403138,-0.02110508828224289,0.018482622718152972,3.7605363138098458,0.005554835398215801,0.12400219991559454,-2.1564042271675095,1.9007152187597474,0.5455464173804299,1.6290412207851666,0.18080078125,0.3110332489013672,0.9047999978065491,50,50,0.8191992044448853,50,0.0,0,0.0,0.0,0,0,0,0,32,625,ref,1.7103043794631958,0.0,R,none,1
-2.3013022725114225,1.5956726193529027,5.051793999115497,0.15669921875,-2.2369910578381083,1.335962236853229,4.064395897840448,0.1346533203125,0.7939829701553606,1.0038357801581128,-0.013023652015590605,-0.02164034336100674,0.018833078362638193,3.795447259555609,0.004016425964655354,0.1258003364109153,-2.212772995652042,1.9389229371019747,0.5430168216302707,1.641136732353476,0.15669921875,0.2826264500617981,0.9164999723434448,48,48,0.8433007597923279,48,0.0,0,0.0,0.0,0,0,0,0,33,625,ref,1.3056108951568604,0.0,R,none,1
-2.4367041521908113,1.6346051027573303,4.955818078541198,0.14740234375,-2.3087848101652604,1.3595381068083072,4.183085130136435,0.13585449218749998,0.8318858790022725,1.0258159830559253,-0.009357998194282284,-0.022253498127518694,0.019158776746751933,3.8373178640207577,0.002415321599692106,0.12681773910351532,-2.277184332624808,1.9711589479711438,0.5766453527942215,1.6535026317107335,0.14740234375,0.31440451741218567,0.9052000045776367,48,48,0.8525976538658142,48,0.0,0,0.0,0.0,0,0,0,0,34,625,ref,1.7353156805038452,0.0,R,none,1
-2.22085177040341,1.6240347554799266,6.144993652249302,0.1791796875,-2.2910938959574376,1.3735347344153033,4.503393046599699,0.14533203124999997,0.8517305079308986,1.0448332959807096,-0.009966137266290625,-0.02208524031677661,0.01987683757636503,3.878932918803141,0.002166677101049572,0.12883167789528704,-2.260197015164108,2.0481170153196153,0.6002426003808843,1.665074956731463,0.1791796875,0.2960783839225769,0.9144999980926514,51,51,0.8208203315734863,51,0.0,0,0.0,0.0,0,0,0,0,35,625,ref,1.4704177379608154,0.0,R,none,1
-2.278668631806422,1.673042598146667,6.047801278864199,0.18181640625,-2.288162469785845,1.3823860276907056,4.515514725696427,0.14784912109374998,0.8532177467986196,1.070053389837292,-0.012280007081423974,-0.02211673085852128,0.019880601090467628,3.9195226023330294,0.003205350344942417,0.13117929135576653,-2.262384164110557,2.0478177681646477,0.550409393206053,1.6774039974584485,0.18181640625,0.3138999044895172,0.9162999987602234,47,47,0.8181836009025574,47,0.0,0,0.0,0.0,0,0,0,0,36,625,ref,1.6811449527740479,0.0,R,none,1
-2.3801720554905734,1.71025085747031,5.530203587644402,0.17017578125,-2.3489330207896546,1.406296088859104,4.80795669761116,0.15192138671874997,0.9040465974801161,1.0880207849822339,-0.014398692921936714,-0.022722533343272403,0.020512443228893472,3.9573356729131564,0.0012632885519997218,0.13191347335779233,-2.3263833068556066,2.1150472281890256,0.6199582108716823,1.6871377817201192,0.17017578125,0.2935712933540344,0.916700005531311,46,46,0.8298242092132568,46,0.0,0,0.0,0.0,0,0,0,0,37,625,ref,1.5563234090805054,0.0,R,none,1
-2.403216525665567,1.6925091570049802,6.421184825234365,0.1787109375,-2.381887010905562,1.4231739725973902,4.9084427116684735,0.15292236328125,0.9277239854228492,1.1100198365800518,-0.012319665724264987,-0.023035384895210616,0.02076023309182464,3.993916040662006,0.0018534555332735182,0.13223794457450322,-2.3578409682892305,2.1384194485725736,0.5714541117561875,1.6974460039796222,0.1787109375,0.29511985182762146,0.9115999937057495,53,53,0.8212890625,53,0.0,0,0.0,0.0,0,0,0,0,38,625,ref,1.7017608880996704,0.0,R,none,1
-2.3920582569292383,1.6858386144771524,6.477459111028682,0.18005859375,-2.422769283228492,1.4379256979464807,4.982316825203137,0.14590576171875,0.9519416671147292,1.1292780473290358,-0.013589401628891424,-0.02343884128082054,0.02091266060031781,4.035929595317686,0.0011932935239747167,0.1322452444893123,-2.399830319617925,2.1546048934554656,0.5451604019913088,1.711074298612443,0.18005859375,0.2989000380039215,0.9128000140190125,53,53,0.8199414014816284,53,0.0,0,0.0,0.0,0,0,0,0,39,625,ref,1.6841223239898682,0.0,R,none,1
-2.4423194229736236,1.7388800604454955,6.977842102933081,0.17357421875,-2.4391711452962244,1.4547676525121753,5.1492065562666145,0.14810546874999997,0.9718253629702346,1.1550697395598823,-0.01054617973433228,-0.023546624228648144,0.021281100584714115,4.076353976380451,0.0006047353195026517,0.13371005187546078,-2.4114599271527624,2.1977671274579915,0.5437833056076435,1.7298129741400226,0.17357421875,0.28792133927345276,0.9099000096321106,48,48,0.8264257907867432,48,0.0,0,0.0,0.0,0,0,0,0,40,625,ref,1.5033077001571655,0.0,R,none,1
-2.360566815094631,1.7812038983843217,6.857723694504536,0.18302734375,-2.4013288628152236,1.4618094301839366,5.276958053824764,0.14857177734375,0.9693005099819891,1.183316566896124,-0.01573026670342853,-0.023193796173765727,0.021604617123656602,4.122173303666294,0.001680154405767098,0.1348038060214764,-2.374241574164521,2.231439707473977,0.5553880656404679,1.7441168559030509,0.18302734375,0.28270307183265686,0.9154000282287598,48,48,0.8169726729393005,48,0.0,0,0.0,0.0,0,0,0,0,41,625,ref,1.674928069114685,0.0,R,none,1
-2.521625820830309,1.7795657486794418,7.1536298307034585,0.1788671875,-2.408804597327551,1.4767848778493695,5.545010435305458,0.15107666015625,0.9903719525976342,1.208315332586835,-0.017793709739892073,-0.023248664900877486,0.022046597954505736,4.1609706924842875,0.001803596910322085,0.13626778519586544,-2.3797387640043723,2.2780512846353913,0.5419795980820936,1.7579167725234084,0.1788671875,0.33643224835395813,0.9071000218391418,49,49,0.8211328387260437,49,0.0,0,0.0,0.0,0,0,0,0,42,625,ref,1.6325795650482178,0.0,R,none,1
-2.371115271394723,1.818088465519009,7.6452214537140675,0.1842578125,-2.454309008056795,1.497407687368542,5.7139770639405665,0.15016845703125,1.021340131927548,1.236791203300995,-0.015901553038137964,-0.02368136174347847,0.0223124525129842,4.207316651284109,0.0019363762065768243,0.13614934928665104,-2.4239305024592155,2.303904451182252,0.5570958408890507,1.7748494916195476,0.1842578125,0.32458749413490295,0.9061999917030334,45,45,0.8157421946525574,45,0.0,0,0.0,0.0,0,0,0,0,43,625,ref,1.5860437154769897,0.0,R,none,1
-2.392414190775567,1.77315292102937,7.178647773897552,0.18671875,-2.4550130434436666,1.5119086495988765,5.781244403995859,0.15594482421875,1.0309566246071007,1.2698998122786895,-0.01498867215389242,-0.023728107717396328,0.02248548741559403,4.2478370530824,0.0011578135821036994,0.13424252328068206,-2.4294976203647014,2.317056380815131,0.6174849321859925,1.7838964046892147,0.18671875,0.3407306969165802,0.9043999910354614,49,49,0.813281238079071,49,0.0,0,0.0,0.0,0,0,0,0,44,625,ref,1.5153416395187378,0.0,R,none,1
-2.482805599177419,1.8052919950751238,6.753224774625233,0.1789453125,-2.490762358849718,1.5284775180545296,5.820475320749963,0.1568017578125,1.0533227708453055,1.2986316292904663,-0.015710876937637275,-0.02414797103349827,0.022553912671331857,4.289042538344619,0.0008615217241458595,0.13559886757117026,-2.4728037916008576,2.321561183011996,0.589154031081775,1.7960645528559251,0.1789453125,0.30179208517074585,0.9128000140190125,46,46,0.8210546970367432,46,0.0,0,0.0,0.0,0,0,0,0,45,625,ref,1.6176964044570923,0.0,R,none,1
-2.5474511579093897,1.8140485615293551,7.613023966892695,0.17896484375,-2.5447148610590675,1.551768150328891,6.11095645438158,0.1524951171875,1.1039518585423729,1.3215117609263993,-0.017479227093625507,-0.024693369417939776,0.02311968193801627,4.32793003374878,0.0018682465772144497,0.13609359795692103,-2.5276664838373204,2.3811732091915685,0.5980065666629486,1.8083652792031182,0.17896484375,0.30206364393234253,0.9067000150680542,51,51,0.8210351467132568,51,0.0,0,0.0,0.0,0,0,0,0,46,625,ref,1.6737215518951416,0.0,R,none,1
-2.531802383732304,1.8818186696643822,8.580003183054883,0.18662109375,-2.528788865780621,1.5658165587798663,6.337089332885889,0.15759033203125,1.1177159937775654,1.3488730147507508,-0.014807512779094383,-0.024524251538302594,0.023603183020302898,4.382674644719149,0.0026267645519692452,0.13541434727997678,-2.5095839003275677,2.4315862664576184,0.6439806678200926,1.8320934494448724,0.18662109375,0.3117717206478119,0.9056000113487244,50,50,0.8133789300918579,50,0.0,0,0.0,0.0,0,0,0,0,47,625,ref,1.564528226852417,0.0,R,none,1
-2.6213608249510627,1.8264288686272112,7.086423345422872,0.17119140625,-2.5735147234255185,1.5759336964578383,6.134579587590008,0.15604980468750002,1.1252598821839725,1.3742804212520696,-0.01597328780477675,-0.02491464167954159,0.023358708849235438,4.418389760918387,0.001661109405104071,0.1368977559412224,-2.5505402673113537,2.403484846189237,0.6280547933615797,1.8407970485728793,0.17119140625,0.38411083817481995,0.8991000056266785,51,51,0.828808605670929,51,0.0,0,0.0,0.0,0,0,0,0,48,625,ref,1.5357338190078735,0.0,R,none,1
-2.766391692070316,1.907048583757863,8.094640163675479,0.17095703125,-2.6170041954419143,1.5944069967125414,6.30084031069029,0.15508544921875,1.159340780331198,1.4002916638433185,-0.017498773008610042,-0.025330035568781984,0.023666092033445565,4.467260836520141,0.001321070947451517,0.13490044997508585,-2.593432346839277,2.429910245388194,0.6633833749627067,1.8568486570344123,0.17095703125,0.30708733201026917,0.9140999913215637,50,50,0.8290429711341858,50,0.0,0,0.0,0.0,0,0,0,0,49,625,ref,1.874835729598999,0.0,R,none,1
-2.440613145418885,1.8357886826717587,7.911370437133835,0.19748046875,-2.5356588735787855,1.5987199129241538,6.598198850660922,0.16448486328125,1.1490317415425753,1.4238240681065246,-0.016950449668885873,-0.02455702840791802,0.024247913604044727,4.503759895964839,0.0035306987549120093,0.1372901277756132,-2.5120375569273707,2.494316663099362,0.653719024101501,1.8690864462972285,0.19748046875,0.3122704029083252,0.9081000089645386,49,49,0.8025195598602295,49,0.0,0,0.0,0.0,0,0,0,0,50,625,ref,1.6277202367782593,0.0,R,none,1
-2.563231565875933,1.881180428170625,8.20272254676628,0.18890625,-2.581663034535319,1.6175741177968537,6.72398490903332,0.1656591796875,1.1866113139385814,1.4487055616958824,-0.01877084906819535,-0.02498656087277245,0.02460961578886074,4.5367974726096865,0.002817975266370922,0.13784839404501278,-2.5567506462347818,2.530756649639059,0.6479776931080438,1.8772809041501857,0.18890625,0.3144618570804596,0.9060999751091003,45,45,0.8110937476158142,45,0.0,0,0.0,0.0,0,0,0,0,51,625,ref,1.6942270994186401,0.0,R,none,1
-2.536671387859223,1.9102460296079082,8.636993445480593,0.18955078125,-2.616411997327556,1.6306369097667015,6.679158533958913,0.16306396484375002,1.195525827458654,1.4767190966011685,-0.013268192566325583,-0.02522857201598601,0.02455037173261419,4.576679414661027,0.0032586474600248038,0.13857928518273863,-2.5811010659956053,2.5259501460205973,0.6248731992852505,1.887468260852679,0.18955078125,0.33704236149787903,0.9027000069618225,45,45,0.8104492425918579,45,0.0,0,0.0,0.0,0,0,0,0,52,625,ref,1.655392050743103,0.0,R,none,1
-2.5994468882908253,1.9108814541967782,7.614079920239414,0.18654296875,-2.643095526989256,1.644281083378739,6.699429595926946,0.16348388671875,1.2113326952924104,1.5111451674445648,-0.01881758157981644,-0.025533890604106907,0.024568401738407488,4.6166979434017374,0.0024970922828651963,0.14136869577248082,-2.6131387892574596,2.5325551561102038,0.7139715805131108,1.895779990881134,0.18654296875,0.30409350991249084,0.9097999930381775,46,46,0.8134570121765137,46,0.0,0,0.0,0.0,0,0,0,0,53,625,ref,1.8498528003692627,0.0,R,none,1
-2.565063377933788,1.9345334645975216,8.969462074049998,0.19099609375,-2.6682487656760805,1.660433105002201,6.871338121998584,0.1579931640625,1.2398873322459512,1.5364467829925579,-0.019296019051259092,-0.02577805039708343,0.024913367208231216,4.6633338563684505,0.0019155945209786297,0.14293884136703713,-2.6387314819539767,2.5718054246757984,0.7205600036658237,1.9086342931201516,0.19099609375,0.3283562660217285,0.9025999903678894,42,42,0.8090038895606995,42,0.0,0,0.0,0.0,0,0,0,0,54,625,ref,1.687077522277832,0.0,R,none,1
-2.768912432066098,2.0084532272346016,8.324145046299403,0.1734765625,-2.7035261197857317,1.6727342092002062,6.853319901996595,0.15673095703125,1.2506203284843904,1.5634813607450269,-0.016061954600777775,-0.02607759883376261,0.024824739443173115,4.701256676528686,0.0008390877302736044,0.14631801352257848,-2.670493075141635,2.560301171624028,0.61988039765393,1.918594593123222,0.1734765625,0.33890238404273987,0.904699981212616,47,47,0.8265234231948853,47,0.0,0,0.0,0.0,0,0,0,0,55,625,ref,1.6107808351516724,0.0,R,none,1
-2.469374999079645,1.9552557324142708,9.177369126192454,0.2001171875,-2.647813634248966,1.6787961845537234,7.1090525052974325,0.16694580078125,1.2460984361534064,1.5893248155271016,-0.017066622408368867,-0.02557968237945267,0.02524483332317277,4.740677697181948,0.0038995065400376917,0.1478951471978367,-2.616427184267502,2.6068050647666525,0.6546397672561586,1.9298765197424388,0.2001171875,0.26989319920539856,0.9054999947547913,43,43,0.7998828291893005,43,0.0,0,0.0,0.0,0,0,0,0,56,625,ref,1.528882622718811,0.0,R,none,1
-2.817061807155986,1.9836818596540093,8.518085757586677,0.17658203125,-2.710615924889583,1.6924017924743473,6.951624396343302,0.164462890625,1.2598294046194116,1.6135636602723151,-0.009169237721343662,-0.026113382010483327,0.024978903854264982,4.782356067855882,0.0038148059818195177,0.14630218318955562,-2.6711829072144546,2.5758469123380516,0.5808038142052565,1.9419527484864003,0.17658203125,0.2922627329826355,0.9128000140190125,44,44,0.8234179615974426,44,0.0,0,0.0,0.0,0,0,0,0,57,625,ref,1.4963144063949585,0.0,R,none,1
-2.6092719311099835,2.0090756876134273,9.615710253753338,0.2019921875,-2.6984960903065014,1.713726123960058,7.5549006804560985,0.17112060546875002,1.3076604920982389,1.6331740492332438,-0.003977313388318374,-0.025991674687846456,0.02607423422323728,4.816836957623917,0.003192998778540641,0.14940327477938703,-2.659337282600508,2.68957870977389,0.5796742414164724,1.9522075470862783,0.2019921875,0.34259602427482605,0.9060999751091003,44,44,0.7980077862739563,44,0.0,0,0.0,0.0,0,0,0,0,58,625,ref,1.560227870941162,0.0,R,none,1
-2.651521857180973,1.9908556117879483,9.899907787296431,0.18955078125,-2.745318592041559,1.7307437729691078,7.666331864320446,0.166259765625,1.3457181331751331,1.6607290509662351,-0.010973176470026935,-0.026516449490698833,0.026301306788374747,4.853190542924445,0.00245341816538712,0.15027175479820598,-2.7138336457326617,2.710935697732365,0.7038370087460204,1.959659470552475,0.18955078125,0.2878890037536621,0.9059000015258789,45,45,0.8104492425918579,45,0.0,0,0.0,0.0,0,0,0,0,59,625,ref,1.692429542541504,0.0,R,none,1
-2.734198525206373,2.054728435424693,9.094843753115795,0.191015625,-2.7143394484096275,1.7285863409767117,7.4000557533786715,0.1623291015625,1.307081878711956,1.6960525110554452,-0.0151236515561452,-0.026227811801953712,0.025825084313520125,4.899679190935867,0.0018063046960742214,0.15019604770856365,-2.68491334594905,2.6622546525562645,0.720916192747139,1.971104351077379,0.191015625,0.288276731967926,0.9110000133514404,41,41,0.8089843988418579,41,0.0,0,0.0,0.0,0,0,0,0,60,625,ref,1.7350369691848755,0.0,R,none,1
-2.7126318614556233,2.0392146670650613,8.796156808694478,0.17421875,-2.7311054086277453,1.7331204768687583,7.2421427940929615,0.15347900390625002,1.3056255434301205,1.7180252847179764,-0.01994424080630518,-0.026385303835804858,0.02563472828193624,4.941931652813046,0.0011345723301928955,0.15018814946960019,-2.7017182176466856,2.6442414804629997,0.7374947668035645,1.9829077127588186,0.17421875,0.31474074721336365,0.9078999757766724,42,42,0.8257812261581421,42,0.0,0,0.0,0.0,0,0,0,0,61,625,ref,1.6971672773361206,0.0,R,none,1
-2.6728140074160653,1.9506815307831662,9.162401610756444,0.18142578125,-2.749898187364991,1.7473973411412136,7.465584496738279,0.15839111328125002,1.3300013062283338,1.7401342152790966,-0.016738053680048097,-0.02656541992656994,0.025939704925644947,4.973367520959567,0.0019421444227918983,0.1499226500414506,-2.7193613437713076,2.6739268193843064,0.780493357754585,1.9879538028914043,0.18142578125,0.33890682458877563,0.8960000276565552,41,41,0.8185741901397705,41,0.0,0,0.0,0.0,0,0,0,0,62,625,ref,1.5690914392471313,0.0,R,none,1
-2.93225629226672,2.0316708557985845,8.65514542417583,0.1605078125,-2.8084339576085444,1.7563253703336648,7.3647004479811065,0.14990966796875002,1.3436694205813746,1.7528676470239546,-0.011858261127645238,-0.027047623289261972,0.02571348574584357,5.006724767474321,-0.0002519102161750197,0.15077754409706123,-2.770951255751882,2.6511407573771297,0.7969572290076199,1.994480602169802,0.1605078125,0.34086930751800537,0.9010999798774719,42,42,0.8394922018051147,42,0.0,0,0.0,0.0,0,0,0,0,63,625,ref,1.9645161628723145,0.0,R,none,1
-2.959422982303945,2.0605928373498994,9.394348974693374,0.17625,-2.902349940105208,1.7827951942957438,7.54684088077943,0.14511962890625,1.4013545764080495,1.777866322954734,-0.000862194558785177,-0.027939543672552237,0.025921645853059526,5.038929108235949,-0.0014378194964956492,0.1511868596473133,-2.8635035374422104,2.6700469616696876,0.7877231893425258,2.0075616637278118,0.17625,0.3386361598968506,0.9053000211715698,41,41,0.8237500190734863,41,0.0,0,0.0,0.0,0,0,0,0,64,625,ref,1.7557158470153809,0.0,R,none,1
-2.606800324695984,2.0650447056715278,10.158085329981944,0.206640625,-2.8524475701206256,1.8011526564690268,8.276602287664199,0.15903564453125,1.4354462716227097,1.8091483894633353,-0.0004437691806142263,-0.02746179752154754,0.027087573861250682,5.072688237584068,-0.0011887699086219072,0.15265647551385172,-2.814315217524938,2.7961772267859124,0.9180507264583824,2.0095534057039597,0.206640625,0.2982059419155121,0.911300003528595,44,44,0.7933593988418579,44,0.0,0,0.0,0.0,0,0,0,0,65,625,ref,1.7141591310501099,0.0,R,none,1
-2.958307892442593,2.0411439574545174,10.091971157508395,0.17982421875,-2.8895636687792052,1.8199254486340346,8.661318892966737,0.16884033203124998,1.4780887923661257,1.8342333387046736,-0.00019349248500747596,-0.027794848252804982,0.027559640019572527,5.098199649300656,-0.0023845877032727,0.15453162420414154,-2.849628023465143,2.8437745808973345,0.894744990340536,2.015789497739085,0.17982421875,0.33816540241241455,0.8964999914169312,47,47,0.8201757669448853,47,0.0,0,0.0,0.0,0,0,0,0,66,625,ref,1.803748607635498,0.0,R,none,1
-2.7975543355025163,2.1242456804268866,11.408063252744203,0.200625,-2.8436345558229994,1.823928271380254,8.882317224411839,0.17875488281250002,1.478077341593466,1.8516586285435455,-0.0030216309968500495,-0.02740671475307801,0.027945437279601547,5.154112341727291,-0.0004970925068482757,0.15512078874393997,-2.8079809818504224,2.8863399777818035,0.8465135661870962,2.030595878620675,0.200625,0.34197375178337097,0.8988999724388123,43,43,0.7993749976158142,43,0.0,0,0.0,0.0,0,0,0,0,67,625,ref,1.794284701347351,0.0,R,none,1
-2.817426010564533,2.148792445914611,10.581693109061437,0.193203125,-2.8173520627350963,1.8387574558782143,9.265933859276016,0.18378662109375,1.496776649801326,1.877585542781619,0.006666788964777386,-0.027161431304373637,0.02852568267337507,5.197508958922,0.0013206170778721571,0.1553801639018014,-2.781036972497036,2.9455841393552573,0.8626524086453546,2.0446174236002963,0.193203125,0.32952573895454407,0.9093000292778015,37,37,0.8067968487739563,37,0.0,0,0.0,0.0,0,0,0,0,68,625,ref,1.5580168962478638,0.0,R,none,1
-2.8595468189745477,2.0957180576877854,10.46937518127095,0.19453125,-2.8419484554078975,1.8454373654881215,9.184735298423478,0.18699218750000002,1.5145713918129153,1.8973621147646664,-0.006294436637844386,-0.027499716161446922,0.028524872747723872,5.231873246664516,0.001453417154843919,0.15574836830599995,-2.81555733296115,2.9427985334611604,1.0375383499378699,2.0549310689080795,0.19453125,0.3255912661552429,0.90420001745224,43,43,0.805468738079071,43,0.0,0,0.0,0.0,0,0,0,0,69,625,ref,1.4661567211151123,0.0,R,none,1
-2.7831346362503,2.0933302533198326,10.681427682043362,0.20251953125,-2.8643203713825294,1.8625265521177916,9.557521991267672,0.19332275390624998,1.5552627977369575,1.9202137146162226,-0.006471355009392197,-0.027656196904208893,0.02910696650881298,5.264014162896594,1.2114603887312114e-05,0.1569554996777667,-2.8330281803975406,3.0056674852019967,1.0244859158945556,2.0607405611755225,0.20251953125,0.3292500972747803,0.9075999855995178,46,46,0.7974804639816284,46,0.0,0,0.0,0.0,0,0,0,0,70,625,ref,1.544152021408081,0.0,R,none,1
-2.7381083700131255,2.1812075621717764,12.262324488728625,0.20494140625,-2.7991466190018275,1.8660044224057062,9.931862135174367,0.19373535156250002,1.5490760395443328,1.9396173022002083,-0.00672083730688891,-0.0270894269114168,0.029526782741572714,5.295416599170814,0.002172598245088011,0.15932806680283862,-2.7728090188716266,3.0530072666167456,1.0280802489413006,2.0702729052098494,0.20494140625,0.362527072429657,0.9010999798774719,41,41,0.7950586080551147,41,0.0,0,0.0,0.0,0,0,0,0,71,625,ref,1.781038522720337,0.0,R,none,1
-2.918606903355086,2.146627962806891,10.561254162908758,0.19078125,-2.9404390116862316,1.886697773969728,9.681066041119065,0.17755615234375,1.6086027074703608,1.9679506104833988,-0.01692482765143409,-0.028367340537511266,0.029371129997542423,5.326698684351819,-0.0007859381051093805,0.16123933064462034,-2.9066742308141587,3.038912694209358,1.012496088263593,2.080069205958697,0.19078125,0.34428611397743225,0.9000999927520752,41,41,0.8092187643051147,41,0.0,0,0.0,0.0,0,0,0,0,72,625,ref,1.5987217426300049,0.0,R,none,1
-3.071954188120726,2.1877234544318998,10.71842930987859,0.1826171875,-3.0309123274700527,1.9057179173454029,9.720415009172495,0.1717919921875,1.6560355319581785,1.9904612135403226,-0.014735965007202282,-0.02920971402713639,0.029382436351831822,5.3549394831432915,-0.003048381198896095,0.16013798042653768,-2.9952275709468577,3.0394711341353653,0.9687640609524699,2.0887324169843593,0.1826171875,0.3371315896511078,0.8978999853134155,45,45,0.8173828125,45,0.0,0,0.0,0.0,0,0,0,0,73,625,ref,1.6238453388214111,0.0,R,none,1
-3.1055551307296256,2.2250704957142298,12.475124158212987,0.18166015625,-3.079542168847961,1.914885730365909,9.583694341004634,0.16560302734375,1.6698771911023784,2.0179059176288248,-0.02099574837222251,-0.029671068770042327,0.02916350407107538,5.388553897096128,-0.003337113177403808,0.16216888497694862,-3.04277647327596,3.018375283157473,0.9533331289028366,2.0974817644549066,0.18166015625,0.31919577717781067,0.9010999798774719,46,46,0.8183398246765137,46,0.0,0,0.0,0.0,0,0,0,0,74,625,ref,1.6461516618728638,0.0,R,none,1
-2.7658247532230615,2.209560805558831,12.026300871389104,0.222265625,-2.98040084831072,1.9145334053821257,9.776980678168108,0.17043212890625,1.6308411287070725,2.047319625670743,-0.012722594053738186,-0.028773321579418972,0.029368624453786782,5.427668279769789,-1.675365783739835e-05,0.16245265068974046,-2.9474928559531044,3.039473191745756,1.0583967710078097,2.1128814123026656,0.222265625,0.3102532923221588,0.9050999879837036,43,43,0.7777343988418579,43,0.0,0,0.0,0.0,0,0,0,0,75,625,ref,1.6286439895629883,0.0,R,none,1
-2.9790320504216146,2.208112011100068,11.55994597828722,0.1898828125,-2.9819938177021266,1.9259595936222276,9.900407028104029,0.17584228515625,1.6416287518557844,2.070124676907364,-0.0024330724976532026,-0.02880580712561828,0.029526722420027077,5.45672252246186,0.0012668879207922146,0.162069601835115,-2.949536962643934,3.0569991870659243,1.0606357585208261,2.122858871761459,0.1898828125,0.33225393295288086,0.8991000056266785,44,44,0.8101171851158142,44,0.0,0,0.0,0.0,0,0,0,0,76,625,ref,1.4051486253738403,0.0,R,none,1
-3.180571426849409,2.1618994647617584,11.044164138538651,0.16064453125,-3.0472725777616403,1.9392608276820322,9.95068894978407,0.16718505859375,1.6794981330695666,2.0842426632117608,-0.003008238499326672,-0.02944784684361717,0.02955806199267275,5.484314737712457,-0.0006296831381041556,0.16413673473039872,-3.017202677536391,3.0692411677138556,1.03528820894969,2.130148533584492,0.16064453125,0.31182047724723816,0.9031999707221985,43,43,0.83935546875,43,0.0,0,0.0,0.0,0,0,0,0,77,625,ref,1.9483611583709717,0.0,R,none,1
-3.04454173553758,2.231798642675991,12.479176912865912,0.1759375,-3.0297119065247484,1.9509000023298317,10.138641586193762,0.16463134765625,1.6899355704974943,2.117043528028536,-0.0009682794354935009,-0.029304158306019738,0.0298820977095804,5.516106173659226,0.0016586718801409007,0.16449034153052253,-3.000195183138523,3.1018389982954147,1.0939268110116886,2.1363857449711574,0.1759375,0.33643174171447754,0.8991000056266785,45,45,0.8240625262260437,45,0.0,0,0.0,0.0,0,0,0,0,78,625,ref,1.5654011964797974,0.0,R,none,1
-3.101402252642588,2.238620532728449,11.67874763923324,0.18078125,-3.046574108933708,1.9506565306248627,9.74780454189327,0.16620361328125,1.663274555249563,2.139064811747245,0.002721533472617399,-0.029454365529036998,0.02926565897192562,5.552729199300893,0.002526878141798079,0.16583129807292438,-3.0147138761270442,3.0400126302698007,1.075997545172469,2.150931766518898,0.18078125,0.2594817876815796,0.9136000275611877,39,39,0.8192187547683716,39,0.0,0,0.0,0.0,0,0,0,0,79,625,ref,1.7773363590240479,0.0,R,none,1
-3.1834580304387274,2.30894012892519,12.86855253395198,0.1734765625,-3.1004844913573892,1.9632900959609259,9.639630452551616,0.15831298828124996,1.6870669589413607,2.1627295546553515,0.00471148730154803,-0.030011599926679133,0.02912050682502319,5.584578989607578,0.0027895133011043073,0.16533327890094063,-3.071533113350588,3.0229605169676965,1.259126032342106,2.1570963311533515,0.1734765625,0.34962785243988037,0.9023000001907349,42,42,0.8265234231948853,42,0.0,0,0.0,0.0,0,0,0,0,80,625,ref,1.6186825037002563,0.0,R,none,1
-3.2161214378643836,2.2392751585701234,12.64340311666631,0.1788671875,-3.1368089298021635,1.9794808110123892,9.97958048109547,0.1565087890625,1.7413854324431872,2.1824619739998554,-0.005503125276777232,-0.030422198054185244,0.029656243638456658,5.611730120329128,0.001983896925812587,0.16550781970784195,-3.1143995034579297,3.0826399550622505,1.2569482944643706,2.1618127006409633,0.1788671875,0.32457685470581055,0.8978999853134155,45,45,0.8211328387260437,45,0.0,0,0.0,0.0,0,0,0,0,81,625,ref,1.7803020477294922,0.0,R,none,1
-3.225717422877351,2.2574835446793307,12.01379127308785,0.1733203125,-3.198563807421607,1.993628824920583,9.94915686836162,0.1504296875,1.7787091474704122,2.2024627003081068,-0.006615956224295859,-0.030946739648167156,0.029765575367558528,5.636407339317779,0.0003617822239175439,0.16589030285151876,-3.16975451127243,3.095593958494417,1.3072228366435024,2.1690630851278097,0.1733203125,0.3309037387371063,0.900600016117096,42,42,0.8266797065734863,42,0.0,0,0.0,0.0,0,0,0,0,82,625,ref,1.7308412790298462,0.0,R,none,1
-3.3977533806087137,2.294093869406544,11.102224609203363,0.15576171875,-3.234646031910884,1.9904329443898388,9.36265854617457,0.14495849609375,1.75278195782532,2.2220526831825596,-0.013011334895477874,-0.031224920645308477,0.029014136605476474,5.667437133016314,0.0008829493960365653,0.1661876363929456,-3.1977295967461368,3.0202879105512945,1.3087102585401995,2.1752393667421,0.15576171875,0.3115989565849304,0.9036999940872192,43,43,0.84423828125,43,0.0,0,0.0,0.0,0,0,0,0,83,625,ref,1.7606539726257324,0.0,R,none,1
-3.207103063931738,2.297912137042016,11.619948035155874,0.17119140625,-3.251798745229425,1.999871853038106,9.319511323298844,0.14068115234375,1.7514101232538877,2.2574117801326024,-0.009334474812422706,-0.031418345026169525,0.028779879025272886,5.7060206677343785,0.0022177614574320614,0.16545338451539193,-3.216208755018879,2.992434915350974,1.271075685400593,2.1844952424045636,0.17119140625,0.3805539608001709,0.8967999815940857,41,41,0.828808605670929,41,0.0,0,0.0,0.0,0,0,0,0,84,625,ref,1.5553468465805054,0.0,R,none,1
-3.238548234354243,2.3078689755638235,12.172953665348603,0.17908203125,-3.1826951150673466,2.00457783734852,9.731290112704336,0.14968505859375,1.7451412397776245,2.2808795510087667,-0.00768848479752079,-0.030787273424852303,0.029343478548439696,5.7335377186865495,0.002067906295415014,0.1643448830234217,-3.1517130162203357,3.0500389887955515,1.325252433568167,2.190669520675937,0.17908203125,0.31638655066490173,0.9002000093460083,39,39,0.8209179639816284,39,0.0,0,0.0,0.0,0,0,0,0,85,625,ref,1.5996456146240234,0.0,R,none,1
-3.1713227723285247,2.2846958349834563,11.658902775161557,0.1753515625,-3.187895944299673,2.021412615805322,10.233533688221966,0.15685546875,1.7887694337724047,2.3045313286126166,-0.007191799048107905,-0.03086110156728911,0.030028493093362894,5.760948243869088,0.00258835660177283,0.16663957259569118,-3.158755359278266,3.124977775258375,1.3445594836159271,2.1992183394923863,0.1753515625,0.34242668747901917,0.8959000110626221,39,39,0.8246484398841858,39,0.0,0,0.0,0.0,0,0,0,0,86,625,ref,1.8952257633209229,0.0,R,none,1
-3.1281660944448277,2.329942118440458,12.928567473623296,0.1830859375,-3.237486552057229,2.0324467510614657,10.20761294130703,0.15118896484375,1.8157560710726506,2.332059550224374,-0.016975825396718654,-0.03137335123235383,0.029963366825622867,5.792140676251385,0.0032563655637204646,0.16768071678379604,-3.2105610851272126,3.1170535409208067,1.3327354233788458,2.2088025292620497,0.1830859375,0.34653425216674805,0.9023000001907349,43,43,0.8169140815734863,43,0.0,0,0.0,0.0,0,0,0,0,87,625,ref,1.6713703870773315,0.0,R,none,1
-3.1335985563022315,2.3126961058593674,12.846570334831497,0.17978515625,-3.193835324143807,2.0313375641065647,10.02831041882959,0.1519140625,1.7768188643122995,2.372812522200622,-0.02329908716253018,-0.030998120200759916,0.029679073023793006,5.82893984925449,0.0030346925207413735,0.1684007959872429,-3.1723449123549288,3.0902927816261623,1.3161068490480785,2.218152242217307,0.17978515625,0.30314016342163086,0.9053999781608582,39,39,0.8202148675918579,39,0.0,0,0.0,0.0,0,0,0,0,88,625,ref,1.6913981437683105,0.0,R,none,1
-3.1131020130670413,2.373697789929634,13.780563994335553,0.18935546875,-3.167091665310663,2.0355583799671213,10.116942273600587,0.15141113281250002,1.7768812353122838,2.392250708788327,-0.02563402584623979,-0.03073510905329511,0.0299524381744567,5.860386612484221,0.006198855765396729,0.16764787472927697,-3.1422384626714273,3.113906392477072,1.3558099431985182,2.2257821067970993,0.18935546875,0.3251175880432129,0.897599995136261,43,43,0.8106445074081421,43,0.0,0,0.0,0.0,0,0,0,0,89,625,ref,1.732320785522461,0.0,R,none,1
-3.209669782809505,2.3593985801457515,13.805646766338349,0.1886328125,-3.14419266029157,2.0412281603335964,10.345935640523857,0.152705078125,1.7846272893471717,2.4152938513267816,-0.0333087381350756,-0.030529411682192288,0.030294876491798895,5.886196073537597,0.006576928880240303,0.1693903726202891,-3.1207892009572036,3.149643263151534,1.3232247789387381,2.2285502134999002,0.1886328125,0.32572418451309204,0.9042999744415283,44,44,0.8113672137260437,44,0.0,0,0.0,0.0,0,0,0,0,90,625,ref,1.7797179222106934,0.0,R,none,1
-3.0837080506583145,2.3460259379565205,12.738652545276699,0.18880859375,-3.2024525806550552,2.0539841446997884,10.090201196625179,0.1567138671875,1.798037987327216,2.453402168389425,-0.03258928903852092,-0.031070153908702124,0.029972832402259567,5.932305970266425,0.007727770050987601,0.16749092796517648,-3.175030810245833,3.114295897413751,1.3195693050717754,2.2380706761724247,0.18880859375,0.3110380172729492,0.9032999873161316,35,35,0.8111913800239563,35,0.0,0,0.0,0.0,0,0,0,0,91,625,ref,1.8275425434112549,0.0,R,none,1
-3.416174412538391,2.3690620366509134,12.483561533446643,0.170390625,-3.221292023663807,2.0703353899197254,10.465136052116279,0.15996826171874995,1.82947337525771,2.4753064154546713,-0.01849116395832126,-0.031277092492915194,0.030299380165753422,5.963209736446352,0.008017844070418506,0.16898354427294743,-3.1959390719808374,3.148415448736063,1.317467689071071,2.2477560897168125,0.170390625,0.3138650059700012,0.9014000296592712,42,42,0.8296093940734863,42,0.0,0,0.0,0.0,0,0,0,0,92,625,ref,1.6833055019378662,0.0,R,none,1
-3.125979596841717,2.3759567502760146,12.764131799029279,0.18326171875,-3.222369524518889,2.0783008408843777,10.727669438700342,0.16137451171875,1.8495240667000559,2.4917287583304732,-0.021918439809817745,-0.03129180893817869,0.030625395404637098,5.989456473605895,0.007697311344090849,0.1685343836448157,-3.1977671251581903,3.1793098152309995,1.4045708339350398,2.2548893600363575,0.18326171875,0.3695189952850342,0.8937000036239624,36,36,0.8167383074760437,36,0.0,0,0.0,0.0,0,0,0,0,93,625,ref,1.7196495532989502,0.0,R,none,1
-3.23471484821757,2.3663951942894053,12.545673830454716,0.178984375,-3.2357066007508446,2.0814800385822188,10.473475532267933,0.1564892578125,1.8468695436628628,2.5211536642970827,-0.03546405694371188,-0.03147301120737163,0.03039391741711439,6.022450836834759,0.009190505114383995,0.1673082698529982,-3.214835895346548,3.153258097099628,1.4148909713426692,2.2658946185819566,0.178984375,0.3359129726886749,0.8942000269889832,36,36,0.8210155963897705,36,0.0,0,0.0,0.0,0,0,0,0,94,625,ref,1.5948423147201538,0.0,R,none,1
-3.3172331680398552,2.404549861270634,13.041394927812787,0.18111328125,-3.255515291931796,2.085168227812259,10.129481872587498,0.1555517578125,1.8426746741875666,2.552715303422241,-0.047463439332090046,-0.03175350906524425,0.030028439738567884,6.054129806106467,0.009934807526278747,0.16934405925712243,-3.242825179724158,3.118070004919829,1.4148910334258709,2.2754836626203967,0.18111328125,0.33301031589508057,0.8967000246047974,44,44,0.8188866972923279,44,0.0,0,0.0,0.0,0,0,0,0,95,625,ref,1.7355560064315796,0.0,R,none,1
-3.177776998979214,2.416085858625098,14.099054247117031,0.18822265625,-3.2898845559113035,2.102145940085217,10.381895714101114,0.153251953125,1.880304526053626,2.585278956703338,-0.04656592934020448,-0.032046745946956175,0.030364505211881613,6.0832982188242894,0.009712273171171546,0.17017419285213575,-3.273086258595992,3.1578471089759184,1.4148910334258709,2.2807507507599714,0.18822265625,0.33270713686943054,0.8942999839782715,42,42,0.8117773532867432,42,0.0,0,0.0,0.0,0,0,0,0,96,625,ref,1.7017929553985596,0.0,R,none,1
-3.0705346855999154,2.414085044471365,12.79730795146961,0.187890625,-3.2970243139165065,2.1199099476505956,10.730967746071208,0.157470703125,1.9213249197303108,2.6217485433276333,-0.049055276909995345,-0.032157574830787336,0.030941985431258253,6.1192380221034295,0.00916742931935005,0.1684121659972098,-3.2849841707974217,3.2190226877364108,1.4538936257092727,2.2863281080926563,0.187890625,0.3509308695793152,0.9034000039100647,37,37,0.8121093511581421,37,0.0,0,0.0,0.0,0,0,0,0,97,625,ref,1.7091203927993774,0.0,R,none,1
-3.6245359279726337,2.441396749668285,13.771242182591264,0.1532421875,-3.373213031691056,2.142989210013478,10.99130161846528,0.1545068359375,1.9971754546010885,2.6420932751972903,-0.04686597556418868,-0.03294695380213497,0.03137890812786656,6.140983787973621,0.007988914789166301,0.17010423000053787,-3.3670249398740464,3.2677065791831734,1.4539003943607902,2.2915041948766737,0.1532421875,0.32270702719688416,0.8917999863624573,43,43,0.8467578291893005,43,0.0,0,0.0,0.0,0,0,0,0,98,625,ref,1.8907095193862915,0.0,R,none,1
-3.4415991931354024,2.425737149139701,14.01833676171089,0.178515625,-3.389690893351963,2.160188521824094,11.586503303502871,0.152880859375,2.060573227508986,2.6576957524433884,-0.05185453013181187,-0.03305170187743966,0.03230226783117037,6.163746910302823,0.007525743085425347,0.17459221547826723,-3.378218275207656,3.369789693248386,1.4797843118806275,2.2955445286567366,0.178515625,0.335514634847641,0.8989999890327454,44,44,0.821484386920929,44,0.0,0,0.0,0.0,0,0,0,0,99,625,ref,1.9228349924087524,0.0,R,none,1
-3.5725093570019912,2.4661765640612834,13.72524195003047,0.16431640625,-3.495145663817766,2.1725374260837587,11.234020963809506,0.14635742187499998,2.0847781833029506,2.6814539964803834,-0.04631331204869106,-0.03402883172987163,0.03166984911547461,6.192598231414527,0.005084812003187836,0.17352784046762132,-3.4807542502678053,3.3044219513563644,1.4997506389003803,2.302128206034881,0.16431640625,0.3334501087665558,0.8971999883651733,41,41,0.8356835842132568,41,0.0,0,0.0,0.0,0,0,0,0,100,625,ref,2.1215603351593018,0.0,R,none,1
-3.5532852726495037,2.468714929017722,13.901607410675323,0.15962890625,-3.5086085090032584,2.1758689505183773,11.05743924372543,0.14301025390625,2.0847587981513738,2.7025571334520437,-0.05291024177347296,-0.034269426108967285,0.031409028522315495,6.221305703786609,0.005314935327041894,0.17413646334104912,-3.5051700886822807,3.276160394107241,1.4997694547548548,2.307874934622907,0.15962890625,0.34959274530410767,0.8992999792098999,41,41,0.8403710722923279,41,0.0,0,0.0,0.0,0,0,0,0,101,625,ref,1.8623918294906616,0.0,R,none,1
-3.6174468223673024,2.5147448825862453,14.577518150678813,0.1630859375,-3.5414860631690335,2.2049708713678915,12.086269592328245,0.14805175781250002,2.1758392254586867,2.723653826473841,-0.03759650835165073,-0.03445001993639821,0.03268829461710698,6.247814621346368,0.0049457171745598315,0.17424766763407373,-3.524038943350673,3.410184846834739,1.4141184384618715,2.315718774666916,0.1630859375,0.322308212518692,0.9013000130653381,42,42,0.8369140625,42,0.0,0,0.0,0.0,0,0,0,0,102,625,ref,1.58838951587677,0.0,R,none,1
-3.715924069686122,2.5232537640034267,15.477180465786557,0.16779296875,-3.5696000765235856,2.213037651953142,12.25581319260099,0.14508544921875,2.208602914191439,2.733633316390022,-0.04470058161918532,-0.03468187799008114,0.03296143886405061,6.270417227665226,0.00376750358263962,0.17265120760717265,-3.5489681886220223,3.435796246565887,1.4125240072696794,2.322307733459344,0.16779296875,0.3493536710739136,0.8948000073432922,41,41,0.8322070240974426,41,0.0,0,0.0,0.0,0,0,0,0,103,625,ref,1.5922303199768066,0.0,R,none,1
-3.578087862349982,2.567109140711258,15.34729294616764,0.17126953125,-3.579641718210985,2.215339704456177,12.1290813905851,0.14479492187499998,2.1968368504301394,2.7565759636456106,-0.045682807935770266,-0.03476386414354108,0.03268894236637653,6.297304497754944,0.0047903431137092415,0.1721178759870998,-3.5563438312535096,3.4076590702583305,1.4125240072696794,2.330087909390057,0.17126953125,0.3634602725505829,0.8895999789237976,41,41,0.8287304639816284,41,0.0,0,0.0,0.0,0,0,0,0,104,625,ref,1.7999058961868286,0.0,R,none,1
-3.741591044402451,2.5587432616946812,14.381033433308446,0.15939453125,-3.662212709007182,2.2164911379502765,11.35300952161271,0.13876220703125,2.1837167887028106,2.7797601738811126,-0.05064399797181292,-0.03555365963201997,0.0316137804945727,6.3310715252211,0.0028066646913066508,0.17068603482550965,-3.6392324313258784,3.2968610976960435,1.4056088094039003,2.3399060251393404,0.15939453125,0.37797656655311584,0.8885999917984009,44,44,0.8406054973602295,44,0.0,0,0.0,0.0,0,0,0,0,105,625,ref,1.8644686937332153,0.0,R,none,1
-3.6152048312782408,2.553238193201463,14.970532115639166,0.16806640625,-3.6832544757552954,2.225428748911711,11.27392880918087,0.1340283203125,2.1950442105619237,2.804877103148621,-0.047388197227803755,-0.0358256279687606,0.03149221259371288,6.361538326213988,0.003136368002742529,0.16900967826786523,-3.6667625693230446,3.2810843389237676,1.3329408688273725,2.347457765380499,0.16806640625,0.3282492458820343,0.8974999785423279,46,46,0.8319336175918579,46,0.0,0,0.0,0.0,0,0,0,0,106,625,ref,1.6156271696090698,0.0,R,none,1
-3.8779387022142395,2.503788794657647,15.166490946380666,0.15232421875,-3.6987911348932663,2.238077214574302,11.506321356416988,0.13670166015625,2.224224908190531,2.8216587232117702,-0.03689401300563582,-0.03590070017184086,0.03188450324990772,6.38369527880198,0.0049298058985732494,0.16816481237292275,-3.672659363641627,3.320782871553118,1.3283513838236258,2.3551094068769283,0.15232421875,0.4380011260509491,0.8855999708175659,44,44,0.8476758003234863,44,0.0,0,0.0,0.0,0,0,0,0,107,625,ref,1.6888455152511597,0.0,R,none,1
-3.774492721563587,2.558612450915273,14.440878047750557,0.15380859375,-3.7255350663945994,2.250721053098023,11.574825137340401,0.13547119140625,2.2490377028968958,2.8474491182985755,-0.030741562336797874,-0.036130298361743876,0.032028153761640026,6.411601775102017,0.0050214510574005545,0.16700626661637588,-3.6960872546615304,3.332720233203988,1.325916975300803,2.3635910007534746,0.15380859375,0.3476565182209015,0.8973000049591064,45,45,0.84619140625,45,0.0,0,0.0,0.0,0,0,0,0,108,625,ref,1.8620535135269165,0.0,R,none,1
-3.701705765613466,2.5460160150731,15.981875078062128,0.157109375,-3.811681846524731,2.283933691038865,12.407682601174821,0.13488037109375,2.3708056902917867,2.8652220012332315,-0.019674586462605365,-0.03686825610580071,0.03313833556405483,6.4378947993655515,0.0032680120540317147,0.16931618639792909,-3.773435470204951,3.449919204371833,1.3259168643206278,2.367309044988921,0.157109375,0.35846903920173645,0.8973000049591064,38,38,0.8428906202316284,38,0.0,0,0.0,0.0,0,0,0,0,109,625,ref,1.8555107116699219,0.0,R,none,1
-3.628177840200105,2.573835148363888,16.125718517308847,0.18248046875,-3.7246109949520907,2.273040560339688,12.090681022821219,0.13830078124999998,2.2872463237739513,2.904127350393521,-0.024660285218111377,-0.03598274896101722,0.03280316074338176,6.48460546967239,0.005164521485567093,0.16947308116000767,-3.6808295464829253,3.4143616275992916,1.3259168643206278,2.381368789591576,0.18248046875,0.35141754150390625,0.8977000117301941,44,44,0.8175195455551147,44,0.0,0,0.0,0.0,0,0,0,0,110,625,ref,2.091684341430664,0.0,R,none,1
-3.6358425067449214,2.558494072292734,15.1663288903792,0.1721484375,-3.700520394348778,2.2847549958319417,12.512611925190681,0.14160888671875,2.301207981427694,2.938757665157944,-0.019860255606623505,-0.03577370518936388,0.03324935050633922,6.516654990522195,0.007343667317181826,0.16920031373713787,-3.657236414101957,3.45774098966564,1.3259168643206278,2.389270052176592,0.1721484375,0.37100347876548767,0.8910999894142151,40,40,0.8278515338897705,40,0.0,0,0.0,0.0,0,0,0,0,111,625,ref,1.702712059020996,0.0,R,none,1
-3.6727453131897176,2.610948102860738,17.85535613123458,0.17716796875,-3.704566680548469,2.2998877226391348,12.893185196164392,0.147236328125,2.3406031933338856,2.9684552151652066,-0.019574871752866915,-0.03585832646452368,0.03376821197635527,6.553380665616427,0.008083887478569522,0.16695367949483544,-3.665164612204023,3.5070564637640427,1.3259168643206278,2.3981402026313563,0.17716796875,0.3238292932510376,0.900600016117096,44,44,0.8228320479393005,44,0.0,0,0.0,0.0,0,0,0,0,112,625,ref,1.9841699600219727,0.0,R,none,1
-3.4447597219215442,2.544044645001707,15.82641341669317,0.17814453125,-3.6534044659925917,2.30538068024001,13.043007723942242,0.14340820312499997,2.3194118724075063,3.0008465279364858,-0.005478319520102637,-0.03535256594264,0.033975613333231604,6.588664486530377,0.011216982182813808,0.16619476842802045,-3.610222516317142,3.5238444960845317,1.3133269476892035,2.4059507888586733,0.17814453125,0.37215155363082886,0.8956000208854675,38,38,0.8218554854393005,38,0.0,0,0.0,0.0,0,0,0,0,113,625,ref,1.6940068006515503,0.0,R,none,1
-3.4167433772656346,2.602984275406881,17.829448361790174,0.19140625,-3.634279899967747,2.3232057652734848,14.094467516063533,0.14784423828125,2.3808210311860942,3.0170783303441624,-0.0006143337302992858,-0.03515564644786043,0.035098138743800765,6.617440480487215,0.011232405026094057,0.1674846103395012,-3.590035091317739,3.6467679795232213,1.3133269476892035,2.4101720859368307,0.19140625,0.36940300464630127,0.8964999914169312,44,44,0.80859375,44,0.0,0,0.0,0.0,0,0,0,0,114,625,ref,1.8504493236541748,0.0,R,none,1
-3.6875907526608422,2.5723506805049365,18.275855369582906,0.177109375,-3.674484942434916,2.332565255808306,14.125435364657086,0.14633544921875,2.4146783380446415,3.0400907688977568,-0.013908434338330439,-0.03559831396206066,0.03515185725894673,6.644844421455426,0.012200358585687354,0.16427016046164894,-3.6344130292905605,3.6451000418252653,1.3303849973698947,2.415256303244939,0.177109375,0.3693269193172455,0.8935999870300293,46,46,0.8228906393051147,46,0.0,0,0.0,0.0,0,0,0,0,115,625,ref,1.6871596574783325,0.0,R,none,1
-3.4599923351610613,2.6086544952456148,17.753850449321238,0.19623046875,-3.598763916081872,2.3262693311303466,14.206838982552952,0.158544921875,2.3721870900349553,3.0541400669799863,-0.014798156057311895,-0.03488002090689119,0.035245334439626096,6.674923411219538,0.014488026766921394,0.16449559346741763,-3.5585449922696357,3.6555605733534406,1.3490873595978936,2.423941790392044,0.19623046875,0.37421971559524536,0.8871999979019165,38,38,0.8037695288658142,38,0.0,0,0.0,0.0,0,0,0,0,116,625,ref,1.673658013343811,0.0,R,none,1
-3.520989519139419,2.5951766799218094,16.531275333080178,0.176640625,-3.635002016168775,2.3448647094339887,14.760506448669018,0.16424560546875,2.4423454462535705,3.0722725001079767,-0.016227440812605173,-0.03525706629915814,0.03589582376379871,6.699775702422805,0.01319399027619511,0.16508806612628976,-3.5984627337128803,3.72151148436037,1.3490873595978936,2.4254422238232167,0.176640625,0.36022353172302246,0.8968999981880188,40,40,0.8233593702316284,40,0.0,0,0.0,0.0,0,0,0,0,117,625,ref,1.7455317974090576,0.0,R,none,1
-3.6005530091993303,2.6440615343258416,19.248752021608855,0.19111328125,-3.6798074472958007,2.357762129534955,14.75363028927303,0.15869140625,2.471139160937379,3.1032034614968307,-0.015300362965003327,-0.03569269938846936,0.03588102178751152,6.722571652160591,0.012359441570006312,0.16468800614440152,-3.64392258285822,3.719162950749606,1.3490873595978936,2.431149658316124,0.19111328125,0.3567862808704376,0.8925999999046326,44,44,0.808886706829071,44,0.0,0,0.0,0.0,0,0,0,0,118,625,ref,1.5947325229644775,0.0,R,none,1
-3.531563617163596,2.6268729026140085,16.138798937658517,0.17693359375,-3.6522363904887074,2.3589314664166365,14.748905240298896,0.15578857421875,2.4482907779662617,3.1286564673734314,-0.012389582089149411,-0.03548285752749024,0.03575891832876566,6.753089817202066,0.014163230475969613,0.1646502063906592,-3.620623052878708,3.7070933258794017,1.2830950421266945,2.440149967764,0.17693359375,0.37654000520706177,0.9002000093460083,39,39,0.8230664134025574,39,0.0,0,0.0,0.0,0,0,0,0,119,625,ref,1.882944941520691,0.0,R,none,1
-3.527634320392535,2.6488917767894615,19.798833122434157,0.20009765625,-3.5372018321874648,2.3622557387748855,15.526676758751618,0.1679150390625,2.43797157143028,3.1536566329205766,-0.011376028975977257,-0.03448854957589642,0.036572902149449166,6.784638029812836,0.01487905437592417,0.16226520557310925,-3.5180524981109342,3.786102845343773,1.2830950421266945,2.449080794187795,0.20009765625,0.30346226692199707,0.906499981880188,37,37,0.7999023199081421,37,0.0,0,0.0,0.0,0,0,0,0,120,625,ref,1.804415225982666,0.0,R,none,1
-3.5423198626951216,2.691007516807392,18.25611911030719,0.1806640625,-3.572530007142118,2.3801114853375696,15.923606879418328,0.16909423828125,2.4914545383343123,3.1761663745612543,-0.0026902302597557517,-0.03477370561551711,0.03705756959968077,6.811244000060603,0.012875891660787602,0.16740311569607916,-3.549266421561054,3.8454478946739252,1.2607305662955266,2.4529981211539162,0.1806640625,0.3420962989330292,0.8935999870300293,43,43,0.8193359375,43,0.0,0,0.0,0.0,0,0,0,0,121,625,ref,1.6701788902282715,0.0,R,none,1
-3.681707483754552,2.7104663370745956,20.91137625574067,0.1933203125,-3.6478142641621507,2.408894021068954,16.707901370187347,0.1696875,2.6100468194383137,3.2011230071705414,-0.0083994218671039,-0.03551215223873936,0.03800376147197671,6.844127732099787,0.010461587556637824,0.16691465111320286,-3.627325581917221,3.943722238191301,1.2607305662955266,2.463905245154466,0.1933203125,0.37259021401405334,0.8921999931335449,42,42,0.8066796660423279,42,0.0,0,0.0,0.0,0,0,0,0,122,625,ref,1.7738372087478638,0.0,R,none,1
-3.7784425336499,2.7446955052785578,19.260270598278552,0.17845703125,-3.6629653621902247,2.4158462286083595,16.57369427463526,0.16921142578125,2.6075826177754755,3.229029313603742,-0.0002989310979846968,-0.035671789722825836,0.037820206702848594,6.873974170945515,0.010043537374585867,0.16681749120088937,-3.6440965466585715,3.9193039492942594,1.2607305662955266,2.472087018220701,0.17845703125,0.3240799605846405,0.8956999778747559,38,38,0.8215429782867432,38,0.0,0,0.0,0.0,0,0,0,0,123,625,ref,1.7362266778945923,0.0,R,none,1
-3.9978642282610495,2.6984560100947554,20.337103419491285,0.1574609375,-3.763057071366597,2.4445207924020598,17.250038124521605,0.16265624999999997,2.722397833466636,3.244019747878626,0.009264323140731301,-0.036625336467597136,0.03847647423720836,6.892762610768844,0.008793493271805347,0.168456914719857,-3.7430258327938453,3.9902427783251913,1.2116405894518198,2.4736161727725205,0.1574609375,0.36756274104118347,0.8873999714851379,46,46,0.8425390720367432,46,0.0,0,0.0,0.0,0,0,0,0,124,625,ref,1.755696415901184,0.0,R,none,1
-3.6198927750479983,2.7410995048216416,19.902228730108444,0.18607421875,-3.782192521879651,2.4569019023853493,17.33222368736096,0.15968505859375,2.735347725482778,3.2853800540609313,0.01563917840103689,-0.0367176806643847,0.0385627962430875,6.931889896179869,0.009131681653670967,0.16937791504972718,-3.7521471818680823,4.000222218314339,1.2118994084218215,2.4803508134365866,0.18607421875,0.3500205874443054,0.8999000191688538,36,36,0.8139258027076721,36,0.0,0,0.0,0.0,0,0,0,0,125,625,ref,1.9788261651992798,0.0,R,none,1
-3.8468119634471587,2.744749915309177,21.05729184107804,0.175546875,-3.7871376726060735,2.456545522588356,17.041230137117044,0.15509033203125003,2.7088786142191914,3.3055499595242144,0.02018733080549169,-0.03668180429292466,0.03823985437022089,6.958071120591308,0.010704347039572895,0.16871475054284474,-3.746899419492643,3.9655104348014727,1.2118994084218215,2.4826757221228024,0.175546875,0.33186599612236023,0.8924999833106995,39,39,0.8244531154632568,39,0.0,0,0.0,0.0,0,0,0,0,126,625,ref,2.2883827686309814,0.0,R,none,1
-3.8934877362287263,2.77011463368616,21.287954520724416,0.1766796875,-3.7886156024308137,2.466664170057298,17.139209693910015,0.15937744140625,2.721808599628695,3.335544445950967,0.027079082264796515,-0.03669748612098908,0.03839971475620397,6.990221471765973,0.010992357460781931,0.16697863707223576,-3.7482178212241837,3.980495936482878,1.1915978871494382,2.4927410871303435,0.1766796875,0.42077451944351196,0.8866999745368958,41,41,0.8233203291893005,41,0.0,0,0.0,0.0,0,0,0,0,127,625,ref,1.9480165243148804,0.0,R,none,1
-3.6877833713330572,2.74563825336454,20.679838665553223,0.199453125,-3.7348697376472497,2.47008401074884,17.3884679859123,0.16343017578125,2.716334808647232,3.362071714131793,0.02290849737804887,-0.036236414188720305,0.03876199303993624,7.020819761924505,0.010583186242729425,0.16861473914330496,-3.70139579259448,4.020134691127452,1.1915978871494382,2.4985623950672458,0.199453125,0.35209447145462036,0.8988000154495239,37,37,0.8005468845367432,37,0.0,0,0.0,0.0,0,0,0,0,128,625,ref,1.4822932481765747,0.0,R,none,1
-3.713494431170144,2.7400924531469566,18.728584538918437,0.1775,-3.733977477287582,2.4715705453870678,17.246214512933296,0.1557763671875,2.701330386280424,3.3898984193689885,0.017432155175513202,-0.03623997527140453,0.038557508163540984,7.047671677695892,0.010091934525407851,0.16904171147190183,-3.702251833829796,3.998097138181634,1.1915978871494382,2.508471745179379,0.1775,0.3875500559806824,0.8973000049591064,34,34,0.8224999904632568,34,0.0,0,0.0,0.0,0,0,0,0,129,625,ref,1.66275155544281,0.0,R,none,1
-3.7398013262693404,2.730540193912302,20.280735672534526,0.1857421875,-3.7153134154793235,2.474605796537072,17.258865294651983,0.15735595703125002,2.678288317288543,3.4236316149941346,0.02175391597219562,-0.03607576384015507,0.03840146675739579,7.077638204926437,0.009706094026623759,0.170190835789118,-3.6858162146303806,3.9866219405140626,1.208439811984329,2.521008692212676,0.1857421875,0.3280959129333496,0.8901000022888184,39,39,0.814257800579071,39,0.0,0,0.0,0.0,0,0,0,0,130,625,ref,1.723416805267334,0.0,R,none,1
-3.6050980366391205,2.8177474767749,19.93785239194178,0.18416015625,-3.6532619134717725,2.4792917420581957,17.57234537284489,0.16522216796875,2.682681651168264,3.4496159954711128,0.014589895598583747,-0.03560150348045771,0.0389001307179256,7.110685813323398,0.01201148251304403,0.17093261179490574,-3.6349286326486565,4.037503685324519,1.274906273235663,2.530027914001288,0.18416015625,0.3173922300338745,0.8952000141143799,31,31,0.8158398270606995,31,0.0,0,0.0,0.0,0,0,0,0,131,625,ref,1.9609742164611816,0.0,R,none,1
-3.489611326585019,2.7804441335265757,19.463553913727573,0.18767578125,-3.621803002435281,2.476313931920497,17.390935723667063,0.16064208984374997,2.626574248011979,3.484973408817363,0.020583032594207847,-0.03523807408224762,0.03848127073742605,7.143979625829278,0.01396723257144913,0.16992845503602552,-3.595743970275103,3.995065625334242,1.3607397530455327,2.534981920826911,0.18767578125,0.3338673412799835,0.9002000093460083,35,35,0.8123242259025574,35,0.0,0,0.0,0.0,0,0,0,0,132,625,ref,1.7735837697982788,0.0,R,none,1
-3.3442601782255514,2.8168838362322486,21.154378075916235,0.20029296875,-3.5170635721638286,2.4717956807087336,17.459538194952245,0.16993896484374998,2.5556112625471403,3.522423479150309,0.031739145472902,-0.034126847407929886,0.038527041082799494,7.1765331245639095,0.015739479803014548,0.17026116303716374,-3.480140094055407,3.9991797558247457,1.4054805143595401,2.5466922974101682,0.20029296875,0.33865129947662354,0.8960999846458435,34,34,0.7997070550918579,34,0.0,0,0.0,0.0,0,0,0,0,133,625,ref,1.7433650493621826,0.0,R,none,1
-3.3520803329884443,2.7264963634379313,21.207501437064387,0.201953125,-3.463776116062029,2.4788383028469614,17.84493431721782,0.1750830078125,2.5617356176931145,3.560569124745625,0.022334589222462835,-0.033668307294877804,0.03900984217851207,7.202274647863145,0.018187268790788948,0.17158170750996396,-3.4307204592404377,4.052497410610388,1.3187905541433818,2.5522552241523018,0.201953125,0.3166668713092804,0.8985000252723694,38,38,0.798046886920929,38,0.0,0,0.0,0.0,0,0,0,0,134,625,ref,1.732422113418579,0.0,R,none,1
-3.699174979273938,2.7980148008676324,19.22193635271869,0.1785546875,-3.522107985257555,2.4842435455142264,17.41702465217675,0.17247802734375,2.564356674746642,3.5904051510977815,0.016704167584669142,-0.03426371203663545,0.038523207961895296,7.231846725182593,0.017636386048980057,0.17197484121674664,-3.492263300893909,4.000479038342774,1.300147942721798,2.5625314200829137,0.1785546875,0.35976898670196533,0.8895999789237976,36,36,0.8214452862739563,36,0.0,0,0.0,0.0,0,0,0,0,135,625,ref,1.7501410245895386,0.0,R,none,1
-3.747360602047416,2.853596514161016,19.794535764239594,0.1834375,-3.6653061689264335,2.5091295764594777,17.243278581679093,0.16635498046875002,2.641939906923318,3.621127611512762,0.03266371302763519,-0.03558347586881017,0.03837021390875972,7.259204916034083,0.01628745818976313,0.17026970179923745,-3.6288059478818555,3.981484944593828,1.3301500922595602,2.5707998617708916,0.1834375,0.3324374854564667,0.8863000273704529,35,35,0.8165624737739563,35,0.0,0,0.0,0.0,0,0,0,0,136,625,ref,1.8584805727005005,0.0,R,none,1
-3.8336923899075868,2.8339882467470257,19.70424064396431,0.1685546875,-3.6852798065967773,2.5262156483570997,17.50637364733939,0.16614501953125005,2.672987930804815,3.6698616389218195,0.03891593227764622,-0.03575258282411517,0.038631492118882685,7.2853432194949,0.015923647126182914,0.1724792976171126,-3.64649270541575,4.013424917261563,1.2353753954433548,2.5746591847985987,0.1685546875,0.3281101584434509,0.8949000239372253,39,39,0.8314453363418579,39,0.0,0,0.0,0.0,0,0,0,0,137,625,ref,1.878974199295044,0.0,R,none,1
-3.880604440625577,2.8187133334080055,20.707328554122764,0.16994140625,-3.6690945808495825,2.522133472216087,17.215214792315127,0.16706787109375001,2.6324884443903347,3.684429141674635,0.04423966560780524,-0.035655115202961586,0.03817555605776304,7.309679225209439,0.01748629058012739,0.17441258958961578,-3.634945692124461,3.967542865574567,1.3802302072317496,2.5823457495187374,0.16994140625,0.39604488015174866,0.8914999961853027,39,39,0.8300585746765137,39,0.0,0,0.0,0.0,0,0,0,0,138,625,ref,2.026400566101074,0.0,R,none,1
-3.8042394016269507,2.7942229736160473,20.9863595594703,0.17880859375,-3.654967378393436,2.5195681666512693,16.848350043909615,0.16244384765625,2.5899624285994274,3.7201160624172744,0.038145255385735675,-0.035524754842811264,0.03771700555987704,7.333449439392574,0.01894618385937065,0.17195735756773736,-3.620131968799245,3.916318858635775,1.4221626963183227,2.5853918487896874,0.17880859375,0.3585509955883026,0.890500009059906,35,35,0.8211914300918579,35,0.0,0,0.0,0.0,0,0,0,0,139,625,ref,1.9016187191009521,0.0,R,none,1
-3.5179507261355627,2.7935078455857907,19.77250594879518,0.19470703125,-3.669425478849537,2.530991861349941,17.14805483814374,0.1657177734375,2.62607353096043,3.7492647597341047,0.030581511525102353,-0.03570012217421181,0.03804618679642669,7.35713236535269,0.01787786986678839,0.1746165312794767,-3.6391645284907366,3.955189937028014,1.434300227980672,2.5922160186234144,0.19470703125,0.4056256115436554,0.8959000110626221,31,31,0.8052929639816284,31,0.0,0,0.0,0.0,0,0,0,0,140,625,ref,1.653683066368103,0.0,R,none,1
-3.374192143017767,2.7776736508948274,19.02322934647984,0.19625,-3.6476780979021184,2.535743611894636,17.281980751572135,0.16746582031249999,2.622495943054389,3.7787902462858085,0.028709475924253627,-0.03549036523549577,0.038193412280765664,7.383451272475129,0.018427530091721565,0.1730915302361643,-3.617127826443063,3.97005525380984,1.5030413592188248,2.5961234697218525,0.19625,0.3991779088973999,0.8884000182151794,30,30,0.8037499785423279,30,0.0,0,0.0,0.0,0,0,0,0,141,625,ref,1.6830642223358154,0.0,R,none,1
-3.745933352362613,2.837450575922666,20.450415741359258,0.18091796875,-3.682010268321177,2.550851467388042,17.51949237911181,0.16771728515624998,2.6616867874406354,3.809130609580724,0.03602581165436383,-0.035826814128474715,0.03841047704512527,7.410772184203254,0.018341120607219638,0.17675650429223153,-3.651679324324188,3.99904258675012,1.4490399268519527,2.602459599202336,0.18091796875,0.3765931725502014,0.8877999782562256,32,32,0.8190820217132568,32,0.0,0,0.0,0.0,0,0,0,0,142,625,ref,1.7394288778305054,0.0,R,none,1
-4.013477034522614,2.8919452122270006,21.42290972065169,0.1678125,-3.734337040648005,2.566649731817025,17.59830893577527,0.16531982421875002,2.712317578830429,3.8369207934992806,0.03845247350669619,-0.03637078707240782,0.0385820123296114,7.433166152654089,0.016366925549518782,0.17755933478323074,-3.709376917464815,4.021074930427013,1.1857064909270836,2.607756864851366,0.1678125,0.38406792283058167,0.892300009727478,36,36,0.8321874737739563,36,0.0,0,0.0,0.0,0,0,0,0,143,625,ref,1.86307954788208,0.0,R,none,1
-3.7357123067717946,2.836431626242913,19.48390830279067,0.1790625,-3.705947272075306,2.5714730522325686,17.86335392105063,0.16747802734375,2.722437030840223,3.8632466175620404,0.026790009956018608,-0.036153750148302626,0.038920448618487556,7.456963664637512,0.0177930351998657,0.17826958829315454,-3.685718020218152,4.058955194532862,1.2613468953150853,2.612962265620945,0.1790625,0.36637082695961,0.8895000219345093,36,36,0.8209375143051147,36,0.0,0,0.0,0.0,0,0,0,0,144,625,ref,1.820229172706604,0.0,R,none,1
-3.5982999787324434,2.8693249282212823,22.323432423503093,0.199296875,-3.676540907792374,2.5707878758201512,17.934946895796774,0.16651611328125,2.703653729582555,3.891683990546645,0.013612582334681968,-0.0358549959156746,0.038946690907136275,7.480471236472404,0.01647727987030521,0.1792754647494095,-3.6564300456759224,4.063750640131799,1.2181921728599718,2.61758967726941,0.199296875,0.3574395179748535,0.8981000185012817,36,36,0.8007031083106995,36,0.0,0,0.0,0.0,0,0,0,0,145,625,ref,1.756667971611023,0.0,R,none,1
-3.682939702872988,2.879336892522838,19.99967139517564,0.17884765625,-3.574267165440858,2.558234607199163,17.69942557533103,0.1679638671875,2.62567439993653,3.9182586275797338,0.0006312779551917758,-0.03492879406374236,0.03875018304346829,7.508294490162825,0.016901831990107894,0.18061739051391212,-3.561127402511372,4.042329019946713,1.2867074614069405,2.6217723183515322,0.17884765625,0.3365655839443207,0.8974999785423279,34,34,0.8211523294448853,34,0.0,0,0.0,0.0,0,0,0,0,146,625,ref,1.647631287574768,0.0,R,none,1
-3.6934926330337645,2.8667152001424387,19.766181892827614,0.1758984375,-3.562740965433179,2.5573097639679863,17.395707809779978,0.16529541015625002,2.592988353633894,3.9421807127428656,0.004664162509236847,-0.034828825909203144,0.038401433189899865,7.53581415293085,0.017491072942502798,0.18268895165675475,-3.5502976425531485,4.0062094398007835,1.2642330474839283,2.6334657432371347,0.1758984375,0.34136903285980225,0.8934000134468079,30,30,0.8241015672683716,30,0.0,0,0.0,0.0,0,0,0,0,147,625,ref,1.840880036354065,0.0,R,none,1
-3.4154881502123016,2.8367617637718396,20.284238599280023,0.19265625,-3.540230587458383,2.547639052664088,16.679772117335034,0.16699951171875,2.512120759258468,3.9687048874633266,0.009639095937375502,-0.03458389626529736,0.03752131926629502,7.573071566304987,0.020160350613296033,0.1828153863248875,-3.5225383081030794,3.9133220168793668,1.2547929847895327,2.641646099469849,0.19265625,0.384885311126709,0.8924000263214111,32,32,0.8073437213897705,32,0.0,0,0.0,0.0,0,0,0,0,148,625,ref,1.901848554611206,0.0,R,none,1
-3.487782508055291,2.800295255068679,21.339167600248437,0.196484375,-3.518877122363679,2.5531251102358277,16.767627394313216,0.16735351562499998,2.5239935640334163,4.0019962950148,-0.0075420305315112455,-0.03449802158522447,0.0377635848048316,7.603655737581378,0.022971852887421845,0.18077519620483168,-3.510929991508839,3.935627049449821,1.228108016823013,2.6539019076329105,0.196484375,0.3486430048942566,0.8988999724388123,30,30,0.803515613079071,30,0.0,0,0.0,0.0,0,0,0,0,149,625,ref,1.7184196710586548,0.0,R,none,1
-3.620981626899064,2.8768819040104483,19.39097806799672,0.17908203125,-3.5511912562990666,2.5706934047378076,17.240109156023394,0.170078125,2.579537212878588,4.028035352545772,0.0008920157381011307,-0.03481361110161343,0.03823332473443536,7.634552940374892,0.023524300747085364,0.18154224912652567,-3.542705843151333,3.988285997783812,1.2572822844315041,2.6639575702508256,0.17908203125,0.3927578032016754,0.8984000086784363,32,32,0.8209179639816284,32,0.0,0,0.0,0.0,0,0,0,0,150,625,ref,1.8171062469482422,0.0,R,none,1
-3.567141874260392,2.880753988422643,21.516573096503038,0.188125,-3.509233908916019,2.575191617615073,17.26084056775439,0.16730468750000002,2.5473757194166624,4.071664060950281,0.012572087067992708,-0.03436947848191615,0.03819917731878486,7.66223228084872,0.022628607300575823,0.18017341069895726,-3.4981055628641786,3.9854349726419627,1.249838285793281,2.6757958266309334,0.188125,0.337740957736969,0.8949000239372253,28,28,0.8118749856948853,28,0.0,0,0.0,0.0,0,0,0,0,151,625,ref,1.7596721649169922,0.0,R,none,1
-3.4171696755306074,2.910387435789278,20.499616315731295,0.19759765625,-3.4831336749987214,2.5763340122947285,17.13403964995138,0.16715820312500002,2.511341211303961,4.09500490385547,0.031150827747223074,-0.034066280063251325,0.03798125611519945,7.692228009972111,0.02362593586440198,0.18289914395925946,-3.466049251735493,3.965714884196567,1.2330503878746946,2.6847411887684967,0.19759765625,0.3675425946712494,0.8942999839782715,24,24,0.8024023175239563,24,0.0,0,0.0,0.0,0,0,0,0,152,625,ref,1.8264967203140259,0.0,R,none,1
-3.6854924186123763,2.87303378354975,22.651931302794583,0.17708984375,-3.521817725727443,2.590989125328583,17.378783039309795,0.1633544921875,2.5512010795708364,4.12934262393718,0.03268094406295878,-0.0344632298162611,0.03816659665756617,7.719460402108362,0.02302171879215166,0.18352879110221987,-3.5073161329210585,3.9853747758018594,1.2330503878746946,2.6937740937924035,0.17708984375,0.3729155957698822,0.892799973487854,32,32,0.8229101300239563,32,0.0,0,0.0,0.0,0,0,0,0,153,625,ref,1.8464651107788086,0.0,R,none,1
-3.6419310266565703,2.9002052357841417,20.546626748245348,0.17591796875,-3.509432383339997,2.5916507273854568,17.145090511771365,0.16263671875000002,2.521772532149619,4.161962024490387,0.032918936117559666,-0.03438263780348552,0.03783825942263308,7.746258610906482,0.022949781301431358,0.1820649061763809,-3.499132400970341,3.951656636273351,1.2182918889762675,2.700568830055246,0.17591796875,0.32749056816101074,0.8970000147819519,30,30,0.8240820169448853,30,0.0,0,0.0,0.0,0,0,0,0,154,625,ref,1.8523746728897095,0.0,R,none,1
-3.550211010216133,2.880401067042234,21.078518320365074,0.19001953125,-3.5315558425379163,2.6136323641252406,18.261811115068,0.1675732421875,2.632708122682813,4.17040952466154,0.02795648745853982,-0.03453950196494475,0.03919069823568091,7.764869245445314,0.02182294775149785,0.18507059206940496,-3.5163280559780774,4.091685857337605,1.193751713774052,2.705961408590893,0.19001953125,0.3442673981189728,0.9031999707221985,35,35,0.8099804520606995,35,0.0,0,0.0,0.0,0,0,0,0,155,625,ref,1.7420916557312012,0.0,R,none,1
-3.7528110006040505,2.9585580129417455,20.84598209389404,0.18423828125,-3.6000607209321163,2.6302281973971993,18.46821004531617,0.17405517578125002,2.692768569074821,4.186024463720663,0.039307337587836624,-0.035208835747288635,0.03938883757336912,7.789188685525802,0.02139849678846076,0.18747948984852023,-3.585317595002711,4.114944220983515,1.193751713914569,2.7153018829234914,0.18423828125,0.40721839666366577,0.8921999931335449,24,24,0.8157617449760437,24,0.0,0,0.0,0.0,0,0,0,0,156,625,ref,2.0794312953948975,0.0,R,none,1
-3.7837814884507885,2.879170624657067,22.32311241906556,0.188125,-3.684837519174633,2.645201273109173,18.546645332760725,0.17068115234375,2.756702983079224,4.204361816861678,0.03602497531748696,-0.0361118878940154,0.039412489171875814,7.812158082390513,0.02111843158490956,0.1878717755844187,-3.6781043461047536,4.119699342791543,1.193751713914569,2.7225820601369657,0.188125,0.3362564444541931,0.8913000226020813,35,35,0.8118749856948853,35,0.0,0,0.0,0.0,0,0,0,0,157,625,ref,1.8592134714126587,0.0,R,none,1
-3.834303929444999,2.9604999329127466,22.355415172233748,0.187734375,-3.675853763964816,2.6540115031171583,18.994369076678193,0.17421142578125,2.7951637028636447,4.225305878784205,0.023307477030346434,-0.03609165416467639,0.039933332478873006,7.837225038905294,0.02302211296511814,0.1888974537486601,-3.6741279657654617,4.172180505884893,1.193751713914569,2.7298781899040176,0.187734375,0.3360133767127991,0.8913000226020813,33,33,0.8122656345367432,33,0.0,0,0.0,0.0,0,0,0,0,158,625,ref,1.843661904335022,0.0,R,none,1
-3.8232535063382134,2.9199475957762187,21.483291040779914,0.1785546875,-3.7228653073009093,2.6678732577347772,19.16113774974223,0.1758447265625,2.83415444614399,4.251909782085937,0.03148349110644604,-0.036493630460256554,0.04007379017434018,7.860953071439355,0.021896590231917798,0.1896212138514513,-3.7164310606340663,4.190822229364306,1.193751713914569,2.734047583588824,0.1785546875,0.3164704740047455,0.8982999920845032,33,33,0.8214452862739563,33,0.0,0,0.0,0.0,0,0,0,0,159,625,ref,1.650058627128601,0.0,R,none,1
-3.834589649871351,3.0227336393291457,24.270623937945917,0.18498046875,-3.7457892912914303,2.668317536378794,18.836736327541054,0.16894287109375,2.8277857382053977,4.277312667968363,0.014820068772834497,-0.03670023014573057,0.03980182729983193,7.885435832013519,0.021506160642020405,0.1901939233609269,-3.7379851099331303,4.162820852238064,1.193751713914569,2.741260337892678,0.18498046875,0.3296119272708893,0.8899000287055969,32,32,0.8150195479393005,32,0.0,0,0.0,0.0,0,0,0,0,160,625,ref,1.8493778705596924,0.0,R,none,1
-3.5261210609500666,3.0418189433764966,25.12849814402271,0.197421875,-3.69982400357047,2.6744608082965087,19.063259195369003,0.16777099609374999,2.8255086707331976,4.3115845132841955,0.015647431096621933,-0.036288942278277926,0.04014778652197246,7.912845142680942,0.021658864212222396,0.1935821228870646,-3.695700977180009,4.202636944939736,1.193751713914569,2.7507723517655736,0.197421875,0.40450185537338257,0.8884000182151794,29,29,0.8025781512260437,29,0.0,0,0.0,0.0,0,0,0,0,161,625,ref,1.7797436714172363,0.0,R,none,1
-3.8457905039294245,2.929420161431458,22.51855330414352,0.19005859375,-3.7910426578273966,2.696883898996649,19.61666877728204,0.16859619140624998,2.928877464061978,4.334941943870353,0.009363356735035085,-0.03715310193106139,0.040688133949338325,7.932426322734643,0.019564468327444046,0.1981211437149347,-3.786317996986278,4.263369208148959,1.193751713914569,2.75498588260063,0.19005859375,0.37057164311408997,0.8984000086784363,35,35,0.8099414110183716,35,0.0,0,0.0,0.0,0,0,0,0,162,625,ref,1.6247596740722656,0.0,R,none,1
-3.963037182077867,2.9625876754382747,24.436521012005628,0.184296875,-3.846494390521067,2.714111162468297,19.80459094143389,0.16962890625,3.003844629842289,4.362096237393879,0.00045853499884143,-0.03773469338086327,0.04110566944602335,7.951661616477099,0.019691004896158118,0.19965865955167764,-3.8457684159268113,4.308952378161276,1.193751713914569,2.761230988873582,0.184296875,0.3967001140117645,0.8822000026702881,40,40,0.8157031536102295,40,0.0,0,0.0,0.0,0,0,0,0,163,625,ref,1.7640511989593506,0.0,R,none,1
-3.8353934976954,2.9396344368847807,23.559188670577154,0.18443359375,-3.8957764108008393,2.7238853060910055,19.71103229010779,0.17019287109375,3.03743855431252,4.389736828513474,-0.0076242220875053,-0.038259840796069346,0.041043744081248834,7.97625821704074,0.017305651740171017,0.199605720124504,-3.9019487211959802,4.304572058304608,1.188396654779865,2.7684352909167496,0.18443359375,0.3814353942871094,0.8970999717712402,37,37,0.8155664205551147,37,0.0,0,0.0,0.0,0,0,0,0,164,625,ref,2.051182508468628,0.0,R,none,1
-3.832273663792374,3.0390187938894226,24.253325353019385,0.19921875,-3.8026485853000067,2.7217426972106042,19.741908081074982,0.17008300781250002,2.9766634151494054,4.424332855734117,0.006887038935733101,-0.03737171050733006,0.04109457605830025,8.001291364906582,0.01973632017499767,0.1993785611871643,-3.8085399293436604,4.31011063980744,1.193757517394289,2.781231789557874,0.19921875,0.3602265417575836,0.8956000208854675,39,39,0.80078125,39,0.0,0,0.0,0.0,0,0,0,0,165,625,ref,1.7162275314331055,0.0,R,none,1
-3.544602560391584,2.9771980801916254,24.7882352409954,0.21244140625,-3.7064484327591396,2.717960744606313,20.102780478044398,0.18043212890625002,2.934339907543294,4.443882268842023,0.009088432835585462,-0.036537525621972274,0.04131039155008695,8.023713382781313,0.02217851043213159,0.20281713433595983,-3.720645664750878,4.337789038527358,1.2426153488212517,2.7895613391997163,0.21244140625,0.3841492831707001,0.8870000243186951,30,30,0.7875586152076721,30,0.0,0,0.0,0.0,0,0,0,0,166,625,ref,1.6596800088882446,0.0,R,none,1
-3.6346511902878427,3.0383465312972517,26.010166459739644,0.2039453125,-3.659495788721773,2.7210194185216823,20.370213364051185,0.18450439453125,2.9218872470473576,4.478905049577811,0.003154379346904346,-0.036080627114251425,0.04155502359519738,8.049560975729117,0.024439129114034584,0.20371688482397346,-3.6715813626998353,4.364290039208702,1.376033157321543,2.7972444643791756,0.2039453125,0.3793095350265503,0.8944000005722046,36,36,0.7960546612739563,36,0.0,0,0.0,0.0,0,0,0,0,167,625,ref,1.7371647357940674,0.0,R,none,1
-3.9516211723072314,3.0809970608931336,24.28915087538819,0.1812109375,-3.6910749759020156,2.726027354768284,20.169012504987137,0.17946533203124998,2.9482717139018,4.49964665987245,-0.016693234829285086,-0.03640093895367336,0.04160470700012989,8.075367999008188,0.023276713856030255,0.2059744252448034,-3.705555821898352,4.372065750508324,1.3628805553458774,2.8022009664587353,0.1812109375,0.35008060932159424,0.8955000042915344,35,35,0.8187890648841858,35,0.0,0,0.0,0.0,0,0,0,0,168,625,ref,1.7814643383026123,0.0,R,none,1
-3.7222279090714814,2.985483123914934,24.560208487173337,0.18193359375,-3.6897368088849816,2.733470511728513,20.401138005120885,0.1821044921875,2.963041306857227,4.530579948094808,-0.021760216462698385,-0.03641871335559866,0.04177279598816349,8.09659043883462,0.02319768119312357,0.2082686990536345,-3.7074556254014555,4.391833056232377,1.2722087486051983,2.809341863764215,0.18193359375,0.3720259666442871,0.8946999907493591,32,32,0.818066418170929,32,0.0,0,0.0,0.0,0,0,0,0,169,625,ref,1.765580654144287,0.0,R,none,1
-3.590149070086038,3.00773577961849,24.206585387287465,0.195,-3.6227163258624104,2.735924150041856,20.70760589740212,0.18512207031249997,2.94339294892401,4.5646742219991445,-0.022786216140899915,-0.035831282155665126,0.042036201314887126,8.128707718280921,0.023677051281556487,0.21047757055852306,-3.64680108857853,4.421267666388259,1.2425946761615867,2.8187936866678642,0.195,0.36216703057289124,0.8955000042915344,32,32,0.8050000071525574,32,0.0,0,0.0,0.0,0,0,0,0,170,625,ref,1.9340015649795532,0.0,R,none,1
-3.7953006079192635,3.036801324030337,25.39746414491619,0.1873828125,-3.63740429540891,2.7510011628468165,21.477516209780912,0.18460205078125,2.9929103766482115,4.581204545025837,-0.006107523689514858,-0.0359169304408529,0.042570218956661555,8.14761342489961,0.021645827516913414,0.2136991428785548,-3.657605935266642,4.482319304106704,1.3474166178634421,2.8228458568340624,0.1873828125,0.3715685307979584,0.8959000110626221,32,32,0.8126171827316284,32,0.0,0,0.0,0.0,0,0,0,0,171,625,ref,1.6642988920211792,0.0,R,none,1
-3.753776879241593,3.0226790995367527,27.0696912891183,0.1998046875,-3.6229153019052784,2.759145283057435,21.845636277547342,0.18648681640625003,3.0031780506575716,4.599560537404193,0.010144104956326418,-0.035696988987471895,0.04287909970216792,8.170990335025028,0.020401526258792727,0.21793008193899274,-3.6363199153049726,4.523170769476063,1.2205329523297594,2.827618019461952,0.1998046875,0.35823994874954224,0.8984000086784363,39,39,0.8001953363418579,39,0.0,0,0.0,0.0,0,0,0,0,172,625,ref,2.17734956741333,0.0,R,none,1
-3.704470705655295,3.045507568184329,25.541561742046134,0.19802734375,-3.6097801229921718,2.756151662733541,21.495967346328634,0.1805126953125,2.954380166633821,4.6258465084282365,0.016145312926803275,-0.03550071221028888,0.0424501006448864,8.195753345646237,0.021260481378412806,0.21970021639072837,-3.615354796613461,4.475729069749275,1.1767105152255066,2.841573988000348,0.19802734375,0.3631017804145813,0.891700029373169,34,34,0.8019726276397705,34,0.0,0,0.0,0.0,0,0,0,0,173,625,ref,1.7533068656921387,0.0,R,none,1
-3.740622799041347,3.033848502282546,24.516018708854862,0.1889453125,-3.7136994756062047,2.7754644525598993,21.681198146948024,0.17475341796875002,3.031920346562618,4.644374268352711,0.026908312508292984,-0.03647624052995016,0.04256957152759526,8.21633622320362,0.0198972182511352,0.21866240301134074,-3.7166490462060118,4.487116558196268,1.1689508874739865,2.8474745398761843,0.1889453125,0.35423827171325684,0.886900007724762,31,31,0.8110547065734863,31,0.0,0,0.0,0.0,0,0,0,0,174,625,ref,1.8113982677459717,0.0,R,none,1
-4.074039530635383,3.1108955320192457,25.646938465628796,0.18669921875,-3.805056026573029,2.7885258342986825,21.667650293156438,0.16913818359375,3.0866443755326043,4.672666051750586,0.01656590126796928,-0.03732526147098096,0.04249979581304041,8.24904853095735,0.01867406826815568,0.2221080468663716,-3.8048440436042905,4.483534926397843,1.1689508874739865,2.8552701132242255,0.18669921875,0.3741256892681122,0.8859000205993652,40,40,0.8133007884025574,40,0.0,0,0.0,0.0,0,0,0,0,175,625,ref,2.0428404808044434,0.0,R,none,1
-3.8679484700069766,3.0905815063529665,26.01427038351709,0.19169921875,-3.8084873364414045,2.785029379334378,21.249578867110408,0.17004150390625,3.0508588886896364,4.700789629943838,0.004740125122153132,-0.03728921101040877,0.042093107552420385,8.270646319659695,0.018238703267415987,0.22231874487728856,-3.8015864783077733,4.441695891913008,1.1642795726873985,2.8565866526443533,0.19169921875,0.43049436807632446,0.888700008392334,31,31,0.808300793170929,31,0.0,0,0.0,0.0,0,0,0,0,176,625,ref,1.7117204666137695,0.0,R,none,1
-3.7502626356844395,3.0638098406314067,27.526826543969772,0.18375,-3.875900678047895,2.803645691587699,21.911872182984457,0.16359863281249998,3.158403611443956,4.723596787716398,-0.021571235202090127,-0.037888669560317806,0.04287466968484109,8.29311986691452,0.016283569103106858,0.22754807869368487,-3.8649488346204395,4.529830447269405,1.1553144863967262,2.863707944298862,0.18375,0.4569171071052551,0.8780999779701233,33,33,0.8162500262260437,33,0.0,0,0.0,0.0,0,0,0,0,177,625,ref,1.727306604385376,0.0,R,none,1
-3.9041118540480535,3.122432004924176,30.452265437643334,0.2023046875,-3.795445715174194,2.817699577866129,23.412023382731746,0.17662353515624996,3.2115180356444273,4.740321168704146,-0.012408293241615059,-0.03715236773124658,0.04414232651805114,8.309813227656742,0.018307676410768182,0.23025787911865614,-3.787499579080464,4.661262887215614,1.1553144863967262,2.8685402343975657,0.2023046875,0.48598864674568176,0.8784000277519226,35,35,0.7976953387260437,35,0.0,0,0.0,0.0,0,0,0,0,178,625,ref,2.132596969604492,0.0,R,none,1
-3.7697375549739345,3.083432753016246,30.789262300069296,0.20974609375,-3.8174809562849235,2.8317643700542585,24.048663831051517,0.17276123046875,3.291069285304488,4.750519051040534,-0.022698888836228125,-0.03737820989098231,0.04487950884718811,8.33180150380114,0.019607611070387065,0.23402743458914957,-3.80933442108799,4.738430796871366,1.2263048003940025,2.8740438006239155,0.20974609375,0.3746749460697174,0.8883000016212463,30,30,0.7902538776397705,30,0.0,0,0.0,0.0,0,0,0,0,179,625,ref,1.7518155574798584,0.0,R,none,1
-3.706803535759257,3.0714001089346925,30.045810745459136,0.205,-3.694806006790177,2.81505080730206,23.754051546476447,0.18192138671875,3.1904802327670256,4.770324540165738,-0.03629372524078507,-0.03622652922872294,0.04466179159149172,8.357270225240605,0.02325783161330037,0.2328796780934094,-3.6877085535515386,4.712755229184452,1.2296566191763372,2.8819665984375855,0.205,0.36842024326324463,0.8892999887466431,37,37,0.7950000166893005,37,0.0,0,0.0,0.0,0,0,0,0,180,625,ref,1.7026170492172241,0.0,R,none,1
-3.5318864074671588,3.1679486991963017,27.95336342326334,0.21548828125,-3.6736292003212587,2.820507419710308,23.920569068250092,0.1806787109375,3.18769748953785,4.788326150320264,-0.020761535217216676,-0.03594514796102582,0.04485642631624895,8.384733567764526,0.022642602457199245,0.2332976125123641,-3.6594997013487442,4.734596785104756,1.2296566191763372,2.8919184125292747,0.21548828125,0.3903178572654724,0.8934000134468079,29,29,0.7845117449760437,29,0.0,0,0.0,0.0,0,0,0,0,181,625,ref,1.8907556533813477,0.0,R,none,1
-3.792485759206484,3.2129429347247935,28.916067862159252,0.19787109375,-3.634139670112031,2.8255124389484374,24.312520850629156,0.17928222656249998,3.192848561481725,4.809505322711634,-0.018833341541012603,-0.035519340332152816,0.045253379549113584,8.4116205755581,0.023421188530046492,0.23727177919414458,-3.6151023135044715,4.778256219468241,1.2777105674147258,2.899584830813885,0.19787109375,0.43885764479637146,0.8935999870300293,35,35,0.8021289110183716,35,0.0,0,0.0,0.0,0,0,0,0,182,625,ref,1.7166194915771484,0.0,R,none,1
-3.505034526362173,3.126854597908406,27.32273621672094,0.20791015625,-3.686754072674619,2.836428029768359,24.176239905214107,0.17849609375,3.2161051964230727,4.838008376679356,-0.00878960504681546,-0.03603554568570247,0.045111391107842416,8.436618287738435,0.022009768383577467,0.23737061285758793,-3.6693926805345973,4.766766714411611,1.3258358078886605,2.906176010368678,0.20791015625,0.3673115670681,0.8895000219345093,26,26,0.7920898199081421,26,0.0,0,0.0,0.0,0,0,0,0,183,625,ref,1.6512959003448486,0.0,R,none,1
-3.3116981932765435,3.0981702480826487,28.17151711408423,0.2298828125,-3.5583443363142977,2.829100604749043,23.965243707595164,0.18513183593750002,3.1249753082633687,4.885996456930229,-0.007161533402200151,-0.034923554935683145,0.044938673360211116,8.462043481603768,0.024947113909074687,0.23849879794383008,-3.552545435778011,4.75094798025713,1.3222085712363887,2.9169027686433706,0.2298828125,0.35549473762512207,0.8898000121116638,24,24,0.7701171636581421,24,0.0,0,0.0,0.0,0,0,0,0,184,625,ref,1.8997536897659302,0.0,R,none,1
-3.960689049640223,3.1252216626480624,26.607129685519418,0.19462890625,-3.5582369158162406,2.8342623898173445,24.100282949194675,0.19112548828124998,3.134262402408299,4.9120575511292905,-0.013276659204467793,-0.03498794476343627,0.0449956570193119,8.482425362935867,0.023845171697903424,0.2403165989729931,-3.560243331049707,4.759132935593707,1.3262642559449223,2.922363403240662,0.19462890625,0.3626517653465271,0.8820000290870667,32,32,0.805371105670929,32,0.0,0,0.0,0.0,0,0,0,0,185,625,ref,2.038796901702881,0.0,R,none,1
-3.8105315906779573,3.1843801186370175,28.435581716834395,0.20642578125,-3.6399670147381964,2.8586487159059604,24.730291240766082,0.18797851562499998,3.2444351036937307,4.933613475992006,-0.006176098734942815,-0.035786066511453274,0.04563244984757399,8.49865277244869,0.021384495673701168,0.24005781696334982,-3.6444618525318657,4.825480373622564,1.327472511640046,2.9263411498527385,0.20642578125,0.379184752702713,0.8819000124931335,29,29,0.7935742139816284,29,0.0,0,0.0,0.0,0,0,0,0,186,625,ref,1.7256176471710205,0.0,R,none,1
-3.542466652337144,3.1812550335780023,30.8624925983203,0.22587890625,-3.5898409414759134,2.8720281687447984,25.62295878368099,0.19381103515625003,3.288267924650313,4.95459636724434,0.005681510168946924,-0.03528502339769695,0.04651198029494485,8.517233382189072,0.020274181126151234,0.2449694616101477,-3.594246406862956,4.921022235778815,1.3276287443254482,2.929901118679388,0.22587890625,0.3524780869483948,0.8853999972343445,33,33,0.774121105670929,33,0.0,0,0.0,0.0,0,0,0,0,187,625,ref,1.9398541450500488,0.0,R,none,1
-3.7889370630143486,3.224522455525087,31.322174244193164,0.21703125,-3.6037265461993324,2.8895480616945175,26.37087750134357,0.19595703125000002,3.3320175949567297,4.987250224874518,0.03022018101129131,-0.03538292817190655,0.04692327295093634,8.534622901672469,0.019088870086707174,0.2476904803062974,-3.605460868742247,4.967207931158704,1.3688826643168248,2.944201908633413,0.21703125,0.3947811722755432,0.8910999894142151,29,29,0.7829687595367432,29,0.0,0,0.0,0.0,0,0,0,0,188,625,ref,1.7056419849395752,0.0,R,none,1
-3.669706127349023,3.208071356375488,30.338538717396048,0.19966796875,-3.602802632034937,2.8934902612103723,26.686109991316115,0.19497070312499998,3.3545767711761787,5.017640289514999,6.883102808973085e-05,-0.035339180977087985,0.04720456293469561,8.563142463105402,0.017662813942879437,0.2503101953645256,-3.6024055579742185,5.002821420741962,1.3811641670140427,2.952652536323293,0.19966796875,0.3526098430156708,0.8873000144958496,27,27,0.8003320097923279,27,0.0,0,0.0,0.0,0,0,0,0,189,625,ref,1.8526521921157837,0.0,R,none,1
-3.5447592818766083,3.210524904898625,29.592036755405275,0.2240234375,-3.593062369237287,2.8942392425739443,26.706154301933747,0.1906982421875,3.3512800083995646,5.045914345124337,-0.02057356026890541,-0.035253142293157916,0.04723269238638119,8.583766813744617,0.016134712429484353,0.2519702925624407,-3.5951200449712353,5.009951079030988,1.4226275196367677,2.9576894624386347,0.2240234375,0.3711547553539276,0.8873999714851379,32,32,0.7759765386581421,32,0.0,0,0.0,0.0,0,0,0,0,190,625,ref,2.3478221893310547,0.0,R,none,1
-3.5223571834171765,3.192361758563987,31.30131108019616,0.209375,-3.546714263179435,2.8924662981649423,26.44491685383105,0.19376708984375002,3.3036057678555233,5.070618080446639,-0.00786256228215867,-0.034951776830271605,0.04693259698086985,8.61058570953075,0.018273572714533656,0.2552115395151233,-3.562109966100498,4.98331953331355,1.2619934677326956,2.962012421344366,0.209375,0.3914787173271179,0.8876000046730042,35,35,0.7906249761581421,35,0.0,0,0.0,0.0,0,0,0,0,191,625,ref,1.972264289855957,0.0,R,none,1
-3.563693231324909,3.242107190542741,33.88110118357117,0.2092578125,-3.531928259512443,2.9086435644723574,27.538274659388456,0.1929931640625,3.408617458416131,5.094511505913589,-0.042921579183260936,-0.03484754739738566,0.04815383528982794,8.627438660410617,0.01971845470019616,0.2567023207009796,-3.549988049079475,5.108861641041722,1.2493824602689232,2.9633458675815416,0.2092578125,0.3733527958393097,0.8932999968528748,34,34,0.7907421588897705,34,0.0,0,0.0,0.0,0,0,0,0,192,625,ref,1.7249432802200317,0.0,R,none,1
-3.682107217980114,3.249996267210947,32.48595659449941,0.2052734375,-3.521773106517008,2.9077240453057813,27.2590586175397,0.19305908203125,3.362587136209363,5.12407906885463,-0.03180708141457582,-0.03466926730863696,0.04778570270970245,8.651481283771789,0.019552385607967154,0.25822075452024446,-3.5318914959835968,5.075807174294526,1.3077809044075188,2.970295185363075,0.2052734375,0.36976200342178345,0.8919000029563904,32,32,0.794726550579071,32,0.0,0,0.0,0.0,0,0,0,0,193,625,ref,1.904872179031372,0.0,R,none,1
-3.7286977014009586,3.2395532963668097,32.93920201598777,0.20908203125,-3.5740849769990866,2.9142807070512258,27.079321602930914,0.188779296875,3.3869845011508675,5.150968309804276,-0.04492077146415045,-0.035187801197703934,0.04767115262173097,8.671553982139603,0.019101056966464965,0.2581768951309638,-3.585460301591969,5.06487209924317,1.2996279399466832,2.9707128923240553,0.20908203125,0.4176429212093353,0.8826000094413757,23,23,0.7909179925918579,23,0.0,0,0.0,0.0,0,0,0,0,194,625,ref,1.8246800899505615,0.0,R,none,1
-3.680892002326101,3.2901142078936845,31.803678447513118,0.20884765625,-3.636972861691383,2.9245634155328464,27.107561164980027,0.1849951171875,3.40999814061254,5.175841338726243,-0.03276830786563685,-0.03575497535684604,0.04749901338123803,8.695731694189652,0.01906178913312033,0.2608706696637403,-3.6435996492265463,5.048627451414543,1.3547044644709751,2.981034700391142,0.20884765625,0.3822641372680664,0.8925999999046326,31,31,0.7911523580551147,31,0.0,0,0.0,0.0,0,0,0,0,195,625,ref,1.8223109245300293,0.0,R,none,1
-3.505287841318774,3.2505133198313296,29.923374727568447,0.2159765625,-3.7083084923390537,2.9433720839118136,27.323085360939984,0.1863134765625,3.4706709184811215,5.211429723955317,-0.018661418085069964,-0.036432381124517674,0.0476460434666137,8.720620813432067,0.016932076321099884,0.2660658873862657,-3.7151213266144345,5.070244423710336,1.2975558045192859,2.9842625162245446,0.2159765625,0.4629044532775879,0.8736000061035156,31,31,0.7840234637260437,31,0.0,0,0.0,0.0,0,0,0,0,196,625,ref,1.803958773612976,0.0,R,none,1
-3.870794451564061,3.3323721250478484,34.03833171423327,0.21162109375,-3.6763443523996155,2.941039415792973,27.210627049177184,0.19240478515624998,3.4526749404080688,5.234175365083072,-0.03713746024327059,-0.03618727694671341,0.0476370803062199,8.740755044459286,0.017697937483899296,0.26698108125530967,-3.689247529801706,5.071849727120669,1.2960403858970193,2.9900757695433082,0.21162109375,0.38746920228004456,0.8773999810218811,36,36,0.788378894329071,36,0.0,0,0.0,0.0,0,0,0,0,197,625,ref,1.8404837846755981,0.0,R,none,1
-3.6774482831637174,3.273328142836039,32.14837341139869,0.22978515625,-3.7610432759617334,2.9655092763663666,27.860651854970346,0.19140380859375,3.5777928908059136,5.254525114229357,-0.03807273682029937,-0.037056771572555304,0.04832488964128295,8.759585049462396,0.014771872838027776,0.26961147091168813,-3.781242721335461,5.1427880110219455,1.4383376625713447,2.996743900249487,0.22978515625,0.3513648211956024,0.8877999782562256,29,29,0.770214855670929,29,0.0,0,0.0,0.0,0,0,0,0,198,625,ref,1.8324929475784302,0.0,R,none,1
-3.907034901889044,3.3170730991288977,33.24783284814784,0.1971875,-3.78153006399603,2.9851354558563434,28.590510271125755,0.19669921875000002,3.6458365700946547,5.29225832625321,-0.027061206537206076,-0.03721776525342266,0.04892715734111782,8.801359695354368,0.015377585360547529,0.27123672099203017,-3.7971288492029114,5.202267160167307,1.4742476737200565,3.007963421101044,0.1971875,0.4406396746635437,0.8815000057220459,28,28,0.8028125166893005,28,0.0,0,0.0,0.0,0,0,0,0,199,625,ref,1.874954342842102,0.0,R,none,1
-3.798456647872067,3.280643911252893,34.77141845013902,0.21775390625,-3.700514494058283,2.9720869580830893,27.630292477885067,0.1967529296875,3.516574399142628,5.335625456800444,-0.018898969535483076,-0.03639349697537192,0.048172167155688186,8.835014358545662,0.018063185831997543,0.26888028049065454,-3.7100070099493387,5.116766537335518,1.4973861641433688,3.018201185462574,0.21775390625,0.3742857575416565,0.885200023651123,36,36,0.7822461128234863,36,0.0,0,0.0,0.0,0,0,0,0,200,625,ref,1.880668044090271,0.0,R,none,1
-3.4696027903379445,3.277351006200462,32.065707665948494,0.21318359375,-3.6340866484591987,2.9783785882051137,28.406798975222582,0.19658203125,3.549751545272524,5.358796650656098,-0.037809181249938366,-0.03594175398259463,0.04886331781252463,8.864258995688607,0.018503470852738246,0.27326138583719467,-3.6632911612292443,5.188746270188795,1.4329585656710027,3.027204097880417,0.21318359375,0.3770499527454376,0.8889999985694885,27,27,0.786816418170929,27,0.0,0,0.0,0.0,0,0,0,0,201,625,ref,1.7222473621368408,0.0,R,none,1
-3.8135797819372907,3.2721781764488562,30.565370325986816,0.2071875,-3.732266681502098,2.9922238867698803,28.532683133787888,0.18668212890625002,3.6262082110845095,5.373507011136826,-0.04631143366508852,-0.036849617770474075,0.04899784699767347,8.886842444451386,0.0149614372337237,0.2770451336032663,-3.7598327747378453,5.203570035138168,1.4379707087297153,3.0372754453044326,0.2071875,0.40026041865348816,0.8848000168800354,31,31,0.7928125262260437,31,0.0,0,0.0,0.0,0,0,0,0,202,625,ref,1.865224003791809,0.0,R,none,1
-4.003311569952209,3.34879003040007,33.61280156642128,0.1995703125,-3.7845915856153005,3.0020483445610004,28.583341272939442,0.18769287109375002,3.6679458824132674,5.39849833003341,-0.05414994936523471,-0.03735143675838975,0.049059310766949846,8.91188052154351,0.015444602323696018,0.2739444157517047,-3.8107548487154896,5.2028847544863925,1.4236303913512236,3.0438845152994616,0.1995703125,0.4293454885482788,0.8805999755859375,36,36,0.8004297018051147,36,0.0,0,0.0,0.0,0,0,0,0,203,625,ref,1.707143783569336,0.0,R,none,1
-3.9076591367358247,3.396192974427336,31.275020710817568,0.1955859375,-3.7580437123198056,2.9867776550181304,27.145425821133962,0.18203369140625,3.521256909287703,5.444422791198808,-0.044838939970909146,-0.03718689238799418,0.04761336913008516,8.94476812549965,0.017168918733950704,0.2749098335746062,-3.7921749670494282,5.057697096003912,1.4547346169709425,3.052162207939529,0.1955859375,0.42877912521362305,0.8831999897956848,30,30,0.8044140338897705,30,0.0,0,0.0,0.0,0,0,0,0,204,625,ref,2.0547008514404297,0.0,R,none,1
-3.7693982767267955,3.223429884946784,29.462332456480944,0.1946484375,-3.8014785183447053,2.9953076731267676,27.07035281659265,0.182490234375,3.5313383154297004,5.4618696047262,-0.021339863463812794,-0.03748554982144496,0.04748874758270541,8.972371587616879,0.01673654976882972,0.27565203707808106,-3.8232011499904335,5.045321469779175,1.381732739955309,3.0628725239929393,0.1946484375,0.3887646794319153,0.8847000002861023,23,23,0.8053515553474426,23,0.0,0,0.0,0.0,0,0,0,0,205,625,ref,1.7973082065582275,0.0,R,none,1
-3.8998827356661865,3.2310325153051442,30.99465722210492,0.1884765625,-3.7759512972573748,2.9979722954296397,27.17043408793066,0.18696044921875,3.5181069341408784,5.481206864452267,-0.011475914429482615,-0.03721414512268534,0.047557756843433684,8.995985304227968,0.015646480030263775,0.280953348959407,-3.7964891162618475,5.058404250705806,1.3802277688461864,3.07099341853905,0.1884765625,0.36692389845848083,0.885200023651123,26,26,0.8115234375,26,0.0,0,0.0,0.0,0,0,0,0,206,625,ref,1.4962539672851562,0.0,R,none,1
-3.8957888465235597,3.375523554671821,32.933316075396085,0.2034765625,-3.8714273768598075,3.0092185620998424,26.855622798453165,0.17629394531249998,3.5478182418592996,5.516585655766887,-0.009007543139944731,-0.03806313209543116,0.04720834195242858,9.0160922829888,0.01501207480294397,0.2834441755414304,-3.88409188926768,5.026365846428779,1.3652557485525163,3.0745033464189784,0.2034765625,0.4034847319126129,0.8860999941825867,25,25,0.7965234518051147,25,0.0,0,0.0,0.0,0,0,0,0,207,625,ref,1.529084324836731,0.0,R,none,1
-4.031331632000139,3.3130084937698228,30.663646487944103,0.18970703125,-3.879563445199846,3.0116591297668043,26.687844103158525,0.17496337890625,3.540597673066925,5.550262148663863,-0.020769107823042754,-0.03814256309234917,0.047064743704673874,9.041239263495587,0.01448211062932387,0.2878192781013973,-3.8927585909587634,5.018580745755009,1.3856199855732356,3.088375126875817,0.18970703125,0.4175296425819397,0.8820000290870667,32,32,0.8102929592132568,32,0.0,0,0.0,0.0,0,0,0,0,208,625,ref,1.8601287603378296,0.0,R,none,1
-3.872017777969645,3.2952232453273895,32.70465775718424,0.19619140625,-3.8060928668910456,3.0108545235616746,26.834568209148102,0.18291015625,3.518677422091684,5.586458212822629,-0.03989067286251358,-0.03749421707056379,0.047343509046809944,9.061278493207235,0.015365612774621696,0.2893748957936605,-3.825459941019145,5.0455444034444765,1.3548426711075177,3.095149773571744,0.19619140625,0.3714541792869568,0.8769999742507935,31,31,0.8038085699081421,31,0.0,0,0.0,0.0,0,0,0,0,209,625,ref,2.1838109493255615,0.0,R,none,1
-3.8254857060572176,3.29872971004211,30.240458785583133,0.19958984375,-3.7225854732140835,3.012794123903976,27.321159535780524,0.18703857421875,3.503476847842704,5.618315869716322,-0.044864284528699845,-0.03668876843184143,0.04780588396302455,9.086617781146554,0.016315351040684618,0.29147032553427493,-3.7420018066435934,5.096353807874485,1.5133552256244494,3.0981555448319718,0.19958984375,0.36107516288757324,0.8859999775886536,25,25,0.8004101514816284,25,0.0,0,0.0,0.0,0,0,0,0,210,625,ref,1.73746657371521,0.0,R,none,1
-4.024408916264666,3.360692072107672,34.65958542534111,0.19861328125,-3.716982324184507,3.0121114243972307,27.203064870154627,0.1838037109375,3.4854686396202488,5.63054321565392,-0.04319662228985477,-0.03665919117694547,0.04763303345713792,9.107563618104091,0.016630877824500203,0.29524891003799625,-3.7386564505876634,5.086317412433255,1.5085964276718422,3.0986955934302,0.19861328125,0.3909268081188202,0.8881999850273132,33,33,0.8013867139816284,33,0.0,0,0.0,0.0,0,0,0,0,211,625,ref,1.8460333347320557,0.0,R,none,1
-3.903130033736308,3.3476949470039203,31.390123786860983,0.20771484375,-3.749470496918651,3.0229666941767275,27.33500824109543,0.18191650390624997,3.513424177171412,5.654870581341668,-0.02996712441130974,-0.03695173086234329,0.04771109502835592,9.129200571403548,0.015721216041129082,0.29579348128119276,-3.7695332376229125,5.092771091899666,1.5698211243352789,3.1133403939245943,0.20771484375,0.39463314414024353,0.8823000192642212,29,29,0.792285144329071,29,0.0,0,0.0,0.0,0,0,0,0,212,625,ref,1.785321593284607,0.0,R,none,1
-3.8293082324844776,3.3221771007007663,32.36259793442831,0.21384765625,-3.691952038985357,3.0220011540067735,27.47768762508185,0.18583984375,3.4566952680450305,5.690742590497348,-0.014946883724111399,-0.036333542838522276,0.04756943660301583,9.152229251114361,0.016123509146273137,0.2978931336635699,-3.70580511604474,5.079862120376215,1.6111380881187793,3.1267861921980726,0.21384765625,0.39970526099205017,0.8913000226020813,30,30,0.7861523628234863,30,0.0,0,0.0,0.0,0,0,0,0,213,625,ref,1.961301326751709,0.0,R,none,1
-4.024438310093168,3.3535337635810123,31.919955112859938,0.18291015625,-3.771114371823212,3.034238080132754,27.356720013554988,0.18423583984375003,3.5024715858024313,5.7243069478527495,-0.020177806727483257,-0.037134319368372755,0.047449642871316984,9.171556938846052,0.014940147700253875,0.29975662607669057,-3.7890182729906807,5.06951485572111,1.6329366334630382,3.134708732537356,0.18291015625,0.411141961812973,0.8859000205993652,27,27,0.817089855670929,27,0.0,0,0.0,0.0,0,0,0,0,214,625,ref,1.7800827026367188,0.0,R,none,1
-3.701864921330854,3.324170726037003,30.643190359149315,0.21015625,-3.804569465355745,3.0549742944095115,28.545759834288177,0.18893066406249998,3.6135237256049395,5.742904436328599,-0.023560222430645917,-0.03741884965931173,0.04842897011702191,9.190503728178664,0.012882439595414326,0.30385523754515276,-3.820222641504779,5.173716180319995,1.6325069786803639,3.137387280717783,0.21015625,0.3852008283138275,0.8842999935150146,23,23,0.789843738079071,23,0.0,0,0.0,0.0,0,0,0,0,215,625,ref,1.5979706048965454,0.0,R,none,1
-4.324155695447027,3.4171329275171765,34.512606290351265,0.1754296875,-3.9295604068331365,3.0718492934610144,28.553024085731128,0.18419189453125,3.697712257825036,5.757374643748801,-0.01882881983690692,-0.03874713746570682,0.048285183650289006,9.211504867776034,0.008343534270534293,0.3043691534161604,-3.9608284432258047,5.15832672472137,1.7420639751310958,3.1459898403972817,0.1754296875,0.42029431462287903,0.8819000124931335,30,30,0.8245702981948853,30,0.0,0,0.0,0.0,0,0,0,0,216,625,ref,1.9607141017913818,0.0,R,none,1
-4.274058377902053,3.4866206486052977,34.52674008003106,0.1948046875,-4.040499310465496,3.082792898736621,28.169971950836384,0.177900390625,3.72665308804396,5.781472369597015,-0.004513401140039374,-0.03965456983895412,0.047857212928915045,9.232387131975468,0.005814891867339611,0.3067844198063662,-4.056312472347668,5.119373400305672,1.7456184346903663,3.1556575890869683,0.1948046875,0.3888227343559265,0.8888000249862671,31,31,0.8051953315734863,31,0.0,0,0.0,0.0,0,0,0,0,217,625,ref,1.6457632780075073,0.0,R,none,1
-4.296798725438935,3.376863121178624,31.400579773644672,0.17703125,-4.131768950327767,3.093667987693947,27.954066525052134,0.16962646484375002,3.7582429887324236,5.808554832529219,0.003983796820671142,-0.04049325569196311,0.047495662397110776,9.253311280527067,0.005921603641472757,0.3077641808466203,-4.142118904186585,5.084807679954728,1.7562658604842376,3.164456618351257,0.17703125,0.45292526483535767,0.8770999908447266,27,27,0.8229687213897705,27,0.0,0,0.0,0.0,0,0,0,0,218,625,ref,1.9320776462554932,0.0,R,none,1
-4.445322486041469,3.4295142659608504,31.519329769277277,0.18517578125,-4.1375750894459,3.0972835363765903,27.817791915671464,0.17000732421875,3.7468031319920625,5.841874623831248,0.004487548886165871,-0.04046023563566898,0.047398873931102085,9.272165957457098,0.004380813087336719,0.31147232342113457,-4.140277192426736,5.07879008036053,1.6680030163124115,3.17571402575085,0.18517578125,0.38113167881965637,0.8822000026702881,29,29,0.8148242235183716,29,0.0,0,0.0,0.0,0,0,0,0,219,625,ref,2.0812036991119385,0.0,R,none,1
-4.444325721766147,3.4065524074247318,34.40987872491915,0.182578125,-4.233481915095447,3.1092155779887545,27.508107501252333,0.16624023437500002,3.7974184280519454,5.863046752851549,0.006756329504447636,-0.041357733734264206,0.0471771786653088,9.292648562237655,0.0013431220361962914,0.3142883934288619,-4.235252624838855,5.060875902437833,1.6620883259946986,3.1787711215861565,0.182578125,0.4376704692840576,0.8877000212669373,34,34,0.8174218535423279,34,0.0,0,0.0,0.0,0,0,0,0,220,625,ref,1.8492761850357056,0.0,R,none,1
-4.478689091255188,3.486081685549995,34.55915072203614,0.17888671875,-4.271522522882966,3.1244374514213944,27.91579654403911,0.16821044921875,3.8769966023493345,5.899022562902211,-0.013909777406928878,-0.04176498948195657,0.04768982447909242,9.314520206026094,-0.001179138571023941,0.31553381376921075,-4.279493273103629,5.110379331762663,1.610221591323628,3.1838693930473965,0.17888671875,0.3497159481048584,0.8945000171661377,31,31,0.8211132884025574,31,0.0,0,0.0,0.0,0,0,0,0,221,625,ref,1.8738226890563965,0.0,R,none,1
-4.658729719079975,3.4727136860907524,34.200015814867456,0.17365234375,-4.350311399319977,3.138608480001351,27.922760256412047,0.16538818359375,3.927564117388048,5.922881936789736,0.00041713655860641907,-0.042483769623475866,0.047604389567414425,9.335074844705893,-0.0025200269324705004,0.31827392615404143,-4.354464426364624,5.101433582476336,1.6410868588435579,3.189332979748213,0.17365234375,0.4039638936519623,0.8801000118255615,41,41,0.8263476490974426,41,0.0,0,0.0,0.0,0,0,0,0,222,625,ref,1.8337411880493164,0.0,R,none,1
-4.294425291841184,3.46161921533887,34.64919422274586,0.1880859375,-4.302572802865745,3.135484791734447,27.576283832064355,0.16669677734375,3.8655652047437066,5.9614122458167875,0.004287428637510478,-0.042057674911796086,0.047306835330777106,9.363901726044952,-0.0016652325820177795,0.3215762064607929,-4.3099614221081985,5.071755202638783,1.5996620292329164,3.1923151314284177,0.1880859375,0.37234407663345337,0.8871999979019165,32,32,0.8119140863418579,32,0.0,0,0.0,0.0,0,0,0,0,223,625,ref,1.8003113269805908,0.0,R,none,1
-4.3717622850384705,3.4656088986465683,31.629081671798314,0.1691796875,-4.291974618494697,3.1321756331823023,27.132145564859925,0.16525390625,3.846861292168747,5.9974994933382355,-0.03383658840602881,-0.04199219120428252,0.047159870113328214,9.388618899140763,-0.001364988143905066,0.32343624628621587,-4.302953169960473,5.056410769962669,1.5635505270494112,3.204386330311446,0.1691796875,0.38518664240837097,0.8823999762535095,28,28,0.8308203220367432,28,0.0,0,0.0,0.0,0,0,0,0,224,625,ref,1.794022798538208,0.0,R,none,1
-4.322604837544697,3.409342154056829,32.288544556913344,0.17640625,-4.275659779088055,3.141119205501619,27.598420062139056,0.16244140625,3.8628886923768766,6.024482603361089,-0.02074143256684381,-0.041766218024027496,0.04753518094436913,9.409204032158408,-0.0005675572261679918,0.3247745209064268,-4.279007540920286,5.095308515523966,1.7061266346167319,3.2101394320075385,0.17640625,0.41548964381217957,0.8830000162124634,34,34,0.8235937356948853,34,0.0,0,0.0,0.0,0,0,0,0,225,625,ref,2.019108533859253,0.0,R,none,1
-4.207771606600626,3.493220951984256,32.779728596534994,0.1940625,-4.287524953740464,3.1540804861867313,28.008524598123937,0.15964599609375002,3.909795032788416,6.049576956492973,-0.01114827593746505,-0.04187647112946906,0.04794779991038108,9.432831910040385,0.0001270821364596486,0.3277341083161124,-4.2896069884289245,5.137430085830448,1.724290003795133,3.2152301091504474,0.1940625,0.42310023307800293,0.8877000212669373,25,25,0.8059375286102295,25,0.0,0,0.0,0.0,0,0,0,0,226,625,ref,2.006826639175415,0.0,R,none,1
-3.96361306152001,3.445603271392594,34.2784726787399,0.20021484375,-4.202053310902999,3.15996021822904,29.215461149497337,0.1702099609375,3.928182944475464,6.0664973764593455,-0.00933174014468876,-0.040981412097234056,0.04891026359085629,9.453874094894866,0.001197384404949844,0.33291474524603454,-4.196848797420359,5.241938257578877,1.7112870160430895,3.2304249307235313,0.20021484375,0.37038540840148926,0.8881999850273132,24,24,0.7997851371765137,24,0.0,0,0.0,0.0,0,0,0,0,227,625,ref,1.4797627925872803,0.0,R,none,1
-3.9023162243219205,3.4621038324799276,33.17207644912246,0.19779296875,-4.1118537543558675,3.146583768309877,28.784200166001177,0.17481933593750001,3.8268982936367038,6.080919409056746,-0.006828291702264955,-0.040129061184646916,0.048542389920307655,9.479875765821246,0.005339406441198662,0.3321910150205041,-4.1053938129690515,5.202344230060923,1.685363086901468,3.239564214544854,0.19779296875,0.3588331341743469,0.8860999941825867,26,26,0.8022070527076721,26,0.0,0,0.0,0.0,0,0,0,0,228,625,ref,1.936721682548523,0.0,R,none,1
-4.330555627327641,3.5268246174679545,35.06104603763409,0.191875,-4.124459609925652,3.1492593526299766,28.78089390902396,0.17015625,3.8283651124537106,6.104058811951555,-0.014589454277889252,-0.040344651857904416,0.04837907236450877,9.50369398835157,0.005095518112648278,0.33472514564087535,-4.127722338121694,5.184945821874184,1.7371118768915554,3.2447345502682463,0.191875,0.41750815510749817,0.8827999830245972,31,31,0.8081250190734863,31,0.0,0,0.0,0.0,0,0,0,0,229,625,ref,1.7302258014678955,0.0,R,none,1
-4.247926207205687,3.478552299760048,32.2029949330847,0.1860546875,-4.173458302302257,3.1558911921192947,28.424712162677586,0.16116943359375,3.8542803188721884,6.138897928671515,-0.03352903104756329,-0.04084009437672506,0.04824079421222443,9.530068929099848,0.005779281295835972,0.3353687047163878,-4.177790622464688,5.168210692654422,1.7478394014828584,3.249984956232033,0.1860546875,0.40718457102775574,0.8755999803543091,26,26,0.8139452934265137,26,0.0,0,0.0,0.0,0,0,0,0,230,625,ref,2.1491849422454834,0.0,R,none,1
-4.044141065749251,3.394927106198077,30.91728826607183,0.18513671875,-4.171652561866796,3.1598421090864854,28.198666539939346,0.16208251953125002,3.8344501891256857,6.178466935766215,-0.028314970535774427,-0.040828301508769586,0.04803730584834654,9.55186721663155,0.008163435151800513,0.3338626032000487,-4.174198433019913,5.143559657074069,1.733569685695799,3.2584215037829876,0.18513671875,0.41964080929756165,0.8752999901771545,27,27,0.8148632645606995,27,0.0,0,0.0,0.0,0,0,0,0,231,625,ref,1.7180581092834473,0.0,R,none,1
-4.086110415124124,3.529773981050143,33.907144052056125,0.18505859375,-4.146517607778628,3.1440152393304444,26.79432451426011,0.1541943359375,3.694028141166985,6.214765589744471,-0.023961905769386282,-0.04056796165496165,0.04672495480738012,9.579109462663157,0.00961462605977431,0.33544845373142324,-4.1460785971501135,5.00904656364076,1.6881899376985823,3.2646771393088097,0.18505859375,0.4142763316631317,0.8835999965667725,24,24,0.81494140625,24,0.0,0,0.0,0.0,0,0,0,0,232,625,ref,1.7363810539245605,0.0,R,none,1
-3.8617995040814366,3.5429180330833208,33.41547700275054,0.2014453125,-4.024942433451122,3.1511206281728454,28.1249138414682,0.16260253906250002,3.704432697128563,6.238554699020062,-0.013426182852198881,-0.03936655661128394,0.047854360276859034,9.598599865381908,0.012071925261989237,0.338598702289303,-4.020551994126196,5.127151470586912,1.7040830607684425,3.2731365654451055,0.2014453125,0.3987799882888794,0.8871999979019165,24,24,0.7985546588897705,24,0.0,0,0.0,0.0,0,0,0,0,233,625,ref,1.6545690298080444,0.0,R,none,1
-3.7302127753497847,3.46674013615099,32.53620558802431,0.19927734375,-3.894512080044596,3.1355335011703236,27.584029695612227,0.16993652343750001,3.5500996822410205,6.276625389236653,0.004845265483750416,-0.03811389907456713,0.04719242587189404,9.629220107383233,0.015680719607626088,0.34048078505274243,-3.888623702719998,5.060030016463617,1.672507248363054,3.2821906913332657,0.19927734375,0.41044846177101135,0.8817999958992004,19,19,0.8007226586341858,19,0.0,0,0.0,0.0,0,0,0,0,234,625,ref,1.797566294670105,0.0,R,none,1
-3.937455785473463,3.499703411496465,34.02319211397404,0.18724609375,-3.92154155812902,3.153683442455364,28.309694181572674,0.16605712890625002,3.6062944497860245,6.293743388479503,0.04568141695158721,-0.03829984331378303,0.04765673171622699,9.653387855559522,0.016889321048511194,0.3416311602367052,-3.906462822270781,5.102711248075719,1.6763671363961823,3.292030670508475,0.18724609375,0.3931024670600891,0.8840000033378601,23,23,0.8127539157867432,23,0.0,0,0.0,0.0,0,0,0,0,235,625,ref,1.7674802541732788,0.0,R,none,1
-4.36298536742833,3.5242719686829167,32.91677317694126,0.18146484375,-4.021803643845139,3.172112674964517,28.255298164386637,0.16689208984374998,3.685574212718665,6.337481639558096,0.039242970393781745,-0.039314617314882436,0.04769254665883584,9.673289665258428,0.015110270938894246,0.3458229409523002,-4.012193100576814,5.1129905246813685,1.919381455354304,3.3066027342156428,0.18146484375,0.41393861174583435,0.8727999925613403,28,28,0.8185351490974426,28,0.0,0,0.0,0.0,0,0,0,0,236,625,ref,1.9113284349441528,0.0,R,none,1
-4.175654901712424,3.590172835186389,36.477917588885745,0.19951171875,-4.0419595474282035,3.190857997053567,29.415373500783474,0.17064453125,3.7943917394385753,6.36189943896797,0.025283578954156543,-0.039480918813902754,0.048726462157456144,9.693716627720178,0.014606277557322755,0.347651510762714,-4.029732655625652,5.218899079023166,1.9575550926416705,3.3173300974387714,0.19951171875,0.42131978273391724,0.8777999877929688,22,22,0.800488293170929,22,0.0,0,0.0,0.0,0,0,0,0,237,625,ref,2.055569648742676,0.0,R,none,1
-4.076719920238823,3.573275970651055,33.64621548870698,0.19013671875,-4.062428887506423,3.1975883402408183,29.57292479533477,0.1694873046875,3.8179853812309545,6.383333298158204,0.023252514254869475,-0.03969550507942196,0.04880300730674302,9.717105934035537,0.011868447074666619,0.35398173684303924,-4.054452233601482,5.23206879869761,1.922769658816827,3.3211667575075574,0.19013671875,0.3735937476158142,0.8828999996185303,24,24,0.809863269329071,24,0.0,0,0.0,0.0,0,0,0,0,238,625,ref,1.805954098701477,0.0,R,none,1
-4.059701128292613,3.602433178876636,36.68394335862147,0.19162109375,-4.06005578466746,3.2056069694488105,29.600673046286733,0.17371337890625,3.819981152953714,6.434767466058707,0.02116742356636401,-0.03969053051267609,0.04882824096709766,9.741917983800311,0.012780003024963661,0.35358099642284074,-4.053031093918827,5.2313131535196415,2.2096977756842198,3.3272268227654673,0.19162109375,0.3587823212146759,0.883400022983551,22,22,0.8083789348602295,22,0.0,0,0.0,0.0,0,0,0,0,239,625,ref,1.9575214385986328,0.0,R,none,1
-4.492750604680725,3.4959354381466663,36.65654756805669,0.1799609375,-4.164593555005044,3.2235353855442654,30.181974682680274,0.16971923828125,3.949614245296343,6.43736555360551,0.004200582954161826,-0.040720008254958924,0.049353674569881135,9.75338656088353,0.01095910115458537,0.3577465582733247,-4.160309443058483,5.286856166154889,2.1476403044407437,3.331443533353442,0.1799609375,0.4442417323589325,0.873199999332428,31,31,0.8200390338897705,31,0.0,0,0.0,0.0,0,0,0,0,240,625,ref,2.116490125656128,0.0,R,none,1
-3.8235188447980795,3.5967977468001995,36.02482788557352,0.20541015625,-4.094225628018556,3.2212947174285445,30.219447751932112,0.1721240234375,3.938816802288209,6.470404542192309,-0.03248168794747385,-0.04013134306013679,0.049721098815397914,9.779819468424996,0.01202704786323011,0.357547200329439,-4.098939921879122,5.319869114020107,2.0879723792245746,3.3368879192592034,0.20541015625,0.3927980661392212,0.8827999830245972,22,22,0.7945898175239563,22,0.0,0,0.0,0.0,0,0,0,0,241,625,ref,1.6326348781585693,0.0,R,none,1
-4.169509075459142,3.5444281435757494,35.54541787175689,0.17861328125,-4.0787386553006515,3.228547477390332,30.490585344936573,0.177041015625,3.93957853538833,6.498147814359453,-0.014207535984305165,-0.03990717761261297,0.04990910838187027,9.801931576975377,0.012565479027107357,0.357236963281248,-4.075438472778192,5.334903322073234,1.9799031628129884,3.3422641991239668,0.17861328125,0.35199353098869324,0.8863999843597412,27,27,0.8213866949081421,27,0.0,0,0.0,0.0,0,0,0,0,242,625,ref,1.9491544961929321,0.0,R,none,1
-4.087463521821666,3.5150749693248207,34.71795679423044,0.19298828125,-4.112436632804824,3.2414038579201736,30.91654617035423,0.17412353515625,3.97949363862283,6.5390218613757805,-0.0118165298588287,-0.04011519289228662,0.050156221278077465,9.824753564434744,0.012684311861958121,0.35843131161026787,-4.096628270024788,5.360214774752382,1.9370074972606082,3.354395749335326,0.19298828125,0.3755906820297241,0.8851000070571899,28,28,0.8070117235183716,28,0.0,0,0.0,0.0,0,0,0,0,243,625,ref,1.8254600763320923,0.0,R,none,1
-3.9216074707688704,3.572054452290293,37.34305161434615,0.20046875,-4.175112414066462,3.2623242209320633,31.967738062756926,0.174462890625,4.084975256215699,6.550951318563552,0.0068327477007377405,-0.04059977189917619,0.0508514395068236,9.845165533827485,0.01047975611523725,0.36183337256101394,-4.148472038906449,5.435349154012321,1.9603971242141438,3.359493716060382,0.20046875,0.3973204493522644,0.8931999802589417,24,24,0.7995312213897705,24,0.0,0,0.0,0.0,0,0,0,0,244,625,ref,1.7599296569824219,0.0,R,none,1
-4.165219552767818,3.5774613837318414,37.59009592194841,0.186640625,-4.086565304753816,3.2688044249842525,32.49051708950835,0.17582031250000002,4.0543918948349384,6.602438974478084,0.028251499483606404,-0.03972467018744839,0.05122948665498974,9.868868233926495,0.011208710689097644,0.3694484550064051,-4.05809957983569,5.4846774149203465,1.984643621186751,3.3716016981300267,0.186640625,0.3709198832511902,0.8773999810218811,28,28,0.8133593797683716,28,0.0,0,0.0,0.0,0,0,0,0,245,625,ref,1.6780130863189697,0.0,R,none,1
-3.8715158254501723,3.613013219727745,38.249574737175465,0.20931640625,-3.992388350135215,3.280853546866102,33.93746574327176,0.18617187500000001,4.102309222510508,6.6222980105526865,0.039392762920683735,-0.03871372227799871,0.052473091277541316,9.887834926946823,0.01300186268868856,0.37526118487468213,-3.9527471360962236,5.615996121082503,2.044493972483334,3.378384544726475,0.20931640625,0.3978966772556305,0.8770999908447266,24,24,0.7906835675239563,24,0.0,0,0.0,0.0,0,0,0,0,246,625,ref,1.9032124280929565,0.0,R,none,1
-4.495736325251309,3.628211502799214,38.263353611089215,0.17615234375,-4.106000189016404,3.2923561803368946,33.76665736322243,0.1808349609375,4.16000018660343,6.646594265034751,0.03301476656436592,-0.03983303638400341,0.05220445750402969,9.908306713235572,0.010458657189155928,0.3754821714056622,-4.069950429389397,5.587695156496348,1.9748213598570985,3.381962525120126,0.17615234375,0.3814410865306854,0.8748999834060669,32,32,0.8238476514816284,32,0.0,0,0.0,0.0,0,0,0,0,247,625,ref,1.8371659517288208,0.0,R,none,1
-4.506032789509471,3.5831444737546105,35.67098831307155,0.17033203125,-4.231129789597349,3.312437304540917,34.05269126381489,0.17381103515625002,4.259697153048637,6.671142702257065,0.04140104120859313,-0.04099771810348079,0.05229247025787338,9.930104150352596,0.008524266457534395,0.37624028740851656,-4.191192266967727,5.597373597943693,2.0801409321695763,3.3896593920362563,0.17033203125,0.3984561264514923,0.8716999888420105,25,25,0.8296679854393005,25,0.0,0,0.0,0.0,0,0,0,0,248,625,ref,2.0203773975372314,0.0,R,none,1
-4.449969512364151,3.684027364319964,39.478497715968636,0.186484375,-4.285355564841051,3.3301328964250727,34.30479419684373,0.17498046875,4.332084513306776,6.70693383140281,0.050766763142856615,-0.041515161145249405,0.05260074709994009,9.946562001881315,0.006621897957520559,0.3781213133199744,-4.246100368424302,5.625001894458301,2.0613960246032272,3.398759714002893,0.186484375,0.40266361832618713,0.878000020980835,27,27,0.8135156035423279,27,0.0,0,0.0,0.0,0,0,0,0,249,625,ref,1.6312919855117798,0.0,R,none,1
-4.288064337405687,3.6515886322724045,36.92463789364117,0.18111328125,-4.204525536552144,3.320239293924761,33.48924986661505,0.1774951171875,4.220338035545883,6.758897820654521,0.044753112721589446,-0.04075136503620607,0.052094573337636646,9.972557452770296,0.008473940223921091,0.3794557471421198,-4.166006724046811,5.569683467736551,2.1248536070067305,3.407488839065566,0.18111328125,0.43958383798599243,0.8754000067710876,23,23,0.8188866972923279,23,0.0,0,0.0,0.0,0,0,0,0,250,625,ref,1.7502732276916504,0.0,R,none,1
-3.9359241991532588,3.639525783438937,39.36037214827117,0.1975,-4.214578553675946,3.334367029830254,33.84013775390543,0.17505859375,4.273973487788452,6.798298587445791,0.04573141438478865,-0.0408106011744818,0.05257954026755231,9.996249419421433,0.006411450480809436,0.383675931651829,-4.174137234177422,5.621909735382779,2.1347461299208508,3.4252851851109414,0.1975,0.40380004048347473,0.8866000175476074,25,25,0.8025000095367432,25,0.0,0,0.0,0.0,0,0,0,0,251,625,ref,1.79316246509552,0.0,R,none,1
-4.195261609101066,3.6362892314170847,39.25908802030391,0.1873828125,-4.203561224935716,3.3394715786918203,34.18252484127506,0.17117919921875002,4.2895525005653745,6.830536178133665,0.03198174619139546,-0.040599339594678055,0.0528956992903813,10.020479094133602,0.0069211969058960675,0.387781416116437,-4.151986313788949,5.664600860450109,2.061503177192906,3.432638607473964,0.1873828125,0.3947897255420685,0.8711000084877014,29,29,0.8126171827316284,29,0.0,0,0.0,0.0,0,0,0,0,252,625,ref,2.00989031791687,0.0,R,none,1
-3.8775802171555602,3.636658902749324,42.3278441422171,0.215546875,-4.121247146636219,3.3405841492645822,34.96280800622973,0.1755419921875,4.265046780015642,6.8535553138130805,0.04090036448904538,-0.03973697446528232,0.05330884784838714,10.039247121269877,0.010181242269463837,0.39352766075010626,-4.060387471553045,5.717953135416285,2.0500665097282122,3.4373783379628877,0.215546875,0.410977840423584,0.8799999952316284,25,25,0.7844531536102295,25,0.0,0,0.0,0.0,0,0,0,0,253,625,ref,1.786450743675232,0.0,R,none,1
-4.3281765284067415,3.6861072167653384,40.36637600444296,0.18658203125,-4.17382738321462,3.347975005289176,34.559481431133825,0.173369140625,4.266325541262777,6.884842897112411,0.05776819766586689,-0.040299053304171,0.05289775211855365,10.058511900132787,0.0119872526708059,0.39076355802384194,-4.116159587495491,5.671953853966824,2.027131941191575,3.44523589628587,0.18658203125,0.36283499002456665,0.8813999891281128,26,26,0.8134179711341858,26,0.0,0,0.0,0.0,0,0,0,0,254,625,ref,1.914393663406372,0.0,R,none,1
-3.9733457910323198,3.7401208775283012,41.41467309613997,0.20294921875,-4.127161284636766,3.3314379128086817,33.32684528376745,0.171025390625,4.133904088336616,6.899422349844787,0.0651521287176622,-0.039851981817957995,0.05193020563397402,10.080625066379795,0.012298862003117392,0.39207642441200774,-4.070050953374321,5.574342457222607,1.9090830777090009,3.4599476371201647,0.20294921875,0.3917655944824219,0.8845000267028809,20,20,0.7970507740974426,20,0.0,0,0.0,0.0,0,0,0,0,255,625,ref,1.9397255182266235,0.0,R,none,1
-3.9676907170440785,3.6515736587849514,39.92872395423648,0.2031640625,-4.082921721299952,3.338254399347567,33.94906709309577,0.1744287109375,4.143855254168752,6.9367732968544145,0.06331388374021518,-0.039393495158454785,0.052377418415421144,10.101771097785553,0.013900596135645173,0.39680860411010216,-4.02148284907918,5.6269091294097375,1.8308333759304007,3.4632847695839395,0.2031640625,0.4267237186431885,0.8740000128746033,28,28,0.7968359589576721,28,0.0,0,0.0,0.0,0,0,0,0,256,625,ref,1.8975646495819092,0.0,R,none,1
-4.006897269703942,3.675335604211689,41.04514100930991,0.20310546875,-4.1143400440590305,3.3612033905817227,35.08421840833469,0.1754345703125,4.251938321096511,6.963184272904495,0.0825656388570629,-0.03962141702176126,0.053267404344686395,10.118045900757567,0.01550167948473245,0.395646606843764,-4.043229582680325,5.711242938585937,1.701359596515317,3.4722529077818085,0.20310546875,0.4232337176799774,0.8765000104904175,30,30,0.7968945503234863,30,0.0,0,0.0,0.0,0,0,0,0,257,625,ref,1.8604156970977783,0.0,R,none,1
-4.009903297517234,3.6146104346794274,38.897075455604465,0.19736328125,-4.032100259544865,3.3443132845653403,33.965573848289225,0.174091796875,4.084947858525432,7.009881974271325,0.08960151252345573,-0.038878542406561536,0.0521789317629344,10.139153363672857,0.014153084312565624,0.40007134787259263,-3.968479727791406,5.605633046847215,1.6846111462287459,3.4763616510455186,0.19736328125,0.41245296597480774,0.8827000260353088,27,27,0.8026367425918579,27,0.0,0,0.0,0.0,0,0,0,0,258,625,ref,1.9670900106430054,0.0,R,none,1
-4.324422298758451,3.7379255364410664,43.99167278057308,0.197734375,-4.110585568863443,3.356693274189072,34.342195542861816,0.16915039062499998,4.183765185236909,7.0209970440764735,0.06262750767276587,-0.03961793181555211,0.052602555521618986,10.15857335452354,0.013320031818002462,0.4068700677989085,-4.045054213449137,5.654848717593418,1.7109213510200225,3.478361824636074,0.197734375,0.3909657895565033,0.8787000179290771,28,28,0.8022656440734863,28,0.0,0,0.0,0.0,0,0,0,0,259,625,ref,2.062851905822754,0.0,R,none,1
-3.947420140619303,3.684474330703343,37.56073919155284,0.20419921875,-4.050291766827431,3.3593560488074945,34.493286638552874,0.17432373046875,4.1717127943416505,7.054385958603593,0.0591743097142549,-0.03916167052053564,0.05282499629597441,10.181819252170396,0.014093808385077865,0.4096557031781572,-3.9975420281880427,5.676563187633766,1.7276816635491985,3.483226882161497,0.20419921875,0.4112396538257599,0.8759999871253967,26,26,0.7958008050918579,26,0.0,0,0.0,0.0,0,0,0,0,260,625,ref,2.0406832695007324,0.0,R,none,1
-4.580480611077118,3.678240612060224,38.144546101192425,0.177890625,-4.29164113945505,3.384712425004943,34.09517716530163,0.16151611328124998,4.324514888583597,7.0809298175436695,0.05083349385557545,-0.041382748426342736,0.05263049657391507,10.200292643322348,0.008863100244197994,0.4102532413830394,-4.230295096951518,5.652125301069876,1.8784156458549317,3.49131213005021,0.177890625,0.39858219027519226,0.8772000074386597,30,30,0.8221094012260437,30,0.0,0,0.0,0.0,0,0,0,0,261,625,ref,1.7942471504211426,0.0,R,none,1
-4.395308446763055,3.678491808054249,37.59534743947748,0.18603515625,-4.429041938788785,3.4201694622611636,35.299573202077426,0.16042236328125,4.503091421647825,7.125566543332585,0.06890118560340483,-0.042668536179953476,0.053357262587453026,10.219345625391803,0.003662187997251749,0.4159690987136132,-4.367209293183804,5.735659695768255,1.972820474783935,3.4917200583669477,0.18603515625,0.3814597427845001,0.8794000148773193,26,26,0.81396484375,26,0.0,0,0.0,0.0,0,0,0,0,262,625,ref,1.8355915546417236,0.0,R,none,1
-4.746713068777178,3.7582000009896284,40.0395629909772,0.1675,-4.523450166155757,3.428336859650868,35.0480894033809,0.15865966796875,4.570928433420864,7.1404943726762475,0.04207081714366061,-0.04369276728709492,0.05318701737685138,10.239599479321289,-0.00030475104693323374,0.41660027128199084,-4.476096225673801,5.71624879666715,1.9144660199288634,3.500833710320984,0.1675,0.39512938261032104,0.8802000284194946,34,34,0.8324999809265137,34,0.0,0,0.0,0.0,0,0,0,0,263,625,ref,1.811653733253479,0.0,R,none,1
-4.267049706851989,3.7912079236374163,40.01135054396575,0.1925390625,-4.462397590591638,3.4266894624279236,34.67632623518918,0.164072265625,4.495391227321327,7.196282708016746,0.05052673657649822,-0.04315192306588344,0.05289169578646265,10.265978340618112,0.001229916918091476,0.4205922677480752,-4.419158659135343,5.6895759308299585,1.8888912047978037,3.5043090687173835,0.1925390625,0.388730525970459,0.8700000047683716,27,27,0.8074609637260437,27,0.0,0,0.0,0.0,0,0,0,0,264,625,ref,2.122173547744751,0.0,R,none,1
-4.26244066119884,3.724136099199524,37.427293030129405,0.17982421875,-4.433897931326052,3.4263292347139886,34.42938676157508,0.159404296875,4.4284362968342235,7.247853224663843,0.06344250315767894,-0.042940367357240695,0.05240557055007513,10.290086058318092,0.002371944920159876,0.4192466827190097,-4.396345327255217,5.641357420491097,1.9128459815634344,3.519055833059632,0.17982421875,0.41081708669662476,0.8648999929428101,22,22,0.8201757669448853,22,0.0,0,0.0,0.0,0,0,0,0,265,625,ref,2.096966505050659,0.0,R,none,1
-4.205072806220381,3.730168542936688,41.97747874882427,0.20697265625,-4.4287853595351505,3.43494209533273,34.97980896488844,0.15844238281249998,4.477765498463586,7.286714922477306,0.03434677734791375,-0.042974317113703406,0.05286358266303262,10.306091313247112,0.001010313935112208,0.42117895378224357,-4.401184697005196,5.691029610390047,1.9356121998349352,3.524514517605255,0.20697265625,0.4077727198600769,0.8744999766349792,29,29,0.7930273413658142,29,0.0,0,0.0,0.0,0,0,0,0,266,625,ref,1.9806172847747803,0.0,R,none,1
-4.59479727613934,3.7971077907851196,41.72668402316991,0.18359375,-4.482878316438468,3.438827995977458,34.45274934008433,0.15798095703124998,4.454974065391085,7.311940955780201,0.058622964747053224,-0.04341484415258714,0.05227693129102371,10.330668306175784,-0.00010476703755557537,0.42126719222466913,-4.4474264039025355,5.627727099767771,1.9075066977683897,3.528426075017784,0.18359375,0.41899919509887695,0.8841000199317932,30,30,0.81640625,30,0.0,0,0.0,0.0,0,0,0,0,267,625,ref,1.9355332851409912,0.0,R,none,1
-4.312785332867174,3.6829840736376096,39.213473431538404,0.1841015625,-4.471567379858595,3.4373018086450187,34.560775218671,0.155009765625,4.448639501915326,7.324689863336116,0.04171435846287388,-0.04318299317706087,0.05240600496288556,10.349765396241843,-0.0014778870344161988,0.4273379265955351,-4.425049217290849,5.650008870055618,1.95115291666492,3.537089752963204,0.1841015625,0.45937761664390564,0.871999979019165,23,23,0.8158984184265137,23,0.0,0,0.0,0.0,0,0,0,0,268,625,ref,2.0749425888061523,0.0,R,none,1
-4.577913672156089,3.7747293958978294,39.26254418366627,0.17185546875,-4.4969925675656315,3.4494566298523197,35.211431998544704,0.14939697265624996,4.485483479303767,7.348753548965249,0.06451401296310305,-0.043308321995666914,0.05266630316148698,10.371590932939602,-0.0006998535338789225,0.4327488303844125,-4.437109593730249,5.684592848993408,2.0009226030287506,3.5440791213061518,0.17185546875,0.455339252948761,0.8797000050544739,27,27,0.8281445503234863,27,0.0,0,0.0,0.0,0,0,0,0,269,625,ref,1.957642674446106,0.0,R,none,1
-4.825711460881325,3.7572519552420616,39.99939572543755,0.1571875,-4.560292260774339,3.464427531564599,35.46561953908606,0.14678955078125,4.54587703102031,7.380553694153928,0.07582739628854553,-0.04391293267750484,0.05275987563357388,10.392777537183367,-0.0011259396537207068,0.4352941554775378,-4.499470675119611,5.699993452052962,2.0489802300507023,3.5482784120435458,0.1571875,0.42199400067329407,0.8694999814033508,30,30,0.8428124785423279,30,0.0,0,0.0,0.0,0,0,0,0,270,625,ref,1.923910140991211,0.0,R,none,1
-4.762737882635029,3.8347082203796425,41.21669386135194,0.16900390625,-4.500061189588889,3.466491308770553,36.27679556854396,0.15224365234374998,4.555371465665001,7.400583450002643,0.06060707811413744,-0.04339936094991481,0.0532755750245924,10.413932210444246,-0.0020608011074364184,0.4371028770137335,-4.44779637257021,5.752227309693421,1.9536125038826833,3.5552982101790693,0.16900390625,0.40121522545814514,0.8675000071525574,22,22,0.8309960961341858,22,0.0,0,0.0,0.0,0,0,0,0,271,625,ref,1.9171202182769775,0.0,R,none,1
-4.514841655266281,3.785646013498623,38.51797343357248,0.18494140625,-4.502379537565428,3.4656902942949985,35.91103467777981,0.15199218750000001,4.514436465953179,7.443689356735598,0.052883393281774056,-0.04342832145096514,0.052852075226756265,10.43219074237259,-0.005079340925440192,0.4405100907316636,-4.453781562745933,5.713573734859438,1.8296402136432615,3.5560187834203614,0.18494140625,0.387453556060791,0.8795999884605408,21,21,0.8150585889816284,21,0.0,0,0.0,0.0,0,0,0,0,272,625,ref,1.675420880317688,0.0,R,none,1
-4.900732294135432,3.7867952729815553,42.368417439957554,0.16666015625,-4.635588148224238,3.4875922115017377,36.22399297946223,0.15048339843750003,4.641637263299191,7.472748962649812,0.04891320777857806,-0.04458316322626978,0.05313708969081521,10.449415347190444,-0.007819801522418856,0.44334082279243325,-4.574821487839822,5.742663513496148,1.8550312467923957,3.559626980091797,0.16666015625,0.448022723197937,0.866599977016449,30,30,0.8333398699760437,30,0.0,0,0.0,0.0,0,0,0,0,273,625,ref,2.0338568687438965,0.0,R,none,1
-4.633274636081873,3.8415287071812525,46.805384463468336,0.1835546875,-4.613361245935826,3.4958240905866558,36.98469214308415,0.15357421875,4.686272969851907,7.5050093010724614,0.029503801401645924,-0.04440038203654968,0.053722259706033004,10.469333242042689,-0.0074287437717430295,0.4456291924020059,-4.555706724966605,5.804562453951322,1.8899253461338201,3.571018711761763,0.1835546875,0.4445246458053589,0.873199999332428,31,31,0.8164452910423279,31,0.0,0,0.0,0.0,0,0,0,0,274,625,ref,1.956047773361206,0.0,R,none,1
-4.257143984273898,3.7653294498922882,44.26801708143164,0.18755859375,-4.479045198945923,3.501196718855167,38.526944539796226,0.16241943359375,4.705049822407927,7.5345973954075465,0.018731246306712274,-0.04330893100331438,0.05478388841343136,10.48908802232141,-0.00386675450950861,0.4500374450256352,-4.440338880116685,5.92304546361561,1.7956541207351049,3.576604346303035,0.18755859375,0.42588678002357483,0.873199999332428,28,28,0.8124414086341858,28,0.0,0,0.0,0.0,0,0,0,0,275,625,ref,2.0404551029205322,0.0,R,none,1
-4.729180421976134,3.763322982159365,45.3819125745968,0.1860546875,-4.553841193559899,3.5215613619151136,39.1909228102875,0.16116943359375002,4.831382013228653,7.555905828569832,0.014106583934941429,-0.044008988023082216,0.05541745530715698,10.50777540790558,-0.004045259915292263,0.45128909994080424,-4.512229694798769,5.984953020241511,1.7147663858018198,3.5861944406611155,0.1860546875,0.47769710421562195,0.8672000169754028,31,31,0.8139452934265137,31,0.0,0,0.0,0.0,0,0,0,0,276,625,ref,1.9841090440750122,0.0,R,none,1
-4.566730705885248,3.80486906584885,45.42789862075516,0.19841796875,-4.55469532887526,3.534090369059483,40.09872832928797,0.16188232421875,4.892334093212916,7.591105378737236,0.006355264728837828,-0.04390281557776895,0.05606787838966463,10.527589184194797,-0.002851129621267319,0.4529711699354545,-4.5001594915279295,6.048494117100322,1.7843818704386905,3.5888789493046134,0.19841796875,0.4032895267009735,0.8810999989509583,27,27,0.8015820384025574,27,0.0,0,0.0,0.0,0,0,0,0,277,625,ref,2.072265148162842,0.0,R,none,1
-4.472401521915966,3.891325794621611,42.42587310556897,0.188046875,-4.514201455551326,3.5343472477453806,39.75541872749007,0.16485107421875,4.853881731075919,7.625243492122129,0.012485244447296387,-0.0435564207379767,0.055982544467246695,10.553636978348036,-0.00010519382543861866,0.45234234808912865,-4.461929626307132,6.035993485767761,1.781384509369467,3.603509235695473,0.188046875,0.4091208875179291,0.8791999816894531,24,24,0.8119531273841858,24,0.0,0,0.0,0.0,0,0,0,0,278,625,ref,1.9917950630187988,0.0,R,none,1
-4.409089330815965,3.8960781396497217,50.193530358335735,0.20017578125,-4.552828231753029,3.543679437261565,39.804667120178785,0.15897705078125,4.883080000613545,7.659314653923912,0.015269299532984712,-0.04393047903062515,0.05596056687924913,10.575348901039686,0.0009495234413770959,0.4518244843729294,-4.4991926220441325,6.0326359832133525,1.8053925159064876,3.6125925273800625,0.20017578125,0.4116981625556946,0.8741000294685364,30,30,0.7998242378234863,30,0.0,0,0.0,0.0,0,0,0,0,279,625,ref,1.9603840112686157,0.0,R,none,1
-4.301930655929844,3.7801793888820123,46.30096397487683,0.19974609375,-4.459265746873891,3.5423842245152923,40.26992831187089,0.16632812500000002,4.847867176588205,7.688214054777928,0.012404762728671246,-0.04296836417594264,0.05637989420219682,10.593248131545652,0.0038883113209158184,0.45334320438617265,-4.397696893701092,6.0787739054454715,1.7857969907740197,3.6157392886433812,0.19974609375,0.40938422083854675,0.8743000030517578,28,28,0.8002539277076721,28,0.0,0,0.0,0.0,0,0,0,0,280,625,ref,2.056992530822754,0.0,R,none,1
-4.443797917941466,3.877386160935955,46.26881039641321,0.19166015625,-4.3348821906455,3.5535758106673248,41.84530365844534,0.17653808593749998,4.87812507531249,7.72287331030854,0.02690265653890231,-0.041897435856303726,0.057453815886661604,10.611773457098387,0.004858878528466448,0.45454745719754847,-4.2870227727799275,6.178634406618895,1.873011251433928,3.6238892934721783,0.19166015625,0.3500837981700897,0.8810999989509583,23,23,0.8083398342132568,23,0.0,0,0.0,0.0,0,0,0,0,281,625,ref,1.7604718208312988,0.0,R,none,1
-4.592547891255168,3.8628325649545205,43.482749866775514,0.1857421875,-4.413448504986563,3.5420880322136568,40.071485555930856,0.16598388671875,4.811046214839468,7.745957906166285,-0.010616493054541477,-0.042679246224455285,0.05626089762441206,10.633771981139212,-0.001076580393128097,0.46021656156377805,-4.373045175097783,6.065618583302062,1.9425636846100178,3.6290994639663676,0.1857421875,0.39696651697158813,0.8730000257492065,28,28,0.814257800579071,28,0.0,0,0.0,0.0,0,0,0,0,282,625,ref,1.9544044733047485,0.0,R,none,1
-4.464097703955701,3.846094012485539,43.985660589653946,0.1897265625,-4.472691672913794,3.56563900620972,41.13184357145363,0.16977783203125,4.954692887698527,7.770973192358001,-0.01188455745229206,-0.04324138282953509,0.05714791284519879,10.650662985071868,-0.005588542986661196,0.46463080262067236,-4.435141181477323,6.160276350271316,1.8971062207634712,3.632926176193379,0.1897265625,0.43342119455337524,0.8745999932289124,33,33,0.8102734088897705,33,0.0,0,0.0,0.0,0,0,0,0,283,625,ref,2.0593795776367188,0.0,R,none,1
-4.96527576112362,3.867577355585345,50.282296916007155,0.186796875,-4.528959981729984,3.5905696063317216,42.72684270622389,0.17407958984375,5.119252566987427,7.791297125705984,-0.018359594780281496,-0.04364868733188957,0.058318648066479926,10.660081894645355,-0.00790553774975706,0.4656120329005229,-4.479181558218877,6.277295207926015,1.8848827213415391,3.63804391848031,0.186796875,0.4730572998523712,0.8547000288963318,32,32,0.8132030963897705,32,0.0,0,0.0,0.0,0,0,0,0,284,625,ref,1.9289205074310303,0.0,R,none,1
-4.633277702254442,3.892715272579944,48.34802764583874,0.1891796875,-4.5496954595595085,3.5912741312236447,42.09492848244226,0.16904785156250002,5.068269453991746,7.829799899268835,-0.0008194676644358978,-0.043879533162534706,0.05768893762618509,10.684225901958566,-0.007222223591525107,0.46371847516806475,-4.502145585826975,6.212651523319905,1.6852988802277231,3.643390163671504,0.1891796875,0.41920724511146545,0.8766999840736389,35,35,0.8108203411102295,35,0.0,0,0.0,0.0,0,0,0,0,285,625,ref,1.988999605178833,0.0,R,none,1
-4.328653995330416,3.8800664550327397,43.687877097901655,0.20369140625,-4.4801303795052085,3.5839388864396398,41.97050208238788,0.17087402343749997,5.0174256962702035,7.832952312251604,-0.005760066787602338,-0.04324303038618108,0.05771278940769773,10.701032412597415,-0.0034092229639645665,0.46442102344767594,-4.433130633552344,6.215739203745475,1.7626141013582024,3.6530556468827866,0.20369140625,0.42793071269989014,0.8772000074386597,24,24,0.7963085770606995,24,0.0,0,0.0,0.0,0,0,0,0,286,625,ref,1.9822179079055786,0.0,R,none,1
-4.200571162361483,3.8217080042758593,46.41235739329971,0.185234375,-4.2968161140702525,3.5756571389800533,42.99643437788095,0.18300781250000003,4.951534943865405,7.859639022801489,-0.025849991127875303,-0.0415672025332779,0.05834891167043247,10.719898252453033,-0.0029313810914754867,0.46740331711207944,-4.260984653388651,6.28195518514959,1.7905166254830853,3.658161662688417,0.185234375,0.4758794605731964,0.8748000264167786,23,23,0.8147656321525574,23,0.0,0,0.0,0.0,0,0,0,0,287,625,ref,2.326735734939575,0.0,R,none,1
-4.2417955426361535,3.874280078681442,47.928573883950115,0.197578125,-4.285311434496467,3.5732496688536006,42.57163184732938,0.17933593750000001,4.931341880176392,7.8913618682621305,-0.05459055247615618,-0.041567303722954314,0.05816920413937382,10.742371819139848,0.00045555500313639643,0.46794699582006777,-4.257608082943074,6.266900360679086,1.869149279411213,3.669050841208809,0.197578125,0.4111396372318268,0.8805999755859375,28,28,0.8024218678474426,28,0.0,0,0.0,0.0,0,0,0,0,288,625,ref,1.9814445972442627,0.0,R,none,1
-4.293449210717102,4.006387336539155,56.74399955639833,0.20869140625,-4.21850814604614,3.5710721480295624,43.09812305465698,0.18429931640624997,4.8989226311932015,7.90241789210538,-0.04878423686610775,-0.04096387072640999,0.058308273279690986,10.765497216181782,0.0010097671207040548,0.4713928639540664,-4.1952395150605115,6.285156522538727,1.9683047571499666,3.6791707432195966,0.20869140625,0.38021159172058105,0.8830999732017517,25,25,0.791308581829071,25,0.0,0,0.0,0.0,0,0,0,0,289,625,ref,1.8687866926193237,0.0,R,none,1
-4.579636430443686,3.853987371640266,50.625756016213984,0.17630859375,-4.260544553385314,3.5918339437128455,44.10438042019694,0.1814990234375,4.996406739075955,7.938743415496113,-0.03387907536429465,-0.04140109354100165,0.058863302282751856,10.784769116097609,0.0004704080696683377,0.4740780267528088,-4.240567022529871,6.34650694918081,2.070821113683026,3.68384726207737,0.17630859375,0.4201439321041107,0.8723000288009644,25,25,0.8236914277076721,25,0.0,0,0.0,0.0,0,0,0,0,290,625,ref,1.9989514350891113,0.0,R,none,1
-4.293460554407422,3.931924420399348,52.2525973716347,0.2033984375,-4.252565466418593,3.59103372070957,43.86587117106706,0.18247314453125,4.967890155962445,7.963732558851619,-0.03609953154085032,-0.04119041204368114,0.0587599394756134,10.80326209755985,0.0004238700261339545,0.47295759859639425,-4.2190318089902945,6.332533125900193,1.9638310581362037,3.690438997177168,0.2033984375,0.43625688552856445,0.8736000061035156,28,28,0.7966015338897705,28,0.0,0,0.0,0.0,0,0,0,0,291,625,ref,1.7025446891784668,0.0,R,none,1
-4.370485353494574,3.874833636872416,53.242761882430905,0.19255859375,-4.273830640682564,3.5865971139689212,42.99924403988757,0.17854980468749998,4.897550026590738,7.989798100655698,-0.023669269316240738,-0.04135039122137396,0.05802254591149767,10.827105437742938,0.0004356334554904606,0.47562023914176915,-4.235407962465594,6.265910428589969,2.0654712302973284,3.6988228180746274,0.19255859375,0.43374180793762207,0.8758999705314636,28,28,0.8074414134025574,28,0.0,0,0.0,0.0,0,0,0,0,292,625,ref,1.9508874416351318,0.0,R,none,1
-4.316467516065748,3.9186497436268186,52.95484334189428,0.19921875,-4.235175445098069,3.587916626549249,43.07956336249342,0.18076416015625,4.8864301179016465,8.039349041100099,-0.05263343993320824,-0.04092006010725065,0.05822794191966703,10.846621914149013,-0.00033399822190403937,0.4802681767092533,-4.192095416440577,6.293826269474432,2.0425502453567685,3.712999022117235,0.19921875,0.38566723465919495,0.8783000111579895,22,22,0.80078125,22,0.0,0,0.0,0.0,0,0,0,0,293,625,ref,1.8082764148712158,0.0,R,none,1
-4.407778867291461,3.953412682178718,51.97873134378857,0.19568359375,-4.24537239449894,3.610871174095379,44.375487840803196,0.1842919921875,4.997227118606722,8.068933974269257,-0.0277704569630398,-0.041020348589383346,0.05913645452532774,10.867580465436326,-0.001930079258454498,0.48338034345449765,-4.203964830140709,6.388843968702491,2.02868965012833,3.7178619089113067,0.19568359375,0.411795973777771,0.8693000078201294,28,28,0.8043164014816284,28,0.0,0,0.0,0.0,0,0,0,0,294,625,ref,1.860325574874878,0.0,R,none,1
-4.337722983194725,3.8803954706035295,49.604969317557035,0.18634765625,-4.266670971831073,3.6243262633005746,45.1472506062348,0.18475097656249997,5.103167942760766,8.092882869566749,-0.06030994947721065,-0.04136264529431275,0.059822503738883065,10.887718224788433,-0.00345713279210031,0.4872382915384695,-4.240556009131302,6.461544864908236,1.9545718919348256,3.721749706640891,0.18634765625,0.45001712441444397,0.8769999742507935,23,23,0.8136523365974426,23,0.0,0,0.0,0.0,0,0,0,0,295,625,ref,1.7588307857513428,0.0,R,none,1
-4.303020125608345,3.893752183012772,47.83604353843448,0.190234375,-4.235912820901054,3.622791664222433,44.99104782417251,0.1884765625,5.067399467840252,8.121028560511165,-0.06380858599187267,-0.04108629346821882,0.059702945278772436,10.910131799125525,-0.001807089961366728,0.4884966526870521,-4.21059708993434,6.452014500380131,1.9419706627641764,3.7307385167624942,0.190234375,0.45358777046203613,0.8762000203132629,26,26,0.809765636920929,26,0.0,0,0.0,0.0,0,0,0,0,296,625,ref,1.9072555303573608,0.0,R,none,1
-4.275979945971681,4.029984802421833,51.805673826384556,0.199921875,-4.21841354297898,3.625079435740549,44.785174394100814,0.18771240234375,5.01640741519085,8.158211453355163,-0.033417953116999875,-0.04090623842565556,0.059383077677379464,10.93201840253203,0.0006931387420627288,0.4913182415549459,-4.1896524166579,6.423527813942431,1.9363513673974193,3.7322231196928413,0.199921875,0.39367347955703735,0.8769999742507935,24,24,0.8000781536102295,24,0.0,0,0.0,0.0,0,0,0,0,297,625,ref,1.9160542488098145,0.0,R,none,1
-4.348831993440131,4.0219020356299895,54.86013209662382,0.20275390625,-4.22117714577416,3.6269723618404814,44.05672076986573,0.18594238281249997,4.974556095507823,8.200302391907428,-0.01992997386053432,-0.04108124372511433,0.058895003266247595,10.951693068694023,-0.0007080692336603533,0.49059890612573614,-4.2089807845725975,6.367860674921475,1.9283946547425668,3.737698087240923,0.20275390625,0.4319729804992676,0.8695999979972839,26,26,0.7972460985183716,26,0.0,0,0.0,0.0,0,0,0,0,298,625,ref,2.383272409439087,0.0,R,none,1
-4.3704682885262685,3.9089635944084296,52.19223163543659,0.205,-4.2448926029447795,3.64376543190887,44.92990603797723,0.19022705078125002,5.079770007656207,8.23662843794648,-0.03937192282865654,-0.04135422992995275,0.05962529095686608,10.972103857239864,-0.002010250241437461,0.49400329262765663,-4.238247075069669,6.448056649845019,1.8958015754735156,3.7444851541129047,0.205,0.4726843237876892,0.8658000230789185,28,28,0.7950000166893005,28,0.0,0,0.0,0.0,0,0,0,0,299,625,ref,1.9978113174438477,0.0,R,none,1
-4.145501220643274,4.009920424851823,56.52872605224171,0.22595703125,-4.130606752211246,3.648234674944373,46.17975241645747,0.19638916015625002,5.1106605487438515,8.26414966204556,-0.06519396732294262,-0.040360404318305544,0.06056735485066298,10.991650232511438,0.0009447935642674565,0.4997678197505487,-4.133486710244842,6.551378105215682,1.9044597470071611,3.7501594738679036,0.22595703125,0.43877333402633667,0.8744000196456909,27,27,0.7740429639816284,27,0.0,0,0.0,0.0,0,0,0,0,300,625,ref,1.9318140745162964,0.0,R,none,1
-4.138720141392833,3.9472005037760183,51.21494986708052,0.2063671875,-4.154166852440084,3.6562922083529013,46.75299096976427,0.19243164062499998,5.175952321876174,8.266771290160317,-0.07425089917436008,-0.040570073388981706,0.060984530108808346,11.010182959459527,-0.003851443757303059,0.5050027145416178,-4.159760988379418,6.589249626618167,1.9490851883886395,3.7517156434380414,0.2063671875,0.46100038290023804,0.8762000203132629,25,25,0.7936328053474426,25,0.0,0,0.0,0.0,0,0,0,0,301,625,ref,2.0738699436187744,0.0,R,none,1
-4.4603410287468455,4.042259191242719,54.16888082263509,0.19115234375,-4.1538628934542485,3.6506618687657753,45.67218276253279,0.18755615234375,5.069731458309067,8.304592296951803,-0.04699167520045092,-0.040526680667217124,0.06010433032952399,11.034354168529362,-0.002672516698949039,0.5028595724069854,-4.154137005853219,6.495006430481547,1.9934054103010963,3.768996364953434,0.19115234375,0.4585314095020294,0.8762000203132629,25,25,0.8088476657867432,25,0.0,0,0.0,0.0,0,0,0,0,302,625,ref,1.8098734617233276,0.0,R,none,1
-4.280335088245629,3.9785260209923337,53.166741774385045,0.20431640625,-4.172449969959121,3.6675560508069855,46.81675042246352,0.19330322265625,5.163070326861753,8.32620883693663,-0.038311777987450314,-0.04069278537295697,0.060792996118510585,11.054699661309723,-0.003139333276776597,0.5071232602759264,-4.171619225025274,6.570826709376887,1.9794198735289532,3.7759715161526013,0.20431640625,0.4513830542564392,0.8652999997138977,19,19,0.7956836223602295,19,0.0,0,0.0,0.0,0,0,0,0,303,625,ref,1.927758812904358,0.0,R,none,1
-4.1481289649271185,4.025013199000004,58.1605936049485,0.229453125,-4.166131455715417,3.675532738874724,47.3510674085746,0.19386718749999998,5.224289831111484,8.345548288779511,-0.060297205351068965,-0.040748954318303256,0.0612753612610266,11.07099355609671,-0.00393681938177906,0.5126717817682674,-4.178170534985556,6.62701944049157,1.9197294546296355,3.781390882015343,0.229453125,0.3684174716472626,0.8701000213623047,24,24,0.7705468535423279,24,0.0,0,0.0,0.0,0,0,0,0,304,625,ref,1.7641303539276123,0.0,R,none,1
-4.229676055111408,4.076111094552806,53.750750777989076,0.2106640625,-4.12265170364626,3.6688876058919564,46.747880526645396,0.1956201171875,5.122165899364018,8.375912657256775,-0.037342291953180874,-0.0402681234965114,0.06072701715385664,11.090258975999113,-0.004086445509456098,0.515092080006102,-4.129064903858116,6.56868319270239,1.9333976118716256,3.789119261997227,0.2106640625,0.4395926296710968,0.8740000128746033,22,22,0.7893359661102295,22,0.0,0,0.0,0.0,0,0,0,0,305,625,ref,1.602054476737976,0.0,R,none,1
-4.0495073016741845,3.910242424608947,50.287719789641116,0.21662109375,-4.088456640882916,3.6736264051777616,47.394100175884894,0.20104003906249998,5.137898460958126,8.405126237412272,-0.04749373355111661,-0.039855054858973595,0.06113243246316978,11.105245702294189,-0.0021020481828600166,0.5144068532413404,-4.084766659157666,6.605402836841115,1.970849459574195,3.8021368437021086,0.21662109375,0.38437560200691223,0.8845000267028809,25,25,0.7833788990974426,25,0.0,0,0.0,0.0,0,0,0,0,306,625,ref,1.807175636291504,0.0,R,none,1
-4.231822569135169,3.9361517041822967,48.2793927771713,0.20013671875,-4.087480120774246,3.6676536780755695,46.431316209390204,0.19954833984375003,5.0495989270057455,8.433537963297457,-0.0314533880019497,-0.03980592785532793,0.06041160857876522,11.13069186832819,0.0007998691871762276,0.5151517517448575,-4.076832279031348,6.534435121800358,1.978647087371101,3.8108821427973028,0.20013671875,0.4421079158782959,0.866100013256073,22,22,0.7998632788658142,22,0.0,0,0.0,0.0,0,0,0,0,307,625,ref,2.058183431625366,0.0,R,none,1
-4.024465227838977,3.934915332912428,60.59666835714428,0.225703125,-4.102023524645005,3.693175799044563,48.37334182357648,0.20322998046875002,5.229607885463065,8.467006769007332,-0.05706717182195559,-0.040087939563581455,0.061754486593422246,11.14653849959038,-0.00020877875038422645,0.5218077882820321,-4.106729589278903,6.684967901165426,1.9871340511212274,3.8182714398711877,0.225703125,0.4689403474330902,0.8708999752998352,24,24,0.7742968797683716,24,0.0,0,0.0,0.0,0,0,0,0,308,625,ref,2.082937717437744,0.0,R,none,1
-4.127359544649797,4.018086073004072,53.668219372443275,0.21283203125,-4.076241902222237,3.7093285488695016,49.25726079011993,0.20407714843750002,5.2700223696919615,8.498458116114488,-0.009362202348128958,-0.039816509087084666,0.062267134596956146,11.164498009292377,-1.903945114463568e-05,0.5229901295942844,-4.078735105897522,6.736509452270846,2.0035926282219716,3.822148146147706,0.21283203125,0.43112435936927795,0.8604000210762024,25,25,0.7871679663658142,25,0.0,0,0.0,0.0,0,0,0,0,309,625,ref,2.2778844833374023,0.0,R,none,1
-4.221937462688987,4.0020791897836725,52.64963151605352,0.2140625,-4.114309010452335,3.716990994390996,49.34770306786,0.20149169921875001,5.319203415250467,8.515596489470193,-0.018777852336897043,-0.040191331435236066,0.06243544734809622,11.184681157646455,-0.002115314967231825,0.5260215762232213,-4.11922736259128,6.751320337353032,2.0689505891788587,3.8199085911232773,0.2140625,0.44244375824928284,0.8722000122070312,24,24,0.785937488079071,24,0.0,0,0.0,0.0,0,0,0,0,310,625,ref,1.956112027168274,0.0,R,none,1
-4.278372631387174,4.002999236555629,54.350319783407556,0.20369140625,-4.1351608839067895,3.7221062395169957,49.4843594198645,0.20024414062499998,5.3605827146442735,8.533386110145063,-0.039893966537988844,-0.04046616260086144,0.06260118919666449,11.203668507670027,-0.0024062339030206203,0.5288726317114486,-4.147671384762329,6.772530158071619,2.0677089612171997,3.8259320830696715,0.20369140625,0.45423898100852966,0.8629000186920166,21,21,0.7963085770606995,21,0.0,0,0.0,0.0,0,0,0,0,311,625,ref,1.882053256034851,0.0,R,none,1
-4.54112037791424,4.087598631024557,52.33870145943166,0.193984375,-4.3677778265627385,3.759210417596373,50.53517219419941,0.19385498046875,5.60119703195549,8.571476688357237,-0.04101075654763054,-0.04261880566123475,0.06316218182830038,11.218850360338324,-0.008788790932158008,0.5317271165991041,-4.374565986593428,6.827661147592653,2.0601931907812565,3.8323158568119235,0.193984375,0.4805538058280945,0.8651000261306763,29,29,0.8060156106948853,29,0.0,0,0.0,0.0,0,0,0,0,312,625,ref,1.758789300918579,0.0,R,none,1
-4.4142425402416645,4.067040657534819,55.930516725986216,0.20837890625,-4.357560731427189,3.768471355581817,51.02684605315865,0.19772949218750002,5.637381290138129,8.59846225323421,-0.03446718553169014,-0.04248394637826752,0.06354875510808086,11.235246200331211,-0.00823720324668102,0.533261553297807,-4.360199709052926,6.862775127325318,1.9588890770865621,3.8420649603942936,0.20837890625,0.4457458555698395,0.8634999990463257,31,31,0.7916210889816284,31,0.0,0,0.0,0.0,0,0,0,0,313,625,ref,1.921385407447815,0.0,R,none,1
-4.616190625928877,4.062297918673984,58.36741624692961,0.1973828125,-4.398610624122421,3.789693581573936,52.684502274307015,0.1974169921875,5.7967329343643605,8.611983944223695,-0.04693943636537304,-0.04277286838430351,0.06464506859603944,11.250076618793337,-0.012113837321521714,0.5379708772568226,-4.39367288122184,6.9762403251975975,1.8641900618020504,3.852670010483342,0.1973828125,0.46855413913726807,0.8636000156402588,28,28,0.8026171922683716,28,0.0,0,0.0,0.0,0,0,0,0,314,625,ref,2.058863878250122,0.0,R,none,1
-4.224539028348229,4.044722246048894,62.20088772573447,0.2323828125,-4.365285061787247,3.7804343333442674,52.17320617004358,0.19886962890624998,5.690686933844545,8.63747906487831,-0.03648224999474495,-0.04234941615414192,0.06407113210455045,11.271423838804983,-0.010707384888082743,0.5451131709815551,-4.34888890890701,6.934666577615324,1.9360106561617263,3.857199686950047,0.2323828125,0.4489198327064514,0.8744999766349792,23,23,0.7676171660423279,23,0.0,0,0.0,0.0,0,0,0,0,315,625,ref,2.01936674118042,0.0,R,none,1
-3.935814631285522,4.003972663979593,54.2220857824298,0.227734375,-4.167754546865068,3.7777320239479124,52.935018327329196,0.20837890625,5.608295357229357,8.694568750091921,-0.031604862559689945,-0.04053125576216545,0.06457862465097725,11.295402769565781,-0.0046928894519805905,0.5468412142716883,-4.156626041321769,6.988399303338106,1.9478699835765134,3.861481501559823,0.227734375,0.37563204765319824,0.8762999773025513,28,28,0.772265613079071,28,0.0,0,0.0,0.0,0,0,0,0,316,625,ref,1.8360098600387573,0.0,R,none,1
-4.393811050028592,4.132978779497682,55.52210653911221,0.2074609375,-4.244819850424307,3.8024201340326655,54.484710989092946,0.20526855468749997,5.759449915525454,8.707760679438737,-0.008811719267201439,-0.04111465939973025,0.06541745087023429,11.307780880593569,-0.008204571893438697,0.5535849250075209,-4.219900315821572,7.0812819905618865,1.971520525333724,3.870816027063688,0.2074609375,0.45550820231437683,0.8636000156402588,23,23,0.7925390601158142,23,0.0,0,0.0,0.0,0,0,0,0,317,625,ref,1.8468111753463745,0.0,R,none,1
-3.9717972134177733,4.10223855481833,64.1672618753413,0.23458984375,-4.270428166909872,3.8085950172266614,54.820877580528325,0.20592041015624998,5.78091129510342,8.747032303982145,-0.0225475938418159,-0.041465889540108304,0.06536576720272681,11.322567523417655,-0.010022983297239989,0.5567168259106414,-4.257697974261998,7.080638149643795,2.021245977743608,3.8788901408186316,0.23458984375,0.3932734429836273,0.8709999918937683,27,27,0.7654101848602295,27,0.0,0,0.0,0.0,0,0,0,0,318,625,ref,1.8659257888793945,0.0,R,none,1
-4.424930808247488,4.121351980409377,60.24898806071143,0.20787109375,-4.266814219493698,3.8162706327345837,55.105417398947786,0.21130126953124997,5.780077709382144,8.790573311627684,-0.006729478737411898,-0.04140841185627396,0.0653955878178896,11.341661372867609,-0.009614264530828222,0.5568122601974035,-4.251401367333304,7.078634170183578,2.1018655485404745,3.8862757584402896,0.20787109375,0.4422028958797455,0.8666999936103821,25,25,0.7921289205551147,25,0.0,0,0.0,0.0,0,0,0,0,319,625,ref,2.043410539627075,0.0,R,none,1
-4.745797803217488,4.149711081738406,62.238484465053205,0.2044140625,-4.399999081646151,3.8376353560137395,56.06909586071083,0.20396240234375,5.968407611683275,8.811779912987177,-0.052742398943755264,-0.042658370707858495,0.06608110915163193,11.35583979949378,-0.013318585896631702,0.5619496892603377,-4.383148738359841,7.157231788330016,2.0578036469434915,3.8889507932812837,0.2044140625,0.44907858967781067,0.8669999837875366,28,28,0.7955859303474426,28,0.0,0,0.0,0.0,0,0,0,0,320,625,ref,2.0834901332855225,0.0,R,none,1
-4.213511311327899,4.064895004701583,59.78975729108805,0.2101953125,-4.293168541278658,3.836700509459064,56.68957776353775,0.20632812500000003,5.933251693430841,8.854281345662727,-0.0672622398101316,-0.04173689165276558,0.0663930809265408,11.373660157633157,-0.014135252446867525,0.5679396711444434,-4.289571106839371,7.198658809224867,2.050402770702771,3.8929428275432487,0.2101953125,0.4445757567882538,0.8553000092506409,25,25,0.7898046970367432,25,0.0,0,0.0,0.0,0,0,0,0,321,625,ref,1.8299201726913452,0.0,R,none,1
-4.267213104718701,4.011018745108844,57.882468199947446,0.231015625,-4.339578428361144,3.8444606665905514,56.993412649106915,0.2048828125,5.997438239119322,8.857056657330967,-0.07461707948842666,-0.042253626797959846,0.06656704736456263,11.391706854878278,-0.01748065468389541,0.5727109439545687,-4.3458497266568665,7.218332107226913,2.035245420380468,3.909213534242267,0.231015625,0.42284300923347473,0.8705999851226807,23,23,0.7689843773841858,23,0.0,0,0.0,0.0,0,0,0,0,322,625,ref,1.8645035028457642,0.0,R,none,1
-4.297948789795788,4.065429380347179,59.59632026360428,0.21763671875,-4.417478213840504,3.8628472005023444,57.981098996111186,0.2032177734375,6.13577291413487,8.863244924851394,-0.07742934455746563,-0.04298748296383662,0.06717146338464117,11.404513918393318,-0.024593708362663166,0.5766758125392838,-4.428137400181782,7.285129257568839,2.0639006567347176,3.907834766513203,0.21763671875,0.4061698317527771,0.8769000172615051,21,21,0.7823632955551147,21,0.0,0,0.0,0.0,0,0,0,0,323,625,ref,1.7475310564041138,0.0,R,none,1
-4.412052896119529,4.18717837122761,69.10915762993814,0.232421875,-4.503119511755654,3.890533967335186,59.49195221253801,0.20684814453125,6.327944679779717,8.876232646655577,-0.06792277544643445,-0.043715431256530074,0.06817684776698822,11.417800793923888,-0.02744658689276548,0.5780814212120561,-4.50555970895644,7.379377651190276,2.07478955234638,3.9195060368438215,0.232421875,0.44677844643592834,0.8694000244140625,29,29,0.767578125,29,0.0,0,0.0,0.0,0,0,0,0,324,625,ref,1.9489353895187378,0.0,R,none,1
-4.4118488634217705,4.188763820071049,63.91193268718578,0.218671875,-4.484658497344023,3.899211949376563,59.80329150442575,0.20466552734375,6.331061109679106,8.926246596819766,-0.05345388033789833,-0.043497481044208405,0.06833974630954757,11.435926004646797,-0.026260173151094933,0.5814875020736098,-4.482046952371968,7.3996432510942505,2.0549313757503826,3.9252467550309986,0.218671875,0.38266101479530334,0.8801000118255615,31,31,0.7813281416893005,31,0.0,0,0.0,0.0,0,0,0,0,325,625,ref,1.7627888917922974,0.0,R,none,1
-4.762292369917671,4.361338810214807,67.3247591600408,0.20697265625,-4.553975646637781,3.9171000791524624,60.96537063270099,0.203505859375,6.464917239721505,8.93460448733525,-0.05584869696053018,-0.0440574543418408,0.0689930340968564,11.45093412155859,-0.029180063293315472,0.5866735446333043,-4.54232928181892,7.468295747781296,2.043438111796619,3.937949633305794,0.20697265625,0.4826301038265228,0.8601999878883362,30,30,0.7930273413658142,30,0.0,0,0.0,0.0,0,0,0,0,326,625,ref,2.330919027328491,0.0,R,none,1
-4.727580622834786,4.20882528031286,67.43987920695679,0.19814453125,-4.685057946305898,3.9467406930172824,62.68050834696311,0.19757080078125,6.683216475972737,8.938450735926553,-0.04490511398075101,-0.04514297827643711,0.06992484424868455,11.45906958171149,-0.03551711193518713,0.5967178731988625,-4.659865027033269,7.574781760035443,2.075264714572345,3.9464635385150997,0.19814453125,0.4852586090564728,0.8583999872207642,32,32,0.8018554449081421,32,0.0,0,0.0,0.0,0,0,0,0,327,625,ref,2.2554421424865723,0.0,R,none,1
-4.55573904756618,4.346586544896845,71.88367902297483,0.22505859375,-4.697792378189428,3.9501879273604676,62.840928862596044,0.19981933593749998,6.723818973155028,8.963333836155055,-0.0831681478456982,-0.04524978182677217,0.07015636386670678,11.473236987369699,-0.03737069037742913,0.6009650051705512,-4.672659327469806,7.598876510763568,1.9625121033319122,3.9459149788888066,0.22505859375,0.4139291048049927,0.8722000122070312,27,27,0.7749413847923279,27,0.0,0,0.0,0.0,0,0,0,0,328,625,ref,1.8799189329147339,0.0,R,none,1
-4.9650994607399745,4.331802318963155,67.58615696055162,0.20642578125,-4.699761996157322,3.9493304856556763,62.49699330846943,0.19501953125000002,6.710344671686771,8.98892239049264,-0.10205577725011789,-0.045375753301279215,0.06997522850841507,11.492483180757986,-0.0360895225033164,0.6052320087096922,-4.684282401799904,7.582406426869879,1.8489031329081507,3.963089900101201,0.20642578125,0.47969722747802734,0.862500011920929,30,30,0.7935742139816284,30,0.0,0,0.0,0.0,0,0,0,0,329,625,ref,2.064578056335449,0.0,R,none,1
-4.498757407728427,4.238666138465427,66.52523982792927,0.2145703125,-4.663136191628224,3.951754915878115,62.78097953581007,0.1999951171875,6.725949718684724,9.014666518140482,-0.12424932165836021,-0.04496617339840744,0.0703541753107913,11.506500580067055,-0.034868851862847806,0.6064843357193711,-4.641105262130899,7.62180276388623,1.842032970133015,3.9786066798975446,0.2145703125,0.43726402521133423,0.8702999949455261,26,26,0.7854297161102295,26,0.0,0,0.0,0.0,0,0,0,0,330,625,ref,2.026733160018921,0.0,R,none,1
-4.731486358219358,4.233703960003309,64.94244532497261,0.20875,-4.700631134720678,3.9490238437607506,61.4046423217963,0.19693359375,6.666868978835393,9.063800709703841,-0.1358803699483061,-0.04541778750432509,0.06962508308038155,11.527501288253589,-0.03453271627426147,0.6057642968513368,-4.6870314873537895,7.545479597921631,1.8268227239455523,3.989747749606504,0.20875,0.4518454074859619,0.8738999962806702,27,27,0.7912499904632568,27,0.0,0,0.0,0.0,0,0,0,0,331,625,ref,2.173347234725952,0.0,R,none,1
-4.551305880766184,4.314980494114638,66.61869554706048,0.21240234375,-4.6251048421035525,3.940795243689541,61.32099704627163,0.19607421875000003,6.588152747088599,9.091067241400015,-0.14935283580250325,-0.04468734771811067,0.0695117013348459,11.549622169398685,-0.03322637373581529,0.6121785431294552,-4.610900491426261,7.539142946861261,1.753272462109627,3.9959452561388353,0.21240234375,0.44761961698532104,0.8752999901771545,22,22,0.78759765625,22,0.0,0,0.0,0.0,0,0,0,0,332,625,ref,1.9005160331726074,0.0,R,none,1
-4.705266312119435,4.289292289855266,65.3492363493254,0.2025,-4.6752642753459135,3.955125829717223,62.06092551259524,0.19335205078125,6.717660831886269,9.110167006637004,-0.1848075096269258,-0.045301454062218784,0.07007748063038086,11.566329966026151,-0.03305904343724251,0.6107624006684071,-4.673640871262247,7.594108530005096,1.7588991806484913,4.00160931177202,0.2025,0.46256178617477417,0.8605999946594238,28,28,0.7975000143051147,28,0.0,0,0.0,0.0,0,0,0,0,333,625,ref,1.9933632612228394,0.0,R,none,1
-4.674706386118498,4.299088185312019,67.58047816091018,0.20841796875,-4.658465565870132,3.9576375937180406,61.863624482581706,0.19572021484375,6.673632556109165,9.150647707196876,-0.16138494009572177,-0.04507347427066428,0.06989864234614547,11.586488975101773,-0.02953517744317651,0.61025365022206,-4.646763254274975,7.571864072582637,1.8733329419742883,4.0050383460559384,0.20841796875,0.44696223735809326,0.869700014591217,30,30,0.7915820479393005,30,0.0,0,0.0,0.0,0,0,0,0,334,625,ref,1.8998159170150757,0.0,R,none,1
-4.6737548919720755,4.325251731421031,70.81213234388305,0.2173828125,-4.583019157766099,3.9403336815628642,60.65696994214299,0.19856933593749998,6.503776031440309,9.192285900702592,-0.16983241008414254,-0.04441475413996811,0.06905581843298168,11.601672756896381,-0.030065537113696337,0.6148398496899228,-4.579815765134445,7.491526797753951,1.8839246804175493,4.011231838222886,0.2173828125,0.4248601198196411,0.8695999979972839,27,27,0.7826172113418579,27,0.0,0,0.0,0.0,0,0,0,0,335,625,ref,2.142486095428467,0.0,R,none,1
-4.614574524052769,4.265698580518925,63.168459778386634,0.2016015625,-4.586819190942676,3.949644425728356,61.23591348376794,0.19729980468749997,6.580627368794073,9.210180834038917,-0.19111711314591823,-0.04437703019776353,0.06965425011287886,11.622439367653582,-0.02925729961367324,0.6156022285196519,-4.575143169540572,7.552261080327593,1.8334868521634613,4.017907741971647,0.2016015625,0.46565356850624084,0.8621000051498413,27,27,0.7983984351158142,27,0.0,0,0.0,0.0,0,0,0,0,336,625,ref,2.065643548965454,0.0,R,none,1
-4.48764050072126,4.278030907466403,68.55009884988692,0.21638671875,-4.562829634309223,3.9452128341025454,60.61907015295941,0.20187744140625002,6.485998301530416,9.24667430133857,-0.1679682965015493,-0.043955028481148586,0.06921636163389376,11.640390836856916,-0.026597031014971434,0.6155431545681187,-4.529253968494259,7.507152408326241,1.815952808957376,4.0249288811762005,0.21638671875,0.3955872356891632,0.876800000667572,29,29,0.7836132645606995,29,0.0,0,0.0,0.0,0,0,0,0,337,625,ref,1.8180229663848877,0.0,R,none,1
-4.796612222934047,4.249953814908853,61.96604181461332,0.20751953125,-4.55396717686759,3.950580508302928,61.03182319834663,0.20172119140625,6.508499344741037,9.271269773633524,-0.17268276579153732,-0.043836593477435334,0.06945952336205183,11.658464750672783,-0.02674180147238076,0.6192047595728142,-4.517266516324657,7.527555123715431,1.816844391418119,4.027394426093429,0.20751953125,0.4530653953552246,0.8795999884605408,33,33,0.79248046875,33,0.0,0,0.0,0.0,0,0,0,0,338,625,ref,2.2948811054229736,0.0,R,none,1
-4.695018891498399,4.291712170883258,69.65995310350634,0.2222265625,-4.623701023501032,3.9628489730147995,61.22283003316638,0.19695312499999998,6.579677378117063,9.297530182775729,-0.17303557796834718,-0.044576533764496426,0.0695196613132893,11.67662743226907,-0.0285334155918099,0.622845285988151,-4.594855994351397,7.538062742759684,2.019077798463748,4.036019114536658,0.2222265625,0.42206457257270813,0.8726999759674072,29,29,0.7777734398841858,29,0.0,0,0.0,0.0,0,0,0,0,339,625,ref,2.0609359741210938,0.0,R,none,1
-4.657764879612607,4.283889821199283,65.81097592777508,0.2091796875,-4.5093899350811455,3.966015279908852,62.02997100049158,0.20421875,6.525702653107596,9.338303740258976,-0.134729192896083,-0.043526829099335605,0.06978194073964315,11.69719694489283,-0.027455226946622134,0.6259926057617471,-4.486248356716821,7.564064931331125,2.0146219872932036,4.046857103166847,0.2091796875,0.42636609077453613,0.8752999901771545,29,29,0.790820300579071,29,0.0,0,0.0,0.0,0,0,0,0,340,625,ref,2.061833381652832,0.0,R,none,1
-4.984218169222754,4.368492889170631,70.50800747422161,0.19056640625,-4.724924601591288,3.9963746022330167,62.56940819019932,0.19213623046875,6.746670533872225,9.372276156490164,-0.1479367289892896,-0.04560132019033431,0.07009753300150115,11.71384402622422,-0.030333023106941255,0.6295464100071094,-4.701632480944483,7.608741659518585,2.099590337455167,4.049164321805276,0.19056640625,0.45040521025657654,0.8644999861717224,31,31,0.8094335794448853,31,0.0,0,0.0,0.0,0,0,0,0,341,625,ref,1.9681706428527832,0.0,R,none,1
-4.640324070772761,4.29926176931197,66.88559493977824,0.2031640625,-4.673553837106195,3.9905843689415,62.487611136590566,0.1940283203125,6.688781861154436,9.377334398567154,-0.14135265408136552,-0.04518030582322565,0.06994198310203538,11.72806624917223,-0.03197431918139046,0.6330717611375799,-4.660145986494275,7.60027246693523,2.162205309733209,4.054134508017906,0.2031640625,0.4086270034313202,0.8812000155448914,32,32,0.7968359589576721,32,0.0,0,0.0,0.0,0,0,0,0,342,625,ref,1.6401708126068115,0.0,R,none,1
-4.4366764413647966,4.2805761528786705,68.0229791395882,0.22099609375,-4.5015955587099405,3.9842026315858994,63.0656180855967,0.2019384765625,6.618704604240216,9.412382775563367,-0.15721677026758185,-0.04373296238583226,0.07034153586669968,11.746616935586658,-0.029323931195540352,0.6346159356884202,-4.509232903784216,7.639544605655559,2.1535695881121715,4.060023216388006,0.22099609375,0.4414193034172058,0.8784999847412109,22,22,0.779003918170929,22,0.0,0,0.0,0.0,0,0,0,0,343,625,ref,1.987862229347229,0.0,R,none,1
-4.33414511073212,4.306757349034777,70.46058712703275,0.22572265625,-4.432585024904337,3.9871192142826755,63.22681198404098,0.20802001953125,6.555363215099387,9.45832140766604,-0.11656499386333344,-0.042997862219703226,0.07032803204544476,11.763453963691866,-0.03035569699612097,0.6372272939972337,-4.434962617074863,7.636296543375435,2.157796948429941,4.06271120718559,0.22572265625,0.46868085861206055,0.8748999834060669,27,27,0.7742773294448853,27,0.0,0,0.0,0.0,0,0,0,0,344,625,ref,1.9634451866149902,0.0,R,none,1
-4.566178056580692,4.309779769160797,66.1636434539652,0.2223046875,-4.447042361447078,3.9936419658776243,63.441503572042855,0.21010986328125,6.570425173629684,9.490139563293246,-0.11138858530403661,-0.04320861061586068,0.07030986010398378,11.781029159544014,-0.03022152168676257,0.6424862843577823,-4.456417046319088,7.642398802313331,2.236357068250067,4.067579646008315,0.2223046875,0.38227158784866333,0.8698999881744385,28,28,0.7776952981948853,28,0.0,0,0.0,0.0,0,0,0,0,345,625,ref,1.7127201557159424,0.0,R,none,1
-4.945212739006537,4.356205150056597,68.2288820628579,0.20216796875,-4.54188443937027,4.011663049265867,63.601487667965564,0.20227294921875,6.678976138478572,9.529460087696481,-0.11499580532994028,-0.04419258127104416,0.07049817616829318,11.79527948940459,-0.03287270565662766,0.6444058100750184,-4.559864031132036,7.6623263274606925,2.182057574056765,4.076994596897484,0.20216796875,0.4217401444911957,0.8763999938964844,26,26,0.7978320121765137,26,0.0,0,0.0,0.0,0,0,0,0,346,625,ref,2.1189937591552734,0.0,R,none,1
-4.783218543336843,4.315831734162625,64.86772630732384,0.19330078125,-4.593698142301388,3.9987097187355127,61.28907427139341,0.19124755859374998,6.549054138737786,9.557375333769524,-0.11675005779747176,-0.044640935727988974,0.06924951653482064,11.816892743543757,-0.031533466828987,0.6422034426313887,-4.6044532418076916,7.527270213242933,2.166769343596634,4.079916688771577,0.19330078125,0.43708449602127075,0.8693000078201294,25,25,0.8066992163658142,25,0.0,0,0.0,0.0,0,0,0,0,347,625,ref,2.180589437484741,0.0,R,none,1
-4.801828715163854,4.257499417591326,66.68413784821075,0.19208984375,-4.668226363579002,4.007382615397772,61.4382842086859,0.18989501953125,6.602592065194608,9.568640440935472,-0.11211707993779876,-0.04532816606805088,0.06920375607324034,11.832846039810226,-0.03371997604612261,0.6463099691611623,-4.677038123298732,7.523895041159895,2.1379356980735924,4.08410762973131,0.19208984375,0.4302549958229065,0.8669000267982483,29,29,0.807910144329071,29,0.0,0,0.0,0.0,0,0,0,0,348,625,ref,2.120252847671509,0.0,R,none,1
-4.600485453108382,4.272934675243182,66.22355436284411,0.20158203125,-4.668549441530091,4.01499161087814,62.1351229940362,0.19016113281249997,6.64242874558704,9.603697739100355,-0.1259688492655511,-0.045310314469579976,0.06951309170054829,11.850336118047732,-0.033554359739646315,0.6492212719082222,-4.675043828306844,7.5607226149582605,2.185517042361333,4.090127546522994,0.20158203125,0.37915605306625366,0.8813999891281128,22,22,0.7984179854393005,22,0.0,0,0.0,0.0,0,0,0,0,349,625,ref,1.77202308177948,0.0,R,none,1
-4.625770476958512,4.41005922870387,64.5913608099003,0.20455078125,-4.588206949341827,3.995542684493587,61.265064404558586,0.19334716796875004,6.48259587898031,9.613827725701622,-0.13206226107171296,-0.044544392758794474,0.06881293191090629,11.871394378611694,-0.032246732050552965,0.6521174453420866,-4.5952768565153255,7.4964200487544375,2.3330525480425424,4.094250283964162,0.20455078125,0.4163835942745209,0.8664000034332275,21,21,0.7954491972923279,21,0.0,0,0.0,0.0,0,0,0,0,350,625,ref,2.284024715423584,0.0,R,none,1
-4.9166702673603915,4.306355893550828,63.00828038772602,0.1987109375,-4.662295167755003,3.997924055515349,60.77001494092233,0.19045898437499997,6.48561730045584,9.626644275870381,-0.12886482265792623,-0.04521454122086574,0.06839736536396443,11.887459365900362,-0.03299464737705421,0.6548636818479547,-4.664673313912055,7.461282605755224,2.431182457336776,4.102219828209435,0.1987109375,0.4512776732444763,0.862500011920929,22,22,0.8012890815734863,22,0.0,0,0.0,0.0,0,0,0,0,351,625,ref,2.0715808868408203,0.0,R,none,1
-4.931098750264982,4.2745775654218185,70.83951259801391,0.20025390625,-4.732757410224123,4.015563899468906,61.4977178913631,0.18970947265625,6.653233266147397,9.644312981187847,-0.17279281661732093,-0.0458864349741612,0.06921509112317967,11.897919649793277,-0.03448490555747412,0.657293049133069,-4.734990897976757,7.551346025787452,2.2299365963675033,4.106674038262309,0.20025390625,0.4044429063796997,0.8639000058174133,26,26,0.7997460961341858,26,0.0,0,0.0,0.0,0,0,0,0,352,625,ref,2.306147336959839,0.0,R,none,1
-4.717415318822927,4.4324670595448765,67.44345364676842,0.21630859375,-4.7273272876419306,4.028902050207248,62.808137141680135,0.19170654296874998,6.735938675192378,9.658847671327209,-0.16273461635542874,-0.04571680726357215,0.06994279196107807,11.911446567060288,-0.03462949394248426,0.6619790629967469,-4.717759194859643,7.628169742090345,2.2642116345416374,4.121878271272585,0.21630859375,0.4792720377445221,0.8550999760627747,23,23,0.78369140625,23,0.0,0,0.0,0.0,0,0,0,0,353,625,ref,2.0765435695648193,0.0,R,none,1
-4.806074338563815,4.375338820601436,68.27087589722655,0.19552734375,-4.739967458338932,4.023850889380916,62.213486419465674,0.18866943359375,6.6664978136092214,9.689766045400658,-0.16488787903829788,-0.04590740956675329,0.06930045193012285,11.932464313023315,-0.03457935287617147,0.6632007816259755,-4.7372339366650635,7.567909608238731,2.190972550379718,4.122470811524103,0.19552734375,0.39923006296157837,0.873199999332428,25,25,0.8044726848602295,25,0.0,0,0.0,0.0,0,0,0,0,354,625,ref,2.006215810775757,0.0,R,none,1
-4.682934629623846,4.391166655196644,71.16917029325488,0.210078125,-4.75765891391792,4.037097141868972,63.28511104840715,0.19116455078125,6.728846641316706,9.690826295915821,-0.12151960434590435,-0.04591688390783384,0.06975893678197177,11.943207207963665,-0.03632415586616844,0.670327887618285,-4.739949270424087,7.626099293097743,2.198745235192689,4.12217086779793,0.210078125,0.43808895349502563,0.866599977016449,30,30,0.7899218797683716,30,0.0,0,0.0,0.0,0,0,0,0,355,625,ref,1.8899022340774536,0.0,R,none,1
-4.761492807100614,4.377272012404566,67.52143747577307,0.19724609375,-4.800987542934545,4.045688366945775,63.35732110126341,0.18824462890625,6.7410802454693775,9.730662810429829,-0.10414869345883546,-0.046226472036954805,0.06964526762355004,11.959621953151736,-0.03969351118896156,0.6732760183207556,-4.775032156269232,7.626725824517266,2.338796876786918,4.123521596539442,0.19724609375,0.4507150650024414,0.8779000043869019,24,24,0.8027539253234863,24,0.0,0,0.0,0.0,0,0,0,0,356,625,ref,1.9522604942321777,0.0,R,none,1
-4.455690638940875,4.337125550702573,68.54153309844997,0.21107421875,-4.786299019595501,4.041815378047432,62.863216896002115,0.19115478515624998,6.665325514200896,9.76374121653273,-0.09279518051292382,-0.04599223801705693,0.0692354086170923,11.975743849488378,-0.042723772507160904,0.6736522164097071,-4.754067997127912,7.579590727890908,2.312581248569277,4.126476625665897,0.21107421875,0.4345834255218506,0.8723000288009644,27,27,0.7889257669448853,27,0.0,0,0.0,0.0,0,0,0,0,357,625,ref,1.9054145812988281,0.0,R,none,1
-4.297126879502406,4.326945154901441,72.13984881414258,0.236484375,-4.662672366689203,4.045086148524288,63.77456723017248,0.19889160156250002,6.6410334343337585,9.801177991032885,-0.07948947638358321,-0.04483029065128021,0.06981327430725762,11.993937813543562,-0.03780667502665892,0.6780130836506476,-4.630123554010627,7.640139373219342,2.3036113340702835,4.133570060777788,0.236484375,0.4008413255214691,0.8781999945640564,26,26,0.7635156512260437,26,0.0,0,0.0,0.0,0,0,0,0,358,625,ref,1.9620329141616821,0.0,R,none,1
-4.878449180868923,4.365774040443593,65.15186989187518,0.19609375,-4.61495307661396,4.04234083070653,63.27756767318542,0.20094238281250001,6.5468568598292425,9.854476019551521,-0.060813487783606464,-0.04438123770948014,0.06939983336392495,12.013014736388744,-0.03460593704250641,0.6820694354778326,-4.580922815262995,7.604155521165937,2.311104073206505,4.1383561908226385,0.19609375,0.47047147154808044,0.8752999901771545,30,30,0.803906261920929,30,0.0,0,0.0,0.0,0,0,0,0,359,625,ref,2.2189414501190186,0.0,R,none,1
-4.785331521719469,4.297209881964676,69.80848188213169,0.21447265625,-4.675276094919302,4.06469181112994,64.36001175692536,0.2029833984375,6.717270701246082,9.88494276584851,-0.08049394762781027,-0.04503072019425944,0.07024887819231226,12.025236428869288,-0.03438868906814605,0.6828245120216602,-4.647237131865301,7.691179101033896,2.2739378396447476,4.1419553860484015,0.21447265625,0.41049063205718994,0.8658000230789185,28,28,0.7855273485183716,28,0.0,0,0.0,0.0,0,0,0,0,360,625,ref,2.2715725898742676,0.0,R,none,1
-4.688612290373896,4.393574269715352,66.8927146190116,0.212265625,-4.649368935478184,4.070445324445253,64.84531890996894,0.20216796875,6.712503752091785,9.906057519283404,-0.050036132076973876,-0.044799810932723796,0.07036125702593059,12.040881018268749,-0.033225199789740145,0.6868536748601096,-4.622419803098938,7.712517679703605,2.2692989530129264,4.156588149904795,0.212265625,0.4322890639305115,0.8669000267982483,31,31,0.7877343893051147,31,0.0,0,0.0,0.0,0,0,0,0,361,625,ref,2.022490978240967,0.0,R,none,1
-4.7805163917095,4.390890639664276,69.08427523790193,0.213125,-4.707606998125023,4.07656640959799,64.33928940369078,0.19997314453125,6.739078780432825,9.925761705966151,-0.046446794536335725,-0.04535483141687512,0.07020124430915785,12.056501062134977,-0.0352785041090101,0.688016515189734,-4.681328191347433,7.6948940903982175,2.2535033521811023,4.156968777692113,0.213125,0.4815196096897125,0.8629000186920166,27,27,0.7868750095367432,27,0.0,0,0.0,0.0,0,0,0,0,362,625,ref,2.2211668491363525,0.0,R,none,1
-4.949071716119449,4.396340089946697,72.25316388114999,0.202890625,-4.648057795340608,4.070493675082759,63.74159174342266,0.19884765625000003,6.642850688249757,9.971984702715538,-0.04591663207655417,-0.04476149486509826,0.06987088413570235,12.07607086888176,-0.033337014382705095,0.689476207077713,-4.61860660356559,7.660185076967807,2.2107432103926303,4.163574516754909,0.202890625,0.46427375078201294,0.8626999855041504,27,27,0.7971093654632568,27,0.0,0,0.0,0.0,0,0,0,0,363,625,ref,2.17488956451416,0.0,R,none,1
-4.5412856523700915,4.412382611139062,70.7936708602545,0.220546875,-4.634433128183846,4.071195773521192,63.86612485041109,0.19818603515625,6.63629102381708,9.999646613774933,-0.0613026112551983,-0.044640407833703544,0.06989968922895237,12.095947664263178,-0.03156744046136737,0.6909739098737184,-4.604433139104583,7.66077339054918,2.2108350179961382,4.164025984356803,0.220546875,0.47257858514785767,0.8610000014305115,32,32,0.7794530987739563,32,0.0,0,0.0,0.0,0,0,0,0,364,625,ref,2.1302618980407715,0.0,R,none,1
-4.937737862821906,4.401610878447898,70.76431349399269,0.20552734375,-4.619718035490703,4.0942245074666035,65.952929480682,0.2045849609375,6.740106946367209,10.043677996807624,-0.021110625634684386,-0.04460133689016947,0.07068989963647826,12.113324141992969,-0.03106267258815933,0.6983894767829565,-4.599926029268771,7.755752548573152,2.2113332302932367,4.168841303125687,0.20552734375,0.4253123998641968,0.8787999749183655,27,27,0.7944726347923279,27,0.0,0,0.0,0.0,0,0,0,0,365,625,ref,1.7176251411437988,0.0,R,none,1
-4.501854273286542,4.349962312268482,71.13846595108005,0.2297265625,-4.490325650165723,4.083099735350089,66.0561683324283,0.20685546875,6.637206052868554,10.063006367578174,-0.02850897163076043,-0.0432752632709828,0.07075968210931935,12.12858479492868,-0.026300247479230165,0.7017101158885873,-4.459323524256359,7.766352708699593,2.205116879361741,4.171245780970134,0.2297265625,0.4486457407474518,0.869700014591217,31,31,0.7702734470367432,31,0.0,0,0.0,0.0,0,0,0,0,366,625,ref,2.312936544418335,0.0,R,none,1
-4.61771245071904,4.429597904209858,69.25050194401139,0.22033203125,-4.429867470564326,4.081001579745775,65.95833629194033,0.20974609375,6.606855751393399,10.094823184607677,-0.04710504211356868,-0.042807197128970485,0.07082207154419073,12.145815593665718,-0.02414174860692583,0.7030941880046021,-4.409217353994538,7.7720706952205845,2.2070398019551085,4.173383443162937,0.22033203125,0.414238840341568,0.8677999973297119,22,22,0.7796679735183716,22,0.0,0,0.0,0.0,0,0,0,0,367,625,ref,1.8474100828170776,0.0,R,none,1
-4.147720649248238,4.434960041456987,74.95947084336582,0.2430078125,-4.305596027721497,4.082812273225108,67.14395558543559,0.2153759765625,6.597652934701841,10.123588389047608,-0.05188526535187465,-0.041475892967675794,0.07154322627664136,12.159428916189109,-0.024446318349801002,0.7091705840818021,-4.273146038545588,7.85134578179923,2.2437918378590886,4.179645777539422,0.2430078125,0.38671794533729553,0.8766000270843506,26,26,0.7569921612739563,26,0.0,0,0.0,0.0,0,0,0,0,368,625,ref,2.0281622409820557,0.0,R,none,1
-3.8783588160244076,4.420563108089432,68.94027625151672,0.23451171875,-4.171045409844015,4.0710549665124915,66.3874407700523,0.21973876953125002,6.466055100208098,10.16349842633356,-0.05606498617563666,-0.04026429998305268,0.07128157976248556,12.182736027459587,-0.024664948359131814,0.7122845955046195,-4.149251734355496,7.820850299030554,2.2375545562428414,4.188241254790515,0.23451171875,0.44728219509124756,0.8761000037193298,15,15,0.7654882669448853,15,0.0,0,0.0,0.0,0,0,0,0,369,625,ref,2.0534212589263916,0.0,R,none,1
-4.093923188497602,4.384362978399119,71.85889587372434,0.23490234375,-4.122093927329609,4.069794200517566,66.05927244563826,0.22579345703125003,6.42230936183232,10.192425110270253,-0.05150963753616096,-0.03984860110441926,0.07119706854108065,12.194507660915956,-0.025256048252340405,0.7141703139642092,-4.1072595507323735,7.809395988822047,2.1914619730516396,4.192096189352898,0.23490234375,0.40105900168418884,0.8704000115394592,25,25,0.7650976777076721,25,0.0,0,0.0,0.0,0,0,0,0,370,625,ref,1.8647129535675049,0.0,R,none,1
-4.373558811188624,4.409743136398654,76.39716413697812,0.2383203125,-4.05678309025939,4.084301924133753,67.36780704158481,0.230576171875,6.464307145093194,10.232465193428617,-0.015250131039136744,-0.039277408478534274,0.0718174828099635,12.211460587205732,-0.024358060988597573,0.7160672353284916,-4.0478498407272605,7.872773291494831,2.182455795310373,4.206781720187046,0.2383203125,0.4247916638851166,0.8690999746322632,27,27,0.7616797089576721,27,0.0,0,0.0,0.0,0,0,0,0,371,625,ref,2.1048429012298584,0.0,R,none,1
-4.205975038368869,4.338792379893037,78.72168907763772,0.22720703125,-3.923546868125822,4.074072141721937,67.45422848732805,0.23689208984375,6.381523090336875,10.273976483151705,-0.05743575753380445,-0.0379924776610672,0.0719112572301069,12.227124511349503,-0.025561889155069364,0.7207873851635549,-3.917428167571843,7.889564790606696,2.184125187440234,4.214093221100978,0.22720703125,0.43967580795288086,0.8741999864578247,25,25,0.7727929949760437,25,0.0,0,0.0,0.0,0,0,0,0,372,625,ref,2.0303738117218018,0.0,R,none,1
-3.775685205921004,4.362056830744965,74.05720720262244,0.263203125,-3.859611031156202,4.073958507903491,67.48555786140878,0.23327392578125,6.331313968898967,10.3129745790539,-0.0471506238336336,-0.037481844946625126,0.07181730417586214,12.241553656584772,-0.027305664677987805,0.7270825311941184,-3.8668638451675226,7.8885522884594685,1.9910835923711865,4.2208406796764955,0.263203125,0.4573947489261627,0.8741999864578247,24,24,0.7367968559265137,24,0.0,0,0.0,0.0,0,0,0,0,373,625,ref,1.7760697603225708,0.0,R,none,1
-4.3167282666711255,4.364240639267989,73.50839145115174,0.2289453125,-3.9712311319368485,4.110054161225799,69.71728663988817,0.22858642578125002,6.607116946146567,10.314868957429201,-0.029440695366265802,-0.03847822507623045,0.0732660827104279,12.25102716469467,-0.0331278189085424,0.7361281232765868,-3.9747529996471633,8.037582897444311,2.176781320084304,4.225630946918982,0.2289453125,0.4575444757938385,0.8723000288009644,27,27,0.7710546851158142,27,0.0,0,0.0,0.0,0,0,0,0,374,625,ref,1.8801316022872925,0.0,R,none,1
-4.232692486045395,4.471798101285003,78.80586959726024,0.238125,-4.099663484716708,4.129399926608449,70.32714590909228,0.22006103515625,6.725011190508294,10.354261854837896,-0.02732929147233129,-0.03960168724140357,0.07350102234839202,12.267430816788638,-0.0380108384101186,0.7402547890115034,-4.094721025047023,8.069153536832635,2.2063046194815366,4.226097178082695,0.238125,0.4273848235607147,0.8708999752998352,23,23,0.7618749737739563,23,0.0,0,0.0,0.0,0,0,0,0,375,625,ref,1.9862576723098755,0.0,R,none,1
-4.020161694515075,4.465340460153374,80.25785358262088,0.246640625,-4.0077243817102,4.1346824272005245,71.15034451121348,0.22711914062500002,6.697882501955573,10.389529640183945,0.008186631661301185,-0.03867957612512346,0.07380016623943572,12.280966907518941,-0.037286038510501385,0.7431257180386279,-3.9995371801117265,8.096375572372246,2.214492772194916,4.234713585207993,0.246640625,0.4495660662651062,0.863099992275238,26,26,0.7533593773841858,26,0.0,0,0.0,0.0,0,0,0,0,376,625,ref,2.014005422592163,0.0,R,none,1
-3.995448008052091,4.373210991808991,74.57495904761002,0.22189453125,-3.948621188456051,4.120941421561389,69.90909489340912,0.22646484374999998,6.536807241985993,10.418791134033937,0.026559823920470932,-0.03811780527796652,0.07295647534641278,12.296791955070017,-0.0354476772621274,0.7453146551332271,-3.9401522425186317,8.015391291790326,2.3417592915388887,4.235137152346442,0.22189453125,0.44579678773880005,0.8752999901771545,24,24,0.7781054973602295,24,0.0,0,0.0,0.0,0,0,0,0,377,625,ref,1.928690791130066,0.0,R,none,1
-3.9221618727664636,4.466841195880678,74.9525933733649,0.24771484375,-3.9698262280291754,4.135279390618368,70.52629801697648,0.22458740234375,6.620750830666548,10.462369745434039,0.01741506237242606,-0.038355465386610554,0.07342671804376794,12.307508071448126,-0.03685865678824484,0.7451968520052453,-3.9659086035386326,8.05721194769559,2.354645843622487,4.234837506863617,0.24771484375,0.4454532265663147,0.8719000220298767,22,22,0.7522851824760437,22,0.0,0,0.0,0.0,0,0,0,0,378,625,ref,2.233120918273926,0.0,R,none,1
-3.8406919907806274,4.383504174668116,73.2217210022933,0.24837890625,-3.8452426953593193,4.1299115414724925,70.19446712140407,0.22820556640625,6.541840123329648,10.499165417147385,0.015163799910661933,-0.03722718225795105,0.0734504460254389,12.33117998989205,-0.03034853651188314,0.7471160160752368,-3.8438196284134256,8.059261311909767,2.3681221473525493,4.243605879363629,0.24837890625,0.43043994903564453,0.8777999877929688,20,20,0.7516210675239563,20,0.0,0,0.0,0.0,0,0,0,0,379,625,ref,2.002091884613037,0.0,R,none,1
-3.9905480641222586,4.4560836766153145,75.25944255388498,0.23703125,-3.767154197993713,4.1189387318122135,69.06866565778174,0.2309521484375,6.392159262246265,10.542021426246208,0.0314755879303284,-0.03651032084904027,0.07275079715431874,12.354363248391115,-0.025966634154319764,0.7472368506617193,-3.766004011926258,7.990367096465666,2.2657669681494426,4.26098102224652,0.23703125,0.44289305806159973,0.8689000010490417,23,23,0.7629687786102295,23,0.0,0,0.0,0.0,0,0,0,0,380,625,ref,2.2043771743774414,0.0,R,none,1
-3.8530577281646776,4.410059272147989,74.97118851358938,0.23783203125,-3.8140535263691167,4.130455571183823,69.46200484264067,0.23011962890625,6.445255430044758,10.575800141423764,0.03960765405495922,-0.03700962179432667,0.07287664799646751,12.371844334668026,-0.027844284383463674,0.7515034771905459,-3.819028958445928,8.001139840180807,2.3486305937661243,4.27691537109962,0.23783203125,0.4282910227775574,0.8762000203132629,18,18,0.7621679902076721,18,0.0,0,0.0,0.0,0,0,0,0,381,625,ref,2.140103578567505,0.0,R,none,1
-3.745470362130725,4.3892249875913825,77.97739644289786,0.2469921875,-3.824630999644533,4.133001520630581,68.87790789370118,0.23123291015624997,6.4179890667462764,10.61489177034037,0.04882073244804138,-0.03715292325983077,0.0726093364864183,12.396074706406823,-0.027716344005893914,0.7510943197437407,-3.833580506629711,7.9713380217697205,2.368452137769868,4.282813757447502,0.2469921875,0.42717045545578003,0.8690999746322632,25,25,0.7530078291893005,25,0.0,0,0.0,0.0,0,0,0,0,382,625,ref,2.0084168910980225,0.0,R,none,1
-3.699266429898022,4.3579911139021394,72.16914632755474,0.24447265625,-3.8865868869871543,4.135857367222681,68.2756545818244,0.22408447265624998,6.398023930681425,10.648748617792887,0.05854361353581632,-0.03778892680172885,0.07213707747610142,12.418880488048998,-0.029928024117834864,0.7517710702973853,-3.9009429979034955,7.9199108909113844,2.4098441516051956,4.2893236722796,0.24447265625,0.4035046696662903,0.8708000183105469,19,19,0.7555273175239563,19,0.0,0,0.0,0.0,0,0,0,0,383,625,ref,1.9388326406478882,0.0,R,none,1
-4.053196215767462,4.377672046264134,71.9343179898981,0.23302734375,-3.976521391312968,4.166687697436333,70.72911449862802,0.219306640625,6.645799145523202,10.663224342761122,0.05226287968296853,-0.03853999029414361,0.07350685133326068,12.432034119302005,-0.031538815156091006,0.7610801638389334,-3.9794910896662663,8.072534283394743,2.403145638907847,4.296548952373596,0.23302734375,0.4833003580570221,0.8619999885559082,20,20,0.7669726610183716,20,0.0,0,0.0,0.0,0,0,0,0,384,625,ref,1.7968109846115112,0.0,R,none,1
-4.382294815398655,4.580541244302065,75.58397133967283,0.223125,-4.008177888845959,4.1744492839801675,70.80055783982597,0.21594970703125002,6.696582576824864,10.720687364868875,0.008756882828794365,-0.0389317733661354,0.07365829046256069,12.450051789101327,-0.0341103305388242,0.7652301601537786,-4.0221960056642985,8.097689344093334,2.4279245550916393,4.297677280426881,0.223125,0.4686001241207123,0.8695999979972839,24,24,0.7768750190734863,24,0.0,0,0.0,0.0,0,0,0,0,385,625,ref,1.8929550647735596,0.0,R,none,1
-3.8032522015351775,4.493330045883312,72.58277465129213,0.23212890625,-3.916955595511315,4.166534753849394,70.42560153771461,0.2205517578125,6.599637938740175,10.764380769560967,-0.0040068532663147804,-0.03804793881925392,0.07343769329651118,12.471319396381368,-0.03419512563850731,0.7688392515033061,-3.9317427237426785,8.077563426440387,2.4264342706696063,4.312981511747336,0.23212890625,0.41748276352882385,0.8677999973297119,22,22,0.767871081829071,22,0.0,0,0.0,0.0,0,0,0,0,386,625,ref,1.9332221746444702,0.0,R,none,1
-4.060282897298844,4.458771453536832,70.55865536912732,0.219453125,-3.9063598170533647,4.158671472253194,69.52587609220629,0.21735107421875,6.521703371056429,10.78784594278763,-0.015000899711515912,-0.037917150248271525,0.07295374174991806,12.491626516656503,-0.035037431041128005,0.7730017330298564,-3.9191873341186785,8.036292989812452,2.4645703864806974,4.315799784341285,0.219453125,0.41257423162460327,0.8736000061035156,19,19,0.7805469036102295,19,0.0,0,0.0,0.0,0,0,0,0,387,625,ref,2.071284770965576,0.0,R,none,1
-3.976949418599274,4.319381475097681,75.41501118818344,0.23060546875,-3.873191296732618,4.165955219592054,69.70549220985191,0.22029052734375001,6.518857551526122,10.850666169401372,-0.01434082928121673,-0.03761942140228986,0.07308753701320446,12.512954893595868,-0.03050387722440064,0.7729283778673006,-3.8841550887945164,8.048573205565186,2.2528388871451677,4.319560857835809,0.23060546875,0.44953811168670654,0.8708000183105469,23,23,0.7693945169448853,23,0.0,0,0.0,0.0,0,0,0,0,388,625,ref,2.0081822872161865,0.0,R,none,1
-4.153382630810171,4.423165799677454,74.41457738634483,0.23587890625,-3.9802438481454137,4.190608466573644,71.25108692873222,0.2176708984375,6.732989350340995,10.873965586462042,-0.045755616684331674,-0.03873667582614269,0.07401644066025388,12.523068562589069,-0.034236704574868784,0.7795590127998295,-4.002337014605879,8.152988771710255,2.208014921467811,4.323973744152821,0.23587890625,0.3937086760997772,0.866100013256073,22,22,0.7641211152076721,22,0.0,0,0.0,0.0,0,0,0,0,389,625,ref,2.0369396209716797,0.0,R,none,1
-4.05455859030532,4.492407888641896,77.24447738445495,0.22748046875,-3.9655482778080824,4.19352005668946,71.60705663548562,0.221962890625,6.769862287850487,10.883069691831192,-0.06732151382491565,-0.03871935366754885,0.07428320939909541,12.539813438364003,-0.03352322564925998,0.7787158977283974,-3.999849091657373,8.173835895516074,2.2346182845904323,4.3281470093962575,0.22748046875,0.4191557466983795,0.8690999746322632,21,21,0.7725195288658142,21,0.0,0,0.0,0.0,0,0,0,0,390,625,ref,1.8930878639221191,0.0,R,none,1
-4.106175278472148,4.506743770948069,75.86888043641251,0.22525390625,-3.980914659029214,4.196083419368353,71.5114261887768,0.21688964843750003,6.760093074757809,10.927840943074933,-0.08081795553473531,-0.0388089350405327,0.07416821421192907,12.55934383795627,-0.033712392795132474,0.7798678911840434,-4.009214778634362,8.165390967074897,2.270862224018102,4.334451936593763,0.22525390625,0.4578710198402405,0.8701000213623047,20,20,0.7747461199760437,20,0.0,0,0.0,0.0,0,0,0,0,391,625,ref,2.0993010997772217,0.0,R,none,1
-4.439336669934068,4.527709966031633,82.25690321703392,0.2186328125,-4.164323843426322,4.21282439990505,71.13126631787698,0.20799560546875,6.8798281397021706,10.9498564767936,-0.0817951920604245,-0.04043589235108161,0.07413572254129362,12.574437324412209,-0.03749815998307895,0.7808654229341134,-4.1796624926907455,8.159783079800935,2.266736578867862,4.338197983465582,0.2186328125,0.4416007101535797,0.8644000291824341,30,30,0.7813671827316284,30,0.0,0,0.0,0.0,0,0,0,0,392,625,ref,2.0979013442993164,0.0,R,none,1
-4.07010655683754,4.53980791492857,75.07394426086714,0.22443359375,-4.133643538593551,4.201747595960491,70.17064955065882,0.20921630859375,6.726632885305665,10.998935168466495,-0.0708851936123959,-0.04021659920839562,0.07317786554964327,12.597319572882384,-0.035895291771739724,0.7847569409677881,-4.155595714788614,8.072526781216675,2.2918390124272947,4.345441282407992,0.22443359375,0.40094438195228577,0.8705999851226807,21,21,0.7755663990974426,21,0.0,0,0.0,0.0,0,0,0,0,393,625,ref,2.112447500228882,0.0,R,none,1
-3.8394431328450556,4.49300612971396,79.83917453101158,0.22943359375,-4.022982535858819,4.196328172531039,70.26209202613785,0.21241699218750001,6.645074269762722,11.032455572994406,-0.0683597111794416,-0.03921365392365372,0.07314455573273394,12.621235629514153,-0.028751299786381423,0.7860904794741602,-4.045712202427513,8.07506280679883,2.308416060485169,4.349904700779631,0.22943359375,0.42907801270484924,0.8733000159263611,21,21,0.7705664038658142,21,0.0,0,0.0,0.0,0,0,0,0,394,625,ref,2.001539468765259,0.0,R,none,1
-4.410904635761489,4.472376188979895,75.8756480451916,0.21091796875,-4.158911203209481,4.220922563296524,71.65112150190797,0.20915771484375,6.846408374459616,11.050791989354424,-0.08101307846834381,-0.0404630462826311,0.07388685913892726,12.636797981176723,-0.030651292267721147,0.7875814344412104,-4.175597214306482,8.150785160712397,2.3193580362782873,4.3495456650390585,0.21091796875,0.4186188876628876,0.8557999730110168,21,21,0.7890820503234863,21,0.0,0,0.0,0.0,0,0,0,0,395,625,ref,2.085228681564331,0.0,R,none,1
-4.240187317406737,4.566078362264432,78.34160501207195,0.2216015625,-4.259037611324062,4.227903106599922,71.26446998729529,0.19798095703125002,6.891795828327256,11.086513504798363,-0.10314465432834943,-0.041406279631565596,0.07368237003834013,12.65723277215347,-0.032040645368397236,0.7880370147375979,-4.273609327737371,8.134164266001557,2.3690807077898937,4.359470928764388,0.2216015625,0.4227357506752014,0.8687000274658203,23,23,0.7783984541893005,23,0.0,0,0.0,0.0,0,0,0,0,396,625,ref,1.8595216274261475,0.0,R,none,1
-4.305689490230197,4.466639485855339,82.84053429863309,0.19796875,-4.336985859048782,4.238193184118618,71.5509457467324,0.19320556640625,6.997559852788467,11.093969885220798,-0.12924827209975676,-0.042162248145036336,0.07399692120082532,12.670883535123613,-0.033097870098426935,0.7894232443363863,-4.352106312815976,8.16531229739674,2.431368012739899,4.359883304891601,0.19796875,0.464995801448822,0.8543999791145325,27,27,0.8020312786102295,27,0.0,0,0.0,0.0,0,0,0,0,397,625,ref,2.159299373626709,0.0,R,none,1
-4.299922729413948,4.490227306673378,78.21143310425317,0.22068359375,-4.303151615465744,4.242849591566592,72.37743973713306,0.199873046875,7.0067191164453035,11.091469818892346,-0.09641627868085789,-0.04197875516364248,0.07416520415210781,12.685219355056633,-0.03040916500496678,0.7907268153884575,-4.3306209882184215,8.184737324114186,2.4658499508515623,4.369558834272549,0.22068359375,0.5081073045730591,0.8597000241279602,24,24,0.7793164253234863,24,0.0,0,0.0,0.0,0,0,0,0,398,625,ref,2.134969472885132,0.0,R,none,1
-4.783653441780862,4.652047819084868,75.05599969617653,0.20703125,-4.409941669645768,4.249913284448528,72.08542067788235,0.2009423828125,7.074836032480132,11.102144976974973,-0.11521808412303766,-0.043016018469883274,0.0740467484567107,12.704113190247467,-0.03041917351889424,0.7897142895385852,-4.43688598013751,8.168861179565353,2.4426548058993784,4.381017161130509,0.20703125,0.4272106885910034,0.8634999990463257,20,20,0.79296875,20,0.0,0,0.0,0.0,0,0,0,0,399,625,ref,1.6634528636932373,0.0,R,none,1
-4.47686589902416,4.568233697712439,80.52963956638592,0.22779296875,-4.454304067262486,4.262552798974106,72.48660004397243,0.19688720703125,7.157905889288567,11.097620405351856,-0.08616993059844591,-0.043371774825358624,0.07441970553816951,12.718955654629056,-0.0323587083001621,0.7921433004474306,-4.475268417525936,8.202576108814768,2.4396917378977196,4.384244654632676,0.22779296875,0.469748854637146,0.8687999844551086,22,22,0.7722070217132568,22,0.0,0,0.0,0.0,0,0,0,0,400,625,ref,2.092353582382202,0.0,R,none,1
-1.9778921944862538,1.4377147008140296,3.727591542172943,0.16625,-1.9068935228772443,1.112157695751342,2.4584013490947676,0.13532958984375,0.5407766122212382,0.7071758931403934,-0.011057765142697611,-0.01847899966436072,0.014800648846400064,3.1676485244466757,0.0011605666135437787,0.11444217623165924,-1.8917877242081982,1.51653694166424,0.5276165210820265,1.426554547277389,0.16625,0.2565198242664337,0.9189000129699707,52,52,0.8337500095367432,52,0.0,0,0.0,0.0,0,0,0,0,21,625,dclamp,1.9010601043701172,6.674408024831546e-05,R,none,1
-1.9542277419944674,1.4699953193517428,3.302460548410117,0.1640625,-1.9016333349936019,1.1335249253890347,2.6810984865322296,0.13906982421875,0.5583721641711605,0.7348269923867118,-0.008320400079655524,-0.018478999743935787,0.015404465848362744,3.2316764554578765,0.004275059949140996,0.11441060893727069,-1.8886732390240968,1.5783652786755586,0.6155910553730699,1.4566581372462764,0.1640625,0.3026801645755768,0.9129999876022339,48,48,0.8359375,48,0.0,0,0.0,0.0,0,0,0,0,22,625,dclamp,1.574517846107483,-4.013851301924373e-05,R,none,1
-1.9727523667930174,1.4441120626155106,3.5554563398747647,0.161015625,-1.899897879753989,1.1491194687588773,2.8437614734149603,0.14078857421875,0.5703761257036534,0.7578610156968234,-0.007761587919792979,-0.01847900059671313,0.015803165349288727,3.2796889346042906,0.005440150878639543,0.11930412175526552,-1.8875082354512431,1.6240311617065146,0.5407112978354371,1.4714439472536753,0.161015625,0.28057774901390076,0.9120000004768372,52,52,0.8389843702316284,52,0.0,0,0.0,0.0,0,0,0,0,23,625,dclamp,1.7991544008255005,0.00016982193013990662,R,none,1
-1.988010520089028,1.4698713514975084,3.7590505221400634,0.15630859375,-1.9015230946357897,1.166716625587424,3.0558514218527626,0.14452392578124998,0.5858685317112365,0.7807801217183951,-0.0054209690075265,-0.018479000050305328,0.01630332605563793,3.3313603541807324,0.0047972900536842646,0.1207708096593159,-1.8881510403033792,1.6801947368584342,0.5922370883763639,1.4890694676785827,0.15630859375,0.29198020696640015,0.9146999716758728,48,48,0.8436914086341858,48,0.0,0,0.0,0.0,0,0,0,0,24,625,dclamp,1.5813957452774048,0.00030839535797321654,R,none,1
-1.9388086214910953,1.4711337643263902,3.954356286513016,0.17224609375,-1.906480233086277,1.1784081432714668,3.2256524310149812,0.144990234375,0.6004365354551071,0.7981179312182641,-0.009908714544865633,-0.018479000880638766,0.01676003048482174,3.381500799136219,0.004056980363093317,0.12237855474960117,-1.8888914350515102,1.7289378524272936,0.6365303411677514,1.5024254782572728,0.17224609375,0.26892101764678955,0.9146999716758728,48,48,0.8277539014816284,48,0.0,0,0.0,0.0,0,0,0,0,25,625,dclamp,1.6652297973632812,0.0010417154344720958,R,none,1
-2.01107964961624,1.5281623604136552,4.44292763223653,0.16482421875,-1.9065940475103673,1.1934687853710984,3.2672813841805963,0.14822021484375,0.6064706203779506,0.8249709708265524,-0.007073849549338454,-0.01847900137330427,0.016945593229574004,3.4282869954985156,0.0035633465310093014,0.12199014362715352,-1.8893851193511708,1.7440314948927689,0.6128079880637216,1.5164125854396775,0.16482421875,0.29849034547805786,0.9146999716758728,47,47,0.8351757526397705,47,0.0,0,0.0,0.0,0,0,0,0,26,625,dclamp,1.4429097175598145,0.0013119100482919081,R,none,1
-2.01424633485293,1.52375332209518,4.6809422932211255,0.17146484375,-1.9085984385024373,1.2114692266037856,3.444305562011765,0.15008544921875,0.6225121798365443,0.8495554186383114,-0.004409911466881099,-0.018479001853595994,0.01742930615024569,3.490023505429714,0.003200182189466432,0.12257301029099632,-1.8897483328927467,1.7963526977609299,0.6072800517977628,1.541117690553644,0.17146484375,0.2795923948287964,0.9074000120162964,43,43,0.8285351395606995,43,0.0,0,0.0,0.0,0,0,0,0,27,625,dclamp,1.458565592765808,0.0021016430960789784,R,none,1
-1.9264603573551842,1.5495673390384717,4.4949703713178675,0.18083984375,-1.905811841677969,1.2247118107721624,3.5818818203187806,0.1526318359375,0.6350188453372905,0.8714331496553583,-0.006532975547820281,-0.018479001036845098,0.017797311894213866,3.5459645623441327,0.002393117028987035,0.12189732521475127,-1.8905553143870515,1.8324618105642951,0.5536494191141719,1.5621443890479176,0.18083984375,0.27336087822914124,0.9132999777793884,43,43,0.8191601634025574,43,0.0,0,0.0,0.0,0,0,0,0,28,625,dclamp,1.4814484119415283,0.002730122881593272,R,none,1
-1.9018197808518544,1.5533108068478023,4.769815646050406,0.18318359375,-1.9070142374353969,1.2371506370096303,3.619732318737178,0.1559423828125,0.6370031310821207,0.899943882601181,-0.006405315029968312,-0.018478998470905457,0.01785500441127242,3.607415539624112,0.0017259338195435702,0.12416281196227712,-1.8912222347472527,1.8418621137012172,0.6370863080874223,1.581853095151921,0.18318359375,0.2591807246208191,0.9175999760627747,46,46,0.8168163895606995,46,0.0,0,0.0,0.0,0,0,0,0,29,625,dclamp,1.3480440378189087,0.002925243407591878,R,none,1
-1.999704453624786,1.5350052082033805,4.137307679627928,0.17509765625,-1.905385884503913,1.2418438382338424,3.5171461162283144,0.15012451171875002,0.6285120174985834,0.9254571333412707,-0.011793032280492556,-0.018479001697261698,0.01760680966301104,3.658467815081281,0.0012515867408365011,0.12337643364530412,-1.8916969123268337,1.8122474049255692,0.5711663583986768,1.596275096153583,0.17509765625,0.26963821053504944,0.9136000275611877,39,39,0.824902355670929,39,0.0,0,0.0,0.0,0,0,0,0,30,625,dclamp,1.4253449440002441,0.003338109462440817,R,none,1
-2.0569993001610833,1.5497529997432833,4.286685554902466,0.16447265625,-1.9044183344244618,1.2504062765322164,3.5187384704728597,0.15218994140625,0.6317605473383887,0.951242348157287,-0.019487039104514634,-0.018479000535299994,0.01770217491769188,3.7159972428299572,-0.001393716432794463,0.12275817755152427,-1.89434209647165,1.8223921025125176,0.5272780310316705,1.6133778108213175,0.16447265625,0.26426419615745544,0.9106000065803528,45,45,0.8355273604393005,45,0.0,0,0.0,0.0,0,0,0,0,31,625,dclamp,1.3777379989624023,0.004326477968074092,R,none,1
-2.037877903619335,1.6061818227665496,4.6138351507917035,0.1655078125,-1.9038342292676114,1.265297591241437,3.6602622854830678,0.1480078125,0.6428968578310261,0.9764216736303861,-0.018340537060030235,-0.018479000061308377,0.0180252646075239,3.7667838068364676,-0.0021270954614738004,0.12427029619798569,-1.8950754269456653,1.8554378926071533,0.546293546776007,1.6327082261310568,0.1655078125,0.2866317331790924,0.9125999808311462,42,42,0.8344922065734863,42,0.0,0,0.0,0.0,0,0,0,0,32,625,dclamp,1.674639105796814,0.005280626636391849,R,none,1
-1.8421848475349665,1.6048117028583078,5.019288567568899,0.18787109375,-1.905747920066269,1.2852089591081262,3.9078670347778974,0.1494482421875,0.6621352239568017,1.006336408638716,-0.016709564023725317,-0.01847900021101818,0.01857017377328208,3.8161239494543207,-0.0027655126521131026,0.1262468633523417,-1.8957138594722491,1.9147893221575938,0.5854120219012189,1.6451538900942992,0.18787109375,0.3017873167991638,0.9192000031471252,37,37,0.8121289014816284,37,0.0,0,0.0,0.0,0,0,0,0,33,625,dclamp,1.3668875694274902,0.005572841556084628,R,none,1
-2.0977530209943227,1.6286610000988853,5.156301300859253,0.17154296875,-1.9111580420380436,1.2997331280128603,3.9903692907802,0.15181640625,0.6693677328370627,1.0330340025998999,-0.013095531382868751,-0.018478998932358607,0.018770938524462884,3.883390894603993,-0.0029558174731209876,0.12554495268205804,-1.895904033310168,1.931376363117553,0.5768962281276564,1.6673079704662275,0.17154296875,0.28512850403785706,0.9118000268936157,40,40,0.8284570574760437,40,0.0,0,0.0,0.0,0,0,0,0,34,625,dclamp,1.4336235523223877,0.006611106112187362,R,none,1
-2.069912449329904,1.6352195517371673,6.103126355891646,0.1816015625,-1.9105610002595268,1.3185162022823154,4.298502821707947,0.1639599609375,0.6991323869380883,1.0558044902823962,-0.016451901539504807,-0.018479000988064237,0.019575497286248307,3.9302898634953762,-0.0061741341813467444,0.1255707814085248,-1.8991225606003803,2.0114387570770855,0.5992794858746184,1.6804849864225755,0.1816015625,0.30844607949256897,0.9093000292778015,46,46,0.8183984160423279,46,0.0,0,0.0,0.0,0,0,0,0,35,625,dclamp,1.5276930332183838,0.007537862173159413,R,none,1
-1.962342069902058,1.6351696180559816,4.987824516695363,0.18314453125,-1.9081004442318699,1.3221286830996986,4.073799693370957,0.16460205078125,0.68565164336249,1.0832662341897816,-0.020893622877328592,-0.018478999902292334,0.019215277847906862,3.9793243281454624,-0.0068258743197657165,0.12519654354424992,-1.8997741895147018,1.9710295184837805,0.6090073067246182,1.6982379156029555,0.18314453125,0.2707468271255493,0.921500027179718,43,43,0.8168554902076721,43,0.0,0,0.0,0.0,0,0,0,0,36,625,dclamp,1.4837710857391357,0.008235031559142555,R,none,1
-2.0763629219759125,1.6605415851307768,5.75051704251996,0.1865234375,-1.9072838401596695,1.341706823470347,4.461481653042611,0.17141357421875003,0.7215104210021049,1.1025915073566552,-0.023924728211871093,-0.018478999895717895,0.02015925837302593,4.02426689945644,-0.00907259874358715,0.12745653182013553,-1.9020209132650518,2.069857874503671,0.616740705089462,1.7118986483000265,0.1865234375,0.3012894093990326,0.9162999987602234,37,37,0.8134765625,37,0.0,0,0.0,0.0,0,0,0,0,37,625,dclamp,1.558887243270874,0.009242147046116735,R,none,1
-2.097016064077009,1.7013089841011968,5.696242098955775,0.18435546875,-1.9037155129712167,1.348362606155837,4.363907813208176,0.16628173828124998,0.7143055393531726,1.1287576665230525,-0.02498148819686495,-0.018478999008014994,0.0199731728982625,4.075565377824798,-0.009467721650726162,0.1293273673600407,-1.9024159452378484,2.053464605368942,0.5610842492294341,1.7291576237430124,0.18435546875,0.30047154426574707,0.9128000140190125,39,39,0.8156445026397705,39,0.0,0,0.0,0.0,0,0,0,0,38,625,dclamp,1.5955333709716797,0.010388712346469053,R,none,1
-2.009137704555599,1.6504549586835968,6.035444618321668,0.18857421875,-1.9069706750516273,1.3675220442884852,4.695367214222965,0.17135742187500003,0.7417089174573894,1.1519975472412325,-0.023589923083664574,-0.018479000204807403,0.020672012203191682,4.121044943981416,-0.012880459240841446,0.13023098323842053,-1.9058288054247594,2.1271617568595222,0.5500647697996177,1.741820678471739,0.18857421875,0.28533002734184265,0.9093999862670898,42,42,0.8114258050918579,42,0.0,0,0.0,0.0,0,0,0,0,39,625,dclamp,1.4683493375778198,0.011433560468378384,R,none,1
-1.9440561589140384,1.7534933156654484,5.906295672293599,0.20947265625,-1.9097780478212272,1.3795228804675936,4.614729312648833,0.16785888671875,0.7378753123108456,1.1872839582319918,-0.022075892809231022,-0.018478999467538417,0.020575676385817594,4.180790594404731,-0.013219723999209237,0.12886423219797757,-1.9061679946589052,2.1135055023838896,0.5500646572987011,1.7596662291640568,0.20947265625,0.26592007279396057,0.913100004196167,36,36,0.79052734375,36,0.0,0,0.0,0.0,0,0,0,0,40,625,dclamp,1.3794395923614502,0.0119689701232575,R,none,1
-2.043018797970854,1.7096519989268826,5.992810581137912,0.18783203125,-1.9074721541376238,1.3857236674225284,4.440528621698191,0.16795654296875,0.7251688056042686,1.2173559447824176,-0.022294667931744484,-0.018479000935339017,0.0202530909974116,4.232238116421956,-0.012996948816580698,0.12519558931499106,-1.905945369834559,2.0754853108540807,0.5500644398199226,1.7783624689165678,0.18783203125,0.2856845557689667,0.9157999753952026,37,37,0.8121679425239563,37,0.0,0,0.0,0.0,0,0,0,0,41,625,dclamp,1.72382390499115,0.01295630065510454,R,none,1
-2.050027313813301,1.7418761836612586,6.582233153911829,0.1929296875,-1.9143572082143212,1.402250500659908,4.611582696769784,0.17166259765624997,0.7411551428729897,1.2484209525007146,-0.0232696287727416,-0.018479001296167443,0.020658122923840973,4.283890129803009,-0.01258143705315888,0.12379903916686287,-1.9055298950336108,2.11146920691403,0.5837780278973728,1.7970856303607115,0.1929296875,0.32880890369415283,0.909500002861023,37,37,0.8070703148841858,37,0.0,0,0.0,0.0,0,0,0,0,42,625,dclamp,1.4772371053695679,0.013561812004790917,R,none,1
-1.9006659795044607,1.7814383566092542,6.822774572730406,0.208515625,-1.9214482808172995,1.4174632289788411,4.819654504691827,0.17584228515625,0.7567460379691492,1.2792350842477571,-0.026779116709784227,-0.01847900102080714,0.02104562960089921,4.332505607631815,-0.015623137992224655,0.12550048820134768,-1.9085715677653696,2.1556477306497452,0.6301898763655718,1.80883715882834,0.208515625,0.29104429483413696,0.9085999727249146,31,31,0.7914843559265137,31,0.0,0,0.0,0.0,0,0,0,0,43,625,dclamp,1.564552664756775,0.01424745049225918,R,none,1
-1.9161912468077023,1.7503853187285074,7.274451985147777,0.21255859375,-1.9202798818703046,1.4357129330845708,5.000557572144373,0.17777832031250002,0.7731229290841778,1.31348629898119,-0.025337601839066443,-0.018479002414858045,0.021445131305897355,4.38041127064382,-0.01263450909871608,0.12743364928164785,-1.9055830816753856,2.1974779386479675,0.6293920513540678,1.8246842092353242,0.21255859375,0.319074422121048,0.9169999957084656,36,36,0.7874414324760437,36,0.0,0,0.0,0.0,0,0,0,0,44,625,dclamp,1.432287335395813,0.013550225391146222,R,none,1
-2.089522147129528,1.7490356715389352,6.235281361726029,0.1896875,-1.9197312584980337,1.4425071200374147,4.837121020571945,0.1739794921875,0.7539378308782004,1.3509021083975723,-0.024013147917136837,-0.018478999766225947,0.020976362249535755,4.433386224785637,-0.013913361261948011,0.13001603225222086,-1.906861662518541,2.149150594042081,0.6228095085719922,1.8367411878427637,0.1896875,0.3211696445941925,0.9093999862670898,34,34,0.8103125095367432,34,0.0,0,0.0,0.0,0,0,0,0,45,625,dclamp,1.5498048067092896,0.01461502053810131,R,none,1
-2.0495942659492,1.78919182947858,6.490598378463701,0.19421875,-1.918124034214654,1.4537887585469957,4.9422492547338095,0.17061523437499998,0.7644616237807337,1.3740221292480124,-0.02498199855113177,-0.018479000962040245,0.02123478241853021,4.477534080263001,-0.016126518447417765,0.13218026886477408,-1.9090749422006112,2.1792487305509822,0.6000114355923123,1.8450284848443648,0.19421875,0.29219675064086914,0.9120000004768372,38,38,0.8057812452316284,38,0.0,0,0.0,0.0,0,0,0,0,46,625,dclamp,1.5551481246948242,0.016149210117822294,R,none,1
-1.9559195894054306,1.8379060848116504,7.941075219272588,0.21748046875,-1.9315674031560968,1.4727849441808012,5.286478836538173,0.17607910156249998,0.796242716660494,1.3975081003046912,-0.024655325159540428,-0.018479001778728413,0.02199677466752648,4.525917429345051,-0.019562851500231772,0.1320561188800953,-1.9125113589131741,2.2588660374455514,0.5734000746171238,1.860465174103437,0.21748046875,0.25790372490882874,0.9162999987602234,29,29,0.782519519329071,29,0.0,0,0.0,0.0,0,0,0,0,47,625,dclamp,1.521208643913269,0.016966735655510996,R,none,1
-1.9667829137705155,1.8165675336324225,6.665085025974072,0.21751953125,-1.9312120335387666,1.485960919120128,5.401487940657283,0.19005371093749998,0.8085300015505942,1.4291722133275855,-0.02962236172584454,-0.018479000065117886,0.022284396593293808,4.570855318819383,-0.02114010783727281,0.13142757496288035,-1.9140884397117022,2.2880562924697205,0.4975537310879422,1.8689791274618364,0.21751953125,0.3411272168159485,0.9107999801635742,34,34,0.7824804782867432,34,0.0,0,0.0,0.0,0,0,0,0,48,625,dclamp,1.5293562412261963,0.017131916954472647,R,none,1
-2.043307391898776,1.8450193702870283,8.277937964684565,0.22052734375,-1.9307566544108243,1.5151373658715002,5.9671564049467385,0.20097656249999998,0.8597337187925918,1.4627535730924068,-0.026846054424971254,-0.01847899970777585,0.023445013784281828,4.630508866342759,-0.019148859737615567,0.13036801088122343,-1.9120971550067087,2.4038289725433875,0.6825711045477845,1.8846777596668443,0.22052734375,0.3230273127555847,0.9151999950408936,31,31,0.7794726490974426,31,0.0,0,0.0,0.0,0,0,0,0,49,625,dclamp,1.667891025543213,0.017560142465681782,R,none,1
-2.050526730274916,1.8201464883474572,7.510596676331769,0.2066015625,-1.932707326915928,1.5268434505190125,5.969821972762462,0.19204345703124998,0.857426842793403,1.5003094143648972,-0.026485334765496332,-0.01847900212415188,0.023393961393124225,4.69444617464568,-0.020127388181863354,0.13294343759400046,-1.9130759309792302,2.399313365017317,0.6285950540027891,1.9038927812518862,0.2066015625,0.2886218726634979,0.9143999814987183,32,32,0.7933984398841858,32,0.0,0,0.0,0.0,0,0,0,0,50,625,dclamp,1.4919854402542114,0.01764530575147857,R,none,1
-1.976063375795449,1.8805165668803716,7.184863389958806,0.209296875,-1.9367294684287726,1.5288795729639186,5.659835216358665,0.18289306640625003,0.8321509004683878,1.5325620256865553,-0.027240177528609032,-0.01847900061674392,0.02282713615331746,4.7490585978236135,-0.02159619604353793,0.13373328437570456,-1.914544584425331,2.3447427146962014,0.6296556059313068,1.9179666083956133,0.209296875,0.2729853689670563,0.9180999994277954,33,33,0.7907031178474426,33,0.0,0,0.0,0.0,0,0,0,0,51,625,dclamp,1.446121096611023,0.018371196936929693,R,none,1
-1.8320197205959148,1.8594878883133785,7.621755337959094,0.2273046875,-1.9387656712197439,1.549224887837272,6.067374349778492,0.18586669921875004,0.8648324294205745,1.5635584536832912,-0.028293130009457334,-0.018479000107991975,0.023557453953703185,4.806948605008909,-0.021724262747447938,0.1311624307299687,-1.9146725990138052,2.418307143044772,0.6889827844910881,1.931592969673322,0.2273046875,0.2950989007949829,0.9160000085830688,23,23,0.7726953029632568,23,0.0,0,0.0,0.0,0,0,0,0,52,625,dclamp,1.4901694059371948,0.018492671803152824,R,none,1
-1.9270950954885846,1.8861938280494615,8.228080466158517,0.24248046875,-1.9340867731154725,1.5681654680457309,6.3758591793204165,0.2014306640625,0.884738463475089,1.6029949135070156,-0.02859044181101909,-0.01847899835352037,0.023991393385677746,4.863381544661234,-0.02098762284964323,0.132630000821761,-1.9139357793917684,2.464833739562728,0.7175072260713674,1.9447792431300597,0.24248046875,0.3135020434856415,0.9168000221252441,31,31,0.757519543170929,31,0.0,0,0.0,0.0,0,0,0,0,53,625,dclamp,1.5742554664611816,0.01894872153744421,R,none,1
-1.9332116142682525,1.928200770048305,8.187643660986138,0.23130859375,-1.9297935965127075,1.58041083525743,6.474639193935396,0.2045166015625,0.8913769563115952,1.6339979042242734,-0.027676452336781718,-0.018479002174072404,0.024134370308816096,4.922091393989414,-0.020119054133538157,0.13452372862887008,-1.913067602044653,2.4789027497197846,0.6335615867297734,1.962104713327582,0.23130859375,0.3138441741466522,0.9144999980926514,27,27,0.7686914205551147,27,0.0,0,0.0,0.0,0,0,0,0,54,625,dclamp,1.5361648797988892,0.0194213624744195,R,none,1
-2.167428434270924,1.9522108955160846,8.33064485446088,0.21669921875,-1.9330100529631389,1.5909084563993465,6.435256328785698,0.20365234374999996,0.8917964510712028,1.6650691355265308,-0.025875869954782624,-0.018479003162113178,0.024143376187214526,4.9730460091153255,-0.020877678347751498,0.1324498061672192,-1.9138263274716019,2.4777683563754476,0.691078594946757,1.9850064404676366,0.21669921875,0.29869717359542847,0.9070000052452087,28,28,0.7833007574081421,28,0.0,0,0.0,0.0,0,0,0,0,55,625,dclamp,1.3249273300170898,0.02023476198792877,R,none,1
-1.9840086734133424,1.9387430334371425,8.450083219824682,0.2252734375,-1.9303141692406682,1.602756537782367,6.521735384781483,0.20490478515625002,0.9018050173633014,1.694037871973863,-0.027014369933044766,-0.01847900203462087,0.02435727532992624,5.017655672103732,-0.02046367889386602,0.1341726066957766,-1.9134122125198711,2.500999220148318,0.664928786573002,1.9945846058170622,0.2252734375,0.29507413506507874,0.9100000262260437,29,29,0.7747265696525574,29,0.0,0,0.0,0.0,0,0,0,0,56,625,dclamp,1.5607216358184814,0.02062130818189279,R,none,1
-2.006610840148465,1.9470595834835305,8.914481953680164,0.2259765625,-1.9305704064259095,1.616505541720406,6.636159249502469,0.2042138671875,0.9137934027721508,1.7212786932609283,-0.0219819296202967,-0.01847900189460628,0.024611038580517736,5.06860596677784,-0.023117466383846475,0.13334874596250573,-1.9160659856670634,2.526059006609013,0.6605151534264302,2.004216462334771,0.2259765625,0.2938325107097626,0.9077000021934509,29,29,0.7740234136581421,29,0.0,0,0.0,0.0,0,0,0,0,57,625,dclamp,1.5670791864395142,0.02212402579747459,R,none,1
-2.02131488670387,2.014226491830409,8.883292886321037,0.2328515625,-1.9263633903950648,1.6240999253491595,6.566068268776893,0.200634765625,0.9123804536587091,1.7431626574326118,-0.017842543572176416,-0.01847900198718243,0.02458126621330391,5.117532435884691,-0.021927909693913533,0.1349741683318038,-1.914876438460429,2.5220654754248755,0.6795740555481105,2.0198745558576507,0.2328515625,0.2832034230232239,0.9150000214576721,26,26,0.7671484351158142,26,0.0,0,0.0,0.0,0,0,0,0,58,625,dclamp,1.449968934059143,0.02250209693891536,R,none,1
-2.050835421217516,2.025282514364341,9.139151949965493,0.24236328125,-1.9258526182612996,1.642358769715071,6.809451294129399,0.210078125,0.9406463126107347,1.775742549529513,-0.019046533680247273,-0.018478997532575318,0.02517016686494789,5.163085379682991,-0.022802455232595095,0.1346382924203515,-1.9157505276789057,2.580721045535688,0.710989105274032,2.0363655811976504,0.24236328125,0.27981001138687134,0.9204999804496765,27,27,0.7576367259025574,27,0.0,0,0.0,0.0,0,0,0,0,59,625,dclamp,1.7462350130081177,0.02371815498961434,R,none,1
-1.9111378125988279,1.985816264124401,9.170286728329675,0.25484375,-1.9213037889030864,1.6567505146426087,7.027442558063139,0.2182861328125,0.9589102465223521,1.808001820936842,-0.022089799690646127,-0.018479000320561437,0.025543460248396696,5.212996281147051,-0.021523729149485006,0.13635028072276129,-1.914472087190993,2.6176738266993715,0.7300166876056844,2.0487745854175166,0.25484375,0.2752133011817932,0.9143999814987183,22,22,0.7451562285423279,22,0.0,0,0.0,0.0,0,0,0,0,60,625,dclamp,1.5005768537521362,0.023571874598104663,R,none,1
-2.0124473248127557,2.0256946064329266,9.152480582046651,0.23986328125,-1.9176033404005925,1.6758049535449708,7.259751893685552,0.2178125,0.9803921344751434,1.8481658777341148,-0.02023576988339748,-0.018479001680530804,0.025975661497615928,5.2581066263355725,-0.02123134524881607,0.13875280886673927,-1.9141798426026093,2.665218184008035,0.7872445308865466,2.0624132862869033,0.23986328125,0.3112088441848755,0.913100004196167,25,25,0.7601367235183716,25,0.0,0,0.0,0.0,0,0,0,0,61,625,dclamp,1.6220074892044067,0.024259407724618317,R,none,1
-1.9401149503044843,1.9694120910227597,9.58878587604064,0.248515625,-1.9182329523752535,1.682672580007538,7.203237967400046,0.22228027343749998,0.9748022817157653,1.8773996219318871,-0.020814892138428114,-0.018478998748524857,0.02586389439933278,5.297563210442186,-0.021674477838678284,0.14102292931155053,-1.9146226748441983,2.6522974862703017,0.7248134022796201,2.071451213893236,0.248515625,0.2924574315547943,0.9147999882698059,33,33,0.7514843940734863,33,0.0,0,0.0,0.0,0,0,0,0,62,625,dclamp,1.5064129829406738,0.02476468512681209,R,none,1
-2.0580742463065476,2.0045128758242976,9.525936430449223,0.24208984375,-1.9254132094662644,1.6952771657714898,7.4044664011819785,0.2273291015625,0.9866214303809205,1.90069539126045,-0.013352152855155525,-0.01847900104610062,0.026099652919313158,5.3408920648848435,-0.02241246577119455,0.14006198541982826,-1.9153608981353483,2.6784038891898057,0.7119984457216543,2.0830676657851397,0.24208984375,0.2935757339000702,0.9070000052452087,28,28,0.7579101324081421,28,0.0,0,0.0,0.0,0,0,0,0,63,625,dclamp,1.6163066625595093,0.025593847722288475,R,none,1
-2.142544060762776,2.0406145026266485,10.254008337884478,0.24013671875,-1.9319600668177517,1.7025132525500155,7.40099784700515,0.22609130859375,0.9821605356681744,1.9272747983809382,-0.01088395894068026,-0.018479003161192626,0.02601091965226377,5.381544733503534,-0.02554295754933264,0.1411444636528023,-1.9184916065788837,2.668268527497772,0.772633291926377,2.095998914462165,0.24013671875,0.31413930654525757,0.9143000245094299,27,27,0.7598632574081421,27,0.0,0,0.0,0.0,0,0,0,0,64,625,dclamp,1.7110295295715332,0.02748070157281942,R,none,1
-1.9287141783312713,2.0267597915821494,10.13872564528857,0.27009765625,-1.9358013462271355,1.7225045012204627,7.879906323271084,0.2259619140625,1.0279783857335378,1.9568723371213712,-0.017828966130154757,-0.018478998964032933,0.026908359212532318,5.42061162724164,-0.025465646787779406,0.13857742737461282,-1.9184138658694756,2.7624357362935408,0.753930128054701,2.1065253931903287,0.27009765625,0.30185946822166443,0.9199000000953674,25,25,0.7299023270606995,25,0.0,0,0.0,0.0,0,0,0,0,65,625,dclamp,1.332138180732727,0.027970145217973755,R,none,1
-2.0591432999506676,2.0436965826713505,9.078995626702136,0.23701171875,-1.936860265574708,1.727609614982252,7.642945188555484,0.2223193359375,1.0055655228876208,1.9925367604051432,-0.013467301513639684,-0.018478999086683136,0.026473158595666645,5.47719538242295,-0.02468268679920584,0.13511925272573855,-1.9176309184449203,2.709356656676883,0.8319470874753252,2.1253260355187993,0.23701171875,0.303609162569046,0.9107000231742859,24,24,0.762988269329071,24,0.0,0,0.0,0.0,0,0,0,0,66,625,dclamp,1.39332914352417,0.028712330555333315,R,none,1
-2.180021389179376,2.081833653661032,9.92270876630549,0.23294921875,-1.938876990651912,1.7411712704297493,7.891294134632471,0.22515869140625,1.0252911258611834,2.0154134450927574,-0.00902717798399471,-0.018479002691810863,0.026856549015903036,5.515942207325721,-0.02711804738501087,0.1365817098362353,-1.9200666483321216,2.751680947408174,0.8483234235658377,2.1337695332806392,0.23294921875,0.36347219347953796,0.8867999911308289,23,23,0.7670508027076721,23,0.0,0,0.0,0.0,0,0,0,0,67,625,dclamp,1.4900823831558228,0.03034184930310231,R,none,1
-2.2123081149517607,2.1055282786568386,10.40455811104716,0.2405859375,-1.941207115785084,1.758292463364801,8.208618343272088,0.22710693359374998,1.055492136101149,2.0482360011857477,-0.012135750561437834,-0.01847900142873242,0.027433166168255415,5.555849489063163,-0.03158891604514793,0.13839606998472143,-1.9245373876052663,2.8152696224339473,0.8812595154982343,2.144041541303411,0.2405859375,0.2699527144432068,0.9179999828338623,23,23,0.7594140768051147,23,0.0,0,0.0,0.0,0,0,0,0,68,625,dclamp,1.5053160190582275,0.0320017527333337,R,none,1
-1.944293765073952,2.0952457031006797,10.943685198805085,0.26359375,-1.921740795272112,1.7705556953895902,8.55510075838165,0.2314892578125,1.0865990384104396,2.0662215443212473,-0.017953112255172387,-0.018479002295663502,0.028014672852031818,5.592412038422176,-0.03204797947895713,0.13966660561769087,-1.9249965398455984,2.8799974718164134,0.9108316171525788,2.1534247427265476,0.26359375,0.26977038383483887,0.9154999852180481,22,22,0.7364062666893005,22,0.0,0,0.0,0.0,0,0,0,0,69,625,dclamp,1.569470763206482,0.032095168104001565,R,none,1
-1.929517357700592,2.088569724217874,11.12767152628777,0.26634765625,-1.9279771871013895,1.7821719298520096,8.763036421614586,0.2342138671875,1.102073989624992,2.092523441363218,-0.01846064343577442,-0.018478997481084433,0.028299511757367918,5.627516505047522,-0.035196030095685275,0.1388020803412177,-1.9281440972673818,2.911574808862565,0.9299524835643798,2.1611791138482053,0.26634765625,0.294458270072937,0.9090999960899353,25,25,0.7336523532867432,25,0.0,0,0.0,0.0,0,0,0,0,70,625,dclamp,1.406973958015442,0.033128534404678334,R,none,1
-2.0983141623752006,2.1244912377364535,10.674093499041682,0.24720703125,-1.9241841262935286,1.7849738231706875,8.587567975275986,0.2299658203125,1.086883871006652,2.1221825773724743,-0.022934898974545873,-0.01847900251976574,0.028019941559900896,5.669464151947039,-0.03552850248292089,0.13987244143755617,-1.9284770858061047,2.8855120797976763,0.9319698414968203,2.1721398485393935,0.24720703125,0.34312528371810913,0.9104999899864197,28,28,0.7527929544448853,28,0.0,0,0.0,0.0,0,0,0,0,71,625,dclamp,1.6628016233444214,0.03356261935566994,R,none,1
-2.0274207339326336,2.113842257285403,10.956715139740147,0.24791015625,-1.935670309616656,1.8010509121461047,8.77865918517044,0.228046875,1.1039628051639963,2.151883165601065,-0.012061582622745265,-0.0184790009753333,0.02833407940291397,5.7057531884054,-0.03919326685834676,0.13853149377584964,-1.9321416919732513,2.915719613121308,0.8910734313464514,2.181165879173749,0.24791015625,0.3124266266822815,0.9047999978065491,25,25,0.7520898580551147,25,0.0,0,0.0,0.0,0,0,0,0,72,625,dclamp,1.4353880882263184,0.03523021094183734,R,none,1
-2.004605906097913,2.1468876063983484,11.17829335795318,0.24953125,-1.9454261091212575,1.8045026746202857,8.62898674487903,0.22790527343749997,1.0859938562107307,2.180581001147885,-0.010344954646852145,-0.018479001057493852,0.028003475670622172,5.748222205460856,-0.04012155635049566,0.13585888386097342,-1.9330699898817474,2.8811956423273406,0.8900542506158704,2.1911786306936216,0.24953125,0.2591214179992676,0.911899983882904,20,20,0.7504687309265137,20,0.0,0,0.0,0.0,0,0,0,0,73,625,dclamp,1.3845462799072266,0.03545878092330729,R,none,1
-1.9057700302837493,2.1548894318999716,10.71164453003683,0.25650390625,-1.9502051853235605,1.8130569016254512,8.590059984570184,0.2251611328125,1.0770394794981357,2.2176531195746296,-0.007517270541085321,-0.01847899802134569,0.02783726383270827,5.791919549831566,-0.038350516343780325,0.1354444880186531,-1.9312986388586575,2.8649726985491677,0.9217942701338933,2.2015568499855824,0.25650390625,0.2518528997898102,0.9154999852180481,13,13,0.7434961199760437,13,0.0,0,0.0,0.0,0,0,0,0,74,625,dclamp,1.4863057136535645,0.03586829016546564,R,none,1
-1.8439886456561507,2.1608629196180913,11.144697727501711,0.26892578125,-1.9557839216733293,1.8267812857304035,8.58243112235592,0.22665527343749997,1.0742800824376095,2.2561032690568026,0.006746514400413645,-0.018479001473566334,0.027785840366188523,5.838913560618453,-0.03527852871920913,0.13332042059121385,-1.9282270048720154,2.8578613495086103,0.8838642732472062,2.2097434027672387,0.26892578125,0.31540554761886597,0.9120000004768372,17,17,0.7310742139816284,17,0.0,0,0.0,0.0,0,0,0,0,75,625,dclamp,1.512014627456665,0.03476482177163158,R,none,1
-2.0793676532940095,2.171988207898934,9.513178695695734,0.24181640625,-1.955775122957113,1.8326395337123893,8.379702952859327,0.23177001953124998,1.0633416501369972,2.292905282734218,0.0023207276543479073,-0.018479002925057483,0.02758105923615407,5.87849875527035,-0.03747918500564992,0.131138627651461,-1.9304278098460332,2.8355140322864725,0.8481554288381092,2.2188018345072957,0.24181640625,0.29407405853271484,0.9075999855995178,21,21,0.7581835985183716,21,0.0,0,0.0,0.0,0,0,0,0,76,625,dclamp,1.3425041437149048,0.03543908260011515,R,none,1
-1.8277360680437809,2.1490383900936907,11.549301364968777,0.27431640625,-1.9575304837979053,1.8527268168893087,8.691193594627846,0.23481689453125,1.087342688495865,2.3305787031124576,0.014675266412466243,-0.018479000162999516,0.028028428272853925,5.924431568011639,-0.03761693321634084,0.13077585970463595,-1.9305652751175504,2.882560224592693,0.8487937204119413,2.2303368925483764,0.27431640625,0.2864494025707245,0.9187999963760376,16,16,0.7256835699081421,16,0.0,0,0.0,0.0,0,0,0,0,77,625,dclamp,1.7707979679107666,0.03585267913180902,R,none,1
-1.9136534470565296,2.241779699396853,11.75738565152983,0.271796875,-1.9489333676279232,1.8689090693152834,8.885640237000276,0.2399169921875,1.0972543639768124,2.375221246236064,0.020345499156042272,-0.018478999562654114,0.02821110755096076,5.969685500445158,-0.035779050695709885,0.13406835223358365,-1.9287273310988495,2.9051992701779006,0.8657183343902621,2.2366050109287925,0.271796875,0.2932223379611969,0.9122999906539917,17,17,0.7282031178474426,17,0.0,0,0.0,0.0,0,0,0,0,78,625,dclamp,1.407527208328247,0.035441102662050444,R,none,1
-2.1744203587192623,2.1973907452939,10.887747000776843,0.231015625,-1.9457040881175707,1.869182911846166,8.441834965625448,0.235595703125,1.0694507332316932,2.4063893139305534,0.018004710775465536,-0.018479001424210374,0.027695616049676502,6.016387803845902,-0.03526379295391962,0.133946576890385,-1.9282122640508095,2.8507951093386197,0.8977834383970169,2.247864573854061,0.231015625,0.3020438849925995,0.9110000133514404,15,15,0.7689843773841858,15,0.0,0,0.0,0.0,0,0,0,0,79,625,dclamp,1.7390230894088745,0.036483621101338085,R,none,1
-2.0007897656221583,2.25157748236924,13.28256821943072,0.26421875,-1.9459739346184848,1.8992747168245692,9.358814648086616,0.24464111328125,1.1466747206197825,2.43904773120459,0.0215219981446742,-0.018478998569592196,0.029104852533750704,6.053656235329404,-0.03563961082487367,0.13532194033575395,-1.9285877895009234,2.9997623224974337,0.964813695785485,2.258378498424653,0.26421875,0.31932324171066284,0.9042999744415283,19,19,0.7357812523841858,19,0.0,0,0.0,0.0,0,0,0,0,80,625,dclamp,1.7265981435775757,0.03657846813835272,R,none,1
-2.0559765038353084,2.2051750960848686,11.37174851439798,0.24189453125,-1.9378065347491538,1.9033691512091662,9.175588648008368,0.23464355468749998,1.1351853999196673,2.466587938045996,0.02104078780903833,-0.018478999765489917,0.028899538756831777,6.092184439001414,-0.034653612764632274,0.13548755550241318,-1.9276019139458282,2.9769980366875255,1.0158599134143467,2.268704166654797,0.24189453125,0.3626039922237396,0.9036999940872192,22,22,0.758105456829071,22,0.0,0,0.0,0.0,0,0,0,0,81,625,dclamp,1.6524229049682617,0.03754611907932422,R,none,1
-1.9366533977209657,2.278806346430272,12.114733870344232,0.2634375,-1.9364547662115406,1.9220080308375713,9.665680545891954,0.23826904296875,1.1765521616935128,2.4872728053214432,0.030289903589162625,-0.018478999843442014,0.02963209979407157,6.134630211197544,-0.033723256882512945,0.13626730045566454,-1.9266715660489506,3.054970755624269,1.0327824710704152,2.2797376414631683,0.2634375,0.3089948296546936,0.9126999974250793,19,19,0.7365624904632568,19,0.0,0,0.0,0.0,0,0,0,0,82,625,dclamp,1.4799162149429321,0.03743358593429267,R,none,1
-2.1443109151615953,2.2737482071013457,12.693409974588356,0.25326171875,-1.9440532846725624,1.9338463232732592,9.705939644508556,0.2356494140625,1.184724058469856,2.517681712815516,0.03735583075212954,-0.018479002182660964,0.02977468202811716,6.178274794382634,-0.03233681380515918,0.1358063584651809,-1.9252853625960678,3.069939271750464,1.0133553741704295,2.2927675196160986,0.25326171875,0.3153280019760132,0.9043999910354614,24,24,0.7467382550239563,24,0.0,0,0.0,0.0,0,0,0,0,83,625,dclamp,1.6301566362380981,0.03798601443113146,R,none,1
-2.0851273359528464,2.247218766083535,13.163089145766262,0.25703125,-1.944315285871787,1.9504761663079113,10.142472936728062,0.24336181640625,1.2152978176435956,2.545518578472234,0.04354087921937668,-0.01847900063425436,0.030302185529199194,6.209921290280474,-0.03130226204695646,0.135353006962304,-1.9242506522224807,3.1234183169305076,0.907985388968267,2.2984874886375635,0.25703125,0.3972872197628021,0.8942000269889832,23,23,0.742968738079071,23,0.0,0,0.0,0.0,0,0,0,0,84,625,dclamp,1.5211551189422607,0.03867869104690282,R,none,1
-1.8596121565462147,2.2803964414562072,11.844420398116737,0.2755078125,-1.9408164419557528,1.958917909676832,10.105147281027438,0.2387255859375,1.213061725652828,2.58146528785065,0.042832363349170614,-0.018478999091823992,0.030263917829848788,6.251487254053693,-0.03113070421735756,0.13332499055766966,-1.9240789363896902,3.1135831795943294,0.9172088914662404,2.3106019773976287,0.2755078125,0.3208831548690796,0.9092000126838684,16,16,0.7244921922683716,16,0.0,0,0.0,0.0,0,0,0,0,85,625,dclamp,1.4885152578353882,0.03945954603492231,R,none,1
-2.077711596680209,2.272092260061993,12.301503736498507,0.24921875,-1.9389401886816793,1.9656229185782985,10.057268550970944,0.23669433593750003,1.2097658150000998,2.6153631765042302,0.0385444665359383,-0.01847899825431705,0.030207423495555125,6.286423436888819,-0.031412408715114,0.1345089779134354,-1.9243605550950678,3.110286640854625,0.952955492955863,2.319848873964214,0.24921875,0.32771509885787964,0.9088000059127808,17,17,0.750781238079071,17,0.0,0,0.0,0.0,0,0,0,0,86,625,dclamp,1.5049198865890503,0.04033164960347607,R,none,1
-1.9284334281327957,2.3483268980694874,13.215947441116036,0.26216796875,-1.9322513073286607,1.9792930811695233,10.2380752467462,0.23515625,1.2274336349090562,2.6586296183182863,0.03153784793820216,-0.018478997787404954,0.03050904332058891,6.327853328751835,-0.02891496954020113,0.13177314163702036,-1.9218630680907014,3.135520335655007,0.9122850099807169,2.328338326891626,0.26216796875,0.33713704347610474,0.9085999727249146,20,20,0.7378320097923279,20,0.0,0,0.0,0.0,0,0,0,0,87,625,dclamp,1.5128878355026245,0.04060019518400342,R,none,1
-2.004603185480454,2.3035596195648815,12.44819250205254,0.256875,-1.929394491795581,1.9907885238074268,10.456081986240108,0.23945068359375,1.253751806765085,2.689050367292426,0.020436772465841902,-0.01847899979601761,0.030952888322272637,6.366451770680697,-0.030488239320693538,0.13220183859540027,-1.9234365436290795,3.1814045341315556,0.9742937544670593,2.3357246331259502,0.256875,0.37486663460731506,0.8999000191688538,17,17,0.7431250214576721,17,0.0,0,0.0,0.0,0,0,0,0,88,625,dclamp,1.4917274713516235,0.04179997285147481,R,none,1
-2.019336572289628,2.395473762387444,13.027385914986755,0.2627734375,-1.9301942082620895,1.9954078933583974,10.360660603611619,0.23817626953125,1.2506528551483955,2.716749244568641,0.014250561159960642,-0.018479001211091448,0.030900955948756824,6.406793504776086,-0.03358565919159446,0.13305669853134586,-1.926534108457048,3.176787383672343,1.0263355541458692,2.3425344305594002,0.2627734375,0.3052443563938141,0.9075000286102295,13,13,0.7372265458106995,13,0.0,0,0.0,0.0,0,0,0,0,89,625,dclamp,1.8156602382659912,0.042899565547934726,R,none,1
-2.1338148155227152,2.352527640275115,13.931818578226517,0.25076171875,-1.9323302348753508,2.0058184923562004,10.522359974087077,0.2301318359375,1.2703287811940107,2.7474312150801903,0.005547828003898403,-0.018478999227557226,0.031229215365510984,6.444556239963816,-0.03501987815834582,0.13272943920272526,-1.9279681242348936,3.210917804682491,1.0374150422214554,2.3532405461638737,0.25076171875,0.2916596233844757,0.9108999967575073,19,19,0.7492382526397705,19,0.0,0,0.0,0.0,0,0,0,0,90,625,dclamp,1.7076762914657593,0.044118011286144426,R,none,1
-1.9738618215630064,2.352033847033185,13.599675011520116,0.263828125,-1.9298982616816347,2.018630298683325,10.696898398605805,0.23559814453124997,1.2867339357106888,2.7828915257937643,0.005242821257875425,-0.01847899751969965,0.03150029260744077,6.482218620449198,-0.03486118007567711,0.13515355878113633,-1.9278092512030316,3.240291337639966,1.1669978974680166,2.3652672515890334,0.263828125,0.32092225551605225,0.904699981212616,17,17,0.7361719012260437,17,0.0,0,0.0,0.0,0,0,0,0,91,625,dclamp,1.4470704793930054,0.04465743421026329,R,none,1
-2.1855190743859993,2.3782412575006004,12.811028347623779,0.23849609375,-1.9446668152784647,2.0349174381597614,11.066961380277922,0.235458984375,1.3056495987031695,2.8094978569444504,0.02574152447906581,-0.018479001318447198,0.031809982661832346,6.518518461505561,-0.03531676580198109,0.13486305188623535,-1.9282652260647226,3.2688645762283848,1.06859623753027,2.3741991382909178,0.23849609375,0.3131512403488159,0.9103999733924866,17,17,0.7615039348602295,17,0.0,0,0.0,0.0,0,0,0,0,92,625,dclamp,1.5518643856048584,0.04591444657385463,R,none,1
-2.061550839253903,2.346936334836299,12.913970022450155,0.25357421875,-1.9392044064140657,2.038563411636417,11.030478555873636,0.23542724609375,1.2970803293306101,2.8378259005014104,0.020834553430686027,-0.018479002494610694,0.03167005882012291,6.552909721948242,-0.037613552319817244,0.13720964078229758,-1.9305621330661737,3.258237638886683,1.0707474615933585,2.3808714214458297,0.25357421875,0.31646135449409485,0.9053999781608582,18,18,0.7464258074760437,18,0.0,0,0.0,0.0,0,0,0,0,93,625,dclamp,1.4503816366195679,0.04733255274649051,R,none,1
-1.8624449690894935,2.3805098425197233,13.505349779598335,0.27861328125,-1.9371473176043055,2.049992765869982,11.245195432678756,0.24047119140625,1.316799933111565,2.872281501202202,0.013388905805491468,-0.018479001110312122,0.03199113456447463,6.590554025745134,-0.039995533371693454,0.1394647322535196,-1.9329439723135335,3.294443666981648,1.1348101499491086,2.3863567524216602,0.27861328125,0.3029552698135376,0.9107999801635742,14,14,0.721386730670929,14,0.0,0,0.0,0.0,0,0,0,0,94,625,dclamp,1.626691460609436,0.048071807643177505,R,none,1
-1.9904289392597019,2.4143851716154456,14.122866571654273,0.26365234375,-1.9365863544699908,2.061591625931854,11.551146839232361,0.23723388671875,1.3342849940266583,2.9165803405818655,-0.0007053024961795496,-0.01847900037127932,0.03227315533390184,6.631084169737727,-0.04068561374268029,0.1440642280344205,-1.9336339769796171,3.326840885263337,1.0714792888163573,2.396218377107127,0.26365234375,0.30776262283325195,0.9057999849319458,19,19,0.7363476753234863,19,0.0,0,0.0,0.0,0,0,0,0,95,625,dclamp,1.6972004175186157,0.049194082658542124,R,none,1
-1.7937310618238962,2.393497790943051,15.153691950380967,0.28763671875,-1.9372582091470074,2.070018939868764,11.510263277263885,0.24031005859375,1.327256925606211,2.9553606471111546,0.002360838698033838,-0.018479002853898693,0.032160093917929546,6.662473874242318,-0.03931846938241506,0.14625994738639628,-1.932267086933448,3.31657692785271,1.098189416082503,2.4050362215093455,0.28763671875,0.30864447355270386,0.8974000215530396,19,19,0.7123633027076721,19,0.0,0,0.0,0.0,0,0,0,0,96,625,dclamp,1.461012601852417,0.049142818525757054,R,none,1
-1.915087473414012,2.3980904602612525,12.886454736980031,0.26376953125,-1.9304961740252804,2.0757702739338453,11.391763666079497,0.24235107421875,1.3084023075803872,2.9965620771784414,0.0038578453885622466,-0.018478997502328155,0.031854802003950834,6.703318853523316,-0.039808243106817826,0.14922256715442545,-1.9327563124546747,3.286905766852993,1.0632216915966604,2.4112689419802087,0.26376953125,0.30801570415496826,0.9100000262260437,12,12,0.7362304925918579,12,0.0,0,0.0,0.0,0,0,0,0,97,625,dclamp,1.6531256437301636,0.04920921581951335,R,none,1
-2.011294869186753,2.432203740677725,14.761399380984237,0.2689453125,-1.9291800057568367,2.086168100084574,11.526594267465912,0.24397949218749995,1.3187662055336262,3.0202150525767326,0.013116083700123453,-0.01847899975209454,0.03202297373068459,6.74166534069122,-0.03946652714163065,0.1547733677366066,-1.9324148269506336,3.304374878933329,1.0851119920280943,2.4229465338299243,0.2689453125,0.3020622134208679,0.9071999788284302,13,13,0.7310546636581421,13,0.0,0,0.0,0.0,0,0,0,0,98,625,dclamp,1.4013569355010986,0.049653231455483615,R,none,1
-2.1619683868700776,2.409234607670432,15.003461253585856,0.26345703125,-1.9353579960944152,2.0988509075277695,11.977436606420913,0.24900390625000002,1.3481744507573366,3.0465553930640947,0.010445288208710029,-0.01847899757451686,0.03249543867180919,6.771324281708267,-0.03957898343738634,0.15391792768021068,-1.9325270601800968,3.349511118868782,1.081867694615668,2.427288337835893,0.26345703125,0.3202105462551117,0.9052000045776367,19,19,0.7365429401397705,19,0.0,0,0.0,0.0,0,0,0,0,99,625,dclamp,1.5388392210006714,0.05062282147281004,R,none,1
-2.179325812627709,2.4395098924837417,15.40794216290732,0.2444921875,-1.9406901986821805,2.120889049284123,12.628858691735694,0.24771484375,1.4010728952102405,3.0794003321863728,0.017697131976698036,-0.01847899999474128,0.033328432483203205,6.803303594734632,-0.03984333085478284,0.15781290434890546,-1.9327916555199869,3.439653314794017,1.0411473122410895,2.4312568047081218,0.2444921875,0.3227725028991699,0.9057000279426575,22,22,0.7555078268051147,22,0.0,0,0.0,0.0,0,0,0,0,100,625,dclamp,1.7593320608139038,0.05151128707151634,R,none,1
-2.1732296032381213,2.4907237225021426,15.30228698003308,0.24775390625,-1.9290618315391612,2.1297764691292946,12.64229965413933,0.24662109374999996,1.409917119834794,3.116382044757649,0.009648643864400236,-0.018478999436115317,0.033465680335929664,6.8415903333440555,-0.04156523197190836,0.16148877659775127,-1.934513499412691,3.454223610566087,1.0153164114400717,2.438529561993418,0.24775390625,0.3068753778934479,0.9054999947547913,18,18,0.752246081829071,18,0.0,0,0.0,0.0,0,0,0,0,101,625,dclamp,1.6459211111068726,0.05263701065095461,R,none,1
-2.1012354329814174,2.4523976005930126,15.482791032731663,0.25880859375,-1.9420171116559106,2.144274899828403,12.887168937353628,0.24380859375,1.432655015062968,3.150956355306436,0.014303475664703216,-0.01847900126080798,0.03381597646889101,6.874780392375694,-0.043265777097549286,0.16576936243438997,-1.9362142314558557,3.4910521855754317,1.00821579346698,2.447632875493875,0.25880859375,0.34162500500679016,0.9061999917030334,18,18,0.7411913871765137,18,0.0,0,0.0,0.0,0,0,0,0,102,625,dclamp,1.5258445739746094,0.05353312733112688,R,none,1
-2.210082250817033,2.4899651535238823,14.939675279041715,0.2472265625,-1.9453615919172427,2.144812232061494,12.760315057799161,0.23937988281250003,1.4213143058454376,3.1701373964844506,0.008767808470718457,-0.018478997645207277,0.033641720859277344,6.907776872730781,-0.04863565127074253,0.168721718928731,-1.9415837352548244,3.4773100317015526,1.1488519854106696,2.4519775407476283,0.2472265625,0.285783588886261,0.902999997138977,16,16,0.7527734637260437,16,0.0,0,0.0,0.0,0,0,0,0,103,625,dclamp,1.7022334337234497,0.05455948003739074,R,none,1
-2.217701520419837,2.5335389278472706,17.4708814648364,0.25458984375,-1.9518733549363787,2.1616828073108363,13.264434110141258,0.23857666015625,1.4643786281130338,3.207760047498813,0.0007338838114116442,-0.01847900325096231,0.03429872815229336,6.93832610237806,-0.05418871955247596,0.16990725384786912,-1.9471373777778371,3.548669264842388,1.1707330231092594,2.4537540969098544,0.25458984375,0.36373892426490784,0.8952000141143799,20,20,0.745410144329071,20,0.0,0,0.0,0.0,0,0,0,0,104,625,dclamp,1.6592669486999512,0.05640935739484167,R,none,1
-2.0142254876531083,2.567036063472037,16.623613610033257,0.269375,-1.959652112771645,2.1692856316953786,13.261300007267714,0.24071044921875,1.4548196028194211,3.2379981449107795,0.012982404149815698,-0.018479002354455897,0.034153982839874274,6.977941422902234,-0.055937078610295426,0.17197817888247344,-1.9488856449995011,3.537159840453402,1.0082478780384214,2.461895406651044,0.269375,0.3362049460411072,0.9052000045776367,15,15,0.7306249737739563,15,0.0,0,0.0,0.0,0,0,0,0,105,625,dclamp,1.7683759927749634,0.05747048942943237,R,none,1
-2.000054635381092,2.507578975412262,17.435726829134214,0.26953125,-1.9544107482133375,2.1898850354672597,13.93278587051631,0.24743408203125,1.5143802184715682,3.2718306028851067,0.009385647206767125,-0.018478997969507246,0.03504613004112958,7.010916565651533,-0.05712357926007826,0.17357717194344355,-1.9500716964647387,3.6307095282618134,0.9972869720837938,2.4691930641966344,0.26953125,0.3160732090473175,0.90829998254776,16,16,0.73046875,16,0.0,0,0.0,0.0,0,0,0,0,106,625,dclamp,1.4086157083511353,0.058372104631713016,R,none,1
-2.0080815905323575,2.5783932645925143,17.92621526045552,0.27892578125,-1.9622229096201798,2.2064658447058925,14.36730411866534,0.25083251953125,1.5526949886839596,3.3092703404204884,0.0065261947492389095,-0.018478998556626044,0.035608225466549674,7.042844379626969,-0.05648815729655325,0.1745225406930421,-1.9494363346443788,3.6911295507469046,0.9512634979962455,2.472786712233406,0.27892578125,0.32033592462539673,0.9020000100135803,14,14,0.7210742235183716,14,0.0,0,0.0,0.0,0,0,0,0,107,625,dclamp,1.54176664352417,0.05855485726398964,R,none,1
-2.072721296573211,2.5415208221842103,16.84570681916707,0.2715625,-1.9626865591752314,2.207916634877284,14.09906739415182,0.24846923828124998,1.5177364807097258,3.3540680779670344,0.0030913078910679605,-0.018478997918039853,0.03509572777814278,7.077684723298455,-0.058329165200702845,0.1764080333395627,-1.951277277133157,3.6350711156723357,0.9873506706751343,2.4798963211367395,0.2715625,0.3426316976547241,0.9053000211715698,18,18,0.7284374833106995,18,0.0,0,0.0,0.0,0,0,0,0,108,625,dclamp,1.3967273235321045,0.058508188982322004,R,none,1
-1.8944089372760848,2.5700172050057275,18.09622011684267,0.28625,-1.950988514362476,2.217042380818334,14.327761189431392,0.24829833984374997,1.5339943712276254,3.3828845650156807,-0.0016020178986796375,-0.01847900005253179,0.035334994896455606,7.111776859270321,-0.059293693682120646,0.17576714443753358,-1.9522420242672576,3.66269865039787,1.1444369808871544,2.4843930556085794,0.28625,0.3384098708629608,0.90420001745224,16,16,0.7137500047683716,16,0.0,0,0.0,0.0,0,0,0,0,109,625,dclamp,1.627490758895874,0.059297823533046426,R,none,1
-2.2361475946715768,2.5588845142754026,17.231081395423864,0.25091796875,-1.9653377696650267,2.220989196864824,14.183797330423713,0.25011474609375,1.5100159372293502,3.4132786410810247,0.009498434279879509,-0.01847900204504034,0.03498152884128848,7.143390552948086,-0.0627558915084228,0.18167262410473542,-1.9557044262017758,3.636137094643228,1.0203990033407724,2.4897661515881104,0.25091796875,0.3588726818561554,0.8999999761581421,19,19,0.7490820288658142,19,0.0,0,0.0,0.0,0,0,0,0,110,625,dclamp,1.68906569480896,0.06042272997269717,R,none,1
-1.9437676791825644,2.5784924157556715,16.312139590247433,0.27294921875,-1.9652240320855041,2.2311910306886107,14.472907029512548,0.24829589843750002,1.5335169653325509,3.44117658241359,0.0035198676791615745,-0.018479000910202478,0.035327991533904014,7.178199590235331,-0.06463188555790111,0.18194800146813744,-1.957580304000947,3.6706505570247066,1.0679121112440662,2.4981913847191652,0.27294921875,0.3098791539669037,0.9057000279426575,21,21,0.72705078125,21,0.0,0,0.0,0.0,0,0,0,0,111,625,dclamp,1.769309401512146,0.06098876457840348,R,none,1
-2.15375002903446,2.618981498303002,18.24565845135563,0.2635546875,-1.9549817922176544,2.2503399349343254,15.103226983823276,0.25512939453125,1.5859834449600954,3.4708380828768832,0.00720829492324631,-0.018479001553677824,0.036089474686364316,7.209162096716922,-0.06620930668199435,0.18332902925510774,-1.9591577910412463,3.752167900960588,1.0958417254665935,2.5033636400610435,0.2635546875,0.34025245904922485,0.9014999866485596,17,17,0.7364453077316284,17,0.0,0,0.0,0.0,0,0,0,0,112,625,dclamp,1.8921353816986084,0.06173328223490271,R,none,1
-2.2785002462816464,2.6324282094630447,17.05887319839117,0.257890625,-1.9598711131304183,2.25686330109996,14.967985136350624,0.25548583984375,1.5747033499214569,3.5140316926903212,0.004696917240030549,-0.018478998483164977,0.035927122197568696,7.244910513880922,-0.06796715075266548,0.1846075017828027,-1.9609153205753005,3.7392070939208293,1.1329148265951128,2.5139584650345683,0.257890625,0.34740713238716125,0.9014000296592712,17,17,0.7421093583106995,17,0.0,0,0.0,0.0,0,0,0,0,113,625,dclamp,1.5667977333068848,0.06227227280456126,R,none,1
-2.056208560132266,2.5755816489337753,15.681806933630085,0.2573046875,-1.9600782642718917,2.2494779022329547,14.423561406524664,0.24829345703124997,1.5271255071036018,3.5374464645856154,-0.0044211390548449135,-0.018479002345381364,0.03523410247767192,7.284417499550404,-0.07263775934232398,0.18491042789529752,-1.9655863248019543,3.664656519840733,1.1045889978200663,2.5226966548907286,0.2573046875,0.29934585094451904,0.9092000126838684,13,13,0.7426953315734863,13,0.0,0,0.0,0.0,0,0,0,0,114,625,dclamp,1.7378822565078735,0.06373270300778484,R,none,1
-2.0571222326010385,2.6310239248067018,15.832276929573903,0.27697265625,-1.9558784073638116,2.252618943175059,14.212412673655045,0.25457275390625,1.500896704109282,3.5805313069602356,-0.00713590791839883,-0.01847900537870488,0.03484615981223799,7.316498136207024,-0.07041675198742724,0.19009535676161166,-1.9633656281740806,3.6275636277849674,1.205478796420198,2.5292751383300636,0.27697265625,0.33476507663726807,0.9017999768257141,15,15,0.7230273485183716,15,0.0,0,0.0,0.0,0,0,0,0,115,625,dclamp,1.4337847232818604,0.06287859923940557,R,none,1
-2.2798710594274287,2.6980482080894395,19.74635889671448,0.26119140625,-1.9622423330864842,2.269625302423438,14.728417307927177,0.25605712890625,1.5502046049527647,3.6193987601932496,-0.01840435174533324,-0.01847900057566979,0.035571959211105474,7.345779642244227,-0.07290392823051661,0.1924518468547868,-1.9658523124047655,3.7037087833369915,1.1935485482931076,2.536770827946056,0.26119140625,0.35381925106048584,0.8992000222206116,21,21,0.7388085722923279,21,0.0,0,0.0,0.0,0,0,0,0,116,625,dclamp,1.5473533868789673,0.06342489805365857,R,none,1
-2.0945518223190622,2.637514285670122,17.08509920161139,0.266328125,-1.9538615515848705,2.2719598189360566,14.563556095683236,0.25545654296875,1.5344061157608082,3.6470357071136954,-0.01964040401454582,-0.018479003658291443,0.035341031645074475,7.377559778103253,-0.07671710772905499,0.19454475659482837,-1.969665807680321,3.683264949556072,1.1379202408479419,2.5385150357877735,0.266328125,0.3208199739456177,0.9014999866485596,14,14,0.7336719036102295,14,0.0,0,0.0,0.0,0,0,0,0,117,625,dclamp,1.4590067863464355,0.06464256005663133,R,none,1
-2.1042192898816325,2.6274836035138045,17.349969418916338,0.2715625,-1.9508857255105776,2.284913258729845,15.06803311503311,0.25713623046875,1.57622740805935,3.6820382065920607,-0.037437014731971814,-0.018479005698825976,0.03594909705123681,7.409245112238259,-0.07853367920033634,0.19363257359961641,-1.971482588179495,3.745758885274616,1.1069467757644404,2.548139015956309,0.2715625,0.30807414650917053,0.902400016784668,19,19,0.7284374833106995,19,0.0,0,0.0,0.0,0,0,0,0,118,625,dclamp,1.4050302505493164,0.06595934411511176,R,none,1
-1.9958167218960698,2.589783466912641,18.856728791865216,0.286796875,-1.952144347402773,2.298274156647067,15.508629299877013,0.26139404296875,1.6047792189418248,3.703519311697803,-0.026234431527843105,-0.018479002004996706,0.03635839106128375,7.434902285590087,-0.08141696131788194,0.1954600794789266,-1.9743654919092528,3.7954413979241703,1.1725513946337314,2.5533444529168348,0.286796875,0.37268850207328796,0.8952999711036682,20,20,0.7132031321525574,20,0.0,0,0.0,0.0,0,0,0,0,119,625,dclamp,1.6749240159988403,0.06679100092931592,R,none,1
-2.119500842770941,2.657133782947956,19.662938202963108,0.273046875,-1.9398198611306539,2.3114931424245553,15.741310594171695,0.26865478515625,1.6239092128607262,3.7405723150211143,-0.021480980406096604,-0.018478997408748032,0.03663006462498033,7.466701071604093,-0.0824340744910296,0.19806320815193484,-1.9753821342527436,3.8238869211167477,1.2733835981055126,2.560906882956564,0.273046875,0.2968463897705078,0.9061999917030334,19,19,0.7269531488418579,19,0.0,0,0.0,0.0,0,0,0,0,120,625,dclamp,1.4229100942611694,0.06701621852313479,R,none,1
-2.2007186425478373,2.703853177240396,19.384146931910593,0.268203125,-1.9369851745292812,2.330450945368064,16.532000969023816,0.26748291015625003,1.697930394134072,3.761292847575695,-0.028221632942863714,-0.018478995993833323,0.03766280739183229,7.494404364242629,-0.08386552184005268,0.19894919410333092,-1.9768134366609997,3.932787954436545,1.3703867663851588,2.5621077660260685,0.268203125,0.3470604419708252,0.9064000248908997,16,16,0.7317968606948853,16,0.0,0,0.0,0.0,0,0,0,0,121,625,dclamp,1.6155506372451782,0.06790665236515295,R,none,1
-2.1086458772486707,2.6365860143221647,18.964195588893578,0.26595703125,-1.943518435098469,2.338134793323533,16.626540244930606,0.26809814453124997,1.7137786306517757,3.7879392426309413,-0.03484356153263774,-0.018478999642765823,0.03788026057139918,7.520695058320523,-0.08721940727788023,0.2028312091371502,-1.9801676958874885,3.956949173207135,1.1134731241963927,2.5738085343200123,0.26595703125,0.3068777322769165,0.9039000272750854,15,15,0.7340429425239563,15,0.0,0,0.0,0.0,0,0,0,0,122,625,dclamp,1.4800724983215332,0.06872489279463521,R,none,1
-2.0264240117175283,2.616772021565969,19.905320135369582,0.28640625,-1.9478535906275627,2.3400776595548725,16.299178294942056,0.26459716796875,1.6814556929581181,3.8170266925687617,-0.02251893277907023,-0.0184790003401106,0.037435415500953494,7.551540164968863,-0.08721566957538016,0.20390117254122378,-1.9801640296194614,3.9121673701249637,1.1309012854829374,2.578568347480786,0.28640625,0.35050857067108154,0.8971999883651733,17,17,0.7135937213897705,17,0.0,0,0.0,0.0,0,0,0,0,123,625,dclamp,1.636439561843872,0.06886003165995445,R,none,1
-2.1658391345204735,2.6657433726642434,20.53170208332222,0.28318359375,-1.9439825586525472,2.341400381857537,16.116486695353714,0.25949462890625,1.6776229576641901,3.8280630050474507,-0.02353021454902251,-0.018478999730558644,0.03738231668642967,7.579797289281162,-0.09004937602672726,0.207069660796567,-1.9829976736296402,3.907555987077573,1.1507025162140723,2.5826803380148635,0.28318359375,0.36172744631767273,0.8980000019073486,19,19,0.7168164253234863,19,0.0,0,0.0,0.0,0,0,0,0,124,625,dclamp,1.6995115280151367,0.0703196195177497,R,none,1
-2.2145508100439146,2.676483070296722,19.89536520388049,0.27453125,-1.9569371359365322,2.3536744179641165,16.417764320599087,0.25940185546875,1.6973446626695567,3.869399524215851,-0.026960921106687342,-0.01847900121863496,0.037654743894061295,7.609165469022721,-0.09288354929536581,0.20985841372024103,-1.98583199933356,3.9407823453614497,1.158306950949659,2.5878919124247908,0.27453125,0.3666026294231415,0.9038000106811523,18,18,0.7254687547683716,18,0.0,0,0.0,0.0,0,0,0,0,125,625,dclamp,1.7471671104431152,0.07148603141686516,R,none,1
-2.0278031487417914,2.6957947463118774,19.542204469547887,0.28412109375,-1.9545090510820189,2.363737500076355,16.43870287517819,0.2651806640625,1.6869486415052364,3.9051380743610884,-0.004831746599110569,-0.018478999848786194,0.03751138457327134,7.645193722218632,-0.09182519567199052,0.20667802138143912,-1.9847735053858748,3.919015626543177,1.183820033757783,2.5943205668166884,0.28412109375,0.308726966381073,0.9053000211715698,15,15,0.7158789038658142,15,0.0,0,0.0,0.0,0,0,0,0,126,625,dclamp,1.6327706575393677,0.07137713248937033,R,none,1
-2.214684233217751,2.756433360362942,19.407986288422897,0.2841015625,-1.9499782661883227,2.3790030067618266,16.678196526484548,0.2670166015625,1.7107626889297296,3.945271525575764,0.0036210916763179356,-0.01847900113670692,0.03783897413471174,7.6759419272616904,-0.09073769017064479,0.20496460423461726,-1.98368613181631,3.9492908652608105,1.1821722555524898,2.6027285895226147,0.2841015625,0.3547740578651428,0.9018999934196472,16,16,0.7158984541893005,16,0.0,0,0.0,0.0,0,0,0,0,127,625,dclamp,1.8074169158935547,0.07174062991856836,R,none,1
-1.9917266901182944,2.732202923602925,20.06532892257605,0.285703125,-1.9506064019025613,2.389434118409755,16.966000487572497,0.27532470703125,1.7394336996286694,3.9721038855865767,-0.002142178994643702,-0.018478997436832432,0.03822965524383919,7.70869955625622,-0.09237115419935435,0.20846396222644356,-1.985319216837973,3.9936657822592943,1.1910859514281955,2.605175215536889,0.285703125,0.32997196912765503,0.9006999731063843,15,15,0.7142968773841858,15,0.0,0,0.0,0.0,0,0,0,0,128,625,dclamp,1.4599405527114868,0.07255128251035663,R,none,1
-2.131296433620455,2.77400551037067,21.646442150774664,0.29458984375,-1.9459521580697503,2.400914729385667,17.314113594705738,0.27656738281250004,1.764004033004091,4.002127018799008,-0.0017395140220486072,-0.01847900206909174,0.03856130602735122,7.733654600249146,-0.09418398374691606,0.21394471978760793,-1.9871325209040418,4.036090052399216,1.2731767899887365,2.6100089858820787,0.29458984375,0.36777281761169434,0.902400016784668,18,18,0.7054101824760437,18,0.0,0,0.0,0.0,0,0,0,0,129,625,dclamp,1.7684965133666992,0.07361000405354237,R,none,1
-2.107019576551659,2.743580360320303,21.570160239778016,0.3019921875,-1.9355390725122112,2.406160170444389,17.517114465379237,0.283447265625,1.7933846692643585,4.020463122898486,-0.024241026329874,-0.018479001191806108,0.03895418263553973,7.761274185499567,-0.09205220280680805,0.2157494295776906,-1.9850006500967141,4.076544510776072,1.234469633111999,2.6168752831016993,0.3019921875,0.3491850197315216,0.8952000141143799,17,17,0.6980078220367432,17,0.0,0,0.0,0.0,0,0,0,0,130,625,dclamp,1.5594767332077026,0.07317451461165572,R,none,1
-2.0035076705978825,2.788110487786921,21.5827380595653,0.29880859375,-1.9354497011473968,2.4069336436737228,17.304140717795704,0.27847900390624997,1.768044586799477,4.045133285345249,-0.019848307096263274,-0.01847899918596425,0.038615574515623814,7.797797713004372,-0.09532778797205538,0.2187840962062261,-1.9882760297879096,4.043909814389711,1.2534622460421545,2.6307387764457077,0.29880859375,0.319244921207428,0.899399995803833,16,16,0.7011914253234863,16,0.0,0,0.0,0.0,0,0,0,0,131,625,dclamp,1.7068166732788086,0.073891749281493,R,none,1
-2.0949004118226404,2.784479518050713,22.030484490490977,0.2928515625,-1.945151528318794,2.4201625143947907,17.72698354384287,0.28007080078125,1.8055573559683062,4.0703987663211185,-0.018769526207710892,-0.018478999860441412,0.03911579964238757,7.830779372041145,-0.09380945068085567,0.21989338831002903,-1.9867577615886745,4.0934348705567505,1.2473667213730533,2.638115595161058,0.2928515625,0.3535621464252472,0.9017000198364258,15,15,0.7071484327316284,15,0.0,0,0.0,0.0,0,0,0,0,132,625,dclamp,1.6248841285705566,0.0737163215298526,R,none,1
-1.779033237538191,2.8223351632178577,23.38137506036629,0.32263671875,-1.9534225073820841,2.4381856562601474,18.47897076679013,0.28258056640625,1.844434442998921,4.102480080861613,-0.0021652294678088423,-0.018479000424578715,0.03962755521467478,7.861276605549947,-0.09242659193638246,0.22492178007848018,-1.9853749606331923,4.147933612356452,1.289185386921302,2.6489942343255293,0.32263671875,0.3287600874900818,0.9002000093460083,13,13,0.6773632764816284,13,0.0,0,0.0,0.0,0,0,0,0,133,625,dclamp,1.4282026290893555,0.07353259712783233,R,none,1
-1.881302870750744,2.778447534669438,22.33153116073639,0.30884765625,-1.9600809153249583,2.4508575353226965,19.073124099805888,0.2815576171875,1.9019774073896232,4.120893060625932,-0.016167809567515283,-0.01847900162120343,0.040373112978298126,7.885255418189897,-0.09557801284594461,0.23033146054821943,-1.9885265041223723,4.23352418268869,1.2877192582238162,2.6516637833825185,0.30884765625,0.3710547387599945,0.8949000239372253,16,16,0.6911523342132568,16,0.0,0,0.0,0.0,0,0,0,0,134,625,dclamp,1.5856986045837402,0.07454109857774978,R,none,1
-2.3204399939912816,2.7728730687805676,21.57913109903373,0.28302734375,-1.957911393160995,2.4658652320483236,19.641702854983315,0.28522216796875,1.9400216038261808,4.144322669093902,-0.003852930295350823,-0.018479000132950882,0.04085856531639364,7.909985899642534,-0.09840640301816166,0.2313606718601497,-1.9913547418412545,4.279575695829255,1.1867330565404162,2.6548679989028976,0.28302734375,0.3691013753414154,0.8931999802589417,19,19,0.7169726490974426,19,0.0,0,0.0,0.0,0,0,0,0,135,625,dclamp,1.4139705896377563,0.07588147690759248,R,none,1
-2.3689955145795274,2.8475251599769615,23.332136988907465,0.28623046875,-1.9699216906728165,2.471720391207174,19.484073437555768,0.2858447265625,1.9187018156260098,4.176441910585421,0.014257966097913638,-0.01847899665284465,0.040587237291848675,7.937987125176961,-0.10115545000415295,0.23645647280053853,-1.9941034323327786,4.257807766569314,1.2192057732864479,2.6641589479675916,0.28623046875,0.40704837441444397,0.8878999948501587,16,16,0.7137695550918579,16,0.0,0,0.0,0.0,0,0,0,0,136,625,dclamp,1.898935317993164,0.07716188550066974,R,none,1
-1.980037430211354,2.833597650162156,24.485288376789217,0.299375,-1.974146057981644,2.494647886584167,20.086316245668048,0.28671874999999997,1.9558902290315896,4.223713970277618,0.04366387872964089,-0.018478999624309034,0.04105935614733521,7.969665066080405,-0.10408072974532842,0.23784596250170473,-1.997029016464264,4.308263230122328,1.229158384143786,2.6675162228643567,0.299375,0.37085479497909546,0.891700029373169,13,13,0.7006250023841858,13,0.0,0,0.0,0.0,0,0,0,0,137,625,dclamp,1.8776262998580933,0.07860343092215673,R,none,1
-2.234169744302355,2.828070724976195,23.540705467927705,0.294609375,-1.9781696562292592,2.487212343690006,19.37531026108333,0.28295166015625,1.8835373565507654,4.25530958145177,0.04737830460139752,-0.018478997266560656,0.04013570352012063,8.000104911823982,-0.10447947961743921,0.2405745015725186,-1.9974275248137894,4.2140782682939495,1.2450418717466842,2.673932096948869,0.294609375,0.3585185408592224,0.8992999792098999,22,22,0.7053906321525574,22,0.0,0,0.0,0.0,0,0,0,0,138,625,dclamp,2.1248183250427246,0.07923539302938114,R,none,1
-2.100383543252607,2.842933202598163,24.411056517329826,0.2888671875,-1.9804112285475255,2.5007677249497444,19.730972048279998,0.28167236328124995,1.9183800883768083,4.292192992125319,0.043266133648191776,-0.018479001851075656,0.040583126519017236,8.027353319837603,-0.10539351585088298,0.24088379014872027,-1.9983420306749187,4.260168477337324,1.2438779341236232,2.680773012581935,0.2888671875,0.4217953681945801,0.892300009727478,18,18,0.711132824420929,18,0.0,0,0.0,0.0,0,0,0,0,139,625,dclamp,1.9228579998016357,0.08017076171707056,R,none,1
-1.9088979070930736,2.8231443409772496,22.019603825473105,0.3084375,-1.9840183855878026,2.5002772681060614,19.3492343152938,0.27729980468750004,1.9019770547154777,4.316371260495636,0.033038102196794386,-0.018478996811860545,0.04037311065231205,8.059698267424658,-0.10412419000291266,0.24191840405144902,-1.9970721886207783,4.236463796736712,1.1864883079720578,2.689828617212024,0.3084375,0.4084768295288086,0.8988999724388123,18,18,0.6915624737739563,18,0.0,0,0.0,0.0,0,0,0,0,140,625,dclamp,1.6070207357406616,0.08029135204448344,R,none,1
-1.8022189483635496,2.8318750724492667,23.15447898007425,0.31447265625,-1.9973674204293954,2.5197377382842827,20.243229704087288,0.2817626953125,1.9651975891093267,4.341140121823653,0.04274055880101136,-0.018479001837096994,0.04117666849567446,8.088237997903635,-0.1041705990722403,0.24402625013836238,-1.9971191124643324,4.3189611980236355,1.1801757044198706,2.692468402599449,0.31447265625,0.3429599702358246,0.9063000082969666,18,18,0.6855273246765137,18,0.0,0,0.0,0.0,0,0,0,0,141,625,dclamp,1.4969689846038818,0.08068421765041806,R,none,1
-2.2562950010948124,2.8665846070436434,23.312083382831517,0.2775,-1.9902548250046197,2.5324924411889964,20.526363802420097,0.2763720703125,1.984435223286483,4.374980341225644,0.054102400167274606,-0.01847900038015155,0.041418094100180526,8.119599628288647,-0.10338042479008436,0.2443930530933992,-1.996328788935873,4.341257898992867,1.052615177209204,2.7016005308689977,0.2775,0.3701004087924957,0.894599974155426,13,13,0.7225000262260437,13,0.0,0,0.0,0.0,0,0,0,0,142,625,dclamp,1.863759994506836,0.08097604732042478,R,none,1
-2.2101040296336936,2.879462345163823,23.195857770472347,0.2862890625,-1.9783148695524488,2.534039079880623,20.1831399841961,0.27447265625,1.9480461771259348,4.41488527940747,0.05842260182882853,-0.018479000237664304,0.040960225687458086,8.1516042987005,-0.10436699754558504,0.24874300736198224,-1.9973153470952913,4.300995932278776,1.1578636890748437,2.7078868271823033,0.2862890625,0.3654647767543793,0.902899980545044,13,13,0.7137109637260437,13,0.0,0,0.0,0.0,0,0,0,0,143,625,dclamp,1.6227385997772217,0.08152640549231516,R,none,1
-1.86120840213962,2.8746928493147434,23.273164140605658,0.30099609375,-1.975818246199093,2.5339095929992457,19.654273051752337,0.2683837890625,1.9222336493910641,4.465525225146938,0.03293895095560018,-0.01847900368742605,0.040632307738336634,8.184175452181796,-0.10672813903074711,0.25016261071132645,-1.9996768419664988,4.27180848242915,1.179889268788333,2.7080867544753504,0.30099609375,0.34209945797920227,0.9025999903678894,13,13,0.6990039348602295,13,0.0,0,0.0,0.0,0,0,0,0,144,625,dclamp,1.533115267753601,0.08252718594574207,R,none,1
-2.068327078712065,2.861873358264116,23.51329468148144,0.28546875,-1.970742050931061,2.5364530379329975,19.596943367631688,0.2657861328125,1.914503675918228,4.497056566306806,0.022033771414497794,-0.018479005159606293,0.04053359110121747,8.21507936194928,-0.10884720128262415,0.2524411900883067,-2.0017960550252987,4.267243497565975,1.1129943737809151,2.7172019417881987,0.28546875,0.3527604341506958,0.9010000228881836,17,17,0.7145312428474426,17,0.0,0,0.0,0.0,0,0,0,0,145,625,dclamp,1.5950186252593994,0.08307617467680195,R,none,1
-2.2150419269053394,2.9066687461041516,22.300054984346584,0.2919921875,-1.9674927897666925,2.54923981781132,19.800859352296726,0.27516601562500004,1.9428802500565912,4.537520955133408,0.018222443524693436,-0.018479004970776095,0.04089480726419548,8.245028539764066,-0.11003740775864572,0.2514560798447494,-2.002986242157968,4.300002493496099,1.1033849281806116,2.723212943143251,0.2919921875,0.35297659039497375,0.8973000049591064,17,17,0.7080078125,17,0.0,0,0.0,0.0,0,0,0,0,146,625,dclamp,1.5363881587982178,0.08364119932094165,R,none,1
-2.2728402959577707,2.9707844083743282,25.476394606828226,0.2918359375,-1.9685582218248099,2.5597476359164077,19.852198702173467,0.276416015625,1.9583169820844404,4.575572846071949,0.01841813142324872,-0.018479002112623946,0.041089974983356266,8.275786399414091,-0.11207242354750634,0.25065545756790825,-2.0050209651639763,4.3164644259300875,1.1318252224654102,2.730400452939727,0.2918359375,0.31589287519454956,0.9034000039100647,16,16,0.7081640362739563,16,0.0,0,0.0,0.0,0,0,0,0,147,625,dclamp,1.6105616092681885,0.08443904243050264,R,none,1
-2.007498388122141,2.9047792873434384,24.727689069079155,0.29111328125,-1.9730017955276289,2.5698712172289033,20.133356866066258,0.27669189453125,1.9718534584595675,4.606762984311996,0.02562163036999824,-0.018479003017753737,0.04126035640792635,8.306737406751516,-0.11408146310597658,0.2529684317691758,-2.007030097441962,4.3401563314931195,1.1054026737398805,2.732387448180886,0.29111328125,0.37784790992736816,0.886900007724762,11,11,0.7088867425918579,11,0.0,0,0.0,0.0,0,0,0,0,148,625,dclamp,1.8634341955184937,0.08603133481874944,R,none,1
-2.1760122265054274,2.9085515104786928,26.983103202208845,0.2928125,-1.9604124472521423,2.5700738429105052,20.070838940745535,0.27938720703125003,1.9657921037307546,4.638563272521059,0.0009241817609579561,-0.018479000602210083,0.04118415117347405,8.336465505316749,-0.11375064351741457,0.2518361370644163,-2.0066990304103935,4.335179004124736,1.1066502798790632,2.736846271831236,0.2928125,0.39031368494033813,0.8935999870300293,21,21,0.7071874737739563,21,0.0,0,0.0,0.0,0,0,0,0,149,625,dclamp,1.3915436267852783,0.08673979294678569,R,none,1
-1.9958263694869176,2.8773851464923683,24.226832919629256,0.294375,-1.957519035156696,2.585916175115754,20.800941073937324,0.27494140625,2.028384646501837,4.661426839572609,-0.0028490213491540973,-0.01847899870279686,0.04196443249485818,8.367156326325617,-0.11114381798775867,0.2531400320574942,-2.004092010309003,4.416915768865505,1.0988710763786145,2.744404793825646,0.294375,0.3599425256252289,0.8974999785423279,16,16,0.7056249976158142,16,0.0,0,0.0,0.0,0,0,0,0,150,625,dclamp,1.7027376890182495,0.08732733966033505,R,none,1
-2.426749718089783,2.953165236700956,24.619006415997436,0.2671484375,-1.9516825732860748,2.595831238213471,21.250149496828854,0.27673828125,2.063179062989155,4.690415029274537,-0.015254274978811403,-0.01847900563189069,0.04239196726433208,8.387215620365653,-0.11294499103911221,0.25697186750307877,-2.0058938931615664,4.46244930440661,1.2078087558391553,2.7500119570090784,0.2671484375,0.3757955729961395,0.8867999911308289,12,12,0.7328515648841858,12,0.0,0,0.0,0.0,0,0,0,0,151,625,dclamp,1.90666925907135,0.08820772201609253,R,none,1
-2.163795168234455,2.9503937176460435,24.93582465838057,0.28841796875,-1.9551848595112793,2.6121075005438046,21.759133866281637,0.280048828125,2.1014293824043686,4.715416074017538,0.006260137975295396,-0.018479003429078083,0.04285704931874574,8.41026284611766,-0.1127432118030265,0.25977576674701314,-2.0056918882741774,4.513522511106938,1.2088123103103565,2.754521354018418,0.28841796875,0.35324424505233765,0.8944000005722046,18,18,0.7115820050239563,18,0.0,0,0.0,0.0,0,0,0,0,152,625,dclamp,1.664930820465088,0.08899322947337908,R,none,1
-2.1711617800094234,2.9773704042047027,25.91145399013957,0.27896484375,-1.9603784281682852,2.6106601393797457,21.327873341749648,0.27456787109374997,2.05937794422057,4.748802426649571,0.007365992476129604,-0.01847900523976024,0.04234547105868816,8.439912804081187,-0.11282731835613959,0.26255659635465795,-2.0057761803096086,4.462925911286502,1.2023493784082198,2.758404540994113,0.27896484375,0.375581294298172,0.8942999839782715,12,12,0.7210351824760437,12,0.0,0,0.0,0.0,0,0,0,0,153,625,dclamp,1.6119221448898315,0.08940746578961864,R,none,1
-2.1796367118637434,2.9786304311702154,22.48012889708199,0.270234375,-1.9554010109631181,2.6097175345061747,21.206933915943615,0.27291015625,2.056352364208586,4.766788165828935,-0.012514920128533977,-0.018479002818479504,0.04230842582853566,8.470154625788428,-0.1154717101994902,0.2643055848558525,-2.008420324122259,4.465749999792438,1.181998636349415,2.7683400651861505,0.270234375,0.3454049825668335,0.8986999988555908,11,11,0.7297656536102295,11,0.0,0,0.0,0.0,0,0,0,0,154,625,dclamp,1.655227541923523,0.09114657426130372,R,none,1
-2.088658621488163,2.9000853973045118,22.966109666551596,0.28634765625,-1.9653438346870233,2.608353849651264,20.787742484869828,0.27608398437500004,2.0252073756742215,4.78766918896024,-0.009366759643893134,-0.018478998831202693,0.0419251743562502,8.496213911766825,-0.11569182726554572,0.26311350608500345,-2.0086400327404026,4.424266539447001,1.1652732769295144,2.7833036542282263,0.28634765625,0.3563723564147949,0.8960999846458435,13,13,0.7136523723602295,13,0.0,0,0.0,0.0,0,0,0,0,155,625,dclamp,1.708077073097229,0.09201477283828964,R,none,1
-1.9817596970697642,3.006778844272544,24.980577850902094,0.30587890625,-1.963861291556441,2.628038316582445,21.568652166555943,0.27845703125,2.06946005313127,4.824545648343719,0.01257969195049817,-0.01847899830782499,0.042468689770363194,8.525111308625743,-0.11192346920259297,0.2674119113136469,-2.0048716210637836,4.48869700414747,1.1420313281510461,2.790341696155669,0.30587890625,0.37136515974998474,0.9002000093460083,15,15,0.6941211223602295,15,0.0,0,0.0,0.0,0,0,0,0,156,625,dclamp,1.79189932346344,0.09199107728880848,R,none,1
-1.4828856673941575,2.9510135278125738,24.679261103993227,0.3441015625,-1.9601024975962043,2.6390316571798205,22.060876810231843,0.27947509765625,2.106596471150337,4.848318345669579,0.009573270777352262,-0.018479003047125665,0.04291948912565053,8.553269494040062,-0.1109196137310937,0.27197234479141863,-2.0038682510758745,4.541878595105432,1.1518169042687654,2.7934620494496425,0.3441015625,0.35364651679992676,0.9016000032424927,14,14,0.6558984518051147,14,0.0,0,0.0,0.0,0,0,0,0,157,625,dclamp,1.6233389377593994,0.09206099993743361,R,none,1
-1.877774727404644,2.994372862485271,25.233687459692824,0.3019140625,-1.9642284377129826,2.6496008875178316,22.367623301371236,0.27523193359375,2.1367684520283334,4.87769468157744,0.005921729529505695,-0.018479001431372346,0.043282292579413406,8.580590675062822,-0.11043349687592126,0.27532559217685265,-2.0033819687064685,4.583033862802312,1.410550941470921,2.7985693249269405,0.3019140625,0.3221224844455719,0.8978000283241272,13,13,0.6980859637260437,13,0.0,0,0.0,0.0,0,0,0,0,158,625,dclamp,1.663858413696289,0.09219118440173166,R,none,1
-2.272624489772703,2.994171724530618,25.96683773184825,0.2907421875,-1.968877486694524,2.646170828369403,21.449740969301597,0.2799755859375,2.0544577554771917,4.927394456681919,0.020367840754100808,-0.01847900266845639,0.042285211099796015,8.608157298246226,-0.11144229873578297,0.2774031884258639,-2.004390897290512,4.48044687327493,1.4121035119111855,2.803439502684993,0.2907421875,0.33849236369132996,0.8966000080108643,19,19,0.7092578411102295,19,0.0,0,0.0,0.0,0,0,0,0,159,625,dclamp,1.7560319900512695,0.0928391774505539,R,none,1
-2.109544177619663,3.0127627047882695,26.48108597900594,0.293359375,-1.9777834719514606,2.649706314105475,21.53495711581767,0.28247314453125,2.0540966514635115,4.951818498999627,0.015028400547283218,-0.01847899905694166,0.0422807865952744,8.631882742285756,-0.11195928245317191,0.27922379240240347,-2.0049075110522345,4.486248662710916,1.4109770970920255,2.812695404237845,0.293359375,0.3662249743938446,0.8891000151634216,21,21,0.7066406011581421,21,0.0,0,0.0,0.0,0,0,0,0,160,625,dclamp,1.6739616394042969,0.09431002346355871,R,none,1
-2.111482110726589,3.0835826300872373,27.44853251327282,0.28087890625,-1.9721620861998963,2.665163903394971,21.93947220028044,0.284365234375,2.096147964342375,4.997298495083322,0.009652172533819496,-0.018479000338528163,0.042793135291488094,8.662735603522329,-0.11280784386617597,0.27953208376637567,-2.0057562037481556,4.537370819600669,1.3904979108788744,2.821404586799915,0.28087890625,0.3939444422721863,0.8898000121116638,14,14,0.7191210985183716,14,0.0,0,0.0,0.0,0,0,0,0,161,625,dclamp,1.7645764350891113,0.09534625512436107,R,none,1
-1.8314880583895374,2.9861345257695717,22.84556590883983,0.3134375,-1.9757103257844306,2.6776318476899292,22.534202598379157,0.2890087890625,2.13727564574183,5.034705728965098,-0.0022690629435455434,-0.01847900378201829,0.043288364336359283,8.689603697457043,-0.11543785372748971,0.28115568665126545,-2.008386566353063,4.596088631241973,1.3548628679179044,2.822982284530431,0.3134375,0.3722043037414551,0.9023000001907349,10,10,0.6865624785423279,10,0.0,0,0.0,0.0,0,0,0,0,162,625,dclamp,1.5466831922531128,0.09627415577214116,R,none,1
-2.2085255505809895,2.954302622779106,24.485382145632297,0.28828125,-1.9726741869507924,2.6729547223886985,21.72198512325305,0.28578125,2.0794956964542397,5.07887185220331,-0.013680600717505008,-0.018479003652031187,0.042590981271136974,8.720894748578058,-0.11420407923869788,0.2778666877878987,-2.0071527785486767,4.516457322004412,1.3437871251506497,2.8273043634527983,0.28828125,0.3568752408027649,0.8894000053405762,20,20,0.711718738079071,20,0.0,0,0.0,0.0,0,0,0,0,163,625,dclamp,1.952822208404541,0.09712314964628832,R,none,1
-1.9911511415412786,3.0741182129839904,26.853831641447837,0.2948046875,-1.975112093440223,2.6802065335746605,21.833091469217052,0.2853564453125,2.0862202331167805,5.110580030458587,-0.0132932009590696,-0.018479000357982805,0.04267273145036145,8.752040534643497,-0.11663218113593757,0.2782029686045286,-2.009580543010808,4.525245530998215,1.3251026621436148,2.83101313683305,0.2948046875,0.35850486159324646,0.9021000266075134,12,12,0.7051953077316284,12,0.0,0,0.0,0.0,0,0,0,0,164,625,dclamp,1.4180625677108765,0.09753300985789214,R,none,1
-2.2725174389458638,3.0522957970820226,27.293295408682766,0.27203125,-1.985521749787782,2.7021799115949543,22.87961748105683,0.28537353515625,2.1681552736509992,5.123124187371584,0.010496813604730927,-0.018479005405296255,0.043656502042776386,8.779432614505232,-0.11542217505862937,0.27568755764610736,-2.008371053969246,4.620683836163902,1.2727818999640133,2.8442575076438197,0.27203125,0.36797624826431274,0.8895000219345093,19,19,0.7279687523841858,19,0.0,0,0.0,0.0,0,0,0,0,165,625,dclamp,1.5875269174575806,0.09852605842207032,R,none,1
-2.048749103812467,3.0318513614237363,26.742828662082957,0.29201171875,-1.979952372670826,2.707821803888391,22.80932527357889,0.29118408203125,2.180097932229658,5.156283322244478,-0.004082332860757773,-0.018478999621208806,0.04379805178731529,8.80613743528734,-0.11673181648366153,0.27505120508179143,-2.0096801028850164,4.631610967138261,1.3602090121505894,2.845425969933655,0.29201171875,0.3764948844909668,0.892300009727478,17,17,0.7079882621765137,17,0.0,0,0.0,0.0,0,0,0,0,166,625,dclamp,1.4099899530410767,0.09938203169640941,R,none,1
-2.0265736502807714,3.12546424249441,26.052006835484587,0.28298828125,-1.9916186489120975,2.704145688669792,22.18763250863763,0.29248291015625005,2.1032036627172066,5.198787739835405,0.010412502998809208,-0.018478999494611258,0.04287850185418556,8.836111238886765,-0.1175579120288603,0.2763713344768206,-2.010506185461839,4.5425714452869395,1.4801759579993452,2.856106796139767,0.28298828125,0.31505286693573,0.9052000045776367,12,12,0.7170116901397705,12,0.0,0,0.0,0.0,0,0,0,0,167,625,dclamp,1.8543734550476074,0.10027761271038771,R,none,1
-2.3831143192426567,3.0726177058161155,27.921877929396167,0.28171875,-1.978837154230329,2.72528526243552,23.19060559014285,0.29266357421875,2.188742249602008,5.234276282975592,0.004161229070637846,-0.018479004295451743,0.04390021964780934,8.861092168110439,-0.12109910999541171,0.2774279892800935,-2.0140478752159847,4.646787019538699,1.605715946486545,2.860696720420991,0.28171875,0.3435377776622772,0.8991000056266785,18,18,0.7182812690734863,18,0.0,0,0.0,0.0,0,0,0,0,168,625,dclamp,1.6586312055587769,0.10158570430837924,R,none,1
-1.906398952943607,3.070401350603172,27.208834317996583,0.311640625,-1.9790575210677555,2.7265516365070583,23.112471685906293,0.29153076171875,2.197856241250056,5.263865402310232,-0.027637817020970852,-0.018478999399811173,0.044007685877698675,8.885530849758599,-0.12330597554217093,0.27986865264699196,-2.0162542392640366,4.657155317403823,1.6112363331034305,2.8670111021664284,0.311640625,0.3270709812641144,0.8952000141143799,16,16,0.6883593797683716,16,0.0,0,0.0,0.0,0,0,0,0,169,625,dclamp,1.5567042827606201,0.10237369891202731,R,none,1
-2.1156744725823193,3.1086991525038363,27.509692459410147,0.28494140625,-1.9722120128462388,2.7456707025204605,23.617395279359826,0.2850390625,2.243676448685574,5.3145913964380505,-0.019560238444427506,-0.018479003459621002,0.04454402775899898,8.916888590637837,-0.12280410760082304,0.28045156991933146,-2.015752787200724,4.712185214139007,1.5832820451472474,2.875403923703676,0.28494140625,0.3485780954360962,0.8980000019073486,12,12,0.7150585651397705,12,0.0,0,0.0,0.0,0,0,0,0,170,625,dclamp,1.681900143623352,0.10278552522241903,R,none,1
-2.110064289909948,3.093738752077575,29.78887914465786,0.29123046875,-1.9742405082235468,2.7569785686511312,24.184459019830125,0.28103759765625,2.2785145774915336,5.335792433824036,-0.013376183313930406,-0.01847900092121868,0.044947540111401195,8.940845181559068,-0.12454093303531408,0.2797114060012037,-2.0174893526068356,4.755430545622393,1.5855804156160809,2.8821303477343863,0.29123046875,0.38420408964157104,0.8913999795913696,16,16,0.7087695598602295,16,0.0,0,0.0,0.0,0,0,0,0,171,625,dclamp,1.6573439836502075,0.10432005305645713,R,none,1
-1.9512159891094212,3.1404170638107467,30.935626075630367,0.30244140625,-1.9735250183334128,2.7658077557497176,24.348006934339022,0.285205078125,2.3046019330270098,5.361644108773707,-0.016553500035428187,-0.018479002230770755,0.04524733926314877,8.966799665080643,-0.1214332080539316,0.2790349402539171,-2.014381761773102,4.782785120564785,1.561800690557364,2.888487787311094,0.30244140625,0.3943633735179901,0.8932999968528748,15,15,0.697558581829071,15,0.0,0,0.0,0.0,0,0,0,0,172,625,dclamp,1.7115281820297241,0.10381766784819174,R,none,1
-2.032952030371068,3.1535904476174323,29.39680521694733,0.3001171875,-1.9769059476471262,2.776977419106648,24.90632818747697,0.289228515625,2.3472670580246193,5.388096726648971,-0.02376019844537014,-0.01847899947814086,0.0457334189491253,8.99258544717133,-0.11972656774800271,0.2808015472464533,-2.0126748394937897,4.837124160674827,1.5574461775643798,2.897701772865219,0.3001171875,0.3816761374473572,0.8891000151634216,14,14,0.6998828053474426,14,0.0,0,0.0,0.0,0,0,0,0,173,625,dclamp,1.6850265264511108,0.10373202337484412,R,none,1
-1.964655531360832,3.147129829663846,30.886460482036306,0.289140625,-1.977177303503113,2.7777310549141134,24.704651018956767,0.2801806640625,2.312385107667689,5.415842647012121,-0.012437941245536467,-0.018479000641709407,0.04533640131335759,9.025400571487433,-0.11771286974661052,0.2850143689023441,-2.010661260685813,4.808240098794631,1.4946480187855125,2.905856025539905,0.289140625,0.3680216670036316,0.8859999775886536,12,12,0.7108593583106995,12,0.0,0,0.0,0.0,0,0,0,0,174,625,dclamp,1.6005022525787354,0.10364603607999973,R,none,1
-2.185277388936329,3.1281476762418294,33.54825340303755,0.283828125,-1.9799008880850542,2.795638965230243,25.53080004104562,0.275986328125,2.3797683926713322,5.444563014117491,-0.008734182875201241,-0.01847899963524845,0.04610026354261452,9.051217993431719,-0.11696853654459119,0.2849103926083139,-2.009916824384136,4.887380132228367,1.4538042264506505,2.9057450882066926,0.283828125,0.4003622531890869,0.883400022983551,15,15,0.7161718606948853,15,0.0,0,0.0,0.0,0,0,0,0,175,625,dclamp,2.0469651222229004,0.10464474755704826,R,none,1
-2.034658783684931,3.1752876573897106,27.464794353398197,0.28083984375,-1.973862278853524,2.7906209611859394,24.81850653659749,0.27215332031249995,2.3256174390414035,5.48405345040886,-0.022105540439929294,-0.018479002244442332,0.04548741549928445,9.07627167190096,-0.11777564970776438,0.2867033174268261,-2.010724204827422,4.825490194416252,1.510578096440466,2.9110473463167894,0.28083984375,0.36503949761390686,0.890999972820282,10,10,0.7191601395606995,10,0.0,0,0.0,0.0,0,0,0,0,176,625,dclamp,1.8729997873306274,0.10476955436130908,R,none,1
-1.9983460254082726,3.1246359741065546,30.89168608329949,0.29859375,-1.96532645739756,2.796400182453964,24.733250711491607,0.2781298828125,2.3243124977495713,5.522069391963194,-0.02652790928420063,-0.018479002689745568,0.045472544881978785,9.102757177337544,-0.11791582668607589,0.2883727085550168,-2.0108644274216214,4.8288687605184695,1.5212835266299294,2.9160049535480943,0.29859375,0.4158518612384796,0.8855000138282776,17,17,0.7014062404632568,17,0.0,0,0.0,0.0,0,0,0,0,177,625,dclamp,1.5821032524108887,0.1053094356919475,R,none,1
-2.407209491177025,3.2382817270738795,33.97758600197116,0.2762109375,-1.9676134562488337,2.815583058795706,25.828117180130633,0.28172119140625,2.389624410937004,5.5501844736115755,-0.012300923571198297,-0.01847899874796991,0.04621093395058632,9.125071550589283,-0.12089693845249712,0.29041802334564926,-2.0138451354011697,4.910474962209382,1.511719456827644,2.918061191971334,0.2762109375,0.46026116609573364,0.8830000162124634,16,16,0.7237890362739563,16,0.0,0,0.0,0.0,0,0,0,0,178,625,dclamp,1.8493536710739136,0.10732169422090077,R,none,1
-2.0809979278353996,3.250762110363718,30.082864098592434,0.2927734375,-1.966821192482354,2.842839671478724,27.246818732577307,0.28371582031250003,2.502111669147448,5.572544849797773,0.007080878788038109,-0.01847899517568801,0.04745574010173004,9.153088710937089,-0.12135767756961285,0.2906973397032337,-2.0143055085815447,5.03696982550715,1.3964993300213857,2.925960461514425,0.2927734375,0.3173302412033081,0.8960000276565552,11,11,0.707226574420929,11,0.0,0,0.0,0.0,0,0,0,0,179,625,dclamp,1.5228803157806396,0.1083957584335859,R,none,1
-2.2285747253509767,3.162230055784962,30.249275529594538,0.29400390625,-1.9779816717076975,2.857700569225564,27.89395819644361,0.28844482421874995,2.545210934811556,5.602718777980809,0.018522830559744782,-0.018478999430012456,0.04792411615265541,9.176302240324976,-0.12299488223099615,0.2929392860373723,-2.015943149046615,5.088507864457554,1.4372496079266028,2.9280650409370037,0.29400390625,0.3941374719142914,0.8895999789237976,15,15,0.7059960961341858,15,0.0,0,0.0,0.0,0,0,0,0,180,625,dclamp,1.6600364446640015,0.10908608281351068,R,none,1
-2.1159914434810916,3.2276708749064698,34.03261828649023,0.299453125,-1.9815572877260075,2.8687936380399734,28.447889824199816,0.29142333984374996,2.602698786969548,5.615556355155362,0.011721795533713468,-0.01847900317611792,0.04854182535118723,9.20105990428728,-0.12149225671775639,0.29083995621557945,-2.014440907276222,5.145740834957321,1.422796693112721,2.937426813704925,0.299453125,0.4140329360961914,0.8960000276565552,15,15,0.7005468606948853,15,0.0,0,0.0,0.0,0,0,0,0,181,625,dclamp,1.6576021909713745,0.10924596304686171,R,none,1
-2.2882302652197564,3.1651471192232954,32.58563320638408,0.28935546875,-1.9765193669231573,2.877855892962215,28.791368660322014,0.28935546874999996,2.635519619359316,5.640033456963164,0.006501464334867322,-0.018478996981010368,0.04889098999781756,9.228254335343546,-0.12331341947370675,0.2911317547417634,-2.016261435418911,5.177164200129256,1.429070035989442,2.940353393687263,0.28935546875,0.38073861598968506,0.8914999961853027,16,16,0.710644543170929,16,0.0,0,0.0,0.0,0,0,0,0,182,625,dclamp,1.8528119325637817,0.11110450261231575,R,none,1
-1.9385183333694687,3.3189342470558527,31.947475869804112,0.29392578125,-1.9786324902948613,2.8906576283211827,29.248319838786674,0.28878417968750003,2.6464765058556408,5.678404679096111,0.031020339219689018,-0.018479005669968712,0.0490069969783915,9.254681899466316,-0.1262813203697442,0.2948937529222245,-2.0192302263928275,5.196064853246616,1.4836434601785422,2.9462988509738413,0.29392578125,0.42287477850914,0.8845999836921692,7,7,0.7060742378234863,7,0.0,0,0.0,0.0,0,0,0,0,183,625,dclamp,1.8734371662139893,0.11255650693653216,R,none,1
-1.954603065108595,3.286166763628718,34.71644028143177,0.3054296875,-1.983913531541178,2.907561264606555,29.982165859192904,0.28510498046875,2.6983037830607177,5.719363873719439,0.036244850660312695,-0.01847900681231205,0.04955205724807611,9.286272500043589,-0.12736667879740707,0.30236490586426595,-2.020315701839643,5.264532834946918,1.4796383751493885,2.953157326594375,0.3054296875,0.3919156491756439,0.8913999795913696,16,16,0.6945703029632568,16,0.0,0,0.0,0.0,0,0,0,0,184,625,dclamp,1.6782822608947754,0.11324217683208165,R,none,1
-1.774944579212239,3.2241874683784943,32.661589899478706,0.30685546875,-1.9682743619133654,2.902831691662664,29.54723954564901,0.28224853515625,2.685117284856745,5.735455844882806,0.005858700381569575,-0.018478999460960956,0.049413949576955815,9.314827295322043,-0.12753864670172332,0.3053942417827896,-2.0204869166876387,5.2537897070160025,1.4818222285951927,2.956131174800399,0.30685546875,0.3365664780139923,0.887499988079071,11,11,0.6931445598602295,11,0.0,0,0.0,0.0,0,0,0,0,185,625,dclamp,1.8998456001281738,0.1127435270716968,R,none,1
-2.1004905809560874,3.3068725338345617,32.00281579350264,0.30953125,-1.9702249892331045,2.9132070341550125,29.644586723747747,0.28189208984375,2.688430506828059,5.770859352795088,0.02748536422709849,-0.018479005792419633,0.049448684933656416,9.339075561513134,-0.12821039408096113,0.3053214717364103,-2.021159312647649,5.256058620305096,1.498400200969538,2.9585457921940463,0.30953125,0.3611502945423126,0.8935999870300293,14,14,0.6904687285423279,14,0.0,0,0.0,0.0,0,0,0,0,186,625,dclamp,1.7685260772705078,0.11343258456848068,R,none,1
-1.9135773534692808,3.3565180379078825,34.096477454224484,0.30908203125,-1.9717111205478834,2.9062800076236437,28.810280800080985,0.279912109375,2.608069455794498,5.796054302269591,0.042339724648795915,-0.018479006644485884,0.048599131206521345,9.374172591394135,-0.1257552882214077,0.3037044476917408,-2.018704294071898,5.169526405407347,1.4388879361750027,2.968657651127628,0.30908203125,0.34232786297798157,0.8973000049591064,10,10,0.69091796875,10,0.0,0,0.0,0.0,0,0,0,0,187,625,dclamp,1.7557121515274048,0.11236160949776207,R,none,1
-2.006107320892365,3.335634606786996,34.75914944198297,0.2908203125,-1.9791932157345513,2.9218878245395254,29.484965624784294,0.27486572265625003,2.6424710588464024,5.842806627996236,0.05215077234968042,-0.018478999939712203,0.04896462179848085,9.40790194655186,-0.12436728244647384,0.3074611807039737,-2.01731560147462,5.217190878492917,1.4363373667089379,2.9778619570319655,0.2908203125,0.36964482069015503,0.8959000110626221,12,12,0.709179699420929,12,0.0,0,0.0,0.0,0,0,0,0,188,625,dclamp,1.6250211000442505,0.11177152243248972,R,none,1
-2.1385622429132845,3.285337654979637,32.66258442111707,0.30677734375,-1.9825909903835768,2.9418760268681896,30.670610502300537,0.28058837890625,2.7426036368263724,5.862292513846939,0.04973840678845218,-0.018479004483917993,0.050013245345825366,9.433240889901167,-0.12527793302666396,0.3081741641045539,-2.0182267175533073,5.325396834040976,1.4387307944878245,2.982583824495911,0.30677734375,0.3579390347003937,0.8964999914169312,9,9,0.6932226419448853,9,0.0,0,0.0,0.0,0,0,0,0,189,625,dclamp,1.8193660974502563,0.11213443724706937,R,none,1
-1.945441608057758,3.292852551786679,34.060488468308286,0.30630859375,-1.9786666903758816,2.9506260033413345,30.929614075005492,0.27862548828125,2.7662978952555823,5.894277309541673,0.04561860679680078,-0.0184790041913179,0.05025817937598814,9.458402682909949,-0.12524407226592302,0.310111930293012,-2.0181928268192526,5.353532907466912,1.4305777028726787,2.984099132891663,0.30630859375,0.4058527946472168,0.886900007724762,12,12,0.6936914324760437,12,0.0,0,0.0,0.0,0,0,0,0,190,625,dclamp,2.2212367057800293,0.1123615230699981,R,none,1
-2.1307387919463068,3.3458859771271086,35.916623824756314,0.29373046875,-1.9635954174010697,2.95039252722178,30.473669466459896,0.28638427734375,2.7355430633237603,5.9230744241126585,0.04619857724970128,-0.018479000176588507,0.049940027572964146,9.48443298742206,-0.12608049646019936,0.3084783766316695,-2.0190288397534353,5.316376233596106,1.4240994455771183,2.98881423714205,0.29373046875,0.4192948341369629,0.8801000118255615,13,13,0.7062695026397705,13,0.0,0,0.0,0.0,0,0,0,0,191,625,dclamp,1.7253923416137695,0.11276850831908118,R,none,1
-2.2789866182754994,3.330391284637261,35.184532857062756,0.27548828125,-1.9624242401256555,2.981995625618865,32.53069831747446,0.283291015625,2.9057021599347497,5.951942470293701,0.03465328098159403,-0.01847900406875742,0.051675735851070596,9.510031876338468,-0.12693334177020005,0.31060775740447094,-2.0198820837687026,5.496923112732916,1.442770404894905,2.9974261747600246,0.27548828125,0.4257031977176666,0.882099986076355,13,13,0.7245117425918579,13,0.0,0,0.0,0.0,0,0,0,0,192,625,dclamp,1.762299656867981,0.11399014377189821,R,none,1
-2.2021873637785974,3.334347165947557,38.22024153861522,0.2912109375,-1.9604596902212017,2.9909654578688643,33.04475652262703,0.27822021484375004,2.947905502233521,5.951567524325409,0.046401343605774546,-0.01847900362511319,0.052097282423695324,9.533273249878132,-0.1285523323016241,0.3105315815813846,-2.0215010288541824,5.538649628851701,1.4967278215203814,3.000012409208044,0.2912109375,0.39862722158432007,0.8894000053405762,18,18,0.708789050579071,18,0.0,0,0.0,0.0,0,0,0,0,193,625,dclamp,1.8675463199615479,0.11479081113620189,R,none,1
-1.740556249024088,3.350517332766244,38.24381716014454,0.30908203125,-1.9732969064774715,2.997605236367722,33.35287722715033,0.2806396484375,2.9745766195825265,5.973507837136899,0.03755269637975955,-0.018479000286925836,0.052361936979403154,9.560678737272767,-0.1305002329510171,0.3125123611201552,-2.023448587546967,5.567986678034419,1.443240903600047,3.004389879359152,0.30908203125,0.33608078956604004,0.8968999981880188,12,12,0.69091796875,12,0.0,0,0.0,0.0,0,0,0,0,194,625,dclamp,1.545322060585022,0.11536126012276982,R,none,1
-2.0329039281717742,3.340617281399571,34.4430188395589,0.292890625,-1.9675575625076558,2.980250376960982,31.545234859194363,0.28055419921875,2.8372085455938736,6.01908408285048,0.02559968093172208,-0.018479002895101335,0.05098417253440959,9.594226489892202,-0.12925043509341777,0.3107306721608168,-2.0221990568651584,5.424698466806092,1.4637122696139304,3.01088162788387,0.292890625,0.3596435785293579,0.8895999789237976,14,14,0.7071093916893005,14,0.0,0,0.0,0.0,0,0,0,0,195,625,dclamp,1.9795178174972534,0.11518616264267226,R,none,1
-2.1907069876507363,3.2974248331548304,33.820041705025645,0.2922265625,-1.9631770175119234,2.993558521041312,32.18542460473881,0.28397705078124996,2.87414311503305,6.048442064185659,0.038807439680335246,-0.018478999079654047,0.05135825034528981,9.624111239098822,-0.12801657521165907,0.312334253497576,-2.020964806137329,5.468180009624375,1.5029593668506274,3.0141451394652017,0.2922265625,0.4221605360507965,0.8797000050544739,18,18,0.7077734470367432,18,0.0,0,0.0,0.0,0,0,0,0,196,625,dclamp,1.8070340156555176,0.11556930889968399,R,none,1
-1.9735380099814552,3.423278520987722,36.81398008197931,0.30984375,-1.9554437644514469,2.995765168474589,31.830348062775947,0.2873876953125,2.8304680514977627,6.090830020477808,0.053310872670011944,-0.018479004743837756,0.05091560702021003,9.651345902505573,-0.12503625718411057,0.313792945683234,-2.017985068336366,5.424484249254454,1.5032426150607687,3.020428248068996,0.30984375,0.36458665132522583,0.887499988079071,12,12,0.6901562213897705,12,0.0,0,0.0,0.0,0,0,0,0,197,625,dclamp,1.5714651346206665,0.1152197303248223,R,none,1
-1.9085998620247033,3.3849016284972175,33.11852017842239,0.29998046875,-1.9501046420875392,3.005223996899113,32.02606275756893,0.28445312500000003,2.8410505444369663,6.136929552040116,0.053391175061195305,-0.01847900091962491,0.051023213142764215,9.684938639592978,-0.1236483653029427,0.3157200262748657,-2.0165967847112016,5.437667389643055,1.53972663073806,3.034674771491733,0.29998046875,0.36616167426109314,0.8884000182151794,13,13,0.7000195384025574,13,0.0,0,0.0,0.0,0,0,0,0,198,625,dclamp,1.6521950960159302,0.11584205833455062,R,none,1
-2.128220350728979,3.36084821677043,37.73741373842895,0.28853515625,-1.9493394355601807,3.003129485791104,31.467151772279376,0.28091796874999997,2.786264943813106,6.200915355299543,0.031606409315290206,-0.018478999263834176,0.05046366291490779,9.713301967880914,-0.12382216890808195,0.3172315319980387,-2.0167704187007613,5.385754913865086,1.5303735071595987,3.040137408937303,0.28853515625,0.36966368556022644,0.8878999948501587,13,13,0.7114648222923279,13,0.0,0,0.0,0.0,0,0,0,0,199,625,dclamp,1.739205002784729,0.11661778955067761,R,none,1
-1.9461202701752796,3.420868756629399,37.65270782969486,0.2950390625,-1.9569206611612584,3.008756078504043,31.52997257781903,0.28321533203125,2.8013090369249425,6.234434977728958,0.016869125281125833,-0.018478995959456013,0.05061793250585786,9.746947943406758,-0.1254498278349638,0.32038276970676804,-2.0183977391343744,5.403858841016591,1.5996007611679466,3.045922297016426,0.2950390625,0.3704376518726349,0.885699987411499,11,11,0.7049609422683716,11,0.0,0,0.0,0.0,0,0,0,0,200,625,dclamp,1.864320993423462,0.11721758339174959,R,none,1
-2.0205030671935873,3.368028335763416,37.400377123805285,0.3037109375,-1.9691896483857854,3.022142498912539,32.110696642737,0.28551513671875,2.8496045786571718,6.245788764070557,0.03795194100559325,-0.01847900026018247,0.05111002680353036,9.770871748083733,-0.12864077218808234,0.32075315670874804,-2.0215891240445014,5.454886382329911,1.6220589712577946,3.0548244485803377,0.3037109375,0.36504483222961426,0.8903999924659729,17,17,0.6962890625,17,0.0,0,0.0,0.0,0,0,0,0,201,625,dclamp,1.8661705255508423,0.11853004941038105,R,none,1
-2.2986303741134715,3.377793704150412,37.00835571354051,0.285078125,-1.9646044702160474,3.0274339478207755,32.07204053250485,0.28650390625,2.8353702909060394,6.272125846015926,0.05786017149572225,-0.01847899729663035,0.05096548483881987,9.799435224923577,-0.12784873764961957,0.32205908996262367,-2.0207967859262435,5.439991425989722,1.6260398868277552,3.0628904741378795,0.285078125,0.400064617395401,0.8849999904632568,16,16,0.7149218916893005,16,0.0,0,0.0,0.0,0,0,0,0,202,625,dclamp,1.8774508237838745,0.11849550001007979,R,none,1
-2.2289630754272696,3.420410836074145,37.99046404091191,0.28619140625,-1.956883682719573,3.0407464857374626,32.91207707579332,0.287197265625,2.9160265372368723,6.292531978864655,0.037580674423199956,-0.01847900325448118,0.05177917786513249,9.822919981860032,-0.13122265308629721,0.3216510844613622,-2.024171311672123,5.518762210869391,1.6283315302638135,3.0728367153183678,0.28619140625,0.40291860699653625,0.8827000260353088,8,8,0.7138085961341858,8,0.0,0,0.0,0.0,0,0,0,0,203,625,dclamp,1.738591194152832,0.12006003828569847,R,none,1
-2.409285052120852,3.4682294188697638,41.027026503511806,0.28494140625,-1.9597443264907282,3.060286126797674,33.63599711618471,0.28728759765625,2.983535195180991,6.331254641943881,0.050561340745435196,-0.01847900489619827,0.052450530314966375,9.84589729862969,-0.13157893805764614,0.32309327396151977,-2.024527764817379,5.590345907153484,1.6400453188142778,3.0821673568218957,0.28494140625,0.38746339082717896,0.883400022983551,15,15,0.7150585651397705,15,0.0,0,0.0,0.0,0,0,0,0,204,625,dclamp,2.2927520275115967,0.12117719082676262,R,none,1
-2.2845162365168585,3.432250722985594,39.849439734975704,0.29005859375,-1.9789222917952396,3.0789822238102618,34.66079922492953,0.29073974609375,3.0567706812484574,6.353393571065965,0.06996728222516214,-0.018479005821824844,0.053169249301270746,9.866840345620131,-0.13586282901611413,0.32499554333887387,-2.028811750595008,5.666621684293599,1.7713734273271902,3.0851447687594824,0.29005859375,0.39675888419151306,0.8851000070571899,16,16,0.7099413871765137,16,0.0,0,0.0,0.0,0,0,0,0,205,625,dclamp,1.8348908424377441,0.12277936330122477,R,none,1
-1.8552320887036373,3.445348399329064,43.19377138508944,0.30703125,-1.9859836519014344,3.094117239751034,35.50472940121078,0.28926025390625,3.130092110029695,6.380500744458221,0.06296863883663877,-0.01847900212275859,0.05387920995663925,9.888405780551313,-0.1392972641810775,0.3281674510840315,-2.032245806835718,5.738410989372601,1.72296394993202,3.09251501488695,0.30703125,0.4003458619117737,0.8805000185966492,11,11,0.6929687261581421,11,0.0,0,0.0,0.0,0,0,0,0,206,625,dclamp,1.6844154596328735,0.12319177662608023,R,none,1
-2.1724647015458647,3.5177471781089564,40.87258269791377,0.28912109375,-1.997409510292708,3.1059728948104888,35.72682283761198,0.2824609375,3.143926362920413,6.433923646998187,0.06921761337884574,-0.01847900475402777,0.05401211737772372,9.917304131465032,-0.1396858155517839,0.3311810374898638,-2.0326346277478815,5.758950473028755,1.7988328068689992,3.101604297965049,0.28912109375,0.3489043116569519,0.8901000022888184,11,11,0.7108789086341858,11,0.0,0,0.0,0.0,0,0,0,0,207,625,dclamp,1.664025902748108,0.12368397928616887,R,none,1
-2.013862050714447,3.4737435626413085,38.36169627850204,0.295234375,-1.992650716243652,3.115032364288435,36.139354533335805,0.28493652343750003,3.1810006927719616,6.4660959962601146,0.056329941532320855,-0.018478998665165784,0.05436669755827227,9.943819290534071,-0.13845493390224875,0.33067742375651865,-2.031403122368648,5.795295510356768,1.8339894268621093,3.109017563424688,0.295234375,0.37747225165367126,0.8913999795913696,14,14,0.7047656178474426,14,0.0,0,0.0,0.0,0,0,0,0,208,625,dclamp,1.6421500444412231,0.12421474127560694,R,none,1
-2.2115986556773723,3.5217875108764254,41.112847420419676,0.2900390625,-1.9959377800679565,3.1268450000144203,36.75164357047393,0.28680664062499994,3.237253048800627,6.503003708207768,0.0369028971067839,-0.018478996098935767,0.05490032152887021,9.976211518284975,-0.1392426519934088,0.33113736396951027,-2.0321905775808204,5.8526006141628235,1.7967089097868525,3.1112102395561942,0.2900390625,0.3696804344654083,0.8892999887466431,9,9,0.7099609375,9,0.0,0,0.0,0.0,0,0,0,0,209,625,dclamp,1.9477405548095703,0.12540037728145806,R,none,1
-2.4303908538337113,3.4986753775061934,39.6001015886611,0.277734375,-2.001544080174774,3.1296521642310307,36.45812044110291,0.28635498046874996,3.206584233606547,6.540225225914951,0.04791320955447597,-0.018479005518770585,0.05461003320286833,10.00340589938384,-0.1407123688329011,0.3310243082301262,-2.033661259367579,5.824667415012507,1.7823088050959264,3.115675717310972,0.277734375,0.42514359951019287,0.8801000118255615,15,15,0.7222656011581421,15,0.0,0,0.0,0.0,0,0,0,0,210,625,dclamp,1.6232763528823853,0.1268523619848752,R,none,1
-2.6285122670290844,3.495707865928141,38.522597255004136,0.2705078125,-2.0093193137191547,3.1323569967317595,36.28776801394227,0.28130859375,3.209840049945486,6.559734242759252,0.04208606226966873,-0.01847900165561817,0.05464092449117785,10.026394721939088,-0.1467559277638793,0.3309678596953272,-2.0397044225656775,5.8237193915032295,1.7773866995558802,3.121265531176275,0.2705078125,0.3893195688724518,0.8855999708175659,18,18,0.7294921875,18,0.0,0,0.0,0.0,0,0,0,0,211,625,dclamp,2.254573106765747,0.1299850821179698,R,none,1
-2.1087997975773396,3.5642679862615987,41.871340429826375,0.28525390625,-2.008976183390747,3.1392904361101484,36.26925729920825,0.2729150390625,3.225998475110535,6.601735599266294,0.02741036787581254,-0.01847900560999044,0.054793970644196124,10.058768032957952,-0.14589750313665717,0.32631917050080844,-2.038846403015698,5.828723448759439,1.7769911363809676,3.1263729571138184,0.28525390625,0.3575456440448761,0.8877999782562256,11,11,0.7147461175918579,11,0.0,0,0.0,0.0,0,0,0,0,212,625,dclamp,1.8563424348831177,0.13108186649523174,R,none,1
-1.9994768865520087,3.511799377026903,41.11425582466608,0.3070703125,-2.0102377181788373,3.1541540953996554,36.90499354608789,0.275146484375,3.257715734533253,6.654782748216978,0.03618957477618896,-0.018479000522292354,0.05509315187133732,10.084384403778676,-0.14327147662639617,0.32883530587467247,-2.0362198553327775,5.863804820840136,1.7382456883887945,3.132075924741207,0.3070703125,0.4099780023097992,0.8902000188827515,13,13,0.6929296851158142,13,0.0,0,0.0,0.0,0,0,0,0,213,625,dclamp,1.823062539100647,0.13064037230388056,R,none,1
-2.159681959948641,3.552090396107959,41.51153442494878,0.29822265625,-2.0175046867406654,3.1516213397758883,36.16263371702183,0.2796875,3.1792958426865323,6.709590065725315,0.04383116091891541,-0.018479001508009844,0.05435044218299452,10.111342941417313,-0.14327588208951056,0.3318603798725218,-2.036224361770635,5.790497684762056,1.9960029368357395,3.1388505863719502,0.29822265625,0.3942638635635376,0.8902000188827515,12,12,0.7017773389816284,12,0.0,0,0.0,0.0,0,0,0,0,214,625,dclamp,1.8083218336105347,0.1303087742002812,R,none,1
-2.230106379741596,3.5413532395576066,38.77819482405813,0.2941796875,-2.0139801786404887,3.1537164860915716,36.24166330768647,0.28083007812500005,3.1830823763985068,6.7373553665376225,0.025489931709639726,-0.01847900381396345,0.05438653644263474,10.13261849723071,-0.14372030328959226,0.33614132000262015,-2.0366690191875576,5.801781252143107,1.9994694934934811,3.147593013823679,0.2941796875,0.4165644347667694,0.8870000243186951,13,13,0.7058203220367432,13,0.0,0,0.0,0.0,0,0,0,0,215,625,dclamp,1.6846898794174194,0.1305764887740541,R,none,1
-2.3335827671293567,3.555232454757747,43.89064220283312,0.28474609375,-2.0053631134428693,3.1626719601500755,36.77213495346349,0.28500244140625,3.227097982434817,6.761223695186882,0.014172249897820155,-0.01847900054731146,0.05480437100582978,10.155588551273222,-0.14751806486048735,0.33774167293770857,-2.0404664461297712,5.847438923177709,1.9165936344953736,3.159051210297761,0.28474609375,0.37668827176094055,0.8878999948501587,14,14,0.7152538895606995,14,0.0,0,0.0,0.0,0,0,0,0,216,625,dclamp,1.9966217279434204,0.13196366463335196,R,none,1
-2.031125285346136,3.5833687848306375,40.12054747854736,0.2970703125,-2.0171615637242484,3.1834178463605713,37.72986057566754,0.28541015625,3.302833915223896,6.817838645119154,0.01347662418392726,-0.018479005718442992,0.05551595860775061,10.182511886303926,-0.15045870734582423,0.33840729198326946,-2.043407618334507,5.919844955011648,1.9378532618254543,3.173017895013341,0.2970703125,0.3582889139652252,0.8853999972343445,10,10,0.702929675579071,10,0.0,0,0.0,0.0,0,0,0,0,217,625,dclamp,1.6165330410003662,0.13232496613587627,R,none,1
-2.090629493564727,3.5728287252650635,44.5257558435862,0.3037890625,-2.0294737525688835,3.1889635943783667,37.91061273971597,0.27769775390625,3.295683936600994,6.8487432315045025,0.025061638165091465,-0.01847899811625346,0.055449172712909466,10.204913939856201,-0.15249144033528864,0.34274953181421225,-2.045439572572311,5.921396246761617,1.9321697598884826,3.17669070600562,0.3037890625,0.4226820766925812,0.8830000162124634,11,11,0.6962109208106995,11,0.0,0,0.0,0.0,0,0,0,0,218,625,dclamp,1.6968402862548828,0.13396778250807012,R,none,1
-2.3848152332748227,3.587059283710727,43.38717504824713,0.27728515625,-2.036051456459967,3.200688242933187,38.607298118672475,0.2775927734375,3.365337659025272,6.855813730607416,0.023253838818044117,-0.018479000086993668,0.05609642628338623,10.226967774762883,-0.1537677728757262,0.34104053156898184,-2.0467161069910627,5.982259856918251,1.9053429697108537,3.18174468396065,0.27728515625,0.38036635518074036,0.8827999830245972,10,10,0.7227148413658142,10,0.0,0,0.0,0.0,0,0,0,0,219,625,dclamp,1.8091074228286743,0.13522122799103503,R,none,1
-2.1890328483897417,3.5224262250928278,48.02358282331993,0.2973828125,-2.038588658195002,3.2072867223039823,38.91508607650524,0.27656005859375,3.4177932021239816,6.8771959810186365,-0.008301064075197285,-0.01847900727672287,0.0565789772007183,10.248417691967818,-0.1569719999562949,0.34333522477325257,-2.0499210705717585,6.035926737466716,1.8294948594979021,3.1821777122362898,0.2973828125,0.3665311932563782,0.8866000175476074,18,18,0.7026171684265137,18,0.0,0,0.0,0.0,0,0,0,0,220,625,dclamp,1.997101068496704,0.13674224915140393,R,none,1
-2.0913936276479004,3.5875377113773212,43.54838878817753,0.3048828125,-2.0404752112051323,3.204117593010003,38.68789039056704,0.28202636718749996,3.3970208957072234,6.8991055084777075,-0.029756854348716617,-0.01847900020080681,0.05638838309446561,10.272660258625812,-0.15909377170726657,0.3477895427835701,-2.0520421174813728,6.022587546953632,1.8039755264948052,3.1842450784523817,0.3048828125,0.3700765073299408,0.8901000022888184,14,14,0.695117175579071,14,0.0,0,0.0,0.0,0,0,0,0,221,625,dclamp,1.8808144330978394,0.1367538224009776,R,none,1
-2.390190660705434,3.6285840357193586,45.748849391645756,0.298671875,-2.0469067048056493,3.217275893001502,39.34068945422644,0.29050537109375,3.4578663817216864,6.927489542566359,-0.034491752599436466,-0.018478995256693255,0.0569448704084582,10.297145738885108,-0.1569161886163056,0.34766873437332013,-2.0498640279262372,6.077760974464352,1.8547115713332367,3.189530629017672,0.298671875,0.3969026803970337,0.8823000192642212,17,17,0.7013280987739563,17,0.0,0,0.0,0.0,0,0,0,0,222,625,dclamp,2.0258219242095947,0.13661115814875846,R,none,1
-2.08063717463575,3.528907861928651,45.64215765085522,0.2990625,-2.0454506742928906,3.2310092409011735,39.83541813776697,0.2891943359375,3.4806942952162543,6.980090156183412,-0.021363736610891207,-0.018479002586319956,0.05715225169193471,10.317235700583813,-0.15957853543179226,0.35255488874620894,-2.0525271255726447,6.106370686464001,1.8738578760305051,3.1944499662967876,0.2990625,0.41460999846458435,0.8830999732017517,13,13,0.7009375095367432,13,0.0,0,0.0,0.0,0,0,0,0,223,625,dclamp,1.8581995964050293,0.13817956792827477,R,none,1
-2.328687194197578,3.5992840827474417,47.373189556864006,0.287578125,-2.0504923665538723,3.2401347387717974,40.16084879071925,0.2793701171875,3.488116772110493,7.021021998974631,-0.010665645689343339,-0.018479000858158456,0.0572195209456194,10.343798805502475,-0.16328087757341564,0.3528159893518671,-2.056229290685186,6.112386585653736,1.8685866002975033,3.1996465515736427,0.287578125,0.3710072636604309,0.8817999958992004,17,17,0.7124218940734863,17,0.0,0,0.0,0.0,0,0,0,0,224,625,dclamp,1.9855605363845825,0.13951883392677863,R,none,1
-2.3400182085813714,3.689898295955033,46.43165038138359,0.289765625,-2.0554361896688906,3.2615938587169535,41.635112704762776,0.27827148437499993,3.603292498432893,7.053896887925029,-0.019194887137775393,-0.018479001907874302,0.05825338568289044,10.36582143818516,-0.1648982449248433,0.3547211332002087,-2.0578467655672075,6.217400892865199,1.8611582377119738,3.203973024720931,0.289765625,0.4041083753108978,0.8819000124931335,12,12,0.7102344036102295,12,0.0,0,0.0,0.0,0,0,0,0,225,625,dclamp,1.9579306840896606,0.1412524846498784,R,none,1
-2.297589516175847,3.684850129661972,48.48602026244667,0.28779296875,-2.0500092096018654,3.275709912087151,42.3543145178756,0.28421875,3.6364253337300734,7.079877912425792,0.013972181990145095,-0.01847900163047027,0.058547418564498376,10.388336695556825,-0.16908745968248695,0.359449917205919,-2.0620359519081894,6.25124773801424,1.7624202148524726,3.211501419044178,0.28779296875,0.39866432547569275,0.8855000138282776,13,13,0.712207019329071,13,0.0,0,0.0,0.0,0,0,0,0,226,625,dclamp,1.9943143129348755,0.14296580418961433,R,none,1
-1.8493665466421227,3.5686299991284014,46.180275791104926,0.3084375,-2.05822615473688,3.279168553664688,42.5059772008813,0.2808349609375,3.6394734968732285,7.105551216478137,0.007921689991994371,-0.018479005547585386,0.05857439369323969,10.410093550684737,-0.17166504366789012,0.3628691443497598,-2.064613937154294,6.261382575302922,1.7082281978089626,3.22897174272374,0.3084375,0.37827375531196594,0.888700008392334,12,12,0.6915624737739563,12,0.0,0,0.0,0.0,0,0,0,0,227,625,dclamp,1.6506305932998657,0.14379052866295083,R,none,1
-1.9616469392992297,3.7609346067980676,48.538538393433306,0.312265625,-2.0603613510363954,3.297692910510356,43.405291980813026,0.2774267578125,3.7172215138561553,7.1378632860222195,0.01969373215188714,-0.018479003145520395,0.05925831626235606,10.437167002143333,-0.17152750680223108,0.36404530352546427,-2.064476154226353,6.328207727134589,1.7852720847118797,3.233919452965346,0.312265625,0.4172022044658661,0.88919997215271,14,14,0.6877343654632568,14,0.0,0,0.0,0.0,0,0,0,0,228,625,dclamp,1.8240928649902344,0.14398366027143836,R,none,1
-1.9540854697837386,3.6854840030767293,48.3424230123572,0.3027734375,-2.0488276852187837,3.3065033192282165,43.57322219903661,0.2830126953125,3.736040491029899,7.184421901873715,0.012501807163596756,-0.01847900396997028,0.05942267665423451,10.464886396392712,-0.17171078769490122,0.36867281206637303,-2.064659519573865,6.349565614635322,1.8675319297728383,3.2391891046531067,0.3027734375,0.38814103603363037,0.8892999887466431,14,14,0.6972265839576721,14,0.0,0,0.0,0.0,0,0,0,0,229,625,dclamp,1.5937095880508423,0.14370818022923398,R,none,1
-2.2281162571454143,3.7433424439282064,50.57780063921528,0.2915234375,-2.0447646429347044,3.316577249003787,44.22780594581091,0.28236572265625,3.803991013997038,7.194330751140528,0.0013628834719600679,-0.018479002041056476,0.060012394638014895,10.485273978085534,-0.17217941591516137,0.37018467171688063,-2.0651279502004165,6.409262188943723,1.8276082998131233,3.2427488336866928,0.2915234375,0.3891803026199341,0.8736000061035156,12,12,0.7084765434265137,12,0.0,0,0.0,0.0,0,0,0,0,230,625,dclamp,1.9842966794967651,0.1445046556695216,R,none,1
-1.8613252938641955,3.7411180475809918,52.17904906322779,0.3025390625,-2.0623409388207032,3.342065945695401,45.65708306404782,0.2784375,3.9043125655109385,7.233030402069654,0.03206181779629791,-0.018478999057039095,0.060872606218357904,10.506231724506712,-0.17020402713678778,0.3759112944729789,-2.0631522557458317,6.503108938474752,1.8128644301830383,3.2497030986940274,0.3025390625,0.3725120723247528,0.8827999830245972,11,11,0.697460949420929,11,0.0,0,0.0,0.0,0,0,0,0,231,625,dclamp,1.5114141702651978,0.14430022339912027,R,none,1
-2.323455421930007,3.7610181761459427,52.38609931428614,0.2925390625,-2.068996587564499,3.356998834781273,46.753779710001155,0.2790087890625,3.992515330059985,7.253183523654478,0.02374232300835917,-0.018478999535119046,0.061618984239234564,10.524799599329873,-0.17210823202505707,0.37687011808316445,-2.065056509607565,6.580273471405077,1.7881696123493307,3.254020675035512,0.2925390625,0.4209054410457611,0.8808000087738037,13,13,0.7074609398841858,13,0.0,0,0.0,0.0,0,0,0,0,232,625,dclamp,1.8778470754623413,0.14550422812610275,R,none,1
-2.056597269544059,3.7127343585766694,46.532492941541584,0.2932421875,-2.06355164593682,3.3504251837889596,45.976775245869085,0.27751464843749996,3.933381555042814,7.279110293266199,0.01285706385827067,-0.018478999606983612,0.061119596900788734,10.548920739150642,-0.17251073517138138,0.3801717925236183,-2.0654590201155383,6.531842243831365,1.778610360927047,3.2644379452832437,0.2932421875,0.4269222617149353,0.8848999738693237,10,10,0.7067577838897705,10,0.0,0,0.0,0.0,0,0,0,0,233,625,dclamp,1.823372483253479,0.14504634855820592,R,none,1
-2.087542554864794,3.6980229416924786,49.66618911847062,0.30236328125,-2.055494593613842,3.3330398823912755,44.15477984586383,0.27456787109374997,3.796663371310878,7.314846961778478,-0.002355475478509961,-0.018479002452844825,0.05994907967440328,10.578118016825371,-0.16736709231743588,0.3785418565466243,-2.060315668785388,6.407993622588167,1.7618703229866304,3.273656327600369,0.30236328125,0.36618444323539734,0.8813999891281128,14,14,0.6976367235183716,14,0.0,0,0.0,0.0,0,0,0,0,234,625,dclamp,1.8759657144546509,0.14436933348391934,R,none,1
-2.20394209512058,3.7218326923898077,49.73528365220215,0.29017578125,-2.0446215800892684,3.353871801252159,45.26176252409823,0.27823486328125,3.889744043651794,7.3458882566796895,0.012823758902918356,-0.0184790052435579,0.06074844203818961,10.598674788344395,-0.16945819209329785,0.3809518700922281,-2.0624070544357913,6.490650890641093,1.757149515755704,3.276982077414327,0.29017578125,0.40467968583106995,0.8826000094413757,10,10,0.7098242044448853,10,0.0,0,0.0,0.0,0,0,0,0,235,625,dclamp,1.8932123184204102,0.14574563197442172,R,none,1
-2.313214377562374,3.695692341554808,51.5844971795259,0.2722265625,-2.028993634761506,3.3593917312202843,45.42977856804194,0.27511962890624997,3.8970289123273094,7.381941194198695,0.006542697265213605,-0.018479000487818975,0.06081056150317758,10.62143487988027,-0.17069016145542265,0.38366902329609553,-2.0636385366304264,6.501052686725457,1.7415200861128652,3.289490481858222,0.2722265625,0.4177702069282532,0.8774999976158142,14,14,0.7277734279632568,14,0.0,0,0.0,0.0,0,0,0,0,236,625,dclamp,2.1353065967559814,0.14651100648411036,R,none,1
-1.889676502481784,3.6944304089690547,53.022932051592115,0.32015625,-2.0347104487034255,3.3792090558798287,46.44315223970771,0.28642822265625,3.959916164600168,7.440635494835658,0.018502183904416842,-0.018478995274304064,0.06134418697465933,10.650087676208484,-0.166100990884006,0.38536691741129186,-2.0590488319979507,6.557775016783985,1.815588799822068,3.301750066477016,0.32015625,0.39728865027427673,0.8830000162124634,11,11,0.6798437237739563,11,0.0,0,0.0,0.0,0,0,0,0,237,625,dclamp,1.8006020784378052,0.14506553418035384,R,none,1
-2.2002789498472155,3.642031059373318,48.469505670723436,0.29291015625,-2.031390968300455,3.38741561443197,46.401187958217996,0.28513427734375,3.962449168975318,7.490946581874557,0.021188794047645166,-0.018479002216077935,0.061365581239476295,10.673628469211234,-0.16497263674275017,0.3896530651989806,-2.0579211889568203,6.569056961265691,1.9517710979089355,3.313347186361602,0.29291015625,0.4175492227077484,0.8769999742507935,13,13,0.7070898413658142,13,0.0,0,0.0,0.0,0,0,0,0,238,625,dclamp,1.743172526359558,0.1455974502983146,R,none,1
-2.1777615037250375,3.7612132387960764,50.382869184405045,0.28646484375,-2.0476571335778946,3.3812624576043637,45.52811369243305,0.28663085937500005,3.87273463489542,7.5373919371576426,0.022809235151636176,-0.018478998280507034,0.060603157172272666,10.700092088174218,-0.16812994251493366,0.39167663338236464,-2.0610780915777327,6.489154835075866,1.9657419520211148,3.318490606237873,0.28646484375,0.39364561438560486,0.8885999917984009,13,13,0.7135351300239563,13,0.0,0,0.0,0.0,0,0,0,0,239,625,dclamp,1.9997758865356445,0.14680346293600563,R,none,1
-2.191780870407845,3.6620832598746667,47.48639666865651,0.2952734375,-2.0489403742120964,3.394802894145174,46.44658425219553,0.29041992187499993,3.9502167423875334,7.551070751323664,0.023399196385247213,-0.018478998374456827,0.06126218566815299,10.716638794854534,-0.17327941047144121,0.39754772400521365,-2.066227569158251,6.561855810638883,1.9627675118661458,3.3258043916440134,0.2952734375,0.44613566994667053,0.8838000297546387,12,12,0.7047265768051147,12,0.0,0,0.0,0.0,0,0,0,0,240,625,dclamp,1.994781732559204,0.14864294128046412,R,none,1
-2.3535798270779114,3.6974680430558555,53.05230501796553,0.28923828125,-2.0485786392753558,3.4308010707031316,48.997455116416624,0.28870361328125,4.167558343965451,7.592413528511452,0.010424114260849514,-0.018479005567715735,0.06307405806863912,10.731625883936113,-0.1748677093954757,0.4016977376147053,-2.067816604943988,6.750559464538613,2.0342562880868647,3.329943461975787,0.28923828125,0.42207565903663635,0.8784999847412109,12,12,0.7107617259025574,12,0.0,0,0.0,0.0,0,0,0,0,241,625,dclamp,1.7171993255615234,0.14972898270430143,R,none,1
-2.2652322743134623,3.781691603411772,58.438608784687375,0.3103125,-2.0341134058207833,3.441698756498008,49.76320548601711,0.290634765625,4.239790546956134,7.60370331754095,0.0017964659828523344,-0.018478995210320755,0.06366481150117527,10.754115538936276,-0.17093795793130995,0.4014311961423457,-2.063885792490945,6.805725534289409,1.9815990340685368,3.3335365673188413,0.3103125,0.4375753700733185,0.8860999941825867,19,19,0.6896874904632568,19,0.0,0,0.0,0.0,0,0,0,0,242,625,dclamp,1.7889856100082397,0.14872448126854954,R,none,1
-1.8552804832829977,3.801666551251277,50.138061588788005,0.30146484375,-2.035386727987918,3.444530132239619,49.71551934733492,0.2918896484375,4.213217520953253,7.645356304600222,0.0062140063532100335,-0.018479001887350348,0.0634481218529684,10.777306364679971,-0.17068920674268157,0.40446431239943864,-2.0636377252826166,6.78452994161083,2.084155751959352,3.3428686556704976,0.30146484375,0.393435001373291,0.8848999738693237,10,10,0.698535144329071,10,0.0,0,0.0,0.0,0,0,0,0,243,625,dclamp,2.0149085521698,0.1482931157676757,R,none,1
-1.967700788416848,3.8392510829607907,55.10095704844223,0.31455078125,-2.0404529015270834,3.459430889569261,50.54441844123991,0.29627685546875,4.276811201341818,7.675529146483491,0.015321731880659994,-0.018478995902643194,0.06396546971807479,10.801384412588465,-0.17161809683952015,0.4101902849465645,-2.06456600231915,6.838508842342461,2.219192140613492,3.350891761693241,0.31455078125,0.3715234398841858,0.8883000016212463,11,11,0.6854492425918579,11,0.0,0,0.0,0.0,0,0,0,0,244,625,dclamp,1.7275919914245605,0.1485164321260455,R,none,1
-2.2312292467325836,3.786509665511895,54.60747452720694,0.2970703125,-2.0416347705194435,3.4676259685565216,51.38636103404861,0.2962646484375,4.348919713417241,7.688540730800255,-0.013030586409945451,-0.0184789985103618,0.06454706848220655,10.818247119163056,-0.17688341321889312,0.4163565817691252,-2.069831585827511,6.903958604472537,2.1971542958071972,3.3620677774607435,0.2970703125,0.396127313375473,0.8738999962806702,12,12,0.702929675579071,12,0.0,0,0.0,0.0,0,0,0,0,245,625,dclamp,1.6710325479507446,0.14974294069206542,R,none,1
-2.175366534533524,3.8689716885032985,58.24195343047949,0.28703125,-2.049393077874312,3.4878609986772733,52.83251297856613,0.29185058593749996,4.4381830630523424,7.727617302222909,-0.0006260191812254323,-0.01847900083204945,0.06525985246289866,10.840702160610176,-0.1783048790326575,0.4237101004137691,-2.071253289469878,6.985591658779105,2.225169755910026,3.3709228865204954,0.28703125,0.422853022813797,0.8852999806404114,15,15,0.7129687666893005,15,0.0,0,0.0,0.0,0,0,0,0,246,625,dclamp,1.7457853555679321,0.14995430916490904,R,none,1
-2.405352540458036,3.766702827871684,55.670904377707245,0.29095703125,-2.0484685262726527,3.493877374913631,52.911349488557136,0.28997802734375,4.487346606493574,7.7622760521407175,-0.042443547700928785,-0.018479004662904117,0.06564912658732365,10.861191623802329,-0.17860743568322504,0.4282340302014656,-2.071556238544815,7.025306489963637,2.2188806808587,3.3775119020132256,0.29095703125,0.45913079380989075,0.8693000078201294,20,20,0.7090429663658142,20,0.0,0,0.0,0.0,0,0,0,0,247,625,dclamp,1.938412070274353,0.15008287551180774,R,none,1
-2.1974905113430676,3.8817123107394504,60.74694397082365,0.28908203125,-2.062276699975703,3.5015741058223253,53.486906804136,0.28341552734375003,4.519798267981862,7.7804000567279425,-0.0391771061443891,-0.01847900339787543,0.0659048183087375,10.885303392563083,-0.1814007309207227,0.4329725132299087,-2.0743494041955426,7.056312706998285,2.2619317280251554,3.3847577305901764,0.28908203125,0.38934141397476196,0.8835999965667725,14,14,0.7109179496765137,14,0.0,0,0.0,0.0,0,0,0,0,248,625,dclamp,2.6600189208984375,0.15039008196326215,R,none,1
-2.1214282696437645,3.9908337789826613,55.38835674161064,0.30974609375,-2.0481620246460652,3.4991648439438854,52.66000864321106,0.28441162109374996,4.464605031141325,7.802584633531435,-0.023035059579926763,-0.018479000848113162,0.06546934837358367,10.908797675452636,-0.18328769005602225,0.4367810249356329,-2.0762361021387736,7.013415335594733,2.297777088015787,3.393800262008806,0.30974609375,0.39352181553840637,0.8842999935150146,10,10,0.6902539134025574,10,0.0,0,0.0,0.0,0,0,0,0,249,625,dclamp,1.8168567419052124,0.15096837875521338,R,none,1
-2.265947291604537,3.8894967077046583,61.32687583946514,0.2969921875,-2.045383764392468,3.5026150411182595,52.26397752748804,0.28369140625,4.433079578557517,7.839782303558409,-0.0045497558480624535,-0.018479002032077627,0.065219309798807,10.932835337503628,-0.185936416646,0.4360306763093212,-2.0788849500114805,6.9834209444130755,2.380406376306663,3.4021975735614514,0.2969921875,0.4020044207572937,0.878000020980835,17,17,0.7030078172683716,17,0.0,0,0.0,0.0,0,0,0,0,250,625,dclamp,2.0565297603607178,0.15228201630355767,R,none,1
-2.293718092272593,3.883317121654973,65.34164096208654,0.302734375,-2.0543760429417826,3.530164655808856,54.005460956024514,0.28251464843749996,4.558301534618506,7.894880993312126,0.00887996919142231,-0.0184790046591297,0.06620690994235393,10.946968106325734,-0.19044736766576534,0.4435431508836677,-2.0833961701407127,7.093700433206301,2.391101309082768,3.4145877301708065,0.302734375,0.44325554370880127,0.8862000107765198,18,18,0.697265625,18,0.0,0,0.0,0.0,0,0,0,0,251,625,dclamp,1.6962608098983765,0.15289093120190175,R,none,1
-2.2863290096310105,3.9156241973724977,63.134288957921214,0.29529296875,-2.0580775005911596,3.566071667631411,56.60482321247762,0.28515380859375,4.758031245285622,7.927017040837777,0.03181885256007464,-0.01847900485549623,0.06775235265661306,10.961821759176091,-0.19446623350959272,0.44929854847269746,-2.087415056099897,7.253338446988322,2.4261334257872913,3.4145782237609588,0.29529296875,0.4603956341743469,0.8745999932289124,17,17,0.7047070264816284,17,0.0,0,0.0,0.0,0,0,0,0,252,625,dclamp,2.010371446609497,0.15385372576992765,R,none,1
-2.037126314530488,3.825140238807892,57.13464056983999,0.30029296875,-2.0656830698589035,3.5623935829871836,55.775270643232346,0.28050048828125,4.672409806202126,7.976947570728304,0.04129066317782918,-0.01847899346047412,0.06709420460319321,10.992039102621,-0.19041748903837288,0.44825278873362695,-2.083365144347547,7.184311571366569,2.4452687306030803,3.429297525129941,0.30029296875,0.40652745962142944,0.8822000026702881,13,13,0.69970703125,13,0.0,0,0.0,0.0,0,0,0,0,253,625,dclamp,1.820421814918518,0.1531757889390299,R,none,1
-2.221570564051897,3.9878550696865664,66.00609316037863,0.30140625,-2.0670173464017174,3.5822814510499947,57.26595119541148,0.28113037109375005,4.802604730596072,8.010919842796834,0.01921582114394937,-0.018479001019877893,0.06809246145319986,11.008010416414972,-0.19572028474416583,0.45025714977428294,-2.088668714422121,7.280494403521081,2.5345466320341212,3.4359213837689335,0.30140625,0.43980780243873596,0.8774999976158142,14,14,0.6985937356948853,14,0.0,0,0.0,0.0,0,0,0,0,254,625,dclamp,1.852486491203308,0.15476448077259086,R,none,1
-2.1180305173205567,3.96771737351811,63.14988024301727,0.29884765625,-2.064338736626058,3.598818507813577,58.587626038456705,0.29245849609375,4.895268677324415,8.037603779540811,0.018622195316313296,-0.018479000055502005,0.06879413166888981,11.03382478979745,-0.1969951513229171,0.4537877327133573,-2.089943482212317,7.355567462471516,2.450986105543883,3.4501486148267726,0.29884765625,0.41151079535484314,0.8841000199317932,15,15,0.7011523246765137,15,0.0,0,0.0,0.0,0,0,0,0,255,625,dclamp,1.7300950288772583,0.15551741638675004,R,none,1
-2.107989199746782,3.9718717871183946,61.430080455492735,0.3060546875,-2.070316281467599,3.6211575147711614,60.02446453655706,0.29194580078125,5.022408067039504,8.085889647703816,0.004484032040334079,-0.018478998465170964,0.06974537077170223,11.052911467520467,-0.19913093163631856,0.4587241466709338,-2.092079099615686,7.4574589286769895,2.5068762497700354,3.4554313517770554,0.3060546875,0.40923964977264404,0.8791999816894531,15,15,0.6939452886581421,15,0.0,0,0.0,0.0,0,0,0,0,256,625,dclamp,1.8033266067504883,0.15650034988646078,R,none,1
-2.128984059167447,3.991020224865415,64.70903681638865,0.305859375,-2.068745264831885,3.626535567988845,59.89767860728789,0.2919287109375,5.003090410612741,8.16208883174412,-0.01341901646868985,-0.01847900285527084,0.06960167526369289,11.076336312156092,-0.19676509922253899,0.45938403327417066,-2.0897137169141318,7.445123918174681,2.513046344688921,3.463165275459895,0.305859375,0.424470454454422,0.8788999915122986,13,13,0.694140613079071,13,0.0,0,0.0,0.0,0,0,0,0,257,625,dclamp,2.107074499130249,0.15650329537527247,R,none,1
-2.0738608902799793,3.940973023792423,67.41782236544935,0.30740234375,-2.0586221102622684,3.6496413660346967,61.13472016526693,0.29538330078125,5.13627063433755,8.205528619727092,-0.021917153393035228,-0.018478997233916536,0.0705863943150796,11.096411948013172,-0.19534412948181853,0.4611027354350198,-2.088292171334176,7.544485004955968,2.4055185273080752,3.469436852533696,0.30740234375,0.4379827380180359,0.8751000165939331,20,20,0.6925976276397705,20,0.0,0,0.0,0.0,0,0,0,0,258,625,dclamp,1.8948999643325806,0.15632641201032968,R,none,1
-2.3770330355063423,4.05212866752836,65.39576946173658,0.2859375,-2.0487141248318084,3.640638935262411,60.52878159044138,0.2931225585937501,5.09521830099511,8.218883954615292,-0.05985039866178349,-0.018478996772406688,0.07028432964806644,11.124923199872233,-0.1944047762604896,0.46616567440025225,-2.0873527708367887,7.517313249539599,2.3817301560760558,3.481712645785726,0.2859375,0.3869148790836334,0.8828999996185303,15,15,0.714062511920929,15,0.0,0,0.0,0.0,0,0,0,0,259,625,dclamp,1.687059998512268,0.1561526690932282,R,none,1
-2.46057392016124,3.9815053158376137,67.74688119272312,0.301640625,-2.0571737268993235,3.6472457899712585,60.86652121160237,0.29835205078125,5.128884623587771,8.241684623751462,-0.06816739487616663,-0.01847900055973209,0.07053214230349589,11.142694978033191,-0.1981909339874983,0.4693798179243943,-2.0911393165291243,7.544560501742025,2.3942884320852955,3.488734562281497,0.301640625,0.39658021926879883,0.8748999834060669,19,19,0.6983593702316284,19,0.0,0,0.0,0.0,0,0,0,0,260,625,dclamp,1.6784495115280151,0.15689655076012435,R,none,1
-2.2485958781651307,4.007983273736843,65.93761927001894,0.29826171875,-2.075064512176378,3.665785058696467,62.02167416120317,0.29647216796875,5.2051978909907675,8.269615814392637,-0.03683360882114516,-0.018479005505565187,0.07109067527628792,11.164443513100487,-0.20072854501893744,0.4750732486014517,-2.093677434200884,7.603167147052176,2.4247317697080217,3.5027581088706268,0.29826171875,0.4716322720050812,0.8684999942779541,15,15,0.7017382979393005,15,0.0,0,0.0,0.0,0,0,0,0,261,625,dclamp,1.868110179901123,0.157690049225561,R,none,1
-2.1043437952808497,4.003030722134964,70.57369158526551,0.3219140625,-2.080331139564632,3.6771182527778534,62.561523206110934,0.29403564453125,5.24015272203763,8.31543330831552,-0.03438738544109818,-0.0184789982667008,0.07134505030986511,11.187554569502845,-0.20085330746602267,0.4820815354468501,-2.0938014551145407,7.640872940829014,2.470735931495172,3.518003907898439,0.3219140625,0.45093071460723877,0.8722000122070312,20,20,0.6780859231948853,20,0.0,0,0.0,0.0,0,0,0,0,262,625,dclamp,2.4497315883636475,0.15775121924177893,R,none,1
-2.5431419997149685,4.012977214222407,68.29707467677906,0.292890625,-2.063714038390241,3.6858234453108936,63.06420463226543,0.29958740234375,5.300680531324522,8.347854051110982,-0.0632401124320403,-0.018478997386050883,0.07178339145690739,11.20929799082266,-0.2038027986558154,0.4861503294291254,-2.096750856092483,7.690734343424621,2.460140170182939,3.5236258319691633,0.292890625,0.4493965208530426,0.8716999888420105,18,18,0.7071093916893005,18,0.0,0,0.0,0.0,0,0,0,0,263,625,dclamp,1.7865867614746094,0.1587346348805111,R,none,1
-1.8899737459278583,4.04657027831492,69.88302408135326,0.32244140625,-2.0561227722299336,3.6934989667438427,63.19416214341305,0.2955517578125,5.309961096626317,8.3878925417288,-0.05591902101728483,-0.018479000127535825,0.07185036393104692,11.234296959752415,-0.2057512570079416,0.489139669644865,-2.0986995952763285,7.699795914787089,2.36343356400601,3.528274731565858,0.32244140625,0.43590250611305237,0.8776000142097473,16,16,0.6775586009025574,16,0.0,0,0.0,0.0,0,0,0,0,264,625,dclamp,2.0711567401885986,0.15931294028937792,R,none,1
-2.531466087233469,4.02014523228642,69.21959246261383,0.273515625,-2.056267061821268,3.703750015393181,63.48581157382304,0.28860595703125,5.335169867157416,8.425348113592694,-0.04275380422512358,-0.018478998443106444,0.072031969110449,11.257774725836871,-0.21122928307566327,0.4943486672232142,-2.1041774487947897,7.723567231987667,2.363728872330339,3.53615645629028,0.273515625,0.43512430787086487,0.8730000257492065,22,22,0.7264843583106995,22,0.0,0,0.0,0.0,0,0,0,0,265,625,dclamp,1.9101296663284302,0.16126267306573708,R,none,1
-1.553290576359359,4.009029056199799,65.63782289016176,0.33380859375,-2.043174442002591,3.7145980486750396,64.73727268903617,0.28656982421875,5.428881713911708,8.431756803860473,-0.06239985455177297,-0.01847899939502736,0.0727030943705748,11.277128367128046,-0.21244378878298448,0.4999930458997406,-2.105392052014807,7.798394622873993,2.324312961044205,3.544062058565936,0.33380859375,0.39896807074546814,0.8880000114440918,15,15,0.6661913990974426,15,0.0,0,0.0,0.0,0,0,0,0,266,625,dclamp,2.080918550491333,0.16031162222830095,R,none,1
-2.18202116669273,4.130288851235416,72.7547094693658,0.29869140625,-2.0452115049302186,3.711260394134732,63.790172157207316,0.28433349609375,5.33382547460181,8.466568399123084,-0.02694016065180952,-0.01847900009921592,0.07202229520012743,11.299716493002148,-0.21257688514888287,0.497957064031845,-2.1055252205162396,7.725164905997717,2.3934196002427006,3.5507381146694037,0.29869140625,0.4870167374610901,0.8759999871253967,17,17,0.7013086080551147,17,0.0,0,0.0,0.0,0,0,0,0,267,625,dclamp,1.9931833744049072,0.1612370247686904,R,none,1
-2.4398845952749895,4.152141032422741,74.66738890932456,0.2805078125,-2.0655067881775677,3.713094607660908,64.01857267478184,0.2772314453125,5.329052517328511,8.502530075288021,-0.04451102717602194,-0.01847900171049626,0.07198794079648144,11.323364454952875,-0.21511904711835086,0.49769357618469445,-2.108067547541741,7.721422742907655,2.4618870486114,3.5599851515983096,0.2805078125,0.4535365402698517,0.8704000115394592,17,17,0.7194921970367432,17,0.0,0,0.0,0.0,0,0,0,0,268,625,dclamp,1.8767809867858887,0.16305722004370635,R,none,1
-2.2713783322943963,4.111431102924545,70.40122006960212,0.303046875,-2.051286887767258,3.727637501714443,65.04955222950846,0.27920654296875,5.421172408083545,8.541456502899443,-0.0673475667950978,-0.018479005822520107,0.07264811591517922,11.347422866571891,-0.21718696666299364,0.5028170257102749,-2.1101358883131085,7.7906594802258615,2.485024130415571,3.566919209787221,0.303046875,0.4091421961784363,0.88919997215271,18,18,0.6969531178474426,18,0.0,0,0.0,0.0,0,0,0,0,269,625,dclamp,1.7822482585906982,0.1631492371087888,R,none,1
-2.2880271831425953,4.094793733829637,69.5244716077149,0.2941015625,-2.0543559437597256,3.724310942246261,64.28455451494503,0.27932861328124997,5.352315856435223,8.565869846187365,-0.04769370808735698,-0.018478993924703816,0.07215522932716091,11.371098821274554,-0.21257778379600495,0.5006315071383304,-2.105525486659853,7.736466460743249,2.52689433878098,3.574228906044589,0.2941015625,0.42627155780792236,0.8727999925613403,14,14,0.7058984637260437,14,0.0,0,0.0,0.0,0,0,0,0,270,625,dclamp,1.7774828672409058,0.16341965017598326,R,none,1
-2.0678183632992755,4.164791524196619,71.85017035074083,0.30869140625,-2.0589449849888295,3.729115593383635,64.1599849617477,0.2803466796875,5.3237644734696055,8.613981317935458,-0.03144268258808628,-0.018479004118059937,0.07194985963036711,11.398838850888602,-0.2079899005498737,0.5003464388430361,-2.100938647598818,7.712183812642571,2.608090897761156,3.5842804654422804,0.30869140625,0.43645596504211426,0.8776999711990356,13,13,0.6913086175918579,13,0.0,0,0.0,0.0,0,0,0,0,271,625,dclamp,1.9124282598495483,0.16206203133579253,R,none,1
-2.1522293526068568,4.047997201199206,71.08811457711596,0.29986328125,-2.046644489924883,3.7345881830969727,64.19935096353358,0.2796826171875,5.3202205169708785,8.663591390821418,-0.036663010464749964,-0.018478994160367305,0.07192432997320233,11.420562760449382,-0.20381511997897178,0.5036296546845119,-2.096762846983672,7.714125982395151,2.464267302040046,3.590756910834192,0.29986328125,0.4112243950366974,0.875,18,18,0.7001367211341858,18,0.0,0,0.0,0.0,0,0,0,0,272,625,dclamp,1.8556807041168213,0.16089049214594378,R,none,1
-2.3617686362449923,4.050453557841649,63.75362153308954,0.3028515625,-2.0533879797340404,3.7250363684176464,62.98026442568513,0.2800927734375,5.197110339744693,8.684886242511823,-0.006100636222387093,-0.01847900059847184,0.07103169209142912,11.446376436167093,-0.2013171341057023,0.5020941973340465,-2.0942655206157434,7.615652517122872,2.35223198883857,3.5961845399140615,0.3028515625,0.4607580900192261,0.8686000108718872,17,17,0.6971484422683716,17,0.0,0,0.0,0.0,0,0,0,0,273,625,dclamp,2.2341511249542236,0.16048735689633545,R,none,1
-2.189723306602328,4.022277295283786,66.36661578991658,0.29919921875,-2.053243093825975,3.727708142684403,62.788237025940916,0.28489013671875,5.187321816958932,8.71987209898935,-0.011385918912686059,-0.018479004989370464,0.07096023531012974,11.470202003147996,-0.19985208676196634,0.5022354414079391,-2.0928009230660547,7.608221960561216,2.3374999275930026,3.603853902954822,0.29919921875,0.4289959967136383,0.8729000091552734,12,12,0.7008007764816284,12,0.0,0,0.0,0.0,0,0,0,0,274,625,dclamp,1.8459887504577637,0.16030009503237147,R,none,1
-2.2021179440823655,4.09806004363298,63.82108794993858,0.29869140625,-2.03012069382716,3.7186231021671046,61.38285408585496,0.2915087890625,5.095916273683938,8.747087196782996,-0.014845694496035908,-0.018478997324795996,0.07028947606270367,11.491563967313093,-0.19855391604825853,0.5011038322459136,-2.0915019672101103,7.534008940206602,2.206909519240053,3.608309515911384,0.29869140625,0.4573172628879547,0.8784999847412109,12,12,0.7013086080551147,12,0.0,0,0.0,0.0,0,0,0,0,275,625,dclamp,1.97969651222229,0.1607620382553819,R,none,1
-2.095266529093994,4.1300880762774845,66.60527707428558,0.311484375,-2.034343878608324,3.741664376042656,63.268977388728246,0.2934326171875,5.265912408514941,8.766674199810431,-0.03253430537869607,-0.0184790036592466,0.0715319282660344,11.509951361244644,-0.19905463967937975,0.5052986277798935,-2.0920033397284903,7.66205539708898,2.1146106892755983,3.608853831215706,0.311484375,0.3851926028728485,0.8797000050544739,15,15,0.6885156035423279,15,0.0,0,0.0,0.0,0,0,0,0,276,625,dclamp,1.7565439939498901,0.16074977061361226,R,none,1
-2.2279052126904326,4.164583915230855,67.95636887145707,0.3055859375,-2.057937592504768,3.7515489945448364,63.63806878098029,0.287939453125,5.286668334950921,8.805282792678954,-0.01783126915950093,-0.01847900747949356,0.07168215131025171,11.53522333641885,-0.1999180729445652,0.5040893312591861,-2.0928671643314147,7.6704128693018765,2.1354679279635347,3.612492011730958,0.3055859375,0.4341515898704529,0.8769999742507935,16,16,0.6944140791893005,16,0.0,0,0.0,0.0,0,0,0,0,277,625,dclamp,2.21907639503479,0.16231329715343623,R,none,1
-2.4281827066926165,4.110709672657253,72.45011647920197,0.286328125,-2.061954888110395,3.77083011258473,65.26500734547177,0.28746337890625,5.425928234538649,8.8220354632048,-0.028803959767682727,-0.018478999805758442,0.07268203724419599,11.555294735899095,-0.20278828931739554,0.5064925238564121,-2.0957365946236113,7.774956561913294,2.123843748156583,3.6165846863355124,0.286328125,0.4281582236289978,0.8784999847412109,13,13,0.713671863079071,13,0.0,0,0.0,0.0,0,0,0,0,278,625,dclamp,1.7477898597717285,0.16394576869077684,R,none,1
-1.8760536600023057,4.045656021065711,69.19612558975933,0.30482421875,-2.0580072146584865,3.7659982748037653,64.37831465923888,0.28587646484375,5.3741564414672895,8.832772177943689,-0.02418561358604173,-0.01847899672912416,0.07231193190543214,11.576184915238452,-0.20269830926321447,0.5047061794918056,-2.0956462994057463,7.734553992905188,2.039930668768867,3.62110166144325,0.30482421875,0.4062492847442627,0.8762000203132629,15,15,0.6951757669448853,15,0.0,0,0.0,0.0,0,0,0,0,279,625,dclamp,1.876189112663269,0.16419642072117524,R,none,1
-2.1854701576831634,4.175760308958327,68.51792550989526,0.30607421875,-2.0524426248735748,3.751772135765757,62.73256518835875,0.28988281250000003,5.244636471298594,8.868369205711062,-0.037211518301310795,-0.018479002525374204,0.07137761272972018,11.600912628407844,-0.2028376392483915,0.506349250015019,-2.095786223146095,7.637697688574805,2.08183024992846,3.6330054406052614,0.30607421875,0.42929649353027344,0.8702999949455261,12,12,0.6939257979393005,12,0.0,0,0.0,0.0,0,0,0,0,280,625,dclamp,1.9209297895431519,0.16345993166096162,R,none,1
-2.313012706614742,4.200376523655078,66.56947597941956,0.2905078125,-2.063198765580242,3.76066098367028,62.967492594538946,0.29274658203125,5.216094505833773,8.913951473559756,0.01252505470638646,-0.018479001710651786,0.0711700705981961,11.626414819892332,-0.20112834077095612,0.5122353970912066,-2.0940768412102777,7.622924264783039,1.9851609787315003,3.6378517958192993,0.2905078125,0.4139512777328491,0.8709999918937683,12,12,0.7094922065734863,12,0.0,0,0.0,0.0,0,0,0,0,281,625,dclamp,1.4269499778747559,0.1633384277397511,R,none,1
-2.394375465703719,4.16332527360889,71.58573133198944,0.2926953125,-2.0647347485952476,3.7771546748469906,64.01772069162428,0.29478759765625007,5.302231573191961,8.93251665773282,0.032149206793690856,-0.01847900144046362,0.07179458785177996,11.643297226724906,-0.2027219907194376,0.5155620156235433,-2.095670463481275,7.690436619137533,1.9540357545498561,3.6417330369038923,0.2926953125,0.43453460931777954,0.8729000091552734,12,12,0.7073047161102295,12,0.0,0,0.0,0.0,0,0,0,0,282,625,dclamp,1.7778472900390625,0.16457908491849008,R,none,1
-1.9695862426843846,4.104958053156678,68.7097955429538,0.31501953125,-2.0580105740330152,3.7776797620732285,63.88866353748973,0.29802978515625,5.298824308722008,8.960142928544851,0.011897147510785846,-0.018479005141017756,0.07176998653368886,11.66343035080185,-0.2058279864862561,0.5197951905799922,-2.098776838324761,7.698311154938329,1.9261001992267683,3.6447143176291523,0.31501953125,0.43792784214019775,0.8812000155448914,12,12,0.6849804520606995,12,0.0,0,0.0,0.0,0,0,0,0,283,625,dclamp,1.926793098449707,0.16490670453686954,R,none,1
-2.079346347594618,4.171131977114875,68.99725786803688,0.31828125,-2.056228245511843,3.791951712720766,64.90751232051119,0.2999169921875,5.3549536424820126,8.999544470213783,0.024399678910153186,-0.01847899758581252,0.07217417221836674,11.681880592645946,-0.2051142627441004,0.5220886406650469,-2.0980623406439127,7.742516652912825,1.9951408349853619,3.667543068504713,0.31828125,0.45278188586235046,0.8689000010490417,13,13,0.6817187666893005,13,0.0,0,0.0,0.0,0,0,0,0,284,625,dclamp,1.6381416320800781,0.1646137656853798,R,none,1
-2.2342993257714014,4.128759505188311,66.49130535618758,0.29173828125,-2.041886885297299,3.7720398538944004,63.064715233750114,0.29728271484374996,5.218497848749024,9.024388001792193,-0.014601191173532473,-0.01847900315072486,0.07118756941502807,11.708746788734858,-0.207222820231691,0.5244577846444516,-2.100171468188947,7.646766804802232,2.2096120770471916,3.672505597327616,0.29173828125,0.40406864881515503,0.870199978351593,11,11,0.7082617282867432,11,0.0,0,0.0,0.0,0,0,0,0,285,625,dclamp,1.881683111190796,0.1655398365697685,R,none,1
-2.1078797824796376,4.207181136947239,67.24960406264557,0.31017578125,-2.0273110475993428,3.7848626812834523,63.55571195332572,0.29281982421875,5.2699280190740625,9.067362499750427,-0.012105002652325699,-0.01847900383121766,0.0715610163895379,11.72653199914755,-0.2093113825726323,0.5300562357427177,-2.102260100238082,7.686429584899901,2.3575255930042864,3.6858841305626755,0.31017578125,0.4247938096523285,0.8797000050544739,10,10,0.6898242235183716,10,0.0,0,0.0,0.0,0,0,0,0,286,625,dclamp,1.6363556385040283,0.16601967409623042,R,none,1
-2.3227885702848114,4.148391769685965,69.71495058974946,0.29755859375,-2.0212740375991984,3.7954067493221877,64.52793644519768,0.30179443359374997,5.329608460723233,9.08977061307251,-0.014266680995326025,-0.018478998812038613,0.07199194385998757,11.744490822480408,-0.2101073323749006,0.5287831380983822,-2.1030555358866314,7.724933683274179,2.636472506852475,3.693501205107347,0.29755859375,0.4578748047351837,0.866599977016449,14,14,0.702441394329071,14,0.0,0,0.0,0.0,0,0,0,0,287,625,dclamp,2.296196699142456,0.1664541197533972,R,none,1
-2.0802059017111305,4.188446253749486,68.95207335044469,0.30154296875,-1.9982524273828965,3.7843752657669296,62.83058300797941,0.30591064453125,5.215437766128581,9.144625760281768,-0.03856737426183277,-0.01847899514957076,0.07116528970829405,11.771297505356701,-0.20275919568724932,0.5274468878554057,-2.095707024023787,7.637801176909647,2.7408960634359456,3.69791515315899,0.30154296875,0.41954222321510315,0.8738999962806702,8,8,0.6984570026397705,8,0.0,0,0.0,0.0,0,0,0,0,288,625,dclamp,2.1042964458465576,0.16514861967049016,R,none,1
-2.4599329008397746,4.205022653242301,74.88797983008403,0.29771484375,-2.0078561497646494,3.7739714088869483,62.18674863170946,0.30273681640625,5.129419070867234,9.142152759867551,-0.028711635638652037,-0.018479002236111076,0.07053606884452492,11.789588025608257,-0.2070295153465122,0.5314577867070829,-2.0999780696127335,7.582293003664204,2.5664059913292316,3.7036531944176314,0.29771484375,0.4114581048488617,0.8769000172615051,16,16,0.7022851705551147,16,0.0,0,0.0,0.0,0,0,0,0,289,625,dclamp,1.955154538154602,0.1668815598782575,R,none,1
-2.056310439285758,4.1074327795555075,64.0365497043677,0.3159765625,-2.003603031477165,3.7792582005828916,62.09423900581078,0.30721923828125003,5.112814124016037,9.172138515877165,-0.0021600932201640255,-0.018479002152730295,0.07041395771397814,11.808052079178747,-0.2064946551900357,0.5353045620782513,-2.0994432009149118,7.571682106286968,2.527349432762212,3.7143722764031453,0.3159765625,0.3983266055583954,0.8859999775886536,15,15,0.6840234398841858,15,0.0,0,0.0,0.0,0,0,0,0,290,625,dclamp,2.0013511180877686,0.16659534015952576,R,none,1
-2.1977673659153765,4.196015678671131,65.17678664125077,0.29884765625,-2.027092745988489,3.7888974642725812,62.74838082393037,0.30509033203125,5.134086296703832,9.20561056548902,0.016047132578343816,-0.01847900140960032,0.07057035334134618,11.8299679346298,-0.2073723908280954,0.5390455826592607,-2.100320860428363,7.594817563810099,2.384928303690865,3.7194865579793737,0.29884765625,0.46305713057518005,0.8587999939918518,7,7,0.7011523246765137,7,0.0,0,0.0,0.0,0,0,0,0,291,625,dclamp,1.9561457633972168,0.16743587720940067,R,none,1
-1.8612103221541063,4.163747944366104,71.82115362548633,0.3212890625,-2.0208282906008965,3.7903769910779013,62.28624977748345,0.30404052734375,5.09959445641272,9.25604036866457,0.011322909415471516,-0.018478998706129793,0.07031659086406836,11.85439774758814,-0.20729906460037456,0.5444738625974394,-2.100247257263037,7.570800058486508,2.4785265611800495,3.7277338833048748,0.3212890625,0.4254263639450073,0.8845999836921692,10,10,0.6787109375,10,0.0,0,0.0,0.0,0,0,0,0,292,625,dclamp,1.958693504333496,0.16679479921699464,R,none,1
-2.3013681060891313,4.1545570088169415,68.24953678742958,0.3023046875,-2.0220501395607964,3.787522412004976,61.973589792462214,0.30028076171875,5.104436780445166,9.29034655065424,-0.049457309659419295,-0.01847900074234934,0.07035227148166785,11.875309338750412,-0.2120192824571859,0.5545505282441803,-2.104967683705724,7.584162978059322,2.4968536740625646,3.7369204111898586,0.3023046875,0.40435177087783813,0.8761000037193298,13,13,0.6976953148841858,13,0.0,0,0.0,0.0,0,0,0,0,293,625,dclamp,1.5850841999053955,0.16747916921858724,R,none,1
-2.235497284368124,4.205502465904557,63.70188163491716,0.30939453125,-2.021666437992283,3.78597229011888,61.47045652149761,0.30198486328125,5.070999381826875,9.312877594701476,-0.05029079498035511,-0.018478997162769118,0.07010551532006716,11.897069903554671,-0.21425860905088484,0.5564778936155443,-2.107206643615057,7.561450763684633,2.400313724445617,3.7466710614980685,0.30939453125,0.43044745922088623,0.8805999755859375,14,14,0.6906054615974426,14,0.0,0,0.0,0.0,0,0,0,0,294,625,dclamp,1.897112488746643,0.16744783457602502,R,none,1
-2.1759428252634407,4.192887959270658,70.69435361257902,0.31166015625,-2.0245864648563012,3.7923715920268637,61.69948552067217,0.30214843750000003,5.0861794453396705,9.350845499287344,-0.05494265261464272,-0.01847900338516624,0.07021764507831924,11.91775763308284,-0.21905177409760654,0.5608380092319726,-2.112000446070524,7.576025276065139,2.275313997105375,3.7527919769655442,0.31166015625,0.39138272404670715,0.8751999735832214,10,10,0.6883398294448853,10,0.0,0,0.0,0.0,0,0,0,0,295,625,dclamp,2.255913496017456,0.16852103239145247,R,none,1
-2.3170031506339592,4.225142814359426,69.83101392676204,0.30525390625,-2.023383893757491,3.79895215179903,61.709731098761395,0.3023193359375,5.120278768552466,9.399544892581439,-0.08778620947542676,-0.01847899531611046,0.07046887995187422,11.937402144673674,-0.22101745186708285,0.5627762550413484,-2.1139652972635825,7.598346775367021,2.3433256368111097,3.762182823875303,0.30525390625,0.42232266068458557,0.8701000213623047,14,14,0.6947460770606995,14,0.0,0,0.0,0.0,0,0,0,0,296,625,dclamp,1.8921436071395874,0.16883612458378616,R,none,1
-2.244267787303093,4.248655795178165,73.51906141641996,0.31150390625,-2.031784795873884,3.826761876616802,63.302633075737155,0.3028271484375,5.24056857318802,9.452287717098205,-0.0487498299584803,-0.018478994346693783,0.07134807209660983,11.956156866117881,-0.22496339783072472,0.5684822626305656,-2.117911143922302,7.695421467738706,2.3587633537617707,3.7738456673015697,0.31150390625,0.41028985381126404,0.8755999803543091,13,13,0.6884961128234863,13,0.0,0,0.0,0.0,0,0,0,0,297,625,dclamp,1.7484405040740967,0.16970816358813928,R,none,1
-1.9821510294828053,4.133295364942653,66.47341566624476,0.30728515625,-2.03193169379251,3.8240037566231866,62.381916632237875,0.29694824218750004,5.1402264280706325,9.52718110359634,-0.044402800998726996,-0.018479006839092645,0.07061543044492952,11.979688563536447,-0.22397072959691286,0.5727347790796355,-2.116919755382494,7.627093616303334,2.4091331646305356,3.7843580311424567,0.30728515625,0.46262091398239136,0.8654999732971191,7,7,0.6927148699760437,7,0.0,0,0.0,0.0,0,0,0,0,298,625,dclamp,2.0194458961486816,0.1694369232354429,R,none,1
-2.068495687402688,4.203137224499659,73.27351453790466,0.3082421875,-2.032383734641808,3.849288622866053,64.54191558358278,0.29659912109375003,5.329250898055059,9.55770231313343,-0.06993030906245236,-0.018478998275005307,0.07198936987635123,12.003818307950242,-0.22258082889253272,0.5732446811324831,-2.115528977391746,7.76629574418448,2.435086490569462,3.793096293214987,0.3082421875,0.394450306892395,0.8780999779701233,10,10,0.6917577981948853,10,0.0,0,0.0,0.0,0,0,0,0,299,625,dclamp,1.8890935182571411,0.17014780880073288,R,none,1
-2.3829982754706323,4.258057153205753,75.56728069320583,0.28802734375,-2.03187807842508,3.870164015990685,65.92782912832351,0.29318359375,5.429311931055033,9.61644215560792,-0.06758457599380811,-0.018478996341199927,0.07270616189877967,12.02975933070368,-0.2244566948991269,0.5806622081145834,-2.117404645303549,7.849137529996869,2.348166964038707,3.7993972131970355,0.28802734375,0.44929417967796326,0.8737000226974487,11,11,0.7119726538658142,11,0.0,0,0.0,0.0,0,0,0,0,300,625,dclamp,1.656465768814087,0.17054633274814557,R,none,1
-2.101559643548056,4.182582648694868,73.26789467213953,0.29564453125,-2.0231030746528025,3.8790180833062675,66.38396503720496,0.29825683593749996,5.461202652506201,9.652956126568501,-0.06737748845767468,-0.018479006374459612,0.07293312952585251,12.050887217207606,-0.22258308613207192,0.5851660268948159,-2.1155320643216617,7.875693497279753,2.344240663567664,3.8100536876271907,0.29564453125,0.4169028401374817,0.881600022315979,12,12,0.7043554782867432,12,0.0,0,0.0,0.0,0,0,0,0,301,625,dclamp,1.760994553565979,0.1696059889303074,R,none,1
-2.5523908614233246,4.189281106774247,75.60701486117956,0.28587890625,-2.0391687045487426,3.8921862921150243,67.6444619038063,0.3009716796875,5.550193102178591,9.6651584161034,-0.06623738575389095,-0.01847900493668745,0.07356278233915539,12.066608203108112,-0.23161216165462975,0.588403756243972,-2.124560992561986,7.942967610022507,2.3002461786876793,3.8158196328955487,0.28587890625,0.4439915120601654,0.8614000082015991,14,14,0.7141211032867432,14,0.0,0,0.0,0.0,0,0,0,0,302,625,dclamp,1.886638879776001,0.17283654340271248,R,none,1
-2.531255162808388,4.26099217142918,77.73995432944608,0.30158203125,-2.0524298552637,3.912323581603842,69.4181091667861,0.29765136718750007,5.671968813024548,9.67820733778214,-0.04390034363317797,-0.018479002263513275,0.07441577486684896,12.082332658122322,-0.23544664927758277,0.5958494025841171,-2.1283952063508256,8.042197167638827,2.2918931112450673,3.822634546003911,0.30158203125,0.47169819474220276,0.8693000078201294,17,17,0.6984179615974426,17,0.0,0,0.0,0.0,0,0,0,0,303,625,dclamp,1.6756881475448608,0.17394703368342299,R,none,1
-2.289174278188383,4.186899214932742,71.78755187633448,0.30548828125,-2.0536779378254564,3.921807770327264,70.35992068007145,0.29843017578125,5.744322355560234,9.690371993121548,-0.054118161282481786,-0.018478999052169633,0.07491798502074457,12.101647132133012,-0.23841986446641386,0.6017827945646971,-2.1313680925766407,8.098148168352294,2.314309919032678,3.840582484192893,0.30548828125,0.46755528450012207,0.8712999820709229,15,15,0.6945117115974426,15,0.0,0,0.0,0.0,0,0,0,0,304,625,dclamp,1.6685158014297485,0.17487080890635945,R,none,1
-2.3051738352079703,4.303820051162622,73.34115304052658,0.29775390625,-2.0516281001010914,3.908126811370921,68.68897925777335,0.30533691406249996,5.605626537816999,9.724398815800193,-0.05657017986095411,-0.01847899362687166,0.073952294970823,12.12811248229088,-0.23641435251105578,0.6040942634513445,-2.1293620248656295,8.000072773597624,2.3180252296727573,3.852537648632835,0.29775390625,0.44823896884918213,0.8780999779701233,15,15,0.7022460699081421,15,0.0,0,0.0,0.0,0,0,0,0,305,625,dclamp,1.7461912631988525,0.17409998128216714,R,none,1
-2.137502918246672,4.211980141860244,73.68714238631115,0.3162890625,-2.0441353026399933,3.902712506325712,67.87519280625479,0.3062353515625,5.526375362823939,9.774327875646271,-0.06953833143908993,-0.018478996637986224,0.07339479127848633,12.153079823808321,-0.23540504311211408,0.604757223370089,-2.128353023918675,7.939191574180013,2.4356597465085326,3.8678716977878422,0.3162890625,0.45388898253440857,0.8769999742507935,18,18,0.6837109327316284,18,0.0,0,0.0,0.0,0,0,0,0,306,625,dclamp,1.7790707349777222,0.1741808432330625,R,none,1
-2.1314276139959287,4.217894993127978,77.26966974410765,0.31875,-2.0446113998836117,3.9189814079399947,68.99892821359771,0.30565185546875007,5.617579575814241,9.785747652890986,-0.04491195292588257,-0.01847899978491969,0.07403601433393227,12.167576647111469,-0.23615359409945086,0.6071310615302326,-2.1291018972709903,8.005403244185747,2.523951695304876,3.8679259383418776,0.31875,0.4490867555141449,0.864799976348877,17,17,0.6812499761581421,17,0.0,0,0.0,0.0,0,0,0,0,307,625,dclamp,2.0875470638275146,0.17543764787331464,R,none,1
-2.5113383938238205,4.256611494408213,76.50174457972679,0.30693359375,-2.031738943037353,3.922442458023396,69.12765247454246,0.30556884765625,5.669169110605894,9.818121424910213,-0.10173569901148842,-0.0184789964738063,0.0743962753095815,12.18862545228335,-0.23510297474451364,0.6111556597867044,-2.1280509387328426,8.050107389259367,2.3512488025366682,3.877567310943907,0.30693359375,0.41215601563453674,0.8787999749183655,21,21,0.693066418170929,21,0.0,0,0.0,0.0,0,0,0,0,308,625,dclamp,1.8961974382400513,0.17612548022350205,R,none,1
-2.252898353078042,4.2701282116199515,76.52219948607728,0.3191015625,-2.040657457121638,3.9336765104181692,70.03326950129346,0.3058984375,5.689575836435308,9.852236318916319,-0.06800126673596174,-0.018479002658097567,0.07453829747005555,12.206703392428809,-0.23697190814185887,0.6192481979246616,-2.129920505635453,8.074886751425941,2.5523427727972283,3.8825231471580537,0.3191015625,0.4478560984134674,0.8765000104904175,13,13,0.6808984279632568,13,0.0,0,0.0,0.0,0,0,0,0,309,625,dclamp,1.9347320795059204,0.17634652325022313,R,none,1
-2.483632655977115,4.291042172672716,80.36921981806138,0.2878125,-2.026202396034063,3.9372137135288328,70.33929671461037,0.30169189453125,5.714913200889718,9.865121001435297,-0.07838237632551523,-0.01847899907256232,0.0747142618828909,12.227264323057124,-0.2368439031834714,0.6278767115528455,-2.1297921333826806,8.105630484429852,2.5418179235637073,3.8877467454867474,0.2878125,0.4117386043071747,0.8765000104904175,17,17,0.7121875286102295,17,0.0,0,0.0,0.0,0,0,0,0,310,625,dclamp,2.150803565979004,0.17560514430312413,R,none,1
-2.3573597817122844,4.35004519895917,81.05008003503747,0.29615234375,-2.0041489131927337,3.9400882889829036,70.36452847476953,0.30229003906249996,5.742191883035614,9.887999147772346,-0.10589530582773543,-0.018479002911842804,0.0749032444725355,12.248231028998724,-0.23632250363938512,0.631509229126906,-2.1292711271260862,8.123601447619412,2.7227129298423485,3.899420834265104,0.29615234375,0.4430137872695923,0.8730999827384949,14,14,0.7038476467132568,14,0.0,0,0.0,0.0,0,0,0,0,311,625,dclamp,1.922266960144043,0.17533868502913064,R,none,1
-2.223839972618926,4.23916635621069,79.72935700379531,0.30095703125,-2.0087378425182916,3.948874536299644,71.0471140019743,0.29639404296875,5.76699196226869,9.926266078043703,-0.0996479368766683,-0.018478997151760955,0.07507464510842478,12.270490207966834,-0.2364627933036536,0.6367339643037092,-2.1294108267401737,8.149844863217625,2.901731865742698,3.90540441266241,0.30095703125,0.45206907391548157,0.8758000135421753,12,12,0.6990429759025574,12,0.0,0,0.0,0.0,0,0,0,0,312,625,dclamp,1.858096718788147,0.17602649988599917,R,none,1
-2.4150222569365454,4.273969339015074,74.39058586623437,0.28466796875,-1.9939969185380357,3.945782182407418,69.85051317550501,0.2990185546875,5.694964464392748,9.974845867497248,-0.10061330088615064,-0.018479003209624822,0.07457575516457401,12.296979688071138,-0.23577656396664678,0.6343168369904063,-2.128725217957486,8.088593870204374,2.885706572846579,3.9140749293930854,0.28466796875,0.4655575156211853,0.8661999702453613,13,13,0.71533203125,13,0.0,0,0.0,0.0,0,0,0,0,313,625,dclamp,1.7778377532958984,0.17665736418217337,R,none,1
-2.1952408742119194,4.32538889751395,74.36679803493185,0.308046875,-2.0253393298412816,3.944180449123632,69.01911284395788,0.29601318359375,5.656136728374775,10.028077727876044,-0.12765504100172728,-0.018479003801943828,0.07430543061536762,12.315491773208226,-0.24156152325798758,0.6385672267872164,-2.1345102379246894,8.064572895708858,2.781445110353202,3.9282243133790242,0.308046875,0.4403723478317261,0.8684999942779541,10,10,0.6919531226158142,10,0.0,0,0.0,0.0,0,0,0,0,314,625,dclamp,1.894392728805542,0.17844735323618227,R,none,1
-2.13920406664536,4.36095679948645,86.48330162058436,0.30306640625,-2.0342384337906143,3.9932177778634523,73.47436817798447,0.29322265625,5.992965572299316,10.046036675961137,-0.09321402681572628,-0.018479004402844893,0.07661873859142004,12.330897625037169,-0.2501834492012858,0.6503815134420851,-2.143132225422978,8.315625070436305,2.683281488869569,3.934343289254551,0.30306640625,0.5337251424789429,0.858299970626831,16,16,0.6969335675239563,16,0.0,0,0.0,0.0,0,0,0,0,315,625,dclamp,1.8108125925064087,0.17981558332568506,R,none,1
-1.6271852443377903,4.231239897205912,83.28383754740531,0.327421875,-2.023671100719198,4.007969522542564,74.8388064027832,0.29478759765625,6.092925193734687,10.067520926737933,-0.09662642684255307,-0.018479002255346676,0.0772919309999042,12.346271756564347,-0.2516564165963791,0.6582904605962949,-2.144604972833054,8.40014517938785,2.5508624102157276,3.9447557059271587,0.327421875,0.408003568649292,0.8708999752998352,15,15,0.6725780963897705,15,0.0,0,0.0,0.0,0,0,0,0,316,625,dclamp,1.8110865354537964,0.1793765198679345,R,none,1
-2.1038931874913853,4.354282757996415,82.07106271372959,0.3103125,-2.0378111233420033,4.021467772843673,75.63868940265796,0.2962060546875,6.12089858093723,10.09139774030475,-0.04009327322172727,-0.01847900017025291,0.07747927468009211,12.362131501978677,-0.2533323443608242,0.6600379406615684,-2.1462806870050555,8.416494069465053,2.494813177929294,3.9496551487842284,0.3103125,0.47400128841400146,0.8676999807357788,18,18,0.6896874904632568,18,0.0,0,0.0,0.0,0,0,0,0,317,625,dclamp,2.1012227535247803,0.18056688043331154,R,none,1
-1.9979960265580263,4.468485145800485,87.6186288050634,0.3067578125,-2.018952247917455,4.025141998522961,75.9659769937029,0.29817626953125004,6.139448832720684,10.132828248294329,-0.0705089727415985,-0.018478995081096777,0.07760326111293038,12.382684999230596,-0.2527367825713009,0.6643791498897519,-2.145684603893514,8.437191947695698,2.6989346780859726,3.9555193411048184,0.3067578125,0.4098559021949768,0.8799999952316284,14,14,0.6932421922683716,14,0.0,0,0.0,0.0,0,0,0,0,318,625,dclamp,1.728134036064148,0.1804401104918843,R,none,1
-1.8236166710958712,4.38784231109086,86.63155107166247,0.32818359375,-2.0044127713631665,4.026388213346388,75.74532405962965,0.30071289062499995,6.138898668310468,10.16008792011571,-0.08718454385145791,-0.018479002858404748,0.07759958495078165,12.400064578004887,-0.2467756954021752,0.662200559215046,-2.1397243134147987,8.431444718411718,2.707406780247549,3.9598935514012066,0.32818359375,0.4480541944503784,0.8686000108718872,13,13,0.6718164086341858,13,0.0,0,0.0,0.0,0,0,0,0,319,625,dclamp,1.761145830154419,0.17928690571118847,R,none,1
-2.595339857008111,4.453308787279912,91.40008851451228,0.286640625,-2.001343761294835,4.041455018338038,77.15792843488116,0.29805175781250004,6.252957753542039,10.176947862333083,-0.09654695062541847,-0.018478999368046832,0.07835765236152036,12.420252530634539,-0.2480395344272256,0.6649321359774749,-2.1409877948952216,8.507350134359143,2.594321115815787,3.9672154379365305,0.286640625,0.4858739376068115,0.8690000176429749,17,17,0.7133593559265137,17,0.0,0,0.0,0.0,0,0,0,0,320,625,dclamp,2.0482287406921387,0.1814778118127999,R,none,1
-1.9858010590349924,4.433314639440166,85.44090016244094,0.2953515625,-1.9983044935206145,4.033595411156459,75.88901956104512,0.2918505859375,6.140392982498813,10.221262385408403,-0.09176342700477658,-0.018479004424891456,0.07760956405070216,12.440111060720865,-0.2492626665858552,0.6671876896191343,-2.1422114450659495,8.438489749057851,2.479909228853867,3.9787939674279325,0.2953515625,0.4155418872833252,0.8575999736785889,10,10,0.7046484351158142,10,0.0,0,0.0,0.0,0,0,0,0,321,625,dclamp,1.765921950340271,0.18313137088578865,R,none,1
-2.3934710133485875,4.3937127430866925,82.37475438379879,0.306953125,-1.999192017215498,4.042828081069905,76.36437666590642,0.29846923828125,6.175891582133063,10.255072764404327,-0.08650545345002411,-0.01847900527269592,0.07784625783983708,12.463066201662402,-0.24926254662219435,0.6696185366635021,-2.142211411949522,8.466751651512949,2.37727915479746,3.9847526933715125,0.306953125,0.42009732127189636,0.873199999332428,15,15,0.6930468678474426,15,0.0,0,0.0,0.0,0,0,0,0,322,625,dclamp,1.5628188848495483,0.1833664260262166,R,none,1
-2.116954533177635,4.291394359909911,79.6202392694155,0.30771484375,-1.9943218605983046,4.057153590822045,77.52078259947675,0.29563720703125,6.266017084852977,10.277331190813165,-0.0828530161459296,-0.018478998927188156,0.07844398079951558,12.47996558867952,-0.25060296985786407,0.6757539384769564,-2.143551185165262,8.535755112606807,2.484891299369171,3.9900007093830165,0.30771484375,0.40553346276283264,0.8773999810218811,13,13,0.6922851800918579,13,0.0,0,0.0,0.0,0,0,0,0,323,625,dclamp,1.610568642616272,0.18448847602094734,R,none,1
-2.078432045017837,4.350619839992203,81.86007352791167,0.31349609375,-1.9981912709455196,4.046009920091092,76.29921241792248,0.29609863281250004,6.167329130856703,10.292278919315144,-0.08941177669632489,-0.018479008166167783,0.07778923120909233,12.502490004667141,-0.25170186554081736,0.6775550478388301,-2.1446510272690715,8.466632236827477,2.5581692585674807,3.9920618687747096,0.31349609375,0.45146501064300537,0.8723000288009644,14,14,0.6865038871765137,14,0.0,0,0.0,0.0,0,0,0,0,324,625,dclamp,2.004821300506592,0.18428509686839142,R,none,1
-2.1350201194337397,4.4279884899776745,83.32402509093636,0.31251953125,-1.9959119124458164,4.051974659186112,75.82033416089267,0.2952978515625,6.133041598495526,10.338151670132365,-0.052694629941486555,-0.018478995878620633,0.07756045898639252,12.52214133966108,-0.24796466875006445,0.6781365731202796,-2.1409125717688764,8.440098600815405,2.4518145299498357,3.9952882376724927,0.31251953125,0.4062451422214508,0.8834999799728394,13,13,0.6874804496765137,13,0.0,0,0.0,0.0,0,0,0,0,325,625,dclamp,1.7826381921768188,0.18333392533328013,R,none,1
-2.2266193720179093,4.480034535565511,82.79057086211127,0.29494140625,-2.011063348113231,4.042885791015434,74.59999559788173,0.29043212890625003,6.061465005799473,10.351746213232422,-0.06828569983741467,-0.018479006391319563,0.0770806910432584,12.54435315285962,-0.24925719329854473,0.6778648919807758,-2.1422061732152313,8.385059052413027,2.4471364287346287,4.0002634834106,0.29494140625,0.4949933886528015,0.866100013256073,15,15,0.7050585746765137,15,0.0,0,0.0,0.0,0,0,0,0,326,625,dclamp,1.8895751237869263,0.18418835082246207,R,none,1
-2.5570495367525736,4.346105891480756,76.20273269179484,0.2612890625,-2.0301562177212937,4.045875650346621,74.08116844547206,0.29159912109374997,6.042709634613423,10.396367446722623,-0.06996730326835739,-0.018479005419803192,0.07695448273052441,12.56279162181238,-0.2554233475308865,0.6763237487188536,-2.1483722279275623,8.367932969686564,2.3360732526844274,4.014443852853401,0.2612890625,0.471975177526474,0.8654000163078308,11,11,0.7387109398841858,11,0.0,0,0.0,0.0,0,0,0,0,327,625,dclamp,2.128237009048462,0.18706089186588687,R,none,1
-1.958994026163768,4.502814529881899,81.82062010946049,0.30890625,-2.0226693611973703,4.029759656906525,71.96680101541881,0.2877978515625,5.868663756605176,10.441146640919955,-0.07084750509373863,-0.01847899829201999,0.07577326991873974,12.585377304992816,-0.2534840875770897,0.6805086936180064,-2.1464322378192504,8.251543082222375,2.4370668767614445,4.016426478841862,0.30890625,0.44593676924705505,0.8691999912261963,9,9,0.6910937428474426,9,0.0,0,0.0,0.0,0,0,0,0,328,625,dclamp,2.2253947257995605,0.18592776230779667,R,none,1
-2.024884867700336,4.39525039950183,88.00142541552948,0.30939453125,-2.036892458525198,4.051002122472261,73.9791653109224,0.2879931640625,6.0172484759396845,10.452437307953346,-0.05906758761826447,-0.018478997764439262,0.0767828195108663,12.601999446792457,-0.25509059652686117,0.6844576985291448,-2.148038692724806,8.361358709815866,2.650011952848927,4.027068327715024,0.30939453125,0.4100888669490814,0.8748999834060669,11,11,0.6906054615974426,11,0.0,0,0.0,0.0,0,0,0,0,329,625,dclamp,1.551681637763977,0.1865564531993274,R,none,1
-2.282126328219669,4.45932999481273,88.0485466560107,0.29072265625,-2.0498897333041692,4.075401321620915,76.52584103762439,0.28821044921875005,6.22377228193689,10.456563615180489,-0.07143996484788459,-0.01847899911909131,0.07816437806001468,12.613374109897041,-0.2556769746216014,0.6900777949705837,-2.148625209587138,8.512507461216057,2.5076067753994282,4.04075670993497,0.29072265625,0.46050095558166504,0.8700000047683716,14,14,0.709277331829071,14,0.0,0,0.0,0.0,0,0,0,0,330,625,dclamp,2.0248899459838867,0.18698546728563356,R,none,1
-2.094628883111454,4.431926768023749,81.65837276119373,0.30646484375,-2.050843687180944,4.078452900846223,76.6764685292479,0.28739990234375,6.280712575574155,10.473537013922924,-0.12047152507611004,-0.0184789996151568,0.07854101129175213,12.630435088467136,-0.25754554018378256,0.6919396662159387,-2.150493825965182,8.545050873042687,2.4519814113590934,4.046327143764854,0.30646484375,0.43524956703186035,0.8794999718666077,13,13,0.6935351490974426,13,0.0,0,0.0,0.0,0,0,0,0,331,625,dclamp,2.3385138511657715,0.18818773472468706,R,none,1
-2.284429929391594,4.441769717970032,84.78572761331466,0.2982421875,-2.051224121370804,4.093695303163054,78.15968075127324,0.28707519531250003,6.370896277785222,10.495890617625482,-0.10844566027145515,-0.018478996652720757,0.07913386708219715,12.64819671242784,-0.25515801381319764,0.6952032603773577,-2.148105996129132,8.611421737852043,2.321562727359634,4.05082081918435,0.2982421875,0.4737533926963806,0.8629999756813049,17,17,0.7017577886581421,17,0.0,0,0.0,0.0,0,0,0,0,332,625,dclamp,1.8888133764266968,0.18723542424555797,R,none,1
-2.744323406836872,4.529928924767918,86.27331073751111,0.2868359375,-2.036177477118808,4.102093278592908,78.72255364745,0.29151123046875005,6.447915404633665,10.530234386291326,-0.15098052464787837,-0.018479005006215535,0.07963668409186861,12.66458487755007,-0.2595186075739912,0.6946160141487729,-2.152467445603652,8.660499791776244,2.3327982439505046,4.055234323575507,0.2868359375,0.432827889919281,0.8622999787330627,14,14,0.7131640911102295,14,0.0,0,0.0,0.0,0,0,0,0,333,625,dclamp,1.8631196022033691,0.18921677505636686,R,none,1
-2.1102671800313306,4.540294106063004,89.24324176769686,0.3052734375,-2.035108980848949,4.09213136651753,77.13294492181807,0.28983398437499996,6.298471593006943,10.579956345523128,-0.13288881769344432,-0.01847899360178172,0.07865811133652677,12.685475355109789,-0.2573294750973582,0.6939925670679417,-2.1502771448817737,8.559535525442195,2.3564489026249795,4.060124897017797,0.3052734375,0.436413437128067,0.8700000047683716,11,11,0.6947265863418579,11,0.0,0,0.0,0.0,0,0,0,0,334,625,dclamp,1.8267865180969238,0.18908087099284981,R,none,1
-2.6239727065111076,4.53199024337603,86.2290773367105,0.28470703125,-2.054156431717941,4.111231556917157,79.0133074095199,0.2851220703125,6.429679921001542,10.617022091747588,-0.14447709815766221,-0.018479006903523915,0.07951792067315072,12.697942148567565,-0.26222910013981166,0.7065757779812508,-2.155178132525591,8.672865074167696,2.33599419473318,4.062484207701566,0.28470703125,0.4357627332210541,0.8614000082015991,13,13,0.7152929902076721,13,0.0,0,0.0,0.0,0,0,0,0,335,625,dclamp,1.961771845817566,0.19057135161805625,R,none,1
-2.6297137820909846,4.5424302662524925,91.1776028908361,0.29099609375,-2.0476419136920665,4.1306380965504506,80.81527625198785,0.28707519531250003,6.587056572547377,10.646395007012675,-0.17128049488612146,-0.01847900062070143,0.08053710935874067,12.71285844480105,-0.2624169462872669,0.7082682699467211,-2.1553653350744595,8.77723048893618,2.351260171001668,4.061256601269751,0.29099609375,0.4434289336204529,0.8539999723434448,16,16,0.7090039253234863,16,0.0,0,0.0,0.0,0,0,0,0,336,625,dclamp,1.967543363571167,0.19161086472882005,R,none,1
-2.474779587783793,4.4612789138413715,87.5073014905218,0.2805078125,-2.0669044253486373,4.130124910971888,79.9679433246543,0.289560546875,6.488674800159439,10.684516642051682,-0.1152596619805816,-0.018479002203378222,0.0799015018788475,12.733467412709938,-0.2648016213765368,0.7039278494977596,-2.157750172289676,8.705544025217021,2.365452864445336,4.062089338344335,0.2805078125,0.41662660241127014,0.8651000261306763,11,11,0.7194921970367432,11,0.0,0,0.0,0.0,0,0,0,0,337,625,dclamp,1.7632867097854614,0.19412082126824315,R,none,1
-2.371905943923814,4.441913020614933,91.65630987580037,0.3122265625,-2.0649145207349497,4.14406679048168,80.89222799746345,0.29075439453124996,6.571472176213911,10.722123780027395,-0.12030639226817842,-0.018478997267372704,0.08043676007640456,12.750045401691468,-0.26346929781138895,0.7066505096745603,-2.156417343090924,8.758025638984101,2.38917997469375,4.064381693806552,0.3122265625,0.5047286748886108,0.8661999702453613,16,16,0.6877734661102295,16,0.0,0,0.0,0.0,0,0,0,0,338,625,dclamp,1.997032880783081,0.1936191890033768,R,none,1
-2.1076279675767924,4.406682478772631,91.40888910730368,0.30642578125,-2.0428217832107634,4.152704323917412,81.92734569080838,0.288525390625,6.6482935344479595,10.751155942142175,-0.1544962747077708,-0.018479004122239937,0.08093021665056462,12.765547713541046,-0.26778815816789575,0.7114164584467898,-2.16073690564503,8.818810597887701,2.3321720190892385,4.0667082375856545,0.30642578125,0.481472909450531,0.8690999746322632,13,13,0.6935741901397705,13,0.0,0,0.0,0.0,0,0,0,0,339,625,dclamp,1.8511430025100708,0.19580529985529924,R,none,1
-2.2575111606528475,4.559767599609848,89.98949718920214,0.31306640625,-2.0419260069374,4.159649201914356,81.64084265444947,0.289912109375,6.614604653927299,10.80751352685891,-0.11943669779947415,-0.018479000903654227,0.08071418995576692,12.787600522144153,-0.26585318354424087,0.7100519705317747,-2.158801601316498,8.791779008585046,2.3321467182036173,4.0726399636128185,0.31306640625,0.5000371336936951,0.8575000166893005,14,14,0.6869335770606995,14,0.0,0,0.0,0.0,0,0,0,0,340,625,dclamp,1.9720911979675293,0.19580958608499918,R,none,1
-2.4265230263641486,4.585178614573636,93.77543461778345,0.29447265625,-2.0359986998787263,4.160439799613612,81.28295822222482,0.28904052734374996,6.587860066363495,10.843023461206958,-0.12162420136150427,-0.01847900100474817,0.08054227968757945,12.809473177931533,-0.2698501122742891,0.7161098259532952,-2.1627985404023886,8.784647451444307,2.2752857068480097,4.076786021226115,0.29447265625,0.48697707056999207,0.864300012588501,15,15,0.7055273652076721,15,0.0,0,0.0,0.0,0,0,0,0,341,625,dclamp,1.9653584957122803,0.19649389307893522,R,none,1
-1.8509994073019522,4.491360456931934,86.95781963063739,0.30962890625,-2.017062919719603,4.148017458317802,79.6660582637904,0.28486328125,6.4851403943512125,10.84638367137075,-0.12547523121268944,-0.01847900459478721,0.07987857276494631,12.830006219600739,-0.26625708606559784,0.7158741563711961,-2.159205881949441,8.715855908962377,2.4189476813590893,4.081471554648678,0.30962890625,0.43042662739753723,0.8715999722480774,14,14,0.6903710961341858,14,0.0,0,0.0,0.0,0,0,0,0,342,625,dclamp,1.7742912769317627,0.19584102795600233,R,none,1
-2.2699536042043147,4.511922382789724,95.40653590351845,0.2945703125,-1.9968916244047767,4.161628410787378,80.49890340840972,0.28786376953125,6.561176513243795,10.887015029668119,-0.12904051343924314,-0.018478995429434143,0.08037039659174218,12.85271259763975,-0.2587651794170961,0.7157737090751938,-2.151713036422226,8.76625062838826,2.337712561393742,4.091734684794134,0.2945703125,0.4245036840438843,0.8695999979972839,12,12,0.7054296731948853,12,0.0,0,0.0,0.0,0,0,0,0,343,625,dclamp,1.8304511308670044,0.19455764038624934,R,none,1
-2.084955969450223,4.496033469058965,97.64969953147502,0.31505859375,-2.004452987264703,4.183063584542426,82.3807513307014,0.2955322265625,6.682371137135128,10.902017807360094,-0.08636799217029661,-0.0184790061861109,0.08114815117984306,12.86625004624655,-0.25759584770654326,0.721588298286778,-2.1505448066021033,8.852539055914196,2.388505386224269,4.0926854371493375,0.31505859375,0.4806208610534668,0.8629000186920166,15,15,0.6849414110183716,15,0.0,0,0.0,0.0,0,0,0,0,344,625,dclamp,1.8584579229354858,0.19402246181713775,R,none,1
-2.043923941431742,4.511109440779156,83.42967275552766,0.33224609375,-2.0049390040504154,4.175282015278095,80.84543435041225,0.3006591796875,6.584291765677958,10.971095326198743,-0.12240718477199186,-0.018479005732940597,0.08051931434277439,12.883304254440624,-0.2565257992036641,0.7250254146344495,-2.14947471167745,8.793166652228306,2.3948596591145614,4.104283403146365,0.33224609375,0.38478195667266846,0.8758999705314636,13,13,0.6677539348602295,13,0.0,0,0.0,0.0,0,0,0,0,345,625,dclamp,1.7927076816558838,0.19282094955339746,R,none,1
-2.403957147311879,4.630968398143928,101.47860559851122,0.32232421875,-1.9965354764266727,4.20034413699103,82.98392793468693,0.30415283203125,6.747076983784098,11.019144861111014,-0.12333097574018717,-0.018478997262235855,0.08156036105118375,12.901716459981232,-0.2540528913028538,0.7287221119720597,-2.1470009360561813,8.909653115807357,2.394860781068842,4.110704266193957,0.32232421875,0.3949744403362274,0.8801000118255615,18,18,0.6776757836341858,18,0.0,0,0.0,0.0,0,0,0,0,346,625,dclamp,1.8559304475784302,0.19354960369470714,R,none,1
-2.107499140383539,4.5627029727166635,95.42363868127718,0.31333984375,-2.0178802502813755,4.194388817715416,82.73580197962863,0.2971484375,6.689540104377784,11.025964705129345,-0.1226072553310048,-0.018479005218569655,0.0811939243080619,12.922758169701224,-0.25243199945427475,0.7312481613520263,-2.1453808592370276,8.883235316535895,2.4132530492070137,4.112532801446052,0.31333984375,0.44152987003326416,0.8758999705314636,11,11,0.6866601705551147,11,0.0,0,0.0,0.0,0,0,0,0,347,625,dclamp,2.0755484104156494,0.1933540311991276,R,none,1
-2.604479899978419,4.696244481799598,94.69865689398142,0.29705078125,-2.0182663887792547,4.210664319244513,83.96117477125168,0.29787597656250003,6.795950981890096,11.067521834615176,-0.13377880714641793,-0.018478994169144496,0.08187033715387697,12.93956043938946,-0.25502339041791855,0.731547714311765,-2.1479711183217356,8.952958282722685,2.4048926179535535,4.117781561178409,0.29705078125,0.4876520335674286,0.864300012588501,14,14,0.7029492259025574,14,0.0,0,0.0,0.0,0,0,0,0,348,625,dclamp,2.131135940551758,0.19579111265985247,R,none,1
-2.132220599866894,4.4715288714970205,87.50274140068464,0.30939453125,-2.000598505788632,4.205120583838572,82.91870649661868,0.2961083984375,6.69942579325373,11.091302399943224,-0.1076890685741107,-0.018479002822699146,0.08125700137675627,12.965199442205211,-0.2530786614259705,0.7276132854797673,-2.14602727578099,8.882669100358324,2.40302078436023,4.12926841359199,0.30939453125,0.40448302030563354,0.8865000009536743,17,17,0.6906054615974426,17,0.0,0,0.0,0.0,0,0,0,0,349,625,dclamp,1.5879327058792114,0.19625727089899758,R,none,1
-2.25886682333636,4.637717756435094,95.43418642773942,0.303515625,-1.9936086486260027,4.2048684698669785,82.63913817396295,0.2955126953125,6.662020366326052,11.106166686537938,-0.08726820398253203,-0.01847900307833246,0.08101807400584804,12.983359992073694,-0.25728755542077125,0.7307267551557796,-2.1502361959623078,8.863351105361751,2.3964097184208395,4.135347820001206,0.303515625,0.400677889585495,0.8794999718666077,16,16,0.696484386920929,16,0.0,0,0.0,0.0,0,0,0,0,350,625,dclamp,2.0583465099334717,0.1983314511020231,R,none,1
-2.3719020282546506,4.551805467944721,94.02542510525122,0.3001953125,-2.0088379731258184,4.219255513930751,83.37853772342324,0.29608642578125,6.72377188207558,11.136633291182688,-0.05828808142322621,-0.018479001508389537,0.08141213569350743,12.998165361201202,-0.2587966329045594,0.7306497689571124,-2.1517451126245786,8.901897690341022,2.452704932420777,4.144175799972882,0.3001953125,0.46511396765708923,0.8569999933242798,16,16,0.6998046636581421,16,0.0,0,0.0,0.0,0,0,0,0,351,625,dclamp,1.9529340267181396,0.19930944614717577,R,none,1
-2.2563601170577017,4.528925988304399,94.9984454174907,0.3049609375,-2.037625847007203,4.242663386752138,85.38341678648263,0.2932568359375,6.881899112613002,11.1773645876559,-0.05907108698178048,-0.01847899506142293,0.0824126211182703,13.009588771347339,-0.26436416781973093,0.7367364444445718,-2.1573119871265978,9.005103038199438,2.467927355650655,4.144381076608503,0.3049609375,0.45033636689186096,0.8601999878883362,18,18,0.6950390338897705,18,0.0,0,0.0,0.0,0,0,0,0,352,625,dclamp,2.1225807666778564,0.200830817886489,R,none,1
-2.3786980886508027,4.650073127309911,90.57030988704942,0.30232421875,-2.045873127873139,4.239961898930527,85.17600516283439,0.28955322265625,6.873492478532219,11.19185107262178,-0.0880666467714355,-0.018478997888547982,0.08235973691123166,13.028485870861871,-0.2666306587331928,0.73801097790662,-2.1595787676445637,8.992535738168426,2.5026408863084235,4.1443823257833365,0.30232421875,0.5142583847045898,0.8503000140190125,9,9,0.6976757645606995,9,0.0,0,0.0,0.0,0,0,0,0,353,625,dclamp,2.279942750930786,0.2020262474327681,R,none,1
-2.126947488473212,4.632652354975459,98.7310847440175,0.30224609375,-2.041595257802042,4.252166515996731,86.3800001748875,0.292001953125,6.9421769647354905,11.230264447496104,-0.0915213324678257,-0.01847900512168603,0.08279081900667794,13.046917095524432,-0.26731499548099236,0.7392228015196425,-2.1602638453391974,9.036470026949102,2.4161066569569085,4.1546723623699044,0.30224609375,0.45084312558174133,0.8661999702453613,15,15,0.69775390625,15,0.0,0,0.0,0.0,0,0,0,0,354,625,dclamp,1.8302944898605347,0.20270685802148025,R,none,1
-2.4249032494594966,4.629517460475457,96.23521358490332,0.31029296875,-2.0462734890898866,4.258331540688065,86.56592931431538,0.296748046875,6.958383045316838,11.268501434611704,-0.09349696950975792,-0.0184790039459147,0.08289220643401599,13.069662917409525,-0.2663406023476273,0.7375785577854881,-2.1592893317623902,9.040325175561238,2.36406405118297,4.1623952312544725,0.31029296875,0.4404085874557495,0.8779000043869019,11,11,0.6897070407867432,11,0.0,0,0.0,0.0,0,0,0,0,355,625,dclamp,1.9076796770095825,0.20230208409179412,R,none,1
-1.64485544483811,4.593581807908943,93.44005610762997,0.339140625,-2.0444892756787016,4.2530486956728435,85.64390180587253,0.299296875,6.880115722561695,11.302842613794123,-0.09453512859134489,-0.01847900152379742,0.08240140374208144,13.088721180443226,-0.2612042098119855,0.7385869984446809,-2.154152691110354,8.984944631871507,2.3676436300512496,4.170110624596272,0.339140625,0.46661320328712463,0.8715000152587891,14,14,0.6608593463897705,14,0.0,0,0.0,0.0,0,0,0,0,356,625,dclamp,1.7318722009658813,0.20063873731799714,R,none,1
-2.5256420443728356,4.5900893024960965,99.71868379367723,0.2907421875,-2.047569245150171,4.273514358892818,87.9079370811784,0.293359375,7.0645013253651845,11.318076722646724,-0.11965307234881355,-0.018479002099833802,0.08355305513069551,13.107128720311803,-0.2647658215230331,0.7454562109306042,-2.157714361829309,9.115964851670299,2.352349030028691,4.177177100696165,0.2907421875,0.4460681676864624,0.8680999875068665,16,16,0.7092578411102295,16,0.0,0,0.0,0.0,0,0,0,0,357,625,dclamp,1.9415431022644043,0.202536709513144,R,none,1
-1.872833201952322,4.662539262851772,99.59790849781308,0.3173046875,-2.0493570183912357,4.285916213530009,88.62633378991578,0.29224609374999994,7.152309543829185,11.357350933659008,-0.1405826880887868,-0.0184790028129315,0.08409595165008475,13.123534576968861,-0.2653421153477393,0.7495391235082672,-2.1582907287021826,9.17347957301077,2.352317183543706,4.1856955795318775,0.3173046875,0.44376617670059204,0.870199978351593,12,12,0.6826953291893005,12,0.0,0,0.0,0.0,0,0,0,0,358,625,dclamp,1.9533072710037231,0.20277473326067585,R,none,1
-2.0448200478786704,4.605214910535071,98.56374740611753,0.3144921875,-2.025813927592795,4.298145577299247,89.49856665080017,0.29390380859375,7.252213934547781,11.397487913312238,-0.17564644420293934,-0.018479000406564784,0.08470940525945742,13.146307404318375,-0.26212697303853927,0.7544779244018708,-2.1550753398900415,9.242854907834985,2.4580106293114836,4.190586383463594,0.3144921875,0.46105843782424927,0.8712999820709229,11,11,0.6855078339576721,11,0.0,0,0.0,0.0,0,0,0,0,359,625,dclamp,1.8120886087417603,0.20062310884405388,R,none,1
-2.4001669382434723,4.690418827170311,98.9260121371232,0.29720703125,-2.006246276412711,4.290224295261499,88.2064460522746,0.2961767578125,7.139226412389818,11.41825866108348,-0.15146056982127576,-0.018478995664541923,0.08401528583977953,13.165825047845537,-0.2615209010988474,0.752628424494851,-2.154468782187904,9.17082581678789,2.476250771557037,4.195821503985834,0.29720703125,0.4103713631629944,0.8715999722480774,16,16,0.7027929425239563,16,0.0,0,0.0,0.0,0,0,0,0,360,625,dclamp,1.9179399013519287,0.2014454178864164,R,none,1
-2.427652544036192,4.651333883158725,90.75079152331661,0.3052734375,-2.0019033140407014,4.277237721064294,87.04186130306067,0.30227294921875003,7.049330085585152,11.420319101743043,-0.17488666483292456,-0.018478994763112634,0.0834588989077318,13.186233936159589,-0.2623943279922241,0.7547581009677404,-2.1553421167408366,9.116365764726115,2.4090669827266806,4.202670488101509,0.3052734375,0.49381375312805176,0.8597000241279602,16,16,0.6947265863418579,16,0.0,0,0.0,0.0,0,0,0,0,361,625,dclamp,1.9877763986587524,0.20159864410459444,R,none,1
-1.591675205002538,4.630779706405898,97.6878530745499,0.3416796875,-1.99533253693831,4.277492153284687,86.82715117750222,0.2985888671875,7.020929241660358,11.449685462466674,-0.17367558271496564,-0.018479007532064967,0.08328234465907454,13.20833586486376,-0.25869786240451503,0.7603529389658984,-2.1516469591766643,9.104604550545396,2.362594395330354,4.206541286656215,0.3416796875,0.42454057931900024,0.8761000037193298,12,12,0.6583203077316284,12,0.0,0,0.0,0.0,0,0,0,0,362,625,dclamp,1.7671529054641724,0.20065874792252836,R,none,1
-2.5786931304554175,4.641371628847829,98.93427698157979,0.29173828125,-2.0142347736849704,4.29100638856836,87.86077736858009,0.3025537109375,7.100829692117125,11.487095187908066,-0.17518905329071507,-0.01847899879442234,0.08377809190614187,13.225697749700053,-0.25892074369825424,0.7615711744705869,-2.1518689454054125,9.15204584221027,2.3039976204201924,4.211358354967041,0.29173828125,0.44671332836151123,0.8633000254631042,16,16,0.7082617282867432,16,0.0,0,0.0,0.0,0,0,0,0,363,625,dclamp,2.2155086994171143,0.20123958959951996,R,none,1
-2.374521409095019,4.630221478440374,95.5659563207037,0.30353515625,-2.01818106717633,4.298694812016917,88.58375293907123,0.30477050781250004,7.163094953818042,11.494640636484146,-0.17895850344102918,-0.018479005763647957,0.08416239305578051,13.23960935575852,-0.2604738419502974,0.7616011791998146,-2.1534227575696776,9.188415043573473,2.322703691710033,4.208068790344267,0.30353515625,0.46615177392959595,0.8565999865531921,19,19,0.6964648365974426,19,0.0,0,0.0,0.0,0,0,0,0,364,625,dclamp,2.254577159881592,0.2024225684741122,R,none,1
-2.1754914797919107,4.668168316389099,97.28054351658591,0.31041015625,-2.019398437888809,4.305727056187665,88.16633458309887,0.30322998046875005,7.1171334331819684,11.548446872512153,-0.12629482330762765,-0.018478997486405874,0.08387888943177438,13.263285448617701,-0.2608435531053692,0.7630421083111835,-2.1537916208221826,9.157955716623023,2.3214262511433432,4.210021625605054,0.31041015625,0.44630059599876404,0.8726999759674072,14,14,0.6895898580551147,14,0.0,0,0.0,0.0,0,0,0,0,365,625,dclamp,1.7935048341751099,0.20295696735520818,R,none,1
-2.148288737338979,4.659164781216505,93.35484419853968,0.314140625,-2.0346616183930246,4.301122604792016,87.62631020886019,0.304638671875,7.0691539444903135,11.568855336888232,-0.1383536199256917,-0.01847900505575707,0.08358190895301942,13.280386466619175,-0.25650968320667744,0.7621640093967808,-2.1494585263112644,9.127641633813223,2.3110087093179823,4.2136300290048805,0.314140625,0.4410269558429718,0.8727999925613403,13,13,0.6858593821525574,13,0.0,0,0.0,0.0,0,0,0,0,366,625,dclamp,2.0389063358306885,0.20287287143663346,R,none,1
-2.2148417259326583,4.708333331396127,91.05902947252116,0.31416015625,-2.0353846140883487,4.314919789974956,88.80602664090013,0.30899169921874997,7.174234296081282,11.613654039892904,-0.16935554205666367,-0.01847900248005259,0.0842309611639157,13.300194129057259,-0.2565160117438063,0.7673859510897854,-2.1494645909988623,9.196126505331131,2.3254001180852644,4.222340603455285,0.31416015625,0.47319450974464417,0.8639000058174133,9,9,0.685839831829071,9,0.0,0,0.0,0.0,0,0,0,0,367,625,dclamp,1.9115345478057861,0.203233965673111,R,none,1
-2.0886759554789696,4.698593121968529,100.50368931380552,0.31474609375,-2.037826762579532,4.320201716539032,88.39332016873354,0.30234374999999997,7.150110575492631,11.662155958553507,-0.14812366245934883,-0.018479003881239037,0.08408239852604477,13.320835367167465,-0.2570286559947999,0.7648308124571132,-2.1499773787843295,9.178793778280657,2.4517449173569146,4.224938261255406,0.31474609375,0.45257753133773804,0.8702999949455261,15,15,0.685253918170929,15,0.0,0,0.0,0.0,0,0,0,0,368,625,dclamp,2.382291078567505,0.2044944573367255,R,none,1
-2.2141816847612814,4.699163301759856,95.64684969517606,0.309921875,-2.0386043036882553,4.328061644761391,88.45631340022439,0.3041748046875,7.159153421161165,11.720334190491506,-0.14737001079799922,-0.01847900285065306,0.08413811850225145,13.336272143545557,-0.2566473645158112,0.7675743155640833,-2.1495959817343686,9.188130014233145,2.3308733849149066,4.233764960195557,0.309921875,0.4557686150074005,0.8730999827384949,10,10,0.6900781393051147,10,0.0,0,0.0,0.0,0,0,0,0,369,625,dclamp,2.1231911182403564,0.2050439435795132,R,none,1
-1.9762455378139825,4.788411555918195,100.40943262248307,0.32205078125,-2.0225755089349793,4.343841474090825,89.26337274856898,0.30709228515625003,7.2400941835397585,11.783916948588384,-0.15505238009659708,-0.018479007940110412,0.08463522046352472,13.355072966970372,-0.2559140761196613,0.7678260689654405,-2.1488632146910938,9.23630688204204,2.3048997404213614,4.238341961764242,0.32205078125,0.41603872179985046,0.8737000226974487,14,14,0.6779491901397705,14,0.0,0,0.0,0.0,0,0,0,0,370,625,dclamp,1.8469188213348389,0.20606327809948927,R,none,1
-2.1079233894869787,4.690297561494134,90.38261103852231,0.32037109375,-2.028979569439885,4.349427654132127,89.20906977164454,0.3069775390625,7.227299896951815,11.831330224270936,-0.1411092026934623,-0.018478995086046956,0.0845568407742164,13.376703441058117,-0.2562953744921833,0.7682105431749268,-2.149243196321482,9.228009805721843,2.285641161570874,4.242227593523355,0.32037109375,0.46728387475013733,0.8677999973297119,8,8,0.6796289086341858,8,0.0,0,0.0,0.0,0,0,0,0,371,625,dclamp,2.2285287380218506,0.20637057577241188,R,none,1
-2.3301487747376024,4.7796401623008595,98.7646958460625,0.30041015625,-2.029806786017374,4.378170816258912,91.7775530542864,0.30389404296875006,7.413653622330279,11.901127930843463,-0.14640185683252188,-0.01847900256004506,0.08569142765276828,13.399149073772088,-0.25560460151173175,0.7726546868109221,-2.1485531889610416,9.35437782136482,2.2845333669661256,4.24585228735078,0.30041015625,0.4288826584815979,0.8780999779701233,16,16,0.6995898485183716,16,0.0,0,0.0,0.0,0,0,0,0,372,625,dclamp,2.032411575317383,0.2074105218238158,R,none,1
-2.1251153750153637,4.828606714624612,103.95905224067779,0.316484375,-2.025953868599574,4.395660561270072,92.59772436651937,0.3010302734375,7.47319031018329,11.95886037472091,-0.11021891499907645,-0.01847900849422879,0.08605075407503684,13.416615123829889,-0.25493046873481945,0.7729177072142536,-2.1478796640689257,9.39057919010227,2.2662959834778604,4.257378066139996,0.316484375,0.4449869990348816,0.8657000064849854,14,14,0.6835156083106995,14,0.0,0,0.0,0.0,0,0,0,0,373,625,dclamp,1.7103723287582397,0.20818818147233842,R,none,1
-2.3032885808887,4.811401986806086,101.20181601728994,0.3165625,-2.0365861396621234,4.408749215792377,93.93066493706479,0.3006005859375,7.569111767701204,11.960471268827591,-0.0925133887788975,-0.01847899592516908,0.08662654597466495,13.435885053690559,-0.25705609523691236,0.7759388349415346,-2.1500040030240446,9.454711458912218,2.336526822142783,4.260220562534665,0.3165625,0.4418422281742096,0.871999979019165,15,15,0.6834375262260437,15,0.0,0,0.0,0.0,0,0,0,0,374,625,dclamp,2.047062397003174,0.20941988666827988,R,none,1
-2.2143219212933793,4.784407821247632,103.33536343284823,0.31779296875,-2.050818684253939,4.41492688429555,93.3066727118009,0.29960205078125,7.529765171834016,12.06251799682143,-0.10070377497982903,-0.018479001856988628,0.08639082251916921,13.456395699726258,-0.2551198929361999,0.778270079196982,-2.1480684083659467,9.430330484598457,2.48413752703587,4.26422278366686,0.31779296875,0.3970387578010559,0.882099986076355,20,20,0.6822070479393005,20,0.0,0,0.0,0.0,0,0,0,0,375,625,dclamp,2.0822410583496094,0.20885440086179397,R,none,1
-2.329716113778441,4.818764789017815,100.58306269372342,0.31490234375,-2.0506788951500114,4.425191554278337,94.29311701680933,0.30415039062500004,7.592425621992073,12.08674911139508,-0.09685444133082964,-0.018478998323246308,0.08676591468371875,13.476534258939887,-0.252741182257887,0.7762017704034367,-2.1456893356988034,9.463200754846165,2.3597569949798882,4.26836052485781,0.31490234375,0.4531900882720947,0.864300012588501,19,19,0.6850976347923279,19,0.0,0,0.0,0.0,0,0,0,0,376,625,dclamp,1.856015920639038,0.20879419789028436,R,none,1
-2.3731715106669977,4.765835786001062,103.29102366967035,0.31109375,-2.0621910129789907,4.4082572776956965,91.99632678428736,0.29964355468750004,7.420102520700456,12.127150908528062,-0.11452120287145444,-0.018479002901319576,0.08573042198958243,13.500458331836668,-0.251875263126567,0.7760402543871012,-2.144823885535292,9.36028185979133,2.404781837678058,4.279068342917893,0.31109375,0.4938741624355316,0.868399977684021,11,11,0.6889062523841858,11,0.0,0,0.0,0.0,0,0,0,0,377,625,dclamp,2.0764577388763428,0.209259796364999,R,none,1
-2.183243840312868,4.886349627170472,100.8495616546874,0.3208984375,-2.0663313365992195,4.440700571627421,95.47455882918943,0.2996435546874999,7.675173031975328,12.18283436118732,-0.13818582631055562,-0.018479005574370627,0.08725877651054902,13.516891559653542,-0.2532661032769829,0.7809028276613171,-2.1462149995072077,9.521573472183789,2.4899283653062785,4.290686500037851,0.3208984375,0.4555628299713135,0.8737999796867371,7,7,0.6791015863418579,7,0.0,0,0.0,0.0,0,0,0,0,378,625,dclamp,2.2143802642822266,0.21081848715413393,R,none,1
-2.4568918488597307,4.797886154324717,102.1131330290315,0.30880859375,-2.085893741311993,4.439239163483616,95.06635470179889,0.30145751953125,7.585377431045664,12.221789140881537,-0.10032222132048428,-0.018479002052414227,0.08672380372643032,13.535635749270455,-0.25196952549391427,0.7850489478556371,-2.1449180609426315,9.471775936533017,2.444209682294841,4.296779007818273,0.30880859375,0.46069347858428955,0.8697999715805054,17,17,0.6911914348602295,17,0.0,0,0.0,0.0,0,0,0,0,379,625,dclamp,1.9159817695617676,0.21025565670855093,R,none,1
-2.40999286952893,4.828723659495503,103.73939176404643,0.31537109375,-2.084020008166233,4.4486412088469995,95.72326338158868,0.309462890625,7.671141489137309,12.235415084093406,-0.11614796817902327,-0.018478995834142257,0.08723483026960696,13.551687727285493,-0.25303989006206395,0.7871617003395573,-2.145987788524608,9.524456646700035,2.4625196718247953,4.299451017377773,0.31537109375,0.4219924509525299,0.8672999739646912,17,17,0.6846289038658142,17,0.0,0,0.0,0.0,0,0,0,0,380,625,dclamp,2.033898115158081,0.21049788201047048,R,none,1
-2.3673917727916245,4.802758480629106,103.83796454544344,0.2965234375,-2.097137853173946,4.459795887513948,96.6028447746256,0.3040625,7.738614023301682,12.258284211074914,-0.10711887609027332,-0.01847900161869235,0.08763476984342479,13.567564674065414,-0.25737056098878386,0.7925661917972657,-2.1503190520079816,9.57316025747569,2.533539466723999,4.3038221510385135,0.2965234375,0.4313145577907562,0.8676999807357788,13,13,0.7034765481948853,13,0.0,0,0.0,0.0,0,0,0,0,381,625,dclamp,2.268070936203003,0.21301996953382146,R,none,1
-2.431712465336605,4.751643299606687,100.85299047110504,0.2984765625,-2.0970657968818545,4.458413123385728,96.55536950911352,0.3068359375,7.730919194127989,12.263414067284664,-0.11688568263457011,-0.018479000893805032,0.08758925145439879,13.589444568829709,-0.25549418153241277,0.7922321079474196,-2.1484425982957402,9.568023813392825,2.525765213093573,4.30919272988055,0.2984765625,0.4792379140853882,0.8694999814033508,15,15,0.7015234231948853,15,0.0,0,0.0,0.0,0,0,0,0,382,625,dclamp,1.9777323007583618,0.21346073884189976,R,none,1
-1.9311258210920572,4.821756921649849,105.61161004908615,0.33712890625,-2.1019540162955446,4.458470509160758,96.06051164195793,0.3047265625,7.707565759649672,12.305144820267529,-0.1347512988610177,-0.018479004003379484,0.08745095915557727,13.608818739508447,-0.25403892470989375,0.792198072860694,-2.1469876600112237,9.549751623128609,2.5590763210353504,4.328707679323437,0.33712890625,0.3947301506996155,0.8790000081062317,14,14,0.6628711223602295,14,0.0,0,0.0,0.0,0,0,0,0,383,625,dclamp,1.874457836151123,0.21331438663073848,R,none,1
-2.394582127237135,4.807995340785351,101.56896669904926,0.32076171875,-2.1029867958282393,4.468698944117163,97.36458784413264,0.30558105468749996,7.821500422801263,12.319237231300795,-0.1714674009482119,-0.018479000451501183,0.08812359156903764,13.62396996117175,-0.25658339137211444,0.8015934456515915,-2.1495317628268036,9.629500255255138,2.5304214564265246,4.335425044836599,0.32076171875,0.43961793184280396,0.8708000183105469,16,16,0.6792382597923279,16,0.0,0,0.0,0.0,0,0,0,0,384,625,dclamp,2.034097671508789,0.2133708701408179,R,none,1
-2.3161786173291152,4.829661565908246,104.89502448304619,0.29927734375,-2.1042794621869403,4.4632568185993815,96.31347180564397,0.29959716796874997,7.738160132336272,12.376899866003216,-0.19439856956562232,-0.018478999275347564,0.08763208601473234,13.650938470890546,-0.255184819214046,0.8018415419882575,-2.148133070186132,9.586059325572185,2.540641569767221,4.3415678690422945,0.29927734375,0.4405960440635681,0.8741999864578247,12,12,0.7007226347923279,12,0.0,0,0.0,0.0,0,0,0,0,385,625,dclamp,2.1250193119049072,0.21482390509755497,R,none,1
-2.305767473565286,4.861995856074807,105.33567371104864,0.294453125,-2.0941931888230187,4.468071919734522,95.9454463516841,0.30245361328125,7.6938998840781245,12.439434771965905,-0.16966797612389733,-0.018478999602799848,0.08736993357638705,13.672153465494933,-0.2531081843934953,0.800732506337057,-2.1460564689090758,9.55488351524715,2.4900555629867256,4.342193421744084,0.294453125,0.4777199923992157,0.8582000136375427,15,15,0.7055468559265137,15,0.0,0,0.0,0.0,0,0,0,0,386,625,dclamp,2.196596622467041,0.21481354041220765,R,none,1
-2.1430461682139446,4.8772132774544845,104.65703418618787,0.32181640625,-2.099816253847157,4.474672979006176,95.67092146277542,0.30475341796875,7.688656237209545,12.505483331395094,-0.17144129955664325,-0.018479006262862578,0.08733882204164356,13.692774225940028,-0.253566993586719,0.8001344528940197,-2.146515960344553,9.547739813588155,2.467823613246427,4.3452467098074035,0.32181640625,0.47415655851364136,0.8666999936103821,17,17,0.6781836152076721,17,0.0,0,0.0,0.0,0,0,0,0,387,625,dclamp,2.3356127738952637,0.21582201398679768,R,none,1
-2.154710061524068,4.83129229640759,108.14591933823677,0.31248046875,-2.102359327799096,4.48004943931383,96.08394818408735,0.3089404296875,7.710658883505143,12.517080178640866,-0.15689608344984632,-0.018479000961267363,0.08746928885981421,13.707757388872844,-0.2552869776263833,0.8016863867089474,-2.148235401300404,9.558417090089051,2.46681138385577,4.346631455165453,0.31248046875,0.4599887728691101,0.8705999851226807,16,16,0.6875195503234863,16,0.0,0,0.0,0.0,0,0,0,0,388,625,dclamp,2.11032772064209,0.21648938697308778,R,none,1
-2.387235936523277,4.750695119797126,102.60217349802844,0.31076171875,-2.0963510094659834,4.493570925392505,96.65088037305122,0.30966552734374997,7.744589574261126,12.580806624434922,-0.13321653716319903,-0.018479004614209246,0.08767010111031759,13.72419383289106,-0.2540151744149625,0.8058694175295115,-2.1469639722883573,9.58401493129794,2.475029551426715,4.351001808486636,0.31076171875,0.4392635226249695,0.8787000179290771,12,12,0.6892383098602295,12,0.0,0,0.0,0.0,0,0,0,0,389,625,dclamp,1.7238962650299072,0.21640843752875863,R,none,1
-2.34775818817827,4.810143648371283,108.92956312453673,0.31546875,-2.095270887666171,4.490326856441928,96.29035301530446,0.31181640625,7.757911063510778,12.609872022208657,-0.2047478080357932,-0.018478995684439795,0.08774881832688675,13.742988713061244,-0.2550861343741417,0.805256408782401,-2.148034017501493,9.590993592610277,2.4966760643621093,4.3551152026955835,0.31546875,0.46735915541648865,0.8668000102043152,14,14,0.6845312714576721,14,0.0,0,0.0,0.0,0,0,0,0,390,625,dclamp,2.143002986907959,0.21753469673497597,R,none,1
-2.247444878747276,4.817908609229103,108.8580283067312,0.31220703125,-2.0909574272799762,4.480202734793515,95.14325338609075,0.30491455078125,7.694454132822057,12.63224414307108,-0.25448173104184435,-0.018478998986527898,0.08737322137164344,13.757946396836244,-0.2575918497215025,0.8100122804078619,-2.1505400711075335,9.559276219485888,2.5168314910561946,4.361365171801506,0.31220703125,0.47919121384620667,0.8684999942779541,15,15,0.687792956829071,15,0.0,0,0.0,0.0,0,0,0,0,391,625,dclamp,2.168905019760132,0.21803685646746368,R,none,1
-2.445105177485889,4.922418619982721,107.8963560913134,0.3077734375,-2.1045984751405453,4.506126670878156,97.24138213297515,0.30450927734375005,7.835832578946081,12.668836768471987,-0.19949177341862995,-0.01847899504155739,0.08820784171084152,13.773743345559229,-0.25887464739847926,0.8132680521944529,-2.1518224646703645,9.645209846171076,2.509633012826278,4.364335222609281,0.3077734375,0.43760988116264343,0.8700000047683716,11,11,0.6922265887260437,11,0.0,0,0.0,0.0,0,0,0,0,392,625,dclamp,2.01489520072937,0.21932139910347784,R,none,1
-2.110046916618749,4.866716785215983,99.87521716223979,0.3176171875,-2.1085185811139002,4.492663240509192,95.279749422207,0.29773193359375005,7.65332173029965,12.722452196442815,-0.1917509341199114,-0.01847900443631662,0.0871288960778245,13.798748490508284,-0.2612387832533568,0.8150118283485701,-2.1541875629038203,9.541231884939432,2.526516133941472,4.370869107000411,0.3176171875,0.453748881816864,0.871999979019165,13,13,0.6823828220367432,13,0.0,0,0.0,0.0,0,0,0,0,393,625,dclamp,2.4264345169067383,0.22053441514119726,R,none,1
-2.4359463814804014,4.8635017565126715,109.5831376514352,0.3100390625,-2.0942543860885423,4.515236415550449,97.07264062710742,0.30046630859375,7.81363971596844,12.774758794829518,-0.20103862248509385,-0.0184790062375554,0.08807734837976955,13.817930471714465,-0.26049344832543286,0.8197320628116116,-2.153442412490855,9.637747833048495,2.529727237872601,4.37746805637075,0.3100390625,0.42375025153160095,0.8637999892234802,16,16,0.6899609565734863,16,0.0,0,0.0,0.0,0,0,0,0,394,625,dclamp,1.9802581071853638,0.22029422881524893,R,none,1
-2.1634056352454096,4.905825924500927,100.2647002016996,0.31083984375,-2.0905425309527543,4.520911449525427,97.37535465317073,0.29811279296874993,7.832111056354182,12.792100678748618,-0.18557140065270983,-0.018479003849532282,0.08818597129900119,13.841125923740698,-0.2592840806813911,0.8206450429835661,-2.15223280022295,9.641988285960185,2.6357940996467644,4.389135690461786,0.31083984375,0.4060007929801941,0.8701000213623047,10,10,0.689160168170929,10,0.0,0,0.0,0.0,0,0,0,0,395,625,dclamp,2.1390321254730225,0.2210255444417863,R,none,1
-1.9540224021313761,4.860748724169923,110.92647553157245,0.321640625,-2.077892277658829,4.530104587406096,98.18254009249996,0.30189208984375,7.886606798102411,12.811240268156302,-0.1759994934209616,-0.01847899127560964,0.08850566431745079,13.853806207356065,-0.258774168365635,0.8228448339851391,-2.1517215998620727,9.67686547430136,2.654525824131973,4.391150010967056,0.321640625,0.4415670931339264,0.8626999855041504,15,15,0.6783593893051147,15,0.0,0,0.0,0.0,0,0,0,0,396,625,dclamp,1.877448558807373,0.22092695540545254,R,none,1
-1.9543282059879064,4.88197289930169,107.16283653972971,0.3134765625,-2.0819391781370853,4.537404527778393,98.87957551610408,0.29869873046874995,7.955294985321199,12.842396770048227,-0.20965190666557207,-0.018479003162160626,0.08890697232627653,13.870801050429982,-0.257108154008165,0.8250485995249193,-2.150056803136876,9.727863131258362,2.6408927061180476,4.398707639682717,0.3134765625,0.4500489830970764,0.8637999892234802,12,12,0.6865234375,12,0.0,0,0.0,0.0,0,0,0,0,397,625,dclamp,2.0220296382904053,0.22131637187191,R,none,1
-2.459312251488372,4.931430810612386,112.59494231847938,0.29814453125,-2.074469629994518,4.5391364832988526,98.7299999521353,0.29788574218749997,7.927152893944266,12.851260100612285,-0.17465298054188083,-0.01847900198094886,0.0887427719551911,13.889856648201631,-0.25669637244951443,0.8274358249419733,-2.1496449005774765,9.714456803869396,2.6708304422220728,4.3987471985596445,0.29814453125,0.5528310537338257,0.8619999885559082,14,14,0.701855480670929,14,0.0,0,0.0,0.0,0,0,0,0,398,625,dclamp,1.9399607181549072,0.22160655782980582,R,none,1
-1.9160333563404541,4.881723074292099,101.6183871908577,0.3209375,-2.067628485027107,4.529975470904849,97.22159496319755,0.30156982421874995,7.795143842841411,12.888671277871262,-0.16313735371307694,-0.018478995543810887,0.08796844954733538,13.907337544092622,-0.25627471164334564,0.8312821159622784,-2.149222580364979,9.639489568617378,2.6293249521515074,4.408634946960277,0.3209375,0.41383713483810425,0.8712999820709229,10,10,0.6790624856948853,10,0.0,0,0.0,0.0,0,0,0,0,399,625,dclamp,1.6166261434555054,0.22157497028511608,R,none,1
-2.1099453522074048,4.896483992954018,106.74566315680124,0.3096484375,-2.06850986856303,4.516419666524537,95.6823827979564,0.30115966796875,7.675913842032028,12.90264486263674,-0.18051210049916308,-0.018479007070652483,0.08726317606331367,13.927514580774869,-0.257043151576072,0.8332782437714233,-2.149992201082136,9.571658188836627,2.6464674352357838,4.415440101227171,0.3096484375,0.3916870355606079,0.8751000165939331,14,14,0.6903515458106995,14,0.0,0,0.0,0.0,0,0,0,0,400,625,dclamp,1.9636099338531494,0.22186688136510757,R,none,1
-1.9754559208775646,1.4038970953478,3.4975077961759844,0.16822265625,-1.9065021717582353,1.0986390108167474,2.389135677470533,0.13194580078124998,0.5346385259736899,0.6813546762983,-0.008985526183588931,-0.018489840024122132,0.014570385160377858,3.1057788544523146,0.0014156012539751827,0.11410896447402354,-1.8926431523014091,1.4920122276667749,0.5037543054206157,1.4278216110382027,0.16822265625,0.2660769820213318,0.9179999828338623,51,51,0.8317773342132568,51,0.0,0,0.0,0.0,0,0,0,0,21,625,wclamp,1.9115692377090454,0.02562339989180935,R,none,1
-1.9451697526536271,1.3999669608061085,3.3795757376798456,0.16525390625,-1.8867153353451724,1.1062483022308094,2.632725268123153,0.1364990234375,0.5489768092839928,0.6811582157360434,-0.006349718831488462,-0.018351107888619555,0.015240382095753712,3.105778854014203,0.004229002560023219,0.11438609613476934,-1.8756183346009914,1.5631905003102688,0.6107908128999551,1.455517850208212,0.16525390625,0.28458887338638306,0.9139999747276306,49,49,0.8347461223602295,49,0.0,0,0.0,0.0,0,0,0,0,22,625,wclamp,1.5544365644454956,0.044911389919600184,R,none,1
-1.9935425828596312,1.41181204929564,3.4041555117312243,0.15130859375,-1.9185675193173568,1.1148363543478412,2.7107999940979095,0.1315185546875,0.5684633568444029,0.6823106160551692,-0.00791387592398701,-0.018677906520801466,0.015503762726042293,3.105778854759793,0.004918939785566181,0.11707473729270496,-1.9084049341722267,1.5906011777610478,0.531369672893705,1.4719804741030311,0.15130859375,0.28717154264450073,0.9157000184059143,57,57,0.8486914038658142,57,0.0,0,0.0,0.0,0,0,0,0,23,625,wclamp,1.752847671508789,0.06160088899534072,R,none,1
-2.0059940599506554,1.3884584155861848,3.5777074103514703,0.15388671875,-1.93757584663378,1.1223882819157545,2.8434730927958047,0.13195556640625,0.5826258831831298,0.6829233204317081,-0.005793748233038954,-0.018811178864429037,0.015812979538171342,3.1057788513374813,0.005154906385578215,0.12069651028031385,-1.9218210948337446,1.6278093243797152,0.5614741892821633,1.4870036849763966,0.15388671875,0.2936294376850128,0.9154999852180481,50,50,0.8461132645606995,50,0.0,0,0.0,0.0,0,0,0,0,24,625,wclamp,1.5052580833435059,0.0793522206737196,R,none,1
-1.8784285984226365,1.4129774584678187,4.050328759916619,0.1828125,-1.9188796756665678,1.119698112954751,2.96436006652609,0.13628662109375,0.5869655492028509,0.6778548723560226,-0.011096557404443366,-0.018562688201592265,0.016243016485685064,3.105778854785925,0.006097122617065906,0.12241205637386872,-1.8954240388357284,1.6733481341971785,0.5731966263191923,1.5050986031759013,0.1828125,0.23597460985183716,0.9212999939918518,43,43,0.817187488079071,43,0.0,0,0.0,0.0,0,0,0,0,25,625,wclamp,1.7281198501586914,0.10072584721331719,R,none,1
-2.0349910740079307,1.4357663164980667,4.3594717988009055,0.1659765625,-1.9337871214178557,1.129183636993972,3.087919322913282,0.1423046875,0.6067843793447534,0.6801253017004519,-0.011853994990271049,-0.01872293421916167,0.0166854300905492,3.105778848463698,0.006172911156318151,0.12334340041918765,-1.9117635016942034,1.715227519292353,0.5731966418476895,1.5199228824170006,0.1659765625,0.2978767454624176,0.9136999845504761,51,51,0.8340234160423279,51,0.0,0,0.0,0.0,0,0,0,0,26,625,wclamp,1.3418136835098267,0.11752957903192349,R,none,1
-2.0585018205345027,1.4330207430861128,3.98195723858157,0.162109375,-2.0103980209778025,1.140176215539059,3.09377671798875,0.13470947265625,0.6333722326846891,0.6791438817180995,-0.012514311921817853,-0.019400400458606713,0.016737248405525987,3.105778856197748,0.005247521931887604,0.1234134250089635,-1.9820870500906498,1.7201657244686206,0.5812420529293716,1.5410442201790868,0.162109375,0.3043319284915924,0.9104999899864197,50,50,0.837890625,50,0.0,0,0.0,0.0,0,0,0,0,27,625,wclamp,1.3150516748428345,0.13815421534492217,R,none,1
-1.9715066123097573,1.4068505388229127,4.167911880984979,0.1850390625,-1.9866420013728914,1.1414368536730686,3.242921246978333,0.13878173828124998,0.6380733069903854,0.6760484285907278,-0.011243644658039585,-0.01918855153602097,0.017122597036471527,3.1057788539389035,0.005123939551413059,0.12471337772955622,-1.9605092923983427,1.7599382165947401,0.5851726782495179,1.5566254523852985,0.1850390625,0.26778241991996765,0.9212999939918518,49,49,0.8149609565734863,49,0.0,0,0.0,0.0,0,0,0,0,28,625,wclamp,1.409373164176941,0.15480969914527726,R,none,1
-1.986520040603326,1.4082044137146585,3.781667084936261,0.1620703125,-2.0147456806275263,1.14602039164993,3.2236351960669527,0.13825439453125002,0.6443695884473714,0.6771878734186533,-0.00819472378856568,-0.019462853058413887,0.01700316122626892,3.1057788528658445,0.005450178378960118,0.12685445494376685,-1.9882819013122617,1.7469523891870404,0.5780682273742035,1.5713045190783714,0.1620703125,0.2514333128929138,0.920199990272522,47,47,0.8379296660423279,47,0.0,0,0.0,0.0,0,0,0,0,29,625,wclamp,1.4838229417800903,0.17240749065496894,R,none,1
-2.075952879097107,1.3918863042593286,4.128740822063422,0.1615625,-2.0089395327145967,1.1446804122606675,3.266702813058327,0.13976806640624997,0.6452579588915086,0.6768927401757179,-0.011857452853975249,-0.019436950591181702,0.017059774839641856,3.1057788556511365,0.005001753474352881,0.12922050627506154,-1.9860769341520483,1.7558715081489287,0.5783310579160788,1.579782702333895,0.1615625,0.28052932024002075,0.9146000146865845,52,52,0.8384374976158142,52,0.0,0,0.0,0.0,0,0,0,0,30,625,wclamp,1.392950177192688,0.1861076979994843,R,none,1
-2.0789797936251295,1.3990283835575896,4.207972401388468,0.1662890625,-2.0145786410246593,1.1473239150985934,3.3529330664296,0.13720703125,0.6536726993444045,0.6769177733688371,-0.014238306556076986,-0.019463179707031063,0.017284031794873693,3.105778853945492,0.003984573024790734,0.13187064019722983,-1.989780967836019,1.784397862477319,0.5626957831361244,1.5900637234880617,0.1662890625,0.2782239019870758,0.9176999926567078,56,56,0.8337109088897705,56,0.0,0,0.0,0.0,0,0,0,0,31,625,wclamp,1.4626811742782593,0.19978970046602396,R,none,1
-2.2129235411511257,1.406144515204594,4.005286941478458,0.14591796875,-2.100845182129589,1.161297238240674,3.363240967929927,0.12808105468749997,0.6844098712898073,0.6741878562498055,-0.009986451994195929,-0.020256652849829183,0.017293964789477624,3.105778853865807,0.0023240289418026807,0.13436174219513877,-2.07272316443018,1.782325515943088,0.5820046359931883,1.6044605393820286,0.14591796875,0.30862438678741455,0.9114999771118164,53,53,0.8540820479393005,53,0.0,0,0.0,0.0,0,0,0,0,32,625,wclamp,1.6404531002044678,0.21460780041921868,R,none,1
-1.989996416196086,1.4230055250723614,4.394740724952072,0.18375,-2.0906504618341626,1.1691824003676787,3.60963104509652,0.141484375,0.6992777353039878,0.6759928174357313,-0.008283067410192555,-0.02015287208857095,0.017851777962845383,3.105778854316502,0.0018634207639843226,0.13724099561914568,-2.0625526985124214,1.843837283917902,0.5853246727594474,1.61626131117233,0.18375,0.27639684081077576,0.9208999872207642,50,50,0.8162500262260437,50,0.0,0,0.0,0.0,0,0,0,0,33,625,wclamp,1.2059885263442993,0.23210215856623578,R,none,1
-1.9874940210038765,1.4313907507447041,4.563237936696985,0.18154296875,-2.0332904828360885,1.16478931549726,3.7215583410921464,0.14509765624999998,0.6876826153346579,0.6750471685369298,-0.005995634375012882,-0.01957813149077884,0.018152197561900108,3.1057788541850964,0.0030400423193350434,0.13905376989075366,-2.0025009077370237,1.8738798033725188,0.6244176219728674,1.6370380154987447,0.18154296875,0.23588860034942627,0.9185000061988831,45,45,0.8184570074081421,45,0.0,0,0.0,0.0,0,0,0,0,34,625,wclamp,1.4864979982376099,0.2553691284716207,R,none,1
-2.0955313483485902,1.4314202104344593,4.442888680960462,0.1594921875,-2.077691236018363,1.1676343303228496,3.6319777908021758,0.14025390624999998,0.6966401746634352,0.6720412176310521,-0.0053114629459980085,-0.019985747335294613,0.017962745210162775,3.1057788574789047,0.003008836638182402,0.13657789358589636,-2.0442873886063744,1.8474812687076572,0.5852044086911379,1.6574188067872446,0.1594921875,0.2836379408836365,0.9223999977111816,53,53,0.8405078053474426,53,0.0,0,0.0,0.0,0,0,0,0,35,625,wclamp,1.5630178451538086,0.2775066984947817,R,none,1
-2.210671565061152,1.4226121388425053,4.403051034991377,0.152265625,-2.1343353936756566,1.175360176777164,3.5847634275128417,0.133017578125,0.7161633781603791,0.6689940645018859,-0.003685897508619057,-0.020535199332878548,0.01790620950876212,3.105778848615706,0.0005470439372584223,0.14022266485285245,-2.1030338416572327,1.8424812801198553,0.6197938746212888,1.6753838701296897,0.152265625,0.2634493410587311,0.9186000227928162,58,58,0.8477343916893005,58,0.0,0,0.0,0.0,0,0,0,0,36,625,wclamp,1.457793116569519,0.2940517414200739,R,none,1
-2.1867941216390356,1.402578166234767,4.3924172915475035,0.1624609375,-2.1649534364455745,1.1929167526710367,3.9080406381080173,0.14841308593749997,0.7561569520447747,0.6706972918187009,-0.0038038650602647437,-0.02082948220015147,0.018705990176486546,3.1057788519653853,0.00038912909803912044,0.14036160152069763,-2.133337449485276,1.9240292905709986,0.6022290182660601,1.6820188009858732,0.1624609375,0.29273825883865356,0.9128999710083008,53,53,0.8375390768051147,53,0.0,0,0.0,0.0,0,0,0,0,37,625,wclamp,1.376320719718933,0.30865974296304266,R,none,1
-2.1785854581957764,1.4383800827865012,4.538974769718969,0.1737109375,-2.1953238995019744,1.1956685420791007,3.849313889063596,0.14449462890624998,0.7636784187657,0.6730352602239219,-0.0070904164720603565,-0.021140075975938505,0.018565420303627324,3.105778853655865,0.0003591592097654939,0.14106240050718988,-2.1651839661398693,1.907931259023159,0.606952610075004,1.694709810253286,0.1737109375,0.27966421842575073,0.9174000024795532,54,54,0.8262890577316284,54,0.0,0,0.0,0.0,0,0,0,0,38,625,wclamp,1.4104183912277222,0.32586772038849027,R,none,1
-2.129567051405547,1.4165304958419571,4.4509585577845,0.16650390625,-2.191208589069606,1.193493039385361,3.822886472189856,0.1358203125,0.7583029684895704,0.6754868819077419,-0.009364215336005337,-0.02111936789850373,0.01843849540956393,3.1057788535999635,0.0015226972755044699,0.1426991919595148,-2.1618991379340606,1.8985685330715116,0.5896847081544045,1.7122501768034055,0.16650390625,0.259807825088501,0.9247000217437744,53,53,0.83349609375,53,0.0,0,0.0,0.0,0,0,0,0,39,625,wclamp,1.4471683502197266,0.34432280364766604,R,none,1
-2.258577319559481,1.4308662048756664,4.858039287706166,0.1582421875,-2.2072602558948073,1.1982532429289985,3.8634426365391645,0.13818359375,0.7653912957208948,0.6781971064115941,-0.007777567942627815,-0.021238780639829445,0.018500467378006053,3.105778854043936,0.0014558394346386194,0.1433613462269577,-2.174198375703522,1.9058526503116033,0.5914188964176885,1.7229680238347067,0.1582421875,0.29595211148262024,0.9063000082969666,56,56,0.8417578339576721,56,0.0,0,0.0,0.0,0,0,0,0,40,625,wclamp,1.3980940580368042,0.35950396782823896,R,none,1
-2.313980256295758,1.4483178391874816,4.923541137575565,0.152109375,-2.251584940633622,1.2072112907082873,3.8938396013971026,0.13538818359375002,0.7870753402375879,0.6787745562365043,-0.008490796060523206,-0.02168839079841878,0.018586097540148956,3.1057788560311645,0.001578498313901946,0.14400962291890237,-2.220132797656357,1.9146284770425013,0.5778575393454184,1.734687561326499,0.152109375,0.29572686553001404,0.9182999730110168,59,59,0.8478906154632568,59,0.0,0,0.0,0.0,0,0,0,0,41,625,wclamp,1.559556007385254,0.37385957960232014,R,none,1
-2.4974054348677237,1.4327771341134576,4.5809503811038645,0.1344140625,-2.3599994517011043,1.2294105793724748,4.0363014990881325,0.12822021484375,0.8406130363408524,0.6811566377055791,-0.010319301373468023,-0.02269489515178758,0.018874973463232997,3.1057788525941374,-0.0002874036552384496,0.14498259757558338,-2.3251028032036074,1.94839482149089,0.5845359847272062,1.7422407363406436,0.1344140625,0.3106950521469116,0.9092000126838684,62,62,0.8655859231948853,62,0.0,0,0.0,0.0,0,0,0,0,42,625,wclamp,1.3431390523910522,0.38593098320537683,R,none,1
-2.4522002254089057,1.4496525517237777,4.481338353339722,0.13169921875,-2.4458810431589857,1.2389077402073891,3.8976296026064032,0.12191162109375,0.8653323476285206,0.6814685811584706,-0.011908540041211797,-0.023486254408067078,0.01858335591907092,3.105778850225949,-0.002632604958489537,0.14409781084126788,-2.4085131151085615,1.9151684934878204,0.5845359815993478,1.7536378795331666,0.13169921875,0.2623347342014313,0.9121999740600586,57,57,0.8683007955551147,57,0.0,0,0.0,0.0,0,0,0,0,43,625,wclamp,1.626518964767456,0.40162670347254736,R,none,1
-2.5541624358247406,1.4697999059204814,4.772719453837554,0.1455859375,-2.491455467523152,1.2490474857988916,3.9729672877488946,0.12138916015625001,0.8908301699385166,0.6814482273111527,-0.012158775469137769,-0.0238986039090991,0.01876782674685567,3.1057788536766884,-0.0037383394269272685,0.14460079551805352,-2.451859030180778,1.9385683083766856,0.5845359759267015,1.7666991316495058,0.1455859375,0.27471375465393066,0.9211000204086304,65,65,0.8544140458106995,65,0.0,0,0.0,0.0,0,0,0,0,44,625,wclamp,1.4401298761367798,0.4149812021208291,R,none,1
-2.5491482663157985,1.4386183296022996,4.892374996672494,0.14380859375,-2.5065386000295073,1.2594087469661213,4.160360485193962,0.1255810546875,0.9160142591800583,0.684086881000171,-0.013990748245454052,-0.024087159463353238,0.019216853808031648,3.105778856461512,-0.005665802143048495,0.14509465587791606,-2.4731017112871405,1.9834720274134752,0.5845359724941961,1.7714108960648827,0.14380859375,0.30275338888168335,0.911300003528595,64,64,0.8561913967132568,64,0.0,0,0.0,0.0,0,0,0,0,45,625,wclamp,1.5492385625839233,0.42748717556325977,R,none,1
-2.4527201127905043,1.4598153989769564,4.813024495526523,0.149609375,-2.5103052799719303,1.2570625500573587,4.123907128712185,0.118828125,0.9185983070177904,0.6813200002063573,-0.019712052467439064,-0.024171043975362537,0.019181183604815424,3.1057788505652,-0.006357667120173573,0.14583330034785133,-2.4823865221227295,1.98200782705397,0.5845359721489256,1.7852501547310016,0.149609375,0.2958413064479828,0.9143999814987183,59,59,0.850390613079071,59,0.0,0,0.0,0.0,0,0,0,0,46,625,wclamp,1.4893383979797363,0.4425414921201343,R,none,1
-2.490659789457802,1.4773948942003117,5.259974064196317,0.15865234375,-2.47291341295314,1.2521343786405934,4.151562952834869,0.1267578125,0.9062935467066189,0.6799178143137246,-0.01837085884667896,-0.023834112369459107,0.019270131619522998,3.1057788514606828,-0.006672428633319214,0.14523228145664213,-2.4481867471835144,1.988355721287792,0.4527145894571989,1.8053976580056084,0.15865234375,0.2864275574684143,0.911899983882904,61,61,0.8413476347923279,61,0.0,0,0.0,0.0,0,0,0,0,47,625,wclamp,1.5797854661941528,0.46076214123812675,R,none,1
-2.456668556850944,1.4947887545690968,5.007126090667293,0.1569140625,-2.4667024866599534,1.2522979048140508,4.192411441407297,0.133154296875,0.903846784287154,0.6802894148896473,-0.01588615677514083,-0.02376832377392706,0.01928557805269787,3.1057788534165627,-0.0065240929322317245,0.1457916643098752,-2.441299171711341,1.99593066624191,0.44433990561558634,1.819909088871989,0.1569140625,0.3238585293292999,0.9047999978065491,62,62,0.8430859446525574,62,0.0,0,0.0,0.0,0,0,0,0,48,625,wclamp,1.4383081197738647,0.4777691468212281,R,none,1
-2.5384341984226633,1.4800417728932231,5.3519109165159895,0.1505859375,-2.4785790241985257,1.2602052312570127,4.347136538146069,0.13765625,0.9176402557441458,0.6826588876714975,-0.012181918528102837,-0.02389029509059,0.01950430517512063,3.1057788561116935,-0.006406421734136529,0.1454848986362627,-2.453675975300845,2.0214335363905196,0.44433987944744224,1.8338534585945954,0.1505859375,0.2995885908603668,0.9162999987602234,60,60,0.849414050579071,60,0.0,0,0.0,0.0,0,0,0,0,49,625,wclamp,1.7299882173538208,0.4954692563498725,R,none,1
-2.5075842352913282,1.4665239586469832,4.923443992734374,0.14642578125,-2.478307558896252,1.259612491745086,4.3289304619893185,0.13546630859375003,0.9157259591633752,0.6839284072528877,-0.013030737055999027,-0.023863654547743515,0.019486043223992573,3.1057788552234116,-0.006751209262292832,0.14589626439335052,-2.4512917639132707,2.025194619001706,0.4646434898977061,1.842630245258165,0.14642578125,0.24504101276397705,0.9190000295639038,59,59,0.8535742163658142,59,0.0,0,0.0,0.0,0,0,0,0,50,625,wclamp,1.3266655206680298,0.5099736621172866,R,none,1
-2.5908423391561963,1.4287716299715656,4.841222744952433,0.1440234375,-2.522011848343918,1.2675067704178258,4.3480066915578,0.133671875,0.9367761885895033,0.6847392532056193,-0.014942028740096562,-0.02424328395625977,0.019577086677646915,3.1057788555247647,-0.007763087060302496,0.14604292358918008,-2.491192047634165,2.0362885176956165,0.4679621519520367,1.8480897613806888,0.1440234375,0.29111549258232117,0.9160000085830688,67,67,0.8559765815734863,67,0.0,0,0.0,0.0,0,0,0,0,51,625,wclamp,1.551454782485962,0.5201363000200248,R,none,1
-2.354968819994531,1.473182903811601,4.883711855421466,0.16873046875,-2.508687349860807,1.2588385712348484,4.238578823214582,0.1288232421875,0.9185912234496232,0.6815378698583657,-0.015454544879394225,-0.02407113067032678,0.019306229493162512,3.105778850957689,-0.008048282696399837,0.14448021454770446,-2.4738422373562408,2.00922401734344,0.48020825998217553,1.8585956179203103,0.16873046875,0.2803097069263458,0.9235000014305115,57,57,0.8312695026397705,57,0.0,0,0.0,0.0,0,0,0,0,52,625,wclamp,1.4475630521774292,0.5375105869632316,R,none,1
-2.533135202645729,1.4783577037330513,5.17493825472225,0.1575,-2.541494398940981,1.2681146725329933,4.351788090210049,0.13312744140625,0.9389459033878694,0.6850474275843385,-0.01587850827874765,-0.024380069043048264,0.019464335424921802,3.1057788532508073,-0.009765549185394774,0.14512082086338166,-2.5072064747437874,2.024949462286487,0.4871370826593664,1.8679910424317796,0.1575,0.28173625469207764,0.9174000024795532,63,63,0.8424999713897705,63,0.0,0,0.0,0.0,0,0,0,0,53,625,wclamp,1.5850578546524048,0.5499125124101917,R,none,1
-2.47507602024038,1.4490273766886073,4.948301258183173,0.1582421875,-2.5131461878287884,1.2633293422140426,4.3332156843137275,0.13203369140625,0.9273547096121801,0.6867982442543991,-0.018151926967614293,-0.02412252222278888,0.019476585698222623,3.105778851585273,-0.008524757610284723,0.14578780907954905,-2.479583150451995,2.0272274504922057,0.43792816410710644,1.8809677293632094,0.1582421875,0.2586367428302765,0.9174000024795532,57,57,0.8417578339576721,57,0.0,0,0.0,0.0,0,0,0,0,54,625,wclamp,1.6464792490005493,0.5691056424233936,R,none,1
-2.5707876122294984,1.4907395957687763,5.030903585917211,0.15234375,-2.5081713858706367,1.2589495554621748,4.271954579578652,0.13126220703125,0.9180556416150787,0.6856868192920618,-0.018788477708733514,-0.02408943609875647,0.01926898412881506,3.1057788514482176,-0.008356845695525408,0.14628268924732424,-2.476025968388708,2.0069725621379635,0.43494365050181116,1.8889709604119562,0.15234375,0.2927415668964386,0.9063000082969666,60,60,0.84765625,60,0.0,0,0.0,0.0,0,0,0,0,55,625,wclamp,1.2957031726837158,0.5834989312004197,R,none,1
-2.476816230364857,1.4576231805353124,5.065515286986513,0.15513671875,-2.517573769588987,1.2630546398612696,4.35556043797148,0.13019287109375,0.9319696989574737,0.6847614761948564,-0.021424151877249185,-0.024194891365724745,0.019509594766574507,3.10577885512816,-0.008917906708084046,0.1464920445636645,-2.487389636197713,2.0330251409165117,0.4463430539274058,1.9015965436686013,0.15513671875,0.26750385761260986,0.9168000221252441,64,64,0.8448632955551147,64,0.0,0,0.0,0.0,0,0,0,0,56,625,wclamp,1.5737354755401611,0.5982539067384525,R,none,1
-2.556041300965898,1.4656583631681934,5.193173390819326,0.14373046875,-2.5101647082691168,1.2620802458678848,4.295639466277784,0.1273291015625,0.9257648084456759,0.6844418863829788,-0.017360147818714623,-0.024090198523929036,0.019474286107553307,3.1057788550427095,-0.007035079449415207,0.14527744517279884,-2.474782303308976,2.0232900290002833,0.44637576571668847,1.9170899178909762,0.14373046875,0.29482418298721313,0.9229999780654907,61,61,0.8562695384025574,61,0.0,0,0.0,0.0,0,0,0,0,57,625,wclamp,1.6053451299667358,0.6189495446220865,R,none,1
-2.5506565489921793,1.4687530308924759,4.904480500319247,0.14837890625,-2.4966164411428107,1.2577462233117782,4.241229222146849,0.1268017578125,0.915847028735077,0.6813295492192032,-0.015251015699238922,-0.023974021886232957,0.019353337078349696,3.105778856110653,-0.007890885426895693,0.1455502505152555,-2.463737228732606,2.0118661891237344,0.42895954854462026,1.9278870523025853,0.14837890625,0.2799423933029175,0.925000011920929,58,58,0.8516210913658142,58,0.0,0,0.0,0.0,0,0,0,0,58,625,wclamp,1.46396803855896,0.6385742197324851,R,none,1
-2.456493750981289,1.50585169761395,5.064420494822842,0.155859375,-2.5098857383196957,1.254628119708855,4.067645560606919,0.12052001953125,0.9116982768863803,0.6822744577047086,-0.019881015826912457,-0.024147268196274652,0.019024050652425177,3.1057788563232034,-0.00649589418200776,0.14602997945397286,-2.4800892103997363,1.9770655554929568,0.4301677524160499,1.9480629722044918,0.155859375,0.2725166082382202,0.9168000221252441,56,56,0.8441406488418579,56,0.0,0,0.0,0.0,0,0,0,0,59,625,wclamp,1.5230152606964111,0.664662620401843,R,none,1
-2.383972430963868,1.4040849674353253,4.775756079006183,0.1580859375,-2.4604618001535687,1.2468179179014116,4.093221103417205,0.128046875,0.8900418628418061,0.6828289257146801,-0.018315868156475432,-0.023663946019765035,0.019041405996002528,3.1057788523520458,-0.006004285556264222,0.1443485819152725,-2.4300871355930416,1.9785283560674776,0.4289595462462277,1.9621560885119709,0.1580859375,0.2694655954837799,0.9172999858856201,57,57,0.8419140577316284,57,0.0,0,0.0,0.0,0,0,0,0,60,625,wclamp,1.3523560762405396,0.6862686013345476,R,none,1
-2.4878769831389773,1.470960245514854,5.002947574767224,0.152265625,-2.469062626006475,1.2533535830624039,4.214573800615931,0.13112304687499998,0.9047719169081253,0.6829137680581252,-0.01679048079088512,-0.023709503055744853,0.019382598662199383,3.1057788571582075,-0.007290130208712071,0.1455475684689648,-2.4360397433257024,2.0118651199281,0.42895954568830597,1.9726376864407194,0.152265625,0.2491137683391571,0.9236000180244446,59,59,0.8477343916893005,59,0.0,0,0.0,0.0,0,0,0,0,61,625,wclamp,1.4827243089675903,0.7097488433839161,R,none,1
-2.534875898514588,1.4233458962584997,5.275181406326152,0.15673828125,-2.4988395355556214,1.2653257841564463,4.402344249974505,0.13583251953125,0.934008670062126,0.6849890720023261,-0.01794840201332667,-0.023982540925625146,0.019823426724546716,3.1057788520542147,-0.007727254197234288,0.1462170481892063,-2.4644462692573565,2.0587371485571495,0.445345759227042,1.9845882105190027,0.15673828125,0.252201646566391,0.9153000116348267,62,62,0.84326171875,62,0.0,0,0.0,0.0,0,0,0,0,62,625,wclamp,1.1671088933944702,0.728501942725985,R,none,1
-2.6210526189446823,1.4415836884985422,4.86706210228464,0.137265625,-2.5290384756761926,1.2661309461738979,4.213420341210618,0.1253125,0.9312189776379833,0.6867027044054645,-0.014834109184238655,-0.02422850739945527,0.019447836336295148,3.105778854299192,-0.009236105838790537,0.14601699991885983,-2.4911513882669003,2.0181656834591086,0.4442982685367185,1.9919580855784398,0.137265625,0.23199330270290375,0.9269000291824341,61,61,0.8627343773841858,61,0.0,0,0.0,0.0,0,0,0,0,63,625,wclamp,1.3157551288604736,0.7447862354932602,R,none,1
-2.614478626119056,1.5096752842260943,5.210481457789396,0.14150390625,-2.594899230857644,1.2756949906203643,4.143586643720991,0.1229833984375,0.9559591704551478,0.6858265234914337,-0.014387984852690903,-0.024876503918445557,0.019288402741003602,3.105778856797278,-0.009649218814447523,0.14550759865883536,-2.557943846735313,1.9998468712617274,0.44422524950706643,2.0044094040518483,0.14150390625,0.27360454201698303,0.9197999835014343,59,59,0.8584960699081421,59,0.0,0,0.0,0.0,0,0,0,0,64,625,wclamp,1.4482656717300415,0.7648920076960015,R,none,1
-2.653998640160107,1.5019065829378668,4.802930651491576,0.12892578125,-2.658638728280911,1.2835687754825524,4.0792845320841415,0.10937011718749999,0.9750947191167819,0.6874360937124487,-0.014982011435452202,-0.025441137594881265,0.01906478604787269,3.1057788516585343,-0.010622473947587424,0.14802220010752712,-2.6167569401801956,1.9801008355885912,0.5302444156841315,2.0122816586340075,0.12892578125,0.26645347476005554,0.9211000204086304,58,58,0.8710741996765137,58,0.0,0,0.0,0.0,0,0,0,0,65,625,wclamp,1.395942211151123,0.7824106876619524,R,none,1
-2.7959977197094923,1.4585808324677831,4.940487788415015,0.121328125,-2.7109791119806697,1.297900243590843,4.227708333008197,0.10799804687500002,1.011092875643434,0.6893895159471805,-0.015937349277445403,-0.02598162792025784,0.019312840953458248,3.105778856230151,-0.012265355079434812,0.14919922220653334,-2.673766467570524,2.0070500291265216,0.5327467955650609,2.0253279038279417,0.121328125,0.32027357816696167,0.9096999764442444,65,65,0.8786718845367432,65,0.0,0,0.0,0.0,0,0,0,0,66,625,wclamp,1.45481538772583,0.7969609738824359,R,none,1
-2.7346417909074425,1.487587452137619,5.383968733506171,0.124765625,-2.7355468246607826,1.303447864926741,4.313891615345724,0.10862548828125,1.0303206156473301,0.68752866354743,-0.01887294261268111,-0.02623316935044045,0.01948799173646067,3.1057788539494413,-0.012655651060631498,0.15046836332748734,-2.699924117249625,2.0273523358820835,0.5375182138949817,2.0425583191392915,0.124765625,0.3035017251968384,0.9092000126838684,64,64,0.8752343654632568,64,0.0,0,0.0,0.0,0,0,0,0,67,625,wclamp,1.531381607055664,0.8195201405193755,R,none,1
-2.740552984160915,1.4988057533088672,4.765095036067311,0.12501953125,-2.761864265852052,1.2987398112078392,4.09203280463596,0.1008544921875,1.0200665181016064,0.6845858251226915,-0.01792724600812456,-0.026483650628636085,0.018866598479560324,3.105778854174341,-0.013143336799694226,0.1502792709982717,-2.726070557036816,1.9696408469853393,0.5375182237597924,2.0546486143390505,0.12501953125,0.2924823760986328,0.9133999943733215,61,61,0.8749804496765137,61,0.0,0,0.0,0.0,0,0,0,0,68,625,wclamp,1.4218964576721191,0.8387313158703456,R,none,1
-2.8007772229993844,1.4770126795575986,4.421726292099485,0.119921875,-2.8023414177901764,1.3047352486882975,4.039220489476279,0.10154052734374999,1.0389136263601209,0.6874550100509355,-0.02403456724134285,-0.02691659294521955,0.01877138665078206,3.1057788523739625,-0.014496618347475305,0.14999158918648503,-2.7717735021533283,1.9583292351795418,0.5845405793436411,2.0615269344989473,0.119921875,0.2534353733062744,0.9150999784469604,68,68,0.880078136920929,68,0.0,0,0.0,0.0,0,0,0,0,69,625,wclamp,1.7300580739974976,0.8509541599915712,R,none,1
-2.872461948467623,1.4615906034687103,4.821779558035161,0.11947265625,-2.8373631537347763,1.308748900067026,3.986262150797812,0.09450683593749999,1.051398991331969,0.6869668554274169,-0.02554216333273607,-0.02722069996773694,0.01867733692846092,3.10577885379613,-0.015176878871861844,0.1503811400006022,-2.80360582063307,1.9528495804411412,0.6012896716066143,2.0686816762896543,0.11947265625,0.27289295196533203,0.9180999994277954,63,63,0.8805273175239563,63,0.0,0,0.0,0.0,0,0,0,0,70,625,wclamp,1.5108941793441772,0.8661568328511922,R,none,1
-2.793417851901047,1.469943671064227,4.6325856269660175,0.12490234375,-2.814303735239215,1.3063087461552754,4.051108987561554,0.09400634765625,1.04727778560357,0.6863276690304729,-0.027162914352276028,-0.027037948620743425,0.018827824925040648,3.1057788536160076,-0.016755431096535177,0.15153383647389979,-2.7864637247588138,1.9691412413176137,0.6012896387137063,2.0743772296931535,0.12490234375,0.3056938350200653,0.9049999713897705,62,62,0.8750976324081421,62,0.0,0,0.0,0.0,0,0,0,0,71,625,wclamp,1.5390344858169556,0.8808243036588571,R,none,1
-2.757898683337936,1.4837008759610106,4.877909068995297,0.12724609375,-2.8011371603242186,1.309202075121108,4.198738047594079,0.09747070312499999,1.055265450309384,0.687770445482308,-0.02902582229027692,-0.026909117573167655,0.01922801404250659,3.105778854957175,-0.018430585885653272,0.1511059812228481,-2.7749417089357333,2.0092741185743592,0.5889600466029701,2.07982466233071,0.12724609375,0.24574190378189087,0.9210000038146973,64,64,0.872753918170929,64,0.0,0,0.0,0.0,0,0,0,0,72,625,wclamp,1.3818080425262451,0.8959928894868494,R,none,1
-2.8851362290201013,1.4553169711141294,5.057618702387224,0.12396484375,-2.8209111112276806,1.3191152604460474,4.401122111075773,0.1048046875,1.0809232997295235,0.6871992625907507,-0.028057491978631215,-0.02709904013926179,0.019648265972222606,3.1057788549458922,-0.01860044018831104,0.15188756122167435,-2.7945668153302963,2.0536112243524776,0.5871781642543334,2.0848559683816132,0.12396484375,0.28155726194381714,0.9164000153541565,68,68,0.8760351538658142,68,0.0,0,0.0,0.0,0,0,0,0,73,625,wclamp,1.3846149444580078,0.9124914222257862,R,none,1
-2.7959560453697283,1.50854087331582,5.1203359389556065,0.126796875,-2.83583130835786,1.3224450485147514,4.459940138940473,0.10631103515625001,1.0867925674120076,0.6871347398672514,-0.02506640093807607,-0.027183242914163866,0.01968672965870794,3.105778852991912,-0.01855370944016613,0.15307683378939063,-2.803145632594945,2.0600368568954415,0.4938882901956616,2.0956940942473885,0.126796875,0.26642200350761414,0.9157000184059143,62,62,0.8732030987739563,62,0.0,0,0.0,0.0,0,0,0,0,74,625,wclamp,1.5500109195709229,0.9278745904244459,R,none,1
-2.877638836489491,1.4687305817990495,4.768151927937511,0.1103515625,-2.894674723581586,1.3299139131483295,4.360875224025316,0.10061279296874999,1.1035349820967801,0.6856086698791429,-0.020472635590421073,-0.02769254708276605,0.019415790381347227,3.105778854710701,-0.019044043864123523,0.15283736603629833,-2.855807971617358,2.032663391316873,0.4309450458675552,2.103436953325746,0.1103515625,0.32724887132644653,0.9032999873161316,67,67,0.8896484375,67,0.0,0,0.0,0.0,0,0,0,0,75,625,wclamp,1.2762364149093628,0.9428458013773041,R,none,1
-2.925990032572778,1.48518177900793,4.783010325338011,0.11302734375,-2.922010074012367,1.335491726872871,4.3254111452637325,0.09747802734375001,1.1142685254398406,0.6857446358766524,-0.01647500877061034,-0.027928747699890705,0.019363904577864754,3.1057788552471113,-0.019128696240950375,0.15239401698443408,-2.8800884983704087,2.026179113231492,0.4679355985492869,2.110244337022728,0.11302734375,0.297995388507843,0.9164999723434448,67,67,0.8869726657867432,67,0.0,0,0.0,0.0,0,0,0,0,76,625,wclamp,1.3477206230163574,0.9567255363940372,R,none,1
-3.026086066491509,1.459971265434817,5.103233251278711,0.10576171875,-2.9250510498651163,1.3375639956718557,4.342455363680253,0.09781494140625,1.1178248853134185,0.685169807881899,-0.013917250677657624,-0.027950343913341173,0.019427823011496696,3.105778854506436,-0.019637215643306262,0.152224489428199,-2.882809286622909,2.0325640828147997,0.45143412360086155,2.118495482894386,0.10576171875,0.3083568215370178,0.9071999788284302,69,69,0.894238293170929,69,0.0,0,0.0,0.0,0,0,0,0,77,625,wclamp,1.4888579845428467,0.9693519424625825,R,none,1
-2.9540009153271694,1.490970386847749,4.531371001162646,0.11412109375,-2.9587449925765283,1.343306944696121,4.318078847759865,0.1005859375,1.1297331758154254,0.685771270216076,-0.011030898362674471,-0.028256240981126095,0.019302595934403845,3.1057788562749544,-0.021116962531232276,0.15116411119468207,-2.915624459786512,2.0194140869457597,0.4002462475209514,2.1229391317478257,0.11412109375,0.2961031496524811,0.9171000123023987,68,68,0.8858789205551147,68,0.0,0,0.0,0.0,0,0,0,0,78,625,wclamp,1.5213191509246826,0.9826840591412066,R,none,1
-3.0895311678115753,1.4916007462315162,4.694767906683927,0.10572265625,-3.017102051842002,1.3524562634058659,4.244182887680898,0.09789306640625,1.1563603973576513,0.6865813554748749,-0.013803808406770304,-0.02881406398780853,0.019192578414226603,3.105778853885499,-0.02283936730993446,0.1512180927943232,-2.9744890327701885,2.007137818616462,0.40024624894597416,2.1270163464998886,0.10572265625,0.2633557915687561,0.9190999865531921,68,68,0.8942773342132568,68,0.0,0,0.0,0.0,0,0,0,0,79,625,wclamp,1.5643463134765625,0.9958916597039934,R,none,1
-2.984768565774277,1.5243230694263996,4.731966801606841,0.11521484375,-3.015354802340507,1.3522935740130484,4.1990247193749655,0.09267089843750001,1.1507377034076742,0.6889730133244566,-0.011012806415147316,-0.028788980088112197,0.019078046784158566,3.105778857469567,-0.02405932127032429,0.15018446935192642,-2.9731394469329837,1.9947248597912643,0.4002250977904329,2.137311892747071,0.11521484375,0.2697860896587372,0.9218000173568726,71,71,0.8847851753234863,71,0.0,0,0.0,0.0,0,0,0,0,80,625,wclamp,1.547958493232727,1.0090286118409033,R,none,1
-2.9604861819508916,1.4784867950003733,4.835140688583369,0.1151171875,-2.983058624446756,1.341405405505478,4.100138224262562,0.08828125,1.1260663286682897,0.685932960121635,-0.012630826870609372,-0.02847402742166415,0.018879468203708408,3.105778856361368,-0.024042094028554856,0.1478353307382162,-2.940859157703481,1.9741857226083022,0.39674199926998277,2.1440818749501642,0.1151171875,0.286914199590683,0.9160000085830688,67,67,0.8848828077316284,67,0.0,0,0.0,0.0,0,0,0,0,81,625,wclamp,1.6438804864883423,1.0245435415939461,R,none,1
-3.0517750238343075,1.4977903405682282,4.960879648862104,0.110234375,-2.9963825928075405,1.342413750648329,4.062615002142123,0.08805908203125,1.1267788052618546,0.6830369748502441,-0.0077411021823854355,-0.028570241779493258,0.01875324897727556,3.105778855510076,-0.02512874954380095,0.14656254714855035,-2.9518018015034375,1.9633805322525761,0.4159699548809983,2.150075363268901,0.110234375,0.2750965356826782,0.9132000207901001,67,67,0.8897656202316284,67,0.0,0,0.0,0.0,0,0,0,0,82,625,wclamp,1.3873885869979858,1.035149911260533,R,none,1
-3.0918211500197925,1.4957336187361039,4.526420671193925,0.10177734375,-3.0217455354882525,1.3415911688205975,3.8345861732214193,0.08520751953125,1.1241618053914941,0.6823147167961997,-0.006609657930277607,-0.028786086125820384,0.018346435680862905,3.10577885241153,-0.023922848999500274,0.1453568249852332,-2.9727065234974055,1.9157053114652662,0.42953561084078906,2.1565714995202385,0.10177734375,0.2806260287761688,0.9187999963760376,67,67,0.8982226848602295,67,0.0,0,0.0,0.0,0,0,0,0,83,625,wclamp,1.6608240604400635,1.0494011736958182,R,none,1
-3.081305974049613,1.4669696336130822,4.479359565633914,0.097890625,-3.0436025977007635,1.3457460720154286,3.9103176992537674,0.08721191406249999,1.139742710882094,0.6810065269208804,-0.009716747458019327,-0.028959228828550673,0.018513336817632044,3.105778850973894,-0.024336310420185327,0.14610114298827032,-2.990856344523836,1.935369933223987,0.4176526334327355,2.1624539927377557,0.097890625,0.33188629150390625,0.9154000282287598,73,73,0.9021093845367432,73,0.0,0,0.0,0.0,0,0,0,0,84,625,wclamp,1.5033620595932007,1.0594400656894087,R,none,1
-3.0260371133702018,1.4912342844256623,4.677089546916319,0.1162890625,-3.0033380353141568,1.3408296776134376,3.9988574794368583,0.09065429687499998,1.1271354185494007,0.6785957378267262,-0.007906932007172138,-0.02859632677331513,0.01872332232658745,3.1057788548022778,-0.02488741715438664,0.1454066041329432,-2.954232558803296,1.956252885931533,0.399062751644228,2.1685116002553553,0.1162890625,0.2645014822483063,0.9223999977111816,65,65,0.8837109208106995,65,0.0,0,0.0,0.0,0,0,0,0,85,625,wclamp,1.2647160291671753,1.072484645053887,R,none,1
-2.9466974381574182,1.5174917658546394,4.499634978345779,0.1111328125,-2.9848987439952066,1.3369511805521241,3.9836866545834346,0.09292724609375001,1.117059472927283,0.678053778225907,-0.007674791973471714,-0.028427219310060134,0.018701921269769516,3.1057788570186564,-0.023483343897387387,0.1459125605199917,-2.9355054870426964,1.9519934856495929,0.4939149152560671,2.1753153662919247,0.1111328125,0.30111032724380493,0.9068999886512756,67,67,0.888867199420929,67,0.0,0,0.0,0.0,0,0,0,0,86,625,wclamp,1.5511484146118164,1.0850507994422058,R,none,1
-3.1714628418887436,1.4787631591752468,4.611471417242584,0.08935546875,-3.068339702947617,1.3496742942987514,3.899902364178936,0.08777587890625,1.1509817510237865,0.6786461987728042,-0.008007249105758441,-0.02917873496244415,0.01848327982082617,3.1057788549243357,-0.026903954558074473,0.1468025261696925,-3.015909716705756,1.92956401134325,0.4604070130319946,2.178622004180959,0.08935546875,0.35654887557029724,0.9042999744415283,72,72,0.91064453125,72,0.0,0,0.0,0.0,0,0,0,0,87,625,wclamp,1.519282579421997,1.095003196770617,R,none,1
-3.1217730212037473,1.4835078563369886,4.5308680472993155,0.10126953125,-3.1315440342507737,1.357385166229723,3.759075265465022,0.0799267578125,1.1727835668809772,0.677478473288095,-0.0077675506685800115,-0.02974426559422692,0.018190853909946614,3.1057788542080567,-0.030025380458682777,0.14700403253632102,-3.0769628630611887,1.8993927950057476,0.4423317506545317,2.1834925415225155,0.10126953125,0.3446909785270691,0.9053000211715698,65,65,0.898730456829071,65,0.0,0,0.0,0.0,0,0,0,0,88,625,wclamp,1.3797277212142944,1.1070799732804073,R,none,1
-3.1142788781611754,1.4971851080361664,4.68628081311946,0.1054296875,-3.1241973063027695,1.3578176930763899,3.7864018225774907,0.08114990234375,1.1714233350417707,0.6789502822529103,-0.0067047296633922435,-0.029679793421066813,0.018257284558023744,3.1057788552954975,-0.03030081787612289,0.14770591490246393,-3.0706339121347956,1.9064629092779557,0.4250211011320353,2.191034954639223,0.1054296875,0.2915576696395874,0.9151999950408936,73,73,0.8945702910423279,73,0.0,0,0.0,0.0,0,0,0,0,89,625,wclamp,1.6058096885681152,1.1207824594425786,R,none,1
-3.189006374498722,1.5258455836677058,4.820269529696074,0.100703125,-3.1166815135496986,1.3576182268037489,3.837374696097752,0.08104980468749999,1.1720053357477265,0.6791730104893364,-0.008051096487308056,-0.02962872359501552,0.018356485988215075,3.1057788512053044,-0.0310058757616207,0.14879724718725074,-3.0661074887879622,1.9182345149228492,0.46963610551612656,2.2010097960610353,0.100703125,0.2963375449180603,0.9136000275611877,70,70,0.8992968797683716,70,0.0,0,0.0,0.0,0,0,0,0,90,625,wclamp,1.6584361791610718,1.1346347178924914,R,none,1
-3.222323020315498,1.4794715241006362,4.11707455209307,0.08078125,-3.156875380483291,1.3613976205430094,3.717728810332911,0.0773681640625,1.1854415815345083,0.6788484882099882,-0.010886588524329593,-0.030014499283459218,0.01810742335109011,3.1057788518424236,-0.031143653197796085,0.14970578502751578,-3.105763283613817,1.8937397461141434,0.43137577412345696,2.2106199215528908,0.08078125,0.34584683179855347,0.8974000215530396,72,72,0.9192187786102295,72,0.0,0,0.0,0.0,0,0,0,0,91,625,wclamp,1.497417688369751,1.144601690144212,R,none,1
-3.20469691807127,1.5219534817989373,4.661726742674641,0.098203125,-3.1389947786463366,1.3542407199366124,3.656205530289871,0.07751953125,1.1667346298935768,0.6759770689870424,-0.008743771346185142,-0.029818844230488573,0.017893996467040162,3.105778854923599,-0.03076779888331657,0.14942033439402708,-3.085344953795335,1.8694739635609394,0.42448897194027824,2.2217582897082964,0.098203125,0.3015805184841156,0.9157000184059143,66,66,0.9017968773841858,66,0.0,0,0.0,0.0,0,0,0,0,92,625,wclamp,1.5136795043945312,1.156067122404613,R,none,1
-3.1484165546547014,1.497443642269104,4.660677924798679,0.09984375,-3.140002695893503,1.356889335012306,3.779675305159223,0.07782226562500001,1.1789560518489492,0.6738704069656672,-0.011677791344479615,-0.029825285272305678,0.018234002373782966,3.1057788525022603,-0.03216139276279137,0.14904894205874133,-3.087398353904598,1.9062487020607868,0.48527976040374776,2.2252575247996194,0.09984375,0.28445807099342346,0.9053999781608582,74,74,0.9001562595367432,74,0.0,0,0.0,0.0,0,0,0,0,93,625,wclamp,1.6511452198028564,1.167269394943528,R,none,1
-3.2874569487900387,1.5010222405827338,4.420331610521033,0.08736328125,-3.2092901434207706,1.3712641458758272,3.829932560100374,0.07642578124999999,1.221855042736283,0.6728078962290592,-0.014297581200780639,-0.03048194113282132,0.018366925578491008,3.1057788543711338,-0.03506880244007334,0.15090582293039134,-3.157572153072567,1.9251211614856678,0.4144035395830752,2.229735507953193,0.08736328125,0.3155020475387573,0.904699981212616,77,77,0.9126366972923279,77,0.0,0,0.0,0.0,0,0,0,0,94,625,wclamp,1.5741071701049805,1.1756882267384394,R,none,1
-3.347874042806045,1.5156020274612323,4.692875225407059,0.091640625,-3.2325389459833964,1.376350349773207,3.868164587616094,0.07656005859375,1.2380899478958347,0.6720358978425096,-0.015785560417515613,-0.030697018757387465,0.018466557332257567,3.105778856082751,-0.03600336243398487,0.14912026902521328,-3.1805387943052534,1.9313880874626295,0.4429075396789246,2.2378671187353842,0.091640625,0.3262782692909241,0.9075000286102295,76,76,0.9083593487739563,76,0.0,0,0.0,0.0,0,0,0,0,95,625,wclamp,1.4803149700164795,1.1882125938637567,R,none,1
-3.196644018663194,1.4955552058965018,4.814821234255782,0.09994140625,-3.209203173968387,1.3747534081157968,3.988281126746644,0.07765869140625001,1.2337700950738664,0.6733950869199442,-0.0172182488678125,-0.03046501714380069,0.018727673696227836,3.1057788572526057,-0.035820036246441304,0.1507773260030621,-3.1565897304758623,1.9627163009865056,0.47067366195877014,2.24606539601981,0.09994140625,0.3318294286727905,0.9020000100135803,69,69,0.9000585675239563,69,0.0,0,0.0,0.0,0,0,0,0,96,625,wclamp,1.4493671655654907,1.2003163950857674,R,none,1
-3.22225118698129,1.5030866748231113,4.513644852925462,0.0993359375,-3.240551778509813,1.3815864054746796,4.0542073239726015,0.08097656249999999,1.2538140660840076,0.674218036763643,-0.01925110705520537,-0.03074800093221164,0.018819662628329435,3.1057788529336112,-0.03812098372261971,0.15113627150161427,-3.1878789180263074,1.9744647249916851,0.4842900912350814,2.2493745830510226,0.0993359375,0.3099896013736725,0.9120000004768372,78,78,0.9006640911102295,78,0.0,0,0.0,0.0,0,0,0,0,97,625,wclamp,1.555820345878601,1.2121900446040716,R,none,1
-3.311846586773438,1.5055976052357534,4.555475544059302,0.08970703125,-3.2553273353993886,1.3852450116672776,4.051378503477717,0.08249755859374999,1.2618539963322624,0.6736916268494091,-0.01664188083259541,-0.030887310728936832,0.018812946319173855,3.1057788541297406,-0.03993903653230518,0.15128214457211683,-3.2039675615819982,1.9725533581193002,0.4397680704809359,2.2543349382715174,0.08970703125,0.340335488319397,0.9039999842643738,73,73,0.9102929830551147,73,0.0,0,0.0,0.0,0,0,0,0,98,625,wclamp,1.430367112159729,1.22334936001488,R,none,1
-3.167166331882037,1.5245660658380404,4.686432622876623,0.101171875,-3.229580982598027,1.3771721388185654,4.022302127440783,0.08071533203125,1.2387072224840077,0.672641832011658,-0.014745954557564077,-0.030562853644861377,0.018704879113941413,3.1057788551699748,-0.03990801905281842,0.15153500111466459,-3.170699870370103,1.9608830592277728,0.46223275524185325,2.262948274445815,0.101171875,0.3091605603694916,0.916100025177002,69,69,0.8988281488418579,69,0.0,0,0.0,0.0,0,0,0,0,99,625,wclamp,1.6114957332611084,1.2362726616835717,R,none,1
-3.2916549132575197,1.500210109500234,5.044802368703205,0.10880859375,-3.24715717642366,1.386238183498986,4.209679268718331,0.08687255859374998,1.2619464252752968,0.6736501225760101,-0.013940246460738867,-0.030702270223524435,0.019115944183230073,3.1057788527800203,-0.04085408692248166,0.15332657885806136,-3.1859274674938343,2.0058111606629905,0.5477196524250472,2.26785661869957,0.10880859375,0.30253463983535767,0.909600019454956,72,72,0.8911914229393005,72,0.0,0,0.0,0.0,0,0,0,0,100,625,wclamp,1.4837368726730347,1.244809809191314,R,none,1
-3.209273699994195,1.5095914800550392,4.483154687931347,0.0971484375,-3.250181047381268,1.3847641081301254,4.161591693321568,0.09046874999999999,1.2595941701642053,0.6738166696919557,-0.01583920469073979,-0.030714284067667297,0.019032689872815787,3.1057788556346213,-0.042404025103896854,0.15315971016951954,-3.1887080775811683,1.9996020053141241,0.5232872331507945,2.2782001313086298,0.0971484375,0.3694256544113159,0.8970000147819519,74,74,0.9028515815734863,74,0.0,0,0.0,0.0,0,0,0,0,101,625,wclamp,1.5322893857955933,1.258506544530923,R,none,1
-3.191605840515951,1.5197424232721388,4.771355008900802,0.10345703125,-3.210494206827448,1.3818237691897846,4.356829929135918,0.08817626953124999,1.2499769651115133,0.6726050249512396,-0.013145060964890537,-0.030312749450355857,0.01941080119290577,3.1057788547754126,-0.04292987293913029,0.15427806675304792,-3.1481015978363875,2.0371027013254044,0.5633517237753614,2.288278607200161,0.10345703125,0.3256799876689911,0.9093000292778015,71,71,0.8965429663658142,71,0.0,0,0.0,0.0,0,0,0,0,102,625,wclamp,1.539023756980896,1.2729257261760725,R,none,1
-3.21623354940234,1.5175361261037714,5.045107668929315,0.10853515625,-3.221539231377156,1.3879311135087469,4.509806296789886,0.0920556640625,1.2691080184473673,0.6711193071223657,-0.013874549724103983,-0.030381607500781165,0.019809842754958434,3.1057788532805457,-0.04372815838083625,0.15487875085409353,-3.155953551292023,2.076623841219215,0.5556890323582215,2.2948933356803014,0.10853515625,0.32823386788368225,0.901199996471405,73,73,0.8914648294448853,73,0.0,0,0.0,0.0,0,0,0,0,103,625,wclamp,1.3316590785980225,1.2825762266299037,R,none,1
-3.1722385013304235,1.5127729113066453,4.563107790702309,0.1119140625,-3.2243223210690384,1.3855394957265892,4.442218859166687,0.0905908203125,1.2612605286378793,0.6730814740086665,-0.014622308428255215,-0.030360974498439414,0.019635401501249903,3.1057788559187993,-0.04510637066559866,0.15645355115087628,-3.1552181639649692,2.059279370223164,0.5465762277953319,2.305279536737646,0.1119140625,0.3044562041759491,0.9057000279426575,68,68,0.8880859613418579,68,0.0,0,0.0,0.0,0,0,0,0,104,625,wclamp,1.6566638946533203,1.296511369946033,R,none,1
-3.0819411804662575,1.5381525201659987,4.993341447992977,0.11212890625,-3.204768644479509,1.3789333110619062,4.3377358193062445,0.08302490234374998,1.2380625406825083,0.6718258781034007,-0.008431342429758026,-0.030174704704394283,0.019307498228074243,3.1057788553697945,-0.04584313957951963,0.1573272122240743,-3.136873862762877,2.0259300563885736,0.5459922918665701,2.313090729141312,0.11212890625,0.3115810751914978,0.9072999954223633,69,69,0.8878710865974426,69,0.0,0,0.0,0.0,0,0,0,0,105,625,wclamp,1.8349817991256714,1.3100538128523096,R,none,1
-3.1343388847948166,1.506411141635098,4.691125807695737,0.1057421875,-3.202838152289337,1.3791746203249684,4.380174929041747,0.08276367187500001,1.2403649520054438,0.6713034812471834,-0.009545799904106471,-0.030163546663838428,0.01938657445444659,3.105778850030344,-0.04660606717690825,0.15827897058093016,-3.1364937851011736,2.035724627282901,0.5446409997717674,2.326353923564899,0.1057421875,0.30388858914375305,0.9125999808311462,66,66,0.8942577838897705,66,0.0,0,0.0,0.0,0,0,0,0,106,625,wclamp,1.6326773166656494,1.3319827528405368,R,none,1
-3.2548509441414204,1.5271110918343862,5.185662317882955,0.09666015625,-3.196421135910931,1.3773245186632437,4.382786300317614,0.0802734375,1.2332156779624819,0.6722638567209444,-0.008456704972491123,-0.03008260009580382,0.019321116211603304,3.1057788531609276,-0.047008590679615735,0.16017410422361572,-3.128604319297527,2.031115444427914,0.5455605172921221,2.336313090923655,0.09666015625,0.3501754701137543,0.9046000242233276,72,72,0.9033398628234863,72,0.0,0,0.0,0.0,0,0,0,0,107,625,wclamp,1.4064663648605347,1.3438119710196386,R,none,1
-3.1458245637477886,1.519529737637681,5.016623658741885,0.10080078125,-3.1743836854742393,1.3753787861051592,4.444389144749425,0.0851904296875,1.222615964415924,0.6753840887359104,-0.006333247883733828,-0.02983708123094824,0.019417260214600666,3.105778856745219,-0.04725342616206035,0.16080539725127133,-3.1036987394959024,2.0436951878546616,0.449195817777877,2.3465910645966024,0.10080078125,0.29082250595092773,0.9190000295639038,69,69,0.8991992473602295,69,0.0,0,0.0,0.0,0,0,0,0,108,625,wclamp,1.5466630458831787,1.3597188539314375,R,none,1
-3.1630348251740883,1.4718969064593346,4.784097784432423,0.09275390625,-3.211922121948346,1.3829697717414648,4.442333038811165,0.08571777343749999,1.2423721000110652,0.6753302720522362,-0.005096982512662151,-0.030212951282794238,0.019363286542271246,3.10577885251867,-0.04791957496665418,0.16056357879328945,-3.142868193952111,2.03865947046661,0.44002081562287465,2.3548853872020667,0.09275390625,0.3060077130794525,0.9099000096321106,73,73,0.9072461128234863,73,0.0,0,0.0,0.0,0,0,0,0,109,625,wclamp,1.527967095375061,1.369645891757795,R,none,1
-3.463004862393967,1.5402289147298154,4.933204462457062,0.09001953125,-3.290578324751777,1.3973905663678596,4.387068051416328,0.08288330078125,1.2828649067049196,0.6759835372418991,-0.0061480489729312335,-0.03095286911368625,0.019278259835562906,3.10577885616032,-0.05048569620586932,0.1615290898204686,-3.221229878737812,2.0323116898858866,0.438243548331827,2.362625756758405,0.09001953125,0.3434838652610779,0.902999997138977,77,77,0.9099804759025574,77,0.0,0,0.0,0.0,0,0,0,0,110,625,wclamp,1.5100266933441162,1.37877228900392,R,none,1
-3.1711428733346163,1.4869795204689265,4.852167134067155,0.09587890625,-3.2551355896065854,1.391726428870868,4.463090803946178,0.08430419921875,1.267376880245412,0.6758277462906637,-0.006302173718416934,-0.030579823639327933,0.01945641151814643,3.105778857135616,-0.04979025129461661,0.16168648976213407,-3.182320471712188,2.0515716785157108,0.4506937259205397,2.3695902341762247,0.09587890625,0.31726551055908203,0.9100000262260437,69,69,0.9041211009025574,69,0.0,0,0.0,0.0,0,0,0,0,111,625,wclamp,1.208806037902832,1.3898786212787633,R,none,1
-3.2986347192796717,1.51104906135154,4.578413352075803,0.087421875,-3.3012658653764557,1.3998224632887337,4.414351252603655,0.08428955078125,1.2915826626426568,0.6734651936715583,-0.005544927586477313,-0.03105188861729218,0.019353239029720443,3.1057788560185084,-0.049995144240092486,0.16055024695764858,-3.2308826680520486,2.0373527839768526,0.436320158819008,2.3779460962353864,0.087421875,0.2888615131378174,0.9169999957084656,76,76,0.9125781059265137,76,0.0,0,0.0,0.0,0,0,0,0,112,625,wclamp,1.663523554801941,1.3995212254604523,R,none,1
-3.3117515367485963,1.5358184019241063,4.874339639211862,0.09841796875,-3.3294492041798533,1.4025515418232055,4.270966729677869,0.0793896484375,1.2944797890569482,0.6750111675775184,-0.002340129163816199,-0.03130851674871281,0.01901439961882133,3.105778853645741,-0.04938092551426962,0.15938361205276874,-3.256556873568495,2.0000679693334527,0.4370741105579805,2.3828417584262542,0.09841796875,0.29772961139678955,0.9154000282287598,68,68,0.9015820026397705,68,0.0,0,0.0,0.0,0,0,0,0,113,625,wclamp,1.5760034322738647,1.4148235496421013,R,none,1
-3.36615853740588,1.49993688808812,4.57019003339037,0.090390625,-3.3327756451366883,1.4018709151044242,4.156588758251874,0.07315185546875,1.289508025754328,0.6749685364633052,0.0007655003980818476,-0.03137640947303153,0.01876534431537834,3.1057788556820776,-0.049355264205951245,0.1588254916674482,-3.2634859943800247,1.9720725793882774,0.4560334682249616,2.3934527776753316,0.090390625,0.30556607246398926,0.9172999858856201,73,73,0.9096093773841858,73,0.0,0,0.0,0.0,0,0,0,0,114,625,wclamp,1.9370319843292236,1.429989577015506,R,none,1
-3.3398048685593182,1.5320149096038156,5.1431203906809175,0.09396484375,-3.3243037725387796,1.4026514253870066,4.287215269238477,0.07381103515625,1.2948430787996026,0.6734899935473794,-0.0009020512067811026,-0.03130760076597906,0.01902580641759507,3.1057788524828935,-0.04988137441861909,0.16073962579740672,-3.256963491205905,2.0030915513465444,0.46378726571575424,2.401005898481112,0.09396484375,0.3241111934185028,0.9052000045776367,72,72,0.9060351848602295,72,0.0,0,0.0,0.0,0,0,0,0,115,625,wclamp,1.5491822957992554,1.4445484719898798,R,none,1
-3.2131624876580407,1.536279580267618,5.260049765046131,0.108828125,-3.255403371916771,1.3917753775949495,4.35083307774406,0.07913330078125,1.2650446829735522,0.6748327176046515,-0.002838698898640184,-0.03068469534911082,0.019227834917212402,3.1057788523158036,-0.04822384650062304,0.16088903327473872,-3.1914968953934792,2.0212582315812457,0.46378727900104,2.4098469286848543,0.108828125,0.30437469482421875,0.9168000221252441,72,72,0.8911718726158142,72,0.0,0,0.0,0.0,0,0,0,0,116,625,wclamp,1.3658974170684814,1.4588549454239692,R,none,1
-3.2107959685810807,1.4936712646279742,4.763324440354003,0.09517578125,-3.2553205122342446,1.392005111717624,4.381811950033309,0.08387695312499999,1.2735177185795075,0.6713766539385668,-0.007216141470079882,-0.03071840921014159,0.019401599888470823,3.105778856844635,-0.050407485153409655,0.15978245266756394,-3.197134108199324,2.0330615185579446,0.5230859242602213,2.4215381107162783,0.09517578125,0.31630945205688477,0.9117000102996826,69,69,0.9048241972923279,69,0.0,0,0.0,0.0,0,0,0,0,117,625,wclamp,1.57909095287323,1.4715229517935982,R,none,1
-3.1819138881993543,1.513623728333015,4.613573226922923,0.10095703125,-3.2419672699108015,1.391636014761199,4.432317233131967,0.08388916015625,1.2703874677565086,0.6719119340076343,-0.0056486041837112725,-0.03058410531327189,0.01952973726204559,3.1057788553656076,-0.050445296056568625,0.16181812767238693,-3.18341412178402,2.047796842094806,0.5113618356376959,2.4268837351865136,0.10095703125,0.26805007457733154,0.9132000207901001,69,69,0.8990429639816284,69,0.0,0,0.0,0.0,0,0,0,0,118,625,wclamp,1.4269487857818604,1.4826362847450805,R,none,1
-3.1904650249585895,1.4973008701461665,4.685925535107942,0.0952734375,-3.2469788458201903,1.3906223798732007,4.369543494454964,0.08225830078125,1.2685873409289334,0.6712736259443897,-0.006030363469118504,-0.030649173578885584,0.019379380897538004,3.105778855101109,-0.05142534290440381,0.16132903694482403,-3.191059619382295,2.0338344137323507,0.5515215538510798,2.4317547335778356,0.0952734375,0.3328338861465454,0.9193999767303467,69,69,0.9047265648841858,69,0.0,0,0.0,0.0,0,0,0,0,119,625,wclamp,1.5428868532180786,1.494181756473525,R,none,1
-3.2626896035324116,1.526850046860318,5.387073093554448,0.10435546875,-3.2213964611727555,1.3911610321447916,4.559195646504515,0.09130615234375,1.272236659463433,0.6720047720717912,-0.008912414177062712,-0.03041986455079949,0.01983297062210786,3.105778853768044,-0.05135794294765219,0.16086246452932534,-3.1675023043506094,2.0790310883726253,0.5263763099591383,2.4358938044912835,0.10435546875,0.301174134016037,0.9211999773979187,73,73,0.8956445455551147,73,0.0,0,0.0,0.0,0,0,0,0,120,625,wclamp,1.4405776262283325,1.5057406629027577,R,none,1
-3.2483958366499435,1.5264848436043397,5.503313276195086,0.11236328125,-3.22833430834462,1.3913879882105746,4.550165876420033,0.0886474609375,1.2705161932315108,0.6708091404878406,-0.005364799982682182,-0.030392140330572453,0.019830516121046964,3.1057788537535256,-0.05301309085451066,0.159942070654735,-3.166317443802121,2.079363738663249,0.5170181242257001,2.4420648313947684,0.11236328125,0.3723078966140747,0.9010000228881836,71,71,0.8876367211341858,71,0.0,0,0.0,0.0,0,0,0,0,121,625,wclamp,1.5673385858535767,1.5192121512994095,R,none,1
-3.2702586064876114,1.5076269084755032,4.877335487322826,0.096484375,-3.2078275567870422,1.38333399314356,4.420951020316739,0.08853759765625001,1.2488375774328664,0.6698079794509626,-0.005032620297322404,-0.030185030450942785,0.019578684999107247,3.10577885362482,-0.05381931708659977,0.15919270070329705,-3.1459077871521193,2.0547861232722586,0.5169666194293092,2.4498550041427993,0.096484375,0.31475573778152466,0.9144999980926514,72,72,0.903515636920929,72,0.0,0,0.0,0.0,0,0,0,0,122,625,wclamp,1.5713897943496704,1.5292940681888407,R,none,1
-3.373112983082462,1.49251090897306,5.117662801286726,0.09427734375,-3.2225435786522683,1.3842276775733455,4.353449784851168,0.08606689453125,1.251148030877785,0.6701205559070292,-0.005182323424716235,-0.030300049651728216,0.01946182985329483,3.105778853830369,-0.05423658028710634,0.16001711428842785,-3.158107365601994,2.0425967240552274,0.5181472329021437,2.4539288234344903,0.09427734375,0.3019671142101288,0.9106000065803528,75,75,0.9057226777076721,75,0.0,0,0.0,0.0,0,0,0,0,123,625,wclamp,1.7497601509094238,1.5408367824861218,R,none,1
-3.2341204442375964,1.49896645819383,5.232128461370829,0.10361328125,-3.226334882338959,1.3845792453602783,4.380603629798165,0.09080322265625,1.2564181692504848,0.6680623752669539,-0.0074208578350007815,-0.030336428653533476,0.0195453216236667,3.1057788530049573,-0.055539910721709024,0.15849747350896584,-3.1631372813788685,2.04908788322786,0.5077245950902265,2.4602912427187285,0.10361328125,0.32732295989990234,0.9101999998092651,72,72,0.8963867425918579,72,0.0,0,0.0,0.0,0,0,0,0,124,625,wclamp,1.6598397493362427,1.551058102965167,R,none,1
-3.2683839216302233,1.5140916041757118,4.817992229833669,0.10048828125,-3.2673741920118173,1.3904239665610814,4.311310366130325,0.08616455078125,1.2697794745821753,0.6678849200107999,-0.004385587805524656,-0.0307008946829532,0.019329329947141333,3.1057788552669567,-0.056885464623337614,0.15848595847217492,-3.2018179378284595,2.028621378163824,0.5077209460997381,2.472843290358443,0.10048828125,0.31004977226257324,0.9157000184059143,79,79,0.8995116949081421,79,0.0,0,0.0,0.0,0,0,0,0,125,625,wclamp,1.5040737390518188,1.565903529277096,R,none,1
-3.3628165397269925,1.4990466128661242,5.37899817147747,0.10162109375,-3.2807043489208456,1.3976545226271437,4.445920110552394,0.09256103515624999,1.2897503351772146,0.667842216420433,-0.004154386977539119,-0.030876707480724484,0.019583087485914467,3.105778852595951,-0.05693619301309809,0.15773075913358883,-3.219878544517401,2.0550091990250463,0.5077209314527558,2.475815405221435,0.10162109375,0.2753961980342865,0.9132000207901001,78,78,0.8983789086341858,78,0.0,0,0.0,0.0,0,0,0,0,126,625,wclamp,1.651391625404358,1.5740119448761583,R,none,1
-3.1621342481307604,1.5332001772615533,5.367326928378617,0.11384765625,-3.2688244451151185,1.4007932842738233,4.619819770436943,0.09515136718749999,1.2975639043644065,0.6687370657851359,-0.00407914488289872,-0.030750665862702836,0.01998409240359359,3.1057788536581303,-0.05691237016348168,0.15717005403694648,-3.206943294115423,2.0957335823078274,0.5173683061513965,2.4845140177491625,0.11384765625,0.3013041615486145,0.9132000207901001,71,71,0.8861523270606995,71,0.0,0,0.0,0.0,0,0,0,0,127,625,wclamp,1.3847267627716064,1.5866213102262459,R,none,1
-3.172669342607378,1.4949289443325653,4.736397400042281,0.1044921875,-3.2816943674549197,1.4024963825528869,4.617356932436063,0.09538085937499999,1.30175515321848,0.6684616937867182,-0.003220743931264829,-0.03080940121009425,0.020002313958802885,3.1057788544310174,-0.059663880937732755,0.15791830764476983,-3.215711525354789,2.098945850274856,0.5153063628810424,2.494156224658376,0.1044921875,0.28631287813186646,0.9153000116348267,67,67,0.8955078125,67,0.0,0,0.0,0.0,0,0,0,0,128,625,wclamp,1.3031833171844482,1.5982485007986302,R,none,1
-3.076929445967942,1.4992616551000673,5.4725237428730065,0.1238671875,-3.231075307463245,1.3921074774219349,4.614953091552248,0.0964990234375,1.2703946182816586,0.6681007504924963,-0.0005321400800924137,-0.030301480032318334,0.01996561681846813,3.105778855138533,-0.05893169283575844,0.1596347120636149,-3.1629490032084124,2.096635815184213,0.48113611472892304,2.50163647693525,0.1238671875,0.3189259171485901,0.9168999791145325,72,72,0.8761327862739563,72,0.0,0,0.0,0.0,0,0,0,0,129,625,wclamp,1.5051387548446655,1.6113303542745208,R,none,1
-3.097678486337985,1.4892256376419815,5.0942569774804,0.10986328125,-3.2072709092219873,1.387556841792401,4.677626046793992,0.10007812499999999,1.2604676093266893,0.6666538504155136,-0.0018074705373018363,-0.030063745768407747,0.02006706426457569,3.105778853094794,-0.06178609150927514,0.16017998890562732,-3.141450424084801,2.108458491445274,0.48965589484616245,2.508247050400223,0.10986328125,0.2963807284832001,0.9092000126838684,71,71,0.89013671875,71,0.0,0,0.0,0.0,0,0,0,0,130,625,wclamp,1.4143234491348267,1.6220628135307094,R,none,1
-3.210821825522759,1.5331193442568194,5.463642910189813,0.11001953125,-3.2350785867967433,1.394707506131187,4.758874782939119,0.09751708984375,1.282225093667282,0.6650290402130509,-0.00204510622165877,-0.030319746627381062,0.020243052783137195,3.1057788529662536,-0.06389151600189508,0.16093817965152418,-3.1697800164027523,2.1272593299605287,0.5042607461590349,2.511837411587975,0.11001953125,0.2850225865840912,0.9146999716758728,73,73,0.8899804949760437,73,0.0,0,0.0,0.0,0,0,0,0,131,625,wclamp,1.8455883264541626,1.633601187379138,R,none,1
-3.123920091230877,1.5302381113821197,5.498120005005542,0.11748046875,-3.177306035797163,1.3899687713740823,5.001954362792067,0.10431396484375,1.2695506846322784,0.6650055754835372,-0.002543074720640357,-0.029790337966838817,0.020699433472906013,3.1057788548405347,-0.06380370699334889,0.16066639133560748,-3.1154607426330245,2.175891525422024,0.5311764825135228,2.5210767049675513,0.11748046875,0.31871268153190613,0.9124000072479248,70,70,0.882519543170929,70,0.0,0,0.0,0.0,0,0,0,0,132,625,wclamp,1.767283320426941,1.6466058548931282,R,none,1
-3.1814665306648164,1.532179011218219,5.122404940876666,0.1062109375,-3.1862569086747095,1.3867291558616777,4.8642257166814815,0.09911621093750002,1.2632930503287503,0.6639438979294543,-0.0042191965413641295,-0.02987043556848225,0.020425513915902218,3.105778854912827,-0.06477165900869294,0.16148091056442085,-3.124633717695275,2.1487859191992293,0.5041748766496141,2.5299443394705587,0.1062109375,0.2829608619213104,0.9111999869346619,72,72,0.8937890529632568,72,0.0,0,0.0,0.0,0,0,0,0,133,625,wclamp,1.4718364477157593,1.657123813320801,R,none,1
-3.131946932447195,1.5280234711930778,5.423517948813245,0.11939453125,-3.152431350533252,1.3785418404286462,4.823307295914596,0.10152587890625,1.2439192005433675,0.6639131067733725,-0.007454701504340442,-0.029543360933118074,0.020409623611956713,3.105778853470829,-0.06573096581501886,0.1623644416615362,-3.092088214542767,2.146449566320557,0.5050201718218528,2.5383832454951976,0.11939453125,0.2844909131526947,0.9217000007629395,71,71,0.8806054592132568,71,0.0,0,0.0,0.0,0,0,0,0,134,625,wclamp,1.595428466796875,1.669568666063194,R,none,1
-3.155443035466143,1.5122284462219047,5.68677706714679,0.11703125,-3.1463505488551458,1.3757907867420616,4.785736785282652,0.10113769531249998,1.2366090540573085,0.6648849735465937,-0.008693738719562109,-0.02947086280600142,0.020328648526091397,3.105778854391898,-0.06573179724393413,0.16210668446796858,-3.0846624964665192,2.1377121384716595,0.5050250810812718,2.548887264798982,0.11703125,0.27132296562194824,0.9200999736785889,72,72,0.8829687237739563,72,0.0,0,0.0,0.0,0,0,0,0,135,625,wclamp,1.4623832702636719,1.6809251345103238,R,none,1
-3.1966183004642197,1.5406564197142736,5.014271923471888,0.10111328125,-3.186043630630063,1.3755612284477248,4.483934229378367,0.09208496093749999,1.2343069822501058,0.6672405572723434,-0.009378846313835787,-0.02983855125824729,0.019724613850738464,3.105778852869745,-0.06709416085504927,0.1621600070473984,-3.1236900605687676,2.0759172247785638,0.5246908463219633,2.555285561754943,0.10111328125,0.2923668324947357,0.9020000100135803,70,70,0.8988867402076721,70,0.0,0,0.0,0.0,0,0,0,0,136,625,wclamp,1.5800766944885254,1.692083604001122,R,none,1
-3.1579052131985224,1.5043855092938094,5.338714144247586,0.10876953125,-3.167256808415798,1.3716514624874097,4.416168013173911,0.09112548828125,1.2222614451819092,0.6684655382394824,-0.009299248877542727,-0.029692775086366606,0.019627864059035535,3.1057788558143526,-0.06821247576968745,0.1629822646322282,-3.1098753834158597,2.0664297695241003,0.5132186440073503,2.560846312454258,0.10876953125,0.28399524092674255,0.9121999740600586,72,72,0.8912304639816284,72,0.0,0,0.0,0.0,0,0,0,0,137,625,wclamp,1.551682710647583,1.7031735712526612,R,none,1
-3.127549695076478,1.548088208033846,5.11269571380938,0.11291015625,-3.1527230367254764,1.3700582052361423,4.524956966503615,0.092490234375,1.2199538045553182,0.6670378127549403,-0.009932131575379803,-0.02949645621287395,0.019861547416868068,3.1057788536272404,-0.06942121942702215,0.16574325854728394,-3.0909736512474546,2.0944761367378772,0.6074758118607586,2.5688568835075576,0.11291015625,0.30518969893455505,0.9114999771118164,66,66,0.8870898485183716,66,0.0,0,0.0,0.0,0,0,0,0,138,625,wclamp,1.8455884456634521,1.713466752270005,R,none,1
-3.1324034874975357,1.5062223026912358,5.151260578666238,0.11673828125,-3.1396182865767135,1.3677563107551014,4.603754638626704,0.0969873046875,1.2180657450874997,0.6670242232948551,-0.014332642771949637,-0.029341186962601434,0.020041449727576613,3.1057788552906396,-0.07149768329778454,0.1660220511699235,-3.0771446728724783,2.1120872837651743,0.5440823415427269,2.5755375057796823,0.11673828125,0.3024875223636627,0.914900004863739,69,69,0.8832617402076721,69,0.0,0,0.0,0.0,0,0,0,0,139,625,wclamp,1.6764219999313354,1.7271777918349422,R,none,1
-2.9849041287389158,1.503533805277275,5.5523621045957,0.12490234375,-3.1062149825943375,1.3619372358671091,4.606635291910016,0.0976806640625,1.2007686348614286,0.6696816248072314,-0.015577225227318865,-0.02899806631444933,0.020093483755739036,3.105778852173103,-0.0709469826403074,0.16679273147899035,-3.04144544381723,2.118842502632877,0.5821150898834686,2.583929560836446,0.12490234375,0.28204020857810974,0.9243000149726868,64,64,0.8750976324081421,64,0.0,0,0.0,0.0,0,0,0,0,140,625,wclamp,1.6029621362686157,1.7401238098957543,R,none,1
-3.103920021715423,1.4744296779613868,5.442749851024001,0.1157421875,-3.0850660264486067,1.3605039736378688,4.688014930960652,0.09874755859374999,1.1960630118451878,0.6699003679204645,-0.01499231748122209,-0.028777122388561817,0.02028880564214155,3.1057788558054495,-0.07127664379542693,0.16675202474856549,-3.0191420926625527,2.139430684009921,0.5779577463850183,2.587098618590296,0.1157421875,0.2591244876384735,0.9190000295639038,75,75,0.8842577934265137,75,0.0,0,0.0,0.0,0,0,0,0,141,625,wclamp,1.5151393413543701,1.7499686486548927,R,none,1
-3.0863061603857758,1.4855731432627268,5.576395320759047,0.11658203125,-3.0924205484844203,1.3607999961762731,4.670503777465697,0.10002685546875,1.196633789055302,0.6680488991485308,-0.01290605861048835,-0.028830397999118497,0.02022765897968661,3.105778855208821,-0.07067610010737553,0.16620136309306147,-3.0239989859449805,2.132619103604176,0.5543597776837306,2.5958032764565546,0.11658203125,0.3049302399158478,0.9136000275611877,71,71,0.8834179639816284,71,0.0,0,0.0,0.0,0,0,0,0,142,625,wclamp,1.6802031993865967,1.7602910004587593,R,none,1
-3.0786206079128715,1.518923132620205,5.722920741714602,0.1220703125,-3.0939416347634197,1.3655528257083684,4.80570803647975,0.10505126953125,1.2053245083330892,0.668510731436524,-0.00910071996950399,-0.028872929190510956,0.020389021829155387,3.1057788546638125,-0.07252887096721679,0.16595975877817268,-3.0302085589865033,2.1504937092281398,0.5539745521432291,2.608965562334273,0.1220703125,0.34071314334869385,0.9071999788284302,68,68,0.8779296875,68,0.0,0,0.0,0.0,0,0,0,0,143,625,wclamp,1.6196544170379639,1.7723905223206806,R,none,1
-2.9932678782078574,1.5121600555150347,5.403787750327281,0.1279296875,-3.073075958698804,1.362696662362508,4.835342395723792,0.1082763671875,1.19547119254381,0.668271307987923,-0.006800306917814356,-0.028653426438782093,0.020448132448161533,3.105778856781179,-0.07228308103978634,0.16483478969587698,-3.0074773874765843,2.1585737811070524,0.5521320218743591,2.617792221374918,0.1279296875,0.27883630990982056,0.9193000197410583,67,67,0.8720703125,67,0.0,0,0.0,0.0,0,0,0,0,144,625,wclamp,1.3785717487335205,1.7876993546610498,R,none,1
-2.996407508087496,1.4990462671547673,5.9937206508347245,0.13650390625,-3.0597637790509022,1.3649812075739967,5.021057361244525,0.11354492187500001,1.2018271924994417,0.6684796721851485,-0.0071331676544240654,-0.02854459302296746,0.020759079415168157,3.10577885294102,-0.07306148128584028,0.16624413307640554,-2.997107130750262,2.1941630558508987,0.5517517151212221,2.6326778028173834,0.13650390625,0.34530577063560486,0.9114000201225281,71,71,0.8634960651397705,71,0.0,0,0.0,0.0,0,0,0,0,145,625,wclamp,1.2914104461669922,1.804803066460595,R,none,1
-3.004563072558924,1.5273605659237346,5.485504615321483,0.12740234375,-3.0513594431213913,1.3639548472266458,4.995926702068345,0.115986328125,1.1963774260109117,0.6714643021062685,-0.007468902844118266,-0.028451428503235565,0.020750916221606394,3.105778853322143,-0.07391210582107305,0.16564451543024605,-2.9884141857419637,2.1894937429250843,0.5628635950881136,2.6422197596838486,0.12740234375,0.28526243567466736,0.9174000024795532,68,68,0.8725976347923279,68,0.0,0,0.0,0.0,0,0,0,0,146,625,wclamp,1.5342395305633545,1.8228212238545753,R,none,1
-2.9648781740746655,1.4930098194798729,5.431655905114217,0.1337109375,-3.03910696861995,1.364451925859628,5.134473181352388,0.12263671875,1.19979903244635,0.6700545702373596,-0.008124544701662188,-0.028321887683085897,0.02101193929387542,3.1057788536953255,-0.07484893319196999,0.16519396157428987,-2.9760811349512797,2.217368868149381,0.5628635805698181,2.6517084833812885,0.1337109375,0.30697208642959595,0.9200000166893005,67,67,0.8662890791893005,67,0.0,0,0.0,0.0,0,0,0,0,147,625,wclamp,1.6558442115783691,1.8387130774921498,R,none,1
-3.126219282950606,1.521305707975449,5.786555009885572,0.12236328125,-3.092558936365693,1.370295540352701,4.995819397358949,0.112431640625,1.2173195401127677,0.6701778912806785,-0.009787563482945499,-0.028861617152370317,0.0207074515346503,3.1057788533512816,-0.07537558491298114,0.16499211107128461,-3.0318964924975593,2.185066072714294,0.5495148609186136,2.662642447446812,0.12236328125,0.2888752818107605,0.9121999740600586,66,66,0.877636730670929,66,0.0,0,0.0,0.0,0,0,0,0,148,625,wclamp,1.6181095838546753,1.852582855091204,R,none,1
-3.185761617358435,1.492526394616067,5.409570433120284,0.12255859375,-3.12232839647841,1.3763244948495197,5.0185253519924,0.1138330078125,1.2337280574511091,0.6710340788145459,-0.010493021142869787,-0.0291219317535245,0.02075361532883966,3.1057788533608335,-0.07743292795610614,0.16534761536662784,-3.0606198936759146,2.190926594462587,0.5491910939805984,2.666600837499311,0.12255859375,0.3212648630142212,0.9121000170707703,75,75,0.87744140625,75,0.0,0,0.0,0.0,0,0,0,0,149,625,wclamp,1.678579568862915,1.8646081578031826,R,none,1
-3.1363134196318536,1.5064866150090568,5.208136704840505,0.12060546875,-3.1532421105195043,1.3779766389775,4.866953926689231,0.10898681640625002,1.2387065257254135,0.670391825073359,-0.010278733231045969,-0.029386118098231124,0.02050404512500236,3.105778852812668,-0.07829050909145735,0.16646386407002875,-3.0885401458840596,2.1640946627161837,0.5276398381318557,2.6681149542965295,0.12060546875,0.27575796842575073,0.9193000197410583,71,71,0.87939453125,71,0.0,0,0.0,0.0,0,0,0,0,150,625,wclamp,1.4505208730697632,1.8762860547129054,R,none,1
-3.0990489691084844,1.5130778425106564,5.617902733059455,0.1252734375,-3.17341250785417,1.3799328930767834,4.804510834041466,0.10091796875,1.2436708678909698,0.6721374135183186,-0.01159349201402755,-0.029552510829502318,0.02039006154887586,3.1057788570776337,-0.08088712354656309,0.16667892327984474,-3.1081816676385814,2.1503229243109994,0.5154027726779731,2.676485278731101,0.1252734375,0.2836162745952606,0.9154999852180481,69,69,0.8747265338897705,69,0.0,0,0.0,0.0,0,0,0,0,151,625,wclamp,1.5088869333267212,1.8882686161084377,R,none,1
-3.035963287988827,1.5100511119064768,5.717814216059079,0.12826171875,-3.1208709306379183,1.3692093553934093,4.771974325970929,0.10088623046874999,1.213788268782646,0.6732194823981226,-0.012273492283933955,-0.029052104150044486,0.02034960589311074,3.1057788559850183,-0.08056915167253464,0.16707565506200617,-3.056603130485016,2.1460638286930913,0.6017166716289637,2.690319438507669,0.12826171875,0.262042373418808,0.9153000116348267,65,65,0.8717382550239563,65,0.0,0,0.0,0.0,0,0,0,0,152,625,wclamp,1.4057141542434692,1.9024153941243074,R,none,1
-3.154108493724916,1.523545206625621,5.8176191867516955,0.12107421875,-3.1004178654718157,1.3677612331184437,4.844164881498911,0.10351806640625,1.208287673686383,0.6741133471751634,-0.011630230039861453,-0.028845958281053772,0.020502203778693467,3.1057788556885697,-0.08109218010213226,0.16785822201829992,-3.036009027172979,2.159567324245324,0.5870457350484171,2.693639318754701,0.12107421875,0.2880808711051941,0.9150999784469604,70,70,0.8789258003234863,70,0.0,0,0.0,0.0,0,0,0,0,153,625,wclamp,1.6095384359359741,1.914170625394728,R,none,1
-3.105955747313451,1.5176263932182963,5.658631564058659,0.11876953125,-3.0586200611274568,1.3575086947234762,4.817758580377809,0.10337890625,1.1870233510440187,0.67343207450919,-0.017625569303372564,-0.02853234383409965,0.020403280588788097,3.1057788543735483,-0.08066735335160047,0.16952972691197296,-3.003458222711448,2.153870601911812,0.6187435265407442,2.7000598578865422,0.11876953125,0.3146146535873413,0.9126999974250793,65,65,0.8812304735183716,65,0.0,0,0.0,0.0,0,0,0,0,154,625,wclamp,1.45391047000885,1.9253817850624488,R,none,1
-3.040359329453117,1.5399498637306368,5.969158937821511,0.13046875,-3.0510083112338746,1.3591975009395794,4.9037529269112845,0.10478271484375,1.190491843419476,0.6741591179213964,-0.017233114780474974,-0.028460769636891967,0.020590490544162385,3.1057788561484228,-0.08010363874491304,0.17015701412928458,-2.995562603957778,2.1755220706330594,0.6147940325253634,2.714537269266786,0.13046875,0.2933536469936371,0.9176999926567078,67,67,0.8695312738418579,67,0.0,0,0.0,0.0,0,0,0,0,155,625,wclamp,1.3393887281417847,1.9391339448410145,R,none,1
-3.0557320943421487,1.5136120521273215,5.315746077636187,0.1163671875,-3.039820337469281,1.3583584064602787,4.9490676072388515,0.10702880859375001,1.1852362017183369,0.6741315762908706,-0.014230217607900369,-0.028306597554543452,0.020670573278087957,3.1057788556902097,-0.08011920290649868,0.17192496412058053,-2.9797851173549925,2.185384172484736,0.56847737900359,2.7217780936278397,0.1163671875,0.3207670748233795,0.9132999777793884,66,66,0.8836328387260437,66,0.0,0,0.0,0.0,0,0,0,0,156,625,wclamp,1.787631630897522,1.951464407493994,R,none,1
-2.995932841293562,1.4915981091238544,5.251354734757166,0.12095703125,-3.039688632999163,1.3584313520448963,4.947830448618975,0.106474609375,1.188206861166676,0.674626525971998,-0.017497648920149874,-0.02830191751766348,0.020751306349308902,3.1057788539577116,-0.0814536254585255,0.1715166883395886,-2.9806401271696497,2.193727552335659,0.5765217082452168,2.7266397571829306,0.12095703125,0.2752697467803955,0.9176999926567078,69,69,0.8790429830551147,69,0.0,0,0.0,0.0,0,0,0,0,157,625,wclamp,1.6153514385223389,1.9643958226992555,R,none,1
-3.1237014262628056,1.5410680357845632,5.843964834702315,0.1258203125,-3.059597435142158,1.3655192132022946,5.0575024590936035,0.10807861328125,1.2042210676784004,0.6739406159546627,-0.013518962008450397,-0.028487669683080714,0.020896582852492806,3.105778852085683,-0.08249660521221813,0.17240976833425342,-3.000711152295363,2.2097229085437484,0.6816556675085201,2.73138223562759,0.1258203125,0.2887735366821289,0.9121000170707703,70,70,0.8741796612739563,70,0.0,0,0.0,0.0,0,0,0,0,158,625,wclamp,1.51703679561615,1.9749892884508171,R,none,1
-3.0288125275320885,1.4847461103298578,5.15430159032697,0.1219140625,-3.0369216558330727,1.3568299124453758,4.921358904909887,0.1067626953125,1.1799151222255133,0.6769721780791187,-0.015899888998106224,-0.028265518478853936,0.02059322842726303,3.1057788535795625,-0.08280346077342983,0.17341387127933286,-2.9782613245954077,2.1771280972059897,0.5906231742366614,2.748273762632978,0.1219140625,0.2630493938922882,0.9215999841690063,69,69,0.8780859112739563,69,0.0,0,0.0,0.0,0,0,0,0,159,625,wclamp,1.623267412185669,1.9923178880141195,R,none,1
-3.0850507972563266,1.4840350164129394,5.445729922640563,0.1266015625,-3.0689711116797698,1.3603866821649193,4.864650873773735,0.1065966796875,1.191506935413467,0.6777111236340895,-0.018566134035879915,-0.028541618637945312,0.020503948174230513,3.105778853609148,-0.08363462331471964,0.17346502480891138,-3.0073755832858695,2.170462169625558,0.5835108545868417,2.7528612129487158,0.1266015625,0.2762419879436493,0.9107999801635742,70,70,0.8733984231948853,70,0.0,0,0.0,0.0,0,0,0,0,160,625,wclamp,1.6124919652938843,2.0041268143657067,R,none,1
-2.9644651285929915,1.532550195893958,5.766575847578568,0.1401171875,-3.045145461345933,1.3580015903250222,4.912887530201242,0.10468994140625,1.1852222698820796,0.6771012614431623,-0.018155211999952927,-0.028361629699780254,0.0205946494198994,3.105778854174577,-0.08279748229309916,0.17123061663290132,-2.988100769281145,2.176505332075612,0.5592768285426435,2.764386056001295,0.1401171875,0.2855231463909149,0.9207000136375427,64,64,0.8598828315734863,64,0.0,0,0.0,0.0,0,0,0,0,161,625,wclamp,1.731587529182434,2.0245490536514335,R,none,1
-2.9595229679353436,1.4909165798830595,5.405235908938448,0.1330078125,-3.0264956894064916,1.3562242486352198,4.978059957347798,0.11547119140625,1.1817015440117402,0.6752251494392558,-0.01758248086482992,-0.02816367057313407,0.020776908729592956,3.105778851394059,-0.08238516551209614,0.1716739201184343,-2.9674099527304723,2.1942549259155446,0.5435033272373309,2.7787567880305706,0.1330078125,0.3062422573566437,0.9193000197410583,67,67,0.866992175579071,67,0.0,0,0.0,0.0,0,0,0,0,162,625,wclamp,1.4601043462753296,2.039327547782178,R,none,1
-2.9802599346027194,1.4909369067710827,5.567249692919691,0.12822265625,-3.0187435945551524,1.3572421405471065,4.986385111928397,0.115078125,1.180236762612313,0.6777566650033191,-0.015887199538741167,-0.028103864235214528,0.020821306341313878,3.1057788526096153,-0.08237697803415359,0.17087041166430963,-2.9612753348612,2.1964421858325873,0.5709439457389709,2.7828838469175876,0.12822265625,0.2977942228317261,0.9126999974250793,66,66,0.871777355670929,66,0.0,0,0.0,0.0,0,0,0,0,163,625,wclamp,1.4346705675125122,2.0528289224083687,R,none,1
-2.944182998404088,1.5182979015909008,5.83339115064445,0.13587890625,-3.0319810533263887,1.3596763952350093,4.946017600752643,0.11590087890624999,1.1843886936730892,0.6783986275820664,-0.014067421495887147,-0.028228720407708234,0.020755648366452665,3.105778850234891,-0.0812698141951114,0.17247496423685277,-2.9729581641285665,2.18995905837902,0.5461238579853975,2.7937359917858737,0.13587890625,0.283296138048172,0.9200999736785889,63,63,0.8641210794448853,63,0.0,0,0.0,0.0,0,0,0,0,164,625,wclamp,1.4167143106460571,2.0669661291555634,R,none,1
-2.9554924121029944,1.5452417820756688,5.561495328426738,0.1329296875,-3.01668032346327,1.3574719495695482,4.987597288436239,0.10951904296875001,1.1771938708307779,0.676418450413582,-0.010882227376210332,-0.02812040451161912,0.020723001134461815,3.1057788523380627,-0.08089328608941287,0.1741309603298931,-2.9614859926387656,2.1873116643841732,0.5461238521804894,2.8022582722529368,0.1329296875,0.2534060478210449,0.9142000079154968,63,63,0.8670703172683716,63,0.0,0,0.0,0.0,0,0,0,0,165,625,wclamp,1.5190532207489014,2.080801771279401,R,none,1
-2.9441215374931757,1.4892526715146468,5.172886307819164,0.11486328125,-3.0143744819394196,1.3506382545390843,4.779228691615871,0.10658691406250001,1.1539626757771702,0.6769198866980995,-0.006658867850886331,-0.028069900005583674,0.0202039784835581,3.1057788546177254,-0.08183146273251624,0.1725305264097046,-2.9572505981949564,2.130531275274215,0.5529389999890246,2.8131508597969037,0.11486328125,0.31831544637680054,0.9136000275611877,65,65,0.8851367235183716,65,0.0,0,0.0,0.0,0,0,0,0,166,625,wclamp,1.5376616716384888,2.0941751270408924,R,none,1
-2.992173912456226,1.4956148641007347,5.368824203802323,0.1201171875,-2.99717049765867,1.3479258100636315,4.850646963285508,0.10851074218750001,1.1487854482296442,0.6747810102883822,-0.006662469082329198,-0.027900175446016508,0.02030600594377421,3.1057788523876075,-0.08148844018112868,0.17297483703944805,-2.939521363144049,2.14150793488952,0.5546932119721313,2.8205310046817904,0.1201171875,0.24657396972179413,0.9200999736785889,67,67,0.8798828125,67,0.0,0,0.0,0.0,0,0,0,0,167,625,wclamp,1.551534652709961,2.108561460114723,R,none,1
-3.095212346892412,1.5205620576567846,5.023685703924586,0.1044921875,-3.038158280286075,1.3482265596983034,4.670976021493187,0.1017578125,1.153573107900967,0.6718210317990583,-0.007679283424103236,-0.028256530375131136,0.01993200251378149,3.1057788527589287,-0.08405351129942573,0.1730405597689959,-2.9785906534433453,2.1042188798906984,0.5529300552356324,2.8268411020617497,0.1044921875,0.2990146577358246,0.9107999801635742,69,69,0.8955078125,69,0.0,0,0.0,0.0,0,0,0,0,168,625,wclamp,1.5787359476089478,2.120078193778925,R,none,1
-3.015593413934928,1.5046789095970614,5.296061828601043,0.12359375,-3.029184927562108,1.347069998839841,4.626738782755611,0.10244628906249999,1.1482105179924937,0.6747569271381495,-0.008369863356274454,-0.028186316655250593,0.019891940245575706,3.1057788538266267,-0.08499900179100223,0.17310343120348543,-2.972343604108404,2.0994740093759936,0.5317159852321396,2.841436240376776,0.12359375,0.3104602098464966,0.9154999852180481,64,64,0.8764062523841858,64,0.0,0,0.0,0.0,0,0,0,0,169,625,wclamp,1.4562783241271973,2.132667810855986,R,none,1
-2.9867364114606674,1.4796818957272273,5.145213924861615,0.1201953125,-3.0537990220480937,1.3530816041229479,4.608349889813255,0.10140625,1.1608913025340701,0.6785061056942848,-0.00856758081242614,-0.028414002313021398,0.019898398265988843,3.1057788548329928,-0.08518866691767471,0.1737320501094056,-2.9958568898070883,2.1011205396404438,0.5317159776608715,2.8504605888853676,0.1201953125,0.2837236225605011,0.9211000204086304,67,67,0.8798046708106995,67,0.0,0,0.0,0.0,0,0,0,0,170,625,wclamp,1.462006688117981,2.1460954478528604,R,none,1
-3.051809564035519,1.4587826578712118,5.059604625226841,0.11248046875,-3.0626593911480318,1.3567345088613512,4.657051993705249,0.10122314453125,1.1663167317215095,0.6803627040868634,-0.005950908273121894,-0.028521760893966294,0.01988553673393971,3.105778850440642,-0.08528141816001153,0.17338275530735325,-3.006988194289643,2.100186973473502,0.5249318716895939,2.8546484889701684,0.11248046875,0.34447750449180603,0.9031000137329102,71,71,0.8875195384025574,71,0.0,0,0.0,0.0,0,0,0,0,171,625,wclamp,1.5037654638290405,2.1591022463611353,R,none,1
-3.126536634956939,1.4840536409469227,5.277163416721502,0.11205078125,-3.064961775487766,1.3553597414422842,4.592035982240693,0.10060791015624998,1.159166274513239,0.682426694076413,-0.004592939867157257,-0.028531779235511374,0.01968378283569884,3.105778854892546,-0.0848712926619919,0.174550283647562,-3.0076043257778817,2.085423681079353,0.5249318539458949,2.861207484226512,0.11205078125,0.29693034291267395,0.914900004863739,73,73,0.8879492282867432,73,0.0,0,0.0,0.0,0,0,0,0,172,625,wclamp,1.6838010549545288,2.169897719072891,R,none,1
-3.081930248719685,1.5175811162907584,5.462838763103281,0.12095703125,-3.0247583421265496,1.3467000041389967,4.555861042220379,0.10162109375,1.1344860766364615,0.6824262212149108,-0.003311396703398968,-0.02810008579295567,0.019654950513226622,3.1057788552436483,-0.08423458720382769,0.17402490524055458,-2.96274588867367,2.0801100548362776,0.5249318475141393,2.8720795295763524,0.12095703125,0.33567526936531067,0.9046000242233276,67,67,0.8790429830551147,67,0.0,0,0.0,0.0,0,0,0,0,173,625,wclamp,1.3968260288238525,2.1839819882813925,R,none,1
-3.0132348765911843,1.4578004401602083,5.278128519623125,0.1144140625,-3.0037135778929827,1.3379087483483796,4.461283690952677,0.1008251953125,1.1105330307356265,0.6806725034845761,-0.0012057153130752452,-0.02786484188745404,0.019355990618136483,3.1057788564616997,-0.08531229470885592,0.17514319219243538,-2.93972572524771,2.054177841206303,0.5203438233171713,2.880492189132486,0.1144140625,0.29881635308265686,0.9168999791145325,68,68,0.8855859637260437,68,0.0,0,0.0,0.0,0,0,0,0,174,625,wclamp,1.8160853385925293,2.1949511110393254,R,none,1
-2.910939928632443,1.4779767734184306,5.050977596454624,0.12484375,-3.011489614560503,1.3436064245965962,4.588353149827112,0.10177978515625,1.1237588494772555,0.6810596516955255,0.0004597230444668121,-0.027939555856011076,0.019600867282534826,3.1057788504637656,-0.08513838325190591,0.17627681043842008,-2.9472053492444843,2.0826403777341946,0.5203438366308237,2.884775268631172,0.12484375,0.27759894728660583,0.9200999736785889,66,66,0.8751562237739563,66,0.0,0,0.0,0.0,0,0,0,0,175,625,wclamp,1.547871708869934,2.2083309664922184,R,none,1
-3.06182707824465,1.4726701543357494,4.906060795011818,0.1097265625,-2.9905920191563773,1.33741130885348,4.521444916497656,0.10233398437499999,1.1052458841911634,0.6812183376803415,0.0022047871776729997,-0.027706829608354643,0.01944106681903336,3.105778856403701,-0.0847889916508575,0.17635469654472627,-2.9230159900731008,2.0658894023467056,0.520343841576012,2.8964602746160066,0.1097265625,0.29870864748954773,0.914900004863739,66,66,0.8902734518051147,66,0.0,0,0.0,0.0,0,0,0,0,176,625,wclamp,1.597149133682251,2.2211762662991203,R,none,1
-2.9628290377701285,1.4815467297039098,5.022095957259033,0.111171875,-2.9689244008740676,1.3297988847482467,4.38251592298688,0.10049072265625,1.0858900656372037,0.6835097220185873,-0.0010347137781107618,-0.027532776341143858,0.019170466200499264,3.1057788576946592,-0.08613955961540341,0.17744190444338948,-2.9065369221989688,2.0408394283705955,0.4686421065863673,2.9054182903208208,0.111171875,0.35245364904403687,0.9042999744415283,67,67,0.8888280987739563,67,0.0,0,0.0,0.0,0,0,0,0,177,625,wclamp,1.6323609352111816,2.2335331439557797,R,none,1
-2.9782275500044606,1.4972767852408744,5.542786674806552,0.12484375,-2.965657155564867,1.3279353558433544,4.38580538376541,0.09735107421875,1.0840204953772496,0.6800852626929149,-0.0006934487713486337,-0.027487793935496153,0.01918446927258524,3.105778854019075,-0.08625960421748459,0.1780398372917264,-2.9020490675946826,2.042807278601533,0.484914128944848,2.9145131544102276,0.12484375,0.33238768577575684,0.9042999744415283,66,66,0.8751562237739563,66,0.0,0,0.0,0.0,0,0,0,0,178,625,wclamp,1.5655977725982666,2.2456495234163287,R,none,1
-2.9448612844790945,1.4441878485296886,5.042314753505468,0.10951171875,-2.94602093404287,1.3264825101689681,4.518332780728454,0.09494384765625001,1.0821154561159216,0.676944547481794,0.000495846186450723,-0.02728175393045275,0.01942560021531196,3.1057788536760267,-0.08751730047632009,0.1789046497086154,-2.882200476582999,2.0727134780825183,0.47357541542844483,2.919387184851557,0.10951171875,0.2783556282520294,0.9120000004768372,64,64,0.8904882669448853,64,0.0,0,0.0,0.0,0,0,0,0,179,625,wclamp,1.531864881515503,2.2580151178205514,R,none,1
-3.012314978371448,1.44882129671134,5.305721573219001,0.1103515625,-2.9574197487431615,1.3304037433094822,4.56106010123073,0.09472900390625,1.0912889037290576,0.6764625746947965,0.002222641788028186,-0.0273805016079404,0.019531122631505634,3.1057788563249744,-0.08745465558022261,0.17831538983170914,-2.8922533276941547,2.0806836329339546,0.47357542374536,2.9221308424521744,0.1103515625,0.27210402488708496,0.9100000262260437,69,69,0.8896484375,69,0.0,0,0.0,0.0,0,0,0,0,180,625,wclamp,1.6137462854385376,2.2688840044941014,R,none,1
-2.9729564809913382,1.467154776388364,4.851148781136212,0.106953125,-3.027585021030098,1.3403400488108423,4.470255668380916,0.09433105468750001,1.1194855298428363,0.6757173048726738,0.001308611730740734,-0.028021858553378593,0.019369016169918624,3.1057788562316135,-0.09084682743414305,0.1783471138097217,-2.961344701654527,2.063715163285687,0.5108419045345753,2.9275111945986936,0.106953125,0.3109852075576782,0.9106000065803528,66,66,0.8930468559265137,66,0.0,0,0.0,0.0,0,0,0,0,181,625,wclamp,1.388140320777893,2.2788459874007954,R,none,1
-3.0863506283024122,1.4692489826670987,5.238030259034368,0.11369140625,-3.0354873673192486,1.3468067163003339,4.606266591297454,0.0969580078125,1.1354660403947638,0.6780962506061822,0.0003260400707410893,-0.028106590128958494,0.019671483346179873,3.1057788528831156,-0.09182885437763616,0.17891312616061258,-2.9710064457951546,2.093659207033653,0.510841909047973,2.932203189156382,0.11369140625,0.3279791474342346,0.9182999730110168,74,74,0.8863086104393005,74,0.0,0,0.0,0.0,0,0,0,0,182,625,wclamp,1.6450577974319458,2.2896905259043336,R,none,1
-3.0023628855360283,1.4680291643146752,5.044910355946147,0.1186328125,-3.040224322791189,1.3463733745786306,4.550704052919588,0.10031494140625,1.13133239122674,0.6794856859954179,0.0019031865520912972,-0.028148085271594524,0.019502520318681216,3.1057788567765767,-0.09259920331533067,0.18057789970094,-2.97602746634695,2.0796162885695755,0.5168052391872795,2.939057495287704,0.1186328125,0.32234328985214233,0.911899983882904,67,67,0.8813672065734863,67,0.0,0,0.0,0.0,0,0,0,0,183,625,wclamp,1.3611090183258057,2.303048661351327,R,none,1
-2.9680451825140066,1.5063975553357676,5.105444076028152,0.123203125,-3.0457815876271512,1.3503920868877801,4.66238937554908,0.10030029296874998,1.142736611307273,0.6787102874954468,0.002111889526413576,-0.028220770962806094,0.019699541527260625,3.105778855530464,-0.0930450794636272,0.1827212478366196,-2.9839191056558736,2.103412507109885,0.5168052438181308,2.944683995356471,0.123203125,0.3246942162513733,0.9093999862670898,64,64,0.8767969012260437,64,0.0,0,0.0,0.0,0,0,0,0,184,625,wclamp,1.5835922956466675,2.31650785022405,R,none,1
-2.97017184961267,1.4839011822565893,5.214692785358226,0.1220703125,-3.035408215496541,1.3494043078684639,4.686093651379938,0.10045166015625,1.1410742667522624,0.6786600135675691,0.0011577057741359754,-0.02816791939729091,0.019731423985080633,3.1057788545255165,-0.09355285172117873,0.18316987337815457,-2.9790128791891233,2.1064091202299404,0.5168052448874825,2.9533378590118264,0.1220703125,0.2731417119503021,0.9187999963760376,68,68,0.8779296875,68,0.0,0,0.0,0.0,0,0,0,0,185,625,wclamp,1.7002036571502686,2.3290884365660407,R,none,1
-2.9845305095466417,1.4893887683266536,5.179442729060138,0.11771484375,-3.0666175437901204,1.3585083092986778,4.821138846910697,0.10158203125,1.1682838112778484,0.6765002817268048,0.0007607334288984435,-0.028446232083790664,0.02004435676649206,3.1057788543972724,-0.09498759888345376,0.18494240559137948,-3.0089573689669464,2.1398663545258647,0.5648501723272804,2.958050673709307,0.11771484375,0.2903103828430176,0.9075000286102295,66,66,0.8822851777076721,66,0.0,0,0.0,0.0,0,0,0,0,186,625,wclamp,1.5804088115692139,2.3412940970344565,R,none,1
-3.043860219533225,1.5150261481660752,5.563911154190264,0.1218359375,-3.0668644016852897,1.3540852915259596,4.706141722383236,0.09711914062499999,1.1616272264290937,0.6738496029639078,-0.001929852666058851,-0.028444342687104652,0.019874203361823092,3.1057788499209122,-0.0954298675339669,0.18430819599573428,-3.0092060919552246,2.1203715260140066,0.5799465714999839,2.964447831774512,0.1218359375,0.29565057158470154,0.9180999994277954,69,69,0.8781640529632568,69,0.0,0,0.0,0.0,0,0,0,0,187,625,wclamp,1.6162680387496948,2.3545432513427444,R,none,1
-3.128834388500634,1.5344589295737014,5.334470793583352,0.1098046875,-3.0713002616481804,1.353535381592821,4.687531330481806,0.09586181640625,1.1591505868646446,0.6715858475371091,0.0013215948218693319,-0.0284710693264262,0.019771082006713608,3.1057788553060623,-0.09550929714925588,0.1838096273952329,-3.0120233400207574,2.1084427347358736,0.5800848507798024,2.970614399661796,0.1098046875,0.3021257519721985,0.9150999784469604,65,65,0.8901953101158142,65,0.0,0,0.0,0.0,0,0,0,0,188,625,wclamp,1.6454306840896606,2.368683667497059,R,none,1
-3.039764760689585,1.4783203496637691,5.405572315763728,0.11841796875,-3.073950617105804,1.355886564093745,4.780628503355288,0.09793945312499999,1.1672462752301676,0.6726766431458541,-0.0014945436860805527,-0.028489561499415107,0.019955796237963043,3.1057788541352664,-0.09551461248658598,0.18452128176051805,-3.013922953095451,2.1279430349364965,0.5826057697071638,2.9768265801367613,0.11841796875,0.28492653369903564,0.9124000072479248,67,67,0.8815820217132568,67,0.0,0,0.0,0.0,0,0,0,0,189,625,wclamp,1.5518375635147095,2.3789034461725866,R,none,1
-2.965591890133865,1.5362895132198433,5.666287864710402,0.13529296875,-3.0453624358931854,1.3550400288405478,4.920173105499473,0.10359130859375001,1.163662067002749,0.6755061921484601,-0.003034779391016927,-0.028217569467888833,0.020247037863860586,3.105778852939258,-0.09603235645918176,0.1847674984478466,-2.9865784285174506,2.156226961883833,0.5824777804987273,2.9843024997963545,0.13529296875,0.28665751218795776,0.9117000102996826,69,69,0.8647070527076721,69,0.0,0,0.0,0.0,0,0,0,0,190,625,wclamp,1.6784473657608032,2.391666830082133,R,none,1
-2.8248260656012496,1.471626158697798,5.228078887300816,0.13021484375,-3.004131013614403,1.3459693169665585,4.859931002946604,0.10511718749999999,1.1421397758039464,0.6731840240210524,-0.0036903976095750235,-0.027848904749171167,0.020206526541766794,3.1057788552646355,-0.09383209773339331,0.18199251681140097,-2.9466129626993744,2.1462986506973727,0.5686311556339065,2.9997666043133973,0.13021484375,0.320537805557251,0.916100025177002,62,62,0.8697851300239563,62,0.0,0,0.0,0.0,0,0,0,0,191,625,wclamp,1.4406834840774536,2.4066046974918334,R,none,1
-3.0170701700791125,1.486638995591775,5.373042470464751,0.123046875,-3.0093256390046155,1.344024305840621,4.781769302647093,0.10821044921875,1.1379874518229156,0.6710168310395287,-0.002602948172081756,-0.027896419344380963,0.020033746001212806,3.1057788553138574,-0.09532668998464942,0.1824428519173339,-2.9529748461149326,2.126408715057661,0.5966028775225807,3.008306307576139,0.123046875,0.31241634488105774,0.9120000004768372,68,68,0.876953125,68,0.0,0,0.0,0.0,0,0,0,0,192,625,wclamp,1.5658029317855835,2.4175901538380207,R,none,1
-3.2161158560427094,1.4724416707753851,5.1092572832952445,0.103671875,-3.0734102682479247,1.3537549063864966,4.747394619407983,0.10397705078125,1.1666824116282746,0.6699406515726645,-0.003970716635427376,-0.028494711032979812,0.01993378784909501,3.105778855268218,-0.09682975183241069,0.18222329624152905,-3.015765599391699,2.1176108009854744,0.6033408087885284,3.0117815609430902,0.103671875,0.2845630347728729,0.9204000234603882,69,69,0.8963281512260437,69,0.0,0,0.0,0.0,0,0,0,0,193,625,wclamp,1.6319761276245117,2.42714950382069,R,none,1
-3.020188012297865,1.498474531644957,5.541112971794485,0.1230859375,-3.0662247276746886,1.351239978802691,4.745906082957785,0.103662109375,1.16268427603406,0.6707954643779881,-0.0076302600973520655,-0.028383248700333156,0.01998878310079896,3.1057788510711255,-0.09748205813579261,0.18315140686820897,-3.0049999482348944,2.1257462586529177,0.5492021387224457,3.0149339767856453,0.1230859375,0.2846607565879822,0.9125000238418579,67,67,0.8769140839576721,67,0.0,0,0.0,0.0,0,0,0,0,194,625,wclamp,1.3131790161132812,2.43850215424223,R,none,1
-3.0658428694748157,1.4977793430562854,5.491262638775641,0.12279296875,-3.0760261814173813,1.3487812714803855,4.632855957678951,0.10418701171874999,1.1524766700785818,0.6728701477605259,-0.0061358995428630715,-0.028434373654705872,0.01964856570522719,3.1057788557620514,-0.0988035283703357,0.1825141573999577,-3.0115585469263864,2.0942656615145037,0.5012366048425099,3.021395663700789,0.12279296875,0.27915823459625244,0.9180999994277954,67,67,0.8772070407867432,67,0.0,0,0.0,0.0,0,0,0,0,195,625,wclamp,1.6678383350372314,2.450959831505279,R,none,1
-3.2246838325297618,1.479443753000414,5.0018082009797125,0.1019921875,-3.141550616860536,1.3598697296706062,4.557982346532938,0.09439453125,1.1806092843709612,0.6748623351800941,-0.006225937876648551,-0.029062770052695704,0.019470375203209513,3.1057788547186984,-0.10094019077718258,0.18287058978134543,-3.0780667613186767,2.077187881148891,0.5012366048151042,3.027590869644149,0.1019921875,0.29888731241226196,0.901199996471405,73,73,0.8980078101158142,73,0.0,0,0.0,0.0,0,0,0,0,196,625,wclamp,1.7559237480163574,2.4603054114747374,R,none,1
-3.2550920502063683,1.5396444134001064,5.36439182984317,0.1078515625,-3.171508132683282,1.3659730759282316,4.489568916001992,0.0929833984375,1.1894491325091527,0.6785908897018151,-0.0021575780501340656,-0.029376485781919776,0.019233434127493104,3.105778854879853,-0.1012274049827829,0.18205331706063926,-3.1104903283693885,2.054140574420963,0.5012366047876977,3.030631627183382,0.1078515625,0.2876548767089844,0.9108999967575073,73,73,0.8921484351158142,73,0.0,0,0.0,0.0,0,0,0,0,197,625,wclamp,1.658002257347107,2.4707360609516145,R,none,1
-3.0282615319541644,1.5063820970801882,5.704907124894223,0.120078125,-3.144892053639761,1.3654313545698626,4.680948556234566,0.098037109375,1.1913238840839215,0.6752598313202867,-0.0021809313617187766,-0.02910826884595639,0.019686412352445316,3.105778853226884,-0.10071440394734964,0.18167368600148961,-3.082501771312353,2.101800688341323,0.5650940624148406,3.03648597406568,0.120078125,0.3218227028846741,0.8974000215530396,64,64,0.8799218535423279,64,0.0,0,0.0,0.0,0,0,0,0,198,625,wclamp,1.5560652017593384,2.4841503482607834,R,none,1
-3.1209731676888803,1.513152763922008,5.201119477109176,0.11525390625,-3.115012297141485,1.3567687158438824,4.585079565087811,0.10279541015625,1.1674812160135106,0.6765000997816888,-0.0031599675025420337,-0.0287885804439662,0.019528186749997022,3.1057788553394476,-0.10110442746896296,0.18201317703978698,-3.0501436144597873,2.083982023381893,0.6762906629445884,3.0475086149410076,0.11525390625,0.3269868791103363,0.9111999869346619,68,68,0.8847460746765137,68,0.0,0,0.0,0.0,0,0,0,0,199,625,wclamp,1.6591001749038696,2.4958421249683727,R,none,1
-2.961959250487053,1.5001644116923347,5.318682527348454,0.12544921875,-3.0811304896340017,1.3440583277588523,4.45273774978431,0.1001708984375,1.1422342504161493,0.6738591684944634,-0.009600630492690726,-0.02847309730921612,0.019319572103312047,3.1057788528971964,-0.10109058782458305,0.18057131913890706,-3.0178123728155573,2.062585278813329,0.7417045304479384,3.055611818539626,0.12544921875,0.27497541904449463,0.9168999791145325,67,67,0.8745507597923279,67,0.0,0,0.0,0.0,0,0,0,0,200,625,wclamp,1.5204468965530396,2.5120192681642157,R,none,1
-3.076568026878147,1.4790662932073915,5.366482068851243,0.12248046875,-3.093779781053562,1.347972864845951,4.485414856827453,0.10175292968750001,1.1531099714978574,0.6747879207709562,-0.010867047907813116,-0.0285880485259195,0.019441184596352735,3.1057788574784815,-0.10042615560581908,0.17893704815274514,-3.0289232917055546,2.0739388407535904,0.5371081986634576,3.062909014673009,0.12248046875,0.2428852766752243,0.921500027179718,71,71,0.8775195479393005,71,0.0,0,0.0,0.0,0,0,0,0,201,625,wclamp,1.4689780473709106,2.523299448415709,R,none,1
-3.199842876499676,1.516568150322894,5.342789978475787,0.1069140625,-3.1560430027764452,1.3601207338567518,4.5266216341129635,0.09616455078125,1.1890362406837012,0.674006547051017,-0.013114377067689014,-0.029170208339608532,0.019533916012478305,3.105778856602933,-0.10257687934907153,0.18094700964104066,-3.0907091929109898,2.087864083949519,0.5510277973586226,3.075417466702005,0.1069140625,0.3156261742115021,0.9079999923706055,71,71,0.8930859565734863,71,0.0,0,0.0,0.0,0,0,0,0,202,625,wclamp,1.369716763496399,2.5334393277614824,R,none,1
-3.1427092554651406,1.4811816471009032,5.27250233522772,0.1096875,-3.16532855522443,1.365094311425755,4.620794832506615,0.09472656249999999,1.202428899190633,0.674884471438247,-0.013830891541923825,-0.029227368925590424,0.019801963623662905,3.105778852705622,-0.10412937574321404,0.18037796163485048,-3.0981170946572663,2.114139427313058,0.663942792516969,3.0821873316718746,0.1096875,0.2909793257713318,0.9139999747276306,74,74,0.8903124928474426,74,0.0,0,0.0,0.0,0,0,0,0,203,625,wclamp,1.7155834436416626,2.54452143513625,R,none,1
-3.17514478198853,1.4997148986688524,5.136146445758608,0.10689453125,-3.2176557594777146,1.3761776637275702,4.607589780973701,0.09555908203125,1.2302031427586468,0.6761390365779377,-0.012477217193912064,-0.029721343792558003,0.019793622511853282,3.1057788532579513,-0.1067273831339844,0.179796399465975,-3.151316806529832,2.111852304575089,0.6895794055397508,3.086442094907925,0.10689453125,0.27052751183509827,0.9132999777793884,72,72,0.8931054472923279,72,0.0,0,0.0,0.0,0,0,0,0,204,625,wclamp,1.7711609601974487,2.5545321305680497,R,none,1
-3.174476309146796,1.5054019894471735,5.666525832600075,0.1156640625,-3.216492569698064,1.382057998822814,4.766988695569496,0.09581787109374998,1.2409124128493763,0.6771511830748383,-0.007979283814093392,-0.02970726987040854,0.02009289412517773,3.1057788558507946,-0.10666481712134555,0.18110066757857313,-3.149812538728034,2.1448311913640974,0.5445623416205407,3.0904735875974847,0.1156640625,0.2720634341239929,0.90829998254776,69,69,0.8843359351158142,69,0.0,0,0.0,0.0,0,0,0,0,205,625,wclamp,1.5461671352386475,2.563390197554515,R,none,1
-3.1846765167043087,1.5236850435826823,5.8328432509761186,0.117109375,-3.227155933032772,1.3828845981319502,4.761970177226838,0.09854980468750002,1.2446569630517845,0.6753383083441917,-0.007625459645411772,-0.02980456804570286,0.020045332368669486,3.1057788516387728,-0.10805574882542715,0.18057687587821053,-3.1611704826064098,2.14058843966747,0.4685912460586552,3.0925947892012045,0.117109375,0.29363736510276794,0.9100000262260437,67,67,0.8828906416893005,67,0.0,0,0.0,0.0,0,0,0,0,206,625,wclamp,1.5386179685592651,2.5737791408936728,R,none,1
-3.303164927324354,1.5453735682377563,5.625129101433102,0.10998046875,-3.2292706308083585,1.386811334959983,4.859043890663455,0.09888671875,1.2553258365182058,0.6767042709664,-0.008784428711116113,-0.029837256248277613,0.020271270355262824,3.105778855447727,-0.10835392154986039,0.18022190798623935,-3.164817163275959,2.160700755872086,0.5572626487869776,3.0977537842013576,0.10998046875,0.2707848846912384,0.9153000116348267,74,74,0.8900195360183716,74,0.0,0,0.0,0.0,0,0,0,0,207,625,wclamp,1.493967056274414,2.585269580013296,R,none,1
-3.1916572004214654,1.5472104493465322,5.0847126698962395,0.1053125,-3.251797921690147,1.3929055515028426,4.849749680339346,0.098349609375,1.2690174378031933,0.6802657521858373,-0.009097314581593024,-0.030054746839522056,0.020300006081808333,3.105778854886487,-0.10911802288377657,0.18078657272553275,-3.1878605248752443,2.162793559410511,0.4780834347078342,3.102297466710919,0.1053125,0.31001171469688416,0.9168999791145325,69,69,0.8946874737739563,69,0.0,0,0.0,0.0,0,0,0,0,208,625,wclamp,1.328698754310608,2.5984642130104456,R,none,1
-3.324059679247641,1.5519856374526597,5.677068428574639,0.11333984375,-3.2706355779457987,1.3925139751168423,4.76277532678214,0.09642822265625,1.2714899683012313,0.6804479443325306,-0.012842741738052818,-0.03017935003780889,0.0201779023807024,3.105778854522122,-0.11005080677801743,0.1794966092043493,-3.2015573877516874,2.148688681809419,0.5410062557847446,3.104709492048583,0.11333984375,0.26591742038726807,0.9193000197410583,77,77,0.8866601586341858,77,0.0,0,0.0,0.0,0,0,0,0,209,625,wclamp,1.7554036378860474,2.6074948114758003,R,none,1
-3.308769327233557,1.5436778467670023,5.4530073518321895,0.1079296875,-3.2786995846002593,1.3905515357601592,4.698383501209342,0.09494140624999999,1.2681564500852092,0.6806121947220403,-0.015135071202313322,-0.03019446136779056,0.020069382534236648,3.105778857152683,-0.11258842170471325,0.1810986719408867,-3.2056429742558725,2.1369937258200804,0.5463860645511336,3.114589323956852,0.1079296875,0.25798797607421875,0.9128000140190125,73,73,0.8920702934265137,73,0.0,0,0.0,0.0,0,0,0,0,210,625,wclamp,1.464348554611206,2.6184761238214396,R,none,1
-3.3362389263692767,1.4956329675905793,5.036938950861185,0.1040234375,-3.294037354963698,1.3877618643014857,4.5506421988216665,0.09235107421875,1.2634700320834558,0.678731665632569,-0.016318705706490154,-0.030363821657123643,0.01968924380284038,3.1057788553151937,-0.11285055521526374,0.18223754402575335,-3.223254005220241,2.0999465884879602,0.5522976075635606,3.1201247309889255,0.1040234375,0.3067263662815094,0.909500002861023,77,77,0.8959765434265137,77,0.0,0,0.0,0.0,0,0,0,0,211,625,wclamp,1.6529654264450073,2.6278137109465027,R,none,1
-3.2870527301078414,1.509978876424158,5.268358634511834,0.10435546875,-3.2996620588686003,1.3923724739829542,4.6586466149586245,0.09299316406250001,1.2747784412500545,0.6810403456413087,-0.017117680585951135,-0.030400861054106665,0.0199283007318748,3.105778853130032,-0.1143629475031048,0.18220476839304728,-3.228560632287321,2.127543547509661,0.5430871714273839,3.1226924183218796,0.10435546875,0.3645508289337158,0.8992999792098999,73,73,0.8956445455551147,73,0.0,0,0.0,0.0,0,0,0,0,212,625,wclamp,1.6668304204940796,2.6374325738654756,R,none,1
-3.2462750918710004,1.5257084475571634,5.35426707183907,0.10927734375,-3.3082909014141086,1.394813259848497,4.7038629656535065,0.09434082031249999,1.2814342710517141,0.682335392976657,-0.018265634179181006,-0.030499136951122975,0.019951219343076382,3.1057788513103493,-0.11523365964414552,0.18304862172756017,-3.239498512276457,2.134535398298873,0.5174606080786184,3.128314103568416,0.10927734375,0.2824326753616333,0.9142000079154968,69,69,0.8907226324081421,69,0.0,0,0.0,0.0,0,0,0,0,213,625,wclamp,1.4081799983978271,2.6474920907698056,R,none,1
-3.1717533016859756,1.5066353308711338,5.262080339358632,0.11150390625,-3.293279669134471,1.3910068423552253,4.694417384143972,0.09496093750000001,1.2714560221226785,0.6808645511444592,-0.017420537788083737,-0.030322137386358666,0.019961806310774485,3.1057788544274785,-0.11574319815495983,0.18337123081836518,-3.221876602674148,2.134617355741238,0.4741187537415188,3.134496429290421,0.11150390625,0.32045990228652954,0.9125000238418579,68,68,0.8884961009025574,68,0.0,0,0.0,0.0,0,0,0,0,214,625,wclamp,1.6924641132354736,2.65637156151262,R,none,1
-3.307096691706682,1.537218736014554,5.387639404065697,0.10876953125,-3.30433984988437,1.390591547554723,4.635845122694299,0.09157470703125001,1.274138452723784,0.6778403168147826,-0.018233917407928135,-0.030441882052705448,0.019848878329860372,3.1057788527683297,-0.11613965794211253,0.181942304666289,-3.2345394440627526,2.119512674862924,0.44892773239783246,3.1377380131250483,0.10876953125,0.301958829164505,0.9027000069618225,74,74,0.8912304639816284,74,0.0,0,0.0,0.0,0,0,0,0,215,625,wclamp,1.563398003578186,2.6646519489695466,R,none,1
-3.36559707659641,1.5004541413482972,5.227327383295254,0.10099609375,-3.3295391592634926,1.3944796781894244,4.629230453210749,0.08942871093749999,1.2869053853916756,0.677844766875397,-0.020176579383792317,-0.030663283110758742,0.01984143557697904,3.105778854071863,-0.11680316706420854,0.18254293813787092,-3.2578827931134344,2.1224658293747054,0.4640722015412502,3.140601222547103,0.10099609375,0.32850536704063416,0.9106000065803528,80,80,0.8990039229393005,80,0.0,0,0.0,0.0,0,0,0,0,216,625,wclamp,1.424715280532837,2.671949026799522,R,none,1
-3.306222558854013,1.5433674051237671,5.355106068871514,0.0987109375,-3.360495960926622,1.399431737747841,4.597356511952484,0.08817626953124999,1.2997222814838438,0.6773167839723223,-0.018629876840225105,-0.030957416580781983,0.019719102090962677,3.105778856470771,-0.11670739954337478,0.1825859833003732,-3.2879174146540713,2.110361914957192,0.4489277310417812,3.149933603283297,0.0987109375,0.30493253469467163,0.9118000268936157,73,73,0.9012890458106995,73,0.0,0,0.0,0.0,0,0,0,0,217,625,wclamp,1.4875026941299438,2.6815185567992517,R,none,1
-3.224571710277516,1.5235841281038733,5.652074350198192,0.109296875,-3.3561203870791103,1.4016924257555954,4.718798888684756,0.08559082031250001,1.3028493338516391,0.6771402654188806,-0.015247942849914844,-0.030874362112197115,0.01993037091445191,3.105778851186053,-0.11668748680269346,0.18248594135768106,-3.2793895838870664,2.1341341682430666,0.4489277310417812,3.1552690609839384,0.109296875,0.32026681303977966,0.9124000072479248,72,72,0.8907031416893005,72,0.0,0,0.0,0.0,0,0,0,0,218,625,wclamp,1.5965157747268677,2.6917990127612255,R,none,1
-3.2971610850209574,1.5190864428567152,5.4829055783469975,0.10345703125,-3.3492985600688643,1.401278715901018,4.812427144538817,0.08756835937499999,1.3058458870186471,0.6729408295639905,-0.015204676945432103,-0.03078572259207191,0.02014426048313233,3.1057788528802903,-0.11678768970363308,0.18294649845932281,-3.270409748302813,2.157378945622147,0.44948777921709926,3.16369225111404,0.10345703125,0.27405455708503723,0.9081000089645386,74,74,0.8965429663658142,74,0.0,0,0.0,0.0,0,0,0,0,219,625,wclamp,1.5785479545593262,2.701803225101423,R,none,1
-3.3397353094889293,1.5587021315533323,5.640558941969049,0.10216796875,-3.3459803370578656,1.405224646570926,4.901642876416112,0.0872802734375,1.3130302430319731,0.6744219655176402,-0.012795901219229813,-0.030732057277642496,0.020409297421861938,3.105778853524609,-0.11633818332105875,0.18203860898302643,-3.2644628845377666,2.1834450873250457,0.4489277310417812,3.174362851943653,0.10216796875,0.3224700093269348,0.9121999740600586,73,73,0.8978320360183716,73,0.0,0,0.0,0.0,0,0,0,0,220,625,wclamp,1.5815403461456299,2.7142241837477488,R,none,1
-3.3756952618255376,1.5466737600599747,5.546853334767191,0.10197265625,-3.372497338719735,1.4070068035990408,4.815579035175968,0.08465820312500001,1.3221843879407722,0.673874904552029,-0.016391147118812108,-0.030999065502110144,0.02023722496254492,3.105778853487966,-0.1163221029471606,0.181165865201228,-3.2917985424246887,2.163819235706991,0.4489277310417812,3.180944584729519,0.10197265625,0.3157797157764435,0.9193999767303467,77,77,0.8980273604393005,77,0.0,0,0.0,0.0,0,0,0,0,221,625,wclamp,1.5856571197509766,2.725273902760401,R,none,1
-3.4251235373966007,1.5318451668654427,5.423416993511461,0.09623046875,-3.3906662017157485,1.4104555091951296,4.787733074910677,0.08089599609375,1.329677551642357,0.6750062711726457,-0.015299079396110936,-0.031176505633616874,0.020156382159769864,3.1057788541681983,-0.11532017116609496,0.1808902017730703,-3.308973189449816,2.155665912723516,0.4489277310417812,3.1908475804476217,0.09623046875,0.31188374757766724,0.9083999991416931,77,77,0.9037695527076721,77,0.0,0,0.0,0.0,0,0,0,0,222,625,wclamp,1.8794224262237549,2.7362568151024442,R,none,1
-3.346601913316693,1.5384975160910748,5.75102280732314,0.1019921875,-3.364617213690533,1.4081959740162227,4.913646657865184,0.0813232421875,1.3231768687266183,0.6748441535346784,-0.015005121025799463,-0.03088665840576132,0.020433560812795532,3.105778854744726,-0.11481068584369496,0.18371180606610038,-3.27877238833467,2.1883662058412843,0.4849531300851373,3.200425597060906,0.1019921875,0.3088037371635437,0.9089000225067139,74,74,0.8980078101158142,74,0.0,0,0.0,0.0,0,0,0,0,223,625,wclamp,1.4668070077896118,2.750458562388039,R,none,1
-3.3683722518341113,1.529314758761729,5.730383282643803,0.09294921875,-3.338365585324134,1.4037557426218066,4.9817858416565715,0.08135986328125,1.3142255783479948,0.6751526325409793,-0.018848025945275338,-0.03064295072270587,0.020572975985573477,3.1057788545690515,-0.11588997531682253,0.18394386485843697,-3.2548867960241976,2.2029373974769966,0.5496084498150178,3.2065562441443647,0.09294921875,0.3075141906738281,0.9121999740600586,70,70,0.9070507884025574,70,0.0,0,0.0,0.0,0,0,0,0,224,625,wclamp,1.7109419107437134,2.760810423286449,R,none,1
-3.195095233753376,1.533378245547034,5.350431409105126,0.102265625,-3.3361125893799537,1.3992652361285511,4.797302994292602,0.07750244140625001,1.2982629310163738,0.6739970885149095,-0.01431681849339388,-0.030607201559853837,0.020221057757773515,3.1057788534346957,-0.11486967905191704,0.1833349540242763,-3.2502044337412066,2.1625747528146504,0.5639782079593205,3.217086247415342,0.102265625,0.2715153396129608,0.9089000225067139,73,73,0.8977344036102295,73,0.0,0,0.0,0.0,0,0,0,0,225,625,wclamp,1.616106390953064,2.77342110901988,R,none,1
-3.2998752146606534,1.5549532127303083,5.714294906159482,0.10748046875,-3.30714898513197,1.3990197554225965,4.9792313061207,0.08263671874999999,1.2972329958431277,0.6740662099810963,-0.014042929761523238,-0.030291984177752328,0.020664464601607584,3.1057788533718647,-0.11473560197744519,0.1837388341160506,-3.2177801777866972,2.209112371012273,0.4849531324207028,3.225038202338945,0.10748046875,0.3508422076702118,0.9175000190734863,71,71,0.8925195336341858,71,0.0,0,0.0,0.0,0,0,0,0,226,625,wclamp,1.745909333229065,2.7859467555155772,R,none,1
-3.223740023256602,1.515044956520166,5.560725876058915,0.1086328125,-3.325376300013094,1.4026110973051653,5.0128474316254295,0.08161865234375,1.3039844654375228,0.6746634403449443,-0.011330015498867347,-0.030423562385098885,0.020640479001597378,3.1057788515685036,-0.11725562996231019,0.18387471236198144,-3.233778789419487,2.2082661541175312,0.4849531320312126,3.2307742518718827,0.1086328125,0.2830101549625397,0.9128999710083008,72,72,0.8913671970367432,72,0.0,0,0.0,0.0,0,0,0,0,227,625,wclamp,1.3763858079910278,2.7979963728921464,R,none,1
-3.3406299985128705,1.5013366089947429,5.415654199348389,0.0921875,-3.348355378012649,1.404023189683529,4.936474243520025,0.0796630859375,1.3094546132117753,0.6731087037653846,-0.011282199808049875,-0.030642366552750485,0.020453309772072714,3.10577885432931,-0.11861321350792423,0.18386063008468437,-3.25755019312332,2.189888116474938,0.4849531316417215,3.2377112961287975,0.0921875,0.31692931056022644,0.9082000255584717,74,74,0.9078124761581421,74,0.0,0,0.0,0.0,0,0,0,0,228,625,wclamp,1.6371067762374878,2.8072364810689967,R,none,1
-3.186203514588285,1.5504593680481984,5.863395472701505,0.10927734375,-3.3216106963282503,1.4012173758385154,5.06266740567486,0.08049072265625001,1.3024705526784386,0.6725203282288698,-0.011580746555533698,-0.030380255114962503,0.02066623818466484,3.105778855766195,-0.11831711032195016,0.187267578561506,-3.2304039677890946,2.2154985751431346,0.5050501498135009,3.246856402701698,0.10927734375,0.29474949836730957,0.9175000190734863,64,64,0.8907226324081421,64,0.0,0,0.0,0.0,0,0,0,0,229,625,wclamp,1.3569735288619995,2.8223689616478467,R,none,1
-3.3304396918859114,1.5607124399631054,5.948516539739204,0.10021484375,-3.3138416275011013,1.3970590798036848,5.016300542814614,0.07896972656250001,1.291116672465564,0.6712621474129584,-0.010604747416604327,-0.030267142192200388,0.020547134523067043,3.105778855063024,-0.11998208437347785,0.18738116339106667,-3.220481901540743,2.203970428640601,0.536893176004825,3.2583923094429625,0.10021484375,0.29209038615226746,0.9071000218391418,70,70,0.8997851610183716,70,0.0,0,0.0,0.0,0,0,0,0,230,625,wclamp,1.5986169576644897,2.8340449609092744,R,none,1
-3.1586888987276667,1.4930264696828286,5.559965359895424,0.10357421875,-3.2761343045149793,1.388239235975663,4.971384758167321,0.07814453125,1.2604979019102602,0.6729950008271105,-0.006284726435078687,-0.02983936855331052,0.020399984348494236,3.105778853269174,-0.12159300179453567,0.18709892725523578,-3.178272623426168,2.189942185705745,0.5245888623723685,3.2646306386649555,0.10357421875,0.30897945165634155,0.909600019454956,66,66,0.8964257836341858,66,0.0,0,0.0,0.0,0,0,0,0,231,625,wclamp,1.2815817594528198,2.846990196861249,R,none,1
-3.2581753173213484,1.4853703732422807,5.591861632342326,0.09955078125,-3.2660795977058927,1.390523147911473,5.1708261358304375,0.08044921875,1.2725880230758617,0.6712954555762076,-0.01032885377443733,-0.02977143440789344,0.020802422362603427,3.105778852176078,-0.12301585601409898,0.18874337729066498,-3.172736452439204,2.2337008759057504,0.49427830944121354,3.2733173195794283,0.09955078125,0.4046252965927124,0.9002000093460083,72,72,0.9004492163658142,72,0.0,0,0.0,0.0,0,0,0,0,232,625,wclamp,1.5830702781677246,2.85900533596479,R,none,1
-3.3898920616811643,1.5281776216747374,5.525417478438122,0.0958203125,-3.3153351609558417,1.3975011620200317,5.10024827815795,0.07991455078125,1.2922990186283168,0.6710287894832266,-0.010318310264205132,-0.030242708486809818,0.020612829922614644,3.1057788573350837,-0.12328401192789898,0.1888139102529147,-3.221280893779529,2.2143067202746773,0.4912136937061966,3.284041209036078,0.0958203125,0.31947967410087585,0.9161999821662903,75,75,0.9041796922683716,75,0.0,0,0.0,0.0,0,0,0,0,233,625,wclamp,1.3253705501556396,2.8730363215193333,R,none,1
-3.295289395850547,1.5139389671307864,5.711379873351222,0.0978125,-3.321161019178264,1.397805495190076,5.067113192648343,0.08314697265625,1.293445064173695,0.6695600691797858,-0.00914493096990827,-0.03031951147375815,0.020528646124328,3.1057788530325023,-0.1248793745203875,0.18818506595032963,-3.230743786298664,2.2028638011697055,0.49222258536744556,3.291122966056532,0.0978125,0.30342599749565125,0.9053999781608582,71,71,0.9021875262260437,71,0.0,0,0.0,0.0,0,0,0,0,234,625,wclamp,1.4867885112762451,2.88585398891695,R,none,1
-3.267006443942779,1.516635635217729,5.628371061484721,0.10146484375,-3.3285024800469536,1.3984432236393245,5.030812228427835,0.08427978515625,1.2970676675714523,0.6676908998167331,-0.009115117645440722,-0.030394760327521007,0.020508817108043743,3.1057788531697916,-0.12455193782458082,0.18897680905475986,-3.2381246775266583,2.2021635499493053,0.4974302369802972,3.3001965269327758,0.10146484375,0.29254844784736633,0.9115999937057495,72,72,0.8985351324081421,72,0.0,0,0.0,0.0,0,0,0,0,235,625,wclamp,1.507456660270691,2.898126016696944,R,none,1
-3.365279533948922,1.5570163943264235,5.812374819172962,0.10154296875,-3.3686800868343365,1.4098167326593927,5.127087941529559,0.08849121093750001,1.3273415648752902,0.6685538749219689,-0.00831222011085457,-0.03078051217688941,0.02069765660121461,3.105778854686449,-0.12447075641364791,0.18993426404195443,-3.277559071482695,2.2216106344216775,0.5093707480187946,3.3105787018250394,0.10154296875,0.28240373730659485,0.9146999716758728,76,76,0.8984570503234863,76,0.0,0,0.0,0.0,0,0,0,0,236,625,wclamp,1.556009292602539,2.910306215004683,R,none,1
-3.276420913468596,1.5306105092794817,5.876646866492114,0.10333984375,-3.3522813453002906,1.4107348328898075,5.254671743253116,0.089853515625,1.3294168189165032,0.6675657624982702,-0.006809812686140861,-0.030653343372558473,0.02093696557251723,3.1057788537515796,-0.12398670932394452,0.18988063272545333,-3.2640481303415583,2.243534833712589,0.49786702227163326,3.323717098953344,0.10333984375,0.3213903605937958,0.9070000052452087,69,69,0.8966601490974426,69,0.0,0,0.0,0.0,0,0,0,0,237,625,wclamp,1.6073824167251587,2.921022777703124,R,none,1
-3.331066362152947,1.5298299293897164,5.836983947075485,0.1021875,-3.379849974560924,1.4167604276120216,5.2586960778424165,0.08593505859375,1.3445759044494086,0.6680337278993216,-0.005399523101332662,-0.030947000364043086,0.02088013513909321,3.105778851023253,-0.12549966343911365,0.18990671581382915,-3.2956426640993066,2.2403498080408126,0.49543286807487874,3.327289122681938,0.1021875,0.28610485792160034,0.9120000004768372,73,73,0.8978124856948853,73,0.0,0,0.0,0.0,0,0,0,0,238,625,wclamp,1.3999782800674438,2.933604214505774,R,none,1
-3.3457953626012755,1.546684878154936,5.988918315641404,0.09673828125,-3.365915764435938,1.4073332123877371,5.058385404840326,0.07823974609375,1.3186092847712068,0.6686663293816434,-0.006688843463263301,-0.030822750577434027,0.02041420269654973,3.105778854684224,-0.12524035695707425,0.18979839830818937,-3.282655481354019,2.195134626424625,0.4957785450114942,3.335962224129527,0.09673828125,0.3440401554107666,0.9071000218391418,76,76,0.9032617211341858,76,0.0,0,0.0,0.0,0,0,0,0,239,625,wclamp,1.648742914199829,2.945881907310358,R,none,1
-3.4590517473454416,1.5539849456716073,5.908650410497614,0.0905859375,-3.379173048802616,1.4102009463444776,5.057148841934466,0.07835693359374998,1.3255459666935996,0.669693430751596,-0.006572688374336651,-0.03093069910758059,0.020427030502790197,3.1057788529707233,-0.12516399829415603,0.19038993648131738,-3.293637133911901,2.197679312654376,0.5006162501446094,3.3434023578396808,0.0905859375,0.3296937942504883,0.907800018787384,77,77,0.9094140529632568,77,0.0,0,0.0,0.0,0,0,0,0,240,625,wclamp,1.7608656883239746,2.9565820862582672,R,none,1
-3.2325442445210024,1.5600729433719625,5.897330612638172,0.10689453125,-3.3621222379086735,1.4099064651461966,5.163992292798602,0.082216796875,1.3257547422155787,0.6714797388898984,-0.009398240644434753,-0.030791935997884493,0.020640852758559786,3.105778854966632,-0.12406942886533216,0.19110009659509286,-3.2783279751600993,2.2221329429713723,0.5119733497130334,3.3517184063435765,0.10689453125,0.3190314769744873,0.9132000207901001,71,71,0.8931054472923279,71,0.0,0,0.0,0.0,0,0,0,0,241,625,wclamp,1.301756739616394,2.968648214079367,R,none,1
-3.334003013411251,1.5113690178579597,5.647533838258281,0.09689453125,-3.330517063300506,1.404837465840111,5.16938582212035,0.0844189453125,1.309652244902778,0.6721229756552769,-0.0082069151299905,-0.03051370841108231,0.020649720562192126,3.1057788534415858,-0.12433947400422767,0.19137241591069032,-3.2500969951102547,2.2202830797132673,0.4605510708853986,3.356298309804363,0.09689453125,0.3053632080554962,0.9085000157356262,78,78,0.9031054973602295,78,0.0,0,0.0,0.0,0,0,0,0,242,625,wclamp,1.6140366792678833,2.979923892397925,R,none,1
-3.209346681590926,1.5243533844858983,5.865453324963493,0.10662109375,-3.3343664486856994,1.411019342003161,5.3804080023269485,0.08571289062500001,1.3299363602716423,0.6725679387143393,-0.011528715478949516,-0.030575419771838294,0.02106338564128321,3.105778852539713,-0.12504709635162725,0.19259699503583944,-3.257126194219876,2.2632800003697433,0.4669496071368595,3.360394895792069,0.10662109375,0.28215137124061584,0.9151999950408936,73,73,0.8933789134025574,73,0.0,0,0.0,0.0,0,0,0,0,243,625,wclamp,1.4487292766571045,2.9891898379718604,R,none,1
-3.1613523136636674,1.515560419118216,5.9124249909811875,0.107109375,-3.317640252870813,1.4163010483927747,5.639351564203171,0.0898681640625,1.3397336139386327,0.6751271113497307,-0.008952065609891296,-0.030414582276214276,0.021532089251358327,3.105778856569694,-0.12561261201975868,0.19432379492859186,-3.241215868772608,2.311386874517673,0.4705335579375858,3.3685033669248114,0.107109375,0.3216763734817505,0.9070000052452087,74,74,0.8928906321525574,74,0.0,0,0.0,0.0,0,0,0,0,244,625,wclamp,1.3507932424545288,3.0004459029401347,R,none,1
-3.2878954623184256,1.5217142189335926,5.624662761339741,0.09818359375,-3.3546370418416642,1.4241030264284453,5.669702798120512,0.09358886718750001,1.362385359372481,0.6758713558445811,-0.010187285334405983,-0.03078959634028025,0.0215443197693693,3.1057788539070366,-0.1273630670865532,0.19453692178504428,-3.2813819439758594,2.3114843459703747,0.4994940577853457,3.3795947015735446,0.09818359375,0.30192118883132935,0.9077000021934509,75,75,0.9018164277076721,75,0.0,0,0.0,0.0,0,0,0,0,245,625,wclamp,1.4694344997406006,3.0094002010477903,R,none,1
-3.2528597125809746,1.5237452201791537,6.28818161599944,0.11076171875,-3.3455291811688324,1.4221026351564812,5.647179900683689,0.09586669921874999,1.3528382376225196,0.6760549544869977,-0.006517287190509957,-0.03067043569898496,0.021484539264251513,3.105778854568801,-0.12748326169967186,0.1944746786786888,-3.2692955832358668,2.3043033666800268,0.5077085796303997,3.384454581815795,0.11076171875,0.32507675886154175,0.9047999978065491,74,74,0.8892382979393005,74,0.0,0,0.0,0.0,0,0,0,0,246,625,wclamp,1.5341111421585083,3.0204029293664134,R,none,1
-3.390334281020165,1.5470257942877501,6.12025707971042,0.09865234375,-3.347738259248358,1.4262459985254914,5.772640455166255,0.09833251953125,1.3638863732826474,0.6759825044681808,-0.005691229440852536,-0.030671031318292536,0.021748577998938447,3.10577885636048,-0.12815537020738701,0.19559643355779519,-3.270028705682147,2.3327750604324438,0.5077085362274842,3.391269572927291,0.09865234375,0.3366612195968628,0.8939999938011169,75,75,0.9013476371765137,75,0.0,0,0.0,0.0,0,0,0,0,247,625,wclamp,1.3445245027542114,3.029850637697631,R,none,1
-3.3913651200994055,1.5352703893926833,5.68945969704079,0.08982421875,-3.3851100584363927,1.4299278719391104,5.683187467007507,0.0904248046875,1.3751940226088069,0.6740135950693593,-0.004513898729853996,-0.03101395270102251,0.021530636151788917,3.1057788550815477,-0.1306498789874604,0.19557730418266975,-3.307651330546169,2.311674234094414,0.5100302484674644,3.399964327151586,0.08982421875,0.32894647121429443,0.902899980545044,76,76,0.9101758003234863,76,0.0,0,0.0,0.0,0,0,0,0,248,625,wclamp,1.697637915611267,3.0421604755485756,R,none,1
-3.3923013809655163,1.5467436335968692,5.605497602629012,0.09111328125,-3.4063192170738277,1.4324978058003068,5.566930642745153,0.08765380859375,1.37985565429362,0.6756920058016175,-0.0034976964725447323,-0.031212525489948195,0.021355180668794153,3.1057788553517325,-0.13163330673181917,0.19580220523908146,-3.3289761202813257,2.2905139539694805,0.516618101510784,3.410768429497564,0.09111328125,0.3730827867984772,0.9054999947547913,77,77,0.908886730670929,77,0.0,0,0.0,0.0,0,0,0,0,249,625,wclamp,1.3800225257873535,3.052690812377082,R,none,1
-3.4372603805734694,1.5691535618670802,6.044987220899929,0.0987890625,-3.416481242758118,1.4316808278303639,5.5131986986015455,0.08801513671874998,1.3786291076250305,0.6762128561868892,-0.005131971034884505,-0.031258221666189835,0.021258356272554645,3.105778851823053,-0.1334856235323241,0.1968150893448751,-3.3355094533860052,2.283278756624303,0.5081506053120695,3.4185950991184924,0.0987890625,0.31720298528671265,0.9088000059127808,70,70,0.9012109637260437,70,0.0,0,0.0,0.0,0,0,0,0,250,625,wclamp,1.5954363346099854,3.0644475785186147,R,none,1
-3.4061593981305265,1.5600627313155924,5.766760678105412,0.08939453125,-3.42161675929304,1.432029521540081,5.466697704240184,0.08259765624999998,1.3795031847631491,0.6788075272657287,-0.007602161466565394,-0.03131987132211825,0.02118881315774898,3.1057788548602376,-0.13502928896050434,0.19635918778441855,-3.34336837466889,2.272580090362669,0.4990369587653989,3.427861908805082,0.08939453125,0.3481774628162384,0.9079999923706055,72,72,0.9106054902076721,72,0.0,0,0.0,0.0,0,0,0,0,251,625,wclamp,1.570334553718567,3.075231496867175,R,none,1
-3.4637491686603594,1.522354171251636,5.544748891816696,0.08818359375,-3.4539110919286085,1.4305034992442944,5.232718032144078,0.0794873046875,1.3768687862044118,0.6785156435694898,-0.00904416842373144,-0.031620230287608034,0.020671974724497538,3.1057788544361604,-0.1348793112259591,0.19669292351112824,-3.373986512129099,2.220388423983162,0.4990369569470392,3.435694263247807,0.08818359375,0.33725693821907043,0.9000999927520752,78,78,0.911816418170929,78,0.0,0,0.0,0.0,0,0,0,0,252,625,wclamp,1.6605523824691772,3.085657833503806,R,none,1
-3.4028666684013587,1.5396084568580493,5.83192629455091,0.09146484375,-3.4610803218102193,1.433822299554069,5.317780458640538,0.0774853515625,1.3858845703009441,0.6771319279941932,-0.007170111596619368,-0.031673985802040915,0.020815217528954325,3.1057788577088923,-0.13620962187240365,0.19680807014951412,-3.3808234200489995,2.234308407572557,0.48990812209373624,3.448338471379568,0.09146484375,0.3433701694011688,0.9118000268936157,78,78,0.9085351824760437,78,0.0,0,0.0,0.0,0,0,0,0,253,625,wclamp,1.570708990097046,3.0966038897334496,R,none,1
-3.5023033991206307,1.5546612040732772,5.550199399394591,0.08078125,-3.4842810600804035,1.4344240882960582,5.18110853986348,0.07608154296875,1.3882033606473119,0.6764441695214114,-0.0070750650847459925,-0.031904067293860215,0.020519470009297464,3.1057788566263067,-0.13746408802981022,0.1979578744324242,-3.405646930775904,2.205233071400812,0.4874961067715331,3.459350665343276,0.08078125,0.35300594568252563,0.9043999910354614,78,78,0.9192187786102295,78,0.0,0,0.0,0.0,0,0,0,0,254,625,wclamp,1.622362494468689,3.105288827352371,R,none,1
-3.420388977108938,1.5337492457185693,5.733341269199724,0.0898828125,-3.4689651108851276,1.4338010235016612,5.281736354542173,0.078115234375,1.3853923275503357,0.6764295520810719,-0.006036504636997037,-0.0317439477576484,0.02069604340023423,3.1057788563020186,-0.13779658485087565,0.1984900686856216,-3.3895771326727537,2.225249175423278,0.4665112967837519,3.4654746974537955,0.0898828125,0.2957310080528259,0.9097999930381775,78,78,0.9101172089576721,78,0.0,0,0.0,0.0,0,0,0,0,255,625,wclamp,1.5632349252700806,3.1143267401516077,R,none,1
-3.5026532767909315,1.5320582465262156,5.266779710742819,0.08123046875,-3.502065966625376,1.4346628061327389,5.088202847908066,0.075078125,1.3861801318155265,0.6766822268092818,-0.004604991324144015,-0.032031818618570004,0.02026779742654487,3.1057788529159835,-0.1390583738370333,0.19889571658912025,-3.4203277827475285,2.1812731374082595,0.45291422107884083,3.4741513531723136,0.08123046875,0.33409908413887024,0.9024999737739563,76,76,0.9187695384025574,76,0.0,0,0.0,0.0,0,0,0,0,256,625,wclamp,1.43781578540802,3.1232417699330535,R,none,1
-3.4357984622702498,1.5334087039535327,5.25392532471168,0.08390625,-3.496706297025521,1.4327650289360794,5.0822142557097925,0.0745361328125,1.381657887877021,0.6759880759957607,-0.0048303357305783026,-0.03198182071913186,0.02023108267902164,3.1057788543691016,-0.13887036445201376,0.20041729743730266,-3.4150180979468945,2.1786002206991495,0.43880803400675905,3.4835893986153867,0.08390625,0.31949537992477417,0.9059000015258789,83,83,0.9160937666893005,83,0.0,0,0.0,0.0,0,0,0,0,257,625,wclamp,1.7611042261123657,3.131466306169454,R,none,1
-3.5259061427162535,1.5368984350244954,5.568643291834721,0.08423828125,-3.527607374207309,1.4400467386480178,5.159736201340548,0.07458740234375,1.4076810498631664,0.6750397111200671,-0.008986151492441396,-0.03226541794683542,0.02044627657073183,3.1057788540045492,-0.1395478648575954,0.20080243264049003,-3.444746677805581,2.198806067085739,0.42834877996161413,3.4971089729844844,0.08423828125,0.3497530519962311,0.906000018119812,81,81,0.9157617092132568,81,0.0,0,0.0,0.0,0,0,0,0,258,625,wclamp,1.5586109161376953,3.1409392292010767,R,none,1
-3.5725570300791274,1.5477821807979861,5.255444866958404,0.07900390625,-3.5615330049780267,1.443758453589955,5.089204773805043,0.07356689453125,1.4188412579528642,0.6740565827308432,-0.008459368371249824,-0.032547651011064056,0.020281167496724904,3.1057788549921805,-0.14001253371592612,0.20031635910684228,-3.4741226841956374,2.183169301487074,0.42759195419257523,3.5038233740325664,0.07900390625,0.33467724919319153,0.910099983215332,79,79,0.9209960699081421,79,0.0,0,0.0,0.0,0,0,0,0,259,625,wclamp,1.6132954359054565,3.1499412584483704,R,none,1
-3.546525872511371,1.5362882357067467,5.455025959034626,0.08560546875,-3.570160782275816,1.4414009266281902,4.9955484129527985,0.07458740234375,1.4159112547005048,0.6722388382279442,-0.010513461643844401,-0.03262426673808054,0.020082218926877903,3.1057788538679825,-0.14021504840056878,0.20058940028919517,-3.4821735463092613,2.163575118971069,0.42759195419257523,3.510174179042199,0.08560546875,0.2952175438404083,0.9021999835968018,78,78,0.9143945574760437,78,0.0,0,0.0,0.0,0,0,0,0,260,625,wclamp,1.6240084171295166,3.1577300962944173,R,none,1
-3.570946772899779,1.5163341814635178,5.301365238603646,0.0790234375,-3.582138821611675,1.4429880183283696,4.960785432753573,0.0737109375,1.4224371262343651,0.6728078916380738,-0.013030596833204164,-0.03274664120155561,0.020051435519591,3.1057788540360156,-0.14204743615759072,0.20073571040775762,-3.4965417063311715,2.159465612496072,0.42759195419257523,3.5145962711529597,0.0790234375,0.32484349608421326,0.8948000073432922,82,82,0.9209765791893005,82,0.0,0,0.0,0.0,0,0,0,0,261,625,wclamp,1.434428095817566,3.1652372350319107,R,none,1
-3.5757157397366086,1.5637950147638229,5.520447884308657,0.08564453125,-3.5996070018391095,1.4459671806545922,4.937094981093736,0.07324951171875,1.4312678318316339,0.6730193316821018,-0.01346607598354554,-0.03292219000956871,0.01999213086075146,3.1057788556685693,-0.14312975187436677,0.2005569483555563,-3.515606857813948,2.15460389918682,0.42759195419257523,3.520782559215082,0.08564453125,0.30009931325912476,0.9092000126838684,79,79,0.914355456829071,79,0.0,0,0.0,0.0,0,0,0,0,262,625,wclamp,1.7537606954574585,3.1744284913841905,R,none,1
-3.528378574478747,1.5782881311619132,5.5403866842358935,0.08869140625,-3.583171325876802,1.4445738214778694,4.973082443657923,0.07410400390625001,1.425132242405201,0.6745274673660472,-0.012866184072073832,-0.03275743303712065,0.02010340103575299,3.1057788539022857,-0.14225539259961806,0.19967366522534047,-3.4978551547943413,2.164670425016094,0.42759195419257523,3.530094676634909,0.08869140625,0.32990363240242004,0.9097999930381775,75,75,0.9113085865974426,75,0.0,0,0.0,0.0,0,0,0,0,263,625,wclamp,1.3554788827896118,3.1837067306150213,R,none,1
-3.6749805981854387,1.5863552468782127,5.147481689434154,0.07943359375,-3.5983901290448146,1.4426383009688089,4.7908549853226825,0.07332031250000001,1.4219289804459887,0.6740129824919826,-0.014736695515800225,-0.03293380458981277,0.019729175905252822,3.105778856087404,-0.14352703799610025,0.19991892670887354,-3.5171939161214554,2.1260948552149705,0.41215327169290195,3.5357251538100036,0.07943359375,0.32467761635780334,0.904699981212616,80,80,0.9205663800239563,80,0.0,0,0.0,0.0,0,0,0,0,264,625,wclamp,1.681186556816101,3.194447304634519,R,none,1
-3.673134626444071,1.5543868452738747,5.646312505324144,0.08373046875,-3.6020625397440087,1.445490440884733,4.8892325960675,0.07565185546875,1.4298686546304937,0.6741396177092142,-0.014565657650568452,-0.032952595768546866,0.01990557787632851,3.1057788568217735,-0.1438230471755378,0.20147672986249457,-3.519414852532525,2.1463318956616884,0.4406681362735201,3.5454986061475693,0.08373046875,0.35659098625183105,0.8980000019073486,79,79,0.9162695407867432,79,0.0,0,0.0,0.0,0,0,0,0,265,625,wclamp,1.6535581350326538,3.2036116539679034,R,none,1
-3.5676840353195653,1.549710062898251,5.567765367712229,0.0870703125,-3.5831645050954433,1.4443802860792965,5.029383441416942,0.07916992187500001,1.4301109410647639,0.6734023443291137,-0.01727887457936809,-0.032787030719911334,0.020183343450878802,3.105778854389764,-0.1442420889198547,0.20147725071791278,-3.502873772975531,2.174728451382544,0.4447452706552415,3.558733021424698,0.0870703125,0.29090046882629395,0.9151999950408936,77,77,0.9129297137260437,77,0.0,0,0.0,0.0,0,0,0,0,266,625,wclamp,1.709969162940979,3.2148257390562445,R,none,1
-3.5506608633139147,1.5454960428692641,5.528050545238631,0.084921875,-3.5773932106224517,1.4397516065969034,4.898640900790285,0.07610595703124999,1.4172925563546286,0.6713433735760553,-0.015751241232319454,-0.032743267360533165,0.019923566550597103,3.1057788547766774,-0.14323892266693292,0.20202896608862556,-3.4973875839486386,2.148900409819699,0.4455207687050029,3.564001090381254,0.084921875,0.3611280024051666,0.8986999988555908,80,80,0.9150781035423279,80,0.0,0,0.0,0.0,0,0,0,0,267,625,wclamp,1.7029521465301514,3.2225967451175737,R,none,1
-3.717084363605942,1.5174098707006327,5.135296698012419,0.07736328125,-3.6158500788411434,1.44417160461029,4.813083586803683,0.07329833984375,1.4310489321089523,0.6711322491092983,-0.016549557655591855,-0.03309594609119318,0.019697394421361494,3.105778855556799,-0.1439433205986279,0.20211227462573889,-3.5342196193357096,2.125149542437398,0.44552076176957645,3.571799584255575,0.07736328125,0.34728920459747314,0.901199996471405,83,83,0.9226367473602295,83,0.0,0,0.0,0.0,0,0,0,0,268,625,wclamp,1.5171769857406616,3.2294480216428507,R,none,1
-3.622049197565663,1.5499033112134004,5.181228505515647,0.08015625,-3.6325776140431048,1.447936050124514,4.851497651593968,0.07223388671875,1.4427572431405309,0.6701948554890731,-0.016433293379425565,-0.03324730993819118,0.01975047907338304,3.1057788514762104,-0.14522391458856873,0.20344866796250283,-3.5510055946055523,2.13189986101529,0.4455207571918729,3.5815503378588662,0.08015625,0.3262559473514557,0.9021999835968018,81,81,0.9198437333106995,81,0.0,0,0.0,0.0,0,0,0,0,269,625,wclamp,1.7459619045257568,3.2370882014041147,R,none,1
-3.6492592362761593,1.6003652791002303,5.764595158756986,0.0824609375,-3.6389853520993216,1.448173507065718,4.8223237919284765,0.0724072265625,1.444349621776176,0.6719619557056548,-0.01910507091481032,-0.033302042490174245,0.019699988838643,3.105778853005852,-0.14586737541365438,0.20401577087891049,-3.557255738292832,2.128667936182945,0.4455207539156021,3.594420876789171,0.0824609375,0.2997366189956665,0.9085000157356262,78,78,0.9175390601158142,78,0.0,0,0.0,0.0,0,0,0,0,270,625,wclamp,1.5350278615951538,3.247337274499709,R,none,1
-3.658377319593443,1.5449359446036595,5.120141915822887,0.07921875,-3.6501776488034388,1.450662899936768,4.867868304903519,0.07438720703125,1.4524177785294343,0.6714360068583635,-0.019430936134845707,-0.03337094727978419,0.019795413107777104,3.1057788531017456,-0.1471901467506541,0.20328921943914835,-3.565636965503561,2.138652607865744,0.49538472200317507,3.6115570646334105,0.07921875,0.27121537923812866,0.9154000282287598,79,79,0.9207812547683716,79,0.0,0,0.0,0.0,0,0,0,0,271,625,wclamp,1.4560872316360474,3.2582142076490905,R,none,1
-3.5112861174130985,1.5284930332225555,5.413486756594307,0.08125,-3.6315179308896712,1.4449285243835042,4.788276659695583,0.07160888671875,1.4352749444031818,0.6726538634559606,-0.02011036728205267,-0.03318417869548686,0.019660103734364887,3.105778853701373,-0.14851526313927024,0.20226753933665595,-3.547829916794156,2.124045606041419,0.49776894035878083,3.6208162698941977,0.08125,0.3211168944835663,0.9078999757766724,78,78,0.918749988079071,78,0.0,0,0.0,0.0,0,0,0,0,272,625,wclamp,1.6691346168518066,3.267384511794919,R,none,1
-3.55855420874595,1.5166423847759583,5.448458240459391,0.08568359375,-3.6189449716944218,1.445835149996129,4.889524267708733,0.0740380859375,1.4351950354323209,0.6727130737719991,-0.017468828239991768,-0.03304980334204088,0.019883084904816536,3.1057788548911756,-0.14884250658098608,0.20245264999094062,-3.534392043062093,2.144694169287216,0.4807292201573077,3.628929670161244,0.08568359375,0.30361032485961914,0.9090999960899353,81,81,0.9143164157867432,81,0.0,0,0.0,0.0,0,0,0,0,273,625,wclamp,1.7963833808898926,3.275803018521787,R,none,1
-3.6160708331424214,1.5840604857383014,5.720559257677711,0.08859375,-3.6275887982103363,1.4519349909600188,5.024367319547175,0.07832519531250001,1.453114018388128,0.6712001504197047,-0.016198950833763794,-0.03314184470374415,0.020194511815392883,3.1057788548225047,-0.14835713974549436,0.20409309061651323,-3.5433351919193172,2.177167507777388,0.4733774135253288,3.642485606900802,0.08859375,0.29969513416290283,0.9093000292778015,79,79,0.9114062786102295,79,0.0,0,0.0,0.0,0,0,0,0,274,625,wclamp,1.7155137062072754,3.2916529617391457,R,none,1
-3.5897825531862257,1.5582096049693706,5.477503719295828,0.0859765625,-3.6391141584798405,1.4540029993728547,4.9788557203347885,0.07733154296875,1.457385932141986,0.6707610266358528,-0.014022236592581463,-0.033239111108964915,0.0201442212248686,3.1057788509310544,-0.15107696725521236,0.2038932058746879,-3.556018777146513,2.1719227936438394,0.47148421212498004,3.649875552111206,0.0859765625,0.3474290668964386,0.9065999984741211,78,78,0.9140234589576721,78,0.0,0,0.0,0.0,0,0,0,0,275,625,wclamp,1.5980772972106934,3.3020419475762686,R,none,1
-3.709316860426834,1.5668169739815014,5.2764782252756985,0.0800390625,-3.647353420588561,1.4543217388424725,4.979248742134744,0.07530273437500001,1.4603444488455455,0.6693523599215261,-0.014645088697279455,-0.03330659196213349,0.020108845993901264,3.105778853514179,-0.15228159634862096,0.20306157668270144,-3.564135997180382,2.1674472932662936,0.4714841994636343,3.654293113659956,0.0800390625,0.30549412965774536,0.9067999720573425,83,83,0.9199609160423279,83,0.0,0,0.0,0.0,0,0,0,0,276,625,wclamp,1.6594712734222412,3.309867614519597,R,none,1
-3.658830489809787,1.552625856576557,5.285063597705365,0.08240234375,-3.6611074859778627,1.4605268154558217,5.100509620049084,0.0750439453125,1.4798945926371152,0.6701262051160636,-0.016882219087655578,-0.03341968749738089,0.020422624855516193,3.1057788505729205,-0.15245981524232774,0.20292024556417482,-3.5758994752350075,2.1988312344800254,0.5078173498815337,3.662434208633309,0.08240234375,0.34838807582855225,0.90829998254776,81,81,0.9175976514816284,81,0.0,0,0.0,0.0,0,0,0,0,277,625,wclamp,1.5547560453414917,3.3184820927578884,R,none,1
-3.6429117186791222,1.5586808502082672,5.321489143920716,0.08541015625,-3.6525635997273285,1.4607710452267861,5.184992736680108,0.0768798828125,1.4817054962138487,0.6698162823156217,-0.017669731956513685,-0.033347048032122684,0.020586659921053914,3.1057788532364814,-0.15339180873241276,0.20373224897908504,-3.569390440849978,2.215507286080931,0.5130204953432531,3.6695605052609426,0.08541015625,0.3605321943759918,0.9042999744415283,81,81,0.9145898222923279,81,0.0,0,0.0,0.0,0,0,0,0,278,625,wclamp,1.6864045858383179,3.3295173532519406,R,none,1
-3.697204313858464,1.5449612560063632,5.7269047501528885,0.085,-3.670860995495847,1.46433255152913,5.184337342325778,0.078095703125,1.4913326451774465,0.6701007892070123,-0.017163612916646833,-0.03350271588120016,0.02057627425769003,3.1057788533701944,-0.15345878731925042,0.2040011993650388,-3.5854036932719424,2.213693170752069,0.5221471122405816,3.6758023505671344,0.085,0.3279285728931427,0.8931999802589417,84,84,0.9150000214576721,84,0.0,0,0.0,0.0,0,0,0,0,279,625,wclamp,1.5554921627044678,3.3375872077319984,R,none,1
-3.4792766422667962,1.5597807231999448,5.438903436186056,0.09224609375,-3.6088431684188538,1.4494942448466535,5.070079078066416,0.07865966796875,1.443250904621122,0.6715121662070216,-0.013729504984574259,-0.032929605761661894,0.020288366183522515,3.1057788555215233,-0.15285371896345168,0.2051311236298579,-3.526090478320691,2.1818603083786976,0.5202248812368393,3.6892609333462874,0.09224609375,0.3451431095600128,0.90420001745224,75,75,0.9077538847923279,75,0.0,0,0.0,0.0,0,0,0,0,280,625,wclamp,1.6507725715637207,3.348844695176536,R,none,1
-3.642513073594728,1.5640826935476713,5.274322176606429,0.08748046875,-3.622898802715668,1.4496504855740509,4.98828918592877,0.08253173828124999,1.4449483527278055,0.6716047237728808,-0.015066546175605966,-0.03306377523625016,0.0201127562901949,3.1057788539195554,-0.15318878599908203,0.2044552314766808,-3.540169572750409,2.1642561585661038,0.5202248795483686,3.6966119827725588,0.08748046875,0.3135406970977783,0.9042999744415283,79,79,0.9125195145606995,79,0.0,0,0.0,0.0,0,0,0,0,281,625,wclamp,1.3315743207931519,3.3581287085289033,R,none,1
-3.712958123948766,1.5913054746215607,5.513086359711337,0.08083984375,-3.655181528781693,1.4534048033178952,4.927326929396927,0.07826904296875,1.4560691786631264,0.669258935003374,-0.012942591358971266,-0.03332594513114976,0.019966088228913294,3.1057788551303434,-0.1539131305506453,0.20443262118841476,-3.567750027668826,2.1504816542340315,0.5202248858441516,3.7047900851476476,0.08083984375,0.3171443045139313,0.901199996471405,81,81,0.9191601276397705,81,0.0,0,0.0,0.0,0,0,0,0,282,625,wclamp,1.7301714420318604,3.3654045277313025,R,none,1
-3.672712916001369,1.5732957700867498,5.228442184165917,0.08005859375,-3.6740798273080624,1.4559602712087019,4.940007366088737,0.080390625,1.4645643564728155,0.6700825046281722,-0.01482654976287163,-0.033449225006345035,0.019980444789961357,3.1057788547834297,-0.1564917802042328,0.20544690011036018,-3.582957197982743,2.153058051915129,0.520224893267045,3.71815255977162,0.08005859375,0.34693098068237305,0.902999997138977,81,81,0.9199414253234863,81,0.0,0,0.0,0.0,0,0,0,0,283,625,wclamp,1.6294220685958862,3.372987798335957,R,none,1
-3.526280076166291,1.5604225931344469,5.728922153499224,0.092734375,-3.63655637830268,1.4545680031205257,5.129021406557382,0.08433105468750002,1.4578767714594507,0.6707761859125331,-0.012884881669951324,-0.03312653719251751,0.020341323966248492,3.105778854771286,-0.1560128562990576,0.20670358184017004,-3.549422840517932,2.189040795182716,0.4800423881052831,3.7224353439541966,0.092734375,0.3285336494445801,0.9023000001907349,77,77,0.9072656035423279,77,0.0,0,0.0,0.0,0,0,0,0,284,625,wclamp,1.6580818891525269,3.3826502536649974,R,none,1
-3.7193668259792037,1.5466429773582981,5.699320692326668,0.086796875,-3.651064901267345,1.4553141945743886,5.062793985055012,0.08328857421875001,1.4599133726292866,0.6693397290592539,-0.011313696758839911,-0.03326487878186064,0.020166699541023576,3.1057788532733035,-0.15646564736380242,0.20729729921783902,-3.564047041283047,2.174219671024218,0.4949916887852598,3.72832811249857,0.086796875,0.31503528356552124,0.9057000279426575,85,85,0.9132031202316284,85,0.0,0,0.0,0.0,0,0,0,0,285,625,wclamp,1.6883596181869507,3.390027892096416,R,none,1
-3.3733478965357335,1.5459226818194323,5.4161123435929435,0.09671875,-3.6071742571748904,1.4456813304918326,5.108431068104751,0.08244384765625,1.43668450321167,0.6677116591191035,-0.014401652998138949,-0.03283154906123911,0.020279542266987312,3.1057788547060805,-0.15650698233861476,0.20790031137025602,-3.519699027867166,2.1860207573581607,0.5767556175141424,3.741242808335196,0.09671875,0.3904436230659485,0.9003999829292297,75,75,0.9032812714576721,75,0.0,0,0.0,0.0,0,0,0,0,286,625,wclamp,1.4067249298095703,3.4015115581988002,R,none,1
-3.5721767412045256,1.5591667207523499,5.5225007465017475,0.08466796875,-3.6106724486155795,1.4457997655382635,5.118943038277655,0.08171386718750001,1.4379725852614371,0.6676739026209537,-0.015309525851893315,-0.032828652400228024,0.020317115175438934,3.1057788565540876,-0.15710408239159734,0.2082796377530579,-3.519999400304498,2.1886952743880848,0.6496615266640218,3.7480703290025654,0.08466796875,0.36309951543807983,0.9031000137329102,78,78,0.915332019329071,78,0.0,0,0.0,0.0,0,0,0,0,287,625,wclamp,1.6207455396652222,3.411187092520367,R,none,1
-3.557014671692879,1.5277193650457246,5.486940603942819,0.08296875,-3.588511102147136,1.443838772510183,5.188475707164121,0.08451171874999999,1.4305855762800173,0.6674999925549601,-0.013415167831266056,-0.032621930768215505,0.02046114229834818,3.1057788542610116,-0.15662192597519606,0.20757673236712088,-3.4983411322423628,2.2010765935339456,0.6885818130409146,3.760107844893273,0.08296875,0.3649548888206482,0.8999999761581421,81,81,0.9170312285423279,81,0.0,0,0.0,0.0,0,0,0,0,288,625,wclamp,1.583171010017395,3.4201619718743297,R,none,1
-3.668388917220993,1.5559054652621123,5.504490442059169,0.08423828125,-3.6163596741128528,1.4485097502175068,5.127357461749947,0.08191650390625,1.4420128257761917,0.6658002936606766,-0.00963262296168537,-0.032851087161426505,0.020383804873865527,3.1057788539689772,-0.15828303368529306,0.20642378554591662,-3.523476519444777,2.189754773081666,0.6404837681544167,3.7672870441750166,0.08423828125,0.3010159134864807,0.911300003528595,82,82,0.9157617092132568,82,0.0,0,0.0,0.0,0,0,0,0,289,625,wclamp,1.443285346031189,3.428261012673542,R,none,1
-3.534127480180177,1.558482888491737,5.311138256581813,0.09017578125,-3.6187068491361685,1.4484863617835448,5.115494998074395,0.08040771484375,1.4401613189719447,0.6673792303295321,-0.00942780902854659,-0.03287932195752757,0.0202909947788205,3.105778851938672,-0.15862548649311065,0.20686346058588986,-3.5267112829832605,2.1854031031613523,0.6074327082397355,3.7756182568359713,0.09017578125,0.32158008217811584,0.9081000089645386,77,77,0.9098241925239563,77,0.0,0,0.0,0.0,0,0,0,0,290,625,wclamp,1.5612730979919434,3.4384456195772537,R,none,1
-3.6408812891693776,1.525688262608524,5.43921748375113,0.08669921875,-3.651182106461599,1.4549669020869882,5.106959206602875,0.0805859375,1.4570120133070446,0.6680323723947388,-0.008115699533176271,-0.033169658053361875,0.020248811362619506,3.105778853924302,-0.15947153311222792,0.2068411231054894,-3.5572987239611513,2.18236781487158,0.5946612469940333,3.7787510936704365,0.08669921875,0.32006844878196716,0.9049000144004822,84,84,0.9133007526397705,84,0.0,0,0.0,0.0,0,0,0,0,291,625,wclamp,1.6555027961730957,3.4454443699971233,R,none,1
-3.7119392604984376,1.5512535381363763,5.511317373493232,0.0818359375,-3.6738970215546827,1.4597433836556926,5.134889839439321,0.0835302734375,1.4686998059040763,0.6682843338696586,-0.006133393647164864,-0.033334229193005945,0.02027768527589875,3.105778852069507,-0.16100435497239232,0.20776124074763702,-3.5756898532603634,2.1861889075307284,0.5456885806597773,3.789999940852972,0.0818359375,0.34821873903274536,0.9017000198364258,81,81,0.918164074420929,81,0.0,0,0.0,0.0,0,0,0,0,292,625,wclamp,1.5414997339248657,3.4537525007926564,R,none,1
-3.649099960373178,1.5471977660288898,5.22727504975299,0.08427734375,-3.681857679281951,1.4574459331081735,4.983105613480708,0.07822753906249999,1.4629203055511666,0.6693446163180732,-0.008116273935685843,-0.0334037333596947,0.020013878001152587,3.1057788538500266,-0.16240111308172345,0.2071225019573831,-3.5842064661198525,2.161042419046333,0.5573066664703233,3.7968040443438804,0.08427734375,0.3094688057899475,0.9053999781608582,78,78,0.915722668170929,78,0.0,0,0.0,0.0,0,0,0,0,293,625,wclamp,1.4567127227783203,3.464833600080116,R,none,1
-3.6869057043374784,1.5788131137484025,5.720506003168011,0.0879296875,-3.6958116328256825,1.4625914637136812,5.061694709576471,0.07818847656250001,1.476439916367109,0.6703222669950066,-0.007588393633987722,-0.03352503407800573,0.02016061317529391,3.105778852671028,-0.16357634572312235,0.20869331663169913,-3.5978074789210486,2.1789205180831277,0.5461482885701038,3.8034976935678073,0.0879296875,0.3627703785896301,0.8968999981880188,80,80,0.9120703339576721,80,0.0,0,0.0,0.0,0,0,0,0,294,625,wclamp,1.7475390434265137,3.4730059417314902,R,none,1
-3.5965810687093893,1.5694135568721552,5.546737052933591,0.0890625,-3.667781192640222,1.4615885255826793,5.251426743204022,0.08167236328125,1.4765822670675866,0.6696896055923333,-0.01003085454496989,-0.03325295313358771,0.02060987366736498,3.105778849994506,-0.16358125701081008,0.209516970857045,-3.5699410136160648,2.22466863084874,0.4770352327898708,3.809521430715212,0.0890625,0.38566064834594727,0.895799994468689,77,77,0.910937488079071,77,0.0,0,0.0,0.0,0,0,0,0,295,625,wclamp,1.7294995784759521,3.4831799554846654,R,none,1
-3.631313437342669,1.578228214846343,5.587355711726999,0.08412109375,-3.667998246594184,1.4638369743663746,5.309114169743778,0.0793505859375,1.4812936032567987,0.6696476126377052,-0.008122528372402484,-0.03324631602043923,0.02073865255308141,3.105778851894844,-0.1648023244179785,0.20997086098767526,-3.570482189675291,2.237382367600696,0.44349022775314406,3.8192519219652956,0.08412109375,0.3096470832824707,0.9071000218391418,77,77,0.9158788919448853,77,0.0,0,0.0,0.0,0,0,0,0,296,625,wclamp,1.618929386138916,3.490990362504258,R,none,1
-3.6892472265070735,1.5688593508621769,5.995528995209054,0.09107421875,-3.6775738222016074,1.469344327277048,5.4330504922923595,0.079580078125,1.4958572374368513,0.6702872766929947,-0.007171762028606779,-0.03334686084029406,0.02094019564411607,3.1057788502220336,-0.16693293009884655,0.21181894270263776,-3.582912386695092,2.2626745985835948,0.46899713891841754,3.8262813848130794,0.09107421875,0.3155662715435028,0.9071000218391418,81,81,0.9089257717132568,81,0.0,0,0.0,0.0,0,0,0,0,297,625,wclamp,1.578307867050171,3.50022056657521,R,none,1
-3.549286084200365,1.5499571905816214,5.481210326828542,0.089765625,-3.6655790280619356,1.4658081031362464,5.369529451489009,0.07952392578125,1.485577362914799,0.6700731750459906,-0.007057142740909084,-0.03326016822221632,0.020823321190110138,3.1057788538232347,-0.16623798324726521,0.21137597484271353,-3.5733368377439496,2.251176493709847,0.49475661131369253,3.835621032529346,0.089765625,0.29498833417892456,0.9077000021934509,78,78,0.9102343916893005,78,0.0,0,0.0,0.0,0,0,0,0,298,625,wclamp,1.7753279209136963,3.5093440107665974,R,none,1
-3.4940963981597393,1.5526278124279,5.554824991794515,0.09419921875,-3.6242898620157677,1.4555618718115744,5.338685933279034,0.08009765625,1.4583115906175703,0.6698296886055349,-0.009480916551492585,-0.03284712048263761,0.020800343923514444,3.105778853450577,-0.1658459462178871,0.21311090191941184,-3.530633094081919,2.253784736148668,0.5049793500424236,3.8400200757037557,0.09419921875,0.3103638291358948,0.9038000106811523,76,76,0.9058007597923279,76,0.0,0,0.0,0.0,0,0,0,0,299,625,wclamp,1.6491154432296753,3.519282361589712,R,none,1
-3.571842709607521,1.5636465788367873,5.640921786360487,0.094140625,-3.605422888675073,1.4558420204631732,5.473995390732414,0.08796630859375,1.4586460608616088,0.6709737356528468,-0.010143807968161778,-0.03266072643534127,0.021100030080403485,3.105778853709066,-0.16561032300814987,0.2128629717599095,-3.511303672524999,2.2816377366599805,0.5294740780083176,3.8451621478065814,0.094140625,0.31683436036109924,0.9028000235557556,79,79,0.9058593511581421,79,0.0,0,0.0,0.0,0,0,0,0,300,625,wclamp,1.4749860763549805,3.527305967306169,R,none,1
-3.5973742558445174,1.5913614729320698,6.335936670689083,0.1034375,-3.60915462317232,1.4609285965272616,5.644037694171463,0.089375,1.4698282682095853,0.6724900825924836,-0.008005986650955471,-0.032679020260060095,0.021344945044398912,3.1057788516264786,-0.16749184734653683,0.2144623467032988,-3.515059176237977,2.3089867910467428,0.6063901408223424,3.8518995492145858,0.1034375,0.3310626447200775,0.9046000242233276,80,80,0.8965625166893005,80,0.0,0,0.0,0.0,0,0,0,0,301,625,wclamp,1.5399547815322876,3.535629609150052,R,none,1
-3.565296142458777,1.5796225704049751,6.390269952452872,0.104375,-3.568335806186521,1.4565148639382108,5.748872055419335,0.09539306640625,1.455259729066939,0.6736665975321201,-0.007490777726114545,-0.032279532178196096,0.021597594297539793,3.1057788529713535,-0.1673084646323696,0.21669887259592613,-3.4739531085569086,2.335521116958565,0.5491792698571207,3.8620559056608443,0.104375,0.2989243268966675,0.902899980545044,79,79,0.8956249952316284,79,0.0,0,0.0,0.0,0,0,0,0,302,625,wclamp,1.6453171968460083,3.5444681728469134,R,none,1
-3.525101215335602,1.5695374613502964,5.777266558546358,0.0975,-3.5728836802253294,1.4536484097533038,5.617028686221698,0.09308837890624999,1.445079998991705,0.6730160044146115,-0.00500230422800779,-0.032300450173986556,0.021320262021736338,3.105778853979509,-0.16839322524610906,0.21737334478236559,-3.4771806628877413,2.305048414783274,0.5496359885109632,3.8763170994212373,0.0975,0.3362565040588379,0.9074000120162964,74,74,0.9024999737739563,74,0.0,0,0.0,0.0,0,0,0,0,303,625,wclamp,1.4235448837280273,3.5545599548026776,R,none,1
-3.565197641400654,1.5767861402536294,6.247923963437105,0.10431640625,-3.5766293201690336,1.4571562509126479,5.724127787404375,0.09407958984374999,1.4555052124086065,0.6727280276730325,-0.00492890050783599,-0.032323181087637605,0.021538121853305385,3.105778852936945,-0.17031227810774,0.21896438411490515,-3.4814282208051726,2.32734265108458,0.5528646435192432,3.8879039002327342,0.10431640625,0.31898605823516846,0.9092000126838684,78,78,0.8956835865974426,78,0.0,0,0.0,0.0,0,0,0,0,304,625,wclamp,1.372431993484497,3.565130319706506,R,none,1
-3.608642801758399,1.543567275075654,5.874871957819393,0.09806640625,-3.5968593975354883,1.4592493835483142,5.671124437961537,0.09496337890624999,1.4585596042363407,0.6719793468201299,-0.0011301876703355973,-0.03248137152561005,0.02137300188030058,3.105778854348236,-0.1707192331040278,0.2203177420605019,-3.498039858123187,2.312508075971245,0.5237120409003979,3.893729153731891,0.09806640625,0.3266110122203827,0.9053000211715698,81,81,0.9019336104393005,81,0.0,0,0.0,0.0,0,0,0,0,305,625,wclamp,1.3755035400390625,3.572010843123989,R,none,1
-3.5559266389051087,1.577686631364044,6.006079285051941,0.09271484375,-3.597536449726082,1.4603793490630514,5.732784878975767,0.09518798828125,1.4608145412920532,0.673679301058226,-0.0017859991804584406,-0.032497196421556594,0.021403603581264672,3.105778855792975,-0.17123544011730701,0.22094505513962853,-3.500177132850008,2.316352096534611,0.5570567344526394,3.8975259066258277,0.09271484375,0.3407694101333618,0.8982999920845032,79,79,0.9072851538658142,79,0.0,0,0.0,0.0,0,0,0,0,306,625,wclamp,1.6346122026443481,3.581026028086632,R,none,1
-3.457031500599983,1.539887249115961,6.081573702617507,0.10265625,-3.6071286209807294,1.4628147284593402,5.785078947853696,0.09567138671875,1.4692651754767647,0.6736584449168755,-0.0030966905960673253,-0.03257382989591804,0.02149155615571632,3.105778853039181,-0.17158603774849326,0.22156272279876948,-3.5083778959093594,2.3249725606394427,0.5065227136738266,3.911323952494986,0.10265625,0.30521053075790405,0.9053999781608582,75,75,0.8973437547683716,75,0.0,0,0.0,0.0,0,0,0,0,307,625,wclamp,1.3771454095840454,3.5898494977521573,R,none,1
-3.632374562848836,1.6171245113160015,6.4169292942574545,0.1003515625,-3.6363896995907434,1.4699335184764775,5.794296534594747,0.09318359374999999,1.4871684221555515,0.6742613638119422,-0.0007252372268581053,-0.03284725086160754,0.021507133498005978,3.1057788539482076,-0.1733297264628345,0.22123323663326502,-3.5381302300632576,2.3270482948238556,0.5681197201920178,3.9172493485396895,0.1003515625,0.315167635679245,0.9065999984741211,78,78,0.8996484279632568,78,0.0,0,0.0,0.0,0,0,0,0,308,625,wclamp,1.6105984449386597,3.5981244660143075,R,none,1
-3.4520104850314617,1.5626028642129508,6.321418088385519,0.09412109375,-3.59453558324274,1.4644321534389506,5.857937724266474,0.08951171875,1.4708667507075774,0.6750367687490945,-0.0013419874308301194,-0.03249430316978063,0.02164998214018059,3.105778850683886,-0.17308160298445727,0.2213061485251899,-3.5017269173360934,2.339499231966105,0.5704540249779243,3.9275792389626054,0.09412109375,0.35981670022010803,0.9027000069618225,76,76,0.9058789014816284,76,0.0,0,0.0,0.0,0,0,0,0,309,625,wclamp,1.4441651105880737,3.6097578865530107,R,none,1
-3.5652809494720463,1.577071267262514,6.251748015598285,0.09833984375,-3.589586119364288,1.4634432645865365,5.860494023023526,0.08696044921875001,1.4685274598337017,0.6743627201729135,-0.0012239913429162796,-0.03244568613883248,0.021666890978754308,3.1057788549455636,-0.17359287579311058,0.22198844267131912,-3.4972579678757016,2.3414072122688174,0.5897305797115417,3.939520769876053,0.09833984375,0.3291610777378082,0.9089999794960022,76,76,0.901660144329071,76,0.0,0,0.0,0.0,0,0,0,0,310,625,wclamp,1.6080975532531738,3.6201482156469353,R,none,1
-3.6184570542544,1.5861546335417407,6.589140443494847,0.09587890625,-3.580996482032566,1.4616110062703285,5.855584373974145,0.087060546875,1.4626262743729672,0.6756231300825821,-0.0019426708049875253,-0.03237803385076112,0.021626901443396844,3.1057788515472997,-0.17473801283631474,0.2239622782138939,-3.4914729525621278,2.3420262750063467,0.642662802951605,3.9441989878463066,0.09587890625,0.35997912287712097,0.9085000157356262,76,76,0.9041211009025574,76,0.0,0,0.0,0.0,0,0,0,0,311,625,wclamp,1.4981024265289307,3.6308617980815767,R,none,1
-3.641440857317314,1.584815390966684,6.475570803138062,0.09373046875,-3.5959985661776357,1.4653960292817343,5.867291745876344,0.08668212890625,1.4721723834430451,0.6778016428304581,-0.0025885036388304883,-0.03250219080714491,0.02166938829092962,3.1057788555589934,-0.17554721518885344,0.22463388147549135,-3.5050005218527645,2.347705464602583,0.6428584646728068,3.9529477597369715,0.09373046875,0.3882746994495392,0.9038000106811523,78,78,0.9062695503234863,78,0.0,0,0.0,0.0,0,0,0,0,312,625,wclamp,1.4414044618606567,3.6382992617586467,R,none,1
-3.558498034114107,1.5940166406770404,6.127928199951345,0.10095703125,-3.6208827787566213,1.4701687839181445,5.896352004975224,0.08729980468750001,1.4885179464487126,0.6742864108491625,-0.0014081040905198816,-0.032740337262780556,0.021701793069408268,3.1057788547022174,-0.17623938313452528,0.22522036975793652,-3.5300878916139427,2.351376930011123,0.611260428601756,3.96087350461254,0.10095703125,0.3184633255004883,0.8981000185012817,78,78,0.8990429639816284,78,0.0,0,0.0,0.0,0,0,0,0,313,625,wclamp,1.469340205192566,3.6474643979814694,R,none,1
-3.574116416127982,1.5511914758260854,5.734225219846131,0.092109375,-3.645311405311932,1.4703432150481521,5.737311613512495,0.08833984375000001,1.4892722915867813,0.6765422099000683,-0.0039053314487137213,-0.03294103327999942,0.021414194739630184,3.105778853498549,-0.17698585853213444,0.22584151096146293,-3.5513932278627633,2.323765336938739,0.6109333571375868,3.9634315432148712,0.092109375,0.3532535135746002,0.892300009727478,78,78,0.9078906178474426,78,0.0,0,0.0,0.0,0,0,0,0,314,625,wclamp,1.8424233198165894,3.6549860082798586,R,none,1
-3.599590125194884,1.5779640769056036,6.541807523168711,0.10396484375,-3.622902597062987,1.465886295806496,5.772319317830993,0.09100830078125,1.4781907598622006,0.674121809195893,-0.003489936824804525,-0.03271207153012331,0.021496823399182893,3.1057788530767163,-0.17718014464946463,0.22709187580043252,-3.5281331733250934,2.3358849626545224,0.6109333273535071,3.9758794544328784,0.10396484375,0.3622487485408783,0.9053000211715698,79,79,0.8960351347923279,79,0.0,0,0.0,0.0,0,0,0,0,315,625,wclamp,1.4885691404342651,3.6645141149674947,R,none,1
-3.6525577152267705,1.5633346047780114,5.895053450077761,0.09001953125,-3.686658609990875,1.4808431969015305,5.867777475233537,0.08969970703125002,1.5240746395395943,0.67672992952144,-0.007907995251489905,-0.03330374724466593,0.02169363041534666,3.1057788519366745,-0.1792003494789242,0.22750754348746527,-3.590763343677973,2.3548322674002993,0.5931433511015953,3.9803048044578127,0.09001953125,0.34668228030204773,0.8914999961853027,81,81,0.9099804759025574,81,0.0,0,0.0,0.0,0,0,0,0,316,625,wclamp,1.6129064559936523,3.6717616462055584,R,none,1
-3.478493387752396,1.5764935492128636,6.099184362259041,0.0988671875,-3.654027613457214,1.4754654637359745,5.887886168211294,0.08861083984375,1.5051466911538316,0.676896433429285,-0.005044789905502846,-0.03299473631196134,0.021713615996440675,3.105778853406808,-0.1798101046314696,0.22829450138204724,-3.5597186950460684,2.359430361969889,0.593434832885138,3.9906775842441506,0.0988671875,0.3205266296863556,0.9114999771118164,78,78,0.9011328220367432,78,0.0,0,0.0,0.0,0,0,0,0,317,625,wclamp,1.5768461227416992,3.6799993516801695,R,none,1
-3.569392188381469,1.5678256606175154,6.3909045949012935,0.093046875,-3.6235644715530024,1.4732334077184968,6.036073906882239,0.08921630859374999,1.4999794480183004,0.6769872851122788,-0.006550059512725177,-0.03272664610675898,0.021994189281004325,3.105778853597096,-0.18046960327832495,0.2284708406514121,-3.532915619693174,2.3884370709764378,0.6175124890922481,3.9983713069083557,0.093046875,0.34286031126976013,0.9028000235557556,79,79,0.9069530963897705,79,0.0,0,0.0,0.0,0,0,0,0,318,625,wclamp,1.2825098037719727,3.690720786433125,R,none,1
-3.559162796545305,1.569871424378536,6.707766364133574,0.10228515625,-3.6062330008175967,1.4672016234853047,5.931908231176168,0.0897802734375,1.4835099709691435,0.6752268783972164,-0.006056245408445946,-0.03258657040485609,0.021813344665082945,3.1057788512002276,-0.17975995207263623,0.22795083633524302,-3.5178569200909906,2.3678478832011014,0.6296552116504825,4.004060321012151,0.10228515625,0.2975922226905823,0.9128000140190125,79,79,0.8977148532867432,79,0.0,0,0.0,0.0,0,0,0,0,319,625,wclamp,1.3519171476364136,3.699687789728761,R,none,1
-3.5701503998321975,1.576241834184157,6.33534351647543,0.09513671875,-3.6061579036521154,1.4676697519654782,5.967886940415976,0.09062744140625001,1.4886012188410485,0.6743592675515987,-0.008905985558239652,-0.032614559858521595,0.021892334418684482,3.10577885270795,-0.17974200852273498,0.22886184775084495,-3.520706154929502,2.3778026782527912,0.6226976843381,4.008010687646917,0.09513671875,0.38037246465682983,0.9006999731063843,79,79,0.9048632979393005,79,0.0,0,0.0,0.0,0,0,0,0,320,625,wclamp,1.4372704029083252,3.7068558689529323,R,none,1
-3.575246425870729,1.601098529815655,6.774476459390651,0.099375,-3.599006147691374,1.4677682122971962,5.99925296007657,0.09178466796875001,1.4875136664131998,0.6766167888240007,-0.00978693020709386,-0.0325667706711077,0.021937684141219625,3.1057788535136837,-0.18085038386343513,0.22944807463204492,-3.5169191104813615,2.3825086368304547,0.6387860830664334,4.014390606027325,0.099375,0.31876030564308167,0.9063000082969666,79,79,0.9006249904632568,79,0.0,0,0.0,0.0,0,0,0,0,321,625,wclamp,1.5307285785675049,3.714532829493354,R,none,1
-3.4709743206740047,1.5641120715577688,6.854162792869877,0.10912109375,-3.602374803015307,1.4686119197040934,6.0044318775105125,0.09435302734374999,1.4895685767579412,0.6765376671143278,-0.009285273175327406,-0.032580532463594845,0.021965778464557613,3.105778851104127,-0.18229074861912523,0.2304010028937046,-3.5197692031465895,2.3833282528611717,0.638396876411929,4.021117151572834,0.10912109375,0.3555586040019989,0.897599995136261,76,76,0.8908789157867432,76,0.0,0,0.0,0.0,0,0,0,0,322,625,wclamp,1.3279094696044922,3.723810763543301,R,none,1
-3.4104475605632745,1.5938237022735982,6.062076050343158,0.104765625,-3.596558248765994,1.4655286382449284,5.927226957570319,0.09272216796874999,1.479549421441081,0.6756357055998585,-0.007410937524906379,-0.03251174255429002,0.021830894009821303,3.105778854421565,-0.18230693608580623,0.23114932747967007,-3.5127387028266206,2.370409782856904,0.6384497065593564,4.032116292945253,0.104765625,0.3181987404823303,0.9114999771118164,75,75,0.8952343463897705,75,0.0,0,0.0,0.0,0,0,0,0,323,625,wclamp,1.4686386585235596,3.733543995136532,R,none,1
-3.4735694212835337,1.5742752053699207,6.252371330235167,0.10056640625,-3.59640222114065,1.4694592149972232,6.061172509740115,0.0937060546875,1.4868898219522353,0.6744396065483665,-0.0020190439603470717,-0.03248595037629602,0.0220425254995418,3.1057788522290855,-0.18440583732037338,0.23274324381520248,-3.5121955097845983,2.39203111189989,0.6384497022469913,4.039704616245884,0.10056640625,0.3358743190765381,0.9097999930381775,79,79,0.8994336128234863,79,0.0,0,0.0,0.0,0,0,0,0,324,625,wclamp,1.7476102113723755,3.7410312257965375,R,none,1
-3.632173057652161,1.5961117007928536,6.123315761026093,0.093984375,-3.612293210322268,1.4686121285398648,5.9393717109161805,0.09031494140625,1.4840792562212002,0.6740428577456601,-0.0013005298724684388,-0.03263788141768549,0.021750065645081713,3.1057788541858127,-0.18621821587963494,0.23294732395043533,-3.529571371776117,2.3628913460589116,0.6383050364783411,4.046952950356804,0.093984375,0.2858731150627136,0.9106000065803528,78,78,0.9060156345367432,78,0.0,0,0.0,0.0,0,0,0,0,325,625,wclamp,1.2989109754562378,3.7495670152557397,R,none,1
-3.6118823426566085,1.5632469881741975,6.080754189489358,0.09087890625,-3.603387998245497,1.4673802633670852,5.982328414456915,0.09075195312499999,1.4863128010979743,0.6730410411095111,-0.006149004888229983,-0.03256886827302297,0.021906177683181982,3.1057788531634203,-0.18695796459971462,0.23261066422225168,-3.5232415649679774,2.3777326977285327,0.6633077228025694,4.0473623355515675,0.09087890625,0.3543691039085388,0.906000018119812,82,82,0.9091210961341858,82,0.0,0,0.0,0.0,0,0,0,0,326,625,wclamp,1.7805349826812744,3.7549558002503614,R,none,1
-3.596268492172717,1.5769106581373544,6.091108755224922,0.09228515625,-3.5955787362468437,1.4656868275865018,5.96798178518742,0.08686767578125001,1.477161005772544,0.6738288406637849,-0.00275196987574541,-0.032474754121674464,0.021829246689040068,3.1057788550171814,-0.18757436021114698,0.23243890813248186,-3.5142171128510062,2.3687178652426373,0.7299760576686052,4.051850117107921,0.09228515625,0.3087442219257355,0.9049999713897705,81,81,0.90771484375,81,0.0,0,0.0,0.0,0,0,0,0,327,625,wclamp,1.6464589834213257,3.764356466233685,R,none,1
-3.6180900727668437,1.5853286345183744,6.784510886875985,0.10263671875,-3.586630630691656,1.4655298730419009,6.03923795314123,0.08873046874999999,1.4748757510257147,0.6742893825559012,-0.0013873248034066493,-0.03237448784726805,0.02192371915661953,3.1057788526902748,-0.18868962409789675,0.2336776475336563,-3.505061318985062,2.380292885566094,0.7344111359082721,4.054485770682777,0.10263671875,0.3185396194458008,0.9021999835968018,81,81,0.8973633050918579,81,0.0,0,0.0,0.0,0,0,0,0,328,625,wclamp,1.3302232027053833,3.772181156814381,R,none,1
-3.6859124152760616,1.583916035322023,6.207027344321592,0.08908203125,-3.635590158262253,1.4724709686662463,5.9367091181970935,0.08729980468750001,1.4949572993357487,0.6747225998730221,-0.0015091456438578266,-0.032803490892821,0.021760126183054163,3.1057788545506435,-0.19005265771294944,0.23432976909111972,-3.55037048586419,2.366564265646513,0.6812488939326544,4.057687461402737,0.08908203125,0.3551073968410492,0.8974000215530396,84,84,0.9109179973602295,84,0.0,0,0.0,0.0,0,0,0,0,329,625,wclamp,1.5705838203430176,3.778307365820539,R,none,1
-3.675862558330772,1.567726477884537,6.383645010291536,0.095,-3.6396211348602105,1.477627253164016,6.095035563095439,0.090146484375,1.5102956555027973,0.673869220687423,-0.0007825768971861713,-0.03282501153847029,0.02209048282150804,3.105778852950167,-0.1908279889076948,0.23494939251730917,-3.553350344908879,2.3991060113233593,0.6781651102829722,4.063209307274037,0.095,0.3055655062198639,0.9083999991416931,79,79,0.9049999713897705,79,0.0,0,0.0,0.0,0,0,0,0,330,625,wclamp,1.9292240142822266,3.7866807514754734,R,none,1
-3.574346539862987,1.531308738575459,6.139774004410109,0.09716796875,-3.643477782045323,1.4780297410065575,6.0700307563231926,0.0930859375,1.5132529304379394,0.6738273949177258,-0.0025084100557544895,-0.03286824731388689,0.022095575223007796,3.1057788540851106,-0.19136825311928987,0.235683670102547,-3.558319587347853,2.39582805806515,0.7233693588142325,4.064213154742382,0.09716796875,0.3520624041557312,0.9017999768257141,84,84,0.90283203125,84,0.0,0,0.0,0.0,0,0,0,0,331,625,wclamp,1.833717703819275,3.7944522241932654,R,none,1
-3.545062137343287,1.5625469922002186,6.10272762215203,0.09607421875,-3.6205980791620185,1.4706473178204589,6.021275656757264,0.09350341796875,1.4953265364356434,0.6718641290868373,-0.004387132109971418,-0.032653907857201424,0.021992660917553385,3.1057788553674173,-0.19202066475525498,0.23603084118551262,-3.53701553404752,2.3872729817332647,0.7465833000563427,4.07185495540878,0.09607421875,0.3159381151199341,0.9081000089645386,79,79,0.9039257764816284,79,0.0,0,0.0,0.0,0,0,0,0,332,625,wclamp,1.3775227069854736,3.804567195669778,R,none,1
-3.5601625648974835,1.5674611305248332,6.153857173556599,0.0923046875,-3.6084438938937473,1.4670881295426286,5.947359310736956,0.09398193359375,1.4836865207417287,0.6738117046551686,-0.005150645552009647,-0.032556620668542625,0.02186220543502222,3.1057788545238476,-0.19170702498406172,0.23520767807740167,-3.5267360075489353,2.3734542295440355,0.7415126080038864,4.076470069731475,0.0923046875,0.34676283597946167,0.9021000266075134,80,80,0.9076952934265137,80,0.0,0,0.0,0.0,0,0,0,0,333,625,wclamp,1.4279075860977173,3.8114651471176835,R,none,1
-3.553045279258455,1.5485370946398531,6.260832171260786,0.095078125,-3.5988760444977004,1.463720818274463,5.850239270436963,0.090009765625,1.4677369275454613,0.6735674183854008,0.0011742879192008237,-0.03241664249027766,0.021691440496324293,3.105778853004564,-0.1928441658988595,0.23522211106492277,-3.51353409017531,2.353102878758435,0.7406826268455454,4.089426536297923,0.095078125,0.2947833240032196,0.9096999764442444,80,80,0.9049218893051147,80,0.0,0,0.0,0.0,0,0,0,0,334,625,wclamp,1.4328662157058716,3.821937104036296,R,none,1
-3.514150592814691,1.567609627026204,6.079597982238969,0.09654296875,-3.5922863424146887,1.4649697033303692,5.947945492925863,0.0905078125,1.4703388683657752,0.6736534474092909,0.0021439159008032165,-0.03236108072893247,0.02183608829239253,3.105778851338676,-0.19440807364881038,0.23680314343790954,-3.509406372670445,2.3697865280691457,0.7720663157072714,4.098695630284454,0.09654296875,0.3249638080596924,0.8978999853134155,78,78,0.9034570455551147,78,0.0,0,0.0,0.0,0,0,0,0,335,625,wclamp,1.4646453857421875,3.8284870658222134,R,none,1
-3.4734449709795707,1.5963294728051909,6.564634851246084,0.10369140625,-3.592911615960821,1.4717947699116174,6.212347879477784,0.09380859374999999,1.488511888940148,0.6760448181913441,0.0016231376076981186,-0.03234299438494173,0.022289502953588565,3.105778852969641,-0.19639450823888183,0.23853932918293094,-3.5095400817577116,2.4178685934224484,0.783070017218336,4.110898387960562,0.10369140625,0.277467280626297,0.9093999862670898,76,76,0.8963086009025574,76,0.0,0,0.0,0.0,0,0,0,0,336,625,wclamp,1.4776463508605957,3.8379426105733443,R,none,1
-3.6117128663659117,1.5839591459885454,6.559972746045074,0.0969140625,-3.598897395504065,1.4677176252763324,6.028008823601511,0.0898828125,1.477448169967176,0.6748044409872808,0.0019424165923392523,-0.032381040180245846,0.021974793700822805,3.105778852303623,-0.1978123435098678,0.2376335284540102,-3.5148552450498016,2.3874876948423545,0.6588560114068706,4.118004820380113,0.0969140625,0.33034470677375793,0.9039999842643738,79,79,0.9030859470367432,79,0.0,0,0.0,0.0,0,0,0,0,337,625,wclamp,1.4532207250595093,3.8456228729150244,R,none,1
-3.620918333501079,1.5599728597854197,6.4389569932333295,0.09244140625,-3.625545847580578,1.4691156945856885,5.955854690486972,0.08685302734374999,1.484703917040367,0.6735204621322702,7.654490535196845e-05,-0.03262519549060307,0.021783956471621017,3.1057788543601417,-0.1991419190634042,0.23787850521607268,-3.541195556348255,2.368941455406513,0.659726664934042,4.124962911812591,0.09244140625,0.35102543234825134,0.9056000113487244,80,80,0.9075586199760437,80,0.0,0,0.0,0.0,0,0,0,0,338,625,wclamp,1.6416707038879395,3.8548782111424127,R,none,1
-3.646536414657965,1.5687676963717445,6.354793973022998,0.0884375,-3.6391365400227995,1.4698224391317412,5.940385361373003,0.08336669921875,1.4906759609294813,0.6718236373360529,-0.0021215956903536887,-0.03274810705857504,0.021741569472699715,3.1057788532245945,-0.19995033611543478,0.23904781155560298,-3.5545947654745715,2.3671055965152,0.7156988005366164,4.133268171405661,0.0884375,0.3830690383911133,0.892799973487854,80,80,0.9115625023841858,80,0.0,0,0.0,0.0,0,0,0,0,339,625,wclamp,1.5063058137893677,3.862714444173447,R,none,1
-3.5476056335499377,1.6035201153527552,6.1199742496820155,0.0935546875,-3.640622730594543,1.4701525130926094,5.921035551468322,0.08358398437499999,1.4888974758909594,0.6721002163280484,0.0003507195335064006,-0.032730927816654314,0.021725037754662772,3.1057788521447707,-0.2000225082412362,0.23865547622249417,-3.5529071336487466,2.3624404484364026,0.7196206577075461,4.146327173413002,0.0935546875,0.2952806353569031,0.911899983882904,79,79,0.906445324420929,79,0.0,0,0.0,0.0,0,0,0,0,340,625,wclamp,1.6384971141815186,3.8743574079532204,R,none,1
-3.7428766903875084,1.5958303863374603,6.779167573918779,0.09263671875,-3.690444477273752,1.4793135925092755,5.926009822510981,0.08282226562500002,1.5160222531051255,0.6705720546964915,0.0017743971810805109,-0.033169347407710464,0.021707164990714647,3.105778855221965,-0.2007892585080117,0.2393292945631567,-3.598584627496144,2.3646171589519187,0.721885009646448,4.14946513648926,0.09263671875,0.29260513186454773,0.9103999733924866,84,84,0.9073632955551147,84,0.0,0,0.0,0.0,0,0,0,0,341,625,wclamp,1.4862196445465088,3.880631590144292,R,none,1
-3.658753795267986,1.6014259972117586,6.447252221133191,0.09548828125,-3.670729109530736,1.475430194426141,5.9396152621429685,0.08463867187500002,1.5039607628172187,0.6709539488228821,0.001979546984259004,-0.03296632639617426,0.021728456327876736,3.105778853764716,-0.20207056365907192,0.24010300539602394,-3.5790689044655575,2.364897940148296,0.727870459041716,4.158452432558655,0.09548828125,0.3294418752193451,0.9086999893188477,80,80,0.9045116901397705,80,0.0,0,0.0,0.0,0,0,0,0,342,625,wclamp,1.3878613710403442,3.888973633408686,R,none,1
-3.6091150125702303,1.5758160862672776,6.69511327788091,0.09666015625,-3.6546399329853885,1.4739118123019803,6.012115187420555,0.0830859375,1.5008501925149733,0.6704341446430887,0.0011316932852458994,-0.03284142902422719,0.021843095529367213,3.105778853585785,-0.2029907884937711,0.24079286798362426,-3.5671949158119958,2.379182527566172,0.7468375540859484,4.1641266141114786,0.09666015625,0.32654762268066406,0.9075000286102295,81,81,0.9033398628234863,81,0.0,0,0.0,0.0,0,0,0,0,343,625,wclamp,1.640801191329956,3.8993678827687264,R,none,1
-3.561646881630496,1.5734689808131634,6.887145465795643,0.101953125,-3.609356777894111,1.4690069311113445,6.142260170232296,0.0845068359375,1.4843286063213226,0.6723670295339105,0.0012857277979372883,-0.03237219600571833,0.02214940279774767,3.105778853147384,-0.20354682989302092,0.24181112652984182,-3.519683753546722,2.409947403184718,0.7427091426112717,4.170196744184762,0.101953125,0.3039979636669159,0.9157999753952026,81,81,0.8980468511581421,81,0.0,0,0.0,0.0,0,0,0,0,344,625,wclamp,1.4255380630493164,3.9103921779131396,R,none,1
-3.617786351390971,1.5866290957759022,6.642684640430723,0.09802734375,-3.5938176414782568,1.463759920527061,6.043294400258431,0.08592529296875,1.4663638843572355,0.6752423543612703,0.0009868662228817687,-0.032208111936260254,0.021967512888451488,3.1057788556855312,-0.2043859946168959,0.24178737817433604,-3.503714505235623,2.3929477392587795,0.6288285089591787,4.179674053806753,0.09802734375,0.2786109745502472,0.9185000061988831,80,80,0.9019726514816284,80,0.0,0,0.0,0.0,0,0,0,0,345,625,wclamp,1.4996130466461182,3.9199417772199205,R,none,1
-3.4193326698634503,1.551479704383791,6.4556419395557665,0.1037109375,-3.5710446668294638,1.4612607015937469,6.138595232303078,0.08906982421875001,1.4599641805433787,0.6747227031553362,0.0005959543235334419,-0.03196380442907019,0.022172410812396216,3.1057788553698207,-0.2049261387856677,0.24191389189243806,-3.479228322948949,2.4121633764038464,0.5633774683372388,4.187548212787616,0.1037109375,0.3091583251953125,0.9064000248908997,79,79,0.896289050579071,79,0.0,0,0.0,0.0,0,0,0,0,346,625,wclamp,1.5664511919021606,3.9286206317146837,R,none,1
-3.6243385697677453,1.562374111864998,6.396778986320226,0.09158203125,-3.6056007373405965,1.4633020659690987,5.973836779573163,0.08514404296875,1.4663733226589308,0.6727376009229868,0.002142012687513713,-0.03227881783601159,0.021863709639966162,3.1057788564938873,-0.20574437711853533,0.2415261749126857,-3.51231584539278,2.3794797336780893,0.5608892177666913,4.190811812427708,0.09158203125,0.3003755509853363,0.9150999784469604,80,80,0.9084179401397705,80,0.0,0,0.0,0.0,0,0,0,0,347,625,wclamp,1.7483433485031128,3.9372887763481654,R,none,1
-3.4889530401270474,1.5399947369934661,6.66459652395641,0.09681640625,-3.6033663085361627,1.4665614493755055,6.117178053517529,0.08697998046875,1.4746452096038354,0.6723290386530837,0.0038282365374637394,-0.032246154971794436,0.02210663816247941,3.1057788541345577,-0.2061946394853294,0.2429520802559817,-3.5094201954203665,2.408205975353772,0.5587986828299849,4.197171570561046,0.09681640625,0.3032910227775574,0.9093999862670898,80,80,0.9031835794448853,80,0.0,0,0.0,0.0,0,0,0,0,348,625,wclamp,1.7908023595809937,3.9457476956100517,R,none,1
-3.591878245785413,1.5740036327849993,6.318799250948391,0.0923046875,-3.570985559273578,1.4593206838804265,6.121301657929489,0.08642333984375,1.4567888698865883,0.6705041928849697,0.0023237956296773142,-0.03192630377753359,0.022152210016866975,3.1057788573618472,-0.20653116201981903,0.24246798192741628,-3.476991861496684,2.412527880227252,0.5619134037979587,4.202552455063847,0.0923046875,0.2729470729827881,0.9070000052452087,80,80,0.9076952934265137,80,0.0,0,0.0,0.0,0,0,0,0,349,625,wclamp,1.373368501663208,3.9541020462343854,R,none,1
-3.5041612489435146,1.5712054298315479,6.822368197189095,0.10384765625,-3.5687165188435532,1.4597827975644324,6.1664319210760015,0.08514892578125,1.460006929455257,0.6687608849108244,0.002198001698958557,-0.03190766049210299,0.022254125626020277,3.105778857239036,-0.2077670060726814,0.2444002414940124,-3.4763179281843133,2.4242736088575105,0.550584317939129,4.213282763304899,0.10384765625,0.30025386810302734,0.9108999967575073,77,77,0.8961523175239563,77,0.0,0,0.0,0.0,0,0,0,0,350,625,wclamp,1.5011084079742432,3.9625901267096695,R,none,1
-3.6483806062705635,1.5519272047659787,6.4616068204090675,0.0928125,-3.6024988417458648,1.4625708414375824,6.04607307521674,0.08611328125,1.465302456883616,0.6686911591176259,0.0051198502221951525,-0.03221805702235295,0.02192785202513467,3.105778855746537,-0.20864406355656684,0.24419286836296233,-3.5089913270333044,2.3941221195624336,0.5445125906673041,4.220287473253684,0.0928125,0.32997608184814453,0.9089000225067139,78,78,0.9071875214576721,78,0.0,0,0.0,0.0,0,0,0,0,351,625,wclamp,1.5313830375671387,3.9703331421314663,R,none,1
-3.4395998061107993,1.574782349324174,6.874645644049152,0.098046875,-3.5773583556005395,1.4608970005903745,6.150629557572687,0.08425292968749999,1.462186147863556,0.6693948380724938,0.0026390603979025364,-0.03201462728266359,0.022151012990881395,3.105778853773218,-0.20837084740400313,0.24503942571359003,-3.487879213481441,2.4174150198934816,0.5445126079257081,4.227451469883262,0.098046875,0.2985655963420868,0.9038000106811523,72,72,0.9019531011581421,72,0.0,0,0.0,0.0,0,0,0,0,352,625,wclamp,1.5406709909439087,3.9823875966557587,R,none,1
-3.5464927804063895,1.5562817319561215,6.233558782569741,0.096953125,-3.5819702916025253,1.458093619148387,5.999824208338728,0.0879443359375,1.452859010432675,0.6692154556304775,0.00396253613808813,-0.03205573584334965,0.021871571806554798,3.1057788565525306,-0.20891985725611448,0.24606759755301047,-3.4926392943385975,2.388223610553719,0.5445126202169019,4.237003319240676,0.096953125,0.3058798611164093,0.9092000126838684,80,80,0.9030468463897705,80,0.0,0,0.0,0.0,0,0,0,0,353,625,wclamp,1.569230079650879,3.9928666263539663,R,none,1
-3.5546634680860167,1.5501206614782996,6.21980105970532,0.090703125,-3.587078039544574,1.4606183424861143,5.998317431846321,0.08743164062500001,1.4562927117824773,0.6696501616146758,0.007463069009729643,-0.03211119224495902,0.02187158727759023,3.105778855403569,-0.2094962743483484,0.2457909296738892,-3.4988965438648534,2.3870338309454913,0.5432739943634664,4.249715517135211,0.090703125,0.2902519404888153,0.9053000211715698,78,78,0.9092968702316284,78,0.0,0,0.0,0.0,0,0,0,0,354,625,wclamp,1.3794567584991455,4.001087046453161,R,none,1
-3.6116991571222927,1.62082829762204,6.119567672701932,0.09255859375,-3.6095164365803147,1.4615355433292891,5.842993689266211,0.08439453125,1.4599947369350548,0.6699010273023958,0.006190380177389193,-0.032317674075367425,0.021654103765120402,3.105778853097571,-0.21100156312808394,0.2453045218073748,-3.5215533795387186,2.362670911538997,0.5430848613255179,4.263967554334356,0.09255859375,0.3033113181591034,0.9125999808311462,79,79,0.9074413776397705,79,0.0,0,0.0,0.0,0,0,0,0,355,625,wclamp,1.500456690788269,4.011443646729964,R,none,1
-3.632439319420363,1.5244408146679742,5.913956383195855,0.08486328125,-3.6211368819260894,1.4610752844949533,5.7435455002208755,0.08560302734375,1.458467325923501,0.6699051630885476,0.006368497949958862,-0.03243088192370857,0.021447306444469145,3.1057788558202013,-0.21239317614585163,0.24448299351228583,-3.53454175682497,2.339689239579856,0.558831461608053,4.275862978947021,0.08486328125,0.35236600041389465,0.9021999835968018,85,85,0.9151366949081421,85,0.0,0,0.0,0.0,0,0,0,0,356,625,wclamp,1.6147253513336182,4.018855274391247,R,none,1
-3.7346692190500796,1.5903436827068822,7.180209689438405,0.0986328125,-3.6087566779187186,1.4599461021117104,5.807382071488315,0.08412841796875,1.45781520600015,0.67100261934531,0.0026247957257158603,-0.0323284768531382,0.021585705844662115,3.105778849846349,-0.2128521972708404,0.24335631317939002,-3.5245106265982327,2.3569811646197234,0.5475163306388358,4.281270706625292,0.0986328125,0.34596043825149536,0.9103000164031982,77,77,0.9013671875,77,0.0,0,0.0,0.0,0,0,0,0,357,625,wclamp,1.5611523389816284,4.031225059554376,R,none,1
-3.6159990802717368,1.5832177679855952,6.060235076627986,0.09271484375,-3.621444260167999,1.4649572423356685,5.809046012961293,0.083671875,1.4688484232240553,0.6717783763869284,0.00547292226074176,-0.032478190305392306,0.02162583078720833,3.1057788520431115,-0.21303617507219313,0.24367903826060427,-3.540030922853229,2.3605201612860083,0.5486562357088416,4.291364103422444,0.09271484375,0.3040180504322052,0.9103000164031982,75,75,0.9072851538658142,75,0.0,0,0.0,0.0,0,0,0,0,358,625,wclamp,1.5630329847335815,4.042097342114788,R,none,1
-3.660448337995364,1.5472061466560663,6.362079760520577,0.096484375,-3.6377540863584477,1.4705868112599996,5.847577852698899,0.08333251953125,1.4819072314100552,0.6735057817184478,0.007212556323349708,-0.03262133353171036,0.021723118627390885,3.1057788530756283,-0.21332602613372728,0.2445520630462691,-3.5549840528001493,2.369687704342061,0.5657716489417686,4.3011174889157155,0.096484375,0.345172256231308,0.9085999727249146,80,80,0.903515636920929,80,0.0,0,0.0,0.0,0,0,0,0,359,625,wclamp,1.5341463088989258,4.051927956989206,R,none,1
-3.622837000142604,1.5656258960293727,6.49800238157593,0.09962890625,-3.6539331524112835,1.4755435548652434,5.934847401185036,0.08329101562499999,1.495613297635049,0.6722636599712031,0.009351824698106616,-0.032793289479559694,0.02179110449351741,3.105778853492134,-0.21427314542233944,0.24547655183535338,-3.573545963121297,2.377535977801245,0.568533581527459,4.30601090762166,0.09962890625,0.267046183347702,0.9218999743461609,78,78,0.9003710746765137,78,0.0,0,0.0,0.0,0,0,0,0,360,625,wclamp,1.4457099437713623,4.062421567590903,R,none,1
-3.631729184868709,1.5175088470030236,5.89685564077978,0.0824609375,-3.6812563909010625,1.4808404280406324,5.920274955288204,0.08265869140625,1.5104018552640575,0.6714144243160795,0.011072093739426048,-0.03302892811954496,0.021786941056189304,3.105778858029796,-0.21540716415271163,0.2458028209507234,-3.598818288519425,2.376127246851245,0.5683808190158981,4.311258989572746,0.0824609375,0.3542647063732147,0.897599995136261,85,85,0.9175390601158142,85,0.0,0,0.0,0.0,0,0,0,0,361,625,wclamp,1.5066412687301636,4.068415149114376,R,none,1
-3.708006374953394,1.5563345822285026,6.228718507876767,0.087578125,-3.693526245765747,1.4812107848183853,5.872923509522081,0.08249267578125,1.5113981032251163,0.6711771731135572,0.01141011272362292,-0.03315198263128709,0.02162312615008879,3.105778856599436,-0.21595388142042793,0.2468558879944841,-3.6119704407084594,2.3627727261336067,0.6618340433630747,4.313305518118699,0.087578125,0.3084566593170166,0.9120000004768372,82,82,0.9124218821525574,82,0.0,0,0.0,0.0,0,0,0,0,362,625,wclamp,1.62800133228302,4.07599108897956,R,none,1
-3.6138600054480814,1.551490647075093,5.751794088378876,0.08328125,-3.7281470067221893,1.4884243367304004,5.882188017600335,0.08331298828125,1.5318632709773874,0.6717628871934003,0.011780848000544188,-0.033471062755028626,0.02162207923060477,3.10577885293137,-0.21677222776692362,0.24699515729456126,-3.645474656736344,2.3623617056357946,0.6554816275389941,4.320599767645653,0.08328125,0.31986483931541443,0.8977000117301941,82,82,0.9167187213897705,82,0.0,0,0.0,0.0,0,0,0,0,363,625,wclamp,1.5975269079208374,4.082320004144193,R,none,1
-3.5492046413107086,1.5372689572296376,5.8870322630256195,0.0913671875,-3.6979001762194867,1.4826001423881225,5.90588363904798,0.08359375,1.5132687334360577,0.6722285719497733,0.012605876823449562,-0.03318692419719722,0.021614360239803856,3.1057788535825988,-0.2169344698090572,0.2479940238960387,-3.616530366651588,2.3628902985839755,0.623942307217523,4.328665120799797,0.0913671875,0.30921071767807007,0.9031000137329102,78,78,0.9086328148841858,78,0.0,0,0.0,0.0,0,0,0,0,364,625,wclamp,1.6395442485809326,4.090152920555061,R,none,1
-3.762052688585345,1.6049491886328073,5.858107500327508,0.08234375,-3.739529254408154,1.4863840451698107,5.7345500211331055,0.0828466796875,1.5237966231425517,0.6705696940445346,0.014971212548282598,-0.033577497548067006,0.021260683584042563,3.105778853250079,-0.21857547062449156,0.24842078743068957,-3.658180846897631,2.327147406955337,0.6933463833076989,4.334555285920748,0.08234375,0.3323512077331543,0.9117000102996826,80,80,0.9176562428474426,80,0.0,0,0.0,0.0,0,0,0,0,365,625,wclamp,1.272465467453003,4.098898582563076,R,none,1
-3.6604192238569366,1.5755490273168422,6.26359990371402,0.0926953125,-3.7494489353646325,1.4880621074659157,5.769398134423449,0.081845703125,1.5297744634406933,0.6701142631897278,0.014440109045480829,-0.03363171809000369,0.0213206185002157,3.105778852875229,-0.2201635956391692,0.24920205430634434,-3.6653232055857052,2.336138268526385,0.7340469098035789,4.344201873817199,0.0926953125,0.2891724407672882,0.9128999710083008,79,79,0.9073047041893005,79,0.0,0,0.0,0.0,0,0,0,0,366,625,wclamp,1.4050830602645874,4.10816166829489,R,none,1
-3.7522451534781585,1.5474386520144545,5.924452989619782,0.08763671875,-3.7782626734151603,1.4920716610602318,5.752135551365976,0.08184814453125,1.542931271964424,0.6699278295227359,0.01341874025187924,-0.03388825972635102,0.021234042237089988,3.1057788530470556,-0.22111214311793448,0.2503043015200832,-3.6925513169406945,2.3336128001935568,0.7862536348876499,4.349570337752426,0.08763671875,0.28495723009109497,0.9097999930381775,83,83,0.9123632907867432,83,0.0,0,0.0,0.0,0,0,0,0,367,625,wclamp,1.6009286642074585,4.119449626682434,R,none,1
-3.7064340013303694,1.586080284037708,6.050029160322055,0.091953125,-3.7708595438714796,1.4910779007797659,5.73789414333032,0.08202880859375,1.5374616350908628,0.6694489911289331,0.016402679973996363,-0.0338037616602403,0.02123522868301587,3.105778855243035,-0.22139909332618118,0.2501792523477715,-3.6841824701508754,2.3300651805237558,0.7986602208838196,4.358105185657522,0.091953125,0.27103492617607117,0.920199990272522,79,79,0.9080469012260437,79,0.0,0,0.0,0.0,0,0,0,0,368,625,wclamp,1.741969108581543,4.128682211792501,R,none,1
-3.699891120191326,1.5723272331204081,5.99923265098322,0.09236328125,-3.735997009250475,1.4824490007927182,5.67721675949143,0.08223876953125,1.5127239842438749,0.6705368502809342,0.014394205426518996,-0.033493102485076795,0.02112344531147369,3.1057788569538656,-0.220689054466784,0.25014408504926783,-3.651649185156137,2.31735792909011,0.8773485219804673,4.368378328632185,0.09236328125,0.3078620433807373,0.9168999791145325,80,80,0.9076367020606995,80,0.0,0,0.0,0.0,0,0,0,0,369,625,wclamp,1.7871860265731812,4.137008626612876,R,none,1
-3.6644692100612217,1.5621363013001521,5.960209087131878,0.08734375,-3.747079288300289,1.4822296313829537,5.629403549689872,0.08158203125,1.5141748052454553,0.6682100076288319,0.014619867275359417,-0.033587482308050254,0.02100887220914166,3.105778853353669,-0.22235483469441533,0.2504290393575853,-3.6629830279321016,2.307956497713231,0.8968347526283706,4.380039001997485,0.08734375,0.2976014316082001,0.9103000164031982,78,78,0.9126562476158142,78,0.0,0,0.0,0.0,0,0,0,0,370,625,wclamp,1.421029806137085,4.1455815475466995,R,none,1
-3.735668090056929,1.5659479397042217,6.033648564037756,0.09384765625,-3.7236813305795327,1.478189580977051,5.690876935577441,0.08252197265625,1.5036092688221512,0.6686587505878763,0.012776417899081476,-0.03334488338229926,0.021134306415335105,3.105778854536635,-0.22365432823076845,0.25132503759835645,-3.639431218356998,2.3244661394876385,0.8976660760438837,4.396347207235134,0.09384765625,0.31526947021484375,0.9093000292778015,78,78,0.9061523675918579,78,0.0,0,0.0,0.0,0,0,0,0,371,625,wclamp,1.630069375038147,4.158742011756094,R,none,1
-3.7191193414549546,1.5879321571314848,6.38784566865261,0.096953125,-3.720324356154423,1.4799855075782216,5.807959721498168,0.08852294921875001,1.5102866118783178,0.6687475552004452,0.011322935562802115,-0.03332904865774297,0.021322193961819925,3.1057788545053358,-0.22435503909364343,0.2515265649214079,-3.6385098546850556,2.3430442780567464,0.8946891742727971,4.4049908687218124,0.096953125,0.33352723717689514,0.9110999703407288,81,81,0.9030468463897705,81,0.0,0,0.0,0.0,0,0,0,0,372,625,wclamp,1.3627829551696777,4.169621235322198,R,none,1
-3.797999208994172,1.592585250041277,6.182252616951998,0.0912109375,-3.7294927578730226,1.4823899664001343,5.845766194198572,0.08826171875,1.514978977113517,0.6686715079750069,0.01382952739526652,-0.03340577764621576,0.021316173427056363,3.105778855459664,-0.22606012132018805,0.2519676436338738,-3.6480748865963313,2.3434370177529997,0.7724656002217074,4.413529346963685,0.0912109375,0.2663336992263794,0.9135000109672546,80,80,0.9087890386581421,80,0.0,0,0.0,0.0,0,0,0,0,373,625,wclamp,1.326999306678772,4.1804716609635255,R,none,1
-3.711315461525656,1.587490443501134,5.901526639980027,0.0938671875,-3.733666533919576,1.4864396348976021,5.979434526886265,0.0890185546875,1.5240923544537939,0.6681013485578532,0.01730908518286921,-0.03338297464546894,0.021571938879985677,3.1057788545194143,-0.22848589785397053,0.2517124160844628,-3.6481647736299623,2.370191998896897,0.784392016695266,4.421723685598058,0.0938671875,0.30211731791496277,0.9103999733924866,81,81,0.9061328172683716,81,0.0,0,0.0,0.0,0,0,0,0,374,625,wclamp,1.6146732568740845,4.189384704311263,R,none,1
-3.783068573162039,1.5601377882008534,5.97166548418234,0.09154296875,-3.726017716315456,1.483770668821799,5.921874465997287,0.0893798828125,1.516815493448149,0.6684889598520024,0.01627094435573689,-0.033287890342426525,0.021544029230443,3.105778854620048,-0.22911932617425917,0.2523290696315211,-3.6390579740051607,2.3679145174365868,0.7873097243690554,4.423121264338542,0.09154296875,0.32194259762763977,0.9061999917030334,86,86,0.9084570407867432,86,0.0,0,0.0,0.0,0,0,0,0,375,625,wclamp,1.4855091571807861,4.196814093165587,R,none,1
-3.7083762664585844,1.5615514484627124,6.261970271354747,0.09576171875,-3.731955360656895,1.4839565390339293,5.925167748256496,0.09032958984375,1.516626832070687,0.6679228276221134,0.017577350048756782,-0.033324512307405275,0.021482787638495555,3.105778852002328,-0.23031403969973327,0.2534711981236368,-3.64400416148876,2.3626514794840174,0.806911695862008,4.429362651881972,0.09576171875,0.301634281873703,0.9156000018119812,79,79,0.9042382836341858,79,0.0,0,0.0,0.0,0,0,0,0,376,625,wclamp,1.4694609642028809,4.205304494762968,R,none,1
-3.8707563815745356,1.561209604395578,6.127806510021624,0.08447265625,-3.7650779706875506,1.486460755784966,5.763077935814149,0.08933837890625002,1.522500718649357,0.668553553477474,0.018511306361980794,-0.03359999728245148,0.02119344104444107,3.1057788542366236,-0.23203207436949014,0.252477926156127,-3.6739422742002152,2.332906418907511,0.7911194625037579,4.434758091002395,0.08447265625,0.3550916910171509,0.9031000137329102,79,79,0.91552734375,79,0.0,0,0.0,0.0,0,0,0,0,377,625,wclamp,1.7612167596817017,4.213708264548113,R,none,1
-3.613594226832199,1.568795793282104,5.717437507683452,0.09072265625,-3.7634440054357436,1.4875159769310173,5.841978511849805,0.08828125,1.5298297144423736,0.6698235482557595,0.013050518926905043,-0.033615264532386745,0.02134789204591656,3.1057788536667137,-0.2317414278537035,0.2535024588824373,-3.6752155713607872,2.349247507266239,0.8191770394810485,4.447030399371559,0.09072265625,0.2811833620071411,0.9211000204086304,79,79,0.9092773199081421,79,0.0,0,0.0,0.0,0,0,0,0,378,625,wclamp,1.6159917116165161,4.224119812440479,R,none,1
-3.724266156938799,1.5789640335844284,6.191586502812505,0.0931640625,-3.766247662321539,1.485644889167439,5.7860270512616,0.08628173828125,1.5280655835712422,0.6683133672622721,0.010761785875817245,-0.033631360921036184,0.021279602620198918,3.105778852085888,-0.2325637579523027,0.25353796806423945,-3.677686780291346,2.3430646886060607,0.8342212686299564,4.452321584638724,0.0931640625,0.31078898906707764,0.9133999943733215,77,77,0.9068359136581421,77,0.0,0,0.0,0.0,0,0,0,0,379,625,wclamp,1.6627466678619385,4.233426031006377,R,none,1
-3.625552286210129,1.5788110856376625,6.156521281192161,0.090546875,-3.737655391943846,1.479158899140321,5.72808104826109,0.08483642578125,1.5112752117152792,0.6693192018808893,0.007316635309837321,-0.03341289658249729,0.021214723608575917,3.105778855862766,-0.23266941904090344,0.2536894017047894,-3.6554134325724372,2.333002960837253,0.8204366163219581,4.465480816209731,0.090546875,0.31178000569343567,0.9096999764442444,77,77,0.9094531536102295,77,0.0,0,0.0,0.0,0,0,0,0,380,625,wclamp,1.630147933959961,4.243094300012156,R,none,1
-3.7555440395366166,1.5538087447119848,6.627681212913183,0.09490234375,-3.72540459595849,1.478681068068412,5.837263088016848,0.083974609375,1.5137829532357607,0.6673987012363373,0.005316046591840948,-0.033290872191473066,0.02146633039455439,3.105778853185662,-0.23278632324014326,0.25417466880148504,-3.6430304251626433,2.359697193062921,0.7823767319954009,4.472433143835158,0.09490234375,0.27838826179504395,0.9107000231742859,82,82,0.9050976634025574,82,0.0,0,0.0,0.0,0,0,0,0,381,625,wclamp,1.6591161489486694,4.25196552315941,R,none,1
-3.7256242516240263,1.5487781737674373,5.894244199316148,0.08537109375,-3.731485942199626,1.4792849358863374,5.8006703154549974,0.08304931640624999,1.5141727900781243,0.6679203153841535,0.0061908160779664346,-0.03333273514957023,0.021410706619713196,3.105778852415564,-0.23275390839902685,0.2543239927437932,-3.6472863601466314,2.353818600293274,0.7735970703530413,4.474717671285605,0.08537109375,0.3026115596294403,0.9085999727249146,80,80,0.9146289229393005,80,0.0,0,0.0,0.0,0,0,0,0,382,625,wclamp,1.545333743095398,4.260361856241804,R,none,1
-3.872933574864329,1.6027239968338536,6.0950577919088165,0.083046875,-3.7553936384309883,1.4794652363344674,5.660871295614924,0.08200439453125,1.5133560917031272,0.6661287392953499,0.00933255452372355,-0.03353805384174541,0.021067558008796422,3.1057788545747993,-0.23324814865365626,0.2546421659630796,-3.668812997959898,2.3209687187560415,0.7529396785927363,4.478592348884649,0.083046875,0.2660607099533081,0.9128000140190125,82,82,0.9169531464576721,82,0.0,0,0.0,0.0,0,0,0,0,383,625,wclamp,1.6611132621765137,4.269574878589642,R,none,1
-3.7456131186798247,1.584982110392245,5.788813518955001,0.08708984375,-3.7659999659261816,1.4822522196743089,5.718504137302928,0.08143066406249999,1.5237069967720094,0.6664432580584154,0.006921387898989817,-0.0336278052199074,0.021178829606012643,3.1057788566361286,-0.23454052118584515,0.2551576821435672,-3.6792993052816585,2.3339236756854715,0.7532465028763369,4.483685237476593,0.08708984375,0.2788958251476288,0.9138000011444092,82,82,0.9129101634025574,82,0.0,0,0.0,0.0,0,0,0,0,384,625,wclamp,1.440722107887268,4.278170918762656,R,none,1
-3.656488306344792,1.5940149768110148,6.54414694824295,0.093984375,-3.741776673007598,1.481530549792311,5.858209222779549,0.08166015624999999,1.5215758731911473,0.6663184940355797,0.007038402741179689,-0.033396321909768135,0.021490667998839308,3.1057788530075836,-0.23498157665133476,0.25625099205581986,-3.65602771697634,2.3651515008005815,0.7185859100750749,4.493883414650461,0.093984375,0.295922189950943,0.9107000231742859,78,78,0.9060156345367432,78,0.0,0,0.0,0.0,0,0,0,0,385,625,wclamp,1.5384047031402588,4.288266006016171,R,none,1
-3.731059566228199,1.5669593588169421,5.810682010787652,0.08296875,-3.771919457260197,1.484508911592668,5.702640851454858,0.08108886718749998,1.5278833729338452,0.6677574304784812,0.008125905185720771,-0.03368803369132035,0.021185311982727134,3.105778852962585,-0.23630647491663695,0.257633971791539,-3.687234931835153,2.333954121883858,0.7143730621447535,4.495065743095131,0.08296875,0.29660457372665405,0.9082000255584717,83,83,0.9170312285423279,83,0.0,0,0.0,0.0,0,0,0,0,386,625,wclamp,1.5826137065887451,4.295751583730123,R,none,1
-3.818809779923315,1.5736877889449947,6.117474881779231,0.08470703125,-3.750778656466088,1.4818782518855136,5.7351941953058345,0.08124267578125,1.5202355316922052,0.6678479684923312,0.007879653226728464,-0.03349033078516018,0.02131130132728892,3.1057788548843126,-0.2366511042788625,0.2575094432500725,-3.6673273080936486,2.344744684656835,0.7332217085247059,4.4973475066247826,0.08470703125,0.33689406514167786,0.906000018119812,85,85,0.9152929782867432,85,0.0,0,0.0,0.0,0,0,0,0,387,625,wclamp,1.6455450057983398,4.302196746895881,R,none,1
-3.743659790583816,1.554839842964265,6.060879680588004,0.08521484375,-3.747682465224429,1.4797744535008235,5.6813613999342385,0.08090820312500001,1.5165562239860526,0.6680168049696447,0.005159404277963008,-0.03348215199027524,0.02123453780423603,3.1057788550352825,-0.23679639339447023,0.25820663622243484,-3.666634779357661,2.337299721292733,0.7319894145333059,4.506499417972688,0.08521484375,0.3044097125530243,0.9060999751091003,86,86,0.9147851467132568,86,0.0,0,0.0,0.0,0,0,0,0,388,625,wclamp,1.4518828392028809,4.3089543805785855,R,none,1
-3.8426976456381556,1.5862530849592296,6.342020565944836,0.088203125,-3.7652163110200147,1.483139799254752,5.674121542429042,0.08081542968750001,1.5278000068777535,0.6683030072222677,0.0036006500334044124,-0.03365350916092297,0.021238078239487077,3.105778854591684,-0.23822150487452745,0.25957354404555627,-3.685613344443935,2.3395766064850467,0.7400089328404387,4.5133862905481115,0.088203125,0.2855602204799652,0.904699981212616,84,84,0.9117968678474426,84,0.0,0,0.0,0.0,0,0,0,0,389,625,wclamp,1.5553867816925049,4.319109634871038,R,none,1
-3.750016802159983,1.5884641398736508,6.334147044283734,0.0892578125,-3.7649223656908424,1.4840039061268808,5.774438424332325,0.08086425781249999,1.5332829847676126,0.6645800757679271,0.0044045328643002885,-0.03364157682814112,0.021390237036355668,3.1057788538610684,-0.2378810627013445,0.25994912988293,-3.6840505802102967,2.359765609489115,0.714202402312532,4.518006725744161,0.0892578125,0.28050824999809265,0.9121000170707703,83,83,0.9107421636581421,83,0.0,0,0.0,0.0,0,0,0,0,390,625,wclamp,1.4901074171066284,4.326875435483827,R,none,1
-3.715298526426392,1.551827176139451,6.664483157796118,0.09146484375,-3.7184926813308214,1.4792028122133154,5.927791228425392,0.08251464843749999,1.5177001708506688,0.6648351584816546,0.005505630327456156,-0.033198382521681655,0.02170283930550926,3.1057788557215975,-0.23758740842342377,0.26040312249264486,-3.638357070953624,2.389509851639975,0.7142023957249388,4.521332634288186,0.09146484375,0.2944425046443939,0.9154999852180481,81,81,0.9085351824760437,81,0.0,0,0.0,0.0,0,0,0,0,391,625,wclamp,1.5518325567245483,4.334519684728289,R,none,1
-3.675089893302081,1.5833692626050018,6.341394411393098,0.0933984375,-3.717970132307949,1.4781412161357756,5.9105348409432334,0.08173828125,1.5155021833907605,0.6627176239267194,0.006681647521868862,-0.03317324944613547,0.021688777543088292,3.1057788557830066,-0.23858051892369986,0.26141646151033077,-3.6367756041898502,2.387105918777641,0.7160953816262494,4.529211844948448,0.0933984375,0.29858696460723877,0.9100000262260437,81,81,0.9066015481948853,81,0.0,0,0.0,0.0,0,0,0,0,392,625,wclamp,1.6169403791427612,4.34305005526054,R,none,1
-3.643321804866822,1.560935611373971,6.361141610329255,0.092890625,-3.717266943588594,1.483828173759908,6.1386002041230565,0.0844970703125,1.530398536943381,0.662597774053306,0.008749738246976025,-0.03314973693403517,0.022077206542179192,3.105778854276075,-0.24048125494271516,0.2638840779368454,-3.6362677699181787,2.4280687972180894,0.7160953743702168,4.530842201151504,0.092890625,0.31112006306648254,0.9053999781608582,85,85,0.9071093797683716,85,0.0,0,0.0,0.0,0,0,0,0,393,625,wclamp,1.515033483505249,4.349097650691845,R,none,1
-3.6514123458905683,1.5464194708657348,6.204564143615644,0.09287109375,-3.702887243677543,1.477244354130745,5.994071914536676,0.08291748046875,1.5099486594713383,0.6629496961945304,0.009352526145292632,-0.03302063213488318,0.02178873549501997,3.105778853983299,-0.24155711013823747,0.26412117453967454,-3.6241184119890444,2.3977744876266756,0.7160953696735537,4.535709386805986,0.09287109375,0.31314173340797424,0.910099983215332,84,84,0.9071289300918579,84,0.0,0,0.0,0.0,0,0,0,0,394,625,wclamp,1.6198585033416748,4.356922888446477,R,none,1
-3.5966852791014463,1.5723171170090606,7.036567128266528,0.100390625,-3.674631786867668,1.4781060830331654,6.229912702612047,0.08574462890625,1.515327996949729,0.6618002091366066,0.007669386613310661,-0.032793468735238085,0.022254783946385994,3.105778854972458,-0.2409584714844823,0.26489832113063194,-3.600249651742897,2.4422751345797105,0.7160953686528044,4.540297053216019,0.100390625,0.3015938103199005,0.9117000102996826,80,80,0.899609386920929,80,0.0,0,0.0,0.0,0,0,0,0,395,625,wclamp,1.5728447437286377,4.3653437945615,R,none,1
-3.7840992866251866,1.5958755684658557,6.880605606178295,0.09216796875,-3.672400954195339,1.483085682403584,6.449278554945606,0.08754882812499999,1.5280943857633849,0.6624183789113509,0.009030376675768673,-0.032761371394510505,0.022596732592105765,3.1057788548441505,-0.2425788088515401,0.26659311692112836,-3.598582007759569,2.4809376561059757,0.6504036158142581,4.54206841465959,0.09216796875,0.30583351850509644,0.9100000262260437,82,82,0.9078320264816284,82,0.0,0,0.0,0.0,0,0,0,0,396,625,wclamp,1.4729865789413452,4.375712656783311,R,none,1
-3.647779079847892,1.573786158188124,6.47739145391325,0.095234375,-3.676699945912682,1.4798555017511577,6.3227949993019354,0.08586669921875001,1.518973616753413,0.6630332803744566,0.007965408935300834,-0.032775665346434085,0.022365633578738338,3.1057788537126805,-0.24371608339250087,0.2667796601029399,-3.6011835234582925,2.4558148215081195,0.6504036236056372,4.554708744780003,0.095234375,0.31716465950012207,0.9067000150680542,79,79,0.9047656059265137,79,0.0,0,0.0,0.0,0,0,0,0,397,625,wclamp,1.7167165279388428,4.384857128888202,R,none,1
-3.607802032235778,1.578679078284772,6.634137578559009,0.1038671875,-3.6788901413433335,1.4793049160398681,6.340776170129663,0.0914990234375,1.5198822881678162,0.6604168773107262,0.00804386914117805,-0.032811075154932035,0.022334749138503807,3.105778852489426,-0.24463027074933053,0.26614715792901983,-3.6057250141157327,2.4529899753293885,0.5716877749543308,4.558210674197916,0.1038671875,0.3361072242259979,0.9182999730110168,80,80,0.8961328268051147,80,0.0,0,0.0,0.0,0,0,0,0,398,625,wclamp,1.5480525493621826,4.3942954403239245,R,none,1
-3.7243520049576575,1.5676128946223968,6.445579304910207,0.09099609375,-3.69198943196392,1.481670496875776,6.334946959227721,0.09232177734375,1.5258127746492378,0.6619375359837276,0.007597150679143583,-0.032917445389964245,0.022315837514830926,3.1057788532405106,-0.24605802357196807,0.26620871226430237,-3.6180491010612004,2.449321941395289,0.5719600152182989,4.560850386410716,0.09099609375,0.2893497347831726,0.9000999927520752,81,81,0.9090039134025574,81,0.0,0,0.0,0.0,0,0,0,0,399,625,wclamp,1.23720121383667,4.402285798833627,R,none,1
-3.7491419171360847,1.592010133013402,6.587027971105915,0.0924609375,-3.689703324032288,1.482642970031517,6.398562268736778,0.0896044921875,1.5272726958264193,0.6612151047273523,0.009742376030105361,-0.03286713368675897,0.022423639183387484,3.1057788526369414,-0.24589708320796488,0.2657520712752727,-3.612734339910326,2.464848735958084,0.5719600007772261,4.563924488828078,0.0924609375,0.33977773785591125,0.9090999960899353,80,80,0.9075390696525574,80,0.0,0,0.0,0.0,0,0,0,0,400,625,wclamp,1.5022634267807007,4.411294238287963,R,none,1
-1.940965981943465,1.4423525684776526,3.4400120250018515,0.16759765625,-1.901232604288237,1.1084072335814175,2.3442257079680284,0.1329541015625,0.5292578772571521,0.708521183336952,-0.009212465138493137,-0.018435311456760112,0.014447573535383158,3.1740087081203217,0.0016052207676693798,0.11379854603367993,-1.8868677456637526,1.4772086257187256,0.5230041834558046,1.4284718378810208,0.16759765625,0.2715708315372467,0.9175000190734863,48,48,0.8324023485183716,48,0.0,0,0.0,0.0,0,0,0,0,21,625,wcap2,1.9079066514968872,0.0,R,none,1
-1.9454657772459814,1.4670556283522977,3.224753116946253,0.1626953125,-1.8855894998729772,1.1264446675236859,2.5351700330668097,0.1322021484375,0.5408267752011363,0.7356358109880204,-0.007584997196609773,-0.018345785183562432,0.014967190666147216,3.2392289377880394,0.004059839653782546,0.11480609254150509,-1.875242251248049,1.5326035861633733,0.6473894659559569,1.4572409054380204,0.1626953125,0.29922813177108765,0.9157999753952026,47,47,0.8373047113418579,47,0.0,0,0.0,0.0,0,0,0,0,22,625,wcap2,1.5942795276641846,0.0,R,none,1
-1.93450808406095,1.4564893847580724,3.4295563477559923,0.15490234375,-1.9041444221081647,1.149508271851672,2.6766981908528833,0.13394775390625002,0.5604998451029273,0.7674553558049135,-0.006585933852423875,-0.018536414793049145,0.015407067763296771,3.30035496138091,0.0053190560010261834,0.11759927802854217,-1.8935107149707306,1.5807871190546017,0.5781434287406197,1.4769386956696724,0.15490234375,0.30601924657821655,0.9142000079154968,48,48,0.8450976610183716,48,0.0,0,0.0,0.0,0,0,0,0,23,625,wcap2,1.8179173469543457,0.0,R,none,1
-2.102657840135153,1.4752881735496608,3.550313664584624,0.1431640625,-1.973550026683524,1.1769311231390602,2.8645146042549805,0.13034423828125,0.6003214424159996,0.7928565768824487,-0.008011150685079094,-0.019156302393322687,0.01597776193079976,3.352394866542731,0.004758812265936285,0.11860704472375903,-1.9575708880717202,1.6416337204729596,0.608262484755671,1.4942778184187495,0.1431640625,0.29441672563552856,0.9138000011444092,53,53,0.8568359613418579,53,0.0,0,0.0,0.0,0,0,0,0,24,625,wcap2,1.4173394441604614,0.0,R,none,1
-2.051078210171081,1.5171358260609205,3.883400378850891,0.161484375,-2.028884430796876,1.1938607105507588,2.937606458290215,0.12369384765625001,0.6257849749327707,0.8143148464504147,-0.014796425186422964,-0.019638425234846598,0.016216622206065304,3.408885934293211,0.003928480888716877,0.12002616384398317,-2.007788828378277,1.666618105322563,0.6740948329176231,1.5140723279377553,0.161484375,0.24672256410121918,0.9193999767303467,44,44,0.8385156393051147,44,0.0,0,0.0,0.0,0,0,0,0,25,625,wcap2,1.7454421520233154,0.0,R,none,1
-2.080626132752903,1.5563241475133656,4.4195263398794,0.16689453125,-2.0359841641717815,1.2130747931626005,3.041034229042341,0.1322705078125,0.640744280404384,0.8432275618536983,-0.01242138845159662,-0.019735711220466988,0.01657269118748244,3.4563815236796387,0.004696379395900294,0.12073428865610818,-2.0169866933618636,1.6998832953581833,0.6110206040495356,1.526435308620535,0.16689453125,0.28420448303222656,0.9132000207901001,49,49,0.8331054449081421,49,0.0,0,0.0,0.0,0,0,0,0,26,625,wcap2,1.3524055480957031,0.0,R,none,1
-2.0493750472807943,1.563095059252132,4.477267492008315,0.1749609375,-2.063526349433523,1.231256529572643,3.1863693771606547,0.13772705078125,0.6617597522501986,0.8669687100765878,-0.012735820711518138,-0.01993607990310164,0.016984944279242006,3.516514855215777,0.005657620933634462,0.12105385435136307,-2.0365507812367905,1.7435396340769438,0.6450725848481298,1.5528742906886002,0.1749609375,0.2736593186855316,0.9164000153541565,49,49,0.8250390887260437,49,0.0,0,0.0,0.0,0,0,0,0,27,625,wcap2,1.4503412246704102,212.0,R,none,1
-2.113288625896829,1.5388999460274408,4.6828771036269226,0.1737890625,-2.092888960955829,1.2496850584336714,3.30102867313608,0.13217041015625,0.6829397103926766,0.8905873889009576,-0.011814354021265561,-0.02020446370575522,0.017310949695384985,3.567704948189598,0.0046006031200522554,0.12133884259394923,-2.0651004485305915,1.7778606058352415,0.623271170528489,1.5680826948861974,0.1737890625,0.27830207347869873,0.9165999889373779,47,47,0.8262109160423279,47,0.0,0,0.0,0.0,0,0,0,0,28,625,wcap2,1.4160308837890625,836.0,R,none,1
-2.1314071495649842,1.5308868990845352,4.511453976300728,0.155625,-2.1334329200992186,1.2726401195969133,3.527893884674265,0.1348095703125,0.7169277171146805,0.9134973902073352,-0.010812233314370671,-0.020574119490264203,0.017883641131577813,3.6188410527745236,0.003699083531391807,0.12068105960833256,-2.1038686978226013,1.8342031566359527,0.7104086671632377,1.5826775813825915,0.155625,0.24975907802581787,0.9168999791145325,49,49,0.8443750143051147,49,0.0,0,0.0,0.0,0,0,0,0,29,625,wcap2,1.378816843032837,1457.0,R,none,1
-2.193149851099032,1.5301709861902464,4.9393947374103915,0.16908203125,-2.1435174194773934,1.2867879368573059,3.753136723027004,0.13707275390625004,0.739143415499629,0.9308834220901906,-0.014203643148337986,-0.020688834817532965,0.01838799674661514,3.658379591662382,0.0038238658232148735,0.12039862157506084,-2.1154951026420195,1.8880475305947808,0.6745298969440103,1.5946483165700744,0.16908203125,0.2993837296962738,0.9089000225067139,49,49,0.8309179544448853,49,0.0,0,0.0,0.0,0,0,0,0,30,625,wcap2,1.5458526611328125,2082.0,R,none,1
-2.1884334193510724,1.5765825861891791,4.950035673635038,0.1708984375,-2.1661278200974556,1.2968646394234842,3.7667746098960193,0.134892578125,0.7496625368082123,0.9506956485478496,-0.018500292369058677,-0.02093503205768098,0.01840581854409662,3.7035647631476274,0.004023982385988347,0.12217573646836412,-2.1405148926438873,1.893843313074317,0.672986286260036,1.6107816634078709,0.1708984375,0.25642111897468567,0.9189000129699707,49,49,0.8291015625,49,0.0,0,0.0,0.0,0,0,0,0,31,625,wcap2,1.6203644275665283,2707.0,R,none,1
-2.226465315233692,1.6384395680952788,4.945522654128426,0.16279296875,-2.2170409610996273,1.3180173597979215,3.8557479359290063,0.12979248046875003,0.7751771223046404,0.9780467828934053,-0.01605414446936255,-0.02141924570938039,0.018566430422536372,3.7529601654113662,0.004282126425532624,0.12264221779771525,-2.1898585355530558,1.9105362097392269,0.5740509988965199,1.6312013498030273,0.16279296875,0.30271047353744507,0.9081000089645386,42,42,0.837207019329071,42,0.0,0,0.0,0.0,0,0,0,0,32,625,wcap2,1.7719789743423462,3323.0,R,none,1
-2.1165845117366384,1.5944989069749542,5.3476115043634085,0.17875,-2.2034439278010054,1.3305618297333828,4.0227779253382145,0.1298828125,0.7800761685737182,1.0035272115659222,-0.013208597396193568,-0.021280829773977765,0.018860029987174818,3.7954634299391703,0.0035952835757052525,0.12593860876138718,-2.17636635285486,1.9459037567334485,0.5428288674358761,1.6444918861844746,0.17875,0.30935153365135193,0.9182000160217285,45,45,0.8212500214576721,45,0.0,0,0.0,0.0,0,0,0,0,33,625,wcap2,1.3461183309555054,3948.0,R,none,1
-2.307049908259481,1.6554763103118164,4.925449581215655,0.15642578125,-2.2493739127644288,1.3485520020101969,4.061106027364058,0.13177490234375,0.8006064496871785,1.0285182459029,-0.010532193464368636,-0.021663547044099764,0.018988035282757772,3.8442402127446087,0.0040271699480945245,0.12749304869143338,-2.2151391861915477,1.9547669845753717,0.6453470669362096,1.660134758471433,0.15642578125,0.27046558260917664,0.9110000133514404,44,44,0.8435742259025574,44,0.0,0,0.0,0.0,0,0,0,0,34,625,wcap2,1.7228140830993652,4573.0,R,none,1
-2.2634023391768845,1.6245205939716623,5.937833627549132,0.16267578125,-2.2665959109383937,1.3694140327189788,4.404631928023388,0.1397412109375,0.8376088931399197,1.0460478426849047,-0.008361942817168596,-0.021807109266598422,0.019815624693639365,3.8822040526918755,0.0035296351405850147,0.12860650827358167,-2.230342920936358,2.043072415409911,0.6546316287628928,1.674144243248283,0.16267578125,0.3517591655254364,0.9111999869346619,47,47,0.8373242020606995,47,0.0,0,0.0,0.0,0,0,0,0,35,625,wcap2,1.6091973781585693,5183.0,R,none,1
-2.3469580526747382,1.67038406516056,5.59103794445861,0.16873046875,-2.3178585929425832,1.3823481014283951,4.291080675743236,0.13469482421874998,0.8503516027782484,1.0710471502511003,-0.01051247950666046,-0.022338926916236432,0.019554783963398433,3.921533161130161,0.0020970230316743254,0.13000143157427443,-2.286253769378195,2.0167770042719613,0.6233849142683825,1.6869819838400089,0.16873046875,0.2785781919956207,0.91839998960495,52,52,0.8312695026397705,52,0.0,0,0.0,0.0,0,0,0,0,36,625,wcap2,1.701892614364624,5808.0,R,none,1
-2.475599374890832,1.6899090277949558,5.052082900793736,0.1566015625,-2.396060280203497,1.4009990570854212,4.387384034895614,0.13674560546874998,0.8890183165720101,1.0860272815163605,-0.012247240134131913,-0.023087815825972934,0.019709117300166584,3.9525858952193205,0.000903756300394889,0.13194509112351613,-2.3641615773427382,2.0355194662570857,0.7014284787489444,1.6970682950447695,0.1566015625,0.2955273687839508,0.914900004863739,52,52,0.8433984518051147,52,0.0,0,0.0,0.0,0,0,0,0,37,625,wcap2,1.5271952152252197,6433.0,R,none,1
-2.4298419732487773,1.716308781767935,6.349416322639612,0.18232421875,-2.4285882848126126,1.4179323565641424,4.545381317757003,0.14066894531250002,0.9171436459924495,1.1060648516918945,-0.012676329892802268,-0.02340245592837545,0.020074222878106448,3.987134708862248,0.0009779375907965004,0.13367891326249884,-2.3963184396631827,2.0734181644868195,0.6237170990189802,1.7076112026611858,0.18232421875,0.2893207371234894,0.9164999723434448,52,52,0.817675769329071,52,0.0,0,0.0,0.0,0,0,0,0,38,625,wcap2,1.8998316526412964,7058.0,R,none,1
-2.4906853502077784,1.6821055683326083,5.330987244080517,0.1628515625,-2.510070435381434,1.433640340990878,4.461610293920843,0.134267578125,0.946185951527178,1.1227941503248362,-0.013655474535573918,-0.02414861560875684,0.019939835275377297,4.018615759509336,0.0002044627210125327,0.1347169483317394,-2.4735268794830523,2.0594000442390383,0.5647881631875982,1.7159354592717375,0.1628515625,0.2967054545879364,0.9157000184059143,45,45,0.8371484279632568,45,0.0,0,0.0,0.0,0,0,0,0,39,625,wcap2,1.5755085945129395,7683.0,R,none,1
-2.5290933962220064,1.7452987325078175,6.344155884827441,0.16341796875,-2.5270258218716615,1.4490838529285097,4.664518787991762,0.137470703125,0.9730209200191586,1.1435351139200873,-0.01671202112111168,-0.024318895248225614,0.020424478512998907,4.0552176481294895,0.001030626060673967,0.1355407552858788,-2.4901437898134344,2.1080270168671387,0.553186340212684,1.7293815690982186,0.16341796875,0.2995520234107971,0.9101999998092651,48,48,0.8365820050239563,48,0.0,0,0.0,0.0,0,0,0,0,40,625,wcap2,1.5504257678985596,8308.0,R,none,1
-2.5325772209126307,1.7905083537795037,6.263753152307776,0.1712109375,-2.5797504954939177,1.4728110634026987,4.842646592322375,0.13803955078125,1.0103476405284597,1.171179049165542,-0.012354261212613937,-0.02477985259257182,0.02081387181700278,4.098252701980155,0.0018948941270355135,0.13609798801458287,-2.536498983458777,2.147339506624585,0.553186340212684,1.7450433188692074,0.1712109375,0.35051947832107544,0.9056000113487244,52,52,0.8287890553474426,52,0.0,0,0.0,0.0,0,0,0,0,41,625,wcap2,1.8338290452957153,8933.0,R,none,1
-2.7350006843253096,1.7332148661231304,6.070446845322643,0.1556640625,-2.6152675878688,1.4859420189965202,4.812118509119006,0.13711669921875003,1.027361913136116,1.193938924154539,-0.013277153471200773,-0.025155896900917542,0.020786415163178442,4.129699587637983,0.002358488771133125,0.13862785434823272,-2.5745565449208265,2.1475494199586325,0.553186340212684,1.7546695036109883,0.1556640625,0.327207088470459,0.9068999886512756,51,51,0.8443359136581421,51,0.0,0,0.0,0.0,0,0,0,0,42,625,wcap2,1.7126353979110718,9558.0,R,none,1
-2.6559175793956955,1.7885580907779337,6.328929990213201,0.1594140625,-2.6546660994086384,1.5048527016308069,4.993516513271575,0.13938720703125,1.0601207244628372,1.215611004278507,-0.011150075135806112,-0.0255636916622931,0.021103256894243527,4.166136770991387,0.0005196581780910492,0.13952323257074137,-2.618168978553687,2.1817645459610775,0.553186340212684,1.7721198306755326,0.1594140625,0.30836692452430725,0.9035999774932861,46,46,0.8405859470367432,46,0.0,0,0.0,0.0,0,0,0,0,43,625,wcap2,1.6912659406661987,10183.0,R,none,1
-2.6571516307365584,1.7978553991725932,7.027741951484154,0.17482421875,-2.6820175410822706,1.5176545581880168,5.052448454132212,0.13606201171875001,1.0792551360409106,1.237993356053253,-0.013973134105299536,-0.025834343748022463,0.021243114392744167,4.201796054664122,3.067055135034025e-05,0.13776426641894168,-2.6463829736155877,2.1945293704603372,0.553186340212684,1.7872734209208403,0.17482421875,0.31126731634140015,0.9096999764442444,50,50,0.8251757621765137,50,0.0,0,0.0,0.0,0,0,0,0,44,625,wcap2,1.6737349033355713,10808.0,R,none,1
-2.664103450080534,1.790734945870954,6.493331135803427,0.16490234375,-2.6745223251805,1.5241400483892535,5.120501999720508,0.13607421875,1.0808167383375125,1.2569719689203034,-0.014785820153820567,-0.02582604912302858,0.021291243846085137,4.232991655714328,-0.00016622576396912336,0.14115690782571258,-2.645730186696405,2.203017636949655,0.553186340212684,1.7965122339464497,0.16490234375,0.2799623906612396,0.9146999716758728,47,47,0.8350976705551147,47,0.0,0,0.0,0.0,0,0,0,0,45,625,wcap2,1.8320258855819702,11433.0,R,none,1
-2.5151139306915664,1.794475946423134,7.114892111203647,0.18294921875,-2.686490303774392,1.533207509953834,5.239936694505661,0.13412841796875,1.0985319434287044,1.273075231240239,-0.020881906090106952,-0.025886600214225827,0.021645974136066663,4.2667446444980435,-0.0013363860547542573,0.14034715077416038,-2.653103068274657,2.2418414845011845,0.5644437311887027,1.8043371757943776,0.18294921875,0.33088016510009766,0.9053000211715698,46,46,0.8170507550239563,46,0.0,0,0.0,0.0,0,0,0,0,46,625,wcap2,1.719972014427185,12058.0,R,none,1
-2.6235933293297817,1.8139609303775706,7.6688066124416165,0.16625,-2.6738791064365084,1.5473557401905045,5.576012026046367,0.1407373046875,1.1228983433987978,1.2933488079516045,-0.021937364649898473,-0.025781936565873114,0.02234306567806704,4.297605187230228,-0.002504759638977703,0.14231529255799558,-2.6435499267412337,2.317651576515967,0.5396712423983132,1.8155362082244455,0.16625,0.33668050169944763,0.9010000228881836,51,51,0.8337500095367432,51,0.0,0,0.0,0.0,0,0,0,0,47,625,wcap2,1.6049379110336304,12683.0,R,none,1
-2.803854688463754,1.8467289636960578,7.23997453213698,0.1600390625,-2.7308626285663995,1.5644950146386398,5.683039629657686,0.14040527343749998,1.1574010628086295,1.3125001474752571,-0.022256559454729055,-0.026294539768647526,0.02254509285389673,4.3270549676525025,-0.002528023454360664,0.14397968267212746,-2.696083140996899,2.340797006099311,0.5396712423983132,1.8263167291820304,0.1600390625,0.32930654287338257,0.9052000045776367,48,48,0.8399609327316284,48,0.0,0,0.0,0.0,0,0,0,0,48,625,wcap2,1.6615347862243652,13308.0,R,none,1
-2.8102226836401303,1.8766371698914852,7.6547509324402165,0.162421875,-2.75122040788417,1.5779255914720245,5.726756254089946,0.1396533203125,1.1699887536404585,1.3410260019783002,-0.02116558339642083,-0.026485376476264335,0.02261098006159707,4.3671474905404715,-0.0007018332596635446,0.14310970515249416,-2.7138058455514122,2.3432203461957877,0.5396712423983132,1.8386611936842485,0.162421875,0.3202095329761505,0.9114000201225281,49,49,0.8375781178474426,49,0.0,0,0.0,0.0,0,0,0,0,49,625,wcap2,2.053471803665161,13933.0,R,none,1
-2.596502198315467,1.8588588406629747,7.338362229236489,0.1775390625,-2.655759195093363,1.5839833422870562,6.180954290568752,0.1551220703125,1.1626785754621565,1.3600734146876283,-0.013748761506912238,-0.02556547661003502,0.02348533060249293,4.4004480062362985,0.0017491535691078752,0.14219144019374053,-2.617122329303621,2.4352256783014217,0.5396712423983132,1.849591204093577,0.1775390625,0.2916552424430847,0.9125999808311462,50,50,0.822460949420929,50,0.0,0,0.0,0.0,0,0,0,0,50,625,wcap2,1.7190977334976196,14558.0,R,none,1
-2.571517217641938,1.849280723307587,7.7841045556855795,0.1821875,-2.6319105954921294,1.5859475509255483,6.15822890745186,0.15397705078125,1.1545214568570077,1.377750039118982,-0.017041861689245378,-0.025377322294338464,0.02350937559593791,4.428725514667987,0.002757799553219229,0.14091593026683055,-2.5968395669291375,2.436598583178205,0.5541373186259968,1.8627697068528761,0.1821875,0.29202762246131897,0.909500002861023,46,46,0.8178125023841858,46,0.0,0,0.0,0.0,0,0,0,0,51,625,wcap2,1.7499606609344482,15183.0,R,none,1
-2.5665825720184836,1.8560320180893515,8.439756309322782,0.1946484375,-2.646392198728115,1.5941227616883682,6.241525998491715,0.15133056640625,1.1645840212951573,1.3974042881908197,-0.020760930153027792,-0.02544548899260144,0.023657060143285554,4.45813370796547,0.0022890820482280106,0.14229604155011438,-2.6042911318453297,2.4541048098864193,0.5687311733010529,1.8773712533021156,0.1946484375,0.33711373805999756,0.9078999757766724,46,46,0.8053515553474426,46,0.0,0,0.0,0.0,0,0,0,0,52,625,wcap2,1.7545369863510132,15808.0,R,none,1
-2.638905002736445,1.9044531820399553,7.801723027641782,0.17875,-2.6708406657030626,1.6076819769337019,6.396601480193587,0.14677734374999998,1.1920693955302804,1.4204055589275533,-0.027833615500378744,-0.025672258138710307,0.024011540049755385,4.494061723336441,0.0034044630522839727,0.14092883463567563,-2.6264054859640993,2.485686204734592,0.5468307171854643,1.890192006243961,0.17875,0.2961738705635071,0.9132999777793884,48,48,0.8212500214576721,48,0.0,0,0.0,0.0,0,0,0,0,53,625,wcap2,1.7006641626358032,16433.0,R,none,1
-2.8504674073614784,1.8910245878727077,7.056806410737064,0.1502734375,-2.777928260723333,1.6207611969731757,5.966704410026187,0.13189697265625,1.2125159951165303,1.4472411161987835,-0.032890253701393285,-0.02674897454947142,0.023265958455651433,4.539316735393104,0.0023767721321200953,0.1405376686877596,-2.7377296499872346,2.404806714759248,0.6201965415896158,1.905342880363398,0.1502734375,0.30579566955566406,0.9054999947547913,41,41,0.8497265577316284,41,0.0,0,0.0,0.0,0,0,0,0,54,625,wcap2,1.8230687379837036,17058.0,R,none,1
-3.0328865709314643,1.9629202739307259,7.8645472682706155,0.14390625,-2.8589263884292877,1.6421752573101311,6.088339785395881,0.12867919921874998,1.2626591705413581,1.462121072941533,-0.028040667761296337,-0.027535918849715544,0.023464029401666236,4.568326115068911,0.0022655895858770237,0.1423144592038865,-2.818453684699497,2.4250922835162876,0.6436200773764083,1.9166505564358096,0.14390625,0.31738585233688354,0.8992999792098999,51,51,0.8560937643051147,51,0.0,0,0.0,0.0,0,0,0,0,55,625,wcap2,1.5702282190322876,17683.0,R,none,1
-2.9047236900819455,1.9311649781039644,8.131673309215243,0.15599609375,-2.879208060675508,1.6554104094628361,6.2741587939107974,0.13179443359374998,1.289836321842465,1.4829311122374889,-0.03238381032203997,-0.027694450608150532,0.02387414739489322,4.595150034889626,0.002178389923647046,0.14272666653572136,-2.834780530804777,2.468006357515406,0.6659958909154584,1.9241170532804943,0.15599609375,0.32598423957824707,0.9068999886512756,52,52,0.8440039157867432,52,0.0,0,0.0,0.0,0,0,0,0,56,625,wcap2,1.680537462234497,18308.0,R,none,1
-2.7560375282111567,1.972108640082005,8.85108093549714,0.1820703125,-2.884821282886538,1.6559078150490878,5.934160776554157,0.1271142578125,1.2635821185510003,1.5072691141503491,-0.02882054076070638,-0.02771175978026976,0.023276652214639655,4.638238665957058,0.0037152678956044838,0.14180155100344247,-2.8350167665496757,2.4029057676192136,0.7122924156756523,1.9401438767347434,0.1820703125,0.2766127288341522,0.9189000129699707,43,43,0.8179296851158142,43,0.0,0,0.0,0.0,0,0,0,0,57,625,wcap2,1.5882424116134644,18933.0,R,none,1
-2.970800540718144,1.9423939601369944,8.742209359846825,0.16755859375,-2.9599336298410437,1.6742821781196724,6.079487145975687,0.124853515625,1.3109909837416596,1.5197569310670647,-0.027527102839570806,-0.0283971413339432,0.02350504990249824,4.671548201772426,0.0039865232673764696,0.14046310923517738,-2.9049544978195923,2.4232688021295545,0.7477443740105334,1.9570796782629432,0.16755859375,0.37271666526794434,0.9083999991416931,48,48,0.8324413895606995,48,0.0,0,0.0,0.0,0,0,0,0,58,625,wcap2,1.5388600826263428,19558.0,R,none,1
-3.0932280861706705,1.9530633513206705,9.034161834369183,0.15798828125,-3.053856934881555,1.702068041888513,6.343467238260468,0.12376220703125002,1.3902440529844164,1.5435843034043553,-0.03679273717057562,-0.029343899761862847,0.02408254451736045,4.703153321411666,0.005471499778795987,0.13795519085703054,-3.000453383016229,2.4787777666964432,0.7900101478920929,1.9761439434082968,0.15798828125,0.32916298508644104,0.9064000248908997,55,55,0.8420116901397705,55,0.0,0,0.0,0.0,0,0,0,0,59,625,wcap2,1.8037132024765015,20181.0,R,none,1
-3.11552583243031,1.9485452626023922,8.2022800428635,0.14140625,-3.087444620282235,1.7167268708624803,6.539740934519513,0.12249267578125,1.4264708194720521,1.5617432503167619,-0.04106292064753191,-0.029676099993674165,0.024452253892737884,4.734486078637422,0.00628148737596348,0.13813195698287867,-3.033673260262375,2.5170783621369344,0.7398145828568885,1.9869904232973306,0.14140625,0.3280947506427765,0.9028000235557556,45,45,0.858593761920929,45,0.0,0,0.0,0.0,0,0,0,0,60,625,wcap2,1.735457181930542,20806.0,R,none,1
-3.0134240137168695,1.9449843718579336,7.36890714904533,0.13677734375,-3.0682285569373224,1.7181752944983057,6.404738574624415,0.116943359375,1.4080823547070072,1.5828627044141523,-0.03881871649682049,-0.02950101286965783,0.02427372295596941,4.767882696538299,0.006949525538366288,0.13792426595723686,-3.0150696802323655,2.4964134660483763,0.7395525297176708,1.9974800820746805,0.13677734375,0.30525556206703186,0.9060999751091003,45,45,0.8632226586341858,45,0.0,0,0.0,0.0,0,0,0,0,61,625,wcap2,1.5867466926574707,21431.0,R,none,1
-2.9932891313463363,1.9487354272295445,8.000787728382894,0.14759765625,-3.0697694080293707,1.729077854059222,6.487048889289753,0.12212158203125001,1.4090203428656514,1.607328887153929,-0.026639004621537968,-0.029478111120666842,0.024321525581731836,4.798666000772543,0.005991146119486075,0.1382311321228001,-3.0136820545970364,2.4986195435020884,0.7274130262583223,2.005453028872987,0.14759765625,0.35275810956954956,0.9009000062942505,39,39,0.8524023294448853,39,0.0,0,0.0,0.0,0,0,0,0,62,625,wcap2,1.4639612436294556,22056.0,R,none,1
-3.049867421253862,1.9787012876399963,8.830481644111329,0.16140625,-3.0381033118440204,1.7307767955786952,6.526716097553402,0.12419921875,1.4008335073770264,1.6181240867788502,-0.023369278042220887,-0.029163266482412117,0.024525774347712883,4.82288277182518,0.006670072337146849,0.13647073769420934,-2.9807511325633844,2.5174132805691025,0.718843846553824,2.022764113264904,0.16140625,0.33243459463119507,0.9078999757766724,47,47,0.8385937213897705,47,0.0,0,0.0,0.0,0,0,0,0,63,625,wcap2,1.6769739389419556,22681.0,R,none,1
-2.917877342282161,2.031278562811632,9.991846151310346,0.17693359375,-3.0064506751147855,1.7386002052724372,6.769755037398909,0.12566162109375,1.409974551765028,1.6372483611884276,-0.024492239180095656,-0.028867000573087588,0.025063539025702228,4.85424517804431,0.007164031215943396,0.13549302923600667,-2.949908342207188,2.5706676958875696,0.7131159786150216,2.0335024775933146,0.17693359375,0.3148280680179596,0.9111999869346619,43,43,0.8230664134025574,43,0.0,0,0.0,0.0,0,0,0,0,64,625,wcap2,1.6014143228530884,23306.0,R,none,1
-2.9488487288791765,1.9859092220552426,8.1018101654191,0.16548828125,-3.0406945508216756,1.7542792470757764,6.962183357671376,0.12986328125,1.4516600468030787,1.658623461635412,-0.032787831717738955,-0.029224716109083858,0.02550703936365188,4.874792527065549,0.006533418172039091,0.13828227856110012,-2.987182552023837,2.6183835245412426,0.6812343436693413,2.0386500390070537,0.16548828125,0.3263549208641052,0.9053000211715698,46,46,0.8345116972923279,46,0.0,0,0.0,0.0,0,0,0,0,65,625,wcap2,1.687718391418457,23931.0,R,none,1
-2.893263988757633,2.015452304482006,9.648494824006919,0.17009765625,-3.0473879645348796,1.7698494378377525,7.329384994676319,0.13312255859375002,1.4869127807485425,1.6741076946363074,-0.028653442770242055,-0.029335219232211954,0.02608981817472102,4.899240642080344,0.007528194251353853,0.140489116926188,-2.9975074740805225,2.6801714143512383,0.669834820609208,2.048043714494068,0.17009765625,0.3086216449737549,0.9068999886512756,49,49,0.8299023509025574,49,0.0,0,0.0,0.0,0,0,0,0,66,625,wcap2,1.9054237604141235,24556.0,R,none,1
-2.9051375417211034,2.052292285421797,9.350984940125471,0.16685546875,-2.991840713229363,1.7639352747522916,7.2278800367487985,0.13514892578124998,1.446052052652466,1.6890919331092804,-0.023676332246304367,-0.028795623240530744,0.025878413817308654,4.933716370096399,0.009338834339287132,0.1439493229186363,-2.9404218013209245,2.6593033359512437,0.6727640261384362,2.0602549299089956,0.16685546875,0.3621393144130707,0.896399974822998,42,42,0.8331445455551147,42,0.0,0,0.0,0.0,0,0,0,0,67,625,wcap2,1.64755380153656,25181.0,R,none,1
-2.7813541999464206,2.0892869382522217,10.415954614628031,0.18615234375,-2.9199145006073475,1.7551033460758283,7.137982309786087,0.13478271484374998,1.3989343570927224,1.7070670889370938,-0.02561369062324833,-0.028089597420613063,0.02571022568317934,4.968604142034611,0.010704352115280926,0.14632249701071312,-2.866732543441901,2.6442023804784913,0.6787340820796635,2.074038837143375,0.18615234375,0.29297298192977905,0.9193000197410583,41,41,0.8138476610183716,41,0.0,0,0.0,0.0,0,0,0,0,68,625,wcap2,1.5926361083984375,25806.0,R,none,1
-2.8901116306512153,2.018808261786643,9.908348049778631,0.17517578125,-2.852583304100151,1.7616564241504895,7.6807166869826835,0.1471044921875,1.4140399204974747,1.7205910374811444,-0.03119760122793033,-0.027521769524282962,0.026612981802255943,4.98580093684987,0.011554338233545423,0.14793405059951228,-2.8077155101153397,2.7421602638940756,0.6559427604009418,2.0810890801403916,0.17517578125,0.3348464071750641,0.911300003528595,40,40,0.8248242139816284,40,0.0,0,0.0,0.0,0,0,0,0,69,625,wcap2,1.7993929386138916,26431.0,R,none,1
-2.938938571629107,2.033852280568842,10.46312059796576,0.18212890625,-2.8967942428244107,1.7774085354480222,7.9515447970925734,0.14628662109375,1.4599481501204175,1.7320416925943698,-0.03280874083130497,-0.027939531759431785,0.027067813798307215,5.010776555564538,0.010725614405237139,0.14856329885049385,-2.851338883186486,2.7912574894471844,0.6813736399071042,2.0876520678216024,0.18212890625,0.2872311770915985,0.9106000065803528,45,45,0.81787109375,45,0.0,0,0.0,0.0,0,0,0,0,70,625,wcap2,1.5628411769866943,27056.0,R,none,1
-2.9862094683655984,2.016544465665217,9.652791410585165,0.16318359375,-2.8937814977428986,1.7877250883832598,8.121278607578743,0.14984619140625,1.4705589139148156,1.75329421761526,-0.02789213989514189,-0.027957232058029188,0.027252074378207168,5.0314734889593415,0.010830793585628272,0.15096233232559322,-2.853046883863531,2.8140968296862976,0.6436370801263154,2.101916055554686,0.16318359375,0.3426065444946289,0.907800018787384,46,46,0.8368164300918579,46,0.0,0,0.0,0.0,0,0,0,0,71,625,wcap2,1.771222472190857,27681.0,R,none,1
-2.9382186478968855,2.0768164911259817,10.772682259639705,0.18212890625,-2.9862680757566036,1.8064731930837197,8.097006631765865,0.144833984375,1.522263438627117,1.770187887838424,-0.02910592913545096,-0.028842275088548083,0.027312981893276838,5.0483746827347575,0.009097893164725973,0.15241457146315343,-2.9454416557252103,2.8212678821957087,0.6288741663916212,2.1121528796138165,0.18212890625,0.33028528094291687,0.9070000052452087,41,41,0.81787109375,41,0.0,0,0.0,0.0,0,0,0,0,72,625,wcap2,1.4503989219665527,28306.0,R,none,1
-2.950345310944682,2.1109512201928586,10.092221307141335,0.17732421875,-2.9617122790271186,1.8134674581447865,8.33673983434706,0.15508544921875,1.5269388839750173,1.7867810991230488,-0.025055761347953908,-0.028632037482957062,0.027621160252410324,5.073782888241514,0.009458139656562708,0.15246860442469257,-2.9235451289477306,2.8557062468085066,0.6525383924159703,2.123093647905924,0.17732421875,0.3335677981376648,0.904699981212616,40,40,0.8226757645606995,40,0.0,0,0.0,0.0,0,0,0,0,73,625,wcap2,1.5140262842178345,28931.0,R,none,1
-2.9872435260895385,2.0917525684641443,10.013577952364582,0.1754296875,-2.996730447515223,1.8157731352324364,8.131580051957343,0.15230468749999998,1.5277635042392939,1.800414361818252,-0.03114578742571343,-0.02897037488732939,0.027281755604443302,5.091782550670469,0.009288529301993548,0.15359344624840604,-2.9583732826737177,2.821090878885279,0.609228493393341,2.129493053685272,0.1754296875,0.2757677137851715,0.914900004863739,44,44,0.8245702981948853,44,0.0,0,0.0,0.0,0,0,0,0,74,625,wcap2,1.6668578386306763,29556.0,R,none,1
-2.945613424307394,2.1382550953772,10.984679758850941,0.1905859375,-2.9951274973158193,1.8329918685670303,8.584870556347093,0.1526416015625,1.5635135927497246,1.8167979385189312,-0.02045234103580338,-0.02890245440417197,0.028022866996219527,5.114896742604407,0.009144366309046746,0.15087519104609098,-2.951559819992122,2.8948789889096984,0.6011333383222062,2.1354228717881507,0.1905859375,0.3058958351612091,0.9061999917030334,37,37,0.8094140887260437,37,0.0,0,0.0,0.0,0,0,0,0,75,625,wcap2,1.5342663526535034,30181.0,R,none,1
-2.979504800143494,2.1407355054963446,10.064760357980438,0.178828125,-3.052843680277182,1.8472365776751842,8.573047376367793,0.1461865234375,1.5988406176075447,1.8337427898055862,-0.020300433512004157,-0.02945238342889904,0.028103517068610258,5.135088063093544,0.008609764690918382,0.15219389130241284,-3.008427947576921,2.903586608316095,0.620856762309721,2.143571418977699,0.178828125,0.3054194450378418,0.9086999893188477,40,40,0.8211718797683716,40,0.0,0,0.0,0.0,0,0,0,0,76,625,wcap2,1.67789888381958,30806.0,R,none,1
-3.1561431339543935,2.0690278551293764,11.257847885587166,0.17306640625,-3.099935929447062,1.8696124903525089,8.958467273732055,0.1487109375,1.66087841543624,1.8471411877264188,-0.012568739080549583,-0.029910593318999854,0.028756063253611762,5.15688149505701,0.009810891670640557,0.15294446602903772,-3.054164839107843,2.9700290642264107,0.624457654178622,2.1543842907241775,0.17306640625,0.31022754311561584,0.9090999960899353,45,45,0.8269336223602295,45,0.0,0,0.0,0.0,0,0,0,0,77,625,wcap2,1.7563660144805908,31431.0,R,none,1
-3.3573921932542485,2.164690108621907,10.209646766279477,0.15955078125,-3.2043667685114987,1.892368033708607,9.130291074810287,0.14426025390625,1.7292417197240895,1.8622653934583036,-0.010450338180213313,-0.030926430484004005,0.028913171108271105,5.1736537562822695,0.009212765023112296,0.15304596728808179,-3.158823102135829,2.9851084995933745,0.6593908040555121,2.1602827891260747,0.15955078125,0.308962881565094,0.9090999960899353,45,45,0.8404492139816284,45,0.0,0,0.0,0.0,0,0,0,0,78,625,wcap2,1.5876057147979736,32056.0,R,none,1
-3.334339612319438,2.1515198581798045,11.822171050584581,0.17078125,-3.2152882663919753,1.896155124233531,9.139580970625438,0.1443212890625,1.7345417305005804,1.8677316855385098,-0.0068691608820133435,-0.031047833486433793,0.02887804072695112,5.189340305355058,0.009062089180224575,0.1570920865281338,-3.171410035899827,2.989158395986449,0.6302314333799508,2.1702199596077008,0.17078125,0.2910009026527405,0.9128000140190125,46,46,0.8292187452316284,46,0.0,0,0.0,0.0,0,0,0,0,79,625,wcap2,1.9635744094848633,32681.0,R,none,1
-3.4297420079987155,2.133190868422816,10.793546175502732,0.15431640625,-3.26793222572192,1.9010937187221175,8.920474291496312,0.13802490234375,1.7418453548809645,1.874893246336298,-0.0025812738525742528,-0.031500791327776036,0.028516307467055944,5.208327654876789,0.007559568309225142,0.15497042815874687,-3.2193125668989055,2.9463840147918594,0.6385659034566071,2.178393489304477,0.15431640625,0.3567756414413452,0.9045000076293945,42,42,0.8456835746765137,42,0.0,0,0.0,0.0,0,0,0,0,80,625,wcap2,1.8023332357406616,33306.0,R,none,1
-3.3709395541792073,2.1154117564654973,10.909404271641852,0.15978515625,-3.3219171519366544,1.9115854590420132,8.924251515382574,0.137333984375,1.7810080494782852,1.8832796471699356,-0.010128729427356492,-0.03206650152577922,0.028597421890540257,5.223306308791033,0.008016718426224543,0.15663448738496877,-3.2768055316074314,2.95642117830784,0.6373528946810105,2.1903141548869307,0.15978515625,0.35814574360847473,0.9057000279426575,46,46,0.8402148485183716,46,0.0,0,0.0,0.0,0,0,0,0,81,625,wcap2,1.6127368211746216,33931.0,R,none,1
-3.53990849482317,2.1475058112310172,10.445610105739538,0.15849609375,-3.388152480917092,1.9344373571793427,9.256488553665356,0.142470703125,1.8528147889343447,1.8969927463179674,-0.007759646401312703,-0.032654102761610085,0.029226916777302287,5.239699339243153,0.005094393166946248,0.15475554868861519,-3.339920441706462,3.0206329211301504,0.7430908567344721,2.2042756567748385,0.15849609375,0.30309146642684937,0.906000018119812,49,49,0.841503918170929,49,0.0,0,0.0,0.0,0,0,0,0,82,625,wcap2,1.6681325435638428,34556.0,R,none,1
-3.600386388663482,2.192370692098644,12.208580600397813,0.15830078125,-3.439234044135465,1.9399328039824957,8.945005894603733,0.13214111328125,1.8517820583344515,1.9092869123940337,0.0022703132389017932,-0.03308051579011069,0.028724764707649873,5.259292497311423,0.006474163098027929,0.15768247229180407,-3.382221489359954,2.972799070529783,0.7789909676432245,2.213184480539529,0.15830078125,0.32796937227249146,0.9035000205039978,55,55,0.8416992425918579,55,0.0,0,0.0,0.0,0,0,0,0,83,625,wcap2,1.6391351222991943,35181.0,R,none,1
-3.499956305050374,2.17826724564818,10.568680713154729,0.141171875,-3.4653092972250765,1.9454472698460166,8.91692002528412,0.12772216796875,1.8623635430880774,1.9208111796477463,0.0015903570154952918,-0.03329499904744151,0.02866781689810685,5.277725630518432,0.006116307959891856,0.16104594029459024,-3.404550540057842,2.9714289457648677,0.7899204611741744,2.223658398916996,0.141171875,0.3529540002346039,0.901199996471405,48,48,0.8588281273841858,48,0.0,0,0.0,0.0,0,0,0,0,84,625,wcap2,1.5319443941116333,35804.0,R,none,1
-3.5750029062504836,2.153048951807215,10.617698930063943,0.146015625,-3.4922147207028833,1.9597983530143976,9.195846228309358,0.129501953125,1.9006106923098758,1.939359460910611,0.0008394312574577056,-0.033528857338468436,0.029083686719494142,5.294571227822185,0.003418970925267786,0.16028674392285144,-3.4312038087085956,3.0100907842910267,0.7799472132349603,2.2274109767862753,0.146015625,0.34471291303634644,0.8992999792098999,44,44,0.8539843559265137,44,0.0,0,0.0,0.0,0,0,0,0,85,625,wcap2,1.5710166692733765,36429.0,R,none,1
-3.5803561023006023,2.1688627757641514,10.563156713202877,0.1414453125,-3.5413915753946053,1.9705556297992437,9.13652014100092,0.1257177734375,1.9271755339804115,1.9530950892195205,0.0028188669335601803,-0.034041290914372156,0.028961542555905922,5.309191289300716,0.0033255478763021527,0.16331180010569532,-3.483789805992379,3.0041270332410397,0.7903367356693276,2.2414648594313213,0.1414453125,0.33639848232269287,0.9039999842643738,46,46,0.8585546612739563,46,0.0,0,0.0,0.0,0,0,0,0,86,625,wcap2,1.717673420906067,37054.0,R,none,1
-3.3839003064508906,2.1997768007695813,11.981826804648554,0.1654296875,-3.5641603776260884,1.9816258700535976,9.341351742442347,0.12492919921875001,1.95206215459731,1.9723806773219,0.0023982569464661417,-0.03425401103772648,0.029155427588997612,5.329934721113375,0.0009984386683208868,0.1634361035300899,-3.507907499173559,3.0240211896813602,0.7642185846325198,2.242291427568241,0.1654296875,0.39692986011505127,0.9041000008583069,45,45,0.8345702886581421,45,0.0,0,0.0,0.0,0,0,0,0,87,625,wcap2,1.5565946102142334,37679.0,R,none,1
-3.4609814095019855,2.19726586869967,11.750812045454943,0.1592578125,-3.5753858382253405,1.9951482046165085,9.70458036205372,0.1274853515625,1.9953594392325575,1.9856367899351144,-0.0003798707831951664,-0.03439930041130078,0.02974799845469979,5.345117453731384,0.0022636556858196856,0.16599544587061496,-3.5215254076702864,3.0876620269687636,0.816901575620971,2.2491867033398627,0.1592578125,0.3392592668533325,0.9039000272750854,47,47,0.8407421708106995,47,0.0,0,0.0,0.0,0,0,0,0,88,625,wcap2,1.4728243350982666,38304.0,R,none,1
-3.640445468514823,2.235523355897467,11.97010825628486,0.15375,-3.582072719781721,1.9978398582049213,9.732667886691088,0.1315771484375,1.992651237194175,1.992819674302215,0.00589318753586935,-0.03435991874666366,0.02974632959937982,5.357868976709593,0.0013975296868011355,0.16708945726269456,-3.5183573621168085,3.090883717374518,0.8716150687047373,2.2585230525410864,0.15375,0.31309208273887634,0.9041000008583069,49,49,0.8462499976158142,49,0.0,0,0.0,0.0,0,0,0,0,89,625,wcap2,1.5598950386047363,38929.0,R,none,1
-3.6234715801969997,2.2601040817765736,11.855475319917822,0.15232421875,-3.5853549825991684,2.0048165555826856,9.87966521545527,0.1319580078125,2.00983934661977,2.006179387996025,0.003270686922627093,-0.03439664200483939,0.030002253197861012,5.372358568185486,0.001452065345365554,0.16840145624942757,-3.522064676669824,3.1169921814274035,0.8953719846383916,2.2657229435289024,0.15232421875,0.318575918674469,0.9096999764442444,43,43,0.8476758003234863,43,0.0,0,0.0,0.0,0,0,0,0,90,625,wcap2,1.6034969091415405,39552.0,R,none,1
-3.384611886609506,2.1987979923481418,11.995250027079921,0.1592578125,-3.5335828261521818,1.9921057621808504,9.566133063821534,0.13461181640625,1.9559358566787193,2.014589546676322,-0.002040035640894968,-0.03393098525152274,0.02959864336008576,5.393632648641639,0.004191726284334436,0.169041276061309,-3.4716241568472235,3.0748053209083914,0.8951728016142799,2.2759022395134085,0.1592578125,0.31589630246162415,0.8981999754905701,46,46,0.8407421708106995,46,0.0,0,0.0,0.0,0,0,0,0,91,625,wcap2,1.5744534730911255,40177.0,R,none,1
-3.47425011353779,2.2449833614477903,11.687677326325058,0.15533203125,-3.5161341902903076,1.993188117788433,9.56918200318603,0.13563964843749998,1.9408374464939044,2.0237720284226777,0.008189397976412416,-0.03378887027245458,0.029496672675596643,5.415858135673682,0.005590724913054146,0.16840201488988482,-3.45566721073144,3.0633123891047114,0.9343978378196078,2.2890357331123368,0.15533203125,0.31831520795822144,0.904699981212616,42,42,0.8446484208106995,42,0.0,0,0.0,0.0,0,0,0,0,92,625,wcap2,1.5082886219024658,40802.0,R,none,1
-3.4810196053820333,2.241930749949528,11.111052135548926,0.15564453125,-3.528988589775462,1.994994338145508,9.266492755068873,0.13074462890625,1.9283064729883879,2.0426878080530133,0.009008128191230803,-0.03393574247619195,0.029105292854954876,5.437184826434244,0.005603796746581793,0.16917943693770665,-3.470699406070576,3.0237467777714193,0.9543976735013429,2.298813096331162,0.15564453125,0.3346058428287506,0.9025999903678894,43,43,0.8443554639816284,43,0.0,0,0.0,0.0,0,0,0,0,93,625,wcap2,1.6980969905853271,41427.0,R,none,1
-3.5650863145902245,2.2312612343667917,10.936760204126431,0.14603515625,-3.568646100784663,1.9993673213842984,9.027542029763877,0.12483398437500001,1.9287256971048685,2.054825465162509,0.013918523552046409,-0.034301375602966366,0.02868105403968255,5.452200053326191,0.004341807786840945,0.16757187857358455,-3.5094160524775107,2.979003561815188,0.9118991864643196,2.3112080560371187,0.14603515625,0.3040875792503357,0.9139000177383423,45,45,0.8539648652076721,45,0.0,0,0.0,0.0,0,0,0,0,94,625,wcap2,1.6222072839736938,42052.0,R,none,1
-3.5937836469861293,2.2457978176521203,11.30936424990786,0.14658203125,-3.6270006255585474,2.008851716090583,8.999204663341521,0.12168945312500001,1.9682642413394376,2.0697864367957877,-0.002565460895145166,-0.03490807506954056,0.0286635049760709,5.472199095315652,0.0007965338695794344,0.1658451063507427,-3.575110292202106,2.97417217204106,0.8950739106838921,2.32140282024807,0.14658203125,0.35353735089302063,0.9018999934196472,46,46,0.8534179925918579,46,0.0,0,0.0,0.0,0,0,0,0,95,625,wcap2,1.7229734659194946,42677.0,R,none,1
-3.80198850377073,2.191412459507355,10.973965124031514,0.1347265625,-3.716360202592673,2.026909584713898,9.132239355167387,0.1250537109375,2.0376491602093227,2.0767283161839374,-0.006015011788195772,-0.03576224063841553,0.028864374295650953,5.4796323531013345,-0.0020484557375311852,0.16625950892866978,-3.6654541336436615,2.9929253271731664,1.0082749197911416,2.324239022396171,0.1347265625,0.33262190222740173,0.9016000032424927,50,50,0.8652734160423279,50,0.0,0,0.0,0.0,0,0,0,0,96,625,wcap2,1.5196349620819092,43302.0,R,none,1
-3.833536422534694,2.219022607882027,10.6695934872512,0.12923828125,-3.824645954610586,2.0460619282981325,9.253758536675573,0.11612792968749999,2.112983643330493,2.0850371663365515,-0.0116513952359743,-0.03675679243257995,0.02896747871721385,5.49041233808667,-0.004658847555983812,0.16929721016485227,-3.7699442350293015,3.007470654120698,1.0135310634418278,2.3369455127589434,0.12923828125,0.3664742708206177,0.9027000069618225,49,49,0.8707616925239563,49,0.0,0,0.0,0.0,0,0,0,0,97,625,wcap2,1.35063636302948,43927.0,R,none,1
-3.906092451865659,2.259062232668336,11.735638126329299,0.12943359375,-3.8434567379027853,2.0478424084466957,9.147289820375406,0.1117626953125,2.1105067688621473,2.0899283922825473,-0.006776631311932843,-0.036908722404444545,0.02872900037049509,5.498323153268931,-0.0054167955822777,0.17116836070602476,-3.786265556928065,2.9858148425917306,1.0095761448528915,2.343670899690967,0.12943359375,0.33867427706718445,0.902899980545044,46,46,0.8705664277076721,46,0.0,0,0.0,0.0,0,0,0,0,98,625,wcap2,1.5717978477478027,44552.0,R,none,1
-3.7858838805164057,2.197407960625614,11.02222871640603,0.13345703125,-3.8499965774181497,2.0532794245951984,9.249457612885822,0.1123974609375,2.1210625028035195,2.1012382308184137,-0.006344338155945956,-0.03693614557717096,0.028883762999003002,5.513421084011831,-0.005504498543450609,0.1702624491841158,-3.7891624296973574,3.002025801746355,0.9774295736554897,2.3566570937585034,0.13345703125,0.3018767535686493,0.9085999727249146,50,50,0.8665429949760437,50,0.0,0,0.0,0.0,0,0,0,0,99,625,wcap2,1.704277515411377,45177.0,R,none,1
-3.9288289169898714,2.2453363774374724,11.150844887100645,0.1380078125,-3.878428466890859,2.0607531742259955,9.261973661913089,0.10975341796875,2.1329073429469343,2.1108829627852783,0.002913339350301476,-0.037195393729584754,0.028763359754404156,5.526863436003168,-0.006242068672727328,0.17284497958396292,-3.816456813286448,2.9905169646975978,1.024875885608088,2.363517260612515,0.1380078125,0.3301772177219391,0.9049000144004822,50,50,0.8619921803474426,50,0.0,0,0.0,0.0,0,0,0,0,100,625,wcap2,1.6736036539077759,45802.0,R,none,1
-3.8192208043071525,2.25836594027548,11.441078245873014,0.13748046875,-3.8492049227827945,2.059021839859478,9.324372085432834,0.11296386718750001,2.1197957222547554,2.124464621456525,-0.004689406692971518,-0.03696240041618124,0.02882739168063113,5.544465916415264,-0.00656546950689517,0.17229554407002295,-3.7929128889195294,2.9994979386898373,1.0226513296602358,2.37543612930631,0.13748046875,0.3784477710723877,0.8985000252723694,43,43,0.8625195026397705,43,0.0,0,0.0,0.0,0,0,0,0,101,625,wcap2,1.6151025295257568,46427.0,R,none,1
-3.941230957410813,2.2817196448858863,11.310597582279335,0.13107421875,-3.8537537317604715,2.065244860751653,9.50994892302097,0.11406494140625001,2.132307591914783,2.134954039646523,-0.0020252967001930565,-0.03697179964774369,0.029039499794562433,5.55917030941505,-0.007086587871890515,0.1697561649183181,-3.7943968439988667,3.019092398868059,1.0515472194192172,2.383968835317876,0.13107421875,0.3389487564563751,0.9077000021934509,49,49,0.8689258098602295,49,0.0,0,0.0,0.0,0,0,0,0,102,625,wcap2,1.5039228200912476,47052.0,R,none,1
-3.923007894756403,2.301609556172255,11.959801085122347,0.1430859375,-3.872619242243723,2.0697555122413704,9.614207804079404,0.11677490234375001,2.150990944354856,2.141780942465605,-0.008884006366923231,-0.037067006700485745,0.02925080233569932,5.569248867937963,-0.008463887199759483,0.1740465629093316,-3.805526945482463,3.0461896759123173,0.9073285518990022,2.3937151043990865,0.1430859375,0.30423489212989807,0.9103999733924866,51,51,0.8569140434265137,51,0.0,0,0.0,0.0,0,0,0,0,103,625,wcap2,1.5831084251403809,47677.0,R,none,1
-3.6124055212502553,2.25587261286336,12.612130164656335,0.1603125,-3.8226040249962505,2.0620432287292374,9.487589360769652,0.11920166015625001,2.1023298398210652,2.1516758504315505,-0.001983413104519409,-0.03652096338378227,0.029074951953653737,5.579311556701562,-0.005962005914188922,0.1760175465229501,-3.747089581657651,3.029546723807047,0.8948973207466984,2.4023309475333354,0.1603125,0.3596867322921753,0.8968999981880188,42,42,0.8396875262260437,42,0.0,0,0.0,0.0,0,0,0,0,104,625,wcap2,1.7664992809295654,48302.0,R,none,1
-3.863844884572394,2.2851311258119806,12.132726911143102,0.15025390625,-3.8866551037780375,2.079976194913688,9.789518075878927,0.1202734375,2.168274718987699,2.154991790018357,0.0030344624015674728,-0.037093500429506696,0.029522192436570126,5.58928373001342,-0.0078353899018839,0.17664745143447294,-3.8076124078132794,3.0785600850839216,0.9066642029259073,2.410384668885471,0.15025390625,0.357750803232193,0.8919000029563904,54,54,0.8497461080551147,54,0.0,0,0.0,0.0,0,0,0,0,105,625,wcap2,1.9928359985351562,48927.0,R,none,1
-3.613085003437947,2.285942684125763,12.882504578076883,0.16283203125,-3.8798090129544702,2.09095603457908,10.169713386420293,0.12502685546875,2.1916801944582285,2.1709873854178743,0.009429558666566706,-0.03701324463207977,0.03002945025402203,5.604037509316211,-0.0077646809350699186,0.17652349733388104,-3.799320470569654,3.131503400379156,0.9022815332553575,2.416482287043158,0.16283203125,0.31847918033599854,0.9035999774932861,42,42,0.8371679782867432,42,0.0,0,0.0,0.0,0,0,0,0,106,625,wcap2,1.478782057762146,49552.0,R,none,1
-3.923503636950676,2.305077079700537,12.217029796960324,0.1457421875,-3.890854775278072,2.0973031309183834,10.31793893645331,0.12890380859375,2.2140509086092535,2.1799649968290034,0.0046645175217969684,-0.03712592760911848,0.030275429581790296,5.619008879920321,-0.009556068041711115,0.17638301899183584,-3.812654855277054,3.1557930333312942,0.8682639558672878,2.4268242433278826,0.1457421875,0.3803246319293976,0.8999000191688538,51,51,0.8542578220367432,51,0.0,0,0.0,0.0,0,0,0,0,107,625,wcap2,1.4931166172027588,50177.0,R,none,1
-3.846641455404306,2.3464072650990007,14.018904529443995,0.1617578125,-3.8994064336099457,2.0961283498162793,10.13388164809582,0.12403564453125002,2.1973745634315964,2.190810686192468,0.0055688092794535845,-0.037168033688768275,0.029936396443720946,5.628659345500056,-0.009880517515121028,0.17847467283256638,-3.817292559415433,3.125658673023469,0.8948388011572379,2.4311753084330063,0.1617578125,0.32788655161857605,0.9057000279426575,48,48,0.8382421731948853,48,0.0,0,0.0,0.0,0,0,0,0,108,625,wcap2,1.7194401025772095,50802.0,R,none,1
-3.919959683004636,2.331085482661496,12.33415256056927,0.14337890625,-3.919152142976796,2.094904378544686,9.777904948112601,0.12099609375000002,2.1838783560281207,2.2018910606309583,0.0028549385866155786,-0.03737673429029289,0.02943876753526227,5.640333621861567,-0.010562654688255861,0.18034673060120085,-3.8393535295408423,3.0802985963855853,0.9795933456182628,2.4389745630267554,0.14337890625,0.36428630352020264,0.906000018119812,49,49,0.8566210865974426,49,0.0,0,0.0,0.0,0,0,0,0,109,625,wcap2,1.5818673372268677,51427.0,R,none,1
-3.9520444022550913,2.3223859558711317,12.150264396778605,0.14443359375,-3.9436141271449467,2.103561248288485,9.896100346155649,0.12020996093750001,2.196615998048372,2.2189605543749504,0.009393372877685262,-0.03755185423803767,0.029440151592601604,5.652630156538219,-0.011695577182981651,0.18468432988472716,-3.858425356294092,3.0858465881685375,1.0974323935630497,2.4465649055758742,0.14443359375,0.3533248007297516,0.9057999849319458,48,48,0.8555663824081421,48,0.0,0,0.0,0.0,0,0,0,0,110,625,wcap2,1.8206636905670166,52052.0,R,none,1
-3.751000156186777,2.2721602930142812,12.660479846925817,0.1564453125,-3.9179479712656757,2.1094029628296367,10.161575739200547,0.12189208984375,2.201553366066648,2.227587480963357,0.02044001256444268,-0.037303552983899514,0.0298400227986795,5.661320568578434,-0.010707180113968207,0.18335154200406,-3.832001522071183,3.1242863125870177,1.1803549601909977,2.455310457196922,0.1564453125,0.31734538078308105,0.9086999893188477,47,47,0.843554675579071,47,0.0,0,0.0,0.0,0,0,0,0,111,625,wcap2,1.4807040691375732,52677.0,R,none,1
-4.063010310389924,2.3484483005150745,12.554217792884002,0.1333984375,-4.017532092432528,2.124343906462297,9.950935102449206,0.1141943359375,2.252147440659131,2.239508674576959,0.021180917687400967,-0.03832467355435432,0.02942182582502756,5.676031951165723,-0.011842964031238808,0.18268626743095315,-3.9377386628624005,3.0781508535881694,1.1457715738965026,2.465319513238395,0.1333984375,0.36233216524124146,0.9034000039100647,45,45,0.8666015863418579,45,0.0,0,0.0,0.0,0,0,0,0,112,625,wcap2,1.5696638822555542,53302.0,R,none,1
-4.0428355279906665,2.3420446939831208,12.628325377702637,0.136953125,-4.066497220222084,2.138594808571898,10.024073767768776,0.11340087890624999,2.2950066820338137,2.249049516948581,0.029531556268278615,-0.03876053431450713,0.02960524315387264,5.684648381265582,-0.012083875370153692,0.18304163386866057,-3.9826281967433017,3.0954316580154937,1.1663857384937777,2.4713695727717386,0.136953125,0.33799606561660767,0.904699981212616,52,52,0.8630468845367432,52,0.0,0,0.0,0.0,0,0,0,0,113,625,wcap2,1.571315884590149,53927.0,R,none,1
-3.868535863207998,2.3418489732169574,11.737373049086663,0.1473046875,-4.040763801936165,2.135385192288735,9.977878961150614,0.11484375000000001,2.273745897529855,2.2555382410536877,0.03058578086245505,-0.038477131777731176,0.029602740998393367,5.7022768871452545,-0.01109431593446061,0.18317339069165994,-3.952607501567115,3.0923194905636042,1.1740148232275587,2.485996457236268,0.1473046875,0.29183316230773926,0.9139999747276306,47,47,0.8526952862739563,47,0.0,0,0.0,0.0,0,0,0,0,114,625,wcap2,1.7151888608932495,54552.0,R,none,1
-4.055544239192648,2.312461961378544,11.446288981272454,0.13005859375,-4.07164427752671,2.1449416865183637,10.157532162660695,0.11563232421875,2.3083580437209656,2.2629188732193803,0.029497921623895352,-0.03876992883393943,0.029825847574887585,5.712192206326375,-0.011094042463810183,0.18386777831802487,-3.9826007178509983,3.1171272192356323,1.0910525196153427,2.4929328931066443,0.13005859375,0.3687822222709656,0.8896999955177307,46,46,0.8699414134025574,46,0.0,0,0.0,0.0,0,0,0,0,115,625,wcap2,1.7661572694778442,55177.0,R,none,1
-4.025439204332726,2.3355530883788207,12.103549072313681,0.13912109375,-4.092527842327547,2.1523345261683717,10.254829978470893,0.1157421875,2.33296039402025,2.2711297912179877,0.0284537272981901,-0.03900696049141465,0.029944060159399866,5.719284788914259,-0.011903501390479505,0.18621013763272107,-4.007691181108965,3.1287953307618652,1.0892290135432567,2.4979711216857425,0.13912109375,0.3362586498260498,0.9056000113487244,54,54,0.8608788847923279,54,0.0,0,0.0,0.0,0,0,0,0,116,625,wcap2,1.4386345148086548,55802.0,R,none,1
-4.154016557735375,2.329251920910633,11.695277453014295,0.1243359375,-4.155603113565259,2.1592542597618114,10.146575592721142,0.11242919921875,2.365853247174658,2.270377613751834,0.02614809737303538,-0.03958483738836528,0.029754409286770436,5.725296518412348,-0.01474588938348461,0.18537458663722892,-4.069730013945128,3.109983603543985,1.0629748004399246,2.5040821502296806,0.1243359375,0.3405534327030182,0.8982999920845032,45,45,0.8756640553474426,45,0.0,0,0.0,0.0,0,0,0,0,117,625,wcap2,1.5461814403533936,56427.0,R,none,1
-4.1706955801553445,2.3975953230688294,11.880711240723867,0.13263671875,-4.2189246313763995,2.1746225435728057,10.27401976371455,0.10952392578125,2.423551855375576,2.2798736803613817,0.025557671278100623,-0.04022458490357872,0.029901061616450068,5.732229323783587,-0.01682337809819728,0.18689354495567861,-4.1373418382557405,3.1280259152454373,1.0481724885080084,2.5098012663353932,0.13263671875,0.32164907455444336,0.8944000005722046,50,50,0.8673632740974426,50,0.0,0,0.0,0.0,0,0,0,0,118,625,wcap2,1.4770654439926147,57052.0,R,none,1
-4.181245952372043,2.3717722511869948,12.012372903470867,0.13015625,-4.278857440269257,2.1878521546130183,10.364210965370036,0.1089892578125,2.470855001301995,2.2860536625429555,0.02978838659987459,-0.04074338434445052,0.030018304508441753,5.738483337772242,-0.017949873751495034,0.18743736592345844,-4.191613013421727,3.140731347359131,0.9904682556785591,2.514497430948653,0.13015625,0.3462110757827759,0.9056000113487244,50,50,0.8698437213897705,50,0.0,0,0.0,0.0,0,0,0,0,119,625,wcap2,1.6432141065597534,57677.0,R,none,1
-4.279082250311616,2.4308197377255056,12.248607220020801,0.13537109375,-4.294526150086344,2.1919930805150782,10.400887190462306,0.1128955078125,2.485087414605556,2.295128761443446,0.02461748897697949,-0.04086739089452848,0.030095360048973476,5.748335007545057,-0.019714292727876455,0.18827953198780145,-4.20608039204335,3.1516415922231578,0.974088176101771,2.5205478101499335,0.13537109375,0.30239227414131165,0.9125000238418579,46,46,0.8646289110183716,46,0.0,0,0.0,0.0,0,0,0,0,120,625,wcap2,1.295689344406128,58302.0,R,none,1
-4.507147323575856,2.3914267317999633,12.27752859973539,0.1185546875,-4.434797313374348,2.2192807837163033,10.474636053789306,0.1085546875,2.603745389345522,2.296447249608661,0.025014558018265715,-0.042211892636566405,0.03028239297710799,5.750208957554953,-0.023566783897113055,0.19049302163494014,-4.3476606996974825,3.1694930392595224,0.9593153285007334,2.535053880447712,0.1185546875,0.41287124156951904,0.8895999789237976,50,50,0.8814452886581421,50,0.0,0,0.0,0.0,0,0,0,0,121,625,wcap2,1.5228959321975708,58927.0,R,none,1
-4.350884843597059,2.396323178285441,11.503808867597154,0.11529296875,-4.441349385550763,2.2210191188281283,10.42587401082656,0.1027197265625,2.6034306402600724,2.299891548597904,0.029603737342098122,-0.04229100045658723,0.03016640908438907,5.759957460162425,-0.023397845120634884,0.18970445484898843,-4.35559539290428,3.1546807080808508,0.9696940212515326,2.5459598208450314,0.11529296875,0.33619916439056396,0.8932999968528748,52,52,0.8847070336341858,52,0.0,0,0.0,0.0,0,0,0,0,122,625,wcap2,1.6045547723770142,59552.0,R,none,1
-4.533468772745821,2.400382405831338,12.105676885826176,0.1117578125,-4.4518523476847065,2.226757785626714,10.455163748440167,0.10262939453125,2.618376981730697,2.3093857890405456,0.030687465077942865,-0.042381207799769526,0.030296312541003474,5.767147843488919,-0.023896446162834765,0.1921806919317401,-4.365334636795013,3.170542908411436,0.8926110377755316,2.556535515169976,0.1117578125,0.3462539613246918,0.8948000073432922,60,60,0.8882421851158142,60,0.0,0,0.0,0.0,0,0,0,0,123,625,wcap2,1.4575228691101074,60177.0,R,none,1
-4.291758830146423,2.4182685007419202,12.073419604287924,0.12751953125,-4.423110255064524,2.2178772610407402,10.49029069069172,0.10041748046875,2.593162033341004,2.3108029972786914,0.015014514421879894,-0.04206440930827045,0.03030647916686599,5.778951737662096,-0.023805962405749597,0.19201525611484369,-4.332792008770905,3.1663590414624307,0.876337676032211,2.5610100191465945,0.12751953125,0.3493463099002838,0.9027000069618225,53,53,0.8724804520606995,53,0.0,0,0.0,0.0,0,0,0,0,124,625,wcap2,1.7944461107254028,60802.0,R,none,1
-4.535991760610224,2.410021802222616,11.60285643912456,0.111796875,-4.498750237730831,2.2266218355438796,10.181907184783473,0.0962548828125,2.6163051941846684,2.316408945563305,0.025130658772819756,-0.04269143009168615,0.029821597029071837,5.790985891930587,-0.02532300689490512,0.19127018434412438,-4.398539690298579,3.115555164194863,0.872287387014274,2.572024108042127,0.111796875,0.3628636300563812,0.9004999995231628,54,54,0.8882031440734863,54,0.0,0,0.0,0.0,0,0,0,0,125,625,wcap2,1.6491488218307495,61427.0,R,none,1
-4.560955645997103,2.4082320681611384,12.949593436543484,0.11712890625,-4.478757147602305,2.2298076741628425,10.341271827624775,0.0967138671875,2.6177185576758895,2.3295642615208583,0.024759444558755294,-0.04254647199168964,0.030052430370190352,5.800838314137436,-0.024017055792501196,0.19186713347414683,-4.3823845486223805,3.138931902718547,0.8250329344771785,2.58032972785215,0.11712890625,0.3367689549922943,0.9053000211715698,57,57,0.8828710913658142,57,0.0,0,0.0,0.0,0,0,0,0,126,625,wcap2,1.5896518230438232,62052.0,R,none,1
-4.528293290841557,2.433913005166337,11.861819920350012,0.122109375,-4.477598306071745,2.227381110892912,10.14540265112909,0.09793212890625,2.60791219220442,2.337601916395646,0.015712504562474968,-0.04259291998763719,0.029816596027561485,5.806999724336986,-0.024555475022643804,0.19090583950026482,-4.387680998922279,3.1139423181483052,0.8100714715433934,2.5886477215471997,0.122109375,0.35728830099105835,0.8992999792098999,53,53,0.8778906464576721,53,0.0,0,0.0,0.0,0,0,0,0,127,625,wcap2,1.5495169162750244,62677.0,R,none,1
-4.599097338114688,2.382105413139374,11.810732617869274,0.11291015625,-4.471602159365773,2.223920894181406,9.926827673914524,0.0980859375,2.590996728045555,2.34498662400823,0.009840791522838321,-0.04259554111402171,0.02951732842642203,5.814230383757892,-0.023611238412559032,0.19256213347195383,-4.387005264763609,3.0860289910462426,0.8125651618921417,2.5947561953576916,0.11291015625,0.35287216305732727,0.8962000012397766,60,60,0.8870898485183716,60,0.0,0,0.0,0.0,0,0,0,0,128,625,wcap2,1.4411938190460205,63302.0,R,none,1
-4.4678580509361305,2.418901606279204,13.0019436381964,0.11994140625,-4.484870617266384,2.224387712042599,9.787285259742646,0.09670166015625001,2.590718660377927,2.3540108877931085,0.0031711453150730386,-0.042729295854210175,0.029318455788228164,5.827108186404775,-0.02373618965881178,0.19468288003122608,-4.400831758919535,3.071965362464046,0.8068033321418477,2.600821752078675,0.11994140625,0.36364465951919556,0.9047999978065491,53,53,0.8800585865974426,53,0.0,0,0.0,0.0,0,0,0,0,129,625,wcap2,1.7457948923110962,63927.0,R,none,1
-4.58498274784967,2.3762801063271177,11.755426524918771,0.10509765625,-4.570679696740974,2.2392930583622026,9.743054560654077,0.095576171875,2.6521839373690277,2.3605693715062546,0.0016800923538621859,-0.04353855159400535,0.02921420660926328,5.832771124290268,-0.027488099937327207,0.19558652314720112,-4.487482056410937,3.0652003353860104,0.8080487480672112,2.602940965448897,0.10509765625,0.3276746869087219,0.8970000147819519,53,53,0.8949023485183716,53,0.0,0,0.0,0.0,0,0,0,0,130,625,wcap2,1.3584283590316772,64552.0,R,none,1
-4.475422071008123,2.4341834382828074,12.593361340766938,0.11806640625,-4.5329425461266135,2.2344601872203467,9.792485691387908,0.09474853515625001,2.634474474055418,2.3606649136761053,-0.0023270594587368265,-0.04321078783330216,0.029386165451555594,5.8395638977712,-0.028338858876377344,0.19512499121342922,-4.4547574128993315,3.079443130257203,0.8024273043694308,2.6114779747098145,0.11806640625,0.33925387263298035,0.9070000052452087,55,55,0.8819335699081421,55,0.0,0,0.0,0.0,0,0,0,0,131,625,wcap2,1.6309025287628174,65177.0,R,none,1
-4.465224891437516,2.438809239295744,12.298647839064754,0.12236328125,-4.5393575506412995,2.240682252811798,10.004639079237709,0.09412353515625,2.654388424682237,2.3678340541493386,-0.0015655207658232184,-0.0432363314302329,0.02969814826425388,5.848575496226174,-0.028489977011922747,0.19835426133112158,-4.45752516121128,3.1170351992880163,0.8080277677726535,2.61361220755896,0.12236328125,0.31722643971443176,0.9072999954223633,55,55,0.877636730670929,55,0.0,0,0.0,0.0,0,0,0,0,132,625,wcap2,1.4901784658432007,65802.0,R,none,1
-4.430826183070347,2.4554885045762993,12.088352569528231,0.11302734375,-4.4519561425200145,2.2272967970064155,10.021175026833966,0.09781005859374999,2.5779132262919995,2.375576690449688,0.007361105213348584,-0.04235254509524699,0.029637024934331326,5.859470718475348,-0.02860288301948458,0.19936895715779873,-4.367104928918627,3.112747744517906,0.8534579440936536,2.620443074645069,0.11302734375,0.35684850811958313,0.8998000025749207,44,44,0.8869726657867432,44,0.0,0,0.0,0.0,0,0,0,0,133,625,wcap2,1.6816961765289307,66427.0,R,none,1
-4.313907839241207,2.3802708471744296,11.931131546320744,0.1272265625,-4.447932020361301,2.2263966865305393,9.900131234483734,0.09832763671875,2.5658102157437117,2.386998053352489,0.004033936697962494,-0.04232327691109889,0.029466699653448516,5.865769993239955,-0.02923570907849353,0.19882709757395786,-4.364739586236638,3.091882400266169,0.8456322324897103,2.6312722697531536,0.1272265625,0.32119128108024597,0.9059000015258789,48,48,0.8727734088897705,48,0.0,0,0.0,0.0,0,0,0,0,134,625,wcap2,1.3571676015853882,67052.0,R,none,1
-4.576823963720789,2.3642919042688844,10.99347344219405,0.10443359375,-4.503349706530139,2.2360354547600285,9.892506070850636,0.09590332031250001,2.611132062937766,2.3870073854486034,0.0017151065575166946,-0.04286650273407834,0.029478579958267477,5.869451288119708,-0.029645821811282076,0.19810229731646373,-4.420796563616672,3.0914183156817083,0.83072090187411,2.640554138120333,0.10443359375,0.3106190264225006,0.9027000069618225,50,50,0.8955664038658142,50,0.0,0,0.0,0.0,0,0,0,0,135,625,wcap2,1.4260001182556152,67677.0,R,none,1
-4.774519467090146,2.520923573998695,12.259000540469788,0.10724609375,-4.540168548936981,2.234522335302982,9.377882406990482,0.08937744140625001,2.5957503899075984,2.3872524080941377,0.010087268966156299,-0.04319931457921637,0.028712355285101254,5.877185895083929,-0.03068564513232559,0.1986741662655589,-4.455928904111917,3.0157444028432407,0.7581444814130442,2.651186700454986,0.10724609375,0.35497045516967773,0.8953999876976013,52,52,0.8927538990974426,52,0.0,0,0.0,0.0,0,0,0,0,136,625,wcap2,1.7214751243591309,68302.0,R,none,1
-4.3310921362164,2.4329554722970475,12.20050347899297,0.12421875,-4.482100229747728,2.2237861829851338,9.278240154642038,0.08927490234374999,2.5491605107739908,2.391350848226514,0.004713628635084854,-0.042680519000841105,0.02864718993812211,5.889025795242981,-0.027808843108359724,0.20002457621375028,-4.399907818240954,3.0073073674831408,0.8438727883684338,2.66664525246163,0.12421875,0.31691884994506836,0.9053000211715698,47,47,0.875781238079071,47,0.0,0,0.0,0.0,0,0,0,0,137,625,wcap2,1.748904824256897,68927.0,R,none,1
-4.505560340120976,2.404337088027548,12.542053966013928,0.119609375,-4.499629113437443,2.2324544128738353,9.563718774151987,0.09246826171875,2.5913994987253703,2.39049356342263,0.001959643411859022,-0.04284265932386446,0.029164650302443404,5.894997741604657,-0.027860283826012164,0.19983786399477976,-4.416568558862014,3.058454551883708,0.7508213987258436,2.6762591895526806,0.119609375,0.3628312945365906,0.896399974822998,54,54,0.8803906440734863,54,0.0,0,0.0,0.0,0,0,0,0,138,625,wcap2,1.6982038021087646,69552.0,R,none,1
-4.497031064890465,2.397944375735579,12.696153570454817,0.1155859375,-4.499848441491565,2.236962159732955,9.719114778408448,0.09289794921875003,2.601860245525876,2.3989638547106016,0.0031756038406472254,-0.042815075361652646,0.029390177151022275,5.900727166344792,-0.028185535646043716,0.2002902607129735,-4.414068169950873,3.0819331644103887,0.7113861449319758,2.6846020192338873,0.1155859375,0.34831395745277405,0.8999999761581421,53,53,0.8844140768051147,53,0.0,0,0.0,0.0,0,0,0,0,139,625,wcap2,1.6308404207229614,70177.0,R,none,1
-4.4960034796568396,2.4562487511995017,13.200372890710046,0.11751953125,-4.532994952365856,2.243667892154753,9.795496841854694,0.09436767578125001,2.6298979890119285,2.400878051640295,0.0032695696339287896,-0.0431023609743505,0.029464583947835146,5.901589279823458,-0.02985715898219496,0.19921744706308928,-4.445168702828211,3.0873433855004992,0.7377947013054529,2.6910103777561596,0.11751953125,0.3531353175640106,0.9068999886512756,50,50,0.8824804425239563,50,0.0,0,0.0,0.0,0,0,0,0,140,625,wcap2,1.4436192512512207,70802.0,R,none,1
-4.398751283229512,2.416459944991704,12.281380233952632,0.11802734375,-4.516153685949369,2.240392658977853,9.735951985653765,0.095263671875,2.6016801014093938,2.4063144612395355,0.011364703752924745,-0.042874712393587,0.029299923260899172,5.909640033826646,-0.029870788027183154,0.19879012803005283,-4.421862509388687,3.071444199678101,0.7453185816702499,2.700128949186659,0.11802734375,0.30777156352996826,0.909600019454956,46,46,0.8819726705551147,46,0.0,0,0.0,0.0,0,0,0,0,141,625,wcap2,1.4377638101577759,71427.0,R,none,1
-4.559174430455776,2.4601863787261644,12.895083970880217,0.1116796875,-4.533015822459525,2.2462654968058704,9.82366120888863,0.0903564453125,2.622176273674459,2.408991729642275,0.014540678823787585,-0.04305080315639399,0.029404077370758522,5.915551263942655,-0.027113300780765712,0.19985944127079264,-4.437143374571478,3.083995139542573,0.7531916549238868,2.7080848461234424,0.1116796875,0.3245500922203064,0.8996999859809875,55,55,0.8883203268051147,55,0.0,0,0.0,0.0,0,0,0,0,142,625,wcap2,1.7710144519805908,72052.0,R,none,1
-4.665932086184404,2.4609117829555025,11.80067782313778,0.10912109375,-4.572608839045542,2.2531476065276,9.875281290140364,0.0938623046875,2.6570553096127285,2.407518649117891,0.012100178070431298,-0.043363288495320215,0.029559260649495184,5.918668023344145,-0.029636838778387756,0.19919374376889618,-4.471677226924378,3.098227966409547,0.7308002538029257,2.7173092793632696,0.10912109375,0.35927245020866394,0.9046000242233276,53,53,0.8908789157867432,53,0.0,0,0.0,0.0,0,0,0,0,143,625,wcap2,1.63914954662323,72677.0,R,none,1
-4.561338614118784,2.3912389486793986,12.030111803026921,0.1241015625,-4.611782305939395,2.2554233685157623,9.657010832313384,0.09188232421875,2.677704255847549,2.4093687049400656,-0.00013838954062639686,-0.04380123418303982,0.02927421853846449,5.924020155906919,-0.03157484068069607,0.19801123533689033,-4.518477426786483,3.065035873270433,0.7053645940422717,2.7211112375247435,0.1241015625,0.35451555252075195,0.8921999931335449,54,54,0.8758984208106995,54,0.0,0,0.0,0.0,0,0,0,0,144,625,wcap2,1.5572566986083984,73302.0,R,none,1
-4.531468931175139,2.4430894282774593,13.224744627337289,0.1308203125,-4.547955262096383,2.242321992291826,9.568383814686847,0.09326416015625,2.6203375993674443,2.4166949770258834,-0.009024659277746065,-0.04319603804243046,0.029157638276329608,5.930242277431826,-0.02875792823266238,0.1974667450210644,-4.453665545953454,3.0467239697843596,0.7054011829625946,2.730480561704052,0.1308203125,0.33575204014778137,0.9039999842643738,52,52,0.8691796660423279,52,0.0,0,0.0,0.0,0,0,0,0,145,625,wcap2,1.491304636001587,73927.0,R,none,1
-4.501527324750462,2.455445540225218,11.919407866466901,0.1265234375,-4.565857908170596,2.243574982472494,9.597131494868213,0.09313720703124999,2.634377431922673,2.4173371561624224,-0.01808588610864314,-0.0433240081968685,0.029217265983249165,5.93578089691788,-0.02930414108559489,0.19888761872085695,-4.467320741409317,3.0531972428308025,0.7413320812012207,2.736699516704738,0.1265234375,0.32854583859443665,0.8999000191688538,56,56,0.8734765648841858,56,0.0,0,0.0,0.0,0,0,0,0,146,625,wcap2,1.491119623184204,74552.0,R,none,1
-4.436185971702516,2.4399531540682444,12.34364509920353,0.11833984375,-4.608234760164643,2.25319363547846,9.657839496991855,0.093134765625,2.671298687610922,2.4237175997469844,-0.01813472839726673,-0.043719260895525774,0.02928335077973306,5.939129302850103,-0.03019779864931479,0.1986437411993603,-4.508703220551889,3.0624567688470936,0.7112264274003095,2.7450648694491573,0.11833984375,0.30383098125457764,0.9103000164031982,51,51,0.8816601634025574,51,0.0,0,0.0,0.0,0,0,0,0,147,625,wcap2,1.6446655988693237,75177.0,R,none,1
-4.506362553349647,2.374245634578941,11.509885180854665,0.11052734375,-4.640392477030722,2.2668830375007407,10.075268210974103,0.09564208984375,2.726184800754953,2.4325534608704906,-0.019979555916859137,-0.04395967575442903,0.02988856911990312,5.94386050437905,-0.03159647622145712,0.20157256814336985,-4.534729470206669,3.12732509624924,0.7198824679764071,2.7557462552974648,0.11052734375,0.3860626816749573,0.8967999815940857,48,48,0.8894726634025574,48,0.0,0,0.0,0.0,0,0,0,0,148,625,wcap2,1.676862120628357,75802.0,R,none,1
-4.799856409722538,2.4897112848701335,11.309283636362563,0.0997265625,-4.649094303683523,2.262451126626077,9.702182110979509,0.0917578125,2.704452146281338,2.436822256745643,-0.022589302655376998,-0.04405946142681642,0.029360124463530028,5.949931736093966,-0.03282082973048091,0.2012034702235203,-4.546175649649187,3.071048321461606,0.7262899513602368,2.763216461343752,0.0997265625,0.3545513153076172,0.9013000130653381,54,54,0.9002734422683716,54,0.0,0,0.0,0.0,0,0,0,0,149,625,wcap2,1.4151701927185059,76427.0,R,none,1
-4.442026549155781,2.43780717747898,11.318124118339705,0.12001953125,-4.606149987718641,2.255030452771655,9.742670965943862,0.09086425781250002,2.6715210836808434,2.4377764197609095,-0.024135160514218882,-0.04367751009794377,0.029349515133641816,5.955693303242773,-0.032405787131283434,0.1999150906084805,-4.506634348686503,3.070870776320451,0.7648177656229258,2.773116303924394,0.12001953125,0.32688048481941223,0.9070000052452087,45,45,0.8799804449081421,45,0.0,0,0.0,0.0,0,0,0,0,150,625,wcap2,1.5176929235458374,77052.0,R,none,1
-4.655205113466837,2.471454168909686,11.162371505746338,0.11037109375,-4.618827355588892,2.2503397764625706,9.367253445831993,0.09084716796875,2.646500578176325,2.4409742896250863,-0.0234457582717992,-0.043809598419198535,0.028703718251937398,5.959797673438621,-0.034393891738727686,0.20058835011891596,-4.522153291894424,3.006985623926863,0.7491679566163154,2.7777043504073147,0.11037109375,0.3530166745185852,0.8974000215530396,49,49,0.8896288871765137,49,0.0,0,0.0,0.0,0,0,0,0,151,625,wcap2,1.7145757675170898,77677.0,R,none,1
-4.648011049690791,2.433251018194077,12.064339425721322,0.11962890625,-4.587389004418473,2.2476826878440552,9.407719220148271,0.091435546875,2.620574872822891,2.443299894635526,-0.011797302224542306,-0.043489979693189774,0.02872165002910907,5.965196371768715,-0.03392056392505765,0.2029993038494774,-4.488938921161651,3.013591086170619,0.7848390872307731,2.7839635469420045,0.11962890625,0.30442389845848083,0.9057000279426575,52,52,0.88037109375,52,0.0,0,0.0,0.0,0,0,0,0,152,625,wcap2,1.4748034477233887,78302.0,R,none,1
-4.45225364258702,2.474774405977173,11.497984533189827,0.11759765625,-4.552559675254461,2.2375942286481423,9.167971876130649,0.0908251953125,2.5674574104205954,2.4476601305275056,-0.008289608868626341,-0.04312298392080091,0.028313632508929286,5.968467747787417,-0.03287772109964862,0.2058278776284533,-4.450301834453975,2.979505344053904,0.7210545773039954,2.790369253951796,0.11759765625,0.32765448093414307,0.906499981880188,49,49,0.8824023604393005,49,0.0,0,0.0,0.0,0,0,0,0,153,625,wcap2,1.6988588571548462,78927.0,R,none,1
-4.710357026821464,2.4792449558886616,11.941031007585831,0.1098828125,-4.627049699723181,2.2544902127749307,9.425424703938535,0.0904541015625,2.643439928102646,2.4448044134336944,-0.005518222038388625,-0.04378901281702776,0.028679857876282158,5.968123887689041,-0.03608825774805155,0.20694595847077116,-4.521738913861726,3.020612668911296,0.7179315886217426,2.796932095656428,0.1098828125,0.3216838538646698,0.9052000045776367,52,52,0.8901171684265137,52,0.0,0,0.0,0.0,0,0,0,0,154,625,wcap2,1.485023021697998,79552.0,R,none,1
-4.488540034692309,2.439750402547687,11.59182540142737,0.12275390625,-4.637985361189342,2.2596443789595244,9.55106899307059,0.08670166015625,2.65428555153474,2.447530273317641,0.004176894510993017,-0.04383992379256171,0.028797826590785454,5.971473203684414,-0.036985389936016876,0.2113001292876049,-4.5278512549826155,3.0398270169011328,0.721614371061456,2.8059928781382233,0.12275390625,0.307412713766098,0.9107999801635742,54,54,0.877246081829071,54,0.0,0,0.0,0.0,0,0,0,0,155,625,wcap2,1.5863171815872192,80177.0,R,none,1
-4.694272632429249,2.477972519412478,11.997410867373866,0.11048828125,-4.587160620824596,2.253505446098864,9.501560391064833,0.0888134765625,2.6105470877074892,2.4493316203477495,0.018408087542000077,-0.04335558874013132,0.028743874339693887,5.974883639430243,-0.036155137943569574,0.20886690423884352,-4.477406780016217,3.0263136076913097,0.7183141588346365,2.814097156183994,0.11048828125,0.35841861367225647,0.8963000178337097,57,57,0.8895117044448853,57,0.0,0,0.0,0.0,0,0,0,0,156,625,wcap2,1.7920808792114258,80802.0,R,none,1
-4.610065395189166,2.4040107173887915,11.385789300998447,0.1107421875,-4.581841050697966,2.246836892060182,9.108698814393085,0.08411865234375,2.58134543291392,2.4517157575891435,0.015214829019592018,-0.043339400196548576,0.02823730348241973,5.975648871855055,-0.035967733923753256,0.20699920230144989,-4.475561057014721,2.970595711477831,0.7152389688463128,2.829025126429958,0.1107421875,0.34080010652542114,0.8980000019073486,53,53,0.8892577886581421,53,0.0,0,0.0,0.0,0,0,0,0,157,625,wcap2,1.5361850261688232,81427.0,R,none,1
-4.75393474307308,2.4489476376291703,11.097939934721936,0.1039453125,-4.61289360882084,2.2541199361606785,9.27770678533997,0.08382324218750001,2.629786932028502,2.447721204810856,0.0035485497576613657,-0.043684773901566484,0.028591968168662784,5.978353072411389,-0.03814410464139655,0.20842908387835077,-4.513116754345446,3.0053386769409802,0.7543015924317868,2.833928817278989,0.1039453125,0.3361147940158844,0.9071999788284302,55,55,0.8960546851158142,55,0.0,0,0.0,0.0,0,0,0,0,158,625,wcap2,1.7120463848114014,82052.0,R,none,1
-4.903182048456058,2.429860324458881,11.546306918661152,0.10611328125,-4.69738746815229,2.2654043807020368,9.103294698290851,0.0828759765625,2.6770996700499374,2.44917274867898,0.005784589375060274,-0.044461129761846976,0.028250827498574778,5.980308841743945,-0.039748418578965355,0.20855740323009758,-4.594249263828237,2.9728166665605618,0.8446614408888313,2.8427608320125732,0.10611328125,0.3074423372745514,0.9049999713897705,52,52,0.8938867449760437,52,0.0,0,0.0,0.0,0,0,0,0,159,625,wcap2,1.6450159549713135,82677.0,R,none,1
-4.624353317198703,2.451095694527624,11.772512099906756,0.11080078125,-4.68140345397633,2.2685394417893714,9.308618647268553,0.08752929687500001,2.68293365059608,2.459150605866338,0.004186942491612111,-0.044336500633372,0.028552112656890224,5.98438399274644,-0.03924937579897232,0.21039825049121028,-4.580983485834309,3.0068087374621824,0.8229941244008576,2.848783082164076,0.11080078125,0.3154633045196533,0.9043999910354614,57,57,0.8891991972923279,57,0.0,0,0.0,0.0,0,0,0,0,160,625,wcap2,1.6414779424667358,83302.0,R,none,1
-4.756360491324619,2.454778934638849,11.91444453742926,0.11794921875,-4.725063910455626,2.2780811654849575,9.331658522426597,0.0859912109375,2.718793696103595,2.465422115645178,0.005437984788528019,-0.04475541209542772,0.028549459243125564,5.9837592878318215,-0.04071762399136787,0.2095165854578518,-4.625364107559206,3.0057529758642243,0.7790670512798052,2.8587031580773963,0.11794921875,0.3650038540363312,0.8952999711036682,56,56,0.8820507526397705,56,0.0,0,0.0,0.0,0,0,0,0,161,625,wcap2,2.0161631107330322,83927.0,R,none,1
-4.550031924576344,2.440092224212321,11.355880742550603,0.11439453125,-4.705993830134406,2.275934274127245,9.413420450878164,0.085712890625,2.7128121031431123,2.4692908491938663,-0.0022261321898709063,-0.04463682488818214,0.0286264262908424,5.988908923326756,-0.04232148565002717,0.2089101233035263,-4.614820155194046,3.0133318561718325,0.8286220276196694,2.866337663703648,0.11439453125,0.3303391933441162,0.910099983215332,48,48,0.8856054544448853,48,0.0,0,0.0,0.0,0,0,0,0,162,625,wcap2,1.5908058881759644,84552.0,R,none,1
-4.790158392389471,2.42215605115569,11.544291190639129,0.11005859375,-4.715722073981031,2.2823502667107554,9.732515231380487,0.0907275390625,2.7577534571713045,2.4664274130995394,-0.015058130316189428,-0.04483149399393259,0.02913140482363179,5.9901522009749275,-0.04395759258768521,0.20995274174917333,-4.636397739359869,3.065782783065948,0.8477278484793316,2.873737113306697,0.11005859375,0.35150739550590515,0.899399995803833,51,51,0.889941394329071,51,0.0,0,0.0,0.0,0,0,0,0,163,625,wcap2,1.7159367799758911,85177.0,R,none,1
-4.613055443429152,2.5084836746886605,13.360099728980662,0.1269140625,-4.692085939022247,2.2825451130968957,9.962925404258542,0.09446044921875,2.754261435610872,2.4714813614743036,-0.015730603762657204,-0.04460080347806798,0.029421936294989102,5.993432758597785,-0.045155085443984715,0.20958960066827384,-4.613963800556104,3.096574403725982,0.7975330150017994,2.8811711703057865,0.1269140625,0.30668026208877563,0.9085000157356262,50,50,0.8730859160423279,50,0.0,0,0.0,0.0,0,0,0,0,164,625,wcap2,1.6176981925964355,85802.0,R,none,1
-4.914740010545396,2.4652552251395585,12.937327345654335,0.11087890625,-4.703349138884772,2.287383172630128,10.06978114371478,0.088984375,2.7704425241915542,2.47234842733404,-0.010669173094123607,-0.0446877263454307,0.029574674090085677,5.993020667538522,-0.04572331256233156,0.21149129687877807,-4.623436216006946,3.115289598406927,0.7973996085997257,2.888768401621577,0.11087890625,0.35272014141082764,0.9025999903678894,57,57,0.8891211152076721,57,0.0,0,0.0,0.0,0,0,0,0,165,625,wcap2,1.6063690185546875,86427.0,R,none,1
-4.770784953608899,2.493406627014434,12.759294414678802,0.10806640625,-4.726203984802534,2.287471352221717,9.75771991260312,0.0859814453125,2.7601758105818224,2.474598469644769,-0.0022490929915422097,-0.04490850822983722,0.029055779765584714,5.995850405743521,-0.04651670775492676,0.21214489586264124,-4.646846024334597,3.0639796957654024,0.7853359128774446,2.8942036608486355,0.10806640625,0.34454312920570374,0.9003999829292297,53,53,0.8919336199760437,53,0.0,0,0.0,0.0,0,0,0,0,166,625,wcap2,1.6709808111190796,87052.0,R,none,1
-4.789522069568722,2.500497508914197,12.3777805180227,0.10228515625,-4.67011035923217,2.277973158104142,9.751753823969675,0.08717285156249999,2.710518325805314,2.4725230261891396,0.0061203570485029515,-0.04441580659399045,0.028927097464167405,5.998059273988406,-0.045026864521205426,0.2115012460907635,-4.594884903629077,3.0485414643784954,0.7853342550587801,2.9037562691225953,0.10228515625,0.3082996904850006,0.9075999855995178,51,51,0.8977148532867432,51,0.0,0,0.0,0.0,0,0,0,0,167,625,wcap2,1.4943698644638062,87677.0,R,none,1
-4.74908373832065,2.5047229172422973,11.270683919545977,0.1046875,-4.708985147762311,2.2864550955372467,9.633146860899215,0.08605712890625,2.7379106595452014,2.4854676777507847,0.004498566612253578,-0.044785416736677346,0.028847882766500996,6.0060485569036475,-0.04544833873165771,0.2123975977812869,-4.633168432094497,3.03844751986036,0.7854676964855143,2.910678049973925,0.1046875,0.3236271142959595,0.9096999764442444,49,49,0.895312488079071,49,0.0,0,0.0,0.0,0,0,0,0,168,625,wcap2,1.6926168203353882,88302.0,R,none,1
-4.827823119840915,2.472316907496423,11.979066649940314,0.10287109375,-4.744995911528362,2.2964471516603586,9.657649802544524,0.08353271484375001,2.7746384116385774,2.492751469536887,0.006279639193507322,-0.04511100628462847,0.029000008964419715,6.008644481849183,-0.04765691274544224,0.21109519487811426,-4.668729686962113,3.050394476084827,0.7854676964855143,2.916402395968626,0.10287109375,0.36505502462387085,0.8996000289916992,51,51,0.8971288800239563,51,0.0,0,0.0,0.0,0,0,0,0,169,625,wcap2,1.4107571840286255,88927.0,R,none,1
-4.613166845495587,2.4340199409416186,12.754169202100538,0.11478515625,-4.7272021393743975,2.301915359778918,10.040475755888838,0.085341796875,2.784825267222883,2.4997385097142986,0.014250546648923218,-0.044858831680011944,0.029567678925513808,6.011695425602794,-0.04809028738178313,0.21159175232520183,-4.64333084689702,3.107635458079122,0.8002477734390014,2.9227746852178678,0.11478515625,0.3403240144252777,0.9071999788284302,55,55,0.8852148652076721,55,0.0,0,0.0,0.0,0,0,0,0,170,625,wcap2,1.60578453540802,89552.0,R,none,1
-4.575356584060416,2.4961521620645186,12.399009592975014,0.1162890625,-4.759822020878085,2.308140850818871,10.086230663932303,0.08597656249999999,2.8133623851885563,2.503541687666782,0.010610114363524365,-0.04514687362079323,0.029629408947310018,6.01396917421652,-0.048814032475929706,0.21089830801610288,-4.67356097812626,3.113277597412117,0.7985451087107887,2.936307091215135,0.1162890625,0.37647321820259094,0.9009000062942505,51,51,0.8837109208106995,51,0.0,0,0.0,0.0,0,0,0,0,171,625,wcap2,1.440137505531311,90177.0,R,none,1
-4.757046692139681,2.402860390510478,12.060100271607839,0.1077734375,-4.744976508564708,2.3059065688453853,10.133596740234342,0.08856689453125001,2.79702351346546,2.503886361654018,0.01629522912481762,-0.04503093601245803,0.029519842471343267,6.013779868162426,-0.048442088584415614,0.21322087593585484,-4.661312639325592,3.1059437994566643,0.7985451087107887,2.9458762703145647,0.1077734375,0.32567811012268066,0.8973000049591064,60,60,0.8922265768051147,60,0.0,0,0.0,0.0,0,0,0,0,172,625,wcap2,1.9475301504135132,90802.0,R,none,1
-4.7055140694011035,2.508374495024566,13.026358311745959,0.1210546875,-4.785498025068868,2.3245973092464407,10.622052337084376,0.09246826171875001,2.8703883191498507,2.5115238115312835,0.0218405194746585,-0.045332201401077826,0.030335504495259645,6.015086444839276,-0.04994920084951446,0.21373000621378463,-4.693680718787496,3.187717540157032,0.8770787180499529,2.9544003480825394,0.1210546875,0.3083687424659729,0.9063000082969666,49,49,0.8789452910423279,49,0.0,0,0.0,0.0,0,0,0,0,173,625,wcap2,1.5736594200134277,91427.0,R,none,1
-4.518054795077945,2.5125371005970947,12.606701121747617,0.1260546875,-4.733400504260854,2.3122515284592535,10.495126074980769,0.093505859375,2.8117770964756414,2.5141077696257694,0.020622264760741693,-0.044825541952988476,0.030086037581419648,6.022320424840019,-0.04967636823654175,0.2117316979095492,-4.64150680095836,3.1583064987680167,0.8753224785728051,2.9653609459598567,0.1260546875,0.33441242575645447,0.9050999879837036,44,44,0.8739452958106995,44,0.0,0,0.0,0.0,0,0,0,0,174,625,wcap2,1.6935182809829712,92052.0,R,none,1
-4.868422262837654,2.4985161928784168,11.485462842775236,0.111640625,-4.722723225508559,2.3067705922265884,10.285498340920894,0.08971435546875,2.7844922345545164,2.517752977592205,0.01894535301468373,-0.0447738284138536,0.029690427862497194,6.02527084503994,-0.051902394039207135,0.21164435071006424,-4.638435404968952,3.1171707568597884,0.8879239441185645,2.9745380181287566,0.111640625,0.3611409664154053,0.8966000080108643,56,56,0.8883593678474426,56,0.0,0,0.0,0.0,0,0,0,0,175,625,wcap2,1.7376261949539185,92677.0,R,none,1
-4.811446186396811,2.503298151079655,13.10326456978425,0.12205078125,-4.722304004598261,2.314237536284598,10.755728083644263,0.09462158203124998,2.8208004265543156,2.518196440995289,0.01669850679900129,-0.04481777911022248,0.03025257874839967,6.026182181486161,-0.05282262328080833,0.21506349194195476,-4.643857847375932,3.179013625922708,0.8801686948050014,2.97742689934216,0.12205078125,0.32242777943611145,0.9035999774932861,51,51,0.8779492378234863,51,0.0,0,0.0,0.0,0,0,0,0,176,625,wcap2,1.5814476013183594,93302.0,R,none,1
-4.489811107599391,2.4301276531132894,12.929976819450223,0.125859375,-4.683270663061386,2.3115185598836074,10.947833315896357,0.09476562499999999,2.807696817666482,2.5223201837491196,0.013101051270782307,-0.04450080295290554,0.030495049810077435,6.0290680179771154,-0.05292998268269002,0.21722317231480961,-4.611494862813168,3.2102771201387177,0.8801686948050014,2.9892601781037875,0.125859375,0.3485490679740906,0.9017999768257141,44,44,0.8741406202316284,44,0.0,0,0.0,0.0,0,0,0,0,177,625,wcap2,1.6218658685684204,93927.0,R,none,1
-4.597164821932831,2.5128772483417836,12.018124509249855,0.114609375,-4.699357209327697,2.3122820200053407,10.763662783746739,0.09320800781250001,2.8024965042204086,2.526878776259683,0.01727285955988406,-0.04463849942770718,0.0302040328490438,6.033494714900794,-0.05596161974593997,0.21939465781774364,-4.6286318254547645,3.1814347379007257,0.8801686948050014,2.9951541111044993,0.114609375,0.341734915971756,0.9060999751091003,49,49,0.8853906393051147,49,0.0,0,0.0,0.0,0,0,0,0,178,625,wcap2,1.7798430919647217,94552.0,R,none,1
-4.600240291334351,2.420143035367242,12.733248449980728,0.1160546875,-4.683370816209728,2.3171085105950326,11.144550239503204,0.09212646484375,2.817565630739413,2.524208327070508,0.027217892062007816,-0.04445647017157252,0.0307265542094677,6.033230027392336,-0.05589369990862906,0.21929372429028166,-4.609917226926061,3.2343088831500095,0.8842077242097872,3.0005406832565886,0.1160546875,0.34143510460853577,0.9003999829292297,55,55,0.8839452862739563,55,0.0,0,0.0,0.0,0,0,0,0,179,625,wcap2,1.6835339069366455,95177.0,R,none,1
-4.631529576849377,2.4722329416528677,13.06736852853087,0.12375,-4.675331243150713,2.3182367217143245,11.13397584286243,0.09447998046874999,2.804400426700308,2.531206262259238,0.03861480894522923,-0.04431656060286977,0.03070659808118465,6.036585924792707,-0.05570253785001114,0.22140474053009312,-4.595394034792446,3.234942679337103,1.0116787200774215,3.0176640403314923,0.12375,0.27011626958847046,0.9150999784469604,45,45,0.8762500286102295,45,0.0,0,0.0,0.0,0,0,0,0,180,625,wcap2,1.3903589248657227,95802.0,R,none,1
-4.451937513401543,2.4393766781462642,13.380821481647047,0.1315234375,-4.6402757180525995,2.308239013301825,10.963912847976603,0.09367919921875,2.758044889600467,2.5303020158671696,0.03962043706094424,-0.04396052828058074,0.030434776707862293,6.038149098317713,-0.05598989702179097,0.22097687103565727,-4.559210221920529,3.203826730022248,1.007901327216318,3.026781573566501,0.1315234375,0.2988578975200653,0.907800018787384,52,52,0.8684765696525574,52,0.0,0,0.0,0.0,0,0,0,0,181,625,wcap2,1.5166943073272705,96427.0,R,none,1
-4.722441961969345,2.490697866438317,12.463062217716995,0.117265625,-4.667625818665511,2.3088084642145974,10.766793246957352,0.0920556640625,2.7567883030295475,2.530643045048836,0.04316517635058382,-0.044141887021702166,0.0301495438949547,6.040129858248337,-0.05957626096671447,0.22302377614265242,-4.581374578466075,3.1812215452911925,0.9892636844463127,3.0338982047349052,0.117265625,0.3186209499835968,0.9097999930381775,51,51,0.8827343583106995,51,0.0,0,0.0,0.0,0,0,0,0,182,625,wcap2,1.5858535766601562,97052.0,R,none,1
-4.482617185176455,2.4223000987072165,12.21700455779967,0.12064453125,-4.633976908703331,2.30638725321453,10.793951206730268,0.0933740234375,2.729914855533284,2.54318548094701,0.04632182531016984,-0.04381706017280443,0.03016141936289149,6.047728932310322,-0.05804541894234717,0.22220818050901028,-4.546569184810006,3.180759985281764,0.9944111153682398,3.0412382629436756,0.12064453125,0.32249584794044495,0.9041000008583069,46,46,0.8793554902076721,46,0.0,0,0.0,0.0,0,0,0,0,183,625,wcap2,1.7577180862426758,97677.0,R,none,1
-4.568505209059692,2.496522300736787,11.149991487606764,0.1162109375,-4.629813520857611,2.299757250850725,10.467436494778575,0.0927490234375,2.71298974365625,2.5425806370277955,0.03331303215643854,-0.04386415438959923,0.02979997496923535,6.048146578250683,-0.05678255654638633,0.22284777501588607,-4.550130550933364,3.1430227059126343,0.9828418707317472,3.051774516776728,0.1162109375,0.38470250368118286,0.895799994468689,42,42,0.8837890625,42,0.0,0,0.0,0.0,0,0,0,0,184,625,wcap2,1.7096437215805054,98302.0,R,none,1
-4.701792401708718,2.4208980392562296,13.460694334158584,0.12921875,-4.6516835843784445,2.3072099070606864,10.671778522953705,0.0969189453125,2.7498746729230623,2.5450720348886766,0.028270847427240023,-0.044043229543320794,0.030174971660541342,6.051172839248903,-0.05879220264963805,0.22344195007624487,-4.570484263940825,3.182768150706121,0.9798109405958253,3.056926974109845,0.12921875,0.33288389444351196,0.9028000235557556,57,57,0.8707812428474426,57,0.0,0,0.0,0.0,0,0,0,0,185,625,wcap2,1.6923424005508423,98927.0,R,none,1
-4.614978353736509,2.450929574419389,13.891845643884462,0.12625,-4.631267236333357,2.306188748904986,10.801918991057414,0.10058837890625,2.7445702452597227,2.5461519257112273,0.027784374604994447,-0.043811983169737265,0.030419515140720308,6.052609704273661,-0.05919437935663154,0.22302934122076237,-4.547198068139327,3.20529016018,1.000538981647939,3.064514833811901,0.12625,0.289698988199234,0.8960999846458435,58,58,0.8737499713897705,58,0.0,0,0.0,0.0,0,0,0,0,186,625,wcap2,1.5243691205978394,99552.0,R,none,1
-4.659331136521581,2.5287336811094168,13.013095544003615,0.12234375,-4.58422629647939,2.3047855605277627,11.054582263089369,0.10344482421875001,2.73295326776862,2.545695921607056,0.033387290641596234,-0.04337842518833077,0.030840032781271752,6.055610217903189,-0.058007387730758635,0.22316971027023932,-4.501598345587419,3.2464725144599713,0.9971785599012564,3.078478149768556,0.12234375,0.3391082286834717,0.9061999917030334,47,47,0.8776562213897705,47,0.0,0,0.0,0.0,0,0,0,0,187,625,wcap2,1.6445331573486328,100177.0,R,none,1
-4.679446788877447,2.556643578317437,14.047049327375419,0.12376953125,-4.604423307027775,2.3132189423112095,11.362861531841062,0.0990087890625,2.7613572358953604,2.554084184854826,0.035540454317204144,-0.04346556961580316,0.03119264806238614,6.055019788225704,-0.06173071231576614,0.2220374592151067,-4.514248554637749,3.2817982754985295,0.9826693095547436,3.0853204144241055,0.12376953125,0.3272183835506439,0.9083999991416931,55,55,0.8762304782867432,55,0.0,0,0.0,0.0,0,0,0,0,188,625,wcap2,1.5143921375274658,100802.0,R,none,1
-4.832126839389972,2.4962839756856523,12.233282013134188,0.10837890625,-4.651846549549441,2.316959129321153,11.229762963253423,0.09943359375000001,2.7868205107377952,2.5541553977520635,0.02732369845477642,-0.043895361724420046,0.031013348270409895,6.056089233242216,-0.06250173161039128,0.221460350389159,-4.55904653709013,3.2599485228565355,1.0517829911945071,3.096424454553229,0.10837890625,0.3664940297603607,0.8968999981880188,54,54,0.8916211128234863,54,0.0,0,0.0,0.0,0,0,0,0,189,625,wcap2,1.9476648569107056,101427.0,R,none,1
-4.661991576187926,2.554947183487303,14.172052912203899,0.13154296875,-4.636502074217991,2.317058426972834,11.464793993032174,0.10298828125,2.785004800406834,2.5604609765329718,0.02329397706601557,-0.04373454640855275,0.031209581208173992,6.056918593551938,-0.06517320871877018,0.22297672632803353,-4.545244445128856,3.2850682172063053,1.0969424700396457,3.1045973448457023,0.13154296875,0.3163345456123352,0.9027000069618225,52,52,0.868457019329071,52,0.0,0,0.0,0.0,0,0,0,0,190,625,wcap2,1.7446132898330688,102052.0,R,none,1
-4.715316896645658,2.482349840316286,13.15333305155445,0.12046875,-4.7112347279594955,2.3271550234339,11.177322117182632,0.09800292968749999,2.829014235710224,2.563144630753068,0.023491636630342087,-0.04445339439946375,0.030923477381117274,6.057014287551572,-0.06814623628742993,0.22325528649812534,-4.621854687940287,3.2553519194891667,1.1413587336627726,3.1127194862178125,0.12046875,0.39347973465919495,0.8999999761581421,51,51,0.8795312643051147,51,0.0,0,0.0,0.0,0,0,0,0,191,625,wcap2,1.4518299102783203,102677.0,R,none,1
-4.549912686840173,2.504368560264785,12.349648224190467,0.11783203125,-4.65563694933673,2.3116191941648356,10.810156475724714,0.09770751953125001,2.7546886304481975,2.568330883254727,0.0205637851283569,-0.04395073878917391,0.03039173189428332,6.06204132709438,-0.06652676007710397,0.22471389014057414,-4.568744270896988,3.2006448479935212,1.1378864064248098,3.122034166039947,0.11783203125,0.343123197555542,0.9031999707221985,45,45,0.8821679949760437,45,0.0,0,0.0,0.0,0,0,0,0,192,625,wcap2,1.6258372068405151,103302.0,R,none,1
-4.785920094348906,2.4991347177318,13.226352779321354,0.115,-4.620777645161748,2.308778620808875,11.05013420353887,0.09935546875000001,2.749996473933241,2.5649919801579086,0.015470265812981991,-0.0436757780358174,0.030706475652775168,6.062361402761457,-0.06547956697642804,0.2230448642257959,-4.539530699877432,3.2335719909854723,1.1283282301685174,3.1314741190352833,0.115,0.3173753023147583,0.9035999774932861,56,56,0.8849999904632568,56,0.0,0,0.0,0.0,0,0,0,0,193,625,wcap2,1.8319222927093506,103927.0,R,none,1
-4.661499114970145,2.4804111872062027,13.224720374195124,0.1216796875,-4.625292465589848,2.305603748160705,10.90699856167955,0.09764404296874998,2.7348436896724406,2.5634242143982067,0.01754073946204265,-0.043619908203778396,0.030529632918834516,6.061256537837878,-0.0677299167145975,0.2251488612081936,-4.536057866273015,3.21914465131186,1.0809569495262807,3.140744862476905,0.1216796875,0.3005313575267792,0.9072999954223633,50,50,0.8783203363418579,50,0.0,0,0.0,0.0,0,0,0,0,194,625,wcap2,1.6743650436401367,104552.0,R,none,1
-4.7218155791398315,2.567166119595158,13.86276602077149,0.1183984375,-4.639450971469506,2.3103216449320496,10.95488965000613,0.0984326171875,2.7385362007514558,2.5657792342353294,0.0332706680547445,-0.04367669396613652,0.03051112404490161,6.061097866980125,-0.06931281776691321,0.22706510067163543,-4.5434577765656154,3.2251136031264007,1.0670381801124034,3.1505097938948263,0.1183984375,0.374685138463974,0.8971999883651733,51,51,0.8816015720367432,51,0.0,0,0.0,0.0,0,0,0,0,195,625,wcap2,1.6076858043670654,105177.0,R,none,1
-4.460418550648339,2.5028908235156893,11.418671217215943,0.11701171875,-4.589508566667644,2.2928284970353907,10.412920433720242,0.09623779296875,2.65381762999074,2.5727676136663877,0.0304772731604404,-0.04318737930872869,0.029759351252325844,6.064969063029085,-0.06928827560972423,0.2259391882738058,-4.4933089115967,3.14942782073785,1.0509638820000613,3.1663226155367163,0.11701171875,0.33726856112480164,0.901199996471405,47,47,0.8829882740974426,47,0.0,0,0.0,0.0,0,0,0,0,196,625,wcap2,1.6501864194869995,105802.0,R,none,1
-4.660936495903994,2.4701181979927016,13.138882814249222,0.11427734375,-4.559382211408129,2.2856297397535856,10.368048198050131,0.0968505859375,2.6254306871842754,2.569555097299218,0.029117522762548045,-0.042930956504806585,0.029635750336343816,6.06513389895095,-0.06857894367218251,0.22784010038126884,-4.466332188716553,3.142972645895325,1.0551258977102647,3.17433438775064,0.11427734375,0.34588703513145447,0.8977000117301941,55,55,0.8857226371765137,55,0.0,0,0.0,0.0,0,0,0,0,197,625,wcap2,1.6797348260879517,106427.0,R,none,1
-4.430054411545274,2.489700010068322,12.463102362603811,0.1230859375,-4.5760889697872535,2.295522746889779,10.63383521053357,0.10286865234374999,2.6549266007380057,2.569981299073012,0.044516781677378846,-0.04310727093207844,0.029894504440315443,6.065708107788703,-0.07102972938679158,0.22869933180484606,-4.48684423855874,3.171780818418456,1.0362808111237571,3.1848041382403873,0.1230859375,0.3466448187828064,0.8952999711036682,48,48,0.8769140839576721,48,0.0,0,0.0,0.0,0,0,0,0,198,625,wcap2,1.5488795042037964,107052.0,R,none,1
-4.482326936107044,2.48087895097191,12.73934557322356,0.1211328125,-4.607430108633111,2.295672339102971,10.358117457251128,0.10232421875,2.656576075469855,2.57989368596312,0.033641727089532766,-0.043325063733292056,0.029606870654048986,6.066678905792543,-0.07693942290265113,0.2301458464975464,-4.515064150067932,3.1407585564661793,1.023994159457863,3.1949140637873397,0.1211328125,0.3251655697822571,0.9122999906539917,42,42,0.8788672089576721,42,0.0,0,0.0,0.0,0,0,0,0,199,625,wcap2,1.7203600406646729,107677.0,R,none,1
-4.674336527265763,2.475242501534012,13.810129154649236,0.11986328125,-4.602157635343915,2.295952021731524,10.468694460822777,0.10095458984375,2.660536630478055,2.578824406557029,0.03203464905798689,-0.04323598138060107,0.029805756091733797,6.0691671108501914,-0.07793085401324788,0.23192434118200247,-4.5069301798942805,3.165486111790554,1.037913257158897,3.2044852905530132,0.11986328125,0.3812251687049866,0.8889999985694885,54,54,0.8801367282867432,54,0.0,0,0.0,0.0,0,0,0,0,200,625,wcap2,1.7201181650161743,108302.0,R,none,1
-4.602907080999424,2.4333202818915876,13.021556603111701,0.12037109375,-4.6042072711159,2.2967378577914213,10.565623178972006,0.10287353515624999,2.6743200791909794,2.5740459342665263,0.02663877395481946,-0.04328469181986084,0.029974249470707703,6.069730302911398,-0.0795510995897348,0.22944713234797198,-4.5135402162828635,3.1740786537095516,0.9439246922208469,3.2085709814550047,0.12037109375,0.31528863310813904,0.9031999707221985,57,57,0.8796288967132568,57,0.0,0,0.0,0.0,0,0,0,0,201,625,wcap2,1.91590416431427,108927.0,R,none,1
-4.460925356727757,2.447622742533613,12.149783351249773,0.12953125,-4.594462725754142,2.2890197822574168,10.378297205302006,0.0977783203125,2.647435450984625,2.5671767446367157,0.024999367944448868,-0.04318834376191244,0.02964659077305194,6.069415086652552,-0.0796815842599608,0.23121530396229018,-4.503801016720715,3.142728632159011,0.918889226285803,3.2231590097034863,0.12953125,0.3158226013183594,0.9031999707221985,56,56,0.8704687356948853,56,0.0,0,0.0,0.0,0,0,0,0,202,625,wcap2,1.4639171361923218,109552.0,R,none,1
-4.577453518247709,2.409337649224941,11.367001712288719,0.11072265625,-4.6414223269760875,2.3025149207118973,10.569239241886722,0.09979248046875,2.7014754482875936,2.5734673354821793,0.026632176331141868,-0.04364200075347902,0.02992563074020219,6.0686437401135045,-0.08111158721381799,0.23089373338262864,-4.551702649221788,3.1644349761727866,0.9100574679514182,3.230987446918135,0.11072265625,0.36657509207725525,0.9014999866485596,57,57,0.8892773389816284,57,0.0,0,0.0,0.0,0,0,0,0,203,625,wcap2,1.8339319229125977,110177.0,R,none,1
-4.666618878033289,2.4550257943259908,13.737076624573529,0.1203515625,-4.618061489445722,2.302336827738767,10.680453824893725,0.1017138671875,2.696387673034276,2.574361490414117,0.030005704913814057,-0.043408718796489214,0.03017576994973511,6.0679703842603905,-0.08157759397116024,0.23245774960694368,-4.528271762760657,3.1913182613407427,0.9003920453652738,3.242421179192397,0.1203515625,0.3542437255382538,0.892300009727478,54,54,0.8796484470367432,54,0.0,0,0.0,0.0,0,0,0,0,204,625,wcap2,1.9105160236358643,110802.0,R,none,1
-4.420043259371337,2.4471965800955435,12.923151128253105,0.1219921875,-4.596189339685472,2.3023099212517786,11.035465765194616,0.1000146484375,2.6905554691926543,2.5727789907592467,0.03729651354246814,-0.043124542921371925,0.030481510584555206,6.07451498089951,-0.08252046889858321,0.23371870156695293,-4.50010428286008,3.2255009276349593,0.9003920454062264,3.257380594700259,0.1219921875,0.32420164346694946,0.9035999774932861,45,45,0.8780078291893005,45,0.0,0,0.0,0.0,0,0,0,0,205,625,wcap2,1.780646800994873,111427.0,R,none,1
-4.646464771629121,2.4795487793819455,13.027804581142925,0.11580078125,-4.640828971310582,2.303201918304965,10.711008827668106,0.09588134765624999,2.686126753268232,2.5703459830482402,0.048266340167196865,-0.04345112691843361,0.02993756420277351,6.074527019090351,-0.08702802081912524,0.2345873717995451,-4.538066384825337,3.1701657889385233,0.9316560653010648,3.2669222630419132,0.11580078125,0.3797609508037567,0.8932999968528748,51,51,0.8841992020606995,51,0.0,0,0.0,0.0,0,0,0,0,206,625,wcap2,1.5640250444412231,112052.0,R,none,1
-4.482671345898122,2.4760420138912176,12.684163901482568,0.12353515625,-4.5488556345458075,2.289296712398523,10.8120735142485,0.100146484375,2.6220851285894287,2.574703221953491,0.04409108685576539,-0.0426150915533924,0.030030499753954085,6.079770659197666,-0.0876943599783408,0.23360404091022233,-4.45309109055926,3.178743499847242,0.902983530365634,3.2818934332348793,0.12353515625,0.34360381960868835,0.9003000259399414,51,51,0.87646484375,51,0.0,0,0.0,0.0,0,0,0,0,207,625,wcap2,1.7049634456634521,112677.0,R,none,1
-4.585666116207147,2.509365318507527,12.306485196471813,0.1191796875,-4.611466451424126,2.306089541958964,11.042908015308821,0.099443359375,2.7011431477295837,2.576437853119123,0.040467974683795906,-0.04319251572062711,0.03056517217845715,6.077827158468003,-0.09044528455793625,0.23611088240697795,-4.514992083340555,3.2330381813098437,0.9376671654900504,3.294196790461986,0.1191796875,0.3585203289985657,0.8986999988555908,52,52,0.8808203339576721,52,0.0,0,0.0,0.0,0,0,0,0,208,625,wcap2,1.6084011793136597,113302.0,R,none,1
-4.591247859766916,2.542729280558951,14.165432421625537,0.127578125,-4.608543247225024,2.3013231381109174,10.869578406979608,0.09671875000000002,2.692632381634974,2.577497854077107,0.025957950292598064,-0.04313634906564121,0.030500112567251547,6.077018054712876,-0.0937350815179525,0.2367275122765448,-4.512528291064798,3.227730526765199,0.9475510737957364,3.298745760498034,0.127578125,0.30274420976638794,0.9089000225067139,52,52,0.8724218606948853,52,0.0,0,0.0,0.0,0,0,0,0,209,625,wcap2,1.7893962860107422,113927.0,R,none,1
-4.588377827060808,2.4817792735796957,12.814325757997324,0.1204296875,-4.625382062887358,2.307906880345638,11.086671307066636,0.09911621093749999,2.721747408544694,2.5749851173418468,0.029701642460193065,-0.043318927696975304,0.03073516971782536,6.076822412713807,-0.09446658156783087,0.23616205194917567,-4.531962746599382,3.2493178307607704,1.0316584278036784,3.308914338011809,0.1204296875,0.29811808466911316,0.9071999788284302,51,51,0.8795703053474426,51,0.0,0,0.0,0.0,0,0,0,0,210,625,wcap2,1.4408894777297974,114552.0,R,none,1
-4.636939736276144,2.4606389140321014,13.051010182313732,0.1173828125,-4.5807356938847645,2.2936208479862015,10.89155730532448,0.09890136718749999,2.6712746420375724,2.5664559798136457,0.02296597246572329,-0.04290717611825264,0.030460428750666683,6.079218762348469,-0.09364047622773797,0.23349226331281103,-4.488957710508539,3.2152566235806326,1.0422539637297303,3.3202450632767015,0.1173828125,0.3768761456012726,0.8996999859809875,53,53,0.882617175579071,53,0.0,0,0.0,0.0,0,0,0,0,211,625,wcap2,1.6378669738769531,115177.0,R,none,1
-4.571693159901438,2.4496303235826646,11.85750284410042,0.110625,-4.575262823646175,2.2951982226531658,11.165257111379773,0.0997900390625,2.6848790388405233,2.5608285958215937,0.02222724660813259,-0.04283509798623314,0.030791545342814478,6.077802110925697,-0.09457552558509633,0.2337720995631157,-4.482509233739475,3.252830593229706,1.0489096697537543,3.3298628980384084,0.110625,0.35319647192955017,0.8928999900817871,44,44,0.8893749713897705,44,0.0,0,0.0,0.0,0,0,0,0,212,625,wcap2,1.4911150932312012,115802.0,R,none,1
-4.495137469782717,2.4929904528886517,13.747048260332452,0.1346875,-4.570217737180416,2.2921606006645043,11.150637242930227,0.10026611328125,2.675896929477146,2.5610337291948495,0.017069560566664553,-0.04276466938810639,0.030738212151366906,6.0802841919718915,-0.09551878621801733,0.2339347122558655,-4.476237942888523,3.2461169566114814,1.0426594279165338,3.339933244869255,0.1346875,0.3018958270549774,0.9065999984741211,51,51,0.8653125166893005,51,0.0,0,0.0,0.0,0,0,0,0,213,625,wcap2,1.5487842559814453,116427.0,R,none,1
-4.677384174547334,2.500971862829451,13.538039988782327,0.12091796875,-4.585254203317646,2.2961115595196158,11.187435861475755,0.10128662109375,2.6853223542169697,2.565875320468133,0.020930619074499345,-0.042913472605670716,0.030689709413570975,6.081589426269349,-0.09625893101096153,0.23368274164854094,-4.492221163685221,3.2415882358109163,1.0298643423290619,3.346263681710326,0.12091796875,0.2873617708683014,0.90420001745224,53,53,0.8790820240974426,53,0.0,0,0.0,0.0,0,0,0,0,214,625,wcap2,1.5260827541351318,117052.0,R,none,1
-4.389480957862287,2.493878044064797,13.669248343996205,0.1358203125,-4.539676906987364,2.2904692020157773,11.289929951329022,0.1012060546875,2.6622171399143286,2.5662217185902354,0.017810306878225254,-0.04251714234927586,0.03085073243144054,6.083006702866105,-0.09664883070508949,0.23644407709729842,-4.452011859143715,3.2621995721814034,1.0430747483663652,3.3611078339486675,0.1358203125,0.34801459312438965,0.9013000130653381,53,53,0.8641796708106995,53,0.0,0,0.0,0.0,0,0,0,0,215,625,wcap2,1.5227011442184448,117677.0,R,none,1
-4.391506375155453,2.4995520173746586,15.085435343856592,0.14248046875,-4.498830260268715,2.2869832159827843,11.469734533411536,0.10857666015625,2.6452605035055665,2.564877014057294,0.020154712624096217,-0.042172173011345224,0.03103879509112418,6.080591253098797,-0.1005492241308093,0.23692438049399986,-4.420574348435959,3.281045622524103,1.0427062628574806,3.3679281929819633,0.14248046875,0.3026822507381439,0.9103000164031982,50,50,0.8575195074081421,50,0.0,0,0.0,0.0,0,0,0,0,216,625,wcap2,1.4711618423461914,118302.0,R,none,1
-4.365761453684152,2.4641092994413585,14.076848174051284,0.13666015625,-4.496173475468265,2.286372265392962,11.392337918899543,0.10785400390625001,2.636561967187143,2.571287484086371,0.01964868468462947,-0.04205915295896557,0.031046905036732245,6.082268017245335,-0.10212933488423005,0.23908912117300316,-4.410576932328265,3.284223701140335,1.0482557026965367,3.382957025669492,0.13666015625,0.29032284021377563,0.9077000021934509,53,53,0.8633398413658142,53,0.0,0,0.0,0.0,0,0,0,0,217,625,wcap2,1.3664417266845703,118927.0,R,none,1
-4.626751832554736,2.5099771563246183,15.006761578993599,0.12951171875,-4.591879446513655,2.3053284345510536,11.592692691410214,0.10542968750000001,2.7193981661528586,2.5747471950573217,0.020393829939430237,-0.042931037146789953,0.03123573494207701,6.082139730718975,-0.10638906276319177,0.24119788453649818,-4.504150568595882,3.308077668639082,1.044704869618366,3.3924495362651452,0.12951171875,0.3018234670162201,0.9093999862670898,49,49,0.8704882860183716,49,0.0,0,0.0,0.0,0,0,0,0,218,625,wcap2,1.472609043121338,119552.0,R,none,1
-4.603504672131471,2.503949765212761,14.61471248873282,0.123203125,-4.613289296366284,2.313703654351338,12.040431921537696,0.107900390625,2.7676723814713644,2.5663737108767855,0.01917850781058314,-0.04305151117333395,0.03186456143860098,6.080998423776531,-0.10781959273124812,0.2424090119090284,-4.517922194228044,3.374874816374687,1.0444766073014824,3.397062391536281,0.123203125,0.34342482686042786,0.8989999890327454,51,51,0.8767969012260437,51,0.0,0,0.0,0.0,0,0,0,0,219,625,wcap2,1.484864354133606,120177.0,R,none,1
-4.507959221887594,2.5117683732799643,14.067074158630874,0.12779296875,-4.618947292177364,2.3186239736230227,12.255699768467254,0.10623291015624999,2.7967962950584564,2.5714788566316646,0.00774197936929439,-0.043139552972118016,0.03221722749944373,6.082499298038719,-0.10889524075435475,0.24344238932029574,-4.528016651470061,3.4119111582844606,1.0587712327502503,3.407453255816776,0.12779296875,0.30649852752685547,0.9031999707221985,50,50,0.8722070455551147,50,0.0,0,0.0,0.0,0,0,0,0,220,625,wcap2,1.4202550649642944,120802.0,R,none,1
-4.482627604443456,2.522521648638722,14.365451316743066,0.13056640625,-4.579967375549506,2.314980589502802,12.46805093208247,0.1106884765625,2.786958265781443,2.570981229976005,0.0011956340172916092,-0.042809926087761276,0.03249743940413394,6.0865186106456575,-0.10807769518112764,0.2451443918686274,-4.4934328491359015,3.439744330736783,1.0516939267518932,3.419191935569249,0.13056640625,0.30364009737968445,0.9074000120162964,54,54,0.869433581829071,54,0.0,0,0.0,0.0,0,0,0,0,221,625,wcap2,1.6853809356689453,121427.0,R,none,1
-4.7285229138312355,2.480299781005158,13.168612000853393,0.1171875,-4.567074232082014,2.306952085006324,12.098943030523703,0.11033935546875,2.7473096212806634,2.568637889675852,0.0060804115585083056,-0.04265930120953647,0.03206025957105254,6.086053552609035,-0.10725190280354582,0.24640264932402015,-4.477177373822571,3.3999092741685866,1.043055974540592,3.4313286776329206,0.1171875,0.3270837366580963,0.9032999873161316,61,61,0.8828125,61,0.0,0,0.0,0.0,0,0,0,0,222,625,wcap2,1.63701593875885,122052.0,R,none,1
-4.670348218931585,2.467416556170966,13.576675731075657,0.11751953125,-4.630559517853356,2.3149135722322636,11.97207128404659,0.10539062499999999,2.785971181776302,2.56917076129951,0.0036829038293267314,-0.04325744369958053,0.031883283381837144,6.0864602258027505,-0.10868461683450732,0.24699223557997363,-4.539882495709055,3.386051363563817,1.043055974540592,3.440897032992838,0.11751953125,0.3739520013332367,0.8914999961853027,55,55,0.8824804425239563,55,0.0,0,0.0,0.0,0,0,0,0,223,625,wcap2,1.5765223503112793,122677.0,R,none,1
-4.671761035412188,2.5038701669655374,14.327961175476798,0.12328125,-4.607634303275654,2.3137881464486894,12.116364695289029,0.10430419921875,2.7760399900520842,2.5707112024991443,0.006864394095232305,-0.043033920078573214,0.03202402086649983,6.088067154182267,-0.10787184363114648,0.24682327217571953,-4.516172451872581,3.39885634891427,1.043055974540592,3.4566016842798666,0.12328125,0.3180915415287018,0.9074000120162964,49,49,0.8767187595367432,49,0.0,0,0.0,0.0,0,0,0,0,224,625,wcap2,1.5290875434875488,123302.0,R,none,1
-4.51301006401681,2.495883580948416,13.553079641473976,0.1259765625,-4.589503180873291,2.3115393575348926,12.22263001720944,0.10714111328125,2.7559605681079016,2.5727667002278394,0.014486933097082062,-0.04280522674284331,0.03200555851882496,6.08774759616871,-0.10784790424630046,0.24661862084132413,-4.492721667590542,3.396532024505852,1.048997440896943,3.4689760156972484,0.1259765625,0.36624738574028015,0.8963000178337097,52,52,0.8740234375,52,0.0,0,0.0,0.0,0,0,0,0,225,625,wcap2,1.8313655853271484,123927.0,R,none,1
-4.3467334616420565,2.4569420327062614,14.103462872327931,0.13396484375,-4.5945892258931496,2.3134385332072878,12.151081246250346,0.10724853515625,2.7579607400567316,2.581473251608979,0.012563855262576449,-0.042820004630275486,0.03201817701986942,6.090415270138476,-0.10789909108716529,0.24608531173406428,-4.494286668883747,3.3924295362083408,1.0481540340836526,3.475729197089827,0.13396484375,0.308246374130249,0.9085000157356262,54,54,0.8660351634025574,54,0.0,0,0.0,0.0,0,0,0,0,226,625,wcap2,1.6169250011444092,124552.0,R,none,1
-4.4509116333796666,2.4690333826914346,14.575447503919161,0.13177734375,-4.623622411010169,2.319063888912554,12.317402805751065,0.10866210937500001,2.7813956997505227,2.5724029188055346,0.024258702302161553,-0.04296890176944806,0.03219753156188318,6.0904155533171505,-0.11027442898135632,0.24755743037531766,-4.511914703905725,3.4114036546405577,1.0354109312906719,3.488169175443275,0.13177734375,0.3071071207523346,0.9043999910354614,51,51,0.8682226538658142,51,0.0,0,0.0,0.0,0,0,0,0,227,625,wcap2,1.2812697887420654,125177.0,R,none,1
-4.5006460478820465,2.500973067353287,14.122380602266757,0.12794921875,-4.6140426818761195,2.3145335182021616,12.207997695481186,0.10795654296875001,2.7588685607737187,2.570552098612082,0.027644747495473673,-0.04284744062370743,0.0319961603017825,6.089619080971958,-0.11112333222292364,0.24845512073314588,-4.500321393152647,3.391819136296359,1.0187263230513972,3.506510805929774,0.12794921875,0.37946850061416626,0.9034000039100647,50,50,0.8720507621765137,50,0.0,0,0.0,0.0,0,0,0,0,228,625,wcap2,1.676859974861145,125802.0,R,none,1
-4.657608441736009,2.5258750430134898,13.770290371372026,0.12072265625,-4.611094102946286,2.3086560962484297,11.881375832740446,0.10430419921875002,2.7352108426235,2.5718393880533914,0.02284274006814417,-0.04287599101080422,0.03157189951113383,6.093123862464024,-0.10881771079497411,0.24795949957906563,-4.500940410906406,3.3489792187479623,0.9311979234607168,3.517681955882691,0.12072265625,0.3735763728618622,0.8992000222206116,46,46,0.8792773485183716,46,0.0,0,0.0,0.0,0,0,0,0,229,625,wcap2,1.403021216392517,126427.0,R,none,1
-4.359169410671899,2.486487435144362,14.196580116834953,0.1379296875,-4.527562558261195,2.2979219402289255,12.008689622769369,0.107333984375,2.6873563430288674,2.573795464546379,0.019293435810220978,-0.042117982598414455,0.031805789295268644,6.093597201492298,-0.10676718011658522,0.24857965930075912,-4.421241157097777,3.374336218275137,0.9530851184216669,3.5271873817742234,0.1379296875,0.31776776909828186,0.9009000062942505,53,53,0.8620703220367432,53,0.0,0,0.0,0.0,0,0,0,0,230,625,wcap2,1.7454129457473755,127052.0,R,none,1
-4.453820311977636,2.487079637555362,13.881539662313536,0.13455078125,-4.50999404664874,2.2896978129167285,11.633476961805547,0.10591552734375002,2.6377642434590167,2.5757133647980925,0.029238466218538726,-0.041905707738169554,0.03127363934055502,6.09555008896351,-0.10545645581718417,0.24745450158247817,-4.398185460603806,3.317844760454601,0.9215129572090088,3.5358590006492547,0.13455078125,0.3366614282131195,0.9039000272750854,44,44,0.8654491901397705,44,0.0,0,0.0,0.0,0,0,0,0,231,625,wcap2,1.4178500175476074,127677.0,R,none,1
-4.3341861330453515,2.429104284332385,12.742996607290715,0.127578125,-4.481848229282829,2.2869688516710363,11.714697058014632,0.10888427734375,2.6289995412310505,2.5740026312371436,0.027224356045342724,-0.0416681142458593,0.03144538461338829,6.095853760304516,-0.10475372036562476,0.24739565801965133,-4.373144167689827,3.337808670654187,0.9286162272727223,3.5448897604456215,0.127578125,0.3657238781452179,0.9014000296592712,48,48,0.8724218606948853,48,0.0,0,0.0,0.0,0,0,0,0,232,625,wcap2,1.647513747215271,128302.0,R,none,1
-4.5666961132789625,2.4753332419282774,14.151687057274465,0.1272265625,-4.531008453275661,2.301347470017432,12.172307362342021,0.10852783203125,2.703392629687276,2.5668824061919047,0.025925141876451806,-0.04215352166216589,0.032019297894088285,6.092735503627112,-0.10637779329903424,0.24686185029661817,-4.424492314206175,3.3929891769461844,0.9892494083958123,3.5473167231257117,0.1272265625,0.3507912755012512,0.8992000222206116,44,44,0.8727734088897705,44,0.0,0,0.0,0.0,0,0,0,0,233,625,wcap2,1.56812584400177,128927.0,R,none,1
-4.480394349804588,2.4924500786456276,15.530262230232445,0.1378125,-4.498661976788565,2.298389123080166,12.23920742270586,0.11071044921875002,2.6887940576879648,2.5702930204390446,0.023505482966203032,-0.0418695494070618,0.0321553068954962,6.092175840783125,-0.10767574454657733,0.24777716299297153,-4.396700769014318,3.4063950397338494,0.9893990816721878,3.5597612262658833,0.1378125,0.3110749423503876,0.9132000207901001,53,53,0.8621875047683716,53,0.0,0,0.0,0.0,0,0,0,0,234,625,wcap2,1.6836940050125122,129552.0,R,none,1
-4.33672671572147,2.4800799269297578,14.973435498496206,0.13869140625,-4.447101694990511,2.2966155778282173,12.565581012477839,0.11445800781250001,2.6747773151350303,2.5689098715679,0.030755925620306,-0.041428965541516025,0.032498229666153414,6.0934833931841625,-0.10520124416798353,0.24775657782053745,-4.349093821512139,3.4439184921545505,0.9759048834320945,3.5654126401233124,0.13869140625,0.31428900361061096,0.9053000211715698,51,51,0.8613085746765137,51,0.0,0,0.0,0.0,0,0,0,0,235,625,wcap2,1.5917468070983887,130177.0,R,none,1
-4.162118120887969,2.4624007306103257,14.54342127349925,0.13923828125,-4.390827949092113,2.288372653239629,12.533632030438097,0.1144677734375,2.63596028786209,2.5731621720373465,0.027526940195542263,-0.040926964115576156,0.032515267305996944,6.094537352426091,-0.10535924586933106,0.2486505575870037,-4.297827895593873,3.4457984537227606,1.0040320347148164,3.584574050052599,0.13923828125,0.3184407949447632,0.9041000008583069,45,45,0.8607617020606995,45,0.0,0,0.0,0.0,0,0,0,0,236,625,wcap2,1.6696958541870117,130802.0,R,none,1
-4.3076128735250006,2.4849480279705958,14.936994153423468,0.13921875,-4.362020994877433,2.2859073178388702,12.747599590726297,0.11441650390625,2.6314738385121843,2.571655152512733,0.022243274724378825,-0.04061460863787663,0.03283385773086953,6.093739530889695,-0.10677555612288415,0.2505083349764976,-4.2672471941920564,3.4793910984870773,1.0533488215292999,3.596222255589666,0.13921875,0.3283234238624573,0.9075000286102295,43,43,0.8607812523841858,43,0.0,0,0.0,0.0,0,0,0,0,237,625,wcap2,1.750901460647583,131427.0,R,none,1
-4.34247142539257,2.4809841766756486,14.198418896623314,0.1363671875,-4.459600115409408,2.300311807450698,12.540785632813593,0.11051513671875,2.6920706889602775,2.5740174271657152,0.02534629537110265,-0.04153584626891491,0.03263729062339001,6.091916283072655,-0.10842829296423588,0.25183517133083505,-4.363269498152231,3.4638943082830447,1.1866579671992068,3.6047346069346498,0.1363671875,0.34289276599884033,0.909500002861023,49,49,0.8636327981948853,49,0.0,0,0.0,0.0,0,0,0,0,238,625,wcap2,1.3750181198120117,132052.0,R,none,1
-4.310646957648829,2.49000084803537,13.67119852269113,0.12345703125,-4.432279094760844,2.2905517334211725,12.18808731023096,0.11088134765625,2.637514919190118,2.578757795594699,0.030354528693918907,-0.04126842396749689,0.03210588122329889,6.091804026136312,-0.10767320507206023,0.25234643939329443,-4.3351202548625,3.4124475060665174,1.1962379469494322,3.6085331202518933,0.12345703125,0.3347344696521759,0.9067000150680542,46,46,0.8765429854393005,46,0.0,0,0.0,0.0,0,0,0,0,239,625,wcap2,1.7643473148345947,132677.0,R,none,1
-4.4430377048501795,2.47281863964869,13.967229873689194,0.1255859375,-4.497264757778648,2.301477839982527,12.23248778975904,0.10510009765624999,2.6899022186863344,2.5755455631637845,0.03135246608051606,-0.04185128527282909,0.03219691747983578,6.0901857232612535,-0.11021718695759773,0.2550850645592154,-4.397371273479178,3.4284888746062494,1.19972620873506,3.6125989681219592,0.1255859375,0.35196882486343384,0.9009000062942505,50,50,0.8744140863418579,50,0.0,0,0.0,0.0,0,0,0,0,240,625,wcap2,1.5469706058502197,133302.0,R,none,1
-4.233352153929302,2.421906437219848,14.030918107656497,0.13947265625,-4.478375463480428,2.299256475791063,12.268655500722337,0.106865234375,2.6851157290217524,2.5751534467636015,0.026311165681784387,-0.04176919778103677,0.03222645400795649,6.089175105595696,-0.11093033294426277,0.2569625504475348,-4.38967555642626,3.432320972448361,1.2014587457076118,3.617350056948949,0.13947265625,0.3303765654563904,0.9047999978065491,47,47,0.8605273365974426,47,0.0,0,0.0,0.0,0,0,0,0,241,625,wcap2,1.3425394296646118,133927.0,R,none,1
-4.559868819631367,2.4480910418621016,14.378677914292668,0.123515625,-4.47830927002883,2.2930410867374897,11.911587083939924,0.10781005859375,2.6563647140177387,2.575449838416471,0.026222873032037818,-0.04170028707834776,0.031851136745003665,6.088927697021456,-0.10993147304165177,0.25483693582255507,-4.381617634927037,3.3865820292763855,1.2008369018742355,3.6251932920674634,0.123515625,0.36323845386505127,0.9031999707221985,56,56,0.8764843940734863,56,0.0,0,0.0,0.0,0,0,0,0,242,625,wcap2,1.5218980312347412,134552.0,R,none,1
-4.306660971928196,2.413842878481991,14.554499674503301,0.12798828125,-4.464336670036909,2.290509732379761,12.037918561771479,0.10520751953125002,2.652438552576038,2.5783512134166,0.015645068133762034,-0.041560882333753914,0.03196924020581494,6.090717607876156,-0.1104947194410488,0.2552093030635763,-4.367900564328524,3.4020126277263367,1.1743877190820662,3.633185653470822,0.12798828125,0.32802557945251465,0.9053999781608582,51,51,0.8720117211341858,51,0.0,0,0.0,0.0,0,0,0,0,243,625,wcap2,1.531139850616455,135177.0,R,none,1
-4.402312103322935,2.4828154508475624,14.503926658757914,0.133125,-4.468173381219583,2.290262301251378,11.855755611711288,0.10404541015625002,2.6420351245011697,2.5796541960191983,0.02361208801288777,-0.04158886973619471,0.03176352751990574,6.089470275749242,-0.11034691323293373,0.25622229183115247,-4.370619726385851,3.3817062096726676,1.1743877190820662,3.645234000133505,0.133125,0.32008787989616394,0.9085999727249146,47,47,0.8668749928474426,47,0.0,0,0.0,0.0,0,0,0,0,244,625,wcap2,1.5280283689498901,135802.0,R,none,1
-4.360820829052935,2.4346178127611244,14.694467594412531,0.1312109375,-4.488846618999306,2.2952839317988194,11.980148855554805,0.10365722656249998,2.675448257672227,2.577004552231367,0.015875517670252953,-0.04183777913339904,0.03198108516498339,6.09021128470368,-0.11164670967496931,0.25706143515725116,-4.397417256826774,3.405188814369094,1.1896965438487137,3.653773937513072,0.1312109375,0.32399216294288635,0.9056000113487244,48,48,0.8687890768051147,48,0.0,0,0.0,0.0,0,0,0,0,245,625,wcap2,1.5055720806121826,136427.0,R,none,1
-4.320117548753399,2.4399362456770413,14.05672748544736,0.1291015625,-4.487629844186615,2.2932687203347784,11.911387210720699,0.10564208984375001,2.6707507542261117,2.5748242984926826,0.013506370947114337,-0.04176453111206626,0.0320006936841313,6.092710814427366,-0.11133991453796625,0.2579845455405811,-4.389607094661988,3.4071328624443775,1.1273251664771924,3.666476018356523,0.1291015625,0.3290221393108368,0.9038000106811523,56,56,0.870898425579071,56,0.0,0,0.0,0.0,0,0,0,0,246,625,wcap2,1.469821810722351,137052.0,R,none,1
-4.516279078033411,2.5072875797467815,14.060728208296728,0.11357421875,-4.5462542910169255,2.2912754968678564,11.346786243369056,0.09716064453125,2.66436088305206,2.5743345405278215,0.011247978967158376,-0.042315356418989,0.031162601882278592,6.093090306747713,-0.11447748955339193,0.2584450896138195,-4.449170008831012,3.3252553290846714,1.1314970293185596,3.679334557359805,0.11357421875,0.34169405698776245,0.8952000141143799,49,49,0.886425793170929,49,0.0,0,0.0,0.0,0,0,0,0,247,625,wcap2,1.5507516860961914,137677.0,R,none,1
-4.730054118016864,2.474525494048871,13.440760116075376,0.114296875,-4.662958055096702,2.310497351392345,11.49402805610955,0.09407470703125001,2.7654542512461635,2.5674314972848338,0.005512262260041268,-0.0433968027287818,0.03135603990332778,6.090002595803007,-0.11787684978451579,0.2611477889935769,-4.563350362672191,3.348040661158247,1.0957619821519406,3.693686303597399,0.114296875,0.3387928009033203,0.9043999910354614,50,50,0.8857031464576721,50,0.0,0,0.0,0.0,0,0,0,0,248,625,wcap2,1.7450286149978638,138302.0,R,none,1
-4.594352024255354,2.5253007379877492,14.231018282865055,0.11947265625,-4.6891455983928285,2.3163152307156447,11.51835750725369,0.09439208984375,2.7886798736456226,2.5652753192663402,0.011361055133304244,-0.04362765058149533,0.03141951538501367,6.091191667595702,-0.11761853890959173,0.2603950172656987,-4.5867396006998575,3.3534520262232834,1.1102187780890143,3.7036500051014336,0.11947265625,0.3506821095943451,0.8952000141143799,51,51,0.8805273175239563,51,0.0,0,0.0,0.0,0,0,0,0,249,625,wcap2,1.4040015935897827,138927.0,R,none,1
-4.600597252954284,2.526799583123186,15.745883635663601,0.1167578125,-4.6964432673437155,2.3123437215963625,11.107118914044714,0.08563720703125,2.7568130834107576,2.567333679081487,0.02278672431386984,-0.04368546616080123,0.030807578919790597,6.092366570372942,-0.1157955620076973,0.25877450619635606,-4.590839125232988,3.2911154639842786,1.119668113171282,3.7087585065045205,0.1167578125,0.3152001202106476,0.90420001745224,56,56,0.8832421898841858,56,0.0,0,0.0,0.0,0,0,0,0,250,625,wcap2,1.7309378385543823,139552.0,R,none,1
-4.429688413558715,2.494263435122045,14.520065363510934,0.12392578125,-4.595920327275261,2.285274797255847,10.619762661626606,0.08126464843749999,2.63220001075782,2.569851038012624,0.02042985020230848,-0.04268262553090331,0.030109048928128816,6.095025290256363,-0.11524125117342919,0.2568697920400146,-4.487556014636195,3.214453404407398,1.1196687329212551,3.723069048366325,0.12392578125,0.318988174200058,0.9056000113487244,42,42,0.8760741949081421,42,0.0,0,0.0,0.0,0,0,0,0,251,625,wcap2,1.6262075901031494,140177.0,R,none,1
-4.51245044347929,2.4979323279419265,13.804138621788786,0.11630859375,-4.60050361682945,2.2881970716548357,10.771629399983272,0.08074462890625,2.6490120145990375,2.574814884005333,0.01201894012539499,-0.04271746316172344,0.030348078721856884,6.093836976985475,-0.1153798508644104,0.25686538291237715,-4.491263304998481,3.2358877317497634,1.055633568066955,3.7385857905125897,0.11630859375,0.3695601224899292,0.8959000110626221,45,45,0.8836914300918579,45,0.0,0,0.0,0.0,0,0,0,0,252,625,wcap2,1.5718342065811157,140802.0,R,none,1
-4.433953044712151,2.5009234901301864,13.282086668808718,0.1090234375,-4.573609557152418,2.2803090565590414,10.560593528515716,0.07752441406249999,2.6098396329381943,2.57805510195107,0.011914658535921304,-0.04248291265546921,0.030006436299141247,6.096336664567791,-0.11541028576437384,0.25292528874550363,-4.4672668992691005,3.194876995340285,1.0862611448061195,3.7523931740922603,0.1090234375,0.35377025604248047,0.9047999978065491,46,46,0.8909765481948853,46,0.0,0,0.0,0.0,0,0,0,0,253,625,wcap2,1.5483317375183105,141427.0,R,none,1
-4.524135605388459,2.4261756640649916,12.61698554444141,0.1024609375,-4.594263648445392,2.2838239389865005,10.464102139936239,0.079287109375,2.6251671785554422,2.5836137929164913,0.00707081281587902,-0.042693623777555895,0.029972088313114754,6.096571970152176,-0.1174249055609107,0.25262473448939127,-4.490866305344971,3.1852596743456365,1.0792259287180794,3.765395292924609,0.1024609375,0.37280088663101196,0.8991000056266785,57,57,0.8975390791893005,57,0.0,0,0.0,0.0,0,0,0,0,254,625,wcap2,1.8113675117492676,142052.0,R,none,1
-4.490228186486269,2.5102990133004552,13.183758608306855,0.11083984375,-4.61056269728063,2.2902535466893936,10.67262989211769,0.08189941406250001,2.6501065169055575,2.5823374767091134,0.012817314508673898,-0.04286187746473087,0.030162584250958913,6.096645631015697,-0.11815013302024453,0.2544853910885028,-4.508827072354457,3.2074788444757205,1.0657370548213114,3.7767184063877557,0.11083984375,0.3575577139854431,0.8988999724388123,47,47,0.88916015625,47,0.0,0,0.0,0.0,0,0,0,0,255,625,wcap2,1.5469253063201904,142677.0,R,none,1
-4.79973051176732,2.503193221711862,13.75895133329842,0.101796875,-4.655871335064563,2.3012079240739127,10.944027850764195,0.08027587890625,2.6981080141552543,2.584069211673899,0.013380683991410618,-0.04321182703410208,0.030486310924599306,6.095943646632293,-0.1192667136027012,0.2559462133887177,-4.545791721081674,3.2450103929742253,1.0603958097620296,3.7907964655353728,0.101796875,0.36690962314605713,0.8970999717712402,50,50,0.8982031345367432,50,0.0,0,0.0,0.0,0,0,0,0,256,625,wcap2,1.5461097955703735,143302.0,R,none,1
-4.771909056290641,2.454476016997472,14.065831471786431,0.100703125,-4.618302329106084,2.303757243454429,11.332268102686774,0.0883154296875,2.707698596947377,2.5877633142067733,0.011835525614599648,-0.04286815231752216,0.031127794956413515,6.0966224083331575,-0.11947862688917667,0.25425244927241025,-4.510798348413019,3.3074032394146875,1.0652652205256388,3.800733425744835,0.100703125,0.35680514574050903,0.9086999893188477,57,57,0.8992968797683716,57,0.0,0,0.0,0.0,0,0,0,0,257,625,wcap2,1.977125883102417,143927.0,R,none,1
-4.35421575805695,2.452463684766308,13.37849941342329,0.1215234375,-4.561538032436121,2.2909132128878245,11.148248002686477,0.09194580078124999,2.641263063388276,2.5968324208676723,0.010187864728065862,-0.042387969708792,0.030675976330489078,6.096549128528869,-0.12062638701405376,0.2545225214376193,-4.462757252810431,3.26923448832739,1.0673908644970913,3.815788121748072,0.1215234375,0.34604114294052124,0.8988000154495239,51,51,0.8784765601158142,51,0.0,0,0.0,0.0,0,0,0,0,258,625,wcap2,1.7436150312423706,144552.0,R,none,1
-4.629656084799057,2.4340090552355274,13.725823684965798,0.107734375,-4.601793873697827,2.300141114946651,11.252211573584821,0.087626953125,2.6700574380275004,2.599914588756603,0.02067712188391775,-0.04268162598921146,0.030755172138864913,6.097572469345277,-0.12457231419859455,0.25499030247709875,-4.496784686797594,3.275695346586977,1.0534194144144546,3.817814713744747,0.107734375,0.3794628977775574,0.8974000215530396,50,50,0.8922656178474426,50,0.0,0,0.0,0.0,0,0,0,0,259,625,wcap2,1.605452537536621,145177.0,R,none,1
-4.414298104996678,2.4643393528759288,12.8128638415246,0.12837890625,-4.571158572046547,2.2968306499421667,11.285807494655657,0.08992675781250001,2.6548956522937885,2.6024054581475777,0.01812992407238856,-0.04241377813849279,0.030870010493816255,6.099203640652622,-0.12534645537583855,0.2568651609191903,-4.470121080238089,3.2837983669078055,1.0487858626206341,3.83660989551699,0.12837890625,0.3015333116054535,0.9021999835968018,49,49,0.8716210722923279,49,0.0,0,0.0,0.0,0,0,0,0,260,625,wcap2,1.6470623016357422,145802.0,R,none,1
-4.60419786553837,2.4554165227721603,13.32195093168384,0.1111328125,-4.575335052849956,2.3023491593891467,11.579296216461687,0.0852001953125,2.6829545707584055,2.602055095365052,0.015801985616454003,-0.04245232331075162,0.03128530574464996,6.100876898269382,-0.1255150083336048,0.2603422785340505,-4.474238116299488,3.3295377863554654,1.0536147288661946,3.847844842602202,0.1111328125,0.3625231087207794,0.8931000232696533,56,56,0.888867199420929,56,0.0,0,0.0,0.0,0,0,0,0,261,625,wcap2,1.7386143207550049,146427.0,R,none,1
-4.305249909006369,2.4639150047953957,14.096072771549235,0.12974609375,-4.510784702787088,2.2902429209430433,11.501667055609646,0.08726806640625,2.6193967235279825,2.6066268927467053,0.019189020655032724,-0.04180035194010692,0.031109820017764127,6.101450077456118,-0.12261912943795324,0.2603473577038647,-4.404555716805169,3.3157384993987375,1.1025251280237196,3.8681701814219167,0.12974609375,0.3082767724990845,0.906499981880188,48,48,0.8702539205551147,48,0.0,0,0.0,0.0,0,0,0,0,262,625,wcap2,1.7561044692993164,147052.0,R,none,1
-4.385610709647973,2.432810127474406,12.731342766151727,0.120703125,-4.52013304519237,2.29246254667352,11.392238166665845,0.08886230468749999,2.6302261405942526,2.6147677812915857,0.010390606015000392,-0.04197140889130659,0.03105988094475445,6.103844150631971,-0.12303571819356876,0.259071522740544,-4.422495005343669,3.3126343983412454,1.0814508422095814,3.8810827546981823,0.120703125,0.32351502776145935,0.9079999923706055,50,50,0.8792968988418579,50,0.0,0,0.0,0.0,0,0,0,0,263,625,wcap2,1.5166261196136475,147677.0,R,none,1
-4.257394554222064,2.481934384634534,14.12584221287128,0.11603515625,-4.477937663744297,2.2765617215932696,10.990573860276282,0.08478515625000001,2.569023978497088,2.612870616526475,0.0008386772001479236,-0.041578705162007,0.030562863153715786,6.105011243919941,-0.12122771393042057,0.25929148867475244,-4.380459290345147,3.263656994598428,1.0547945486203307,3.887090327711693,0.11603515625,0.31916138529777527,0.9025999903678894,45,45,0.8839648365974426,45,0.0,0,0.0,0.0,0,0,0,0,264,625,wcap2,1.7099769115447998,148302.0,R,none,1
-4.332227353693426,2.430876924271188,13.012736481497688,0.12083984375,-4.415083314076781,2.2714525720681054,11.154554465613241,0.08814697265624999,2.5302210126033384,2.620465818743329,0.008809955808141891,-0.04099271048558247,0.03069616379370805,6.107578697912711,-0.12006255881598918,0.26002591800070163,-4.319266122821158,3.2805583177752187,1.0386375115988162,3.890436252150954,0.12083984375,0.34561648964881897,0.9017000198364258,48,48,0.8791601657867432,48,0.0,0,0.0,0.0,0,0,0,0,265,625,wcap2,1.849470615386963,148927.0,R,none,1
-4.120959324231174,2.3789227162417355,14.269885192803313,0.1312109375,-4.37447087608128,2.2661528665975603,11.380051612913846,0.08722412109375001,2.5168477057244805,2.619602954998548,-0.001001845934689203,-0.04056937893817665,0.03103095885505142,6.107897982210651,-0.12067050026496873,0.2621950553898592,-4.276508906866175,3.3195219435789394,1.0482091159187839,3.903185889473579,0.1312109375,0.33084970712661743,0.9068999886512756,45,45,0.8687890768051147,45,0.0,0,0.0,0.0,0,0,0,0,266,625,wcap2,1.6440439224243164,149552.0,R,none,1
-4.342772442282889,2.4852452498914146,14.390631391969,0.115625,-4.341058389841057,2.2538621481495382,11.019565451269441,0.08632080078124998,2.458369533424047,2.6167377233607665,0.0047873260764366736,-0.04025578363957868,0.030457384349251684,6.109822191780598,-0.11859045957215131,0.2608547336671906,-4.242304849978064,3.259066822894148,1.052821151789039,3.916531535869004,0.115625,0.3309783935546875,0.9133999943733215,48,48,0.8843749761581421,48,0.0,0,0.0,0.0,0,0,0,0,267,625,wcap2,1.4975625276565552,150177.0,R,none,1
-4.529444817916844,2.4592197817991,13.28106153806822,0.10498046875,-4.432817081283707,2.2614682729801,11.006675670982972,0.08385009765625001,2.5035544899853464,2.609226007263844,0.0014582524464060809,-0.04089810627901799,0.03037039619524244,6.108323163465268,-0.12219065303448588,0.2623490013035551,-4.311703169127241,3.25255289459352,1.0175283210532218,3.923867674136697,0.10498046875,0.32530084252357483,0.9017999768257141,47,47,0.89501953125,47,0.0,0,0.0,0.0,0,0,0,0,268,625,wcap2,1.6356239318847656,150802.0,R,none,1
-4.545211994228608,2.4245492538664903,13.67911663805038,0.1037109375,-4.496480311326548,2.2724595977406725,11.037586665187844,0.08215087890625,2.5509847495284035,2.6095452951679694,0.003542578667325822,-0.04148786970237738,0.030379857540617106,6.1099013266193785,-0.12332080768886954,0.26348607615602904,-4.373247398380612,3.2576487888209917,0.9808733101307725,3.937052877480149,0.1037109375,0.35249945521354675,0.8967999815940857,55,55,0.896289050579071,55,0.0,0,0.0,0.0,0,0,0,0,269,625,wcap2,1.4537770748138428,151427.0,R,none,1
-4.460134741104191,2.422491800942557,14.522902414775011,0.10908203125,-4.499789673563169,2.276770121569385,11.184906565783319,0.08350830078125,2.56592246758031,2.614718564075482,0.003041154815280378,-0.041447190327734605,0.030688644864093312,6.1103738742124,-0.12452629827428609,0.26253832248690073,-4.370285782840135,3.285981975078203,0.9886584358028658,3.9387744667078692,0.10908203125,0.3324706256389618,0.8988999724388123,50,50,0.890917956829071,50,0.0,0,0.0,0.0,0,0,0,0,270,625,wcap2,1.5367817878723145,152052.0,R,none,1
-4.375293349173156,2.4203035302852958,13.282666440702199,0.10861328125,-4.478339717472446,2.27754286230643,11.316994135701343,0.089111328125,2.555613367587228,2.618338537655762,0.013249584399976094,-0.04120864084681898,0.03083544567702226,6.109947691612639,-0.12519210477359594,0.2622688937394991,-4.346515102496137,3.2953469485948585,0.9886584358028658,3.9433976586242045,0.10861328125,0.32750287652015686,0.8982999920845032,50,50,0.8913867473602295,50,0.0,0,0.0,0.0,0,0,0,0,271,625,wcap2,1.4781919717788696,152677.0,R,none,1
-4.43053373742545,2.4257192294204475,12.539690323942418,0.10556640625,-4.434095509492638,2.2746180519809496,11.40399999836798,0.09135009765625,2.539027934620565,2.6208803401060368,0.013979007671006436,-0.040898806431976416,0.030968905043387604,6.110565184449533,-0.12351354859303683,0.2620334013748884,-4.313097786822814,3.302623691158366,0.9866879014298249,3.951418435145663,0.10556640625,0.33337995409965515,0.8977000117301941,53,53,0.8944336175918579,53,0.0,0,0.0,0.0,0,0,0,0,272,625,wcap2,1.4665733575820923,153302.0,R,none,1
-4.09588970483683,2.430248156201881,15.072867455979878,0.13650390625,-4.401358157069782,2.268208460529503,11.411489492245234,0.09273681640625,2.507239518993873,2.6194257967546752,0.018104304669067515,-0.0405028116970728,0.030957357120994112,6.1111586122209225,-0.12416816869284958,0.26111219679009123,-4.273187572774386,3.301040416317138,0.9861278078298454,3.9636590429270173,0.13650390625,0.3032945394515991,0.9061999917030334,40,40,0.8634960651397705,40,0.0,0,0.0,0.0,0,0,0,0,273,625,wcap2,1.470887303352356,153927.0,R,none,1
-4.22607108534588,2.440377446491521,13.08479792781132,0.12111328125,-4.431927903742415,2.2683311026327613,11.181893972030252,0.08788818359375,2.5121506101000066,2.618170694086814,0.015004686984336324,-0.040759916547685605,0.030701065531521583,6.1133483432699345,-0.12546718480531127,0.2609473026812022,-4.30082384720003,3.2735953950374403,1.0054677895882316,3.969356708230363,0.12111328125,0.34025707840919495,0.909600019454956,43,43,0.8788866996765137,43,0.0,0,0.0,0.0,0,0,0,0,274,625,wcap2,1.5950686931610107,154552.0,R,none,1
-4.5631002828859275,2.4389166639596374,14.364480313173669,0.10923828125,-4.46499829379658,2.2766071606303884,11.482377259615587,0.08574707031249999,2.5589095262114405,2.614252906609715,0.009777731012401612,-0.04113279578323131,0.03099171627633503,6.112189959875284,-0.12507249287795275,0.2637480013595072,-4.338626088246834,3.3110814245166,0.9861278078298454,3.977848148425954,0.10923828125,0.35976162552833557,0.8985000252723694,50,50,0.8907617330551147,50,0.0,0,0.0,0.0,0,0,0,0,275,625,wcap2,1.5731486082077026,155177.0,R,none,1
-4.3222045307485875,2.421339459873511,14.488407937433982,0.120390625,-4.459647456129306,2.280103014725191,11.7863303572289,0.08856689453125,2.5691503529000737,2.610787306235798,0.018932098623032318,-0.04094654720940138,0.031406823938908736,6.110503543917462,-0.12606506748357788,0.26559278970465755,-4.320539766488858,3.35446617118787,0.9861278078298454,3.987019870694544,0.120390625,0.3378250300884247,0.8988000154495239,46,46,0.8796093463897705,46,0.0,0,0.0,0.0,0,0,0,0,276,625,wcap2,1.577246069908142,155802.0,R,none,1
-4.214038514086522,2.427086579584867,14.995181240331418,0.1270703125,-4.423805127369021,2.274329548953004,11.838962657812074,0.09139160156250001,2.54213305739418,2.6149318546633538,0.015509985183241594,-0.04054247700983485,0.031485100703432516,6.114561162442393,-0.12474450983572752,0.26510862146164377,-4.277827141763013,3.361167571619682,0.9861278078298454,3.9933281870029385,0.1270703125,0.381203293800354,0.8996000289916992,42,42,0.8729296922683716,42,0.0,0,0.0,0.0,0,0,0,0,277,625,wcap2,1.456434726715088,156427.0,R,none,1
-4.340862053217439,2.4824080877809847,14.599593679514784,0.12404296875,-4.384363128471708,2.2660822128121225,11.746509668257746,0.09566162109375,2.5002585642954442,2.617188235743119,0.017681795184920985,-0.04021369211179432,0.031216320960237028,6.115918182057516,-0.12491459898650646,0.2684455791989909,-4.244317225388702,3.340016648119991,0.9808064599616246,4.006409482851168,0.12404296875,0.39349016547203064,0.8931000232696533,46,46,0.8759570121765137,46,0.0,0,0.0,0.0,0,0,0,0,278,625,wcap2,1.5756709575653076,157052.0,R,none,1
-4.550184411798176,2.425330931976917,15.613917118321663,0.1153515625,-4.437183899951096,2.279958201537599,11.99812195415751,0.0969873046875,2.557978489933222,2.6194680337826046,0.020762877042736782,-0.04071002616131104,0.031529701665385,6.1183696134030585,-0.1252741357497871,0.2669676809053688,-4.29552013613187,3.371110549728249,0.9807942748655227,4.01155146745479,0.1153515625,0.34182626008987427,0.8978000283241272,48,48,0.8846484422683716,48,0.0,0,0.0,0.0,0,0,0,0,279,625,wcap2,1.5412828922271729,157677.0,R,none,1
-4.427087588887595,2.443909270896358,14.897543704430875,0.1215625,-4.463453736628045,2.2849157894689633,11.997567472959473,0.096142578125,2.5785564847238907,2.620943047807741,0.02134063243294322,-0.040930696568041575,0.03158221271299376,6.119689266350686,-0.12531576201319694,0.2665584146925558,-4.318166756001136,3.3765590785341573,0.9807942748655227,4.018395486281054,0.1215625,0.36405858397483826,0.8942999839782715,49,49,0.8784375190734863,49,0.0,0,0.0,0.0,0,0,0,0,280,625,wcap2,1.457562804222107,158302.0,R,none,1
-4.377802431820233,2.48759637865013,15.477058691317303,0.127578125,-4.4379070228216095,2.284394444272435,12.18820437636654,0.09861572265624999,2.568923654254537,2.6242372216744387,0.025297101093790467,-0.04068904497511801,0.03173601986320906,6.121818159945119,-0.12548660747241228,0.26810759308126286,-4.293583341050831,3.3958821016910155,0.9807942748655227,4.029074641813369,0.127578125,0.3351106345653534,0.9002000093460083,48,48,0.8724218606948853,48,0.0,0,0.0,0.0,0,0,0,0,281,625,wcap2,1.310746192932129,158927.0,R,none,1
-4.414177082856271,2.4501794727028057,15.107904827718635,0.1226953125,-4.462527103301902,2.295709496212816,12.638995387488183,0.0979052734375,2.6150430442907604,2.621046149115979,0.03419289759496176,-0.04084835440862868,0.03227986268750155,6.121715713584815,-0.12730518665106502,0.2701585554715572,-4.311721230005619,3.4561490203563037,0.9631992384568067,4.034646683099931,0.1226953125,0.33645954728126526,0.9013000130653381,49,49,0.8773046731948853,49,0.0,0,0.0,0.0,0,0,0,0,282,625,wcap2,1.5587058067321777,159552.0,R,none,1
-4.098197861973362,2.477342374456569,16.035001114287454,0.14244140625,-4.363883312230618,2.2839379550962837,12.817930216216773,0.0985205078125,2.5610993032727993,2.625496464168317,0.029776815288275468,-0.03993996428370654,0.03254938394524841,6.125420283450183,-0.12684760354983154,0.27124127728024416,-4.218210150199849,3.480936307142276,0.9631992384568067,4.044307347845517,0.14244140625,0.3391953408718109,0.9052000045776367,40,40,0.8575586080551147,40,0.0,0,0.0,0.0,0,0,0,0,283,625,wcap2,1.275875210762024,160177.0,R,none,1
-4.227237126009209,2.4263322446645366,16.169211919846997,0.13607421875,-4.3683421419609765,2.2866704904354265,13.029456027623283,0.09818603515624999,2.5681062771254353,2.6260559879874235,0.034699666715333935,-0.039918668217033104,0.03268678674039068,6.123056076805443,-0.13076313647383359,0.2742354815330782,-4.2199441606527825,3.5031084804861368,1.028721736933175,4.053601557550482,0.13607421875,0.35439997911453247,0.9041000008583069,50,50,0.8639257550239563,50,0.0,0,0.0,0.0,0,0,0,0,284,625,wcap2,1.5351237058639526,160802.0,R,none,1
-4.242305385769786,2.4295961863597992,15.692782773233203,0.12529296875,-4.419032082943828,2.295906630250234,13.172691873495035,0.09651611328125,2.6193409983254234,2.62378601287694,0.02806024362461977,-0.040357492663760215,0.03295914666302942,6.123854601993962,-0.1324171775719151,0.2749527178996756,-4.266550417860534,3.529566051954803,1.092982857355656,4.064976813781624,0.12529296875,0.3113974630832672,0.9032999873161316,49,49,0.874707043170929,49,0.0,0,0.0,0.0,0,0,0,0,285,625,wcap2,1.5506703853607178,161427.0,R,none,1
-4.177744736085029,2.5009023006877915,16.292723134589778,0.1415625,-4.411805687972782,2.299632976047924,13.435831802238873,0.1015380859375,2.627998911579814,2.6275798722618187,0.032733040685396626,-0.04021918863508942,0.03326294693024089,6.1229852495192585,-0.13284173805848695,0.27700434009014996,-4.252807416279823,3.559642256556321,1.0942924319510556,4.067053201414192,0.1415625,0.3731553852558136,0.8946999907493591,47,47,0.8584374785423279,47,0.0,0,0.0,0.0,0,0,0,0,286,625,wcap2,1.3961548805236816,162052.0,R,none,1
-4.263323329714178,2.469612517955359,16.245013788203714,0.124140625,-4.348624125199065,2.2946413224858606,13.672239236594011,0.10697753906250002,2.6048773188784424,2.6303268200587113,0.030174659922505162,-0.039730673182519514,0.03348901453917321,6.12586505207376,-0.13056578487623482,0.2769077745051601,-4.200489009080664,3.579758751122682,1.0942924875638154,4.077427902660957,0.124140625,0.3495926856994629,0.894599974155426,44,44,0.8758593797683716,44,0.0,0,0.0,0.0,0,0,0,0,287,625,wcap2,1.582140564918518,162677.0,R,none,1
-4.344179014677078,2.4495867174555994,16.279303144204945,0.1226171875,-4.3786491379727295,2.296681683677419,13.52694797682531,0.10484375000000001,2.6158923742920797,2.626788872726985,0.032065509120280083,-0.04005603397458637,0.03327119014330551,6.125927444842526,-0.12960588889342034,0.27746828703982224,-4.232858360699449,3.5606052903640024,1.0942924875638154,4.0805694674398225,0.1226171875,0.35621535778045654,0.8948000073432922,47,47,0.8773828148841858,47,0.0,0,0.0,0.0,0,0,0,0,288,625,wcap2,1.515270709991455,163302.0,R,none,1
-4.339417950161411,2.46545843565027,15.823076274694765,0.11951171875,-4.378272377728194,2.291512476221748,13.252233524072105,0.0985400390625,2.5935230691591364,2.6262199179541437,0.031286441566645624,-0.04003741384158031,0.03294354152561705,6.1263400396531615,-0.12974496631417423,0.2781054415519215,-4.231090032438679,3.5324206071635538,1.0921111419204683,4.094805899767148,0.11951171875,0.34999221563339233,0.8978000283241272,41,41,0.8804882764816284,41,0.0,0,0.0,0.0,0,0,0,0,289,625,wcap2,1.4966638088226318,163927.0,R,none,1
-4.533714826084333,2.4984028936647924,16.771770555530807,0.13421875,-4.422223357608972,2.3020389982773075,13.50808278064495,0.10402587890625,2.6438448415387925,2.622473195388144,0.033065512662649746,-0.040437948509755656,0.03324460734657336,6.1236221385650484,-0.12995219929143786,0.2779854866721794,-4.272327160394492,3.5634713257915327,1.0921111419204683,4.101403315812125,0.13421875,0.38840943574905396,0.8985999822616577,49,49,0.8657812476158142,49,0.0,0,0.0,0.0,0,0,0,0,290,625,wcap2,1.7026724815368652,164552.0,R,none,1
-4.404612625049369,2.4431983202772685,16.596095522232428,0.12537109375,-4.38314078941597,2.2995172703458815,13.676612838949222,0.11103759765625001,2.6304681943060637,2.6244290600071154,0.03288242230579401,-0.040027096200377095,0.03353204191476568,6.124302810698352,-0.12917709440225736,0.27816148141305924,-4.229465243938436,3.592321053055889,1.0921111419204683,4.1054999984218385,0.12537109375,0.37348660826683044,0.8950999975204468,47,47,0.8746289014816284,47,0.0,0,0.0,0.0,0,0,0,0,291,625,wcap2,1.6509044170379639,165177.0,R,none,1
-4.187561686776261,2.4768835220058816,17.202301123904302,0.14328125,-4.3431438045546455,2.295376993178009,13.773310811508956,0.11280517578124999,2.605642642831104,2.628180333747565,0.03493256423224718,-0.03963375106686467,0.033615465875158165,6.127188341778785,-0.1313895015127491,0.28112084771197576,-4.191384236269476,3.607607881442807,1.097546119267368,4.109104462003884,0.14328125,0.33330103754997253,0.9013000130653381,45,45,0.8567187786102295,45,0.0,0,0.0,0.0,0,0,0,0,292,625,wcap2,1.2819015979766846,165802.0,R,none,1
-4.532067271635445,2.5061708566751046,16.81505315494518,0.131484375,-4.393526012794016,2.307845299525221,14.165506862905069,0.11548828125,2.664345073613436,2.62918083787309,0.03262401505412989,-0.040079823943290085,0.03398953472194702,6.126982657086944,-0.1355668284976855,0.28625915138045893,-4.241256292641739,3.654497827585505,1.058823577642082,4.113161921396577,0.131484375,0.3772585988044739,0.9052000045776367,51,51,0.8685156106948853,51,0.0,0,0.0,0.0,0,0,0,0,293,625,wcap2,1.575644850730896,166427.0,R,none,1
-4.2020218508953056,2.5081400600724746,17.743106825888606,0.14498046875,-4.324142620830489,2.3057641471051724,14.56672815103989,0.115087890625,2.647749473041705,2.631467581431003,0.037331247602933174,-0.03946096171870992,0.034457384922872564,6.127022530701425,-0.1335270707856398,0.28617509893957455,-4.175821642806149,3.7036857701653347,1.1627529061756237,4.118293855700139,0.14498046875,0.37467411160469055,0.8992999792098999,50,50,0.8550195097923279,50,0.0,0,0.0,0.0,0,0,0,0,294,625,wcap2,1.6329550743103027,167052.0,R,none,1
-4.325234451247766,2.507670107636908,16.56041674302729,0.1308203125,-4.384446074742845,2.3180223674204012,14.748897678933563,0.11423828125,2.7073895865385453,2.630795461504365,0.035042647818370506,-0.04007690247318441,0.034643032354751024,6.125449779405836,-0.135129880735185,0.2882868194484502,-4.240520075874224,3.7233181713516093,1.1462678529033319,4.118243272691333,0.1308203125,0.3364989161491394,0.9014999866485596,52,52,0.8691796660423279,52,0.0,0,0.0,0.0,0,0,0,0,295,625,wcap2,1.493259310722351,167677.0,R,none,1
-4.3712086918214865,2.4871613626252684,16.593810817808468,0.13373046875,-4.361262154649612,2.3153569850843407,14.760332606907248,0.11664306640625,2.687700738845377,2.6374788278351944,0.03569840169827566,-0.03985054082660201,0.034609594973124616,6.125366542333655,-0.13595514979213477,0.28965646436736103,-4.218157353168169,3.7212959883345507,1.068776565234625,4.125912777982936,0.13373046875,0.30223503708839417,0.9016000032424927,47,47,0.8662695288658142,47,0.0,0,0.0,0.0,0,0,0,0,296,625,wcap2,1.5562328100204468,168302.0,R,none,1
-4.5250534298135605,2.494259218139809,16.996494604286006,0.1344140625,-4.394925443282621,2.328774337134154,15.188090391686721,0.12434082031249999,2.7447121332502733,2.6441134080042805,0.03436437204006399,-0.040130710369016054,0.03513559345564102,6.125377028194503,-0.135180908376351,0.28984559337608096,-4.246083066624716,3.772783003529205,1.0635864861721807,4.137679215522722,0.1344140625,0.2937851548194885,0.9093999862670898,51,51,0.8655859231948853,51,0.0,0,0.0,0.0,0,0,0,0,297,625,wcap2,1.4637013673782349,168927.0,R,none,1
-4.6851503443034765,2.4855602810192012,17.643425713699095,0.13029296875,-4.509996910996936,2.343942921645074,15.032758129312949,0.118515625,2.8243515236459302,2.6410741248663556,0.02864277141775884,-0.041263520524748756,0.03499792204423305,6.124935247267064,-0.13831663195509464,0.2899260344828765,-4.3652613837998775,3.759453929968307,1.0216422444584659,4.143564473279752,0.13029296875,0.3401001989841461,0.9000999927520752,61,61,0.8697070479393005,61,0.0,0,0.0,0.0,0,0,0,0,298,625,wcap2,1.6868592500686646,169552.0,R,none,1
-4.38517403093031,2.533374549344696,17.364256249290914,0.13251953125,-4.546303221734677,2.3482130971434065,14.908290580288815,0.11443603515624999,2.843154560721791,2.6460332267039854,0.02491696217005236,-0.04163034692216895,0.034841596564914486,6.124490986780299,-0.14190610959893094,0.29249888040500205,-4.406427754924807,3.747608328042998,1.0216422444584659,4.147478760203291,0.13251953125,0.32901614904403687,0.9027000069618225,50,50,0.867480456829071,50,0.0,0,0.0,0.0,0,0,0,0,299,625,wcap2,1.6974793672561646,170177.0,R,none,1
-4.290969569979365,2.5181580355320845,15.927732734308524,0.1296484375,-4.509572933986663,2.341629359662587,14.801495579644083,0.112421875,2.8099410581446467,2.65132532588868,0.021961674000489248,-0.041314075061689194,0.03472380965249044,6.12557450745929,-0.14048022500239313,0.29308689659322706,-4.37260367299052,3.733955592591563,1.1099351265956416,4.155629420986038,0.1296484375,0.3288334012031555,0.9031000137329102,46,46,0.8703515529632568,46,0.0,0,0.0,0.0,0,0,0,0,300,625,wcap2,1.3796497583389282,170802.0,R,none,1
-4.4092554380072295,2.5190592379457732,16.568979701372047,0.1282421875,-4.619551051463441,2.365801629878038,15.259610710233815,0.1105859375,2.92330778180624,2.651182315089208,0.022527255038133222,-0.04228875586290227,0.035238688926141265,6.124517617457895,-0.14459751890739425,0.29659865507437644,-4.4765651354254565,3.787969286599256,1.1133635435123388,4.168939801928875,0.1282421875,0.32732707262039185,0.9050999879837036,47,47,0.8717578053474426,47,0.0,0,0.0,0.0,0,0,0,0,301,625,wcap2,1.4774421453475952,171427.0,R,none,1
-4.6248357424159465,2.5913777176862363,17.877651115601946,0.12927734375,-4.6192068637266015,2.3655971646359237,15.229307426396593,0.109853515625,2.9133017313975036,2.6509366545188016,0.031811559417217215,-0.042210376777936674,0.03518545954815509,6.124529042082283,-0.14494599687351864,0.2967420966850455,-4.468884631432783,3.7802260553133675,1.1200836744944258,4.172108774945985,0.12927734375,0.3412916958332062,0.9010000228881836,54,54,0.8707226514816284,54,0.0,0,0.0,0.0,0,0,0,0,302,625,wcap2,1.4846609830856323,172052.0,R,none,1
-4.476246084120022,2.5478279232568517,17.060999921270565,0.12751953125,-4.590895891701662,2.3652392115685683,15.442285048959638,0.1111083984375,2.907951369420941,2.6540845641448674,0.03232059437569232,-0.041954078894315135,0.03541245417087676,6.125670360121209,-0.14582165934611113,0.298876971557243,-4.443505699525014,3.803356104164878,1.1200833313483276,4.181702990587264,0.12751953125,0.34771931171417236,0.8991000056266785,50,50,0.8724804520606995,50,0.0,0,0.0,0.0,0,0,0,0,303,625,wcap2,1.445378065109253,172677.0,R,none,1
-4.583270645028718,2.5398705046754504,17.551995141923737,0.121875,-4.641947672398846,2.372243963170288,15.473371275263203,0.10940917968750001,2.9429573169792707,2.656704692360254,0.027879411458349775,-0.04238922741322279,0.035406565132253556,6.126106234560711,-0.14755359487608075,0.3014091281848945,-4.489813297162305,3.8088202733039904,1.2295590782368446,4.184288597783572,0.121875,0.3528972566127777,0.8996000289916992,51,51,0.878125011920929,51,0.0,0,0.0,0.0,0,0,0,0,304,625,wcap2,1.4691072702407837,173302.0,R,none,1
-4.563329437984347,2.551850303091725,17.50624643781324,0.128828125,-4.6411858597737625,2.372913760298821,15.52075733401656,0.10920654296875,2.9472821849589446,2.6575467835529416,0.025890745303602435,-0.0424142187825978,0.03543992617435527,6.125807329864966,-0.14759665384888648,0.30300354292751785,-4.492416417329059,3.8136531283130615,1.2396417184210762,4.1884763019272295,0.128828125,0.3349657654762268,0.9021999835968018,58,58,0.8711718916893005,58,0.0,0,0.0,0.0,0,0,0,0,305,625,wcap2,1.3643913269042969,173927.0,R,none,1
-4.667704745286454,2.530805033939271,17.640477797785262,0.12376953125,-4.676088200875326,2.3760509273069528,15.507094053329716,0.10755126953125001,2.9677722105484907,2.654519472051819,0.023326326555917022,-0.04275491828832438,0.035330013665709065,6.12468855405031,-0.14780381640419363,0.303577093819306,-4.527524091749886,3.8026125946516762,1.2407137145477805,4.196921736270856,0.12376953125,0.3268005847930908,0.9016000032424927,56,56,0.8762304782867432,56,0.0,0,0.0,0.0,0,0,0,0,306,625,wcap2,1.5073201656341553,174552.0,R,none,1
-4.827200435833939,2.5300784371620226,16.96855906753439,0.1083984375,-4.705083747321742,2.380965297452579,15.515334178137943,0.10722900390625,2.989886054485901,2.652411189223868,0.02669850396367565,-0.043036130416756226,0.03531297359733697,6.124273690179137,-0.1462799625424668,0.30249904896853896,-4.55480699299082,3.799782326901449,1.2407137145477805,4.204816008388734,0.1083984375,0.36192670464515686,0.8981000185012817,53,53,0.8916015625,53,0.0,0,0.0,0.0,0,0,0,0,307,625,wcap2,1.697249412536621,175177.0,R,none,1
-4.461138491229632,2.490971447668023,15.942132060629858,0.12615234375,-4.697443204252063,2.37334600103534,15.149442456436157,0.104775390625,2.957561847602244,2.6565168362632767,0.01869255676491826,-0.04304053685237886,0.034829896870085114,6.126992290888171,-0.1480077028964297,0.3021294705209382,-4.556986118968029,3.7490501496641087,1.2415370897774416,4.211921504939028,0.12615234375,0.3777414858341217,0.8966000080108643,50,50,0.8738476634025574,50,0.0,0,0.0,0.0,0,0,0,0,308,625,wcap2,1.6093863248825073,175802.0,R,none,1
-4.519442964255697,2.579375205445044,17.75728918060969,0.13490234375,-4.694906177490456,2.3789611657794314,15.31821185120022,0.1099951171875,2.9677378999582946,2.6609909637026727,0.030727364625661502,-0.04297484010979303,0.03506166648848803,6.129958451839884,-0.14919168625958265,0.30236893251098584,-4.551440271774919,3.768192683187781,1.2613785828265787,4.22142594132468,0.13490234375,0.33186864852905273,0.9038000106811523,57,57,0.8650976419448853,57,0.0,0,0.0,0.0,0,0,0,0,309,625,wcap2,1.8084919452667236,176427.0,R,none,1
-4.668900686457647,2.540221381846666,19.052604344753437,0.13603515625,-4.685815975593947,2.379666615668766,15.416368553210573,0.10828857421875,2.9619235835422857,2.665606643849537,0.035282974336614134,-0.04285186400070618,0.03512617773200124,6.128457418345212,-0.1516660503228195,0.3054146693699979,-4.541317232313287,3.778342065955566,1.240822380460484,4.2245363538382,0.13603515625,0.3162999749183655,0.9020000100135803,62,62,0.863964855670929,62,0.0,0,0.0,0.0,0,0,0,0,310,625,wcap2,1.4707192182540894,177052.0,R,none,1
-4.525107856286448,2.477266965217985,15.484396565421035,0.12248046875,-4.672950465159468,2.38195182133018,15.691745251767406,0.1125634765625,2.9836988079935334,2.666718285521495,0.02327738562313107,-0.04280611315938679,0.035501239675381664,6.128281178559623,-0.15174627985805272,0.30558912524273973,-4.536710845773397,3.8181505150819484,1.240715850038816,4.233463159682967,0.12248046875,0.3427238166332245,0.9002000093460083,60,60,0.8775195479393005,60,0.0,0,0.0,0.0,0,0,0,0,311,625,wcap2,1.764154314994812,177677.0,R,none,1
-4.577611588161451,2.4771656692970643,17.61173453818892,0.13220703125,-4.688386054903322,2.386908872308689,15.83677179656818,0.10856689453125001,3.0040398614207984,2.670630201790875,0.02266390149426345,-0.04288428194536045,0.03570327535530841,6.12724180180993,-0.1534322822932154,0.30803645038537336,-4.54640428759879,3.843527536402106,1.2901476858236025,4.23591174614781,0.13220703125,0.344662070274353,0.9010000228881836,57,57,0.8677929639816284,57,0.0,0,0.0,0.0,0,0,0,0,312,625,wcap2,1.3584223985671997,178302.0,R,none,1
-4.498830059023825,2.5736327020957193,17.187233154755802,0.12435546875,-4.6433731784379555,2.3771258827409047,15.605152572191594,0.1083251953125,2.953092330516921,2.67179769496743,0.025837436912373734,-0.042423049344069874,0.03551424520271877,6.130217493331884,-0.15254158211871982,0.30795414980507413,-4.498265928993511,3.8192241120863706,1.308607590691139,4.241794320035766,0.12435546875,0.32813653349876404,0.8985000252723694,51,51,0.8756445050239563,51,0.0,0,0.0,0.0,0,0,0,0,313,625,wcap2,1.613223910331726,178927.0,R,none,1
-4.5929455490276165,2.4856942081130358,17.618295487476267,0.1245703125,-4.618046972000373,2.378472775478564,15.897164336088379,0.1089794921875,2.953452198824085,2.6734032463671995,0.030277298501417502,-0.04222213409083804,0.03575809189605708,6.1298457101369275,-0.15356971764937044,0.30940534278662923,-4.478712745615503,3.842825128010449,1.3106153310108688,4.250407502918483,0.1245703125,0.38948947191238403,0.8949999809265137,51,51,0.8754296898841858,51,0.0,0,0.0,0.0,0,0,0,0,314,625,wcap2,1.606529712677002,179552.0,R,none,1
-4.3749321987133465,2.5707731192730097,17.80284102625121,0.13642578125,-4.6149786549447995,2.3688180212788907,15.318325070591241,0.1018408203125,2.884666552133275,2.6770516000523594,0.04958066575000439,-0.04201119117611394,0.03500158550711775,6.1336354759256615,-0.15456889916211367,0.3121932737296391,-4.458103396518331,3.771058755705472,1.2912536183158956,4.2622135956774985,0.13642578125,0.38963133096694946,0.8995000123977661,49,49,0.863574206829071,49,0.0,0,0.0,0.0,0,0,0,0,315,625,wcap2,1.4729690551757812,180177.0,R,none,1
-4.306318972801059,2.5165357477882093,16.341912751940722,0.13375,-4.538822340950474,2.3611080133701563,15.519718601624104,0.1037646484375,2.844218302019004,2.6820236933222814,0.048589055459478295,-0.04126646125111959,0.03528745406638454,6.135301581415442,-0.15417723108286738,0.31324672283496363,-4.381423224502332,3.8012220726471675,1.2912120426583567,4.274117022970386,0.13375,0.3087996244430542,0.9021000266075134,48,48,0.8662499785423279,48,0.0,0,0.0,0.0,0,0,0,0,316,625,wcap2,1.7237977981567383,180802.0,R,none,1
-4.342376728759764,2.5125254736793647,18.236572527568416,0.14337890625,-4.5171134359391205,2.36232122851753,15.617674376771701,0.10601318359374999,2.833708174444528,2.6887031614847756,0.05815025077526752,-0.04098864000406878,0.03545648796087871,6.1353610898297966,-0.154787052993197,0.31417270319031637,-4.353573645778921,3.817756039956295,1.2911803851526855,4.279264694136838,0.14337890625,0.34283819794654846,0.9056000113487244,52,52,0.8566210865974426,52,0.0,0,0.0,0.0,0,0,0,0,317,625,wcap2,1.5693309307098389,181427.0,R,none,1
-4.420764429196798,2.513205072611929,16.79637695485735,0.12171875,-4.463252380025332,2.3527780851967806,15.530281893361096,0.10620849609375002,2.795265576398423,2.692104878845817,0.04819426293798742,-0.040657218379289047,0.03527569605434231,6.134961010755909,-0.15479308664798735,0.3148973816008038,-4.319629573391007,3.800772449210219,1.2920976583228718,4.291634526934216,0.12171875,0.36084166169166565,0.906000018119812,49,49,0.8782812356948853,49,0.0,0,0.0,0.0,0,0,0,0,318,625,wcap2,1.4381630420684814,182052.0,R,none,1
-4.336795811713215,2.4607525175688085,17.57415966433671,0.1251171875,-4.532201042749685,2.3649756975153076,15.76921412311376,0.106943359375,2.8646149486901584,2.6867739113119664,0.04172118983588961,-0.04130854600920051,0.03553689711075801,6.133100813784265,-0.15750260580331088,0.3151536923957821,-4.389059669752885,3.8287148994343014,1.2920976583228718,4.298372185681181,0.1251171875,0.31810539960861206,0.902400016784668,52,52,0.8748828172683716,52,0.0,0,0.0,0.0,0,0,0,0,319,625,wcap2,1.3615251779556274,182677.0,R,none,1
-4.451711131669931,2.5322235535274147,18.832107770857863,0.12865234375,-4.567489288220417,2.3747409006951576,16.187021348754573,0.10189208984374999,2.918860583378595,2.6859595902603735,0.03457417179547721,-0.04162234152260658,0.03595935329376332,6.131189299625942,-0.15914295291062444,0.31683616436660744,-4.422844542622334,3.8742769321849617,1.2889425423197682,4.302084165148715,0.12865234375,0.32228314876556396,0.9016000032424927,57,57,0.8713476657867432,57,0.0,0,0.0,0.0,0,0,0,0,320,625,wcap2,1.564147710800171,183302.0,R,none,1
-4.522685508654154,2.5450528754310358,20.04876818003256,0.13025390625,-4.585242278305667,2.378663412387944,16.356705281123467,0.1020068359375,2.9427847532659057,2.686436141433154,0.028818734733997816,-0.041813893424455226,0.036081725345571525,6.129503662549537,-0.1601032127533108,0.3196514524237748,-4.44342696014639,3.892372797818281,1.2889425423197682,4.30586227412008,0.13025390625,0.3808601498603821,0.8873000144958496,56,56,0.8697460889816284,56,0.0,0,0.0,0.0,0,0,0,0,321,625,wcap2,1.6405086517333984,183927.0,R,none,1
-4.3726470864239255,2.509364857101227,18.5058811661334,0.1409375,-4.528606490263648,2.3609424396180603,15.82618670002278,0.10380371093750002,2.866656639485854,2.6837813873639367,0.023611176339887522,-0.041297611045868585,0.0355793568070762,6.130845320438515,-0.1592355222371407,0.31930342800141337,-4.389672432470316,3.836858261820829,1.297282130014521,4.316686676644576,0.1409375,0.33463138341903687,0.9021999835968018,48,48,0.8590624928474426,48,0.0,0,0.0,0.0,0,0,0,0,322,625,wcap2,1.4856057167053223,184552.0,R,none,1
-4.44313558078831,2.446895201419454,17.885577581956753,0.128515625,-4.514170590817637,2.358876748438881,15.938734717360557,0.10635742187500001,2.8656249086938055,2.6826949261236077,0.015979679508174572,-0.04118463222309716,0.03569509707031611,6.131146351563432,-0.16220090684480964,0.3226750720479403,-4.381064513687721,3.8540926212174735,1.2968911552561941,4.323104853668244,0.128515625,0.3408980965614319,0.9025999903678894,54,54,0.8714843988418579,54,0.0,0,0.0,0.0,0,0,0,0,323,625,wcap2,1.4162870645523071,185177.0,R,none,1
-4.644953761931089,2.5378477648800137,18.999892276146806,0.121171875,-4.608631887916162,2.3785380254116726,16.208869791540383,0.10837890625,2.942850293716507,2.6869250784019196,0.027667766210831352,-0.042006825290851264,0.03585787432389458,6.1295434822905035,-0.166223725983873,0.32508423077493315,-4.469310991606988,3.8754280264361034,1.2968911552561941,4.333449974581785,0.121171875,0.3510670065879822,0.894599974155426,49,49,0.8788281083106995,49,0.0,0,0.0,0.0,0,0,0,0,324,625,wcap2,1.5917659997940063,185802.0,R,none,1
-4.511708061662332,2.514698863715467,18.481770224454568,0.13314453125,-4.634043988152704,2.3879439994916796,16.406765380421433,0.10675781250000001,2.973776057160717,2.6875828631457286,0.04091762440187157,-0.04219651399043417,0.03608143974089989,6.12869613969931,-0.16915139241609722,0.32732213419128414,-4.491669953357442,3.900578826644384,1.2968911552561941,4.341571178595992,0.13314453125,0.3259308338165283,0.8902999758720398,50,50,0.8668554425239563,50,0.0,0,0.0,0.0,0,0,0,0,325,625,wcap2,1.3889204263687134,186427.0,R,none,1
-4.673907222178777,2.5493486196615436,18.091404673747924,0.12689453125,-4.605199835929847,2.3864913629574045,16.624033381418432,0.10763671874999999,2.9755887505773133,2.6833974040172386,0.03635487087573694,-0.04197264206770582,0.03636746238816987,6.128541079302107,-0.16768654689192772,0.329297861193312,-4.467272157933992,3.933644736578292,1.2056147687382168,4.35489758169286,0.12689453125,0.34115317463874817,0.9021000266075134,56,56,0.8731054663658142,56,0.0,0,0.0,0.0,0,0,0,0,326,625,wcap2,1.6682029962539673,187052.0,R,none,1
-4.7796639729245785,2.5384784913202396,18.70640193408126,0.1195703125,-4.655716570047806,2.398111441529775,16.69292974640888,0.10846923828124999,3.007778796722213,2.6899408111200183,0.053218878153783095,-0.04241655781646452,0.03631110932927724,6.130645826727157,-0.16886731717910153,0.32851061657629316,-4.513926686170428,3.9224752311386166,1.247398023179544,4.359598019184766,0.1195703125,0.3663237392902374,0.8964999914169312,54,54,0.8804296851158142,54,0.0,0,0.0,0.0,0,0,0,0,327,625,wcap2,1.6525163650512695,187677.0,R,none,1
-4.469113401404451,2.559974497652033,19.260102504178334,0.13337890625,-4.625322576829952,2.3925463747920808,16.784289833287367,0.10896484375000001,2.9841269260258367,2.6828368442375723,0.05731438526731741,-0.042091477819919995,0.0363517894411352,6.129889359741529,-0.16878892892040312,0.3302289396959834,-4.480547814389015,3.931746113455025,1.2357768638221192,4.369533922567724,0.13337890625,0.3791801929473877,0.8848999738693237,49,49,0.8666210770606995,49,0.0,0,0.0,0.0,0,0,0,0,328,625,wcap2,1.3331667184829712,188302.0,R,none,1
-4.681418454720515,2.581128575879792,18.505433768521605,0.11521484375,-4.710472893999743,2.4005758364168956,16.49294703161905,0.10474365234374998,3.0151108640208735,2.684450912612422,0.06320256975538097,-0.042787749292088124,0.03597873643772266,6.129673516109856,-0.1728924271836877,0.33287822967291425,-4.555975838715825,3.8974617175976,1.306248933914838,4.376546428726293,0.11521484375,0.33751270174980164,0.901199996471405,55,55,0.8847851753234863,55,0.0,0,0.0,0.0,0,0,0,0,329,625,wcap2,1.6805824041366577,188927.0,R,none,1
-4.651643359906022,2.534429791506022,18.587608859167304,0.1210546875,-4.727227287590872,2.40209603382027,16.5035522376487,0.10264892578124998,3.017133040758194,2.6846231187304666,0.06830919620640817,-0.04292425145169812,0.03584502273309338,6.130037358094696,-0.17222320197150112,0.33389497789376577,-4.569289596047092,3.88759595824428,1.3561216350193837,4.3874895733177315,0.1210546875,0.31622180342674255,0.9074000120162964,49,49,0.8789452910423279,49,0.0,0,0.0,0.0,0,0,0,0,330,625,wcap2,1.468338966369629,189552.0,R,none,1
-4.520087359698949,2.488518256774805,18.333816535151982,0.1283984375,-4.6579616061864595,2.391339429840913,16.38729420827781,0.10657958984374999,2.9706956571914858,2.6912968067427663,0.05651180477760981,-0.042379244298080467,0.035822099382754276,6.130480167125569,-0.16943595685530455,0.33380759691872425,-4.510673010670887,3.8837975414515453,1.352141270572985,4.4044627360938176,0.1283984375,0.34040823578834534,0.9043999910354614,55,55,0.8716015815734863,55,0.0,0,0.0,0.0,0,0,0,0,331,625,wcap2,1.7984113693237305,190177.0,R,none,1
-4.668621031700925,2.4945958101076253,17.46975427843803,0.1203125,-4.704287053016827,2.390708647247142,15.949557332017962,0.10416748046875,2.964026025019086,2.687749612248815,0.0637121987543557,-0.042845271364364994,0.0351652183474246,6.129038652324332,-0.17157513877376915,0.3340789577096744,-4.560550985523114,3.816122637796966,1.3006062646550518,4.415110872272979,0.1203125,0.4341828525066376,0.8971999883651733,62,62,0.879687488079071,62,0.0,0,0.0,0.0,0,0,0,0,332,625,wcap2,1.4654308557510376,190802.0,R,none,1
-4.815389363293445,2.550977179586177,16.98642108302749,0.1103515625,-4.719182889156558,2.3887846702708058,15.750734110126565,0.103115234375,2.9518517635294304,2.692668243197001,0.06177219419437122,-0.042987443542558276,0.034810494644730086,6.129310151714715,-0.17023105526342988,0.33487776625545285,-4.573770708853056,3.782012507755952,1.2732591066178038,4.423744918094104,0.1103515625,0.3650591969490051,0.8912000060081482,55,55,0.8896484375,55,0.0,0,0.0,0.0,0,0,0,0,333,625,wcap2,1.6418588161468506,191427.0,R,none,1
-4.828414392138814,2.5225998156330376,17.154555912105693,0.11203125,-4.736549849670738,2.3896571377506817,15.624915816395102,0.103427734375,2.958317091590408,2.694562817553504,0.05758132685886696,-0.0431633938242533,0.03468881371817814,6.129404002305828,-0.16917855682317168,0.33449118616078066,-4.590742172264291,3.7646054008850314,1.2601094579013346,4.435938104025389,0.11203125,0.35467496514320374,0.8978000283241272,58,58,0.8879687786102295,58,0.0,0,0.0,0.0,0,0,0,0,334,625,wcap2,1.3636211156845093,192052.0,R,none,1
-4.719748604464241,2.529240867501597,15.884764032066574,0.104140625,-4.813001801416875,2.397305994012125,15.326775880652468,0.098701171875,2.9922369408360616,2.6965679024984968,0.05827118559190218,-0.043842447157430034,0.03434226584439815,6.1290428288938825,-0.17063695517834276,0.3345601840136682,-4.661761308200556,3.728085200457306,1.2155916694647555,4.442615137512131,0.104140625,0.3748546242713928,0.8938999772071838,59,59,0.8958593606948853,59,0.0,0,0.0,0.0,0,0,0,0,335,625,wcap2,1.698373556137085,192677.0,R,none,1
-4.746581359983757,2.5371728947591157,16.097341110080105,0.11103515625,-4.8796283709328945,2.4076672292082635,15.18599246415316,0.095400390625,3.0310372886418495,2.704935487593868,0.06088871036767868,-0.04449629801037533,0.03408590160483376,6.130497190828196,-0.17113899387419224,0.33431577692801445,-4.729242397549359,3.7014002785159286,1.2155916694647555,4.451707433475605,0.11103515625,0.3644007742404938,0.8968999981880188,50,50,0.888964831829071,50,0.0,0,0.0,0.0,0,0,0,0,336,625,wcap2,1.6765613555908203,193302.0,R,none,1
-4.667481067764319,2.531792058066206,18.19574055737111,0.1146875,-4.813284886150717,2.402859299987408,15.466855159761367,0.09725341796875,2.993148416856536,2.7067632637997474,0.0738211348796916,-0.04384867371980763,0.03434807103436445,6.131361004020864,-0.17024031988810748,0.33587614983757474,-4.662002508335638,3.729116963471851,1.2410320533443269,4.4604527645145655,0.1146875,0.3388250172138214,0.9071999788284302,54,54,0.8853124976158142,54,0.0,0,0.0,0.0,0,0,0,0,337,625,wcap2,1.480859398841858,193927.0,R,none,1
-4.609169382813217,2.4868321826768485,17.015654624326434,0.12279296875,-4.780877509739572,2.4010273110123057,15.648938711664892,0.10136474609375,2.9839522652415256,2.708060885193455,0.07291899779200212,-0.04358230737325483,0.034547742951581216,6.131786074574747,-0.1686867250362411,0.33655571241052945,-4.633162927792023,3.749549859399557,1.2452383428698361,4.471531442032353,0.12279296875,0.3955993056297302,0.8956999778747559,56,56,0.8772070407867432,56,0.0,0,0.0,0.0,0,0,0,0,338,625,wcap2,1.6674888134002686,194552.0,R,none,1
-4.687287961655992,2.550383821855734,16.78281551251116,0.112109375,-4.80974469216533,2.410117214184868,15.747979283895837,0.10104736328125001,3.032798301311317,2.7154373368118656,0.06042934798704579,-0.04397950530575127,0.03477639551618104,6.129790753261429,-0.16962269357871265,0.33641375511931493,-4.674786983411371,3.7706036101525764,1.2531567521411144,4.474813520166672,0.112109375,0.4211435914039612,0.8822000026702881,52,52,0.887890636920929,52,0.0,0,0.0,0.0,0,0,0,0,339,625,wcap2,1.5151721239089966,195177.0,R,none,1
-4.792342149684252,2.5300738007343164,16.606315055936314,0.1089453125,-4.890460944762654,2.4168996064690287,15.395458881510912,0.09322265624999998,3.059769063065855,2.711903337752696,0.06973130693159407,-0.04458539221040288,0.0344048463102185,6.129586726674913,-0.17089911011978984,0.33724062034173313,-4.73812912869444,3.737483657191535,1.249059780005087,4.479175581442703,0.1089453125,0.3394237756729126,0.8934999704360962,54,54,0.8910546898841858,54,0.0,0,0.0,0.0,0,0,0,0,340,625,wcap2,1.6169021129608154,195802.0,R,none,1
-4.809909749799968,2.522469434042835,17.06616154627669,0.11271484375,-4.8822926276762155,2.418747744597368,15.337013240691672,0.09465820312499998,3.0607006859804837,2.719006292409489,0.07063367360488161,-0.04450882199812387,0.03451783698506321,6.128394656659404,-0.17047086205566303,0.3368618960456145,-4.729857195631444,3.748854508162798,1.2489970204563114,4.481929799500204,0.11271484375,0.3395266532897949,0.8931000232696533,54,54,0.8872851729393005,54,0.0,0,0.0,0.0,0,0,0,0,341,625,wcap2,1.4751254320144653,196427.0,R,none,1
-4.839880340220847,2.531983033792895,16.451343444088135,0.109921875,-4.885171640743866,2.423282818557806,15.599298647102573,0.09651123046875,3.083088296931706,2.7195765862116117,0.06963473557414603,-0.04448891559517392,0.03487776061454856,6.127904941073121,-0.17129108176101,0.3371778919323435,-4.728638246976766,3.78515087198209,1.2489970204563114,4.485269070255473,0.109921875,0.3312455713748932,0.900600016117096,56,56,0.8900781273841858,56,0.0,0,0.0,0.0,0,0,0,0,342,625,wcap2,1.5074467658996582,197052.0,R,none,1
-4.723286521412621,2.5258541224964204,17.730205411307473,0.11794921875,-4.910012561919439,2.422263188468116,15.324489677993505,0.09240234375,3.088373660982919,2.7122603678165107,0.06672492540829243,-0.04477239078028572,0.03459238749694528,6.127057181191506,-0.17355577561073005,0.3389733271155527,-4.759941518503537,3.759710449031919,1.2489970204563114,4.491679293646455,0.11794921875,0.3881053626537323,0.890500009059906,56,56,0.8820507526397705,56,0.0,0,0.0,0.0,0,0,0,0,343,625,wcap2,1.5840510129928589,197677.0,R,none,1
-5.007892128665431,2.526528290806768,15.945135407441748,0.0972265625,-4.943118183953868,2.422732590265136,14.991416282656232,0.09294921875,3.0775740765532236,2.712599677324747,0.07945945005484432,-0.045006364236136916,0.03412379382336405,6.128919499674163,-0.17525438769720494,0.3368459485237905,-4.785607859438743,3.705691201806599,1.2489970204563114,4.4961044149267,0.0972265625,0.367799311876297,0.8931000232696533,61,61,0.9027734398841858,61,0.0,0,0.0,0.0,0,0,0,0,344,625,wcap2,1.4979050159454346,198302.0,R,none,1
-4.852368537492819,2.5658245652812317,18.379826781137126,0.1128125,-4.955239184184496,2.4335550074806545,15.423164136777462,0.0937255859375,3.129466177841354,2.720937028922847,0.0717867676699652,-0.04517277255152605,0.034687383957854735,6.127170354806628,-0.17812628148123621,0.33810923699190865,-4.8055262569251305,3.7647626763774076,1.2565633309442417,4.502415713619695,0.1128125,0.35226717591285706,0.886900007724762,55,55,0.8871874809265137,55,0.0,0,0.0,0.0,0,0,0,0,345,625,wcap2,1.2704616785049438,198927.0,R,none,1
-4.880816932367966,2.5458383483320643,18.124390309323722,0.11458984375,-4.983117164120237,2.4442207783442487,15.770768039498526,0.093388671875,3.1746414183476457,2.7251382569893563,0.07443553795276053,-0.045413496948562865,0.03504616803813291,6.125335937450578,-0.17910741810686887,0.3399322308998431,-4.831166674042487,3.8017687004938754,1.2489970204563114,4.510027150803362,0.11458984375,0.35790765285491943,0.8948000073432922,56,56,0.8854101300239563,56,0.0,0,0.0,0.0,0,0,0,0,346,625,wcap2,1.4097621440887451,199552.0,R,none,1
-4.8139520978132015,2.5030837690177914,17.321007922891816,0.11361328125,-4.9575513135991915,2.441446813086195,15.821297645558065,0.09228271484375,3.160053061053387,2.7187548626541114,0.0818546174212375,-0.04513514734769684,0.03518972526139447,6.12648765812136,-0.1770552606973797,0.34033412202953767,-4.800600992590543,3.8160019279130037,1.2425408269940057,4.51559645104004,0.11361328125,0.34001532196998596,0.8999000191688538,64,64,0.8863866925239563,64,0.0,0,0.0,0.0,0,0,0,0,347,625,wcap2,1.6981514692306519,200177.0,R,none,1
-4.921398251221006,2.503468737147476,17.381643785276548,0.1046484375,-4.978706241645626,2.43164027582124,15.050553457454678,0.0895751953125,3.121089858612149,2.7237819449861695,0.06800262739767664,-0.045326205261660084,0.034360540940627696,6.125389213183464,-0.17749685486312955,0.34120035614734284,-4.820614141399602,3.734769608530021,1.247786001009061,4.519796559599358,0.1046484375,0.3717683255672455,0.8966000080108643,61,61,0.8953515887260437,61,0.0,0,0.0,0.0,0,0,0,0,348,625,wcap2,1.8258600234985352,200802.0,R,none,1
-4.829610463147794,2.5284316105798363,17.02448352538807,0.1118359375,-4.949149268836737,2.4331274545242114,15.425488087860309,0.09148681640624999,3.1279318164011984,2.7222839172680584,0.06989347629021005,-0.04509021526316534,0.03477177098691895,6.124342660545983,-0.1789012880809605,0.34384606509208077,-4.797844275552792,3.7799377117887083,1.2565522747305415,4.525392878129162,0.1118359375,0.39803263545036316,0.8852999806404114,54,54,0.8881640434265137,54,0.0,0,0.0,0.0,0,0,0,0,349,625,wcap2,1.4191534519195557,201427.0,R,none,1
-4.889006531453532,2.5220809262266988,15.731188194472818,0.10234375,-5.000052142909886,2.4367384163979118,15.110867458542005,0.0891943359375,3.1412539345412425,2.7221218715846156,0.07431830382354251,-0.045546697601507535,0.03437311039974191,6.123948198249352,-0.18074008589610457,0.34534887536405035,-4.846444125256566,3.7419779607778483,1.3177762843111935,4.533175076241621,0.10234375,0.3766157031059265,0.8930000066757202,61,61,0.897656261920929,61,0.0,0,0.0,0.0,0,0,0,0,350,625,wcap2,1.7499358654022217,202052.0,R,none,1
-4.835664709598606,2.5724757507921687,17.241101191808244,0.1099609375,-4.975584246600642,2.4247754499434193,14.696704171918809,0.089345703125,3.095773769263849,2.7139842689794222,0.06977794440503998,-0.04534141272537975,0.03395625119337924,6.125222241086201,-0.18223643113858998,0.3459482456546998,-4.826911536982314,3.697197085823176,1.3271431773211297,4.538028040606992,0.1099609375,0.34117549657821655,0.8966000080108643,55,55,0.8900390863418579,55,0.0,0,0.0,0.0,0,0,0,0,351,625,wcap2,1.5670204162597656,202677.0,R,none,1
-4.9263240717676835,2.4892918348204924,16.82056488766518,0.1005078125,-5.01478216664954,2.428481249743434,14.569527987734057,0.0884619140625,3.1219042277103513,2.711051183902781,0.0645657687422984,-0.04569032109597184,0.03388731821037422,6.125222952906346,-0.1826714167650789,0.3463995691656542,-4.86308793262893,3.6928216538654945,1.3271431773211297,4.5447858239898915,0.1005078125,0.393474280834198,0.8859000205993652,60,60,0.8994922041893005,60,0.0,0,0.0,0.0,0,0,0,0,352,625,wcap2,1.7841427326202393,203302.0,R,none,1
-4.999224511883671,2.56786148694883,18.17990460569216,0.10693359375,-4.996612794776931,2.4330877945317124,15.010728996657827,0.092744140625,3.13651588456273,2.712292049437409,0.07110828189905308,-0.04545605903643349,0.03442162015590596,6.12441049083599,-0.18366436619486193,0.34744261127099846,-4.840083589279779,3.749192208711362,1.3686980303294165,4.5578373305543955,0.10693359375,0.3959193825721741,0.8819000124931335,59,59,0.89306640625,59,0.0,0,0.0,0.0,0,0,0,0,353,625,wcap2,1.8182467222213745,203927.0,R,none,1
-4.800094415197586,2.5222708294146674,18.04268711884033,0.1130078125,-4.988114043795207,2.432720254960628,15.105892100212039,0.09045166015624999,3.127155366871956,2.7128609690641317,0.07811150295961478,-0.0453686480525545,0.03439599582236272,6.1270543414822445,-0.18448832218418829,0.3489619187713229,-4.831953355348754,3.751431842441927,1.3413700628033824,4.564130048651109,0.1130078125,0.3698441982269287,0.8863999843597412,57,57,0.8869922161102295,57,0.0,0,0.0,0.0,0,0,0,0,354,625,wcap2,1.667757272720337,204552.0,R,none,1
-4.760843534949695,2.5290579153330817,17.40981670987541,0.11390625,-4.922385686177107,2.423393612896568,15.08038643317884,0.09187744140625,3.0850898136211975,2.7145907133220306,0.07315607608465209,-0.044777906911793675,0.034536002756413595,6.12728736551031,-0.18436586902709678,0.34701705286564555,-4.771316672361464,3.758735756151266,1.3588428106968076,4.572372470162628,0.11390625,0.34705638885498047,0.9007999897003174,55,55,0.8860937356948853,55,0.0,0,0.0,0.0,0,0,0,0,355,625,wcap2,1.6217806339263916,205177.0,R,none,1
-4.818226031451552,2.5029806699875627,17.930684057103193,0.1164453125,-4.927519946128739,2.4236825598544653,15.125295127441113,0.09303955078125,3.084324005410455,2.716561663251228,0.07335148228101201,-0.04479877091071926,0.03449743140349496,6.1289188375585875,-0.1858329756767489,0.34717471412486395,-4.774921041407526,3.756726121358415,1.4968774527341058,4.5829329891034405,0.1164453125,0.36389657855033875,0.8955000042915344,57,57,0.8835546970367432,57,0.0,0,0.0,0.0,0,0,0,0,356,625,wcap2,1.5577317476272583,205802.0,R,none,1
-4.610199395305504,2.513567709002131,17.42187774477405,0.11765625,-4.849731463494418,2.419590503842937,15.722482055481779,0.09644531249999999,3.06027244378687,2.7177737591341566,0.07637200336588938,-0.04407777607031293,0.035060263482350466,6.130050906773208,-0.1863728256523609,0.3502345817991516,-4.7016037575756915,3.816166222304519,1.507066600851548,4.592166097566562,0.11765625,0.3730430006980896,0.892300009727478,50,50,0.8823437690734863,50,0.0,0,0.0,0.0,0,0,0,0,357,625,wcap2,1.773021936416626,206427.0,R,none,1
-4.812565886293268,2.4798509000516584,18.036868470684823,0.10732421875,-4.837893801362191,2.4127152967516716,15.40649223444013,0.09326171875,3.0328907124459614,2.718468435228809,0.06983595550473341,-0.043959586413399226,0.03480294702408172,6.130279917359954,-0.18686712994007393,0.35183366297174695,-4.689990972025684,3.7932239129679135,1.460249635007191,4.597579358584567,0.10732421875,0.36506885290145874,0.8985999822616577,57,57,0.8926757574081421,57,0.0,0,0.0,0.0,0,0,0,0,358,625,wcap2,1.752314567565918,207052.0,R,none,1
-4.862217576834497,2.537685834789475,17.853405633370638,0.11021484375,-4.829375618695249,2.4233781586565737,16.087268185936008,0.09407714843750001,3.0765360062787086,2.721986591568948,0.07423910200606702,-0.04393174558393622,0.035481429830726455,6.128699200405863,-0.1864633228024468,0.3543690023058289,-4.686735211237736,3.8687826701394594,1.4320949351177115,4.60736338235464,0.11021484375,0.4102593958377838,0.8952999711036682,60,60,0.8897851705551147,60,0.0,0,0.0,0.0,0,0,0,0,359,625,wcap2,1.6063348054885864,207677.0,R,none,1
-4.8947015957915285,2.5227119882394025,18.089463634997017,0.11248046875,-4.840739624841012,2.4242755133966503,16.067265991390013,0.09498779296875,3.094163537726317,2.7164946594941295,0.06645356763414582,-0.044122634624560134,0.03550203880351888,6.127846671265425,-0.18620538882911206,0.3525059978515738,-4.7060315328923465,3.866825513475956,1.4320944862892109,4.610649583243193,0.11248046875,0.33858755230903625,0.902899980545044,55,55,0.8875195384025574,55,0.0,0,0.0,0.0,0,0,0,0,360,625,wcap2,1.8140108585357666,208302.0,R,none,1
-4.85019911712123,2.4988946246989676,17.15426203674839,0.10337890625,-4.883609901757929,2.4301482510125467,16.148807461092574,0.09460205078125,3.133715421483787,2.7061483521465477,0.06575674826900238,-0.04457942673813888,0.03550877606255062,6.126413462817559,-0.1890698251046706,0.354306015802973,-4.755688753753935,3.8705066991343533,1.4265103577529175,4.621692668492186,0.10337890625,0.40606433153152466,0.8925999999046326,57,57,0.8966211080551147,57,0.0,0,0.0,0.0,0,0,0,0,361,625,wcap2,1.4959558248519897,208927.0,R,none,1
-4.464422808052933,2.541010353020534,18.194886043915577,0.1287109375,-4.757008901315223,2.4001227679811175,15.676222629621513,0.0957568359375,2.9969480071023633,2.7079275105878535,0.05571378369112173,-0.043459938038078336,0.03489510504327007,6.129787480782803,-0.18836607587523757,0.35444554371960624,-4.640307031697818,3.8075379937887894,1.3175465524353491,4.6315541990893525,0.1287109375,0.31496119499206543,0.90420001745224,51,51,0.871289074420929,51,0.0,0,0.0,0.0,0,0,0,0,362,625,wcap2,1.5567048788070679,209552.0,R,none,1
-4.781643073149692,2.570046874708929,18.787338585181498,0.1125390625,-4.779147160519056,2.401332739766689,15.568862845957602,0.0944482421875,3.0125558047912433,2.70325334164726,0.05058978063688773,-0.043728219691404585,0.03479159906284156,6.129332952903967,-0.1887871448509395,0.3542594848615542,-4.668210286200165,3.7980619728366247,1.2271614483508708,4.643219617702636,0.1125390625,0.36137914657592773,0.8889999985694885,54,54,0.8874609470367432,54,0.0,0,0.0,0.0,0,0,0,0,363,625,wcap2,1.4947668313980103,210177.0,R,none,1
-4.930794660400632,2.4849899715677948,18.141031779498213,0.11056640625,-4.820240154345436,2.4192002381476496,16.247370511562323,0.09770751953125,3.1001946208200493,2.703197220991519,0.04913795044207487,-0.04414138715382625,0.03556671196946642,6.128182912127412,-0.18943447054596618,0.3556659671999256,-4.711181582673902,3.8783008686103,1.2148242698966527,4.645852870504643,0.11056640625,0.3729802668094635,0.8859000205993652,60,60,0.8894336223602295,60,0.0,0,0.0,0.0,0,0,0,0,364,625,wcap2,1.6304277181625366,210802.0,R,none,1
-4.6082943361686235,2.5116993154484275,18.896630714966374,0.1238671875,-4.723882615340198,2.3997167060895768,15.946770198896797,0.0994140625,3.0015365721719562,2.7068856493751965,0.050218047938253914,-0.04323930295990935,0.03523568429129999,6.138152576355232,-0.18618713384028523,0.35552530123128107,-4.615526715037549,3.843263939635778,1.133428622628882,4.651065868691933,0.1238671875,0.339350163936615,0.9045000076293945,53,53,0.8761327862739563,53,0.0,0,0.0,0.0,0,0,0,0,365,625,wcap2,1.2678712606430054,211427.0,R,none,1
-4.757827888071148,2.49669750712598,18.733643487847633,0.12181640625,-4.837688552727418,2.421187410036444,16.278615417320445,0.09539794921875,3.110539663385361,2.7015818592770007,0.05002695185662093,-0.04424384814287575,0.035590138191067294,6.136645755449377,-0.18824224974494427,0.3568530757457887,-4.720485241391254,3.883110410587359,1.14850055106605,4.650417953679338,0.12181640625,0.37514644861221313,0.8942999839782715,57,57,0.8781836032867432,57,0.0,0,0.0,0.0,0,0,0,0,366,625,wcap2,1.5598560571670532,212052.0,R,none,1
-4.937331397927498,2.520209205836038,17.637973894991525,0.10435546875,-4.902788976990505,2.4273676053272983,16.021385843097775,0.09413818359375,3.144481577615594,2.7011991859299815,0.04643272784680571,-0.04481866494809969,0.035364462540439644,6.135419767237182,-0.191318332683295,0.35784887481434147,-4.782444300072215,3.8633492271087206,1.176017088446299,4.65528180427994,0.10435546875,0.32389989495277405,0.8877000212669373,55,55,0.8956445455551147,55,0.0,0,0.0,0.0,0,0,0,0,367,625,wcap2,1.5199018716812134,212677.0,R,none,1
-4.835829478343523,2.5681410219404253,18.447311625824266,0.1221875,-4.868209995717182,2.4238747442441264,16.05293778069679,0.09524658203125,3.1166729584486266,2.7045715236250656,0.05392429371083602,-0.044494961155772256,0.03536568714880026,6.137342122722784,-0.19053211907390505,0.35715792331225105,-4.748498578288771,3.86574372093366,1.1963519393437432,4.663965323224457,0.1221875,0.339111864566803,0.9047999978065491,53,53,0.8778125047683716,53,0.0,0,0.0,0.0,0,0,0,0,368,625,wcap2,1.6425646543502808,213302.0,R,none,1
-4.824236431017047,2.5474911576944286,18.400523165733354,0.11990234375,-4.878255284881717,2.431594583306306,16.432152827645126,0.09814941406250001,3.1649907596379423,2.703336078626829,0.044325379299794694,-0.044667535061186904,0.03585286163766069,6.136857844520602,-0.19253177874721586,0.3573545100760377,-4.768176331215425,3.911457773091081,1.1967485011469519,4.666829518640277,0.11990234375,0.36643898487091064,0.8991000056266785,60,60,0.8800976276397705,60,0.0,0,0.0,0.0,0,0,0,0,369,625,wcap2,1.4817235469818115,213927.0,R,none,1
-4.7997990561965125,2.542288684055466,17.406692288734835,0.1068359375,-4.866536060182199,2.426770731597355,16.15383398504663,0.1008642578125,3.1383597840689466,2.7024431564807543,0.04841324318785996,-0.04463785539304393,0.03550315993401742,6.136194134059545,-0.19198303545825182,0.35681772924019645,-4.764587267665417,3.8710038740864525,1.204643141406506,4.672413359360897,0.1068359375,0.3381606340408325,0.8988999724388123,58,58,0.8931640386581421,58,0.0,0,0.0,0.0,0,0,0,0,370,625,wcap2,1.6879112720489502,214552.0,R,none,1
-4.9154937322037116,2.5469999527908618,17.380726295319455,0.1155859375,-4.846101030404649,2.419358251709572,15.880041944554353,0.10237792968750001,3.091648809880269,2.705607544514631,0.05603799572029706,-0.04441140084999717,0.03510302725334122,6.13655311841271,-0.1901436714839656,0.3572424096849616,-4.739550395817589,3.8306214534538414,1.204643287404597,4.681492186923963,0.1155859375,0.27642279863357544,0.90829998254776,60,60,0.8844140768051147,60,0.0,0,0.0,0.0,0,0,0,0,371,625,wcap2,1.655979871749878,215177.0,R,none,1
-4.82298137667256,2.542917167621848,16.313877404365012,0.10849609375,-4.897104955046055,2.4274214631361235,16.13673288552893,0.1014990234375,3.1476573956017,2.699074590259931,0.0456429738322841,-0.04476594511601398,0.03547759765717512,6.133953569627872,-0.1935724895313615,0.3588088004513135,-4.779297952680242,3.869871296613417,1.1505649834006437,4.694065706822358,0.10849609375,0.3652910590171814,0.8956999778747559,57,57,0.8915039300918579,57,0.0,0,0.0,0.0,0,0,0,0,372,625,wcap2,1.4493398666381836,215802.0,R,none,1
-4.919729747437295,2.5886411736195862,18.31123192110792,0.12095703125,-4.957936239319078,2.4444575997189295,16.43080451042075,0.0996240234375,3.21733811386771,2.7048364153422866,0.05319842761363123,-0.0453868495879708,0.03570588192807433,6.133130409788471,-0.19745378182036802,0.3604859668704897,-4.8467833404453184,3.8977189889809245,1.1476125206107906,4.698521493832357,0.12095703125,0.31610795855522156,0.8996000289916992,59,59,0.8790429830551147,59,0.0,0,0.0,0.0,0,0,0,0,373,625,wcap2,1.3552652597427368,216427.0,R,none,1
-4.964175420406468,2.5709745691054824,17.63609598006,0.107578125,-5.0030093678170395,2.4588069249921203,16.9344843957322,0.0988232421875,3.295500528772705,2.698861203871991,0.05136976174450995,-0.045796488871076485,0.03631219663968127,6.132439518196807,-0.19920189105905592,0.3619802523029535,-4.890494001493769,3.962594209390097,1.1474267083547227,4.703369723314532,0.107578125,0.37712472677230835,0.9050999879837036,60,60,0.8924219012260437,60,0.0,0,0.0,0.0,0,0,0,0,374,625,wcap2,1.7342264652252197,217052.0,R,none,1
-4.888027218959223,2.55346561646066,18.085470597827282,0.12076171875,-5.019355735357467,2.4578954532069424,16.623808859766722,0.0952880859375,3.279210661172923,2.709104651125218,0.052934746597218814,-0.045804453789130485,0.03606883766584017,6.132134911134788,-0.20104493240825833,0.3630650136731811,-4.893152951619999,3.9351278673286942,1.1474267083547227,4.711857854184543,0.12076171875,0.35143914818763733,0.9059000015258789,60,60,0.8792383074760437,60,0.0,0,0.0,0.0,0,0,0,0,375,625,wcap2,1.7137773036956787,217677.0,R,none,1
-4.983797104499221,2.6068775969319082,19.285787933802318,0.114921875,-4.912503039673814,2.4466215800831694,17.026194123812253,0.1027880859375,3.2284970575701606,2.7085832814921105,0.04887681706639193,-0.04489698142976678,0.03647881286687573,6.132642338131174,-0.1992064362205565,0.3639500187832136,-4.798354972623361,3.9769018155180054,1.150909640109142,4.720592513938492,0.114921875,0.3379746973514557,0.8996000289916992,63,63,0.8850781321525574,63,0.0,0,0.0,0.0,0,0,0,0,376,625,wcap2,1.7668205499649048,218302.0,R,none,1
-4.870636178107333,2.5546136419383116,18.09510336720497,0.11244140625,-4.8988584804781325,2.4424789676862013,16.963368687891332,0.102890625,3.2052319820337862,2.7037834331791077,0.05668809237655485,-0.044714275359157354,0.036372534934075336,6.1339152486653825,-0.20032329111127184,0.3634967506167258,-4.780755817428862,3.9670065764669187,1.150909640109142,4.7245928791961465,0.11244140625,0.4575496017932892,0.8826000094413757,53,53,0.8875585794448853,53,0.0,0,0.0,0.0,0,0,0,0,377,625,wcap2,1.6997342109680176,218927.0,R,none,1
-4.8365326408162295,2.6329610477790943,19.379244145749823,0.12236328125,-4.938691726531382,2.4540281038351752,17.285890394895752,0.09895751953125001,3.2652962610819736,2.706981308547197,0.0499763647836941,-0.04508320623507199,0.03677078762467065,6.130819084823274,-0.20161468447651715,0.3655383236998479,-4.81983968244726,4.010830132998383,1.1654701520497,4.732731521345717,0.12236328125,0.35229361057281494,0.9016000032424927,55,55,0.877636730670929,55,0.0,0,0.0,0.0,0,0,0,0,378,625,wcap2,1.5631178617477417,219552.0,R,none,1
-4.886360497877722,2.535227195778243,18.874030997225393,0.12388671875,-4.952191169915809,2.4587551855347516,17.45942132864627,0.10576171875000001,3.285886902114527,2.7058194002421305,0.053770760037372654,-0.04516333337852229,0.03696217658075973,6.130356587484296,-0.2033349865395576,0.3662871781310505,-4.829768033755259,4.032539672974209,1.1681289149741545,4.741099107714287,0.12388671875,0.34097418189048767,0.9014000296592712,58,58,0.8761132955551147,58,0.0,0,0.0,0.0,0,0,0,0,379,625,wcap2,1.8623509407043457,220177.0,R,none,1
-4.750979056333242,2.564456577588836,18.24538172412835,0.1266015625,-4.946217790690703,2.4542685927651116,17.174342986435043,0.10549804687500001,3.2705601217812994,2.706951165462747,0.045923038189191884,-0.04515745226102997,0.03675387021715567,6.131440784575433,-0.2025424150242179,0.3660620099473195,-4.828373013432765,4.00863116819381,1.158632591949818,4.749780478500088,0.1266015625,0.3014163672924042,0.9004999995231628,55,55,0.8733984231948853,55,0.0,0,0.0,0.0,0,0,0,0,380,625,wcap2,1.4801803827285767,220802.0,R,none,1
-4.857578621334962,2.605839883567289,18.904054171091133,0.12146484375,-4.910301551750281,2.4487377846296017,17.20453777229311,0.1063916015625,3.2455491087954664,2.7069276405114873,0.04383998856573298,-0.04485142465405253,0.03677590848173118,6.132345246959428,-0.20305090920999647,0.3679682532693949,-4.797532709193623,4.015443302048057,1.158632591949818,4.7551277847566515,0.12146484375,0.3337058126926422,0.9017000198364258,61,61,0.8785351514816284,61,0.0,0,0.0,0.0,0,0,0,0,381,625,wcap2,1.8751882314682007,221427.0,R,none,1
-4.883005154555348,2.6254145827265534,19.724604673467162,0.117578125,-4.857411851151905,2.438836170191423,17.070748617213393,0.10641845703125,3.1798866962446595,2.712843966101941,0.05519120268736616,-0.044372380861749085,0.036430046910566914,6.133556039044672,-0.20378172936150804,0.3692425952319154,-4.749191331480525,3.98476647334471,1.1558249544323722,4.76219161345685,0.117578125,0.32601743936538696,0.8968999981880188,58,58,0.8824218511581421,58,0.0,0,0.0,0.0,0,0,0,0,382,625,wcap2,1.4264154434204102,222052.0,R,none,1
-4.661591175384359,2.521607895681919,18.103383919070307,0.1242578125,-4.859415659276613,2.441314906792741,17.1712059704782,0.110576171875,3.1967233868272205,2.7151829295092282,0.048112157791999184,-0.04440156486532566,0.03663344535918349,6.135581083832358,-0.20374034936074167,0.36804108009243924,-4.75213949694721,4.005325257976234,1.142060598778758,4.7702315668442274,0.1242578125,0.3077101409435272,0.9025999903678894,57,57,0.8757421970367432,57,0.0,0,0.0,0.0,0,0,0,0,383,625,wcap2,1.7774900197982788,222677.0,R,none,1
-4.731961632315447,2.4843717616666368,19.621725351233486,0.12728515625,-4.889589131517543,2.447596003574171,17.24978409194422,0.10834716796875,3.230072777865513,2.7135313024133882,0.047122116433350285,-0.04467622853083071,0.03677105681828944,6.133769167350445,-0.20732562797376886,0.36818788592866875,-4.783860720449686,4.020468750832733,1.127409526251392,4.776629522610738,0.12728515625,0.3501485288143158,0.8948000073432922,57,57,0.8727148175239563,57,0.0,0,0.0,0.0,0,0,0,0,384,625,wcap2,1.4467973709106445,223302.0,R,none,1
-5.037682013956921,2.5937597916013018,19.609193842353676,0.1161328125,-4.908172519480669,2.4527017154615836,17.33906115827144,0.10879638671875,3.249370520124202,2.712166307026824,0.054208877877168465,-0.04479810282668319,0.036894562458945124,6.133782363299113,-0.209048162503168,0.3692011918635814,-4.798067791167156,4.033817450003344,1.1355389719138378,4.781969468935923,0.1161328125,0.3501730263233185,0.8999000191688538,56,56,0.8838672041893005,56,0.0,0,0.0,0.0,0,0,0,0,385,625,wcap2,1.8542908430099487,223927.0,R,none,1
-4.77510482292867,2.5744105314785335,19.160235029519978,0.12443359375,-4.917899612213396,2.4572010128841417,17.447734082640984,0.10960205078124999,3.2618481075345303,2.712202996339165,0.06378571384515584,-0.04488556944559085,0.03696346626949894,6.132900755299402,-0.21088086235336959,0.3703001111852335,-4.808860380068308,4.0423544489592125,1.124702353975855,4.788866662310786,0.12443359375,0.3164111375808716,0.8980000019073486,56,56,0.8755664229393005,56,0.0,0,0.0,0.0,0,0,0,0,386,625,wcap2,1.836205005645752,224552.0,R,none,1
-4.6742057821812635,2.563289056165586,21.0565358724193,0.14181640625,-4.846968050783255,2.452274280092461,17.965356299919105,0.11054443359374999,3.236538595778322,2.7132124901639427,0.06389805886073024,-0.044198350584443095,0.0374337261370226,6.135263299435066,-0.2099572831322439,0.3740025594537976,-4.737539604448126,4.10029523413346,1.2370369628098832,4.797460155767513,0.14181640625,0.3797251284122467,0.9050999879837036,57,57,0.8581836223602295,57,0.0,0,0.0,0.0,0,0,0,0,387,625,wcap2,1.7278804779052734,225177.0,R,none,1
-4.904912501167491,2.5429646989793606,19.041169252429782,0.11357421875,-4.8439684695195,2.4465922337165624,17.579298446089624,0.10948242187500001,3.2082816867609,2.7142454509135607,0.06328642040773552,-0.044196909180563446,0.03704216591865414,6.138403359773308,-0.20923333862097934,0.3736653586734426,-4.736668005677435,4.056124389798227,1.2372716827580819,4.806907929756844,0.11357421875,0.3737122416496277,0.895799994468689,56,56,0.886425793170929,56,0.0,0,0.0,0.0,0,0,0,0,388,625,wcap2,1.6264029741287231,225802.0,R,none,1
-4.986985859100374,2.566371257544861,18.337360484356836,0.1136328125,-4.879508575035074,2.448035439551289,17.215742421040275,0.108232421875,3.2166938402384218,2.7149740167316487,0.0612096563290018,-0.04457127307281955,0.03670980694276077,6.138675285601587,-0.2112388465832919,0.37189922323802743,-4.777022531598674,4.018534268518307,1.210019780174747,4.819107506112299,0.1136328125,0.33966362476348877,0.896399974822998,59,59,0.8863672018051147,59,0.0,0,0.0,0.0,0,0,0,0,389,625,wcap2,1.605470895767212,226427.0,R,none,1
-4.9996723492040225,2.580698735212362,20.027652485470263,0.12248046875,-4.924130520518701,2.4536800982898352,17.07750256922617,0.10454345703125,3.24749651284324,2.715892363578238,0.057157148322135976,-0.04499449875209567,0.03662828644848904,6.139017202361593,-0.21281066498719156,0.3716383170309551,-4.821948662506986,4.010551685905514,1.1385118630208257,4.824748335546051,0.12248046875,0.33168506622314453,0.9010000228881836,60,60,0.8775195479393005,60,0.0,0,0.0,0.0,0,0,0,0,390,625,wcap2,1.7314906120300293,227052.0,R,none,1
-5.167812235576322,2.597883695389175,19.02237703370128,0.1052734375,-5.011921026209406,2.467102386382746,16.98432442413765,0.1028271484375,3.3077421156692832,2.717786210780314,0.06106585844584016,-0.045817159901528196,0.036460535942755265,6.137526277919214,-0.21520051722647623,0.37229702462094405,-4.908610122789378,3.9935350993972185,1.1345475623293622,4.8391879676645,0.1052734375,0.34230631589889526,0.8974000215530396,64,64,0.894726574420929,64,0.0,0,0.0,0.0,0,0,0,0,391,625,wcap2,1.5125160217285156,227677.0,R,none,1
-4.85873702151196,2.533900395098803,18.826582762433443,0.1264453125,-5.042152198889891,2.4760126301139582,17.271667682027775,0.10263916015624998,3.351649274361374,2.7107297118603655,0.06825955826209917,-0.04603946126175153,0.03680301665047854,6.134734055090796,-0.2172512870124774,0.3747216155358093,-4.933432957488271,4.030885018489066,1.1345459345634286,4.853619561456277,0.1264453125,0.3376251459121704,0.8999000191688538,63,63,0.8735547065734863,63,0.0,0,0.0,0.0,0,0,0,0,392,625,wcap2,1.618178367614746,228302.0,R,none,1
-4.9798817070817405,2.561840198652568,19.611243145446082,0.123046875,-5.026685770298297,2.4769151493540518,17.536930332513116,0.10436523437499999,3.3527734810423016,2.7130285991320386,0.06930657692526224,-0.04581001423811966,0.037103933758061154,6.13751151398187,-0.2183611995476531,0.37693464994530745,-4.911038818986758,4.060281198792678,1.0932030352097097,4.857368633361895,0.123046875,0.3346233069896698,0.8931000232696533,60,60,0.876953125,60,0.0,0,0.0,0.0,0,0,0,0,393,625,wcap2,1.648948311805725,228927.0,R,none,1
-4.844954273515635,2.5269189457234456,18.743871453702116,0.120390625,-5.001309505956715,2.471156156282286,17.387216364833378,0.1057373046875,3.328959840168767,2.710450937383174,0.067201971179899,-0.045654574188724116,0.036962623598798525,6.138493597442548,-0.21895427849143745,0.3790185507401109,-4.895708959396374,4.050217007507199,1.088569573245917,4.861311687668572,0.120390625,0.3198693096637726,0.8999999761581421,60,60,0.8796093463897705,60,0.0,0,0.0,0.0,0,0,0,0,394,625,wcap2,1.4369820356369019,229552.0,R,none,1
-5.009522120676115,2.573463102098325,19.507632093439156,0.1175390625,-5.034616757888569,2.4818524110281976,17.890693879046104,0.10797851562500001,3.3912039739605633,2.7058176891152015,0.0625697270507122,-0.04598859555800233,0.03741848267239947,6.136923287846328,-0.22065216177143157,0.3813390456587542,-4.93162326085687,4.09949156222459,1.0871755564341914,4.868301947916486,0.1175390625,0.3231607675552368,0.9028000235557556,64,64,0.8824609518051147,64,0.0,0,0.0,0.0,0,0,0,0,395,625,wcap2,1.7374097108840942,230177.0,R,none,1
-4.734787882355605,2.5192947709403968,18.26561495619615,0.12435546875,-5.018141515159615,2.4769285644867964,17.812248966488667,0.10593749999999999,3.364145214046788,2.7094344367312457,0.0615954627925886,-0.04579479777514335,0.03728113429764058,6.138841295279824,-0.2199992125085555,0.38189956599490427,-4.911118090776247,4.085548842405084,1.0592096318888666,4.87643232618973,0.12435546875,0.3019152879714966,0.9007999897003174,55,55,0.8756445050239563,55,0.0,0,0.0,0.0,0,0,0,0,396,625,wcap2,1.4787061214447021,230802.0,R,none,1
-4.822446721732622,2.5946727444553876,19.854837037141888,0.1260546875,-4.9994862939880615,2.475608074297097,17.93768314121907,0.10884033203124999,3.3560893522908044,2.7111337627563667,0.06141222247781022,-0.04558917247382292,0.03742089879874501,6.1383365437647095,-0.22208845522254705,0.38511474833181175,-4.892143527561669,4.099613376658309,1.0812071474530889,4.881320641132286,0.1260546875,0.3310801088809967,0.8949000239372253,53,53,0.8739452958106995,53,0.0,0,0.0,0.0,0,0,0,0,397,625,wcap2,1.9225314855575562,231427.0,R,none,1
-5.124920717070787,2.5477378424349633,19.269118434454143,0.1117578125,-5.02739613901181,2.473780973029839,17.58988601937443,0.10932128906250001,3.343407764273913,2.7118136324523086,0.06437090579823494,-0.04584159951352882,0.03693371342410635,6.140461648164572,-0.224172953175148,0.3841723403401895,-4.920086099113895,4.048034922040713,1.0855913785821736,4.890709338705692,0.1117578125,0.3802277445793152,0.892300009727478,56,56,0.8882421851158142,56,0.0,0,0.0,0.0,0,0,0,0,398,625,wcap2,1.700556993484497,232052.0,R,none,1
-4.935841725190027,2.5791355698296172,20.305820944955087,0.12466796875,-5.004340059701698,2.4739232136888276,17.827254529897992,0.11156982421874999,3.348814827612015,2.70646809111615,0.06501314850029141,-0.04563075690329967,0.037269156893800885,6.1395228296229085,-0.224253873960115,0.38553870935097184,-4.898568764261929,4.077330522003329,1.0755462236890443,4.891261743498535,0.12466796875,0.3321725130081177,0.899399995803833,57,57,0.8753320574760437,57,0.0,0,0.0,0.0,0,0,0,0,399,625,wcap2,1.3081508874893188,232677.0,R,none,1
-4.969365308753125,2.5692554219182653,19.430767272623896,0.12625,-4.987449571530686,2.4678325631452607,17.596222830928994,0.10956298828125,3.314438322009993,2.708016928302712,0.06774230940740136,-0.045490903191111626,0.03696080878826014,6.139974885817386,-0.22335705416626297,0.3877516631925612,-4.883345636212224,4.049550053246469,1.0937417437072496,4.8966865715019985,0.12625,0.344755083322525,0.9003999829292297,62,62,0.8737499713897705,62,0.0,0,0.0,0.0,0,0,0,0,400,625,wcap2,1.6398414373397827,233302.0,R,none,1
